benchmark,model,seed,step,fidelity_chosen,candidate_idx,cost,score_max,alpha,consecutive_lf_count,n_hf_so_far,n_lf_so_far,remaining_budget
Park-Fav,Progressive,42,1,0,52,0.1,7.713864006990392,0.5,1,2,26,45.4
Park-Fav,Progressive,42,2,0,32,0.1,8.678149736724674,0.5,2,2,27,45.3
Park-Fav,Progressive,42,3,0,16,0.1,8.600629005312737,0.5,3,2,28,45.199999999999996
Park-Fav,Progressive,42,4,0,36,0.1,8.86569806574214,0.5,4,2,29,45.1
Park-Fav,Progressive,42,5,0,20,0.1,8.591078913435446,0.5,5,2,30,45.0
Park-Fav,Progressive,42,6,0,48,0.1,9.221564019030485,0.5,6,2,31,44.9
Park-Fav,Progressive,42,7,0,40,0.1,8.426959681896085,0.5,7,2,32,44.800000000000004
Park-Fav,Progressive,42,8,0,0,0.1,8.954288121684332,0.5,8,2,33,44.7
Park-Fav,Progressive,42,9,0,4,0.1,8.88897168294877,0.5,9,2,34,44.6
Park-Fav,Progressive,42,10,0,24,0.1,8.551064448099506,0.5,10,2,35,44.5
Park-Fav,Progressive,42,11,1,32,1.0,8.786167350468647,0.5,0,3,35,43.5
Park-Fav,Progressive,42,12,0,56,0.1,8.822394915010529,0.5,1,3,36,43.4
Park-Fav,Progressive,42,13,0,8,0.1,7.651331951968616,0.5,2,3,37,43.300000000000004
Park-Fav,Progressive,42,14,0,100,0.1,7.304827025484711,0.5,3,3,38,43.2
Park-Fav,Progressive,42,15,0,28,0.1,7.646827620202437,0.5,4,3,39,43.1
Park-Fav,Progressive,42,16,0,12,0.1,7.523990306958299,0.5,5,3,40,43.00000000000001
Park-Fav,Progressive,42,17,0,60,0.1,7.085744917509969,0.5,6,3,41,42.900000000000006
Park-Fav,Progressive,42,18,0,96,0.1,6.983076533969437,0.5,7,3,42,42.800000000000004
Park-Fav,Progressive,42,19,0,64,0.1,6.646132628302937,0.5,8,3,43,42.7
Park-Fav,Progressive,42,20,0,112,0.1,6.857925121012142,0.5,9,3,44,42.6
Park-Fav,Progressive,42,21,0,84,0.1,6.649970150763312,0.5,10,3,45,42.50000000000001
Park-Fav,Progressive,42,22,0,116,0.1,6.209878265222485,0.5,11,3,46,42.400000000000006
Park-Fav,Progressive,42,23,0,68,0.1,6.118425218917512,0.5,12,3,47,42.300000000000004
Park-Fav,Progressive,42,24,0,104,0.1,5.460167497986208,0.5,13,3,48,42.20000000000001
Park-Fav,Progressive,42,25,0,72,0.1,5.24926297353878,0.5,14,3,49,42.10000000000001
Park-Fav,Progressive,42,26,0,120,0.1,4.942504376234391,0.5,15,3,50,42.00000000000001
Park-Fav,Progressive,42,27,0,144,0.1,4.62652699072643,0.5,16,3,51,41.900000000000006
Park-Fav,Progressive,42,28,0,92,0.1,4.826329199714558,0.5,17,3,52,41.800000000000004
Park-Fav,Progressive,42,29,0,76,0.1,4.794031311729218,0.5,18,3,53,41.70000000000001
Park-Fav,Progressive,42,30,0,176,0.1,4.7270690206163355,0.5,19,3,54,41.60000000000001
Park-Fav,Progressive,42,31,0,124,0.1,4.497035180279083,0.5,20,3,55,41.50000000000001
Park-Fav,Progressive,42,32,1,240,1.0,3.0146568894607846,0.5,0,4,55,40.500000000000014
Park-Fav,Progressive,42,33,0,108,0.1,4.508476711887571,0.5,1,4,56,40.40000000000001
Park-Fav,Progressive,42,34,0,160,0.1,3.8676507312656936,0.5,2,4,57,40.30000000000001
Park-Fav,Progressive,42,35,0,128,0.1,3.9244858944999876,0.5,3,4,58,40.20000000000001
Park-Fav,Progressive,42,36,0,49,0.1,3.349242281089396,0.5,4,4,59,40.10000000000001
Park-Fav,Progressive,42,37,0,1,0.1,3.2769671953748594,0.5,5,4,60,40.00000000000001
Park-Fav,Progressive,42,38,0,148,0.1,3.1204277903530984,0.5,6,4,61,39.90000000000001
Park-Fav,Progressive,42,39,0,33,0.1,3.222184738017715,0.5,7,4,62,39.80000000000001
Park-Fav,Progressive,42,40,0,180,0.1,3.1477711273398277,0.5,8,4,63,39.70000000000001
Park-Fav,Progressive,42,41,0,17,0.1,3.2536556742805756,0.5,9,4,64,39.600000000000016
Park-Fav,Progressive,42,42,0,164,0.1,3.084875605794786,0.5,10,4,65,39.500000000000014
Park-Fav,Progressive,42,43,0,5,0.1,2.6002892398301314,0.5,11,4,66,39.40000000000001
Park-Fav,Progressive,42,44,0,140,0.1,2.8029581684877725,0.5,12,4,67,39.30000000000001
Park-Fav,Progressive,42,45,0,136,0.1,2.5421422246202274,0.5,13,4,68,39.20000000000001
Park-Fav,Progressive,42,46,0,168,0.1,2.347105931636895,0.5,14,4,69,39.100000000000016
Park-Fav,Progressive,42,47,0,53,0.1,2.238749474384231,0.5,15,4,70,39.000000000000014
Park-Fav,Progressive,42,48,0,9,0.1,2.283550593289941,0.5,16,4,71,38.90000000000001
Park-Fav,Progressive,42,49,0,184,0.1,2.40822660036607,0.5,17,4,72,38.80000000000002
Park-Fav,Progressive,42,50,0,152,0.1,2.2622554437384825,0.5,18,4,73,38.70000000000002
Park-Fav,Progressive,42,51,0,37,0.1,2.3012945791429966,0.5,19,4,74,38.600000000000016
Park-Fav,Progressive,42,52,0,192,0.1,2.2543453139835106,0.5,20,4,75,38.500000000000014
Park-Fav,Progressive,42,53,1,0,1.0,2.046199880986754,0.5,0,5,75,37.500000000000014
Park-Fav,Progressive,42,54,0,208,0.1,1.986157954782875,0.5,1,5,76,37.40000000000001
Park-Fav,Progressive,42,55,0,224,0.1,2.1848982111518755,0.5,2,5,77,37.30000000000002
Park-Fav,Progressive,42,56,0,13,0.1,1.7208173631703394,0.5,3,5,78,37.20000000000002
Park-Fav,Progressive,42,57,1,48,1.0,1.8044732013647677,0.5,0,6,78,36.20000000000002
Park-Fav,Progressive,42,58,0,61,0.1,3.5095722197680757,1.0,1,6,79,36.100000000000016
Park-Fav,Progressive,42,59,0,172,0.1,3.1936657776799535,1.0,2,6,80,36.00000000000002
Park-Fav,Progressive,42,60,0,57,0.1,3.216060853914152,1.0,3,6,81,35.90000000000002
Park-Fav,Progressive,42,61,0,156,0.1,2.931845616968739,1.0,4,6,82,35.80000000000002
Park-Fav,Progressive,42,62,0,25,0.1,2.8591340643967365,1.0,5,6,83,35.70000000000002
Park-Fav,Progressive,42,63,0,113,0.1,2.7788935551803737,1.0,6,6,84,35.600000000000016
Park-Fav,Progressive,42,64,0,41,0.1,2.8093537067359176,1.0,7,6,85,35.50000000000002
Park-Fav,Progressive,42,65,0,244,0.1,2.67481215717268,1.0,8,6,86,35.40000000000002
Park-Fav,Progressive,42,66,0,29,0.1,2.5786960659168723,1.0,9,6,87,35.30000000000002
Park-Fav,Progressive,42,67,0,65,0.1,2.4570352213308855,1.0,10,6,88,35.200000000000024
Park-Fav,Progressive,42,68,0,196,0.1,2.5570377592113434,1.0,11,6,89,35.10000000000002
Park-Fav,Progressive,42,69,0,228,0.1,2.370603148916536,1.0,12,6,90,35.00000000000002
Park-Fav,Progressive,42,70,0,81,0.1,1.9982388307100745,1.0,13,6,91,34.90000000000002
Park-Fav,Progressive,42,71,0,212,0.1,1.954679111744666,1.0,14,6,92,34.80000000000002
Park-Fav,Progressive,42,72,0,45,0.1,1.6828971534989294,1.0,15,6,93,34.700000000000024
Park-Fav,Progressive,42,73,0,248,0.1,1.6800656679284454,1.0,16,6,94,34.60000000000002
Park-Fav,Progressive,42,74,0,200,0.1,1.4641172334403207,1.0,17,6,95,34.50000000000002
Park-Fav,Progressive,42,75,0,69,0.1,1.4855718515226528,1.0,18,6,96,34.40000000000003
Park-Fav,Progressive,42,76,1,16,1.0,1.4075746110736542,1.0,0,7,96,33.40000000000003
Park-Fav,Progressive,42,77,0,252,0.1,1.3642575150444103,1.0,1,7,97,33.300000000000026
Park-Fav,Progressive,42,78,0,204,0.1,1.3872729745014756,1.0,2,7,98,33.200000000000024
Park-Fav,Progressive,42,79,0,216,0.1,1.2407558069519564,1.0,3,7,99,33.10000000000002
Park-Fav,Progressive,42,80,0,232,0.1,1.2668754507463165,1.0,4,7,100,33.00000000000002
Park-Fav,Progressive,42,81,0,236,0.1,1.246859036940734,1.0,5,7,101,32.90000000000002
Park-Fav,Progressive,42,82,1,80,1.0,1.1856167605340433,1.0,0,8,101,31.90000000000002
Park-Fav,Progressive,42,83,0,117,0.1,1.238652377110856,1.0,1,8,102,31.80000000000002
Park-Fav,Progressive,42,84,0,50,0.1,1.0977086272523577,1.0,2,8,103,31.700000000000017
Park-Fav,Progressive,42,85,1,112,1.0,1.0916596902601499,1.0,0,9,103,30.700000000000017
Park-Fav,Progressive,42,86,1,36,1.0,0.9645868132661274,1.0,0,10,103,29.700000000000017
Park-Fav,Progressive,42,87,1,52,1.0,1.091281986944534,0.9999999999999999,0,11,103,28.700000000000017
Park-Fav,Progressive,42,88,1,96,1.0,0.9997417393645189,0.9999999999999996,0,12,103,27.700000000000017
Park-Fav,Progressive,42,89,0,85,0.1,1.0013267952211795,0.9999999999999999,1,12,104,27.600000000000016
Park-Fav,Progressive,42,90,0,34,0.1,0.9712537195669089,0.9999999999999999,2,12,105,27.500000000000014
Park-Fav,Progressive,42,91,0,129,0.1,0.9292794202725838,0.9999999999999999,3,12,106,27.400000000000013
Park-Fav,Progressive,42,92,1,20,1.0,0.9824125975105042,0.9999999999999999,0,13,106,26.400000000000013
Park-Fav,Progressive,42,93,0,101,0.1,0.9563387497862234,0.9999999999999999,1,13,107,26.30000000000001
Park-Fav,Progressive,42,94,0,2,0.1,0.9246367179949275,0.9999999999999999,2,13,108,26.20000000000001
Park-Fav,Progressive,42,95,1,64,1.0,0.890567609975786,0.9999999999999999,0,14,108,25.20000000000001
Park-Fav,Progressive,42,96,0,220,0.1,0.935116790297825,0.9999999999999999,1,14,109,25.10000000000001
Park-Fav,Progressive,42,97,1,4,1.0,0.8623883487402678,0.9999999999999999,0,15,109,24.10000000000001
Park-Fav,Progressive,42,98,0,177,0.1,0.7855276192738573,0.9999999999999998,1,15,110,24.000000000000007
Park-Fav,Progressive,42,99,1,40,1.0,0.8348996596636183,0.9999999999999998,0,16,110,23.000000000000007
Park-Fav,Progressive,42,100,1,56,1.0,0.8780804993820452,0.9999999999999994,0,17,110,22.000000000000007
Park-Fav,Progressive,42,101,1,24,1.0,0.9057355530349055,0.9999999999999991,0,18,110,21.000000000000007
Park-Fav,Progressive,42,102,1,60,1.0,0.8137963332055422,0.9999999999999991,0,19,110,20.000000000000007
Park-Fav,Progressive,42,103,1,8,1.0,0.7703566991044476,0.9999999999999984,0,20,110,19.000000000000007
Park-Fav,Progressive,42,104,0,145,0.1,0.8515005262751754,0.9999999999999984,1,20,111,18.900000000000006
Park-Fav,Progressive,42,105,1,44,1.0,0.9827337016154618,0.9999999999999984,0,21,111,17.900000000000006
Park-Fav,Progressive,42,106,0,18,0.1,0.8386756149393846,0.9999999999999979,1,21,112,17.800000000000004
Park-Fav,Progressive,42,107,1,100,1.0,0.7953032051583375,0.9999999999999979,0,22,112,16.800000000000004
Park-Fav,Progressive,42,108,0,161,0.1,0.7112249960413016,0.9976000443703601,1,22,113,16.700000000000003
Park-Fav,Progressive,42,109,1,116,1.0,0.7540620191646923,0.9976000443703601,0,23,113,15.700000000000003
Park-Fav,Progressive,42,110,1,28,1.0,0.824008368262501,0.9970116833461767,0,24,113,14.700000000000003
Park-Fav,Progressive,42,111,1,84,1.0,0.7145212704934887,0.9970686728914115,0,25,113,13.700000000000003
Park-Fav,Progressive,42,112,1,12,1.0,0.8523554011432102,0.9969581439306346,0,26,113,12.700000000000003
Park-Fav,Progressive,42,113,1,120,1.0,0.6594375124504519,0.9970156336934279,0,27,113,11.700000000000003
Park-Fav,Progressive,42,114,0,121,0.1,0.549420096251475,0.9937699089569387,1,27,114,11.600000000000003
Park-Fav,Progressive,42,115,0,73,0.1,0.6139231864294561,0.9937699089569387,2,27,115,11.500000000000002
Park-Fav,Progressive,42,116,1,68,1.0,0.6212381339339548,0.9937699089569387,0,28,115,10.5
Park-Fav,Progressive,42,117,1,104,1.0,0.5526728022428385,0.9942973737799747,0,29,115,9.5
Park-Fav,Progressive,42,118,1,88,1.0,0.5043942588104917,0.9932338730513691,0,30,115,8.5
Park-Fav,Progressive,42,119,0,77,0.1,0.4705495434549896,0.9928372448635309,1,30,116,8.4
Park-Fav,Progressive,42,120,1,72,1.0,0.4700573997065555,0.9928372448635309,0,31,116,7.399999999999999
Park-Fav,Progressive,42,121,1,92,1.0,0.3843605195200417,0.9927330230153593,0,32,116,6.399999999999999
Park-Fav,Progressive,42,122,0,241,0.1,0.3848423785779354,0.9905678543181629,1,32,117,6.299999999999999
Park-Fav,Progressive,42,123,1,124,1.0,0.43626840087551305,0.9905678543181629,0,33,117,5.299999999999997
Park-Fav,Progressive,42,124,0,193,0.1,0.39445666267042945,0.9895771229919592,1,33,118,5.1999999999999975
Park-Fav,Progressive,42,125,1,176,1.0,0.427830213840102,0.9895771229919592,0,34,118,4.199999999999996
Park-Fav,Progressive,42,126,1,108,1.0,0.3961198442137137,0.9861630804066249,0,35,118,3.1999999999999957
Park-Fav,Progressive,42,127,1,160,1.0,0.39352546384856424,0.9853346587472569,0,36,118,2.1999999999999957
Park-Fav,Progressive,42,128,1,144,1.0,0.3415652142102077,0.9829263173385143,0,37,118,1.1999999999999957
Park-Fav,Progressive,42,129,1,128,1.0,0.3338927933373893,0.9813685898923187,0,38,118,0.19999999999999574
Park-Fav,Progressive,42,130,0,54,0.1,0.30467975232161426,0.9803490052404702,1,38,119,0.09999999999999573
Park-Fav,Progressive,43,1,0,0,0.1,9.075488789455205,0.5,1,2,26,45.4
Park-Fav,Progressive,43,2,0,36,0.1,9.199016100507691,0.5,2,2,27,45.3
Park-Fav,Progressive,43,3,0,16,0.1,8.403846156987521,0.5,3,2,28,45.199999999999996
Park-Fav,Progressive,43,4,0,32,0.1,8.590432802319715,0.5,4,2,29,45.1
Park-Fav,Progressive,43,5,0,20,0.1,8.885681399143973,0.5,5,2,30,45.0
Park-Fav,Progressive,43,6,0,48,0.1,8.620918671658666,0.5,6,2,31,44.9
Park-Fav,Progressive,43,7,0,52,0.1,8.616794200267126,0.5,7,2,32,44.800000000000004
Park-Fav,Progressive,43,8,0,4,0.1,8.099276882857817,0.5,8,2,33,44.7
Park-Fav,Progressive,43,9,0,40,0.1,7.905024108815404,0.5,9,2,34,44.6
Park-Fav,Progressive,43,10,0,24,0.1,8.464815754192582,0.5,10,2,35,44.5
Park-Fav,Progressive,43,11,0,8,0.1,7.711402771660481,0.5,11,2,36,44.4
Park-Fav,Progressive,43,12,0,56,0.1,8.051354289452279,0.5,12,2,37,44.300000000000004
Park-Fav,Progressive,43,13,0,80,0.1,7.494529766481309,0.5,13,2,38,44.2
Park-Fav,Progressive,43,14,0,112,0.1,7.811602715143208,0.5,14,2,39,44.1
Park-Fav,Progressive,43,15,0,60,0.1,7.1612150881888175,0.5,15,2,40,44.00000000000001
Park-Fav,Progressive,43,16,0,100,0.1,7.35254536606267,0.5,16,2,41,43.900000000000006
Park-Fav,Progressive,43,17,0,28,0.1,6.923805559195199,0.5,17,2,42,43.800000000000004
Park-Fav,Progressive,43,18,0,12,0.1,7.0977025944186884,0.5,18,2,43,43.7
Park-Fav,Progressive,43,19,1,24,1.0,6.705867281657417,0.5,0,3,43,42.7
Park-Fav,Progressive,43,20,0,64,0.1,6.897763720064233,0.5,1,3,44,42.6
Park-Fav,Progressive,43,21,0,84,0.1,6.494740969054978,0.5,2,3,45,42.50000000000001
Park-Fav,Progressive,43,22,0,116,0.1,6.182288998663738,0.5,3,3,46,42.400000000000006
Park-Fav,Progressive,43,23,0,88,0.1,6.092641221951897,0.5,4,3,47,42.300000000000004
Park-Fav,Progressive,43,24,0,104,0.1,5.860618491871697,0.5,5,3,48,42.20000000000001
Park-Fav,Progressive,43,25,0,72,0.1,5.23066941979002,0.5,6,3,49,42.10000000000001
Park-Fav,Progressive,43,26,0,120,0.1,5.715022989421303,0.5,7,3,50,42.00000000000001
Park-Fav,Progressive,43,27,0,92,0.1,4.4251689195593515,0.5,8,3,51,41.900000000000006
Park-Fav,Progressive,43,28,0,124,0.1,5.2629506291016614,0.5,9,3,52,41.800000000000004
Park-Fav,Progressive,43,29,0,76,0.1,4.805184928985199,0.5,10,3,53,41.70000000000001
Park-Fav,Progressive,43,30,0,128,0.1,4.898553898972328,0.5,11,3,54,41.60000000000001
Park-Fav,Progressive,43,31,0,108,0.1,4.467127928214333,0.5,12,3,55,41.50000000000001
Park-Fav,Progressive,43,32,0,160,0.1,4.304419050336296,0.5,13,3,56,41.40000000000001
Park-Fav,Progressive,43,33,0,176,0.1,4.269683771147025,0.5,14,3,57,41.30000000000001
Park-Fav,Progressive,43,34,0,144,0.1,4.27668375928809,0.5,15,3,58,41.20000000000001
Park-Fav,Progressive,43,35,0,180,0.1,3.7394272184691646,0.5,16,3,59,41.10000000000001
Park-Fav,Progressive,43,36,0,1,0.1,3.894392127108054,0.5,17,3,60,41.00000000000001
Park-Fav,Progressive,43,37,0,164,0.1,3.3192948353882157,0.5,18,3,61,40.90000000000001
Park-Fav,Progressive,43,38,0,132,0.1,3.3104386741579286,0.5,19,3,62,40.80000000000001
Park-Fav,Progressive,43,39,0,148,0.1,3.116841581295636,0.5,20,3,63,40.70000000000001
Park-Fav,Progressive,43,40,1,15,1.0,2.9705964691238993,0.5,0,4,63,39.70000000000002
Park-Fav,Progressive,43,41,1,112,1.0,5.358313344113624,0.5,0,5,63,38.70000000000002
Park-Fav,Progressive,43,42,0,17,0.1,3.9128697876474305,0.5,1,5,64,38.600000000000016
Park-Fav,Progressive,43,43,0,49,0.1,3.9093786447125494,0.5,2,5,65,38.500000000000014
Park-Fav,Progressive,43,44,0,136,0.1,3.500431828799552,0.5,3,5,66,38.40000000000001
Park-Fav,Progressive,43,45,0,192,0.1,3.535967071749416,0.5,4,5,67,38.30000000000001
Park-Fav,Progressive,43,46,0,184,0.1,3.1706427838744626,0.5,5,5,68,38.20000000000001
Park-Fav,Progressive,43,47,1,0,1.0,4.666072959302005,0.5,0,6,68,37.20000000000002
Park-Fav,Progressive,43,48,0,152,0.1,6.38273053225287,0.9999999999999988,1,6,69,37.100000000000016
Park-Fav,Progressive,43,49,0,168,0.1,6.444356674812952,0.9999999999999988,2,6,70,37.000000000000014
Park-Fav,Progressive,43,50,0,37,0.1,6.422129696819635,0.9999999999999988,3,6,71,36.90000000000001
Park-Fav,Progressive,43,51,0,240,0.1,6.145049168619126,0.9999999999999988,4,6,72,36.80000000000002
Park-Fav,Progressive,43,52,0,5,0.1,6.227759139946316,0.9999999999999988,5,6,73,36.70000000000002
Park-Fav,Progressive,43,53,0,208,0.1,6.256910724673307,0.9999999999999988,6,6,74,36.600000000000016
Park-Fav,Progressive,43,54,0,21,0.1,5.553309671945323,0.9999999999999988,7,6,75,36.500000000000014
Park-Fav,Progressive,43,55,0,188,0.1,5.15985541145649,0.9999999999999988,8,6,76,36.40000000000001
Park-Fav,Progressive,43,56,0,53,0.1,5.363106056165338,0.9999999999999988,9,6,77,36.30000000000002
Park-Fav,Progressive,43,57,0,140,0.1,4.740466561322349,0.9999999999999988,10,6,78,36.20000000000002
Park-Fav,Progressive,43,58,0,57,0.1,4.269611045055594,0.9999999999999988,11,6,79,36.100000000000016
Park-Fav,Progressive,43,59,0,41,0.1,4.490874824377409,0.9999999999999988,12,6,80,36.00000000000002
Park-Fav,Progressive,43,60,0,172,0.1,4.1863731123105055,0.9999999999999988,13,6,81,35.90000000000002
Park-Fav,Progressive,43,61,0,156,0.1,4.17857707194662,0.9999999999999988,14,6,82,35.80000000000002
Park-Fav,Progressive,43,62,0,25,0.1,3.9943316995440195,0.9999999999999988,15,6,83,35.70000000000002
Park-Fav,Progressive,43,63,0,244,0.1,3.9165474015662953,0.9999999999999988,16,6,84,35.600000000000016
Park-Fav,Progressive,43,64,0,13,0.1,3.560963964999644,0.9999999999999988,17,6,85,35.50000000000002
Park-Fav,Progressive,43,65,0,196,0.1,4.153417320097834,0.9999999999999988,18,6,86,35.40000000000002
Park-Fav,Progressive,43,66,0,212,0.1,3.3952644005354387,0.9999999999999988,19,6,87,35.30000000000002
Park-Fav,Progressive,43,67,0,228,0.1,3.3039851609542863,0.9999999999999988,20,6,88,35.200000000000024
Park-Fav,Progressive,43,68,1,48,1.0,3.0449195274465426,0.9999999999999988,0,7,88,34.200000000000024
Park-Fav,Progressive,43,69,0,61,0.1,3.249744980113199,0.9999999999999984,1,7,89,34.10000000000002
Park-Fav,Progressive,43,70,0,65,0.1,3.468824548732253,0.9999999999999984,2,7,90,34.00000000000002
Park-Fav,Progressive,43,71,0,81,0.1,2.8466665326436345,0.9999999999999984,3,7,91,33.90000000000002
Park-Fav,Progressive,43,72,0,45,0.1,2.997554873019251,0.9999999999999984,4,7,92,33.80000000000002
Park-Fav,Progressive,43,73,0,200,0.1,3.201519607649536,0.9999999999999984,5,7,93,33.700000000000024
Park-Fav,Progressive,43,74,0,113,0.1,2.7914656289647177,0.9999999999999984,6,7,94,33.600000000000016
Park-Fav,Progressive,43,75,0,97,0.1,2.72373801771255,0.9999999999999984,7,7,95,33.50000000000002
Park-Fav,Progressive,43,76,0,29,0.1,2.7012323486012844,0.9999999999999984,8,7,96,33.40000000000001
Park-Fav,Progressive,43,77,0,248,0.1,2.4228421355769516,0.9999999999999984,9,7,97,33.30000000000002
Park-Fav,Progressive,43,78,0,204,0.1,2.1488607616129305,0.9999999999999984,10,7,98,33.20000000000001
Park-Fav,Progressive,43,79,1,240,1.0,2.4776152734461268,0.9999999999999984,0,8,98,32.20000000000002
Park-Fav,Progressive,43,80,0,232,0.1,1.961292342462773,0.9999999999999998,1,8,99,32.100000000000016
Park-Fav,Progressive,43,81,0,216,0.1,1.7971218059892649,0.9999999999999998,2,8,100,32.00000000000001
Park-Fav,Progressive,43,82,0,252,0.1,2.094016759121562,0.9999999999999998,3,8,101,31.900000000000013
Park-Fav,Progressive,43,83,1,32,1.0,1.875444184874655,0.9999999999999998,0,9,101,30.90000000000001
Park-Fav,Progressive,43,84,0,69,0.1,1.7281146082934513,0.9999999999999998,1,9,102,30.800000000000008
Park-Fav,Progressive,43,85,1,80,1.0,1.7533707145960244,0.9999999999999998,0,10,102,29.800000000000008
Park-Fav,Progressive,43,86,0,2,0.1,1.7380175780713616,0.9999999999999998,1,10,103,29.700000000000006
Park-Fav,Progressive,43,87,1,16,1.0,1.4587176544495677,0.9999999999999998,0,11,103,28.700000000000006
Park-Fav,Progressive,43,88,0,117,0.1,1.568916804414572,0.9999999999999998,1,11,104,28.600000000000005
Park-Fav,Progressive,43,89,1,52,1.0,1.4807089607527393,0.9999999999999998,0,12,104,27.600000000000005
Park-Fav,Progressive,43,90,0,101,0.1,1.4696027189065393,0.9999999999999999,1,12,105,27.500000000000004
Park-Fav,Progressive,43,91,1,96,1.0,1.5145001336007247,0.9999999999999999,0,13,105,26.500000000000004
Park-Fav,Progressive,43,92,0,129,0.1,1.3161169067304492,0.9999999999999999,1,13,106,26.400000000000002
Park-Fav,Progressive,43,93,0,145,0.1,1.529438456552841,0.9999999999999999,2,13,107,26.3
Park-Fav,Progressive,43,94,0,220,0.1,1.3250072776825474,0.9999999999999999,3,13,108,26.2
Park-Fav,Progressive,43,95,0,236,0.1,1.1951727157434204,0.9999999999999999,4,13,109,26.099999999999998
Park-Fav,Progressive,43,96,0,34,0.1,1.4606060788670896,0.9999999999999999,5,13,110,25.999999999999996
Park-Fav,Progressive,43,97,0,161,0.1,1.1431181135819795,0.9999999999999999,6,13,111,25.899999999999995
Park-Fav,Progressive,43,98,0,177,0.1,1.143196796602732,0.9999999999999999,7,13,112,25.799999999999994
Park-Fav,Progressive,43,99,1,36,1.0,1.1663003814956534,0.9999999999999999,0,14,112,24.799999999999994
Park-Fav,Progressive,43,100,1,56,1.0,1.1886359595183085,0.9999999999999998,0,15,112,23.799999999999994
Park-Fav,Progressive,43,101,1,116,1.0,1.1233953623678408,0.9999999999999999,0,16,112,22.799999999999994
Park-Fav,Progressive,43,102,1,20,1.0,1.0623894495770845,0.998694075227921,0,17,112,21.799999999999994
Park-Fav,Progressive,43,103,1,100,1.0,1.076682640700532,0.9987312576536719,0,18,112,20.799999999999994
Park-Fav,Progressive,43,104,1,64,1.0,1.086225701209453,0.9978827167843448,0,19,112,19.799999999999994
Park-Fav,Progressive,43,105,1,176,1.0,0.9191932037209911,0.997870098417186,0,20,112,18.799999999999994
Park-Fav,Progressive,43,106,0,121,0.1,0.9193654218888109,0.998095730411524,1,20,113,18.699999999999992
Park-Fav,Progressive,43,107,1,4,1.0,0.8263460290431209,0.998095730411524,0,21,113,17.699999999999992
Park-Fav,Progressive,43,108,1,160,1.0,0.9750684321298477,0.9981580312328934,0,22,113,16.69999999999999
Park-Fav,Progressive,43,109,1,40,1.0,0.828078922256027,0.9983256274801877,0,23,113,15.699999999999989
Park-Fav,Progressive,43,110,1,84,1.0,0.889524972980487,0.9983774267697052,0,24,113,14.699999999999989
Park-Fav,Progressive,43,111,1,120,1.0,0.7105605066925723,0.9977912695260985,0,25,113,13.699999999999989
Park-Fav,Progressive,43,112,1,60,1.0,0.7220540691649333,0.9942500602778479,0,26,113,12.699999999999989
Park-Fav,Progressive,43,113,1,44,1.0,0.736776319919429,0.9944299612436406,0,27,113,11.699999999999989
Park-Fav,Progressive,43,114,1,8,1.0,0.7954604268024481,0.9945852602005587,0,28,113,10.699999999999989
Park-Fav,Progressive,43,115,0,193,0.1,0.8903779922995265,0.9947206805403883,1,28,114,10.599999999999989
Park-Fav,Progressive,43,116,1,28,1.0,0.8196287330504626,0.9947206805403883,0,29,114,9.599999999999987
Park-Fav,Progressive,43,117,1,12,1.0,0.7538701465610445,0.9948398092960494,0,30,114,8.599999999999987
Park-Fav,Progressive,43,118,1,104,1.0,0.7777315042190662,0.9949454194672068,0,31,114,7.599999999999987
Park-Fav,Progressive,43,119,1,88,1.0,0.7075674553992254,0.9927012845837875,0,32,114,6.599999999999987
Park-Fav,Progressive,43,120,1,68,1.0,0.7241902157994884,0.9910301756193998,0,33,114,5.599999999999987
Park-Fav,Progressive,43,121,1,124,1.0,0.7375776168320978,0.9910879207440074,0,34,114,4.599999999999987
Park-Fav,Progressive,43,122,0,105,0.1,0.6377930457500605,0.9866641883729619,1,34,115,4.499999999999988
Park-Fav,Progressive,43,123,1,144,1.0,0.7229014883162755,0.9866641883729619,0,35,115,3.499999999999986
Park-Fav,Progressive,43,124,0,209,0.1,0.5849886378681348,0.9866872173509699,1,35,116,3.3999999999999857
Park-Fav,Progressive,43,125,0,54,0.1,0.5851317973565474,0.9866872173509699,2,35,117,3.2999999999999843
Park-Fav,Progressive,43,126,0,125,0.1,0.5628484016190891,0.9866872173509699,3,35,118,3.199999999999983
Park-Fav,Progressive,43,127,0,241,0.1,0.8482591801519631,0.9866872173509699,4,35,119,3.0999999999999814
Park-Fav,Progressive,43,128,1,108,1.0,0.6114912704629474,0.9866872173509699,0,36,119,2.09999999999998
Park-Fav,Progressive,43,129,0,225,0.1,0.5829902676647739,0.9834054034040631,1,36,120,1.99999999999998
Park-Fav,Progressive,43,130,0,6,0.1,0.6167195158419819,0.9834054034040631,2,36,121,1.8999999999999786
Park-Fav,Progressive,43,131,1,72,1.0,0.5755308197212944,0.9834054034040631,0,37,121,0.8999999999999773
Park-Fav,Progressive,43,132,0,77,0.1,0.5827066689929988,0.9829857245642867,1,37,122,0.7999999999999773
Park-Fav,Progressive,43,133,0,133,0.1,0.4684085427213359,0.9829857245642867,2,37,123,0.6999999999999759
Park-Fav,Progressive,43,134,0,66,0.1,0.49000100542682223,0.9829857245642867,3,37,124,0.5999999999999744
Park-Fav,Progressive,43,135,0,181,0.1,0.4460259385574746,0.9829857245642867,4,37,125,0.499999999999973
Park-Fav,Progressive,43,136,0,109,0.1,0.43697668857040856,0.9829857245642867,5,37,126,0.3999999999999716
Park-Fav,Progressive,43,137,0,22,0.1,0.4129446462319193,0.9829857245642867,6,37,127,0.2999999999999702
Park-Fav,Progressive,43,138,0,165,0.1,0.35992270539789667,0.9829857245642867,7,37,128,0.19999999999996873
Park-Fav,Progressive,43,139,0,93,0.1,0.4019947497135582,0.9829857245642867,8,37,129,0.09999999999996731
Park-Fav,Progressive,44,1,0,16,0.1,10.941013970892598,0.5,1,2,26,45.4
Park-Fav,Progressive,44,2,0,32,0.1,10.10650109442746,0.5,2,2,27,45.3
Park-Fav,Progressive,44,3,0,0,0.1,9.702656406006795,0.5,3,2,28,45.199999999999996
Park-Fav,Progressive,44,4,1,32,1.0,9.746059669042408,0.5,0,3,28,44.2
Park-Fav,Progressive,44,5,0,48,0.1,9.167578327039477,0.5,1,3,29,44.1
Park-Fav,Progressive,44,6,0,36,0.1,9.117853221082024,0.5,2,3,30,44.0
Park-Fav,Progressive,44,7,0,80,0.1,8.900650922570572,0.5,3,3,31,43.9
Park-Fav,Progressive,44,8,0,52,0.1,8.390215817845617,0.5,4,3,32,43.800000000000004
Park-Fav,Progressive,44,9,0,112,0.1,9.075922120910196,0.5,5,3,33,43.7
Park-Fav,Progressive,44,10,0,96,0.1,8.784997093384158,0.5,6,3,34,43.6
Park-Fav,Progressive,44,11,0,64,0.1,8.013202186062431,0.5,7,3,35,43.5
Park-Fav,Progressive,44,12,0,40,0.1,7.886953377156525,0.5,8,3,36,43.4
Park-Fav,Progressive,44,13,0,24,0.1,8.50756776741601,0.5,9,3,37,43.300000000000004
Park-Fav,Progressive,44,14,0,8,0.1,7.774834883970356,0.5,10,3,38,43.2
Park-Fav,Progressive,44,15,0,12,0.1,8.047534775818104,0.5,11,3,39,43.1
Park-Fav,Progressive,44,16,0,56,0.1,7.681474705028191,0.5,12,3,40,43.00000000000001
Park-Fav,Progressive,44,17,0,28,0.1,8.382493702748658,0.5,13,3,41,42.900000000000006
Park-Fav,Progressive,44,18,0,84,0.1,7.553749096511185,0.5,14,3,42,42.800000000000004
Park-Fav,Progressive,44,19,0,116,0.1,7.556276666009297,0.5,15,3,43,42.7
Park-Fav,Progressive,44,20,0,100,0.1,7.205599476942296,0.5,16,3,44,42.6
Park-Fav,Progressive,44,21,0,68,0.1,7.156212663129253,0.5,17,3,45,42.50000000000001
Park-Fav,Progressive,44,22,0,44,0.1,7.311942587830849,0.5,18,3,46,42.400000000000006
Park-Fav,Progressive,44,23,0,60,0.1,6.803497679211636,0.5,19,3,47,42.300000000000004
Park-Fav,Progressive,44,24,0,72,0.1,6.597538204195981,0.5,20,3,48,42.20000000000001
Park-Fav,Progressive,44,25,1,0,1.0,3.008117252343882,0.5,0,4,48,41.20000000000001
Park-Fav,Progressive,44,26,0,120,0.1,6.051379875207161,0.5,1,4,49,41.10000000000001
Park-Fav,Progressive,44,27,0,124,0.1,5.582969218952095,0.5,2,4,50,41.00000000000001
Park-Fav,Progressive,44,28,0,176,0.1,5.3438797394763755,0.5,3,4,51,40.900000000000006
Park-Fav,Progressive,44,29,0,108,0.1,5.1945204916855126,0.5,4,4,52,40.800000000000004
Park-Fav,Progressive,44,30,0,144,0.1,5.055949241257905,0.5,5,4,53,40.70000000000001
Park-Fav,Progressive,44,31,0,128,0.1,4.818448697687065,0.5,6,4,54,40.60000000000001
Park-Fav,Progressive,44,32,0,92,0.1,4.847060725695397,0.5,7,4,55,40.50000000000001
Park-Fav,Progressive,44,33,0,160,0.1,4.570268735073546,0.5,8,4,56,40.40000000000001
Park-Fav,Progressive,44,34,0,76,0.1,4.317815718155729,0.5,9,4,57,40.30000000000001
Park-Fav,Progressive,44,35,0,180,0.1,4.543344773554002,0.5,10,4,58,40.20000000000001
Park-Fav,Progressive,44,36,0,148,0.1,3.935097556538297,0.5,11,4,59,40.10000000000001
Park-Fav,Progressive,44,37,0,164,0.1,3.7157230137621577,0.5,12,4,60,40.00000000000001
Park-Fav,Progressive,44,38,0,1,0.1,3.642613986545468,0.5,13,4,61,39.90000000000001
Park-Fav,Progressive,44,39,0,132,0.1,3.734433224630549,0.5,14,4,62,39.80000000000001
Park-Fav,Progressive,44,40,0,49,0.1,3.4306956296372393,0.5,15,4,63,39.70000000000001
Park-Fav,Progressive,44,41,0,33,0.1,3.3410706694569092,0.5,16,4,64,39.600000000000016
Park-Fav,Progressive,44,42,0,53,0.1,3.0711126625754748,0.5,17,4,65,39.500000000000014
Park-Fav,Progressive,44,43,0,17,0.1,3.2142716018554918,0.5,18,4,66,39.40000000000001
Park-Fav,Progressive,44,44,0,5,0.1,2.9408929650141946,0.5,19,4,67,39.30000000000001
Park-Fav,Progressive,44,45,0,136,0.1,2.819710471098367,0.5,20,4,68,39.20000000000001
Park-Fav,Progressive,44,46,1,48,1.0,1.872412268502063,0.5,0,5,68,38.20000000000002
Park-Fav,Progressive,44,47,0,192,0.1,5.584738237728626,1.0,1,5,69,38.100000000000016
Park-Fav,Progressive,44,48,0,240,0.1,5.660102427421179,1.0,2,5,70,38.000000000000014
Park-Fav,Progressive,44,49,0,184,0.1,5.6040428656520165,1.0,3,5,71,37.90000000000001
Park-Fav,Progressive,44,50,0,152,0.1,5.183086757507228,1.0,4,5,72,37.80000000000002
Park-Fav,Progressive,44,51,0,188,0.1,5.623885410280531,1.0,5,5,73,37.70000000000002
Park-Fav,Progressive,44,52,0,57,0.1,4.914067737316796,1.0,6,5,74,37.600000000000016
Park-Fav,Progressive,44,53,0,224,0.1,4.983741013705183,1.0,7,5,75,37.500000000000014
Park-Fav,Progressive,44,54,0,168,0.1,4.88910127974044,1.0,8,5,76,37.40000000000001
Park-Fav,Progressive,44,55,0,208,0.1,4.585239485254431,1.0,9,5,77,37.30000000000002
Park-Fav,Progressive,44,56,0,172,0.1,3.8875903953379662,1.0,10,5,78,37.20000000000002
Park-Fav,Progressive,44,57,0,41,0.1,3.7177587514173824,1.0,11,5,79,37.100000000000016
Park-Fav,Progressive,44,58,0,9,0.1,4.055300286207951,1.0,12,5,80,37.00000000000002
Park-Fav,Progressive,44,59,0,140,0.1,4.3230786269000205,1.0,13,5,81,36.90000000000002
Park-Fav,Progressive,44,60,0,196,0.1,3.443210085569157,1.0,14,5,82,36.80000000000002
Park-Fav,Progressive,44,61,0,156,0.1,3.3843957013763126,1.0,15,5,83,36.70000000000002
Park-Fav,Progressive,44,62,0,25,0.1,3.548879373842294,1.0,16,5,84,36.600000000000016
Park-Fav,Progressive,44,63,0,13,0.1,3.4534609365945013,1.0,17,5,85,36.50000000000002
Park-Fav,Progressive,44,64,0,212,0.1,3.0498744248461795,1.0,18,5,86,36.40000000000002
Park-Fav,Progressive,44,65,0,244,0.1,3.4180192136095955,1.0,19,5,87,36.30000000000002
Park-Fav,Progressive,44,66,0,228,0.1,2.794001419387464,1.0,20,5,88,36.200000000000024
Park-Fav,Progressive,44,67,1,192,1.0,1.8062795354920635,1.0,0,6,88,35.200000000000024
Park-Fav,Progressive,44,68,0,61,0.1,3.0415147205344653,0.9999999999999999,1,6,89,35.10000000000002
Park-Fav,Progressive,44,69,0,65,0.1,2.728954735546481,0.9999999999999999,2,6,90,35.00000000000002
Park-Fav,Progressive,44,70,0,81,0.1,2.4877528538749702,0.9999999999999999,3,6,91,34.90000000000002
Park-Fav,Progressive,44,71,0,45,0.1,2.7589555586141605,0.9999999999999999,4,6,92,34.80000000000002
Park-Fav,Progressive,44,72,0,113,0.1,2.5454461183140444,0.9999999999999999,5,6,93,34.700000000000024
Park-Fav,Progressive,44,73,0,248,0.1,2.06979361892755,0.9999999999999999,6,6,94,34.60000000000002
Park-Fav,Progressive,44,74,0,200,0.1,1.8768433086215477,0.9999999999999999,7,6,95,34.50000000000002
Park-Fav,Progressive,44,75,0,29,0.1,1.9471913975566204,0.9999999999999999,8,6,96,34.40000000000003
Park-Fav,Progressive,44,76,0,69,0.1,1.6769268926812604,0.9999999999999999,9,6,97,34.300000000000026
Park-Fav,Progressive,44,77,1,16,1.0,1.5265753198576606,0.9999999999999999,0,7,97,33.300000000000026
Park-Fav,Progressive,44,78,0,216,0.1,1.4868169597003138,1.0,1,7,98,33.200000000000024
Park-Fav,Progressive,44,79,0,252,0.1,1.5513725574146502,1.0,2,7,99,33.10000000000002
Park-Fav,Progressive,44,80,0,85,0.1,1.534116215875026,1.0,3,7,100,33.00000000000002
Park-Fav,Progressive,44,81,0,232,0.1,1.6251541226809367,1.0,4,7,101,32.90000000000002
Park-Fav,Progressive,44,82,0,129,0.1,1.428923482209004,1.0,5,7,102,32.80000000000002
Park-Fav,Progressive,44,83,0,204,0.1,1.3372307465807687,1.0,6,7,103,32.70000000000002
Park-Fav,Progressive,44,84,0,145,0.1,1.1029122371378097,1.0,7,7,104,32.600000000000016
Park-Fav,Progressive,44,85,0,2,0.1,1.3575688278316045,1.0,8,7,105,32.500000000000014
Park-Fav,Progressive,44,86,1,112,1.0,1.16224882607168,1.0,0,8,105,31.500000000000014
Park-Fav,Progressive,44,87,1,20,1.0,1.1233329103714809,1.0,0,9,105,30.500000000000014
Park-Fav,Progressive,44,88,1,36,1.0,1.2911631549108404,1.0,0,10,105,29.500000000000014
Park-Fav,Progressive,44,89,0,117,0.1,1.428544874075604,1.0,1,10,106,29.400000000000013
Park-Fav,Progressive,44,90,1,64,1.0,1.1082191024931285,1.0,0,11,106,28.400000000000013
Park-Fav,Progressive,44,91,1,4,1.0,1.1399772047926755,0.9999999999999999,0,12,106,27.400000000000013
Park-Fav,Progressive,44,92,1,96,1.0,1.0172443068922128,1.0,0,13,106,26.400000000000013
Park-Fav,Progressive,44,93,1,52,1.0,1.0696701556998152,1.0,0,14,106,25.400000000000013
Park-Fav,Progressive,44,94,0,18,0.1,1.158516704701306,1.0,1,14,107,25.30000000000001
Park-Fav,Progressive,44,95,0,50,0.1,1.2215394219910807,1.0,2,14,108,25.20000000000001
Park-Fav,Progressive,44,96,1,80,1.0,1.0516844139249997,1.0,0,15,108,24.20000000000001
Park-Fav,Progressive,44,97,1,40,1.0,1.0954952623173217,1.0,0,16,108,23.20000000000001
Park-Fav,Progressive,44,98,0,236,0.1,1.0630328629611063,1.0,1,16,109,23.10000000000001
Park-Fav,Progressive,44,99,1,24,1.0,0.9858151140559337,1.0,0,17,109,22.10000000000001
Park-Fav,Progressive,44,100,0,34,0.1,1.038324697234076,0.9999999999999997,1,17,110,22.000000000000007
Park-Fav,Progressive,44,101,0,177,0.1,1.06233808568516,0.9999999999999997,2,17,111,21.900000000000006
Park-Fav,Progressive,44,102,0,161,0.1,0.9384701977076378,0.9999999999999997,3,17,112,21.800000000000004
Park-Fav,Progressive,44,103,1,8,1.0,1.0518522387003255,0.9999999999999997,0,18,112,20.800000000000004
Park-Fav,Progressive,44,104,1,56,1.0,0.980769696069889,0.9999999999999996,0,19,112,19.800000000000004
Park-Fav,Progressive,44,105,1,12,1.0,0.8858836370027063,0.9999999999999996,0,20,112,18.800000000000004
Park-Fav,Progressive,44,106,0,220,0.1,0.960377233494001,0.9999999999999996,1,20,113,18.700000000000003
Park-Fav,Progressive,44,107,1,28,1.0,1.0062543867308589,0.9999999999999996,0,21,113,17.700000000000003
Park-Fav,Progressive,44,108,1,44,1.0,0.9117609732763914,0.9999999999999993,0,22,113,16.700000000000003
Park-Fav,Progressive,44,109,1,60,1.0,0.8904298643278009,0.9999999999999992,0,23,113,15.700000000000003
Park-Fav,Progressive,44,110,1,100,1.0,1.021069112557218,0.9999999999999993,0,24,113,14.700000000000003
Park-Fav,Progressive,44,111,1,84,1.0,0.8627419229848314,0.9988979403849932,0,25,113,13.700000000000003
Park-Fav,Progressive,44,112,1,104,1.0,0.8361702608899373,0.9981613536741218,0,26,113,12.700000000000003
Park-Fav,Progressive,44,113,1,116,1.0,0.7072630973282465,0.9943079112969532,0,27,113,11.700000000000003
Park-Fav,Progressive,44,114,1,68,1.0,0.7509476797286867,0.9942949307825952,0,28,113,10.700000000000003
Park-Fav,Progressive,44,115,1,88,1.0,0.7054104733745936,0.9943042134379207,0,29,113,9.700000000000003
Park-Fav,Progressive,44,116,1,72,1.0,0.6954530735646746,0.9923884773309536,0,30,113,8.700000000000003
Park-Fav,Progressive,44,117,0,66,0.1,0.574489051934513,0.9911125614828047,1,30,114,8.600000000000003
Park-Fav,Progressive,44,118,0,193,0.1,0.6073250435370837,0.9911125614828047,2,30,115,8.500000000000002
Park-Fav,Progressive,44,119,1,120,1.0,0.632867500563391,0.9911125614828047,0,31,115,7.5
Park-Fav,Progressive,44,120,0,121,0.1,0.5885408647271382,0.9902405405446401,1,31,116,7.4
Park-Fav,Progressive,44,121,0,73,0.1,0.5459345402822646,0.9902405405446401,2,31,117,7.299999999999999
Park-Fav,Progressive,44,122,1,108,1.0,0.4739630201189299,0.9902405405446401,0,32,117,6.299999999999997
Park-Fav,Progressive,44,123,0,125,0.1,0.5277644052400231,0.9869524970138124,1,32,118,6.1999999999999975
Park-Fav,Progressive,44,124,0,54,0.1,0.4928260253829145,0.9869524970138124,2,32,119,6.099999999999996
Park-Fav,Progressive,44,125,0,241,0.1,0.5728088112893472,0.9869524970138124,3,32,120,5.999999999999995
Park-Fav,Progressive,44,126,1,76,1.0,0.5239620923338673,0.9869524970138124,0,33,120,4.999999999999993
Park-Fav,Progressive,44,127,1,124,1.0,0.4978977818103639,0.9848757091126924,0,34,120,3.999999999999993
Park-Fav,Progressive,44,128,1,176,1.0,0.4806621803064759,0.9835316194052875,0,35,120,2.999999999999993
Park-Fav,Progressive,44,129,1,160,1.0,0.44134092831254,0.9822316711405019,0,36,120,1.999999999999993
Park-Fav,Progressive,44,130,1,92,1.0,0.5027879688374879,0.9813639374722911,0,37,120,0.9999999999999929
Park-Fav,Progressive,44,131,0,225,0.1,0.415091533526682,0.9799160627474405,1,37,121,0.8999999999999929
Park-Fav,Progressive,44,132,0,89,0.1,0.4141980635211866,0.9799160627474405,2,37,122,0.7999999999999915
Park-Fav,Progressive,44,133,0,133,0.1,0.33955047387251475,0.9799160627474405,3,37,123,0.6999999999999901
Park-Fav,Progressive,44,134,0,6,0.1,0.36173613540391375,0.9799160627474405,4,37,124,0.5999999999999887
Park-Fav,Progressive,44,135,0,181,0.1,0.3321306250360978,0.9799160627474405,5,37,125,0.49999999999998723
Park-Fav,Progressive,44,136,0,82,0.1,0.33246942767624493,0.9799160627474405,6,37,126,0.3999999999999858
Park-Fav,Progressive,44,137,0,22,0.1,0.28456925770372,0.9799160627474405,7,37,127,0.2999999999999844
Park-Fav,Progressive,44,138,0,77,0.1,0.26021811319090843,0.9799160627474405,8,37,128,0.19999999999998294
Park-Fav,Progressive,44,139,0,3,0.1,0.24718019721322124,0.9799160627474405,9,37,129,0.09999999999998152
Park-Fav,Progressive,45,1,0,32,0.1,11.020090811577294,0.5,1,2,26,45.4
Park-Fav,Progressive,45,2,0,36,0.1,7.688906928143989,0.5,2,2,27,45.3
Park-Fav,Progressive,45,3,0,16,0.1,9.11624395341442,0.5,3,2,28,45.199999999999996
Park-Fav,Progressive,45,4,0,0,0.1,8.342917034282072,0.5,4,2,29,45.1
Park-Fav,Progressive,45,5,0,20,0.1,8.525210174330025,0.5,5,2,30,45.0
Park-Fav,Progressive,45,6,0,48,0.1,8.438211805807072,0.5,6,2,31,44.9
Park-Fav,Progressive,45,7,0,4,0.1,7.710302071426607,0.5,7,2,32,44.800000000000004
Park-Fav,Progressive,45,8,0,96,0.1,8.43073658435234,0.5,8,2,33,44.7
Park-Fav,Progressive,45,9,0,52,0.1,8.07412880182844,0.5,9,2,34,44.6
Park-Fav,Progressive,45,10,0,24,0.1,8.005930335546438,0.5,10,2,35,44.5
Park-Fav,Progressive,45,11,0,40,0.1,7.656581201033968,0.5,11,2,36,44.4
Park-Fav,Progressive,45,12,0,80,0.1,8.013728846790167,0.5,12,2,37,44.300000000000004
Park-Fav,Progressive,45,13,0,8,0.1,7.593742933077238,0.5,13,2,38,44.2
Park-Fav,Progressive,45,14,0,112,0.1,7.727450489654086,0.5,14,2,39,44.1
Park-Fav,Progressive,45,15,0,64,0.1,7.288356556106278,0.5,15,2,40,44.00000000000001
Park-Fav,Progressive,45,16,0,56,0.1,7.276957308042061,0.5,16,2,41,43.900000000000006
Park-Fav,Progressive,45,17,0,84,0.1,7.079845311722589,0.5,17,2,42,43.800000000000004
Park-Fav,Progressive,45,18,0,12,0.1,6.732312543652763,0.5,18,2,43,43.7
Park-Fav,Progressive,45,19,0,28,0.1,6.744687659374581,0.5,19,2,44,43.6
Park-Fav,Progressive,45,20,0,44,0.1,7.4468223499828134,0.5,20,2,45,43.50000000000001
Park-Fav,Progressive,45,21,1,36,1.0,2.670869659490535,0.5,0,3,45,42.50000000000001
Park-Fav,Progressive,45,22,0,100,0.1,7.182161380515802,0.5,1,3,46,42.400000000000006
Park-Fav,Progressive,45,23,0,60,0.1,6.476427264130128,0.5,2,3,47,42.300000000000004
Park-Fav,Progressive,45,24,0,116,0.1,6.4877732662497465,0.5,3,3,48,42.20000000000001
Park-Fav,Progressive,45,25,0,104,0.1,6.088336121128966,0.5,4,3,49,42.10000000000001
Park-Fav,Progressive,45,26,0,120,0.1,5.4370041940264775,0.5,5,3,50,42.00000000000001
Park-Fav,Progressive,45,27,0,176,0.1,5.615513075766982,0.5,6,3,51,41.900000000000006
Park-Fav,Progressive,45,28,0,144,0.1,5.064204320259937,0.5,7,3,52,41.800000000000004
Park-Fav,Progressive,45,29,0,72,0.1,5.647840467030474,0.5,8,3,53,41.70000000000001
Park-Fav,Progressive,45,30,0,128,0.1,4.774245803437651,0.5,9,3,54,41.60000000000001
Park-Fav,Progressive,45,31,0,160,0.1,4.945313644714602,0.5,10,3,55,41.50000000000001
Park-Fav,Progressive,45,32,0,76,0.1,4.6267939686184425,0.5,11,3,56,41.40000000000001
Park-Fav,Progressive,45,33,0,132,0.1,3.918281819704439,0.5,12,3,57,41.30000000000001
Park-Fav,Progressive,45,34,0,108,0.1,4.184812213526256,0.5,13,3,58,41.20000000000001
Park-Fav,Progressive,45,35,0,124,0.1,4.144853160308572,0.5,14,3,59,41.10000000000001
Park-Fav,Progressive,45,36,0,148,0.1,3.794068754349388,0.5,15,3,60,41.00000000000001
Park-Fav,Progressive,45,37,0,164,0.1,3.4993662756991006,0.5,16,3,61,40.90000000000001
Park-Fav,Progressive,45,38,0,17,0.1,3.266250978361714,0.5,17,3,62,40.80000000000001
Park-Fav,Progressive,45,39,0,180,0.1,3.1595468363374777,0.5,18,3,63,40.70000000000001
Park-Fav,Progressive,45,40,0,1,0.1,3.1086478773478343,0.5,19,3,64,40.600000000000016
Park-Fav,Progressive,45,41,1,240,1.0,3.14499052266646,0.5,0,4,64,39.600000000000016
Park-Fav,Progressive,45,42,0,136,0.1,3.2893257261543085,0.5,1,4,65,39.500000000000014
Park-Fav,Progressive,45,43,1,60,1.0,2.592244405259777,0.5,0,5,65,38.500000000000014
Park-Fav,Progressive,45,44,0,49,0.1,2.85684036301363,0.5,1,5,66,38.40000000000001
Park-Fav,Progressive,45,45,0,184,0.1,2.705517792359853,0.5,2,5,67,38.30000000000001
Park-Fav,Progressive,45,46,0,168,0.1,2.3989734183474125,0.5,3,5,68,38.20000000000001
Park-Fav,Progressive,45,47,0,192,0.1,2.8388278107365297,0.5,4,5,69,38.100000000000016
Park-Fav,Progressive,45,48,0,152,0.1,2.443489571403742,0.5,5,5,70,38.000000000000014
Park-Fav,Progressive,45,49,0,53,0.1,2.3742847707717405,0.5,6,5,71,37.90000000000001
Park-Fav,Progressive,45,50,0,140,0.1,2.4328144569210575,0.5,7,5,72,37.80000000000002
Park-Fav,Progressive,45,51,0,37,0.1,2.1771979518979623,0.5,8,5,73,37.70000000000002
Park-Fav,Progressive,45,52,0,224,0.1,2.027830984703912,0.5,9,5,74,37.600000000000016
Park-Fav,Progressive,45,53,0,5,0.1,2.3011974351196667,0.5,10,5,75,37.500000000000014
Park-Fav,Progressive,45,54,1,63,1.0,2.1414774498691442,0.5,0,6,75,36.500000000000014
Park-Fav,Progressive,45,55,1,48,1.0,2.7713522269380517,0.5,0,7,75,35.500000000000014
Park-Fav,Progressive,45,56,0,156,0.1,4.639504748833735,0.9996284087559928,1,7,76,35.40000000000001
Park-Fav,Progressive,45,57,0,172,0.1,4.746225083240191,0.9996284087559928,2,7,77,35.30000000000002
Park-Fav,Progressive,45,58,0,196,0.1,4.400751115465898,0.9996284087559928,3,7,78,35.20000000000002
Park-Fav,Progressive,45,59,0,9,0.1,4.409754137978949,0.9996284087559928,4,7,79,35.100000000000016
Park-Fav,Progressive,45,60,0,57,0.1,4.750815172084891,0.9996284087559928,5,7,80,35.00000000000002
Park-Fav,Progressive,45,61,0,188,0.1,4.495667658089552,0.9996284087559928,6,7,81,34.90000000000002
Park-Fav,Progressive,45,62,0,65,0.1,4.054764660726861,0.9996284087559928,7,7,82,34.80000000000002
Park-Fav,Progressive,45,63,0,113,0.1,4.114689371723376,0.9996284087559928,8,7,83,34.70000000000002
Park-Fav,Progressive,45,64,0,244,0.1,3.9893048185305857,0.9996284087559928,9,7,84,34.600000000000016
Park-Fav,Progressive,45,65,0,228,0.1,3.7611780901100156,0.9996284087559928,10,7,85,34.50000000000002
Park-Fav,Progressive,45,66,0,13,0.1,3.8076602160164716,0.9996284087559928,11,7,86,34.40000000000002
Park-Fav,Progressive,45,67,0,41,0.1,3.876434021199051,0.9996284087559928,12,7,87,34.30000000000002
Park-Fav,Progressive,45,68,0,25,0.1,3.646025030426532,0.9996284087559928,13,7,88,34.200000000000024
Park-Fav,Progressive,45,69,0,81,0.1,3.6847245764937324,0.9996284087559928,14,7,89,34.10000000000002
Park-Fav,Progressive,45,70,0,212,0.1,3.2361967517101418,0.9996284087559928,15,7,90,34.00000000000002
Park-Fav,Progressive,45,71,0,248,0.1,2.851909936130329,0.9996284087559928,16,7,91,33.90000000000002
Park-Fav,Progressive,45,72,0,61,0.1,3.1402836953702464,0.9996284087559928,17,7,92,33.80000000000002
Park-Fav,Progressive,45,73,1,0,1.0,3.3179759483371276,0.9996284087559928,0,8,92,32.800000000000026
Park-Fav,Progressive,45,74,0,45,0.1,2.2631129573067774,0.9984507055536141,1,8,93,32.700000000000024
Park-Fav,Progressive,45,75,0,200,0.1,2.836219891602614,0.9984507055536141,2,8,94,32.600000000000016
Park-Fav,Progressive,45,76,0,29,0.1,2.4842707582529906,0.9984507055536141,3,8,95,32.50000000000002
Park-Fav,Progressive,45,77,0,117,0.1,2.1335758307026786,0.9984507055536141,4,8,96,32.40000000000001
Park-Fav,Progressive,45,78,0,252,0.1,2.4096388745640684,0.9984507055536141,5,8,97,32.30000000000002
Park-Fav,Progressive,45,79,1,16,1.0,2.2156228229266364,0.9984507055536141,0,9,97,31.30000000000001
Park-Fav,Progressive,45,80,0,216,0.1,2.2430776732180275,0.9986064867926301,1,9,98,31.200000000000014
Park-Fav,Progressive,45,81,0,69,0.1,1.9852560043597405,0.9986064867926301,2,9,99,31.100000000000012
Park-Fav,Progressive,45,82,0,204,0.1,2.487994900568199,0.9986064867926301,3,9,100,31.00000000000001
Park-Fav,Progressive,45,83,1,32,1.0,1.8765187808104744,0.9986064867926301,0,10,100,30.00000000000001
Park-Fav,Progressive,45,84,0,101,0.1,1.8187124865108584,0.9986779593977082,1,10,101,29.90000000000001
Park-Fav,Progressive,45,85,0,232,0.1,1.9060232269970914,0.9986779593977082,2,10,102,29.800000000000008
Park-Fav,Progressive,45,86,0,50,0.1,1.8198448769818745,0.9986779593977082,3,10,103,29.700000000000006
Park-Fav,Progressive,45,87,0,2,0.1,1.66589079952078,0.9986779593977082,4,10,104,29.600000000000005
Park-Fav,Progressive,45,88,1,64,1.0,1.8492826296522336,0.9986779593977082,0,11,104,28.600000000000005
Park-Fav,Progressive,45,89,0,177,0.1,1.6166047583369672,0.9999999999999961,1,11,105,28.500000000000004
Park-Fav,Progressive,45,90,0,18,0.1,1.7118770805866728,0.9999999999999961,2,11,106,28.400000000000002
Park-Fav,Progressive,45,91,1,80,1.0,1.5639062736407794,0.9999999999999961,0,12,106,27.400000000000002
Park-Fav,Progressive,45,92,1,52,1.0,1.4661831917094479,0.9999999999999979,0,13,106,26.400000000000002
Park-Fav,Progressive,45,93,1,20,1.0,1.5336283697775983,0.9999999999999979,0,14,106,25.400000000000002
Park-Fav,Progressive,45,94,0,129,0.1,1.5841393711759673,0.9999999999999978,1,14,107,25.3
Park-Fav,Progressive,45,95,0,145,0.1,1.4074221874511652,0.9999999999999978,2,14,108,25.2
Park-Fav,Progressive,45,96,0,34,0.1,1.3919591083038554,0.9999999999999978,3,14,109,25.099999999999998
Park-Fav,Progressive,45,97,1,24,1.0,1.2837864987706884,0.9999999999999978,0,15,109,24.099999999999998
Park-Fav,Progressive,45,98,1,96,1.0,1.318953579505459,0.9999999999999976,0,16,109,23.099999999999998
Park-Fav,Progressive,45,99,0,220,0.1,1.2750062736614913,0.9999999999999983,1,16,110,22.999999999999996
Park-Fav,Progressive,45,100,0,161,0.1,1.2898910686119314,0.9999999999999983,2,16,111,22.899999999999995
Park-Fav,Progressive,45,101,1,56,1.0,1.3069064548916007,0.9999999999999983,0,17,111,21.899999999999995
Park-Fav,Progressive,45,102,1,112,1.0,1.2478339780882601,0.999999999999998,0,18,111,20.899999999999995
Park-Fav,Progressive,45,103,1,40,1.0,1.3000005672916106,0.9999999999999984,0,19,111,19.899999999999995
Park-Fav,Progressive,45,104,0,236,0.1,1.2539925646623424,0.9999999999999981,1,19,112,19.799999999999994
Park-Fav,Progressive,45,105,1,84,1.0,1.1566131104166817,0.9999999999999981,0,20,112,18.799999999999994
Park-Fav,Progressive,45,106,1,100,1.0,1.1395697689475068,0.9974342910685078,0,21,112,17.799999999999994
Park-Fav,Progressive,45,107,1,4,1.0,1.0904007982934625,0.9967796243836851,0,22,112,16.799999999999997
Park-Fav,Progressive,45,108,0,73,0.1,1.008467784699183,0.9968696354325207,1,22,113,16.699999999999996
Park-Fav,Progressive,45,109,1,8,1.0,0.9919797773537242,0.9968696354325207,0,23,113,15.699999999999996
Park-Fav,Progressive,45,110,1,12,1.0,1.1398374347047702,0.9969460127708414,0,24,113,14.699999999999996
Park-Fav,Progressive,45,111,1,44,1.0,1.0513639972103679,0.9970116357740291,0,25,113,13.699999999999996
Park-Fav,Progressive,45,112,1,28,1.0,1.0638084482408305,0.9970686263955837,0,26,113,12.699999999999996
Park-Fav,Progressive,45,113,1,116,1.0,0.9193116717006251,0.9971185827840735,0,27,113,11.699999999999996
Park-Fav,Progressive,45,114,1,68,1.0,0.9559084008100467,0.9970156336934279,0,28,113,10.699999999999996
Park-Fav,Progressive,45,115,1,104,1.0,0.9151319706492855,0.997054047109503,0,29,113,9.699999999999996
Park-Fav,Progressive,45,116,0,193,0.1,0.8697903752809917,0.9942973365709167,1,29,114,9.599999999999996
Park-Fav,Progressive,45,117,0,121,0.1,0.8660490166924262,0.9942973365709167,2,29,115,9.499999999999995
Park-Fav,Progressive,45,118,0,89,0.1,0.7384323637477328,0.9942973365709167,3,29,116,9.399999999999993
Park-Fav,Progressive,45,119,1,72,1.0,0.6942425502573211,0.9942973365709167,0,30,116,8.399999999999991
Park-Fav,Progressive,45,120,1,128,1.0,0.7162726743776812,0.9932337519029497,0,31,116,7.3999999999999915
Park-Fav,Progressive,45,121,0,133,0.1,0.6815325683110455,0.9919344708050367,1,31,117,7.299999999999992
Park-Fav,Progressive,45,122,1,120,1.0,0.6614048072436979,0.9919344708050367,0,32,117,6.29999999999999
Park-Fav,Progressive,45,123,0,241,0.1,0.682866425546238,0.9910145894252494,1,32,118,6.19999999999999
Park-Fav,Progressive,45,124,1,144,1.0,0.705850040024031,0.9910145894252494,0,33,118,5.199999999999989
Park-Fav,Progressive,45,125,0,209,0.1,0.6680421434728188,0.9903858819992293,1,33,119,5.099999999999989
Park-Fav,Progressive,45,126,0,125,0.1,0.5550334720029501,0.9903858819992293,2,33,120,4.999999999999988
Park-Fav,Progressive,45,127,1,124,1.0,0.619469779703987,0.9903858819992293,0,34,120,3.999999999999986
Park-Fav,Progressive,45,128,1,160,1.0,0.6238110732823137,0.9863384069384706,0,35,120,2.999999999999986
Park-Fav,Progressive,45,129,1,76,1.0,0.7309281799207306,0.9858313352258454,0,36,120,1.9999999999999858
Park-Fav,Progressive,45,130,0,77,0.1,0.5726159818706881,0.983034272808569,1,36,121,1.8999999999999857
Park-Fav,Progressive,45,131,1,92,1.0,0.5489147822129091,0.983034272808569,0,37,121,0.8999999999999844
Park-Fav,Progressive,45,132,0,54,0.1,0.5548171622340792,0.9812124081195222,1,37,122,0.7999999999999844
Park-Fav,Progressive,45,133,0,114,0.1,0.501691893930598,0.9812124081195222,2,37,123,0.699999999999983
Park-Fav,Progressive,45,134,0,66,0.1,0.4802161727392549,0.9812124081195222,3,37,124,0.5999999999999815
Park-Fav,Progressive,45,135,0,225,0.1,0.5638698126906561,0.9812124081195222,4,37,125,0.4999999999999801
Park-Fav,Progressive,45,136,0,6,0.1,0.5551505063203638,0.9812124081195222,5,37,126,0.3999999999999787
Park-Fav,Progressive,45,137,0,38,0.1,0.4389473623790462,0.9812124081195222,6,37,127,0.2999999999999773
Park-Fav,Progressive,45,138,0,181,0.1,0.43780211473988195,0.9812124081195222,7,37,128,0.19999999999997584
Park-Fav,Progressive,45,139,0,149,0.1,0.41322907177134804,0.9812124081195222,8,37,129,0.09999999999997441
Park-Fav,Progressive,46,1,0,16,0.1,6.423993857578895,0.5,1,2,26,45.4
Park-Fav,Progressive,46,2,0,32,0.1,7.805216801834707,0.5,2,2,27,45.3
Park-Fav,Progressive,46,3,0,0,0.1,7.514069156406897,0.5,3,2,28,45.199999999999996
Park-Fav,Progressive,46,4,0,36,0.1,7.719015840596623,0.5,4,2,29,45.1
Park-Fav,Progressive,46,5,0,4,0.1,7.418889787206699,0.5,5,2,30,45.0
Park-Fav,Progressive,46,6,0,48,0.1,8.51108632168189,0.5,6,2,31,44.9
Park-Fav,Progressive,46,7,0,80,0.1,7.495857891865863,0.5,7,2,32,44.800000000000004
Park-Fav,Progressive,46,8,0,52,0.1,6.874158410560356,0.5,8,2,33,44.7
Park-Fav,Progressive,46,9,0,40,0.1,7.032711281184641,0.5,9,2,34,44.6
Park-Fav,Progressive,46,10,0,64,0.1,7.097113643141163,0.5,10,2,35,44.5
Park-Fav,Progressive,46,11,0,24,0.1,7.043127275665323,0.5,11,2,36,44.4
Park-Fav,Progressive,46,12,0,56,0.1,7.360606440032053,0.5,12,2,37,44.300000000000004
Park-Fav,Progressive,46,13,0,96,0.1,6.704415810289109,0.5,13,2,38,44.2
Park-Fav,Progressive,46,14,0,8,0.1,6.907975090052855,0.5,14,2,39,44.1
Park-Fav,Progressive,46,15,0,100,0.1,6.420555043505741,0.5,15,2,40,44.00000000000001
Park-Fav,Progressive,46,16,0,112,0.1,6.763455180616716,0.5,16,2,41,43.900000000000006
Park-Fav,Progressive,46,17,0,84,0.1,6.001569279205712,0.5,17,2,42,43.800000000000004
Park-Fav,Progressive,46,18,0,116,0.1,5.667404901711357,0.5,18,2,43,43.7
Park-Fav,Progressive,46,19,0,60,0.1,5.788000372468254,0.5,19,2,44,43.6
Park-Fav,Progressive,46,20,0,44,0.1,6.73838121748169,0.5,20,2,45,43.50000000000001
Park-Fav,Progressive,46,21,1,20,1.0,4.008891168981934,0.5,0,3,45,42.50000000000001
Park-Fav,Progressive,46,22,0,28,0.1,6.224847983011259,0.5,1,3,46,42.400000000000006
Park-Fav,Progressive,46,23,0,12,0.1,6.89310252420698,0.5,2,3,47,42.300000000000004
Park-Fav,Progressive,46,24,0,68,0.1,5.346428771230521,0.5,3,3,48,42.20000000000001
Park-Fav,Progressive,46,25,0,104,0.1,5.077129756955925,0.5,4,3,49,42.10000000000001
Park-Fav,Progressive,46,26,0,88,0.1,5.26689706476904,0.5,5,3,50,42.00000000000001
Park-Fav,Progressive,46,27,0,120,0.1,4.963129909128035,0.5,6,3,51,41.900000000000006
Park-Fav,Progressive,46,28,0,72,0.1,4.608963279025556,0.5,7,3,52,41.800000000000004
Park-Fav,Progressive,46,29,0,176,0.1,4.058174688285203,0.5,8,3,53,41.70000000000001
Park-Fav,Progressive,46,30,0,144,0.1,4.090969442859345,0.5,9,3,54,41.60000000000001
Park-Fav,Progressive,46,31,0,124,0.1,4.131265056413414,0.5,10,3,55,41.50000000000001
Park-Fav,Progressive,46,32,0,108,0.1,4.052546551655346,0.5,11,3,56,41.40000000000001
Park-Fav,Progressive,46,33,0,92,0.1,3.9059049456674653,0.5,12,3,57,41.30000000000001
Park-Fav,Progressive,46,34,0,76,0.1,3.8793977791046954,0.5,13,3,58,41.20000000000001
Park-Fav,Progressive,46,35,0,160,0.1,3.781028742032502,0.5,14,3,59,41.10000000000001
Park-Fav,Progressive,46,36,0,128,0.1,3.577055421544814,0.5,15,3,60,41.00000000000001
Park-Fav,Progressive,46,37,1,192,1.0,3.2653056902232898,0.5,0,4,60,40.000000000000014
Park-Fav,Progressive,46,38,0,180,0.1,2.9763837296170235,0.5,1,4,61,39.90000000000001
Park-Fav,Progressive,46,39,0,1,0.1,2.940121938455329,0.5,2,4,62,39.80000000000001
Park-Fav,Progressive,46,40,0,164,0.1,2.9764997922812486,0.5,3,4,63,39.70000000000001
Park-Fav,Progressive,46,41,0,49,0.1,2.8014688270430845,0.5,4,4,64,39.600000000000016
Park-Fav,Progressive,46,42,0,148,0.1,2.6280578435370026,0.5,5,4,65,39.500000000000014
Park-Fav,Progressive,46,43,0,132,0.1,2.738569214424739,0.5,6,4,66,39.40000000000001
Park-Fav,Progressive,46,44,0,33,0.1,2.708770002239405,0.5,7,4,67,39.30000000000001
Park-Fav,Progressive,46,45,0,17,0.1,2.707734721812931,0.5,8,4,68,39.20000000000001
Park-Fav,Progressive,46,46,0,53,0.1,2.0936568986660764,0.5,9,4,69,39.100000000000016
Park-Fav,Progressive,46,47,1,12,1.0,2.970247865179133,0.5,0,5,69,38.100000000000016
Park-Fav,Progressive,46,48,0,136,0.1,2.095900439453622,0.5,1,5,70,38.000000000000014
Park-Fav,Progressive,46,49,0,240,0.1,2.414086573746168,0.5,2,5,71,37.90000000000001
Park-Fav,Progressive,46,50,0,168,0.1,1.9046696233727756,0.5,3,5,72,37.80000000000002
Park-Fav,Progressive,46,51,0,152,0.1,1.9754298197444409,0.5,4,5,73,37.70000000000002
Park-Fav,Progressive,46,52,0,5,0.1,2.087011869818228,0.5,5,5,74,37.600000000000016
Park-Fav,Progressive,46,53,0,37,0.1,1.9206985028217454,0.5,6,5,75,37.500000000000014
Park-Fav,Progressive,46,54,0,188,0.1,1.8315172584065065,0.5,7,5,76,37.40000000000001
Park-Fav,Progressive,46,55,0,208,0.1,1.5997992195736148,0.5,8,5,77,37.30000000000002
Park-Fav,Progressive,46,56,0,224,0.1,1.7622213844075363,0.5,9,5,78,37.20000000000002
Park-Fav,Progressive,46,57,1,0,1.0,1.5966170703554936,0.5,0,6,78,36.20000000000002
Park-Fav,Progressive,46,58,0,61,0.1,3.3338433823838276,0.9984543758445366,1,6,79,36.100000000000016
Park-Fav,Progressive,46,59,0,244,0.1,2.8460293301122075,0.9984543758445366,2,6,80,36.00000000000002
Park-Fav,Progressive,46,60,0,196,0.1,2.5784188013080636,0.9984543758445366,3,6,81,35.90000000000002
Park-Fav,Progressive,46,61,0,140,0.1,2.550869327128661,0.9984543758445366,4,6,82,35.80000000000002
Park-Fav,Progressive,46,62,0,156,0.1,2.3285661021805946,0.9984543758445366,5,6,83,35.70000000000002
Park-Fav,Progressive,46,63,0,9,0.1,2.5480809746268607,0.9984543758445366,6,6,84,35.600000000000016
Park-Fav,Progressive,46,64,0,41,0.1,2.3491030167682663,0.9984543758445366,7,6,85,35.50000000000002
Park-Fav,Progressive,46,65,0,65,0.1,2.066384340690529,0.9984543758445366,8,6,86,35.40000000000002
Park-Fav,Progressive,46,66,0,113,0.1,2.0369081748122366,0.9984543758445366,9,6,87,35.30000000000002
Park-Fav,Progressive,46,67,0,13,0.1,2.1811823709871776,0.9984543758445366,10,6,88,35.200000000000024
Park-Fav,Progressive,46,68,0,228,0.1,1.9732935980360062,0.9984543758445366,11,6,89,35.10000000000002
Park-Fav,Progressive,46,69,0,212,0.1,1.910483421249562,0.9984543758445366,12,6,90,35.00000000000002
Park-Fav,Progressive,46,70,0,97,0.1,1.8419359842014063,0.9984543758445366,13,6,91,34.90000000000002
Park-Fav,Progressive,46,71,0,81,0.1,1.5452652721507965,0.9984543758445366,14,6,92,34.80000000000002
Park-Fav,Progressive,46,72,0,248,0.1,1.6380307011611197,0.9984543758445366,15,6,93,34.700000000000024
Park-Fav,Progressive,46,73,1,8,1.0,1.4201960005172787,0.9984543758445366,0,7,93,33.700000000000024
Park-Fav,Progressive,46,74,0,45,0.1,1.3534480030966005,0.9983243635998643,1,7,94,33.60000000000002
Park-Fav,Progressive,46,75,0,29,0.1,1.3723688770666853,0.9983243635998643,2,7,95,33.50000000000002
Park-Fav,Progressive,46,76,1,4,1.0,1.2637276229159542,0.9983243635998643,0,8,95,32.50000000000002
Park-Fav,Progressive,46,77,1,28,1.0,1.2624853139970047,0.998275977746205,0,9,95,31.50000000000002
Park-Fav,Progressive,46,78,1,24,1.0,1.1752843384557377,0.998735605018124,0,10,95,30.50000000000002
Park-Fav,Progressive,46,79,0,232,0.1,1.1562121930622022,0.9984785229827551,1,10,96,30.40000000000002
Park-Fav,Progressive,46,80,0,252,0.1,1.3363644169207547,0.9984785229827551,2,10,97,30.30000000000002
Park-Fav,Progressive,46,81,0,200,0.1,1.1837501507486103,0.9984785229827551,3,10,98,30.200000000000017
Park-Fav,Progressive,46,82,1,76,1.0,1.2228967211990949,0.9984785229827551,0,11,98,29.200000000000017
Park-Fav,Progressive,46,83,1,16,1.0,1.1952945792879168,0.9999999999999997,0,12,98,28.200000000000017
Park-Fav,Progressive,46,84,1,36,1.0,1.0977469858012694,0.9999999999999996,0,13,98,27.200000000000017
Park-Fav,Progressive,46,85,1,32,1.0,1.1542426560254986,0.9999999999999994,0,14,98,26.200000000000017
Park-Fav,Progressive,46,86,1,40,1.0,1.0264351704501558,0.9999999999999994,0,15,98,25.200000000000017
Park-Fav,Progressive,46,87,1,44,1.0,1.0908329480482044,0.9999999999999994,0,16,98,24.200000000000017
Park-Fav,Progressive,46,88,0,69,0.1,0.9547537917131275,0.9999999999999992,1,16,99,24.100000000000016
Park-Fav,Progressive,46,89,1,52,1.0,0.97417409209259,0.9999999999999992,0,17,99,23.100000000000016
Park-Fav,Progressive,46,90,0,204,0.1,1.0475471671982997,0.9999999999999992,1,17,100,23.000000000000014
Park-Fav,Progressive,46,91,1,48,1.0,1.120088990736653,0.9999999999999992,0,18,100,22.000000000000014
Park-Fav,Progressive,46,92,1,56,1.0,0.9390131517687094,0.9999999999999992,0,19,100,21.000000000000014
Park-Fav,Progressive,46,93,0,2,0.1,0.889237544692924,0.9999999999999993,1,19,101,20.900000000000013
Park-Fav,Progressive,46,94,1,60,1.0,0.8957995896301948,0.9999999999999993,0,20,101,19.900000000000013
Park-Fav,Progressive,46,95,1,84,1.0,0.8528486334599664,0.9999999999999991,0,21,101,18.900000000000013
Park-Fav,Progressive,46,96,0,236,0.1,0.8445397291200364,0.9950193791850928,1,21,102,18.80000000000001
Park-Fav,Progressive,46,97,0,129,0.1,0.7723889047777879,0.9950193791850928,2,21,103,18.70000000000001
Park-Fav,Progressive,46,98,0,50,0.1,0.9879021526835419,0.9950193791850928,3,21,104,18.60000000000001
Park-Fav,Progressive,46,99,1,100,1.0,0.7701078466941891,0.9950193791850928,0,22,104,17.60000000000001
Park-Fav,Progressive,46,100,0,85,0.1,0.8128858545400914,0.9938682614952654,1,22,105,17.500000000000007
Park-Fav,Progressive,46,101,1,96,1.0,0.7631029724922355,0.9938682614952654,0,23,105,16.500000000000007
Park-Fav,Progressive,46,102,1,64,1.0,0.8043399176046084,0.9906989177882082,0,24,105,15.500000000000007
Park-Fav,Progressive,46,103,1,104,1.0,0.7045983247006963,0.9887111491205756,0,25,105,14.500000000000007
Park-Fav,Progressive,46,104,1,80,1.0,0.7445937046697082,0.9904507212078397,0,26,105,13.500000000000007
Park-Fav,Progressive,46,105,1,68,1.0,0.6774448172186223,0.9889385204237237,0,27,105,12.500000000000007
Park-Fav,Progressive,46,106,0,18,0.1,0.7396719507249103,0.9895736612020468,1,27,106,12.400000000000007
Park-Fav,Progressive,46,107,0,34,0.1,0.659219368085925,0.9895736612020468,2,27,107,12.300000000000006
Park-Fav,Progressive,46,108,0,177,0.1,0.710888204880134,0.9895736612020468,3,27,108,12.200000000000005
Park-Fav,Progressive,46,109,1,88,1.0,0.6737577865564588,0.9895736612020468,0,28,108,11.200000000000003
Park-Fav,Progressive,46,110,1,72,1.0,0.6161636079529087,0.9904077892727797,0,29,108,10.200000000000003
Park-Fav,Progressive,46,111,1,116,1.0,0.6336237828751605,0.9910900916135801,0,30,108,9.200000000000003
Park-Fav,Progressive,46,112,1,112,1.0,0.7210104203701924,0.9912241414629717,0,31,108,8.200000000000003
Park-Fav,Progressive,46,113,1,120,1.0,0.558580760476298,0.9901327052965715,0,32,108,7.200000000000003
Park-Fav,Progressive,46,114,0,220,0.1,0.5411607650887797,0.9905678058189284,1,32,109,7.100000000000003
Park-Fav,Progressive,46,115,0,145,0.1,0.515569680457956,0.9905678058189284,2,32,110,7.000000000000002
Park-Fav,Progressive,46,116,0,121,0.1,0.4607063902169936,0.9905678058189284,3,32,111,6.9
Park-Fav,Progressive,46,117,0,161,0.1,0.5251421384297712,0.9905678058189284,4,32,112,6.799999999999999
Park-Fav,Progressive,46,118,1,92,1.0,0.4444694290940948,0.9905678058189284,0,33,112,5.799999999999997
Park-Fav,Progressive,46,119,1,108,1.0,0.451012353528885,0.9895770084852629,0,34,112,4.799999999999997
Park-Fav,Progressive,46,120,1,124,1.0,0.402432907346654,0.9891470341366757,0,35,112,3.799999999999997
Park-Fav,Progressive,46,121,0,73,0.1,0.3747082465140187,0.9890029159800034,1,35,113,3.699999999999997
Park-Fav,Progressive,46,122,1,128,1.0,0.36964887173256517,0.9890029159800034,0,36,113,2.6999999999999957
Park-Fav,Progressive,46,123,1,144,1.0,0.35819989964610016,0.9849013084891108,0,37,113,1.6999999999999957
Park-Fav,Progressive,46,124,1,160,1.0,0.33828936969883816,0.9821505584378638,0,38,113,0.6999999999999957
Park-Fav,Progressive,46,125,0,105,0.1,0.2742991844808874,0.9802617159748841,1,38,114,0.5999999999999958
Park-Fav,Progressive,46,126,0,6,0.1,0.2944811137333962,0.9802617159748841,2,38,115,0.49999999999999434
Park-Fav,Progressive,46,127,0,193,0.1,0.2801475111915541,0.9802617159748841,3,38,116,0.3999999999999929
Park-Fav,Progressive,46,128,0,54,0.1,0.25187400129898024,0.9802617159748841,4,38,117,0.2999999999999915
Park-Fav,Progressive,46,129,0,133,0.1,0.2270794517725038,0.9802617159748841,5,38,118,0.19999999999999005
Park-Fav,Progressive,46,130,0,241,0.1,0.2451736868380114,0.9802617159748841,6,38,119,0.09999999999998863
Park-Fav,Progressive,47,1,0,16,0.1,11.65734891260724,0.5,1,2,26,45.4
Park-Fav,Progressive,47,2,0,0,0.1,8.543066145919605,0.5,2,2,27,45.3
Park-Fav,Progressive,47,3,0,32,0.1,8.79696224796793,0.5,3,2,28,45.199999999999996
Park-Fav,Progressive,47,4,0,20,0.1,9.023177539499024,0.5,4,2,29,45.1
Park-Fav,Progressive,47,5,0,4,0.1,8.855275838049941,0.5,5,2,30,45.0
Park-Fav,Progressive,47,6,0,48,0.1,9.067975756025644,0.5,6,2,31,44.9
Park-Fav,Progressive,47,7,0,36,0.1,8.83990914818568,0.5,7,2,32,44.800000000000004
Park-Fav,Progressive,47,8,0,24,0.1,8.396364430231667,0.5,8,2,33,44.7
Park-Fav,Progressive,47,9,0,52,0.1,8.680092006254542,0.5,9,2,34,44.6
Park-Fav,Progressive,47,10,0,80,0.1,8.656057206781966,0.5,10,2,35,44.5
Park-Fav,Progressive,47,11,0,40,0.1,8.23564708573917,0.5,11,2,36,44.4
Park-Fav,Progressive,47,12,0,8,0.1,8.130576076774966,0.5,12,2,37,44.300000000000004
Park-Fav,Progressive,47,13,0,96,0.1,7.951035753884348,0.5,13,2,38,44.2
Park-Fav,Progressive,47,14,0,84,0.1,7.474188957659999,0.5,14,2,39,44.1
Park-Fav,Progressive,47,15,0,12,0.1,7.071889202238224,0.5,15,2,40,44.00000000000001
Park-Fav,Progressive,47,16,0,56,0.1,7.875745081716943,0.5,16,2,41,43.900000000000006
Park-Fav,Progressive,47,17,0,64,0.1,7.448223663355514,0.5,17,2,42,43.800000000000004
Park-Fav,Progressive,47,18,0,28,0.1,7.305802072897625,0.5,18,2,43,43.7
Park-Fav,Progressive,47,19,0,44,0.1,7.620043493065746,0.5,19,2,44,43.6
Park-Fav,Progressive,47,20,0,60,0.1,7.124502522917939,0.5,20,2,45,43.50000000000001
Park-Fav,Progressive,47,21,1,8,1.0,6.128283123997092,0.5,0,3,45,42.50000000000001
Park-Fav,Progressive,47,22,0,68,0.1,6.986920309059098,0.5,1,3,46,42.400000000000006
Park-Fav,Progressive,47,23,0,112,0.1,6.91560220571763,0.5,2,3,47,42.300000000000004
Park-Fav,Progressive,47,24,0,72,0.1,6.396130669024093,0.5,3,3,48,42.20000000000001
Park-Fav,Progressive,47,25,0,116,0.1,6.045560649485233,0.5,4,3,49,42.10000000000001
Park-Fav,Progressive,47,26,0,88,0.1,6.006149494077129,0.5,5,3,50,42.00000000000001
Park-Fav,Progressive,47,27,0,120,0.1,5.3288255348038165,0.5,6,3,51,41.900000000000006
Park-Fav,Progressive,47,28,0,124,0.1,5.786986903643112,0.5,7,3,52,41.800000000000004
Park-Fav,Progressive,47,29,0,92,0.1,4.733127486152838,0.5,8,3,53,41.70000000000001
Park-Fav,Progressive,47,30,0,108,0.1,5.101060756835205,0.5,9,3,54,41.60000000000001
Park-Fav,Progressive,47,31,0,128,0.1,4.995107628429824,0.5,10,3,55,41.50000000000001
Park-Fav,Progressive,47,32,0,176,0.1,4.878127147874872,0.5,11,3,56,41.40000000000001
Park-Fav,Progressive,47,33,0,160,0.1,3.931872478418839,0.5,12,3,57,41.30000000000001
Park-Fav,Progressive,47,34,0,180,0.1,3.8744955523618976,0.5,13,3,58,41.20000000000001
Park-Fav,Progressive,47,35,0,132,0.1,3.9264929660398953,0.5,14,3,59,41.10000000000001
Park-Fav,Progressive,47,36,0,164,0.1,3.595859509034294,0.5,15,3,60,41.00000000000001
Park-Fav,Progressive,47,37,0,148,0.1,3.5528883072054738,0.5,16,3,61,40.90000000000001
Park-Fav,Progressive,47,38,0,49,0.1,3.421216529285998,0.5,17,3,62,40.80000000000001
Park-Fav,Progressive,47,39,1,204,1.0,3.397336368537301,0.5,0,4,62,39.80000000000001
Park-Fav,Progressive,47,40,0,33,0.1,3.302806560777768,0.5,1,4,63,39.70000000000001
Park-Fav,Progressive,47,41,0,192,0.1,3.5870031436207017,0.5,2,4,64,39.600000000000016
Park-Fav,Progressive,47,42,0,17,0.1,3.4776653174976695,0.5,3,4,65,39.500000000000014
Park-Fav,Progressive,47,43,1,48,1.0,3.730233660343526,0.5,0,5,65,38.500000000000014
Park-Fav,Progressive,47,44,0,136,0.1,2.902932847580116,0.5,1,5,66,38.40000000000001
Park-Fav,Progressive,47,45,0,5,0.1,2.7541339263867073,0.5,2,5,67,38.30000000000001
Park-Fav,Progressive,47,46,0,240,0.1,2.919673283892648,0.5,3,5,68,38.20000000000001
Park-Fav,Progressive,47,47,0,140,0.1,2.8738097432278513,0.5,4,5,69,38.100000000000016
Park-Fav,Progressive,47,48,0,152,0.1,2.8308444450362944,0.5,5,5,70,38.000000000000014
Park-Fav,Progressive,47,49,0,184,0.1,2.635847649915724,0.5,6,5,71,37.90000000000001
Park-Fav,Progressive,47,50,0,53,0.1,2.439512041676956,0.5,7,5,72,37.80000000000002
Park-Fav,Progressive,47,51,1,60,1.0,2.421936375271574,0.5,0,6,72,36.80000000000002
Park-Fav,Progressive,47,52,0,21,0.1,4.670452659571905,0.9999688380890783,1,6,73,36.70000000000002
Park-Fav,Progressive,47,53,0,224,0.1,4.695819741043378,0.9999688380890783,2,6,74,36.600000000000016
Park-Fav,Progressive,47,54,0,208,0.1,4.484201571200386,0.9999688380890783,3,6,75,36.500000000000014
Park-Fav,Progressive,47,55,0,196,0.1,3.9019892382872277,0.9999688380890783,4,6,76,36.40000000000001
Park-Fav,Progressive,47,56,0,9,0.1,4.476656882790784,0.9999688380890783,5,6,77,36.30000000000002
Park-Fav,Progressive,47,57,0,188,0.1,3.928752250909682,0.9999688380890783,6,6,78,36.20000000000002
Park-Fav,Progressive,47,58,0,57,0.1,4.075780422035378,0.9999688380890783,7,6,79,36.100000000000016
Park-Fav,Progressive,47,59,0,156,0.1,3.899050697546346,0.9999688380890783,8,6,80,36.00000000000002
Park-Fav,Progressive,47,60,0,172,0.1,3.5524086352224327,0.9999688380890783,9,6,81,35.90000000000002
Park-Fav,Progressive,47,61,0,13,0.1,3.7582619568520936,0.9999688380890783,10,6,82,35.80000000000002
Park-Fav,Progressive,47,62,0,41,0.1,3.2607622148819786,0.9999688380890783,11,6,83,35.70000000000002
Park-Fav,Progressive,47,63,0,228,0.1,3.2265211361373205,0.9999688380890783,12,6,84,35.600000000000016
Park-Fav,Progressive,47,64,0,61,0.1,3.0712033395406895,0.9999688380890783,13,6,85,35.50000000000002
Park-Fav,Progressive,47,65,0,65,0.1,2.826264044343331,0.9999688380890783,14,6,86,35.40000000000002
Park-Fav,Progressive,47,66,0,244,0.1,3.132292309200261,0.9999688380890783,15,6,87,35.30000000000002
Park-Fav,Progressive,47,67,0,25,0.1,3.2102971145194523,0.9999688380890783,16,6,88,35.200000000000024
Park-Fav,Progressive,47,68,0,212,0.1,2.5058540252649735,0.9999688380890783,17,6,89,35.10000000000002
Park-Fav,Progressive,47,69,0,113,0.1,2.6596961324546897,0.9999688380890783,18,6,90,35.00000000000002
Park-Fav,Progressive,47,70,0,81,0.1,2.3053074616811986,0.9999688380890783,19,6,91,34.90000000000002
Park-Fav,Progressive,47,71,0,97,0.1,2.3933558542719005,0.9999688380890783,20,6,92,34.80000000000002
Park-Fav,Progressive,47,72,1,36,1.0,1.6238340775851512,0.9999688380890783,0,7,92,33.800000000000026
Park-Fav,Progressive,47,73,0,29,0.1,2.5523114859153933,0.9996481866516692,1,7,93,33.700000000000024
Park-Fav,Progressive,47,74,0,45,0.1,1.98698133435201,0.9996481866516692,2,7,94,33.60000000000002
Park-Fav,Progressive,47,75,0,200,0.1,2.090149433466879,0.9996481866516692,3,7,95,33.50000000000002
Park-Fav,Progressive,47,76,0,248,0.1,2.003294766718686,0.9996481866516692,4,7,96,33.40000000000002
Park-Fav,Progressive,47,77,0,232,0.1,1.761354916174575,0.9996481866516692,5,7,97,33.30000000000002
Park-Fav,Progressive,47,78,1,56,1.0,1.5200052396025374,0.9996481866516692,0,8,97,32.30000000000002
Park-Fav,Progressive,47,79,1,0,1.0,1.513011019603784,0.9992730217817151,0,9,97,31.30000000000002
Park-Fav,Progressive,47,80,0,216,0.1,1.7873111585187724,0.9983928010884241,1,9,98,31.200000000000017
Park-Fav,Progressive,47,81,0,252,0.1,1.6087236954348452,0.9983928010884241,2,9,99,31.100000000000016
Park-Fav,Progressive,47,82,1,32,1.0,1.5195528519554662,0.9983928010884241,0,10,99,30.100000000000016
Park-Fav,Progressive,47,83,0,50,0.1,1.3936860577588919,0.9986434443355334,1,10,100,30.000000000000014
Park-Fav,Progressive,47,84,1,52,1.0,1.375334777522587,0.9986434443355334,0,11,100,29.000000000000014
Park-Fav,Progressive,47,85,0,129,0.1,1.5078397288167156,0.9981820727018521,1,11,101,28.900000000000013
Park-Fav,Progressive,47,86,1,16,1.0,1.3575896087710104,0.9981820727018521,0,12,101,27.900000000000013
Park-Fav,Progressive,47,87,1,20,1.0,1.2963842091484374,0.9983225597050178,0,13,101,26.900000000000013
Park-Fav,Progressive,47,88,1,40,1.0,1.3641588698278602,0.9982524878149344,0,14,101,25.900000000000013
Park-Fav,Progressive,47,89,1,24,1.0,1.2784969487784834,0.9983735753960385,0,15,101,24.900000000000013
Park-Fav,Progressive,47,90,0,236,0.1,1.2319665748489823,0.9984756396549165,1,15,102,24.80000000000001
Park-Fav,Progressive,47,91,1,44,1.0,1.1600729648897095,0.9984756396549165,0,16,102,23.80000000000001
Park-Fav,Progressive,47,92,0,34,0.1,1.3198310331063952,0.9985467578153043,1,16,103,23.70000000000001
Park-Fav,Progressive,47,93,0,2,0.1,1.3056959534301078,0.9985467578153043,2,16,104,23.60000000000001
Park-Fav,Progressive,47,94,0,85,0.1,1.3082453681666264,0.9985467578153043,3,16,105,23.500000000000007
Park-Fav,Progressive,47,95,0,117,0.1,1.1662541856431938,0.9985467578153043,4,16,106,23.400000000000006
Park-Fav,Progressive,47,96,1,4,1.0,1.1625207478360513,0.9985467578153043,0,17,106,22.400000000000006
Park-Fav,Progressive,47,97,1,28,1.0,1.1126455707282814,0.9985626333597561,0,18,106,21.400000000000006
Park-Fav,Progressive,47,98,0,101,0.1,1.1111258749827975,0.9985994114823851,1,18,107,21.300000000000004
Park-Fav,Progressive,47,99,1,12,1.0,1.0563897433887899,0.9985994114823851,0,19,107,20.300000000000004
Park-Fav,Progressive,47,100,0,220,0.1,1.0725642630198078,0.9985855973656348,1,19,108,20.200000000000003
Park-Fav,Progressive,47,101,0,18,0.1,1.0419294462103237,0.9985855973656348,2,19,109,20.1
Park-Fav,Progressive,47,102,1,112,1.0,0.884518413076832,0.9985855973656348,0,20,109,19.1
Park-Fav,Progressive,47,103,0,73,0.1,0.8146208551195123,0.9999999999999899,1,20,110,19.0
Park-Fav,Progressive,47,104,0,161,0.1,0.8726108841757951,0.9999999999999899,2,20,111,18.9
Park-Fav,Progressive,47,105,0,177,0.1,0.8633699020164283,0.9999999999999899,3,20,112,18.799999999999997
Park-Fav,Progressive,47,106,1,96,1.0,0.8511614304830816,0.9999999999999899,0,21,112,17.799999999999997
Park-Fav,Progressive,47,107,1,100,1.0,0.7316690564031509,0.9999999999999947,0,22,112,16.799999999999997
Park-Fav,Progressive,47,108,0,77,0.1,0.8376846623769382,0.9974959652193284,1,22,113,16.699999999999996
Park-Fav,Progressive,47,109,1,57,1.0,0.8022325640217919,0.9974959652193284,0,23,113,15.699999999999996
Park-Fav,Progressive,47,110,1,80,1.0,0.6868071952443142,0.9877023734390886,0,24,113,14.699999999999996
Park-Fav,Progressive,47,111,1,84,1.0,0.7300487946600411,0.9848060051776478,0,25,113,13.699999999999996
Park-Fav,Progressive,47,112,1,64,1.0,0.7878849006598483,0.983436113312068,0,26,113,12.699999999999996
Park-Fav,Progressive,47,113,0,193,0.1,0.7146048344900316,0.981350911518728,1,26,114,12.599999999999996
Park-Fav,Progressive,47,114,1,68,1.0,0.7287251780349522,0.981350911518728,0,27,114,11.599999999999994
Park-Fav,Progressive,47,115,1,116,1.0,0.7245699903163451,0.9805630680099482,0,28,114,10.599999999999994
Park-Fav,Progressive,47,116,1,104,1.0,0.6156955581545096,0.9799427655888113,0,29,114,9.599999999999994
Park-Fav,Progressive,47,117,1,88,1.0,0.5900252829707524,0.9806584864529626,0,30,114,8.599999999999994
Park-Fav,Progressive,47,118,1,120,1.0,0.5899278265904535,0.9812812183213823,0,31,114,7.599999999999994
Park-Fav,Progressive,47,119,1,72,1.0,0.6116589335418392,0.9818274463290825,0,32,114,6.599999999999994
Park-Fav,Progressive,47,120,0,133,0.1,0.5155341265332225,0.9823101160722362,1,32,115,6.499999999999995
Park-Fav,Progressive,47,121,0,54,0.1,0.46436121606757147,0.9823101160722362,2,32,116,6.399999999999993
Park-Fav,Progressive,47,122,0,209,0.1,0.48269700582430497,0.9823101160722362,3,32,117,6.299999999999992
Park-Fav,Progressive,47,123,1,124,1.0,0.47677537029203965,0.9823101160722362,0,33,117,5.29999999999999
Park-Fav,Progressive,47,124,0,241,0.1,0.4978935694925582,0.9832030879370898,1,33,118,5.19999999999999
Park-Fav,Progressive,47,125,1,1,1.0,0.42673251923486366,0.9832030879370898,0,34,118,4.199999999999989
Park-Fav,Progressive,47,126,1,108,1.0,0.45100970737722473,0.9841566871889268,0,35,118,3.1999999999999886
Park-Fav,Progressive,47,127,0,105,0.1,0.4264076105575086,0.9846786313379895,1,35,119,3.0999999999999885
Park-Fav,Progressive,47,128,0,6,0.1,0.5454022877535206,0.9846786313379895,2,35,120,2.999999999999987
Park-Fav,Progressive,47,129,0,121,0.1,0.41981440296435857,0.9846786313379895,3,35,121,2.8999999999999857
Park-Fav,Progressive,47,130,1,92,1.0,0.4231562797647717,0.9846786313379895,0,36,121,1.8999999999999844
Park-Fav,Progressive,47,131,1,176,1.0,0.40002620565327285,0.9851392368436409,0,37,121,0.8999999999999844
Park-Fav,Progressive,47,132,0,93,0.1,0.3207293348651827,0.9809488124529966,1,37,122,0.7999999999999844
Park-Fav,Progressive,47,133,0,125,0.1,0.353726755380424,0.9809488124529966,2,37,123,0.699999999999983
Park-Fav,Progressive,47,134,0,225,0.1,0.28297884773378634,0.9809488124529966,3,37,124,0.5999999999999815
Park-Fav,Progressive,47,135,0,181,0.1,0.27925162985586144,0.9809488124529966,4,37,125,0.4999999999999801
Park-Fav,Progressive,47,136,0,109,0.1,0.3144553066085598,0.9809488124529966,5,37,126,0.3999999999999787
Park-Fav,Progressive,47,137,0,66,0.1,0.3006277426434361,0.9809488124529966,6,37,127,0.2999999999999773
Park-Fav,Progressive,47,138,0,38,0.1,0.24135494765335205,0.9809488124529966,7,37,128,0.19999999999997584
Park-Fav,Progressive,47,139,0,22,0.1,0.29634017275078,0.9809488124529966,8,37,129,0.09999999999997441
Park-Fav,Progressive,48,1,0,48,0.1,11.684655283342897,0.5,1,2,26,45.4
Park-Fav,Progressive,48,2,0,32,0.1,10.50304724274782,0.5,2,2,27,45.3
Park-Fav,Progressive,48,3,0,16,0.1,10.09440635133177,0.5,3,2,28,45.199999999999996
Park-Fav,Progressive,48,4,0,20,0.1,9.824312371821483,0.5,4,2,29,45.1
Park-Fav,Progressive,48,5,0,36,0.1,9.614207248864126,0.5,5,2,30,45.0
Park-Fav,Progressive,48,6,0,0,0.1,9.282638350237287,0.5,6,2,31,44.9
Park-Fav,Progressive,48,7,0,96,0.1,9.039863220178425,0.5,7,2,32,44.800000000000004
Park-Fav,Progressive,48,8,0,4,0.1,8.84739810834508,0.5,8,2,33,44.7
Park-Fav,Progressive,48,9,0,112,0.1,8.097987606628724,0.5,9,2,34,44.6
Park-Fav,Progressive,48,10,0,40,0.1,9.43496187082761,0.5,10,2,35,44.5
Park-Fav,Progressive,48,11,0,8,0.1,8.758672449541976,0.5,11,2,36,44.4
Park-Fav,Progressive,48,12,0,56,0.1,8.38622500392964,0.5,12,2,37,44.300000000000004
Park-Fav,Progressive,48,13,0,64,0.1,8.595586243685842,0.5,13,2,38,44.2
Park-Fav,Progressive,48,14,0,100,0.1,7.831873572197481,0.5,14,2,39,44.1
Park-Fav,Progressive,48,15,0,68,0.1,7.53577595963022,0.5,15,2,40,44.00000000000001
Park-Fav,Progressive,48,16,0,116,0.1,7.454864774670258,0.5,16,2,41,43.900000000000006
Park-Fav,Progressive,48,17,0,12,0.1,7.07441595352556,0.5,17,2,42,43.800000000000004
Park-Fav,Progressive,48,18,0,28,0.1,7.989662671368683,0.5,18,2,43,43.7
Park-Fav,Progressive,48,19,0,44,0.1,8.380409517954995,0.5,19,2,44,43.6
Park-Fav,Progressive,48,20,0,60,0.1,7.251605193138833,0.5,20,2,45,43.50000000000001
Park-Fav,Progressive,48,21,1,16,1.0,3.722049352859581,0.5,0,3,45,42.50000000000001
Park-Fav,Progressive,48,22,0,104,0.1,6.933175278148599,0.5,1,3,46,42.400000000000006
Park-Fav,Progressive,48,23,0,120,0.1,6.721748756758694,0.5,2,3,47,42.300000000000004
Park-Fav,Progressive,48,24,0,88,0.1,6.906728381026889,0.5,3,3,48,42.20000000000001
Park-Fav,Progressive,48,25,0,72,0.1,6.45473224119296,0.5,4,3,49,42.10000000000001
Park-Fav,Progressive,48,26,0,124,0.1,6.134301043418873,0.5,5,3,50,42.00000000000001
Park-Fav,Progressive,48,27,0,128,0.1,6.0443244770896305,0.5,6,3,51,41.900000000000006
Park-Fav,Progressive,48,28,0,176,0.1,5.667215187921608,0.5,7,3,52,41.800000000000004
Park-Fav,Progressive,48,29,0,144,0.1,5.401713111397282,0.5,8,3,53,41.70000000000001
Park-Fav,Progressive,48,30,0,108,0.1,5.326880721175191,0.5,9,3,54,41.60000000000001
Park-Fav,Progressive,48,31,0,1,0.1,5.09118314970431,0.5,10,3,55,41.50000000000001
Park-Fav,Progressive,48,32,0,160,0.1,4.941817971729535,0.5,11,3,56,41.40000000000001
Park-Fav,Progressive,48,33,0,76,0.1,5.520156136251355,0.5,12,3,57,41.30000000000001
Park-Fav,Progressive,48,34,0,92,0.1,4.784145120087657,0.5,13,3,58,41.20000000000001
Park-Fav,Progressive,48,35,0,148,0.1,4.367050256603936,0.5,14,3,59,41.10000000000001
Park-Fav,Progressive,48,36,0,164,0.1,4.224717696492386,0.5,15,3,60,41.00000000000001
Park-Fav,Progressive,48,37,0,132,0.1,4.313963698399131,0.5,16,3,61,40.90000000000001
Park-Fav,Progressive,48,38,0,33,0.1,3.881434186113667,0.5,17,3,62,40.80000000000001
Park-Fav,Progressive,48,39,0,17,0.1,3.9654845898929936,0.5,18,3,63,40.70000000000001
Park-Fav,Progressive,48,40,0,184,0.1,3.707127131949633,0.5,19,3,64,40.600000000000016
Park-Fav,Progressive,48,41,0,49,0.1,3.9527863627683835,0.5,20,3,65,40.500000000000014
Park-Fav,Progressive,48,42,1,48,1.0,2.3973215977614246,0.5,0,4,65,39.500000000000014
Park-Fav,Progressive,48,43,0,192,0.1,3.156175105228254,0.5,1,4,66,39.40000000000001
Park-Fav,Progressive,48,44,0,240,0.1,3.218971810742477,0.5,2,4,67,39.30000000000001
Park-Fav,Progressive,48,45,0,136,0.1,3.2615143166470086,0.5,3,4,68,39.20000000000001
Park-Fav,Progressive,48,46,0,208,0.1,3.0609923286688594,0.5,4,4,69,39.100000000000016
Park-Fav,Progressive,48,47,0,53,0.1,3.0411955632319287,0.5,5,4,70,39.000000000000014
Park-Fav,Progressive,48,48,0,152,0.1,2.910267012933812,0.5,6,4,71,38.90000000000001
Park-Fav,Progressive,48,49,0,5,0.1,2.900268190794913,0.5,7,4,72,38.80000000000002
Park-Fav,Progressive,48,50,0,168,0.1,2.8970550077970896,0.5,8,4,73,38.70000000000002
Park-Fav,Progressive,48,51,0,37,0.1,2.56571324314114,0.5,9,4,74,38.600000000000016
Park-Fav,Progressive,48,52,0,21,0.1,2.600157788724012,0.5,10,4,75,38.500000000000014
Park-Fav,Progressive,48,53,0,224,0.1,2.4675282873466613,0.5,11,4,76,38.40000000000001
Park-Fav,Progressive,48,54,0,196,0.1,2.321700364041077,0.5,12,4,77,38.30000000000002
Park-Fav,Progressive,48,55,0,140,0.1,2.3683966444524205,0.5,13,4,78,38.20000000000002
Park-Fav,Progressive,48,56,1,240,1.0,2.4190684623550616,0.5,0,5,78,37.20000000000002
Park-Fav,Progressive,48,57,0,188,0.1,4.777716568831161,1.0,1,5,79,37.100000000000016
Park-Fav,Progressive,48,58,0,172,0.1,4.297943449231375,1.0,2,5,80,37.00000000000002
Park-Fav,Progressive,48,59,0,113,0.1,3.948074616388467,1.0,3,5,81,36.90000000000002
Park-Fav,Progressive,48,60,0,156,0.1,4.009861573187878,1.0,4,5,82,36.80000000000002
Park-Fav,Progressive,48,61,0,25,0.1,3.7169999928473785,1.0,5,5,83,36.70000000000002
Park-Fav,Progressive,48,62,0,212,0.1,3.6796195678883636,1.0,6,5,84,36.600000000000016
Park-Fav,Progressive,48,63,0,57,0.1,3.663764719728578,1.0,7,5,85,36.50000000000002
Park-Fav,Progressive,48,64,0,41,0.1,3.5327352186272254,1.0,8,5,86,36.40000000000002
Park-Fav,Progressive,48,65,0,244,0.1,3.4994913379639967,1.0,9,5,87,36.30000000000002
Park-Fav,Progressive,48,66,0,228,0.1,3.2725883144017764,1.0,10,5,88,36.200000000000024
Park-Fav,Progressive,48,67,0,61,0.1,3.1936475754678626,1.0,11,5,89,36.10000000000002
Park-Fav,Progressive,48,68,0,81,0.1,2.8005060023101036,1.0,12,5,90,36.00000000000002
Park-Fav,Progressive,48,69,0,97,0.1,2.5834025585997242,1.0,13,5,91,35.90000000000002
Park-Fav,Progressive,48,70,0,13,0.1,2.864911031632975,1.0,14,5,92,35.80000000000002
Park-Fav,Progressive,48,71,0,248,0.1,2.6246845762090274,1.0,15,5,93,35.700000000000024
Park-Fav,Progressive,48,72,0,45,0.1,2.312390815770516,1.0,16,5,94,35.60000000000002
Park-Fav,Progressive,48,73,0,29,0.1,2.515321267407933,1.0,17,5,95,35.50000000000002
Park-Fav,Progressive,48,74,0,200,0.1,2.065621329502192,1.0,18,5,96,35.40000000000003
Park-Fav,Progressive,48,75,0,252,0.1,2.0881334622157497,1.0,19,5,97,35.300000000000026
Park-Fav,Progressive,48,76,1,32,1.0,1.939747436460697,1.0,0,6,97,34.300000000000026
Park-Fav,Progressive,48,77,0,232,0.1,1.8683501316054574,1.0,1,6,98,34.200000000000024
Park-Fav,Progressive,48,78,0,69,0.1,1.8904952889096853,1.0,2,6,99,34.10000000000002
Park-Fav,Progressive,48,79,1,0,1.0,1.880295547952439,1.0,0,7,99,33.10000000000002
Park-Fav,Progressive,48,80,0,216,0.1,1.7863635251230658,1.0,1,7,100,33.00000000000002
Park-Fav,Progressive,48,81,0,204,0.1,1.8327742967720666,1.0,2,7,101,32.90000000000003
Park-Fav,Progressive,48,82,0,50,0.1,1.8697811983363504,1.0,3,7,102,32.80000000000002
Park-Fav,Progressive,48,83,0,117,0.1,1.6077865481201463,1.0,4,7,103,32.700000000000024
Park-Fav,Progressive,48,84,0,2,0.1,1.6913388467429107,1.0,5,7,104,32.600000000000016
Park-Fav,Progressive,48,85,1,80,1.0,1.3293472648522724,1.0,0,8,104,31.600000000000023
Park-Fav,Progressive,48,86,0,18,0.1,1.4200949500270224,0.9999999999999998,1,8,105,31.500000000000018
Park-Fav,Progressive,48,87,1,36,1.0,1.5460013719185681,0.9999999999999998,0,9,105,30.500000000000018
Park-Fav,Progressive,48,88,0,177,0.1,1.4806502635477963,1.0,1,9,106,30.400000000000016
Park-Fav,Progressive,48,89,1,96,1.0,1.2702856453798583,1.0,0,10,106,29.400000000000016
Park-Fav,Progressive,48,90,0,145,0.1,1.285409276856685,1.0,1,10,107,29.300000000000015
Park-Fav,Progressive,48,91,1,20,1.0,1.2503750483941845,1.0,0,11,107,28.300000000000015
Park-Fav,Progressive,48,92,0,34,0.1,1.2881424039073168,1.0,1,11,108,28.200000000000014
Park-Fav,Progressive,48,93,1,4,1.0,1.1708551013271247,1.0,0,12,108,27.200000000000014
Park-Fav,Progressive,48,94,0,161,0.1,1.308043886232303,1.0,1,12,109,27.100000000000012
Park-Fav,Progressive,48,95,1,64,1.0,1.2947793795486402,1.0,0,13,109,26.100000000000012
Park-Fav,Progressive,48,96,0,236,0.1,1.1793586993901233,0.9999999999999999,1,13,110,26.00000000000001
Park-Fav,Progressive,48,97,1,112,1.0,1.0122277318389528,0.9999999999999999,0,14,110,25.00000000000001
Park-Fav,Progressive,48,98,0,220,0.1,1.157802800349934,1.0,1,14,111,24.90000000000001
Park-Fav,Progressive,48,99,0,73,0.1,0.9888768979432194,1.0,2,14,112,24.800000000000008
Park-Fav,Progressive,48,100,0,121,0.1,0.9559443502081882,1.0,3,14,113,24.700000000000006
Park-Fav,Progressive,48,101,1,40,1.0,1.0063955046294124,1.0,0,15,113,23.700000000000006
Park-Fav,Progressive,48,102,1,24,1.0,0.9627624860429055,0.9999999999999997,0,16,113,22.700000000000006
Park-Fav,Progressive,48,103,1,8,1.0,1.0647069476105075,0.9999999999999997,0,17,113,21.700000000000006
Park-Fav,Progressive,48,104,1,84,1.0,1.0434991515963146,0.9999999999999996,0,18,113,20.700000000000006
Park-Fav,Progressive,48,105,1,100,1.0,1.0426055017412257,0.9987763915382277,0,19,113,19.700000000000006
Park-Fav,Progressive,48,106,1,56,1.0,0.9835419911855714,0.9979333602391911,0,20,113,18.700000000000006
Park-Fav,Progressive,48,107,1,28,1.0,0.9287152205003482,0.9979865331914825,0,21,113,17.700000000000006
Park-Fav,Progressive,48,108,1,44,1.0,1.0048539966920715,0.9980318449370487,0,22,113,16.700000000000003
Park-Fav,Progressive,48,109,1,60,1.0,0.872309454286892,0.9980709186257556,0,23,113,15.700000000000003
Park-Fav,Progressive,48,110,1,12,1.0,1.0856630409164616,0.9981049593736852,0,24,113,14.700000000000003
Park-Fav,Progressive,48,111,1,116,1.0,0.8425042574660049,0.9981348806833554,0,25,113,13.700000000000003
Park-Fav,Progressive,48,112,1,68,1.0,0.7113518720851584,0.9976126950671896,0,26,113,12.700000000000003
Park-Fav,Progressive,48,113,1,104,1.0,0.8289458683025002,0.9972374490548522,0,27,113,11.700000000000003
Park-Fav,Progressive,48,114,1,88,1.0,0.7880414761929756,0.9941930737193281,0,28,113,10.700000000000003
Park-Fav,Progressive,48,115,0,125,0.1,0.7066543679944894,0.992227763620477,1,28,114,10.600000000000003
Park-Fav,Progressive,48,116,1,120,1.0,0.673252565207347,0.992227763620477,0,29,114,9.600000000000001
Park-Fav,Progressive,48,117,0,193,0.1,0.7234004666585941,0.9909122382017951,1,29,115,9.500000000000002
Park-Fav,Progressive,48,118,0,241,0.1,0.6193841644047521,0.9909122382017951,2,29,116,9.4
Park-Fav,Progressive,48,119,0,89,0.1,0.6186577377812533,0.9909122382017951,3,29,117,9.299999999999999
Park-Fav,Progressive,48,120,0,105,0.1,0.6363400560960876,0.9909122382017951,4,29,118,9.199999999999998
Park-Fav,Progressive,48,121,1,72,1.0,0.6843770579787096,0.9909122382017951,0,30,118,8.199999999999996
Park-Fav,Progressive,48,122,1,76,1.0,0.6444928564134257,0.9900076214957603,0,31,118,7.199999999999996
Park-Fav,Progressive,48,123,0,6,0.1,0.528333163134005,0.9866258111930286,1,31,119,7.099999999999996
Park-Fav,Progressive,48,124,0,209,0.1,0.5692000715411835,0.9866258111930286,2,31,120,6.999999999999995
Park-Fav,Progressive,48,125,0,133,0.1,0.5324715752899377,0.9866258111930286,3,31,121,6.899999999999993
Park-Fav,Progressive,48,126,1,124,1.0,0.6425148370474656,0.9866258111930286,0,32,121,5.8999999999999915
Park-Fav,Progressive,48,127,0,225,0.1,0.48941281286901755,0.9844818694103606,1,32,122,5.799999999999992
Park-Fav,Progressive,48,128,1,92,1.0,0.5506933011663108,0.9844818694103606,0,33,122,4.79999999999999
Park-Fav,Progressive,48,129,1,108,1.0,0.45810595291954814,0.9830872689289982,0,34,122,3.79999999999999
Park-Fav,Progressive,48,130,0,109,0.1,0.44640084289385196,0.9821668175944782,1,34,123,3.69999999999999
Park-Fav,Progressive,48,131,0,54,0.1,0.5671720359837967,0.9821668175944782,2,34,124,3.5999999999999885
Park-Fav,Progressive,48,132,1,128,1.0,0.43818007036370277,0.9821668175944782,0,35,124,2.599999999999987
Park-Fav,Progressive,48,133,0,181,0.1,0.5608835067327742,0.9805065816796956,1,35,125,2.499999999999987
Park-Fav,Progressive,48,134,1,160,1.0,0.45304441678953333,0.9805065816796956,0,36,125,1.4999999999999858
Park-Fav,Progressive,48,135,1,144,1.0,0.4425562400346027,0.9793229833201591,0,37,125,0.4999999999999858
Park-Fav,Progressive,48,136,0,165,0.1,0.3424631210932869,0.978470202848683,1,37,126,0.3999999999999858
Park-Fav,Progressive,48,137,0,114,0.1,0.38881911336516223,0.978470202848683,2,37,127,0.2999999999999844
Park-Fav,Progressive,48,138,0,3,0.1,0.38528497250450905,0.978470202848683,3,37,128,0.19999999999998294
Park-Fav,Progressive,48,139,0,149,0.1,0.36198077889427116,0.978470202848683,4,37,129,0.09999999999998152
Park-Fav,Progressive,49,1,0,16,0.1,11.292211337590453,0.5,1,2,26,45.4
Park-Fav,Progressive,49,2,0,0,0.1,7.931685572794272,0.5,2,2,27,45.3
Park-Fav,Progressive,49,3,0,32,0.1,8.226903156512856,0.5,3,2,28,45.199999999999996
Park-Fav,Progressive,49,4,0,48,0.1,8.213557287860134,0.5,4,2,29,45.1
Park-Fav,Progressive,49,5,0,20,0.1,8.32176591831446,0.5,5,2,30,45.0
Park-Fav,Progressive,49,6,0,4,0.1,8.46447903315365,0.5,6,2,31,44.9
Park-Fav,Progressive,49,7,0,36,0.1,7.894332528021344,0.5,7,2,32,44.800000000000004
Park-Fav,Progressive,49,8,0,80,0.1,8.156770978184795,0.5,8,2,33,44.7
Park-Fav,Progressive,49,9,0,96,0.1,7.121546546383041,0.5,9,2,34,44.6
Park-Fav,Progressive,49,10,0,52,0.1,7.5119755735373115,0.5,10,2,35,44.5
Park-Fav,Progressive,49,11,1,16,1.0,7.412959932078059,0.5,0,3,35,43.5
Park-Fav,Progressive,49,12,0,64,0.1,7.38619190154986,0.5,1,3,36,43.4
Park-Fav,Progressive,49,13,0,24,0.1,7.182634062985976,0.5,2,3,37,43.300000000000004
Park-Fav,Progressive,49,14,0,40,0.1,7.181835522343987,0.5,3,3,38,43.2
Park-Fav,Progressive,49,15,0,56,0.1,7.241028650753353,0.5,4,3,39,43.1
Park-Fav,Progressive,49,16,0,112,0.1,7.239335851928305,0.5,5,3,40,43.00000000000001
Park-Fav,Progressive,49,17,0,8,0.1,7.1604294743344195,0.5,6,3,41,42.900000000000006
Park-Fav,Progressive,49,18,0,84,0.1,7.308720181519677,0.5,7,3,42,42.800000000000004
Park-Fav,Progressive,49,19,0,100,0.1,6.4517644807639725,0.5,8,3,43,42.7
Park-Fav,Progressive,49,20,0,12,0.1,6.054426901794725,0.5,9,3,44,42.6
Park-Fav,Progressive,49,21,0,28,0.1,6.8578657584138165,0.5,10,3,45,42.50000000000001
Park-Fav,Progressive,49,22,0,44,0.1,6.932939571802823,0.5,11,3,46,42.400000000000006
Park-Fav,Progressive,49,23,0,60,0.1,7.518481249292346,0.5,12,3,47,42.300000000000004
Park-Fav,Progressive,49,24,0,104,0.1,5.999680855767225,0.5,13,3,48,42.20000000000001
Park-Fav,Progressive,49,25,0,68,0.1,5.95713654017505,0.5,14,3,49,42.10000000000001
Park-Fav,Progressive,49,26,0,120,0.1,5.751248378913872,0.5,15,3,50,42.00000000000001
Park-Fav,Progressive,49,27,0,88,0.1,5.634955940091224,0.5,16,3,51,41.900000000000006
Park-Fav,Progressive,49,28,0,76,0.1,5.420672637070518,0.5,17,3,52,41.800000000000004
Park-Fav,Progressive,49,29,0,160,0.1,4.580494184700534,0.5,18,3,53,41.70000000000001
Park-Fav,Progressive,49,30,0,124,0.1,4.771433246030922,0.5,19,3,54,41.60000000000001
Park-Fav,Progressive,49,31,0,128,0.1,4.809182003789849,0.5,20,3,55,41.50000000000001
Park-Fav,Progressive,49,32,1,192,1.0,3.8342107301108252,0.5,0,4,55,40.500000000000014
Park-Fav,Progressive,49,33,0,108,0.1,4.40341800974533,0.5,1,4,56,40.40000000000001
Park-Fav,Progressive,49,34,0,144,0.1,4.252231580098655,0.5,2,4,57,40.30000000000001
Park-Fav,Progressive,49,35,0,92,0.1,4.28925681707085,0.5,3,4,58,40.20000000000001
Park-Fav,Progressive,49,36,0,176,0.1,4.252987761115136,0.5,4,4,59,40.10000000000001
Park-Fav,Progressive,49,37,0,180,0.1,3.5383987729362625,0.5,5,4,60,40.00000000000001
Park-Fav,Progressive,49,38,0,49,0.1,3.552061794693742,0.5,6,4,61,39.90000000000001
Park-Fav,Progressive,49,39,0,164,0.1,3.3878762187587155,0.5,7,4,62,39.80000000000001
Park-Fav,Progressive,49,40,0,132,0.1,2.962729347948958,0.5,8,4,63,39.70000000000001
Park-Fav,Progressive,49,41,0,1,0.1,3.0154039757817857,0.5,9,4,64,39.600000000000016
Park-Fav,Progressive,49,42,0,33,0.1,2.964014735887511,0.5,10,4,65,39.500000000000014
Park-Fav,Progressive,49,43,0,184,0.1,2.638116601320121,0.5,11,4,66,39.40000000000001
Park-Fav,Progressive,49,44,0,136,0.1,2.6848990261164563,0.5,12,4,67,39.30000000000001
Park-Fav,Progressive,49,45,0,53,0.1,2.50321763484271,0.5,13,4,68,39.20000000000001
Park-Fav,Progressive,49,46,0,240,0.1,2.6312385355310295,0.5,14,4,69,39.100000000000016
Park-Fav,Progressive,49,47,0,168,0.1,2.5279886456295944,0.5,15,4,70,39.000000000000014
Park-Fav,Progressive,49,48,0,5,0.1,2.370475235529136,0.5,16,4,71,38.90000000000001
Park-Fav,Progressive,49,49,0,224,0.1,2.520982504674363,0.5,17,4,72,38.80000000000002
Park-Fav,Progressive,49,50,0,152,0.1,2.381056723908888,0.5,18,4,73,38.70000000000002
Park-Fav,Progressive,49,51,0,21,0.1,2.1176310141563675,0.5,19,4,74,38.600000000000016
Park-Fav,Progressive,49,52,0,208,0.1,2.139250014277737,0.5,20,4,75,38.500000000000014
Park-Fav,Progressive,49,53,1,60,1.0,1.4731991923099217,0.5,0,5,75,37.500000000000014
Park-Fav,Progressive,49,54,0,140,0.1,1.9966996292926125,0.5,1,5,76,37.40000000000001
Park-Fav,Progressive,49,55,0,37,0.1,1.916368717971555,0.5,2,5,77,37.30000000000002
Park-Fav,Progressive,49,56,1,48,1.0,2.0226951670035525,0.5,0,6,77,36.30000000000002
Park-Fav,Progressive,49,57,0,188,0.1,4.072947348444516,0.9998690482409076,1,6,78,36.20000000000002
Park-Fav,Progressive,49,58,0,57,0.1,3.9465706210276865,0.9998690482409076,2,6,79,36.100000000000016
Park-Fav,Progressive,49,59,0,156,0.1,3.512386366822393,0.9998690482409076,3,6,80,36.00000000000002
Park-Fav,Progressive,49,60,0,228,0.1,2.869952346853021,0.9998690482409076,4,6,81,35.90000000000002
Park-Fav,Progressive,49,61,0,25,0.1,2.8407014826113346,0.9998690482409076,5,6,82,35.80000000000002
Park-Fav,Progressive,49,62,0,172,0.1,3.3411456191919258,0.9998690482409076,6,6,83,35.70000000000002
Park-Fav,Progressive,49,63,0,196,0.1,2.896980960452401,0.9998690482409076,7,6,84,35.600000000000016
Park-Fav,Progressive,49,64,0,113,0.1,2.9745237353617697,0.9998690482409076,8,6,85,35.50000000000002
Park-Fav,Progressive,49,65,0,41,0.1,2.5333976226902304,0.9998690482409076,9,6,86,35.40000000000002
Park-Fav,Progressive,49,66,0,244,0.1,2.5712366092223005,0.9998690482409076,10,6,87,35.30000000000002
Park-Fav,Progressive,49,67,0,212,0.1,2.557089965253012,0.9998690482409076,11,6,88,35.200000000000024
Park-Fav,Progressive,49,68,0,97,0.1,2.3446496219958637,0.9998690482409076,12,6,89,35.10000000000002
Park-Fav,Progressive,49,69,0,81,0.1,2.3539540045360856,0.9998690482409076,13,6,90,35.00000000000002
Park-Fav,Progressive,49,70,0,13,0.1,2.195462012866708,0.9998690482409076,14,6,91,34.90000000000002
Park-Fav,Progressive,49,71,0,61,0.1,1.8535874461984365,0.9998690482409076,15,6,92,34.80000000000002
Park-Fav,Progressive,49,72,0,65,0.1,1.9148824290325739,0.9998690482409076,16,6,93,34.700000000000024
Park-Fav,Progressive,49,73,0,29,0.1,1.8411626769015457,0.9998690482409076,17,6,94,34.60000000000002
Park-Fav,Progressive,49,74,0,45,0.1,1.8925189317355589,0.9998690482409076,18,6,95,34.50000000000002
Park-Fav,Progressive,49,75,0,200,0.1,1.5916597731355946,0.9998690482409076,19,6,96,34.40000000000003
Park-Fav,Progressive,49,76,0,69,0.1,1.4250069617927736,0.9998690482409076,20,6,97,34.300000000000026
Park-Fav,Progressive,49,77,1,52,1.0,1.4090698260974284,0.9998690482409076,0,7,97,33.300000000000026
Park-Fav,Progressive,49,78,0,252,0.1,1.5389082130925236,0.9990239492674214,1,7,98,33.200000000000024
Park-Fav,Progressive,49,79,0,216,0.1,1.460627778459879,0.9990239492674214,2,7,99,33.10000000000002
Park-Fav,Progressive,49,80,0,204,0.1,1.322611200372476,0.9990239492674214,3,7,100,33.00000000000002
Park-Fav,Progressive,49,81,1,56,1.0,1.3113122788155351,0.9990239492674214,0,8,100,32.00000000000002
Park-Fav,Progressive,49,82,0,232,0.1,1.2767991939575676,0.9988626416446703,1,8,101,31.90000000000002
Park-Fav,Progressive,49,83,1,36,1.0,1.2515037454103024,0.9988626416446703,0,9,101,30.90000000000002
Park-Fav,Progressive,49,84,1,24,1.0,1.3403254890823464,0.9987103377306494,0,10,101,29.90000000000002
Park-Fav,Progressive,49,85,1,32,1.0,1.3116718533103122,0.9988051391108547,0,11,101,28.90000000000002
Park-Fav,Progressive,49,86,1,40,1.0,1.199138400934775,0.9989213246876795,0,12,101,27.90000000000002
Park-Fav,Progressive,49,87,0,2,0.1,1.2422055761601636,0.9989703378763506,1,12,102,27.80000000000002
Park-Fav,Progressive,49,88,1,120,1.0,1.1190309191114844,0.9989703378763506,0,13,102,26.80000000000002
Park-Fav,Progressive,49,89,1,20,1.0,1.168896419876946,0.9999999999999991,0,14,102,25.80000000000002
Park-Fav,Progressive,49,90,0,117,0.1,1.1574551489232972,0.9999999999999993,1,14,103,25.700000000000017
Park-Fav,Progressive,49,91,1,44,1.0,1.069191262010129,0.9999999999999993,0,15,103,24.700000000000017
Park-Fav,Progressive,49,92,1,112,1.0,1.089434024812633,0.9999999999999988,0,16,103,23.700000000000017
Park-Fav,Progressive,49,93,1,4,1.0,1.097659860288862,0.9930289065429584,0,17,103,22.700000000000017
Park-Fav,Progressive,49,94,1,28,1.0,1.0613919867769075,0.9931066930949488,0,18,103,21.700000000000017
Park-Fav,Progressive,49,95,0,85,0.1,1.1403630616420564,0.9931727236752224,1,18,104,21.600000000000016
Park-Fav,Progressive,49,96,1,0,1.0,1.0981014026345266,0.9931727236752224,0,19,104,20.600000000000016
Park-Fav,Progressive,49,97,1,8,1.0,0.9866358213862501,0.9932294762203141,0,20,104,19.600000000000016
Park-Fav,Progressive,49,98,1,12,1.0,1.0285637278134885,0.9932787775140124,0,21,104,18.600000000000016
Park-Fav,Progressive,49,99,0,177,0.1,1.088089878066853,0.9933220045682741,1,21,105,18.500000000000014
Park-Fav,Progressive,49,100,0,18,0.1,1.0721236636114002,0.9933220045682741,2,21,106,18.400000000000013
Park-Fav,Progressive,49,101,1,100,1.0,0.9187704641295471,0.9933220045682741,0,22,106,17.400000000000013
Park-Fav,Progressive,49,102,0,101,0.1,0.9549101399249205,0.9948537369166442,1,22,107,17.30000000000001
Park-Fav,Progressive,49,103,1,96,1.0,0.8892943750406612,0.9948537369166442,0,23,107,16.30000000000001
Park-Fav,Progressive,49,104,0,220,0.1,0.9068581925298205,0.9932878737387809,1,23,108,16.20000000000001
Park-Fav,Progressive,49,105,0,129,0.1,0.8262056776262158,0.9932878737387809,2,23,109,16.10000000000001
Park-Fav,Progressive,49,106,0,34,0.1,0.9688087847095314,0.9932878737387809,3,23,110,16.000000000000007
Park-Fav,Progressive,49,107,1,84,1.0,0.8920188215922555,0.9932878737387809,0,24,110,15.000000000000007
Park-Fav,Progressive,49,108,1,104,1.0,0.7960663944560978,0.9944139595156943,0,25,110,14.000000000000007
Park-Fav,Progressive,49,109,0,50,0.1,0.7955946015275848,0.9941260544363119,1,25,111,13.900000000000007
Park-Fav,Progressive,49,110,0,236,0.1,0.7660047158186789,0.9941260544363119,2,25,112,13.800000000000006
Park-Fav,Progressive,49,111,1,88,1.0,0.7380524384024608,0.9941260544363119,0,26,112,12.800000000000004
Park-Fav,Progressive,49,112,1,80,1.0,0.8104322881708447,0.9943469366247384,0,27,112,11.800000000000004
Park-Fav,Progressive,49,113,1,64,1.0,0.7273967753559165,0.9930515543517618,0,28,112,10.800000000000004
Park-Fav,Progressive,49,114,1,116,1.0,0.685917034011641,0.9920189710973193,0,29,112,9.800000000000004
Park-Fav,Progressive,49,115,1,68,1.0,0.7357915188415312,0.9924656461896686,0,30,112,8.800000000000004
Park-Fav,Progressive,49,116,1,72,1.0,0.601793235140169,0.9928372448635309,0,31,112,7.800000000000004
Park-Fav,Progressive,49,117,1,92,1.0,0.5762657113793233,0.9927330230153593,0,32,112,6.800000000000004
Park-Fav,Progressive,49,118,1,108,1.0,0.5366215143568225,0.9905678543181629,0,33,112,5.800000000000004
Park-Fav,Progressive,49,119,1,76,1.0,0.5304230596165493,0.9895770889290095,0,34,112,4.800000000000004
Park-Fav,Progressive,49,120,1,124,1.0,0.47311547879914595,0.9891470341366757,0,35,112,3.8000000000000043
Park-Fav,Progressive,49,121,0,193,0.1,0.5605146877737911,0.9890029159800034,1,35,113,3.700000000000004
Park-Fav,Progressive,49,122,0,121,0.1,0.3893125587467505,0.9890029159800034,2,35,114,3.6000000000000028
Park-Fav,Progressive,49,123,1,160,1.0,0.38214284292942924,0.9890029159800034,0,36,114,2.6000000000000014
Park-Fav,Progressive,49,124,1,176,1.0,0.4210120997145457,0.9849011758004116,0,37,114,1.6000000000000014
Park-Fav,Progressive,49,125,0,89,0.1,0.3844946346721,0.9821504418989832,1,37,115,1.5000000000000013
Park-Fav,Progressive,49,126,1,128,1.0,0.4334874761725328,0.9821504418989832,0,38,115,0.5
Park-Fav,Progressive,49,127,0,66,0.1,0.32359458049685585,0.9802616948025152,1,38,116,0.4
Park-Fav,Progressive,49,128,0,105,0.1,0.34236439285219117,0.9802616948025152,2,38,117,0.2999999999999986
Park-Fav,Progressive,49,129,0,125,0.1,0.3126611617715602,0.9802616948025152,3,38,118,0.19999999999999715
Park-Fav,Progressive,49,130,0,6,0.1,0.2992296394625244,0.9802616948025152,4,38,119,0.09999999999999573
Park-Fav,Progressive,50,1,0,16,0.1,11.04681873883788,0.5,1,2,26,45.4
Park-Fav,Progressive,50,2,0,32,0.1,9.685560677433488,0.5,2,2,27,45.3
Park-Fav,Progressive,50,3,0,36,0.1,9.371099812135348,0.5,3,2,28,45.199999999999996
Park-Fav,Progressive,50,4,0,48,0.1,9.649983711040056,0.5,4,2,29,45.1
Park-Fav,Progressive,50,5,0,4,0.1,10.004227620528718,0.5,5,2,30,45.0
Park-Fav,Progressive,50,6,0,80,0.1,8.935858921547915,0.5,6,2,31,44.9
Park-Fav,Progressive,50,7,0,52,0.1,8.715229456737555,0.5,7,2,32,44.800000000000004
Park-Fav,Progressive,50,8,0,40,0.1,8.618625856904034,0.5,8,2,33,44.7
Park-Fav,Progressive,50,9,0,96,0.1,8.856189076682712,0.5,9,2,34,44.6
Park-Fav,Progressive,50,10,0,56,0.1,8.154281773933201,0.5,10,2,35,44.5
Park-Fav,Progressive,50,11,0,112,0.1,8.473541447572973,0.5,11,2,36,44.4
Park-Fav,Progressive,50,12,0,24,0.1,8.769687974240712,0.5,12,2,37,44.300000000000004
Park-Fav,Progressive,50,13,0,64,0.1,8.301755567834427,0.5,13,2,38,44.2
Park-Fav,Progressive,50,14,0,84,0.1,7.459374788831761,0.5,14,2,39,44.1
Park-Fav,Progressive,50,15,0,8,0.1,7.296754228179743,0.5,15,2,40,44.00000000000001
Park-Fav,Progressive,50,16,0,100,0.1,7.412669878543762,0.5,16,2,41,43.900000000000006
Park-Fav,Progressive,50,17,0,68,0.1,6.825095277037706,0.5,17,2,42,43.800000000000004
Park-Fav,Progressive,50,18,0,28,0.1,6.6620083116197355,0.5,18,2,43,43.7
Park-Fav,Progressive,50,19,0,44,0.1,7.712078985910964,0.5,19,2,44,43.6
Park-Fav,Progressive,50,20,0,12,0.1,7.353974884262542,0.5,20,2,45,43.50000000000001
Park-Fav,Progressive,50,21,1,24,1.0,2.3282523184742603,0.5,0,3,45,42.50000000000001
Park-Fav,Progressive,50,22,0,116,0.1,7.190872947051137,0.5,1,3,46,42.400000000000006
Park-Fav,Progressive,50,23,0,104,0.1,6.795633186414542,0.5,2,3,47,42.300000000000004
Park-Fav,Progressive,50,24,0,88,0.1,6.171765472619112,0.5,3,3,48,42.20000000000001
Park-Fav,Progressive,50,25,0,72,0.1,6.051541460144343,0.5,4,3,49,42.10000000000001
Park-Fav,Progressive,50,26,0,120,0.1,6.171211150219143,0.5,5,3,50,42.00000000000001
Park-Fav,Progressive,50,27,0,128,0.1,5.8219977674934515,0.5,6,3,51,41.900000000000006
Park-Fav,Progressive,50,28,0,176,0.1,5.205365434656932,0.5,7,3,52,41.800000000000004
Park-Fav,Progressive,50,29,0,160,0.1,4.897589519134131,0.5,8,3,53,41.70000000000001
Park-Fav,Progressive,50,30,0,124,0.1,5.271725242230274,0.5,9,3,54,41.60000000000001
Park-Fav,Progressive,50,31,0,144,0.1,4.860543761859832,0.5,10,3,55,41.50000000000001
Park-Fav,Progressive,50,32,0,108,0.1,4.796889488938015,0.5,11,3,56,41.40000000000001
Park-Fav,Progressive,50,33,0,76,0.1,5.14673475554376,0.5,12,3,57,41.30000000000001
Park-Fav,Progressive,50,34,0,92,0.1,4.586982263649936,0.5,13,3,58,41.20000000000001
Park-Fav,Progressive,50,35,0,1,0.1,4.122894389227956,0.5,14,3,59,41.10000000000001
Park-Fav,Progressive,50,36,0,180,0.1,3.774732929311344,0.5,15,3,60,41.00000000000001
Park-Fav,Progressive,50,37,0,148,0.1,3.674372724125826,0.5,16,3,61,40.90000000000001
Park-Fav,Progressive,50,38,0,164,0.1,3.567845547867162,0.5,17,3,62,40.80000000000001
Park-Fav,Progressive,50,39,1,39,1.0,3.6377752697545604,0.5,0,4,62,39.80000000000001
Park-Fav,Progressive,50,40,0,49,0.1,4.17100428139128,0.5,1,4,63,39.70000000000001
Park-Fav,Progressive,50,41,0,132,0.1,3.862902560226346,0.5,2,4,64,39.600000000000016
Park-Fav,Progressive,50,42,0,33,0.1,3.4119813193579196,0.5,3,4,65,39.500000000000014
Park-Fav,Progressive,50,43,0,17,0.1,3.9105114897899167,0.5,4,4,66,39.40000000000001
Park-Fav,Progressive,50,44,1,204,1.0,3.680807068339813,0.5,0,5,66,38.40000000000001
Park-Fav,Progressive,50,45,0,168,0.1,3.1326956186591985,0.5,1,5,67,38.30000000000001
Park-Fav,Progressive,50,46,1,48,1.0,3.2563732867442656,0.5,0,6,67,37.30000000000001
Park-Fav,Progressive,50,47,0,192,0.1,3.0853023733896445,0.5,1,6,68,37.20000000000001
Park-Fav,Progressive,50,48,0,136,0.1,3.270467429286675,0.5,2,6,69,37.100000000000016
Park-Fav,Progressive,50,49,0,184,0.1,3.11325457587176,0.5,3,6,70,37.000000000000014
Park-Fav,Progressive,50,50,0,152,0.1,2.8017641979823464,0.5,4,6,71,36.90000000000001
Park-Fav,Progressive,50,51,0,53,0.1,2.6728434010838873,0.5,5,6,72,36.80000000000002
Park-Fav,Progressive,50,52,0,5,0.1,2.5136436677334673,0.5,6,6,73,36.70000000000002
Park-Fav,Progressive,50,53,0,208,0.1,2.3632061135162283,0.5,7,6,74,36.600000000000016
Park-Fav,Progressive,50,54,0,224,0.1,2.4291036854820467,0.5,8,6,75,36.500000000000014
Park-Fav,Progressive,50,55,0,188,0.1,2.4817081941376578,0.5,9,6,76,36.40000000000001
Park-Fav,Progressive,50,56,0,140,0.1,2.264625376911163,0.5,10,6,77,36.30000000000002
Park-Fav,Progressive,50,57,0,21,0.1,2.3582909754102204,0.5,11,6,78,36.20000000000002
Park-Fav,Progressive,50,58,0,37,0.1,2.4224002613384688,0.5,12,6,79,36.100000000000016
Park-Fav,Progressive,50,59,0,156,0.1,2.1150027802301223,0.5,13,6,80,36.00000000000002
Park-Fav,Progressive,50,60,0,9,0.1,1.9507251629273397,0.5,14,6,81,35.90000000000002
Park-Fav,Progressive,50,61,0,172,0.1,2.0883314846880543,0.5,15,6,82,35.80000000000002
Park-Fav,Progressive,50,62,1,32,1.0,1.730684562766736,0.5,0,7,82,34.80000000000002
Park-Fav,Progressive,50,63,0,196,0.1,3.7198300377799507,0.9999433176419119,1,7,83,34.70000000000002
Park-Fav,Progressive,50,64,0,113,0.1,3.629833048614871,0.9999433176419119,2,7,84,34.600000000000016
Park-Fav,Progressive,50,65,0,244,0.1,3.478719134773659,0.9999433176419119,3,7,85,34.50000000000002
Park-Fav,Progressive,50,66,0,81,0.1,3.253435373261487,0.9999433176419119,4,7,86,34.40000000000002
Park-Fav,Progressive,50,67,0,65,0.1,3.1374658174065773,0.9999433176419119,5,7,87,34.30000000000002
Park-Fav,Progressive,50,68,0,220,0.1,3.048191348434611,0.9999433176419119,6,7,88,34.200000000000024
Park-Fav,Progressive,50,69,0,97,0.1,3.083773816978418,0.9999433176419119,7,7,89,34.10000000000002
Park-Fav,Progressive,50,70,0,25,0.1,2.668952872607816,0.9999433176419119,8,7,90,34.00000000000002
Park-Fav,Progressive,50,71,0,13,0.1,2.833374748361889,0.9999433176419119,9,7,91,33.90000000000002
Park-Fav,Progressive,50,72,0,200,0.1,2.174809581770696,0.9999433176419119,10,7,92,33.80000000000002
Park-Fav,Progressive,50,73,0,29,0.1,2.219077430615478,0.9999433176419119,11,7,93,33.700000000000024
Park-Fav,Progressive,50,74,0,252,0.1,2.2238097461127433,0.9999433176419119,12,7,94,33.600000000000016
Park-Fav,Progressive,50,75,0,45,0.1,2.180710540334483,0.9999433176419119,13,7,95,33.50000000000002
Park-Fav,Progressive,50,76,0,248,0.1,2.112891944846208,0.9999433176419119,14,7,96,33.40000000000001
Park-Fav,Progressive,50,77,0,2,0.1,1.9130321728693882,0.9999433176419119,15,7,97,33.30000000000002
Park-Fav,Progressive,50,78,0,232,0.1,1.6821302384290426,0.9999433176419119,16,7,98,33.20000000000001
Park-Fav,Progressive,50,79,0,50,0.1,1.8468602357808495,0.9999433176419119,17,7,99,33.100000000000016
Park-Fav,Progressive,50,80,0,117,0.1,1.5564922570277373,0.9999433176419119,18,7,100,33.00000000000001
Park-Fav,Progressive,50,81,0,69,0.1,1.7440243444475327,0.9999433176419119,19,7,101,32.90000000000001
Park-Fav,Progressive,50,82,1,52,1.0,1.519441262235932,0.9999433176419119,0,8,101,31.900000000000006
Park-Fav,Progressive,50,83,1,20,1.0,1.5148940807682574,0.9990324403927198,0,9,101,30.90000000000001
Park-Fav,Progressive,50,84,1,12,1.0,1.5029733271496926,0.9990275470923643,0,10,101,29.90000000000001
Park-Fav,Progressive,50,85,1,40,1.0,1.5521052132632625,0.9988431519613724,0,11,101,28.90000000000001
Park-Fav,Progressive,50,86,0,85,0.1,1.5037423084211412,0.9987309492070765,1,11,102,28.800000000000008
Park-Fav,Progressive,50,87,1,36,1.0,1.5494737668459526,0.9987309492070765,0,12,102,27.800000000000008
Park-Fav,Progressive,50,88,0,129,0.1,1.4442417998854207,0.9986171161772844,1,12,103,27.700000000000006
Park-Fav,Progressive,50,89,0,101,0.1,1.3959175851519705,0.9986171161772844,2,12,104,27.600000000000005
Park-Fav,Progressive,50,90,0,145,0.1,1.3950623880762527,0.9986171161772844,3,12,105,27.500000000000004
Park-Fav,Progressive,50,91,1,44,1.0,1.3704928029635648,0.9986171161772844,0,13,105,26.500000000000004
Park-Fav,Progressive,50,92,1,28,1.0,1.3438615439386983,0.9989533631369812,0,14,105,25.500000000000004
Park-Fav,Progressive,50,93,1,56,1.0,1.293445236047108,0.9990810561822548,0,15,105,24.500000000000004
Park-Fav,Progressive,50,94,0,18,0.1,1.3742242077331772,0.9988668223026113,1,15,106,24.400000000000002
Park-Fav,Progressive,50,95,0,236,0.1,1.3569310599629516,0.9988668223026113,2,15,107,24.3
Park-Fav,Progressive,50,96,1,16,1.0,1.2894218846530319,0.9988668223026113,0,16,107,23.3
Park-Fav,Progressive,50,97,0,177,0.1,1.5202477001692163,0.9987619265657522,1,16,108,23.2
Park-Fav,Progressive,50,98,1,4,1.0,1.2800299478593782,0.9987619265657522,0,17,108,22.2
Park-Fav,Progressive,50,99,1,8,1.0,1.2085782044973556,0.998778181259221,0,18,108,21.2
Park-Fav,Progressive,50,100,0,34,0.1,1.148512342639603,0.9987959913660241,1,18,109,21.099999999999998
Park-Fav,Progressive,50,101,1,80,1.0,0.90832056575852,0.9987959913660241,0,19,109,20.099999999999998
Park-Fav,Progressive,50,102,1,100,1.0,0.8763601662474311,0.999999999999992,0,20,109,19.099999999999998
Park-Fav,Progressive,50,103,0,121,0.1,0.8830767350480425,0.9977281463678679,1,20,110,18.999999999999996
Park-Fav,Progressive,50,104,1,64,1.0,0.7970240499593023,0.9977281463678679,0,21,110,17.999999999999996
Park-Fav,Progressive,50,105,1,84,1.0,0.8234653279102917,0.9974417563027006,0,22,110,17.0
Park-Fav,Progressive,50,106,1,96,1.0,0.762279599192776,0.9974565396733414,0,23,110,16.0
Park-Fav,Progressive,50,107,1,104,1.0,0.7521269106356369,0.9971450692921071,0,24,110,15.0
Park-Fav,Progressive,50,108,1,120,1.0,0.7850716596356007,0.9933716320451312,0,25,110,14.0
Park-Fav,Progressive,50,109,1,112,1.0,0.761244879789164,0.9927067416724642,0,26,110,13.0
Park-Fav,Progressive,50,110,0,77,0.1,0.7294107005671759,0.9917959462230234,1,26,111,12.9
Park-Fav,Progressive,50,111,0,89,0.1,0.678988920632157,0.9917959462230234,2,26,112,12.799999999999999
Park-Fav,Progressive,50,112,1,116,1.0,0.7726938977898447,0.9917959462230234,0,27,112,11.799999999999997
Park-Fav,Progressive,50,113,0,193,0.1,0.6980487511289764,0.9924153722208932,1,27,113,11.699999999999998
Park-Fav,Progressive,50,114,1,68,1.0,0.6837243584631043,0.9924153722208932,0,28,113,10.699999999999996
Park-Fav,Progressive,50,115,1,88,1.0,0.6413352629285332,0.9929062893117053,0,29,113,9.699999999999996
Park-Fav,Progressive,50,116,0,209,0.1,0.5938730463955844,0.9924751032726999,1,29,114,9.599999999999996
Park-Fav,Progressive,50,117,1,72,1.0,0.6382102228737827,0.9924751032726999,0,30,114,8.599999999999994
Park-Fav,Progressive,50,118,1,124,1.0,0.6040624161246212,0.9923496715446064,0,31,114,7.599999999999994
Park-Fav,Progressive,50,119,0,105,0.1,0.5679221843642999,0.990070626446517,1,31,115,7.499999999999995
Park-Fav,Progressive,50,120,0,125,0.1,0.5968930110268722,0.990070626446517,2,31,116,7.399999999999993
Park-Fav,Progressive,50,121,0,241,0.1,0.5661496995289459,0.990070626446517,3,31,117,7.299999999999992
Park-Fav,Progressive,50,122,1,92,1.0,0.5298251851086015,0.990070626446517,0,32,117,6.29999999999999
Park-Fav,Progressive,50,123,1,108,1.0,0.5190331211620168,0.9890214828543835,0,33,117,5.29999999999999
Park-Fav,Progressive,50,124,0,6,0.1,0.51441610592319,0.9885586460987436,1,33,118,5.19999999999999
Park-Fav,Progressive,50,125,0,225,0.1,0.578439760972185,0.9885586460987436,2,33,119,5.099999999999989
Park-Fav,Progressive,50,126,1,76,1.0,0.43711430910056526,0.9885586460987436,0,34,119,4.099999999999987
Park-Fav,Progressive,50,127,0,181,0.1,0.43534382221939233,0.9883945764062907,1,34,120,3.999999999999987
Park-Fav,Progressive,50,128,0,66,0.1,0.3800126098204802,0.9883945764062907,2,34,121,3.8999999999999857
Park-Fav,Progressive,50,129,0,54,0.1,0.4741787842804346,0.9883945764062907,3,34,122,3.7999999999999843
Park-Fav,Progressive,50,130,0,133,0.1,0.37223531167865764,0.9883945764062907,4,34,123,3.699999999999983
Park-Fav,Progressive,50,131,0,38,0.1,0.3354253036750668,0.9883945764062907,5,34,124,3.5999999999999814
Park-Fav,Progressive,50,132,0,149,0.1,0.3536851223178953,0.9883945764062907,6,34,125,3.49999999999998
Park-Fav,Progressive,50,133,1,160,1.0,0.4123971865675634,0.9883945764062907,0,35,125,2.4999999999999787
Park-Fav,Progressive,50,134,1,176,1.0,0.40969858857936936,0.9839797297061993,0,36,125,1.4999999999999787
Park-Fav,Progressive,50,135,1,128,1.0,0.3730232742881481,0.9810070789739488,0,37,125,0.4999999999999787
Park-Fav,Progressive,50,136,0,165,0.1,0.3367859150153635,0.9789544539375877,1,37,126,0.3999999999999787
Park-Fav,Progressive,50,137,0,93,0.1,0.31877997670481595,0.9789544539375877,2,37,127,0.2999999999999773
Park-Fav,Progressive,50,138,0,22,0.1,0.38594473474650354,0.9789544539375877,3,37,128,0.19999999999997584
Park-Fav,Progressive,50,139,0,114,0.1,0.34603379021886194,0.9789544539375877,4,37,129,0.09999999999997441
Park-Fav,Progressive,51,1,0,32,0.1,10.38339556000722,0.5,1,2,26,45.4
Park-Fav,Progressive,51,2,0,0,0.1,7.518313165304231,0.5,2,2,27,45.3
Park-Fav,Progressive,51,3,0,16,0.1,7.6706066251579195,0.5,3,2,28,45.199999999999996
Park-Fav,Progressive,51,4,0,80,0.1,7.465343366532687,0.5,4,2,29,45.1
Park-Fav,Progressive,51,5,0,48,0.1,7.611362432652246,0.5,5,2,30,45.0
Park-Fav,Progressive,51,6,0,36,0.1,7.670000319526302,0.5,6,2,31,44.9
Park-Fav,Progressive,51,7,0,20,0.1,7.72648157750819,0.5,7,2,32,44.800000000000004
Park-Fav,Progressive,51,8,0,4,0.1,7.357919341632015,0.5,8,2,33,44.7
Park-Fav,Progressive,51,9,0,96,0.1,7.339964109566033,0.5,9,2,34,44.6
Park-Fav,Progressive,51,10,0,64,0.1,6.820706221980135,0.5,10,2,35,44.5
Park-Fav,Progressive,51,11,0,52,0.1,7.374416232098686,0.5,11,2,36,44.4
Park-Fav,Progressive,51,12,0,24,0.1,7.083309017310022,0.5,12,2,37,44.300000000000004
Park-Fav,Progressive,51,13,0,40,0.1,7.120803084731452,0.5,13,2,38,44.2
Park-Fav,Progressive,51,14,0,56,0.1,7.435052545947903,0.5,14,2,39,44.1
Park-Fav,Progressive,51,15,0,112,0.1,6.293844683887007,0.5,15,2,40,44.00000000000001
Park-Fav,Progressive,51,16,0,8,0.1,7.079415579432093,0.5,16,2,41,43.900000000000006
Park-Fav,Progressive,51,17,0,100,0.1,6.38850809757372,0.5,17,2,42,43.800000000000004
Park-Fav,Progressive,51,18,0,28,0.1,5.711947524932059,0.5,18,2,43,43.7
Park-Fav,Progressive,51,19,0,12,0.1,6.588669283215223,0.5,19,2,44,43.6
Park-Fav,Progressive,51,20,0,44,0.1,6.832501713014834,0.5,20,2,45,43.50000000000001
Park-Fav,Progressive,51,21,1,52,1.0,6.419760443563621,0.5,0,3,45,42.50000000000001
Park-Fav,Progressive,51,22,0,116,0.1,5.798331115696651,0.5,1,3,46,42.400000000000006
Park-Fav,Progressive,51,23,0,60,0.1,6.190128150880848,0.5,2,3,47,42.300000000000004
Park-Fav,Progressive,51,24,0,68,0.1,5.468749651987613,0.5,3,3,48,42.20000000000001
Park-Fav,Progressive,51,25,0,104,0.1,5.365181111852275,0.5,4,3,49,42.10000000000001
Park-Fav,Progressive,51,26,0,120,0.1,5.3060179915719505,0.5,5,3,50,42.00000000000001
Park-Fav,Progressive,51,27,0,72,0.1,4.8668661554657495,0.5,6,3,51,41.900000000000006
Park-Fav,Progressive,51,28,0,76,0.1,4.498999241443776,0.5,7,3,52,41.800000000000004
Park-Fav,Progressive,51,29,0,128,0.1,4.263911177318993,0.5,8,3,53,41.70000000000001
Park-Fav,Progressive,51,30,0,92,0.1,4.265173299468904,0.5,9,3,54,41.60000000000001
Park-Fav,Progressive,51,31,0,108,0.1,4.19743098184662,0.5,10,3,55,41.50000000000001
Park-Fav,Progressive,51,32,0,124,0.1,4.200195176488221,0.5,11,3,56,41.40000000000001
Park-Fav,Progressive,51,33,0,144,0.1,3.8197720545918394,0.5,12,3,57,41.30000000000001
Park-Fav,Progressive,51,34,0,1,0.1,3.3780523171005465,0.5,13,3,58,41.20000000000001
Park-Fav,Progressive,51,35,0,176,0.1,3.7232489225679974,0.5,14,3,59,41.10000000000001
Park-Fav,Progressive,51,36,0,160,0.1,3.5608209843363063,0.5,15,3,60,41.00000000000001
Park-Fav,Progressive,51,37,0,180,0.1,3.1378907985045843,0.5,16,3,61,40.90000000000001
Park-Fav,Progressive,51,38,0,148,0.1,3.161695862791459,0.5,17,3,62,40.80000000000001
Park-Fav,Progressive,51,39,0,164,0.1,3.1398112433359358,0.5,18,3,63,40.70000000000001
Park-Fav,Progressive,51,40,0,49,0.1,3.1391147778805895,0.5,19,3,64,40.600000000000016
Park-Fav,Progressive,51,41,1,63,1.0,3.2158697188414402,0.5,0,4,64,39.600000000000016
Park-Fav,Progressive,51,42,1,0,1.0,3.968931783938692,0.5,0,5,64,38.600000000000016
Park-Fav,Progressive,51,43,0,17,0.1,3.389033353169129,0.5,1,5,65,38.500000000000014
Park-Fav,Progressive,51,44,0,33,0.1,3.5882424994124875,0.5,2,5,66,38.40000000000001
Park-Fav,Progressive,51,45,0,184,0.1,3.3062691042754655,0.5,3,5,67,38.30000000000001
Park-Fav,Progressive,51,46,0,136,0.1,3.3882226220741196,0.5,4,5,68,38.20000000000001
Park-Fav,Progressive,51,47,0,240,0.1,3.0494605703378013,0.5,5,5,69,38.100000000000016
Park-Fav,Progressive,51,48,0,21,0.1,2.904920046603483,0.5,6,5,70,38.000000000000014
Park-Fav,Progressive,51,49,0,5,0.1,3.0969408617269787,0.5,7,5,71,37.90000000000001
Park-Fav,Progressive,51,50,0,192,0.1,2.8450829926337344,0.5,8,5,72,37.80000000000002
Park-Fav,Progressive,51,51,0,168,0.1,2.815087180136927,0.5,9,5,73,37.70000000000002
Park-Fav,Progressive,51,52,0,152,0.1,2.708035261939368,0.5,10,5,74,37.600000000000016
Park-Fav,Progressive,51,53,1,208,1.0,3.763604306455596,0.5,0,6,74,36.600000000000016
Park-Fav,Progressive,51,54,0,224,0.1,2.757109381355443,0.5,1,6,75,36.500000000000014
Park-Fav,Progressive,51,55,0,140,0.1,2.4938464746777114,0.5,2,6,76,36.40000000000001
Park-Fav,Progressive,51,56,0,156,0.1,2.3739799444242693,0.5,3,6,77,36.30000000000002
Park-Fav,Progressive,51,57,0,53,0.1,2.59225991341654,0.5,4,6,78,36.20000000000002
Park-Fav,Progressive,51,58,1,16,1.0,2.4410961162831213,0.5,0,7,78,35.20000000000002
Park-Fav,Progressive,51,59,0,9,0.1,4.532980812255757,0.9987533546966542,1,7,79,35.100000000000016
Park-Fav,Progressive,51,60,0,37,0.1,4.196932399666931,0.9987533546966542,2,7,80,35.00000000000002
Park-Fav,Progressive,51,61,0,188,0.1,4.204849092290612,0.9987533546966542,3,7,81,34.90000000000002
Park-Fav,Progressive,51,62,0,172,0.1,3.9771629624613056,0.9987533546966542,4,7,82,34.80000000000002
Park-Fav,Progressive,51,63,0,13,0.1,3.879873282557146,0.9987533546966542,5,7,83,34.70000000000002
Park-Fav,Progressive,51,64,0,196,0.1,3.7219826405003835,0.9987533546966542,6,7,84,34.600000000000016
Park-Fav,Progressive,51,65,0,113,0.1,3.879838890846664,0.9987533546966542,7,7,85,34.50000000000002
Park-Fav,Progressive,51,66,0,65,0.1,3.3577460982469134,0.9987533546966542,8,7,86,34.40000000000002
Park-Fav,Progressive,51,67,0,228,0.1,2.90020781057248,0.9987533546966542,9,7,87,34.30000000000002
Park-Fav,Progressive,51,68,0,212,0.1,3.266048155306934,0.9987533546966542,10,7,88,34.200000000000024
Park-Fav,Progressive,51,69,0,97,0.1,3.0105711693542685,0.9987533546966542,11,7,89,34.10000000000002
Park-Fav,Progressive,51,70,0,57,0.1,2.8521536406546963,0.9987533546966542,12,7,90,34.00000000000002
Park-Fav,Progressive,51,71,0,248,0.1,2.618791195546457,0.9987533546966542,13,7,91,33.90000000000002
Park-Fav,Progressive,51,72,0,81,0.1,2.7337542684958005,0.9987533546966542,14,7,92,33.80000000000002
Park-Fav,Progressive,51,73,0,29,0.1,2.4401130052841027,0.9987533546966542,15,7,93,33.700000000000024
Park-Fav,Progressive,51,74,0,200,0.1,2.3323447911265656,0.9987533546966542,16,7,94,33.600000000000016
Park-Fav,Progressive,51,75,0,216,0.1,1.9678950636711114,0.9987533546966542,17,7,95,33.50000000000002
Park-Fav,Progressive,51,76,0,61,0.1,2.1154298328272274,0.9987533546966542,18,7,96,33.40000000000001
Park-Fav,Progressive,51,77,0,45,0.1,1.9649587117031369,0.9987533546966542,19,7,97,33.30000000000002
Park-Fav,Progressive,51,78,0,69,0.1,1.8260373156255219,0.9987533546966542,20,7,98,33.20000000000001
Park-Fav,Progressive,51,79,1,80,1.0,1.7100451459773427,0.9987533546966542,0,8,98,32.20000000000002
Park-Fav,Progressive,51,80,0,232,0.1,1.9406417997166447,0.9999999999999997,1,8,99,32.100000000000016
Park-Fav,Progressive,51,81,0,252,0.1,1.871723488450624,0.9999999999999997,2,8,100,32.00000000000001
Park-Fav,Progressive,51,82,0,2,0.1,1.6621717318340323,0.9999999999999997,3,8,101,31.900000000000013
Park-Fav,Progressive,51,83,0,204,0.1,1.6588924357336037,0.9999999999999997,4,8,102,31.800000000000008
Park-Fav,Progressive,51,84,1,32,1.0,1.567712625257094,0.9999999999999997,0,9,102,30.800000000000008
Park-Fav,Progressive,51,85,0,85,0.1,1.4715902261666554,0.9999999999999998,1,9,103,30.700000000000006
Park-Fav,Progressive,51,86,1,96,1.0,1.485106007239572,0.9999999999999998,0,10,103,29.700000000000006
Park-Fav,Progressive,51,87,0,117,0.1,1.499987530424483,1.0,1,10,104,29.600000000000005
Park-Fav,Progressive,51,88,0,129,0.1,1.5098608423546294,1.0,2,10,105,29.500000000000004
Park-Fav,Progressive,51,89,0,101,0.1,1.3986868976595006,1.0,3,10,106,29.400000000000002
Park-Fav,Progressive,51,90,0,236,0.1,1.2860808926813416,1.0,4,10,107,29.3
Park-Fav,Progressive,51,91,0,50,0.1,1.416158459830155,1.0,5,10,108,29.2
Park-Fav,Progressive,51,92,1,64,1.0,1.254293499352844,1.0,0,11,108,28.2
Park-Fav,Progressive,51,93,1,48,1.0,1.16594291959894,0.9999999999999998,0,12,108,27.2
Park-Fav,Progressive,51,94,0,34,0.1,1.2437113998068452,0.9999999999999998,1,12,109,27.099999999999998
Park-Fav,Progressive,51,95,1,112,1.0,1.1876273224444762,0.9999999999999998,0,13,109,26.099999999999998
Park-Fav,Progressive,51,96,0,177,0.1,1.3079885476580704,0.9999999999999997,1,13,110,25.999999999999996
Park-Fav,Progressive,51,97,0,220,0.1,1.0221051362931883,0.9999999999999997,2,13,111,25.899999999999995
Park-Fav,Progressive,51,98,1,20,1.0,1.0959902449569494,0.9999999999999997,0,14,111,24.899999999999995
Park-Fav,Progressive,51,99,1,4,1.0,1.0378968145884153,0.9999999999999999,0,15,111,23.899999999999995
Park-Fav,Progressive,51,100,0,145,0.1,1.0726401902296048,0.9999999999999998,1,15,112,23.799999999999994
Park-Fav,Progressive,51,101,1,128,1.0,1.043880407877819,0.9999999999999998,0,16,112,22.799999999999994
Park-Fav,Progressive,51,102,0,73,0.1,1.0193947870330484,0.9999999999999998,1,16,113,22.699999999999992
Park-Fav,Progressive,51,103,1,144,1.0,0.9466201985457272,0.9999999999999998,0,17,113,21.699999999999992
Park-Fav,Progressive,51,104,1,36,1.0,1.0041111507258402,0.9999999999999999,0,18,113,20.699999999999992
Park-Fav,Progressive,51,105,1,100,1.0,0.8399311060276253,0.9999999999999999,0,19,113,19.699999999999992
Park-Fav,Progressive,51,106,1,84,1.0,0.8299041908325758,0.9984036791074994,0,20,113,18.699999999999992
Park-Fav,Progressive,51,107,1,160,1.0,0.7565293657299855,0.9973116375786619,0,21,113,17.699999999999992
Park-Fav,Progressive,51,108,0,89,0.1,0.7483037131081133,0.9976396146193118,1,21,114,17.599999999999987
Park-Fav,Progressive,51,109,0,193,0.1,0.759370837473539,0.9976396146193118,2,21,115,17.499999999999986
Park-Fav,Progressive,51,110,0,6,0.1,0.7994517876359333,0.9976396146193118,3,21,116,17.399999999999984
Park-Fav,Progressive,51,111,1,176,1.0,0.6615275810260326,0.9976396146193118,0,22,116,16.399999999999984
Park-Fav,Progressive,51,112,1,24,1.0,0.7134340149311709,0.9978768593654068,0,23,116,15.399999999999984
Park-Fav,Progressive,51,113,1,8,1.0,0.8229967365534658,0.9979836788818089,0,24,116,14.399999999999984
Park-Fav,Progressive,51,114,1,68,1.0,0.9197646272319024,0.9980710267428302,0,25,116,13.399999999999984
Park-Fav,Progressive,51,115,1,40,1.0,0.8438598975147482,0.99737499766415,0,26,116,12.399999999999984
Park-Fav,Progressive,51,116,1,56,1.0,0.7484237593691547,0.9974784137130009,0,27,116,11.399999999999984
Park-Fav,Progressive,51,117,1,116,1.0,0.8496249202870703,0.9975659703940866,0,28,116,10.399999999999984
Park-Fav,Progressive,51,118,1,28,1.0,0.9423241770005545,0.9970421380836351,0,29,116,9.399999999999984
Park-Fav,Progressive,51,119,1,44,1.0,0.7703711253662627,0.9971374133081363,0,30,116,8.399999999999984
Park-Fav,Progressive,51,120,1,12,1.0,0.9574097357231623,0.9972200717915121,0,31,116,7.399999999999984
Park-Fav,Progressive,51,121,1,104,1.0,0.9217458083117455,0.9972924638594522,0,32,116,6.399999999999984
Park-Fav,Progressive,51,122,1,88,1.0,0.9322092171410514,0.9941082337573525,0,33,116,5.399999999999984
Park-Fav,Progressive,51,123,1,72,1.0,0.8427380861753381,0.9917838207735619,0,34,116,4.399999999999984
Park-Fav,Progressive,51,124,1,60,1.0,0.6336097143077575,0.990045785096028,0,35,116,3.3999999999999844
Park-Fav,Progressive,51,125,0,121,0.1,0.744908433028424,0.9903189539303863,1,35,117,3.2999999999999843
Park-Fav,Progressive,51,126,1,120,1.0,0.7975911151288186,0.9903189539303863,0,36,117,2.299999999999983
Park-Fav,Progressive,51,127,1,92,1.0,0.5742513580466032,0.9890411995511804,0,37,117,1.299999999999983
Park-Fav,Progressive,51,128,1,108,1.0,0.6935279961251448,0.9850582625068907,0,38,117,0.29999999999998295
Park-Fav,Progressive,51,129,0,241,0.1,0.6378845703462649,0.9823011010357653,1,38,118,0.19999999999998294
Park-Fav,Progressive,51,130,0,105,0.1,0.5178403828348804,0.9823011010357653,2,38,119,0.09999999999998152
Park-Fav,Progressive,52,1,0,32,0.1,8.370051086380428,0.5,1,2,26,45.4
Park-Fav,Progressive,52,2,0,20,0.1,7.905701417540074,0.5,2,2,27,45.3
Park-Fav,Progressive,52,3,0,16,0.1,8.130901530445234,0.5,3,2,28,45.199999999999996
Park-Fav,Progressive,52,4,0,48,0.1,9.952185528402394,0.5,4,2,29,45.1
Park-Fav,Progressive,52,5,0,0,0.1,8.623774325765682,0.5,5,2,30,45.0
Park-Fav,Progressive,52,6,0,36,0.1,8.483207273550004,0.5,6,2,31,44.9
Park-Fav,Progressive,52,7,0,24,0.1,8.441466962815891,0.5,7,2,32,44.800000000000004
Park-Fav,Progressive,52,8,0,4,0.1,7.9370055540710425,0.5,8,2,33,44.7
Park-Fav,Progressive,52,9,0,8,0.1,8.232790405461381,0.5,9,2,34,44.6
Park-Fav,Progressive,52,10,0,96,0.1,7.688065937163587,0.5,10,2,35,44.5
Park-Fav,Progressive,52,11,0,52,0.1,7.615460211514112,0.5,11,2,36,44.4
Park-Fav,Progressive,52,12,1,32,1.0,7.384448616667401,0.5,0,3,36,43.400000000000006
Park-Fav,Progressive,52,13,0,56,0.1,6.967687259191233,0.5,1,3,37,43.300000000000004
Park-Fav,Progressive,52,14,0,112,0.1,7.09853816598739,0.5,2,3,38,43.2
Park-Fav,Progressive,52,15,0,28,0.1,6.985764108380128,0.5,3,3,39,43.1
Park-Fav,Progressive,52,16,0,64,0.1,6.972715130382565,0.5,4,3,40,43.00000000000001
Park-Fav,Progressive,52,17,0,84,0.1,6.8708911161010375,0.5,5,3,41,42.900000000000006
Park-Fav,Progressive,52,18,0,44,0.1,6.7850393974976395,0.5,6,3,42,42.800000000000004
Park-Fav,Progressive,52,19,0,60,0.1,7.0564046373457545,0.5,7,3,43,42.7
Park-Fav,Progressive,52,20,0,116,0.1,6.770987747109147,0.5,8,3,44,42.6
Park-Fav,Progressive,52,21,0,100,0.1,6.273859807604403,0.5,9,3,45,42.50000000000001
Park-Fav,Progressive,52,22,0,68,0.1,6.236666755413427,0.5,10,3,46,42.400000000000006
Park-Fav,Progressive,52,23,0,104,0.1,5.778341396236156,0.5,11,3,47,42.300000000000004
Park-Fav,Progressive,52,24,0,88,0.1,6.013553275579326,0.5,12,3,48,42.20000000000001
Park-Fav,Progressive,52,25,0,72,0.1,5.318442312032154,0.5,13,3,49,42.10000000000001
Park-Fav,Progressive,52,26,0,120,0.1,5.122949933286076,0.5,14,3,50,42.00000000000001
Park-Fav,Progressive,52,27,0,128,0.1,4.789216104095673,0.5,15,3,51,41.900000000000006
Park-Fav,Progressive,52,28,0,160,0.1,4.926177149376906,0.5,16,3,52,41.800000000000004
Park-Fav,Progressive,52,29,0,144,0.1,4.375253163829025,0.5,17,3,53,41.70000000000001
Park-Fav,Progressive,52,30,0,76,0.1,4.731029654084547,0.5,18,3,54,41.60000000000001
Park-Fav,Progressive,52,31,0,124,0.1,4.444039073132043,0.5,19,3,55,41.50000000000001
Park-Fav,Progressive,52,32,0,108,0.1,4.249431592550572,0.5,20,3,56,41.40000000000001
Park-Fav,Progressive,52,33,1,208,1.0,3.2334995745009874,0.5,0,4,56,40.40000000000001
Park-Fav,Progressive,52,34,0,92,0.1,4.160586669928802,0.5,1,4,57,40.30000000000001
Park-Fav,Progressive,52,35,0,176,0.1,3.644410846774423,0.5,2,4,58,40.20000000000001
Park-Fav,Progressive,52,36,0,148,0.1,3.5071589879185625,0.5,3,4,59,40.10000000000001
Park-Fav,Progressive,52,37,0,132,0.1,3.609897651354777,0.5,4,4,60,40.00000000000001
Park-Fav,Progressive,52,38,0,1,0.1,3.577291044212643,0.5,5,4,61,39.90000000000001
Park-Fav,Progressive,52,39,0,17,0.1,2.8647228430792784,0.5,6,4,62,39.80000000000001
Park-Fav,Progressive,52,40,0,180,0.1,3.2514385139916544,0.5,7,4,63,39.70000000000001
Park-Fav,Progressive,52,41,0,49,0.1,3.061704530062771,0.5,8,4,64,39.600000000000016
Park-Fav,Progressive,52,42,0,33,0.1,2.9359736527689795,0.5,9,4,65,39.500000000000014
Park-Fav,Progressive,52,43,0,164,0.1,2.937187459103337,0.5,10,4,66,39.40000000000001
Park-Fav,Progressive,52,44,0,240,0.1,2.625778353097529,0.5,11,4,67,39.30000000000001
Park-Fav,Progressive,52,45,0,136,0.1,2.9548549102351465,0.5,12,4,68,39.20000000000001
Park-Fav,Progressive,52,46,0,5,0.1,2.3676936152978305,0.5,13,4,69,39.100000000000016
Park-Fav,Progressive,52,47,0,184,0.1,2.381159392936296,0.5,14,4,70,39.000000000000014
Park-Fav,Progressive,52,48,1,0,1.0,2.6322638323796665,0.5,0,5,70,38.000000000000014
Park-Fav,Progressive,52,49,0,192,0.1,2.5267469727101726,0.5,1,5,71,37.90000000000001
Park-Fav,Progressive,52,50,0,224,0.1,2.0290817019023724,0.5,2,5,72,37.80000000000002
Park-Fav,Progressive,52,51,0,188,0.1,2.2989110342805743,0.5,3,5,73,37.70000000000002
Park-Fav,Progressive,52,52,0,168,0.1,2.1325741700575938,0.5,4,5,74,37.600000000000016
Park-Fav,Progressive,52,53,0,152,0.1,2.0326797579494573,0.5,5,5,75,37.500000000000014
Park-Fav,Progressive,52,54,0,21,0.1,1.9952030999378305,0.5,6,5,76,37.40000000000001
Park-Fav,Progressive,52,55,0,61,0.1,1.7758944048698027,0.5,7,5,77,37.30000000000002
Park-Fav,Progressive,52,56,0,53,0.1,1.9703417871971367,0.5,8,5,78,37.20000000000002
Park-Fav,Progressive,52,57,0,140,0.1,1.7675830868659963,0.5,9,5,79,37.100000000000016
Park-Fav,Progressive,52,58,0,156,0.1,1.592066117470713,0.5,10,5,80,37.00000000000002
Park-Fav,Progressive,52,59,0,57,0.1,1.5495361773147653,0.5,11,5,81,36.90000000000002
Park-Fav,Progressive,52,60,0,172,0.1,1.5226428794778701,0.5,12,5,82,36.80000000000002
Park-Fav,Progressive,52,61,1,16,1.0,1.40489545604508,0.5,0,6,82,35.80000000000002
Park-Fav,Progressive,52,62,0,196,0.1,3.2120846484119037,1.0,1,6,83,35.70000000000002
Park-Fav,Progressive,52,63,0,244,0.1,2.44994566703738,1.0,2,6,84,35.600000000000016
Park-Fav,Progressive,52,64,0,41,0.1,2.6008054917023613,1.0,3,6,85,35.50000000000002
Park-Fav,Progressive,52,65,0,9,0.1,2.7954236671898656,1.0,4,6,86,35.40000000000002
Park-Fav,Progressive,52,66,0,13,0.1,2.3128548076897273,1.0,5,6,87,35.30000000000002
Park-Fav,Progressive,52,67,0,228,0.1,2.174561055709483,1.0,6,6,88,35.200000000000024
Park-Fav,Progressive,52,68,0,65,0.1,2.3759120651666947,1.0,7,6,89,35.10000000000002
Park-Fav,Progressive,52,69,0,81,0.1,2.262668428597502,1.0,8,6,90,35.00000000000002
Park-Fav,Progressive,52,70,0,25,0.1,2.0823815233837553,1.0,9,6,91,34.90000000000002
Park-Fav,Progressive,52,71,0,97,0.1,1.798095711362701,1.0,10,6,92,34.80000000000002
Park-Fav,Progressive,52,72,0,113,0.1,2.0416390633232306,1.0,11,6,93,34.700000000000024
Park-Fav,Progressive,52,73,0,200,0.1,1.60596970682276,1.0,12,6,94,34.60000000000002
Park-Fav,Progressive,52,74,0,248,0.1,1.7006617374483262,1.0,13,6,95,34.50000000000002
Park-Fav,Progressive,52,75,0,29,0.1,1.491743682061517,1.0,14,6,96,34.40000000000003
Park-Fav,Progressive,52,76,0,45,0.1,1.6305680069928419,1.0,15,6,97,34.300000000000026
Park-Fav,Progressive,52,77,0,50,0.1,1.2343010395451737,1.0,16,6,98,34.200000000000024
Park-Fav,Progressive,52,78,1,60,1.0,1.5336872874337546,1.0,0,7,98,33.200000000000024
Park-Fav,Progressive,52,79,1,48,1.0,1.6759048606854123,0.9995736092092052,0,8,98,32.200000000000024
Park-Fav,Progressive,52,80,1,36,1.0,1.4036138770919033,0.9993381468496632,0,9,98,31.200000000000024
Park-Fav,Progressive,52,81,1,52,1.0,1.3699495387467495,0.9986779593977082,0,10,98,30.200000000000024
Park-Fav,Progressive,52,82,0,204,0.1,1.5223924351984932,0.9979760025481607,1,10,99,30.100000000000023
Park-Fav,Progressive,52,83,0,216,0.1,1.2774624797787404,0.9979760025481607,2,10,100,30.00000000000002
Park-Fav,Progressive,52,84,1,28,1.0,1.4383859333023392,0.9979760025481607,0,11,100,29.00000000000002
Park-Fav,Progressive,52,85,1,24,1.0,1.3510168493449768,0.998546806056809,0,12,100,28.00000000000002
Park-Fav,Progressive,52,86,1,20,1.0,1.2958857799345178,0.9985715579224355,0,13,100,27.00000000000002
Park-Fav,Progressive,52,87,1,40,1.0,1.3219444420166542,0.9984844661240703,0,14,100,26.00000000000002
Park-Fav,Progressive,52,88,0,252,0.1,1.257738338657154,0.9984668791801338,1,14,101,25.90000000000002
Park-Fav,Progressive,52,89,1,56,1.0,1.24258974046943,0.9984668791801338,0,15,101,24.90000000000002
Park-Fav,Progressive,52,90,0,232,0.1,1.1787908494288026,0.9983970262518499,1,15,102,24.80000000000002
Park-Fav,Progressive,52,91,1,8,1.0,1.1200635004714345,0.9983970262518499,0,16,102,23.80000000000002
Park-Fav,Progressive,52,92,1,44,1.0,1.085269598077816,0.9984426973753361,0,17,102,22.80000000000002
Park-Fav,Progressive,52,93,1,4,1.0,1.1574892404507677,0.9985767542242345,0,18,102,21.80000000000002
Park-Fav,Progressive,52,94,0,69,0.1,1.0965169839058249,0.9985994114823851,1,18,103,21.700000000000017
Park-Fav,Progressive,52,95,0,117,0.1,1.0713540125603676,0.9985994114823851,2,18,104,21.600000000000016
Park-Fav,Progressive,52,96,0,2,0.1,1.0213909343436216,0.9985994114823851,3,18,105,21.500000000000014
Park-Fav,Progressive,52,97,1,112,1.0,0.9528061336839542,0.9985994114823851,0,19,105,20.500000000000014
Park-Fav,Progressive,52,98,0,177,0.1,0.9378136778113972,0.9999999999999913,1,19,106,20.400000000000013
Park-Fav,Progressive,52,99,1,12,1.0,0.9883157298495873,0.9999999999999913,0,20,106,19.400000000000013
Park-Fav,Progressive,52,100,1,100,1.0,0.9031804587826728,0.9999999999999899,0,21,106,18.400000000000013
Park-Fav,Progressive,52,101,1,84,1.0,0.8632678087342667,0.9977622557490549,0,22,106,17.400000000000013
Park-Fav,Progressive,52,102,0,85,0.1,0.8510142724435911,0.9982178223682912,1,22,107,17.30000000000001
Park-Fav,Progressive,52,103,1,88,1.0,0.8298711040179627,0.9982178223682912,0,23,107,16.30000000000001
Park-Fav,Progressive,52,104,1,80,1.0,0.7798078475062328,0.9957463151980873,0,24,107,15.300000000000011
Park-Fav,Progressive,52,105,0,220,0.1,0.8264131596008325,0.9944138691158332,1,24,108,15.200000000000012
Park-Fav,Progressive,52,106,1,96,1.0,0.7743902202285342,0.9944138691158332,0,25,108,14.20000000000001
Park-Fav,Progressive,52,107,0,236,0.1,0.7727610961398781,0.9935946935660095,1,25,109,14.10000000000001
Park-Fav,Progressive,52,108,1,104,1.0,0.7644556792395001,0.9935946935660095,0,26,109,13.100000000000009
Park-Fav,Progressive,52,109,1,116,1.0,0.7620279175561225,0.9929737490747635,0,27,109,12.100000000000009
Park-Fav,Progressive,52,110,0,34,0.1,0.7647340018368921,0.9935542351215751,1,27,110,12.000000000000009
Park-Fav,Progressive,52,111,1,64,1.0,0.7551034886117991,0.9935542351215751,0,28,110,11.000000000000007
Park-Fav,Progressive,52,112,0,18,0.1,0.6962485589115116,0.9927413452131875,1,28,111,10.900000000000007
Park-Fav,Progressive,52,113,0,101,0.1,0.7078520656029839,0.9927413452131875,2,28,112,10.800000000000006
Park-Fav,Progressive,52,114,1,120,1.0,0.6845133848626845,0.9927413452131875,0,29,112,9.800000000000004
Park-Fav,Progressive,52,115,1,68,1.0,0.6455705554589621,0.9924656461896686,0,30,112,8.800000000000004
Park-Fav,Progressive,52,116,0,145,0.1,0.6723108949343385,0.9928372448635309,1,30,113,8.700000000000005
Park-Fav,Progressive,52,117,1,124,1.0,0.640152450480256,0.9928372448635309,0,31,113,7.700000000000003
Park-Fav,Progressive,52,118,1,72,1.0,0.6388383610930126,0.9901329398091068,0,32,113,6.700000000000003
Park-Fav,Progressive,52,119,0,161,0.1,0.5125836606157169,0.9905679356759255,1,32,114,6.600000000000003
Park-Fav,Progressive,52,120,0,121,0.1,0.4851097030066819,0.9905679356759255,2,32,115,6.500000000000002
Park-Fav,Progressive,52,121,0,73,0.1,0.47082974386379317,0.9905679356759255,3,32,116,6.4
Park-Fav,Progressive,52,122,1,92,1.0,0.416275592322647,0.9905679356759255,0,33,116,5.399999999999999
Park-Fav,Progressive,52,123,1,76,1.0,0.46597348022261653,0.9895771229919592,0,34,116,4.399999999999999
Park-Fav,Progressive,52,124,0,193,0.1,0.41452036182101903,0.9891470639811368,1,34,117,4.299999999999999
Park-Fav,Progressive,52,125,1,128,1.0,0.4226395757079871,0.9891470639811368,0,35,117,3.299999999999997
Park-Fav,Progressive,52,126,1,108,1.0,0.39212233445713734,0.9853347253482593,0,36,117,2.299999999999997
Park-Fav,Progressive,52,127,1,176,1.0,0.3594960879244334,0.9849013084891108,0,37,117,1.2999999999999972
Park-Fav,Progressive,52,128,1,160,1.0,0.3754297783540137,0.9821505186879045,0,38,117,0.29999999999999716
Park-Fav,Progressive,52,129,0,77,0.1,0.3330675686375746,0.9802616948025152,1,38,118,0.19999999999999715
Park-Fav,Progressive,52,130,0,209,0.1,0.23438628431959643,0.9802616948025152,2,38,119,0.09999999999999573
Park-Fav,Progressive,53,1,0,16,0.1,13.369058693118971,0.5,1,2,26,45.4
Park-Fav,Progressive,53,2,1,48,1.0,10.65166802071306,0.5,0,3,26,44.4
Park-Fav,Progressive,53,3,0,0,0.1,9.993984863617055,0.5,1,3,27,44.3
Park-Fav,Progressive,53,4,0,32,0.1,10.720807524656308,0.5,2,3,28,44.199999999999996
Park-Fav,Progressive,53,5,0,52,0.1,9.054338433760535,0.5,3,3,29,44.1
Park-Fav,Progressive,53,6,0,36,0.1,10.046682944607488,0.5,4,3,30,44.0
Park-Fav,Progressive,53,7,0,20,0.1,9.629642283985408,0.5,5,3,31,43.9
Park-Fav,Progressive,53,8,0,96,0.1,9.804638699202677,0.5,6,3,32,43.800000000000004
Park-Fav,Progressive,53,9,0,4,0.1,9.544468671363166,0.5,7,3,33,43.7
Park-Fav,Progressive,53,10,0,80,0.1,9.050271473294472,0.5,8,3,34,43.6
Park-Fav,Progressive,53,11,0,112,0.1,8.857304299799797,0.5,9,3,35,43.5
Park-Fav,Progressive,53,12,0,8,0.1,9.091194568040184,0.5,10,3,36,43.4
Park-Fav,Progressive,53,13,0,24,0.1,9.366427964985325,0.5,11,3,37,43.300000000000004
Park-Fav,Progressive,53,14,0,40,0.1,8.859434046697277,0.5,12,3,38,43.2
Park-Fav,Progressive,53,15,0,64,0.1,8.903570082096065,0.5,13,3,39,43.1
Park-Fav,Progressive,53,16,0,56,0.1,9.228226667790848,0.5,14,3,40,43.00000000000001
Park-Fav,Progressive,53,17,0,100,0.1,8.044306355890704,0.5,15,3,41,42.900000000000006
Park-Fav,Progressive,53,18,0,60,0.1,7.927204978080495,0.5,16,3,42,42.800000000000004
Park-Fav,Progressive,53,19,0,12,0.1,8.47209322628967,0.5,17,3,43,42.7
Park-Fav,Progressive,53,20,0,44,0.1,8.17286974744405,0.5,18,3,44,42.6
Park-Fav,Progressive,53,21,0,28,0.1,8.13848722106329,0.5,19,3,45,42.50000000000001
Park-Fav,Progressive,53,22,0,84,0.1,8.052950909528512,0.5,20,3,46,42.400000000000006
Park-Fav,Progressive,53,23,1,240,1.0,4.814594239251031,0.5,0,4,46,41.400000000000006
Park-Fav,Progressive,53,24,0,116,0.1,7.812279416381854,0.5,1,4,47,41.300000000000004
Park-Fav,Progressive,53,25,0,68,0.1,7.892664449036704,0.5,2,4,48,41.20000000000001
Park-Fav,Progressive,53,26,0,104,0.1,7.222704066357071,0.5,3,4,49,41.10000000000001
Park-Fav,Progressive,53,27,0,88,0.1,6.680948683654525,0.5,4,4,50,41.00000000000001
Park-Fav,Progressive,53,28,0,72,0.1,6.985189832061547,0.5,5,4,51,40.900000000000006
Park-Fav,Progressive,53,29,0,120,0.1,6.082729677584067,0.5,6,4,52,40.800000000000004
Park-Fav,Progressive,53,30,0,144,0.1,5.544551946741973,0.5,7,4,53,40.70000000000001
Park-Fav,Progressive,53,31,0,176,0.1,6.488841068914016,0.5,8,4,54,40.60000000000001
Park-Fav,Progressive,53,32,0,76,0.1,5.7622326528030685,0.5,9,4,55,40.50000000000001
Park-Fav,Progressive,53,33,0,160,0.1,5.6722986130369035,0.5,10,4,56,40.40000000000001
Park-Fav,Progressive,53,34,0,108,0.1,5.497240622494588,0.5,11,4,57,40.30000000000001
Park-Fav,Progressive,53,35,0,124,0.1,5.575852581200242,0.5,12,4,58,40.20000000000001
Park-Fav,Progressive,53,36,0,92,0.1,5.493909720130188,0.5,13,4,59,40.10000000000001
Park-Fav,Progressive,53,37,0,132,0.1,4.473763252026887,0.5,14,4,60,40.00000000000001
Park-Fav,Progressive,53,38,0,49,0.1,4.47463011807106,0.5,15,4,61,39.90000000000001
Park-Fav,Progressive,53,39,0,1,0.1,4.568667728668141,0.5,16,4,62,39.80000000000001
Park-Fav,Progressive,53,40,0,192,0.1,4.798203721659284,0.5,17,4,63,39.70000000000001
Park-Fav,Progressive,53,41,0,180,0.1,4.095879616841598,0.5,18,4,64,39.600000000000016
Park-Fav,Progressive,53,42,0,164,0.1,4.18975984116927,0.5,19,4,65,39.500000000000014
Park-Fav,Progressive,53,43,0,148,0.1,3.9038280036691817,0.5,20,4,66,39.40000000000001
Park-Fav,Progressive,53,44,1,0,1.0,2.0225295747757297,0.5,0,5,66,38.40000000000001
Park-Fav,Progressive,53,45,0,33,0.1,4.170529078793187,0.5,1,5,67,38.30000000000001
Park-Fav,Progressive,53,46,0,17,0.1,3.876624130975053,0.5,2,5,68,38.20000000000001
Park-Fav,Progressive,53,47,0,5,0.1,3.4778998365176372,0.5,3,5,69,38.100000000000016
Park-Fav,Progressive,53,48,0,136,0.1,3.1902007881953067,0.5,4,5,70,38.000000000000014
Park-Fav,Progressive,53,49,0,224,0.1,3.198027918008451,0.5,5,5,71,37.90000000000001
Park-Fav,Progressive,53,50,0,168,0.1,3.0140748617287465,0.5,6,5,72,37.80000000000002
Park-Fav,Progressive,53,51,0,37,0.1,3.1633054136132563,0.5,7,5,73,37.70000000000002
Park-Fav,Progressive,53,52,0,53,0.1,3.100662539462041,0.5,8,5,74,37.600000000000016
Park-Fav,Progressive,53,53,0,208,0.1,3.048198094280733,0.5,9,5,75,37.500000000000014
Park-Fav,Progressive,53,54,0,152,0.1,2.8132369854970176,0.5,10,5,76,37.40000000000001
Park-Fav,Progressive,53,55,0,140,0.1,2.6716528253190264,0.5,11,5,77,37.30000000000002
Park-Fav,Progressive,53,56,0,57,0.1,2.4857158603983063,0.5,12,5,78,37.20000000000002
Park-Fav,Progressive,53,57,0,156,0.1,2.3243590390238125,0.5,13,5,79,37.100000000000016
Park-Fav,Progressive,53,58,0,9,0.1,2.3982985168480946,0.5,14,5,80,37.00000000000002
Park-Fav,Progressive,53,59,0,25,0.1,2.143473835547615,0.5,15,5,81,36.90000000000002
Park-Fav,Progressive,53,60,0,13,0.1,2.2848667490715,0.5,16,5,82,36.80000000000002
Park-Fav,Progressive,53,61,0,188,0.1,2.187950023299781,0.5,17,5,83,36.70000000000002
Park-Fav,Progressive,53,62,0,172,0.1,2.219270169332442,0.5,18,5,84,36.600000000000016
Park-Fav,Progressive,53,63,0,113,0.1,1.898158576970012,0.5,19,5,85,36.50000000000002
Park-Fav,Progressive,53,64,0,65,0.1,2.0023506977112397,0.5,20,5,86,36.40000000000002
Park-Fav,Progressive,53,65,1,32,1.0,2.0839840317011817,0.5,0,6,86,35.40000000000002
Park-Fav,Progressive,53,66,0,61,0.1,2.121764187447833,0.5,1,6,87,35.30000000000002
Park-Fav,Progressive,53,67,0,97,0.1,1.909193787600193,0.5,2,6,88,35.200000000000024
Park-Fav,Progressive,53,68,0,196,0.1,1.8628705437058612,0.5,3,6,89,35.10000000000002
Park-Fav,Progressive,53,69,1,112,1.0,1.712161513785866,0.5,0,7,89,34.10000000000002
Park-Fav,Progressive,53,70,0,244,0.1,3.65725092215204,1.0,1,7,90,34.00000000000002
Park-Fav,Progressive,53,71,0,228,0.1,3.6191156308601333,1.0,2,7,91,33.90000000000002
Park-Fav,Progressive,53,72,0,29,0.1,3.3813027309264654,1.0,3,7,92,33.80000000000002
Park-Fav,Progressive,53,73,0,212,0.1,3.290016814307196,1.0,4,7,93,33.700000000000024
Park-Fav,Progressive,53,74,0,45,0.1,3.5079521405590897,1.0,5,7,94,33.600000000000016
Park-Fav,Progressive,53,75,0,200,0.1,2.737001618911381,1.0,6,7,95,33.50000000000002
Park-Fav,Progressive,53,76,0,50,0.1,2.6242022920805352,1.0,7,7,96,33.40000000000001
Park-Fav,Progressive,53,77,0,232,0.1,2.3079884060118014,1.0,8,7,97,33.30000000000002
Park-Fav,Progressive,53,78,0,69,0.1,2.374475954848949,1.0,9,7,98,33.20000000000001
Park-Fav,Progressive,53,79,0,216,0.1,2.1978173256944755,1.0,10,7,99,33.100000000000016
Park-Fav,Progressive,53,80,0,117,0.1,1.9321355558430975,1.0,11,7,100,33.00000000000001
Park-Fav,Progressive,53,81,0,129,0.1,2.002918332511688,1.0,12,7,101,32.90000000000001
Park-Fav,Progressive,53,82,0,34,0.1,1.6238514276099103,1.0,13,7,102,32.800000000000004
Park-Fav,Progressive,53,83,0,252,0.1,1.7807758683853163,1.0,14,7,103,32.70000000000001
Park-Fav,Progressive,53,84,0,220,0.1,1.6726567946294568,1.0,15,7,104,32.6
Park-Fav,Progressive,53,85,0,177,0.1,1.4759811112590027,1.0,16,7,105,32.50000000000001
Park-Fav,Progressive,53,86,0,236,0.1,1.3950951398712002,1.0,17,7,106,32.4
Park-Fav,Progressive,53,87,0,145,0.1,1.601529462876089,1.0,18,7,107,32.300000000000004
Park-Fav,Progressive,53,88,0,18,0.1,1.4242842830738323,1.0,19,7,108,32.199999999999996
Park-Fav,Progressive,53,89,0,161,0.1,1.5229356515846797,1.0,20,7,109,32.1
Park-Fav,Progressive,53,90,1,16,1.0,1.43321436800533,1.0,0,8,109,31.099999999999994
Park-Fav,Progressive,53,91,1,192,1.0,1.3568681331734918,0.9999999999999999,0,9,109,30.099999999999998
Park-Fav,Progressive,53,92,1,96,1.0,1.3507187224061368,1.0,0,10,109,29.099999999999998
Park-Fav,Progressive,53,93,0,73,0.1,1.1014291005625898,1.0,1,10,110,28.999999999999996
Park-Fav,Progressive,53,94,1,80,1.0,1.1815992256909362,1.0,0,11,110,27.999999999999996
Park-Fav,Progressive,53,95,0,121,0.1,1.162431081401697,1.0,1,11,111,27.899999999999995
Park-Fav,Progressive,53,96,0,89,0.1,0.9419738858188875,1.0,2,11,112,27.799999999999994
Park-Fav,Progressive,53,97,1,176,1.0,1.0223052970320188,1.0,0,12,112,26.799999999999994
Park-Fav,Progressive,53,98,1,64,1.0,0.9125989185184464,0.9999999999999999,0,13,112,25.799999999999994
Park-Fav,Progressive,53,99,1,36,1.0,1.0619764273293644,1.0,0,14,112,24.799999999999994
Park-Fav,Progressive,53,100,1,52,1.0,0.8977966277138125,0.9999999999999999,0,15,112,23.799999999999994
Park-Fav,Progressive,53,101,0,77,0.1,0.9605214148830693,1.0,1,15,113,23.699999999999992
Park-Fav,Progressive,53,102,1,20,1.0,0.8767951267315741,1.0,0,16,113,22.699999999999992
Park-Fav,Progressive,53,103,1,160,1.0,0.917448837891323,1.0,0,17,113,21.699999999999992
Park-Fav,Progressive,53,104,0,105,0.1,0.9182596352907866,0.9999999999999998,1,17,114,21.59999999999999
Park-Fav,Progressive,53,105,1,4,1.0,0.8225869339199838,0.9999999999999998,0,18,114,20.59999999999999
Park-Fav,Progressive,53,106,0,193,0.1,0.8298834056270812,0.9999999999999997,1,18,115,20.49999999999999
Park-Fav,Progressive,53,107,1,56,1.0,0.9239438633259192,0.9999999999999997,0,19,115,19.49999999999999
Park-Fav,Progressive,53,108,1,116,1.0,0.921196183156204,1.0,0,20,115,18.49999999999999
Park-Fav,Progressive,53,109,0,54,0.1,0.8445235998494584,0.9989986275503793,1,20,116,18.399999999999988
Park-Fav,Progressive,53,110,1,40,1.0,0.9039800241040927,0.9989986275503793,0,21,116,17.399999999999988
Park-Fav,Progressive,53,111,1,100,1.0,0.9005418717942368,0.9990380599487478,0,22,116,16.39999999999999
Park-Fav,Progressive,53,112,1,24,1.0,0.9451140667016176,0.9982640299716978,0,23,116,15.399999999999991
Park-Fav,Progressive,53,113,1,84,1.0,0.8900420617674198,0.9983256012160615,0,24,116,14.399999999999991
Park-Fav,Progressive,53,114,0,241,0.1,0.7297049139539564,0.9977172957734847,1,24,117,14.299999999999992
Park-Fav,Progressive,53,115,1,60,1.0,0.8707761278278427,0.9977172957734847,0,25,117,13.29999999999999
Park-Fav,Progressive,53,116,1,44,1.0,0.8780387250283459,0.9977912383564839,0,26,117,12.29999999999999
Park-Fav,Progressive,53,117,1,120,1.0,0.9445735080719593,0.9978544306847174,0,27,117,11.29999999999999
Park-Fav,Progressive,53,118,0,133,0.1,0.7018562146765236,0.9944298954286548,1,27,118,11.19999999999999
Park-Fav,Progressive,53,119,1,8,1.0,0.8376256561918491,0.9944298954286548,0,28,118,10.199999999999989
Park-Fav,Progressive,53,120,1,104,1.0,0.7759584710366658,0.9945851977257723,0,29,118,9.199999999999989
Park-Fav,Progressive,53,121,1,28,1.0,0.8958900263344758,0.992145179292084,0,30,118,8.199999999999989
Park-Fav,Progressive,53,122,1,12,1.0,0.7894124196546407,0.9923542700407564,0,31,118,7.199999999999989
Park-Fav,Progressive,53,123,1,68,1.0,0.7766794426291246,0.992538187054253,0,32,118,6.199999999999989
Park-Fav,Progressive,53,124,1,88,1.0,0.684677540293019,0.9925087276381017,0,33,118,5.199999999999989
Park-Fav,Progressive,53,125,1,128,1.0,0.663121520475929,0.9908686708215753,0,34,118,4.199999999999989
Park-Fav,Progressive,53,126,1,72,1.0,0.6503780529182894,0.9910031527130725,0,35,118,3.1999999999999886
Park-Fav,Progressive,53,127,1,108,1.0,0.6432076719515859,0.9896243099091361,0,36,118,2.1999999999999886
Park-Fav,Progressive,53,128,0,209,0.1,0.7064873572430356,0.9855247632143963,1,36,119,2.0999999999999885
Park-Fav,Progressive,53,129,0,6,0.1,0.6657308795230211,0.9855247632143963,2,36,120,1.9999999999999871
Park-Fav,Progressive,53,130,0,125,0.1,0.67707831168839,0.9855247632143963,3,36,121,1.8999999999999857
Park-Fav,Progressive,53,131,0,225,0.1,0.5946395784105244,0.9855247632143963,4,36,122,1.7999999999999843
Park-Fav,Progressive,53,132,1,76,1.0,0.5730470674967804,0.9855247632143963,0,37,122,0.799999999999983
Park-Fav,Progressive,53,133,0,38,0.1,0.5871342202047172,0.9824976200109525,1,37,123,0.699999999999983
Park-Fav,Progressive,53,134,0,114,0.1,0.5532497542363171,0.9824976200109525,2,37,124,0.5999999999999815
Park-Fav,Progressive,53,135,0,149,0.1,0.4884621700022832,0.9824976200109525,3,37,125,0.4999999999999801
Park-Fav,Progressive,53,136,0,66,0.1,0.5068868155886394,0.9824976200109525,4,37,126,0.3999999999999787
Park-Fav,Progressive,53,137,0,93,0.1,0.4773190439907391,0.9824976200109525,5,37,127,0.2999999999999773
Park-Fav,Progressive,53,138,0,181,0.1,0.5042814134954952,0.9824976200109525,6,37,128,0.19999999999997584
Park-Fav,Progressive,53,139,0,109,0.1,0.4467175930919721,0.9824976200109525,7,37,129,0.09999999999997441
Park-Fav,Progressive,54,1,0,16,0.1,11.217751074813735,0.5,1,2,26,45.4
Park-Fav,Progressive,54,2,0,0,0.1,8.169836556412061,0.5,2,2,27,45.3
Park-Fav,Progressive,54,3,0,32,0.1,7.719740609552541,0.5,3,2,28,45.199999999999996
Park-Fav,Progressive,54,4,0,64,0.1,7.6652586207220175,0.5,4,2,29,45.1
Park-Fav,Progressive,54,5,0,20,0.1,8.094208629184388,0.5,5,2,30,45.0
Park-Fav,Progressive,54,6,0,48,0.1,8.308105638546197,0.5,6,2,31,44.9
Park-Fav,Progressive,54,7,0,4,0.1,8.402669487322846,0.5,7,2,32,44.800000000000004
Park-Fav,Progressive,54,8,0,36,0.1,8.287541583136683,0.5,8,2,33,44.7
Park-Fav,Progressive,54,9,0,52,0.1,7.500580702638389,0.5,9,2,34,44.6
Park-Fav,Progressive,54,10,0,80,0.1,7.657199906972849,0.5,10,2,35,44.5
Park-Fav,Progressive,54,11,0,96,0.1,7.55324426258992,0.5,11,2,36,44.4
Park-Fav,Progressive,54,12,0,24,0.1,7.710525593631314,0.5,12,2,37,44.300000000000004
Park-Fav,Progressive,54,13,0,40,0.1,7.475905806762737,0.5,13,2,38,44.2
Park-Fav,Progressive,54,14,1,32,1.0,7.953667723984651,0.5,0,3,38,43.2
Park-Fav,Progressive,54,15,0,56,0.1,7.869379661910592,0.5,1,3,39,43.1
Park-Fav,Progressive,54,16,0,8,0.1,7.62295291028625,0.5,2,3,40,43.00000000000001
Park-Fav,Progressive,54,17,0,112,0.1,7.033011678243459,0.5,3,3,41,42.900000000000006
Park-Fav,Progressive,54,18,0,100,0.1,6.713930368608045,0.5,4,3,42,42.800000000000004
Park-Fav,Progressive,54,19,0,68,0.1,6.391859659575479,0.5,5,3,43,42.7
Park-Fav,Progressive,54,20,0,60,0.1,6.904370353362777,0.5,6,3,44,42.6
Park-Fav,Progressive,54,21,0,44,0.1,7.205292283077071,0.5,7,3,45,42.50000000000001
Park-Fav,Progressive,54,22,0,28,0.1,6.864125052608734,0.5,8,3,46,42.400000000000006
Park-Fav,Progressive,54,23,0,116,0.1,6.407512888664742,0.5,9,3,47,42.300000000000004
Park-Fav,Progressive,54,24,0,12,0.1,6.242415667871023,0.5,10,3,48,42.20000000000001
Park-Fav,Progressive,54,25,0,104,0.1,5.53551523711437,0.5,11,3,49,42.10000000000001
Park-Fav,Progressive,54,26,0,120,0.1,5.245751229556121,0.5,12,3,50,42.00000000000001
Park-Fav,Progressive,54,27,0,160,0.1,5.113697672503671,0.5,13,3,51,41.900000000000006
Park-Fav,Progressive,54,28,0,128,0.1,5.38187636121771,0.5,14,3,52,41.800000000000004
Park-Fav,Progressive,54,29,0,176,0.1,4.597302481302727,0.5,15,3,53,41.70000000000001
Park-Fav,Progressive,54,30,0,124,0.1,4.754927360342237,0.5,16,3,54,41.60000000000001
Park-Fav,Progressive,54,31,0,76,0.1,4.536273894970792,0.5,17,3,55,41.50000000000001
Park-Fav,Progressive,54,32,0,92,0.1,4.560597885552891,0.5,18,3,56,41.40000000000001
Park-Fav,Progressive,54,33,0,108,0.1,4.489108787913343,0.5,19,3,57,41.30000000000001
Park-Fav,Progressive,54,34,0,144,0.1,4.5002851072879935,0.5,20,3,58,41.20000000000001
Park-Fav,Progressive,54,35,1,124,1.0,2.7925962459419496,0.5,0,4,58,40.20000000000001
Park-Fav,Progressive,54,36,0,49,0.1,3.835336319376808,0.5,1,4,59,40.10000000000001
Park-Fav,Progressive,54,37,0,132,0.1,3.4428689808281714,0.5,2,4,60,40.00000000000001
Park-Fav,Progressive,54,38,0,180,0.1,3.4870712401843367,0.5,3,4,61,39.90000000000001
Park-Fav,Progressive,54,39,0,53,0.1,3.37979927602337,0.5,4,4,62,39.80000000000001
Park-Fav,Progressive,54,40,0,1,0.1,3.5943369585776757,0.5,5,4,63,39.70000000000001
Park-Fav,Progressive,54,41,0,17,0.1,3.2188879496779443,0.5,6,4,64,39.600000000000016
Park-Fav,Progressive,54,42,0,33,0.1,2.957068245557204,0.5,7,4,65,39.500000000000014
Park-Fav,Progressive,54,43,0,240,0.1,2.9846476119450482,0.5,8,4,66,39.40000000000001
Park-Fav,Progressive,54,44,0,37,0.1,2.5599637695065223,0.5,9,4,67,39.30000000000001
Park-Fav,Progressive,54,45,0,192,0.1,2.64261179741337,0.5,10,4,68,39.20000000000001
Park-Fav,Progressive,54,46,0,21,0.1,2.4310150944478024,0.5,11,4,69,39.100000000000016
Park-Fav,Progressive,54,47,0,136,0.1,2.6195330980848244,0.5,12,4,70,39.000000000000014
Park-Fav,Progressive,54,48,0,224,0.1,2.5187802228064173,0.5,13,4,71,38.90000000000001
Park-Fav,Progressive,54,49,1,224,1.0,3.3318664164965797,0.5,0,5,71,37.90000000000002
Park-Fav,Progressive,54,50,0,5,0.1,4.376538808414132,0.9700489847041601,1,5,72,37.80000000000002
Park-Fav,Progressive,54,51,0,184,0.1,4.489871097228485,0.9700489847041601,2,5,73,37.70000000000002
Park-Fav,Progressive,54,52,0,168,0.1,4.228902585266138,0.9700489847041601,3,5,74,37.600000000000016
Park-Fav,Progressive,54,53,0,208,0.1,4.156245044683666,0.9700489847041601,4,5,75,37.500000000000014
Park-Fav,Progressive,54,54,0,57,0.1,3.9603265093590467,0.9700489847041601,5,5,76,37.40000000000001
Park-Fav,Progressive,54,55,0,188,0.1,3.9962949510819357,0.9700489847041601,6,5,77,37.30000000000002
Park-Fav,Progressive,54,56,0,152,0.1,4.027045158333629,0.9700489847041601,7,5,78,37.20000000000002
Park-Fav,Progressive,54,57,0,140,0.1,3.684314332138229,0.9700489847041601,8,5,79,37.100000000000016
Park-Fav,Progressive,54,58,0,9,0.1,3.229129241372081,0.9700489847041601,9,5,80,37.00000000000002
Park-Fav,Progressive,54,59,0,156,0.1,3.0480658730525425,0.9700489847041601,10,5,81,36.90000000000002
Park-Fav,Progressive,54,60,0,61,0.1,3.162637706102747,0.9700489847041601,11,5,82,36.80000000000002
Park-Fav,Progressive,54,61,0,41,0.1,3.1866635859491135,0.9700489847041601,12,5,83,36.70000000000002
Park-Fav,Progressive,54,62,0,25,0.1,2.837631155385063,0.9700489847041601,13,5,84,36.600000000000016
Park-Fav,Progressive,54,63,0,172,0.1,2.7320117628363354,0.9700489847041601,14,5,85,36.50000000000002
Park-Fav,Progressive,54,64,0,65,0.1,2.6112430889796068,0.9700489847041601,15,5,86,36.40000000000002
Park-Fav,Progressive,54,65,0,196,0.1,2.9559980134742925,0.9700489847041601,16,5,87,36.30000000000002
Park-Fav,Progressive,54,66,0,113,0.1,2.598009195805378,0.9700489847041601,17,5,88,36.200000000000024
Park-Fav,Progressive,54,67,0,244,0.1,2.6100735859900337,0.9700489847041601,18,5,89,36.10000000000002
Park-Fav,Progressive,54,68,0,13,0.1,2.319218038046488,0.9700489847041601,19,5,90,36.00000000000002
Park-Fav,Progressive,54,69,0,81,0.1,2.3358188805228752,0.9700489847041601,20,5,91,35.90000000000002
Park-Fav,Progressive,54,70,1,20,1.0,1.319728699044564,0.9700489847041601,0,6,91,34.90000000000002
Park-Fav,Progressive,54,71,0,97,0.1,2.082774014362484,0.9783611986562641,1,6,92,34.80000000000002
Park-Fav,Progressive,54,72,0,228,0.1,2.337494114021715,0.9783611986562641,2,6,93,34.700000000000024
Park-Fav,Progressive,54,73,0,45,0.1,2.073155347851717,0.9783611986562641,3,6,94,34.60000000000002
Park-Fav,Progressive,54,74,0,29,0.1,1.843587864620351,0.9783611986562641,4,6,95,34.50000000000002
Park-Fav,Progressive,54,75,0,212,0.1,2.04596091979653,0.9783611986562641,5,6,96,34.40000000000003
Park-Fav,Progressive,54,76,0,69,0.1,1.4781430978645584,0.9783611986562641,6,6,97,34.300000000000026
Park-Fav,Progressive,54,77,0,200,0.1,1.5624459541427256,0.9783611986562641,7,6,98,34.200000000000024
Park-Fav,Progressive,54,78,0,248,0.1,1.534378370779958,0.9783611986562641,8,6,99,34.10000000000002
Park-Fav,Progressive,54,79,1,0,1.0,1.377797328080417,0.9783611986562641,0,7,99,33.10000000000002
Park-Fav,Progressive,54,80,1,36,1.0,1.3618509953711282,0.98145957015476,0,8,99,32.10000000000002
Park-Fav,Progressive,54,81,0,252,0.1,1.436513686517711,0.9830768140494741,1,8,100,32.00000000000002
Park-Fav,Progressive,54,82,1,24,1.0,1.2878903492249052,0.9830768140494741,0,9,100,31.00000000000003
Park-Fav,Progressive,54,83,1,52,1.0,1.2989356774407401,0.9840698815254634,0,10,100,30.000000000000025
Park-Fav,Progressive,54,84,0,204,0.1,1.3700192537797558,0.984741621970299,1,10,101,29.900000000000023
Park-Fav,Progressive,54,85,1,16,1.0,1.3793440683438016,0.984741621970299,0,11,101,28.900000000000023
Park-Fav,Progressive,54,86,0,216,0.1,1.4100271384786116,0.9852262591936308,1,11,102,28.800000000000022
Park-Fav,Progressive,54,87,0,117,0.1,1.1911515895966307,0.9852262591936308,2,11,103,28.70000000000002
Park-Fav,Progressive,54,88,1,48,1.0,1.2530020218434401,0.9852262591936308,0,12,103,27.70000000000002
Park-Fav,Progressive,54,89,0,232,0.1,1.2665885231183172,0.985592403220806,1,12,104,27.60000000000002
Park-Fav,Progressive,54,90,1,4,1.0,1.1674329803211727,0.985592403220806,0,13,104,26.60000000000002
Park-Fav,Progressive,54,91,1,40,1.0,1.1453348438217357,0.9858787746043239,0,14,104,25.60000000000002
Park-Fav,Progressive,54,92,1,8,1.0,1.0757428330354928,0.9861088813734096,0,15,104,24.60000000000002
Park-Fav,Progressive,54,93,1,56,1.0,1.094317422314547,0.9862978214198345,0,16,104,23.60000000000002
Park-Fav,Progressive,54,94,1,12,1.0,1.0692659330980463,0.9864557345495372,0,17,104,22.60000000000002
Park-Fav,Progressive,54,95,0,129,0.1,1.1756522056046137,0.9865896832889702,1,17,105,22.500000000000018
Park-Fav,Progressive,54,96,1,28,1.0,1.068385256137209,0.9865896832889702,0,18,105,21.500000000000018
Park-Fav,Progressive,54,97,1,84,1.0,1.0588816378004322,0.98670473789586,0,19,105,20.500000000000018
Park-Fav,Progressive,54,98,1,44,1.0,1.0363531878256074,0.9876552480628707,0,20,105,19.500000000000018
Park-Fav,Progressive,54,99,1,60,1.0,0.9789968059962266,0.9877768751344244,0,21,105,18.500000000000018
Park-Fav,Progressive,54,100,0,177,0.1,0.9788930016381877,0.9878836886202556,1,21,106,18.400000000000016
Park-Fav,Progressive,54,101,0,145,0.1,1.0463196265018748,0.9878836886202556,2,21,107,18.300000000000015
Park-Fav,Progressive,54,102,1,88,1.0,0.9299645910817581,0.9878836886202556,0,22,107,17.300000000000015
Park-Fav,Progressive,54,103,1,100,1.0,0.8573848597488878,0.9877128342537291,0,23,107,16.30000000000001
Park-Fav,Progressive,54,104,0,236,0.1,0.831447719613307,0.9883477018197239,1,23,108,16.20000000000001
Park-Fav,Progressive,54,105,1,96,1.0,0.8667423518022319,0.9883477018197239,0,24,108,15.20000000000001
Park-Fav,Progressive,54,106,1,64,1.0,0.8524611636382422,0.9880279302341881,0,25,108,14.20000000000001
Park-Fav,Progressive,54,107,1,68,1.0,0.8004337741296379,0.9877650374899797,0,26,108,13.20000000000001
Park-Fav,Progressive,54,108,1,116,1.0,0.7983917500754736,0.9882302842606178,0,27,108,12.20000000000001
Park-Fav,Progressive,54,109,0,18,0.1,0.876207696341902,0.9886281666374713,1,27,109,12.10000000000001
Park-Fav,Progressive,54,110,0,34,0.1,0.7917445859193334,0.9886281666374713,2,27,110,12.000000000000009
Park-Fav,Progressive,54,111,1,80,1.0,0.7374241804817613,0.9886281666374713,0,28,110,11.000000000000007
Park-Fav,Progressive,54,112,1,112,1.0,0.7501185240068792,0.9883540904129958,0,29,110,10.000000000000007
Park-Fav,Progressive,54,113,1,104,1.0,0.7584861600971211,0.988113860590371,0,30,110,9.000000000000007
Park-Fav,Progressive,54,114,0,220,0.1,0.7167408195926186,0.9875327573642293,1,30,111,8.900000000000007
Park-Fav,Progressive,54,115,1,120,1.0,0.6693747441570469,0.9875327573642293,0,31,111,7.900000000000006
Park-Fav,Progressive,54,116,0,121,0.1,0.6277618472755355,0.9871717278309458,1,31,112,7.800000000000006
Park-Fav,Progressive,54,117,1,72,1.0,0.6790083897908105,0.9871717278309458,0,32,112,6.800000000000004
Park-Fav,Progressive,54,118,0,193,0.1,0.5992779145278617,0.9869525311280775,1,32,113,6.700000000000005
Park-Fav,Progressive,54,119,1,76,1.0,0.5197103151014901,0.9869525311280775,0,33,113,5.700000000000003
Park-Fav,Progressive,54,120,1,92,1.0,0.4638693449881237,0.9848757210775736,0,34,113,4.700000000000003
Park-Fav,Progressive,54,121,1,108,1.0,0.49665701176417887,0.9835315491008102,0,35,113,3.700000000000003
Park-Fav,Progressive,54,122,1,128,1.0,0.44987733335742464,0.9826502342930087,0,36,113,2.700000000000003
Park-Fav,Progressive,54,123,1,176,1.0,0.4120273229605861,0.981050942240466,0,37,113,1.7000000000000028
Park-Fav,Progressive,54,124,1,144,1.0,0.4179146559708686,0.9799160862250529,0,38,113,0.7000000000000028
Park-Fav,Progressive,54,125,0,6,0.1,0.39187118040347163,0.9791031423840101,1,38,114,0.6000000000000029
Park-Fav,Progressive,54,126,0,89,0.1,0.41392427027906886,0.9791031423840101,2,38,115,0.5000000000000014
Park-Fav,Progressive,54,127,0,125,0.1,0.4327618339009566,0.9791031423840101,3,38,116,0.4
Park-Fav,Progressive,54,128,0,133,0.1,0.37100301717292933,0.9791031423840101,4,38,117,0.2999999999999986
Park-Fav,Progressive,54,129,0,209,0.1,0.3062856266359302,0.9791031423840101,5,38,118,0.19999999999999715
Park-Fav,Progressive,54,130,0,105,0.1,0.3432962443092511,0.9791031423840101,6,38,119,0.09999999999999573
Park-Fav,Progressive,55,1,1,0,1.0,10.63097791774381,0.5,0,3,25,44.5
Park-Fav,Progressive,55,2,0,16,0.1,9.515049764475181,0.5,1,3,26,44.4
Park-Fav,Progressive,55,3,0,32,0.1,9.582902757703897,0.5,2,3,27,44.3
Park-Fav,Progressive,55,4,0,36,0.1,9.075939716493988,0.5,3,3,28,44.199999999999996
Park-Fav,Progressive,55,5,0,48,0.1,9.376716134942393,0.5,4,3,29,44.1
Park-Fav,Progressive,55,6,0,20,0.1,9.447377876670606,0.5,5,3,30,44.0
Park-Fav,Progressive,55,7,0,52,0.1,8.862620720269701,0.5,6,3,31,43.9
Park-Fav,Progressive,55,8,0,56,0.1,8.728848406610684,0.5,7,3,32,43.800000000000004
Park-Fav,Progressive,55,9,0,24,0.1,8.623815269496049,0.5,8,3,33,43.7
Park-Fav,Progressive,55,10,0,4,0.1,9.318431139443403,0.5,9,3,34,43.6
Park-Fav,Progressive,55,11,0,96,0.1,8.864206271429872,0.5,10,3,35,43.5
Park-Fav,Progressive,55,12,0,8,0.1,8.091322828556029,0.5,11,3,36,43.4
Park-Fav,Progressive,55,13,0,80,0.1,7.58602237228821,0.5,12,3,37,43.300000000000004
Park-Fav,Progressive,55,14,0,84,0.1,7.7949657402881884,0.5,13,3,38,43.2
Park-Fav,Progressive,55,15,0,64,0.1,7.674530375776287,0.5,14,3,39,43.1
Park-Fav,Progressive,55,16,0,112,0.1,7.66715244172625,0.5,15,3,40,43.00000000000001
Park-Fav,Progressive,55,17,0,44,0.1,7.4861921446549555,0.5,16,3,41,42.900000000000006
Park-Fav,Progressive,55,18,0,60,0.1,7.806760174954943,0.5,17,3,42,42.800000000000004
Park-Fav,Progressive,55,19,0,28,0.1,7.571754786502105,0.5,18,3,43,42.7
Park-Fav,Progressive,55,20,0,12,0.1,7.4381847773633165,0.5,19,3,44,42.6
Park-Fav,Progressive,55,21,0,116,0.1,7.000307975872563,0.5,20,3,45,42.50000000000001
Park-Fav,Progressive,55,22,1,48,1.0,4.488087972865335,0.5,0,4,45,41.50000000000001
Park-Fav,Progressive,55,23,0,100,0.1,7.033532753489049,0.5,1,4,46,41.400000000000006
Park-Fav,Progressive,55,24,0,104,0.1,6.365641673784392,0.5,2,4,47,41.300000000000004
Park-Fav,Progressive,55,25,0,88,0.1,6.611781850792544,0.5,3,4,48,41.20000000000001
Park-Fav,Progressive,55,26,0,72,0.1,6.128628208236937,0.5,4,4,49,41.10000000000001
Park-Fav,Progressive,55,27,0,120,0.1,5.65402183412497,0.5,5,4,50,41.00000000000001
Park-Fav,Progressive,55,28,0,176,0.1,5.7481092363441455,0.5,6,4,51,40.900000000000006
Park-Fav,Progressive,55,29,0,76,0.1,4.929012644723181,0.5,7,4,52,40.800000000000004
Park-Fav,Progressive,55,30,0,160,0.1,5.087110502553429,0.5,8,4,53,40.70000000000001
Park-Fav,Progressive,55,31,0,124,0.1,4.932019211737537,0.5,9,4,54,40.60000000000001
Park-Fav,Progressive,55,32,0,92,0.1,4.521437008035119,0.5,10,4,55,40.50000000000001
Park-Fav,Progressive,55,33,0,144,0.1,4.662092163931833,0.5,11,4,56,40.40000000000001
Park-Fav,Progressive,55,34,0,128,0.1,4.469877588076663,0.5,12,4,57,40.30000000000001
Park-Fav,Progressive,55,35,0,1,0.1,4.262592548550715,0.5,13,4,58,40.20000000000001
Park-Fav,Progressive,55,36,0,132,0.1,3.968481237966728,0.5,14,4,59,40.10000000000001
Park-Fav,Progressive,55,37,0,49,0.1,3.8761837909070604,0.5,15,4,60,40.00000000000001
Park-Fav,Progressive,55,38,0,148,0.1,3.621960108700467,0.5,16,4,61,39.90000000000001
Park-Fav,Progressive,55,39,0,180,0.1,3.798245328682323,0.5,17,4,62,39.80000000000001
Park-Fav,Progressive,55,40,0,164,0.1,3.503629694538249,0.5,18,4,63,39.70000000000001
Park-Fav,Progressive,55,41,0,33,0.1,3.4690667150904564,0.5,19,4,64,39.600000000000016
Park-Fav,Progressive,55,42,0,17,0.1,3.576261178649014,0.5,20,4,65,39.500000000000014
Park-Fav,Progressive,55,43,1,32,1.0,1.974007594604841,0.5,0,5,65,38.500000000000014
Park-Fav,Progressive,55,44,0,184,0.1,5.8502672974382675,1.0,1,5,66,38.40000000000001
Park-Fav,Progressive,55,45,0,240,0.1,6.229087700091271,1.0,2,5,67,38.30000000000001
Park-Fav,Progressive,55,46,0,21,0.1,5.7105676296515355,1.0,3,5,68,38.20000000000001
Park-Fav,Progressive,55,47,0,53,0.1,5.900181889285003,1.0,4,5,69,38.100000000000016
Park-Fav,Progressive,55,48,0,136,0.1,6.155595315580298,1.0,5,5,70,38.000000000000014
Park-Fav,Progressive,55,49,0,5,0.1,5.18414889009698,1.0,6,5,71,37.90000000000001
Park-Fav,Progressive,55,50,0,152,0.1,5.151791959414572,1.0,7,5,72,37.80000000000002
Park-Fav,Progressive,55,51,0,37,0.1,5.310037466574965,1.0,8,5,73,37.70000000000002
Park-Fav,Progressive,55,52,0,224,0.1,4.902715821679993,1.0,9,5,74,37.600000000000016
Park-Fav,Progressive,55,53,0,192,0.1,5.316341422654944,1.0,10,5,75,37.500000000000014
Park-Fav,Progressive,55,54,0,168,0.1,4.459933692429534,1.0,11,5,76,37.40000000000001
Park-Fav,Progressive,55,55,0,208,0.1,4.677540921927372,1.0,12,5,77,37.30000000000002
Park-Fav,Progressive,55,56,0,140,0.1,4.563887919322674,1.0,13,5,78,37.20000000000002
Park-Fav,Progressive,55,57,0,196,0.1,3.9810399284806586,1.0,14,5,79,37.100000000000016
Park-Fav,Progressive,55,58,0,65,0.1,4.064056258427736,1.0,15,5,80,37.00000000000002
Park-Fav,Progressive,55,59,0,188,0.1,3.960085673113052,1.0,16,5,81,36.90000000000002
Park-Fav,Progressive,55,60,0,156,0.1,3.331061614938078,1.0,17,5,82,36.80000000000002
Park-Fav,Progressive,55,61,0,172,0.1,3.5063874538456985,1.0,18,5,83,36.70000000000002
Park-Fav,Progressive,55,62,0,244,0.1,3.7598011996565814,1.0,19,5,84,36.600000000000016
Park-Fav,Progressive,55,63,0,61,0.1,3.4760328982619457,1.0,20,5,85,36.50000000000002
Park-Fav,Progressive,55,64,1,16,1.0,1.7878803981412121,1.0,0,6,85,35.50000000000002
Park-Fav,Progressive,55,65,0,57,0.1,3.103312513615194,1.0,1,6,86,35.40000000000002
Park-Fav,Progressive,55,66,0,41,0.1,3.13628871241606,1.0,2,6,87,35.30000000000002
Park-Fav,Progressive,55,67,1,192,1.0,3.0229938244232346,1.0,0,7,87,34.300000000000026
Park-Fav,Progressive,55,68,0,9,0.1,3.0254314996899367,1.0,1,7,88,34.200000000000024
Park-Fav,Progressive,55,69,0,212,0.1,2.924751654402794,1.0,2,7,89,34.10000000000002
Park-Fav,Progressive,55,70,0,25,0.1,2.719044114766258,1.0,3,7,90,34.00000000000002
Park-Fav,Progressive,55,71,0,228,0.1,2.7762708283978577,1.0,4,7,91,33.90000000000002
Park-Fav,Progressive,55,72,0,113,0.1,2.5632244324481044,1.0,5,7,92,33.80000000000002
Park-Fav,Progressive,55,73,0,97,0.1,2.5542340694456223,1.0,6,7,93,33.700000000000024
Park-Fav,Progressive,55,74,0,13,0.1,2.4874850448480257,1.0,7,7,94,33.600000000000016
Park-Fav,Progressive,55,75,0,45,0.1,2.0241301387977093,1.0,8,7,95,33.50000000000002
Park-Fav,Progressive,55,76,0,29,0.1,2.2184179621969538,1.0,9,7,96,33.40000000000001
Park-Fav,Progressive,55,77,0,200,0.1,1.815230862405186,1.0,10,7,97,33.30000000000002
Park-Fav,Progressive,55,78,0,248,0.1,1.7894313049254162,1.0,11,7,98,33.20000000000001
Park-Fav,Progressive,55,79,0,204,0.1,1.7021611927817308,1.0,12,7,99,33.100000000000016
Park-Fav,Progressive,55,80,1,96,1.0,1.6099737284813875,1.0,0,8,99,32.10000000000001
Park-Fav,Progressive,55,81,0,69,0.1,1.6435151656108782,1.0,1,8,100,32.00000000000001
Park-Fav,Progressive,55,82,0,232,0.1,1.5803672784819156,1.0,2,8,101,31.900000000000013
Park-Fav,Progressive,55,83,0,216,0.1,1.3353559622789672,1.0,3,8,102,31.800000000000008
Park-Fav,Progressive,55,84,0,117,0.1,1.3894423586455174,1.0,4,8,103,31.700000000000006
Park-Fav,Progressive,55,85,0,252,0.1,1.4090588097515782,1.0,5,8,104,31.600000000000005
Park-Fav,Progressive,55,86,0,85,0.1,1.284890798669273,1.0,6,8,105,31.500000000000004
Park-Fav,Progressive,55,87,0,129,0.1,1.2585477411690664,1.0,7,8,106,31.400000000000002
Park-Fav,Progressive,55,88,0,2,0.1,1.2418030993725782,1.0,8,8,107,31.3
Park-Fav,Progressive,55,89,0,101,0.1,1.1191222930417355,1.0,9,8,108,31.2
Park-Fav,Progressive,55,90,1,80,1.0,1.201164329142643,1.0,0,9,108,30.2
Park-Fav,Progressive,55,91,0,145,0.1,1.0003023963596103,1.0,1,9,109,30.099999999999998
Park-Fav,Progressive,55,92,0,220,0.1,1.0927114054344105,1.0,2,9,110,29.999999999999996
Park-Fav,Progressive,55,93,1,64,1.0,1.0133003988198386,1.0,0,10,110,28.999999999999996
Park-Fav,Progressive,55,94,1,112,1.0,1.0402554958953525,1.0,0,11,110,27.999999999999996
Park-Fav,Progressive,55,95,0,18,0.1,0.9247059932853302,1.0,1,11,111,27.899999999999995
Park-Fav,Progressive,55,96,0,236,0.1,0.9336595178147006,1.0,2,11,112,27.799999999999994
Park-Fav,Progressive,55,97,0,121,0.1,0.8146396629702457,1.0,3,11,113,27.699999999999992
Park-Fav,Progressive,55,98,0,161,0.1,0.8659600991446609,1.0,4,11,114,27.59999999999999
Park-Fav,Progressive,55,99,0,50,0.1,0.8395531682595958,1.0,5,11,115,27.49999999999999
Park-Fav,Progressive,55,100,0,177,0.1,0.7858254234891537,1.0,6,11,116,27.399999999999988
Park-Fav,Progressive,55,101,0,34,0.1,0.7848161714316798,1.0,7,11,117,27.299999999999986
Park-Fav,Progressive,55,102,0,73,0.1,0.6913087206435659,1.0,8,11,118,27.199999999999985
Park-Fav,Progressive,55,103,1,176,1.0,0.799737392379287,1.0,0,12,118,26.199999999999985
Park-Fav,Progressive,55,104,1,144,1.0,0.7160772755306226,1.0,0,13,118,25.199999999999985
Park-Fav,Progressive,55,105,0,125,0.1,0.6214919992151996,1.0,1,13,119,25.099999999999984
Park-Fav,Progressive,55,106,1,160,1.0,0.6480896600664643,1.0,0,14,119,24.099999999999984
Park-Fav,Progressive,55,107,1,128,1.0,0.7160851994069246,0.9999999999999999,0,15,119,23.099999999999984
Park-Fav,Progressive,55,108,1,36,1.0,0.5861872948883,0.9999999999999999,0,16,119,22.099999999999984
Park-Fav,Progressive,55,109,1,20,1.0,0.6834077813470139,1.0,0,17,119,21.099999999999984
Park-Fav,Progressive,55,110,1,52,1.0,0.676298976611566,0.9999999999999999,0,18,119,20.099999999999984
Park-Fav,Progressive,55,111,1,4,1.0,0.7905073713110651,1.0,0,19,119,19.099999999999984
Park-Fav,Progressive,55,112,0,89,0.1,0.5753479228726186,0.9999999999999998,1,19,120,18.999999999999982
Park-Fav,Progressive,55,113,1,40,1.0,0.7396764304633989,0.9999999999999998,0,20,120,17.999999999999982
Park-Fav,Progressive,55,114,1,100,1.0,0.6438330403645995,0.9999999999999999,0,21,120,16.999999999999986
Park-Fav,Progressive,55,115,1,84,1.0,0.5936451000730808,0.9991896957115832,0,22,120,15.999999999999986
Park-Fav,Progressive,55,116,1,8,1.0,0.6234138887681727,0.9984948496094318,0,23,120,14.999999999999986
Park-Fav,Progressive,55,117,1,24,1.0,0.7050948615423468,0.9985554319070377,0,24,120,13.999999999999986
Park-Fav,Progressive,55,118,1,68,1.0,0.665602598151313,0.9986064296098811,0,25,120,12.999999999999986
Park-Fav,Progressive,55,119,1,56,1.0,0.6558200967309533,0.9980525853983865,0,26,120,11.999999999999986
Park-Fav,Progressive,55,120,1,116,1.0,0.6557755832327287,0.998115123130588,0,27,120,10.999999999999986
Park-Fav,Progressive,55,121,1,28,1.0,0.5219538552140447,0.9976503643227433,0,28,120,9.999999999999986
Park-Fav,Progressive,55,122,1,12,1.0,0.7354101335381096,0.9977197260658195,0,29,120,8.999999999999986
Park-Fav,Progressive,55,123,1,44,1.0,0.6828453681226372,0.997780406832959,0,30,120,7.999999999999986
Park-Fav,Progressive,55,124,1,60,1.0,0.6399870975868712,0.9978339395530241,0,31,120,6.999999999999986
Park-Fav,Progressive,55,125,1,120,1.0,0.5410218926680741,0.997881516461265,0,32,120,5.999999999999986
Park-Fav,Progressive,55,126,1,88,1.0,0.6729463015406096,0.9952302827928079,0,33,120,4.999999999999986
Park-Fav,Progressive,55,127,1,104,1.0,0.5757343251356263,0.9931134493922229,0,34,120,3.999999999999986
Park-Fav,Progressive,55,128,1,72,1.0,0.587057013989955,0.9913977160017088,0,35,120,2.999999999999986
Park-Fav,Progressive,55,129,0,193,0.1,0.43252238942241145,0.9899888339139228,1,35,121,2.8999999999999857
Park-Fav,Progressive,55,130,1,76,1.0,0.46215929755631435,0.9899888339139228,0,36,121,1.8999999999999844
Park-Fav,Progressive,55,131,0,77,0.1,0.4312253417767292,0.9859032670261019,1,36,122,1.7999999999999843
Park-Fav,Progressive,55,132,0,241,0.1,0.40613224955739496,0.9859032670261019,2,36,123,1.6999999999999829
Park-Fav,Progressive,55,133,0,133,0.1,0.40035571788184215,0.9859032670261019,3,36,124,1.5999999999999814
Park-Fav,Progressive,55,134,1,124,1.0,0.3969862994333684,0.9859032670261019,0,37,124,0.5999999999999801
Park-Fav,Progressive,55,135,0,209,0.1,0.40035728383367786,0.9827999098885879,1,37,125,0.4999999999999801
Park-Fav,Progressive,55,136,0,93,0.1,0.3299935357462029,0.9827999098885879,2,37,126,0.3999999999999787
Park-Fav,Progressive,55,137,0,109,0.1,0.3450526261473623,0.9827999098885879,3,37,127,0.2999999999999773
Park-Fav,Progressive,55,138,0,225,0.1,0.37067960338637745,0.9827999098885879,4,37,128,0.19999999999997584
Park-Fav,Progressive,55,139,0,54,0.1,0.34819183482681326,0.9827999098885879,5,37,129,0.09999999999997441
Park-Fav,Progressive,56,1,0,0,0.1,11.071067702108305,0.5,1,2,26,45.4
Park-Fav,Progressive,56,2,0,32,0.1,8.348566106454177,0.5,2,2,27,45.3
Park-Fav,Progressive,56,3,0,16,0.1,8.71933320065471,0.5,3,2,28,45.199999999999996
Park-Fav,Progressive,56,4,0,20,0.1,8.29995359606411,0.5,4,2,29,45.1
Park-Fav,Progressive,56,5,0,48,0.1,8.119902397047184,0.5,5,2,30,45.0
Park-Fav,Progressive,56,6,0,36,0.1,8.002698722554427,0.5,6,2,31,44.9
Park-Fav,Progressive,56,7,0,52,0.1,7.8927364440118595,0.5,7,2,32,44.800000000000004
Park-Fav,Progressive,56,8,0,4,0.1,7.750839503841031,0.5,8,2,33,44.7
Park-Fav,Progressive,56,9,0,80,0.1,8.273448137565,0.5,9,2,34,44.6
Park-Fav,Progressive,56,10,0,96,0.1,7.337977139418085,0.5,10,2,35,44.5
Park-Fav,Progressive,56,11,0,40,0.1,7.020791552059174,0.5,11,2,36,44.4
Park-Fav,Progressive,56,12,0,24,0.1,7.5876114775131525,0.5,12,2,37,44.300000000000004
Park-Fav,Progressive,56,13,0,56,0.1,7.391438571097571,0.5,13,2,38,44.2
Park-Fav,Progressive,56,14,0,8,0.1,7.26838994949858,0.5,14,2,39,44.1
Park-Fav,Progressive,56,15,0,112,0.1,7.37421714501874,0.5,15,2,40,44.00000000000001
Park-Fav,Progressive,56,16,1,16,1.0,7.051900699720407,0.5,0,3,40,43.00000000000001
Park-Fav,Progressive,56,17,0,64,0.1,7.676519609142615,0.5,1,3,41,42.900000000000006
Park-Fav,Progressive,56,18,0,68,0.1,6.37136287980777,0.5,2,3,42,42.800000000000004
Park-Fav,Progressive,56,19,0,116,0.1,6.194861961776585,0.5,3,3,43,42.7
Park-Fav,Progressive,56,20,0,60,0.1,6.646491661352321,0.5,4,3,44,42.6
Park-Fav,Progressive,56,21,0,44,0.1,6.870309094743765,0.5,5,3,45,42.50000000000001
Park-Fav,Progressive,56,22,0,28,0.1,6.82941229075178,0.5,6,3,46,42.400000000000006
Park-Fav,Progressive,56,23,0,12,0.1,6.5028546746460885,0.5,7,3,47,42.300000000000004
Park-Fav,Progressive,56,24,0,104,0.1,6.028595821567658,0.5,8,3,48,42.20000000000001
Park-Fav,Progressive,56,25,0,72,0.1,5.813826121642012,0.5,9,3,49,42.10000000000001
Park-Fav,Progressive,56,26,0,88,0.1,5.425632567625387,0.5,10,3,50,42.00000000000001
Park-Fav,Progressive,56,27,0,120,0.1,5.069537565344133,0.5,11,3,51,41.900000000000006
Park-Fav,Progressive,56,28,0,124,0.1,4.921303129466061,0.5,12,3,52,41.800000000000004
Park-Fav,Progressive,56,29,0,144,0.1,4.604416953421812,0.5,13,3,53,41.70000000000001
Park-Fav,Progressive,56,30,0,108,0.1,4.538445180337813,0.5,14,3,54,41.60000000000001
Park-Fav,Progressive,56,31,0,92,0.1,4.429503039978764,0.5,15,3,55,41.50000000000001
Park-Fav,Progressive,56,32,0,176,0.1,4.604282580823953,0.5,16,3,56,41.40000000000001
Park-Fav,Progressive,56,33,0,76,0.1,4.485908572690778,0.5,17,3,57,41.30000000000001
Park-Fav,Progressive,56,34,0,160,0.1,4.117730403684005,0.5,18,3,58,41.20000000000001
Park-Fav,Progressive,56,35,0,128,0.1,4.37160865682787,0.5,19,3,59,41.10000000000001
Park-Fav,Progressive,56,36,0,180,0.1,3.976051901935925,0.5,20,3,60,41.00000000000001
Park-Fav,Progressive,56,37,1,51,1.0,2.2753234561402667,0.5,0,4,60,40.000000000000014
Park-Fav,Progressive,56,38,0,132,0.1,3.3414044440233006,0.5,1,4,61,39.90000000000001
Park-Fav,Progressive,56,39,0,148,0.1,3.3220079450422424,0.5,2,4,62,39.80000000000001
Park-Fav,Progressive,56,40,0,164,0.1,3.0760245317396864,0.5,3,4,63,39.70000000000001
Park-Fav,Progressive,56,41,0,1,0.1,3.292141368292337,0.5,4,4,64,39.600000000000016
Park-Fav,Progressive,56,42,0,17,0.1,3.2990874503643024,0.5,5,4,65,39.500000000000014
Park-Fav,Progressive,56,43,0,49,0.1,2.917511903541327,0.5,6,4,66,39.40000000000001
Park-Fav,Progressive,56,44,0,33,0.1,2.6575881214161887,0.5,7,4,67,39.30000000000001
Park-Fav,Progressive,56,45,0,184,0.1,2.582564246217063,0.5,8,4,68,39.20000000000001
Park-Fav,Progressive,56,46,0,5,0.1,2.433381760094242,0.5,9,4,69,39.100000000000016
Park-Fav,Progressive,56,47,0,240,0.1,2.5115941847260763,0.5,10,4,70,39.000000000000014
Park-Fav,Progressive,56,48,0,208,0.1,2.4244032894754324,0.5,11,4,71,38.90000000000001
Park-Fav,Progressive,56,49,0,224,0.1,2.366740603318853,0.5,12,4,72,38.80000000000002
Park-Fav,Progressive,56,50,0,192,0.1,2.389761219939762,0.5,13,4,73,38.70000000000002
Park-Fav,Progressive,56,51,0,168,0.1,2.1860997653157765,0.5,14,4,74,38.600000000000016
Park-Fav,Progressive,56,52,0,140,0.1,2.14920980884614,0.5,15,4,75,38.500000000000014
Park-Fav,Progressive,56,53,0,21,0.1,2.160208985818844,0.5,16,4,76,38.40000000000001
Park-Fav,Progressive,56,54,0,37,0.1,1.9971725316332878,0.5,17,4,77,38.30000000000002
Park-Fav,Progressive,56,55,1,208,1.0,2.1653209850568906,0.5,0,5,77,37.30000000000002
Park-Fav,Progressive,56,56,0,244,0.1,1.747827817720589,0.5,1,5,78,37.20000000000002
Park-Fav,Progressive,56,57,0,9,0.1,1.6797055974574415,0.5,2,5,79,37.100000000000016
Park-Fav,Progressive,56,58,0,188,0.1,1.7848007820542404,0.5,3,5,80,37.00000000000002
Park-Fav,Progressive,56,59,0,196,0.1,1.6671900578454506,0.5,4,5,81,36.90000000000002
Park-Fav,Progressive,56,60,1,0,1.0,1.6571329321190085,0.5,0,6,81,35.90000000000002
Park-Fav,Progressive,56,61,0,156,0.1,3.1228250265605593,1.0,1,6,82,35.80000000000002
Park-Fav,Progressive,56,62,0,57,0.1,2.5792599520220527,1.0,2,6,83,35.70000000000002
Park-Fav,Progressive,56,63,0,65,0.1,2.5321991627058336,1.0,3,6,84,35.600000000000016
Park-Fav,Progressive,56,64,0,228,0.1,2.637756888201497,1.0,4,6,85,35.50000000000002
Park-Fav,Progressive,56,65,0,212,0.1,2.4717953171286458,1.0,5,6,86,35.40000000000002
Park-Fav,Progressive,56,66,0,81,0.1,2.6383862109399425,1.0,6,6,87,35.30000000000002
Park-Fav,Progressive,56,67,0,200,0.1,2.2337151074431207,1.0,7,6,88,35.200000000000024
Park-Fav,Progressive,56,68,0,61,0.1,2.221725398678501,1.0,8,6,89,35.10000000000002
Park-Fav,Progressive,56,69,0,113,0.1,2.0524873144064597,1.0,9,6,90,35.00000000000002
Park-Fav,Progressive,56,70,0,97,0.1,2.2594554464103194,1.0,10,6,91,34.90000000000002
Park-Fav,Progressive,56,71,0,45,0.1,2.00495576406007,1.0,11,6,92,34.80000000000002
Park-Fav,Progressive,56,72,0,13,0.1,1.9560565075841168,1.0,12,6,93,34.700000000000024
Park-Fav,Progressive,56,73,0,29,0.1,1.7118753268867453,1.0,13,6,94,34.60000000000002
Park-Fav,Progressive,56,74,0,248,0.1,1.7292081095479983,1.0,14,6,95,34.50000000000002
Park-Fav,Progressive,56,75,0,216,0.1,1.3677689141084748,1.0,15,6,96,34.40000000000003
Park-Fav,Progressive,56,76,0,232,0.1,1.3413014969956887,1.0,16,6,97,34.300000000000026
Park-Fav,Progressive,56,77,0,252,0.1,1.3053777367876978,1.0,17,6,98,34.200000000000024
Park-Fav,Progressive,56,78,0,204,0.1,1.1918402003336181,1.0,18,6,99,34.10000000000002
Park-Fav,Progressive,56,79,0,129,0.1,1.093269788014503,1.0,19,6,100,34.00000000000002
Park-Fav,Progressive,56,80,0,117,0.1,1.1382453429935169,1.0,20,6,101,33.90000000000003
Park-Fav,Progressive,56,81,1,64,1.0,1.1759695039942146,1.0,0,7,101,32.90000000000003
Park-Fav,Progressive,56,82,1,4,1.0,1.12345040137094,1.0,0,8,101,31.900000000000027
Park-Fav,Progressive,56,83,1,32,1.0,1.144441127240138,1.0,0,9,101,30.900000000000027
Park-Fav,Progressive,56,84,0,50,0.1,1.2073749192217405,0.9999999999999998,1,9,102,30.800000000000026
Park-Fav,Progressive,56,85,1,20,1.0,1.0583411265950395,0.9999999999999998,0,10,102,29.800000000000026
Park-Fav,Progressive,56,86,1,8,1.0,1.0201451306121854,1.0,0,11,102,28.800000000000026
Park-Fav,Progressive,56,87,0,2,0.1,1.2250720397535055,0.9999999999999998,1,11,103,28.700000000000024
Park-Fav,Progressive,56,88,1,36,1.0,1.038042955708192,0.9999999999999998,0,12,103,27.700000000000024
Park-Fav,Progressive,56,89,1,48,1.0,1.0380286331465305,0.9999999999999999,0,13,103,26.700000000000024
Park-Fav,Progressive,56,90,0,85,0.1,1.025961540916117,0.9999999999999999,1,13,104,26.600000000000023
Park-Fav,Progressive,56,91,1,80,1.0,0.9709239967210885,0.9999999999999999,0,14,104,25.600000000000023
Park-Fav,Progressive,56,92,0,34,0.1,0.8736566220497599,1.0,1,14,105,25.50000000000002
Park-Fav,Progressive,56,93,1,24,1.0,0.9031621248148762,1.0,0,15,105,24.50000000000002
Park-Fav,Progressive,56,94,0,101,0.1,0.956388581374116,0.9999999999999998,1,15,106,24.40000000000002
Park-Fav,Progressive,56,95,0,220,0.1,0.9036882456785192,0.9999999999999998,2,15,107,24.30000000000002
Park-Fav,Progressive,56,96,1,52,1.0,0.8296853116445321,0.9999999999999998,0,16,107,23.30000000000002
Park-Fav,Progressive,56,97,1,40,1.0,0.8671053244109685,0.9999999999999997,0,17,107,22.30000000000002
Park-Fav,Progressive,56,98,0,236,0.1,0.8558893208274602,0.9999999999999999,1,17,108,22.200000000000017
Park-Fav,Progressive,56,99,0,177,0.1,0.9875208346096374,0.9999999999999999,2,17,109,22.100000000000016
Park-Fav,Progressive,56,100,1,96,1.0,0.8490277589110706,0.9999999999999999,0,18,109,21.100000000000016
Park-Fav,Progressive,56,101,0,145,0.1,0.8610612147695857,0.9999999999999996,1,18,110,21.000000000000014
Park-Fav,Progressive,56,102,0,161,0.1,0.8675087023634582,0.9999999999999996,2,18,111,20.900000000000013
Park-Fav,Progressive,56,103,1,68,1.0,0.7796553431716919,0.9999999999999996,0,19,111,19.900000000000013
Park-Fav,Progressive,56,104,1,12,1.0,0.8227788529461564,0.9987873351937303,0,20,111,18.900000000000013
Park-Fav,Progressive,56,105,1,28,1.0,0.8205821891964413,0.9988090253721166,0,21,111,17.900000000000013
Park-Fav,Progressive,56,106,1,44,1.0,0.8328684695804198,0.9988276651717563,0,22,111,16.900000000000013
Park-Fav,Progressive,56,107,1,56,1.0,0.8635349747628901,0.9988438557661257,0,23,111,15.900000000000013
Park-Fav,Progressive,56,108,1,84,1.0,0.7326531180405496,0.998858050093416,0,24,111,14.900000000000013
Park-Fav,Progressive,56,109,1,100,1.0,0.6811906998619828,0.9981208461668343,0,25,111,13.900000000000013
Park-Fav,Progressive,56,110,1,60,1.0,0.7241065677764442,0.9976235451480308,0,26,111,12.900000000000013
Park-Fav,Progressive,56,111,1,112,1.0,0.7276315998348053,0.9976572610305495,0,27,111,11.900000000000013
Park-Fav,Progressive,56,112,1,116,1.0,0.6233854074085639,0.9976501725153001,0,28,111,10.900000000000013
Park-Fav,Progressive,56,113,1,88,1.0,0.5919022769563322,0.9972847461588609,0,29,111,9.900000000000013
Park-Fav,Progressive,56,114,1,104,1.0,0.5795882060084392,0.9943042256016246,0,30,111,8.900000000000013
Park-Fav,Progressive,56,115,0,73,0.1,0.5624233199574358,0.9923885073684559,1,30,112,8.800000000000013
Park-Fav,Progressive,56,116,1,72,1.0,0.5326703740446828,0.9923885073684559,0,31,112,7.800000000000011
Park-Fav,Progressive,56,117,0,121,0.1,0.4726881122790825,0.9911125841650381,1,31,113,7.700000000000012
Park-Fav,Progressive,56,118,1,120,1.0,0.4651022295810092,0.9911125841650381,0,32,113,6.70000000000001
Park-Fav,Progressive,56,119,0,193,0.1,0.47729960629391893,0.9902405540935895,1,32,114,6.60000000000001
Park-Fav,Progressive,56,120,0,77,0.1,0.4416485908981567,0.9902405540935895,2,32,115,6.500000000000009
Park-Fav,Progressive,56,121,1,76,1.0,0.4458440498140821,0.9902405540935895,0,33,115,5.500000000000007
Park-Fav,Progressive,56,122,0,105,0.1,0.39853109395820807,0.9869524318041846,1,33,116,5.4000000000000075
Park-Fav,Progressive,56,123,1,128,1.0,0.44449485412691137,0.9869524318041846,0,34,116,4.400000000000006
Park-Fav,Progressive,56,124,1,92,1.0,0.41201613376258184,0.9863403178492992,0,35,116,3.4000000000000057
Park-Fav,Progressive,56,125,1,144,1.0,0.4404516874288473,0.9839109061656162,0,36,116,2.4000000000000057
Park-Fav,Progressive,56,126,1,160,1.0,0.3714677244255052,0.9833276363166508,0,37,116,1.4000000000000057
Park-Fav,Progressive,56,127,1,108,1.0,0.38383969967603154,0.9829855731352557,0,38,116,0.4000000000000057
Park-Fav,Progressive,56,128,0,6,0.1,0.35789562755954685,0.9807840400979465,1,38,117,0.3000000000000057
Park-Fav,Progressive,56,129,0,89,0.1,0.32667867201372797,0.9807840400979465,2,38,118,0.20000000000000426
Park-Fav,Progressive,56,130,0,241,0.1,0.3104090332018813,0.9807840400979465,3,38,119,0.10000000000000284
Park-Fav,Progressive,56,131,0,125,0.1,0.30941378091869026,0.9807840400979465,4,38,120,1.4155343563970746e-15
Park-Fav,Progressive,57,1,0,32,0.1,15.904816153692149,0.5,1,2,26,45.4
Park-Fav,Progressive,57,2,0,48,0.1,8.444394330112287,0.5,2,2,27,45.3
Park-Fav,Progressive,57,3,0,16,0.1,8.66425407238176,0.5,3,2,28,45.199999999999996
Park-Fav,Progressive,57,4,0,36,0.1,8.051879830300082,0.5,4,2,29,45.1
Park-Fav,Progressive,57,5,0,20,0.1,8.86912035514276,0.5,5,2,30,45.0
Park-Fav,Progressive,57,6,0,0,0.1,7.876371504611695,0.5,6,2,31,44.9
Park-Fav,Progressive,57,7,0,4,0.1,7.386089464724675,0.5,7,2,32,44.800000000000004
Park-Fav,Progressive,57,8,0,80,0.1,7.682663617118066,0.5,8,2,33,44.7
Park-Fav,Progressive,57,9,0,96,0.1,7.720539389596655,0.5,9,2,34,44.6
Park-Fav,Progressive,57,10,0,64,0.1,7.023890914065261,0.5,10,2,35,44.5
Park-Fav,Progressive,57,11,0,40,0.1,7.125305438856807,0.5,11,2,36,44.4
Park-Fav,Progressive,57,12,0,24,0.1,7.560940204376869,0.5,12,2,37,44.300000000000004
Park-Fav,Progressive,57,13,0,56,0.1,7.767216263757768,0.5,13,2,38,44.2
Park-Fav,Progressive,57,14,0,8,0.1,7.2932370096825245,0.5,14,2,39,44.1
Park-Fav,Progressive,57,15,0,112,0.1,7.013176494686788,0.5,15,2,40,44.00000000000001
Park-Fav,Progressive,57,16,0,100,0.1,6.394052546676916,0.5,16,2,41,43.900000000000006
Park-Fav,Progressive,57,17,0,116,0.1,6.4245211666703606,0.5,17,2,42,43.800000000000004
Park-Fav,Progressive,57,18,0,84,0.1,6.4807075306056445,0.5,18,2,43,43.7
Park-Fav,Progressive,57,19,0,28,0.1,6.28032863767719,0.5,19,2,44,43.6
Park-Fav,Progressive,57,20,0,12,0.1,7.659940841830394,0.5,20,2,45,43.50000000000001
Park-Fav,Progressive,57,21,1,36,1.0,1.6664217753805826,0.5,0,3,45,42.50000000000001
Park-Fav,Progressive,57,22,0,44,0.1,6.884736514754875,0.5,1,3,46,42.400000000000006
Park-Fav,Progressive,57,23,0,60,0.1,6.99290805449303,0.5,2,3,47,42.300000000000004
Park-Fav,Progressive,57,24,0,104,0.1,5.611307698021674,0.5,3,3,48,42.20000000000001
Park-Fav,Progressive,57,25,0,68,0.1,5.413741263672473,0.5,4,3,49,42.10000000000001
Park-Fav,Progressive,57,26,0,88,0.1,5.373299384705491,0.5,5,3,50,42.00000000000001
Park-Fav,Progressive,57,27,0,120,0.1,5.645015541609781,0.5,6,3,51,41.900000000000006
Park-Fav,Progressive,57,28,0,72,0.1,5.454325771739232,0.5,7,3,52,41.800000000000004
Park-Fav,Progressive,57,29,0,76,0.1,4.827071941671609,0.5,8,3,53,41.70000000000001
Park-Fav,Progressive,57,30,0,124,0.1,4.532793631211952,0.5,9,3,54,41.60000000000001
Park-Fav,Progressive,57,31,0,128,0.1,4.539855853960738,0.5,10,3,55,41.50000000000001
Park-Fav,Progressive,57,32,0,160,0.1,4.681189617419961,0.5,11,3,56,41.40000000000001
Park-Fav,Progressive,57,33,0,108,0.1,4.262245753636551,0.5,12,3,57,41.30000000000001
Park-Fav,Progressive,57,34,0,92,0.1,4.035905477382417,0.5,13,3,58,41.20000000000001
Park-Fav,Progressive,57,35,0,144,0.1,3.7263186551663865,0.5,14,3,59,41.10000000000001
Park-Fav,Progressive,57,36,0,132,0.1,3.1922029358435102,0.5,15,3,60,41.00000000000001
Park-Fav,Progressive,57,37,0,180,0.1,3.5609901164181634,0.5,16,3,61,40.90000000000001
Park-Fav,Progressive,57,38,1,63,1.0,3.4958427565143206,0.5,0,4,61,39.90000000000001
Park-Fav,Progressive,57,39,1,0,1.0,6.457340048019967,0.5,0,5,61,38.90000000000001
Park-Fav,Progressive,57,40,0,164,0.1,4.075178825942074,0.5,1,5,62,38.80000000000001
Park-Fav,Progressive,57,41,0,49,0.1,4.110595244041986,0.5,2,5,63,38.70000000000001
Park-Fav,Progressive,57,42,0,192,0.1,3.6923838446462103,0.5,3,5,64,38.600000000000016
Park-Fav,Progressive,57,43,0,33,0.1,3.713474190782165,0.5,4,5,65,38.500000000000014
Park-Fav,Progressive,57,44,0,17,0.1,3.4791208940752343,0.5,5,5,66,38.40000000000001
Park-Fav,Progressive,57,45,0,240,0.1,3.4550448750016605,0.5,6,5,67,38.30000000000001
Park-Fav,Progressive,57,46,0,208,0.1,3.121063701240491,0.5,7,5,68,38.20000000000001
Park-Fav,Progressive,57,47,0,184,0.1,3.0891463670791635,0.5,8,5,69,38.100000000000016
Park-Fav,Progressive,57,48,0,136,0.1,3.047447438449735,0.5,9,5,70,38.000000000000014
Park-Fav,Progressive,57,49,0,224,0.1,3.0418964410812066,0.5,10,5,71,37.90000000000001
Park-Fav,Progressive,57,50,0,168,0.1,2.7941025376773414,0.5,11,5,72,37.80000000000002
Park-Fav,Progressive,57,51,0,5,0.1,2.712237689095881,0.5,12,5,73,37.70000000000002
Park-Fav,Progressive,57,52,0,152,0.1,2.704730769285545,0.5,13,5,74,37.600000000000016
Park-Fav,Progressive,57,53,0,21,0.1,2.620906147285517,0.5,14,5,75,37.500000000000014
Park-Fav,Progressive,57,54,0,156,0.1,2.4934036037218554,0.5,15,5,76,37.40000000000001
Park-Fav,Progressive,57,55,1,192,1.0,2.8826320841749653,0.5,0,6,76,36.40000000000002
Park-Fav,Progressive,57,56,0,53,0.1,5.318855452125965,1.0,1,6,77,36.30000000000002
Park-Fav,Progressive,57,57,0,9,0.1,4.693301202168431,1.0,2,6,78,36.20000000000002
Park-Fav,Progressive,57,58,0,140,0.1,4.400185267679931,1.0,3,6,79,36.100000000000016
Park-Fav,Progressive,57,59,0,244,0.1,4.208853245488347,1.0,4,6,80,36.00000000000002
Park-Fav,Progressive,57,60,0,57,0.1,3.89053935553082,1.0,5,6,81,35.90000000000002
Park-Fav,Progressive,57,61,0,65,0.1,3.9080659574831764,1.0,6,6,82,35.80000000000002
Park-Fav,Progressive,57,62,0,13,0.1,3.699831338177053,1.0,7,6,83,35.70000000000002
Park-Fav,Progressive,57,63,0,41,0.1,3.46388362484875,1.0,8,6,84,35.600000000000016
Park-Fav,Progressive,57,64,0,196,0.1,3.491262698289106,1.0,9,6,85,35.50000000000002
Park-Fav,Progressive,57,65,0,61,0.1,3.4993536306324646,1.0,10,6,86,35.40000000000002
Park-Fav,Progressive,57,66,0,81,0.1,3.109407433909226,1.0,11,6,87,35.30000000000002
Park-Fav,Progressive,57,67,0,228,0.1,3.3726333430763633,1.0,12,6,88,35.200000000000024
Park-Fav,Progressive,57,68,0,248,0.1,3.1955380388220656,1.0,13,6,89,35.10000000000002
Park-Fav,Progressive,57,69,0,113,0.1,3.2378569408459965,1.0,14,6,90,35.00000000000002
Park-Fav,Progressive,57,70,0,212,0.1,2.8479756289482383,1.0,15,6,91,34.90000000000002
Park-Fav,Progressive,57,71,0,97,0.1,2.59267328326492,1.0,16,6,92,34.80000000000002
Park-Fav,Progressive,57,72,0,29,0.1,2.4707184144714343,1.0,17,6,93,34.700000000000024
Park-Fav,Progressive,57,73,0,45,0.1,2.6622093865100283,1.0,18,6,94,34.60000000000002
Park-Fav,Progressive,57,74,0,200,0.1,1.9795362085816763,1.0,19,6,95,34.50000000000002
Park-Fav,Progressive,57,75,0,232,0.1,1.9917322264636177,1.0,20,6,96,34.40000000000003
Park-Fav,Progressive,57,76,1,32,1.0,1.9511863324745164,1.0,0,7,96,33.40000000000003
Park-Fav,Progressive,57,77,0,252,0.1,1.8030007041909104,0.9999999999999999,1,7,97,33.300000000000026
Park-Fav,Progressive,57,78,0,204,0.1,1.9379683957189737,0.9999999999999999,2,7,98,33.200000000000024
Park-Fav,Progressive,57,79,0,2,0.1,1.9195605745982893,0.9999999999999999,3,7,99,33.10000000000002
Park-Fav,Progressive,57,80,0,117,0.1,1.6324893881230846,0.9999999999999999,4,7,100,33.00000000000002
Park-Fav,Progressive,57,81,0,69,0.1,1.7883285816062635,0.9999999999999999,5,7,101,32.90000000000002
Park-Fav,Progressive,57,82,1,12,1.0,1.8899418480875396,0.9999999999999999,0,8,101,31.90000000000002
Park-Fav,Progressive,57,83,1,4,1.0,1.688594167378935,0.9999999999999997,0,9,101,30.90000000000002
Park-Fav,Progressive,57,84,1,24,1.0,1.5490524341043423,0.9999999999999994,0,10,101,29.90000000000002
Park-Fav,Progressive,57,85,1,108,1.0,1.9252397914543087,0.9999999999999996,0,11,101,28.90000000000002
Park-Fav,Progressive,57,86,1,20,1.0,1.5766973120453676,0.9847413578731978,0,12,101,27.90000000000002
Park-Fav,Progressive,57,87,0,50,0.1,1.627357802857447,0.9852260062333777,1,12,102,27.80000000000002
Park-Fav,Progressive,57,88,0,129,0.1,1.6680119973682823,0.9852260062333777,2,12,103,27.700000000000017
Park-Fav,Progressive,57,89,1,16,1.0,1.6253641646054113,0.9852260062333777,0,13,103,26.700000000000017
Park-Fav,Progressive,57,90,0,177,0.1,1.3983613336918455,0.9855921585593633,1,13,104,26.600000000000016
Park-Fav,Progressive,57,91,0,236,0.1,1.3451727916596186,0.9855921585593633,2,13,105,26.500000000000014
Park-Fav,Progressive,57,92,1,8,1.0,1.4093265157745771,0.9855921585593633,0,14,105,25.500000000000014
Park-Fav,Progressive,57,93,1,64,1.0,1.372642376744175,0.9858785363520035,0,15,105,24.500000000000014
Park-Fav,Progressive,57,94,0,220,0.1,1.290936483305971,0.9857264385400396,1,15,106,24.400000000000013
Park-Fav,Progressive,57,95,1,40,1.0,1.2018185014414369,0.9857264385400396,0,16,106,23.400000000000013
Park-Fav,Progressive,57,96,0,18,0.1,1.3869560798775498,0.9860126878658552,1,16,107,23.30000000000001
Park-Fav,Progressive,57,97,1,80,1.0,1.2413248789248688,0.9860126878658552,0,17,107,22.30000000000001
Park-Fav,Progressive,57,98,0,145,0.1,1.1481002655770307,0.985955400421735,1,17,108,22.20000000000001
Park-Fav,Progressive,57,99,0,34,0.1,1.1881231979090212,0.985955400421735,2,17,109,22.10000000000001
Park-Fav,Progressive,57,100,1,84,1.0,1.2235127428371502,0.985955400421735,0,18,109,21.10000000000001
Park-Fav,Progressive,57,101,1,28,1.0,1.0881978432013693,0.9865422339294522,0,19,109,20.10000000000001
Park-Fav,Progressive,57,102,0,161,0.1,1.179951391825305,0.9868504924520436,1,19,110,20.000000000000007
Park-Fav,Progressive,57,103,1,48,1.0,1.1326519203431613,0.9868504924520436,0,20,110,19.000000000000007
Park-Fav,Progressive,57,104,1,100,1.0,1.1588784780464845,0.9871109898427726,0,21,110,18.000000000000007
Park-Fav,Progressive,57,105,1,96,1.0,1.0021787526864676,0.9876367887395988,0,22,110,17.000000000000007
Park-Fav,Progressive,57,106,1,68,1.0,0.9540118265043549,0.9874917942518184,0,23,110,16.000000000000007
Park-Fav,Progressive,57,107,0,121,0.1,0.9501745530839353,0.9878741200481275,1,23,111,15.900000000000007
Park-Fav,Progressive,57,108,1,88,1.0,0.8925946063759094,0.9878741200481275,0,24,111,14.900000000000006
Park-Fav,Progressive,57,109,1,56,1.0,1.084463308663771,0.9868724605432203,0,25,111,13.900000000000006
Park-Fav,Progressive,57,110,1,44,1.0,0.977934084931017,0.987207238717747,0,26,111,12.900000000000006
Park-Fav,Progressive,57,111,1,60,1.0,0.9591669963472059,0.9874983322718482,0,27,111,11.900000000000006
Park-Fav,Progressive,57,112,1,116,1.0,0.7838935589131293,0.9877537680406081,0,28,111,10.900000000000006
Park-Fav,Progressive,57,113,1,104,1.0,0.8038129846365527,0.9881188480972364,0,29,111,9.900000000000006
Park-Fav,Progressive,57,114,1,112,1.0,0.7782507934728249,0.9875948226971213,0,30,111,8.900000000000006
Park-Fav,Progressive,57,115,0,125,0.1,0.7387543996748365,0.9872517218479292,1,30,112,8.800000000000006
Park-Fav,Progressive,57,116,1,72,1.0,0.7639780079787406,0.9872517218479292,0,31,112,7.800000000000004
Park-Fav,Progressive,57,117,1,120,1.0,0.642162784656342,0.9868659344822244,0,32,112,6.800000000000004
Park-Fav,Progressive,57,118,0,241,0.1,0.6765709548904966,0.986625872880485,1,32,113,6.700000000000005
Park-Fav,Progressive,57,119,0,193,0.1,0.6768550296420733,0.986625872880485,2,32,114,6.600000000000003
Park-Fav,Progressive,57,120,0,77,0.1,0.603722950947784,0.986625872880485,3,32,115,6.500000000000002
Park-Fav,Progressive,57,121,0,6,0.1,0.6707193534213359,0.986625872880485,4,32,116,6.4
Park-Fav,Progressive,57,122,1,76,1.0,0.7378172268556408,0.986625872880485,0,33,116,5.399999999999999
Park-Fav,Progressive,57,123,0,209,0.1,0.5457274643429999,0.9844818582920464,1,33,117,5.299999999999999
Park-Fav,Progressive,57,124,1,92,1.0,0.6507503207425567,0.9844818582920464,0,34,117,4.299999999999997
Park-Fav,Progressive,57,125,1,124,1.0,0.5752601359297558,0.9830872877312693,0,35,117,3.299999999999997
Park-Fav,Progressive,57,126,0,105,0.1,0.5197117650355481,0.9821668918498272,1,35,118,3.199999999999997
Park-Fav,Progressive,57,127,1,128,1.0,0.6248421273857876,0.9821668918498272,0,36,118,2.1999999999999957
Park-Fav,Progressive,57,128,1,144,1.0,0.5351868874800224,0.980506599932301,0,37,118,1.1999999999999957
Park-Fav,Progressive,57,129,1,148,1.0,0.5240220222952849,0.9793229671530377,0,38,118,0.19999999999999574
Park-Fav,Progressive,57,130,0,225,0.1,0.4537560945513408,0.9811826736475541,1,38,119,0.09999999999999573
Park-Fav,Progressive,58,1,0,0,0.1,14.404250297549922,0.5,1,2,26,45.4
Park-Fav,Progressive,58,2,0,16,0.1,10.077911990139887,0.5,2,2,27,45.3
Park-Fav,Progressive,58,3,0,32,0.1,10.029656236680443,0.5,3,2,28,45.199999999999996
Park-Fav,Progressive,58,4,0,48,0.1,10.045261991521727,0.5,4,2,29,45.1
Park-Fav,Progressive,58,5,0,80,0.1,9.351964593289015,0.5,5,2,30,45.0
Park-Fav,Progressive,58,6,0,36,0.1,10.224470584747314,0.5,6,2,31,44.9
Park-Fav,Progressive,58,7,0,20,0.1,10.326853306130621,0.5,7,2,32,44.800000000000004
Park-Fav,Progressive,58,8,0,52,0.1,9.788406582068184,0.5,8,2,33,44.7
Park-Fav,Progressive,58,9,0,4,0.1,9.177178650009138,0.5,9,2,34,44.6
Park-Fav,Progressive,58,10,0,24,0.1,9.600804117157335,0.5,10,2,35,44.5
Park-Fav,Progressive,58,11,0,8,0.1,8.895403400202815,0.5,11,2,36,44.4
Park-Fav,Progressive,58,12,0,40,0.1,9.321111618240298,0.5,12,2,37,44.300000000000004
Park-Fav,Progressive,58,13,0,12,0.1,8.451900712941471,0.5,13,2,38,44.2
Park-Fav,Progressive,58,14,0,56,0.1,8.7225418119995,0.5,14,2,39,44.1
Park-Fav,Progressive,58,15,0,112,0.1,8.266468818220824,0.5,15,2,40,44.00000000000001
Park-Fav,Progressive,58,16,0,84,0.1,8.525099216664763,0.5,16,2,41,43.900000000000006
Park-Fav,Progressive,58,17,0,64,0.1,7.820255928530377,0.5,17,2,42,43.800000000000004
Park-Fav,Progressive,58,18,0,28,0.1,8.041312024708892,0.5,18,2,43,43.7
Park-Fav,Progressive,58,19,0,96,0.1,7.6980852205808326,0.5,19,2,44,43.6
Park-Fav,Progressive,58,20,0,44,0.1,7.795141346933938,0.5,20,2,45,43.50000000000001
Park-Fav,Progressive,58,21,1,32,1.0,6.520898913618111,0.5,0,3,45,42.50000000000001
Park-Fav,Progressive,58,22,0,100,0.1,7.6880592777144745,0.5,1,3,46,42.400000000000006
Park-Fav,Progressive,58,23,0,60,0.1,7.60599653426646,0.5,2,3,47,42.300000000000004
Park-Fav,Progressive,58,24,0,116,0.1,7.476171000277197,0.5,3,3,48,42.20000000000001
Park-Fav,Progressive,58,25,0,68,0.1,7.0655803476722285,0.5,4,3,49,42.10000000000001
Park-Fav,Progressive,58,26,0,88,0.1,6.607358651184319,0.5,5,3,50,42.00000000000001
Park-Fav,Progressive,58,27,0,104,0.1,6.473309484325269,0.5,6,3,51,41.900000000000006
Park-Fav,Progressive,58,28,0,72,0.1,5.992883006625906,0.5,7,3,52,41.800000000000004
Park-Fav,Progressive,58,29,0,76,0.1,5.567444059486226,0.5,8,3,53,41.70000000000001
Park-Fav,Progressive,58,30,0,120,0.1,6.168537091112067,0.5,9,3,54,41.60000000000001
Park-Fav,Progressive,58,31,0,144,0.1,5.502581615729148,0.5,10,3,55,41.50000000000001
Park-Fav,Progressive,58,32,0,124,0.1,6.089002812182431,0.5,11,3,56,41.40000000000001
Park-Fav,Progressive,58,33,0,108,0.1,5.405941822956512,0.5,12,3,57,41.30000000000001
Park-Fav,Progressive,58,34,0,176,0.1,5.4831047716045695,0.5,13,3,58,41.20000000000001
Park-Fav,Progressive,58,35,0,160,0.1,4.950048514848116,0.5,14,3,59,41.10000000000001
Park-Fav,Progressive,58,36,0,128,0.1,5.446391029466331,0.5,15,3,60,41.00000000000001
Park-Fav,Progressive,58,37,1,12,1.0,4.195190206860351,0.5,0,4,60,40.000000000000014
Park-Fav,Progressive,58,38,0,33,0.1,4.342914877335765,0.5,1,4,61,39.90000000000001
Park-Fav,Progressive,58,39,0,1,0.1,4.3376272735274926,0.5,2,4,62,39.80000000000001
Park-Fav,Progressive,58,40,0,132,0.1,3.769276870176106,0.5,3,4,63,39.70000000000001
Park-Fav,Progressive,58,41,0,180,0.1,4.145683275364837,0.5,4,4,64,39.600000000000016
Park-Fav,Progressive,58,42,0,148,0.1,3.8787042802466845,0.5,5,4,65,39.500000000000014
Park-Fav,Progressive,58,43,0,17,0.1,3.5108742167525944,0.5,6,4,66,39.40000000000001
Park-Fav,Progressive,58,44,0,9,0.1,3.29317792674267,0.5,7,4,67,39.30000000000001
Park-Fav,Progressive,58,45,1,0,1.0,3.55647089533182,0.5,0,5,67,38.30000000000001
Park-Fav,Progressive,58,46,0,184,0.1,6.125411285161506,0.9995087818934908,1,5,68,38.20000000000001
Park-Fav,Progressive,58,47,0,5,0.1,6.8429395024257405,0.9995087818934908,2,5,69,38.100000000000016
Park-Fav,Progressive,58,48,0,224,0.1,6.668967890323699,0.9995087818934908,3,5,70,38.000000000000014
Park-Fav,Progressive,58,49,0,240,0.1,5.797413386686322,0.9995087818934908,4,5,71,37.90000000000001
Park-Fav,Progressive,58,50,0,192,0.1,6.4779688692896995,0.9995087818934908,5,5,72,37.80000000000002
Park-Fav,Progressive,58,51,0,136,0.1,5.921365404681432,0.9995087818934908,6,5,73,37.70000000000002
Park-Fav,Progressive,58,52,0,168,0.1,5.682867389954534,0.9995087818934908,7,5,74,37.600000000000016
Park-Fav,Progressive,58,53,0,152,0.1,5.3964972668548405,0.9995087818934908,8,5,75,37.500000000000014
Park-Fav,Progressive,58,54,0,208,0.1,5.343792631959124,0.9995087818934908,9,5,76,37.40000000000001
Park-Fav,Progressive,58,55,0,37,0.1,4.997951671010159,0.9995087818934908,10,5,77,37.30000000000002
Park-Fav,Progressive,58,56,0,53,0.1,5.202712275169234,0.9995087818934908,11,5,78,37.20000000000002
Park-Fav,Progressive,58,57,0,188,0.1,4.163465246657305,0.9995087818934908,12,5,79,37.100000000000016
Park-Fav,Progressive,58,58,0,172,0.1,4.372142672835073,0.9995087818934908,13,5,80,37.00000000000002
Park-Fav,Progressive,58,59,0,25,0.1,3.97621579371454,0.9995087818934908,14,5,81,36.90000000000002
Park-Fav,Progressive,58,60,0,156,0.1,3.702608431971518,0.9995087818934908,15,5,82,36.80000000000002
Park-Fav,Progressive,58,61,0,196,0.1,3.8307623574176164,0.9995087818934908,16,5,83,36.70000000000002
Park-Fav,Progressive,58,62,0,57,0.1,3.574433960502604,0.9995087818934908,17,5,84,36.600000000000016
Park-Fav,Progressive,58,63,0,244,0.1,4.2601518585521445,0.9995087818934908,18,5,85,36.50000000000002
Park-Fav,Progressive,58,64,0,228,0.1,3.5841180964203057,0.9995087818934908,19,5,86,36.40000000000002
Park-Fav,Progressive,58,65,0,41,0.1,3.6983972220837233,0.9995087818934908,20,5,87,36.30000000000002
Park-Fav,Progressive,58,66,1,4,1.0,1.951511905801642,0.9995087818934908,0,6,87,35.300000000000026
Park-Fav,Progressive,58,67,0,212,0.1,3.47411866896068,0.9991799147339419,1,6,88,35.200000000000024
Park-Fav,Progressive,58,68,0,248,0.1,3.198874386334037,0.9991799147339419,2,6,89,35.10000000000002
Park-Fav,Progressive,58,69,0,13,0.1,3.3608142557046543,0.9991799147339419,3,6,90,35.00000000000002
Park-Fav,Progressive,58,70,0,65,0.1,2.6638344149525883,0.9991799147339419,4,6,91,34.90000000000002
Park-Fav,Progressive,58,71,0,204,0.1,2.536681996638851,0.9991799147339419,5,6,92,34.80000000000002
Park-Fav,Progressive,58,72,0,61,0.1,2.771507329846472,0.9991799147339419,6,6,93,34.700000000000024
Park-Fav,Progressive,58,73,0,29,0.1,2.622762304720362,0.9991799147339419,7,6,94,34.60000000000002
Park-Fav,Progressive,58,74,0,45,0.1,2.4609462083483704,0.9991799147339419,8,6,95,34.50000000000002
Park-Fav,Progressive,58,75,1,40,1.0,2.097674847515332,0.9991799147339419,0,7,95,33.50000000000003
Park-Fav,Progressive,58,76,0,232,0.1,2.0952544159519735,0.9985925404080956,1,7,96,33.40000000000003
Park-Fav,Progressive,58,77,0,252,0.1,2.41354590107002,0.9985925404080956,2,7,97,33.30000000000002
Park-Fav,Progressive,58,78,0,117,0.1,1.793651889072302,0.9985925404080956,3,7,98,33.200000000000024
Park-Fav,Progressive,58,79,0,216,0.1,1.8742116800140687,0.9985925404080956,4,7,99,33.100000000000016
Park-Fav,Progressive,58,80,1,16,1.0,1.760416268879936,0.9985925404080956,0,8,99,32.10000000000002
Park-Fav,Progressive,58,81,0,177,0.1,1.673986195063848,0.9987875386686241,1,8,100,32.00000000000002
Park-Fav,Progressive,58,82,1,20,1.0,1.6596336124620905,0.9987875386686241,0,9,100,31.000000000000014
Park-Fav,Progressive,58,83,0,2,0.1,1.806453510027604,0.9984544217639492,1,9,101,30.900000000000016
Park-Fav,Progressive,58,84,0,18,0.1,1.7232896568962925,0.9984544217639492,2,9,102,30.800000000000015
Park-Fav,Progressive,58,85,0,69,0.1,1.5127947465016167,0.9984544217639492,3,9,103,30.700000000000014
Park-Fav,Progressive,58,86,0,50,0.1,1.6163740774893394,0.9984544217639492,4,9,104,30.600000000000012
Park-Fav,Progressive,58,87,1,8,1.0,1.4761202198588432,0.9984544217639492,0,10,104,29.600000000000012
Park-Fav,Progressive,58,88,0,129,0.1,1.498156424538475,0.9985841837691043,1,10,105,29.50000000000001
Park-Fav,Progressive,58,89,0,101,0.1,1.4422053480720012,0.9985841837691043,2,10,106,29.40000000000001
Park-Fav,Progressive,58,90,1,192,1.0,2.2186594698810316,0.9985841837691043,0,11,106,28.40000000000001
Park-Fav,Progressive,58,91,0,85,0.1,1.4836425604739283,0.9999999999999996,1,11,107,28.300000000000008
Park-Fav,Progressive,58,92,1,36,1.0,1.3901393704745322,0.9999999999999996,0,12,107,27.300000000000008
Park-Fav,Progressive,58,93,1,24,1.0,1.2988890445631054,0.9999999999999994,0,13,107,26.300000000000008
Park-Fav,Progressive,58,94,0,220,0.1,1.2749044040993802,0.9999999999999998,1,13,108,26.200000000000006
Park-Fav,Progressive,58,95,1,48,1.0,1.3093488689880777,0.9999999999999998,0,14,108,25.200000000000006
Park-Fav,Progressive,58,96,0,34,0.1,1.2906841579795114,0.9999999999999996,1,14,109,25.100000000000005
Park-Fav,Progressive,58,97,0,145,0.1,1.4621928871061851,0.9999999999999996,2,14,110,25.000000000000004
Park-Fav,Progressive,58,98,1,64,1.0,1.1883189550837823,0.9999999999999996,0,15,110,24.000000000000004
Park-Fav,Progressive,58,99,1,52,1.0,1.1715642976723142,0.9999999999999991,0,16,110,23.000000000000004
Park-Fav,Progressive,58,100,0,236,0.1,1.2203063252453799,0.9999999999999994,1,16,111,22.900000000000002
Park-Fav,Progressive,58,101,1,56,1.0,1.233044562707538,0.9999999999999994,0,17,111,21.900000000000002
Park-Fav,Progressive,58,102,1,80,1.0,1.0775558241326813,0.9999999999999997,0,18,111,20.900000000000002
Park-Fav,Progressive,58,103,1,28,1.0,1.0660017166854632,0.9999999999999996,0,19,111,19.900000000000002
Park-Fav,Progressive,58,104,1,44,1.0,1.1944968075590616,0.9999999999999992,0,20,111,18.900000000000002
Park-Fav,Progressive,58,105,1,84,1.0,1.0570174240556736,0.9999999999999992,0,21,111,17.900000000000002
Park-Fav,Progressive,58,106,1,68,1.0,0.9905933818940089,0.9988284803131074,0,22,111,16.900000000000006
Park-Fav,Progressive,58,107,1,60,1.0,1.0592114051827635,0.9981071218436925,0,23,111,15.900000000000006
Park-Fav,Progressive,58,108,0,193,0.1,0.8523425997291187,0.9981277015228722,1,23,112,15.800000000000006
Park-Fav,Progressive,58,109,1,100,1.0,1.1670715883046725,0.9981277015228722,0,24,112,14.800000000000004
Park-Fav,Progressive,58,110,1,96,1.0,0.9162101058759666,0.9976691087341577,0,25,112,13.800000000000004
Park-Fav,Progressive,58,111,1,112,1.0,0.854183606876352,0.9976572406908076,0,26,112,12.800000000000004
Park-Fav,Progressive,58,112,0,73,0.1,0.7996163111791518,0.9976501518784302,1,26,113,12.700000000000005
Park-Fav,Progressive,58,113,1,88,1.0,0.8617695397464546,0.9976501518784302,0,27,113,11.700000000000003
Park-Fav,Progressive,58,114,1,104,1.0,0.7014155557250474,0.9942948714730713,0,28,113,10.700000000000003
Park-Fav,Progressive,58,115,1,116,1.0,0.7656623528048556,0.9922238715260199,0,29,113,9.700000000000003
Park-Fav,Progressive,58,116,0,241,0.1,0.758481271244151,0.9923884773309536,1,29,114,9.600000000000003
Park-Fav,Progressive,58,117,1,120,1.0,0.6454624963505096,0.9923884773309536,0,30,114,8.600000000000001
Park-Fav,Progressive,58,118,0,77,0.1,0.7327300136815532,0.9911126319040171,1,30,115,8.500000000000002
Park-Fav,Progressive,58,119,0,121,0.1,0.7997139290930627,0.9911126319040171,2,30,116,8.4
Park-Fav,Progressive,58,120,1,72,1.0,0.7633237430161885,0.9911126319040171,0,31,116,7.399999999999999
Park-Fav,Progressive,58,121,0,225,0.1,0.6100035993717385,0.9902405405446401,1,31,117,7.299999999999999
Park-Fav,Progressive,58,122,1,76,1.0,0.6260989464172864,0.9902405405446401,0,32,117,6.299999999999997
Park-Fav,Progressive,58,123,1,176,1.0,0.5020787499896997,0.9869524282655442,0,33,117,5.299999999999997
Park-Fav,Progressive,58,124,0,6,0.1,0.5352560730948561,0.9863403041229507,1,33,118,5.1999999999999975
Park-Fav,Progressive,58,125,1,160,1.0,0.5796233487709866,0.9863403041229507,0,34,118,4.199999999999996
Park-Fav,Progressive,58,126,1,108,1.0,0.5312006363378561,0.9860371545701295,0,35,118,3.1999999999999957
Park-Fav,Progressive,58,127,0,181,0.1,0.543233144340583,0.9833276506001397,1,35,119,3.0999999999999956
Park-Fav,Progressive,58,128,1,124,1.0,0.48311925694118674,0.9833276506001397,0,36,119,2.0999999999999943
Park-Fav,Progressive,58,129,0,209,0.1,0.5274770463227167,0.9813639374722911,1,36,120,1.9999999999999942
Park-Fav,Progressive,58,130,0,125,0.1,0.6645323881025594,0.9813639374722911,2,36,121,1.8999999999999928
Park-Fav,Progressive,58,131,1,92,1.0,0.5190285819795198,0.9813639374722911,0,37,121,0.8999999999999915
Park-Fav,Progressive,58,132,0,133,0.1,0.4368899614045764,0.9799160627474405,1,37,122,0.7999999999999915
Park-Fav,Progressive,58,133,0,114,0.1,0.36884158599594186,0.9799160627474405,2,37,123,0.6999999999999901
Park-Fav,Progressive,58,134,0,66,0.1,0.4028365594278719,0.9799160627474405,3,37,124,0.5999999999999887
Park-Fav,Progressive,58,135,0,82,0.1,0.3404730919385872,0.9799160627474405,4,37,125,0.49999999999998723
Park-Fav,Progressive,58,136,0,98,0.1,0.3859600260856747,0.9799160627474405,5,37,126,0.3999999999999858
Park-Fav,Progressive,58,137,0,3,0.1,0.3578596571302342,0.9799160627474405,6,37,127,0.2999999999999844
Park-Fav,Progressive,58,138,0,93,0.1,0.3481209908833477,0.9799160627474405,7,37,128,0.19999999999998294
Park-Fav,Progressive,58,139,0,10,0.1,0.335569225574306,0.9799160627474405,8,37,129,0.09999999999998152
Park-Fav,Progressive,59,1,1,32,1.0,13.259671430561255,0.5,0,3,25,44.5
Park-Fav,Progressive,59,2,0,0,0.1,9.646742241644711,0.5,1,3,26,44.4
Park-Fav,Progressive,59,3,0,16,0.1,10.574023721042836,0.5,2,3,27,44.3
Park-Fav,Progressive,59,4,0,48,0.1,9.086209150679135,0.5,3,3,28,44.199999999999996
Park-Fav,Progressive,59,5,0,20,0.1,9.4052644387581,0.5,4,3,29,44.1
Park-Fav,Progressive,59,6,0,36,0.1,9.014327916554645,0.5,5,3,30,44.0
Park-Fav,Progressive,59,7,0,96,0.1,8.503124654803305,0.5,6,3,31,43.9
Park-Fav,Progressive,59,8,0,4,0.1,9.368501631688533,0.5,7,3,32,43.800000000000004
Park-Fav,Progressive,59,9,0,80,0.1,8.648948171640132,0.5,8,3,33,43.7
Park-Fav,Progressive,59,10,0,40,0.1,8.653479407054997,0.5,9,3,34,43.6
Park-Fav,Progressive,59,11,0,52,0.1,8.227886198016456,0.5,10,3,35,43.5
Park-Fav,Progressive,59,12,0,56,0.1,8.11824134110788,0.5,11,3,36,43.4
Park-Fav,Progressive,59,13,0,112,0.1,7.962475871768536,0.5,12,3,37,43.300000000000004
Park-Fav,Progressive,59,14,0,8,0.1,7.608859696175059,0.5,13,3,38,43.2
Park-Fav,Progressive,59,15,0,100,0.1,7.2355971553448395,0.5,14,3,39,43.1
Park-Fav,Progressive,59,16,0,64,0.1,7.509879216576258,0.5,15,3,40,43.00000000000001
Park-Fav,Progressive,59,17,0,28,0.1,6.909958901495801,0.5,16,3,41,42.900000000000006
Park-Fav,Progressive,59,18,0,12,0.1,7.880326880667876,0.5,17,3,42,42.800000000000004
Park-Fav,Progressive,59,19,0,68,0.1,7.056834679418336,0.5,18,3,43,42.7
Park-Fav,Progressive,59,20,0,44,0.1,7.401538270978718,0.5,19,3,44,42.6
Park-Fav,Progressive,59,21,0,60,0.1,7.13348456679014,0.5,20,3,45,42.50000000000001
Park-Fav,Progressive,59,22,1,60,1.0,3.505148666345503,0.5,0,4,45,41.50000000000001
Park-Fav,Progressive,59,23,0,88,0.1,6.751591337169876,0.5,1,4,46,41.400000000000006
Park-Fav,Progressive,59,24,0,116,0.1,6.580942422124891,0.5,2,4,47,41.300000000000004
Park-Fav,Progressive,59,25,0,104,0.1,6.404158079034759,0.5,3,4,48,41.20000000000001
Park-Fav,Progressive,59,26,0,120,0.1,5.9560689023350815,0.5,4,4,49,41.10000000000001
Park-Fav,Progressive,59,27,0,72,0.1,5.855244508388822,0.5,5,4,50,41.00000000000001
Park-Fav,Progressive,59,28,0,160,0.1,5.205683363476604,0.5,6,4,51,40.900000000000006
Park-Fav,Progressive,59,29,0,176,0.1,5.442895185861328,0.5,7,4,52,40.800000000000004
Park-Fav,Progressive,59,30,0,124,0.1,4.889685541555044,0.5,8,4,53,40.70000000000001
Park-Fav,Progressive,59,31,0,76,0.1,5.109147995473886,0.5,9,4,54,40.60000000000001
Park-Fav,Progressive,59,32,0,128,0.1,5.153992856997186,0.5,10,4,55,40.50000000000001
Park-Fav,Progressive,59,33,0,144,0.1,4.878937314358005,0.5,11,4,56,40.40000000000001
Park-Fav,Progressive,59,34,0,108,0.1,4.766171979870308,0.5,12,4,57,40.30000000000001
Park-Fav,Progressive,59,35,0,132,0.1,3.7533472818647793,0.5,13,4,58,40.20000000000001
Park-Fav,Progressive,59,36,0,17,0.1,4.1901229436056555,0.5,14,4,59,40.10000000000001
Park-Fav,Progressive,59,37,0,180,0.1,4.0120407302910595,0.5,15,4,60,40.00000000000001
Park-Fav,Progressive,59,38,0,148,0.1,3.763345084776402,0.5,16,4,61,39.90000000000001
Park-Fav,Progressive,59,39,0,164,0.1,3.591408743290588,0.5,17,4,62,39.80000000000001
Park-Fav,Progressive,59,40,0,1,0.1,3.45281955000321,0.5,18,4,63,39.70000000000001
Park-Fav,Progressive,59,41,0,192,0.1,3.322511132263181,0.5,19,4,64,39.600000000000016
Park-Fav,Progressive,59,42,0,33,0.1,3.238521266362592,0.5,20,4,65,39.500000000000014
Park-Fav,Progressive,59,43,1,12,1.0,2.953179264350358,0.5,0,5,65,38.500000000000014
Park-Fav,Progressive,59,44,0,240,0.1,3.633942016577117,0.5,1,5,66,38.40000000000001
Park-Fav,Progressive,59,45,0,53,0.1,2.756068798224917,0.5,2,5,67,38.30000000000001
Park-Fav,Progressive,59,46,0,208,0.1,2.8449249500500873,0.5,3,5,68,38.20000000000001
Park-Fav,Progressive,59,47,0,184,0.1,3.148761558355331,0.5,4,5,69,38.100000000000016
Park-Fav,Progressive,59,48,0,5,0.1,2.8427471200224113,0.5,5,5,70,38.000000000000014
Park-Fav,Progressive,59,49,0,168,0.1,2.823822211181851,0.5,6,5,71,37.90000000000001
Park-Fav,Progressive,59,50,0,152,0.1,2.5357400446839584,0.5,7,5,72,37.80000000000002
Park-Fav,Progressive,59,51,0,136,0.1,2.7440042184543243,0.5,8,5,73,37.70000000000002
Park-Fav,Progressive,59,52,0,224,0.1,2.4169161543847406,0.5,9,5,74,37.600000000000016
Park-Fav,Progressive,59,53,0,188,0.1,2.445737756242673,0.5,10,5,75,37.500000000000014
Park-Fav,Progressive,59,54,0,140,0.1,2.0601255005817696,0.5,11,5,76,37.40000000000001
Park-Fav,Progressive,59,55,0,37,0.1,2.251914060006797,0.5,12,5,77,37.30000000000002
Park-Fav,Progressive,59,56,1,4,1.0,2.088976202161354,0.5,0,6,77,36.30000000000002
Park-Fav,Progressive,59,57,0,21,0.1,3.958355306906417,0.9997386672406184,1,6,78,36.20000000000002
Park-Fav,Progressive,59,58,0,9,0.1,3.9048463339353594,0.9997386672406184,2,6,79,36.100000000000016
Park-Fav,Progressive,59,59,0,57,0.1,3.9775690283689658,0.9997386672406184,3,6,80,36.00000000000002
Park-Fav,Progressive,59,60,0,196,0.1,3.692965395023578,0.9997386672406184,4,6,81,35.90000000000002
Park-Fav,Progressive,59,61,0,172,0.1,3.644703400136219,0.9997386672406184,5,6,82,35.80000000000002
Park-Fav,Progressive,59,62,0,244,0.1,3.2793211035448704,0.9997386672406184,6,6,83,35.70000000000002
Park-Fav,Progressive,59,63,0,13,0.1,3.088095204154895,0.9997386672406184,7,6,84,35.600000000000016
Park-Fav,Progressive,59,64,0,113,0.1,3.079545576308545,0.9997386672406184,8,6,85,35.50000000000002
Park-Fav,Progressive,59,65,0,156,0.1,3.4547734664020884,0.9997386672406184,9,6,86,35.40000000000002
Park-Fav,Progressive,59,66,0,41,0.1,3.093940755078776,0.9997386672406184,10,6,87,35.30000000000002
Park-Fav,Progressive,59,67,0,97,0.1,2.751874862043514,0.9997386672406184,11,6,88,35.200000000000024
Park-Fav,Progressive,59,68,0,212,0.1,2.977795612467943,0.9997386672406184,12,6,89,35.10000000000002
Park-Fav,Progressive,59,69,0,65,0.1,2.656097073609651,0.9997386672406184,13,6,90,35.00000000000002
Park-Fav,Progressive,59,70,0,81,0.1,2.6987668988501317,0.9997386672406184,14,6,91,34.90000000000002
Park-Fav,Progressive,59,71,0,252,0.1,2.84291432031206,0.9997386672406184,15,6,92,34.80000000000002
Park-Fav,Progressive,59,72,0,61,0.1,2.6513990688128666,0.9997386672406184,16,6,93,34.700000000000024
Park-Fav,Progressive,59,73,0,200,0.1,1.8539990577905163,0.9997386672406184,17,6,94,34.60000000000002
Park-Fav,Progressive,59,74,0,248,0.1,1.97955562929157,0.9997386672406184,18,6,95,34.50000000000002
Park-Fav,Progressive,59,75,0,45,0.1,1.8784548742105989,0.9997386672406184,19,6,96,34.40000000000003
Park-Fav,Progressive,59,76,0,29,0.1,1.7986135470057496,0.9997386672406184,20,6,97,34.300000000000026
Park-Fav,Progressive,59,77,1,56,1.0,1.6875656681810918,0.9997386672406184,0,7,97,33.300000000000026
Park-Fav,Progressive,59,78,1,40,1.0,1.7046238592782004,0.9983580153013495,0,8,97,32.300000000000026
Park-Fav,Progressive,59,79,0,216,0.1,1.6917210080683502,0.9979343493220104,1,8,98,32.200000000000024
Park-Fav,Progressive,59,80,1,36,1.0,1.5477191003041193,0.9979343493220104,0,9,98,31.200000000000024
Park-Fav,Progressive,59,81,0,204,0.1,1.5568711686896501,0.9984830506255281,1,9,99,31.100000000000023
Park-Fav,Progressive,59,82,1,24,1.0,1.482270244271148,0.9984830506255281,0,10,99,30.100000000000023
Park-Fav,Progressive,59,83,0,232,0.1,1.7892892604181423,0.9984474980354734,1,10,100,30.00000000000002
Park-Fav,Progressive,59,84,0,2,0.1,1.5501351454979457,0.9984474980354734,2,10,101,29.90000000000002
Park-Fav,Progressive,59,85,1,44,1.0,1.418897511658298,0.9984474980354734,0,11,101,28.90000000000002
Park-Fav,Progressive,59,86,0,69,0.1,1.6999194728624671,0.9986921707837653,1,11,102,28.80000000000002
Park-Fav,Progressive,59,87,1,20,1.0,1.3532569204983615,0.9986921707837653,0,12,102,27.80000000000002
Park-Fav,Progressive,59,88,1,28,1.0,1.3847976850368593,0.9989203082761287,0,13,102,26.80000000000002
Park-Fav,Progressive,59,89,0,85,0.1,1.2648160476727013,0.9989894207222713,1,13,103,26.700000000000017
Park-Fav,Progressive,59,90,1,52,1.0,1.2599588520165521,0.9989894207222713,0,14,103,25.700000000000017
Park-Fav,Progressive,59,91,0,129,0.1,1.3209589900032703,0.9990481940550746,1,14,104,25.600000000000016
Park-Fav,Progressive,59,92,1,8,1.0,1.1765995077463032,0.9990481940550746,0,15,104,24.600000000000016
Park-Fav,Progressive,59,93,0,101,0.1,1.2144230923506714,0.9990430448594007,1,15,105,24.500000000000014
Park-Fav,Progressive,59,94,1,16,1.0,1.2061271744729813,0.9990430448594007,0,16,105,23.500000000000014
Park-Fav,Progressive,59,95,0,18,0.1,1.1630004066145305,0.9986551046867669,1,16,106,23.400000000000013
Park-Fav,Progressive,59,96,1,48,1.0,1.183888805459592,0.9986551046867669,0,17,106,22.400000000000013
Park-Fav,Progressive,59,97,0,220,0.1,1.0309126044653556,0.9988572577744576,1,17,107,22.30000000000001
Park-Fav,Progressive,59,98,0,236,0.1,1.145098570153816,0.9988572577744576,2,17,108,22.20000000000001
Park-Fav,Progressive,59,99,1,0,1.0,1.0294069957859664,0.9988572577744576,0,18,108,21.20000000000001
Park-Fav,Progressive,59,100,0,177,0.1,1.0467585066911944,0.998425307339304,1,18,109,21.10000000000001
Park-Fav,Progressive,59,101,0,50,0.1,1.074086747178374,0.998425307339304,2,18,110,21.000000000000007
Park-Fav,Progressive,59,102,0,161,0.1,0.919609528000231,0.998425307339304,3,18,111,20.900000000000006
Park-Fav,Progressive,59,103,0,34,0.1,0.8355402077494198,0.998425307339304,4,18,112,20.800000000000004
Park-Fav,Progressive,59,104,1,104,1.0,0.8377283082559608,0.998425307339304,0,19,112,19.800000000000004
Park-Fav,Progressive,59,105,1,64,1.0,0.6795140733129184,0.9999999999999984,0,20,112,18.800000000000004
Park-Fav,Progressive,59,106,0,121,0.1,0.6922143234089119,0.9932790344887423,1,20,113,18.700000000000003
Park-Fav,Progressive,59,107,1,100,1.0,0.7705986104562672,0.9932790344887423,0,21,113,17.700000000000003
Park-Fav,Progressive,59,108,1,84,1.0,0.7392832757098997,0.9948047255277359,0,22,113,16.700000000000003
Park-Fav,Progressive,59,109,1,112,1.0,0.7973230011540862,0.9956940538750959,0,23,113,15.700000000000003
Park-Fav,Progressive,59,110,1,116,1.0,0.704693091642763,0.9943336550180062,0,24,113,14.700000000000003
Park-Fav,Progressive,59,111,1,96,1.0,0.7769551380220205,0.9950723659038372,0,25,113,13.700000000000003
Park-Fav,Progressive,59,112,1,88,1.0,0.6984677854053227,0.9942400606742209,0,26,113,12.700000000000003
Park-Fav,Progressive,59,113,1,68,1.0,0.664056591838427,0.9934271659411191,0,27,113,11.700000000000003
Park-Fav,Progressive,59,114,1,80,1.0,0.6447894643497956,0.9938809972094612,0,28,113,10.700000000000003
Park-Fav,Progressive,59,115,1,120,1.0,0.6520450938983078,0.9930804059594585,0,29,113,9.700000000000003
Park-Fav,Progressive,59,116,1,124,1.0,0.659481006787997,0.9926675718370233,0,30,113,8.700000000000003
Park-Fav,Progressive,59,117,1,72,1.0,0.6023218321409793,0.9898998600147866,0,31,113,7.700000000000003
Park-Fav,Progressive,59,118,0,73,0.1,0.5714070164133698,0.9903344765402793,1,31,114,7.600000000000003
Park-Fav,Progressive,59,119,1,108,1.0,0.5235241291020619,0.9903344765402793,0,32,114,6.600000000000001
Park-Fav,Progressive,59,120,0,241,0.1,0.5124386254971386,0.9893160304114034,1,32,115,6.500000000000002
Park-Fav,Progressive,59,121,1,76,1.0,0.4906437999667792,0.9893160304114034,0,33,115,5.5
Park-Fav,Progressive,59,122,0,66,0.1,0.569286027749562,0.9888702950254077,1,33,116,5.4
Park-Fav,Progressive,59,123,1,17,1.0,0.49898609220360557,0.9888702950254077,0,34,116,4.399999999999999
Park-Fav,Progressive,59,124,1,92,1.0,0.4949993962748099,0.990796586724666,0,35,116,3.3999999999999986
Park-Fav,Progressive,59,125,0,209,0.1,0.42449012897244603,0.9904259049838146,1,35,117,3.2999999999999985
Park-Fav,Progressive,59,126,0,6,0.1,0.5238207211710918,0.9904259049838146,2,35,118,3.199999999999997
Park-Fav,Progressive,59,127,0,105,0.1,0.4143053368891351,0.9904259049838146,3,35,119,3.0999999999999956
Park-Fav,Progressive,59,128,0,125,0.1,0.43317440655523876,0.9904259049838146,4,35,120,2.9999999999999942
Park-Fav,Progressive,59,129,0,77,0.1,0.4204792793583104,0.9904259049838146,5,35,121,2.899999999999993
Park-Fav,Progressive,59,130,0,225,0.1,0.3747000981084426,0.9904259049838146,6,35,122,2.7999999999999914
Park-Fav,Progressive,59,131,0,133,0.1,0.37627531579781065,0.9904259049838146,7,35,123,2.69999999999999
Park-Fav,Progressive,59,132,1,176,1.0,0.3411974508211174,0.9904259049838146,0,36,123,1.6999999999999886
Park-Fav,Progressive,59,133,1,144,1.0,0.3343649232798418,0.9866824754782804,0,37,123,0.6999999999999886
Park-Fav,Progressive,59,134,0,181,0.1,0.3243790694408692,0.983942212607703,1,37,124,0.5999999999999887
Park-Fav,Progressive,59,135,0,22,0.1,0.25963165640030605,0.983942212607703,2,37,125,0.49999999999998723
Park-Fav,Progressive,59,136,0,149,0.1,0.26625909361972233,0.983942212607703,3,37,126,0.3999999999999858
Park-Fav,Progressive,59,137,0,82,0.1,0.29062555574755167,0.983942212607703,4,37,127,0.2999999999999844
Park-Fav,Progressive,59,138,0,54,0.1,0.2215659780869698,0.983942212607703,5,37,128,0.19999999999998294
Park-Fav,Progressive,59,139,0,3,0.1,0.28214503651734657,0.983942212607703,6,37,129,0.09999999999998152
Park-Fav,Progressive,60,1,0,16,0.1,7.332779889452783,0.5,1,2,26,45.4
Park-Fav,Progressive,60,2,1,16,1.0,7.429335130183461,0.5,0,3,26,44.4
Park-Fav,Progressive,60,3,0,32,0.1,7.8784656912958635,0.5,1,3,27,44.3
Park-Fav,Progressive,60,4,0,20,0.1,7.855513153798462,0.5,2,3,28,44.199999999999996
Park-Fav,Progressive,60,5,0,0,0.1,8.071288600387833,0.5,3,3,29,44.1
Park-Fav,Progressive,60,6,0,4,0.1,7.575153445279292,0.5,4,3,30,44.0
Park-Fav,Progressive,60,7,0,36,0.1,7.87361171219156,0.5,5,3,31,43.9
Park-Fav,Progressive,60,8,0,48,0.1,7.710915374591483,0.5,6,3,32,43.800000000000004
Park-Fav,Progressive,60,9,0,80,0.1,6.937235318746726,0.5,7,3,33,43.7
Park-Fav,Progressive,60,10,0,52,0.1,7.130098532898264,0.5,8,3,34,43.6
Park-Fav,Progressive,60,11,0,24,0.1,6.619876807685541,0.5,9,3,35,43.5
Park-Fav,Progressive,60,12,0,8,0.1,6.9441831981374085,0.5,10,3,36,43.4
Park-Fav,Progressive,60,13,0,112,0.1,6.813274505904285,0.5,11,3,37,43.300000000000004
Park-Fav,Progressive,60,14,0,56,0.1,6.631983607374122,0.5,12,3,38,43.2
Park-Fav,Progressive,60,15,0,84,0.1,6.342087044331972,0.5,13,3,39,43.1
Park-Fav,Progressive,60,16,0,100,0.1,6.223978331809705,0.5,14,3,40,43.00000000000001
Park-Fav,Progressive,60,17,0,68,0.1,5.991098141432409,0.5,15,3,41,42.900000000000006
Park-Fav,Progressive,60,18,0,12,0.1,6.03437956348843,0.5,16,3,42,42.800000000000004
Park-Fav,Progressive,60,19,0,28,0.1,6.1363193050775,0.5,17,3,43,42.7
Park-Fav,Progressive,60,20,0,44,0.1,6.530060763256724,0.5,18,3,44,42.6
Park-Fav,Progressive,60,21,0,60,0.1,6.302262848605316,0.5,19,3,45,42.50000000000001
Park-Fav,Progressive,60,22,0,116,0.1,5.432225309982431,0.5,20,3,46,42.400000000000006
Park-Fav,Progressive,60,23,1,12,1.0,2.976097966923096,0.5,0,4,46,41.400000000000006
Park-Fav,Progressive,60,24,0,72,0.1,5.147243701297782,0.5,1,4,47,41.300000000000004
Park-Fav,Progressive,60,25,0,88,0.1,5.121672867196653,0.5,2,4,48,41.20000000000001
Park-Fav,Progressive,60,26,0,104,0.1,5.124781557376569,0.5,3,4,49,41.10000000000001
Park-Fav,Progressive,60,27,0,120,0.1,4.918131580977129,0.5,4,4,50,41.00000000000001
Park-Fav,Progressive,60,28,0,144,0.1,4.184558803663963,0.5,5,4,51,40.900000000000006
Park-Fav,Progressive,60,29,0,176,0.1,4.0714543224917765,0.5,6,4,52,40.800000000000004
Park-Fav,Progressive,60,30,0,108,0.1,3.9966758177660044,0.5,7,4,53,40.70000000000001
Park-Fav,Progressive,60,31,0,160,0.1,3.987109241459441,0.5,8,4,54,40.60000000000001
Park-Fav,Progressive,60,32,0,92,0.1,4.06132532446823,0.5,9,4,55,40.50000000000001
Park-Fav,Progressive,60,33,0,76,0.1,3.9471785781042272,0.5,10,4,56,40.40000000000001
Park-Fav,Progressive,60,34,0,128,0.1,3.978810603352434,0.5,11,4,57,40.30000000000001
Park-Fav,Progressive,60,35,0,124,0.1,3.9180548479244353,0.5,12,4,58,40.20000000000001
Park-Fav,Progressive,60,36,0,1,0.1,3.1951010634395853,0.5,13,4,59,40.10000000000001
Park-Fav,Progressive,60,37,0,164,0.1,2.9408142591145894,0.5,14,4,60,40.00000000000001
Park-Fav,Progressive,60,38,0,180,0.1,2.9641985850230403,0.5,15,4,61,39.90000000000001
Park-Fav,Progressive,60,39,0,132,0.1,2.8906993345254017,0.5,16,4,62,39.80000000000001
Park-Fav,Progressive,60,40,0,17,0.1,2.8138657565752223,0.5,17,4,63,39.70000000000001
Park-Fav,Progressive,60,41,0,240,0.1,2.5776642020202067,0.5,18,4,64,39.600000000000016
Park-Fav,Progressive,60,42,0,33,0.1,2.681783976003954,0.5,19,4,65,39.500000000000014
Park-Fav,Progressive,60,43,0,49,0.1,2.538320252072548,0.5,20,4,66,39.40000000000001
Park-Fav,Progressive,60,44,1,60,1.0,2.0346540225929997,0.5,0,5,66,38.40000000000001
Park-Fav,Progressive,60,45,0,184,0.1,4.432963011208266,0.9998743383477131,1,5,67,38.30000000000001
Park-Fav,Progressive,60,46,0,224,0.1,4.614025022179898,0.9998743383477131,2,5,68,38.20000000000001
Park-Fav,Progressive,60,47,0,5,0.1,4.601851462888689,0.9998743383477131,3,5,69,38.100000000000016
Park-Fav,Progressive,60,48,0,192,0.1,3.946747117705914,0.9998743383477131,4,5,70,38.000000000000014
Park-Fav,Progressive,60,49,0,208,0.1,3.982653335370381,0.9998743383477131,5,5,71,37.90000000000001
Park-Fav,Progressive,60,50,0,168,0.1,3.8956995695861742,0.9998743383477131,6,5,72,37.80000000000002
Park-Fav,Progressive,60,51,0,21,0.1,4.144515440648711,0.9998743383477131,7,5,73,37.70000000000002
Park-Fav,Progressive,60,52,0,53,0.1,3.928345295752902,0.9998743383477131,8,5,74,37.600000000000016
Park-Fav,Progressive,60,53,0,136,0.1,3.74583729477186,0.9998743383477131,9,5,75,37.500000000000014
Park-Fav,Progressive,60,54,0,152,0.1,3.3077648688270727,0.9998743383477131,10,5,76,37.40000000000001
Park-Fav,Progressive,60,55,0,140,0.1,3.1916962548458603,0.9998743383477131,11,5,77,37.30000000000002
Park-Fav,Progressive,60,56,0,9,0.1,2.9730482704023187,0.9998743383477131,12,5,78,37.20000000000002
Park-Fav,Progressive,60,57,0,57,0.1,3.0895372761931608,0.9998743383477131,13,5,79,37.100000000000016
Park-Fav,Progressive,60,58,0,188,0.1,2.751233272388791,0.9998743383477131,14,5,80,37.00000000000002
Park-Fav,Progressive,60,59,0,244,0.1,2.697949165776227,0.9998743383477131,15,5,81,36.90000000000002
Park-Fav,Progressive,60,60,0,25,0.1,2.5407721939771553,0.9998743383477131,16,5,82,36.80000000000002
Park-Fav,Progressive,60,61,0,172,0.1,2.652647034584149,0.9998743383477131,17,5,83,36.70000000000002
Park-Fav,Progressive,60,62,0,41,0.1,2.613430601008068,0.9998743383477131,18,5,84,36.600000000000016
Park-Fav,Progressive,60,63,0,65,0.1,2.6434753644807167,0.9998743383477131,19,5,85,36.50000000000002
Park-Fav,Progressive,60,64,0,156,0.1,2.2486813820052145,0.9998743383477131,20,5,86,36.40000000000002
Park-Fav,Progressive,60,65,1,52,1.0,1.5326569770021075,0.9998743383477131,0,6,86,35.40000000000002
Park-Fav,Progressive,60,66,0,61,0.1,2.56306494294885,0.9988665418005792,1,6,87,35.30000000000002
Park-Fav,Progressive,60,67,0,45,0.1,2.030101322957758,0.9988665418005792,2,6,88,35.200000000000024
Park-Fav,Progressive,60,68,0,228,0.1,1.9821337559872614,0.9988665418005792,3,6,89,35.10000000000002
Park-Fav,Progressive,60,69,0,196,0.1,2.032743048344594,0.9988665418005792,4,6,90,35.00000000000002
Park-Fav,Progressive,60,70,0,212,0.1,1.7628957993376482,0.9988665418005792,5,6,91,34.90000000000002
Park-Fav,Progressive,60,71,0,81,0.1,1.7380966926940937,0.9988665418005792,6,6,92,34.80000000000002
Park-Fav,Progressive,60,72,0,113,0.1,1.7619500136180233,0.9988665418005792,7,6,93,34.700000000000024
Park-Fav,Progressive,60,73,0,29,0.1,1.7518168392705415,0.9988665418005792,8,6,94,34.60000000000002
Park-Fav,Progressive,60,74,0,97,0.1,1.737963847462639,0.9988665418005792,9,6,95,34.50000000000002
Park-Fav,Progressive,60,75,1,24,1.0,1.4720204047322383,0.9988665418005792,0,7,95,33.50000000000003
Park-Fav,Progressive,60,76,1,20,1.0,1.3681566024156713,0.9986980275379456,0,8,95,32.50000000000003
Park-Fav,Progressive,60,77,1,44,1.0,1.379403950442061,0.9987509196699543,0,9,95,31.50000000000003
Park-Fav,Progressive,60,78,0,248,0.1,1.3507819215500823,0.9989582767491538,1,9,96,31.400000000000023
Park-Fav,Progressive,60,79,1,8,1.0,1.3767628308778217,0.9989582767491538,0,10,96,30.400000000000023
Park-Fav,Progressive,60,80,1,40,1.0,1.4009830800585978,0.9989513465433094,0,11,96,29.400000000000023
Park-Fav,Progressive,60,81,1,28,1.0,1.2639470908764479,0.9987547083525424,0,12,96,28.400000000000023
Park-Fav,Progressive,60,82,1,36,1.0,1.2031753672200949,0.9988243155631826,0,13,96,27.400000000000023
Park-Fav,Progressive,60,83,1,56,1.0,1.1892275414673272,0.998841084547064,0,14,96,26.400000000000023
Park-Fav,Progressive,60,84,1,4,1.0,1.2025512376534597,0.998598924400423,0,15,96,25.400000000000023
Park-Fav,Progressive,60,85,1,32,1.0,1.1785983519445693,0.9986551046867669,0,16,96,24.400000000000023
Park-Fav,Progressive,60,86,1,48,1.0,1.228501177037501,0.9987935243712927,0,17,96,23.400000000000023
Park-Fav,Progressive,60,87,0,69,0.1,1.1776075582725138,0.9989439681071121,1,17,97,23.300000000000022
Park-Fav,Progressive,60,88,1,0,1.0,1.1253508192083466,0.9989439681071121,0,18,97,22.300000000000022
Park-Fav,Progressive,60,89,0,252,0.1,1.2888180493843626,0.9985855973656348,1,18,98,22.20000000000002
Park-Fav,Progressive,60,90,0,232,0.1,1.0102502041781076,0.9985855973656348,2,18,99,22.10000000000002
Park-Fav,Progressive,60,91,0,216,0.1,1.0549301616545552,0.9985855973656348,3,18,100,22.000000000000018
Park-Fav,Progressive,60,92,0,2,0.1,0.8333617160901985,0.9985855973656348,4,18,101,21.900000000000016
Park-Fav,Progressive,60,93,0,129,0.1,1.0427347162259943,0.9985855973656348,5,18,102,21.800000000000015
Park-Fav,Progressive,60,94,0,85,0.1,0.8169288055922276,0.9985855973656348,6,18,103,21.700000000000014
Park-Fav,Progressive,60,95,0,204,0.1,0.847345985751359,0.9985855973656348,7,18,104,21.600000000000012
Park-Fav,Progressive,60,96,0,117,0.1,0.80149174052857,0.9985855973656348,8,18,105,21.50000000000001
Park-Fav,Progressive,60,97,0,145,0.1,0.7350773973699244,0.9985855973656348,9,18,106,21.40000000000001
Park-Fav,Progressive,60,98,0,101,0.1,0.7533708121314029,0.9985855973656348,10,18,107,21.300000000000008
Park-Fav,Progressive,60,99,1,37,1.0,0.8610840923826159,0.9985855973656348,0,19,107,20.300000000000008
Park-Fav,Progressive,60,100,1,84,1.0,0.7562913875046617,0.9999999999999994,0,20,107,19.300000000000008
Park-Fav,Progressive,60,101,1,68,1.0,0.7035025243650725,0.9971252727989982,0,21,107,18.300000000000008
Park-Fav,Progressive,60,102,0,177,0.1,0.7053677340163264,0.9953452578592595,1,21,108,18.200000000000006
Park-Fav,Progressive,60,103,0,161,0.1,0.7027243014399273,0.9953452578592595,2,21,109,18.100000000000005
Park-Fav,Progressive,60,104,1,76,1.0,0.7413295813036103,0.9953452578592595,0,22,109,17.100000000000005
Park-Fav,Progressive,60,105,1,104,1.0,0.6320101347379498,0.9959745251577317,0,23,109,16.10000000000001
Park-Fav,Progressive,60,106,1,96,1.0,0.6571106085488836,0.9960603677875771,0,24,109,15.100000000000009
Park-Fav,Progressive,60,107,1,64,1.0,0.665795180189583,0.9938558330610082,0,25,109,14.100000000000009
Park-Fav,Progressive,60,108,0,50,0.1,0.6619695835486864,0.9919697924575553,1,25,110,14.000000000000009
Park-Fav,Progressive,60,109,0,220,0.1,0.6068606189325004,0.9919697924575553,2,25,111,13.900000000000007
Park-Fav,Progressive,60,110,1,80,1.0,0.6594682585558961,0.9919697924575553,0,26,111,12.900000000000006
Park-Fav,Progressive,60,111,1,100,1.0,0.5743532653258203,0.9903394977973553,0,27,111,11.900000000000006
Park-Fav,Progressive,60,112,1,88,1.0,0.6359383917453194,0.9899891092161421,0,28,111,10.900000000000006
Park-Fav,Progressive,60,113,1,112,1.0,0.5887246821945517,0.9905409407553414,0,29,111,9.900000000000006
Park-Fav,Progressive,60,114,0,236,0.1,0.5564849791425104,0.9893055600842386,1,29,112,9.800000000000006
Park-Fav,Progressive,60,115,1,116,1.0,0.5498265827677014,0.9893055600842386,0,30,112,8.800000000000004
Park-Fav,Progressive,60,116,1,120,1.0,0.5153879048836758,0.9891058792480586,0,31,112,7.800000000000004
Park-Fav,Progressive,60,117,0,73,0.1,0.5178853625773234,0.9895835576544764,1,31,113,7.700000000000005
Park-Fav,Progressive,60,118,0,34,0.1,0.5625319701412762,0.9895835576544764,2,31,114,7.600000000000003
Park-Fav,Progressive,60,119,0,18,0.1,0.4945269692740856,0.9895835576544764,3,31,115,7.500000000000002
Park-Fav,Progressive,60,120,1,72,1.0,0.5295217299561871,0.9895835576544764,0,32,115,6.5
Park-Fav,Progressive,60,121,1,124,1.0,0.3906021671326501,0.9899930536687732,0,33,115,5.5
Park-Fav,Progressive,60,122,1,108,1.0,0.43070645878691993,0.9900371086109936,0,34,115,4.5
Park-Fav,Progressive,60,123,1,92,1.0,0.43281651108132985,0.9901325895431481,0,35,115,3.5
Park-Fav,Progressive,60,124,0,193,0.1,0.3679619793076856,0.9902545938000846,1,35,116,3.4
Park-Fav,Progressive,60,125,0,121,0.1,0.4059746886113975,0.9902545938000846,2,35,117,3.2999999999999985
Park-Fav,Progressive,60,126,1,49,1.0,0.35185878341767635,0.9902545938000846,0,36,117,2.299999999999997
Park-Fav,Progressive,60,127,1,1,1.0,0.3657794760202271,0.9910584670469659,0,37,117,1.2999999999999972
Park-Fav,Progressive,60,128,1,128,1.0,0.2654925985269297,0.9917143018117476,0,38,117,0.29999999999999716
Park-Fav,Progressive,60,129,0,89,0.1,0.2819421758787781,0.9884262764318412,1,38,118,0.19999999999999715
Park-Fav,Progressive,60,130,0,125,0.1,0.26137227674925073,0.9884262764318412,2,38,119,0.09999999999999573
Park-Fav,Progressive,61,1,0,16,0.1,10.808243602665017,0.5,1,2,26,45.4
Park-Fav,Progressive,61,2,0,32,0.1,9.330098519200517,0.5,2,2,27,45.3
Park-Fav,Progressive,61,3,0,48,0.1,8.208772224834602,0.5,3,2,28,45.199999999999996
Park-Fav,Progressive,61,4,0,36,0.1,7.935021656666176,0.5,4,2,29,45.1
Park-Fav,Progressive,61,5,0,20,0.1,7.973256857523963,0.5,5,2,30,45.0
Park-Fav,Progressive,61,6,0,96,0.1,8.399740740949639,0.5,6,2,31,44.9
Park-Fav,Progressive,61,7,0,0,0.1,8.557042766721619,0.5,7,2,32,44.800000000000004
Park-Fav,Progressive,61,8,0,52,0.1,7.726212897610513,0.5,8,2,33,44.7
Park-Fav,Progressive,61,9,0,4,0.1,8.268784883515135,0.5,9,2,34,44.6
Park-Fav,Progressive,61,10,0,80,0.1,7.748849136295908,0.5,10,2,35,44.5
Park-Fav,Progressive,61,11,0,112,0.1,7.29214301680658,0.5,11,2,36,44.4
Park-Fav,Progressive,61,12,0,24,0.1,7.3763100066649,0.5,12,2,37,44.300000000000004
Park-Fav,Progressive,61,13,0,40,0.1,8.16773996504259,0.5,13,2,38,44.2
Park-Fav,Progressive,61,14,0,64,0.1,7.777199709855269,0.5,14,2,39,44.1
Park-Fav,Progressive,61,15,0,8,0.1,7.712051116242545,0.5,15,2,40,44.00000000000001
Park-Fav,Progressive,61,16,1,16,1.0,7.999410824775182,0.5,0,3,40,43.00000000000001
Park-Fav,Progressive,61,17,0,84,0.1,7.225390451159012,0.5,1,3,41,42.900000000000006
Park-Fav,Progressive,61,18,0,56,0.1,8.204540934583559,0.5,2,3,42,42.800000000000004
Park-Fav,Progressive,61,19,0,60,0.1,7.533841130586942,0.5,3,3,43,42.7
Park-Fav,Progressive,61,20,0,44,0.1,6.797953606765552,0.5,4,3,44,42.6
Park-Fav,Progressive,61,21,0,28,0.1,6.790562106247871,0.5,5,3,45,42.50000000000001
Park-Fav,Progressive,61,22,0,12,0.1,7.419745058300364,0.5,6,3,46,42.400000000000006
Park-Fav,Progressive,61,23,0,100,0.1,6.686905819542357,0.5,7,3,47,42.300000000000004
Park-Fav,Progressive,61,24,0,68,0.1,6.2501810310141055,0.5,8,3,48,42.20000000000001
Park-Fav,Progressive,61,25,0,104,0.1,6.203701464222712,0.5,9,3,49,42.10000000000001
Park-Fav,Progressive,61,26,0,120,0.1,5.683097192653301,0.5,10,3,50,42.00000000000001
Park-Fav,Progressive,61,27,0,124,0.1,5.55596262115436,0.5,11,3,51,41.900000000000006
Park-Fav,Progressive,61,28,0,88,0.1,5.737736900415274,0.5,12,3,52,41.800000000000004
Park-Fav,Progressive,61,29,0,72,0.1,4.841875230657673,0.5,13,3,53,41.70000000000001
Park-Fav,Progressive,61,30,0,144,0.1,4.6008548828564235,0.5,14,3,54,41.60000000000001
Park-Fav,Progressive,61,31,0,160,0.1,4.566350863077342,0.5,15,3,55,41.50000000000001
Park-Fav,Progressive,61,32,0,108,0.1,4.680878485950664,0.5,16,3,56,41.40000000000001
Park-Fav,Progressive,61,33,0,176,0.1,4.444015197390919,0.5,17,3,57,41.30000000000001
Park-Fav,Progressive,61,34,0,76,0.1,4.3697992124099265,0.5,18,3,58,41.20000000000001
Park-Fav,Progressive,61,35,0,92,0.1,4.612455032064352,0.5,19,3,59,41.10000000000001
Park-Fav,Progressive,61,36,0,148,0.1,3.5762502302054493,0.5,20,3,60,41.00000000000001
Park-Fav,Progressive,61,37,1,48,1.0,2.3526630840161995,0.5,0,4,60,40.000000000000014
Park-Fav,Progressive,61,38,0,17,0.1,3.818256661387281,0.5,1,4,61,39.90000000000001
Park-Fav,Progressive,61,39,0,132,0.1,3.6146500004294406,0.5,2,4,62,39.80000000000001
Park-Fav,Progressive,61,40,0,1,0.1,3.3914628854183175,0.5,3,4,63,39.70000000000001
Park-Fav,Progressive,61,41,0,164,0.1,3.4085774557508346,0.5,4,4,64,39.600000000000016
Park-Fav,Progressive,61,42,0,33,0.1,3.0839779686221096,0.5,5,4,65,39.500000000000014
Park-Fav,Progressive,61,43,0,49,0.1,3.404336799760602,0.5,6,4,66,39.40000000000001
Park-Fav,Progressive,61,44,0,240,0.1,2.9760727633522164,0.5,7,4,67,39.30000000000001
Park-Fav,Progressive,61,45,0,5,0.1,2.7721844042077604,0.5,8,4,68,39.20000000000001
Park-Fav,Progressive,61,46,0,184,0.1,2.603214186509423,0.5,9,4,69,39.100000000000016
Park-Fav,Progressive,61,47,0,136,0.1,2.6878987974093747,0.5,10,4,70,39.000000000000014
Park-Fav,Progressive,61,48,0,152,0.1,2.477288842078467,0.5,11,4,71,38.90000000000001
Park-Fav,Progressive,61,49,0,192,0.1,2.611279678725327,0.5,12,4,72,38.80000000000002
Park-Fav,Progressive,61,50,0,208,0.1,2.281253802749761,0.5,13,4,73,38.70000000000002
Park-Fav,Progressive,61,51,0,168,0.1,2.240743192347893,0.5,14,4,74,38.600000000000016
Park-Fav,Progressive,61,52,1,240,1.0,2.453487388123499,0.5,0,5,74,37.600000000000016
Park-Fav,Progressive,61,53,0,53,0.1,4.351924099414461,1.0,1,5,75,37.500000000000014
Park-Fav,Progressive,61,54,0,224,0.1,4.203867235826187,1.0,2,5,76,37.40000000000001
Park-Fav,Progressive,61,55,0,37,0.1,4.119769913977791,1.0,3,5,77,37.30000000000002
Park-Fav,Progressive,61,56,0,21,0.1,4.010078329297252,1.0,4,5,78,37.20000000000002
Park-Fav,Progressive,61,57,0,140,0.1,4.3554337286108336,1.0,5,5,79,37.100000000000016
Park-Fav,Progressive,61,58,0,156,0.1,3.60706404084406,1.0,6,5,80,37.00000000000002
Park-Fav,Progressive,61,59,0,9,0.1,3.1711176984549905,1.0,7,5,81,36.90000000000002
Park-Fav,Progressive,61,60,0,172,0.1,3.2134214344432674,1.0,8,5,82,36.80000000000002
Park-Fav,Progressive,61,61,0,244,0.1,3.1299410223875657,1.0,9,5,83,36.70000000000002
Park-Fav,Progressive,61,62,0,25,0.1,2.817189422175488,1.0,10,5,84,36.600000000000016
Park-Fav,Progressive,61,63,0,228,0.1,2.888426594534339,1.0,11,5,85,36.50000000000002
Park-Fav,Progressive,61,64,0,65,0.1,2.846559222733714,1.0,12,5,86,36.40000000000002
Park-Fav,Progressive,61,65,0,81,0.1,2.8146284441520675,1.0,13,5,87,36.30000000000002
Park-Fav,Progressive,61,66,0,13,0.1,2.565405592776173,1.0,14,5,88,36.200000000000024
Park-Fav,Progressive,61,67,0,113,0.1,2.5448506354607026,1.0,15,5,89,36.10000000000002
Park-Fav,Progressive,61,68,0,61,0.1,2.6382502382695714,1.0,16,5,90,36.00000000000002
Park-Fav,Progressive,61,69,0,196,0.1,2.33978866201871,1.0,17,5,91,35.90000000000002
Park-Fav,Progressive,61,70,0,45,0.1,2.038874206879716,1.0,18,5,92,35.80000000000002
Park-Fav,Progressive,61,71,0,248,0.1,1.7948691803507077,1.0,19,5,93,35.700000000000024
Park-Fav,Progressive,61,72,0,29,0.1,1.7819940513307997,1.0,20,5,94,35.60000000000002
Park-Fav,Progressive,61,73,1,0,1.0,1.3684615134076175,1.0,0,6,94,34.60000000000002
Park-Fav,Progressive,61,74,0,200,0.1,1.964939338670319,1.0,1,6,95,34.50000000000002
Park-Fav,Progressive,61,75,0,252,0.1,1.6324604979165391,1.0,2,6,96,34.40000000000003
Park-Fav,Progressive,61,76,1,32,1.0,1.392142861940811,1.0,0,7,96,33.40000000000003
Park-Fav,Progressive,61,77,0,216,0.1,1.4446019689034217,1.0,1,7,97,33.300000000000026
Park-Fav,Progressive,61,78,0,69,0.1,1.3999939446114333,1.0,2,7,98,33.200000000000024
Park-Fav,Progressive,61,79,0,50,0.1,1.5156570933045521,1.0,3,7,99,33.10000000000002
Park-Fav,Progressive,61,80,0,117,0.1,1.3297581490744697,1.0,4,7,100,33.00000000000002
Park-Fav,Progressive,61,81,0,232,0.1,1.278824570434669,1.0,5,7,101,32.90000000000002
Park-Fav,Progressive,61,82,0,2,0.1,1.297254503661659,1.0,6,7,102,32.80000000000002
Park-Fav,Progressive,61,83,0,204,0.1,1.1266860148101236,1.0,7,7,103,32.70000000000002
Park-Fav,Progressive,61,84,0,177,0.1,1.285103661368393,1.0,8,7,104,32.600000000000016
Park-Fav,Progressive,61,85,0,85,0.1,1.103834348423513,1.0,9,7,105,32.500000000000014
Park-Fav,Progressive,61,86,1,80,1.0,1.154500823873194,1.0,0,8,105,31.500000000000014
Park-Fav,Progressive,61,87,0,220,0.1,1.0146133861707842,0.9999999999999998,1,8,106,31.400000000000013
Park-Fav,Progressive,61,88,1,51,1.0,1.1008048101156303,0.9999999999999998,0,9,106,30.400000000000013
Park-Fav,Progressive,61,89,1,64,1.0,1.1081907418720482,0.9999999999999998,0,10,106,29.400000000000013
Park-Fav,Progressive,61,90,1,96,1.0,1.0690138054251248,1.0,0,11,106,28.400000000000013
Park-Fav,Progressive,61,91,1,52,1.0,1.0269328348179876,1.0,0,12,106,27.400000000000013
Park-Fav,Progressive,61,92,1,36,1.0,1.0404652682785533,1.0,0,13,106,26.400000000000013
Park-Fav,Progressive,61,93,0,18,0.1,1.140155388278568,1.0,1,13,107,26.30000000000001
Park-Fav,Progressive,61,94,1,20,1.0,0.9778993653543557,1.0,0,14,107,25.30000000000001
Park-Fav,Progressive,61,95,1,112,1.0,1.0056760882050153,0.9999999999999999,0,15,107,24.30000000000001
Park-Fav,Progressive,61,96,0,129,0.1,0.9992329655550228,0.9999999999999999,1,15,108,24.20000000000001
Park-Fav,Progressive,61,97,0,145,0.1,1.0885675047656216,0.9999999999999999,2,15,109,24.10000000000001
Park-Fav,Progressive,61,98,1,56,1.0,0.9056190218054927,0.9999999999999999,0,16,109,23.10000000000001
Park-Fav,Progressive,61,99,0,236,0.1,1.080276273170123,0.9999999999999999,1,16,110,23.000000000000007
Park-Fav,Progressive,61,100,1,40,1.0,0.9592333650343695,0.9999999999999999,0,17,110,22.000000000000007
Park-Fav,Progressive,61,101,1,4,1.0,0.8786627368130177,0.9999999999999997,0,18,110,21.000000000000007
Park-Fav,Progressive,61,102,1,24,1.0,0.9255722475146042,0.9999999999999997,0,19,110,20.000000000000007
Park-Fav,Progressive,61,103,0,121,0.1,0.8846597537987797,0.9999999999999999,1,19,111,19.900000000000006
Park-Fav,Progressive,61,104,0,34,0.1,0.7592025166666753,0.9999999999999999,2,19,112,19.800000000000004
Park-Fav,Progressive,61,105,1,8,1.0,0.770972660074579,0.9999999999999999,0,20,112,18.800000000000004
Park-Fav,Progressive,61,106,1,44,1.0,0.8885492934021993,0.9999999999999997,0,21,112,17.800000000000004
Park-Fav,Progressive,61,107,1,60,1.0,0.8818555886726123,0.9999999999999993,0,22,112,16.800000000000004
Park-Fav,Progressive,61,108,1,100,1.0,0.8291774859941475,0.999999999999999,0,23,112,15.800000000000004
Park-Fav,Progressive,61,109,1,28,1.0,0.8023372067455496,0.998867971754639,0,24,112,14.800000000000004
Park-Fav,Progressive,61,110,1,84,1.0,0.7592600282106708,0.9988838832364177,0,25,112,13.800000000000004
Park-Fav,Progressive,61,111,1,12,1.0,0.8726352813456398,0.9981348806673783,0,26,112,12.800000000000004
Park-Fav,Progressive,61,112,1,116,1.0,0.6829520865851165,0.9981613875957941,0,27,112,11.800000000000004
Park-Fav,Progressive,61,113,0,73,0.1,0.6511244771962321,0.9976502117044456,1,27,113,11.700000000000005
Park-Fav,Progressive,61,114,1,120,1.0,0.6768754533600556,0.9976502117044456,0,28,113,10.700000000000003
Park-Fav,Progressive,61,115,0,193,0.1,0.7151347655521073,0.9942950138845207,1,28,114,10.600000000000003
Park-Fav,Progressive,61,116,1,68,1.0,0.6107755709811269,0.9942950138845207,0,29,114,9.600000000000001
Park-Fav,Progressive,61,117,1,104,1.0,0.5867962755896141,0.994304285748994,0,30,114,8.600000000000001
Park-Fav,Progressive,61,118,0,125,0.1,0.5830432565974047,0.9923885705033398,1,30,115,8.500000000000002
Park-Fav,Progressive,61,119,1,88,1.0,0.5714001490577918,0.9923885705033398,0,31,115,7.5
Park-Fav,Progressive,61,120,1,72,1.0,0.4692510561468686,0.99111267118983,0,32,115,6.5
Park-Fav,Progressive,61,121,1,124,1.0,0.541777119161898,0.9902405640128915,0,33,115,5.5
Park-Fav,Progressive,61,122,1,108,1.0,0.4248824423789713,0.9869525322530267,0,34,115,4.5
Park-Fav,Progressive,61,123,0,241,0.1,0.4585720660982522,0.9848757853918316,1,34,116,4.4
Park-Fav,Progressive,61,124,1,160,1.0,0.39955157120164275,0.9848757853918316,0,35,116,3.3999999999999986
Park-Fav,Progressive,61,125,1,176,1.0,0.43695086185985843,0.9839110319961203,0,36,116,2.3999999999999986
Park-Fav,Progressive,61,126,0,54,0.1,0.3732924306732585,0.9833277827445235,1,36,117,2.2999999999999985
Park-Fav,Progressive,61,127,0,6,0.1,0.4532581857504378,0.9833277827445235,2,36,118,2.199999999999997
Park-Fav,Progressive,61,128,1,144,1.0,0.40062529235335786,0.9833277827445235,0,37,118,1.1999999999999957
Park-Fav,Progressive,61,129,1,128,1.0,0.3994009198183154,0.9829857245642867,0,38,118,0.19999999999999574
Park-Fav,Progressive,61,130,0,209,0.1,0.35390559379539527,0.9828000333959384,1,38,119,0.09999999999999573
