benchmark,model,seed,step,fidelity_chosen,candidate_idx,cost,score_max,alpha,consecutive_lf_count,n_hf_so_far,n_lf_so_far,remaining_budget
Park-Fav,Sequential,42,1,0,40,0.1,7.666076536843236,0.5,1,2,26,45.4
Park-Fav,Sequential,42,2,0,36,0.1,8.182165861039671,0.5,2,2,27,45.3
Park-Fav,Sequential,42,3,0,16,0.1,8.059720270583393,0.5,3,2,28,45.199999999999996
Park-Fav,Sequential,42,4,0,20,0.1,8.164037427107052,0.5,4,2,29,45.1
Park-Fav,Sequential,42,5,1,16,1.0,8.697208554746515,0.5,0,3,29,44.1
Park-Fav,Sequential,42,6,0,48,0.1,9.36012739698274,0.5,1,3,30,44.0
Park-Fav,Sequential,42,7,0,52,0.1,8.734352623749636,0.5,2,3,31,43.9
Park-Fav,Sequential,42,8,0,56,0.1,9.045184497056672,0.5,3,3,32,43.800000000000004
Park-Fav,Sequential,42,9,0,32,0.1,8.863181640691417,0.5,4,3,33,43.7
Park-Fav,Sequential,42,10,0,24,0.1,8.394201769151794,0.5,5,3,34,43.6
Park-Fav,Sequential,42,11,0,4,0.1,8.510139103357965,0.5,6,3,35,43.5
Park-Fav,Sequential,42,12,0,8,0.1,8.138136442004276,0.5,7,3,36,43.4
Park-Fav,Sequential,42,13,0,0,0.1,8.559283782010171,0.5,8,3,37,43.300000000000004
Park-Fav,Sequential,42,14,0,28,0.1,7.464412610013863,0.5,9,3,38,43.2
Park-Fav,Sequential,42,15,0,12,0.1,8.362273488888848,0.5,10,3,39,43.1
Park-Fav,Sequential,42,16,0,60,0.1,7.538790784094047,0.5,11,3,40,43.00000000000001
Park-Fav,Sequential,42,17,0,96,0.1,6.83222794806248,0.5,12,3,41,42.900000000000006
Park-Fav,Sequential,42,18,0,64,0.1,6.909948838412334,0.5,13,3,42,42.800000000000004
Park-Fav,Sequential,42,19,0,112,0.1,6.497513399099947,0.5,14,3,43,42.7
Park-Fav,Sequential,42,20,0,116,0.1,6.643497049814926,0.5,15,3,44,42.6
Park-Fav,Sequential,42,21,0,100,0.1,6.840588459446466,0.5,16,3,45,42.50000000000001
Park-Fav,Sequential,42,22,0,84,0.1,6.334126873571015,0.5,17,3,46,42.400000000000006
Park-Fav,Sequential,42,23,0,68,0.1,6.045455624588483,0.5,18,3,47,42.300000000000004
Park-Fav,Sequential,42,24,0,72,0.1,5.685830519343966,0.5,19,3,48,42.20000000000001
Park-Fav,Sequential,42,25,0,104,0.1,5.546351213304189,0.5,20,3,49,42.10000000000001
Park-Fav,Sequential,42,26,1,240,1.0,2.975237039856845,0.5,0,4,49,41.10000000000001
Park-Fav,Sequential,42,27,0,120,0.1,5.300393880527979,0.5,1,4,50,41.00000000000001
Park-Fav,Sequential,42,28,0,92,0.1,5.242720735075356,0.5,2,4,51,40.900000000000006
Park-Fav,Sequential,42,29,0,76,0.1,5.148520136263466,0.5,3,4,52,40.800000000000004
Park-Fav,Sequential,42,30,0,176,0.1,4.970968720247497,0.5,4,4,53,40.70000000000001
Park-Fav,Sequential,42,31,0,124,0.1,4.88514613470953,0.5,5,4,54,40.60000000000001
Park-Fav,Sequential,42,32,0,160,0.1,4.480295437402175,0.5,6,4,55,40.50000000000001
Park-Fav,Sequential,42,33,0,108,0.1,4.703698192485644,0.5,7,4,56,40.40000000000001
Park-Fav,Sequential,42,34,0,128,0.1,4.03045466798862,0.5,8,4,57,40.30000000000001
Park-Fav,Sequential,42,35,0,144,0.1,4.053904860368432,0.5,9,4,58,40.20000000000001
Park-Fav,Sequential,42,36,0,164,0.1,3.4855199838029893,0.5,10,4,59,40.10000000000001
Park-Fav,Sequential,42,37,0,1,0.1,3.364021140008316,0.5,11,4,60,40.00000000000001
Park-Fav,Sequential,42,38,0,49,0.1,3.3186143931554914,0.5,12,4,61,39.90000000000001
Park-Fav,Sequential,42,39,0,33,0.1,3.2907353291983297,0.5,13,4,62,39.80000000000001
Park-Fav,Sequential,42,40,0,180,0.1,3.4126519493517593,0.5,14,4,63,39.70000000000001
Park-Fav,Sequential,42,41,0,17,0.1,3.2648126020108093,0.5,15,4,64,39.600000000000016
Park-Fav,Sequential,42,42,0,148,0.1,3.021292243369729,0.5,16,4,65,39.500000000000014
Park-Fav,Sequential,42,43,0,192,0.1,2.7402745959135664,0.5,17,4,66,39.40000000000001
Park-Fav,Sequential,42,44,0,140,0.1,2.7636434737545206,0.5,18,4,67,39.30000000000001
Park-Fav,Sequential,42,45,0,136,0.1,2.5698383025053344,0.5,19,4,68,39.20000000000001
Park-Fav,Sequential,42,46,0,5,0.1,2.46517964236086,0.5,20,4,69,39.100000000000016
Park-Fav,Sequential,42,47,1,48,1.0,1.7820967989877405,0.5,0,5,69,38.100000000000016
Park-Fav,Sequential,42,48,0,208,0.1,2.411713221462554,0.5,1,5,70,38.000000000000014
Park-Fav,Sequential,42,49,0,53,0.1,2.5687420808485966,0.5,2,5,71,37.90000000000001
Park-Fav,Sequential,42,50,0,224,0.1,2.4057966121811236,0.5,3,5,72,37.80000000000002
Park-Fav,Sequential,42,51,0,37,0.1,2.306584847215765,0.5,4,5,73,37.70000000000002
Park-Fav,Sequential,42,52,0,184,0.1,2.2546640096596953,0.5,5,5,74,37.600000000000016
Park-Fav,Sequential,42,53,0,152,0.1,2.1057375132406646,0.5,6,5,75,37.500000000000014
Park-Fav,Sequential,42,54,0,168,0.1,2.114520133611437,0.5,7,5,76,37.40000000000001
Park-Fav,Sequential,42,55,0,9,0.1,1.9924787659644883,0.5,8,5,77,37.30000000000002
Park-Fav,Sequential,42,56,0,13,0.1,1.7422663048446496,0.5,9,5,78,37.20000000000002
Park-Fav,Sequential,42,57,0,57,0.1,1.7816012551283371,0.5,10,5,79,37.100000000000016
Park-Fav,Sequential,42,58,1,0,1.0,1.7850542245753958,0.5,0,6,79,36.10000000000002
Park-Fav,Sequential,42,59,0,156,0.1,3.232600956737369,1.0,1,6,80,36.00000000000002
Park-Fav,Sequential,42,60,0,244,0.1,3.2845136769752714,1.0,2,6,81,35.90000000000002
Park-Fav,Sequential,42,61,0,196,0.1,3.000292186605742,1.0,3,6,82,35.80000000000002
Park-Fav,Sequential,42,62,0,113,0.1,3.071937970337882,1.0,4,6,83,35.70000000000002
Park-Fav,Sequential,42,63,0,172,0.1,3.1270995739597938,1.0,5,6,84,35.600000000000016
Park-Fav,Sequential,42,64,0,65,0.1,2.802178401114288,1.0,6,6,85,35.50000000000002
Park-Fav,Sequential,42,65,0,41,0.1,3.002861520579095,1.0,7,6,86,35.40000000000002
Park-Fav,Sequential,42,66,0,61,0.1,2.879152264944591,1.0,8,6,87,35.30000000000002
Park-Fav,Sequential,42,67,0,25,0.1,2.6563054366406957,1.0,9,6,88,35.200000000000024
Park-Fav,Sequential,42,68,0,81,0.1,2.4930652863722056,1.0,10,6,89,35.10000000000002
Park-Fav,Sequential,42,69,0,228,0.1,2.3147914504212785,1.0,11,6,90,35.00000000000002
Park-Fav,Sequential,42,70,0,212,0.1,2.125889655069234,1.0,12,6,91,34.90000000000002
Park-Fav,Sequential,42,71,0,29,0.1,2.1205661222857772,1.0,13,6,92,34.80000000000002
Park-Fav,Sequential,42,72,0,50,0.1,1.8034813316855058,1.0,14,6,93,34.700000000000024
Park-Fav,Sequential,42,73,0,45,0.1,1.900243705895347,1.0,15,6,94,34.60000000000002
Park-Fav,Sequential,42,74,0,200,0.1,1.7218003245377567,1.0,16,6,95,34.50000000000002
Park-Fav,Sequential,42,75,0,248,0.1,1.6879926080486078,1.0,17,6,96,34.40000000000003
Park-Fav,Sequential,42,76,0,69,0.1,1.3845570323782446,1.0,18,6,97,34.300000000000026
Park-Fav,Sequential,42,77,0,252,0.1,1.4602026583709964,1.0,19,6,98,34.200000000000024
Park-Fav,Sequential,42,78,0,129,0.1,1.3583311346131322,1.0,20,6,99,34.10000000000002
Park-Fav,Sequential,42,79,1,32,1.0,1.3082177638980834,1.0,0,7,99,33.10000000000002
Park-Fav,Sequential,42,80,0,232,0.1,1.3551203227967927,1.0,1,7,100,33.00000000000002
Park-Fav,Sequential,42,81,0,2,0.1,1.331262859886514,1.0,2,7,101,32.90000000000003
Park-Fav,Sequential,42,82,1,64,1.0,1.2988986267571354,1.0,0,8,101,31.90000000000002
Park-Fav,Sequential,42,83,0,117,0.1,1.2590787055997477,1.0,1,8,102,31.800000000000022
Park-Fav,Sequential,42,84,0,216,0.1,1.2561332713072764,1.0,2,8,103,31.70000000000002
Park-Fav,Sequential,42,85,0,204,0.1,1.285511155448411,1.0,3,8,104,31.60000000000002
Park-Fav,Sequential,42,86,0,177,0.1,1.1272724938741718,1.0,4,8,105,31.500000000000018
Park-Fav,Sequential,42,87,0,145,0.1,1.0534986044182397,1.0,5,8,106,31.400000000000016
Park-Fav,Sequential,42,88,0,34,0.1,0.9926259965914219,1.0,6,8,107,31.300000000000015
Park-Fav,Sequential,42,89,0,85,0.1,1.0356380821282722,1.0,7,8,108,31.200000000000014
Park-Fav,Sequential,42,90,1,80,1.0,0.9728760069834295,1.0,0,9,108,30.200000000000014
Park-Fav,Sequential,42,91,0,18,0.1,0.9261731415382346,1.0,1,9,109,30.100000000000012
Park-Fav,Sequential,42,92,0,101,0.1,0.9805837284678892,1.0,2,9,110,30.00000000000001
Park-Fav,Sequential,42,93,0,161,0.1,0.8971844786834915,1.0,3,9,111,29.90000000000001
Park-Fav,Sequential,42,94,1,96,1.0,0.9213793724395855,1.0,0,10,111,28.90000000000001
Park-Fav,Sequential,42,95,1,112,1.0,0.7829599885495147,0.9999999999999999,0,11,111,27.90000000000001
Park-Fav,Sequential,42,96,0,220,0.1,0.8198666244094682,1.0,1,11,112,27.800000000000008
Park-Fav,Sequential,42,97,1,36,1.0,0.8057894002205562,1.0,0,12,112,26.800000000000008
Park-Fav,Sequential,42,98,1,20,1.0,1.1012329947804809,1.0,0,13,112,25.800000000000008
Park-Fav,Sequential,42,99,1,40,1.0,0.9778855620628657,0.9999999999999998,0,14,112,24.800000000000008
Park-Fav,Sequential,42,100,1,56,1.0,1.1048038387282162,0.9999999999999994,0,15,112,23.800000000000008
Park-Fav,Sequential,42,101,1,52,1.0,1.193500863525025,0.9999999999999992,0,16,112,22.800000000000008
Park-Fav,Sequential,42,102,1,24,1.0,1.0119971808380828,0.9999999999999992,0,17,112,21.800000000000008
Park-Fav,Sequential,42,103,1,4,1.0,0.9542101660443988,0.9999999999999992,0,18,112,20.800000000000008
Park-Fav,Sequential,42,104,1,8,1.0,0.9589723235551177,0.9999999999999991,0,19,112,19.800000000000008
Park-Fav,Sequential,42,105,1,44,1.0,1.113478712958304,0.9999999999999988,0,20,112,18.800000000000008
Park-Fav,Sequential,42,106,1,60,1.0,1.060362992594166,0.9999999999999983,0,21,112,17.800000000000008
Park-Fav,Sequential,42,107,1,28,1.0,0.9857685796901935,0.9999999999999979,0,22,112,16.80000000000001
Park-Fav,Sequential,42,108,1,12,1.0,0.91248679422352,0.9999999999999972,0,23,112,15.800000000000011
Park-Fav,Sequential,42,109,1,100,1.0,0.8184892945466733,0.9999999999999973,0,24,112,14.800000000000011
Park-Fav,Sequential,42,110,1,84,1.0,0.7010022883967701,0.997676284781292,0,25,112,13.800000000000011
Park-Fav,Sequential,42,111,1,116,1.0,0.7630646946639061,0.9971185827840735,0,26,112,12.800000000000011
Park-Fav,Sequential,42,112,0,236,0.1,0.7601674491252663,0.9970156336934279,1,26,113,12.700000000000012
Park-Fav,Sequential,42,113,1,120,1.0,0.7080127583207372,0.9970156336934279,0,27,113,11.70000000000001
Park-Fav,Sequential,42,114,0,73,0.1,0.5909873270706495,0.9937699089569387,1,27,114,11.60000000000001
Park-Fav,Sequential,42,115,1,104,1.0,0.5696891240171353,0.9937699089569387,0,28,114,10.600000000000009
Park-Fav,Sequential,42,116,1,68,1.0,0.6455861549767536,0.9927414258639817,0,29,114,9.600000000000009
Park-Fav,Sequential,42,117,0,77,0.1,0.5538429259778015,0.9932338730513691,1,29,115,9.500000000000009
Park-Fav,Sequential,42,118,1,176,1.0,0.5330330515426025,0.9932338730513691,0,30,115,8.500000000000007
Park-Fav,Sequential,42,119,1,72,1.0,0.5750126287947952,0.9919345663288367,0,31,115,7.500000000000007
Park-Fav,Sequential,42,120,1,88,1.0,0.5084032564758016,0.9910145574391769,0,32,115,6.500000000000007
Park-Fav,Sequential,42,121,0,121,0.1,0.5204672870694101,0.9905056502681319,1,32,116,6.4000000000000075
Park-Fav,Sequential,42,122,0,193,0.1,0.4685110488034431,0.9905056502681319,2,32,117,6.300000000000006
Park-Fav,Sequential,42,123,1,160,1.0,0.4543935902380472,0.9905056502681319,0,33,117,5.300000000000004
Park-Fav,Sequential,42,124,1,76,1.0,0.43874976920720693,0.9895351984429515,0,34,117,4.300000000000004
Park-Fav,Sequential,42,125,1,124,1.0,0.4668959844365589,0.9861965352612396,0,35,117,3.3000000000000043
Park-Fav,Sequential,42,126,0,241,0.1,0.44985068442667236,0.9841756057425958,1,35,118,3.200000000000004
Park-Fav,Sequential,42,127,1,144,1.0,0.4111347158894323,0.9841756057425958,0,36,118,2.200000000000003
Park-Fav,Sequential,42,128,1,128,1.0,0.437393228632154,0.9829970978822867,0,37,118,1.2000000000000028
Park-Fav,Sequential,42,129,1,92,1.0,0.40471444280195545,0.9823010937994623,0,38,118,0.20000000000000284
Park-Fav,Sequential,42,130,0,209,0.1,0.3368879184275307,0.980348938546117,1,38,119,0.10000000000000284
Park-Fav,Sequential,42,131,0,225,0.1,0.3314719046056711,0.980348938546117,2,38,120,1.4155343563970746e-15
Park-Fav,Sequential,43,1,0,20,0.1,8.618841093699125,0.5,1,2,26,45.4
Park-Fav,Sequential,43,2,0,40,0.1,8.883707684673247,0.5,2,2,27,45.3
Park-Fav,Sequential,43,3,0,56,0.1,8.616941254408399,0.5,3,2,28,45.199999999999996
Park-Fav,Sequential,43,4,0,52,0.1,8.80338453312774,0.5,4,2,29,45.1
Park-Fav,Sequential,43,5,0,36,0.1,8.829370765063969,0.5,5,2,30,45.0
Park-Fav,Sequential,43,6,0,0,0.1,9.061673644611265,0.5,6,2,31,44.9
Park-Fav,Sequential,43,7,0,16,0.1,8.488474658492436,0.5,7,2,32,44.800000000000004
Park-Fav,Sequential,43,8,0,48,0.1,8.86773731489514,0.5,8,2,33,44.7
Park-Fav,Sequential,43,9,0,32,0.1,8.829624127715741,0.5,9,2,34,44.6
Park-Fav,Sequential,43,10,0,24,0.1,8.952649187133895,0.5,10,2,35,44.5
Park-Fav,Sequential,43,11,0,4,0.1,8.184732338908303,0.5,11,2,36,44.4
Park-Fav,Sequential,43,12,0,8,0.1,7.943425143983044,0.5,12,2,37,44.300000000000004
Park-Fav,Sequential,43,13,0,60,0.1,7.94606384717482,0.5,13,2,38,44.2
Park-Fav,Sequential,43,14,0,112,0.1,7.581229521534214,0.5,14,2,39,44.1
Park-Fav,Sequential,43,15,0,28,0.1,7.5483766116563,0.5,15,2,40,44.00000000000001
Park-Fav,Sequential,43,16,0,100,0.1,7.3559442854239485,0.5,16,2,41,43.900000000000006
Park-Fav,Sequential,43,17,0,12,0.1,7.169547626628588,0.5,17,2,42,43.800000000000004
Park-Fav,Sequential,43,18,1,12,1.0,6.770654166981458,0.5,0,3,42,42.800000000000004
Park-Fav,Sequential,43,19,0,80,0.1,6.646172358734755,0.5,1,3,43,42.7
Park-Fav,Sequential,43,20,0,64,0.1,6.749561271126449,0.5,2,3,44,42.6
Park-Fav,Sequential,43,21,0,84,0.1,6.275731822507193,0.5,3,3,45,42.50000000000001
Park-Fav,Sequential,43,22,0,104,0.1,6.221225236634833,0.5,4,3,46,42.400000000000006
Park-Fav,Sequential,43,23,0,116,0.1,6.054597235607842,0.5,5,3,47,42.300000000000004
Park-Fav,Sequential,43,24,0,88,0.1,5.840960352356523,0.5,6,3,48,42.20000000000001
Park-Fav,Sequential,43,25,0,120,0.1,5.385235270788804,0.5,7,3,49,42.10000000000001
Park-Fav,Sequential,43,26,0,72,0.1,5.655803733256577,0.5,8,3,50,42.00000000000001
Park-Fav,Sequential,43,27,0,124,0.1,4.579916019206073,0.5,9,3,51,41.900000000000006
Park-Fav,Sequential,43,28,0,128,0.1,5.085882926248823,0.5,10,3,52,41.800000000000004
Park-Fav,Sequential,43,29,0,76,0.1,5.004302202616035,0.5,11,3,53,41.70000000000001
Park-Fav,Sequential,43,30,0,108,0.1,4.783351710672064,0.5,12,3,54,41.60000000000001
Park-Fav,Sequential,43,31,0,92,0.1,4.73079796721281,0.5,13,3,55,41.50000000000001
Park-Fav,Sequential,43,32,0,144,0.1,4.417049387684138,0.5,14,3,56,41.40000000000001
Park-Fav,Sequential,43,33,0,160,0.1,4.332703757148829,0.5,15,3,57,41.30000000000001
Park-Fav,Sequential,43,34,0,176,0.1,4.227209976482585,0.5,16,3,58,41.20000000000001
Park-Fav,Sequential,43,35,0,180,0.1,3.670244468264506,0.5,17,3,59,41.10000000000001
Park-Fav,Sequential,43,36,0,1,0.1,3.911641169830592,0.5,18,3,60,41.00000000000001
Park-Fav,Sequential,43,37,0,132,0.1,3.4989288884693814,0.5,19,3,61,40.90000000000001
Park-Fav,Sequential,43,38,0,17,0.1,3.439999533495644,0.5,20,3,62,40.80000000000001
Park-Fav,Sequential,43,39,1,15,1.0,2.31930890535575,0.5,0,4,62,39.80000000000001
Park-Fav,Sequential,43,40,1,112,1.0,7.287006130111551,0.5,0,5,62,38.80000000000001
Park-Fav,Sequential,43,41,1,128,1.0,5.311259674464857,0.5,0,6,62,37.80000000000001
Park-Fav,Sequential,43,42,0,49,0.1,8.693428357796575,0.9999999999999996,1,6,63,37.70000000000001
Park-Fav,Sequential,43,43,0,148,0.1,8.08280897852315,0.9999999999999996,2,6,64,37.600000000000016
Park-Fav,Sequential,43,44,0,164,0.1,8.40292821649177,0.9999999999999996,3,6,65,37.500000000000014
Park-Fav,Sequential,43,45,0,192,0.1,7.265713089125551,0.9999999999999996,4,6,66,37.40000000000001
Park-Fav,Sequential,43,46,0,53,0.1,6.673827761027554,0.9999999999999996,5,6,67,37.30000000000001
Park-Fav,Sequential,43,47,0,240,0.1,6.8718885833802466,0.9999999999999996,6,6,68,37.20000000000001
Park-Fav,Sequential,43,48,0,136,0.1,6.497813917184403,0.9999999999999996,7,6,69,37.100000000000016
Park-Fav,Sequential,43,49,0,168,0.1,6.7508013703176735,0.9999999999999996,8,6,70,37.000000000000014
Park-Fav,Sequential,43,50,0,37,0.1,6.523882111380914,0.9999999999999996,9,6,71,36.90000000000001
Park-Fav,Sequential,43,51,0,5,0.1,6.151609983645834,0.9999999999999996,10,6,72,36.80000000000002
Park-Fav,Sequential,43,52,0,152,0.1,6.078761762162035,0.9999999999999996,11,6,73,36.70000000000002
Park-Fav,Sequential,43,53,0,208,0.1,6.307760908223965,0.9999999999999996,12,6,74,36.600000000000016
Park-Fav,Sequential,43,54,0,21,0.1,5.762241346130504,0.9999999999999996,13,6,75,36.500000000000014
Park-Fav,Sequential,43,55,0,184,0.1,5.749961670027185,0.9999999999999996,14,6,76,36.40000000000001
Park-Fav,Sequential,43,56,0,188,0.1,4.939661630747973,0.9999999999999996,15,6,77,36.30000000000002
Park-Fav,Sequential,43,57,0,57,0.1,5.067369859028433,0.9999999999999996,16,6,78,36.20000000000002
Park-Fav,Sequential,43,58,0,140,0.1,4.457696524584036,0.9999999999999996,17,6,79,36.100000000000016
Park-Fav,Sequential,43,59,0,41,0.1,4.678921673463817,0.9999999999999996,18,6,80,36.00000000000002
Park-Fav,Sequential,43,60,0,172,0.1,4.241249392218295,0.9999999999999996,19,6,81,35.90000000000002
Park-Fav,Sequential,43,61,0,196,0.1,4.327150152264472,0.9999999999999996,20,6,82,35.80000000000002
Park-Fav,Sequential,43,62,1,188,1.0,2.535004941177082,0.9999999999999996,0,7,82,34.80000000000002
Park-Fav,Sequential,43,63,0,228,0.1,4.109900200514894,0.9814589255877056,1,7,83,34.70000000000002
Park-Fav,Sequential,43,64,0,244,0.1,4.029379298887342,0.9814589255877056,2,7,84,34.600000000000016
Park-Fav,Sequential,43,65,0,212,0.1,3.8712769339896522,0.9814589255877056,3,7,85,34.50000000000002
Park-Fav,Sequential,43,66,0,156,0.1,4.009815443148178,0.9814589255877056,4,7,86,34.40000000000002
Park-Fav,Sequential,43,67,0,25,0.1,3.757549704578568,0.9814589255877056,5,7,87,34.30000000000002
Park-Fav,Sequential,43,68,0,65,0.1,3.3804178274120993,0.9814589255877056,6,7,88,34.200000000000024
Park-Fav,Sequential,43,69,0,61,0.1,3.173569357228007,0.9814589255877056,7,7,89,34.10000000000002
Park-Fav,Sequential,43,70,0,81,0.1,3.493379484956785,0.9814589255877056,8,7,90,34.00000000000002
Park-Fav,Sequential,43,71,0,113,0.1,3.183079839781117,0.9814589255877056,9,7,91,33.90000000000002
Park-Fav,Sequential,43,72,0,97,0.1,3.2138116651445663,0.9814589255877056,10,7,92,33.80000000000002
Park-Fav,Sequential,43,73,0,29,0.1,3.0267439062002444,0.9814589255877056,11,7,93,33.700000000000024
Park-Fav,Sequential,43,74,0,13,0.1,2.7848163017411,0.9814589255877056,12,7,94,33.600000000000016
Park-Fav,Sequential,43,75,0,45,0.1,2.747545670524035,0.9814589255877056,13,7,95,33.50000000000002
Park-Fav,Sequential,43,76,0,248,0.1,2.7486611423033196,0.9814589255877056,14,7,96,33.40000000000001
Park-Fav,Sequential,43,77,0,200,0.1,2.483944837021616,0.9814589255877056,15,7,97,33.30000000000002
Park-Fav,Sequential,43,78,0,232,0.1,2.2449936927775025,0.9814589255877056,16,7,98,33.20000000000001
Park-Fav,Sequential,43,79,1,20,1.0,2.8861024525508228,0.9814589255877056,0,8,98,32.20000000000002
Park-Fav,Sequential,43,80,0,216,0.1,2.1317974117327143,0.9836054163954333,1,8,99,32.100000000000016
Park-Fav,Sequential,43,81,0,2,0.1,2.013973793018339,0.9836054163954333,2,8,100,32.00000000000001
Park-Fav,Sequential,43,82,0,252,0.1,2.0252767516980628,0.9836054163954333,3,8,101,31.900000000000013
Park-Fav,Sequential,43,83,0,69,0.1,1.9122226292615,0.9836054163954333,4,8,102,31.800000000000008
Park-Fav,Sequential,43,84,1,24,1.0,2.0850588548698377,0.9836054163954333,0,9,102,30.800000000000008
Park-Fav,Sequential,43,85,0,129,0.1,1.9799105134515087,0.984939916503303,1,9,103,30.700000000000006
Park-Fav,Sequential,43,86,1,8,1.0,1.6974607422231762,0.984939916503303,0,10,103,29.700000000000006
Park-Fav,Sequential,43,87,0,34,0.1,1.7592444250636068,0.9858019314321415,1,10,104,29.600000000000005
Park-Fav,Sequential,43,88,0,117,0.1,1.5942566915369123,0.9858019314321415,2,10,105,29.500000000000004
Park-Fav,Sequential,43,89,0,204,0.1,1.6135380456125352,0.9858019314321415,3,10,106,29.400000000000002
Park-Fav,Sequential,43,90,0,177,0.1,1.5804537950385023,0.9858019314321415,4,10,107,29.3
Park-Fav,Sequential,43,91,0,145,0.1,1.5385420417512603,0.9858019314321415,5,10,108,29.2
Park-Fav,Sequential,43,92,0,161,0.1,1.4480798441822902,0.9858019314321415,6,10,109,29.099999999999998
Park-Fav,Sequential,43,93,0,101,0.1,1.5544849221102142,0.9858019314321415,7,10,110,28.999999999999996
Park-Fav,Sequential,43,94,1,0,1.0,1.4253575749580518,0.9858019314321415,0,11,110,27.999999999999996
Park-Fav,Sequential,43,95,1,4,1.0,1.44034133356581,0.9863980532480247,0,12,110,26.999999999999996
Park-Fav,Sequential,43,96,1,32,1.0,1.7212817462990009,0.986833218855345,0,13,110,25.999999999999996
Park-Fav,Sequential,43,97,1,16,1.0,1.2896297541587407,0.9871643122116956,0,14,110,24.999999999999996
Park-Fav,Sequential,43,98,0,220,0.1,1.272657251222983,0.9874244590300505,1,14,111,24.899999999999995
Park-Fav,Sequential,43,99,1,40,1.0,1.3160136616175042,0.9874244590300505,0,15,111,23.899999999999995
Park-Fav,Sequential,43,100,1,28,1.0,1.2427317829550604,0.9876341554265708,0,16,111,22.899999999999995
Park-Fav,Sequential,43,101,1,36,1.0,1.2690425612592584,0.9878067296508787,0,17,111,21.899999999999995
Park-Fav,Sequential,43,102,0,236,0.1,1.2056524368549368,0.987951210721071,1,17,112,21.799999999999994
Park-Fav,Sequential,43,103,1,88,1.0,1.3064835208616858,0.987951210721071,0,18,112,20.799999999999994
Park-Fav,Sequential,43,104,1,44,1.0,1.1533992666902553,0.9887514548410687,0,19,112,19.799999999999994
Park-Fav,Sequential,43,105,1,48,1.0,1.1582717430216478,0.9889028109208133,0,20,112,18.799999999999994
Park-Fav,Sequential,43,106,1,52,1.0,1.3689010918661444,0.9890331720234329,0,21,112,17.799999999999994
Park-Fav,Sequential,43,107,1,96,1.0,1.1578391282758818,0.9891466168275856,0,22,112,16.799999999999997
Park-Fav,Sequential,43,108,1,56,1.0,1.2079599784696877,0.987979868886901,0,23,112,15.799999999999997
Park-Fav,Sequential,43,109,1,60,1.0,1.0664077694301883,0.9880918689130412,0,24,112,14.799999999999997
Park-Fav,Sequential,43,110,0,193,0.1,1.0105961807243276,0.9881915902004876,1,24,113,14.699999999999998
Park-Fav,Sequential,43,111,1,64,1.0,0.8895172999360608,0.9881915902004876,0,25,113,13.699999999999996
Park-Fav,Sequential,43,112,1,80,1.0,0.9179458183098138,0.9872205538200036,0,26,113,12.699999999999996
Park-Fav,Sequential,43,113,0,241,0.1,0.8411740317603229,0.9863864157400148,1,26,114,12.599999999999996
Park-Fav,Sequential,43,114,1,240,1.0,0.8742642316939357,0.9863864157400148,0,27,114,11.599999999999994
Park-Fav,Sequential,43,115,0,121,0.1,0.8861645127330912,0.9829435983510647,1,27,115,11.499999999999995
Park-Fav,Sequential,43,116,1,68,1.0,0.9111806660111967,0.9829435983510647,0,28,115,10.499999999999993
Park-Fav,Sequential,43,117,1,100,1.0,0.8587225186169133,0.9832183323982607,0,29,115,9.499999999999993
Park-Fav,Sequential,43,118,1,84,1.0,0.7940269476665583,0.9834642232490907,0,30,115,8.499999999999993
Park-Fav,Sequential,43,119,1,116,1.0,0.7151532549232578,0.9836855640769547,0,31,115,7.499999999999993
Park-Fav,Sequential,43,120,1,104,1.0,0.7737753150269095,0.9838858734224921,0,32,115,6.499999999999993
Park-Fav,Sequential,43,121,0,54,0.1,0.8066420300025836,0.9839851167270587,1,32,116,6.399999999999993
Park-Fav,Sequential,43,122,0,209,0.1,0.7476352458518445,0.9839851167270587,2,32,117,6.299999999999992
Park-Fav,Sequential,43,123,0,225,0.1,0.6353444075540927,0.9839851167270587,3,32,118,6.19999999999999
Park-Fav,Sequential,43,124,1,120,1.0,0.6703061284505212,0.9839851167270587,0,33,118,5.199999999999989
Park-Fav,Sequential,43,125,0,105,0.1,0.6269880528308249,0.9840906479299643,1,33,119,5.099999999999989
Park-Fav,Sequential,43,126,1,144,1.0,0.5670535842224541,0.9840906479299643,0,34,119,4.099999999999987
Park-Fav,Sequential,43,127,1,72,1.0,0.6075513506757476,0.9831538207715951,0,35,119,3.099999999999987
Park-Fav,Sequential,43,128,1,124,1.0,0.6129918166323476,0.983151161846947,0,36,119,2.099999999999987
Park-Fav,Sequential,43,129,0,6,0.1,0.5533160874707939,0.9821320633664928,1,36,120,1.9999999999999871
Park-Fav,Sequential,43,130,0,133,0.1,0.592280178989662,0.9821320633664928,2,36,121,1.8999999999999857
Park-Fav,Sequential,43,131,1,108,1.0,0.5809276239074366,0.9821320633664928,0,37,121,0.8999999999999844
Park-Fav,Sequential,43,132,0,66,0.1,0.5512956111570491,0.9813441507870693,1,37,122,0.7999999999999844
Park-Fav,Sequential,43,133,0,125,0.1,0.49157200062332945,0.9813441507870693,2,37,123,0.699999999999983
Park-Fav,Sequential,43,134,0,77,0.1,0.4966423656149022,0.9813441507870693,3,37,124,0.5999999999999815
Park-Fav,Sequential,43,135,0,38,0.1,0.49873867540498557,0.9813441507870693,4,37,125,0.4999999999999801
Park-Fav,Sequential,43,136,0,22,0.1,0.4583824038264375,0.9813441507870693,5,37,126,0.3999999999999787
Park-Fav,Sequential,43,137,0,181,0.1,0.4711581395224785,0.9813441507870693,6,37,127,0.2999999999999773
Park-Fav,Sequential,43,138,0,114,0.1,0.4150660754430116,0.9813441507870693,7,37,128,0.19999999999997584
Park-Fav,Sequential,43,139,0,82,0.1,0.4347660417700321,0.9813441507870693,8,37,129,0.09999999999997441
Park-Fav,Sequential,44,1,0,16,0.1,9.832533420630162,0.5,1,2,26,45.4
Park-Fav,Sequential,44,2,0,48,0.1,9.063081174612353,0.5,2,2,27,45.3
Park-Fav,Sequential,44,3,1,0,1.0,9.663762112756311,0.5,0,3,27,44.3
Park-Fav,Sequential,44,4,0,32,0.1,9.261104093633945,0.5,1,3,28,44.199999999999996
Park-Fav,Sequential,44,5,0,36,0.1,8.517241975971048,0.5,2,3,29,44.1
Park-Fav,Sequential,44,6,0,52,0.1,8.703953895794388,0.5,3,3,30,44.0
Park-Fav,Sequential,44,7,0,64,0.1,8.272027254795955,0.5,4,3,31,43.9
Park-Fav,Sequential,44,8,0,24,0.1,8.16117767010799,0.5,5,3,32,43.800000000000004
Park-Fav,Sequential,44,9,0,8,0.1,8.52851265223641,0.5,6,3,33,43.7
Park-Fav,Sequential,44,10,0,40,0.1,8.94951103885993,0.5,7,3,34,43.6
Park-Fav,Sequential,44,11,0,56,0.1,8.614787710784517,0.5,8,3,35,43.5
Park-Fav,Sequential,44,12,0,112,0.1,7.990795006989115,0.5,9,3,36,43.4
Park-Fav,Sequential,44,13,0,80,0.1,7.596917619918197,0.5,10,3,37,43.300000000000004
Park-Fav,Sequential,44,14,0,28,0.1,7.909160581570835,0.5,11,3,38,43.2
Park-Fav,Sequential,44,15,0,12,0.1,9.120884069594227,0.5,12,3,39,43.1
Park-Fav,Sequential,44,16,0,44,0.1,8.199253099968335,0.5,13,3,40,43.00000000000001
Park-Fav,Sequential,44,17,0,60,0.1,8.407154829704494,0.5,14,3,41,42.900000000000006
Park-Fav,Sequential,44,18,0,96,0.1,7.284235828268694,0.5,15,3,42,42.800000000000004
Park-Fav,Sequential,44,19,0,120,0.1,7.307737357504043,0.5,16,3,43,42.7
Park-Fav,Sequential,44,20,0,116,0.1,6.815205711032514,0.5,17,3,44,42.6
Park-Fav,Sequential,44,21,0,68,0.1,6.877426466403441,0.5,18,3,45,42.50000000000001
Park-Fav,Sequential,44,22,0,100,0.1,6.342618243681097,0.5,19,3,46,42.400000000000006
Park-Fav,Sequential,44,23,0,84,0.1,6.413998051504315,0.5,20,3,47,42.300000000000004
Park-Fav,Sequential,44,24,1,48,1.0,2.642544317258575,0.5,0,4,47,41.30000000000001
Park-Fav,Sequential,44,25,0,72,0.1,5.710138185541949,0.5,1,4,48,41.20000000000001
Park-Fav,Sequential,44,26,0,108,0.1,5.7568690845978905,0.5,2,4,49,41.10000000000001
Park-Fav,Sequential,44,27,0,124,0.1,5.869249787222982,0.5,3,4,50,41.00000000000001
Park-Fav,Sequential,44,28,0,92,0.1,5.4314746135040055,0.5,4,4,51,40.900000000000006
Park-Fav,Sequential,44,29,0,76,0.1,4.909412540475875,0.5,5,4,52,40.800000000000004
Park-Fav,Sequential,44,30,0,176,0.1,5.4163791560540115,0.5,6,4,53,40.70000000000001
Park-Fav,Sequential,44,31,0,128,0.1,4.946798492551753,0.5,7,4,54,40.60000000000001
Park-Fav,Sequential,44,32,0,180,0.1,4.524071029648326,0.5,8,4,55,40.50000000000001
Park-Fav,Sequential,44,33,0,160,0.1,4.769193376578114,0.5,9,4,56,40.40000000000001
Park-Fav,Sequential,44,34,0,144,0.1,4.794333718871695,0.5,10,4,57,40.30000000000001
Park-Fav,Sequential,44,35,0,1,0.1,3.9536883450182985,0.5,11,4,58,40.20000000000001
Park-Fav,Sequential,44,36,0,240,0.1,3.9489692822456726,0.5,12,4,59,40.10000000000001
Park-Fav,Sequential,44,37,0,17,0.1,4.03713886452074,0.5,13,4,60,40.00000000000001
Park-Fav,Sequential,44,38,0,164,0.1,3.7394996518380186,0.5,14,4,61,39.90000000000001
Park-Fav,Sequential,44,39,0,33,0.1,3.9153180434421873,0.5,15,4,62,39.80000000000001
Park-Fav,Sequential,44,40,0,49,0.1,3.3731586486008895,0.5,16,4,63,39.70000000000001
Park-Fav,Sequential,44,41,0,132,0.1,3.7510284668163387,0.5,17,4,64,39.600000000000016
Park-Fav,Sequential,44,42,0,148,0.1,3.412802697059923,0.5,18,4,65,39.500000000000014
Park-Fav,Sequential,44,43,0,184,0.1,3.4108162356172635,0.5,19,4,66,39.40000000000001
Park-Fav,Sequential,44,44,0,5,0.1,3.043808073590851,0.5,20,4,67,39.30000000000001
Park-Fav,Sequential,44,45,1,32,1.0,1.8226717054262724,0.5,0,5,67,38.30000000000001
Park-Fav,Sequential,44,46,0,208,0.1,3.022366777909168,0.5,1,5,68,38.20000000000001
Park-Fav,Sequential,44,47,0,53,0.1,2.860207506003066,0.5,2,5,69,38.100000000000016
Park-Fav,Sequential,44,48,0,224,0.1,2.6129056532580552,0.5,3,5,70,38.000000000000014
Park-Fav,Sequential,44,49,0,192,0.1,2.778494622235566,0.5,4,5,71,37.90000000000001
Park-Fav,Sequential,44,50,0,136,0.1,2.7036928703512855,0.5,5,5,72,37.80000000000002
Park-Fav,Sequential,44,51,0,188,0.1,2.65391036286893,0.5,6,5,73,37.70000000000002
Park-Fav,Sequential,44,52,0,57,0.1,2.650655951996577,0.5,7,5,74,37.600000000000016
Park-Fav,Sequential,44,53,0,168,0.1,2.466907143428584,0.5,8,5,75,37.500000000000014
Park-Fav,Sequential,44,54,0,152,0.1,2.362025664069754,0.5,9,5,76,37.40000000000001
Park-Fav,Sequential,44,55,1,192,1.0,2.22577761620044,0.5,0,6,76,36.40000000000002
Park-Fav,Sequential,44,56,0,61,0.1,4.24557418374532,1.0,1,6,77,36.30000000000002
Park-Fav,Sequential,44,57,0,244,0.1,3.707551584047657,1.0,2,6,78,36.20000000000002
Park-Fav,Sequential,44,58,0,9,0.1,4.1857295138576855,1.0,3,6,79,36.100000000000016
Park-Fav,Sequential,44,59,0,140,0.1,3.909188642061099,1.0,4,6,80,36.00000000000002
Park-Fav,Sequential,44,60,0,65,0.1,3.6913972317688515,1.0,5,6,81,35.90000000000002
Park-Fav,Sequential,44,61,0,172,0.1,3.4436194248166005,1.0,6,6,82,35.80000000000002
Park-Fav,Sequential,44,62,0,25,0.1,3.590743205446235,1.0,7,6,83,35.70000000000002
Park-Fav,Sequential,44,63,0,196,0.1,3.6602204480884892,1.0,8,6,84,35.600000000000016
Park-Fav,Sequential,44,64,0,156,0.1,3.311619669606458,1.0,9,6,85,35.50000000000002
Park-Fav,Sequential,44,65,0,41,0.1,3.4314782518924956,1.0,10,6,86,35.40000000000002
Park-Fav,Sequential,44,66,0,113,0.1,3.1746444541756933,1.0,11,6,87,35.30000000000002
Park-Fav,Sequential,44,67,0,81,0.1,3.0857865880138355,1.0,12,6,88,35.200000000000024
Park-Fav,Sequential,44,68,0,45,0.1,2.6906866549808384,1.0,13,6,89,35.10000000000002
Park-Fav,Sequential,44,69,0,212,0.1,2.590024681023013,1.0,14,6,90,35.00000000000002
Park-Fav,Sequential,44,70,0,228,0.1,2.634319159164955,1.0,15,6,91,34.90000000000002
Park-Fav,Sequential,44,71,0,29,0.1,2.3135723855102146,1.0,16,6,92,34.80000000000002
Park-Fav,Sequential,44,72,0,13,0.1,2.0357156058408497,1.0,17,6,93,34.700000000000024
Park-Fav,Sequential,44,73,0,248,0.1,2.0525087797901,1.0,18,6,94,34.60000000000002
Park-Fav,Sequential,44,74,0,2,0.1,2.057626627501924,1.0,19,6,95,34.50000000000002
Park-Fav,Sequential,44,75,0,200,0.1,1.6521540229492486,1.0,20,6,96,34.40000000000003
Park-Fav,Sequential,44,76,1,16,1.0,1.4407386691716277,1.0,0,7,96,33.40000000000003
Park-Fav,Sequential,44,77,0,18,0.1,1.6683369518832525,1.0,1,7,97,33.300000000000026
Park-Fav,Sequential,44,78,0,50,0.1,1.7572213427108008,1.0,2,7,98,33.200000000000024
Park-Fav,Sequential,44,79,0,129,0.1,1.7303891866692527,1.0,3,7,99,33.10000000000002
Park-Fav,Sequential,44,80,0,69,0.1,1.5704771700423015,1.0,4,7,100,33.00000000000002
Park-Fav,Sequential,44,81,0,232,0.1,1.692499502123277,1.0,5,7,101,32.90000000000002
Park-Fav,Sequential,44,82,0,117,0.1,1.423063195995216,1.0,6,7,102,32.80000000000002
Park-Fav,Sequential,44,83,0,216,0.1,1.471912707897554,1.0,7,7,103,32.70000000000002
Park-Fav,Sequential,44,84,0,85,0.1,1.319745863328771,1.0,8,7,104,32.600000000000016
Park-Fav,Sequential,44,85,0,252,0.1,1.3965612172961044,1.0,9,7,105,32.500000000000014
Park-Fav,Sequential,44,86,0,145,0.1,1.2815690216382825,1.0,10,7,106,32.40000000000001
Park-Fav,Sequential,44,87,0,34,0.1,1.1632476855891882,1.0,11,7,107,32.30000000000001
Park-Fav,Sequential,44,88,1,56,1.0,1.370922131477009,1.0,0,8,107,31.30000000000001
Park-Fav,Sequential,44,89,1,24,1.0,1.3607295702615567,0.9999999999999997,0,9,107,30.30000000000001
Park-Fav,Sequential,44,90,1,40,1.0,1.4046143258842028,0.9999999999999998,0,10,107,29.30000000000001
Park-Fav,Sequential,44,91,1,20,1.0,1.3737891855829731,0.9999999999999996,0,11,107,28.30000000000001
Park-Fav,Sequential,44,92,1,36,1.0,1.302802982719495,0.9999999999999998,0,12,107,27.30000000000001
Park-Fav,Sequential,44,93,1,4,1.0,1.251397803260226,0.9999999999999998,0,13,107,26.30000000000001
Park-Fav,Sequential,44,94,1,52,1.0,1.2482860802117988,0.9999999999999998,0,14,107,25.30000000000001
Park-Fav,Sequential,44,95,0,161,0.1,1.1685773018666479,0.9999999999999996,1,14,108,25.20000000000001
Park-Fav,Sequential,44,96,1,8,1.0,1.2283793200244182,0.9999999999999996,0,15,108,24.20000000000001
Park-Fav,Sequential,44,97,0,204,0.1,1.2592992545805652,0.9999999999999996,1,15,109,24.10000000000001
Park-Fav,Sequential,44,98,0,177,0.1,1.1550329421813859,0.9999999999999996,2,15,110,24.000000000000007
Park-Fav,Sequential,44,99,1,28,1.0,1.0187145088326597,0.9999999999999996,0,16,110,23.000000000000007
Park-Fav,Sequential,44,100,1,12,1.0,1.1187246954087071,0.9999999999999994,0,17,110,22.000000000000007
Park-Fav,Sequential,44,101,1,64,1.0,1.073861724646018,0.9999999999999993,0,18,110,21.000000000000007
Park-Fav,Sequential,44,102,1,44,1.0,1.0473848321017207,0.9999999999999993,0,19,110,20.000000000000007
Park-Fav,Sequential,44,103,0,220,0.1,0.9897128072529784,0.9999999999999992,1,19,111,19.900000000000006
Park-Fav,Sequential,44,104,1,60,1.0,1.0819942454198297,0.9999999999999992,0,20,111,18.900000000000006
Park-Fav,Sequential,44,105,1,112,1.0,1.0112302565915439,0.999999999999999,0,21,111,17.900000000000006
Park-Fav,Sequential,44,106,0,236,0.1,0.9659788576317766,0.9999999999999992,1,21,112,17.800000000000004
Park-Fav,Sequential,44,107,1,104,1.0,0.8749252909524813,0.9999999999999992,0,22,112,16.800000000000004
Park-Fav,Sequential,44,108,1,80,1.0,0.8164080247214074,0.9942185002441764,0,23,112,15.800000000000004
Park-Fav,Sequential,44,109,1,68,1.0,0.8075371345099287,0.9943121561320044,0,24,112,14.800000000000004
Park-Fav,Sequential,44,110,1,96,1.0,0.8028714862046131,0.9942495452851339,0,25,112,13.800000000000004
Park-Fav,Sequential,44,111,1,84,1.0,0.7692773258460519,0.9942733060633576,0,26,112,12.800000000000004
Park-Fav,Sequential,44,112,1,100,1.0,0.7458968632472173,0.9942132806804136,0,27,112,11.800000000000004
Park-Fav,Sequential,44,113,0,193,0.1,0.7264425848015066,0.9941914992640954,1,27,113,11.700000000000005
Park-Fav,Sequential,44,114,1,88,1.0,0.722154934015982,0.9941914992640954,0,28,113,10.700000000000003
Park-Fav,Sequential,44,115,0,121,0.1,0.7276784614145344,0.9920698553853352,1,28,114,10.600000000000003
Park-Fav,Sequential,44,116,1,116,1.0,0.7201118026946486,0.9920698553853352,0,29,114,9.600000000000001
Park-Fav,Sequential,44,117,1,72,1.0,0.5947690493664117,0.9922277086108245,0,30,114,8.600000000000001
Park-Fav,Sequential,44,118,0,125,0.1,0.5549100741730693,0.9909121239419156,1,30,115,8.500000000000002
Park-Fav,Sequential,44,119,1,120,1.0,0.6648324390784075,0.9909121239419156,0,31,115,7.5
Park-Fav,Sequential,44,120,0,66,0.1,0.54049163749249,0.9900075950957188,1,31,116,7.4
Park-Fav,Sequential,44,121,0,6,0.1,0.5423600251403125,0.9900075950957188,2,31,117,7.299999999999999
Park-Fav,Sequential,44,122,0,241,0.1,0.5159104538097206,0.9900075950957188,3,31,118,7.1999999999999975
Park-Fav,Sequential,44,123,1,92,1.0,0.5183021331499257,0.9900075950957188,0,32,118,6.199999999999996
Park-Fav,Sequential,44,124,0,73,0.1,0.521758905875131,0.9866258397786462,1,32,119,6.099999999999996
Park-Fav,Sequential,44,125,1,124,1.0,0.5099853946389963,0.9866258397786462,0,33,119,5.099999999999994
Park-Fav,Sequential,44,126,1,76,1.0,0.5105911383495412,0.9844819251437269,0,34,119,4.099999999999994
Park-Fav,Sequential,44,127,1,108,1.0,0.4688704847796271,0.9830873161884514,0,35,119,3.0999999999999943
Park-Fav,Sequential,44,128,1,176,1.0,0.47557518703004187,0.982166891797128,0,36,119,2.0999999999999943
Park-Fav,Sequential,44,129,1,144,1.0,0.47177473451279883,0.9805065635868412,0,37,119,1.0999999999999943
Park-Fav,Sequential,44,130,0,225,0.1,0.43505144245824867,0.9793229542647238,1,37,120,0.9999999999999943
Park-Fav,Sequential,44,131,0,54,0.1,0.4421720861683928,0.9793229542647238,2,37,121,0.8999999999999929
Park-Fav,Sequential,44,132,0,89,0.1,0.40403849896167215,0.9793229542647238,3,37,122,0.7999999999999915
Park-Fav,Sequential,44,133,0,133,0.1,0.39799830782662227,0.9793229542647238,4,37,123,0.6999999999999901
Park-Fav,Sequential,44,134,0,114,0.1,0.32772759992977724,0.9793229542647238,5,37,124,0.5999999999999887
Park-Fav,Sequential,44,135,0,181,0.1,0.3476666434602461,0.9793229542647238,6,37,125,0.49999999999998723
Park-Fav,Sequential,44,136,0,22,0.1,0.3412399343138882,0.9793229542647238,7,37,126,0.3999999999999858
Park-Fav,Sequential,44,137,0,38,0.1,0.30497713521680486,0.9793229542647238,8,37,127,0.2999999999999844
Park-Fav,Sequential,44,138,0,82,0.1,0.2976354409619889,0.9793229542647238,9,37,128,0.19999999999998294
Park-Fav,Sequential,44,139,0,149,0.1,0.287429017854717,0.9793229542647238,10,37,129,0.09999999999998152
Park-Fav,Sequential,45,1,0,24,0.1,10.366020218342928,0.5,1,2,26,45.4
Park-Fav,Sequential,45,2,0,36,0.1,7.71027007910935,0.5,2,2,27,45.3
Park-Fav,Sequential,45,3,0,16,0.1,8.337814899300756,0.5,3,2,28,45.199999999999996
Park-Fav,Sequential,45,4,0,20,0.1,8.34287368115508,0.5,4,2,29,45.1
Park-Fav,Sequential,45,5,0,32,0.1,8.155147105354771,0.5,5,2,30,45.0
Park-Fav,Sequential,45,6,0,48,0.1,8.174462190884345,0.5,6,2,31,44.9
Park-Fav,Sequential,45,7,0,0,0.1,8.160877255303225,0.5,7,2,32,44.800000000000004
Park-Fav,Sequential,45,8,0,4,0.1,8.345479449882953,0.5,8,2,33,44.7
Park-Fav,Sequential,45,9,0,52,0.1,8.680092398325625,0.5,9,2,34,44.6
Park-Fav,Sequential,45,10,0,40,0.1,8.503591643135847,0.5,10,2,35,44.5
Park-Fav,Sequential,45,11,0,56,0.1,8.219600566689344,0.5,11,2,36,44.4
Park-Fav,Sequential,45,12,0,8,0.1,8.035343323109878,0.5,12,2,37,44.300000000000004
Park-Fav,Sequential,45,13,0,28,0.1,7.8225705525814355,0.5,13,2,38,44.2
Park-Fav,Sequential,45,14,0,112,0.1,8.15229916642242,0.5,14,2,39,44.1
Park-Fav,Sequential,45,15,0,12,0.1,7.7190080947527715,0.5,15,2,40,44.00000000000001
Park-Fav,Sequential,45,16,0,44,0.1,8.15160171978152,0.5,16,2,41,43.900000000000006
Park-Fav,Sequential,45,17,0,60,0.1,7.6014573015712035,0.5,17,2,42,43.800000000000004
Park-Fav,Sequential,45,18,0,100,0.1,6.8511499208039535,0.5,18,2,43,43.7
Park-Fav,Sequential,45,19,0,72,0.1,6.464205755616354,0.5,19,2,44,43.6
Park-Fav,Sequential,45,20,0,96,0.1,6.5826042361058645,0.5,20,2,45,43.50000000000001
Park-Fav,Sequential,45,21,1,40,1.0,2.644592230651508,0.5,0,3,45,42.50000000000001
Park-Fav,Sequential,45,22,0,84,0.1,6.856376298867007,0.5,1,3,46,42.400000000000006
Park-Fav,Sequential,45,23,0,116,0.1,6.317043503751938,0.5,2,3,47,42.300000000000004
Park-Fav,Sequential,45,24,0,104,0.1,6.6215018344095595,0.5,3,3,48,42.20000000000001
Park-Fav,Sequential,45,25,0,80,0.1,6.114825899737106,0.5,4,3,49,42.10000000000001
Park-Fav,Sequential,45,26,0,120,0.1,5.862219623851554,0.5,5,3,50,42.00000000000001
Park-Fav,Sequential,45,27,0,64,0.1,6.115614570523669,0.5,6,3,51,41.900000000000006
Park-Fav,Sequential,45,28,0,76,0.1,4.911737682851667,0.5,7,3,52,41.800000000000004
Park-Fav,Sequential,45,29,0,128,0.1,4.7206291641056985,0.5,8,3,53,41.70000000000001
Park-Fav,Sequential,45,30,0,176,0.1,4.843555863777101,0.5,9,3,54,41.60000000000001
Park-Fav,Sequential,45,31,0,108,0.1,4.663111251926033,0.5,10,3,55,41.50000000000001
Park-Fav,Sequential,45,32,0,124,0.1,4.758883139226208,0.5,11,3,56,41.40000000000001
Park-Fav,Sequential,45,33,0,144,0.1,4.469395572542375,0.5,12,3,57,41.30000000000001
Park-Fav,Sequential,45,34,0,160,0.1,4.37814136630964,0.5,13,3,58,41.20000000000001
Park-Fav,Sequential,45,35,0,180,0.1,3.693932457178827,0.5,14,3,59,41.10000000000001
Park-Fav,Sequential,45,36,0,132,0.1,3.6631283777616477,0.5,15,3,60,41.00000000000001
Park-Fav,Sequential,45,37,0,148,0.1,3.5566345199489904,0.5,16,3,61,40.90000000000001
Park-Fav,Sequential,45,38,0,1,0.1,3.4608691843137085,0.5,17,3,62,40.80000000000001
Park-Fav,Sequential,45,39,0,164,0.1,3.240408596834513,0.5,18,3,63,40.70000000000001
Park-Fav,Sequential,45,40,0,17,0.1,3.477666012887453,0.5,19,3,64,40.600000000000016
Park-Fav,Sequential,45,41,0,49,0.1,3.052022909035738,0.5,20,3,65,40.500000000000014
Park-Fav,Sequential,45,42,1,63,1.0,2.4475612415288457,0.5,0,4,65,39.500000000000014
Park-Fav,Sequential,45,43,1,0,1.0,4.657465001106681,0.5,0,5,65,38.500000000000014
Park-Fav,Sequential,45,44,1,240,1.0,5.4518990968715695,0.5,0,6,65,37.500000000000014
Park-Fav,Sequential,45,45,0,136,0.1,3.5656448010423274,0.5,1,6,66,37.40000000000001
Park-Fav,Sequential,45,46,1,48,1.0,3.7203432800707317,0.5,0,7,66,36.40000000000001
Park-Fav,Sequential,45,47,0,192,0.1,7.57439439852059,0.9986321439882442,1,7,67,36.30000000000001
Park-Fav,Sequential,45,48,0,184,0.1,6.561266683076209,0.9986321439882442,2,7,68,36.20000000000001
Park-Fav,Sequential,45,49,0,224,0.1,6.492174733719631,0.9986321439882442,3,7,69,36.100000000000016
Park-Fav,Sequential,45,50,0,140,0.1,6.683550861840148,0.9986321439882442,4,7,70,36.000000000000014
Park-Fav,Sequential,45,51,0,168,0.1,6.341931684362875,0.9986321439882442,5,7,71,35.90000000000001
Park-Fav,Sequential,45,52,0,152,0.1,6.254173321935264,0.9986321439882442,6,7,72,35.80000000000002
Park-Fav,Sequential,45,53,0,5,0.1,6.4135088962380715,0.9986321439882442,7,7,73,35.70000000000002
Park-Fav,Sequential,45,54,0,37,0.1,6.075629960645098,0.9986321439882442,8,7,74,35.600000000000016
Park-Fav,Sequential,45,55,0,53,0.1,5.913325076586765,0.9986321439882442,9,7,75,35.500000000000014
Park-Fav,Sequential,45,56,0,172,0.1,4.975424465394324,0.9986321439882442,10,7,76,35.40000000000001
Park-Fav,Sequential,45,57,0,156,0.1,4.924034610616318,0.9986321439882442,11,7,77,35.30000000000002
Park-Fav,Sequential,45,58,0,188,0.1,4.688880084292036,0.9986321439882442,12,7,78,35.20000000000002
Park-Fav,Sequential,45,59,0,9,0.1,4.587920846293052,0.9986321439882442,13,7,79,35.100000000000016
Park-Fav,Sequential,45,60,0,65,0.1,4.76499403306005,0.9986321439882442,14,7,80,35.00000000000002
Park-Fav,Sequential,45,61,0,196,0.1,4.229728047592681,0.9986321439882442,15,7,81,34.90000000000002
Park-Fav,Sequential,45,62,0,81,0.1,4.129306703308847,0.9986321439882442,16,7,82,34.80000000000002
Park-Fav,Sequential,45,63,0,113,0.1,4.164367464188581,0.9986321439882442,17,7,83,34.70000000000002
Park-Fav,Sequential,45,64,0,244,0.1,4.01611660726122,0.9986321439882442,18,7,84,34.600000000000016
Park-Fav,Sequential,45,65,0,57,0.1,4.095908365860396,0.9986321439882442,19,7,85,34.50000000000002
Park-Fav,Sequential,45,66,0,41,0.1,3.6161187539547566,0.9986321439882442,20,7,86,34.40000000000002
Park-Fav,Sequential,45,67,1,32,1.0,1.973860896993498,0.9986321439882442,0,8,86,33.40000000000002
Park-Fav,Sequential,45,68,0,25,0.1,3.776072706460892,0.9985730834414792,1,8,87,33.30000000000002
Park-Fav,Sequential,45,69,0,212,0.1,3.521977191309425,0.9985730834414792,2,8,88,33.20000000000002
Park-Fav,Sequential,45,70,0,228,0.1,3.3749725727289523,0.9985730834414792,3,8,89,33.100000000000016
Park-Fav,Sequential,45,71,0,13,0.1,2.8460722665477123,0.9985730834414792,4,8,90,33.000000000000014
Park-Fav,Sequential,45,72,0,61,0.1,3.226918705123907,0.9985730834414792,5,8,91,32.90000000000001
Park-Fav,Sequential,45,73,0,200,0.1,2.7568328377243336,0.9985730834414792,6,8,92,32.80000000000001
Park-Fav,Sequential,45,74,0,45,0.1,2.5276951553122244,0.9985730834414792,7,8,93,32.70000000000001
Park-Fav,Sequential,45,75,0,29,0.1,2.6948442056297117,0.9985730834414792,8,8,94,32.60000000000001
Park-Fav,Sequential,45,76,0,129,0.1,2.483096347273347,0.9985730834414792,9,8,95,32.50000000000001
Park-Fav,Sequential,45,77,0,117,0.1,2.173702493742314,0.9985730834414792,10,8,96,32.400000000000006
Park-Fav,Sequential,45,78,0,248,0.1,2.5089626937778764,0.9985730834414792,11,8,97,32.300000000000004
Park-Fav,Sequential,45,79,0,2,0.1,2.150795285354895,0.9985730834414792,12,8,98,32.2
Park-Fav,Sequential,45,80,1,128,1.0,2.319055877124166,0.9985730834414792,0,9,98,31.200000000000003
Park-Fav,Sequential,45,81,0,232,0.1,2.1726117062024723,0.9999999999999998,1,9,99,31.1
Park-Fav,Sequential,45,82,0,204,0.1,2.2147015537496686,0.9999999999999998,2,9,100,31.0
Park-Fav,Sequential,45,83,0,69,0.1,2.0717878081119268,0.9999999999999998,3,9,101,30.9
Park-Fav,Sequential,45,84,0,177,0.1,1.8650726747680342,0.9999999999999998,4,9,102,30.799999999999997
Park-Fav,Sequential,45,85,0,216,0.1,1.9083712852733663,0.9999999999999998,5,9,103,30.699999999999996
Park-Fav,Sequential,45,86,0,50,0.1,1.921017927223445,0.9999999999999998,6,9,104,30.599999999999994
Park-Fav,Sequential,45,87,1,16,1.0,1.6962842425481939,0.9999999999999998,0,10,104,29.599999999999994
Park-Fav,Sequential,45,88,0,145,0.1,1.7065992304403546,0.9999999999999994,1,10,105,29.499999999999993
Park-Fav,Sequential,45,89,0,101,0.1,1.7446170664060159,0.9999999999999994,2,10,106,29.39999999999999
Park-Fav,Sequential,45,90,0,18,0.1,1.68025719804643,0.9999999999999994,3,10,107,29.29999999999999
Park-Fav,Sequential,45,91,0,161,0.1,1.527273159062303,0.9999999999999994,4,10,108,29.19999999999999
Park-Fav,Sequential,45,92,0,34,0.1,1.441735632294729,0.9999999999999994,5,10,109,29.099999999999987
Park-Fav,Sequential,45,93,1,4,1.0,1.4043300917464818,0.9999999999999994,0,11,109,28.099999999999987
Park-Fav,Sequential,45,94,0,252,0.1,1.4948822031680065,0.9999999999999997,1,11,110,27.999999999999986
Park-Fav,Sequential,45,95,1,24,1.0,1.6074553163288285,0.9999999999999997,0,12,110,26.999999999999986
Park-Fav,Sequential,45,96,1,36,1.0,1.4659649952601779,0.9999999999999993,0,13,110,25.999999999999986
Park-Fav,Sequential,45,97,1,20,1.0,1.40373816675746,0.9999999999999994,0,14,110,24.999999999999986
Park-Fav,Sequential,45,98,1,80,1.0,1.241869807268237,0.9999999999999994,0,15,110,23.999999999999986
Park-Fav,Sequential,45,99,1,8,1.0,1.1913338453191242,0.9999999999999994,0,16,110,22.999999999999986
Park-Fav,Sequential,45,100,1,112,1.0,1.3061280278554093,0.9999999999999996,0,17,110,21.999999999999986
Park-Fav,Sequential,45,101,1,56,1.0,1.3330407003788576,0.9999999999999992,0,18,110,20.999999999999986
Park-Fav,Sequential,45,102,1,52,1.0,1.2546256455904756,0.9999999999999992,0,19,110,19.999999999999986
Park-Fav,Sequential,45,103,0,236,0.1,1.3253716195891914,0.9999999999999993,1,19,111,19.899999999999984
Park-Fav,Sequential,45,104,0,220,0.1,1.2729629585657234,0.9999999999999993,2,19,112,19.799999999999983
Park-Fav,Sequential,45,105,1,12,1.0,1.226052243218617,0.9999999999999993,0,20,112,18.799999999999983
Park-Fav,Sequential,45,106,1,28,1.0,1.1237843425869716,0.9999999999999989,0,21,112,17.799999999999983
Park-Fav,Sequential,45,107,1,44,1.0,1.2670528407731216,0.9999999999999984,0,22,112,16.799999999999983
Park-Fav,Sequential,45,108,0,193,0.1,1.1166021235310821,0.9999999999999982,1,22,113,16.69999999999998
Park-Fav,Sequential,45,109,1,60,1.0,1.2395642900376591,0.9999999999999982,0,23,113,15.699999999999982
Park-Fav,Sequential,45,110,1,96,1.0,1.08860769182373,0.9999999999999983,0,24,113,14.699999999999982
Park-Fav,Sequential,45,111,1,64,1.0,0.9819203528365893,0.9999999999999982,0,25,113,13.699999999999982
Park-Fav,Sequential,45,112,0,73,0.1,1.0078953913733222,0.9999999999999982,1,25,114,13.599999999999982
Park-Fav,Sequential,45,113,0,121,0.1,0.8481629560215921,0.9999999999999982,2,25,115,13.49999999999998
Park-Fav,Sequential,45,114,1,100,1.0,0.8721612567572942,0.9999999999999982,0,26,115,12.499999999999979
Park-Fav,Sequential,45,115,0,241,0.1,0.8628959023366761,0.9983582418641594,1,26,116,12.399999999999979
Park-Fav,Sequential,45,116,1,116,1.0,0.8267108746308155,0.9983582418641594,0,27,116,11.399999999999977
Park-Fav,Sequential,45,117,0,89,0.1,0.8030373038547054,0.9975129403111113,1,27,117,11.299999999999978
Park-Fav,Sequential,45,118,0,209,0.1,0.7681844564460802,0.9975129403111113,2,27,118,11.199999999999976
Park-Fav,Sequential,45,119,1,104,1.0,0.7518995083387854,0.9975129403111113,0,28,118,10.199999999999974
Park-Fav,Sequential,45,120,0,225,0.1,0.7640430532731813,0.9930700399462541,1,28,119,10.099999999999975
Park-Fav,Sequential,45,121,1,68,1.0,0.8144507329841598,0.9930700399462541,0,29,119,9.099999999999973
Park-Fav,Sequential,45,122,1,84,1.0,0.7453482545751955,0.9933575717706685,0,30,119,8.099999999999973
Park-Fav,Sequential,45,123,0,133,0.1,0.717119260948633,0.9936108144988463,1,30,120,7.999999999999973
Park-Fav,Sequential,45,124,1,72,1.0,0.6545843991539546,0.9936108144988463,0,31,120,6.999999999999972
Park-Fav,Sequential,45,125,1,144,1.0,0.6587940922456293,0.9919344708050367,0,32,120,5.999999999999972
Park-Fav,Sequential,45,126,1,120,1.0,0.6400454405874709,0.9916782906725777,0,33,120,4.999999999999972
Park-Fav,Sequential,45,127,0,66,0.1,0.6413904692421283,0.9903858819992293,1,33,121,4.899999999999972
Park-Fav,Sequential,45,128,1,160,1.0,0.6409919985732346,0.9903858819992293,0,34,121,3.89999999999997
Park-Fav,Sequential,45,129,0,54,0.1,0.5616955648554903,0.9902457273960549,1,34,122,3.79999999999997
Park-Fav,Sequential,45,130,0,77,0.1,0.5445360214856771,0.9902457273960549,2,34,123,3.6999999999999686
Park-Fav,Sequential,45,131,1,176,1.0,0.5428519849328513,0.9902457273960549,0,35,123,2.6999999999999673
Park-Fav,Sequential,45,132,1,92,1.0,0.5888553862134387,0.9903189904289686,0,36,123,1.6999999999999673
Park-Fav,Sequential,45,133,0,114,0.1,0.5240962356050474,0.9856718251490861,1,36,124,1.5999999999999672
Park-Fav,Sequential,45,134,1,124,1.0,0.5294710782534835,0.9856718251490861,0,37,124,0.5999999999999659
Park-Fav,Sequential,45,135,0,125,0.1,0.49286816123296645,0.9825342749845409,1,37,125,0.4999999999999659
Park-Fav,Sequential,45,136,0,6,0.1,0.5891022437354352,0.9825342749845409,2,37,126,0.3999999999999645
Park-Fav,Sequential,45,137,0,181,0.1,0.4594947710525714,0.9825342749845409,3,37,127,0.2999999999999631
Park-Fav,Sequential,45,138,0,149,0.1,0.472576555770215,0.9825342749845409,4,37,128,0.19999999999996163
Park-Fav,Sequential,45,139,0,82,0.1,0.45572169743243185,0.9825342749845409,5,37,129,0.0999999999999602
Park-Fav,Sequential,46,1,0,16,0.1,6.224213196852829,0.5,1,2,26,45.4
Park-Fav,Sequential,46,2,0,32,0.1,7.036904822334303,0.5,2,2,27,45.3
Park-Fav,Sequential,46,3,0,0,0.1,7.540289815293402,0.5,3,2,28,45.199999999999996
Park-Fav,Sequential,46,4,0,36,0.1,7.534553460176114,0.5,4,2,29,45.1
Park-Fav,Sequential,46,5,0,4,0.1,7.55425612507358,0.5,5,2,30,45.0
Park-Fav,Sequential,46,6,0,48,0.1,8.07532909882805,0.5,6,2,31,44.9
Park-Fav,Sequential,46,7,0,52,0.1,7.348385349013786,0.5,7,2,32,44.800000000000004
Park-Fav,Sequential,46,8,0,24,0.1,6.815685673086193,0.5,8,2,33,44.7
Park-Fav,Sequential,46,9,0,40,0.1,8.094143921906056,0.5,9,2,34,44.6
Park-Fav,Sequential,46,10,0,56,0.1,7.482887116542196,0.5,10,2,35,44.5
Park-Fav,Sequential,46,11,0,8,0.1,7.584053635262835,0.5,11,2,36,44.4
Park-Fav,Sequential,46,12,0,60,0.1,6.8910348585075765,0.5,12,2,37,44.300000000000004
Park-Fav,Sequential,46,13,0,44,0.1,7.001625191574822,0.5,13,2,38,44.2
Park-Fav,Sequential,46,14,0,28,0.1,7.171410446834798,0.5,14,2,39,44.1
Park-Fav,Sequential,46,15,0,96,0.1,7.000481934636001,0.5,15,2,40,44.00000000000001
Park-Fav,Sequential,46,16,0,68,0.1,7.02618293639774,0.5,16,2,41,43.900000000000006
Park-Fav,Sequential,46,17,0,100,0.1,6.51382490633514,0.5,17,2,42,43.800000000000004
Park-Fav,Sequential,46,18,0,12,0.1,6.8350136844214004,0.5,18,2,43,43.7
Park-Fav,Sequential,46,19,0,80,0.1,6.366833041257973,0.5,19,2,44,43.6
Park-Fav,Sequential,46,20,0,84,0.1,5.955226036663788,0.5,20,2,45,43.50000000000001
Park-Fav,Sequential,46,21,1,8,1.0,4.513698050329237,0.5,0,3,45,42.50000000000001
Park-Fav,Sequential,46,22,0,112,0.1,5.926672160496809,0.5,1,3,46,42.400000000000006
Park-Fav,Sequential,46,23,0,64,0.1,6.2115295114023725,0.5,2,3,47,42.300000000000004
Park-Fav,Sequential,46,24,0,116,0.1,5.729023255562337,0.5,3,3,48,42.20000000000001
Park-Fav,Sequential,46,25,0,104,0.1,5.355917823276322,0.5,4,3,49,42.10000000000001
Park-Fav,Sequential,46,26,0,88,0.1,5.506795119202194,0.5,5,3,50,42.00000000000001
Park-Fav,Sequential,46,27,0,120,0.1,5.163595580497091,0.5,6,3,51,41.900000000000006
Park-Fav,Sequential,46,28,0,72,0.1,5.101971815358993,0.5,7,3,52,41.800000000000004
Park-Fav,Sequential,46,29,0,76,0.1,4.39500889072837,0.5,8,3,53,41.70000000000001
Park-Fav,Sequential,46,30,0,124,0.1,4.32318879738972,0.5,9,3,54,41.60000000000001
Park-Fav,Sequential,46,31,0,108,0.1,4.394806037170116,0.5,10,3,55,41.50000000000001
Park-Fav,Sequential,46,32,0,92,0.1,4.2877913539524855,0.5,11,3,56,41.40000000000001
Park-Fav,Sequential,46,33,0,176,0.1,4.149453736239622,0.5,12,3,57,41.30000000000001
Park-Fav,Sequential,46,34,0,160,0.1,3.7514541595412307,0.5,13,3,58,41.20000000000001
Park-Fav,Sequential,46,35,0,144,0.1,3.8557450694939077,0.5,14,3,59,41.10000000000001
Park-Fav,Sequential,46,36,0,128,0.1,3.7416585614456426,0.5,15,3,60,41.00000000000001
Park-Fav,Sequential,46,37,0,148,0.1,3.263331639291818,0.5,16,3,61,40.90000000000001
Park-Fav,Sequential,46,38,0,1,0.1,3.1535198150983828,0.5,17,3,62,40.80000000000001
Park-Fav,Sequential,46,39,0,180,0.1,3.2917448355771266,0.5,18,3,63,40.70000000000001
Park-Fav,Sequential,46,40,0,132,0.1,3.0403755561788524,0.5,19,3,64,40.600000000000016
Park-Fav,Sequential,46,41,0,164,0.1,2.9576808476689647,0.5,20,3,65,40.500000000000014
Park-Fav,Sequential,46,42,1,204,1.0,2.535786081172489,0.5,0,4,65,39.500000000000014
Park-Fav,Sequential,46,43,0,17,0.1,2.71102338433218,0.5,1,4,66,39.40000000000001
Park-Fav,Sequential,46,44,0,49,0.1,2.828433371727943,0.5,2,4,67,39.30000000000001
Park-Fav,Sequential,46,45,0,33,0.1,2.8309551983088945,0.5,3,4,68,39.20000000000001
Park-Fav,Sequential,46,46,0,192,0.1,2.4621714081354806,0.5,4,4,69,39.100000000000016
Park-Fav,Sequential,46,47,0,240,0.1,2.30499601812858,0.5,5,4,70,39.000000000000014
Park-Fav,Sequential,46,48,0,136,0.1,2.194600193798413,0.5,6,4,71,38.90000000000001
Park-Fav,Sequential,46,49,0,224,0.1,2.2696123287749406,0.5,7,4,72,38.80000000000002
Park-Fav,Sequential,46,50,1,16,1.0,2.6365237436615026,0.5,0,5,72,37.80000000000002
Park-Fav,Sequential,46,51,0,168,0.1,2.0595463534887917,0.5,1,5,73,37.70000000000002
Park-Fav,Sequential,46,52,0,5,0.1,2.183422403977213,0.5,2,5,74,37.600000000000016
Park-Fav,Sequential,46,53,0,152,0.1,2.0624678867429327,0.5,3,5,75,37.500000000000014
Park-Fav,Sequential,46,54,0,188,0.1,1.8841747868725283,0.5,4,5,76,37.40000000000001
Park-Fav,Sequential,46,55,0,53,0.1,1.9226535457091403,0.5,5,5,77,37.30000000000002
Park-Fav,Sequential,46,56,0,208,0.1,1.9600443497098274,0.5,6,5,78,37.20000000000002
Park-Fav,Sequential,46,57,0,37,0.1,1.8315837744144008,0.5,7,5,79,37.100000000000016
Park-Fav,Sequential,46,58,1,44,1.0,1.6220234882455455,0.5,0,6,79,36.10000000000002
Park-Fav,Sequential,46,59,0,244,0.1,3.021173846980325,0.9998152829580079,1,6,80,36.00000000000002
Park-Fav,Sequential,46,60,0,196,0.1,2.9271523985044765,0.9998152829580079,2,6,81,35.90000000000002
Park-Fav,Sequential,46,61,0,140,0.1,2.9943293141568574,0.9998152829580079,3,6,82,35.80000000000002
Park-Fav,Sequential,46,62,0,65,0.1,2.7834111763618696,0.9998152829580079,4,6,83,35.70000000000002
Park-Fav,Sequential,46,63,0,9,0.1,2.6318921908711337,0.9998152829580079,5,6,84,35.600000000000016
Park-Fav,Sequential,46,64,0,156,0.1,2.70518658612004,0.9998152829580079,6,6,85,35.50000000000002
Park-Fav,Sequential,46,65,0,113,0.1,2.4605402153389,0.9998152829580079,7,6,86,35.40000000000002
Park-Fav,Sequential,46,66,0,41,0.1,2.2614750781166424,0.9998152829580079,8,6,87,35.30000000000002
Park-Fav,Sequential,46,67,0,81,0.1,2.314011829299496,0.9998152829580079,9,6,88,35.200000000000024
Park-Fav,Sequential,46,68,0,228,0.1,2.284062964214698,0.9998152829580079,10,6,89,35.10000000000002
Park-Fav,Sequential,46,69,0,61,0.1,2.1984351234843484,0.9998152829580079,11,6,90,35.00000000000002
Park-Fav,Sequential,46,70,0,212,0.1,2.163823572732696,0.9998152829580079,12,6,91,34.90000000000002
Park-Fav,Sequential,46,71,0,97,0.1,1.8427616140968441,0.9998152829580079,13,6,92,34.80000000000002
Park-Fav,Sequential,46,72,0,13,0.1,1.730690370369742,0.9998152829580079,14,6,93,34.700000000000024
Park-Fav,Sequential,46,73,0,45,0.1,1.4551457251000266,0.9998152829580079,15,6,94,34.60000000000002
Park-Fav,Sequential,46,74,0,248,0.1,1.4760087050977748,0.9998152829580079,16,6,95,34.50000000000002
Park-Fav,Sequential,46,75,0,29,0.1,1.4750517601978126,0.9998152829580079,17,6,96,34.40000000000003
Park-Fav,Sequential,46,76,1,24,1.0,1.3465425659857415,0.9998152829580079,0,7,96,33.40000000000003
Park-Fav,Sequential,46,77,1,40,1.0,1.3206981670327533,0.9995224276430139,0,8,96,32.40000000000003
Park-Fav,Sequential,46,78,1,32,1.0,1.3095475452236027,0.9991478853384173,0,9,96,31.400000000000027
Park-Fav,Sequential,46,79,1,0,1.0,1.3719710694480935,0.9994427839532161,0,10,96,30.400000000000027
Park-Fav,Sequential,46,80,0,252,0.1,1.4251805826654254,0.9991818668343555,1,10,97,30.300000000000026
Park-Fav,Sequential,46,81,1,20,1.0,1.238099846853751,0.9991818668343555,0,11,97,29.300000000000026
Park-Fav,Sequential,46,82,1,4,1.0,1.2425947281300016,0.9989655548455741,0,12,97,28.300000000000026
Park-Fav,Sequential,46,83,0,200,0.1,1.3785560562173085,0.9989625449071653,1,12,98,28.200000000000024
Park-Fav,Sequential,46,84,0,2,0.1,1.1952303756451808,0.9989625449071653,2,12,99,28.100000000000023
Park-Fav,Sequential,46,85,1,48,1.0,1.2073038430204044,0.9989625449071653,0,13,99,27.100000000000023
Park-Fav,Sequential,46,86,0,69,0.1,1.232728625445742,0.9989981735792376,1,13,100,27.00000000000002
Park-Fav,Sequential,46,87,0,232,0.1,1.2022079324667005,0.9989981735792376,2,13,101,26.90000000000002
Park-Fav,Sequential,46,88,1,60,1.0,1.260628318161104,0.9989981735792376,0,14,101,25.90000000000002
Park-Fav,Sequential,46,89,1,36,1.0,1.2354557452010246,0.9991668219098674,0,15,101,24.90000000000002
Park-Fav,Sequential,46,90,1,52,1.0,1.1881880412094727,0.9989443411132651,0,16,101,23.90000000000002
Park-Fav,Sequential,46,91,1,56,1.0,1.1711555624492558,0.9986326485422953,0,17,101,22.90000000000002
Park-Fav,Sequential,46,92,1,28,1.0,1.1803893840302713,0.9985626333597561,0,18,101,21.90000000000002
Park-Fav,Sequential,46,93,1,12,1.0,1.0372323497730607,0.9985994114823851,0,19,101,20.90000000000002
Park-Fav,Sequential,46,94,0,85,0.1,0.9699288601306542,0.9985855973656348,1,19,102,20.80000000000002
Park-Fav,Sequential,46,95,0,18,0.1,0.9961606710092697,0.9985855973656348,2,19,103,20.700000000000017
Park-Fav,Sequential,46,96,0,129,0.1,1.0864241154010006,0.9985855973656348,3,19,104,20.600000000000016
Park-Fav,Sequential,46,97,0,34,0.1,0.8649800299244521,0.9985855973656348,4,19,105,20.500000000000014
Park-Fav,Sequential,46,98,0,50,0.1,0.9262919288502753,0.9985855973656348,5,19,106,20.400000000000013
Park-Fav,Sequential,46,99,0,145,0.1,0.8496025189612777,0.9985855973656348,6,19,107,20.30000000000001
Park-Fav,Sequential,46,100,0,161,0.1,0.8589657821727431,0.9985855973656348,7,19,108,20.20000000000001
Park-Fav,Sequential,46,101,0,177,0.1,0.8997018705636753,0.9985855973656348,8,19,109,20.10000000000001
Park-Fav,Sequential,46,102,1,64,1.0,0.7205680843629216,0.9985855973656348,0,20,109,19.10000000000001
Park-Fav,Sequential,46,103,1,112,1.0,0.7121880216373471,0.99999999999999,0,21,109,18.10000000000001
Park-Fav,Sequential,46,104,1,80,1.0,0.7383876237839944,0.9999999999999949,0,22,109,17.10000000000001
Park-Fav,Sequential,46,105,1,96,1.0,0.7180238539832531,0.9999999999999964,0,23,109,16.10000000000001
Park-Fav,Sequential,46,106,1,100,1.0,0.712086354606241,0.9999999999999973,0,24,109,15.100000000000009
Park-Fav,Sequential,46,107,0,236,0.1,0.6407074166020308,0.997676284781292,1,24,110,15.000000000000009
Park-Fav,Sequential,46,108,1,68,1.0,0.6686644542371587,0.997676284781292,0,25,110,14.000000000000007
Park-Fav,Sequential,46,109,1,116,1.0,0.676196712926647,0.9971185435865237,0,26,110,13.000000000000007
Park-Fav,Sequential,46,110,1,84,1.0,0.6510467789981915,0.9970156007021912,0,27,110,12.000000000000007
Park-Fav,Sequential,46,111,1,120,1.0,0.6163357723676627,0.997054047109503,0,28,110,11.000000000000007
Park-Fav,Sequential,46,112,1,88,1.0,0.6356512076409706,0.9942973737799747,0,29,110,10.000000000000007
Park-Fav,Sequential,46,113,0,220,0.1,0.5586239897502084,0.9932338340765638,1,29,111,9.900000000000007
Park-Fav,Sequential,46,114,1,104,1.0,0.5291783641603921,0.9932338340765638,0,30,111,8.900000000000006
Park-Fav,Sequential,46,115,1,72,1.0,0.45194711101313373,0.9928372448635309,0,31,111,7.900000000000006
Park-Fav,Sequential,46,116,0,121,0.1,0.5040485988032217,0.9927330230153593,1,31,112,7.800000000000006
Park-Fav,Sequential,46,117,0,241,0.1,0.40682451075766607,0.9927330230153593,2,31,113,7.700000000000005
Park-Fav,Sequential,46,118,0,73,0.1,0.4526423532660967,0.9927330230153593,3,31,114,7.600000000000003
Park-Fav,Sequential,46,119,1,124,1.0,0.4271269929350691,0.9927330230153593,0,32,114,6.600000000000001
Park-Fav,Sequential,46,120,1,92,1.0,0.36675008139934634,0.9905679356759255,0,33,114,5.600000000000001
Park-Fav,Sequential,46,121,0,193,0.1,0.38071623814080735,0.9895771229919592,1,33,115,5.500000000000002
Park-Fav,Sequential,46,122,1,108,1.0,0.3643130036410466,0.9895771229919592,0,34,115,4.5
Park-Fav,Sequential,46,123,1,176,1.0,0.39073632027678107,0.9891471344620513,0,35,115,3.5
Park-Fav,Sequential,46,124,1,160,1.0,0.3675790838415665,0.9853346587472569,0,36,115,2.5
Park-Fav,Sequential,46,125,1,128,1.0,0.40209491135435504,0.9829263173385143,0,37,115,1.5
Park-Fav,Sequential,46,126,1,144,1.0,0.3823202981157789,0.9813686081916004,0,38,115,0.5
Park-Fav,Sequential,46,127,0,209,0.1,0.31154429738065953,0.9803490052404702,1,38,116,0.4
Park-Fav,Sequential,46,128,0,105,0.1,0.2768104781774468,0.9803490052404702,2,38,117,0.2999999999999986
Park-Fav,Sequential,46,129,0,133,0.1,0.28780311555748306,0.9803490052404702,3,38,118,0.19999999999999715
Park-Fav,Sequential,46,130,0,54,0.1,0.27466110828266216,0.9803490052404702,4,38,119,0.09999999999999573
Park-Fav,Sequential,47,1,0,16,0.1,11.534082414861313,0.5,1,2,26,45.4
Park-Fav,Sequential,47,2,0,0,0.1,8.115136271367405,0.5,2,2,27,45.3
Park-Fav,Sequential,47,3,0,20,0.1,8.540702300705506,0.5,3,2,28,45.199999999999996
Park-Fav,Sequential,47,4,0,32,0.1,8.96309855566009,0.5,4,2,29,45.1
Park-Fav,Sequential,47,5,0,4,0.1,8.835170648116188,0.5,5,2,30,45.0
Park-Fav,Sequential,47,6,0,48,0.1,9.160137391687021,0.5,6,2,31,44.9
Park-Fav,Sequential,47,7,0,8,0.1,8.85058471477817,0.5,7,2,32,44.800000000000004
Park-Fav,Sequential,47,8,0,36,0.1,9.031184542822139,0.5,8,2,33,44.7
Park-Fav,Sequential,47,9,0,52,0.1,8.734153603011912,0.5,9,2,34,44.6
Park-Fav,Sequential,47,10,0,24,0.1,8.33021979222969,0.5,10,2,35,44.5
Park-Fav,Sequential,47,11,0,40,0.1,8.368722166036362,0.5,11,2,36,44.4
Park-Fav,Sequential,47,12,0,56,0.1,8.160821098164396,0.5,12,2,37,44.300000000000004
Park-Fav,Sequential,47,13,0,12,0.1,8.368343513449565,0.5,13,2,38,44.2
Park-Fav,Sequential,47,14,0,28,0.1,8.164943345294745,0.5,14,2,39,44.1
Park-Fav,Sequential,47,15,0,44,0.1,7.720294005847168,0.5,15,2,40,44.00000000000001
Park-Fav,Sequential,47,16,0,60,0.1,8.184350025695126,0.5,16,2,41,43.900000000000006
Park-Fav,Sequential,47,17,0,68,0.1,7.182605784928993,0.5,17,2,42,43.800000000000004
Park-Fav,Sequential,47,18,0,80,0.1,7.4354349095457,0.5,18,2,43,43.7
Park-Fav,Sequential,47,19,0,96,0.1,7.099877980886379,0.5,19,2,44,43.6
Park-Fav,Sequential,47,20,0,112,0.1,6.935156367124951,0.5,20,2,45,43.50000000000001
Park-Fav,Sequential,47,21,1,12,1.0,6.390165912404709,0.5,0,3,45,42.50000000000001
Park-Fav,Sequential,47,22,0,64,0.1,6.695069231356781,0.5,1,3,46,42.400000000000006
Park-Fav,Sequential,47,23,0,84,0.1,6.549225839430804,0.5,2,3,47,42.300000000000004
Park-Fav,Sequential,47,24,0,72,0.1,6.42858209578131,0.5,3,3,48,42.20000000000001
Park-Fav,Sequential,47,25,0,116,0.1,6.2660183983133955,0.5,4,3,49,42.10000000000001
Park-Fav,Sequential,47,26,0,88,0.1,6.125522414058541,0.5,5,3,50,42.00000000000001
Park-Fav,Sequential,47,27,0,176,0.1,5.685992934720243,0.5,6,3,51,41.900000000000006
Park-Fav,Sequential,47,28,0,120,0.1,6.166811438619014,0.5,7,3,52,41.800000000000004
Park-Fav,Sequential,47,29,0,92,0.1,4.8960931364350335,0.5,8,3,53,41.70000000000001
Park-Fav,Sequential,47,30,0,124,0.1,5.434916413075066,0.5,9,3,54,41.60000000000001
Park-Fav,Sequential,47,31,0,108,0.1,5.28305989255295,0.5,10,3,55,41.50000000000001
Park-Fav,Sequential,47,32,0,128,0.1,4.64560219703887,0.5,11,3,56,41.40000000000001
Park-Fav,Sequential,47,33,0,160,0.1,4.477789509609421,0.5,12,3,57,41.30000000000001
Park-Fav,Sequential,47,34,0,240,0.1,4.136333705334139,0.5,13,3,58,41.20000000000001
Park-Fav,Sequential,47,35,0,132,0.1,3.915943974554994,0.5,14,3,59,41.10000000000001
Park-Fav,Sequential,47,36,0,180,0.1,3.7025899113627623,0.5,15,3,60,41.00000000000001
Park-Fav,Sequential,47,37,0,164,0.1,3.825592517227562,0.5,16,3,61,40.90000000000001
Park-Fav,Sequential,47,38,0,17,0.1,3.413668288478977,0.5,17,3,62,40.80000000000001
Park-Fav,Sequential,47,39,0,49,0.1,3.465489551167248,0.5,18,3,63,40.70000000000001
Park-Fav,Sequential,47,40,0,33,0.1,3.53450644957724,0.5,19,3,64,40.600000000000016
Park-Fav,Sequential,47,41,0,192,0.1,3.6014737056851436,0.5,20,3,65,40.500000000000014
Park-Fav,Sequential,47,42,1,255,1.0,2.6833676070917374,0.5,0,4,65,39.500000000000014
Park-Fav,Sequential,47,43,1,0,1.0,9.063016156471146,0.5,0,5,65,38.500000000000014
Park-Fav,Sequential,47,44,0,148,0.1,4.841365722098711,0.5,1,5,66,38.40000000000001
Park-Fav,Sequential,47,45,0,224,0.1,4.402973882514156,0.5,2,5,67,38.30000000000001
Park-Fav,Sequential,47,46,0,136,0.1,4.358986594022265,0.5,3,5,68,38.20000000000001
Park-Fav,Sequential,47,47,0,53,0.1,4.234933414366175,0.5,4,5,69,38.100000000000016
Park-Fav,Sequential,47,48,0,152,0.1,4.2106516041934245,0.5,5,5,70,38.000000000000014
Park-Fav,Sequential,47,49,0,184,0.1,4.336124629863416,0.5,6,5,71,37.90000000000001
Park-Fav,Sequential,47,50,0,208,0.1,4.1797695574179246,0.5,7,5,72,37.80000000000002
Park-Fav,Sequential,47,51,0,5,0.1,3.965225813322907,0.5,8,5,73,37.70000000000002
Park-Fav,Sequential,47,52,0,21,0.1,3.765722227790117,0.5,9,5,74,37.600000000000016
Park-Fav,Sequential,47,53,0,9,0.1,3.4180383652573862,0.5,10,5,75,37.500000000000014
Park-Fav,Sequential,47,54,0,13,0.1,3.6513853719265814,0.5,11,5,76,37.40000000000001
Park-Fav,Sequential,47,55,0,140,0.1,3.472280657087948,0.5,12,5,77,37.30000000000002
Park-Fav,Sequential,47,56,0,188,0.1,3.440914615046756,0.5,13,5,78,37.20000000000002
Park-Fav,Sequential,47,57,1,192,1.0,3.6153439578616533,0.5,0,6,78,36.20000000000002
Park-Fav,Sequential,47,58,0,57,0.1,6.607356252120507,0.9999999999999997,1,6,79,36.100000000000016
Park-Fav,Sequential,47,59,0,156,0.1,6.222939314942146,0.9999999999999997,2,6,80,36.00000000000002
Park-Fav,Sequential,47,60,0,172,0.1,6.263848684707831,0.9999999999999997,3,6,81,35.90000000000002
Park-Fav,Sequential,47,61,0,61,0.1,6.223900939582353,0.9999999999999997,4,6,82,35.80000000000002
Park-Fav,Sequential,47,62,0,196,0.1,5.966845475473015,0.9999999999999997,5,6,83,35.70000000000002
Park-Fav,Sequential,47,63,0,228,0.1,5.802964454415316,0.9999999999999997,6,6,84,35.600000000000016
Park-Fav,Sequential,47,64,0,212,0.1,5.315650522465526,0.9999999999999997,7,6,85,35.50000000000002
Park-Fav,Sequential,47,65,0,244,0.1,5.429035088988132,0.9999999999999997,8,6,86,35.40000000000002
Park-Fav,Sequential,47,66,0,25,0.1,5.351218535503495,0.9999999999999997,9,6,87,35.30000000000002
Park-Fav,Sequential,47,67,0,41,0.1,5.155574581955693,0.9999999999999997,10,6,88,35.200000000000024
Park-Fav,Sequential,47,68,0,65,0.1,5.180499816682398,0.9999999999999997,11,6,89,35.10000000000002
Park-Fav,Sequential,47,69,0,113,0.1,5.125719948807072,0.9999999999999997,12,6,90,35.00000000000002
Park-Fav,Sequential,47,70,0,81,0.1,4.69866511613341,0.9999999999999997,13,6,91,34.90000000000002
Park-Fav,Sequential,47,71,0,97,0.1,4.671602502390105,0.9999999999999997,14,6,92,34.80000000000002
Park-Fav,Sequential,47,72,0,45,0.1,4.2255508053372495,0.9999999999999997,15,6,93,34.700000000000024
Park-Fav,Sequential,47,73,0,29,0.1,4.395816680198781,0.9999999999999997,16,6,94,34.60000000000002
Park-Fav,Sequential,47,74,0,200,0.1,3.7464663385969144,0.9999999999999997,17,6,95,34.50000000000002
Park-Fav,Sequential,47,75,0,248,0.1,3.542571583147832,0.9999999999999997,18,6,96,34.40000000000003
Park-Fav,Sequential,47,76,0,232,0.1,3.4854820413058705,0.9999999999999997,19,6,97,34.300000000000026
Park-Fav,Sequential,47,77,1,48,1.0,3.9190620682580186,0.9999999999999997,0,7,97,33.300000000000026
Park-Fav,Sequential,47,78,0,204,0.1,3.199675142379449,0.9999999999999996,1,7,98,33.200000000000024
Park-Fav,Sequential,47,79,0,50,0.1,3.0226077687464734,0.9999999999999996,2,7,99,33.10000000000002
Park-Fav,Sequential,47,80,0,216,0.1,3.159056292994712,0.9999999999999996,3,7,100,33.00000000000002
Park-Fav,Sequential,47,81,0,252,0.1,3.2407235627268274,0.9999999999999996,4,7,101,32.90000000000002
Park-Fav,Sequential,47,82,0,129,0.1,2.674327248016388,0.9999999999999996,5,7,102,32.80000000000002
Park-Fav,Sequential,47,83,0,161,0.1,2.556312418910148,0.9999999999999996,6,7,103,32.70000000000002
Park-Fav,Sequential,47,84,0,34,0.1,2.7090300687649793,0.9999999999999996,7,7,104,32.600000000000016
Park-Fav,Sequential,47,85,0,2,0.1,2.865688258924589,0.9999999999999996,8,7,105,32.500000000000014
Park-Fav,Sequential,47,86,0,117,0.1,2.687206360129044,0.9999999999999996,9,7,106,32.40000000000001
Park-Fav,Sequential,47,87,0,85,0.1,2.430473699417418,0.9999999999999996,10,7,107,32.30000000000001
Park-Fav,Sequential,47,88,0,177,0.1,2.4249448226118684,0.9999999999999996,11,7,108,32.20000000000001
Park-Fav,Sequential,47,89,0,18,0.1,2.361830969843087,0.9999999999999996,12,7,109,32.10000000000001
Park-Fav,Sequential,47,90,0,101,0.1,2.3899326386162256,0.9999999999999996,13,7,110,32.00000000000001
Park-Fav,Sequential,47,91,1,8,1.0,2.0920482303700614,0.9999999999999996,0,8,110,31.000000000000007
Park-Fav,Sequential,47,92,0,220,0.1,2.052171337046789,0.9999999999999997,1,8,111,30.900000000000006
Park-Fav,Sequential,47,93,0,73,0.1,2.378724146082857,0.9999999999999997,2,8,112,30.800000000000004
Park-Fav,Sequential,47,94,1,32,1.0,1.8097713673796816,0.9999999999999997,0,9,112,29.800000000000004
Park-Fav,Sequential,47,95,0,193,0.1,1.9349068270240266,0.9999999999999994,1,9,113,29.700000000000003
Park-Fav,Sequential,47,96,1,24,1.0,1.9797086498669838,0.9999999999999994,0,10,113,28.700000000000003
Park-Fav,Sequential,47,97,0,236,0.1,1.808049261771132,0.9999999999999993,1,10,114,28.6
Park-Fav,Sequential,47,98,1,16,1.0,1.6918202510244247,0.9999999999999993,0,11,114,27.6
Park-Fav,Sequential,47,99,0,209,0.1,1.6635917380797596,0.9999999999999994,1,11,115,27.5
Park-Fav,Sequential,47,100,1,20,1.0,1.5403621269828525,0.9999999999999994,0,12,115,26.5
Park-Fav,Sequential,47,101,1,28,1.0,1.463975398453058,0.9999999999999996,0,13,115,25.5
Park-Fav,Sequential,47,102,1,36,1.0,1.606702650489399,0.9999999999999992,0,14,115,24.5
Park-Fav,Sequential,47,103,1,40,1.0,1.5243863539643796,0.9999999999999993,0,15,115,23.5
Park-Fav,Sequential,47,104,0,121,0.1,1.417003561656612,0.9999999999999991,1,15,116,23.4
Park-Fav,Sequential,47,105,1,4,1.0,1.5238431941075319,0.9999999999999991,0,16,116,22.4
Park-Fav,Sequential,47,106,0,77,0.1,1.6012315386313403,0.9999999999999992,1,16,117,22.299999999999997
Park-Fav,Sequential,47,107,0,133,0.1,1.3129489658365734,0.9999999999999992,2,16,118,22.199999999999996
Park-Fav,Sequential,47,108,0,241,0.1,1.2812543931471054,0.9999999999999992,3,16,119,22.099999999999994
Park-Fav,Sequential,47,109,0,225,0.1,1.3192383495883713,0.9999999999999992,4,16,120,21.999999999999993
Park-Fav,Sequential,47,110,1,44,1.0,1.2792035571758444,0.9999999999999992,0,17,120,20.999999999999993
Park-Fav,Sequential,47,111,1,52,1.0,1.3871767727171427,0.9999999999999991,0,18,120,19.999999999999993
Park-Fav,Sequential,47,112,0,54,0.1,1.2757325015694745,0.9999999999999989,1,18,121,19.89999999999999
Park-Fav,Sequential,47,113,1,56,1.0,1.2646132716038507,0.9999999999999989,0,19,121,18.89999999999999
Park-Fav,Sequential,47,114,0,105,0.1,1.2458974237664493,0.999999999999999,1,19,122,18.79999999999999
Park-Fav,Sequential,47,115,1,80,1.0,1.15115377245273,0.999999999999999,0,20,122,17.79999999999999
Park-Fav,Sequential,47,116,1,60,1.0,1.1053603464502748,0.999999999999999,0,21,122,16.79999999999999
Park-Fav,Sequential,47,117,1,64,1.0,1.1428855857697373,0.999999999999999,0,22,122,15.79999999999999
Park-Fav,Sequential,47,118,0,6,0.1,1.1452382702405635,0.9999999999999988,1,22,123,15.69999999999999
Park-Fav,Sequential,47,119,1,76,1.0,1.0717374686724752,0.9999999999999988,0,23,123,14.699999999999989
Park-Fav,Sequential,47,120,0,66,0.1,1.1834066277308513,0.9871187151733178,1,23,124,14.599999999999989
Park-Fav,Sequential,47,121,1,112,1.0,1.2084719414218847,0.9871187151733178,0,24,124,13.599999999999987
Park-Fav,Sequential,47,122,1,96,1.0,0.92767500337025,0.9872383555422048,0,25,124,12.599999999999987
Park-Fav,Sequential,47,123,0,114,0.1,0.994264151460111,0.9873551371618462,1,25,125,12.499999999999988
Park-Fav,Sequential,47,124,1,176,1.0,1.002808122530282,0.9873551371618462,0,26,125,11.499999999999986
Park-Fav,Sequential,47,125,1,100,1.0,0.9249612922879826,0.9886885114045746,0,27,125,10.499999999999986
Park-Fav,Sequential,47,126,0,125,0.1,1.0268778196232724,0.9889136082169647,1,27,126,10.399999999999986
Park-Fav,Sequential,47,127,1,116,1.0,0.9197731070114419,0.9889136082169647,0,28,126,9.399999999999984
Park-Fav,Sequential,47,128,1,84,1.0,1.0127509883778436,0.9891198078628985,0,29,126,8.399999999999984
Park-Fav,Sequential,47,129,1,68,1.0,0.933261108302158,0.9893082342137846,0,30,126,7.399999999999984
Park-Fav,Sequential,47,130,1,160,1.0,0.8821320358436214,0.9894804168153247,0,31,126,6.399999999999984
Park-Fav,Sequential,47,131,0,38,0.1,0.8316312540637306,0.9899358774196073,1,31,127,6.299999999999985
Park-Fav,Sequential,47,132,1,104,1.0,0.8881801235288764,0.9899358774196073,0,32,127,5.299999999999983
Park-Fav,Sequential,47,133,1,144,1.0,0.8389061904935331,0.9885306482201198,0,33,127,4.299999999999983
Park-Fav,Sequential,47,134,0,93,0.1,0.8787726195694329,0.9888415067396343,1,33,128,4.199999999999983
Park-Fav,Sequential,47,135,1,72,1.0,0.8204761551221398,0.9888415067396343,0,34,128,3.1999999999999815
Park-Fav,Sequential,47,136,0,22,0.1,0.7818775994574457,0.9876428150334448,1,34,129,3.0999999999999814
Park-Fav,Sequential,47,137,1,88,1.0,0.8083155211329428,0.9876428150334448,0,35,129,2.09999999999998
Park-Fav,Sequential,47,138,0,181,0.1,0.7563916403780885,0.9866870152747098,1,35,130,1.99999999999998
Park-Fav,Sequential,47,139,0,165,0.1,0.6689229829878174,0.9866870152747098,2,35,131,1.8999999999999786
Park-Fav,Sequential,47,140,0,109,0.1,0.6796016768199821,0.9866870152747098,3,35,132,1.7999999999999772
Park-Fav,Sequential,47,141,1,128,1.0,0.7368122821402474,0.9866870152747098,0,36,132,0.7999999999999758
Park-Fav,Sequential,47,142,0,10,0.1,0.5658354916471244,0.9867891919574644,1,36,133,0.6999999999999759
Park-Fav,Sequential,47,143,0,197,0.1,0.4831981429396325,0.9867891919574644,2,36,134,0.5999999999999744
Park-Fav,Sequential,47,144,0,51,0.1,0.5974988741328612,0.9867891919574644,3,36,135,0.499999999999973
Park-Fav,Sequential,47,145,0,137,0.1,0.490910563314557,0.9867891919574644,4,36,136,0.3999999999999716
Park-Fav,Sequential,47,146,0,3,0.1,0.49875008161814044,0.9867891919574644,5,36,137,0.2999999999999702
Park-Fav,Sequential,47,147,0,130,0.1,0.49554447605015334,0.9867891919574644,6,36,138,0.19999999999996873
Park-Fav,Sequential,47,148,0,19,0.1,0.4139602327308717,0.9867891919574644,7,36,139,0.09999999999996731
Park-Fav,Sequential,48,1,0,48,0.1,10.977833811667814,0.5,1,2,26,45.4
Park-Fav,Sequential,48,2,0,32,0.1,10.130485992456926,0.5,2,2,27,45.3
Park-Fav,Sequential,48,3,0,36,0.1,9.577230124616015,0.5,3,2,28,45.199999999999996
Park-Fav,Sequential,48,4,0,20,0.1,9.978236473318612,0.5,4,2,29,45.1
Park-Fav,Sequential,48,5,0,16,0.1,9.826280960723464,0.5,5,2,30,45.0
Park-Fav,Sequential,48,6,0,0,0.1,9.01587400474169,0.5,6,2,31,44.9
Park-Fav,Sequential,48,7,0,4,0.1,9.189095588840903,0.5,7,2,32,44.800000000000004
Park-Fav,Sequential,48,8,0,40,0.1,9.127029686178226,0.5,8,2,33,44.7
Park-Fav,Sequential,48,9,0,8,0.1,8.429315624257999,0.5,9,2,34,44.6
Park-Fav,Sequential,48,10,0,56,0.1,9.400857701063087,0.5,10,2,35,44.5
Park-Fav,Sequential,48,11,0,112,0.1,8.524563801207288,0.5,11,2,36,44.4
Park-Fav,Sequential,48,12,0,116,0.1,7.798459370456259,0.5,12,2,37,44.300000000000004
Park-Fav,Sequential,48,13,0,64,0.1,8.078125160885294,0.5,13,2,38,44.2
Park-Fav,Sequential,48,14,0,96,0.1,8.08136519189803,0.5,14,2,39,44.1
Park-Fav,Sequential,48,15,0,60,0.1,7.878885537714619,0.5,15,2,40,44.00000000000001
Park-Fav,Sequential,48,16,0,44,0.1,8.448445715337474,0.5,16,2,41,43.900000000000006
Park-Fav,Sequential,48,17,0,28,0.1,8.84618094457343,0.5,17,2,42,43.800000000000004
Park-Fav,Sequential,48,18,0,12,0.1,8.628115987286687,0.5,18,2,43,43.7
Park-Fav,Sequential,48,19,0,100,0.1,7.474715400921162,0.5,19,2,44,43.6
Park-Fav,Sequential,48,20,0,104,0.1,7.34676832949216,0.5,20,2,45,43.50000000000001
Park-Fav,Sequential,48,21,1,0,1.0,3.726037264466092,0.5,0,3,45,42.50000000000001
Park-Fav,Sequential,48,22,0,68,0.1,6.999263308938943,0.5,1,3,46,42.400000000000006
Park-Fav,Sequential,48,23,0,120,0.1,6.912420828825711,0.5,2,3,47,42.300000000000004
Park-Fav,Sequential,48,24,0,88,0.1,6.936520441068101,0.5,3,3,48,42.20000000000001
Park-Fav,Sequential,48,25,0,72,0.1,6.663872697545677,0.5,4,3,49,42.10000000000001
Park-Fav,Sequential,48,26,0,124,0.1,6.277101625205101,0.5,5,3,50,42.00000000000001
Park-Fav,Sequential,48,27,0,128,0.1,6.078766608793857,0.5,6,3,51,41.900000000000006
Park-Fav,Sequential,48,28,0,108,0.1,5.83060929004918,0.5,7,3,52,41.800000000000004
Park-Fav,Sequential,48,29,0,92,0.1,5.537123466755182,0.5,8,3,53,41.70000000000001
Park-Fav,Sequential,48,30,0,144,0.1,5.469228589576451,0.5,9,3,54,41.60000000000001
Park-Fav,Sequential,48,31,0,76,0.1,5.333823467429003,0.5,10,3,55,41.50000000000001
Park-Fav,Sequential,48,32,0,160,0.1,4.991444009625828,0.5,11,3,56,41.40000000000001
Park-Fav,Sequential,48,33,0,176,0.1,5.14708674455207,0.5,12,3,57,41.30000000000001
Park-Fav,Sequential,48,34,0,132,0.1,4.568641339736566,0.5,13,3,58,41.20000000000001
Park-Fav,Sequential,48,35,0,164,0.1,4.362867169280371,0.5,14,3,59,41.10000000000001
Park-Fav,Sequential,48,36,0,1,0.1,4.726408736136884,0.5,15,3,60,41.00000000000001
Park-Fav,Sequential,48,37,0,188,0.1,4.184552205117888,0.5,16,3,61,40.90000000000001
Park-Fav,Sequential,48,38,0,17,0.1,4.185366434002509,0.5,17,3,62,40.80000000000001
Park-Fav,Sequential,48,39,0,33,0.1,4.094537366940033,0.5,18,3,63,40.70000000000001
Park-Fav,Sequential,48,40,0,148,0.1,3.8260294256792817,0.5,19,3,64,40.600000000000016
Park-Fav,Sequential,48,41,0,49,0.1,4.115482465254427,0.5,20,3,65,40.500000000000014
Park-Fav,Sequential,48,42,1,48,1.0,2.457437131157202,0.5,0,4,65,39.500000000000014
Park-Fav,Sequential,48,43,0,192,0.1,3.611447854083468,0.5,1,4,66,39.40000000000001
Park-Fav,Sequential,48,44,0,240,0.1,3.4735556749346843,0.5,2,4,67,39.30000000000001
Park-Fav,Sequential,48,45,0,184,0.1,3.28143391499129,0.5,3,4,68,39.20000000000001
Park-Fav,Sequential,48,46,0,208,0.1,3.315198433489633,0.5,4,4,69,39.100000000000016
Park-Fav,Sequential,48,47,0,53,0.1,3.289093113526668,0.5,5,4,70,39.000000000000014
Park-Fav,Sequential,48,48,0,136,0.1,3.059967855015065,0.5,6,4,71,38.90000000000001
Park-Fav,Sequential,48,49,0,224,0.1,3.006128565421207,0.5,7,4,72,38.80000000000002
Park-Fav,Sequential,48,50,0,152,0.1,2.956341997050339,0.5,8,4,73,38.70000000000002
Park-Fav,Sequential,48,51,0,5,0.1,2.775255778463387,0.5,9,4,74,38.600000000000016
Park-Fav,Sequential,48,52,0,168,0.1,2.826253137890896,0.5,10,4,75,38.500000000000014
Park-Fav,Sequential,48,53,0,21,0.1,2.7022728690206574,0.5,11,4,76,38.40000000000001
Park-Fav,Sequential,48,54,0,37,0.1,2.8036430069123224,0.5,12,4,77,38.30000000000002
Park-Fav,Sequential,48,55,0,140,0.1,2.364609301801626,0.5,13,4,78,38.20000000000002
Park-Fav,Sequential,48,56,1,240,1.0,2.7493663396346584,0.5,0,5,78,37.20000000000002
Park-Fav,Sequential,48,57,0,25,0.1,4.488871731235864,1.0,1,5,79,37.100000000000016
Park-Fav,Sequential,48,58,0,172,0.1,4.422552499768133,1.0,2,5,80,37.00000000000002
Park-Fav,Sequential,48,59,0,113,0.1,4.151518002919637,1.0,3,5,81,36.90000000000002
Park-Fav,Sequential,48,60,0,57,0.1,4.084056255652844,1.0,4,5,82,36.80000000000002
Park-Fav,Sequential,48,61,0,244,0.1,3.916039016239279,1.0,5,5,83,36.70000000000002
Park-Fav,Sequential,48,62,0,196,0.1,3.986607091844112,1.0,6,5,84,36.600000000000016
Park-Fav,Sequential,48,63,0,156,0.1,3.9495875633374786,1.0,7,5,85,36.50000000000002
Park-Fav,Sequential,48,64,0,81,0.1,3.727869394057078,1.0,8,5,86,36.40000000000002
Park-Fav,Sequential,48,65,0,41,0.1,3.5193923088842327,1.0,9,5,87,36.30000000000002
Park-Fav,Sequential,48,66,0,97,0.1,3.570624411503157,1.0,10,5,88,36.200000000000024
Park-Fav,Sequential,48,67,0,212,0.1,3.288192891586995,1.0,11,5,89,36.10000000000002
Park-Fav,Sequential,48,68,0,228,0.1,3.198399981676756,1.0,12,5,90,36.00000000000002
Park-Fav,Sequential,48,69,0,61,0.1,2.904001071277149,1.0,13,5,91,35.90000000000002
Park-Fav,Sequential,48,70,0,13,0.1,2.954037851369705,1.0,14,5,92,35.80000000000002
Park-Fav,Sequential,48,71,0,45,0.1,2.579168034673307,1.0,15,5,93,35.700000000000024
Park-Fav,Sequential,48,72,0,29,0.1,2.383314901004557,1.0,16,5,94,35.60000000000002
Park-Fav,Sequential,48,73,0,248,0.1,2.294369601845628,1.0,17,5,95,35.50000000000002
Park-Fav,Sequential,48,74,0,2,0.1,2.4744313408726137,1.0,18,5,96,35.40000000000003
Park-Fav,Sequential,48,75,0,252,0.1,2.1593763142431044,1.0,19,5,97,35.300000000000026
Park-Fav,Sequential,48,76,0,200,0.1,2.020860995276941,1.0,20,5,98,35.200000000000024
Park-Fav,Sequential,48,77,1,32,1.0,1.7338717149992307,1.0,0,6,98,34.200000000000024
Park-Fav,Sequential,48,78,0,69,0.1,2.0220708055234757,0.9999999999999999,1,6,99,34.10000000000002
Park-Fav,Sequential,48,79,1,24,1.0,1.903214042385626,0.9999999999999999,0,7,99,33.10000000000002
Park-Fav,Sequential,48,80,0,117,0.1,1.9449986677654896,0.9999999999999998,1,7,100,33.00000000000002
Park-Fav,Sequential,48,81,0,50,0.1,1.9181651482352817,0.9999999999999998,2,7,101,32.90000000000003
Park-Fav,Sequential,48,82,0,232,0.1,1.832850972815381,0.9999999999999998,3,7,102,32.80000000000002
Park-Fav,Sequential,48,83,0,216,0.1,1.7888482870762608,0.9999999999999998,4,7,103,32.700000000000024
Park-Fav,Sequential,48,84,0,18,0.1,1.6565529682122673,0.9999999999999998,5,7,104,32.600000000000016
Park-Fav,Sequential,48,85,1,16,1.0,1.663878586807272,0.9999999999999998,0,8,104,31.600000000000023
Park-Fav,Sequential,48,86,0,177,0.1,1.6766701743520664,0.9999999999999998,1,8,105,31.500000000000018
Park-Fav,Sequential,48,87,0,34,0.1,1.5796839329653518,0.9999999999999998,2,8,106,31.400000000000016
Park-Fav,Sequential,48,88,1,20,1.0,1.4427398440167507,0.9999999999999998,0,9,106,30.400000000000016
Park-Fav,Sequential,48,89,1,8,1.0,1.4626461191778775,1.0,0,10,106,29.400000000000016
Park-Fav,Sequential,48,90,0,145,0.1,1.4830774353501797,0.9999999999999997,1,10,107,29.300000000000015
Park-Fav,Sequential,48,91,0,161,0.1,1.5243296530460264,0.9999999999999997,2,10,108,29.200000000000014
Park-Fav,Sequential,48,92,1,64,1.0,1.3694402356681978,0.9999999999999997,0,11,108,28.200000000000014
Park-Fav,Sequential,48,93,1,4,1.0,1.4538737445503598,0.9999999999999998,0,12,108,27.200000000000014
Park-Fav,Sequential,48,94,0,204,0.1,1.3381647415196243,0.9999999999999998,1,12,109,27.100000000000012
Park-Fav,Sequential,48,95,1,12,1.0,1.3432627614314894,0.9999999999999998,0,13,109,26.100000000000012
Park-Fav,Sequential,48,96,1,40,1.0,1.431541228550275,0.9999999999999996,0,14,109,25.100000000000012
Park-Fav,Sequential,48,97,1,36,1.0,1.2907707521377623,0.9999999999999996,0,15,109,24.100000000000012
Park-Fav,Sequential,48,98,0,236,0.1,1.3017217232658886,0.9999999999999994,1,15,110,24.00000000000001
Park-Fav,Sequential,48,99,1,28,1.0,1.1579441670312902,0.9999999999999994,0,16,110,23.00000000000001
Park-Fav,Sequential,48,100,1,56,1.0,1.1680324482204585,0.9999999999999991,0,17,110,22.00000000000001
Park-Fav,Sequential,48,101,1,44,1.0,1.2144078317633302,0.9999999999999992,0,18,110,21.00000000000001
Park-Fav,Sequential,48,102,1,112,1.0,1.0980961517308545,0.999999999999999,0,19,110,20.00000000000001
Park-Fav,Sequential,48,103,1,60,1.0,1.0926613638446265,0.999999999999999,0,20,110,19.00000000000001
Park-Fav,Sequential,48,104,0,220,0.1,1.135801521354,0.9999999999999989,1,20,111,18.90000000000001
Park-Fav,Sequential,48,105,1,80,1.0,1.1223646314653766,0.9999999999999989,0,21,111,17.90000000000001
Park-Fav,Sequential,48,106,1,96,1.0,0.9597261899124132,0.999999999999999,0,22,111,16.900000000000006
Park-Fav,Sequential,48,107,1,76,1.0,1.0754263900275083,0.999999999999999,0,23,111,15.900000000000006
Park-Fav,Sequential,48,108,1,68,1.0,0.9726768651655247,0.9871878113353398,0,24,111,14.900000000000006
Park-Fav,Sequential,48,109,1,116,1.0,0.838442397021443,0.9876978582602898,0,25,111,13.900000000000006
Park-Fav,Sequential,48,110,0,193,0.1,0.9210564158001362,0.988132284476188,1,25,112,13.800000000000006
Park-Fav,Sequential,48,111,0,73,0.1,0.8054875143600412,0.988132284476188,2,25,113,13.700000000000005
Park-Fav,Sequential,48,112,0,241,0.1,0.8270302635823507,0.988132284476188,3,25,114,13.600000000000003
Park-Fav,Sequential,48,113,1,84,1.0,0.9145260177268256,0.988132284476188,0,26,114,12.600000000000001
Park-Fav,Sequential,48,114,1,100,1.0,0.8491527780038267,0.9885062761820942,0,27,114,11.600000000000001
Park-Fav,Sequential,48,115,1,124,1.0,0.7897046877044811,0.9888314401465124,0,28,114,10.600000000000001
Park-Fav,Sequential,48,116,0,121,0.1,0.8312085862429299,0.9844767137355274,1,28,115,10.500000000000002
Park-Fav,Sequential,48,117,1,88,1.0,0.7333746766830818,0.9844767137355274,0,29,115,9.5
Park-Fav,Sequential,48,118,1,176,1.0,0.6638634681012804,0.9843631286316687,0,30,115,8.5
Park-Fav,Sequential,48,119,0,209,0.1,0.680461102464682,0.9840734529411239,1,30,116,8.4
Park-Fav,Sequential,48,120,0,225,0.1,0.6912525041757198,0.9840734529411239,2,30,117,8.299999999999999
Park-Fav,Sequential,48,121,1,72,1.0,0.6378626969021619,0.9840734529411239,0,31,117,7.299999999999997
Park-Fav,Sequential,48,122,0,125,0.1,0.6438221586483869,0.9837844248359897,1,31,118,7.1999999999999975
Park-Fav,Sequential,48,123,1,120,1.0,0.6510180810926703,0.9837844248359897,0,32,118,6.199999999999996
Park-Fav,Sequential,48,124,1,104,1.0,0.67322754630127,0.9835956874854824,0,33,118,5.199999999999996
Park-Fav,Sequential,48,125,0,6,0.1,0.6113718963807889,0.9834770201315712,1,33,119,5.099999999999996
Park-Fav,Sequential,48,126,0,89,0.1,0.5483506927840747,0.9834770201315712,2,33,120,4.999999999999995
Park-Fav,Sequential,48,127,0,105,0.1,0.562154118257764,0.9834770201315712,3,33,121,4.899999999999993
Park-Fav,Sequential,48,128,1,128,1.0,0.5620922766482971,0.9834770201315712,0,34,121,3.8999999999999915
Park-Fav,Sequential,48,129,0,133,0.1,0.5407555368011432,0.9828634298229944,1,34,122,3.7999999999999914
Park-Fav,Sequential,48,130,1,144,1.0,0.5463780828435314,0.9828634298229944,0,35,122,2.79999999999999
Park-Fav,Sequential,48,131,1,160,1.0,0.5730326850343099,0.9824977072874108,0,36,122,1.79999999999999
Park-Fav,Sequential,48,132,1,92,1.0,0.5109134140200633,0.9822931227062698,0,37,122,0.79999999999999
Park-Fav,Sequential,48,133,0,181,0.1,0.5300684633852624,0.9798074855855672,1,37,123,0.6999999999999901
Park-Fav,Sequential,48,134,0,66,0.1,0.4886202551309003,0.9798074855855672,2,37,124,0.5999999999999887
Park-Fav,Sequential,48,135,0,54,0.1,0.44955322530607855,0.9798074855855672,3,37,125,0.49999999999998723
Park-Fav,Sequential,48,136,0,114,0.1,0.4162956818686898,0.9798074855855672,4,37,126,0.3999999999999858
Park-Fav,Sequential,48,137,0,38,0.1,0.37648691783422494,0.9798074855855672,5,37,127,0.2999999999999844
Park-Fav,Sequential,48,138,0,3,0.1,0.4093129623983061,0.9798074855855672,6,37,128,0.19999999999998294
Park-Fav,Sequential,48,139,0,149,0.1,0.38841229705659575,0.9798074855855672,7,37,129,0.09999999999998152
Park-Fav,Sequential,49,1,0,16,0.1,10.718477997889897,0.5,1,2,26,45.4
Park-Fav,Sequential,49,2,0,0,0.1,7.575386278360397,0.5,2,2,27,45.3
Park-Fav,Sequential,49,3,0,32,0.1,8.119208948645005,0.5,3,2,28,45.199999999999996
Park-Fav,Sequential,49,4,0,48,0.1,8.090971468910269,0.5,4,2,29,45.1
Park-Fav,Sequential,49,5,0,20,0.1,8.45351816859948,0.5,5,2,30,45.0
Park-Fav,Sequential,49,6,0,4,0.1,8.348212538894378,0.5,6,2,31,44.9
Park-Fav,Sequential,49,7,0,52,0.1,8.025301976440707,0.5,7,2,32,44.800000000000004
Park-Fav,Sequential,49,8,0,36,0.1,8.63837575974194,0.5,8,2,33,44.7
Park-Fav,Sequential,49,9,0,24,0.1,7.108757336017866,0.5,9,2,34,44.6
Park-Fav,Sequential,49,10,0,40,0.1,8.1740331570911,0.5,10,2,35,44.5
Park-Fav,Sequential,49,11,0,56,0.1,8.299717042221694,0.5,11,2,36,44.4
Park-Fav,Sequential,49,12,0,8,0.1,7.736726217413097,0.5,12,2,37,44.300000000000004
Park-Fav,Sequential,49,13,0,60,0.1,7.650669260049994,0.5,13,2,38,44.2
Park-Fav,Sequential,49,14,0,44,0.1,7.869030472125844,0.5,14,2,39,44.1
Park-Fav,Sequential,49,15,0,28,0.1,7.389139832692364,0.5,15,2,40,44.00000000000001
Park-Fav,Sequential,49,16,0,12,0.1,7.500436018236824,0.5,16,2,41,43.900000000000006
Park-Fav,Sequential,49,17,0,80,0.1,7.276660690938834,0.5,17,2,42,43.800000000000004
Park-Fav,Sequential,49,18,0,96,0.1,7.0798513280108395,0.5,18,2,43,43.7
Park-Fav,Sequential,49,19,0,64,0.1,6.532908612855037,0.5,19,2,44,43.6
Park-Fav,Sequential,49,20,0,100,0.1,6.402584689850658,0.5,20,2,45,43.50000000000001
Park-Fav,Sequential,49,21,1,16,1.0,4.324068258991211,0.5,0,3,45,42.50000000000001
Park-Fav,Sequential,49,22,0,84,0.1,6.509916366062822,0.5,1,3,46,42.400000000000006
Park-Fav,Sequential,49,23,0,124,0.1,6.074911918790211,0.5,2,3,47,42.300000000000004
Park-Fav,Sequential,49,24,0,104,0.1,5.954745787905159,0.5,3,3,48,42.20000000000001
Park-Fav,Sequential,49,25,0,112,0.1,6.261942096751501,0.5,4,3,49,42.10000000000001
Park-Fav,Sequential,49,26,0,68,0.1,5.889006825470595,0.5,5,3,50,42.00000000000001
Park-Fav,Sequential,49,27,0,120,0.1,5.541856211138755,0.5,6,3,51,41.900000000000006
Park-Fav,Sequential,49,28,0,88,0.1,5.643490637848174,0.5,7,3,52,41.800000000000004
Park-Fav,Sequential,49,29,0,108,0.1,4.761128672416937,0.5,8,3,53,41.70000000000001
Park-Fav,Sequential,49,30,0,92,0.1,4.407873171932179,0.5,9,3,54,41.60000000000001
Park-Fav,Sequential,49,31,0,128,0.1,4.618163664271855,0.5,10,3,55,41.50000000000001
Park-Fav,Sequential,49,32,0,144,0.1,4.45919989200879,0.5,11,3,56,41.40000000000001
Park-Fav,Sequential,49,33,0,160,0.1,4.259237631956371,0.5,12,3,57,41.30000000000001
Park-Fav,Sequential,49,34,0,76,0.1,4.31027851275253,0.5,13,3,58,41.20000000000001
Park-Fav,Sequential,49,35,1,192,1.0,3.8879053027844335,0.5,0,4,58,40.20000000000001
Park-Fav,Sequential,49,36,0,176,0.1,4.1679837332410745,0.5,1,4,59,40.10000000000001
Park-Fav,Sequential,49,37,0,1,0.1,3.3985745267558514,0.5,2,4,60,40.00000000000001
Park-Fav,Sequential,49,38,0,49,0.1,3.445859252026644,0.5,3,4,61,39.90000000000001
Park-Fav,Sequential,49,39,0,33,0.1,3.2909359238990756,0.5,4,4,62,39.80000000000001
Park-Fav,Sequential,49,40,0,180,0.1,3.0220423837726007,0.5,5,4,63,39.70000000000001
Park-Fav,Sequential,49,41,0,132,0.1,3.2173337586238575,0.5,6,4,64,39.600000000000016
Park-Fav,Sequential,49,42,0,164,0.1,2.8926213096552904,0.5,7,4,65,39.500000000000014
Park-Fav,Sequential,49,43,0,184,0.1,2.5708124491104316,0.5,8,4,66,39.40000000000001
Park-Fav,Sequential,49,44,0,5,0.1,2.7455976093132586,0.5,9,4,67,39.30000000000001
Park-Fav,Sequential,49,45,0,136,0.1,2.662644534787522,0.5,10,4,68,39.20000000000001
Park-Fav,Sequential,49,46,0,240,0.1,2.7247113019154576,0.5,11,4,69,39.100000000000016
Park-Fav,Sequential,49,47,0,168,0.1,2.3836331393468417,0.5,12,4,70,39.000000000000014
Park-Fav,Sequential,49,48,0,53,0.1,2.3187847077059613,0.5,13,4,71,38.90000000000001
Park-Fav,Sequential,49,49,0,208,0.1,2.598525497828053,0.5,14,4,72,38.80000000000002
Park-Fav,Sequential,49,50,0,224,0.1,2.2616263296215404,0.5,15,4,73,38.70000000000002
Park-Fav,Sequential,49,51,0,21,0.1,2.240008572298889,0.5,16,4,74,38.600000000000016
Park-Fav,Sequential,49,52,0,37,0.1,2.1253764110393574,0.5,17,4,75,38.500000000000014
Park-Fav,Sequential,49,53,0,152,0.1,2.2111623524051103,0.5,18,4,76,38.40000000000001
Park-Fav,Sequential,49,54,0,140,0.1,1.843865721989975,0.5,19,4,77,38.30000000000002
Park-Fav,Sequential,49,55,0,188,0.1,1.927159122510647,0.5,20,4,78,38.20000000000002
Park-Fav,Sequential,49,56,1,124,1.0,1.813992464662929,0.5,0,5,78,37.20000000000002
Park-Fav,Sequential,49,57,0,65,0.1,1.7048052877347708,0.5,1,5,79,37.100000000000016
Park-Fav,Sequential,49,58,0,57,0.1,2.0301511480691348,0.5,2,5,80,37.00000000000002
Park-Fav,Sequential,49,59,0,172,0.1,1.5957645334095265,0.5,3,5,81,36.90000000000002
Park-Fav,Sequential,49,60,1,48,1.0,1.8773757848263795,0.5,0,6,81,35.90000000000002
Park-Fav,Sequential,49,61,0,25,0.1,2.932408892131113,1.0,1,6,82,35.80000000000002
Park-Fav,Sequential,49,62,0,156,0.1,2.9853681169616086,1.0,2,6,83,35.70000000000002
Park-Fav,Sequential,49,63,0,41,0.1,2.849060085681666,1.0,3,6,84,35.600000000000016
Park-Fav,Sequential,49,64,0,113,0.1,3.1358583571143983,1.0,4,6,85,35.50000000000002
Park-Fav,Sequential,49,65,0,196,0.1,2.7346717276418517,1.0,5,6,86,35.40000000000002
Park-Fav,Sequential,49,66,0,81,0.1,2.714576888376848,1.0,6,6,87,35.30000000000002
Park-Fav,Sequential,49,67,0,212,0.1,2.5880305512792683,1.0,7,6,88,35.200000000000024
Park-Fav,Sequential,49,68,0,97,0.1,2.511873113467856,1.0,8,6,89,35.10000000000002
Park-Fav,Sequential,49,69,0,244,0.1,2.315369687775326,1.0,9,6,90,35.00000000000002
Park-Fav,Sequential,49,70,0,13,0.1,2.1973196253779594,1.0,10,6,91,34.90000000000002
Park-Fav,Sequential,49,71,0,228,0.1,2.1909759715671453,1.0,11,6,92,34.80000000000002
Park-Fav,Sequential,49,72,0,61,0.1,2.3425587370062244,1.0,12,6,93,34.700000000000024
Park-Fav,Sequential,49,73,0,29,0.1,2.048135073139983,1.0,13,6,94,34.60000000000002
Park-Fav,Sequential,49,74,0,45,0.1,1.9127147606117005,1.0,14,6,95,34.50000000000002
Park-Fav,Sequential,49,75,0,200,0.1,1.4566155219490995,1.0,15,6,96,34.40000000000003
Park-Fav,Sequential,49,76,0,2,0.1,1.5405432446899114,1.0,16,6,97,34.300000000000026
Park-Fav,Sequential,49,77,0,69,0.1,1.294624974198713,1.0,17,6,98,34.200000000000024
Park-Fav,Sequential,49,78,0,252,0.1,1.4168969880309406,1.0,18,6,99,34.10000000000002
Park-Fav,Sequential,49,79,0,216,0.1,1.4228001587629273,1.0,19,6,100,34.00000000000002
Park-Fav,Sequential,49,80,0,232,0.1,1.283327177220988,1.0,20,6,101,33.90000000000003
Park-Fav,Sequential,49,81,1,32,1.0,1.212418529225034,1.0,0,7,101,32.90000000000003
Park-Fav,Sequential,49,82,0,177,0.1,1.1891085158462622,1.0,1,7,102,32.800000000000026
Park-Fav,Sequential,49,83,0,18,0.1,1.2239764523094554,1.0,2,7,103,32.700000000000024
Park-Fav,Sequential,49,84,1,112,1.0,1.187728854834757,1.0,0,8,103,31.700000000000024
Park-Fav,Sequential,49,85,0,50,0.1,1.1571444135878057,0.9863783920313028,1,8,104,31.600000000000023
Park-Fav,Sequential,49,86,1,0,1.0,1.0421688589230491,0.9863783920313028,0,9,104,30.600000000000023
Park-Fav,Sequential,49,87,1,36,1.0,1.0583016337314626,0.9873690035383507,0,10,104,29.600000000000023
Park-Fav,Sequential,49,88,0,117,0.1,1.123501851167994,0.9879950695044037,1,10,105,29.50000000000002
Park-Fav,Sequential,49,89,1,20,1.0,1.1152716836723993,0.9879950695044037,0,11,105,28.50000000000002
Park-Fav,Sequential,49,90,1,52,1.0,1.1265723323755228,0.9884263027926284,0,12,105,27.50000000000002
Park-Fav,Sequential,49,91,1,40,1.0,1.1142905022351757,0.9887413276223656,0,13,105,26.50000000000002
Park-Fav,Sequential,49,92,1,24,1.0,1.0269058190742493,0.9889815096567487,0,14,105,25.50000000000002
Park-Fav,Sequential,49,93,1,4,1.0,1.1242456466845299,0.9891706752000266,0,15,105,24.50000000000002
Park-Fav,Sequential,49,94,0,129,0.1,1.1482913382868094,0.9893235117182907,1,15,106,24.40000000000002
Park-Fav,Sequential,49,95,0,85,0.1,1.120523432895522,0.9893235117182907,2,15,107,24.30000000000002
Park-Fav,Sequential,49,96,1,8,1.0,1.0525067082036768,0.9893235117182907,0,16,107,23.30000000000002
Park-Fav,Sequential,49,97,1,56,1.0,1.119807842857479,0.9894495640953486,0,17,107,22.30000000000002
Park-Fav,Sequential,49,98,1,12,1.0,0.9708842278629287,0.9895553039848648,0,18,107,21.30000000000002
Park-Fav,Sequential,49,99,1,28,1.0,1.1194580442330364,0.9896452738779388,0,19,107,20.30000000000002
Park-Fav,Sequential,49,100,1,44,1.0,1.062862680538927,0.9897227562049247,0,20,107,19.30000000000002
Park-Fav,Sequential,49,101,0,101,0.1,0.9679415218323746,0.9897901816491248,1,20,108,19.200000000000017
Park-Fav,Sequential,49,102,0,34,0.1,0.9511053878273087,0.9897901816491248,2,20,109,19.100000000000016
Park-Fav,Sequential,49,103,1,60,1.0,0.8992213701095281,0.9897901816491248,0,21,109,18.100000000000016
Park-Fav,Sequential,49,104,0,204,0.1,1.1554887935674567,0.9898493885936361,1,21,110,18.000000000000014
Park-Fav,Sequential,49,105,1,96,1.0,0.892632125064726,0.9898493885936361,0,22,110,17.000000000000014
Park-Fav,Sequential,49,106,1,64,1.0,0.8857751266436482,0.985583774758634,0,23,110,16.000000000000014
Park-Fav,Sequential,49,107,1,80,1.0,0.7862917434123504,0.9836216070237096,0,24,110,15.000000000000014
Park-Fav,Sequential,49,108,0,220,0.1,0.8181301067969251,0.9827003344440637,1,24,111,14.900000000000015
Park-Fav,Sequential,49,109,1,72,1.0,0.8304229037017554,0.9827003344440637,0,25,111,13.900000000000013
Park-Fav,Sequential,49,110,0,236,0.1,0.772508354662272,0.985704488645838,1,25,112,13.800000000000013
Park-Fav,Sequential,49,111,1,100,1.0,0.7662678294015863,0.985704488645838,0,26,112,12.800000000000011
Park-Fav,Sequential,49,112,1,84,1.0,0.7766194007978251,0.9868687170103969,0,27,112,11.800000000000011
Park-Fav,Sequential,49,113,1,116,1.0,0.6892467337245658,0.9877858654738253,0,28,112,10.800000000000011
Park-Fav,Sequential,49,114,1,68,1.0,0.6528445551561146,0.9885260684319409,0,29,112,9.800000000000011
Park-Fav,Sequential,49,115,1,88,1.0,0.6312510533888169,0.9891354950467456,0,30,112,8.800000000000011
Park-Fav,Sequential,49,116,1,104,1.0,0.587251660624436,0.98965005766885,0,31,112,7.800000000000011
Park-Fav,Sequential,49,117,1,120,1.0,0.5508626486672128,0.9901328499884932,0,32,112,6.800000000000011
Park-Fav,Sequential,49,118,1,92,1.0,0.49711301804905406,0.9905679356759255,0,33,112,5.800000000000011
Park-Fav,Sequential,49,119,0,193,0.1,0.5184681860348231,0.9895771229919592,1,33,113,5.700000000000012
Park-Fav,Sequential,49,120,0,241,0.1,0.49776032692342936,0.9895771229919592,2,33,114,5.60000000000001
Park-Fav,Sequential,49,121,0,121,0.1,0.5019944311941684,0.9895771229919592,3,33,115,5.500000000000009
Park-Fav,Sequential,49,122,1,76,1.0,0.48362482941641216,0.9895771229919592,0,34,115,4.500000000000007
Park-Fav,Sequential,49,123,1,108,1.0,0.4531269060527095,0.9891470639811368,0,35,115,3.500000000000007
Park-Fav,Sequential,49,124,1,128,1.0,0.47311479250594785,0.9890029159800034,0,36,115,2.500000000000007
Park-Fav,Sequential,49,125,1,176,1.0,0.40941354059834134,0.9849013084891108,0,37,115,1.500000000000007
Park-Fav,Sequential,49,126,0,6,0.1,0.42917878641462254,0.9821505186879045,1,37,116,1.400000000000007
Park-Fav,Sequential,49,127,1,160,1.0,0.4182413776700012,0.9821505186879045,0,38,116,0.4000000000000057
Park-Fav,Sequential,49,128,0,66,0.1,0.3593255843203598,0.9802616948025152,1,38,117,0.3000000000000057
Park-Fav,Sequential,49,129,0,105,0.1,0.3398210018789791,0.9802616948025152,2,38,118,0.20000000000000426
Park-Fav,Sequential,49,130,0,225,0.1,0.348247826579938,0.9802616948025152,3,38,119,0.10000000000000284
Park-Fav,Sequential,49,131,0,89,0.1,0.3426490367859853,0.9802616948025152,4,38,120,1.4155343563970746e-15
Park-Fav,Sequential,50,1,0,16,0.1,10.316079519423473,0.5,1,2,26,45.4
Park-Fav,Sequential,50,2,0,36,0.1,9.27931120534292,0.5,2,2,27,45.3
Park-Fav,Sequential,50,3,0,32,0.1,9.129621794470086,0.5,3,2,28,45.199999999999996
Park-Fav,Sequential,50,4,0,52,0.1,9.185570097103634,0.5,4,2,29,45.1
Park-Fav,Sequential,50,5,0,4,0.1,9.513946173246959,0.5,5,2,30,45.0
Park-Fav,Sequential,50,6,0,48,0.1,9.270493923056064,0.5,6,2,31,44.9
Park-Fav,Sequential,50,7,0,40,0.1,8.888194074502794,0.5,7,2,32,44.800000000000004
Park-Fav,Sequential,50,8,0,56,0.1,9.047508699323696,0.5,8,2,33,44.7
Park-Fav,Sequential,50,9,0,24,0.1,8.738206631533451,0.5,9,2,34,44.6
Park-Fav,Sequential,50,10,0,80,0.1,8.544961971764168,0.5,10,2,35,44.5
Park-Fav,Sequential,50,11,0,8,0.1,8.267489079866936,0.5,11,2,36,44.4
Park-Fav,Sequential,50,12,0,44,0.1,8.116746932869688,0.5,12,2,37,44.300000000000004
Park-Fav,Sequential,50,13,0,28,0.1,7.97343470829464,0.5,13,2,38,44.2
Park-Fav,Sequential,50,14,0,12,0.1,7.899386939764522,0.5,14,2,39,44.1
Park-Fav,Sequential,50,15,0,64,0.1,7.262557765400685,0.5,15,2,40,44.00000000000001
Park-Fav,Sequential,50,16,0,96,0.1,7.473213447123747,0.5,16,2,41,43.900000000000006
Park-Fav,Sequential,50,17,0,100,0.1,7.599384251245622,0.5,17,2,42,43.800000000000004
Park-Fav,Sequential,50,18,0,112,0.1,7.459330837696122,0.5,18,2,43,43.7
Park-Fav,Sequential,50,19,0,84,0.1,7.004426569778939,0.5,19,2,44,43.6
Park-Fav,Sequential,50,20,0,104,0.1,6.662640083567936,0.5,20,2,45,43.50000000000001
Park-Fav,Sequential,50,21,1,24,1.0,2.3790556082795766,0.5,0,3,45,42.50000000000001
Park-Fav,Sequential,50,22,0,68,0.1,6.794228466927674,0.5,1,3,46,42.400000000000006
Park-Fav,Sequential,50,23,0,116,0.1,6.580966828014003,0.5,2,3,47,42.300000000000004
Park-Fav,Sequential,50,24,0,88,0.1,6.216601539880798,0.5,3,3,48,42.20000000000001
Park-Fav,Sequential,50,25,0,120,0.1,6.16130824919499,0.5,4,3,49,42.10000000000001
Park-Fav,Sequential,50,26,0,72,0.1,6.547233007592161,0.5,5,3,50,42.00000000000001
Park-Fav,Sequential,50,27,0,128,0.1,5.456556311137926,0.5,6,3,51,41.900000000000006
Park-Fav,Sequential,50,28,0,92,0.1,5.398403591758318,0.5,7,3,52,41.800000000000004
Park-Fav,Sequential,50,29,0,76,0.1,5.078173022070374,0.5,8,3,53,41.70000000000001
Park-Fav,Sequential,50,30,0,124,0.1,5.430638511188218,0.5,9,3,54,41.60000000000001
Park-Fav,Sequential,50,31,0,108,0.1,4.943674840762748,0.5,10,3,55,41.50000000000001
Park-Fav,Sequential,50,32,0,144,0.1,4.672569293694924,0.5,11,3,56,41.40000000000001
Park-Fav,Sequential,50,33,0,176,0.1,4.466220760480768,0.5,12,3,57,41.30000000000001
Park-Fav,Sequential,50,34,0,160,0.1,4.364427473241592,0.5,13,3,58,41.20000000000001
Park-Fav,Sequential,50,35,0,1,0.1,4.173385507530186,0.5,14,3,59,41.10000000000001
Park-Fav,Sequential,50,36,0,180,0.1,3.708806580616163,0.5,15,3,60,41.00000000000001
Park-Fav,Sequential,50,37,0,49,0.1,3.6573475587421505,0.5,16,3,61,40.90000000000001
Park-Fav,Sequential,50,38,0,17,0.1,3.5728689889317646,0.5,17,3,62,40.80000000000001
Park-Fav,Sequential,50,39,0,33,0.1,3.783407596591143,0.5,18,3,63,40.70000000000001
Park-Fav,Sequential,50,40,0,132,0.1,3.5027584337219677,0.5,19,3,64,40.600000000000016
Park-Fav,Sequential,50,41,1,15,1.0,3.53168592699433,0.5,0,4,64,39.600000000000016
Park-Fav,Sequential,50,42,1,240,1.0,5.236626899011627,0.5,0,5,64,38.600000000000016
Park-Fav,Sequential,50,43,1,48,1.0,5.630741262697181,0.5,0,6,64,37.600000000000016
Park-Fav,Sequential,50,44,0,192,0.1,8.424740244928458,0.9999999999999999,1,6,65,37.500000000000014
Park-Fav,Sequential,50,45,0,148,0.1,8.130734641278345,0.9999999999999999,2,6,66,37.40000000000001
Park-Fav,Sequential,50,46,0,164,0.1,8.144198110947693,0.9999999999999999,3,6,67,37.30000000000001
Park-Fav,Sequential,50,47,0,184,0.1,7.1260408336471714,0.9999999999999999,4,6,68,37.20000000000001
Park-Fav,Sequential,50,48,0,136,0.1,7.363250516882607,0.9999999999999999,5,6,69,37.100000000000016
Park-Fav,Sequential,50,49,0,168,0.1,6.839364834823439,0.9999999999999999,6,6,70,37.000000000000014
Park-Fav,Sequential,50,50,0,224,0.1,6.612210534188525,0.9999999999999999,7,6,71,36.90000000000001
Park-Fav,Sequential,50,51,0,53,0.1,6.5438058765124225,0.9999999999999999,8,6,72,36.80000000000002
Park-Fav,Sequential,50,52,0,152,0.1,6.24862751800195,0.9999999999999999,9,6,73,36.70000000000002
Park-Fav,Sequential,50,53,0,5,0.1,6.210798403651716,0.9999999999999999,10,6,74,36.600000000000016
Park-Fav,Sequential,50,54,0,208,0.1,6.057623039913295,0.9999999999999999,11,6,75,36.500000000000014
Park-Fav,Sequential,50,55,0,188,0.1,6.400036858596226,0.9999999999999999,12,6,76,36.40000000000001
Park-Fav,Sequential,50,56,0,21,0.1,5.664131256946324,0.9999999999999999,13,6,77,36.30000000000002
Park-Fav,Sequential,50,57,0,37,0.1,5.6312649435778654,0.9999999999999999,14,6,78,36.20000000000002
Park-Fav,Sequential,50,58,0,140,0.1,5.032008812540072,0.9999999999999999,15,6,79,36.100000000000016
Park-Fav,Sequential,50,59,0,65,0.1,5.044740473908315,0.9999999999999999,16,6,80,36.00000000000002
Park-Fav,Sequential,50,60,0,172,0.1,4.832964260142771,0.9999999999999999,17,6,81,35.90000000000002
Park-Fav,Sequential,50,61,0,156,0.1,4.719881510391452,0.9999999999999999,18,6,82,35.80000000000002
Park-Fav,Sequential,50,62,0,113,0.1,4.629911504284102,0.9999999999999999,19,6,83,35.70000000000002
Park-Fav,Sequential,50,63,0,81,0.1,4.494317998627653,0.9999999999999999,20,6,84,35.600000000000016
Park-Fav,Sequential,50,64,1,56,1.0,1.8677002982136492,0.9999999999999999,0,7,84,34.60000000000002
Park-Fav,Sequential,50,65,0,244,0.1,4.1267557417700695,0.9999999999999999,1,7,85,34.50000000000002
Park-Fav,Sequential,50,66,0,97,0.1,4.297812109414376,0.9999999999999999,2,7,86,34.40000000000002
Park-Fav,Sequential,50,67,0,9,0.1,4.360245557423707,0.9999999999999999,3,7,87,34.30000000000002
Park-Fav,Sequential,50,68,0,25,0.1,3.576759990699793,0.9999999999999999,4,7,88,34.200000000000024
Park-Fav,Sequential,50,69,0,196,0.1,3.6227449943123204,0.9999999999999999,5,7,89,34.10000000000002
Park-Fav,Sequential,50,70,0,248,0.1,3.1556036171208848,0.9999999999999999,6,7,90,34.00000000000002
Park-Fav,Sequential,50,71,0,13,0.1,3.373108298715634,0.9999999999999999,7,7,91,33.90000000000002
Park-Fav,Sequential,50,72,0,2,0.1,3.008508561921282,0.9999999999999999,8,7,92,33.80000000000002
Park-Fav,Sequential,50,73,0,29,0.1,3.1116857003357614,0.9999999999999999,9,7,93,33.700000000000024
Park-Fav,Sequential,50,74,0,45,0.1,2.9491598188897865,0.9999999999999999,10,7,94,33.600000000000016
Park-Fav,Sequential,50,75,0,204,0.1,2.631330303926265,0.9999999999999999,11,7,95,33.50000000000002
Park-Fav,Sequential,50,76,0,50,0.1,2.814165217840804,0.9999999999999999,12,7,96,33.40000000000001
Park-Fav,Sequential,50,77,0,252,0.1,2.4778320018450257,0.9999999999999999,13,7,97,33.30000000000002
Park-Fav,Sequential,50,78,0,200,0.1,2.5857778178746864,0.9999999999999999,14,7,98,33.20000000000001
Park-Fav,Sequential,50,79,0,34,0.1,2.1988399069337135,0.9999999999999999,15,7,99,33.100000000000016
Park-Fav,Sequential,50,80,0,232,0.1,2.2211717171322705,0.9999999999999999,16,7,100,33.00000000000001
Park-Fav,Sequential,50,81,0,69,0.1,2.2624087340575745,0.9999999999999999,17,7,101,32.90000000000001
Park-Fav,Sequential,50,82,0,18,0.1,1.9538425755224311,0.9999999999999999,18,7,102,32.800000000000004
Park-Fav,Sequential,50,83,0,117,0.1,2.0702865138642714,0.9999999999999999,19,7,103,32.70000000000001
Park-Fav,Sequential,50,84,0,129,0.1,2.0971743794202036,0.9999999999999999,20,7,104,32.6
Park-Fav,Sequential,50,85,1,16,1.0,1.6725626958765825,0.9999999999999999,0,8,104,31.60000000000001
Park-Fav,Sequential,50,86,0,85,0.1,1.9165563056579997,0.9999999999999998,1,8,105,31.500000000000004
Park-Fav,Sequential,50,87,0,101,0.1,1.963026081550277,0.9999999999999998,2,8,106,31.400000000000002
Park-Fav,Sequential,50,88,0,177,0.1,1.8698514334382494,0.9999999999999998,3,8,107,31.3
Park-Fav,Sequential,50,89,0,145,0.1,1.6937494966039282,0.9999999999999998,4,8,108,31.2
Park-Fav,Sequential,50,90,1,32,1.0,1.5160098665102373,0.9999999999999998,0,9,108,30.2
Park-Fav,Sequential,50,91,0,236,0.1,1.5743744186400979,0.9999999999999996,1,9,109,30.099999999999998
Park-Fav,Sequential,50,92,1,40,1.0,1.5847736820877485,0.9999999999999996,0,10,109,29.099999999999998
Park-Fav,Sequential,50,93,1,52,1.0,1.5291856859150006,0.9999999999999998,0,11,109,28.099999999999998
Park-Fav,Sequential,50,94,0,220,0.1,1.3592265310798504,0.9999999999999998,1,11,110,27.999999999999996
Park-Fav,Sequential,50,95,1,36,1.0,1.4997725975777707,0.9999999999999998,0,12,110,26.999999999999996
Park-Fav,Sequential,50,96,0,193,0.1,1.5642131296268895,0.9999999999999997,1,12,111,26.899999999999995
Park-Fav,Sequential,50,97,1,20,1.0,1.4049334171130663,0.9999999999999997,0,13,111,25.899999999999995
Park-Fav,Sequential,50,98,1,44,1.0,1.2178322717942822,0.9999999999999998,0,14,111,24.899999999999995
Park-Fav,Sequential,50,99,1,128,1.0,1.5233458178073294,0.9999999999999994,0,15,111,23.899999999999995
Park-Fav,Sequential,50,100,1,4,1.0,1.2503354169004053,0.9999999999999997,0,16,111,22.899999999999995
Park-Fav,Sequential,50,101,1,8,1.0,1.2008400470849452,0.9999999999999997,0,17,111,21.899999999999995
Park-Fav,Sequential,50,102,1,112,1.0,1.1892712892421793,0.9999999999999996,0,18,111,20.899999999999995
Park-Fav,Sequential,50,103,1,28,1.0,1.3246946126354497,0.9999999999999996,0,19,111,19.899999999999995
Park-Fav,Sequential,50,104,1,80,1.0,1.1205335591833883,0.9999999999999994,0,20,111,18.899999999999995
Park-Fav,Sequential,50,105,1,124,1.0,1.2335772186518432,0.9999999999999993,0,21,111,17.899999999999995
Park-Fav,Sequential,50,106,1,12,1.0,1.25252176640066,0.9880239616547858,0,22,111,16.89999999999999
Park-Fav,Sequential,50,107,1,76,1.0,1.1127252686065419,0.9882149543861667,0,23,111,15.899999999999991
Park-Fav,Sequential,50,108,0,241,0.1,1.0778310425689914,0.9829967222087301,1,23,112,15.799999999999992
Park-Fav,Sequential,50,109,1,96,1.0,1.0654438248682039,0.9829967222087301,0,24,112,14.79999999999999
Park-Fav,Sequential,50,110,1,64,1.0,0.9746459333709087,0.9828184018195815,0,25,112,13.79999999999999
Park-Fav,Sequential,50,111,0,121,0.1,1.0024494853486743,0.9826670002616807,1,25,113,13.69999999999999
Park-Fav,Sequential,50,112,1,116,1.0,0.9369576479124868,0.9826670002616807,0,26,113,12.699999999999989
Park-Fav,Sequential,50,113,1,84,1.0,0.919483721331535,0.9831059261539544,0,27,113,11.699999999999989
Park-Fav,Sequential,50,114,1,100,1.0,0.8766190116464607,0.983489223519036,0,28,113,10.699999999999989
Park-Fav,Sequential,50,115,1,68,1.0,0.8058089987259321,0.9838268718749466,0,29,113,9.699999999999989
Park-Fav,Sequential,50,116,0,209,0.1,0.8948457534441887,0.9841265180596259,1,29,114,9.599999999999989
Park-Fav,Sequential,50,117,0,225,0.1,0.8403197303473201,0.9841265180596259,2,29,115,9.499999999999988
Park-Fav,Sequential,50,118,1,120,1.0,0.8419040141792591,0.9841265180596259,0,30,115,8.499999999999986
Park-Fav,Sequential,50,119,0,89,0.1,0.8536917962765991,0.9836591213072305,1,30,116,8.399999999999986
Park-Fav,Sequential,50,120,0,105,0.1,0.7783401795846713,0.9836591213072305,2,30,117,8.299999999999985
Park-Fav,Sequential,50,121,1,104,1.0,0.7971719007927672,0.9836591213072305,0,31,117,7.299999999999983
Park-Fav,Sequential,50,122,1,88,1.0,0.7596245627314291,0.983341814980124,0,32,117,6.299999999999983
Park-Fav,Sequential,50,123,0,66,0.1,0.7333626172773433,0.9831282163482306,1,32,118,6.199999999999983
Park-Fav,Sequential,50,124,0,6,0.1,0.7804150713517777,0.9831282163482306,2,32,119,6.099999999999982
Park-Fav,Sequential,50,125,0,77,0.1,0.82266394899264,0.9831282163482306,3,32,120,5.9999999999999805
Park-Fav,Sequential,50,126,0,133,0.1,0.7305295796865061,0.9831282163482306,4,32,121,5.899999999999979
Park-Fav,Sequential,50,127,0,125,0.1,0.8012350482018044,0.9831282163482306,5,32,122,5.799999999999978
Park-Fav,Sequential,50,128,1,108,1.0,0.6564202003720657,0.9831282163482306,0,33,122,4.799999999999976
Park-Fav,Sequential,50,129,1,72,1.0,0.714906022573109,0.9811186036775909,0,34,122,3.799999999999976
Park-Fav,Sequential,50,130,1,144,1.0,0.556725242622567,0.9811778036494471,0,35,122,2.799999999999976
Park-Fav,Sequential,50,131,0,54,0.1,0.5909951134113823,0.9802254002354649,1,35,123,2.6999999999999758
Park-Fav,Sequential,50,132,0,114,0.1,0.5783668659567217,0.9802254002354649,2,35,124,2.5999999999999743
Park-Fav,Sequential,50,133,1,160,1.0,0.5508272504056615,0.9802254002354649,0,36,124,1.599999999999973
Park-Fav,Sequential,50,134,0,181,0.1,0.5475081739752204,0.9795777654851056,1,36,125,1.499999999999973
Park-Fav,Sequential,50,135,0,149,0.1,0.5615249336255135,0.9795777654851056,2,36,126,1.3999999999999715
Park-Fav,Sequential,50,136,1,176,1.0,0.5743484005674581,0.9795777654851056,0,37,126,0.39999999999997016
Park-Fav,Sequential,50,137,0,22,0.1,0.49671031940469024,0.9791389782946903,1,37,127,0.2999999999999702
Park-Fav,Sequential,50,138,0,38,0.1,0.4946798299025376,0.9791389782946903,2,37,128,0.19999999999996873
Park-Fav,Sequential,50,139,0,165,0.1,0.44700584769630364,0.9791389782946903,3,37,129,0.09999999999996731
Park-Fav,Sequential,51,1,0,32,0.1,9.777112406997203,0.5,1,2,26,45.4
Park-Fav,Sequential,51,2,0,0,0.1,7.312950313524582,0.5,2,2,27,45.3
Park-Fav,Sequential,51,3,0,16,0.1,7.456688311582321,0.5,3,2,28,45.199999999999996
Park-Fav,Sequential,51,4,0,48,0.1,7.2597313816690106,0.5,4,2,29,45.1
Park-Fav,Sequential,51,5,0,36,0.1,7.2878910756305055,0.5,5,2,30,45.0
Park-Fav,Sequential,51,6,0,20,0.1,7.501571751299699,0.5,6,2,31,44.9
Park-Fav,Sequential,51,7,0,52,0.1,7.302534221213414,0.5,7,2,32,44.800000000000004
Park-Fav,Sequential,51,8,0,4,0.1,7.361001716740356,0.5,8,2,33,44.7
Park-Fav,Sequential,51,9,0,96,0.1,7.240784415324112,0.5,9,2,34,44.6
Park-Fav,Sequential,51,10,0,24,0.1,6.995194958729473,0.5,10,2,35,44.5
Park-Fav,Sequential,51,11,0,40,0.1,7.867369290326281,0.5,11,2,36,44.4
Park-Fav,Sequential,51,12,0,56,0.1,7.350884914055979,0.5,12,2,37,44.300000000000004
Park-Fav,Sequential,51,13,0,8,0.1,7.124314026355225,0.5,13,2,38,44.2
Park-Fav,Sequential,51,14,0,60,0.1,6.571684142686418,0.5,14,2,39,44.1
Park-Fav,Sequential,51,15,0,44,0.1,7.244768863916187,0.5,15,2,40,44.00000000000001
Park-Fav,Sequential,51,16,0,120,0.1,6.924682963659446,0.5,16,2,41,43.900000000000006
Park-Fav,Sequential,51,17,0,28,0.1,7.558367123199645,0.5,17,2,42,43.800000000000004
Park-Fav,Sequential,51,18,0,12,0.1,6.898645423670575,0.5,18,2,43,43.7
Park-Fav,Sequential,51,19,0,100,0.1,6.514948958587878,0.5,19,2,44,43.6
Park-Fav,Sequential,51,20,0,64,0.1,6.393864854042199,0.5,20,2,45,43.50000000000001
Park-Fav,Sequential,51,21,1,56,1.0,6.877038529169245,0.5,0,3,45,42.50000000000001
Park-Fav,Sequential,51,22,0,112,0.1,6.234897852682992,0.5,1,3,46,42.400000000000006
Park-Fav,Sequential,51,23,0,116,0.1,5.9989770167828125,0.5,2,3,47,42.300000000000004
Park-Fav,Sequential,51,24,0,80,0.1,6.018858205828432,0.5,3,3,48,42.20000000000001
Park-Fav,Sequential,51,25,0,68,0.1,5.501096656674678,0.5,4,3,49,42.10000000000001
Park-Fav,Sequential,51,26,0,104,0.1,5.6635839851195655,0.5,5,3,50,42.00000000000001
Park-Fav,Sequential,51,27,0,72,0.1,4.900034847965934,0.5,6,3,51,41.900000000000006
Park-Fav,Sequential,51,28,0,144,0.1,4.436821494118912,0.5,7,3,52,41.800000000000004
Park-Fav,Sequential,51,29,0,128,0.1,4.485831367541717,0.5,8,3,53,41.70000000000001
Park-Fav,Sequential,51,30,0,92,0.1,4.479551409785539,0.5,9,3,54,41.60000000000001
Park-Fav,Sequential,51,31,0,124,0.1,4.525008006372238,0.5,10,3,55,41.50000000000001
Park-Fav,Sequential,51,32,0,108,0.1,4.2841490894975225,0.5,11,3,56,41.40000000000001
Park-Fav,Sequential,51,33,0,76,0.1,3.842564117120442,0.5,12,3,57,41.30000000000001
Park-Fav,Sequential,51,34,0,160,0.1,3.4591503850768444,0.5,13,3,58,41.20000000000001
Park-Fav,Sequential,51,35,0,176,0.1,3.780321276452313,0.5,14,3,59,41.10000000000001
Park-Fav,Sequential,51,36,0,1,0.1,3.3768190577372708,0.5,15,3,60,41.00000000000001
Park-Fav,Sequential,51,37,0,180,0.1,3.2747463407674147,0.5,16,3,61,40.90000000000001
Park-Fav,Sequential,51,38,0,49,0.1,3.2932272549142554,0.5,17,3,62,40.80000000000001
Park-Fav,Sequential,51,39,0,148,0.1,3.265638588595914,0.5,18,3,63,40.70000000000001
Park-Fav,Sequential,51,40,0,33,0.1,3.103918205163914,0.5,19,3,64,40.600000000000016
Park-Fav,Sequential,51,41,1,63,1.0,3.061388049872721,0.5,0,4,64,39.600000000000016
Park-Fav,Sequential,51,42,1,16,1.0,4.9968070331753385,0.5,0,5,64,38.600000000000016
Park-Fav,Sequential,51,43,0,164,0.1,3.7044060440014457,0.5,1,5,65,38.500000000000014
Park-Fav,Sequential,51,44,0,17,0.1,3.8794947789203804,0.5,2,5,66,38.40000000000001
Park-Fav,Sequential,51,45,1,240,1.0,3.962917524836331,0.5,0,6,66,37.40000000000001
Park-Fav,Sequential,51,46,0,136,0.1,3.277335708550127,0.5,1,6,67,37.30000000000001
Park-Fav,Sequential,51,47,0,184,0.1,3.0664102748783186,0.5,2,6,68,37.20000000000001
Park-Fav,Sequential,51,48,0,192,0.1,3.1305989612299547,0.5,3,6,69,37.100000000000016
Park-Fav,Sequential,51,49,0,5,0.1,3.196234302678207,0.5,4,6,70,37.000000000000014
Park-Fav,Sequential,51,50,0,208,0.1,2.853723281667287,0.5,5,6,71,36.90000000000001
Park-Fav,Sequential,51,51,0,168,0.1,2.702295851534452,0.5,6,6,72,36.80000000000002
Park-Fav,Sequential,51,52,0,152,0.1,2.657216578426319,0.5,7,6,73,36.70000000000002
Park-Fav,Sequential,51,53,0,21,0.1,2.6772694817658462,0.5,8,6,74,36.600000000000016
Park-Fav,Sequential,51,54,0,224,0.1,2.8059041887574745,0.5,9,6,75,36.500000000000014
Park-Fav,Sequential,51,55,0,37,0.1,2.4808504591601115,0.5,10,6,76,36.40000000000001
Park-Fav,Sequential,51,56,1,48,1.0,2.566575733197566,0.5,0,7,76,35.40000000000002
Park-Fav,Sequential,51,57,0,53,0.1,5.507984137845768,0.9997416599169753,1,7,77,35.30000000000002
Park-Fav,Sequential,51,58,0,188,0.1,4.477952898916618,0.9997416599169753,2,7,78,35.20000000000002
Park-Fav,Sequential,51,59,0,9,0.1,4.729686361225522,0.9997416599169753,3,7,79,35.100000000000016
Park-Fav,Sequential,51,60,0,140,0.1,4.3314222319593965,0.9997416599169753,4,7,80,35.00000000000002
Park-Fav,Sequential,51,61,0,172,0.1,4.036202255566649,0.9997416599169753,5,7,81,34.90000000000002
Park-Fav,Sequential,51,62,0,156,0.1,3.9305750819565066,0.9997416599169753,6,7,82,34.80000000000002
Park-Fav,Sequential,51,63,0,196,0.1,3.8622750893862645,0.9997416599169753,7,7,83,34.70000000000002
Park-Fav,Sequential,51,64,0,57,0.1,3.6724802965347068,0.9997416599169753,8,7,84,34.600000000000016
Park-Fav,Sequential,51,65,0,113,0.1,3.758318632508287,0.9997416599169753,9,7,85,34.50000000000002
Park-Fav,Sequential,51,66,0,65,0.1,3.445413987406939,0.9997416599169753,10,7,86,34.40000000000002
Park-Fav,Sequential,51,67,0,13,0.1,3.3603245071425683,0.9997416599169753,11,7,87,34.30000000000002
Park-Fav,Sequential,51,68,0,212,0.1,3.28932856724948,0.9997416599169753,12,7,88,34.200000000000024
Park-Fav,Sequential,51,69,0,81,0.1,3.3583514987013063,0.9997416599169753,13,7,89,34.10000000000002
Park-Fav,Sequential,51,70,0,228,0.1,3.046865418134631,0.9997416599169753,14,7,90,34.00000000000002
Park-Fav,Sequential,51,71,0,97,0.1,2.8006223108415016,0.9997416599169753,15,7,91,33.90000000000002
Park-Fav,Sequential,51,72,0,61,0.1,2.5947694097766782,0.9997416599169753,16,7,92,33.80000000000002
Park-Fav,Sequential,51,73,0,29,0.1,2.453708255830124,0.9997416599169753,17,7,93,33.700000000000024
Park-Fav,Sequential,51,74,0,200,0.1,2.2951954259013414,0.9997416599169753,18,7,94,33.600000000000016
Park-Fav,Sequential,51,75,0,248,0.1,2.138129583267107,0.9997416599169753,19,7,95,33.50000000000002
Park-Fav,Sequential,51,76,1,192,1.0,2.5372204614282046,0.9997416599169753,0,8,95,32.500000000000014
Park-Fav,Sequential,51,77,0,45,0.1,2.032629205131442,0.9999999999999999,1,8,96,32.40000000000001
Park-Fav,Sequential,51,78,0,117,0.1,1.9746615503922884,0.9999999999999999,2,8,97,32.30000000000002
Park-Fav,Sequential,51,79,0,2,0.1,1.9367852231320244,0.9999999999999999,3,8,98,32.20000000000001
Park-Fav,Sequential,51,80,0,69,0.1,1.9505044623493624,0.9999999999999999,4,8,99,32.100000000000016
Park-Fav,Sequential,51,81,0,232,0.1,1.9085501037716963,0.9999999999999999,5,8,100,32.00000000000001
Park-Fav,Sequential,51,82,0,216,0.1,1.6954633182209813,0.9999999999999999,6,8,101,31.900000000000013
Park-Fav,Sequential,51,83,0,50,0.1,1.8175489362710024,0.9999999999999999,7,8,102,31.800000000000008
Park-Fav,Sequential,51,84,0,129,0.1,1.570229667452599,0.9999999999999999,8,8,103,31.700000000000006
Park-Fav,Sequential,51,85,0,252,0.1,1.711818564169987,0.9999999999999999,9,8,104,31.600000000000005
Park-Fav,Sequential,51,86,1,0,1.0,1.6105383598962197,0.9999999999999999,0,9,104,30.600000000000005
Park-Fav,Sequential,51,87,0,204,0.1,1.670722749881925,0.9999999999999998,1,9,105,30.500000000000004
Park-Fav,Sequential,51,88,1,32,1.0,1.4759768848494978,0.9999999999999998,0,10,105,29.500000000000004
Park-Fav,Sequential,51,89,0,85,0.1,1.4508807264969659,1.0,1,10,106,29.400000000000002
Park-Fav,Sequential,51,90,1,80,1.0,1.3932630374780193,1.0,0,11,106,28.400000000000002
Park-Fav,Sequential,51,91,0,34,0.1,1.3714239069574807,1.0,1,11,107,28.3
Park-Fav,Sequential,51,92,1,36,1.0,1.5067656069895852,1.0,0,12,107,27.3
Park-Fav,Sequential,51,93,1,52,1.0,1.3850580031111672,1.0,0,13,107,26.3
Park-Fav,Sequential,51,94,1,24,1.0,1.4203321103509776,0.9999999999999998,0,14,107,25.3
Park-Fav,Sequential,51,95,1,8,1.0,1.42552809970546,0.9999999999999998,0,15,107,24.3
Park-Fav,Sequential,51,96,0,177,0.1,1.505184133035468,0.9999999999999996,1,15,108,24.2
Park-Fav,Sequential,51,97,1,20,1.0,1.3925862980767734,0.9999999999999996,0,16,108,23.2
Park-Fav,Sequential,51,98,0,101,0.1,1.3589053790259182,0.9999999999999998,1,16,109,23.099999999999998
Park-Fav,Sequential,51,99,0,145,0.1,1.3075679902482724,0.9999999999999998,2,16,110,22.999999999999996
Park-Fav,Sequential,51,100,1,40,1.0,1.2814765665863768,0.9999999999999998,0,17,110,21.999999999999996
Park-Fav,Sequential,51,101,1,4,1.0,1.2521308830884923,0.9999999999999994,0,18,110,20.999999999999996
Park-Fav,Sequential,51,102,1,60,1.0,1.246410398679914,0.9999999999999996,0,19,110,19.999999999999996
Park-Fav,Sequential,51,103,1,64,1.0,1.1423573692587323,0.9999999999999993,0,20,110,18.999999999999996
Park-Fav,Sequential,51,104,1,104,1.0,1.2047261868729802,0.9999999999999992,0,21,110,17.999999999999996
Park-Fav,Sequential,51,105,0,220,0.1,1.156548018520029,0.9940793342112979,1,21,111,17.9
Park-Fav,Sequential,51,106,1,44,1.0,1.218794717562728,0.9940793342112979,0,22,111,16.9
Park-Fav,Sequential,51,107,1,28,1.0,1.0124480317447038,0.9941536014763007,0,23,111,15.899999999999999
Park-Fav,Sequential,51,108,1,12,1.0,1.1024261840022165,0.9942184897550159,0,24,111,14.899999999999999
Park-Fav,Sequential,51,109,0,236,0.1,1.0350978454232898,0.9942756701799371,1,24,112,14.799999999999999
Park-Fav,Sequential,51,110,1,68,1.0,1.0760167555569358,0.9942756701799371,0,25,112,13.799999999999997
Park-Fav,Sequential,51,111,1,112,1.0,1.010573714428909,0.9942969644393079,0,26,112,12.799999999999997
Park-Fav,Sequential,51,112,1,96,1.0,0.9946597072665055,0.9943262230516007,0,27,112,11.799999999999997
Park-Fav,Sequential,51,113,0,73,0.1,0.9295529234160311,0.9943579319415004,1,27,113,11.699999999999998
Park-Fav,Sequential,51,114,0,193,0.1,0.8248622030359746,0.9943579319415004,2,27,114,11.599999999999996
Park-Fav,Sequential,51,115,1,100,1.0,0.8481242851391979,0.9943579319415004,0,28,114,10.599999999999994
Park-Fav,Sequential,51,116,1,76,1.0,0.8014100752006731,0.9943078919507261,0,29,114,9.599999999999994
Park-Fav,Sequential,51,117,1,84,1.0,0.7651938394381517,0.9873622699577926,0,30,114,8.599999999999994
Park-Fav,Sequential,51,118,1,116,1.0,0.7188387895082968,0.9877638596678157,0,31,114,7.599999999999994
Park-Fav,Sequential,51,119,0,241,0.1,0.7311863225176374,0.9881137202026826,1,31,115,7.499999999999995
Park-Fav,Sequential,51,120,0,121,0.1,0.6487751054515972,0.9881137202026826,2,31,116,7.399999999999993
Park-Fav,Sequential,51,121,1,120,1.0,0.6743428200402246,0.9881137202026826,0,32,116,6.3999999999999915
Park-Fav,Sequential,51,122,0,89,0.1,0.6244071987641795,0.9875326604911897,1,32,117,6.299999999999992
Park-Fav,Sequential,51,123,1,124,1.0,0.6896917725015874,0.9875326604911897,0,33,117,5.29999999999999
Park-Fav,Sequential,51,124,1,88,1.0,0.6106234004205697,0.9847125886740055,0,34,117,4.29999999999999
Park-Fav,Sequential,51,125,1,72,1.0,0.5838298841644713,0.9847771311493919,0,35,117,3.29999999999999
Park-Fav,Sequential,51,126,1,144,1.0,0.5830786235215359,0.984875737952198,0,36,117,2.29999999999999
Park-Fav,Sequential,51,127,0,209,0.1,0.6081765222056729,0.9839109466942688,1,36,118,2.19999999999999
Park-Fav,Sequential,51,128,1,176,1.0,0.5699530739587894,0.9839109466942688,0,37,118,1.1999999999999886
Park-Fav,Sequential,51,129,0,225,0.1,0.5445901995672534,0.9833276723146495,1,37,119,1.0999999999999885
Park-Fav,Sequential,51,130,0,105,0.1,0.5208886630100952,0.9833276723146495,2,37,120,0.9999999999999872
Park-Fav,Sequential,51,131,0,6,0.1,0.44201987969069423,0.9833276723146495,3,37,121,0.8999999999999858
Park-Fav,Sequential,51,132,0,66,0.1,0.42881928677976283,0.9833276723146495,4,37,122,0.7999999999999844
Park-Fav,Sequential,51,133,0,149,0.1,0.38064039118132204,0.9833276723146495,5,37,123,0.699999999999983
Park-Fav,Sequential,51,134,0,181,0.1,0.3901300051672644,0.9833276723146495,6,37,124,0.5999999999999815
Park-Fav,Sequential,51,135,0,114,0.1,0.3718460556196929,0.9833276723146495,7,37,125,0.4999999999999801
Park-Fav,Sequential,51,136,0,93,0.1,0.3558029901372232,0.9833276723146495,8,37,126,0.3999999999999787
Park-Fav,Sequential,51,137,0,22,0.1,0.3746373845478773,0.9833276723146495,9,37,127,0.2999999999999773
Park-Fav,Sequential,51,138,0,82,0.1,0.3476721250764592,0.9833276723146495,10,37,128,0.19999999999997584
Park-Fav,Sequential,51,139,0,98,0.1,0.36277806444280175,0.9833276723146495,11,37,129,0.09999999999997441
Park-Fav,Sequential,52,1,0,24,0.1,8.099703515691797,0.5,1,2,26,45.4
Park-Fav,Sequential,52,2,0,8,0.1,7.993181225252132,0.5,2,2,27,45.3
Park-Fav,Sequential,52,3,0,20,0.1,7.742862987796055,0.5,3,2,28,45.199999999999996
Park-Fav,Sequential,52,4,0,48,0.1,9.219127929274768,0.5,4,2,29,45.1
Park-Fav,Sequential,52,5,0,32,0.1,8.131704266845142,0.5,5,2,30,45.0
Park-Fav,Sequential,52,6,0,36,0.1,8.120583191024567,0.5,6,2,31,44.9
Park-Fav,Sequential,52,7,0,52,0.1,8.194122299412724,0.5,7,2,32,44.800000000000004
Park-Fav,Sequential,52,8,0,16,0.1,8.235389328852843,0.5,8,2,33,44.7
Park-Fav,Sequential,52,9,0,4,0.1,8.423365401584775,0.5,9,2,34,44.6
Park-Fav,Sequential,52,10,0,0,0.1,7.774575900702923,0.5,10,2,35,44.5
Park-Fav,Sequential,52,11,0,112,0.1,7.248955433173851,0.5,11,2,36,44.4
Park-Fav,Sequential,52,12,0,28,0.1,7.679362253771114,0.5,12,2,37,44.300000000000004
Park-Fav,Sequential,52,13,0,56,0.1,7.635974692577981,0.5,13,2,38,44.2
Park-Fav,Sequential,52,14,0,44,0.1,7.499497873440737,0.5,14,2,39,44.1
Park-Fav,Sequential,52,15,0,60,0.1,7.7385015888821735,0.5,15,2,40,44.00000000000001
Park-Fav,Sequential,52,16,1,32,1.0,7.039521749231477,0.5,0,3,40,43.00000000000001
Park-Fav,Sequential,52,17,0,96,0.1,6.790292534851871,0.5,1,3,41,42.900000000000006
Park-Fav,Sequential,52,18,0,68,0.1,6.637373412202281,0.5,2,3,42,42.800000000000004
Park-Fav,Sequential,52,19,0,100,0.1,6.400950786043588,0.5,3,3,43,42.7
Park-Fav,Sequential,52,20,0,64,0.1,6.4843275331814,0.5,4,3,44,42.6
Park-Fav,Sequential,52,21,0,120,0.1,6.216238603775499,0.5,5,3,45,42.50000000000001
Park-Fav,Sequential,52,22,0,84,0.1,5.972973550628861,0.5,6,3,46,42.400000000000006
Park-Fav,Sequential,52,23,0,104,0.1,5.862179683626387,0.5,7,3,47,42.300000000000004
Park-Fav,Sequential,52,24,0,88,0.1,6.0234314023518305,0.5,8,3,48,42.20000000000001
Park-Fav,Sequential,52,25,0,116,0.1,5.631021302681864,0.5,9,3,49,42.10000000000001
Park-Fav,Sequential,52,26,0,72,0.1,5.18935357787091,0.5,10,3,50,42.00000000000001
Park-Fav,Sequential,52,27,0,124,0.1,4.889048343751009,0.5,11,3,51,41.900000000000006
Park-Fav,Sequential,52,28,0,160,0.1,4.686876209628843,0.5,12,3,52,41.800000000000004
Park-Fav,Sequential,52,29,0,128,0.1,4.521771906048118,0.5,13,3,53,41.70000000000001
Park-Fav,Sequential,52,30,0,76,0.1,4.882400346392419,0.5,14,3,54,41.60000000000001
Park-Fav,Sequential,52,31,0,108,0.1,4.494127746696261,0.5,15,3,55,41.50000000000001
Park-Fav,Sequential,52,32,0,92,0.1,4.407168005525498,0.5,16,3,56,41.40000000000001
Park-Fav,Sequential,52,33,0,144,0.1,4.308915203559718,0.5,17,3,57,41.30000000000001
Park-Fav,Sequential,52,34,0,1,0.1,3.6549087035039185,0.5,18,3,58,41.20000000000001
Park-Fav,Sequential,52,35,0,176,0.1,3.7116050622806576,0.5,19,3,59,41.10000000000001
Park-Fav,Sequential,52,36,0,132,0.1,3.4270629411294977,0.5,20,3,60,41.00000000000001
Park-Fav,Sequential,52,37,1,240,1.0,2.198526874065652,0.5,0,4,60,40.000000000000014
Park-Fav,Sequential,52,38,0,180,0.1,3.262804708335186,0.5,1,4,61,39.90000000000001
Park-Fav,Sequential,52,39,0,17,0.1,3.0578265035589904,0.5,2,4,62,39.80000000000001
Park-Fav,Sequential,52,40,0,148,0.1,3.0379515222678197,0.5,3,4,63,39.70000000000001
Park-Fav,Sequential,52,41,0,49,0.1,3.0426571421763953,0.5,4,4,64,39.600000000000016
Park-Fav,Sequential,52,42,0,33,0.1,3.0117046296973062,0.5,5,4,65,39.500000000000014
Park-Fav,Sequential,52,43,0,164,0.1,2.8360677612625076,0.5,6,4,66,39.40000000000001
Park-Fav,Sequential,52,44,0,192,0.1,2.6249254183237514,0.5,7,4,67,39.30000000000001
Park-Fav,Sequential,52,45,0,136,0.1,2.7975613260920653,0.5,8,4,68,39.20000000000001
Park-Fav,Sequential,52,46,0,5,0.1,2.485786700100119,0.5,9,4,69,39.100000000000016
Park-Fav,Sequential,52,47,0,184,0.1,2.436671755007285,0.5,10,4,70,39.000000000000014
Park-Fav,Sequential,52,48,1,0,1.0,2.5197065283727333,0.5,0,5,70,38.000000000000014
Park-Fav,Sequential,52,49,1,60,1.0,2.401193904149819,0.5,0,6,70,37.000000000000014
Park-Fav,Sequential,52,50,0,208,0.1,4.32084376875484,0.9995519253808179,1,6,71,36.90000000000001
Park-Fav,Sequential,52,51,0,188,0.1,4.621157337815731,0.9995519253808179,2,6,72,36.80000000000002
Park-Fav,Sequential,52,52,0,53,0.1,4.330675158567667,0.9995519253808179,3,6,73,36.70000000000002
Park-Fav,Sequential,52,53,0,152,0.1,4.109916427056042,0.9995519253808179,4,6,74,36.600000000000016
Park-Fav,Sequential,52,54,0,21,0.1,4.161504165157179,0.9995519253808179,5,6,75,36.500000000000014
Park-Fav,Sequential,52,55,0,224,0.1,4.082944170409275,0.9995519253808179,6,6,76,36.40000000000001
Park-Fav,Sequential,52,56,0,168,0.1,3.96395850524784,0.9995519253808179,7,6,77,36.30000000000002
Park-Fav,Sequential,52,57,0,140,0.1,3.4208895591014596,0.9995519253808179,8,6,78,36.20000000000002
Park-Fav,Sequential,52,58,0,156,0.1,3.3485114589645564,0.9995519253808179,9,6,79,36.100000000000016
Park-Fav,Sequential,52,59,0,57,0.1,3.250931313754789,0.9995519253808179,10,6,80,36.00000000000002
Park-Fav,Sequential,52,60,0,172,0.1,2.9535763949884735,0.9995519253808179,11,6,81,35.90000000000002
Park-Fav,Sequential,52,61,0,65,0.1,2.9885849317824595,0.9995519253808179,12,6,82,35.80000000000002
Park-Fav,Sequential,52,62,0,196,0.1,2.9927051605903645,0.9995519253808179,13,6,83,35.70000000000002
Park-Fav,Sequential,52,63,0,81,0.1,2.6433926063665374,0.9995519253808179,14,6,84,35.600000000000016
Park-Fav,Sequential,52,64,0,244,0.1,2.8035934974848606,0.9995519253808179,15,6,85,35.50000000000002
Park-Fav,Sequential,52,65,0,9,0.1,2.7419893340385175,0.9995519253808179,16,6,86,35.40000000000002
Park-Fav,Sequential,52,66,0,113,0.1,2.5587171646067683,0.9995519253808179,17,6,87,35.30000000000002
Park-Fav,Sequential,52,67,0,97,0.1,2.247288401799764,0.9995519253808179,18,6,88,35.200000000000024
Park-Fav,Sequential,52,68,0,61,0.1,2.3655410564616663,0.9995519253808179,19,6,89,35.10000000000002
Park-Fav,Sequential,52,69,0,41,0.1,2.3277912834139594,0.9995519253808179,20,6,90,35.00000000000002
Park-Fav,Sequential,52,70,1,8,1.0,1.5542623561838607,0.9995519253808179,0,7,90,34.00000000000002
Park-Fav,Sequential,52,71,0,228,0.1,2.1615226912647136,0.9994834160198625,1,7,91,33.90000000000002
Park-Fav,Sequential,52,72,0,25,0.1,1.9716531167969336,0.9994834160198625,2,7,92,33.80000000000002
Park-Fav,Sequential,52,73,0,200,0.1,1.7628686828235065,0.9994834160198625,3,7,93,33.700000000000024
Park-Fav,Sequential,52,74,0,13,0.1,1.9847946289370844,0.9994834160198625,4,7,94,33.600000000000016
Park-Fav,Sequential,52,75,0,248,0.1,1.761657911767033,0.9994834160198625,5,7,95,33.50000000000002
Park-Fav,Sequential,52,76,0,45,0.1,1.5183924551387724,0.9994834160198625,6,7,96,33.40000000000001
Park-Fav,Sequential,52,77,1,48,1.0,1.3985828124099533,0.9994834160198625,0,8,96,32.40000000000002
Park-Fav,Sequential,52,78,1,40,1.0,1.464382940212049,0.9993309626006854,0,9,96,31.40000000000002
Park-Fav,Sequential,52,79,0,29,0.1,1.4243036689773871,0.9991468351869629,1,9,97,31.300000000000015
Park-Fav,Sequential,52,80,1,16,1.0,1.3595608023988144,0.9991468351869629,0,10,97,30.300000000000015
Park-Fav,Sequential,52,81,1,24,1.0,1.3410560452468778,0.9992424275708934,0,11,97,29.300000000000015
Park-Fav,Sequential,52,82,0,69,0.1,1.3909860021349396,0.9992531604399612,1,11,98,29.200000000000014
Park-Fav,Sequential,52,83,0,216,0.1,1.3791274427392413,0.9992531604399612,2,11,99,29.100000000000012
Park-Fav,Sequential,52,84,1,28,1.0,1.3274188876989323,0.9992531604399612,0,12,99,28.100000000000012
Park-Fav,Sequential,52,85,0,50,0.1,1.412580305124986,0.9992154870288588,1,12,100,28.00000000000001
Park-Fav,Sequential,52,86,1,36,1.0,1.2598610394796246,0.9992154870288588,0,13,100,27.00000000000001
Park-Fav,Sequential,52,87,1,56,1.0,1.2950427430805636,0.9989388549032191,0,14,100,26.00000000000001
Park-Fav,Sequential,52,88,1,20,1.0,1.2116582604924389,0.9987833479663975,0,15,100,25.00000000000001
Park-Fav,Sequential,52,89,0,232,0.1,1.2360098150148517,0.99871927408066,1,15,101,24.90000000000001
Park-Fav,Sequential,52,90,0,2,0.1,1.212027509991796,0.99871927408066,2,15,102,24.800000000000008
Park-Fav,Sequential,52,91,1,52,1.0,1.170135537758348,0.99871927408066,0,16,102,23.800000000000008
Park-Fav,Sequential,52,92,1,44,1.0,1.1529306145239508,0.9984426973753361,0,17,102,22.800000000000008
Park-Fav,Sequential,52,93,1,4,1.0,1.1647279477962562,0.9985767542242345,0,18,102,21.800000000000008
Park-Fav,Sequential,52,94,1,12,1.0,1.0987828577482681,0.9985994114823851,0,19,102,20.800000000000008
Park-Fav,Sequential,52,95,0,117,0.1,1.0963681858828138,0.9985855973656348,1,19,103,20.700000000000006
Park-Fav,Sequential,52,96,0,204,0.1,1.0181661883327295,0.9985855973656348,2,19,104,20.600000000000005
Park-Fav,Sequential,52,97,0,252,0.1,1.1425530880330061,0.9985855973656348,3,19,105,20.500000000000004
Park-Fav,Sequential,52,98,0,145,0.1,0.9842521257853115,0.9985855973656348,4,19,106,20.400000000000002
Park-Fav,Sequential,52,99,0,85,0.1,0.8997056606157203,0.9985855973656348,5,19,107,20.3
Park-Fav,Sequential,52,100,1,112,1.0,0.921701122770793,0.9985855973656348,0,20,107,19.3
Park-Fav,Sequential,52,101,0,177,0.1,0.9668059118140695,0.9999999999999899,1,20,108,19.2
Park-Fav,Sequential,52,102,1,64,1.0,1.032189593477899,0.9999999999999899,0,21,108,18.2
Park-Fav,Sequential,52,103,1,88,1.0,0.9106837632748357,0.9999999999999949,0,22,108,17.2
Park-Fav,Sequential,52,104,1,80,1.0,0.7843907569863304,0.9913634130368798,0,23,108,16.200000000000003
Park-Fav,Sequential,52,105,0,101,0.1,0.8399958796667598,0.9907878872696373,1,23,109,16.1
Park-Fav,Sequential,52,106,0,161,0.1,0.8187307059260002,0.9907878872696373,2,23,110,16.0
Park-Fav,Sequential,52,107,0,18,0.1,0.8078678852158857,0.9907878872696373,3,23,111,15.9
Park-Fav,Sequential,52,108,1,96,1.0,0.7601308600099363,0.9907878872696373,0,24,111,14.899999999999999
Park-Fav,Sequential,52,109,1,120,1.0,0.7850250107916339,0.9907030835969117,0,25,111,13.899999999999999
Park-Fav,Sequential,52,110,0,34,0.1,0.7383582547664582,0.990216721480888,1,25,112,13.799999999999999
Park-Fav,Sequential,52,111,1,76,1.0,0.7060768173649336,0.990216721480888,0,26,112,12.799999999999997
Park-Fav,Sequential,52,112,1,84,1.0,0.6568909470895464,0.9876959773914457,0,27,112,11.799999999999997
Park-Fav,Sequential,52,113,1,100,1.0,0.6458781848459488,0.9883009772883675,0,28,112,10.799999999999997
Park-Fav,Sequential,52,114,1,116,1.0,0.6613762616408302,0.9888184932352059,0,29,112,9.799999999999997
Park-Fav,Sequential,52,115,1,68,1.0,0.6397323064777483,0.9892638764148872,0,30,112,8.799999999999997
Park-Fav,Sequential,52,116,1,104,1.0,0.5766002980540408,0.9896500010125037,0,31,112,7.799999999999997
Park-Fav,Sequential,52,117,0,220,0.1,0.6417952059103049,0.9901327951182453,1,31,113,7.6999999999999975
Park-Fav,Sequential,52,118,0,236,0.1,0.5920828820796193,0.9901327951182453,2,31,114,7.599999999999996
Park-Fav,Sequential,52,119,1,72,1.0,0.5266064928899836,0.9901327951182453,0,32,114,6.599999999999994
Park-Fav,Sequential,52,120,0,121,0.1,0.4942985500042989,0.9905678058189284,1,32,115,6.499999999999995
Park-Fav,Sequential,52,121,1,124,1.0,0.4899364835221083,0.9905678058189284,0,33,115,5.499999999999993
Park-Fav,Sequential,52,122,0,193,0.1,0.45704734841499717,0.9895770802259564,1,33,116,5.399999999999993
Park-Fav,Sequential,52,123,1,92,1.0,0.40429420088078133,0.9895770802259564,0,34,116,4.3999999999999915
Park-Fav,Sequential,52,124,0,73,0.1,0.4153889891834969,0.9891470639811368,1,34,117,4.299999999999992
Park-Fav,Sequential,52,125,1,128,1.0,0.4351578403664247,0.9891470639811368,0,35,117,3.29999999999999
Park-Fav,Sequential,52,126,1,144,1.0,0.4500902597444089,0.9853347253482593,0,36,117,2.29999999999999
Park-Fav,Sequential,52,127,1,108,1.0,0.40492413988019516,0.9829263341815225,0,37,117,1.29999999999999
Park-Fav,Sequential,52,128,1,176,1.0,0.42595562873948045,0.9821505584378638,0,38,117,0.29999999999999005
Park-Fav,Sequential,52,129,0,209,0.1,0.32921915616954883,0.9802617067823588,1,38,118,0.19999999999999005
Park-Fav,Sequential,52,130,0,125,0.1,0.29645136152420676,0.9802617067823588,2,38,119,0.09999999999998863
Park-Fav,Sequential,53,1,0,20,0.1,13.442408707891284,0.5,1,2,26,45.4
Park-Fav,Sequential,53,2,1,112,1.0,12.125985061058717,0.5,0,3,26,44.4
Park-Fav,Sequential,53,3,0,16,0.1,9.308447539388368,0.5,1,3,27,44.3
Park-Fav,Sequential,53,4,0,48,0.1,9.736094567229474,0.5,2,3,28,44.199999999999996
Park-Fav,Sequential,53,5,0,0,0.1,9.784653856410921,0.5,3,3,29,44.1
Park-Fav,Sequential,53,6,0,32,0.1,10.208174064692153,0.5,4,3,30,44.0
Park-Fav,Sequential,53,7,0,4,0.1,9.29033843062356,0.5,5,3,31,43.9
Park-Fav,Sequential,53,8,0,36,0.1,9.933701600779768,0.5,6,3,32,43.800000000000004
Park-Fav,Sequential,53,9,0,40,0.1,9.409156953755625,0.5,7,3,33,43.7
Park-Fav,Sequential,53,10,0,52,0.1,9.754395443558822,0.5,8,3,34,43.6
Park-Fav,Sequential,53,11,0,56,0.1,9.424611795485248,0.5,9,3,35,43.5
Park-Fav,Sequential,53,12,0,8,0.1,10.120450869441095,0.5,10,3,36,43.4
Park-Fav,Sequential,53,13,0,24,0.1,10.306960518475833,0.5,11,3,37,43.300000000000004
Park-Fav,Sequential,53,14,0,44,0.1,8.961346729346493,0.5,12,3,38,43.2
Park-Fav,Sequential,53,15,0,60,0.1,9.172166961551337,0.5,13,3,39,43.1
Park-Fav,Sequential,53,16,0,28,0.1,8.624263494901228,0.5,14,3,40,43.00000000000001
Park-Fav,Sequential,53,17,0,100,0.1,8.321297652411305,0.5,15,3,41,42.900000000000006
Park-Fav,Sequential,53,18,0,12,0.1,8.387973260020331,0.5,16,3,42,42.800000000000004
Park-Fav,Sequential,53,19,0,64,0.1,7.998937759401827,0.5,17,3,43,42.7
Park-Fav,Sequential,53,20,0,80,0.1,7.904940277952068,0.5,18,3,44,42.6
Park-Fav,Sequential,53,21,0,96,0.1,8.241991398378255,0.5,19,3,45,42.50000000000001
Park-Fav,Sequential,53,22,0,116,0.1,7.963416029755315,0.5,20,3,46,42.400000000000006
Park-Fav,Sequential,53,23,1,240,1.0,3.6002532004233783,0.5,0,4,46,41.400000000000006
Park-Fav,Sequential,53,24,0,84,0.1,7.42986597755475,0.5,1,4,47,41.300000000000004
Park-Fav,Sequential,53,25,0,68,0.1,7.569112515602982,0.5,2,4,48,41.20000000000001
Park-Fav,Sequential,53,26,0,104,0.1,7.354192904439489,0.5,3,4,49,41.10000000000001
Park-Fav,Sequential,53,27,0,88,0.1,6.7441643730232625,0.5,4,4,50,41.00000000000001
Park-Fav,Sequential,53,28,0,72,0.1,7.113149605235534,0.5,5,4,51,40.900000000000006
Park-Fav,Sequential,53,29,0,120,0.1,6.429362757606094,0.5,6,4,52,40.800000000000004
Park-Fav,Sequential,53,30,0,108,0.1,6.030061714463805,0.5,7,4,53,40.70000000000001
Park-Fav,Sequential,53,31,0,176,0.1,6.689982547504081,0.5,8,4,54,40.60000000000001
Park-Fav,Sequential,53,32,0,76,0.1,5.918692959653302,0.5,9,4,55,40.50000000000001
Park-Fav,Sequential,53,33,0,160,0.1,5.806324884601007,0.5,10,4,56,40.40000000000001
Park-Fav,Sequential,53,34,0,92,0.1,5.865417526596559,0.5,11,4,57,40.30000000000001
Park-Fav,Sequential,53,35,0,124,0.1,5.965148717246872,0.5,12,4,58,40.20000000000001
Park-Fav,Sequential,53,36,0,144,0.1,5.14849290456221,0.5,13,4,59,40.10000000000001
Park-Fav,Sequential,53,37,0,1,0.1,4.549645791947842,0.5,14,4,60,40.00000000000001
Park-Fav,Sequential,53,38,0,164,0.1,4.579011655578095,0.5,15,4,61,39.90000000000001
Park-Fav,Sequential,53,39,0,180,0.1,4.3659805061528925,0.5,16,4,62,39.80000000000001
Park-Fav,Sequential,53,40,0,192,0.1,4.761838012038489,0.5,17,4,63,39.70000000000001
Park-Fav,Sequential,53,41,0,132,0.1,4.173126326574375,0.5,18,4,64,39.600000000000016
Park-Fav,Sequential,53,42,0,49,0.1,4.41768905728633,0.5,19,4,65,39.500000000000014
Park-Fav,Sequential,53,43,0,148,0.1,4.037121313758255,0.5,20,4,66,39.40000000000001
Park-Fav,Sequential,53,44,1,64,1.0,2.228645295540721,0.5,0,5,66,38.40000000000001
Park-Fav,Sequential,53,45,0,33,0.1,4.211267421880459,0.5,1,5,67,38.30000000000001
Park-Fav,Sequential,53,46,0,17,0.1,4.008475727265786,0.5,2,5,68,38.20000000000001
Park-Fav,Sequential,53,47,0,224,0.1,3.648344096275238,0.5,3,5,69,38.100000000000016
Park-Fav,Sequential,53,48,0,136,0.1,3.315287066634161,0.5,4,5,70,38.000000000000014
Park-Fav,Sequential,53,49,0,208,0.1,3.3328233486844683,0.5,5,5,71,37.90000000000001
Park-Fav,Sequential,53,50,0,168,0.1,3.248294432166725,0.5,6,5,72,37.80000000000002
Park-Fav,Sequential,53,51,0,53,0.1,3.392206866743673,0.5,7,5,73,37.70000000000002
Park-Fav,Sequential,53,52,0,152,0.1,3.078086041168998,0.5,8,5,74,37.600000000000016
Park-Fav,Sequential,53,53,0,188,0.1,2.9610144537153116,0.5,9,5,75,37.500000000000014
Park-Fav,Sequential,53,54,0,5,0.1,3.004466870191289,0.5,10,5,76,37.40000000000001
Park-Fav,Sequential,53,55,0,37,0.1,2.8758380610824075,0.5,11,5,77,37.30000000000002
Park-Fav,Sequential,53,56,0,57,0.1,2.6566129641752667,0.5,12,5,78,37.20000000000002
Park-Fav,Sequential,53,57,0,140,0.1,2.564539989208318,0.5,13,5,79,37.100000000000016
Park-Fav,Sequential,53,58,0,9,0.1,2.4517832988564394,0.5,14,5,80,37.00000000000002
Park-Fav,Sequential,53,59,0,196,0.1,2.3102910459031754,0.5,15,5,81,36.90000000000002
Park-Fav,Sequential,53,60,0,156,0.1,2.3316801896375887,0.5,16,5,82,36.80000000000002
Park-Fav,Sequential,53,61,0,172,0.1,2.3779499718701747,0.5,17,5,83,36.70000000000002
Park-Fav,Sequential,53,62,1,16,1.0,2.1891506378516326,0.5,0,6,83,35.70000000000002
Park-Fav,Sequential,53,63,0,113,0.1,2.120427766136069,0.5,1,6,84,35.600000000000016
Park-Fav,Sequential,53,64,0,65,0.1,2.1225604861956726,0.5,2,6,85,35.50000000000002
Park-Fav,Sequential,53,65,0,61,0.1,2.2296603961197405,0.5,3,6,86,35.40000000000002
Park-Fav,Sequential,53,66,0,244,0.1,2.099033275845753,0.5,4,6,87,35.30000000000002
Park-Fav,Sequential,53,67,0,13,0.1,2.288637771938907,0.5,5,6,88,35.200000000000024
Park-Fav,Sequential,53,68,0,25,0.1,1.913951928011548,0.5,6,6,89,35.10000000000002
Park-Fav,Sequential,53,69,0,97,0.1,1.7909677243652533,0.5,7,6,90,35.00000000000002
Park-Fav,Sequential,53,70,0,212,0.1,1.8614304378225532,0.5,8,6,91,34.90000000000002
Park-Fav,Sequential,53,71,0,228,0.1,1.835250713721226,0.5,9,6,92,34.80000000000002
Park-Fav,Sequential,53,72,0,29,0.1,1.77573939575894,0.5,10,6,93,34.700000000000024
Park-Fav,Sequential,53,73,1,0,1.0,1.6249194664534417,0.5,0,7,93,33.700000000000024
Park-Fav,Sequential,53,74,0,45,0.1,3.4042859454711816,1.0,1,7,94,33.60000000000002
Park-Fav,Sequential,53,75,0,50,0.1,2.8142352583791252,1.0,2,7,95,33.50000000000002
Park-Fav,Sequential,53,76,0,200,0.1,2.734774284536017,1.0,3,7,96,33.40000000000002
Park-Fav,Sequential,53,77,0,216,0.1,2.3854959362487405,1.0,4,7,97,33.30000000000002
Park-Fav,Sequential,53,78,0,69,0.1,2.323340797176081,1.0,5,7,98,33.20000000000002
Park-Fav,Sequential,53,79,0,232,0.1,2.1140731708433638,1.0,6,7,99,33.100000000000016
Park-Fav,Sequential,53,80,0,129,0.1,2.1521455497849837,1.0,7,7,100,33.000000000000014
Park-Fav,Sequential,53,81,0,145,0.1,2.070730467391976,1.0,8,7,101,32.90000000000001
Park-Fav,Sequential,53,82,0,117,0.1,2.0834906439637355,1.0,9,7,102,32.80000000000001
Park-Fav,Sequential,53,83,0,252,0.1,1.9197935562413049,1.0,10,7,103,32.70000000000001
Park-Fav,Sequential,53,84,0,177,0.1,1.8598741019516463,1.0,11,7,104,32.60000000000001
Park-Fav,Sequential,53,85,0,34,0.1,1.8591387431468986,1.0,12,7,105,32.50000000000001
Park-Fav,Sequential,53,86,0,18,0.1,1.8645708614762024,1.0,13,7,106,32.400000000000006
Park-Fav,Sequential,53,87,0,161,0.1,1.6583039941103117,1.0,14,7,107,32.300000000000004
Park-Fav,Sequential,53,88,0,220,0.1,1.5152172812285902,1.0,15,7,108,32.2
Park-Fav,Sequential,53,89,0,236,0.1,1.4134429348167126,1.0,16,7,109,32.1
Park-Fav,Sequential,53,90,1,32,1.0,1.2234022724664566,1.0,0,8,109,31.1
Park-Fav,Sequential,53,91,1,192,1.0,1.5630363840567296,1.0,0,9,109,30.1
Park-Fav,Sequential,53,92,1,48,1.0,1.3063497088486602,0.9999999999999998,0,10,109,29.1
Park-Fav,Sequential,53,93,0,193,0.1,1.1161740707970258,1.0,1,10,110,29.0
Park-Fav,Sequential,53,94,0,73,0.1,1.1568614936547195,1.0,2,10,111,28.9
Park-Fav,Sequential,53,95,1,80,1.0,1.1908372166527619,1.0,0,11,111,27.9
Park-Fav,Sequential,53,96,0,209,0.1,0.9970764032078341,0.9999999999999998,1,11,112,27.799999999999997
Park-Fav,Sequential,53,97,0,121,0.1,1.0859035410678282,0.9999999999999998,2,11,113,27.699999999999996
Park-Fav,Sequential,53,98,1,96,1.0,1.02592203269498,0.9999999999999998,0,12,113,26.699999999999996
Park-Fav,Sequential,53,99,0,54,0.1,1.04724798194624,1.0,1,12,114,26.599999999999994
Park-Fav,Sequential,53,100,0,89,0.1,0.8783053687012815,1.0,2,12,115,26.499999999999993
Park-Fav,Sequential,53,101,0,225,0.1,1.0056145923983544,1.0,3,12,116,26.39999999999999
Park-Fav,Sequential,53,102,1,52,1.0,0.9065394634330649,1.0,0,13,116,25.39999999999999
Park-Fav,Sequential,53,103,1,36,1.0,1.0009435446762394,1.0,0,14,116,24.39999999999999
Park-Fav,Sequential,53,104,1,20,1.0,1.0943967397086556,0.9999999999999999,0,15,116,23.39999999999999
Park-Fav,Sequential,53,105,1,40,1.0,1.4026780689821712,0.9999999999999999,0,16,116,22.39999999999999
Park-Fav,Sequential,53,106,1,56,1.0,1.507649642416336,1.0,0,17,116,21.39999999999999
Park-Fav,Sequential,53,107,1,24,1.0,1.2729651122313186,0.9999999999999997,0,18,116,20.39999999999999
Park-Fav,Sequential,53,108,1,4,1.0,1.2496180819737495,0.9999999999999999,0,19,116,19.39999999999999
Park-Fav,Sequential,53,109,1,44,1.0,1.301748900041583,0.9999999999999997,0,20,116,18.39999999999999
Park-Fav,Sequential,53,110,1,60,1.0,1.3215140009005126,0.9999999999999992,0,21,116,17.39999999999999
Park-Fav,Sequential,53,111,1,28,1.0,1.22465441298201,0.9999999999999993,0,22,116,16.39999999999999
Park-Fav,Sequential,53,112,1,8,1.0,1.1045487573382564,0.999999999999999,0,23,116,15.399999999999991
Park-Fav,Sequential,53,113,1,104,1.0,1.2774465375510142,0.9999999999999989,0,24,116,14.399999999999991
Park-Fav,Sequential,53,114,1,12,1.0,0.9619931860634654,0.9943121518936235,0,25,116,13.399999999999991
Park-Fav,Sequential,53,115,1,68,1.0,0.9531801797391455,0.9943778419480905,0,26,116,12.399999999999991
Park-Fav,Sequential,53,116,0,241,0.1,0.9057555437279182,0.99432622002438,1,26,117,12.299999999999992
Park-Fav,Sequential,53,117,1,100,1.0,0.9168032054661779,0.99432622002438,0,27,117,11.29999999999999
Park-Fav,Sequential,53,118,1,84,1.0,0.8215606669222041,0.9943270884561141,0,28,117,10.29999999999999
Park-Fav,Sequential,53,119,1,116,1.0,0.8350006489948072,0.9943561367805757,0,29,117,9.29999999999999
Park-Fav,Sequential,53,120,1,120,1.0,0.8236703460828112,0.9944001389778474,0,30,117,8.29999999999999
Park-Fav,Sequential,53,121,1,88,1.0,0.7616542340655825,0.9925674964292507,0,31,117,7.29999999999999
Park-Fav,Sequential,53,122,0,105,0.1,0.7684394815936566,0.9913722130392815,1,31,118,7.19999999999999
Park-Fav,Sequential,53,123,0,66,0.1,0.7771189567242617,0.9913722130392815,2,31,119,7.099999999999989
Park-Fav,Sequential,53,124,0,77,0.1,0.7460110486133759,0.9913722130392815,3,31,120,6.999999999999988
Park-Fav,Sequential,53,125,0,133,0.1,0.6889702352344668,0.9913722130392815,4,31,121,6.899999999999986
Park-Fav,Sequential,53,126,0,6,0.1,0.7282182576282505,0.9913722130392815,5,31,122,6.799999999999985
Park-Fav,Sequential,53,127,0,114,0.1,0.6814546736769007,0.9913722130392815,6,31,123,6.699999999999983
Park-Fav,Sequential,53,128,1,128,1.0,0.7221061589693197,0.9913722130392815,0,32,123,5.6999999999999815
Park-Fav,Sequential,53,129,1,144,1.0,0.6391864014480537,0.9912049884423989,0,33,123,4.6999999999999815
Park-Fav,Sequential,53,130,0,125,0.1,0.687558598684237,0.9912279395487132,1,33,124,4.599999999999982
Park-Fav,Sequential,53,131,1,176,1.0,0.6515560632589057,0.9912279395487132,0,34,124,3.59999999999998
Park-Fav,Sequential,53,132,1,108,1.0,0.5994075723128106,0.9913393865721591,0,35,124,2.59999999999998
Park-Fav,Sequential,53,133,0,38,0.1,0.6028059168400676,0.9868711564393838,1,35,125,2.49999999999998
Park-Fav,Sequential,53,134,1,72,1.0,0.6355689458517044,0.9868711564393838,0,36,125,1.4999999999999787
Park-Fav,Sequential,53,135,1,160,1.0,0.5691691792659467,0.9861374601022767,0,37,125,0.4999999999999787
Park-Fav,Sequential,53,136,0,82,0.1,0.5492691381091841,0.9860890185678107,1,37,126,0.3999999999999787
Park-Fav,Sequential,53,137,0,109,0.1,0.473064866824644,0.9860890185678107,2,37,127,0.2999999999999773
Park-Fav,Sequential,53,138,0,181,0.1,0.5058353851088504,0.9860890185678107,3,37,128,0.19999999999997584
Park-Fav,Sequential,53,139,0,98,0.1,0.47484637319599454,0.9860890185678107,4,37,129,0.09999999999997441
Park-Fav,Sequential,54,1,0,20,0.1,10.222826902640177,0.5,1,2,26,45.4
Park-Fav,Sequential,54,2,0,0,0.1,8.085682633696718,0.5,2,2,27,45.3
Park-Fav,Sequential,54,3,0,16,0.1,8.082291849121503,0.5,3,2,28,45.199999999999996
Park-Fav,Sequential,54,4,0,32,0.1,7.8465294499444544,0.5,4,2,29,45.1
Park-Fav,Sequential,54,5,1,32,1.0,8.389560548744553,0.5,0,3,29,44.1
Park-Fav,Sequential,54,6,0,48,0.1,8.42577075854042,0.5,1,3,30,44.0
Park-Fav,Sequential,54,7,0,36,0.1,8.49646636864176,0.5,2,3,31,43.9
Park-Fav,Sequential,54,8,0,4,0.1,8.786652551334845,0.5,3,3,32,43.800000000000004
Park-Fav,Sequential,54,9,0,52,0.1,7.77597438691223,0.5,4,3,33,43.7
Park-Fav,Sequential,54,10,0,8,0.1,7.777797364641695,0.5,5,3,34,43.6
Park-Fav,Sequential,54,11,0,24,0.1,7.937902725667981,0.5,6,3,35,43.5
Park-Fav,Sequential,54,12,0,40,0.1,8.375599690398934,0.5,7,3,36,43.4
Park-Fav,Sequential,54,13,0,56,0.1,7.986811407371237,0.5,8,3,37,43.300000000000004
Park-Fav,Sequential,54,14,0,68,0.1,7.344777560108079,0.5,9,3,38,43.2
Park-Fav,Sequential,54,15,0,60,0.1,7.532217891412803,0.5,10,3,39,43.1
Park-Fav,Sequential,54,16,0,44,0.1,7.978498749569189,0.5,11,3,40,43.00000000000001
Park-Fav,Sequential,54,17,0,28,0.1,7.373171963098116,0.5,12,3,41,42.900000000000006
Park-Fav,Sequential,54,18,0,12,0.1,7.714206404458991,0.5,13,3,42,42.800000000000004
Park-Fav,Sequential,54,19,0,112,0.1,6.527164921445839,0.5,14,3,43,42.7
Park-Fav,Sequential,54,20,0,80,0.1,7.526987295655287,0.5,15,3,44,42.6
Park-Fav,Sequential,54,21,0,96,0.1,6.95200088300026,0.5,16,3,45,42.50000000000001
Park-Fav,Sequential,54,22,0,116,0.1,6.914689211290271,0.5,17,3,46,42.400000000000006
Park-Fav,Sequential,54,23,0,100,0.1,6.484451958804739,0.5,18,3,47,42.300000000000004
Park-Fav,Sequential,54,24,0,64,0.1,5.867661300113243,0.5,19,3,48,42.20000000000001
Park-Fav,Sequential,54,25,0,104,0.1,5.6244899132515735,0.5,20,3,49,42.10000000000001
Park-Fav,Sequential,54,26,1,60,1.0,2.6487927091891468,0.5,0,4,49,41.10000000000001
Park-Fav,Sequential,54,27,0,144,0.1,5.2668061362790635,0.5,1,4,50,41.00000000000001
Park-Fav,Sequential,54,28,0,120,0.1,5.952889385239064,0.5,2,4,51,40.900000000000006
Park-Fav,Sequential,54,29,0,176,0.1,4.926113684220057,0.5,3,4,52,40.800000000000004
Park-Fav,Sequential,54,30,0,124,0.1,5.037669973560781,0.5,4,4,53,40.70000000000001
Park-Fav,Sequential,54,31,0,108,0.1,4.772488021398282,0.5,5,4,54,40.60000000000001
Park-Fav,Sequential,54,32,0,128,0.1,4.776632605534281,0.5,6,4,55,40.50000000000001
Park-Fav,Sequential,54,33,0,92,0.1,4.534927126449079,0.5,7,4,56,40.40000000000001
Park-Fav,Sequential,54,34,0,160,0.1,4.37817638053632,0.5,8,4,57,40.30000000000001
Park-Fav,Sequential,54,35,0,76,0.1,4.073640049012927,0.5,9,4,58,40.20000000000001
Park-Fav,Sequential,54,36,0,49,0.1,3.7344727967305373,0.5,10,4,59,40.10000000000001
Park-Fav,Sequential,54,37,0,132,0.1,3.608712526256761,0.5,11,4,60,40.00000000000001
Park-Fav,Sequential,54,38,0,180,0.1,3.6298898138799083,0.5,12,4,61,39.90000000000001
Park-Fav,Sequential,54,39,0,53,0.1,3.544956712821588,0.5,13,4,62,39.80000000000001
Park-Fav,Sequential,54,40,0,1,0.1,3.6213052812502635,0.5,14,4,63,39.70000000000001
Park-Fav,Sequential,54,41,0,17,0.1,3.2890800403649028,0.5,15,4,64,39.600000000000016
Park-Fav,Sequential,54,42,0,33,0.1,3.0812915103012744,0.5,16,4,65,39.500000000000014
Park-Fav,Sequential,54,43,0,240,0.1,2.9912739185632313,0.5,17,4,66,39.40000000000001
Park-Fav,Sequential,54,44,0,224,0.1,2.6241843556697635,0.5,18,4,67,39.30000000000001
Park-Fav,Sequential,54,45,0,192,0.1,2.7680658925841874,0.5,19,4,68,39.20000000000001
Park-Fav,Sequential,54,46,0,208,0.1,2.4844482756185715,0.5,20,4,69,39.100000000000016
Park-Fav,Sequential,54,47,1,240,1.0,2.020002089852518,0.5,0,5,69,38.100000000000016
Park-Fav,Sequential,54,48,0,5,0.1,5.171577734312934,0.9999999999999997,1,5,70,38.000000000000014
Park-Fav,Sequential,54,49,0,21,0.1,4.7979139227030725,0.9999999999999997,2,5,71,37.90000000000001
Park-Fav,Sequential,54,50,0,136,0.1,4.895356483389401,0.9999999999999997,3,5,72,37.80000000000002
Park-Fav,Sequential,54,51,0,184,0.1,4.590799547831959,0.9999999999999997,4,5,73,37.70000000000002
Park-Fav,Sequential,54,52,0,168,0.1,4.3768588175815895,0.9999999999999997,5,5,74,37.600000000000016
Park-Fav,Sequential,54,53,0,37,0.1,4.344552449716591,0.9999999999999997,6,5,75,37.500000000000014
Park-Fav,Sequential,54,54,0,57,0.1,4.134185470425856,0.9999999999999997,7,5,76,37.40000000000001
Park-Fav,Sequential,54,55,0,188,0.1,4.153432595827136,0.9999999999999997,8,5,77,37.30000000000002
Park-Fav,Sequential,54,56,0,152,0.1,4.106345346890301,0.9999999999999997,9,5,78,37.20000000000002
Park-Fav,Sequential,54,57,0,9,0.1,3.705906417254082,0.9999999999999997,10,5,79,37.100000000000016
Park-Fav,Sequential,54,58,0,61,0.1,3.433692366673935,0.9999999999999997,11,5,80,37.00000000000002
Park-Fav,Sequential,54,59,0,25,0.1,3.2445022132453047,0.9999999999999997,12,5,81,36.90000000000002
Park-Fav,Sequential,54,60,0,65,0.1,3.15869933692101,0.9999999999999997,13,5,82,36.80000000000002
Park-Fav,Sequential,54,61,0,41,0.1,3.2656265502449133,0.9999999999999997,14,5,83,36.70000000000002
Park-Fav,Sequential,54,62,0,196,0.1,3.15445460144958,0.9999999999999997,15,5,84,36.600000000000016
Park-Fav,Sequential,54,63,0,244,0.1,3.05956695179146,0.9999999999999997,16,5,85,36.50000000000002
Park-Fav,Sequential,54,64,0,140,0.1,3.4513424629503686,0.9999999999999997,17,5,86,36.40000000000002
Park-Fav,Sequential,54,65,0,172,0.1,2.9472215143061584,0.9999999999999997,18,5,87,36.30000000000002
Park-Fav,Sequential,54,66,0,113,0.1,2.8774465639341416,0.9999999999999997,19,5,88,36.200000000000024
Park-Fav,Sequential,54,67,0,156,0.1,2.676833699419837,0.9999999999999997,20,5,89,36.10000000000002
Park-Fav,Sequential,54,68,1,40,1.0,1.5202467013207925,0.9999999999999997,0,6,89,35.10000000000002
Park-Fav,Sequential,54,69,0,81,0.1,2.738229849032602,0.9999999999999999,1,6,90,35.00000000000002
Park-Fav,Sequential,54,70,0,45,0.1,2.623169373574731,0.9999999999999999,2,6,91,34.90000000000002
Park-Fav,Sequential,54,71,0,97,0.1,2.681018833465886,0.9999999999999999,3,6,92,34.80000000000002
Park-Fav,Sequential,54,72,0,228,0.1,2.434605052952225,0.9999999999999999,4,6,93,34.700000000000024
Park-Fav,Sequential,54,73,0,13,0.1,2.373670498079032,0.9999999999999999,5,6,94,34.60000000000002
Park-Fav,Sequential,54,74,0,212,0.1,2.066500432082621,0.9999999999999999,6,6,95,34.50000000000002
Park-Fav,Sequential,54,75,0,29,0.1,1.9969513204796243,0.9999999999999999,7,6,96,34.40000000000003
Park-Fav,Sequential,54,76,0,69,0.1,1.6675183154218538,0.9999999999999999,8,6,97,34.300000000000026
Park-Fav,Sequential,54,77,0,200,0.1,1.8668804537318298,0.9999999999999999,9,6,98,34.200000000000024
Park-Fav,Sequential,54,78,0,248,0.1,1.525313370736839,0.9999999999999999,10,6,99,34.10000000000002
Park-Fav,Sequential,54,79,1,48,1.0,1.4496460866469305,0.9999999999999999,0,7,99,33.10000000000002
Park-Fav,Sequential,54,80,1,36,1.0,1.4261156533608241,0.9999999999999994,0,8,99,32.10000000000002
Park-Fav,Sequential,54,81,0,129,0.1,1.392890197646049,0.9999999999999998,1,8,100,32.00000000000002
Park-Fav,Sequential,54,82,1,56,1.0,1.3935634326538364,0.9999999999999998,0,9,100,31.00000000000003
Park-Fav,Sequential,54,83,0,216,0.1,1.3310639807707847,0.9999999999999996,1,9,101,30.900000000000023
Park-Fav,Sequential,54,84,1,44,1.0,1.281347650521773,0.9999999999999996,0,10,101,29.900000000000023
Park-Fav,Sequential,54,85,1,0,1.0,1.6167538994635018,0.9999999999999993,0,11,101,28.900000000000023
Park-Fav,Sequential,54,86,1,20,1.0,1.4030363682954814,0.9999999999999996,0,12,101,27.900000000000023
Park-Fav,Sequential,54,87,1,24,1.0,1.3730692507751454,0.9999999999999992,0,13,101,26.900000000000023
Park-Fav,Sequential,54,88,1,16,1.0,1.3310150828527427,0.9999999999999992,0,14,101,25.900000000000023
Park-Fav,Sequential,54,89,0,232,0.1,1.287153783980999,0.9999999999999994,1,14,102,25.800000000000022
Park-Fav,Sequential,54,90,0,117,0.1,1.2744956493143051,0.9999999999999994,2,14,103,25.70000000000002
Park-Fav,Sequential,54,91,0,204,0.1,1.2593427475045822,0.9999999999999994,3,14,104,25.60000000000002
Park-Fav,Sequential,54,92,1,52,1.0,1.2122580752205492,0.9999999999999994,0,15,104,24.60000000000002
Park-Fav,Sequential,54,93,1,4,1.0,1.2722429622665772,0.9999999999999992,0,16,104,23.60000000000002
Park-Fav,Sequential,54,94,1,28,1.0,1.2084181778586125,0.9999999999999992,0,17,104,22.60000000000002
Park-Fav,Sequential,54,95,1,8,1.0,1.2249995379246057,0.999999999999999,0,18,104,21.60000000000002
Park-Fav,Sequential,54,96,0,145,0.1,1.1814480033789048,0.9999999999999989,1,18,105,21.500000000000018
Park-Fav,Sequential,54,97,1,12,1.0,1.1947560683126364,0.9999999999999989,0,19,105,20.500000000000018
Park-Fav,Sequential,54,98,1,64,1.0,1.2688982577328352,0.9999999999999988,0,20,105,19.500000000000018
Park-Fav,Sequential,54,99,0,177,0.1,1.1219450177181518,0.9999999999999988,1,20,106,19.400000000000016
Park-Fav,Sequential,54,100,0,18,0.1,1.1078545025876558,0.9999999999999988,2,20,107,19.300000000000015
Park-Fav,Sequential,54,101,0,252,0.1,1.1503060135817358,0.9999999999999988,3,20,108,19.200000000000014
Park-Fav,Sequential,54,102,1,72,1.0,1.054336506879071,0.9999999999999988,0,21,108,18.200000000000014
Park-Fav,Sequential,54,103,0,34,0.1,0.9277501707339584,0.9941633840849504,1,21,109,18.100000000000012
Park-Fav,Sequential,54,104,1,80,1.0,0.8839041560550652,0.9941633840849504,0,22,109,17.100000000000012
Park-Fav,Sequential,54,105,1,96,1.0,0.8781308778548111,0.9942757284501119,0,23,109,16.10000000000001
Park-Fav,Sequential,54,106,1,104,1.0,0.8367323257542969,0.9943778999551555,0,24,109,15.100000000000009
Park-Fav,Sequential,54,107,1,112,1.0,0.8008236692569122,0.9916302449706077,0,25,109,14.100000000000009
Park-Fav,Sequential,54,108,1,116,1.0,0.7822775342080153,0.9916110795693294,0,26,109,13.100000000000009
Park-Fav,Sequential,54,109,0,220,0.1,0.8576729373938153,0.9918376508885629,1,26,110,13.000000000000009
Park-Fav,Sequential,54,110,1,84,1.0,0.7593434098304048,0.9918376508885629,0,27,110,12.000000000000007
Park-Fav,Sequential,54,111,1,100,1.0,0.735775359228221,0.9920411285073444,0,28,110,11.000000000000007
Park-Fav,Sequential,54,112,1,68,1.0,0.6709213413051922,0.9922239466036051,0,29,110,10.000000000000007
Park-Fav,Sequential,54,113,0,236,0.1,0.6754214817181089,0.9923885016753268,1,29,111,9.900000000000007
Park-Fav,Sequential,54,114,1,88,1.0,0.701955294418628,0.9923885016753268,0,30,111,8.900000000000006
Park-Fav,Sequential,54,115,1,120,1.0,0.660572773439708,0.991112600770232,0,31,111,7.900000000000006
Park-Fav,Sequential,54,116,0,193,0.1,0.7060192736530271,0.9902405640128915,1,31,112,7.800000000000006
Park-Fav,Sequential,54,117,0,121,0.1,0.5527195160270946,0.9902405640128915,2,31,113,7.700000000000005
Park-Fav,Sequential,54,118,1,128,1.0,0.5402635282009022,0.9902405640128915,0,32,113,6.700000000000003
Park-Fav,Sequential,54,119,1,76,1.0,0.5420808717067567,0.9899408400848597,0,33,113,5.700000000000003
Park-Fav,Sequential,54,120,0,209,0.1,0.5096161990733031,0.9863403352125736,1,33,114,5.600000000000003
Park-Fav,Sequential,54,121,1,124,1.0,0.5464470993059165,0.9863403352125736,0,34,114,4.600000000000001
Park-Fav,Sequential,54,122,1,144,1.0,0.5037079023898781,0.9839109723241647,0,35,114,3.6000000000000014
Park-Fav,Sequential,54,123,1,92,1.0,0.5342820874948466,0.9833277090829576,0,36,114,2.6000000000000014
Park-Fav,Sequential,54,124,1,108,1.0,0.44479744270022,0.9813639433578932,0,37,114,1.6000000000000014
Park-Fav,Sequential,54,125,0,6,0.1,0.4309112577659249,0.9799160946186934,1,37,115,1.5000000000000013
Park-Fav,Sequential,54,126,1,176,1.0,0.47661630031371705,0.9799160946186934,0,38,115,0.5
Park-Fav,Sequential,54,127,0,133,0.1,0.4042516032338101,0.9791031497936739,1,38,116,0.4
Park-Fav,Sequential,54,128,0,125,0.1,0.3830831404510996,0.9791031497936739,2,38,117,0.2999999999999986
Park-Fav,Sequential,54,129,0,225,0.1,0.36034977344606794,0.9791031497936739,3,38,118,0.19999999999999715
Park-Fav,Sequential,54,130,0,66,0.1,0.3992468552063617,0.9791031497936739,4,38,119,0.09999999999999573
Park-Fav,Sequential,55,1,1,0,1.0,13.89928853256913,0.5,0,3,25,44.5
Park-Fav,Sequential,55,2,0,16,0.1,9.166079418434299,0.5,1,3,26,44.4
Park-Fav,Sequential,55,3,0,48,0.1,9.408485854315128,0.5,2,3,27,44.3
Park-Fav,Sequential,55,4,0,36,0.1,9.429373582601883,0.5,3,3,28,44.199999999999996
Park-Fav,Sequential,55,5,0,32,0.1,9.413867874783907,0.5,4,3,29,44.1
Park-Fav,Sequential,55,6,0,20,0.1,9.407133731720435,0.5,5,3,30,44.0
Park-Fav,Sequential,55,7,0,52,0.1,8.84292880240133,0.5,6,3,31,43.9
Park-Fav,Sequential,55,8,0,56,0.1,9.111091030887685,0.5,7,3,32,43.800000000000004
Park-Fav,Sequential,55,9,0,24,0.1,8.759493403042752,0.5,8,3,33,43.7
Park-Fav,Sequential,55,10,0,4,0.1,9.111558305892125,0.5,9,3,34,43.6
Park-Fav,Sequential,55,11,0,60,0.1,8.927414385207848,0.5,10,3,35,43.5
Park-Fav,Sequential,55,12,0,8,0.1,8.415498555634619,0.5,11,3,36,43.4
Park-Fav,Sequential,55,13,0,44,0.1,8.181464906618382,0.5,12,3,37,43.300000000000004
Park-Fav,Sequential,55,14,0,28,0.1,8.22503690144321,0.5,13,3,38,43.2
Park-Fav,Sequential,55,15,0,80,0.1,8.204876056559225,0.5,14,3,39,43.1
Park-Fav,Sequential,55,16,0,12,0.1,7.969507280289334,0.5,15,3,40,43.00000000000001
Park-Fav,Sequential,55,17,0,112,0.1,7.654946744785034,0.5,16,3,41,42.900000000000006
Park-Fav,Sequential,55,18,0,100,0.1,7.474809817984167,0.5,17,3,42,42.800000000000004
Park-Fav,Sequential,55,19,0,96,0.1,7.3518793427342315,0.5,18,3,43,42.7
Park-Fav,Sequential,55,20,0,84,0.1,7.4298641093067594,0.5,19,3,44,42.6
Park-Fav,Sequential,55,21,0,64,0.1,6.737943131611248,0.5,20,3,45,42.50000000000001
Park-Fav,Sequential,55,22,1,48,1.0,4.127925991185329,0.5,0,4,45,41.50000000000001
Park-Fav,Sequential,55,23,0,116,0.1,6.744920096330152,0.5,1,4,46,41.400000000000006
Park-Fav,Sequential,55,24,0,120,0.1,6.4337290144209325,0.5,2,4,47,41.300000000000004
Park-Fav,Sequential,55,25,0,88,0.1,6.675308870664079,0.5,3,4,48,41.20000000000001
Park-Fav,Sequential,55,26,0,72,0.1,6.269543861522429,0.5,4,4,49,41.10000000000001
Park-Fav,Sequential,55,27,0,104,0.1,6.15544697041052,0.5,5,4,50,41.00000000000001
Park-Fav,Sequential,55,28,0,176,0.1,5.7690986292756525,0.5,6,4,51,40.900000000000006
Park-Fav,Sequential,55,29,0,76,0.1,5.303238684151632,0.5,7,4,52,40.800000000000004
Park-Fav,Sequential,55,30,0,160,0.1,5.05351209760641,0.5,8,4,53,40.70000000000001
Park-Fav,Sequential,55,31,0,124,0.1,5.126809401915062,0.5,9,4,54,40.60000000000001
Park-Fav,Sequential,55,32,0,92,0.1,4.80465560034746,0.5,10,4,55,40.50000000000001
Park-Fav,Sequential,55,33,0,144,0.1,4.648468813237882,0.5,11,4,56,40.40000000000001
Park-Fav,Sequential,55,34,0,128,0.1,4.498459601257452,0.5,12,4,57,40.30000000000001
Park-Fav,Sequential,55,35,0,1,0.1,4.406619420012942,0.5,13,4,58,40.20000000000001
Park-Fav,Sequential,55,36,0,132,0.1,4.027521627794644,0.5,14,4,59,40.10000000000001
Park-Fav,Sequential,55,37,0,49,0.1,4.124103975359332,0.5,15,4,60,40.00000000000001
Park-Fav,Sequential,55,38,0,17,0.1,3.854090113796769,0.5,16,4,61,39.90000000000001
Park-Fav,Sequential,55,39,0,180,0.1,3.895016914823201,0.5,17,4,62,39.80000000000001
Park-Fav,Sequential,55,40,0,33,0.1,3.69641595068671,0.5,18,4,63,39.70000000000001
Park-Fav,Sequential,55,41,0,148,0.1,3.742457482654541,0.5,19,4,64,39.600000000000016
Park-Fav,Sequential,55,42,0,164,0.1,3.51265053407271,0.5,20,4,65,39.500000000000014
Park-Fav,Sequential,55,43,1,192,1.0,3.0079835135184907,0.5,0,5,65,38.500000000000014
Park-Fav,Sequential,55,44,0,224,0.1,3.0960246790957777,0.5,1,5,66,38.40000000000001
Park-Fav,Sequential,55,45,0,240,0.1,3.199636634268244,0.5,2,5,67,38.30000000000001
Park-Fav,Sequential,55,46,0,184,0.1,2.9287991079428304,0.5,3,5,68,38.20000000000001
Park-Fav,Sequential,55,47,0,53,0.1,2.9487309801918142,0.5,4,5,69,38.100000000000016
Park-Fav,Sequential,55,48,0,136,0.1,2.9813034194994836,0.5,5,5,70,38.000000000000014
Park-Fav,Sequential,55,49,0,208,0.1,2.538036729462566,0.5,6,5,71,37.90000000000001
Park-Fav,Sequential,55,50,0,152,0.1,2.5087157669323923,0.5,7,5,72,37.80000000000002
Park-Fav,Sequential,55,51,0,5,0.1,2.8912143220686617,0.5,8,5,73,37.70000000000002
Park-Fav,Sequential,55,52,0,21,0.1,2.5951020299192917,0.5,9,5,74,37.600000000000016
Park-Fav,Sequential,55,53,0,37,0.1,2.4866846897235764,0.5,10,5,75,37.500000000000014
Park-Fav,Sequential,55,54,0,168,0.1,2.2387556009083998,0.5,11,5,76,37.40000000000001
Park-Fav,Sequential,55,55,0,57,0.1,2.3049921721707975,0.5,12,5,77,37.30000000000002
Park-Fav,Sequential,55,56,0,140,0.1,2.133334185155961,0.5,13,5,78,37.20000000000002
Park-Fav,Sequential,55,57,0,196,0.1,2.166261709847404,0.5,14,5,79,37.100000000000016
Park-Fav,Sequential,55,58,0,65,0.1,2.009949148459214,0.5,15,5,80,37.00000000000002
Park-Fav,Sequential,55,59,0,61,0.1,1.8552784148370376,0.5,16,5,81,36.90000000000002
Park-Fav,Sequential,55,60,0,188,0.1,1.8315948503847361,0.5,17,5,82,36.80000000000002
Park-Fav,Sequential,55,61,0,244,0.1,1.7299097849144507,0.5,18,5,83,36.70000000000002
Park-Fav,Sequential,55,62,0,172,0.1,1.7222005986892401,0.5,19,5,84,36.600000000000016
Park-Fav,Sequential,55,63,0,41,0.1,1.5814770630520751,0.5,20,5,85,36.50000000000002
Park-Fav,Sequential,55,64,1,32,1.0,1.5788159584338792,0.5,0,6,85,35.50000000000002
Park-Fav,Sequential,55,65,0,156,0.1,3.1492961537929776,1.0,1,6,86,35.40000000000002
Park-Fav,Sequential,55,66,0,9,0.1,3.0914951447580585,1.0,2,6,87,35.30000000000002
Park-Fav,Sequential,55,67,0,25,0.1,3.069669037688314,1.0,3,6,88,35.200000000000024
Park-Fav,Sequential,55,68,0,97,0.1,2.948431535229442,1.0,4,6,89,35.10000000000002
Park-Fav,Sequential,55,69,0,212,0.1,2.8818041363404956,1.0,5,6,90,35.00000000000002
Park-Fav,Sequential,55,70,0,113,0.1,2.8251128625306374,1.0,6,6,91,34.90000000000002
Park-Fav,Sequential,55,71,0,228,0.1,2.8603794837332552,1.0,7,6,92,34.80000000000002
Park-Fav,Sequential,55,72,0,200,0.1,2.205646116136395,1.0,8,6,93,34.700000000000024
Park-Fav,Sequential,55,73,0,45,0.1,2.3855499441833583,1.0,9,6,94,34.60000000000002
Park-Fav,Sequential,55,74,0,13,0.1,2.461028738164904,1.0,10,6,95,34.50000000000002
Park-Fav,Sequential,55,75,0,29,0.1,1.9357498102161896,1.0,11,6,96,34.40000000000003
Park-Fav,Sequential,55,76,0,248,0.1,2.060523443778275,1.0,12,6,97,34.300000000000026
Park-Fav,Sequential,55,77,0,216,0.1,1.7008226362518024,1.0,13,6,98,34.200000000000024
Park-Fav,Sequential,55,78,0,69,0.1,1.6355267212807705,1.0,14,6,99,34.10000000000002
Park-Fav,Sequential,55,79,1,176,1.0,1.7021675190109837,1.0,0,7,99,33.10000000000002
Park-Fav,Sequential,55,80,0,117,0.1,1.49671162994539,0.9999999999999999,1,7,100,33.00000000000002
Park-Fav,Sequential,55,81,0,2,0.1,1.5197126435655102,0.9999999999999999,2,7,101,32.90000000000003
Park-Fav,Sequential,55,82,0,232,0.1,1.5345920149743155,0.9999999999999999,3,7,102,32.80000000000002
Park-Fav,Sequential,55,83,1,16,1.0,1.3824118981972076,0.9999999999999999,0,8,102,31.800000000000026
Park-Fav,Sequential,55,84,0,85,0.1,1.3854355437300914,1.0,1,8,103,31.70000000000002
Park-Fav,Sequential,55,85,0,204,0.1,1.4699638449711283,1.0,2,8,104,31.60000000000002
Park-Fav,Sequential,55,86,0,129,0.1,1.3480616985515703,1.0,3,8,105,31.500000000000018
Park-Fav,Sequential,55,87,0,177,0.1,1.3584214338295675,1.0,4,8,106,31.400000000000016
Park-Fav,Sequential,55,88,0,252,0.1,1.3438148557853924,1.0,5,8,107,31.300000000000015
Park-Fav,Sequential,55,89,0,101,0.1,1.213595655442088,1.0,6,8,108,31.200000000000014
Park-Fav,Sequential,55,90,0,50,0.1,1.1119756287884675,1.0,7,8,109,31.100000000000012
Park-Fav,Sequential,55,91,0,18,0.1,1.1485211739566896,1.0,8,8,110,31.00000000000001
Park-Fav,Sequential,55,92,1,96,1.0,1.049584989203134,1.0,0,9,110,30.00000000000001
Park-Fav,Sequential,55,93,0,34,0.1,1.0250923403906436,1.0,1,9,111,29.90000000000001
Park-Fav,Sequential,55,94,0,145,0.1,1.0973105340157552,1.0,2,9,112,29.800000000000008
Park-Fav,Sequential,55,95,1,64,1.0,1.1274489088682025,1.0,0,10,112,28.800000000000008
Park-Fav,Sequential,55,96,0,161,0.1,1.004256876410437,1.0,1,10,113,28.700000000000006
Park-Fav,Sequential,55,97,1,80,1.0,0.9192570608686882,1.0,0,11,113,27.700000000000006
Park-Fav,Sequential,55,98,1,112,1.0,0.8338819047802848,0.9999999999999999,0,12,113,26.700000000000006
Park-Fav,Sequential,55,99,0,220,0.1,0.8842235326897047,1.0,1,12,114,26.600000000000005
Park-Fav,Sequential,55,100,0,236,0.1,0.853701789150213,1.0,2,12,115,26.500000000000004
Park-Fav,Sequential,55,101,0,121,0.1,0.7132073382900578,1.0,3,12,116,26.400000000000002
Park-Fav,Sequential,55,102,0,73,0.1,0.7127915439682186,1.0,4,12,117,26.3
Park-Fav,Sequential,55,103,1,144,1.0,0.5655215410323748,1.0,0,13,117,25.3
Park-Fav,Sequential,55,104,0,193,0.1,0.5593263362637018,0.9999999999999999,1,13,118,25.2
Park-Fav,Sequential,55,105,1,1,1.0,0.7264460007558493,0.9999999999999999,0,14,118,24.2
Park-Fav,Sequential,55,106,1,160,1.0,0.5297275534199516,0.9883727198216095,0,15,118,23.2
Park-Fav,Sequential,55,107,1,49,1.0,0.6502135586047775,0.9882588805744028,0,16,118,22.2
Park-Fav,Sequential,55,108,0,89,0.1,0.4917825701530937,0.986118606075321,1,16,119,22.099999999999998
Park-Fav,Sequential,55,109,1,128,1.0,0.47956570170833135,0.986118606075321,0,17,119,21.099999999999998
Park-Fav,Sequential,55,110,0,241,0.1,0.49408711541598915,0.9852652633944438,1,17,120,20.999999999999996
Park-Fav,Sequential,55,111,0,125,0.1,0.4626698322349718,0.9852652633944438,2,17,121,20.899999999999995
Park-Fav,Sequential,55,112,0,209,0.1,0.4320601059448368,0.9852652633944438,3,17,122,20.799999999999994
Park-Fav,Sequential,55,113,1,36,1.0,0.5162114723771295,0.9852652633944438,0,18,122,19.799999999999994
Park-Fav,Sequential,55,114,1,20,1.0,0.8248330852405706,0.9865471602210877,0,19,122,18.799999999999994
Park-Fav,Sequential,55,115,1,4,1.0,0.9073837160846219,0.9875016293870105,0,20,122,17.799999999999994
Park-Fav,Sequential,55,116,1,24,1.0,0.8055653634333593,0.9882394129015223,0,21,122,16.799999999999997
Park-Fav,Sequential,55,117,1,8,1.0,1.2208755120113508,0.9888265583546989,0,22,122,15.799999999999997
Park-Fav,Sequential,55,118,1,40,1.0,1.0192298804227395,0.9893048211003014,0,23,122,14.799999999999997
Park-Fav,Sequential,55,119,1,52,1.0,1.1167350211053029,0.9897018627083219,0,24,122,13.799999999999997
Park-Fav,Sequential,55,120,1,56,1.0,0.9995593145477502,0.9900367226900516,0,25,122,12.799999999999997
Park-Fav,Sequential,55,121,1,44,1.0,0.797791402684106,0.99032292923017,0,26,122,11.799999999999997
Park-Fav,Sequential,55,122,1,60,1.0,0.9735723619968484,0.9905703564044476,0,27,122,10.799999999999997
Park-Fav,Sequential,55,123,1,28,1.0,0.9213632583508393,0.9907863784761073,0,28,122,9.799999999999997
Park-Fav,Sequential,55,124,1,12,1.0,0.8748048455178123,0.9909766130353339,0,29,122,8.799999999999997
Park-Fav,Sequential,55,125,1,68,1.0,0.6501716941564022,0.9911454142891393,0,30,122,7.799999999999997
Park-Fav,Sequential,55,126,1,84,1.0,0.7816763792325603,0.9912245387720688,0,31,122,6.799999999999997
Park-Fav,Sequential,55,127,1,120,1.0,0.7672624389494229,0.9912976013076248,0,32,122,5.799999999999997
Park-Fav,Sequential,55,128,1,100,1.0,0.6431401186629687,0.9904102622832338,0,33,122,4.799999999999997
Park-Fav,Sequential,55,129,1,116,1.0,0.655185846174134,0.9904971600691858,0,34,122,3.799999999999997
Park-Fav,Sequential,55,130,1,88,1.0,0.549621682636456,0.9905771739030055,0,35,122,2.799999999999997
Park-Fav,Sequential,55,131,1,104,1.0,0.5116075475411342,0.9898841875545278,0,36,122,1.7999999999999972
Park-Fav,Sequential,55,132,1,72,1.0,0.5022525185652276,0.989313581523834,0,37,122,0.7999999999999972
Park-Fav,Sequential,55,133,0,77,0.1,0.4112522212659706,0.988839182314416,1,37,123,0.6999999999999972
Park-Fav,Sequential,55,134,0,225,0.1,0.4030892388949523,0.988839182314416,2,37,124,0.5999999999999958
Park-Fav,Sequential,55,135,0,133,0.1,0.3611188674987437,0.988839182314416,3,37,125,0.49999999999999434
Park-Fav,Sequential,55,136,0,54,0.1,0.3446206025869433,0.988839182314416,4,37,126,0.3999999999999929
Park-Fav,Sequential,55,137,0,66,0.1,0.3334066599659212,0.988839182314416,5,37,127,0.2999999999999915
Park-Fav,Sequential,55,138,0,109,0.1,0.31851617191835035,0.988839182314416,6,37,128,0.19999999999999005
Park-Fav,Sequential,55,139,0,181,0.1,0.3300604543586071,0.988839182314416,7,37,129,0.09999999999998863
Park-Fav,Sequential,56,1,0,0,0.1,10.184877352137024,0.5,1,2,26,45.4
Park-Fav,Sequential,56,2,0,32,0.1,7.826292765499486,0.5,2,2,27,45.3
Park-Fav,Sequential,56,3,0,16,0.1,8.215011605380173,0.5,3,2,28,45.199999999999996
Park-Fav,Sequential,56,4,0,20,0.1,8.079823610750042,0.5,4,2,29,45.1
Park-Fav,Sequential,56,5,0,36,0.1,7.827952698244039,0.5,5,2,30,45.0
Park-Fav,Sequential,56,6,0,48,0.1,8.067956834712307,0.5,6,2,31,44.9
Park-Fav,Sequential,56,7,0,52,0.1,7.812685985394824,0.5,7,2,32,44.800000000000004
Park-Fav,Sequential,56,8,0,4,0.1,7.648798565031802,0.5,8,2,33,44.7
Park-Fav,Sequential,56,9,0,80,0.1,7.722452752710308,0.5,9,2,34,44.6
Park-Fav,Sequential,56,10,0,24,0.1,7.3167814773182265,0.5,10,2,35,44.5
Park-Fav,Sequential,56,11,0,40,0.1,8.09420811751957,0.5,11,2,36,44.4
Park-Fav,Sequential,56,12,0,8,0.1,8.04636689166189,0.5,12,2,37,44.300000000000004
Park-Fav,Sequential,56,13,0,56,0.1,8.060675213606107,0.5,13,2,38,44.2
Park-Fav,Sequential,56,14,0,60,0.1,7.041496161747909,0.5,14,2,39,44.1
Park-Fav,Sequential,56,15,0,44,0.1,7.324635894138636,0.5,15,2,40,44.00000000000001
Park-Fav,Sequential,56,16,0,28,0.1,7.052985611687339,0.5,16,2,41,43.900000000000006
Park-Fav,Sequential,56,17,0,12,0.1,7.468984495886988,0.5,17,2,42,43.800000000000004
Park-Fav,Sequential,56,18,1,0,1.0,6.795750477882613,0.5,0,3,42,42.800000000000004
Park-Fav,Sequential,56,19,0,112,0.1,6.831318038175477,0.5,1,3,43,42.7
Park-Fav,Sequential,56,20,0,116,0.1,6.479390675937305,0.5,2,3,44,42.6
Park-Fav,Sequential,56,21,0,96,0.1,6.364587342385902,0.5,3,3,45,42.50000000000001
Park-Fav,Sequential,56,22,0,64,0.1,6.304628939178902,0.5,4,3,46,42.400000000000006
Park-Fav,Sequential,56,23,0,120,0.1,6.072487191635664,0.5,5,3,47,42.300000000000004
Park-Fav,Sequential,56,24,0,68,0.1,6.1514500160469305,0.5,6,3,48,42.20000000000001
Park-Fav,Sequential,56,25,0,72,0.1,6.039856864129407,0.5,7,3,49,42.10000000000001
Park-Fav,Sequential,56,26,0,104,0.1,5.643937594093377,0.5,8,3,50,42.00000000000001
Park-Fav,Sequential,56,27,0,88,0.1,5.730658759540616,0.5,9,3,51,41.900000000000006
Park-Fav,Sequential,56,28,0,124,0.1,5.073905623223449,0.5,10,3,52,41.800000000000004
Park-Fav,Sequential,56,29,0,76,0.1,5.062600676943424,0.5,11,3,53,41.70000000000001
Park-Fav,Sequential,56,30,0,108,0.1,4.80336924556908,0.5,12,3,54,41.60000000000001
Park-Fav,Sequential,56,31,0,92,0.1,4.698827471573114,0.5,13,3,55,41.50000000000001
Park-Fav,Sequential,56,32,0,128,0.1,4.731178858562754,0.5,14,3,56,41.40000000000001
Park-Fav,Sequential,56,33,0,144,0.1,4.407838274852619,0.5,15,3,57,41.30000000000001
Park-Fav,Sequential,56,34,0,176,0.1,4.5586536111178795,0.5,16,3,58,41.20000000000001
Park-Fav,Sequential,56,35,0,160,0.1,4.065453065830431,0.5,17,3,59,41.10000000000001
Park-Fav,Sequential,56,36,0,180,0.1,3.87064454913613,0.5,18,3,60,41.00000000000001
Park-Fav,Sequential,56,37,0,132,0.1,3.5044641704847894,0.5,19,3,61,40.90000000000001
Park-Fav,Sequential,56,38,0,49,0.1,3.280954628545152,0.5,20,3,62,40.80000000000001
Park-Fav,Sequential,56,39,1,3,1.0,2.137342663715775,0.5,0,4,62,39.80000000000001
Park-Fav,Sequential,56,40,0,33,0.1,3.245109762088363,0.5,1,4,63,39.70000000000001
Park-Fav,Sequential,56,41,0,1,0.1,3.3409450681508037,0.5,2,4,64,39.600000000000016
Park-Fav,Sequential,56,42,0,17,0.1,3.3711660360571103,0.5,3,4,65,39.500000000000014
Park-Fav,Sequential,56,43,0,148,0.1,3.1201599319088626,0.5,4,4,66,39.40000000000001
Park-Fav,Sequential,56,44,0,164,0.1,2.90223238707303,0.5,5,4,67,39.30000000000001
Park-Fav,Sequential,56,45,0,192,0.1,2.7535464656820046,0.5,6,4,68,39.20000000000001
Park-Fav,Sequential,56,46,0,184,0.1,2.587349281688972,0.5,7,4,69,39.100000000000016
Park-Fav,Sequential,56,47,0,240,0.1,2.6563962410593533,0.5,8,4,70,39.000000000000014
Park-Fav,Sequential,56,48,0,208,0.1,2.5971890402813345,0.5,9,4,71,38.90000000000001
Park-Fav,Sequential,56,49,0,224,0.1,2.4417342250613814,0.5,10,4,72,38.80000000000002
Park-Fav,Sequential,56,50,1,192,1.0,2.568674596517552,0.5,0,5,72,37.80000000000002
Park-Fav,Sequential,56,51,0,168,0.1,2.2032558102795234,0.5,1,5,73,37.70000000000002
Park-Fav,Sequential,56,52,0,5,0.1,2.2882067205782453,0.5,2,5,74,37.600000000000016
Park-Fav,Sequential,56,53,0,21,0.1,2.2123293367511154,0.5,3,5,75,37.500000000000014
Park-Fav,Sequential,56,54,0,37,0.1,2.0842199881440724,0.5,4,5,76,37.40000000000001
Park-Fav,Sequential,56,55,0,140,0.1,1.9696859467233574,0.5,5,5,77,37.30000000000002
Park-Fav,Sequential,56,56,0,188,0.1,1.7680952100356706,0.5,6,5,78,37.20000000000002
Park-Fav,Sequential,56,57,0,9,0.1,1.748966069754646,0.5,7,5,79,37.100000000000016
Park-Fav,Sequential,56,58,0,196,0.1,1.6373195390077826,0.5,8,5,80,37.00000000000002
Park-Fav,Sequential,56,59,0,244,0.1,1.8459826341899765,0.5,9,5,81,36.90000000000002
Park-Fav,Sequential,56,60,0,156,0.1,1.4716734977019663,0.5,10,5,82,36.80000000000002
Park-Fav,Sequential,56,61,1,12,1.0,1.8627365381536294,0.5,0,6,82,35.80000000000002
Park-Fav,Sequential,56,62,0,228,0.1,2.672092764979035,0.9999999999999997,1,6,83,35.70000000000002
Park-Fav,Sequential,56,63,0,65,0.1,2.917117750017267,0.9999999999999997,2,6,84,35.600000000000016
Park-Fav,Sequential,56,64,0,212,0.1,2.8408987896945535,0.9999999999999997,3,6,85,35.50000000000002
Park-Fav,Sequential,56,65,0,57,0.1,3.0793858414438033,0.9999999999999997,4,6,86,35.40000000000002
Park-Fav,Sequential,56,66,0,113,0.1,2.88072644117493,0.9999999999999997,5,6,87,35.30000000000002
Park-Fav,Sequential,56,67,0,81,0.1,2.3731343230219513,0.9999999999999997,6,6,88,35.200000000000024
Park-Fav,Sequential,56,68,0,97,0.1,2.3517077593634537,0.9999999999999997,7,6,89,35.10000000000002
Park-Fav,Sequential,56,69,0,61,0.1,2.0564398853170105,0.9999999999999997,8,6,90,35.00000000000002
Park-Fav,Sequential,56,70,0,13,0.1,2.04360368082954,0.9999999999999997,9,6,91,34.90000000000002
Park-Fav,Sequential,56,71,0,45,0.1,2.0057220936185405,0.9999999999999997,10,6,92,34.80000000000002
Park-Fav,Sequential,56,72,0,200,0.1,1.8139017680219005,0.9999999999999997,11,6,93,34.700000000000024
Park-Fav,Sequential,56,73,0,29,0.1,1.6976564592348835,0.9999999999999997,12,6,94,34.60000000000002
Park-Fav,Sequential,56,74,0,248,0.1,1.76275329348494,0.9999999999999997,13,6,95,34.50000000000002
Park-Fav,Sequential,56,75,0,2,0.1,1.504377233367501,0.9999999999999997,14,6,96,34.40000000000003
Park-Fav,Sequential,56,76,0,50,0.1,1.5069585794847278,0.9999999999999997,15,6,97,34.300000000000026
Park-Fav,Sequential,56,77,0,216,0.1,1.4623992744290049,0.9999999999999997,16,6,98,34.200000000000024
Park-Fav,Sequential,56,78,1,8,1.0,1.4052960543124051,0.9999999999999997,0,7,98,33.200000000000024
Park-Fav,Sequential,56,79,0,129,0.1,1.281553337635366,0.9999999999999996,1,7,99,33.10000000000002
Park-Fav,Sequential,56,80,0,232,0.1,1.4599029658765366,0.9999999999999996,2,7,100,33.00000000000002
Park-Fav,Sequential,56,81,1,4,1.0,1.2677395075582858,0.9999999999999996,0,8,100,32.00000000000002
Park-Fav,Sequential,56,82,0,252,0.1,1.1437305281263062,0.9999999999999997,1,8,101,31.90000000000002
Park-Fav,Sequential,56,83,0,117,0.1,1.1409649646854336,0.9999999999999997,2,8,102,31.80000000000002
Park-Fav,Sequential,56,84,0,34,0.1,1.179550709499897,0.9999999999999997,3,8,103,31.700000000000017
Park-Fav,Sequential,56,85,0,145,0.1,1.0979197031166261,0.9999999999999997,4,8,104,31.600000000000016
Park-Fav,Sequential,56,86,0,204,0.1,1.0934126767477481,0.9999999999999997,5,8,105,31.500000000000014
Park-Fav,Sequential,56,87,0,85,0.1,1.0011608276376252,0.9999999999999997,6,8,106,31.400000000000013
Park-Fav,Sequential,56,88,0,177,0.1,1.0296176965792039,0.9999999999999997,7,8,107,31.30000000000001
Park-Fav,Sequential,56,89,1,16,1.0,0.9699796359459361,0.9999999999999997,0,9,107,30.30000000000001
Park-Fav,Sequential,56,90,1,20,1.0,1.1815440456277895,0.9999999999999996,0,10,107,29.30000000000001
Park-Fav,Sequential,56,91,1,24,1.0,1.027698009996072,0.9999999999999996,0,11,107,28.30000000000001
Park-Fav,Sequential,56,92,1,28,1.0,1.0874580891337242,0.9999999999999997,0,12,107,27.30000000000001
Park-Fav,Sequential,56,93,1,40,1.0,1.0308197631572298,0.9999999999999996,0,13,107,26.30000000000001
Park-Fav,Sequential,56,94,1,32,1.0,1.189258302108482,0.9999999999999994,0,14,107,25.30000000000001
Park-Fav,Sequential,56,95,1,36,1.0,1.2009037287662017,0.9999999999999994,0,15,107,24.30000000000001
Park-Fav,Sequential,56,96,1,48,1.0,1.054196650605546,0.9999999999999993,0,16,107,23.30000000000001
Park-Fav,Sequential,56,97,1,52,1.0,1.1329166942810396,0.9999999999999992,0,17,107,22.30000000000001
Park-Fav,Sequential,56,98,1,64,1.0,1.0710444753412869,0.9999999999999991,0,18,107,21.30000000000001
Park-Fav,Sequential,56,99,0,101,0.1,1.1002388033818147,0.9999999999999992,1,18,108,21.20000000000001
Park-Fav,Sequential,56,100,1,44,1.0,0.9706852072017833,0.9999999999999992,0,19,108,20.20000000000001
Park-Fav,Sequential,56,101,1,56,1.0,1.0191284486787189,0.9999999999999992,0,20,108,19.20000000000001
Park-Fav,Sequential,56,102,0,161,0.1,0.9889080599945324,0.9999999999999992,1,20,109,19.10000000000001
Park-Fav,Sequential,56,103,1,60,1.0,0.890230762208778,0.9999999999999992,0,21,109,18.10000000000001
Park-Fav,Sequential,56,104,0,236,0.1,0.8579878867106785,0.999999999999999,1,21,110,18.000000000000007
Park-Fav,Sequential,56,105,1,80,1.0,0.8313573318003951,0.999999999999999,0,22,110,17.000000000000007
Park-Fav,Sequential,56,106,0,220,0.1,0.7426832452600025,0.9999999999999988,1,22,111,16.900000000000006
Park-Fav,Sequential,56,107,1,72,1.0,0.8229244329888614,0.9999999999999988,0,23,111,15.900000000000006
Park-Fav,Sequential,56,108,1,96,1.0,0.6867696778402478,0.9942756143721473,0,24,111,14.900000000000006
Park-Fav,Sequential,56,109,1,84,1.0,0.7696777283374499,0.9943777903542099,0,25,111,13.900000000000006
Park-Fav,Sequential,56,110,1,68,1.0,0.7046787856665646,0.9943261912002336,0,26,111,12.900000000000006
Park-Fav,Sequential,56,111,1,112,1.0,0.6555741911354741,0.9943270264730795,0,27,111,11.900000000000006
Park-Fav,Sequential,56,112,1,116,1.0,0.7154162749089978,0.9943078324664224,0,28,111,10.900000000000006
Park-Fav,Sequential,56,113,1,100,1.0,0.6591457917816167,0.9942948553296742,0,29,111,9.900000000000006
Park-Fav,Sequential,56,114,0,193,0.1,0.6115163020043564,0.9943041689215049,1,29,112,9.800000000000006
Park-Fav,Sequential,56,115,1,104,1.0,0.631703234814132,0.9943041689215049,0,30,112,8.800000000000004
Park-Fav,Sequential,56,116,1,88,1.0,0.5903858826660207,0.9923884496476456,0,31,112,7.800000000000004
Park-Fav,Sequential,56,117,1,76,1.0,0.535387987589939,0.9911125614828047,0,32,112,6.800000000000004
Park-Fav,Sequential,56,118,0,73,0.1,0.5612562266922847,0.9871715283594642,1,32,113,6.700000000000005
Park-Fav,Sequential,56,119,1,128,1.0,0.5173479131393475,0.9871715283594642,0,33,113,5.700000000000003
Park-Fav,Sequential,56,120,0,241,0.1,0.47525980715694194,0.9867851529813334,1,33,114,5.600000000000003
Park-Fav,Sequential,56,121,0,121,0.1,0.4881898787109096,0.9867851529813334,2,33,115,5.500000000000002
Park-Fav,Sequential,56,122,1,160,1.0,0.46817532979174936,0.9867851529813334,0,34,115,4.5
Park-Fav,Sequential,56,123,1,120,1.0,0.5150969553978046,0.9866639470713096,0,35,115,3.5
Park-Fav,Sequential,56,124,1,176,1.0,0.4441302208896931,0.9860371322247798,0,36,115,2.5
Park-Fav,Sequential,56,125,1,144,1.0,0.47082105793967666,0.985915619618107,0,37,115,1.5
Park-Fav,Sequential,56,126,1,108,1.0,0.43030205205558525,0.9859032670261019,0,38,115,0.5
Park-Fav,Sequential,56,127,0,209,0.1,0.3880011473550902,0.9827998889783686,1,38,116,0.4
Park-Fav,Sequential,56,128,0,6,0.1,0.3832138602914531,0.9827998889783686,2,38,117,0.2999999999999986
Park-Fav,Sequential,56,129,0,105,0.1,0.35194082378990227,0.9827998889783686,3,38,118,0.19999999999999715
Park-Fav,Sequential,56,130,0,89,0.1,0.3664516355474874,0.9827998889783686,4,38,119,0.09999999999999573
Park-Fav,Sequential,57,1,0,20,0.1,14.725081282179792,0.5,1,2,26,45.4
Park-Fav,Sequential,57,2,0,48,0.1,8.61953034235891,0.5,2,2,27,45.3
Park-Fav,Sequential,57,3,0,16,0.1,8.236984496146356,0.5,3,2,28,45.199999999999996
Park-Fav,Sequential,57,4,0,32,0.1,8.497866566864078,0.5,4,2,29,45.1
Park-Fav,Sequential,57,5,0,36,0.1,8.509137517660378,0.5,5,2,30,45.0
Park-Fav,Sequential,57,6,0,0,0.1,7.907082645456908,0.5,6,2,31,44.9
Park-Fav,Sequential,57,7,0,4,0.1,7.772681478825308,0.5,7,2,32,44.800000000000004
Park-Fav,Sequential,57,8,0,24,0.1,7.340774264746118,0.5,8,2,33,44.7
Park-Fav,Sequential,57,9,0,40,0.1,7.935828234594792,0.5,9,2,34,44.6
Park-Fav,Sequential,57,10,0,56,0.1,7.956981788691258,0.5,10,2,35,44.5
Park-Fav,Sequential,57,11,0,8,0.1,7.766204367939456,0.5,11,2,36,44.4
Park-Fav,Sequential,57,12,0,112,0.1,6.966020030502971,0.5,12,2,37,44.300000000000004
Park-Fav,Sequential,57,13,0,64,0.1,6.938149654021508,0.5,13,2,38,44.2
Park-Fav,Sequential,57,14,0,96,0.1,6.874015918191316,0.5,14,2,39,44.1
Park-Fav,Sequential,57,15,0,116,0.1,6.7419740079599055,0.5,15,2,40,44.00000000000001
Park-Fav,Sequential,57,16,0,12,0.1,6.5514878913586445,0.5,16,2,41,43.900000000000006
Park-Fav,Sequential,57,17,0,28,0.1,6.990975384121421,0.5,17,2,42,43.800000000000004
Park-Fav,Sequential,57,18,0,44,0.1,6.930031618934089,0.5,18,2,43,43.7
Park-Fav,Sequential,57,19,0,60,0.1,6.663204260553264,0.5,19,2,44,43.6
Park-Fav,Sequential,57,20,0,80,0.1,6.915216128749527,0.5,20,2,45,43.50000000000001
Park-Fav,Sequential,57,21,1,40,1.0,1.703754918342422,0.5,0,3,45,42.50000000000001
Park-Fav,Sequential,57,22,0,100,0.1,6.297589990679955,0.5,1,3,46,42.400000000000006
Park-Fav,Sequential,57,23,0,84,0.1,6.079959440707623,0.5,2,3,47,42.300000000000004
Park-Fav,Sequential,57,24,0,88,0.1,5.838343084493462,0.5,3,3,48,42.20000000000001
Park-Fav,Sequential,57,25,0,120,0.1,5.808243226165195,0.5,4,3,49,42.10000000000001
Park-Fav,Sequential,57,26,0,68,0.1,6.037590942974447,0.5,5,3,50,42.00000000000001
Park-Fav,Sequential,57,27,0,104,0.1,5.615699979275042,0.5,6,3,51,41.900000000000006
Park-Fav,Sequential,57,28,0,72,0.1,5.336444389668693,0.5,7,3,52,41.800000000000004
Park-Fav,Sequential,57,29,0,76,0.1,5.151142964895539,0.5,8,3,53,41.70000000000001
Park-Fav,Sequential,57,30,0,92,0.1,4.685971376534979,0.5,9,3,54,41.60000000000001
Park-Fav,Sequential,57,31,0,124,0.1,4.556533335210353,0.5,10,3,55,41.50000000000001
Park-Fav,Sequential,57,32,0,160,0.1,4.622911261221381,0.5,11,3,56,41.40000000000001
Park-Fav,Sequential,57,33,0,108,0.1,4.383634640673766,0.5,12,3,57,41.30000000000001
Park-Fav,Sequential,57,34,0,128,0.1,4.202659876855526,0.5,13,3,58,41.20000000000001
Park-Fav,Sequential,57,35,0,144,0.1,3.7794559804865084,0.5,14,3,59,41.10000000000001
Park-Fav,Sequential,57,36,0,180,0.1,3.2365092063078547,0.5,15,3,60,41.00000000000001
Park-Fav,Sequential,57,37,1,63,1.0,3.201404532048749,0.5,0,4,60,40.000000000000014
Park-Fav,Sequential,57,38,1,0,1.0,6.19837784459861,0.5,0,5,60,39.000000000000014
Park-Fav,Sequential,57,39,0,49,0.1,4.06614723719251,0.5,1,5,61,38.90000000000001
Park-Fav,Sequential,57,40,0,164,0.1,4.093720980999486,0.5,2,5,62,38.80000000000001
Park-Fav,Sequential,57,41,0,192,0.1,4.151827985723543,0.5,3,5,63,38.70000000000001
Park-Fav,Sequential,57,42,0,132,0.1,4.054875900899952,0.5,4,5,64,38.600000000000016
Park-Fav,Sequential,57,43,0,17,0.1,3.9988299120843482,0.5,5,5,65,38.500000000000014
Park-Fav,Sequential,57,44,0,33,0.1,3.833291792733127,0.5,6,5,66,38.40000000000001
Park-Fav,Sequential,57,45,0,240,0.1,3.5781644026867587,0.5,7,5,67,38.30000000000001
Park-Fav,Sequential,57,46,0,208,0.1,3.3582600853978875,0.5,8,5,68,38.20000000000001
Park-Fav,Sequential,57,47,0,5,0.1,3.2812811039736647,0.5,9,5,69,38.100000000000016
Park-Fav,Sequential,57,48,0,224,0.1,3.2086579243887394,0.5,10,5,70,38.000000000000014
Park-Fav,Sequential,57,49,0,184,0.1,2.9990683619372276,0.5,11,5,71,37.90000000000001
Park-Fav,Sequential,57,50,0,136,0.1,2.9359427657455397,0.5,12,5,72,37.80000000000002
Park-Fav,Sequential,57,51,0,53,0.1,2.845578092869916,0.5,13,5,73,37.70000000000002
Park-Fav,Sequential,57,52,0,21,0.1,2.8025620710985244,0.5,14,5,74,37.600000000000016
Park-Fav,Sequential,57,53,0,152,0.1,2.67664638763802,0.5,15,5,75,37.500000000000014
Park-Fav,Sequential,57,54,0,168,0.1,2.5574351634029515,0.5,16,5,76,37.40000000000001
Park-Fav,Sequential,57,55,0,9,0.1,2.348129644624323,0.5,17,5,77,37.30000000000002
Park-Fav,Sequential,57,56,0,140,0.1,2.4485431899066965,0.5,18,5,78,37.20000000000002
Park-Fav,Sequential,57,57,1,192,1.0,2.390290628639566,0.5,0,6,78,36.20000000000002
Park-Fav,Sequential,57,58,0,156,0.1,4.465505919463817,0.9999999999999999,1,6,79,36.100000000000016
Park-Fav,Sequential,57,59,0,81,0.1,4.051057868913063,0.9999999999999999,2,6,80,36.00000000000002
Park-Fav,Sequential,57,60,0,57,0.1,4.073872853707474,0.9999999999999999,3,6,81,35.90000000000002
Park-Fav,Sequential,57,61,0,65,0.1,4.184647572375486,0.9999999999999999,4,6,82,35.80000000000002
Park-Fav,Sequential,57,62,0,244,0.1,3.9089793389811702,0.9999999999999999,5,6,83,35.70000000000002
Park-Fav,Sequential,57,63,0,196,0.1,3.661477115291856,0.9999999999999999,6,6,84,35.600000000000016
Park-Fav,Sequential,57,64,0,113,0.1,3.5316626185296256,0.9999999999999999,7,6,85,35.50000000000002
Park-Fav,Sequential,57,65,0,13,0.1,3.539509354211238,0.9999999999999999,8,6,86,35.40000000000002
Park-Fav,Sequential,57,66,0,97,0.1,3.3369522815745527,0.9999999999999999,9,6,87,35.30000000000002
Park-Fav,Sequential,57,67,0,228,0.1,3.3585854579014076,0.9999999999999999,10,6,88,35.200000000000024
Park-Fav,Sequential,57,68,0,61,0.1,3.4095974908078555,0.9999999999999999,11,6,89,35.10000000000002
Park-Fav,Sequential,57,69,0,41,0.1,3.201915330663108,0.9999999999999999,12,6,90,35.00000000000002
Park-Fav,Sequential,57,70,0,212,0.1,3.011175251190487,0.9999999999999999,13,6,91,34.90000000000002
Park-Fav,Sequential,57,71,0,248,0.1,2.496361993712077,0.9999999999999999,14,6,92,34.80000000000002
Park-Fav,Sequential,57,72,0,2,0.1,2.6279675211421343,0.9999999999999999,15,6,93,34.700000000000024
Park-Fav,Sequential,57,73,0,45,0.1,2.652332665275379,0.9999999999999999,16,6,94,34.60000000000002
Park-Fav,Sequential,57,74,0,29,0.1,2.4203421414681645,0.9999999999999999,17,6,95,34.50000000000002
Park-Fav,Sequential,57,75,0,232,0.1,2.0298773466273943,0.9999999999999999,18,6,96,34.40000000000003
Park-Fav,Sequential,57,76,0,200,0.1,2.0701546710762986,0.9999999999999999,19,6,97,34.300000000000026
Park-Fav,Sequential,57,77,0,69,0.1,1.8498693128808092,0.9999999999999999,20,6,98,34.200000000000024
Park-Fav,Sequential,57,78,1,16,1.0,1.7162848237242303,0.9999999999999999,0,7,98,33.200000000000024
Park-Fav,Sequential,57,79,0,129,0.1,1.9729593159026992,0.9999999999999997,1,7,99,33.10000000000002
Park-Fav,Sequential,57,80,0,252,0.1,1.8600129530234815,0.9999999999999997,2,7,100,33.00000000000002
Park-Fav,Sequential,57,81,0,204,0.1,1.7533210093452878,0.9999999999999997,3,7,101,32.90000000000002
Park-Fav,Sequential,57,82,1,12,1.0,1.7809499485536515,0.9999999999999997,0,8,101,31.90000000000002
Park-Fav,Sequential,57,83,0,117,0.1,1.7536217849251046,0.9999999999999994,1,8,102,31.80000000000002
Park-Fav,Sequential,57,84,0,145,0.1,1.5655552443573852,0.9999999999999994,2,8,103,31.700000000000017
Park-Fav,Sequential,57,85,0,50,0.1,1.6999330161438588,0.9999999999999994,3,8,104,31.600000000000016
Park-Fav,Sequential,57,86,1,8,1.0,1.7413811486105264,0.9999999999999994,0,9,104,30.600000000000016
Park-Fav,Sequential,57,87,0,18,0.1,1.6333519787812758,0.9999999999999996,1,9,105,30.500000000000014
Park-Fav,Sequential,57,88,1,20,1.0,1.4761224872075962,0.9999999999999996,0,10,105,29.500000000000014
Park-Fav,Sequential,57,89,1,32,1.0,1.4939267719404683,0.9999999999999996,0,11,105,28.500000000000014
Park-Fav,Sequential,57,90,0,177,0.1,1.587630367474619,0.9999999999999996,1,11,106,28.400000000000013
Park-Fav,Sequential,57,91,1,24,1.0,1.3792645833507644,0.9999999999999996,0,12,106,27.400000000000013
Park-Fav,Sequential,57,92,1,4,1.0,1.4189520832087756,0.9999999999999993,0,13,106,26.400000000000013
Park-Fav,Sequential,57,93,0,161,0.1,1.4642461681956924,0.9999999999999993,1,13,107,26.30000000000001
Park-Fav,Sequential,57,94,1,48,1.0,1.396161402513945,0.9999999999999993,0,14,107,25.30000000000001
Park-Fav,Sequential,57,95,1,28,1.0,1.3704251379254098,0.9999999999999993,0,15,107,24.30000000000001
Park-Fav,Sequential,57,96,0,34,0.1,1.3248780807062983,0.9999999999999993,1,15,108,24.20000000000001
Park-Fav,Sequential,57,97,1,36,1.0,1.3146055707059106,0.9999999999999993,0,16,108,23.20000000000001
Park-Fav,Sequential,57,98,0,236,0.1,1.2416628352416448,0.9999999999999992,1,16,109,23.10000000000001
Park-Fav,Sequential,57,99,0,220,0.1,1.2075528234429096,0.9999999999999992,2,16,110,23.000000000000007
Park-Fav,Sequential,57,100,1,44,1.0,1.1310324184732585,0.9999999999999992,0,17,110,22.000000000000007
Park-Fav,Sequential,57,101,1,56,1.0,1.1799059661730125,0.9999999999999991,0,18,110,21.000000000000007
Park-Fav,Sequential,57,102,1,60,1.0,1.0723546040881344,0.9999999999999989,0,19,110,20.000000000000007
Park-Fav,Sequential,57,103,1,88,1.0,1.1412030562889761,0.9999999999999989,0,20,110,19.000000000000007
Park-Fav,Sequential,57,104,1,96,1.0,1.1274460860338094,0.9940046748538286,0,21,110,18.000000000000007
Park-Fav,Sequential,57,105,0,121,0.1,0.9200173572522561,0.9941158350319258,1,21,111,17.900000000000006
Park-Fav,Sequential,57,106,1,64,1.0,1.0290457098389403,0.9941158350319258,0,22,111,16.900000000000006
Park-Fav,Sequential,57,107,1,112,1.0,0.965858492706148,0.9942184707249404,0,23,111,15.900000000000006
Park-Fav,Sequential,57,108,1,80,1.0,0.9297304595430472,0.9943121385478281,0,24,111,14.900000000000006
Park-Fav,Sequential,57,109,1,100,1.0,0.9029778454639511,0.9943971899103294,0,25,111,13.900000000000006
Park-Fav,Sequential,57,110,1,116,1.0,0.8513917611061048,0.9942733188949582,0,26,111,12.900000000000006
Park-Fav,Sequential,57,111,1,68,1.0,0.85235896442153,0.9942133143616657,0,27,111,11.900000000000006
Park-Fav,Sequential,57,112,0,193,0.1,0.8668797689247745,0.9941914997607937,1,27,112,11.800000000000006
Park-Fav,Sequential,57,113,1,84,1.0,0.7761701819116544,0.9941914997607937,0,28,112,10.800000000000004
Park-Fav,Sequential,57,114,0,241,0.1,0.8258447977555087,0.9941929957420472,1,28,113,10.700000000000005
Park-Fav,Sequential,57,115,0,125,0.1,0.7153728133166344,0.9941929957420472,2,28,114,10.600000000000003
Park-Fav,Sequential,57,116,1,76,1.0,0.8113410610945393,0.9941929957420472,0,29,114,9.600000000000001
Park-Fav,Sequential,57,117,1,104,1.0,0.73789237462622,0.9878622874799011,0,30,114,8.600000000000001
Park-Fav,Sequential,57,118,1,120,1.0,0.6924201905979608,0.9872516462358254,0,31,114,7.600000000000001
Park-Fav,Sequential,57,119,0,209,0.1,0.6951387695096292,0.9868659392201706,1,31,115,7.500000000000002
Park-Fav,Sequential,57,120,0,225,0.1,0.6209469688348221,0.9868659392201706,2,31,116,7.4
Park-Fav,Sequential,57,121,0,6,0.1,0.7114495165952696,0.9868659392201706,3,31,117,7.299999999999999
Park-Fav,Sequential,57,122,0,77,0.1,0.6258932005578186,0.9868659392201706,4,31,118,7.1999999999999975
Park-Fav,Sequential,57,123,1,72,1.0,0.596065464922445,0.9868659392201706,0,32,118,6.199999999999996
Park-Fav,Sequential,57,124,0,105,0.1,0.5802010369072838,0.9866258022822978,1,32,119,6.099999999999996
Park-Fav,Sequential,57,125,1,124,1.0,0.5926007699278553,0.9866258022822978,0,33,119,5.099999999999994
Park-Fav,Sequential,57,126,0,89,0.1,0.5427006949126713,0.9844818879511948,1,33,120,4.999999999999995
Park-Fav,Sequential,57,127,1,160,1.0,0.6194316676638199,0.9844818879511948,0,34,120,3.999999999999993
Park-Fav,Sequential,57,128,1,128,1.0,0.5467339746022811,0.9834769942517897,0,35,120,2.999999999999993
Park-Fav,Sequential,57,129,1,108,1.0,0.5439848771151551,0.9828633739259943,0,36,120,1.999999999999993
Park-Fav,Sequential,57,130,0,66,0.1,0.5004209275786083,0.9808287436452714,1,36,121,1.8999999999999928
Park-Fav,Sequential,57,131,1,144,1.0,0.5242612953163424,0.9808287436452714,0,37,121,0.8999999999999915
Park-Fav,Sequential,57,132,0,133,0.1,0.4874270114091412,0.980216945356796,1,37,122,0.7999999999999915
Park-Fav,Sequential,57,133,0,3,0.1,0.4084165360769689,0.980216945356796,2,37,123,0.6999999999999901
Park-Fav,Sequential,57,134,0,93,0.1,0.4178916849577895,0.980216945356796,3,37,124,0.5999999999999887
Park-Fav,Sequential,57,135,0,54,0.1,0.3808246918179337,0.980216945356796,4,37,125,0.49999999999998723
Park-Fav,Sequential,57,136,0,114,0.1,0.3880309837220315,0.980216945356796,5,37,126,0.3999999999999858
Park-Fav,Sequential,57,137,0,149,0.1,0.38758141329158374,0.980216945356796,6,37,127,0.2999999999999844
Park-Fav,Sequential,57,138,0,22,0.1,0.378293044250406,0.980216945356796,7,37,128,0.19999999999998294
Park-Fav,Sequential,57,139,0,165,0.1,0.3611202813411904,0.980216945356796,8,37,129,0.09999999999998152
Park-Fav,Sequential,58,1,0,16,0.1,13.28346227048357,0.5,1,2,26,45.4
Park-Fav,Sequential,58,2,0,20,0.1,9.19458605567181,0.5,2,2,27,45.3
Park-Fav,Sequential,58,3,0,48,0.1,9.559366583863357,0.5,3,2,28,45.199999999999996
Park-Fav,Sequential,58,4,0,52,0.1,10.06923497583392,0.5,4,2,29,45.1
Park-Fav,Sequential,58,5,0,32,0.1,9.818157671699623,0.5,5,2,30,45.0
Park-Fav,Sequential,58,6,0,36,0.1,10.025087060126012,0.5,6,2,31,44.9
Park-Fav,Sequential,58,7,0,0,0.1,9.396053479887762,0.5,7,2,32,44.800000000000004
Park-Fav,Sequential,58,8,0,40,0.1,9.322975942408195,0.5,8,2,33,44.7
Park-Fav,Sequential,58,9,0,4,0.1,9.42016293104656,0.5,9,2,34,44.6
Park-Fav,Sequential,58,10,0,24,0.1,10.193878646366251,0.5,10,2,35,44.5
Park-Fav,Sequential,58,11,0,8,0.1,9.659215249644626,0.5,11,2,36,44.4
Park-Fav,Sequential,58,12,0,12,0.1,9.002566102525781,0.5,12,2,37,44.300000000000004
Park-Fav,Sequential,58,13,0,28,0.1,8.852048986204474,0.5,13,2,38,44.2
Park-Fav,Sequential,58,14,0,56,0.1,8.935779143817939,0.5,14,2,39,44.1
Park-Fav,Sequential,58,15,0,44,0.1,8.595916261552905,0.5,15,2,40,44.00000000000001
Park-Fav,Sequential,58,16,0,80,0.1,8.663757892853322,0.5,16,2,41,43.900000000000006
Park-Fav,Sequential,58,17,0,64,0.1,7.960658509039118,0.5,17,2,42,43.800000000000004
Park-Fav,Sequential,58,18,0,60,0.1,8.131924241298139,0.5,18,2,43,43.7
Park-Fav,Sequential,58,19,0,120,0.1,7.460113585552956,0.5,19,2,44,43.6
Park-Fav,Sequential,58,20,0,112,0.1,7.641423777900842,0.5,20,2,45,43.50000000000001
Park-Fav,Sequential,58,21,1,32,1.0,5.682589981406631,0.5,0,3,45,42.50000000000001
Park-Fav,Sequential,58,22,0,68,0.1,7.534062367346703,0.5,1,3,46,42.400000000000006
Park-Fav,Sequential,58,23,0,96,0.1,7.3833466052793595,0.5,2,3,47,42.300000000000004
Park-Fav,Sequential,58,24,0,116,0.1,7.023862856430378,0.5,3,3,48,42.20000000000001
Park-Fav,Sequential,58,25,0,84,0.1,7.022881904020932,0.5,4,3,49,42.10000000000001
Park-Fav,Sequential,58,26,0,100,0.1,6.645873153280251,0.5,5,3,50,42.00000000000001
Park-Fav,Sequential,58,27,0,88,0.1,6.6910037888915905,0.5,6,3,51,41.900000000000006
Park-Fav,Sequential,58,28,0,72,0.1,6.370898077079543,0.5,7,3,52,41.800000000000004
Park-Fav,Sequential,58,29,0,104,0.1,6.22394181884031,0.5,8,3,53,41.70000000000001
Park-Fav,Sequential,58,30,0,128,0.1,5.747501252369425,0.5,9,3,54,41.60000000000001
Park-Fav,Sequential,58,31,0,108,0.1,5.677917875214577,0.5,10,3,55,41.50000000000001
Park-Fav,Sequential,58,32,0,124,0.1,6.0085657139158695,0.5,11,3,56,41.40000000000001
Park-Fav,Sequential,58,33,0,76,0.1,5.59118157569523,0.5,12,3,57,41.30000000000001
Park-Fav,Sequential,58,34,0,176,0.1,5.047197336043616,0.5,13,3,58,41.20000000000001
Park-Fav,Sequential,58,35,0,160,0.1,5.0898816653282735,0.5,14,3,59,41.10000000000001
Park-Fav,Sequential,58,36,0,144,0.1,4.967692648544936,0.5,15,3,60,41.00000000000001
Park-Fav,Sequential,58,37,1,12,1.0,4.294002021532265,0.5,0,4,60,40.000000000000014
Park-Fav,Sequential,58,38,0,17,0.1,4.373250302032234,0.5,1,4,61,39.90000000000001
Park-Fav,Sequential,58,39,0,1,0.1,4.344706846189058,0.5,2,4,62,39.80000000000001
Park-Fav,Sequential,58,40,0,33,0.1,4.101774101377926,0.5,3,4,63,39.70000000000001
Park-Fav,Sequential,58,41,0,180,0.1,4.106179828631693,0.5,4,4,64,39.600000000000016
Park-Fav,Sequential,58,42,0,132,0.1,3.9727943302543194,0.5,5,4,65,39.500000000000014
Park-Fav,Sequential,58,43,0,224,0.1,3.66687589562419,0.5,6,4,66,39.40000000000001
Park-Fav,Sequential,58,44,0,148,0.1,3.8566727305846102,0.5,7,4,67,39.30000000000001
Park-Fav,Sequential,58,45,1,0,1.0,3.5508990648609826,0.5,0,5,67,38.30000000000001
Park-Fav,Sequential,58,46,0,192,0.1,6.794502189144693,0.9995087818934908,1,5,68,38.20000000000001
Park-Fav,Sequential,58,47,0,5,0.1,6.905210268020876,0.9995087818934908,2,5,69,38.100000000000016
Park-Fav,Sequential,58,48,0,208,0.1,6.470897057828672,0.9995087818934908,3,5,70,38.000000000000014
Park-Fav,Sequential,58,49,0,184,0.1,7.146326216746964,0.9995087818934908,4,5,71,37.90000000000001
Park-Fav,Sequential,58,50,0,240,0.1,6.3431348802914105,0.9995087818934908,5,5,72,37.80000000000002
Park-Fav,Sequential,58,51,0,136,0.1,5.783275283437021,0.9995087818934908,6,5,73,37.70000000000002
Park-Fav,Sequential,58,52,0,168,0.1,5.559671293925275,0.9995087818934908,7,5,74,37.600000000000016
Park-Fav,Sequential,58,53,0,9,0.1,5.48414466833109,0.9995087818934908,8,5,75,37.500000000000014
Park-Fav,Sequential,58,54,0,152,0.1,5.508961552975162,0.9995087818934908,9,5,76,37.40000000000001
Park-Fav,Sequential,58,55,0,37,0.1,4.872875524061648,0.9995087818934908,10,5,77,37.30000000000002
Park-Fav,Sequential,58,56,0,53,0.1,5.1216775430120975,0.9995087818934908,11,5,78,37.20000000000002
Park-Fav,Sequential,58,57,0,13,0.1,4.30279065063997,0.9995087818934908,12,5,79,37.100000000000016
Park-Fav,Sequential,58,58,0,188,0.1,4.427122260378907,0.9995087818934908,13,5,80,37.00000000000002
Park-Fav,Sequential,58,59,0,156,0.1,4.356023234110902,0.9995087818934908,14,5,81,36.90000000000002
Park-Fav,Sequential,58,60,0,244,0.1,4.132409534024926,0.9995087818934908,15,5,82,36.80000000000002
Park-Fav,Sequential,58,61,0,172,0.1,4.170476600004241,0.9995087818934908,16,5,83,36.70000000000002
Park-Fav,Sequential,58,62,0,25,0.1,3.6950013387041145,0.9995087818934908,17,5,84,36.600000000000016
Park-Fav,Sequential,58,63,0,196,0.1,3.8819038441988356,0.9995087818934908,18,5,85,36.50000000000002
Park-Fav,Sequential,58,64,0,65,0.1,3.6895801847762226,0.9995087818934908,19,5,86,36.40000000000002
Park-Fav,Sequential,58,65,0,212,0.1,3.6374357980557974,0.9995087818934908,20,5,87,36.30000000000002
Park-Fav,Sequential,58,66,1,8,1.0,1.8340536324015526,0.9995087818934908,0,6,87,35.300000000000026
Park-Fav,Sequential,58,67,0,228,0.1,3.5676587680038896,0.9992137838155223,1,6,88,35.200000000000024
Park-Fav,Sequential,58,68,0,41,0.1,3.3494784087749365,0.9992137838155223,2,6,89,35.10000000000002
Park-Fav,Sequential,58,69,0,57,0.1,3.203994716564254,0.9992137838155223,3,6,90,35.00000000000002
Park-Fav,Sequential,58,70,1,192,1.0,2.7969500833468484,0.9992137838155223,0,7,90,34.00000000000002
Park-Fav,Sequential,58,71,0,29,0.1,2.5808782116804,0.9999999999999994,1,7,91,33.90000000000002
Park-Fav,Sequential,58,72,0,61,0.1,2.6717871782845752,0.9999999999999994,2,7,92,33.80000000000002
Park-Fav,Sequential,58,73,0,45,0.1,2.288612026479246,0.9999999999999994,3,7,93,33.700000000000024
Park-Fav,Sequential,58,74,0,248,0.1,2.3324866109270257,0.9999999999999994,4,7,94,33.600000000000016
Park-Fav,Sequential,58,75,0,2,0.1,2.233562539137742,0.9999999999999994,5,7,95,33.50000000000002
Park-Fav,Sequential,58,76,0,232,0.1,2.157419113461451,0.9999999999999994,6,7,96,33.40000000000001
Park-Fav,Sequential,58,77,0,50,0.1,2.159759179197087,0.9999999999999994,7,7,97,33.30000000000002
Park-Fav,Sequential,58,78,0,129,0.1,2.0013193498461104,0.9999999999999994,8,7,98,33.20000000000001
Park-Fav,Sequential,58,79,0,177,0.1,2.0164145379176612,0.9999999999999994,9,7,99,33.100000000000016
Park-Fav,Sequential,58,80,0,216,0.1,1.8460842914263247,0.9999999999999994,10,7,100,33.00000000000001
Park-Fav,Sequential,58,81,0,117,0.1,1.7610388895612232,0.9999999999999994,11,7,101,32.90000000000001
Park-Fav,Sequential,58,82,0,252,0.1,1.8692221638673672,0.9999999999999994,12,7,102,32.800000000000004
Park-Fav,Sequential,58,83,0,145,0.1,1.68285902233986,0.9999999999999994,13,7,103,32.70000000000001
Park-Fav,Sequential,58,84,0,18,0.1,1.7400147200250584,0.9999999999999994,14,7,104,32.6
Park-Fav,Sequential,58,85,0,69,0.1,1.633525422714688,0.9999999999999994,15,7,105,32.50000000000001
Park-Fav,Sequential,58,86,0,101,0.1,1.551788781116569,0.9999999999999994,16,7,106,32.4
Park-Fav,Sequential,58,87,1,44,1.0,1.5259791629044548,0.9999999999999994,0,8,106,31.400000000000006
Park-Fav,Sequential,58,88,1,24,1.0,1.5513677377557915,0.9999999999999996,0,9,106,30.400000000000002
Park-Fav,Sequential,58,89,1,56,1.0,1.4800170398002415,0.9999999999999993,0,10,106,29.400000000000002
Park-Fav,Sequential,58,90,0,85,0.1,1.5448139257633027,0.9999999999999994,1,10,107,29.3
Park-Fav,Sequential,58,91,1,16,1.0,1.5421952193041166,0.9999999999999994,0,11,107,28.3
Park-Fav,Sequential,58,92,1,36,1.0,1.5195802260112963,0.9999999999999992,0,12,107,27.3
Park-Fav,Sequential,58,93,1,20,1.0,1.4490903893951201,0.9999999999999993,0,13,107,26.3
Park-Fav,Sequential,58,94,0,204,0.1,1.4259712488138254,0.9999999999999992,1,13,108,26.2
Park-Fav,Sequential,58,95,1,48,1.0,1.4032620567636345,0.9999999999999992,0,14,108,25.2
Park-Fav,Sequential,58,96,1,40,1.0,1.4035297803347484,0.9999999999999993,0,15,108,24.2
Park-Fav,Sequential,58,97,0,34,0.1,1.3793597384667848,0.9999999999999992,1,15,109,24.099999999999998
Park-Fav,Sequential,58,98,1,4,1.0,1.3913241165703616,0.9999999999999992,0,16,109,23.099999999999998
Park-Fav,Sequential,58,99,1,52,1.0,1.284237075690016,0.9999999999999993,0,17,109,22.099999999999998
Park-Fav,Sequential,58,100,0,241,0.1,1.2726458934480134,0.9999999999999992,1,17,110,21.999999999999996
Park-Fav,Sequential,58,101,1,28,1.0,1.2802952239743493,0.9999999999999992,0,18,110,20.999999999999996
Park-Fav,Sequential,58,102,0,236,0.1,1.1262242294149698,0.999999999999999,1,18,111,20.899999999999995
Park-Fav,Sequential,58,103,1,80,1.0,1.1042795598916877,0.999999999999999,0,19,111,19.899999999999995
Park-Fav,Sequential,58,104,1,60,1.0,1.0727493259206804,0.999999999999999,0,20,111,18.899999999999995
Park-Fav,Sequential,58,105,0,220,0.1,1.095135173552893,0.999999999999999,1,20,112,18.799999999999994
Park-Fav,Sequential,58,106,0,193,0.1,0.968590536375772,0.999999999999999,2,20,113,18.699999999999992
Park-Fav,Sequential,58,107,1,96,1.0,1.0531747397570315,0.999999999999999,0,21,113,17.699999999999992
Park-Fav,Sequential,58,108,1,64,1.0,1.0588729312155563,0.9999999999999988,0,22,113,16.69999999999999
Park-Fav,Sequential,58,109,1,100,1.0,1.0057810492595234,0.999999999999999,0,23,113,15.699999999999989
Park-Fav,Sequential,58,110,1,112,1.0,0.8600031759588097,0.9988705924372809,0,24,113,14.699999999999989
Park-Fav,Sequential,58,111,1,68,1.0,0.903127666979815,0.9988979403849932,0,25,113,13.699999999999989
Park-Fav,Sequential,58,112,0,209,0.1,0.8194961932763856,0.9981613440260504,1,25,114,13.599999999999989
Park-Fav,Sequential,58,113,1,84,1.0,0.8164902285056239,0.9981613440260504,0,26,114,12.599999999999987
Park-Fav,Sequential,58,114,0,73,0.1,0.7287273014831053,0.9976501518784302,1,26,115,12.499999999999988
Park-Fav,Sequential,58,115,1,116,1.0,0.7638524509794902,0.9976501518784302,0,27,115,11.499999999999986
Park-Fav,Sequential,58,116,0,225,0.1,0.7711253712173427,0.9972847264922129,1,27,116,11.399999999999986
Park-Fav,Sequential,58,117,1,104,1.0,0.8020815291246266,0.9972847264922129,0,28,116,10.399999999999984
Park-Fav,Sequential,58,118,1,88,1.0,0.6572477902636189,0.9943042134379207,0,29,116,9.399999999999984
Park-Fav,Sequential,58,119,0,6,0.1,0.703829361144378,0.9923884773309536,1,29,117,9.299999999999985
Park-Fav,Sequential,58,120,1,72,1.0,0.7202081499557429,0.9923884773309536,0,30,117,8.299999999999983
Park-Fav,Sequential,58,121,0,121,0.1,0.6433775197703959,0.9911125614828047,1,30,118,8.199999999999983
Park-Fav,Sequential,58,122,1,1,1.0,0.6385655712592514,0.9911125614828047,0,31,118,7.1999999999999815
Park-Fav,Sequential,58,123,1,176,1.0,0.6515354079876999,0.9909169515769246,0,32,118,6.1999999999999815
Park-Fav,Sequential,58,124,1,120,1.0,0.6410490392591202,0.9903138021690546,0,33,118,5.1999999999999815
Park-Fav,Sequential,58,125,1,160,1.0,0.6632150237288761,0.9897302962185635,0,34,118,4.1999999999999815
Park-Fav,Sequential,58,126,1,128,1.0,0.5278868110444751,0.9892539461501914,0,35,118,3.1999999999999815
Park-Fav,Sequential,58,127,0,181,0.1,0.5586443947930005,0.9889575729050722,1,35,119,3.0999999999999814
Park-Fav,Sequential,58,128,0,66,0.1,0.5211010905315218,0.9889575729050722,2,35,120,2.99999999999998
Park-Fav,Sequential,58,129,1,92,1.0,0.5846308468564407,0.9889575729050722,0,36,120,1.9999999999999787
Park-Fav,Sequential,58,130,1,144,1.0,0.5110596450860216,0.9860475024789163,0,37,120,0.9999999999999787
Park-Fav,Sequential,58,131,0,77,0.1,0.4570323264191946,0.9857351708012718,1,37,121,0.8999999999999787
Park-Fav,Sequential,58,132,0,125,0.1,0.4554102946773811,0.9857351708012718,2,37,122,0.7999999999999773
Park-Fav,Sequential,58,133,0,82,0.1,0.5276593864583948,0.9857351708012718,3,37,123,0.6999999999999759
Park-Fav,Sequential,58,134,0,98,0.1,0.493087487301071,0.9857351708012718,4,37,124,0.5999999999999744
Park-Fav,Sequential,58,135,0,114,0.1,0.4674822893952569,0.9857351708012718,5,37,125,0.499999999999973
Park-Fav,Sequential,58,136,0,133,0.1,0.37571242302301605,0.9857351708012718,6,37,126,0.3999999999999716
Park-Fav,Sequential,58,137,0,3,0.1,0.38479844836812893,0.9857351708012718,7,37,127,0.2999999999999702
Park-Fav,Sequential,58,138,0,149,0.1,0.3434912429999016,0.9857351708012718,8,37,128,0.19999999999996873
Park-Fav,Sequential,58,139,0,38,0.1,0.3382840430192934,0.9857351708012718,9,37,129,0.09999999999996731
Park-Fav,Sequential,59,1,1,32,1.0,12.866150894520795,0.5,0,3,25,44.5
Park-Fav,Sequential,59,2,0,16,0.1,8.514919874092719,0.5,1,3,26,44.4
Park-Fav,Sequential,59,3,0,0,0.1,9.034965643577491,0.5,2,3,27,44.3
Park-Fav,Sequential,59,4,0,20,0.1,8.70427248626236,0.5,3,3,28,44.199999999999996
Park-Fav,Sequential,59,5,0,48,0.1,8.945808078864108,0.5,4,3,29,44.1
Park-Fav,Sequential,59,6,0,36,0.1,8.658684909162485,0.5,5,3,30,44.0
Park-Fav,Sequential,59,7,0,40,0.1,8.736654440179704,0.5,6,3,31,43.9
Park-Fav,Sequential,59,8,0,4,0.1,9.207039137142273,0.5,7,3,32,43.800000000000004
Park-Fav,Sequential,59,9,0,52,0.1,8.539772556842303,0.5,8,3,33,43.7
Park-Fav,Sequential,59,10,0,8,0.1,8.735732921970381,0.5,9,3,34,43.6
Park-Fav,Sequential,59,11,0,96,0.1,8.213207906568227,0.5,10,3,35,43.5
Park-Fav,Sequential,59,12,0,56,0.1,8.615538948253132,0.5,11,3,36,43.4
Park-Fav,Sequential,59,13,0,44,0.1,7.746187725061732,0.5,12,3,37,43.300000000000004
Park-Fav,Sequential,59,14,0,28,0.1,8.270620028751663,0.5,13,3,38,43.2
Park-Fav,Sequential,59,15,0,12,0.1,8.195152289132205,0.5,14,3,39,43.1
Park-Fav,Sequential,59,16,0,60,0.1,8.307759623893595,0.5,15,3,40,43.00000000000001
Park-Fav,Sequential,59,17,0,80,0.1,7.0529456409255475,0.5,16,3,41,42.900000000000006
Park-Fav,Sequential,59,18,0,112,0.1,7.375837723343267,0.5,17,3,42,42.800000000000004
Park-Fav,Sequential,59,19,0,68,0.1,7.184569362166272,0.5,18,3,43,42.7
Park-Fav,Sequential,59,20,0,64,0.1,7.370771021889134,0.5,19,3,44,42.6
Park-Fav,Sequential,59,21,0,100,0.1,6.639085478309866,0.5,20,3,45,42.50000000000001
Park-Fav,Sequential,59,22,1,60,1.0,3.689479214932182,0.5,0,4,45,41.50000000000001
Park-Fav,Sequential,59,23,0,88,0.1,6.613946514469229,0.5,1,4,46,41.400000000000006
Park-Fav,Sequential,59,24,0,116,0.1,6.248240569699962,0.5,2,4,47,41.300000000000004
Park-Fav,Sequential,59,25,0,104,0.1,6.285491767120768,0.5,3,4,48,41.20000000000001
Park-Fav,Sequential,59,26,0,120,0.1,6.023982902390748,0.5,4,4,49,41.10000000000001
Park-Fav,Sequential,59,27,0,72,0.1,5.935052090066073,0.5,5,4,50,41.00000000000001
Park-Fav,Sequential,59,28,0,160,0.1,5.226821094089269,0.5,6,4,51,40.900000000000006
Park-Fav,Sequential,59,29,0,76,0.1,5.166918818473209,0.5,7,4,52,40.800000000000004
Park-Fav,Sequential,59,30,0,124,0.1,5.195739390065157,0.5,8,4,53,40.70000000000001
Park-Fav,Sequential,59,31,0,108,0.1,5.200102838296445,0.5,9,4,54,40.60000000000001
Park-Fav,Sequential,59,32,0,128,0.1,4.977261371209134,0.5,10,4,55,40.50000000000001
Park-Fav,Sequential,59,33,0,176,0.1,4.719746153952101,0.5,11,4,56,40.40000000000001
Park-Fav,Sequential,59,34,0,144,0.1,4.444104237545996,0.5,12,4,57,40.30000000000001
Park-Fav,Sequential,59,35,0,132,0.1,3.914062707405268,0.5,13,4,58,40.20000000000001
Park-Fav,Sequential,59,36,0,1,0.1,4.393191201120304,0.5,14,4,59,40.10000000000001
Park-Fav,Sequential,59,37,0,180,0.1,4.00704203849169,0.5,15,4,60,40.00000000000001
Park-Fav,Sequential,59,38,0,148,0.1,3.695243930468314,0.5,16,4,61,39.90000000000001
Park-Fav,Sequential,59,39,0,240,0.1,3.46194572710032,0.5,17,4,62,39.80000000000001
Park-Fav,Sequential,59,40,0,17,0.1,3.533624542073001,0.5,18,4,63,39.70000000000001
Park-Fav,Sequential,59,41,0,33,0.1,3.418084000866094,0.5,19,4,64,39.600000000000016
Park-Fav,Sequential,59,42,0,164,0.1,3.5192334101140648,0.5,20,4,65,39.500000000000014
Park-Fav,Sequential,59,43,1,12,1.0,2.909281064960582,0.5,0,5,65,38.500000000000014
Park-Fav,Sequential,59,44,0,208,0.1,3.0933723966865747,0.5,1,5,66,38.40000000000001
Park-Fav,Sequential,59,45,0,192,0.1,3.012312272090965,0.5,2,5,67,38.30000000000001
Park-Fav,Sequential,59,46,0,136,0.1,2.791766710809328,0.5,3,5,68,38.20000000000001
Park-Fav,Sequential,59,47,0,184,0.1,3.242555627009145,0.5,4,5,69,38.100000000000016
Park-Fav,Sequential,59,48,0,5,0.1,2.8748491936831275,0.5,5,5,70,38.000000000000014
Park-Fav,Sequential,59,49,0,168,0.1,2.787982882759464,0.5,6,5,71,37.90000000000001
Park-Fav,Sequential,59,50,0,152,0.1,2.509840562190143,0.5,7,5,72,37.80000000000002
Park-Fav,Sequential,59,51,0,188,0.1,2.643845414878624,0.5,8,5,73,37.70000000000002
Park-Fav,Sequential,59,52,0,224,0.1,2.501512720021241,0.5,9,5,74,37.600000000000016
Park-Fav,Sequential,59,53,0,21,0.1,2.3032455457516323,0.5,10,5,75,37.500000000000014
Park-Fav,Sequential,59,54,0,140,0.1,2.051649291994896,0.5,11,5,76,37.40000000000001
Park-Fav,Sequential,59,55,0,37,0.1,2.284911552844594,0.5,12,5,77,37.30000000000002
Park-Fav,Sequential,59,56,0,53,0.1,2.0963986651260416,0.5,13,5,78,37.20000000000002
Park-Fav,Sequential,59,57,0,196,0.1,2.0869155023012507,0.5,14,5,79,37.100000000000016
Park-Fav,Sequential,59,58,1,4,1.0,1.959022918262358,0.5,0,6,79,36.10000000000002
Park-Fav,Sequential,59,59,0,57,0.1,3.942742667348497,0.9997386672406184,1,6,80,36.00000000000002
Park-Fav,Sequential,59,60,0,156,0.1,3.8145343493034622,0.9997386672406184,2,6,81,35.90000000000002
Park-Fav,Sequential,59,61,0,172,0.1,3.796362006170365,0.9997386672406184,3,6,82,35.80000000000002
Park-Fav,Sequential,59,62,0,9,0.1,3.760966206407198,0.9997386672406184,4,6,83,35.70000000000002
Park-Fav,Sequential,59,63,0,65,0.1,3.530023317478866,0.9997386672406184,5,6,84,35.600000000000016
Park-Fav,Sequential,59,64,0,113,0.1,3.2770004259347205,0.9997386672406184,6,6,85,35.50000000000002
Park-Fav,Sequential,59,65,0,244,0.1,3.2600300111562808,0.9997386672406184,7,6,86,35.40000000000002
Park-Fav,Sequential,59,66,0,61,0.1,3.2150062589878075,0.9997386672406184,8,6,87,35.30000000000002
Park-Fav,Sequential,59,67,0,81,0.1,3.211954838972486,0.9997386672406184,9,6,88,35.200000000000024
Park-Fav,Sequential,59,68,0,97,0.1,3.068592970169673,0.9997386672406184,10,6,89,35.10000000000002
Park-Fav,Sequential,59,69,0,212,0.1,2.78289725044527,0.9997386672406184,11,6,90,35.00000000000002
Park-Fav,Sequential,59,70,0,41,0.1,2.8568642705243246,0.9997386672406184,12,6,91,34.90000000000002
Park-Fav,Sequential,59,71,0,13,0.1,2.382239142760167,0.9997386672406184,13,6,92,34.80000000000002
Park-Fav,Sequential,59,72,0,200,0.1,2.2602543293377466,0.9997386672406184,14,6,93,34.700000000000024
Park-Fav,Sequential,59,73,0,45,0.1,2.0054699879899247,0.9997386672406184,15,6,94,34.60000000000002
Park-Fav,Sequential,59,74,0,248,0.1,2.3640024436480918,0.9997386672406184,16,6,95,34.50000000000002
Park-Fav,Sequential,59,75,0,29,0.1,1.945895904176256,0.9997386672406184,17,6,96,34.40000000000003
Park-Fav,Sequential,59,76,0,232,0.1,1.7780287230549254,0.9997386672406184,18,6,97,34.300000000000026
Park-Fav,Sequential,59,77,1,56,1.0,1.6744128761141983,0.9997386672406184,0,7,97,33.300000000000026
Park-Fav,Sequential,59,78,0,2,0.1,2.017748348070237,0.9983580153013495,1,7,98,33.200000000000024
Park-Fav,Sequential,59,79,0,216,0.1,1.6834898107718594,0.9983580153013495,2,7,99,33.10000000000002
Park-Fav,Sequential,59,80,1,40,1.0,1.6322212286179347,0.9983580153013495,0,8,99,32.10000000000002
Park-Fav,Sequential,59,81,0,204,0.1,1.665748745610073,0.9979343493220104,1,8,100,32.00000000000002
Park-Fav,Sequential,59,82,0,252,0.1,1.5794363349296225,0.9979343493220104,2,8,101,31.90000000000002
Park-Fav,Sequential,59,83,0,69,0.1,1.5192495809879072,0.9979343493220104,3,8,102,31.80000000000002
Park-Fav,Sequential,59,84,1,24,1.0,1.5092599035876721,0.9979343493220104,0,9,102,30.80000000000002
Park-Fav,Sequential,59,85,1,52,1.0,1.4702333763784776,0.9978867022931918,0,10,102,29.80000000000002
Park-Fav,Sequential,59,86,0,129,0.1,1.4742310056578607,0.9983190684881611,1,10,103,29.700000000000017
Park-Fav,Sequential,59,87,1,8,1.0,1.3826014194424885,0.9983190684881611,0,11,103,28.700000000000017
Park-Fav,Sequential,59,88,0,50,0.1,1.5014860931655907,0.9982898788709701,1,11,104,28.600000000000016
Park-Fav,Sequential,59,89,1,28,1.0,1.4771307948940215,0.9982898788709701,0,12,104,27.600000000000016
Park-Fav,Sequential,59,90,1,44,1.0,1.3893843388248683,0.9984988876516495,0,13,104,26.600000000000016
Park-Fav,Sequential,59,91,0,177,0.1,1.3671907788095177,0.9986877051481394,1,13,105,26.500000000000014
Park-Fav,Sequential,59,92,1,20,1.0,1.3730422730355676,0.9986877051481394,0,14,105,25.500000000000014
Park-Fav,Sequential,59,93,1,36,1.0,1.3354398248646093,0.9989023444536984,0,15,105,24.500000000000014
Park-Fav,Sequential,59,94,1,48,1.0,1.2644755544754869,0.9990430448594007,0,16,105,23.500000000000014
Park-Fav,Sequential,59,95,1,16,1.0,1.3221963760055326,0.9990370916916514,0,17,105,22.500000000000014
Park-Fav,Sequential,59,96,0,18,0.1,1.298067697139888,0.9988572577744576,1,17,106,22.400000000000013
Park-Fav,Sequential,59,97,0,161,0.1,1.2657289662039155,0.9988572577744576,2,17,107,22.30000000000001
Park-Fav,Sequential,59,98,0,85,0.1,1.2574793177199002,0.9988572577744576,3,17,108,22.20000000000001
Park-Fav,Sequential,59,99,0,101,0.1,1.1417341400770329,0.9988572577744576,4,17,109,22.10000000000001
Park-Fav,Sequential,59,100,0,34,0.1,1.1257439344325382,0.9988572577744576,5,17,110,22.000000000000007
Park-Fav,Sequential,59,101,1,0,1.0,1.2164877325782537,0.9988572577744576,0,18,110,21.000000000000007
Park-Fav,Sequential,59,102,0,236,0.1,1.0232217493098619,0.998425307339304,1,18,111,20.900000000000006
Park-Fav,Sequential,59,103,0,220,0.1,0.9160109305403208,0.998425307339304,2,18,112,20.800000000000004
Park-Fav,Sequential,59,104,1,64,1.0,0.8377417862433656,0.998425307339304,0,19,112,19.800000000000004
Park-Fav,Sequential,59,105,1,80,1.0,0.7365912281669574,0.9999999999999908,0,20,112,18.800000000000004
Park-Fav,Sequential,59,106,1,120,1.0,0.8114960914029012,0.999999999999995,0,21,112,17.800000000000004
Park-Fav,Sequential,59,107,1,96,1.0,0.8161422362611497,0.9912855871232948,0,22,112,16.800000000000004
Park-Fav,Sequential,59,108,1,84,1.0,0.7760261984570695,0.9906823085179068,0,23,112,15.800000000000004
Park-Fav,Sequential,59,109,1,112,1.0,0.7849539833720434,0.992402887043437,0,24,112,14.800000000000004
Park-Fav,Sequential,59,110,0,121,0.1,0.7142456040774772,0.9919870342947449,1,24,113,14.700000000000005
Park-Fav,Sequential,59,111,1,100,1.0,0.7455492085459632,0.9919870342947449,0,25,113,13.700000000000003
Park-Fav,Sequential,59,112,1,116,1.0,0.7129006617693396,0.9929485740043549,0,26,113,12.700000000000003
Park-Fav,Sequential,59,113,1,68,1.0,0.7654538597127276,0.993645376618618,0,27,113,11.700000000000003
Park-Fav,Sequential,59,114,0,209,0.1,0.6825755545694963,0.9941733710898947,1,27,114,11.600000000000003
Park-Fav,Sequential,59,115,0,241,0.1,0.726934501479199,0.9941733710898947,2,27,115,11.500000000000002
Park-Fav,Sequential,59,116,1,124,1.0,0.7413752071714701,0.9941733710898947,0,28,115,10.5
Park-Fav,Sequential,59,117,1,72,1.0,0.6572419175583339,0.9889049755950443,0,29,115,9.5
Park-Fav,Sequential,59,118,1,88,1.0,0.5909918018574205,0.9894178282014321,0,30,115,8.5
Park-Fav,Sequential,59,119,0,73,0.1,0.6171476914261314,0.9898997930985167,1,30,116,8.4
Park-Fav,Sequential,59,120,1,104,1.0,0.586880036360883,0.9898997930985167,0,31,116,7.399999999999999
Park-Fav,Sequential,59,121,0,225,0.1,0.492922313800185,0.9903344765402793,1,31,117,7.299999999999999
Park-Fav,Sequential,59,122,0,66,0.1,0.5795534847370692,0.9903344765402793,2,31,118,7.1999999999999975
Park-Fav,Sequential,59,123,0,6,0.1,0.5220507293392537,0.9903344765402793,3,31,119,7.099999999999996
Park-Fav,Sequential,59,124,1,92,1.0,0.5677637657707131,0.9903344765402793,0,32,119,6.099999999999994
Park-Fav,Sequential,59,125,1,76,1.0,0.49550736206048784,0.9893159915095863,0,33,119,5.099999999999994
Park-Fav,Sequential,59,126,1,144,1.0,0.5003624115900285,0.9888702609258508,0,34,119,4.099999999999994
Park-Fav,Sequential,59,127,1,17,1.0,0.5404810792787984,0.984922895094664,0,35,119,3.0999999999999943
Park-Fav,Sequential,59,128,1,160,1.0,0.42925026509618636,0.9872515978174726,0,36,119,2.0999999999999943
Park-Fav,Sequential,59,129,1,176,1.0,0.43589051115301636,0.984746581773233,0,37,119,1.0999999999999943
Park-Fav,Sequential,59,130,1,108,1.0,0.4221654913503631,0.9829367317433633,0,38,119,0.09999999999999432
Park-Fav,Sequential,60,1,1,20,1.0,7.27866647347612,0.5,0,3,25,44.5
Park-Fav,Sequential,60,2,0,16,0.1,7.288378213549447,0.5,1,3,26,44.4
Park-Fav,Sequential,60,3,0,36,0.1,7.789559397529843,0.5,2,3,27,44.3
Park-Fav,Sequential,60,4,0,4,0.1,7.530201241899285,0.5,3,3,28,44.199999999999996
Park-Fav,Sequential,60,5,0,0,0.1,7.932445935205232,0.5,4,3,29,44.1
Park-Fav,Sequential,60,6,0,32,0.1,8.077447050458508,0.5,5,3,30,44.0
Park-Fav,Sequential,60,7,0,24,0.1,7.8480846375282285,0.5,6,3,31,43.9
Park-Fav,Sequential,60,8,0,8,0.1,7.884974433604454,0.5,7,3,32,43.800000000000004
Park-Fav,Sequential,60,9,0,48,0.1,8.032480117522816,0.5,8,3,33,43.7
Park-Fav,Sequential,60,10,0,52,0.1,7.719883112091401,0.5,9,3,34,43.6
Park-Fav,Sequential,60,11,0,56,0.1,7.227896813838438,0.5,10,3,35,43.5
Park-Fav,Sequential,60,12,0,100,0.1,6.433468324758139,0.5,11,3,36,43.4
Park-Fav,Sequential,60,13,0,12,0.1,6.935977690991979,0.5,12,3,37,43.300000000000004
Park-Fav,Sequential,60,14,0,28,0.1,6.509356510599266,0.5,13,3,38,43.2
Park-Fav,Sequential,60,15,0,44,0.1,6.992375430013112,0.5,14,3,39,43.1
Park-Fav,Sequential,60,16,0,60,0.1,7.654552424527209,0.5,15,3,40,43.00000000000001
Park-Fav,Sequential,60,17,0,68,0.1,6.413191844505093,0.5,16,3,41,42.900000000000006
Park-Fav,Sequential,60,18,0,84,0.1,6.069586965602258,0.5,17,3,42,42.800000000000004
Park-Fav,Sequential,60,19,0,80,0.1,6.122630961095042,0.5,18,3,43,42.7
Park-Fav,Sequential,60,20,0,112,0.1,5.519031188547879,0.5,19,3,44,42.6
Park-Fav,Sequential,60,21,0,116,0.1,5.581446606431459,0.5,20,3,45,42.50000000000001
Park-Fav,Sequential,60,22,1,12,1.0,2.4453734263359332,0.5,0,4,45,41.50000000000001
Park-Fav,Sequential,60,23,0,72,0.1,5.627119619168355,0.5,1,4,46,41.400000000000006
Park-Fav,Sequential,60,24,0,88,0.1,5.153040777970947,0.5,2,4,47,41.300000000000004
Park-Fav,Sequential,60,25,0,104,0.1,5.086482072834954,0.5,3,4,48,41.20000000000001
Park-Fav,Sequential,60,26,0,120,0.1,4.825918373499037,0.5,4,4,49,41.10000000000001
Park-Fav,Sequential,60,27,0,160,0.1,4.229392045498543,0.5,5,4,50,41.00000000000001
Park-Fav,Sequential,60,28,0,144,0.1,4.082585507971544,0.5,6,4,51,40.900000000000006
Park-Fav,Sequential,60,29,0,176,0.1,4.086871479381757,0.5,7,4,52,40.800000000000004
Park-Fav,Sequential,60,30,0,76,0.1,4.150431942006326,0.5,8,4,53,40.70000000000001
Park-Fav,Sequential,60,31,0,92,0.1,3.8963120037108947,0.5,9,4,54,40.60000000000001
Park-Fav,Sequential,60,32,0,108,0.1,4.0411658224288765,0.5,10,4,55,40.50000000000001
Park-Fav,Sequential,60,33,0,1,0.1,3.8109897886719426,0.5,11,4,56,40.40000000000001
Park-Fav,Sequential,60,34,0,128,0.1,4.0394875757519815,0.5,12,4,57,40.30000000000001
Park-Fav,Sequential,60,35,0,124,0.1,3.8858477082833263,0.5,13,4,58,40.20000000000001
Park-Fav,Sequential,60,36,0,132,0.1,3.108368606526495,0.5,14,4,59,40.10000000000001
Park-Fav,Sequential,60,37,0,17,0.1,3.064867961342386,0.5,15,4,60,40.00000000000001
Park-Fav,Sequential,60,38,0,180,0.1,2.9930995203813127,0.5,16,4,61,39.90000000000001
Park-Fav,Sequential,60,39,0,240,0.1,2.9661657761719984,0.5,17,4,62,39.80000000000001
Park-Fav,Sequential,60,40,0,164,0.1,2.8289438046036213,0.5,18,4,63,39.70000000000001
Park-Fav,Sequential,60,41,0,33,0.1,2.7529285463646094,0.5,19,4,64,39.600000000000016
Park-Fav,Sequential,60,42,0,49,0.1,2.656749939627459,0.5,20,4,65,39.500000000000014
Park-Fav,Sequential,60,43,1,60,1.0,2.1202852158349272,0.5,0,5,65,38.500000000000014
Park-Fav,Sequential,60,44,0,5,0.1,2.4262191378536913,0.5,1,5,66,38.40000000000001
Park-Fav,Sequential,60,45,0,53,0.1,2.167923184000665,0.5,2,5,67,38.30000000000001
Park-Fav,Sequential,60,46,0,224,0.1,2.4910373183252337,0.5,3,5,68,38.20000000000001
Park-Fav,Sequential,60,47,0,192,0.1,2.295336918303097,0.5,4,5,69,38.100000000000016
Park-Fav,Sequential,60,48,0,208,0.1,2.204953803257894,0.5,5,5,70,38.000000000000014
Park-Fav,Sequential,60,49,0,136,0.1,1.9124519778897542,0.5,6,5,71,37.90000000000001
Park-Fav,Sequential,60,50,0,21,0.1,1.9317633186081389,0.5,7,5,72,37.80000000000002
Park-Fav,Sequential,60,51,0,184,0.1,1.9951125123389273,0.5,8,5,73,37.70000000000002
Park-Fav,Sequential,60,52,0,168,0.1,1.8445925911656613,0.5,9,5,74,37.600000000000016
Park-Fav,Sequential,60,53,0,152,0.1,1.7077307508158557,0.5,10,5,75,37.500000000000014
Park-Fav,Sequential,60,54,1,48,1.0,1.8440719319897245,0.5,0,6,75,36.500000000000014
Park-Fav,Sequential,60,55,0,57,0.1,3.048802221536978,0.9998616365467144,1,6,76,36.40000000000001
Park-Fav,Sequential,60,56,0,9,0.1,3.0547688235912296,0.9998616365467144,2,6,77,36.30000000000002
Park-Fav,Sequential,60,57,0,61,0.1,2.8833880328279498,0.9998616365467144,3,6,78,36.20000000000002
Park-Fav,Sequential,60,58,0,65,0.1,2.83858681698936,0.9998616365467144,4,6,79,36.100000000000016
Park-Fav,Sequential,60,59,0,244,0.1,2.767799443626148,0.9998616365467144,5,6,80,36.00000000000002
Park-Fav,Sequential,60,60,0,196,0.1,2.6722246564042633,0.9998616365467144,6,6,81,35.90000000000002
Park-Fav,Sequential,60,61,0,25,0.1,2.531204997311579,0.9998616365467144,7,6,82,35.80000000000002
Park-Fav,Sequential,60,62,0,41,0.1,2.6326474699208404,0.9998616365467144,8,6,83,35.70000000000002
Park-Fav,Sequential,60,63,0,140,0.1,2.5428276527704288,0.9998616365467144,9,6,84,35.600000000000016
Park-Fav,Sequential,60,64,0,113,0.1,2.395274884879483,0.9998616365467144,10,6,85,35.50000000000002
Park-Fav,Sequential,60,65,0,81,0.1,2.3603661847994126,0.9998616365467144,11,6,86,35.40000000000002
Park-Fav,Sequential,60,66,0,188,0.1,2.6028195986656475,0.9998616365467144,12,6,87,35.30000000000002
Park-Fav,Sequential,60,67,0,97,0.1,2.134072913510603,0.9998616365467144,13,6,88,35.200000000000024
Park-Fav,Sequential,60,68,0,156,0.1,2.1612413885948976,0.9998616365467144,14,6,89,35.10000000000002
Park-Fav,Sequential,60,69,0,228,0.1,1.9531528506922349,0.9998616365467144,15,6,90,35.00000000000002
Park-Fav,Sequential,60,70,0,172,0.1,2.0883780125357907,0.9998616365467144,16,6,91,34.90000000000002
Park-Fav,Sequential,60,71,0,212,0.1,1.8925298264175532,0.9998616365467144,17,6,92,34.80000000000002
Park-Fav,Sequential,60,72,0,45,0.1,1.4721029755228967,0.9998616365467144,18,6,93,34.700000000000024
Park-Fav,Sequential,60,73,0,29,0.1,1.6575947348555,0.9998616365467144,19,6,94,34.60000000000002
Park-Fav,Sequential,60,74,1,56,1.0,1.3846635189825414,0.9998616365467144,0,7,94,33.60000000000002
Park-Fav,Sequential,60,75,1,44,1.0,1.384651166355267,0.9990513449569167,0,8,94,32.60000000000002
Park-Fav,Sequential,60,76,1,63,1.0,1.4120326550090645,0.9991498508572173,0,9,94,31.600000000000023
Park-Fav,Sequential,60,77,1,192,1.0,3.0584426194346426,0.9991498508572173,0,10,94,30.600000000000023
Park-Fav,Sequential,60,78,0,248,0.1,2.1625381552338308,0.9999999999999996,1,10,95,30.50000000000002
Park-Fav,Sequential,60,79,0,2,0.1,1.9761200728753898,0.9999999999999996,2,10,96,30.40000000000002
Park-Fav,Sequential,60,80,0,69,0.1,1.8715696366184804,0.9999999999999996,3,10,97,30.30000000000002
Park-Fav,Sequential,60,81,0,129,0.1,1.7765583335836201,0.9999999999999996,4,10,98,30.200000000000017
Park-Fav,Sequential,60,82,1,40,1.0,1.7885358730037746,0.9999999999999996,0,11,98,29.200000000000017
Park-Fav,Sequential,60,83,0,216,0.1,1.6798046999498233,0.9999999999999993,1,11,99,29.100000000000016
Park-Fav,Sequential,60,84,0,232,0.1,1.6877268607936906,0.9999999999999993,2,11,100,29.000000000000014
Park-Fav,Sequential,60,85,1,96,1.0,1.558026259212106,0.9999999999999993,0,12,100,28.000000000000014
Park-Fav,Sequential,60,86,1,28,1.0,1.6106489753018849,0.9999999999999996,0,13,100,27.000000000000014
Park-Fav,Sequential,60,87,1,76,1.0,1.6323479794716735,0.9999999999999996,0,14,100,26.000000000000014
Park-Fav,Sequential,60,88,0,85,0.1,1.4746230231844888,0.98492416457853,1,14,101,25.900000000000013
Park-Fav,Sequential,60,89,0,145,0.1,1.5275256240242079,0.98492416457853,2,14,102,25.80000000000001
Park-Fav,Sequential,60,90,0,117,0.1,1.5421141298726637,0.98492416457853,3,14,103,25.70000000000001
Park-Fav,Sequential,60,91,1,24,1.0,1.5230720888585745,0.98492416457853,0,15,103,24.70000000000001
Park-Fav,Sequential,60,92,1,36,1.0,1.3609201375851174,0.9853725580730522,0,16,103,23.70000000000001
Park-Fav,Sequential,60,93,0,101,0.1,1.3474214575216794,0.9857263376671568,1,16,104,23.60000000000001
Park-Fav,Sequential,60,94,1,52,1.0,1.3746319362779424,0.9857263376671568,0,17,104,22.60000000000001
Park-Fav,Sequential,60,95,1,108,1.0,1.3702929352376256,0.9860125916213255,0,18,104,21.60000000000001
Park-Fav,Sequential,60,96,0,177,0.1,1.462644058242974,0.981700478706479,1,18,105,21.500000000000007
Park-Fav,Sequential,60,97,0,204,0.1,1.4077247548852034,0.981700478706479,2,18,106,21.400000000000006
Park-Fav,Sequential,60,98,0,252,0.1,1.3189270264505608,0.981700478706479,3,18,107,21.300000000000004
Park-Fav,Sequential,60,99,0,161,0.1,1.2297181536855968,0.981700478706479,4,18,108,21.200000000000003
Park-Fav,Sequential,60,100,1,0,1.0,1.377836133340081,0.981700478706479,0,19,108,20.200000000000003
Park-Fav,Sequential,60,101,1,8,1.0,1.1595742273746825,0.9820941812850987,0,20,108,19.200000000000003
Park-Fav,Sequential,60,102,1,64,1.0,1.2287004725597448,0.9824250315652197,0,21,108,18.200000000000003
Park-Fav,Sequential,60,103,1,4,1.0,1.2642904815274882,0.9819603845238931,0,22,108,17.200000000000003
Park-Fav,Sequential,60,104,1,32,1.0,1.236311735839461,0.9822850837450856,0,23,108,16.200000000000003
Park-Fav,Sequential,60,105,1,16,1.0,1.2104767653383182,0.982565852774273,0,24,108,15.200000000000003
Park-Fav,Sequential,60,106,0,18,0.1,1.261864921751484,0.9828110420317633,1,24,109,15.100000000000003
Park-Fav,Sequential,60,107,0,34,0.1,1.0284219186987802,0.9828110420317633,2,24,110,15.000000000000002
Park-Fav,Sequential,60,108,0,50,0.1,1.1715486674149518,0.9828110420317633,3,24,111,14.9
Park-Fav,Sequential,60,109,1,100,1.0,0.898072180045637,0.9828110420317633,0,25,111,13.899999999999999
Park-Fav,Sequential,60,110,1,80,1.0,0.9663127803395836,0.9835664850219785,0,26,111,12.899999999999999
Park-Fav,Sequential,60,111,0,193,0.1,0.9278892023119443,0.9832469387234488,1,26,112,12.799999999999999
Park-Fav,Sequential,60,112,1,84,1.0,0.8260020612644914,0.9832469387234488,0,27,112,11.799999999999997
Park-Fav,Sequential,60,113,0,236,0.1,0.8632692532498589,0.9838502870259472,1,27,113,11.699999999999998
Park-Fav,Sequential,60,114,0,220,0.1,0.8533267947745811,0.9838502870259472,2,27,114,11.599999999999996
Park-Fav,Sequential,60,115,1,112,1.0,0.8643101345405062,0.9838502870259472,0,28,114,10.599999999999994
Park-Fav,Sequential,60,116,1,116,1.0,0.8043047047342906,0.9835523524220027,0,29,114,9.599999999999994
Park-Fav,Sequential,60,117,0,73,0.1,0.827706840388294,0.98404631015293,1,29,115,9.499999999999995
Park-Fav,Sequential,60,118,1,104,1.0,0.6926939704164587,0.98404631015293,0,30,115,8.499999999999993
Park-Fav,Sequential,60,119,1,68,1.0,0.7086378577738631,0.9840006925079317,0,31,115,7.499999999999993
Park-Fav,Sequential,60,120,0,209,0.1,0.7101756523824511,0.9843630735087162,1,31,116,7.399999999999993
Park-Fav,Sequential,60,121,0,121,0.1,0.6340442857246676,0.9843630735087162,2,31,117,7.299999999999992
Park-Fav,Sequential,60,122,1,120,1.0,0.6978152199727439,0.9843630735087162,0,32,117,6.29999999999999
Park-Fav,Sequential,60,123,0,125,0.1,0.5955063903754045,0.9843502213846889,1,32,118,6.19999999999999
Park-Fav,Sequential,60,124,0,241,0.1,0.6121645837649456,0.9843502213846889,2,32,119,6.099999999999989
Park-Fav,Sequential,60,125,1,88,1.0,0.6197568308836765,0.9843502213846889,0,33,119,5.099999999999987
Park-Fav,Sequential,60,126,0,89,0.1,0.5643398127476517,0.9843978970853672,1,33,120,4.999999999999988
Park-Fav,Sequential,60,127,1,176,1.0,0.6026972431039435,0.9843978970853672,0,34,120,3.999999999999986
Park-Fav,Sequential,60,128,1,72,1.0,0.6029746720681637,0.9835956679096384,0,35,120,2.999999999999986
Park-Fav,Sequential,60,129,0,133,0.1,0.49642636204996765,0.9834769660017949,1,35,121,2.8999999999999857
Park-Fav,Sequential,60,130,1,128,1.0,0.5006714348932264,0.9834769660017949,0,36,121,1.8999999999999844
Park-Fav,Sequential,60,131,1,92,1.0,0.49754807100997134,0.9828633509769964,0,37,121,0.8999999999999844
Park-Fav,Sequential,60,132,0,225,0.1,0.4806862943243952,0.9808286898282766,1,37,122,0.7999999999999844
Park-Fav,Sequential,60,133,0,66,0.1,0.4279160094717999,0.9808286898282766,2,37,123,0.699999999999983
Park-Fav,Sequential,60,134,0,6,0.1,0.403281964181452,0.9808286898282766,3,37,124,0.5999999999999815
Park-Fav,Sequential,60,135,0,54,0.1,0.3592834915280907,0.9808286898282766,4,37,125,0.4999999999999801
Park-Fav,Sequential,60,136,0,149,0.1,0.37836715078602456,0.9808286898282766,5,37,126,0.3999999999999787
Park-Fav,Sequential,60,137,0,181,0.1,0.36110763693967135,0.9808286898282766,6,37,127,0.2999999999999773
Park-Fav,Sequential,60,138,0,93,0.1,0.34686185831613897,0.9808286898282766,7,37,128,0.19999999999997584
Park-Fav,Sequential,60,139,0,109,0.1,0.34928016464606626,0.9808286898282766,8,37,129,0.09999999999997441
Park-Fav,Sequential,61,1,0,16,0.1,10.326613714621393,0.5,1,2,26,45.4
Park-Fav,Sequential,61,2,0,32,0.1,8.789952958402992,0.5,2,2,27,45.3
Park-Fav,Sequential,61,3,0,36,0.1,8.062292705480575,0.5,3,2,28,45.199999999999996
Park-Fav,Sequential,61,4,0,0,0.1,7.972050798592743,0.5,4,2,29,45.1
Park-Fav,Sequential,61,5,0,20,0.1,8.96123968347243,0.5,5,2,30,45.0
Park-Fav,Sequential,61,6,0,48,0.1,9.113660544424555,0.5,6,2,31,44.9
Park-Fav,Sequential,61,7,0,52,0.1,7.915559496571848,0.5,7,2,32,44.800000000000004
Park-Fav,Sequential,61,8,0,4,0.1,7.782719618179087,0.5,8,2,33,44.7
Park-Fav,Sequential,61,9,0,40,0.1,7.61500718049022,0.5,9,2,34,44.6
Park-Fav,Sequential,61,10,0,56,0.1,8.061881010014169,0.5,10,2,35,44.5
Park-Fav,Sequential,61,11,0,24,0.1,8.089860071001862,0.5,11,2,36,44.4
Park-Fav,Sequential,61,12,0,8,0.1,7.815347730025861,0.5,12,2,37,44.300000000000004
Park-Fav,Sequential,61,13,0,44,0.1,7.943220101097723,0.5,13,2,38,44.2
Park-Fav,Sequential,61,14,0,60,0.1,8.296333778330478,0.5,14,2,39,44.1
Park-Fav,Sequential,61,15,0,28,0.1,8.260214279151539,0.5,15,2,40,44.00000000000001
Park-Fav,Sequential,61,16,0,12,0.1,7.8302767931682915,0.5,16,2,41,43.900000000000006
Park-Fav,Sequential,61,17,0,84,0.1,7.285147885621501,0.5,17,2,42,43.800000000000004
Park-Fav,Sequential,61,18,0,64,0.1,6.937571778059359,0.5,18,2,43,43.7
Park-Fav,Sequential,61,19,0,80,0.1,7.3216639635346334,0.5,19,2,44,43.6
Park-Fav,Sequential,61,20,1,16,1.0,7.332925117080487,0.5,0,3,44,42.60000000000001
Park-Fav,Sequential,61,21,0,96,0.1,6.900067728109978,0.5,1,3,45,42.50000000000001
Park-Fav,Sequential,61,22,0,100,0.1,6.38446037434953,0.5,2,3,46,42.400000000000006
Park-Fav,Sequential,61,23,0,112,0.1,6.43861864800131,0.5,3,3,47,42.300000000000004
Park-Fav,Sequential,61,24,0,68,0.1,6.469495852154101,0.5,4,3,48,42.20000000000001
Park-Fav,Sequential,61,25,0,104,0.1,6.487741029754968,0.5,5,3,49,42.10000000000001
Park-Fav,Sequential,61,26,0,88,0.1,5.8890683624083895,0.5,6,3,50,42.00000000000001
Park-Fav,Sequential,61,27,0,124,0.1,5.707443780654204,0.5,7,3,51,41.900000000000006
Park-Fav,Sequential,61,28,0,120,0.1,5.721119073782718,0.5,8,3,52,41.800000000000004
Park-Fav,Sequential,61,29,0,72,0.1,5.145481692407534,0.5,9,3,53,41.70000000000001
Park-Fav,Sequential,61,30,0,108,0.1,4.7727502009354845,0.5,10,3,54,41.60000000000001
Park-Fav,Sequential,61,31,0,144,0.1,4.87844185466233,0.5,11,3,55,41.50000000000001
Park-Fav,Sequential,61,32,0,92,0.1,4.8438478999309895,0.5,12,3,56,41.40000000000001
Park-Fav,Sequential,61,33,0,176,0.1,4.6811810121295006,0.5,13,3,57,41.30000000000001
Park-Fav,Sequential,61,34,0,76,0.1,4.891203111765548,0.5,14,3,58,41.20000000000001
Park-Fav,Sequential,61,35,0,160,0.1,4.41109318745972,0.5,15,3,59,41.10000000000001
Park-Fav,Sequential,61,36,0,1,0.1,3.6825636426820774,0.5,16,3,60,41.00000000000001
Park-Fav,Sequential,61,37,0,148,0.1,3.6065014115115437,0.5,17,3,61,40.90000000000001
Park-Fav,Sequential,61,38,0,17,0.1,3.637536265218414,0.5,18,3,62,40.80000000000001
Park-Fav,Sequential,61,39,0,49,0.1,3.5001809211362067,0.5,19,3,63,40.70000000000001
Park-Fav,Sequential,61,40,0,132,0.1,3.4515002383523896,0.5,20,3,64,40.600000000000016
Park-Fav,Sequential,61,41,1,48,1.0,2.456800919227245,0.5,0,4,64,39.600000000000016
Park-Fav,Sequential,61,42,0,164,0.1,3.3617025685262667,0.5,1,4,65,39.500000000000014
Park-Fav,Sequential,61,43,0,33,0.1,3.2124269380543313,0.5,2,4,66,39.40000000000001
Park-Fav,Sequential,61,44,0,240,0.1,3.1677797211913643,0.5,3,4,67,39.30000000000001
Park-Fav,Sequential,61,45,0,5,0.1,2.9113574102076223,0.5,4,4,68,39.20000000000001
Park-Fav,Sequential,61,46,0,224,0.1,2.6902080865262934,0.5,5,4,69,39.100000000000016
Park-Fav,Sequential,61,47,0,192,0.1,2.8498019520997135,0.5,6,4,70,39.000000000000014
Park-Fav,Sequential,61,48,0,136,0.1,2.6088886700542795,0.5,7,4,71,38.90000000000001
Park-Fav,Sequential,61,49,0,208,0.1,2.4659685392509716,0.5,8,4,72,38.80000000000002
Park-Fav,Sequential,61,50,0,184,0.1,2.6028899691807608,0.5,9,4,73,38.70000000000002
Park-Fav,Sequential,61,51,0,152,0.1,2.306452630544024,0.5,10,4,74,38.600000000000016
Park-Fav,Sequential,61,52,1,240,1.0,2.5043555132136017,0.5,0,5,74,37.600000000000016
Park-Fav,Sequential,61,53,0,168,0.1,4.386792908019752,1.0,1,5,75,37.500000000000014
Park-Fav,Sequential,61,54,0,21,0.1,4.259225049016143,1.0,2,5,76,37.40000000000001
Park-Fav,Sequential,61,55,0,53,0.1,4.312897930581512,1.0,3,5,77,37.30000000000002
Park-Fav,Sequential,61,56,0,37,0.1,3.9987752018497935,1.0,4,5,78,37.20000000000002
Park-Fav,Sequential,61,57,0,140,0.1,4.097250072710515,1.0,5,5,79,37.100000000000016
Park-Fav,Sequential,61,58,0,156,0.1,3.6581194305607267,1.0,6,5,80,37.00000000000002
Park-Fav,Sequential,61,59,0,172,0.1,3.338792918987008,1.0,7,5,81,36.90000000000002
Park-Fav,Sequential,61,60,0,9,0.1,3.609777253821443,1.0,8,5,82,36.80000000000002
Park-Fav,Sequential,61,61,0,244,0.1,3.066850981282845,1.0,9,5,83,36.70000000000002
Park-Fav,Sequential,61,62,0,65,0.1,3.0357639936728584,1.0,10,5,84,36.600000000000016
Park-Fav,Sequential,61,63,0,81,0.1,3.0977074200130117,1.0,11,5,85,36.50000000000002
Park-Fav,Sequential,61,64,0,25,0.1,2.9019331013032357,1.0,12,5,86,36.40000000000002
Park-Fav,Sequential,61,65,0,61,0.1,3.0451028711565384,1.0,13,5,87,36.30000000000002
Park-Fav,Sequential,61,66,0,113,0.1,2.714606266869044,1.0,14,5,88,36.200000000000024
Park-Fav,Sequential,61,67,0,228,0.1,2.5495860460515782,1.0,15,5,89,36.10000000000002
Park-Fav,Sequential,61,68,0,13,0.1,2.6920960144625483,1.0,16,5,90,36.00000000000002
Park-Fav,Sequential,61,69,0,196,0.1,2.5842174448941666,1.0,17,5,91,35.90000000000002
Park-Fav,Sequential,61,70,0,248,0.1,2.054300453259259,1.0,18,5,92,35.80000000000002
Park-Fav,Sequential,61,71,0,45,0.1,1.8646400760706476,1.0,19,5,93,35.700000000000024
Park-Fav,Sequential,61,72,0,29,0.1,1.8709280115750042,1.0,20,5,94,35.60000000000002
Park-Fav,Sequential,61,73,1,0,1.0,1.5189804451016629,1.0,0,6,94,34.60000000000002
Park-Fav,Sequential,61,74,0,200,0.1,1.9297385221363121,1.0,1,6,95,34.50000000000002
Park-Fav,Sequential,61,75,0,2,0.1,1.791604691913774,1.0,2,6,96,34.40000000000003
Park-Fav,Sequential,61,76,0,129,0.1,1.3804088747711507,1.0,3,6,97,34.300000000000026
Park-Fav,Sequential,61,77,0,252,0.1,1.5182036385630648,1.0,4,6,98,34.200000000000024
Park-Fav,Sequential,61,78,0,69,0.1,1.5265299456757047,1.0,5,6,99,34.10000000000002
Park-Fav,Sequential,61,79,0,50,0.1,1.631390311645046,1.0,6,6,100,34.00000000000002
Park-Fav,Sequential,61,80,1,51,1.0,1.356217954528342,1.0,0,7,100,33.00000000000003
Park-Fav,Sequential,61,81,0,117,0.1,1.3971641433040476,1.0,1,7,101,32.90000000000003
Park-Fav,Sequential,61,82,1,128,1.0,1.5653634683443698,1.0,0,8,101,31.900000000000027
Park-Fav,Sequential,61,83,0,232,0.1,1.3543356011302048,1.0,1,8,102,31.800000000000026
Park-Fav,Sequential,61,84,0,216,0.1,1.4313433189687652,1.0,2,8,103,31.700000000000024
Park-Fav,Sequential,61,85,0,145,0.1,1.2197978818397825,1.0,3,8,104,31.600000000000023
Park-Fav,Sequential,61,86,1,32,1.0,1.3080296625429584,1.0,0,9,104,30.600000000000023
Park-Fav,Sequential,61,87,0,177,0.1,1.1827204143500347,1.0,1,9,105,30.50000000000002
Park-Fav,Sequential,61,88,0,85,0.1,1.1365446874650187,1.0,2,9,106,30.40000000000002
Park-Fav,Sequential,61,89,0,18,0.1,1.152505919144942,1.0,3,9,107,30.30000000000002
Park-Fav,Sequential,61,90,1,80,1.0,1.0371877296600944,1.0,0,10,107,29.30000000000002
Park-Fav,Sequential,61,91,0,236,0.1,1.0186064578765026,0.9999999999999998,1,10,108,29.200000000000017
Park-Fav,Sequential,61,92,0,34,0.1,1.056197477206306,0.9999999999999998,2,10,109,29.100000000000016
Park-Fav,Sequential,61,93,0,204,0.1,0.9370116282236616,0.9999999999999998,3,10,110,29.000000000000014
Park-Fav,Sequential,61,94,1,64,1.0,0.9576618503853256,0.9999999999999998,0,11,110,28.000000000000014
Park-Fav,Sequential,61,95,1,36,1.0,0.973039723816896,1.0,0,12,110,27.000000000000014
Park-Fav,Sequential,61,96,1,20,1.0,0.969756726789522,1.0,0,13,110,26.000000000000014
Park-Fav,Sequential,61,97,1,52,1.0,1.1296484242548626,0.9999999999999998,0,14,110,25.000000000000014
Park-Fav,Sequential,61,98,1,56,1.0,1.11585501052183,1.0,0,15,110,24.000000000000014
Park-Fav,Sequential,61,99,1,40,1.0,1.020552835419292,0.9999999999999996,0,16,110,23.000000000000014
Park-Fav,Sequential,61,100,1,24,1.0,1.2020754235365676,0.9999999999999999,0,17,110,22.000000000000014
Park-Fav,Sequential,61,101,1,4,1.0,1.0744693213239647,0.9999999999999998,0,18,110,21.000000000000014
Park-Fav,Sequential,61,102,1,112,1.0,0.9834414546239186,0.9999999999999999,0,19,110,20.000000000000014
Park-Fav,Sequential,61,103,1,8,1.0,1.0533988310551887,0.9999999999999999,0,20,110,19.000000000000014
Park-Fav,Sequential,61,104,1,28,1.0,0.8839836399546516,0.9999999999999996,0,21,110,18.000000000000014
Park-Fav,Sequential,61,105,1,44,1.0,0.9943757121478864,0.9999999999999997,0,22,110,17.000000000000014
Park-Fav,Sequential,61,106,1,12,1.0,1.1483725920445906,0.9999999999999992,0,23,110,16.000000000000014
Park-Fav,Sequential,61,107,1,60,1.0,0.9927479958805663,0.9999999999999994,0,24,110,15.000000000000014
Park-Fav,Sequential,61,108,1,96,1.0,0.8956955705789426,0.9999999999999992,0,25,110,14.000000000000014
Park-Fav,Sequential,61,109,1,84,1.0,0.7673073580612524,0.9999999999999992,0,26,110,13.000000000000014
Park-Fav,Sequential,61,110,0,220,0.1,0.8292769171757249,0.9990702383078847,1,26,111,12.900000000000015
Park-Fav,Sequential,61,111,1,116,1.0,0.8103364602298984,0.9990702383078847,0,27,111,11.900000000000013
Park-Fav,Sequential,61,112,1,68,1.0,0.769714842325389,0.9983829116549423,0,28,111,10.900000000000013
Park-Fav,Sequential,61,113,1,100,1.0,0.7472984386512778,0.9978617586627745,0,29,111,9.900000000000013
Park-Fav,Sequential,61,114,1,120,1.0,0.6922481175077586,0.9974581896162654,0,30,111,8.900000000000013
Park-Fav,Sequential,61,115,0,193,0.1,0.712657262772716,0.9945334870620333,1,30,112,8.800000000000013
Park-Fav,Sequential,61,116,0,121,0.1,0.6423818520145186,0.9945334870620333,2,30,113,8.700000000000012
Park-Fav,Sequential,61,117,1,1,1.0,0.7048983960415208,0.9945334870620333,0,31,113,7.70000000000001
Park-Fav,Sequential,61,118,1,72,1.0,0.5630544807566187,0.9920372478802587,0,32,113,6.70000000000001
Park-Fav,Sequential,61,119,1,88,1.0,0.5784562449966646,0.9910625282203179,0,33,113,5.70000000000001
Park-Fav,Sequential,61,120,1,104,1.0,0.6319327267460773,0.9903138317028047,0,34,113,4.70000000000001
Park-Fav,Sequential,61,121,0,125,0.1,0.7882861892209433,0.9897303087250648,1,34,114,4.60000000000001
Park-Fav,Sequential,61,122,1,76,1.0,0.5111632912850022,0.9897303087250648,0,35,114,3.6000000000000085
Park-Fav,Sequential,61,123,0,241,0.1,0.6222336031623146,0.987192890634452,1,35,115,3.5000000000000084
Park-Fav,Sequential,61,124,1,176,1.0,0.5521105696946378,0.987192890634452,0,36,115,2.500000000000007
Park-Fav,Sequential,61,125,1,160,1.0,0.4810009351958206,0.9865103326958627,0,37,115,1.500000000000007
Park-Fav,Sequential,61,126,0,73,0.1,0.5331031310838822,0.9860475107637939,1,37,116,1.400000000000007
Park-Fav,Sequential,61,127,0,209,0.1,0.4816026819663101,0.9860475107637939,2,37,117,1.3000000000000056
Park-Fav,Sequential,61,128,1,144,1.0,0.4726868458535754,0.9860475107637939,0,38,117,0.30000000000000426
Park-Fav,Sequential,61,129,0,225,0.1,0.41524147284592283,0.9857351913012,1,38,118,0.20000000000000426
Park-Fav,Sequential,61,130,0,6,0.1,0.46254253396064793,0.9857351913012,2,38,119,0.10000000000000284
Park-Fav,Sequential,61,131,0,133,0.1,0.38509350478506105,0.9857351913012,3,38,120,1.4155343563970746e-15
