benchmark,model,seed,step,fidelity_chosen,candidate_idx,cost,score_max,alpha,consecutive_lf_count,n_hf_so_far,n_lf_so_far,remaining_budget
Park-Fav,DNGO-Joint,42,1,0,40,0.1,7.571625990918823,0.5,1,2,26,45.4
Park-Fav,DNGO-Joint,42,2,0,36,0.1,7.7413569585544435,0.5,2,2,27,45.3
Park-Fav,DNGO-Joint,42,3,0,16,0.1,7.9784021150123925,0.5,3,2,28,45.199999999999996
Park-Fav,DNGO-Joint,42,4,0,20,0.1,8.017121295085472,0.5,4,2,29,45.1
Park-Fav,DNGO-Joint,42,5,1,0,1.0,8.614654571566726,0.5,0,3,29,44.1
Park-Fav,DNGO-Joint,42,6,0,48,0.1,9.060994049415463,0.5,1,3,30,44.0
Park-Fav,DNGO-Joint,42,7,0,52,0.1,8.705030702190118,0.5,2,3,31,43.9
Park-Fav,DNGO-Joint,42,8,0,56,0.1,8.887812824423294,0.5,3,3,32,43.800000000000004
Park-Fav,DNGO-Joint,42,9,0,32,0.1,8.832512173427448,0.5,4,3,33,43.7
Park-Fav,DNGO-Joint,42,10,0,24,0.1,8.410442619549338,0.5,5,3,34,43.6
Park-Fav,DNGO-Joint,42,11,0,4,0.1,8.445151387098544,0.5,6,3,35,43.5
Park-Fav,DNGO-Joint,42,12,0,8,0.1,8.211155968615692,0.5,7,3,36,43.4
Park-Fav,DNGO-Joint,42,13,0,28,0.1,8.22312395039743,0.5,8,3,37,43.300000000000004
Park-Fav,DNGO-Joint,42,14,0,12,0.1,8.177405586894404,0.5,9,3,38,43.2
Park-Fav,DNGO-Joint,42,15,0,60,0.1,7.360613019278872,0.5,10,3,39,43.1
Park-Fav,DNGO-Joint,42,16,0,112,0.1,6.859203531700426,0.5,11,3,40,43.00000000000001
Park-Fav,DNGO-Joint,42,17,0,96,0.1,6.82687609654637,0.5,12,3,41,42.900000000000006
Park-Fav,DNGO-Joint,42,18,0,64,0.1,7.012708223114325,0.5,13,3,42,42.800000000000004
Park-Fav,DNGO-Joint,42,19,0,116,0.1,6.312298773253939,0.5,14,3,43,42.7
Park-Fav,DNGO-Joint,42,20,0,68,0.1,6.15001384330045,0.5,15,3,44,42.6
Park-Fav,DNGO-Joint,42,21,0,100,0.1,6.641723394509682,0.5,16,3,45,42.50000000000001
Park-Fav,DNGO-Joint,42,22,0,84,0.1,6.101964226870384,0.5,17,3,46,42.400000000000006
Park-Fav,DNGO-Joint,42,23,0,76,0.1,5.739794839187172,0.5,18,3,47,42.300000000000004
Park-Fav,DNGO-Joint,42,24,0,104,0.1,5.622912231349233,0.5,19,3,48,42.20000000000001
Park-Fav,DNGO-Joint,42,25,0,72,0.1,5.486923041885359,0.5,20,3,49,42.10000000000001
Park-Fav,DNGO-Joint,42,26,1,240,1.0,3.02428365042038,0.5,0,4,49,41.10000000000001
Park-Fav,DNGO-Joint,42,27,0,120,0.1,5.246585205839578,0.5,1,4,50,41.00000000000001
Park-Fav,DNGO-Joint,42,28,0,92,0.1,5.4086840799718106,0.5,2,4,51,40.900000000000006
Park-Fav,DNGO-Joint,42,29,0,124,0.1,4.963278910028246,0.5,3,4,52,40.800000000000004
Park-Fav,DNGO-Joint,42,30,0,108,0.1,4.801368650756121,0.5,4,4,53,40.70000000000001
Park-Fav,DNGO-Joint,42,31,0,128,0.1,4.543703254411958,0.5,5,4,54,40.60000000000001
Park-Fav,DNGO-Joint,42,32,0,160,0.1,4.3230020928035335,0.5,6,4,55,40.50000000000001
Park-Fav,DNGO-Joint,42,33,0,176,0.1,4.285569954424713,0.5,7,4,56,40.40000000000001
Park-Fav,DNGO-Joint,42,34,0,144,0.1,4.031723158664398,0.5,8,4,57,40.30000000000001
Park-Fav,DNGO-Joint,42,35,0,49,0.1,3.8554448631467664,0.5,9,4,58,40.20000000000001
Park-Fav,DNGO-Joint,42,36,0,164,0.1,3.3939915555610867,0.5,10,4,59,40.10000000000001
Park-Fav,DNGO-Joint,42,37,0,33,0.1,3.3900218081690294,0.5,11,4,60,40.00000000000001
Park-Fav,DNGO-Joint,42,38,0,180,0.1,3.2405416856091493,0.5,12,4,61,39.90000000000001
Park-Fav,DNGO-Joint,42,39,0,192,0.1,3.2410677927971867,0.5,13,4,62,39.80000000000001
Park-Fav,DNGO-Joint,42,40,0,1,0.1,3.369489017157005,0.5,14,4,63,39.70000000000001
Park-Fav,DNGO-Joint,42,41,0,17,0.1,3.2573143941699367,0.5,15,4,64,39.600000000000016
Park-Fav,DNGO-Joint,42,42,0,148,0.1,2.95972607893007,0.5,16,4,65,39.500000000000014
Park-Fav,DNGO-Joint,42,43,0,53,0.1,2.7205442720320177,0.5,17,4,66,39.40000000000001
Park-Fav,DNGO-Joint,42,44,0,140,0.1,2.6076385680729883,0.5,18,4,67,39.30000000000001
Park-Fav,DNGO-Joint,42,45,0,5,0.1,2.5709824316439724,0.5,19,4,68,39.20000000000001
Park-Fav,DNGO-Joint,42,46,0,136,0.1,2.484495242475604,0.5,20,4,69,39.100000000000016
Park-Fav,DNGO-Joint,42,47,1,48,1.0,1.7532158749854034,0.5,0,5,69,38.100000000000016
Park-Fav,DNGO-Joint,42,48,0,224,0.1,2.450120117157751,0.5,1,5,70,38.000000000000014
Park-Fav,DNGO-Joint,42,49,0,208,0.1,2.3120359222836364,0.5,2,5,71,37.90000000000001
Park-Fav,DNGO-Joint,42,50,0,184,0.1,2.3626207339296568,0.5,3,5,72,37.80000000000002
Park-Fav,DNGO-Joint,42,51,0,37,0.1,2.3254653499921694,0.5,4,5,73,37.70000000000002
Park-Fav,DNGO-Joint,42,52,0,152,0.1,2.1051799329424847,0.5,5,5,74,37.600000000000016
Park-Fav,DNGO-Joint,42,53,0,168,0.1,1.9625872282817125,0.5,6,5,75,37.500000000000014
Park-Fav,DNGO-Joint,42,54,0,13,0.1,1.7721801724839485,0.5,7,5,76,37.40000000000001
Park-Fav,DNGO-Joint,42,55,0,9,0.1,1.8516451099961784,0.5,8,5,77,37.30000000000002
Park-Fav,DNGO-Joint,42,56,0,113,0.1,1.633985031875677,0.5,9,5,78,37.20000000000002
Park-Fav,DNGO-Joint,42,57,0,57,0.1,1.7846918820646052,0.5,10,5,79,37.100000000000016
Park-Fav,DNGO-Joint,42,58,0,156,0.1,1.7284149671927078,0.5,11,5,80,37.00000000000002
Park-Fav,DNGO-Joint,42,59,1,64,1.0,1.572815932560956,0.5,0,6,80,36.00000000000002
Park-Fav,DNGO-Joint,42,60,0,65,0.1,1.6235438374376943,0.5,1,6,81,35.90000000000002
Park-Fav,DNGO-Joint,42,61,1,32,1.0,1.5210167316069125,0.5,0,7,81,34.90000000000002
Park-Fav,DNGO-Joint,42,62,0,172,0.1,3.0361513563506337,1.0,1,7,82,34.80000000000002
Park-Fav,DNGO-Joint,42,63,0,41,0.1,2.8714797863992545,1.0,2,7,83,34.70000000000002
Park-Fav,DNGO-Joint,42,64,0,25,0.1,2.7459024925358575,1.0,3,7,84,34.600000000000016
Park-Fav,DNGO-Joint,42,65,0,244,0.1,2.7788032445293998,1.0,4,7,85,34.50000000000002
Park-Fav,DNGO-Joint,42,66,0,196,0.1,2.8662643460959267,1.0,5,7,86,34.40000000000002
Park-Fav,DNGO-Joint,42,67,0,81,0.1,2.495179583034718,1.0,6,7,87,34.30000000000002
Park-Fav,DNGO-Joint,42,68,0,61,0.1,2.400937574800306,1.0,7,7,88,34.200000000000024
Park-Fav,DNGO-Joint,42,69,0,228,0.1,2.2992163708408717,1.0,8,7,89,34.10000000000002
Park-Fav,DNGO-Joint,42,70,0,212,0.1,2.1993659611935747,1.0,9,7,90,34.00000000000002
Park-Fav,DNGO-Joint,42,71,0,29,0.1,2.2071564266548847,1.0,10,7,91,33.90000000000002
Park-Fav,DNGO-Joint,42,72,0,248,0.1,1.7967798859033013,1.0,11,7,92,33.80000000000002
Park-Fav,DNGO-Joint,42,73,0,45,0.1,1.898594715560507,1.0,12,7,93,33.700000000000024
Park-Fav,DNGO-Joint,42,74,0,200,0.1,1.7710472062246008,1.0,13,7,94,33.600000000000016
Park-Fav,DNGO-Joint,42,75,0,69,0.1,1.4772664806708147,1.0,14,7,95,33.50000000000002
Park-Fav,DNGO-Joint,42,76,0,50,0.1,1.388222027087464,1.0,15,7,96,33.40000000000001
Park-Fav,DNGO-Joint,42,77,0,252,0.1,1.409019361639217,1.0,16,7,97,33.30000000000002
Park-Fav,DNGO-Joint,42,78,0,129,0.1,1.3682140825005984,1.0,17,7,98,33.20000000000001
Park-Fav,DNGO-Joint,42,79,0,2,0.1,1.2682594499240167,1.0,18,7,99,33.100000000000016
Park-Fav,DNGO-Joint,42,80,0,232,0.1,1.309081167669961,1.0,19,7,100,33.00000000000001
Park-Fav,DNGO-Joint,42,81,0,117,0.1,1.2770691258153732,1.0,20,7,101,32.90000000000001
Park-Fav,DNGO-Joint,42,82,1,16,1.0,1.2510510211002546,1.0,0,8,101,31.900000000000006
Park-Fav,DNGO-Joint,42,83,0,216,0.1,1.2244975168111287,1.0,1,8,102,31.800000000000008
Park-Fav,DNGO-Joint,42,84,0,204,0.1,1.194389964884947,1.0,2,8,103,31.700000000000006
Park-Fav,DNGO-Joint,42,85,0,85,0.1,1.1423244862041875,1.0,3,8,104,31.600000000000005
Park-Fav,DNGO-Joint,42,86,0,177,0.1,1.1327662739288518,1.0,4,8,105,31.500000000000004
Park-Fav,DNGO-Joint,42,87,0,145,0.1,1.0263105866510325,1.0,5,8,106,31.400000000000002
Park-Fav,DNGO-Joint,42,88,0,101,0.1,0.9787675754927405,1.0,6,8,107,31.3
Park-Fav,DNGO-Joint,42,89,1,80,1.0,0.9443086602977269,1.0,0,9,107,30.3
Park-Fav,DNGO-Joint,42,90,0,161,0.1,0.9173042300922133,0.9999999999999999,1,9,108,30.2
Park-Fav,DNGO-Joint,42,91,0,34,0.1,0.9672868490196538,0.9999999999999999,2,9,109,30.099999999999998
Park-Fav,DNGO-Joint,42,92,1,112,1.0,0.9149431365433092,0.9999999999999999,0,10,109,29.099999999999998
Park-Fav,DNGO-Joint,42,93,1,96,1.0,0.8452544776345808,1.0,0,11,109,28.099999999999998
Park-Fav,DNGO-Joint,42,94,0,18,0.1,0.8280208185145841,0.9999999999999999,1,11,110,27.999999999999996
Park-Fav,DNGO-Joint,42,95,1,128,1.0,0.7460546130432695,0.9999999999999999,0,12,110,26.999999999999996
Park-Fav,DNGO-Joint,42,96,0,220,0.1,0.7659848764756105,1.0,1,12,111,26.899999999999995
Park-Fav,DNGO-Joint,42,97,0,236,0.1,0.7193266531736803,1.0,2,12,112,26.799999999999994
Park-Fav,DNGO-Joint,42,98,0,193,0.1,0.5972509337711243,1.0,3,12,113,26.699999999999992
Park-Fav,DNGO-Joint,42,99,0,73,0.1,0.6097817844932518,1.0,4,12,114,26.59999999999999
Park-Fav,DNGO-Joint,42,100,1,4,1.0,0.5685248927740186,1.0,0,13,114,25.59999999999999
Park-Fav,DNGO-Joint,42,101,1,20,1.0,0.9571915425337032,1.0,0,14,114,24.59999999999999
Park-Fav,DNGO-Joint,42,102,1,40,1.0,1.1091424114099602,0.9999999999999998,0,15,114,23.59999999999999
Park-Fav,DNGO-Joint,42,103,1,36,1.0,1.1910866940225546,0.9999999999999997,0,16,114,22.59999999999999
Park-Fav,DNGO-Joint,42,104,1,24,1.0,1.019185508237764,0.9999999999999998,0,17,114,21.59999999999999
Park-Fav,DNGO-Joint,42,105,1,56,1.0,1.1210484885962222,0.9999999999999994,0,18,114,20.59999999999999
Park-Fav,DNGO-Joint,42,106,1,52,1.0,1.0634568403684637,0.9999999999999997,0,19,114,19.59999999999999
Park-Fav,DNGO-Joint,42,107,1,8,1.0,0.9836918916569375,0.9999999999999997,0,20,114,18.59999999999999
Park-Fav,DNGO-Joint,42,108,1,60,1.0,0.981217987134775,0.9999999999999996,0,21,114,17.59999999999999
Park-Fav,DNGO-Joint,42,109,1,44,1.0,1.0949542173652476,0.9999999999999992,0,22,114,16.599999999999994
Park-Fav,DNGO-Joint,42,110,1,28,1.0,1.0398287550083336,0.9999999999999988,0,23,114,15.599999999999994
Park-Fav,DNGO-Joint,42,111,1,12,1.0,1.0534194940627502,0.9999999999999988,0,24,114,14.599999999999994
Park-Fav,DNGO-Joint,42,112,1,116,1.0,0.6972486057246019,0.9999999999999984,0,25,114,13.599999999999994
Park-Fav,DNGO-Joint,42,113,1,120,1.0,0.7714070979628421,0.9983317983941087,0,26,114,12.599999999999994
Park-Fav,DNGO-Joint,42,114,1,100,1.0,0.5867777158607542,0.9926168213702952,0,27,114,11.599999999999994
Park-Fav,DNGO-Joint,42,115,1,84,1.0,0.5665805148061878,0.9929329389543486,0,28,114,10.599999999999994
Park-Fav,DNGO-Joint,42,116,1,68,1.0,0.6458078065264495,0.9932143966112676,0,29,114,9.599999999999994
Park-Fav,DNGO-Joint,42,117,1,144,1.0,0.5317910000075616,0.9934626084410043,0,30,114,8.599999999999994
Park-Fav,DNGO-Joint,42,118,1,176,1.0,0.5112378720813835,0.9935394940393993,0,31,114,7.599999999999994
Park-Fav,DNGO-Joint,42,119,1,104,1.0,0.5275583284955665,0.9938077524935551,0,32,114,6.599999999999994
Park-Fav,DNGO-Joint,42,120,1,72,1.0,0.5656519111304361,0.9915616939328835,0,33,114,5.599999999999994
Park-Fav,DNGO-Joint,42,121,0,121,0.1,0.49309651603985194,0.9899781533531954,1,33,115,5.499999999999995
Park-Fav,DNGO-Joint,42,122,1,88,1.0,0.5239100840921393,0.9899781533531954,0,34,115,4.499999999999993
Park-Fav,DNGO-Joint,42,123,1,124,1.0,0.472233803717475,0.9888350949791034,0,35,115,3.499999999999993
Park-Fav,DNGO-Joint,42,124,1,76,1.0,0.4792067363303547,0.9850029109389343,0,36,115,2.499999999999993
Park-Fav,DNGO-Joint,42,125,1,160,1.0,0.4452220689588019,0.9824898355640358,0,37,115,1.499999999999993
Park-Fav,DNGO-Joint,42,126,0,241,0.1,0.439087718215526,0.9817582284588094,1,37,116,1.3999999999999928
Park-Fav,DNGO-Joint,42,127,1,108,1.0,0.390573093625317,0.9817582284588094,0,38,116,0.3999999999999915
Park-Fav,DNGO-Joint,42,128,0,77,0.1,0.4298789330680364,0.9797337892157112,1,38,117,0.2999999999999915
Park-Fav,DNGO-Joint,42,129,0,54,0.1,0.36503570558160814,0.9797337892157112,2,38,118,0.19999999999999005
Park-Fav,DNGO-Joint,42,130,0,209,0.1,0.3533949706303856,0.9797337892157112,3,38,119,0.09999999999998863
Park-Fav,DNGO-Joint,43,1,0,40,0.1,8.601795838145119,0.5,1,2,26,45.4
Park-Fav,DNGO-Joint,43,2,0,36,0.1,8.353188123255617,0.5,2,2,27,45.3
Park-Fav,DNGO-Joint,43,3,0,56,0.1,8.51751376958546,0.5,3,2,28,45.199999999999996
Park-Fav,DNGO-Joint,43,4,0,52,0.1,8.211868640196759,0.5,4,2,29,45.1
Park-Fav,DNGO-Joint,43,5,0,24,0.1,8.657796626513038,0.5,5,2,30,45.0
Park-Fav,DNGO-Joint,43,6,0,0,0.1,9.02082563146369,0.5,6,2,31,44.9
Park-Fav,DNGO-Joint,43,7,0,20,0.1,8.891982296223,0.5,7,2,32,44.800000000000004
Park-Fav,DNGO-Joint,43,8,0,16,0.1,8.478271188843207,0.5,8,2,33,44.7
Park-Fav,DNGO-Joint,43,9,0,32,0.1,8.570116343442077,0.5,9,2,34,44.6
Park-Fav,DNGO-Joint,43,10,0,4,0.1,8.650458146865592,0.5,10,2,35,44.5
Park-Fav,DNGO-Joint,43,11,0,48,0.1,8.696387427435035,0.5,11,2,36,44.4
Park-Fav,DNGO-Joint,43,12,0,28,0.1,8.251913746152876,0.5,12,2,37,44.300000000000004
Park-Fav,DNGO-Joint,43,13,0,8,0.1,8.286715830874227,0.5,13,2,38,44.2
Park-Fav,DNGO-Joint,43,14,0,60,0.1,8.424046060488838,0.5,14,2,39,44.1
Park-Fav,DNGO-Joint,43,15,0,12,0.1,8.02575329585944,0.5,15,2,40,44.00000000000001
Park-Fav,DNGO-Joint,43,16,0,100,0.1,7.122557548820345,0.5,16,2,41,43.900000000000006
Park-Fav,DNGO-Joint,43,17,0,64,0.1,6.820087485167541,0.5,17,2,42,43.800000000000004
Park-Fav,DNGO-Joint,43,18,1,12,1.0,6.8850319106965205,0.5,0,3,42,42.800000000000004
Park-Fav,DNGO-Joint,43,19,0,80,0.1,6.615627286194554,0.5,1,3,43,42.7
Park-Fav,DNGO-Joint,43,20,0,112,0.1,6.4703511053119565,0.5,2,3,44,42.6
Park-Fav,DNGO-Joint,43,21,0,76,0.1,6.287718996410372,0.5,3,3,45,42.50000000000001
Park-Fav,DNGO-Joint,43,22,0,104,0.1,6.2742856117101935,0.5,4,3,46,42.400000000000006
Park-Fav,DNGO-Joint,43,23,0,84,0.1,6.169455433463244,0.5,5,3,47,42.300000000000004
Park-Fav,DNGO-Joint,43,24,0,116,0.1,5.922276779778026,0.5,6,3,48,42.20000000000001
Park-Fav,DNGO-Joint,43,25,0,88,0.1,5.532583402010349,0.5,7,3,49,42.10000000000001
Park-Fav,DNGO-Joint,43,26,0,72,0.1,5.657024982560568,0.5,8,3,50,42.00000000000001
Park-Fav,DNGO-Joint,43,27,0,120,0.1,5.47029249609366,0.5,9,3,51,41.900000000000006
Park-Fav,DNGO-Joint,43,28,0,124,0.1,5.1750409623442835,0.5,10,3,52,41.800000000000004
Park-Fav,DNGO-Joint,43,29,0,92,0.1,5.167439691774636,0.5,11,3,53,41.70000000000001
Park-Fav,DNGO-Joint,43,30,0,108,0.1,5.0038425410601235,0.5,12,3,54,41.60000000000001
Park-Fav,DNGO-Joint,43,31,0,128,0.1,4.447384189123644,0.5,13,3,55,41.50000000000001
Park-Fav,DNGO-Joint,43,32,0,144,0.1,4.372252669175125,0.5,14,3,56,41.40000000000001
Park-Fav,DNGO-Joint,43,33,0,160,0.1,4.267818630725017,0.5,15,3,57,41.30000000000001
Park-Fav,DNGO-Joint,43,34,0,132,0.1,4.046997018563056,0.5,16,3,58,41.20000000000001
Park-Fav,DNGO-Joint,43,35,0,176,0.1,4.165499338512366,0.5,17,3,59,41.10000000000001
Park-Fav,DNGO-Joint,43,36,0,1,0.1,3.8306853772238356,0.5,18,3,60,41.00000000000001
Park-Fav,DNGO-Joint,43,37,0,49,0.1,3.68823681964804,0.5,19,3,61,40.90000000000001
Park-Fav,DNGO-Joint,43,38,0,17,0.1,3.4245403092632003,0.5,20,3,62,40.80000000000001
Park-Fav,DNGO-Joint,43,39,1,15,1.0,2.386406699514546,0.5,0,4,62,39.80000000000001
Park-Fav,DNGO-Joint,43,40,1,112,1.0,7.403487268772711,0.5,0,5,62,38.80000000000001
Park-Fav,DNGO-Joint,43,41,1,128,1.0,5.3070293384986735,0.5,0,6,62,37.80000000000001
Park-Fav,DNGO-Joint,43,42,0,164,0.1,8.480756078488104,0.9999999999999996,1,6,63,37.70000000000001
Park-Fav,DNGO-Joint,43,43,0,148,0.1,7.873463842972468,0.9999999999999996,2,6,64,37.600000000000016
Park-Fav,DNGO-Joint,43,44,0,180,0.1,8.297859544139161,0.9999999999999996,3,6,65,37.500000000000014
Park-Fav,DNGO-Joint,43,45,0,192,0.1,6.913203823810683,0.9999999999999996,4,6,66,37.40000000000001
Park-Fav,DNGO-Joint,43,46,0,53,0.1,6.848275650004634,0.9999999999999996,5,6,67,37.30000000000001
Park-Fav,DNGO-Joint,43,47,0,240,0.1,6.684620623217896,0.9999999999999996,6,6,68,37.20000000000001
Park-Fav,DNGO-Joint,43,48,0,208,0.1,6.436414546468761,0.9999999999999996,7,6,69,37.100000000000016
Park-Fav,DNGO-Joint,43,49,0,152,0.1,6.811573688075747,0.9999999999999996,8,6,70,37.000000000000014
Park-Fav,DNGO-Joint,43,50,0,184,0.1,6.402379420375201,0.9999999999999996,9,6,71,36.90000000000001
Park-Fav,DNGO-Joint,43,51,0,21,0.1,6.093053584279235,0.9999999999999996,10,6,72,36.80000000000002
Park-Fav,DNGO-Joint,43,52,0,136,0.1,6.366794946634595,0.9999999999999996,11,6,73,36.70000000000002
Park-Fav,DNGO-Joint,43,53,0,5,0.1,5.855530976348314,0.9999999999999996,12,6,74,36.600000000000016
Park-Fav,DNGO-Joint,43,54,0,37,0.1,5.627805874804245,0.9999999999999996,13,6,75,36.500000000000014
Park-Fav,DNGO-Joint,43,55,0,168,0.1,5.637427133604144,0.9999999999999996,14,6,76,36.40000000000001
Park-Fav,DNGO-Joint,43,56,0,140,0.1,5.027785619114243,0.9999999999999996,15,6,77,36.30000000000002
Park-Fav,DNGO-Joint,43,57,0,57,0.1,5.001459453814948,0.9999999999999996,16,6,78,36.20000000000002
Park-Fav,DNGO-Joint,43,58,0,196,0.1,4.316383069098418,0.9999999999999996,17,6,79,36.100000000000016
Park-Fav,DNGO-Joint,43,59,0,41,0.1,4.647699938810537,0.9999999999999996,18,6,80,36.00000000000002
Park-Fav,DNGO-Joint,43,60,0,188,0.1,4.603457717473849,0.9999999999999996,19,6,81,35.90000000000002
Park-Fav,DNGO-Joint,43,61,0,244,0.1,4.30928009038482,0.9999999999999996,20,6,82,35.80000000000002
Park-Fav,DNGO-Joint,43,62,1,248,1.0,2.839559515047572,0.9999999999999996,0,7,82,34.80000000000002
Park-Fav,DNGO-Joint,43,63,0,172,0.1,4.350084622459507,0.9999999999999996,1,7,83,34.70000000000002
Park-Fav,DNGO-Joint,43,64,0,156,0.1,4.101826019320849,0.9999999999999996,2,7,84,34.600000000000016
Park-Fav,DNGO-Joint,43,65,0,25,0.1,3.90100369966848,0.9999999999999996,3,7,85,34.50000000000002
Park-Fav,DNGO-Joint,43,66,0,113,0.1,3.8489367402697163,0.9999999999999996,4,7,86,34.40000000000002
Park-Fav,DNGO-Joint,43,67,0,65,0.1,3.816248978772191,0.9999999999999996,5,7,87,34.30000000000002
Park-Fav,DNGO-Joint,43,68,0,81,0.1,3.6927687207622144,0.9999999999999996,6,7,88,34.200000000000024
Park-Fav,DNGO-Joint,43,69,0,212,0.1,3.6320637867880414,0.9999999999999996,7,7,89,34.10000000000002
Park-Fav,DNGO-Joint,43,70,0,97,0.1,3.40713668676554,0.9999999999999996,8,7,90,34.00000000000002
Park-Fav,DNGO-Joint,43,71,0,228,0.1,3.3658950852584604,0.9999999999999996,9,7,91,33.90000000000002
Park-Fav,DNGO-Joint,43,72,0,61,0.1,3.6348552553830573,0.9999999999999996,10,7,92,33.80000000000002
Park-Fav,DNGO-Joint,43,73,0,13,0.1,3.113226646351056,0.9999999999999996,11,7,93,33.700000000000024
Park-Fav,DNGO-Joint,43,74,0,29,0.1,2.7506803656253584,0.9999999999999996,12,7,94,33.600000000000016
Park-Fav,DNGO-Joint,43,75,0,45,0.1,2.7649893199458284,0.9999999999999996,13,7,95,33.50000000000002
Park-Fav,DNGO-Joint,43,76,1,16,1.0,2.6957323631552588,0.9999999999999996,0,8,95,32.500000000000014
Park-Fav,DNGO-Joint,43,77,0,200,0.1,2.5960249959408976,0.9999999999999992,1,8,96,32.40000000000001
Park-Fav,DNGO-Joint,43,78,0,232,0.1,2.3780354647128124,0.9999999999999992,2,8,97,32.30000000000002
Park-Fav,DNGO-Joint,43,79,1,24,1.0,2.273088593099231,0.9999999999999992,0,9,97,31.30000000000001
Park-Fav,DNGO-Joint,43,80,0,216,0.1,2.164848131805761,0.9999999999999993,1,9,98,31.200000000000014
Park-Fav,DNGO-Joint,43,81,0,2,0.1,2.042927945178724,0.9999999999999993,2,9,99,31.100000000000012
Park-Fav,DNGO-Joint,43,82,0,252,0.1,2.2565893936339982,0.9999999999999993,3,9,100,31.00000000000001
Park-Fav,DNGO-Joint,43,83,0,69,0.1,1.9882588760160387,0.9999999999999993,4,9,101,30.90000000000001
Park-Fav,DNGO-Joint,43,84,0,129,0.1,1.8933045502444092,0.9999999999999993,5,9,102,30.800000000000008
Park-Fav,DNGO-Joint,43,85,0,145,0.1,1.951819966706986,0.9999999999999993,6,9,103,30.700000000000006
Park-Fav,DNGO-Joint,43,86,0,34,0.1,1.6901427913464389,0.9999999999999993,7,9,104,30.600000000000005
Park-Fav,DNGO-Joint,43,87,1,8,1.0,1.9403325268903162,0.9999999999999993,0,10,104,29.600000000000005
Park-Fav,DNGO-Joint,43,88,0,117,0.1,1.718262464470808,0.9999999999999992,1,10,105,29.500000000000004
Park-Fav,DNGO-Joint,43,89,0,204,0.1,1.7127229235162902,0.9999999999999992,2,10,106,29.400000000000002
Park-Fav,DNGO-Joint,43,90,0,177,0.1,1.6653065323770273,0.9999999999999992,3,10,107,29.3
Park-Fav,DNGO-Joint,43,91,0,101,0.1,1.5703455261396493,0.9999999999999992,4,10,108,29.2
Park-Fav,DNGO-Joint,43,92,0,161,0.1,1.5302424067568943,0.9999999999999992,5,10,109,29.099999999999998
Park-Fav,DNGO-Joint,43,93,1,4,1.0,1.6451125249768126,0.9999999999999992,0,11,109,28.099999999999998
Park-Fav,DNGO-Joint,43,94,1,0,1.0,1.5335265555202562,0.9999999999999992,0,12,109,27.099999999999998
Park-Fav,DNGO-Joint,43,95,1,20,1.0,1.3734129313631311,0.999999999999999,0,13,109,26.099999999999998
Park-Fav,DNGO-Joint,43,96,1,48,1.0,1.8347505180877333,0.999999999999999,0,14,109,25.099999999999998
Park-Fav,DNGO-Joint,43,97,1,32,1.0,1.2870986348385147,0.9999999999999989,0,15,109,24.099999999999998
Park-Fav,DNGO-Joint,43,98,1,28,1.0,1.4069481967452309,0.999999999999999,0,16,109,23.099999999999998
Park-Fav,DNGO-Joint,43,99,0,236,0.1,1.2989941057000254,0.9999999999999987,1,16,110,22.999999999999996
Park-Fav,DNGO-Joint,43,100,1,60,1.0,1.6417615072608949,0.9999999999999987,0,17,110,21.999999999999996
Park-Fav,DNGO-Joint,43,101,1,44,1.0,1.4970936046153436,0.9999999999999978,0,18,110,20.999999999999996
Park-Fav,DNGO-Joint,43,102,1,40,1.0,1.4438469834346384,0.9999999999999981,0,19,110,19.999999999999996
Park-Fav,DNGO-Joint,43,103,1,36,1.0,1.3588574328753835,0.999999999999998,0,20,110,18.999999999999996
Park-Fav,DNGO-Joint,43,104,0,220,0.1,1.219299934396778,0.9999999999999979,1,20,111,18.899999999999995
Park-Fav,DNGO-Joint,43,105,1,56,1.0,1.4350373421134657,0.9999999999999979,0,21,111,17.899999999999995
Park-Fav,DNGO-Joint,43,106,1,52,1.0,1.3310608147589564,0.9999999999999979,0,22,111,16.89999999999999
Park-Fav,DNGO-Joint,43,107,1,80,1.0,1.1418446497221186,0.9999999999999979,0,23,111,15.899999999999991
Park-Fav,DNGO-Joint,43,108,0,193,0.1,1.063904842539892,0.9999999999999983,1,23,112,15.799999999999992
Park-Fav,DNGO-Joint,43,109,0,121,0.1,0.9771244946367807,0.9999999999999983,2,23,113,15.69999999999999
Park-Fav,DNGO-Joint,43,110,1,64,1.0,0.9352331588714862,0.9999999999999983,0,24,113,14.699999999999989
Park-Fav,DNGO-Joint,43,111,1,72,1.0,0.9405649549386459,0.9999999999999981,0,25,113,13.699999999999989
Park-Fav,DNGO-Joint,43,112,1,108,1.0,0.8707856970275847,0.9922187594844276,0,26,113,12.699999999999989
Park-Fav,DNGO-Joint,43,113,0,241,0.1,0.8251537189878979,0.9847155643899148,1,26,114,12.599999999999989
Park-Fav,DNGO-Joint,43,114,1,96,1.0,0.8719264748260007,0.9847155643899148,0,27,114,11.599999999999987
Park-Fav,DNGO-Joint,43,115,0,209,0.1,0.8364202347229488,0.9843721737598565,1,27,115,11.499999999999988
Park-Fav,DNGO-Joint,43,116,1,68,1.0,0.7975676507030958,0.9843721737598565,0,28,115,10.499999999999986
Park-Fav,DNGO-Joint,43,117,1,116,1.0,0.8442140160350105,0.9853893434844184,0,29,115,9.499999999999986
Park-Fav,DNGO-Joint,43,118,0,54,0.1,0.7824026175140004,0.9862148745893831,1,29,116,9.399999999999986
Park-Fav,DNGO-Joint,43,119,1,84,1.0,0.7086540465390558,0.9862148745893831,0,30,116,8.399999999999984
Park-Fav,DNGO-Joint,43,120,1,100,1.0,0.7726923426575817,0.9868981733121962,0,31,116,7.399999999999984
Park-Fav,DNGO-Joint,43,121,1,120,1.0,0.7133788024874453,0.9874731254866362,0,32,116,6.399999999999984
Park-Fav,DNGO-Joint,43,122,1,88,1.0,0.7250333952466126,0.9874313553358138,0,33,116,5.399999999999984
Park-Fav,DNGO-Joint,43,123,1,176,1.0,0.6916047908344988,0.9875259025307683,0,34,116,4.399999999999984
Park-Fav,DNGO-Joint,43,124,0,105,0.1,0.6991287209318883,0.9863383392692909,1,34,117,4.299999999999985
Park-Fav,DNGO-Joint,43,125,0,225,0.1,0.6465720779397361,0.9863383392692909,2,34,118,4.199999999999983
Park-Fav,DNGO-Joint,43,126,1,104,1.0,0.6252692884568318,0.9863383392692909,0,35,118,3.1999999999999815
Park-Fav,DNGO-Joint,43,127,1,124,1.0,0.700677291339237,0.9861966359303628,0,36,118,2.1999999999999815
Park-Fav,DNGO-Joint,43,128,0,133,0.1,0.6011753568031521,0.9841757245488989,1,36,119,2.0999999999999814
Park-Fav,DNGO-Joint,43,129,0,6,0.1,0.5461733159227669,0.9841757245488989,2,36,120,1.99999999999998
Park-Fav,DNGO-Joint,43,130,1,76,1.0,0.5330302929905159,0.9841757245488989,0,37,120,0.9999999999999787
Park-Fav,DNGO-Joint,43,131,0,38,0.1,0.5509234089689333,0.982926337856835,1,37,121,0.8999999999999787
Park-Fav,DNGO-Joint,43,132,0,66,0.1,0.5531237180334023,0.982926337856835,2,37,122,0.7999999999999773
Park-Fav,DNGO-Joint,43,133,0,114,0.1,0.48258492293445154,0.982926337856835,3,37,123,0.6999999999999759
Park-Fav,DNGO-Joint,43,134,0,181,0.1,0.4898055182851624,0.982926337856835,4,37,124,0.5999999999999744
Park-Fav,DNGO-Joint,43,135,0,77,0.1,0.4732833007689505,0.982926337856835,5,37,125,0.499999999999973
Park-Fav,DNGO-Joint,43,136,0,22,0.1,0.4601921216450471,0.982926337856835,6,37,126,0.3999999999999716
Park-Fav,DNGO-Joint,43,137,0,125,0.1,0.45709290172041844,0.982926337856835,7,37,127,0.2999999999999702
Park-Fav,DNGO-Joint,43,138,0,165,0.1,0.43037712423685176,0.982926337856835,8,37,128,0.19999999999996873
Park-Fav,DNGO-Joint,43,139,0,93,0.1,0.42126243218859716,0.982926337856835,9,37,129,0.09999999999996731
Park-Fav,DNGO-Joint,44,1,0,0,0.1,9.104127983714513,0.5,1,2,26,45.4
Park-Fav,DNGO-Joint,44,2,1,0,1.0,8.753438222963045,0.5,0,3,26,44.4
Park-Fav,DNGO-Joint,44,3,0,16,0.1,8.80169323421398,0.5,1,3,27,44.3
Park-Fav,DNGO-Joint,44,4,0,48,0.1,9.05883038574645,0.5,2,3,28,44.199999999999996
Park-Fav,DNGO-Joint,44,5,0,32,0.1,9.080990803221033,0.5,3,3,29,44.1
Park-Fav,DNGO-Joint,44,6,0,36,0.1,8.890342640004093,0.5,4,3,30,44.0
Park-Fav,DNGO-Joint,44,7,0,52,0.1,8.834153266269732,0.5,5,3,31,43.9
Park-Fav,DNGO-Joint,44,8,0,24,0.1,8.313050857599642,0.5,6,3,32,43.800000000000004
Park-Fav,DNGO-Joint,44,9,0,8,0.1,8.667673026328794,0.5,7,3,33,43.7
Park-Fav,DNGO-Joint,44,10,0,40,0.1,8.929841122178178,0.5,8,3,34,43.6
Park-Fav,DNGO-Joint,44,11,0,56,0.1,8.81130928519888,0.5,9,3,35,43.5
Park-Fav,DNGO-Joint,44,12,0,112,0.1,7.979489451655823,0.5,10,3,36,43.4
Park-Fav,DNGO-Joint,44,13,0,80,0.1,7.77506161036837,0.5,11,3,37,43.300000000000004
Park-Fav,DNGO-Joint,44,14,0,28,0.1,8.129581312960521,0.5,12,3,38,43.2
Park-Fav,DNGO-Joint,44,15,0,12,0.1,9.275158687939934,0.5,13,3,39,43.1
Park-Fav,DNGO-Joint,44,16,0,44,0.1,8.62959974776012,0.5,14,3,40,43.00000000000001
Park-Fav,DNGO-Joint,44,17,0,60,0.1,8.796922445266102,0.5,15,3,41,42.900000000000006
Park-Fav,DNGO-Joint,44,18,0,96,0.1,7.209373484013608,0.5,16,3,42,42.800000000000004
Park-Fav,DNGO-Joint,44,19,0,64,0.1,7.288548071307274,0.5,17,3,43,42.7
Park-Fav,DNGO-Joint,44,20,0,116,0.1,6.839824850725704,0.5,18,3,44,42.6
Park-Fav,DNGO-Joint,44,21,0,68,0.1,6.817338489280862,0.5,19,3,45,42.50000000000001
Park-Fav,DNGO-Joint,44,22,0,120,0.1,6.484638675335256,0.5,20,3,46,42.400000000000006
Park-Fav,DNGO-Joint,44,23,1,192,1.0,3.0338927198183816,0.5,0,4,46,41.400000000000006
Park-Fav,DNGO-Joint,44,24,0,76,0.1,6.498383714568334,0.5,1,4,47,41.300000000000004
Park-Fav,DNGO-Joint,44,25,0,100,0.1,6.248040500548135,0.5,2,4,48,41.20000000000001
Park-Fav,DNGO-Joint,44,26,0,84,0.1,6.095454981649218,0.5,3,4,49,41.10000000000001
Park-Fav,DNGO-Joint,44,27,0,124,0.1,6.110832353452717,0.5,4,4,50,41.00000000000001
Park-Fav,DNGO-Joint,44,28,0,108,0.1,5.829947537463374,0.5,5,4,51,40.900000000000006
Park-Fav,DNGO-Joint,44,29,0,92,0.1,5.551668651662893,0.5,6,4,52,40.800000000000004
Park-Fav,DNGO-Joint,44,30,0,72,0.1,5.640240123676288,0.5,7,4,53,40.70000000000001
Park-Fav,DNGO-Joint,44,31,0,128,0.1,4.90335116415687,0.5,8,4,54,40.60000000000001
Park-Fav,DNGO-Joint,44,32,0,176,0.1,4.6954113091982945,0.5,9,4,55,40.50000000000001
Park-Fav,DNGO-Joint,44,33,0,160,0.1,4.688512180199875,0.5,10,4,56,40.40000000000001
Park-Fav,DNGO-Joint,44,34,0,144,0.1,4.52771478642395,0.5,11,4,57,40.30000000000001
Park-Fav,DNGO-Joint,44,35,0,180,0.1,4.076406524654741,0.5,12,4,58,40.20000000000001
Park-Fav,DNGO-Joint,44,36,0,1,0.1,4.193112586253693,0.5,13,4,59,40.10000000000001
Park-Fav,DNGO-Joint,44,37,0,49,0.1,4.035780329612908,0.5,14,4,60,40.00000000000001
Park-Fav,DNGO-Joint,44,38,0,164,0.1,3.8388549980611057,0.5,15,4,61,39.90000000000001
Park-Fav,DNGO-Joint,44,39,0,17,0.1,3.980804432062018,0.5,16,4,62,39.80000000000001
Park-Fav,DNGO-Joint,44,40,0,33,0.1,3.5537562912638485,0.5,17,4,63,39.70000000000001
Park-Fav,DNGO-Joint,44,41,0,132,0.1,3.8176103375830017,0.5,18,4,64,39.600000000000016
Park-Fav,DNGO-Joint,44,42,0,148,0.1,3.440346978578739,0.5,19,4,65,39.500000000000014
Park-Fav,DNGO-Joint,44,43,0,184,0.1,3.3433616122404786,0.5,20,4,66,39.40000000000001
Park-Fav,DNGO-Joint,44,44,1,16,1.0,1.6470130836539991,0.5,0,5,66,38.40000000000001
Park-Fav,DNGO-Joint,44,45,0,5,0.1,3.106267252780698,0.5,1,5,67,38.30000000000001
Park-Fav,DNGO-Joint,44,46,0,136,0.1,3.081830296224513,0.5,2,5,68,38.20000000000001
Park-Fav,DNGO-Joint,44,47,0,240,0.1,2.9821625527858466,0.5,3,5,69,38.100000000000016
Park-Fav,DNGO-Joint,44,48,0,53,0.1,2.727813428905691,0.5,4,5,70,38.000000000000014
Park-Fav,DNGO-Joint,44,49,0,208,0.1,2.775429149143547,0.5,5,5,71,37.90000000000001
Park-Fav,DNGO-Joint,44,50,0,152,0.1,2.516423357027674,0.5,6,5,72,37.80000000000002
Park-Fav,DNGO-Joint,44,51,0,188,0.1,2.683092591333677,0.5,7,5,73,37.70000000000002
Park-Fav,DNGO-Joint,44,52,0,57,0.1,2.547485624832976,0.5,8,5,74,37.600000000000016
Park-Fav,DNGO-Joint,44,53,0,168,0.1,2.402677687198339,0.5,9,5,75,37.500000000000014
Park-Fav,DNGO-Joint,44,54,0,224,0.1,2.2647614774731397,0.5,10,5,76,37.40000000000001
Park-Fav,DNGO-Joint,44,55,0,196,0.1,2.1446162869697716,0.5,11,5,77,37.30000000000002
Park-Fav,DNGO-Joint,44,56,0,9,0.1,2.132509679116493,0.5,12,5,78,37.20000000000002
Park-Fav,DNGO-Joint,44,57,0,244,0.1,1.8980822848328427,0.5,13,5,79,37.100000000000016
Park-Fav,DNGO-Joint,44,58,0,65,0.1,1.8933280049099666,0.5,14,5,80,37.00000000000002
Park-Fav,DNGO-Joint,44,59,0,140,0.1,1.899660839321146,0.5,15,5,81,36.90000000000002
Park-Fav,DNGO-Joint,44,60,0,25,0.1,1.6973609096790843,0.5,16,5,82,36.80000000000002
Park-Fav,DNGO-Joint,44,61,0,172,0.1,1.7546822223059326,0.5,17,5,83,36.70000000000002
Park-Fav,DNGO-Joint,44,62,0,156,0.1,1.781925154038908,0.5,18,5,84,36.600000000000016
Park-Fav,DNGO-Joint,44,63,1,48,1.0,1.8977401476116964,0.5,0,6,84,35.60000000000002
Park-Fav,DNGO-Joint,44,64,0,81,0.1,3.317356983915787,1.0,1,6,85,35.50000000000002
Park-Fav,DNGO-Joint,44,65,0,41,0.1,3.3515724784108736,1.0,2,6,86,35.40000000000002
Park-Fav,DNGO-Joint,44,66,0,113,0.1,3.1599282344297084,1.0,3,6,87,35.30000000000002
Park-Fav,DNGO-Joint,44,67,0,228,0.1,2.7573945179997805,1.0,4,6,88,35.200000000000024
Park-Fav,DNGO-Joint,44,68,0,61,0.1,3.0119621004663952,1.0,5,6,89,35.10000000000002
Park-Fav,DNGO-Joint,44,69,0,212,0.1,2.6612323560978846,1.0,6,6,90,35.00000000000002
Park-Fav,DNGO-Joint,44,70,0,13,0.1,2.62709005928761,1.0,7,6,91,34.90000000000002
Park-Fav,DNGO-Joint,44,71,0,45,0.1,2.515751676828457,1.0,8,6,92,34.80000000000002
Park-Fav,DNGO-Joint,44,72,0,248,0.1,2.0131255865194717,1.0,9,6,93,34.700000000000024
Park-Fav,DNGO-Joint,44,73,0,29,0.1,2.0746473118877753,1.0,10,6,94,34.60000000000002
Park-Fav,DNGO-Joint,44,74,0,2,0.1,2.026652399223181,1.0,11,6,95,34.50000000000002
Park-Fav,DNGO-Joint,44,75,0,200,0.1,1.7799158985128194,1.0,12,6,96,34.40000000000003
Park-Fav,DNGO-Joint,44,76,0,232,0.1,1.774540431050216,1.0,13,6,97,34.300000000000026
Park-Fav,DNGO-Joint,44,77,0,252,0.1,1.6726444953738706,1.0,14,6,98,34.200000000000024
Park-Fav,DNGO-Joint,44,78,0,129,0.1,1.6301052953242412,1.0,15,6,99,34.10000000000002
Park-Fav,DNGO-Joint,44,79,0,69,0.1,1.6765913416086209,1.0,16,6,100,34.00000000000002
Park-Fav,DNGO-Joint,44,80,0,117,0.1,1.5072893229983908,1.0,17,6,101,33.90000000000003
Park-Fav,DNGO-Joint,44,81,0,216,0.1,1.5804452780393101,1.0,18,6,102,33.800000000000026
Park-Fav,DNGO-Joint,44,82,0,50,0.1,1.3985088391165028,1.0,19,6,103,33.700000000000024
Park-Fav,DNGO-Joint,44,83,0,85,0.1,1.330401121315754,1.0,20,6,104,33.60000000000002
Park-Fav,DNGO-Joint,44,84,1,32,1.0,1.1688940088061963,1.0,0,7,104,32.60000000000002
Park-Fav,DNGO-Joint,44,85,0,18,0.1,1.2906434629513286,1.0,1,7,105,32.50000000000002
Park-Fav,DNGO-Joint,44,86,0,177,0.1,1.2704783424511756,1.0,2,7,106,32.40000000000002
Park-Fav,DNGO-Joint,44,87,0,145,0.1,1.2655190215327132,1.0,3,7,107,32.30000000000002
Park-Fav,DNGO-Joint,44,88,1,112,1.0,1.2308489391185895,1.0,0,8,107,31.30000000000002
Park-Fav,DNGO-Joint,44,89,0,34,0.1,1.1585493883651947,0.9999999999999999,1,8,108,31.200000000000017
Park-Fav,DNGO-Joint,44,90,0,161,0.1,1.0471201449859373,0.9999999999999999,2,8,109,31.100000000000016
Park-Fav,DNGO-Joint,44,91,0,204,0.1,1.0704653031339149,0.9999999999999999,3,8,110,31.000000000000014
Park-Fav,DNGO-Joint,44,92,1,4,1.0,1.0037437133440004,0.9999999999999999,0,9,110,30.000000000000014
Park-Fav,DNGO-Joint,44,93,1,20,1.0,1.117225068484697,0.9999999999999997,0,10,110,29.000000000000014
Park-Fav,DNGO-Joint,44,94,1,8,1.0,1.1534116090368713,0.9999999999999996,0,11,110,28.000000000000014
Park-Fav,DNGO-Joint,44,95,1,40,1.0,1.3093601050942185,0.9999999999999984,0,12,110,27.000000000000014
Park-Fav,DNGO-Joint,44,96,1,24,1.0,1.3911709624472985,0.9999999999999976,0,13,110,26.000000000000014
Park-Fav,DNGO-Joint,44,97,1,36,1.0,1.3162327504502944,0.9999999999999969,0,14,110,25.000000000000014
Park-Fav,DNGO-Joint,44,98,1,56,1.0,1.263992724221323,0.9999999999999968,0,15,110,24.000000000000014
Park-Fav,DNGO-Joint,44,99,1,52,1.0,1.1954077218259553,0.9999999999999966,0,16,110,23.000000000000014
Park-Fav,DNGO-Joint,44,100,1,28,1.0,1.0432787688605112,0.9999999999999964,0,17,110,22.000000000000014
Park-Fav,DNGO-Joint,44,101,1,12,1.0,1.2149131323443938,0.9999999999999944,0,18,110,21.000000000000014
Park-Fav,DNGO-Joint,44,102,1,44,1.0,1.0840801129389432,0.9999999999999928,0,19,110,20.000000000000014
Park-Fav,DNGO-Joint,44,103,1,60,1.0,1.0293956565410058,0.9999999999999913,0,20,110,19.000000000000014
Park-Fav,DNGO-Joint,44,104,1,80,1.0,0.9914456831325802,0.9999999999999899,0,21,110,18.000000000000014
Park-Fav,DNGO-Joint,44,105,0,220,0.1,0.909605847170411,0.9999999999999946,1,21,111,17.900000000000013
Park-Fav,DNGO-Joint,44,106,0,236,0.1,0.9476060928861144,0.9999999999999946,2,21,112,17.80000000000001
Park-Fav,DNGO-Joint,44,107,1,64,1.0,0.8691671692037155,0.9999999999999946,0,22,112,16.80000000000001
Park-Fav,DNGO-Joint,44,108,1,76,1.0,0.9274685822043557,0.9999999999999964,0,23,112,15.800000000000011
Park-Fav,DNGO-Joint,44,109,1,68,1.0,0.7881471054830658,0.9836211814193504,0,24,112,14.800000000000011
Park-Fav,DNGO-Joint,44,110,1,116,1.0,0.9099313471426705,0.9858479286379241,0,25,112,13.800000000000011
Park-Fav,DNGO-Joint,44,111,1,96,1.0,0.8059523933300712,0.9874115543977576,0,26,112,12.800000000000011
Park-Fav,DNGO-Joint,44,112,1,100,1.0,0.7766255030172584,0.9865359959851298,0,27,112,11.800000000000011
Park-Fav,DNGO-Joint,44,113,1,84,1.0,0.7287787022263259,0.9877271610612868,0,28,112,10.800000000000011
Park-Fav,DNGO-Joint,44,114,0,193,0.1,0.6866606001608379,0.9886510214195986,1,28,113,10.700000000000012
Park-Fav,DNGO-Joint,44,115,0,121,0.1,0.7374435833213223,0.9886510214195986,2,28,114,10.60000000000001
Park-Fav,DNGO-Joint,44,116,1,88,1.0,0.7737695240417699,0.9886510214195986,0,29,114,9.600000000000009
Park-Fav,DNGO-Joint,44,117,1,72,1.0,0.6330640083923744,0.9891353593259011,0,30,114,8.600000000000009
Park-Fav,DNGO-Joint,44,118,0,73,0.1,0.5890303003191381,0.9896498941268503,1,30,115,8.500000000000009
Park-Fav,DNGO-Joint,44,119,1,120,1.0,0.7140052030595829,0.9896498941268503,0,31,115,7.500000000000007
Park-Fav,DNGO-Joint,44,120,1,104,1.0,0.5613925185753639,0.9901327300952081,0,32,115,6.500000000000007
Park-Fav,DNGO-Joint,44,121,1,124,1.0,0.5571732649588363,0.9905678058189284,0,33,115,5.500000000000007
Park-Fav,DNGO-Joint,44,122,0,241,0.1,0.5400079628100023,0.9895770802259564,1,33,116,5.4000000000000075
Park-Fav,DNGO-Joint,44,123,0,125,0.1,0.5207685840039474,0.9895770802259564,2,33,117,5.300000000000006
Park-Fav,DNGO-Joint,44,124,0,6,0.1,0.4975727052688653,0.9895770802259564,3,33,118,5.200000000000005
Park-Fav,DNGO-Joint,44,125,1,92,1.0,0.49897501188805793,0.9895770802259564,0,34,118,4.200000000000003
Park-Fav,DNGO-Joint,44,126,1,128,1.0,0.5091809852865457,0.9891470639811368,0,35,118,3.200000000000003
Park-Fav,DNGO-Joint,44,127,1,108,1.0,0.46150814488406344,0.9853347253482593,0,36,118,2.200000000000003
Park-Fav,DNGO-Joint,44,128,0,66,0.1,0.45255748823934167,0.9849013084891108,1,36,119,2.1000000000000028
Park-Fav,DNGO-Joint,44,129,1,144,1.0,0.4618727443787076,0.9849013084891108,0,37,119,1.1000000000000014
Park-Fav,DNGO-Joint,44,130,0,89,0.1,0.4452218246583565,0.9821505584378638,1,37,120,1.0000000000000013
Park-Fav,DNGO-Joint,44,131,0,54,0.1,0.4440528124855116,0.9821505584378638,2,37,121,0.9
Park-Fav,DNGO-Joint,44,132,0,225,0.1,0.4085767672818484,0.9821505584378638,3,37,122,0.7999999999999986
Park-Fav,DNGO-Joint,44,133,0,133,0.1,0.4448317401912896,0.9821505584378638,4,37,123,0.6999999999999972
Park-Fav,DNGO-Joint,44,134,0,181,0.1,0.33222552056332905,0.9821505584378638,5,37,124,0.5999999999999958
Park-Fav,DNGO-Joint,44,135,0,38,0.1,0.3355181366396437,0.9821505584378638,6,37,125,0.49999999999999434
Park-Fav,DNGO-Joint,44,136,0,22,0.1,0.3367152188235294,0.9821505584378638,7,37,126,0.3999999999999929
Park-Fav,DNGO-Joint,44,137,0,149,0.1,0.3159689314862397,0.9821505584378638,8,37,127,0.2999999999999915
Park-Fav,DNGO-Joint,44,138,0,114,0.1,0.3014915600363798,0.9821505584378638,9,37,128,0.19999999999999005
Park-Fav,DNGO-Joint,44,139,0,77,0.1,0.2941688169595401,0.9821505584378638,10,37,129,0.09999999999998863
Park-Fav,DNGO-Joint,45,1,0,24,0.1,10.293730660896145,0.5,1,2,26,45.4
Park-Fav,DNGO-Joint,45,2,0,8,0.1,7.450021256556105,0.5,2,2,27,45.3
Park-Fav,DNGO-Joint,45,3,0,20,0.1,7.963127663698777,0.5,3,2,28,45.199999999999996
Park-Fav,DNGO-Joint,45,4,0,32,0.1,7.883979346371871,0.5,4,2,29,45.1
Park-Fav,DNGO-Joint,45,5,0,36,0.1,7.979069263482616,0.5,5,2,30,45.0
Park-Fav,DNGO-Joint,45,6,0,48,0.1,8.30163387105198,0.5,6,2,31,44.9
Park-Fav,DNGO-Joint,45,7,0,4,0.1,8.121577107312202,0.5,7,2,32,44.800000000000004
Park-Fav,DNGO-Joint,45,8,0,40,0.1,8.348514894907504,0.5,8,2,33,44.7
Park-Fav,DNGO-Joint,45,9,0,52,0.1,8.777836345736514,0.5,9,2,34,44.6
Park-Fav,DNGO-Joint,45,10,0,16,0.1,8.168411480012391,0.5,10,2,35,44.5
Park-Fav,DNGO-Joint,45,11,0,0,0.1,8.427344767480019,0.5,11,2,36,44.4
Park-Fav,DNGO-Joint,45,12,0,12,0.1,8.303818328924537,0.5,12,2,37,44.300000000000004
Park-Fav,DNGO-Joint,45,13,0,28,0.1,8.373682465420446,0.5,13,2,38,44.2
Park-Fav,DNGO-Joint,45,14,0,112,0.1,7.909055574761893,0.5,14,2,39,44.1
Park-Fav,DNGO-Joint,45,15,0,56,0.1,7.704292074562865,0.5,15,2,40,44.00000000000001
Park-Fav,DNGO-Joint,45,16,0,44,0.1,8.199469692717194,0.5,16,2,41,43.900000000000006
Park-Fav,DNGO-Joint,45,17,0,60,0.1,8.03683999227208,0.5,17,2,42,43.800000000000004
Park-Fav,DNGO-Joint,45,18,0,100,0.1,6.603682632459418,0.5,18,2,43,43.7
Park-Fav,DNGO-Joint,45,19,0,96,0.1,6.426361425757155,0.5,19,2,44,43.6
Park-Fav,DNGO-Joint,45,20,0,64,0.1,6.719747919197407,0.5,20,2,45,43.50000000000001
Park-Fav,DNGO-Joint,45,21,1,56,1.0,2.510600305736599,0.5,0,3,45,42.50000000000001
Park-Fav,DNGO-Joint,45,22,0,80,0.1,6.503332803586817,0.5,1,3,46,42.400000000000006
Park-Fav,DNGO-Joint,45,23,0,116,0.1,6.21174299142603,0.5,2,3,47,42.300000000000004
Park-Fav,DNGO-Joint,45,24,0,104,0.1,6.336134945388686,0.5,3,3,48,42.20000000000001
Park-Fav,DNGO-Joint,45,25,0,84,0.1,6.001663696920992,0.5,4,3,49,42.10000000000001
Park-Fav,DNGO-Joint,45,26,0,72,0.1,5.748596704146902,0.5,5,3,50,42.00000000000001
Park-Fav,DNGO-Joint,45,27,0,120,0.1,5.644725311175674,0.5,6,3,51,41.900000000000006
Park-Fav,DNGO-Joint,45,28,0,76,0.1,5.177639562414505,0.5,7,3,52,41.800000000000004
Park-Fav,DNGO-Joint,45,29,0,108,0.1,4.875892491303763,0.5,8,3,53,41.70000000000001
Park-Fav,DNGO-Joint,45,30,0,124,0.1,4.857013450817241,0.5,9,3,54,41.60000000000001
Park-Fav,DNGO-Joint,45,31,0,176,0.1,4.650624908132417,0.5,10,3,55,41.50000000000001
Park-Fav,DNGO-Joint,45,32,0,160,0.1,4.3432365783954765,0.5,11,3,56,41.40000000000001
Park-Fav,DNGO-Joint,45,33,0,128,0.1,4.468908957325054,0.5,12,3,57,41.30000000000001
Park-Fav,DNGO-Joint,45,34,0,144,0.1,4.093601085915058,0.5,13,3,58,41.20000000000001
Park-Fav,DNGO-Joint,45,35,0,1,0.1,3.829785312385704,0.5,14,3,59,41.10000000000001
Park-Fav,DNGO-Joint,45,36,0,49,0.1,3.5891124002228345,0.5,15,3,60,41.00000000000001
Park-Fav,DNGO-Joint,45,37,0,132,0.1,3.5706671487777752,0.5,16,3,61,40.90000000000001
Park-Fav,DNGO-Joint,45,38,0,17,0.1,3.55896422291497,0.5,17,3,62,40.80000000000001
Park-Fav,DNGO-Joint,45,39,0,180,0.1,3.427981091532544,0.5,18,3,63,40.70000000000001
Park-Fav,DNGO-Joint,45,40,0,148,0.1,3.2899028344370933,0.5,19,3,64,40.600000000000016
Park-Fav,DNGO-Joint,45,41,1,240,1.0,3.225964137956105,0.5,0,4,64,39.600000000000016
Park-Fav,DNGO-Joint,45,42,0,164,0.1,3.1366779279294748,0.5,1,4,65,39.500000000000014
Park-Fav,DNGO-Joint,45,43,0,136,0.1,2.7459043528536773,0.5,2,4,66,39.40000000000001
Park-Fav,DNGO-Joint,45,44,1,127,1.0,2.61037229130465,0.5,0,5,66,38.40000000000001
Park-Fav,DNGO-Joint,45,45,1,0,1.0,5.329349861613645,0.5,0,6,66,37.40000000000001
Park-Fav,DNGO-Joint,45,46,1,48,1.0,4.806270140684441,0.5,0,7,66,36.40000000000001
Park-Fav,DNGO-Joint,45,47,0,192,0.1,7.992880912506616,0.998696432685561,1,7,67,36.30000000000001
Park-Fav,DNGO-Joint,45,48,0,5,0.1,7.052001216573352,0.998696432685561,2,7,68,36.20000000000001
Park-Fav,DNGO-Joint,45,49,0,184,0.1,7.09362133912004,0.998696432685561,3,7,69,36.100000000000016
Park-Fav,DNGO-Joint,45,50,0,140,0.1,7.012847749933995,0.998696432685561,4,7,70,36.000000000000014
Park-Fav,DNGO-Joint,45,51,0,168,0.1,6.7086739179461095,0.998696432685561,5,7,71,35.90000000000001
Park-Fav,DNGO-Joint,45,52,0,152,0.1,6.740317565771647,0.998696432685561,6,7,72,35.80000000000002
Park-Fav,DNGO-Joint,45,53,0,53,0.1,6.776015859814062,0.998696432685561,7,7,73,35.70000000000002
Park-Fav,DNGO-Joint,45,54,0,37,0.1,6.483099673525439,0.998696432685561,8,7,74,35.600000000000016
Park-Fav,DNGO-Joint,45,55,0,224,0.1,6.1095959769689765,0.998696432685561,9,7,75,35.500000000000014
Park-Fav,DNGO-Joint,45,56,0,188,0.1,5.809479741518785,0.998696432685561,10,7,76,35.40000000000001
Park-Fav,DNGO-Joint,45,57,0,156,0.1,5.4907616616371495,0.998696432685561,11,7,77,35.30000000000002
Park-Fav,DNGO-Joint,45,58,0,65,0.1,5.224095641000541,0.998696432685561,12,7,78,35.20000000000002
Park-Fav,DNGO-Joint,45,59,0,9,0.1,5.315891785450947,0.998696432685561,13,7,79,35.100000000000016
Park-Fav,DNGO-Joint,45,60,0,57,0.1,5.073295582781895,0.998696432685561,14,7,80,35.00000000000002
Park-Fav,DNGO-Joint,45,61,0,81,0.1,4.773504418999446,0.998696432685561,15,7,81,34.90000000000002
Park-Fav,DNGO-Joint,45,62,0,172,0.1,4.999506779980418,0.998696432685561,16,7,82,34.80000000000002
Park-Fav,DNGO-Joint,45,63,0,113,0.1,4.542309069479045,0.998696432685561,17,7,83,34.70000000000002
Park-Fav,DNGO-Joint,45,64,0,196,0.1,4.570565789396535,0.998696432685561,18,7,84,34.600000000000016
Park-Fav,DNGO-Joint,45,65,0,244,0.1,4.460246389273124,0.998696432685561,19,7,85,34.50000000000002
Park-Fav,DNGO-Joint,45,66,0,41,0.1,4.208586485787208,0.998696432685561,20,7,86,34.40000000000002
Park-Fav,DNGO-Joint,45,67,1,60,1.0,1.9166356352970408,0.998696432685561,0,8,86,33.40000000000002
Park-Fav,DNGO-Joint,45,68,0,25,0.1,4.320421603359839,0.9987887883514794,1,8,87,33.30000000000002
Park-Fav,DNGO-Joint,45,69,0,212,0.1,3.8319949269137856,0.9987887883514794,2,8,88,33.20000000000002
Park-Fav,DNGO-Joint,45,70,0,228,0.1,3.7745236256595773,0.9987887883514794,3,8,89,33.100000000000016
Park-Fav,DNGO-Joint,45,71,0,13,0.1,3.3954106364851726,0.9987887883514794,4,8,90,33.000000000000014
Park-Fav,DNGO-Joint,45,72,0,61,0.1,3.6184431396192562,0.9987887883514794,5,8,91,32.90000000000001
Park-Fav,DNGO-Joint,45,73,0,200,0.1,3.095515909273531,0.9987887883514794,6,8,92,32.80000000000001
Park-Fav,DNGO-Joint,45,74,0,45,0.1,3.0438859999183743,0.9987887883514794,7,8,93,32.70000000000001
Park-Fav,DNGO-Joint,45,75,0,29,0.1,3.079130832872582,0.9987887883514794,8,8,94,32.60000000000001
Park-Fav,DNGO-Joint,45,76,0,129,0.1,2.883129430591405,0.9987887883514794,9,8,95,32.50000000000001
Park-Fav,DNGO-Joint,45,77,0,69,0.1,2.5014521906436338,0.9987887883514794,10,8,96,32.400000000000006
Park-Fav,DNGO-Joint,45,78,0,248,0.1,2.7789155513741717,0.9987887883514794,11,8,97,32.300000000000004
Park-Fav,DNGO-Joint,45,79,0,2,0.1,2.451464852533816,0.9987887883514794,12,8,98,32.2
Park-Fav,DNGO-Joint,45,80,0,216,0.1,2.4757108671304517,0.9987887883514794,13,8,99,32.1
Park-Fav,DNGO-Joint,45,81,0,232,0.1,2.406436969429117,0.9987887883514794,14,8,100,32.0
Park-Fav,DNGO-Joint,45,82,0,204,0.1,2.341107390902337,0.9987887883514794,15,8,101,31.9
Park-Fav,DNGO-Joint,45,83,0,117,0.1,2.383371566616639,0.9987887883514794,16,8,102,31.799999999999997
Park-Fav,DNGO-Joint,45,84,0,101,0.1,2.1020020872714062,0.9987887883514794,17,8,103,31.699999999999996
Park-Fav,DNGO-Joint,45,85,0,50,0.1,2.021137576771989,0.9987887883514794,18,8,104,31.599999999999994
Park-Fav,DNGO-Joint,45,86,0,177,0.1,1.955916102477926,0.9987887883514794,19,8,105,31.499999999999993
Park-Fav,DNGO-Joint,45,87,0,145,0.1,1.8578289645823909,0.9987887883514794,20,8,106,31.39999999999999
Park-Fav,DNGO-Joint,45,88,1,16,1.0,1.9392243204209123,0.9987887883514794,0,9,106,30.39999999999999
Park-Fav,DNGO-Joint,45,89,0,34,0.1,1.9177103706910894,0.9989747117528347,1,9,107,30.29999999999999
Park-Fav,DNGO-Joint,45,90,0,18,0.1,1.696828369042019,0.9989747117528347,2,9,108,30.19999999999999
Park-Fav,DNGO-Joint,45,91,0,161,0.1,1.771647734987936,0.9989747117528347,3,9,109,30.099999999999987
Park-Fav,DNGO-Joint,45,92,0,252,0.1,1.521897942825976,0.9989747117528347,4,9,110,29.999999999999986
Park-Fav,DNGO-Joint,45,93,1,44,1.0,1.57474266557932,0.9989747117528347,0,10,110,28.999999999999986
Park-Fav,DNGO-Joint,45,94,0,220,0.1,1.5093232836160968,0.9991465879228777,1,10,111,28.899999999999984
Park-Fav,DNGO-Joint,45,95,1,24,1.0,1.5487259029533582,0.9991465879228777,0,11,111,27.899999999999984
Park-Fav,DNGO-Joint,45,96,1,32,1.0,1.7686529259670767,0.9990770971239351,0,12,111,26.899999999999984
Park-Fav,DNGO-Joint,45,97,0,236,0.1,1.471375194021108,0.9991747248461951,1,12,112,26.799999999999983
Park-Fav,DNGO-Joint,45,98,1,40,1.0,1.5041732546236746,0.9991747248461951,0,13,112,25.799999999999983
Park-Fav,DNGO-Joint,45,99,0,73,0.1,1.3986650000191037,0.999079058782285,1,13,113,25.69999999999998
Park-Fav,DNGO-Joint,45,100,1,28,1.0,1.3263659271065649,0.999079058782285,0,14,113,24.69999999999998
Park-Fav,DNGO-Joint,45,101,1,4,1.0,1.4176063011729767,0.999061257028445,0,15,113,23.69999999999998
Park-Fav,DNGO-Joint,45,102,0,193,0.1,1.4072754748610838,0.999072120427935,1,15,114,23.59999999999998
Park-Fav,DNGO-Joint,45,103,1,112,1.0,1.3818951730371616,0.999072120427935,0,16,114,22.59999999999998
Park-Fav,DNGO-Joint,45,104,1,20,1.0,1.3068833393637649,0.9999999999999916,0,17,114,21.59999999999998
Park-Fav,DNGO-Joint,45,105,1,12,1.0,1.3140749259022237,0.9999999999999913,0,18,114,20.59999999999998
Park-Fav,DNGO-Joint,45,106,1,64,1.0,1.4275683601961275,0.9999999999999902,0,19,114,19.59999999999998
Park-Fav,DNGO-Joint,45,107,1,8,1.0,1.3044106743844972,0.999999999999995,0,20,114,18.59999999999998
Park-Fav,DNGO-Joint,45,108,1,52,1.0,1.2151922898393916,0.9999999999999947,0,21,114,17.59999999999998
Park-Fav,DNGO-Joint,45,109,1,36,1.0,1.1805627727612498,0.9999999999999948,0,22,114,16.59999999999998
Park-Fav,DNGO-Joint,45,110,0,121,0.1,1.11866956013403,0.9999999999999949,1,22,115,16.49999999999998
Park-Fav,DNGO-Joint,45,111,1,96,1.0,1.0279665893932184,0.9999999999999949,0,23,115,15.499999999999979
Park-Fav,DNGO-Joint,45,112,1,80,1.0,1.0066173084867118,0.9999999999999961,0,24,115,14.499999999999979
Park-Fav,DNGO-Joint,45,113,0,89,0.1,1.00292742533263,0.9999999999999973,1,24,116,14.399999999999979
Park-Fav,DNGO-Joint,45,114,0,209,0.1,0.9554686276952831,0.9999999999999973,2,24,117,14.299999999999978
Park-Fav,DNGO-Joint,45,115,0,241,0.1,0.9776723237015595,0.9999999999999973,3,24,118,14.199999999999976
Park-Fav,DNGO-Joint,45,116,1,124,1.0,0.9004550060264548,0.9999999999999973,0,25,118,13.199999999999974
Park-Fav,DNGO-Joint,45,117,0,133,0.1,0.9158259411033559,0.9827003344440637,1,25,119,13.099999999999975
Park-Fav,DNGO-Joint,45,118,0,225,0.1,0.8152417356717484,0.9827003344440637,2,25,120,12.999999999999973
Park-Fav,DNGO-Joint,45,119,1,116,1.0,0.852002471430223,0.9827003344440637,0,26,120,11.999999999999972
Park-Fav,DNGO-Joint,45,120,1,68,1.0,0.8497232321255692,0.9849424942495264,0,27,120,10.999999999999972
Park-Fav,DNGO-Joint,45,121,1,84,1.0,0.7847849142866548,0.9865362818606814,0,28,120,9.999999999999972
Park-Fav,DNGO-Joint,45,122,0,54,0.1,0.7397674143425738,0.9877273853403616,1,28,121,9.899999999999972
Park-Fav,DNGO-Joint,45,123,1,100,1.0,0.7739758314011633,0.9877273853403616,0,29,121,8.89999999999997
Park-Fav,DNGO-Joint,45,124,1,104,1.0,0.7567996136992994,0.9886512407452428,0,30,121,7.89999999999997
Park-Fav,DNGO-Joint,45,125,1,120,1.0,0.7592704865867672,0.98913558888786,0,31,121,6.89999999999997
Park-Fav,DNGO-Joint,45,126,1,72,1.0,0.8479511656508671,0.989650198938881,0,32,121,5.89999999999997
Park-Fav,DNGO-Joint,45,127,0,66,0.1,0.7416506295571668,0.9901329036832637,1,32,122,5.7999999999999705
Park-Fav,DNGO-Joint,45,128,0,149,0.1,0.6680421018600219,0.9901329036832637,2,32,123,5.699999999999969
Park-Fav,DNGO-Joint,45,129,0,6,0.1,0.6547999629062762,0.9901329036832637,3,32,124,5.599999999999968
Park-Fav,DNGO-Joint,45,130,1,176,1.0,0.644700039541478,0.9901329036832637,0,33,124,4.599999999999966
Park-Fav,DNGO-Joint,45,131,0,77,0.1,0.6550890040126957,0.9875259073933427,1,33,125,4.499999999999966
Park-Fav,DNGO-Joint,45,132,1,76,1.0,0.6958969940787881,0.9875259073933427,0,34,125,3.4999999999999645
Park-Fav,DNGO-Joint,45,133,1,128,1.0,0.6248973484208761,0.985754685735392,0,35,125,2.4999999999999645
Park-Fav,DNGO-Joint,45,134,1,108,1.0,0.5788460015489635,0.983991373287679,0,36,125,1.4999999999999645
Park-Fav,DNGO-Joint,45,135,1,144,1.0,0.5993213800057191,0.9825960033617746,0,37,125,0.4999999999999645
Park-Fav,DNGO-Joint,45,136,0,114,0.1,0.5490817843065849,0.9812124389392758,1,37,126,0.3999999999999645
Park-Fav,DNGO-Joint,45,137,0,181,0.1,0.5884041458627579,0.9812124389392758,2,37,127,0.2999999999999631
Park-Fav,DNGO-Joint,45,138,0,125,0.1,0.5281486301555983,0.9812124389392758,3,37,128,0.19999999999996163
Park-Fav,DNGO-Joint,45,139,0,82,0.1,0.5157666944815211,0.9812124389392758,4,37,129,0.0999999999999602
Park-Fav,DNGO-Joint,46,1,0,16,0.1,6.1518457162713664,0.5,1,2,26,45.4
Park-Fav,DNGO-Joint,46,2,0,36,0.1,6.869815557997951,0.5,2,2,27,45.3
Park-Fav,DNGO-Joint,46,3,0,0,0.1,7.511539415340565,0.5,3,2,28,45.199999999999996
Park-Fav,DNGO-Joint,46,4,0,32,0.1,6.968377166366557,0.5,4,2,29,45.1
Park-Fav,DNGO-Joint,46,5,0,4,0.1,7.431056439062394,0.5,5,2,30,45.0
Park-Fav,DNGO-Joint,46,6,0,48,0.1,7.862814599332708,0.5,6,2,31,44.9
Park-Fav,DNGO-Joint,46,7,0,52,0.1,7.591724601973087,0.5,7,2,32,44.800000000000004
Park-Fav,DNGO-Joint,46,8,0,24,0.1,7.06174392564586,0.5,8,2,33,44.7
Park-Fav,DNGO-Joint,46,9,0,40,0.1,8.197361381302823,0.5,9,2,34,44.6
Park-Fav,DNGO-Joint,46,10,0,56,0.1,7.743533977747503,0.5,10,2,35,44.5
Park-Fav,DNGO-Joint,46,11,0,8,0.1,7.499670337059426,0.5,11,2,36,44.4
Park-Fav,DNGO-Joint,46,12,0,60,0.1,7.394236816318571,0.5,12,2,37,44.300000000000004
Park-Fav,DNGO-Joint,46,13,0,44,0.1,7.434952768807573,0.5,13,2,38,44.2
Park-Fav,DNGO-Joint,46,14,0,28,0.1,7.496512961931073,0.5,14,2,39,44.1
Park-Fav,DNGO-Joint,46,15,0,96,0.1,6.98829573316798,0.5,15,2,40,44.00000000000001
Park-Fav,DNGO-Joint,46,16,0,12,0.1,7.099954282446077,0.5,16,2,41,43.900000000000006
Park-Fav,DNGO-Joint,46,17,0,80,0.1,6.515053406293567,0.5,17,2,42,43.800000000000004
Park-Fav,DNGO-Joint,46,18,0,64,0.1,6.626673673891548,0.5,18,2,43,43.7
Park-Fav,DNGO-Joint,46,19,0,112,0.1,6.270437625371989,0.5,19,2,44,43.6
Park-Fav,DNGO-Joint,46,20,0,100,0.1,6.025400049354263,0.5,20,2,45,43.50000000000001
Park-Fav,DNGO-Joint,46,21,1,8,1.0,4.246502653556323,0.5,0,3,45,42.50000000000001
Park-Fav,DNGO-Joint,46,22,0,68,0.1,5.995037255915953,0.5,1,3,46,42.400000000000006
Park-Fav,DNGO-Joint,46,23,0,84,0.1,5.727158671578607,0.5,2,3,47,42.300000000000004
Park-Fav,DNGO-Joint,46,24,0,116,0.1,5.673861852328543,0.5,3,3,48,42.20000000000001
Park-Fav,DNGO-Joint,46,25,0,104,0.1,5.300799908522926,0.5,4,3,49,42.10000000000001
Park-Fav,DNGO-Joint,46,26,0,88,0.1,5.316299824426741,0.5,5,3,50,42.00000000000001
Park-Fav,DNGO-Joint,46,27,0,120,0.1,5.170381023361769,0.5,6,3,51,41.900000000000006
Park-Fav,DNGO-Joint,46,28,0,72,0.1,5.143807817937938,0.5,7,3,52,41.800000000000004
Park-Fav,DNGO-Joint,46,29,0,76,0.1,4.598667754495995,0.5,8,3,53,41.70000000000001
Park-Fav,DNGO-Joint,46,30,0,124,0.1,4.631695214601022,0.5,9,3,54,41.60000000000001
Park-Fav,DNGO-Joint,46,31,0,108,0.1,4.52301092214437,0.5,10,3,55,41.50000000000001
Park-Fav,DNGO-Joint,46,32,0,92,0.1,4.322338673650343,0.5,11,3,56,41.40000000000001
Park-Fav,DNGO-Joint,46,33,0,176,0.1,4.093012717059961,0.5,12,3,57,41.30000000000001
Park-Fav,DNGO-Joint,46,34,0,160,0.1,3.784964834789591,0.5,13,3,58,41.20000000000001
Park-Fav,DNGO-Joint,46,35,0,144,0.1,3.8580230154770723,0.5,14,3,59,41.10000000000001
Park-Fav,DNGO-Joint,46,36,1,192,1.0,3.813558132886625,0.5,0,4,59,40.10000000000001
Park-Fav,DNGO-Joint,46,37,0,128,0.1,3.659688819468417,0.5,1,4,60,40.00000000000001
Park-Fav,DNGO-Joint,46,38,0,1,0.1,3.414898379063928,0.5,2,4,61,39.90000000000001
Park-Fav,DNGO-Joint,46,39,0,17,0.1,3.3001250123935457,0.5,3,4,62,39.80000000000001
Park-Fav,DNGO-Joint,46,40,0,132,0.1,3.052373051880669,0.5,4,4,63,39.70000000000001
Park-Fav,DNGO-Joint,46,41,0,180,0.1,3.043081458201352,0.5,5,4,64,39.600000000000016
Park-Fav,DNGO-Joint,46,42,0,148,0.1,2.8287282057185363,0.5,6,4,65,39.500000000000014
Park-Fav,DNGO-Joint,46,43,0,164,0.1,2.8242117864160963,0.5,7,4,66,39.40000000000001
Park-Fav,DNGO-Joint,46,44,0,33,0.1,2.907283969197392,0.5,8,4,67,39.30000000000001
Park-Fav,DNGO-Joint,46,45,0,49,0.1,2.709809928789105,0.5,9,4,68,39.20000000000001
Park-Fav,DNGO-Joint,46,46,1,204,1.0,2.517489280934429,0.5,0,5,68,38.20000000000002
Park-Fav,DNGO-Joint,46,47,0,5,0.1,2.388534722248449,0.5,1,5,69,38.100000000000016
Park-Fav,DNGO-Joint,46,48,0,168,0.1,2.18128083402483,0.5,2,5,70,38.000000000000014
Park-Fav,DNGO-Joint,46,49,0,240,0.1,2.52682262128193,0.5,3,5,71,37.90000000000001
Park-Fav,DNGO-Joint,46,50,1,16,1.0,2.454024871320904,0.5,0,6,71,36.90000000000002
Park-Fav,DNGO-Joint,46,51,0,224,0.1,2.107916561729131,0.5,1,6,72,36.80000000000002
Park-Fav,DNGO-Joint,46,52,0,53,0.1,2.142129240316074,0.5,2,6,73,36.70000000000002
Park-Fav,DNGO-Joint,46,53,0,136,0.1,2.1571888083325805,0.5,3,6,74,36.600000000000016
Park-Fav,DNGO-Joint,46,54,0,152,0.1,1.9430586088161994,0.5,4,6,75,36.500000000000014
Park-Fav,DNGO-Joint,46,55,0,208,0.1,2.0305282964222116,0.5,5,6,76,36.40000000000001
Park-Fav,DNGO-Joint,46,56,0,37,0.1,1.807256299262161,0.5,6,6,77,36.30000000000002
Park-Fav,DNGO-Joint,46,57,0,188,0.1,1.7386267649811393,0.5,7,6,78,36.20000000000002
Park-Fav,DNGO-Joint,46,58,0,140,0.1,1.5963021317055153,0.5,8,6,79,36.100000000000016
Park-Fav,DNGO-Joint,46,59,0,244,0.1,1.5113593087611599,0.5,9,6,80,36.00000000000002
Park-Fav,DNGO-Joint,46,60,0,196,0.1,1.4847820316957931,0.5,10,6,81,35.90000000000002
Park-Fav,DNGO-Joint,46,61,0,65,0.1,1.4762612120640433,0.5,11,6,82,35.80000000000002
Park-Fav,DNGO-Joint,46,62,1,48,1.0,1.4546559991481631,0.5,0,7,82,34.80000000000002
Park-Fav,DNGO-Joint,46,63,0,9,0.1,2.755556574667323,0.9996896078604796,1,7,83,34.70000000000002
Park-Fav,DNGO-Joint,46,64,0,156,0.1,2.789769803308813,0.9996896078604796,2,7,84,34.600000000000016
Park-Fav,DNGO-Joint,46,65,0,81,0.1,2.5591576613600973,0.9996896078604796,3,7,85,34.50000000000002
Park-Fav,DNGO-Joint,46,66,0,113,0.1,2.405794427285346,0.9996896078604796,4,7,86,34.40000000000002
Park-Fav,DNGO-Joint,46,67,0,41,0.1,2.2864262455655284,0.9996896078604796,5,7,87,34.30000000000002
Park-Fav,DNGO-Joint,46,68,0,228,0.1,2.3137287941095477,0.9996896078604796,6,7,88,34.200000000000024
Park-Fav,DNGO-Joint,46,69,0,61,0.1,2.2785276557512515,0.9996896078604796,7,7,89,34.10000000000002
Park-Fav,DNGO-Joint,46,70,0,212,0.1,2.130469471678603,0.9996896078604796,8,7,90,34.00000000000002
Park-Fav,DNGO-Joint,46,71,0,97,0.1,1.9806105180141578,0.9996896078604796,9,7,91,33.90000000000002
Park-Fav,DNGO-Joint,46,72,0,13,0.1,1.7766185848787854,0.9996896078604796,10,7,92,33.80000000000002
Park-Fav,DNGO-Joint,46,73,0,45,0.1,1.5143180457162233,0.9996896078604796,11,7,93,33.700000000000024
Park-Fav,DNGO-Joint,46,74,0,248,0.1,1.5015584542646703,0.9996896078604796,12,7,94,33.600000000000016
Park-Fav,DNGO-Joint,46,75,0,29,0.1,1.5017317791392555,0.9996896078604796,13,7,95,33.50000000000002
Park-Fav,DNGO-Joint,46,76,1,0,1.0,1.31624941484733,0.9996896078604796,0,8,95,32.500000000000014
Park-Fav,DNGO-Joint,46,77,1,24,1.0,1.2830035562438324,0.9985910714310724,0,9,95,31.500000000000014
Park-Fav,DNGO-Joint,46,78,0,69,0.1,1.2743299357080733,0.9991088128610902,1,9,96,31.400000000000016
Park-Fav,DNGO-Joint,46,79,1,32,1.0,1.238638840877702,0.9991088128610902,0,10,96,30.400000000000016
Park-Fav,DNGO-Joint,46,80,0,252,0.1,1.3153725953024205,0.9990790818069216,1,10,97,30.300000000000015
Park-Fav,DNGO-Joint,46,81,0,2,0.1,1.330591325297912,0.9990790818069216,2,10,98,30.200000000000014
Park-Fav,DNGO-Joint,46,82,1,20,1.0,1.2320099175014052,0.9990790818069216,0,11,98,29.200000000000014
Park-Fav,DNGO-Joint,46,83,0,200,0.1,1.3126524578354941,0.9988273149717494,1,11,99,29.100000000000012
Park-Fav,DNGO-Joint,46,84,1,4,1.0,1.1878498002265805,0.9988273149717494,0,12,99,28.100000000000012
Park-Fav,DNGO-Joint,46,85,1,36,1.0,1.1564950205500102,0.9988297517819872,0,13,99,27.100000000000012
Park-Fav,DNGO-Joint,46,86,0,232,0.1,1.0965232880441749,0.9983794286293689,1,13,100,27.00000000000001
Park-Fav,DNGO-Joint,46,87,1,40,1.0,1.0517196439005594,0.9983794286293689,0,14,100,26.00000000000001
Park-Fav,DNGO-Joint,46,88,1,52,1.0,1.045486769163958,0.9987254015292917,0,15,100,25.00000000000001
Park-Fav,DNGO-Joint,46,89,1,12,1.0,1.0573373825752217,0.9982279720986652,0,16,100,24.00000000000001
Park-Fav,DNGO-Joint,46,90,0,129,0.1,1.1126073589794763,0.9979620484048078,1,16,101,23.90000000000001
Park-Fav,DNGO-Joint,46,91,1,28,1.0,1.093822052126378,0.9979620484048078,0,17,101,22.90000000000001
Park-Fav,DNGO-Joint,46,92,0,85,0.1,0.9663517702657212,0.9982761740707737,1,17,102,22.800000000000008
Park-Fav,DNGO-Joint,46,93,0,145,0.1,1.0003523152739986,0.9982761740707737,2,17,103,22.700000000000006
Park-Fav,DNGO-Joint,46,94,1,44,1.0,0.9722127413019794,0.9982761740707737,0,18,103,21.700000000000006
Park-Fav,DNGO-Joint,46,95,1,56,1.0,1.0949827431293497,0.9985414959118971,0,19,103,20.700000000000006
Park-Fav,DNGO-Joint,46,96,0,177,0.1,0.8900055246310691,0.9983964686683717,1,19,104,20.600000000000005
Park-Fav,DNGO-Joint,46,97,1,60,1.0,0.9417441200796179,0.9983964686683717,0,20,104,19.600000000000005
Park-Fav,DNGO-Joint,46,98,1,64,1.0,0.9264424346810661,0.9985855973656348,0,21,104,18.600000000000005
Park-Fav,DNGO-Joint,46,99,0,161,0.1,0.8461008188815942,0.99999999999999,1,21,105,18.500000000000004
Park-Fav,DNGO-Joint,46,100,0,18,0.1,0.8289036310344339,0.99999999999999,2,21,106,18.400000000000002
Park-Fav,DNGO-Joint,46,101,0,50,0.1,0.7913065557309582,0.99999999999999,3,21,107,18.3
Park-Fav,DNGO-Joint,46,102,1,80,1.0,0.7710762575174094,0.99999999999999,0,22,107,17.3
Park-Fav,DNGO-Joint,46,103,0,34,0.1,0.7845759031689549,0.9999999999999946,1,22,108,17.199999999999996
Park-Fav,DNGO-Joint,46,104,1,96,1.0,0.6967268494200036,0.9999999999999946,0,23,108,16.199999999999996
Park-Fav,DNGO-Joint,46,105,1,112,1.0,0.6780157033403654,0.9999999999999962,0,24,108,15.199999999999996
Park-Fav,DNGO-Joint,46,106,1,84,1.0,0.7012477318765451,0.9999999999999973,0,25,108,14.199999999999996
Park-Fav,DNGO-Joint,46,107,0,236,0.1,0.6549182437122439,0.9976762582358674,1,25,109,14.099999999999996
Park-Fav,DNGO-Joint,46,108,1,68,1.0,0.6848077917011091,0.9976762582358674,0,26,109,13.099999999999994
Park-Fav,DNGO-Joint,46,109,1,116,1.0,0.6717707704426947,0.9971185182743141,0,27,109,12.099999999999994
Park-Fav,DNGO-Joint,46,110,1,100,1.0,0.6264506541322921,0.997015579397861,0,28,109,11.099999999999994
Park-Fav,DNGO-Joint,46,111,0,220,0.1,0.599105176686627,0.997054047109503,1,28,110,10.999999999999995
Park-Fav,DNGO-Joint,46,112,1,88,1.0,0.5982380502076499,0.997054047109503,0,29,110,9.999999999999993
Park-Fav,DNGO-Joint,46,113,1,120,1.0,0.5456720322514905,0.9942972932126742,0,30,110,8.999999999999993
Park-Fav,DNGO-Joint,46,114,1,104,1.0,0.5233011871233971,0.9932338340765638,0,31,110,7.999999999999993
Park-Fav,DNGO-Joint,46,115,1,72,1.0,0.47705747418629857,0.9928372448635309,0,32,110,6.999999999999993
Park-Fav,DNGO-Joint,46,116,0,121,0.1,0.5045355755117301,0.9927330230153593,1,32,111,6.899999999999993
Park-Fav,DNGO-Joint,46,117,1,124,1.0,0.4692933805910506,0.9927330230153593,0,33,111,5.8999999999999915
Park-Fav,DNGO-Joint,46,118,0,193,0.1,0.4859975387104572,0.9905679356759255,1,33,112,5.799999999999992
Park-Fav,DNGO-Joint,46,119,1,128,1.0,0.453161422426345,0.9905679356759255,0,34,112,4.79999999999999
Park-Fav,DNGO-Joint,46,120,0,73,0.1,0.4093965688332125,0.9876871899204664,1,34,113,4.69999999999999
Park-Fav,DNGO-Joint,46,121,1,108,1.0,0.4115950393842127,0.9876871899204664,0,35,113,3.6999999999999886
Park-Fav,DNGO-Joint,46,122,1,144,1.0,0.3936050465056903,0.986163234432816,0,36,113,2.6999999999999886
Park-Fav,DNGO-Joint,46,123,1,160,1.0,0.3684179197787415,0.9841757456105945,0,37,113,1.6999999999999886
Park-Fav,DNGO-Joint,46,124,1,176,1.0,0.3563935081923859,0.9829971828331225,0,38,113,0.6999999999999886
Park-Fav,DNGO-Joint,46,125,0,209,0.1,0.311177342734089,0.9823011606879027,1,38,114,0.5999999999999887
Park-Fav,DNGO-Joint,46,126,0,241,0.1,0.3449363304980292,0.9823011606879027,2,38,115,0.49999999999998723
Park-Fav,DNGO-Joint,46,127,0,105,0.1,0.31250343450517526,0.9823011606879027,3,38,116,0.3999999999999858
Park-Fav,DNGO-Joint,46,128,0,133,0.1,0.28169589270875334,0.9823011606879027,4,38,117,0.2999999999999844
Park-Fav,DNGO-Joint,46,129,0,225,0.1,0.29761454402734544,0.9823011606879027,5,38,118,0.19999999999998294
Park-Fav,DNGO-Joint,46,130,0,54,0.1,0.2588248704158662,0.9823011606879027,6,38,119,0.09999999999998152
Park-Fav,DNGO-Joint,47,1,0,16,0.1,11.587854106398309,0.5,1,2,26,45.4
Park-Fav,DNGO-Joint,47,2,0,0,0.1,8.185112193984807,0.5,2,2,27,45.3
Park-Fav,DNGO-Joint,47,3,0,20,0.1,8.520629554201694,0.5,3,2,28,45.199999999999996
Park-Fav,DNGO-Joint,47,4,0,32,0.1,8.814683380044334,0.5,4,2,29,45.1
Park-Fav,DNGO-Joint,47,5,0,4,0.1,8.782524837590033,0.5,5,2,30,45.0
Park-Fav,DNGO-Joint,47,6,0,48,0.1,9.119395777423009,0.5,6,2,31,44.9
Park-Fav,DNGO-Joint,47,7,0,8,0.1,8.952022289237735,0.5,7,2,32,44.800000000000004
Park-Fav,DNGO-Joint,47,8,0,24,0.1,8.834882771564082,0.5,8,2,33,44.7
Park-Fav,DNGO-Joint,47,9,0,36,0.1,8.980830760492614,0.5,9,2,34,44.6
Park-Fav,DNGO-Joint,47,10,0,40,0.1,8.12957401810546,0.5,10,2,35,44.5
Park-Fav,DNGO-Joint,47,11,0,52,0.1,8.705346153552345,0.5,11,2,36,44.4
Park-Fav,DNGO-Joint,47,12,0,12,0.1,8.345171324651215,0.5,12,2,37,44.300000000000004
Park-Fav,DNGO-Joint,47,13,0,56,0.1,8.625542131024057,0.5,13,2,38,44.2
Park-Fav,DNGO-Joint,47,14,0,28,0.1,8.423887301198567,0.5,14,2,39,44.1
Park-Fav,DNGO-Joint,47,15,0,44,0.1,8.159016093746779,0.5,15,2,40,44.00000000000001
Park-Fav,DNGO-Joint,47,16,0,60,0.1,8.500057532456074,0.5,16,2,41,43.900000000000006
Park-Fav,DNGO-Joint,47,17,0,112,0.1,7.199535864803721,0.5,17,2,42,43.800000000000004
Park-Fav,DNGO-Joint,47,18,0,80,0.1,7.375986356310094,0.5,18,2,43,43.7
Park-Fav,DNGO-Joint,47,19,0,64,0.1,7.065845694038995,0.5,19,2,44,43.6
Park-Fav,DNGO-Joint,47,20,0,96,0.1,6.769356552904478,0.5,20,2,45,43.50000000000001
Park-Fav,DNGO-Joint,47,21,1,12,1.0,6.502134771095498,0.5,0,3,45,42.50000000000001
Park-Fav,DNGO-Joint,47,22,0,68,0.1,6.59430948186027,0.5,1,3,46,42.400000000000006
Park-Fav,DNGO-Joint,47,23,0,116,0.1,6.518578050195362,0.5,2,3,47,42.300000000000004
Park-Fav,DNGO-Joint,47,24,0,84,0.1,6.326466276332264,0.5,3,3,48,42.20000000000001
Park-Fav,DNGO-Joint,47,25,0,120,0.1,5.995792743206678,0.5,4,3,49,42.10000000000001
Park-Fav,DNGO-Joint,47,26,0,72,0.1,5.999527160616028,0.5,5,3,50,42.00000000000001
Park-Fav,DNGO-Joint,47,27,0,88,0.1,5.797662796550476,0.5,6,3,51,41.900000000000006
Park-Fav,DNGO-Joint,47,28,0,124,0.1,5.840609769394957,0.5,7,3,52,41.800000000000004
Park-Fav,DNGO-Joint,47,29,0,108,0.1,5.087379187525469,0.5,8,3,53,41.70000000000001
Park-Fav,DNGO-Joint,47,30,0,176,0.1,5.504386914398922,0.5,9,3,54,41.60000000000001
Park-Fav,DNGO-Joint,47,31,0,92,0.1,5.140095645970895,0.5,10,3,55,41.50000000000001
Park-Fav,DNGO-Joint,47,32,0,128,0.1,4.830071297294549,0.5,11,3,56,41.40000000000001
Park-Fav,DNGO-Joint,47,33,0,160,0.1,4.401630448766782,0.5,12,3,57,41.30000000000001
Park-Fav,DNGO-Joint,47,34,0,49,0.1,4.028542953385796,0.5,13,3,58,41.20000000000001
Park-Fav,DNGO-Joint,47,35,0,240,0.1,3.858659971407711,0.5,14,3,59,41.10000000000001
Park-Fav,DNGO-Joint,47,36,0,33,0.1,3.8425349042401766,0.5,15,3,60,41.00000000000001
Park-Fav,DNGO-Joint,47,37,0,180,0.1,3.89063634103338,0.5,16,3,61,40.90000000000001
Park-Fav,DNGO-Joint,47,38,0,17,0.1,3.5837802649702364,0.5,17,3,62,40.80000000000001
Park-Fav,DNGO-Joint,47,39,0,132,0.1,3.423751268141123,0.5,18,3,63,40.70000000000001
Park-Fav,DNGO-Joint,47,40,0,148,0.1,3.372555473307588,0.5,19,3,64,40.600000000000016
Park-Fav,DNGO-Joint,47,41,0,192,0.1,3.442906002397578,0.5,20,3,65,40.500000000000014
Park-Fav,DNGO-Joint,47,42,1,255,1.0,2.8694351645586846,0.5,0,4,65,39.500000000000014
Park-Fav,DNGO-Joint,47,43,1,0,1.0,9.435107726282219,0.5,0,5,65,38.500000000000014
Park-Fav,DNGO-Joint,47,44,0,164,0.1,4.853362161478663,0.5,1,5,66,38.40000000000001
Park-Fav,DNGO-Joint,47,45,0,224,0.1,4.447935493670496,0.5,2,5,67,38.30000000000001
Park-Fav,DNGO-Joint,47,46,0,184,0.1,4.508469254754818,0.5,3,5,68,38.20000000000001
Park-Fav,DNGO-Joint,47,47,0,53,0.1,4.301374447757063,0.5,4,5,69,38.100000000000016
Park-Fav,DNGO-Joint,47,48,0,136,0.1,4.190495678783512,0.5,5,5,70,38.000000000000014
Park-Fav,DNGO-Joint,47,49,0,21,0.1,3.9745535282050897,0.5,6,5,71,37.90000000000001
Park-Fav,DNGO-Joint,47,50,1,192,1.0,4.380200833167456,0.5,0,6,71,36.90000000000002
Park-Fav,DNGO-Joint,47,51,0,208,0.1,7.82929316174168,0.9999999999999997,1,6,72,36.80000000000002
Park-Fav,DNGO-Joint,47,52,0,5,0.1,7.8878821832867905,0.9999999999999997,2,6,73,36.70000000000002
Park-Fav,DNGO-Joint,47,53,0,152,0.1,7.1796730974840255,0.9999999999999997,3,6,74,36.600000000000016
Park-Fav,DNGO-Joint,47,54,0,13,0.1,7.488387696183355,0.9999999999999997,4,6,75,36.500000000000014
Park-Fav,DNGO-Joint,47,55,0,140,0.1,7.072161646213795,0.9999999999999997,5,6,76,36.40000000000001
Park-Fav,DNGO-Joint,47,56,0,188,0.1,7.166851940895979,0.9999999999999997,6,6,77,36.30000000000002
Park-Fav,DNGO-Joint,47,57,0,57,0.1,6.324781364482394,0.9999999999999997,7,6,78,36.20000000000002
Park-Fav,DNGO-Joint,47,58,0,65,0.1,6.068849942582444,0.9999999999999997,8,6,79,36.100000000000016
Park-Fav,DNGO-Joint,47,59,0,244,0.1,6.245852130480591,0.9999999999999997,9,6,80,36.00000000000002
Park-Fav,DNGO-Joint,47,60,0,172,0.1,6.1909275042410945,0.9999999999999997,10,6,81,35.90000000000002
Park-Fav,DNGO-Joint,47,61,0,61,0.1,6.1915942247833815,0.9999999999999997,11,6,82,35.80000000000002
Park-Fav,DNGO-Joint,47,62,0,113,0.1,5.871175665753869,0.9999999999999997,12,6,83,35.70000000000002
Park-Fav,DNGO-Joint,47,63,0,9,0.1,5.6686142137067685,0.9999999999999997,13,6,84,35.600000000000016
Park-Fav,DNGO-Joint,47,64,0,196,0.1,5.843709814448502,0.9999999999999997,14,6,85,35.50000000000002
Park-Fav,DNGO-Joint,47,65,0,156,0.1,5.469807291495505,0.9999999999999997,15,6,86,35.40000000000002
Park-Fav,DNGO-Joint,47,66,0,25,0.1,5.36014873662348,0.9999999999999997,16,6,87,35.30000000000002
Park-Fav,DNGO-Joint,47,67,0,228,0.1,5.18226861927631,0.9999999999999997,17,6,88,35.200000000000024
Park-Fav,DNGO-Joint,47,68,0,41,0.1,5.0747366968709,0.9999999999999997,18,6,89,35.10000000000002
Park-Fav,DNGO-Joint,47,69,0,81,0.1,5.017543415427528,0.9999999999999997,19,6,90,35.00000000000002
Park-Fav,DNGO-Joint,47,70,0,212,0.1,4.8522453492915485,0.9999999999999997,20,6,91,34.90000000000002
Park-Fav,DNGO-Joint,47,71,1,8,1.0,1.871289888758368,0.9999999999999997,0,7,91,33.90000000000002
Park-Fav,DNGO-Joint,47,72,0,97,0.1,5.016269544145955,0.9999999999999996,1,7,92,33.80000000000002
Park-Fav,DNGO-Joint,47,73,0,29,0.1,4.442460493850709,0.9999999999999996,2,7,93,33.700000000000024
Park-Fav,DNGO-Joint,47,74,0,45,0.1,3.9533978222412416,0.9999999999999996,3,7,94,33.600000000000016
Park-Fav,DNGO-Joint,47,75,0,200,0.1,3.91347783905091,0.9999999999999996,4,7,95,33.50000000000002
Park-Fav,DNGO-Joint,47,76,0,248,0.1,3.791207363496028,0.9999999999999996,5,7,96,33.40000000000001
Park-Fav,DNGO-Joint,47,77,0,232,0.1,3.31516756481451,0.9999999999999996,6,7,97,33.30000000000002
Park-Fav,DNGO-Joint,47,78,0,177,0.1,3.137340111352053,0.9999999999999996,7,7,98,33.20000000000001
Park-Fav,DNGO-Joint,47,79,0,129,0.1,3.1519658398159036,0.9999999999999996,8,7,99,33.100000000000016
Park-Fav,DNGO-Joint,47,80,0,216,0.1,3.1450183455210405,0.9999999999999996,9,7,100,33.00000000000001
Park-Fav,DNGO-Joint,47,81,0,252,0.1,2.987689792610262,0.9999999999999996,10,7,101,32.90000000000001
Park-Fav,DNGO-Joint,47,82,0,50,0.1,2.936403264002599,0.9999999999999996,11,7,102,32.800000000000004
Park-Fav,DNGO-Joint,47,83,0,117,0.1,2.696646023488265,0.9999999999999996,12,7,103,32.70000000000001
Park-Fav,DNGO-Joint,47,84,0,2,0.1,2.6218655265358315,0.9999999999999996,13,7,104,32.6
Park-Fav,DNGO-Joint,47,85,0,85,0.1,2.699798280693273,0.9999999999999996,14,7,105,32.50000000000001
Park-Fav,DNGO-Joint,47,86,0,101,0.1,2.60987785365671,0.9999999999999996,15,7,106,32.4
Park-Fav,DNGO-Joint,47,87,0,161,0.1,2.4751997656842306,0.9999999999999996,16,7,107,32.300000000000004
Park-Fav,DNGO-Joint,47,88,0,204,0.1,2.4934500254096514,0.9999999999999996,17,7,108,32.199999999999996
Park-Fav,DNGO-Joint,47,89,0,18,0.1,2.2805583515564707,0.9999999999999996,18,7,109,32.1
Park-Fav,DNGO-Joint,47,90,0,236,0.1,2.2418400204350983,0.9999999999999996,19,7,110,31.999999999999993
Park-Fav,DNGO-Joint,47,91,1,48,1.0,2.3758058128811324,0.9999999999999996,0,8,110,30.999999999999996
Park-Fav,DNGO-Joint,47,92,0,34,0.1,2.206577015953576,0.9999999999999997,1,8,111,30.899999999999995
Park-Fav,DNGO-Joint,47,93,0,73,0.1,2.2021978942077203,0.9999999999999997,2,8,112,30.799999999999994
Park-Fav,DNGO-Joint,47,94,0,220,0.1,1.918313512201008,0.9999999999999997,3,8,113,30.699999999999992
Park-Fav,DNGO-Joint,47,95,0,193,0.1,1.926788637317362,0.9999999999999997,4,8,114,30.59999999999999
Park-Fav,DNGO-Joint,47,96,1,32,1.0,1.6768547351559362,0.9999999999999997,0,9,114,29.59999999999999
Park-Fav,DNGO-Joint,47,97,0,241,0.1,1.7271342711409416,0.9999999999999994,1,9,115,29.49999999999999
Park-Fav,DNGO-Joint,47,98,1,16,1.0,1.5743466997131357,0.9999999999999994,0,10,115,28.49999999999999
Park-Fav,DNGO-Joint,47,99,0,121,0.1,1.5855385017456574,0.9999999999999993,1,10,116,28.399999999999988
Park-Fav,DNGO-Joint,47,100,0,209,0.1,1.4255824692589738,0.9999999999999993,2,10,117,28.299999999999986
Park-Fav,DNGO-Joint,47,101,1,4,1.0,1.4106964136535196,0.9999999999999993,0,11,117,27.299999999999986
Park-Fav,DNGO-Joint,47,102,0,133,0.1,1.3942677735954678,0.9999999999999996,1,11,118,27.199999999999985
Park-Fav,DNGO-Joint,47,103,0,105,0.1,1.3557429017225564,0.9999999999999996,2,11,119,27.099999999999984
Park-Fav,DNGO-Joint,47,104,1,64,1.0,1.5434005318495412,0.9999999999999996,0,12,119,26.099999999999984
Park-Fav,DNGO-Joint,47,105,0,225,0.1,1.2429130131859405,0.9999999999999996,1,12,120,25.999999999999982
Park-Fav,DNGO-Joint,47,106,0,77,0.1,1.4174571611185127,0.9999999999999996,2,12,121,25.89999999999998
Park-Fav,DNGO-Joint,47,107,1,72,1.0,1.2222003665667311,0.9999999999999996,0,13,121,24.89999999999998
Park-Fav,DNGO-Joint,47,108,0,6,0.1,1.0662450941085726,0.9932856837981331,1,13,122,24.79999999999998
Park-Fav,DNGO-Joint,47,109,0,54,0.1,1.0342078991804644,0.9932856837981331,2,13,123,24.699999999999978
Park-Fav,DNGO-Joint,47,110,1,20,1.0,1.1840622690487934,0.9932856837981331,0,14,123,23.699999999999978
Park-Fav,DNGO-Joint,47,111,1,24,1.0,1.1535710923579972,0.993473955141728,0,15,123,22.699999999999978
Park-Fav,DNGO-Joint,47,112,1,36,1.0,1.1599640405340264,0.9936229830467664,0,16,123,21.699999999999978
Park-Fav,DNGO-Joint,47,113,1,52,1.0,1.2138237119966044,0.9937438784795611,0,17,123,20.699999999999978
Park-Fav,DNGO-Joint,47,114,1,40,1.0,1.2739106280504673,0.993843919940414,0,18,123,19.699999999999978
Park-Fav,DNGO-Joint,47,115,1,96,1.0,1.1976251488167304,0.9939280745855809,0,19,123,18.699999999999978
Park-Fav,DNGO-Joint,47,116,1,56,1.0,1.2266912056335189,0.9939934440730801,0,20,123,17.699999999999978
Park-Fav,DNGO-Joint,47,117,1,28,1.0,1.1627152270454406,0.994079282854382,0,21,123,16.699999999999974
Park-Fav,DNGO-Joint,47,118,1,44,1.0,1.1573962528162298,0.9941535507125683,0,22,123,15.699999999999974
Park-Fav,DNGO-Joint,47,119,1,60,1.0,1.0536013843976701,0.9942184395101317,0,23,123,14.699999999999974
Park-Fav,DNGO-Joint,47,120,0,66,0.1,1.1559769235025192,0.9942756203926238,1,23,124,14.599999999999975
Park-Fav,DNGO-Joint,47,121,1,80,1.0,0.9331661052711899,0.9942756203926238,0,24,124,13.599999999999973
Park-Fav,DNGO-Joint,47,122,1,112,1.0,0.9649032699349206,0.9943777903542099,0,25,124,12.599999999999973
Park-Fav,DNGO-Joint,47,123,1,116,1.0,0.988711457725803,0.9944703950895405,0,26,124,11.599999999999973
Park-Fav,DNGO-Joint,47,124,1,76,1.0,1.15907736731381,0.9943579288441103,0,27,124,10.599999999999973
Park-Fav,DNGO-Joint,47,125,0,93,0.1,0.8735567769612308,0.9868965123242738,1,27,125,10.499999999999973
Park-Fav,DNGO-Joint,47,126,1,224,1.0,1.070940236062488,0.9868965123242738,0,28,125,9.499999999999972
Park-Fav,DNGO-Joint,47,127,0,22,0.1,0.9155672329385384,0.9890419700358418,1,28,126,9.399999999999972
Park-Fav,DNGO-Joint,47,128,1,100,1.0,1.079744495655909,0.9890419700358418,0,29,126,8.39999999999997
Park-Fav,DNGO-Joint,47,129,1,84,1.0,0.9391348061241294,0.9891663233815786,0,30,126,7.39999999999997
Park-Fav,DNGO-Joint,47,130,0,114,0.1,0.8481515934330064,0.9892808698994957,1,30,127,7.2999999999999705
Park-Fav,DNGO-Joint,47,131,1,68,1.0,0.8450219606223321,0.9892808698994957,0,31,127,6.299999999999969
Park-Fav,DNGO-Joint,47,132,1,120,1.0,1.0358023303693362,0.9893865451715471,0,32,127,5.299999999999969
Park-Fav,DNGO-Joint,47,133,0,181,0.1,0.8489715349085903,0.9883620543308297,1,32,128,5.199999999999969
Park-Fav,DNGO-Joint,47,134,0,125,0.1,0.8448481636085453,0.9883620543308297,2,32,129,5.099999999999968
Park-Fav,DNGO-Joint,47,135,0,165,0.1,0.7931983228089012,0.9883620543308297,3,32,130,4.999999999999966
Park-Fav,DNGO-Joint,47,136,0,38,0.1,0.8077163927958614,0.9883620543308297,4,32,131,4.899999999999965
Park-Fav,DNGO-Joint,47,137,1,88,1.0,0.8643085757649807,0.9883620543308297,0,33,131,3.899999999999963
Park-Fav,DNGO-Joint,47,138,1,104,1.0,0.6948139835511954,0.9875674758681223,0,34,131,2.899999999999963
Park-Fav,DNGO-Joint,47,139,0,109,0.1,0.6643685303243635,0.986942859494475,1,34,132,2.799999999999963
Park-Fav,DNGO-Joint,47,140,1,160,1.0,0.6991958118274372,0.986942859494475,0,35,132,1.7999999999999616
Park-Fav,DNGO-Joint,47,141,1,144,1.0,0.7508097034399122,0.9868274798909404,0,36,132,0.7999999999999616
Park-Fav,DNGO-Joint,47,142,0,10,0.1,0.5230546986479162,0.9868047735657245,1,36,133,0.6999999999999617
Park-Fav,DNGO-Joint,47,143,0,197,0.1,0.5003327548927344,0.9868047735657245,2,36,134,0.5999999999999602
Park-Fav,DNGO-Joint,47,144,0,51,0.1,0.518450707455741,0.9868047735657245,3,36,135,0.4999999999999588
Park-Fav,DNGO-Joint,47,145,0,137,0.1,0.4910975444555417,0.9868047735657245,4,36,136,0.3999999999999574
Park-Fav,DNGO-Joint,47,146,0,130,0.1,0.4827802660550774,0.9868047735657245,5,36,137,0.29999999999995597
Park-Fav,DNGO-Joint,47,147,0,58,0.1,0.4336061249226306,0.9868047735657245,6,36,138,0.19999999999995452
Park-Fav,DNGO-Joint,47,148,0,3,0.1,0.511468615724336,0.9868047735657245,7,36,139,0.0999999999999531
Park-Fav,DNGO-Joint,48,1,0,48,0.1,10.18663218301952,0.5,1,2,26,45.4
Park-Fav,DNGO-Joint,48,2,0,32,0.1,9.802721154556986,0.5,2,2,27,45.3
Park-Fav,DNGO-Joint,48,3,0,36,0.1,9.736231795493602,0.5,3,2,28,45.199999999999996
Park-Fav,DNGO-Joint,48,4,0,20,0.1,9.65959714508605,0.5,4,2,29,45.1
Park-Fav,DNGO-Joint,48,5,0,16,0.1,9.718939155351158,0.5,5,2,30,45.0
Park-Fav,DNGO-Joint,48,6,0,8,0.1,9.090539684696424,0.5,6,2,31,44.9
Park-Fav,DNGO-Joint,48,7,0,4,0.1,9.265528672218869,0.5,7,2,32,44.800000000000004
Park-Fav,DNGO-Joint,48,8,0,40,0.1,9.314294588468258,0.5,8,2,33,44.7
Park-Fav,DNGO-Joint,48,9,0,0,0.1,9.462134429162118,0.5,9,2,34,44.6
Park-Fav,DNGO-Joint,48,10,0,56,0.1,9.564216933042392,0.5,10,2,35,44.5
Park-Fav,DNGO-Joint,48,11,0,112,0.1,8.409898511073692,0.5,11,2,36,44.4
Park-Fav,DNGO-Joint,48,12,0,12,0.1,7.979234777203372,0.5,12,2,37,44.300000000000004
Park-Fav,DNGO-Joint,48,13,0,28,0.1,8.930261394711621,0.5,13,2,38,44.2
Park-Fav,DNGO-Joint,48,14,0,44,0.1,9.122751425076709,0.5,14,2,39,44.1
Park-Fav,DNGO-Joint,48,15,0,60,0.1,9.219323570146111,0.5,15,2,40,44.00000000000001
Park-Fav,DNGO-Joint,48,16,0,64,0.1,7.99270735692675,0.5,16,2,41,43.900000000000006
Park-Fav,DNGO-Joint,48,17,0,96,0.1,7.716838887940609,0.5,17,2,42,43.800000000000004
Park-Fav,DNGO-Joint,48,18,0,116,0.1,7.3488508151850835,0.5,18,2,43,43.7
Park-Fav,DNGO-Joint,48,19,0,68,0.1,7.3078750972287265,0.5,19,2,44,43.6
Park-Fav,DNGO-Joint,48,20,0,104,0.1,7.369809751009864,0.5,20,2,45,43.50000000000001
Park-Fav,DNGO-Joint,48,21,1,0,1.0,4.293144646431298,0.5,0,3,45,42.50000000000001
Park-Fav,DNGO-Joint,48,22,0,100,0.1,7.159721627366991,0.5,1,3,46,42.400000000000006
Park-Fav,DNGO-Joint,48,23,0,120,0.1,6.8561598233743135,0.5,2,3,47,42.300000000000004
Park-Fav,DNGO-Joint,48,24,0,88,0.1,6.801585964080076,0.5,3,3,48,42.20000000000001
Park-Fav,DNGO-Joint,48,25,0,72,0.1,6.6027923133096085,0.5,4,3,49,42.10000000000001
Park-Fav,DNGO-Joint,48,26,0,124,0.1,6.316090547507168,0.5,5,3,50,42.00000000000001
Park-Fav,DNGO-Joint,48,27,0,108,0.1,6.077518839282396,0.5,6,3,51,41.900000000000006
Park-Fav,DNGO-Joint,48,28,0,92,0.1,5.9430312652029045,0.5,7,3,52,41.800000000000004
Park-Fav,DNGO-Joint,48,29,0,76,0.1,5.562180097257343,0.5,8,3,53,41.70000000000001
Park-Fav,DNGO-Joint,48,30,0,128,0.1,5.7338297529397915,0.5,9,3,54,41.60000000000001
Park-Fav,DNGO-Joint,48,31,0,176,0.1,5.320113755766562,0.5,10,3,55,41.50000000000001
Park-Fav,DNGO-Joint,48,32,0,144,0.1,5.10288997103268,0.5,11,3,56,41.40000000000001
Park-Fav,DNGO-Joint,48,33,0,160,0.1,5.081423989498579,0.5,12,3,57,41.30000000000001
Park-Fav,DNGO-Joint,48,34,0,1,0.1,4.627598416272105,0.5,13,3,58,41.20000000000001
Park-Fav,DNGO-Joint,48,35,0,164,0.1,4.343201318926292,0.5,14,3,59,41.10000000000001
Park-Fav,DNGO-Joint,48,36,0,17,0.1,4.476134074403835,0.5,15,3,60,41.00000000000001
Park-Fav,DNGO-Joint,48,37,0,33,0.1,4.187568444494172,0.5,16,3,61,40.90000000000001
Park-Fav,DNGO-Joint,48,38,0,49,0.1,4.200550788694542,0.5,17,3,62,40.80000000000001
Park-Fav,DNGO-Joint,48,39,0,192,0.1,3.9605361638225136,0.5,18,3,63,40.70000000000001
Park-Fav,DNGO-Joint,48,40,0,132,0.1,3.9617211272049095,0.5,19,3,64,40.600000000000016
Park-Fav,DNGO-Joint,48,41,0,184,0.1,3.752948215167632,0.5,20,3,65,40.500000000000014
Park-Fav,DNGO-Joint,48,42,1,48,1.0,2.8691557744511935,0.5,0,4,65,39.500000000000014
Park-Fav,DNGO-Joint,48,43,0,148,0.1,3.66649090955844,0.5,1,4,66,39.40000000000001
Park-Fav,DNGO-Joint,48,44,0,240,0.1,3.418966326567137,0.5,2,4,67,39.30000000000001
Park-Fav,DNGO-Joint,48,45,0,136,0.1,3.220188824290181,0.5,3,4,68,39.20000000000001
Park-Fav,DNGO-Joint,48,46,0,5,0.1,3.3236731830194635,0.5,4,4,69,39.100000000000016
Park-Fav,DNGO-Joint,48,47,0,53,0.1,3.2590517880034455,0.5,5,4,70,39.000000000000014
Park-Fav,DNGO-Joint,48,48,0,224,0.1,3.087366562869425,0.5,6,4,71,38.90000000000001
Park-Fav,DNGO-Joint,48,49,0,208,0.1,2.986660178310746,0.5,7,4,72,38.80000000000002
Park-Fav,DNGO-Joint,48,50,0,168,0.1,2.8667058455646375,0.5,8,4,73,38.70000000000002
Park-Fav,DNGO-Joint,48,51,0,21,0.1,2.678219736939221,0.5,9,4,74,38.600000000000016
Park-Fav,DNGO-Joint,48,52,0,37,0.1,2.842035544024443,0.5,10,4,75,38.500000000000014
Park-Fav,DNGO-Joint,48,53,0,152,0.1,2.749463261372933,0.5,11,4,76,38.40000000000001
Park-Fav,DNGO-Joint,48,54,0,188,0.1,2.6141973974644555,0.5,12,4,77,38.30000000000002
Park-Fav,DNGO-Joint,48,55,0,140,0.1,2.4148327269963374,0.5,13,4,78,38.20000000000002
Park-Fav,DNGO-Joint,48,56,0,113,0.1,2.226411470358639,0.5,14,4,79,38.100000000000016
Park-Fav,DNGO-Joint,48,57,0,172,0.1,2.3037367423766097,0.5,15,4,80,38.00000000000002
Park-Fav,DNGO-Joint,48,58,0,156,0.1,2.1525904255389765,0.5,16,4,81,37.90000000000002
Park-Fav,DNGO-Joint,48,59,1,240,1.0,2.087846053209846,0.5,0,5,81,36.90000000000002
Park-Fav,DNGO-Joint,48,60,0,57,0.1,4.059359513067393,1.0,1,5,82,36.80000000000002
Park-Fav,DNGO-Joint,48,61,0,244,0.1,3.9443069500606076,1.0,2,5,83,36.70000000000002
Park-Fav,DNGO-Joint,48,62,0,81,0.1,3.8400691231844006,1.0,3,5,84,36.600000000000016
Park-Fav,DNGO-Joint,48,63,0,25,0.1,3.6379225821976755,1.0,4,5,85,36.50000000000002
Park-Fav,DNGO-Joint,48,64,0,196,0.1,3.8286647187755496,1.0,5,5,86,36.40000000000002
Park-Fav,DNGO-Joint,48,65,0,41,0.1,3.600202953966339,1.0,6,5,87,36.30000000000002
Park-Fav,DNGO-Joint,48,66,0,97,0.1,3.6092624770981785,1.0,7,5,88,36.200000000000024
Park-Fav,DNGO-Joint,48,67,0,228,0.1,3.310509494818604,1.0,8,5,89,36.10000000000002
Park-Fav,DNGO-Joint,48,68,0,212,0.1,3.103806383991666,1.0,9,5,90,36.00000000000002
Park-Fav,DNGO-Joint,48,69,0,61,0.1,2.988382168618411,1.0,10,5,91,35.90000000000002
Park-Fav,DNGO-Joint,48,70,0,13,0.1,2.867195982770756,1.0,11,5,92,35.80000000000002
Park-Fav,DNGO-Joint,48,71,0,45,0.1,2.621178549965779,1.0,12,5,93,35.700000000000024
Park-Fav,DNGO-Joint,48,72,0,2,0.1,2.483809400342365,1.0,13,5,94,35.60000000000002
Park-Fav,DNGO-Joint,48,73,0,29,0.1,2.500642228312325,1.0,14,5,95,35.50000000000002
Park-Fav,DNGO-Joint,48,74,0,248,0.1,2.241565007013604,1.0,15,5,96,35.40000000000003
Park-Fav,DNGO-Joint,48,75,0,200,0.1,2.179330563383056,1.0,16,5,97,35.300000000000026
Park-Fav,DNGO-Joint,48,76,0,177,0.1,1.9985976248541082,1.0,17,5,98,35.200000000000024
Park-Fav,DNGO-Joint,48,77,0,117,0.1,2.060963739648788,1.0,18,5,99,35.10000000000002
Park-Fav,DNGO-Joint,48,78,0,69,0.1,2.0030170125787183,1.0,19,5,100,35.00000000000002
Park-Fav,DNGO-Joint,48,79,0,232,0.1,1.811651855309776,1.0,20,5,101,34.90000000000003
Park-Fav,DNGO-Joint,48,80,1,44,1.0,1.7863999112185078,1.0,0,6,101,33.90000000000003
Park-Fav,DNGO-Joint,48,81,0,252,0.1,1.8615799944064062,0.9999999999999996,1,6,102,33.800000000000026
Park-Fav,DNGO-Joint,48,82,0,216,0.1,1.7828552763250485,0.9999999999999996,2,6,103,33.700000000000024
Park-Fav,DNGO-Joint,48,83,1,8,1.0,1.9357215511048964,0.9999999999999996,0,7,103,32.700000000000024
Park-Fav,DNGO-Joint,48,84,1,16,1.0,1.6948346069783498,0.9999999999999997,0,8,103,31.700000000000024
Park-Fav,DNGO-Joint,48,85,0,145,0.1,1.6340972493554287,0.9999999999999994,1,8,104,31.600000000000023
Park-Fav,DNGO-Joint,48,86,0,204,0.1,1.6464331001190926,0.9999999999999994,2,8,105,31.50000000000002
Park-Fav,DNGO-Joint,48,87,0,50,0.1,1.7274961227197256,0.9999999999999994,3,8,106,31.40000000000002
Park-Fav,DNGO-Joint,48,88,0,18,0.1,1.5349632546337906,0.9999999999999994,4,8,107,31.30000000000002
Park-Fav,DNGO-Joint,48,89,1,24,1.0,1.616583360687877,0.9999999999999994,0,9,107,30.30000000000002
Park-Fav,DNGO-Joint,48,90,0,161,0.1,1.4434236677317607,0.9999999999999996,1,9,108,30.200000000000017
Park-Fav,DNGO-Joint,48,91,1,20,1.0,1.4443463335616544,0.9999999999999996,0,10,108,29.200000000000017
Park-Fav,DNGO-Joint,48,92,0,34,0.1,1.3801763712444441,0.9999999999999997,1,10,109,29.100000000000016
Park-Fav,DNGO-Joint,48,93,1,56,1.0,1.4755054378584271,0.9999999999999997,0,11,109,28.100000000000016
Park-Fav,DNGO-Joint,48,94,1,32,1.0,1.477453540111391,0.9999999999999996,0,12,109,27.100000000000016
Park-Fav,DNGO-Joint,48,95,1,4,1.0,1.3541719214146473,0.9999999999999994,0,13,109,26.100000000000016
Park-Fav,DNGO-Joint,48,96,1,60,1.0,1.3949818174001047,0.9999999999999994,0,14,109,25.100000000000016
Park-Fav,DNGO-Joint,48,97,1,40,1.0,1.3697277293348051,0.9999999999999991,0,15,109,24.100000000000016
Park-Fav,DNGO-Joint,48,98,1,36,1.0,1.324373670951399,0.9999999999999991,0,16,109,23.100000000000016
Park-Fav,DNGO-Joint,48,99,1,28,1.0,1.1667099176204014,0.9999999999999992,0,17,109,22.100000000000016
Park-Fav,DNGO-Joint,48,100,1,64,1.0,1.2165853010179495,0.999999999999999,0,18,109,21.100000000000016
Park-Fav,DNGO-Joint,48,101,0,236,0.1,1.1681493529723863,0.999999999999999,1,18,110,21.000000000000014
Park-Fav,DNGO-Joint,48,102,1,12,1.0,1.148658635096403,0.999999999999999,0,19,110,20.000000000000014
Park-Fav,DNGO-Joint,48,103,1,120,1.0,1.121017893992563,0.9999999999999989,0,20,110,19.000000000000014
Park-Fav,DNGO-Joint,48,104,0,220,0.1,1.132198896222451,0.994115984136741,1,20,111,18.900000000000013
Park-Fav,DNGO-Joint,48,105,1,80,1.0,1.112100481891668,0.994115984136741,0,21,111,17.900000000000013
Park-Fav,DNGO-Joint,48,106,1,112,1.0,0.9418862018043264,0.9942186270509922,0,22,111,16.900000000000013
Park-Fav,DNGO-Joint,48,107,1,76,1.0,1.0282549662332405,0.9943122876272216,0,23,111,15.900000000000013
Park-Fav,DNGO-Joint,48,108,1,68,1.0,0.9496702577405891,0.9862448287760633,0,24,111,14.900000000000013
Park-Fav,DNGO-Joint,48,109,1,96,1.0,0.9151414771148172,0.9868346356351223,0,25,111,13.900000000000013
Park-Fav,DNGO-Joint,48,110,0,193,0.1,0.9069413891893816,0.9866751103877154,1,25,112,13.800000000000013
Park-Fav,DNGO-Joint,48,111,0,73,0.1,0.8394937083315451,0.9866751103877154,2,25,113,13.700000000000012
Park-Fav,DNGO-Joint,48,112,0,241,0.1,0.8000534822988326,0.9866751103877154,3,25,114,13.60000000000001
Park-Fav,DNGO-Joint,48,113,1,84,1.0,0.8293012564666138,0.9866751103877154,0,26,114,12.600000000000009
Park-Fav,DNGO-Joint,48,114,1,116,1.0,0.8166686685748625,0.9871295794824677,0,27,114,11.600000000000009
Park-Fav,DNGO-Joint,48,115,0,121,0.1,0.7739236078159287,0.9875213130080641,1,27,115,11.500000000000009
Park-Fav,DNGO-Joint,48,116,0,125,0.1,0.7443385008327655,0.9875213130080641,2,27,116,11.400000000000007
Park-Fav,DNGO-Joint,48,117,1,100,1.0,0.7714724218639031,0.9875213130080641,0,28,116,10.400000000000006
Park-Fav,DNGO-Joint,48,118,0,209,0.1,0.6871455049173253,0.9878624170571783,1,28,117,10.300000000000006
Park-Fav,DNGO-Joint,48,119,0,225,0.1,0.6597021309947485,0.9878624170571783,2,28,118,10.200000000000005
Park-Fav,DNGO-Joint,48,120,1,124,1.0,0.7698368792093108,0.9878624170571783,0,29,118,9.200000000000003
Park-Fav,DNGO-Joint,48,121,1,72,1.0,0.6592393723235134,0.9843631812106077,0,30,118,8.200000000000003
Park-Fav,DNGO-Joint,48,122,0,6,0.1,0.667139484303951,0.984350218094403,1,30,119,8.100000000000003
Park-Fav,DNGO-Joint,48,123,0,105,0.1,0.6234504391485659,0.984350218094403,2,30,120,8.000000000000002
Park-Fav,DNGO-Joint,48,124,1,104,1.0,0.6300467453441103,0.984350218094403,0,31,120,7.0
Park-Fav,DNGO-Joint,48,125,0,89,0.1,0.644235474476797,0.9843978984730785,1,31,121,6.9
Park-Fav,DNGO-Joint,48,126,1,88,1.0,0.5965138345177785,0.9843978984730785,0,32,121,5.899999999999999
Park-Fav,DNGO-Joint,48,127,0,133,0.1,0.5383856082345249,0.9844818694103606,1,32,122,5.799999999999999
Park-Fav,DNGO-Joint,48,128,1,176,1.0,0.5521299231389206,0.9844818694103606,0,33,122,4.799999999999997
Park-Fav,DNGO-Joint,48,129,0,66,0.1,0.5177600227360729,0.9834770201315712,1,33,123,4.6999999999999975
Park-Fav,DNGO-Joint,48,130,1,108,1.0,0.5354307594674649,0.9834770201315712,0,34,123,3.6999999999999957
Park-Fav,DNGO-Joint,48,131,1,160,1.0,0.5491520863602889,0.9817363437757518,0,35,123,2.6999999999999957
Park-Fav,DNGO-Joint,48,132,1,92,1.0,0.48935565889201804,0.9808287815366459,0,36,123,1.6999999999999957
Park-Fav,DNGO-Joint,48,133,0,54,0.1,0.4923485000501031,0.9793229704888885,1,36,124,1.5999999999999956
Park-Fav,DNGO-Joint,48,134,0,181,0.1,0.47584480137691687,0.9793229704888885,2,36,125,1.4999999999999942
Park-Fav,DNGO-Joint,48,135,1,128,1.0,0.47695705002113453,0.9793229704888885,0,37,125,0.4999999999999929
Park-Fav,DNGO-Joint,48,136,0,114,0.1,0.42011231385880954,0.978470204185775,1,37,126,0.3999999999999929
Park-Fav,DNGO-Joint,48,137,0,149,0.1,0.3953919956719918,0.978470204185775,2,37,127,0.2999999999999915
Park-Fav,DNGO-Joint,48,138,0,22,0.1,0.4017025285820701,0.978470204185775,3,37,128,0.19999999999999005
Park-Fav,DNGO-Joint,48,139,0,38,0.1,0.37497900665051115,0.978470204185775,4,37,129,0.09999999999998863
Park-Fav,DNGO-Joint,49,1,0,36,0.1,10.95461936235166,0.5,1,2,26,45.4
Park-Fav,DNGO-Joint,49,2,0,16,0.1,8.129097509267615,0.5,2,2,27,45.3
Park-Fav,DNGO-Joint,49,3,0,20,0.1,8.204568207442655,0.5,3,2,28,45.199999999999996
Park-Fav,DNGO-Joint,49,4,0,32,0.1,8.356080960937252,0.5,4,2,29,45.1
Park-Fav,DNGO-Joint,49,5,0,0,0.1,8.65578303396021,0.5,5,2,30,45.0
Park-Fav,DNGO-Joint,49,6,0,4,0.1,8.463635003037444,0.5,6,2,31,44.9
Park-Fav,DNGO-Joint,49,7,0,52,0.1,8.429578947562858,0.5,7,2,32,44.800000000000004
Park-Fav,DNGO-Joint,49,8,0,48,0.1,7.702611701112201,0.5,8,2,33,44.7
Park-Fav,DNGO-Joint,49,9,0,24,0.1,7.4967842564693985,0.5,9,2,34,44.6
Park-Fav,DNGO-Joint,49,10,0,40,0.1,8.406172408721776,0.5,10,2,35,44.5
Park-Fav,DNGO-Joint,49,11,0,56,0.1,8.399227968941645,0.5,11,2,36,44.4
Park-Fav,DNGO-Joint,49,12,0,8,0.1,7.914400022401575,0.5,12,2,37,44.300000000000004
Park-Fav,DNGO-Joint,49,13,0,60,0.1,8.191000951768126,0.5,13,2,38,44.2
Park-Fav,DNGO-Joint,49,14,0,44,0.1,8.240502649708812,0.5,14,2,39,44.1
Park-Fav,DNGO-Joint,49,15,0,28,0.1,7.795698203129498,0.5,15,2,40,44.00000000000001
Park-Fav,DNGO-Joint,49,16,0,12,0.1,7.777506722694781,0.5,16,2,41,43.900000000000006
Park-Fav,DNGO-Joint,49,17,0,80,0.1,7.01636870722898,0.5,17,2,42,43.800000000000004
Park-Fav,DNGO-Joint,49,18,0,64,0.1,6.753981961658224,0.5,18,2,43,43.7
Park-Fav,DNGO-Joint,49,19,0,96,0.1,6.618309754959484,0.5,19,2,44,43.6
Park-Fav,DNGO-Joint,49,20,0,124,0.1,6.505905654142181,0.5,20,2,45,43.50000000000001
Park-Fav,DNGO-Joint,49,21,1,48,1.0,4.159348131710109,0.5,0,3,45,42.50000000000001
Park-Fav,DNGO-Joint,49,22,0,100,0.1,6.421041754961752,0.5,1,3,46,42.400000000000006
Park-Fav,DNGO-Joint,49,23,0,68,0.1,5.967840290051902,0.5,2,3,47,42.300000000000004
Park-Fav,DNGO-Joint,49,24,0,104,0.1,5.948823373413068,0.5,3,3,48,42.20000000000001
Park-Fav,DNGO-Joint,49,25,0,112,0.1,6.136008898162569,0.5,4,3,49,42.10000000000001
Park-Fav,DNGO-Joint,49,26,0,84,0.1,5.68995378199181,0.5,5,3,50,42.00000000000001
Park-Fav,DNGO-Joint,49,27,0,120,0.1,5.521311928979975,0.5,6,3,51,41.900000000000006
Park-Fav,DNGO-Joint,49,28,0,76,0.1,5.647169884890549,0.5,7,3,52,41.800000000000004
Park-Fav,DNGO-Joint,49,29,0,88,0.1,5.372560802369675,0.5,8,3,53,41.70000000000001
Park-Fav,DNGO-Joint,49,30,0,108,0.1,4.737041126382369,0.5,9,3,54,41.60000000000001
Park-Fav,DNGO-Joint,49,31,0,92,0.1,4.942183492418461,0.5,10,3,55,41.50000000000001
Park-Fav,DNGO-Joint,49,32,0,128,0.1,4.332843372089791,0.5,11,3,56,41.40000000000001
Park-Fav,DNGO-Joint,49,33,1,224,1.0,4.306629205645399,0.5,0,4,56,40.40000000000001
Park-Fav,DNGO-Joint,49,34,0,1,0.1,3.85983955788377,0.5,1,4,57,40.30000000000001
Park-Fav,DNGO-Joint,49,35,0,144,0.1,3.982982257204363,0.5,2,4,58,40.20000000000001
Park-Fav,DNGO-Joint,49,36,0,176,0.1,4.069988108104787,0.5,3,4,59,40.10000000000001
Park-Fav,DNGO-Joint,49,37,0,160,0.1,3.8884301331632543,0.5,4,4,60,40.00000000000001
Park-Fav,DNGO-Joint,49,38,0,49,0.1,3.439763985783764,0.5,5,4,61,39.90000000000001
Park-Fav,DNGO-Joint,49,39,0,33,0.1,3.3430251345820237,0.5,6,4,62,39.80000000000001
Park-Fav,DNGO-Joint,49,40,0,180,0.1,3.182430811198177,0.5,7,4,63,39.70000000000001
Park-Fav,DNGO-Joint,49,41,0,164,0.1,3.1071052057422954,0.5,8,4,64,39.600000000000016
Park-Fav,DNGO-Joint,49,42,0,132,0.1,2.9729545023950044,0.5,9,4,65,39.500000000000014
Park-Fav,DNGO-Joint,49,43,0,5,0.1,2.731237358625862,0.5,10,4,66,39.40000000000001
Park-Fav,DNGO-Joint,49,44,0,192,0.1,2.7339263341796074,0.5,11,4,67,39.30000000000001
Park-Fav,DNGO-Joint,49,45,0,136,0.1,2.6347468838074417,0.5,12,4,68,39.20000000000001
Park-Fav,DNGO-Joint,49,46,0,240,0.1,2.6035092977355667,0.5,13,4,69,39.100000000000016
Park-Fav,DNGO-Joint,49,47,0,184,0.1,2.4138389995891356,0.5,14,4,70,39.000000000000014
Park-Fav,DNGO-Joint,49,48,1,0,1.0,2.318791702380351,0.5,0,5,70,38.000000000000014
Park-Fav,DNGO-Joint,49,49,0,208,0.1,2.438730579405515,0.5,1,5,71,37.90000000000001
Park-Fav,DNGO-Joint,49,50,0,168,0.1,2.2433117909655023,0.5,2,5,72,37.80000000000002
Park-Fav,DNGO-Joint,49,51,0,37,0.1,2.283324450817983,0.5,3,5,73,37.70000000000002
Park-Fav,DNGO-Joint,49,52,0,53,0.1,2.23593468709219,0.5,4,5,74,37.600000000000016
Park-Fav,DNGO-Joint,49,53,0,21,0.1,2.2762436534250043,0.5,5,5,75,37.500000000000014
Park-Fav,DNGO-Joint,49,54,0,152,0.1,2.1538656283164026,0.5,6,5,76,37.40000000000001
Park-Fav,DNGO-Joint,49,55,0,188,0.1,2.0404866380405156,0.5,7,5,77,37.30000000000002
Park-Fav,DNGO-Joint,49,56,0,140,0.1,2.121121038567825,0.5,8,5,78,37.20000000000002
Park-Fav,DNGO-Joint,49,57,0,65,0.1,1.7119590383103638,0.5,9,5,79,37.100000000000016
Park-Fav,DNGO-Joint,49,58,0,57,0.1,1.9995093849732053,0.5,10,5,80,37.00000000000002
Park-Fav,DNGO-Joint,49,59,0,172,0.1,1.6432822888457055,0.5,11,5,81,36.90000000000002
Park-Fav,DNGO-Joint,49,60,0,81,0.1,1.5641201612772437,0.5,12,5,82,36.80000000000002
Park-Fav,DNGO-Joint,49,61,0,156,0.1,1.53970316909117,0.5,13,5,83,36.70000000000002
Park-Fav,DNGO-Joint,49,62,0,25,0.1,1.4772842020286392,0.5,14,5,84,36.600000000000016
Park-Fav,DNGO-Joint,49,63,0,41,0.1,1.4706369014118092,0.5,15,5,85,36.50000000000002
Park-Fav,DNGO-Joint,49,64,0,113,0.1,1.5291494127525096,0.5,16,5,86,36.40000000000002
Park-Fav,DNGO-Joint,49,65,1,60,1.0,1.458989881721565,0.5,0,6,86,35.40000000000002
Park-Fav,DNGO-Joint,49,66,0,196,0.1,2.66700909893828,0.9993153231944459,1,6,87,35.30000000000002
Park-Fav,DNGO-Joint,49,67,0,244,0.1,2.585918818533195,0.9993153231944459,2,6,88,35.200000000000024
Park-Fav,DNGO-Joint,49,68,0,97,0.1,2.487668075163363,0.9993153231944459,3,6,89,35.10000000000002
Park-Fav,DNGO-Joint,49,69,0,61,0.1,2.48263233773287,0.9993153231944459,4,6,90,35.00000000000002
Park-Fav,DNGO-Joint,49,70,0,212,0.1,2.347067586904922,0.9993153231944459,5,6,91,34.90000000000002
Park-Fav,DNGO-Joint,49,71,0,228,0.1,2.2768386839487404,0.9993153231944459,6,6,92,34.80000000000002
Park-Fav,DNGO-Joint,49,72,0,13,0.1,2.001456277976883,0.9993153231944459,7,6,93,34.700000000000024
Park-Fav,DNGO-Joint,49,73,0,29,0.1,2.0241279984646883,0.9993153231944459,8,6,94,34.60000000000002
Park-Fav,DNGO-Joint,49,74,0,45,0.1,1.867766792401978,0.9993153231944459,9,6,95,34.50000000000002
Park-Fav,DNGO-Joint,49,75,0,2,0.1,1.553961545403293,0.9993153231944459,10,6,96,34.40000000000003
Park-Fav,DNGO-Joint,49,76,0,200,0.1,1.5166829995492666,0.9993153231944459,11,6,97,34.300000000000026
Park-Fav,DNGO-Joint,49,77,1,28,1.0,1.4543841510653173,0.9993153231944459,0,7,97,33.300000000000026
Park-Fav,DNGO-Joint,49,78,0,252,0.1,1.4615004653641368,0.9994979145882946,1,7,98,33.200000000000024
Park-Fav,DNGO-Joint,49,79,0,216,0.1,1.461152887160091,0.9994979145882946,2,7,99,33.10000000000002
Park-Fav,DNGO-Joint,49,80,0,232,0.1,1.3453177424303853,0.9994979145882946,3,7,100,33.00000000000002
Park-Fav,DNGO-Joint,49,81,1,56,1.0,1.3472811507811675,0.9994979145882946,0,8,100,32.00000000000002
Park-Fav,DNGO-Joint,49,82,1,16,1.0,1.2612209848880684,0.99885712764798,0,9,100,31.00000000000002
Park-Fav,DNGO-Joint,49,83,1,12,1.0,1.3538041587349205,0.999069403322843,0,10,100,30.00000000000002
Park-Fav,DNGO-Joint,49,84,1,24,1.0,1.3396058767568186,0.9990870921672091,0,11,100,29.00000000000002
Park-Fav,DNGO-Joint,49,85,0,69,0.1,1.3424458967528108,0.9989453742179092,1,11,101,28.90000000000002
Park-Fav,DNGO-Joint,49,86,1,32,1.0,1.2272321853442487,0.9989453742179092,0,12,101,27.90000000000002
Park-Fav,DNGO-Joint,49,87,1,40,1.0,1.2904477064914228,0.9990789778320375,0,13,101,26.90000000000002
Park-Fav,DNGO-Joint,49,88,0,117,0.1,1.2569769921081224,0.9989156601665025,1,13,102,26.80000000000002
Park-Fav,DNGO-Joint,49,89,1,36,1.0,1.2326571764193024,0.9989156601665025,0,14,102,25.80000000000002
Park-Fav,DNGO-Joint,49,90,1,20,1.0,1.28361659125227,0.9987011175572127,0,15,102,24.80000000000002
Park-Fav,DNGO-Joint,49,91,0,129,0.1,1.233898020282192,0.9986406458789383,1,15,103,24.700000000000017
Park-Fav,DNGO-Joint,49,92,1,44,1.0,1.1897345642074848,0.9986406458789383,0,16,103,23.700000000000017
Park-Fav,DNGO-Joint,49,93,1,8,1.0,1.2339509325111682,0.9987702901604264,0,17,103,22.700000000000017
Park-Fav,DNGO-Joint,49,94,1,4,1.0,1.177545470214877,0.9987746996615638,0,18,103,21.700000000000017
Park-Fav,DNGO-Joint,49,95,1,52,1.0,1.2253116510105964,0.9988018987536688,0,19,103,20.700000000000017
Park-Fav,DNGO-Joint,49,96,0,85,0.1,1.1221453700857558,0.9985855973656348,1,19,104,20.600000000000016
Park-Fav,DNGO-Joint,49,97,0,18,0.1,1.0907425238211474,0.9985855973656348,2,19,105,20.500000000000014
Park-Fav,DNGO-Joint,49,98,0,177,0.1,1.187993361631357,0.9985855973656348,3,19,106,20.400000000000013
Park-Fav,DNGO-Joint,49,99,0,204,0.1,1.1733221799098466,0.9985855973656348,4,19,107,20.30000000000001
Park-Fav,DNGO-Joint,49,100,0,101,0.1,1.055265277270336,0.9985855973656348,5,19,108,20.20000000000001
Park-Fav,DNGO-Joint,49,101,1,92,1.0,0.9670226630298878,0.9985855973656348,0,20,108,19.20000000000001
Park-Fav,DNGO-Joint,49,102,0,50,0.1,0.992272538434947,0.9999999999999991,1,20,109,19.10000000000001
Park-Fav,DNGO-Joint,49,103,0,34,0.1,0.8794563649029865,0.9999999999999991,2,20,110,19.000000000000007
Park-Fav,DNGO-Joint,49,104,1,96,1.0,0.8682668994605252,0.9999999999999991,0,21,110,18.000000000000007
Park-Fav,DNGO-Joint,49,105,1,112,1.0,0.8665493952470524,0.9898492737880726,0,22,110,17.000000000000007
Park-Fav,DNGO-Joint,49,106,0,236,0.1,0.8742444864049854,0.9855834880663613,1,22,111,16.900000000000006
Park-Fav,DNGO-Joint,49,107,1,80,1.0,0.7741488144214044,0.9855834880663613,0,23,111,15.900000000000006
Park-Fav,DNGO-Joint,49,108,0,220,0.1,0.7719426571898717,0.9836212563968332,1,23,112,15.800000000000006
Park-Fav,DNGO-Joint,49,109,1,120,1.0,0.8304812764513316,0.9836212563968332,0,24,112,14.800000000000004
Park-Fav,DNGO-Joint,49,110,1,64,1.0,0.781300227788905,0.9872151671466288,0,25,112,13.800000000000004
Park-Fav,DNGO-Joint,49,111,1,68,1.0,0.7289053811496837,0.9857045116350255,0,26,112,12.800000000000004
Park-Fav,DNGO-Joint,49,112,1,84,1.0,0.7613138336845586,0.9868686936985793,0,27,112,11.800000000000004
Park-Fav,DNGO-Joint,49,113,1,100,1.0,0.6930666990933334,0.987785845590125,0,28,112,10.800000000000004
Park-Fav,DNGO-Joint,49,114,1,116,1.0,0.676898076036619,0.9885260414680537,0,29,112,9.800000000000004
Park-Fav,DNGO-Joint,49,115,1,72,1.0,0.6216265725139118,0.9891355069810843,0,30,112,8.800000000000004
Park-Fav,DNGO-Joint,49,116,1,124,1.0,0.5854465731327665,0.9896500191028277,0,31,112,7.800000000000004
Park-Fav,DNGO-Joint,49,117,0,121,0.1,0.6144766770469867,0.9883627210704077,1,31,113,7.700000000000005
Park-Fav,DNGO-Joint,49,118,1,88,1.0,0.564862444816113,0.9883627210704077,0,32,113,6.700000000000003
Park-Fav,DNGO-Joint,49,119,0,193,0.1,0.5246900253948291,0.9890226202414515,1,32,114,6.600000000000003
Park-Fav,DNGO-Joint,49,120,1,104,1.0,0.5409863901400809,0.9890226202414515,0,33,114,5.600000000000001
Park-Fav,DNGO-Joint,49,121,1,76,1.0,0.4710610365287115,0.9895771229919592,0,34,114,4.600000000000001
Park-Fav,DNGO-Joint,49,122,1,128,1.0,0.4617143155654361,0.9891470639811368,0,35,114,3.6000000000000014
Park-Fav,DNGO-Joint,49,123,1,108,1.0,0.43682544226411946,0.9853347253482593,0,36,114,2.6000000000000014
Park-Fav,DNGO-Joint,49,124,1,176,1.0,0.44233242059894373,0.9849013084891108,0,37,114,1.6000000000000014
Park-Fav,DNGO-Joint,49,125,0,241,0.1,0.4188960964798785,0.9821505186879045,1,37,115,1.5000000000000013
Park-Fav,DNGO-Joint,49,126,1,144,1.0,0.45188201092879465,0.9821505186879045,0,38,115,0.5
Park-Fav,DNGO-Joint,49,127,0,6,0.1,0.3646312150191605,0.9802617067823588,1,38,116,0.4
Park-Fav,DNGO-Joint,49,128,0,225,0.1,0.36276311891939933,0.9802617067823588,2,38,117,0.2999999999999986
Park-Fav,DNGO-Joint,49,129,0,105,0.1,0.3609040603452064,0.9802617067823588,3,38,118,0.19999999999999715
Park-Fav,DNGO-Joint,49,130,0,89,0.1,0.3777510026401305,0.9802617067823588,4,38,119,0.09999999999999573
Park-Fav,DNGO-Joint,50,1,0,36,0.1,9.61529570821724,0.5,1,2,26,45.4
Park-Fav,DNGO-Joint,50,2,0,40,0.1,8.850212500799444,0.5,2,2,27,45.3
Park-Fav,DNGO-Joint,50,3,0,16,0.1,9.12676656575107,0.5,3,2,28,45.199999999999996
Park-Fav,DNGO-Joint,50,4,0,32,0.1,8.970432613309542,0.5,4,2,29,45.1
Park-Fav,DNGO-Joint,50,5,0,4,0.1,9.284352155246781,0.5,5,2,30,45.0
Park-Fav,DNGO-Joint,50,6,0,48,0.1,8.942722825857812,0.5,6,2,31,44.9
Park-Fav,DNGO-Joint,50,7,0,52,0.1,9.189566344976587,0.5,7,2,32,44.800000000000004
Park-Fav,DNGO-Joint,50,8,0,56,0.1,9.327646922758221,0.5,8,2,33,44.7
Park-Fav,DNGO-Joint,50,9,0,24,0.1,8.833603599949102,0.5,9,2,34,44.6
Park-Fav,DNGO-Joint,50,10,0,8,0.1,8.303773747112988,0.5,10,2,35,44.5
Park-Fav,DNGO-Joint,50,11,0,44,0.1,8.571901949043887,0.5,11,2,36,44.4
Park-Fav,DNGO-Joint,50,12,0,28,0.1,8.631059025556418,0.5,12,2,37,44.300000000000004
Park-Fav,DNGO-Joint,50,13,0,12,0.1,8.251894913616917,0.5,13,2,38,44.2
Park-Fav,DNGO-Joint,50,14,0,112,0.1,7.939184333085569,0.5,14,2,39,44.1
Park-Fav,DNGO-Joint,50,15,0,64,0.1,7.276854961368759,0.5,15,2,40,44.00000000000001
Park-Fav,DNGO-Joint,50,16,0,80,0.1,7.444988477092398,0.5,16,2,41,43.900000000000006
Park-Fav,DNGO-Joint,50,17,0,100,0.1,7.408340480930662,0.5,17,2,42,43.800000000000004
Park-Fav,DNGO-Joint,50,18,0,96,0.1,7.316773370623841,0.5,18,2,43,43.7
Park-Fav,DNGO-Joint,50,19,0,116,0.1,6.952121332503458,0.5,19,2,44,43.6
Park-Fav,DNGO-Joint,50,20,0,84,0.1,6.713742637708482,0.5,20,2,45,43.50000000000001
Park-Fav,DNGO-Joint,50,21,1,12,1.0,2.406633015710115,0.5,0,3,45,42.50000000000001
Park-Fav,DNGO-Joint,50,22,0,68,0.1,6.59830075625042,0.5,1,3,46,42.400000000000006
Park-Fav,DNGO-Joint,50,23,0,104,0.1,6.4235207288166025,0.5,2,3,47,42.300000000000004
Park-Fav,DNGO-Joint,50,24,0,88,0.1,6.035267596085757,0.5,3,3,48,42.20000000000001
Park-Fav,DNGO-Joint,50,25,0,120,0.1,6.058511976048416,0.5,4,3,49,42.10000000000001
Park-Fav,DNGO-Joint,50,26,0,72,0.1,6.271013449731702,0.5,5,3,50,42.00000000000001
Park-Fav,DNGO-Joint,50,27,0,92,0.1,5.471258615067193,0.5,6,3,51,41.900000000000006
Park-Fav,DNGO-Joint,50,28,0,76,0.1,5.449948828557961,0.5,7,3,52,41.800000000000004
Park-Fav,DNGO-Joint,50,29,0,108,0.1,5.292974493263678,0.5,8,3,53,41.70000000000001
Park-Fav,DNGO-Joint,50,30,0,124,0.1,5.35424027224443,0.5,9,3,54,41.60000000000001
Park-Fav,DNGO-Joint,50,31,0,128,0.1,4.7796133024218905,0.5,10,3,55,41.50000000000001
Park-Fav,DNGO-Joint,50,32,0,144,0.1,4.595422897721781,0.5,11,3,56,41.40000000000001
Park-Fav,DNGO-Joint,50,33,0,176,0.1,4.500582398507712,0.5,12,3,57,41.30000000000001
Park-Fav,DNGO-Joint,50,34,0,160,0.1,4.384844559506975,0.5,13,3,58,41.20000000000001
Park-Fav,DNGO-Joint,50,35,0,1,0.1,4.1422494228874855,0.5,14,3,59,41.10000000000001
Park-Fav,DNGO-Joint,50,36,0,17,0.1,3.751296004845238,0.5,15,3,60,41.00000000000001
Park-Fav,DNGO-Joint,50,37,0,49,0.1,3.831837801563447,0.5,16,3,61,40.90000000000001
Park-Fav,DNGO-Joint,50,38,0,33,0.1,3.6637780125915524,0.5,17,3,62,40.80000000000001
Park-Fav,DNGO-Joint,50,39,0,180,0.1,3.6798658919026144,0.5,18,3,63,40.70000000000001
Park-Fav,DNGO-Joint,50,40,0,132,0.1,3.5264652209337926,0.5,19,3,64,40.600000000000016
Park-Fav,DNGO-Joint,50,41,1,15,1.0,3.427998929190041,0.5,0,4,64,39.600000000000016
Park-Fav,DNGO-Joint,50,42,0,148,0.1,4.130747971942539,0.5,1,4,65,39.500000000000014
Park-Fav,DNGO-Joint,50,43,1,224,1.0,5.366980173158539,0.5,0,5,65,38.500000000000014
Park-Fav,DNGO-Joint,50,44,0,192,0.1,4.0287436986091745,0.5,1,5,66,38.40000000000001
Park-Fav,DNGO-Joint,50,45,0,164,0.1,3.8970237522367492,0.5,2,5,67,38.30000000000001
Park-Fav,DNGO-Joint,50,46,0,184,0.1,3.61767977958905,0.5,3,5,68,38.20000000000001
Park-Fav,DNGO-Joint,50,47,1,48,1.0,3.646399024332625,0.5,0,6,68,37.20000000000002
Park-Fav,DNGO-Joint,50,48,0,136,0.1,3.6496252314975797,0.5,1,6,69,37.100000000000016
Park-Fav,DNGO-Joint,50,49,0,168,0.1,3.384086558363492,0.5,2,6,70,37.000000000000014
Park-Fav,DNGO-Joint,50,50,0,5,0.1,3.235799659990747,0.5,3,6,71,36.90000000000001
Park-Fav,DNGO-Joint,50,51,0,53,0.1,3.2884829569554,0.5,4,6,72,36.80000000000002
Park-Fav,DNGO-Joint,50,52,0,152,0.1,3.0910592120857294,0.5,5,6,73,36.70000000000002
Park-Fav,DNGO-Joint,50,53,0,208,0.1,3.0896067790496917,0.5,6,6,74,36.600000000000016
Park-Fav,DNGO-Joint,50,54,0,21,0.1,2.9521036160999072,0.5,7,6,75,36.500000000000014
Park-Fav,DNGO-Joint,50,55,0,188,0.1,3.1142046955657485,0.5,8,6,76,36.40000000000001
Park-Fav,DNGO-Joint,50,56,0,37,0.1,2.860061841655242,0.5,9,6,77,36.30000000000002
Park-Fav,DNGO-Joint,50,57,0,9,0.1,2.6167251428022142,0.5,10,6,78,36.20000000000002
Park-Fav,DNGO-Joint,50,58,0,140,0.1,2.52963386073313,0.5,11,6,79,36.100000000000016
Park-Fav,DNGO-Joint,50,59,0,172,0.1,2.5147183245526215,0.5,12,6,80,36.00000000000002
Park-Fav,DNGO-Joint,50,60,0,156,0.1,2.4622667560025033,0.5,13,6,81,35.90000000000002
Park-Fav,DNGO-Joint,50,61,0,113,0.1,2.34213530710101,0.5,14,6,82,35.80000000000002
Park-Fav,DNGO-Joint,50,62,0,65,0.1,2.261994437797015,0.5,15,6,83,35.70000000000002
Park-Fav,DNGO-Joint,50,63,0,81,0.1,2.1704582481928374,0.5,16,6,84,35.600000000000016
Park-Fav,DNGO-Joint,50,64,0,196,0.1,2.15385713414855,0.5,17,6,85,35.50000000000002
Park-Fav,DNGO-Joint,50,65,0,25,0.1,2.05389523784767,0.5,18,6,86,35.40000000000002
Park-Fav,DNGO-Joint,50,66,0,97,0.1,2.0983282628369824,0.5,19,6,87,35.30000000000002
Park-Fav,DNGO-Joint,50,67,0,244,0.1,1.9410169403645483,0.5,20,6,88,35.200000000000024
Park-Fav,DNGO-Joint,50,68,1,40,1.0,1.9783468163029179,0.5,0,7,88,34.200000000000024
Park-Fav,DNGO-Joint,50,69,0,13,0.1,3.5369133287375,0.9991070694543418,1,7,89,34.10000000000002
Park-Fav,DNGO-Joint,50,70,0,248,0.1,3.164746101079552,0.9991070694543418,2,7,90,34.00000000000002
Park-Fav,DNGO-Joint,50,71,0,29,0.1,3.07536348029474,0.9991070694543418,3,7,91,33.90000000000002
Park-Fav,DNGO-Joint,50,72,0,45,0.1,2.8118128661327866,0.9991070694543418,4,7,92,33.80000000000002
Park-Fav,DNGO-Joint,50,73,0,2,0.1,2.867500752583568,0.9991070694543418,5,7,93,33.700000000000024
Park-Fav,DNGO-Joint,50,74,0,200,0.1,2.6336217862849307,0.9991070694543418,6,7,94,33.600000000000016
Park-Fav,DNGO-Joint,50,75,0,204,0.1,2.459569322660797,0.9991070694543418,7,7,95,33.50000000000002
Park-Fav,DNGO-Joint,50,76,0,50,0.1,2.692671443907554,0.9991070694543418,8,7,96,33.40000000000001
Park-Fav,DNGO-Joint,50,77,0,252,0.1,2.474889531480265,0.9991070694543418,9,7,97,33.30000000000002
Park-Fav,DNGO-Joint,50,78,0,117,0.1,2.4057504047375096,0.9991070694543418,10,7,98,33.20000000000001
Park-Fav,DNGO-Joint,50,79,0,69,0.1,2.2516190349376397,0.9991070694543418,11,7,99,33.100000000000016
Park-Fav,DNGO-Joint,50,80,0,232,0.1,2.2277587033662716,0.9991070694543418,12,7,100,33.00000000000001
Park-Fav,DNGO-Joint,50,81,0,177,0.1,2.0792056267150643,0.9991070694543418,13,7,101,32.90000000000001
Park-Fav,DNGO-Joint,50,82,0,129,0.1,2.03218508369032,0.9991070694543418,14,7,102,32.800000000000004
Park-Fav,DNGO-Joint,50,83,0,145,0.1,2.003257848775141,0.9991070694543418,15,7,103,32.70000000000001
Park-Fav,DNGO-Joint,50,84,0,85,0.1,1.961415980451067,0.9991070694543418,16,7,104,32.6
Park-Fav,DNGO-Joint,50,85,0,101,0.1,1.8860301184509483,0.9991070694543418,17,7,105,32.50000000000001
Park-Fav,DNGO-Joint,50,86,0,18,0.1,1.8148678499113815,0.9991070694543418,18,7,106,32.4
Park-Fav,DNGO-Joint,50,87,0,34,0.1,1.7622512453055885,0.9991070694543418,19,7,107,32.300000000000004
Park-Fav,DNGO-Joint,50,88,1,16,1.0,1.5892453846580938,0.9991070694543418,0,8,107,31.299999999999997
Park-Fav,DNGO-Joint,50,89,1,28,1.0,1.480777996478325,0.9991449758449276,0,9,107,30.3
Park-Fav,DNGO-Joint,50,90,1,4,1.0,1.4411282466764423,0.999339525654555,0,10,107,29.3
Park-Fav,DNGO-Joint,50,91,0,236,0.1,1.6186604558370854,0.9993631893294357,1,10,108,29.2
Park-Fav,DNGO-Joint,50,92,1,8,1.0,1.4989183879795553,0.9993631893294357,0,11,108,28.2
Park-Fav,DNGO-Joint,50,93,1,56,1.0,1.501797716133532,0.9993250091942382,0,12,108,27.2
Park-Fav,DNGO-Joint,50,94,0,220,0.1,1.4892919203222734,0.9988967485082579,1,12,109,27.099999999999998
Park-Fav,DNGO-Joint,50,95,1,32,1.0,1.6210480513711516,0.9988967485082579,0,13,109,26.099999999999998
Park-Fav,DNGO-Joint,50,96,0,193,0.1,1.6213569582432892,0.9990838364855439,1,13,110,25.999999999999996
Park-Fav,DNGO-Joint,50,97,1,124,1.0,1.4452116260364811,0.9990838364855439,0,14,110,24.999999999999996
Park-Fav,DNGO-Joint,50,98,1,52,1.0,1.4114978455032663,0.9999999999999994,0,15,110,23.999999999999996
Park-Fav,DNGO-Joint,50,99,1,36,1.0,1.4406730532669036,0.9999999999999993,0,16,110,22.999999999999996
Park-Fav,DNGO-Joint,50,100,1,24,1.0,1.3345211314984768,0.9999999999999997,0,17,110,21.999999999999996
Park-Fav,DNGO-Joint,50,101,1,44,1.0,1.328089553031702,0.9999999999999994,0,18,110,20.999999999999996
Park-Fav,DNGO-Joint,50,102,1,20,1.0,1.3590756424977644,0.9999999999999992,0,19,110,19.999999999999996
Park-Fav,DNGO-Joint,50,103,0,121,0.1,1.2227996301528317,0.9999999999999993,1,19,111,19.899999999999995
Park-Fav,DNGO-Joint,50,104,1,64,1.0,1.0881595506304194,0.9999999999999993,0,20,111,18.899999999999995
Park-Fav,DNGO-Joint,50,105,1,112,1.0,1.2012259189684695,0.9897234495524685,0,21,111,17.899999999999995
Park-Fav,DNGO-Joint,50,106,1,72,1.0,1.0302614523697455,0.9853406618454332,0,22,111,16.89999999999999
Park-Fav,DNGO-Joint,50,107,0,209,0.1,1.0495671644115334,0.9892469432432986,1,22,112,16.79999999999999
Park-Fav,DNGO-Joint,50,108,0,241,0.1,1.0744866415033278,0.9892469432432986,2,22,113,16.69999999999999
Park-Fav,DNGO-Joint,50,109,1,96,1.0,1.0206812813116788,0.9892469432432986,0,23,113,15.699999999999989
Park-Fav,DNGO-Joint,50,110,0,89,0.1,0.923874488524657,0.9868794585107381,1,23,114,15.599999999999989
Park-Fav,DNGO-Joint,50,111,0,105,0.1,0.9413454579110059,0.9868794585107381,2,23,115,15.499999999999988
Park-Fav,DNGO-Joint,50,112,1,80,1.0,0.9661072278870055,0.9868794585107381,0,24,115,14.499999999999986
Park-Fav,DNGO-Joint,50,113,1,100,1.0,0.9193562016025181,0.9852807456559538,0,25,115,13.499999999999986
Park-Fav,DNGO-Joint,50,114,1,92,1.0,0.8824650078689118,0.9864216984654728,0,26,115,12.499999999999986
Park-Fav,DNGO-Joint,50,115,1,84,1.0,0.8460210658896024,0.9861298104337446,0,27,115,11.499999999999986
Park-Fav,DNGO-Joint,50,116,0,225,0.1,0.8340177608325918,0.9864358507108921,1,27,116,11.399999999999986
Park-Fav,DNGO-Joint,50,117,1,116,1.0,0.7853513240216455,0.9864358507108921,0,28,116,10.399999999999984
Park-Fav,DNGO-Joint,50,118,1,120,1.0,0.7750962251490887,0.9867268300356942,0,29,116,9.399999999999984
Park-Fav,DNGO-Joint,50,119,0,77,0.1,0.761338583411575,0.9876843584482415,1,29,117,9.299999999999985
Park-Fav,DNGO-Joint,50,120,1,68,1.0,0.7550744241078835,0.9876843584482415,0,30,117,8.299999999999983
Park-Fav,DNGO-Joint,50,121,0,133,0.1,0.7234696675883174,0.9878000315853137,1,30,118,8.199999999999983
Park-Fav,DNGO-Joint,50,122,0,6,0.1,0.7435267800466134,0.9878000315853137,2,30,119,8.099999999999982
Park-Fav,DNGO-Joint,50,123,0,66,0.1,0.7302601771786743,0.9878000315853137,3,30,120,7.9999999999999805
Park-Fav,DNGO-Joint,50,124,1,104,1.0,0.7091359270073094,0.9878000315853137,0,31,120,6.999999999999979
Park-Fav,DNGO-Joint,50,125,1,88,1.0,0.6821988658623819,0.9884638639145509,0,32,120,5.999999999999979
Park-Fav,DNGO-Joint,50,126,0,54,0.1,0.7043568536746068,0.9890214828543835,1,32,121,5.899999999999979
Park-Fav,DNGO-Joint,50,127,0,125,0.1,0.7617375547321082,0.9890214828543835,2,32,122,5.799999999999978
Park-Fav,DNGO-Joint,50,128,0,181,0.1,0.6328154661551932,0.9890214828543835,3,32,123,5.699999999999976
Park-Fav,DNGO-Joint,50,129,0,114,0.1,0.6467624954546497,0.9890214828543835,4,32,124,5.599999999999975
Park-Fav,DNGO-Joint,50,130,1,128,1.0,0.6253400809572978,0.9890214828543835,0,33,124,4.599999999999973
Park-Fav,DNGO-Joint,50,131,1,76,1.0,0.6455978344660329,0.9853511128626792,0,34,124,3.599999999999973
Park-Fav,DNGO-Joint,50,132,1,144,1.0,0.582881364853427,0.9844575564301712,0,35,124,2.599999999999973
Park-Fav,DNGO-Joint,50,133,1,160,1.0,0.5653688217262969,0.9818545536717563,0,36,124,1.599999999999973
Park-Fav,DNGO-Joint,50,134,0,149,0.1,0.5378099117544067,0.9801589010227775,1,36,125,1.499999999999973
Park-Fav,DNGO-Joint,50,135,0,165,0.1,0.5384310461408149,0.9801589010227775,2,36,126,1.3999999999999715
Park-Fav,DNGO-Joint,50,136,1,108,1.0,0.5617797496753076,0.9801589010227775,0,37,126,0.39999999999997016
Park-Fav,DNGO-Joint,50,137,0,22,0.1,0.5252361697866403,0.9789544762504105,1,37,127,0.2999999999999702
Park-Fav,DNGO-Joint,50,138,0,38,0.1,0.48530024257090415,0.9789544762504105,2,37,128,0.19999999999996873
Park-Fav,DNGO-Joint,50,139,0,93,0.1,0.4277992761445501,0.9789544762504105,3,37,129,0.09999999999996731
Park-Fav,DNGO-Joint,51,1,0,32,0.1,9.14461359349463,0.5,1,2,26,45.4
Park-Fav,DNGO-Joint,51,2,0,0,0.1,7.058114566652159,0.5,2,2,27,45.3
Park-Fav,DNGO-Joint,51,3,0,16,0.1,7.5465980320012855,0.5,3,2,28,45.199999999999996
Park-Fav,DNGO-Joint,51,4,0,48,0.1,7.211883442960165,0.5,4,2,29,45.1
Park-Fav,DNGO-Joint,51,5,0,36,0.1,7.271503713706773,0.5,5,2,30,45.0
Park-Fav,DNGO-Joint,51,6,0,20,0.1,7.508030655745161,0.5,6,2,31,44.9
Park-Fav,DNGO-Joint,51,7,0,52,0.1,7.259302962532854,0.5,7,2,32,44.800000000000004
Park-Fav,DNGO-Joint,51,8,0,4,0.1,7.466474902467546,0.5,8,2,33,44.7
Park-Fav,DNGO-Joint,51,9,0,24,0.1,7.169428146725838,0.5,9,2,34,44.6
Park-Fav,DNGO-Joint,51,10,0,40,0.1,7.630835116358574,0.5,10,2,35,44.5
Park-Fav,DNGO-Joint,51,11,0,56,0.1,7.684150256973881,0.5,11,2,36,44.4
Park-Fav,DNGO-Joint,51,12,0,8,0.1,6.946038291703287,0.5,12,2,37,44.300000000000004
Park-Fav,DNGO-Joint,51,13,0,112,0.1,6.6601865517907965,0.5,13,2,38,44.2
Park-Fav,DNGO-Joint,51,14,0,60,0.1,7.025845111511697,0.5,14,2,39,44.1
Park-Fav,DNGO-Joint,51,15,0,44,0.1,7.575793561212449,0.5,15,2,40,44.00000000000001
Park-Fav,DNGO-Joint,51,16,0,28,0.1,7.1862781987924835,0.5,16,2,41,43.900000000000006
Park-Fav,DNGO-Joint,51,17,0,12,0.1,8.027646860171874,0.5,17,2,42,43.800000000000004
Park-Fav,DNGO-Joint,51,18,0,64,0.1,6.844296895413679,0.5,18,2,43,43.7
Park-Fav,DNGO-Joint,51,19,0,116,0.1,6.49915784997873,0.5,19,2,44,43.6
Park-Fav,DNGO-Joint,51,20,0,80,0.1,6.088653405315196,0.5,20,2,45,43.50000000000001
Park-Fav,DNGO-Joint,51,21,1,60,1.0,6.327136291418883,0.5,0,3,45,42.50000000000001
Park-Fav,DNGO-Joint,51,22,0,96,0.1,6.071549998514707,0.5,1,3,46,42.400000000000006
Park-Fav,DNGO-Joint,51,23,0,68,0.1,5.764041908450801,0.5,2,3,47,42.300000000000004
Park-Fav,DNGO-Joint,51,24,0,120,0.1,5.708675562082901,0.5,3,3,48,42.20000000000001
Park-Fav,DNGO-Joint,51,25,0,100,0.1,5.476837748652643,0.5,4,3,49,42.10000000000001
Park-Fav,DNGO-Joint,51,26,0,104,0.1,5.437558395152801,0.5,5,3,50,42.00000000000001
Park-Fav,DNGO-Joint,51,27,0,72,0.1,4.819686774854332,0.5,6,3,51,41.900000000000006
Park-Fav,DNGO-Joint,51,28,0,124,0.1,4.533852315555556,0.5,7,3,52,41.800000000000004
Park-Fav,DNGO-Joint,51,29,0,128,0.1,4.593377772627998,0.5,8,3,53,41.70000000000001
Park-Fav,DNGO-Joint,51,30,0,108,0.1,4.499324871391375,0.5,9,3,54,41.60000000000001
Park-Fav,DNGO-Joint,51,31,0,92,0.1,4.505993263458641,0.5,10,3,55,41.50000000000001
Park-Fav,DNGO-Joint,51,32,0,144,0.1,3.9938428632853644,0.5,11,3,56,41.40000000000001
Park-Fav,DNGO-Joint,51,33,0,160,0.1,3.9375593798342914,0.5,12,3,57,41.30000000000001
Park-Fav,DNGO-Joint,51,34,0,76,0.1,3.866482373164398,0.5,13,3,58,41.20000000000001
Park-Fav,DNGO-Joint,51,35,0,176,0.1,3.81205778600519,0.5,14,3,59,41.10000000000001
Park-Fav,DNGO-Joint,51,36,0,1,0.1,3.398095861913249,0.5,15,3,60,41.00000000000001
Park-Fav,DNGO-Joint,51,37,0,49,0.1,3.2495111666308776,0.5,16,3,61,40.90000000000001
Park-Fav,DNGO-Joint,51,38,0,33,0.1,3.2609935947975623,0.5,17,3,62,40.80000000000001
Park-Fav,DNGO-Joint,51,39,0,148,0.1,3.142254478820897,0.5,18,3,63,40.70000000000001
Park-Fav,DNGO-Joint,51,40,0,180,0.1,3.003894170015738,0.5,19,3,64,40.600000000000016
Park-Fav,DNGO-Joint,51,41,1,63,1.0,2.9992138838817115,0.5,0,4,64,39.600000000000016
Park-Fav,DNGO-Joint,51,42,1,16,1.0,5.555238544534204,0.5,0,5,64,38.600000000000016
Park-Fav,DNGO-Joint,51,43,1,240,1.0,3.9709560408440434,0.5,0,6,64,37.600000000000016
Park-Fav,DNGO-Joint,51,44,0,17,0.1,3.9344999848708966,0.5,1,6,65,37.500000000000014
Park-Fav,DNGO-Joint,51,45,0,164,0.1,3.572480560016878,0.5,2,6,66,37.40000000000001
Park-Fav,DNGO-Joint,51,46,0,5,0.1,3.1293649695371597,0.5,3,6,67,37.30000000000001
Park-Fav,DNGO-Joint,51,47,0,192,0.1,3.0295534997029074,0.5,4,6,68,37.20000000000001
Park-Fav,DNGO-Joint,51,48,0,208,0.1,2.9603107283612426,0.5,5,6,69,37.100000000000016
Park-Fav,DNGO-Joint,51,49,0,53,0.1,3.039771787353198,0.5,6,6,70,37.000000000000014
Park-Fav,DNGO-Joint,51,50,0,136,0.1,2.954108348139444,0.5,7,6,71,36.90000000000001
Park-Fav,DNGO-Joint,51,51,0,184,0.1,2.9759455499073986,0.5,8,6,72,36.80000000000002
Park-Fav,DNGO-Joint,51,52,0,168,0.1,2.7025037903909066,0.5,9,6,73,36.70000000000002
Park-Fav,DNGO-Joint,51,53,1,204,1.0,2.731065694366634,0.5,0,7,73,35.70000000000002
Park-Fav,DNGO-Joint,51,54,1,48,1.0,2.911217271423281,0.5,0,8,73,34.70000000000002
Park-Fav,DNGO-Joint,51,55,0,21,0.1,5.428293199378333,0.9998690482409076,1,8,74,34.600000000000016
Park-Fav,DNGO-Joint,51,56,0,37,0.1,5.202491471334693,0.9998690482409076,2,8,75,34.500000000000014
Park-Fav,DNGO-Joint,51,57,0,224,0.1,5.1164153173481415,0.9998690482409076,3,8,76,34.40000000000001
Park-Fav,DNGO-Joint,51,58,0,152,0.1,4.846023058678051,0.9998690482409076,4,8,77,34.30000000000002
Park-Fav,DNGO-Joint,51,59,0,9,0.1,4.5239386636972005,0.9998690482409076,5,8,78,34.20000000000002
Park-Fav,DNGO-Joint,51,60,0,140,0.1,4.271097666714139,0.9998690482409076,6,8,79,34.100000000000016
Park-Fav,DNGO-Joint,51,61,0,188,0.1,4.556307561146908,0.9998690482409076,7,8,80,34.00000000000002
Park-Fav,DNGO-Joint,51,62,0,172,0.1,4.114420353177625,0.9998690482409076,8,8,81,33.90000000000002
Park-Fav,DNGO-Joint,51,63,0,156,0.1,4.089911838809666,0.9998690482409076,9,8,82,33.80000000000002
Park-Fav,DNGO-Joint,51,64,0,57,0.1,3.72459985509521,0.9998690482409076,10,8,83,33.70000000000002
Park-Fav,DNGO-Joint,51,65,0,113,0.1,3.9471398798461177,0.9998690482409076,11,8,84,33.600000000000016
Park-Fav,DNGO-Joint,51,66,0,196,0.1,3.56569240963715,0.9998690482409076,12,8,85,33.500000000000014
Park-Fav,DNGO-Joint,51,67,0,65,0.1,3.5936001188945452,0.9998690482409076,13,8,86,33.40000000000001
Park-Fav,DNGO-Joint,51,68,0,81,0.1,3.3295270345895664,0.9998690482409076,14,8,87,33.30000000000001
Park-Fav,DNGO-Joint,51,69,0,97,0.1,3.3581775939501783,0.9998690482409076,15,8,88,33.20000000000001
Park-Fav,DNGO-Joint,51,70,0,228,0.1,3.0501521957869353,0.9998690482409076,16,8,89,33.10000000000001
Park-Fav,DNGO-Joint,51,71,0,212,0.1,2.8829283581352643,0.9998690482409076,17,8,90,33.00000000000001
Park-Fav,DNGO-Joint,51,72,0,13,0.1,3.043642554607419,0.9998690482409076,18,8,91,32.900000000000006
Park-Fav,DNGO-Joint,51,73,0,61,0.1,2.731564713939582,0.9998690482409076,19,8,92,32.800000000000004
Park-Fav,DNGO-Joint,51,74,0,200,0.1,2.316840790103578,0.9998690482409076,20,8,93,32.7
Park-Fav,DNGO-Joint,51,75,1,56,1.0,1.7909587365822932,0.9998690482409076,0,9,93,31.700000000000003
Park-Fav,DNGO-Joint,51,76,0,29,0.1,2.2965226432524966,0.9993718835079619,1,9,94,31.6
Park-Fav,DNGO-Joint,51,77,0,45,0.1,2.2063205167295767,0.9993718835079619,2,9,95,31.5
Park-Fav,DNGO-Joint,51,78,0,248,0.1,2.0957071486059227,0.9993718835079619,3,9,96,31.4
Park-Fav,DNGO-Joint,51,79,0,216,0.1,1.9940105691815035,0.9993718835079619,4,9,97,31.299999999999997
Park-Fav,DNGO-Joint,51,80,1,128,1.0,2.345017102773884,0.9993718835079619,0,10,97,30.299999999999997
Park-Fav,DNGO-Joint,51,81,0,69,0.1,1.890737770436488,0.9999999999999989,1,10,98,30.199999999999996
Park-Fav,DNGO-Joint,51,82,0,117,0.1,1.8598230481590134,0.9999999999999989,2,10,99,30.099999999999994
Park-Fav,DNGO-Joint,51,83,0,50,0.1,1.9015466411480801,0.9999999999999989,3,10,100,29.999999999999993
Park-Fav,DNGO-Joint,51,84,0,232,0.1,1.6980401349492127,0.9999999999999989,4,10,101,29.89999999999999
Park-Fav,DNGO-Joint,51,85,0,252,0.1,1.7441288816146585,0.9999999999999989,5,10,102,29.79999999999999
Park-Fav,DNGO-Joint,51,86,1,20,1.0,1.6864048036807942,0.9999999999999989,0,11,102,28.79999999999999
Park-Fav,DNGO-Joint,51,87,0,85,0.1,1.6268828672475035,0.9999999999999991,1,11,103,28.69999999999999
Park-Fav,DNGO-Joint,51,88,0,129,0.1,1.692161239518812,0.9999999999999991,2,11,104,28.599999999999987
Park-Fav,DNGO-Joint,51,89,0,2,0.1,1.648687365448778,0.9999999999999991,3,11,105,28.499999999999986
Park-Fav,DNGO-Joint,51,90,1,32,1.0,1.3882758259373233,0.9999999999999991,0,12,105,27.499999999999986
Park-Fav,DNGO-Joint,51,91,1,0,1.0,1.4725041865466502,0.999999999999999,0,13,105,26.499999999999986
Park-Fav,DNGO-Joint,51,92,1,40,1.0,1.4185320837945938,0.999999999999999,0,14,105,25.499999999999986
Park-Fav,DNGO-Joint,51,93,1,52,1.0,1.4008900597047422,0.9999999999999987,0,15,105,24.499999999999986
Park-Fav,DNGO-Joint,51,94,0,220,0.1,1.3904657353067333,0.9999999999999989,1,15,106,24.399999999999984
Park-Fav,DNGO-Joint,51,95,0,101,0.1,1.3910034658671866,0.9999999999999989,2,15,107,24.299999999999983
Park-Fav,DNGO-Joint,51,96,0,177,0.1,1.5154481598555536,0.9999999999999989,3,15,108,24.19999999999998
Park-Fav,DNGO-Joint,51,97,0,145,0.1,1.3598712157125443,0.9999999999999989,4,15,109,24.09999999999998
Park-Fav,DNGO-Joint,51,98,1,36,1.0,1.2919846684791931,0.9999999999999989,0,16,109,23.09999999999998
Park-Fav,DNGO-Joint,51,99,0,34,0.1,1.225079592743909,0.9999999999999988,1,16,110,22.99999999999998
Park-Fav,DNGO-Joint,51,100,1,120,1.0,1.072569038245778,0.9999999999999988,0,17,110,21.99999999999998
Park-Fav,DNGO-Joint,51,101,1,96,1.0,1.1122104687243497,0.9912672208327991,0,18,110,20.99999999999998
Park-Fav,DNGO-Joint,51,102,1,4,1.0,1.2521700727265448,0.9911891456665585,0,19,110,19.99999999999998
Park-Fav,DNGO-Joint,51,103,1,24,1.0,1.0344916134319306,0.9913578362867617,0,20,110,18.99999999999998
Park-Fav,DNGO-Joint,51,104,1,44,1.0,1.0884378377980268,0.9914988951136083,0,21,110,17.99999999999998
Park-Fav,DNGO-Joint,51,105,1,8,1.0,1.1093861773295999,0.9916185973931892,0,22,110,16.99999999999998
Park-Fav,DNGO-Joint,51,106,0,236,0.1,1.0723715637361093,0.9917214519812706,1,22,111,16.899999999999977
Park-Fav,DNGO-Joint,51,107,1,28,1.0,1.0391371904612026,0.9917214519812706,0,23,111,15.899999999999977
Park-Fav,DNGO-Joint,51,108,1,12,1.0,1.093319859204962,0.9918107818624718,0,24,111,14.899999999999977
Park-Fav,DNGO-Joint,51,109,0,73,0.1,0.8858944512808531,0.9918890901056047,1,24,112,14.799999999999978
Park-Fav,DNGO-Joint,51,110,1,68,1.0,0.9833543880792855,0.9918890901056047,0,25,112,13.799999999999976
Park-Fav,DNGO-Joint,51,111,1,80,1.0,1.0134400454003065,0.9928326686614637,0,26,112,12.799999999999976
Park-Fav,DNGO-Joint,51,112,1,100,1.0,0.8532047176818497,0.9927527750862456,0,27,112,11.799999999999976
Park-Fav,DNGO-Joint,51,113,0,193,0.1,0.9122402493511768,0.9933057615380911,1,27,113,11.699999999999976
Park-Fav,DNGO-Joint,51,114,1,112,1.0,0.8535196705308086,0.9933057615380911,0,28,113,10.699999999999974
Park-Fav,DNGO-Joint,51,115,1,64,1.0,0.8297157659098223,0.9931639005172861,0,29,113,9.699999999999974
Park-Fav,DNGO-Joint,51,116,1,124,1.0,0.8038302804901545,0.9930700009985426,0,30,113,8.699999999999974
Park-Fav,DNGO-Joint,51,117,1,84,1.0,0.8025926616103877,0.9862150537383911,0,31,113,7.699999999999974
Park-Fav,DNGO-Joint,51,118,1,88,1.0,0.7352261435433445,0.986898337955552,0,32,113,6.699999999999974
Park-Fav,DNGO-Joint,51,119,0,241,0.1,0.7753260250028501,0.9869717273198141,1,32,114,6.599999999999975
Park-Fav,DNGO-Joint,51,120,0,121,0.1,0.6924464751236304,0.9869717273198141,2,32,115,6.499999999999973
Park-Fav,DNGO-Joint,51,121,0,89,0.1,0.6807971457080405,0.9869717273198141,3,32,116,6.399999999999972
Park-Fav,DNGO-Joint,51,122,1,144,1.0,0.6679727863909714,0.9869717273198141,0,33,116,5.39999999999997
Park-Fav,DNGO-Joint,51,123,0,105,0.1,0.6384609752874859,0.9862413799595102,1,33,117,5.2999999999999705
Park-Fav,DNGO-Joint,51,124,1,116,1.0,0.6484954411061874,0.9862413799595102,0,34,117,4.299999999999969
Park-Fav,DNGO-Joint,51,125,1,72,1.0,0.6739677910495016,0.9866195641675217,0,35,117,3.2999999999999687
Park-Fav,DNGO-Joint,51,126,1,76,1.0,0.6054599375020918,0.986338378332743,0,36,117,2.2999999999999687
Park-Fav,DNGO-Joint,51,127,0,209,0.1,0.6374016091528807,0.9839913613219984,1,36,118,2.1999999999999686
Park-Fav,DNGO-Joint,51,128,1,108,1.0,0.6155815780186031,0.9839913613219984,0,37,118,1.1999999999999673
Park-Fav,DNGO-Joint,51,129,1,160,1.0,0.5800866856164999,0.9825960052612464,0,38,118,0.19999999999996732
Park-Fav,DNGO-Joint,51,130,0,6,0.1,0.5351364502626085,0.9812124186679504,1,38,119,0.09999999999996731
Park-Fav,DNGO-Joint,52,1,0,8,0.1,8.050336117717668,0.5,1,2,26,45.4
Park-Fav,DNGO-Joint,52,2,0,24,0.1,7.94038378911875,0.5,2,2,27,45.3
Park-Fav,DNGO-Joint,52,3,0,20,0.1,7.566704705180053,0.5,3,2,28,45.199999999999996
Park-Fav,DNGO-Joint,52,4,0,48,0.1,8.700289109615618,0.5,4,2,29,45.1
Park-Fav,DNGO-Joint,52,5,0,32,0.1,8.05532302395397,0.5,5,2,30,45.0
Park-Fav,DNGO-Joint,52,6,0,36,0.1,8.064890226220252,0.5,6,2,31,44.9
Park-Fav,DNGO-Joint,52,7,0,52,0.1,8.253468331594748,0.5,7,2,32,44.800000000000004
Park-Fav,DNGO-Joint,52,8,0,28,0.1,8.152155191817496,0.5,8,2,33,44.7
Park-Fav,DNGO-Joint,52,9,0,4,0.1,8.090645354826762,0.5,9,2,34,44.6
Park-Fav,DNGO-Joint,52,10,0,16,0.1,8.055326837016898,0.5,10,2,35,44.5
Park-Fav,DNGO-Joint,52,11,0,0,0.1,7.7137520974532965,0.5,11,2,36,44.4
Park-Fav,DNGO-Joint,52,12,0,56,0.1,7.777355325535719,0.5,12,2,37,44.300000000000004
Park-Fav,DNGO-Joint,52,13,0,44,0.1,7.8347645633987435,0.5,13,2,38,44.2
Park-Fav,DNGO-Joint,52,14,0,60,0.1,7.864177765690812,0.5,14,2,39,44.1
Park-Fav,DNGO-Joint,52,15,1,16,1.0,6.81678724679533,0.5,0,3,39,43.10000000000001
Park-Fav,DNGO-Joint,52,16,0,112,0.1,7.16871736073786,0.5,1,3,40,43.00000000000001
Park-Fav,DNGO-Joint,52,17,0,96,0.1,6.772345385710882,0.5,2,3,41,42.900000000000006
Park-Fav,DNGO-Joint,52,18,0,68,0.1,6.618667940217376,0.5,3,3,42,42.800000000000004
Park-Fav,DNGO-Joint,52,19,0,72,0.1,6.261950416309162,0.5,4,3,43,42.7
Park-Fav,DNGO-Joint,52,20,0,116,0.1,6.400630153470193,0.5,5,3,44,42.6
Park-Fav,DNGO-Joint,52,21,0,64,0.1,6.100050545293346,0.5,6,3,45,42.50000000000001
Park-Fav,DNGO-Joint,52,22,0,84,0.1,5.92018602477801,0.5,7,3,46,42.400000000000006
Park-Fav,DNGO-Joint,52,23,0,100,0.1,5.947350944397483,0.5,8,3,47,42.300000000000004
Park-Fav,DNGO-Joint,52,24,0,88,0.1,5.878181262378057,0.5,9,3,48,42.20000000000001
Park-Fav,DNGO-Joint,52,25,0,104,0.1,5.356589395775308,0.5,10,3,49,42.10000000000001
Park-Fav,DNGO-Joint,52,26,0,124,0.1,5.383505375442874,0.5,11,3,50,42.00000000000001
Park-Fav,DNGO-Joint,52,27,0,120,0.1,5.099191743392321,0.5,12,3,51,41.900000000000006
Park-Fav,DNGO-Joint,52,28,0,108,0.1,4.580423822259357,0.5,13,3,52,41.800000000000004
Park-Fav,DNGO-Joint,52,29,0,92,0.1,4.576910547820048,0.5,14,3,53,41.70000000000001
Park-Fav,DNGO-Joint,52,30,0,76,0.1,4.948056473246534,0.5,15,3,54,41.60000000000001
Park-Fav,DNGO-Joint,52,31,0,128,0.1,4.320859075510728,0.5,16,3,55,41.50000000000001
Park-Fav,DNGO-Joint,52,32,0,160,0.1,4.199053212515795,0.5,17,3,56,41.40000000000001
Park-Fav,DNGO-Joint,52,33,0,144,0.1,4.170631120646595,0.5,18,3,57,41.30000000000001
Park-Fav,DNGO-Joint,52,34,0,1,0.1,3.750333317896498,0.5,19,3,58,41.20000000000001
Park-Fav,DNGO-Joint,52,35,0,176,0.1,3.7744905750498003,0.5,20,3,59,41.10000000000001
Park-Fav,DNGO-Joint,52,36,1,240,1.0,2.7316816926039005,0.5,0,4,59,40.10000000000001
Park-Fav,DNGO-Joint,52,37,0,49,0.1,3.343203232055574,0.5,1,4,60,40.00000000000001
Park-Fav,DNGO-Joint,52,38,0,17,0.1,3.1908227605262365,0.5,2,4,61,39.90000000000001
Park-Fav,DNGO-Joint,52,39,0,132,0.1,3.3217056380852865,0.5,3,4,62,39.80000000000001
Park-Fav,DNGO-Joint,52,40,0,180,0.1,3.0997816478254068,0.5,4,4,63,39.70000000000001
Park-Fav,DNGO-Joint,52,41,0,33,0.1,3.144464564217596,0.5,5,4,64,39.600000000000016
Park-Fav,DNGO-Joint,52,42,0,148,0.1,2.7450694591089095,0.5,6,4,65,39.500000000000014
Park-Fav,DNGO-Joint,52,43,0,164,0.1,2.7484911020908496,0.5,7,4,66,39.40000000000001
Park-Fav,DNGO-Joint,52,44,0,136,0.1,2.5561630343846935,0.5,8,4,67,39.30000000000001
Park-Fav,DNGO-Joint,52,45,0,192,0.1,2.532655935381701,0.5,9,4,68,39.20000000000001
Park-Fav,DNGO-Joint,52,46,0,5,0.1,2.4411194444498863,0.5,10,4,69,39.100000000000016
Park-Fav,DNGO-Joint,52,47,0,184,0.1,2.3504534244327604,0.5,11,4,70,39.000000000000014
Park-Fav,DNGO-Joint,52,48,0,224,0.1,2.2245263357684584,0.5,12,4,71,38.90000000000001
Park-Fav,DNGO-Joint,52,49,0,53,0.1,2.2518189000767843,0.5,13,4,72,38.80000000000002
Park-Fav,DNGO-Joint,52,50,0,152,0.1,2.052615007438504,0.5,14,4,73,38.70000000000002
Park-Fav,DNGO-Joint,52,51,0,188,0.1,2.171041938596283,0.5,15,4,74,38.600000000000016
Park-Fav,DNGO-Joint,52,52,0,208,0.1,2.0276977652905637,0.5,16,4,75,38.500000000000014
Park-Fav,DNGO-Joint,52,53,0,140,0.1,1.9134524930172074,0.5,17,4,76,38.40000000000001
Park-Fav,DNGO-Joint,52,54,0,21,0.1,1.9892200997239784,0.5,18,4,77,38.30000000000002
Park-Fav,DNGO-Joint,52,55,1,192,1.0,2.050998820297589,0.5,0,5,77,37.30000000000002
Park-Fav,DNGO-Joint,52,56,0,168,0.1,1.857202531012168,0.5,1,5,78,37.20000000000002
Park-Fav,DNGO-Joint,52,57,0,65,0.1,1.5581197292189042,0.5,2,5,79,37.100000000000016
Park-Fav,DNGO-Joint,52,58,0,57,0.1,1.604896199423989,0.5,3,5,80,37.00000000000002
Park-Fav,DNGO-Joint,52,59,0,196,0.1,1.5217637672228195,0.5,4,5,81,36.90000000000002
Park-Fav,DNGO-Joint,52,60,0,9,0.1,1.4595096992087753,0.5,5,5,82,36.80000000000002
Park-Fav,DNGO-Joint,52,61,0,156,0.1,1.5699215025587832,0.5,6,5,83,36.70000000000002
Park-Fav,DNGO-Joint,52,62,0,61,0.1,1.3863467960894016,0.5,7,5,84,36.600000000000016
Park-Fav,DNGO-Joint,52,63,1,48,1.0,1.490389726096066,0.5,0,6,84,35.60000000000002
Park-Fav,DNGO-Joint,52,64,0,172,0.1,2.960973482687872,1.0,1,6,85,35.50000000000002
Park-Fav,DNGO-Joint,52,65,0,244,0.1,2.6264999634021877,1.0,2,6,86,35.40000000000002
Park-Fav,DNGO-Joint,52,66,0,113,0.1,2.6345759833575864,1.0,3,6,87,35.30000000000002
Park-Fav,DNGO-Joint,52,67,0,81,0.1,2.3798311694299565,1.0,4,6,88,35.200000000000024
Park-Fav,DNGO-Joint,52,68,0,97,0.1,2.112847260893298,1.0,5,6,89,35.10000000000002
Park-Fav,DNGO-Joint,52,69,0,41,0.1,2.279354957684363,1.0,6,6,90,35.00000000000002
Park-Fav,DNGO-Joint,52,70,0,228,0.1,2.0622890315524947,1.0,7,6,91,34.90000000000002
Park-Fav,DNGO-Joint,52,71,0,25,0.1,2.0453187606813588,1.0,8,6,92,34.80000000000002
Park-Fav,DNGO-Joint,52,72,0,13,0.1,1.7202691313637535,1.0,9,6,93,34.700000000000024
Park-Fav,DNGO-Joint,52,73,0,200,0.1,1.627985420449668,1.0,10,6,94,34.60000000000002
Park-Fav,DNGO-Joint,52,74,0,248,0.1,1.6121954380355519,1.0,11,6,95,34.50000000000002
Park-Fav,DNGO-Joint,52,75,0,29,0.1,1.593573590719226,1.0,12,6,96,34.40000000000003
Park-Fav,DNGO-Joint,52,76,0,45,0.1,1.4920594641323741,1.0,13,6,97,34.300000000000026
Park-Fav,DNGO-Joint,52,77,0,50,0.1,1.2557129934354871,1.0,14,6,98,34.200000000000024
Park-Fav,DNGO-Joint,52,78,1,60,1.0,1.3070373778623319,1.0,0,7,98,33.200000000000024
Park-Fav,DNGO-Joint,52,79,1,56,1.0,1.3448308530290987,0.9999999999999997,0,8,98,32.200000000000024
Park-Fav,DNGO-Joint,52,80,1,32,1.0,1.2413533446706912,0.9999999999999997,0,9,98,31.200000000000024
Park-Fav,DNGO-Joint,52,81,1,24,1.0,1.3848926561556103,0.9999999999999996,0,10,98,30.200000000000024
Park-Fav,DNGO-Joint,52,82,0,69,0.1,1.3563702174927532,0.9999999999999996,1,10,99,30.100000000000023
Park-Fav,DNGO-Joint,52,83,0,216,0.1,1.286767491719113,0.9999999999999996,2,10,100,30.00000000000002
Park-Fav,DNGO-Joint,52,84,1,28,1.0,1.3980391252693984,0.9999999999999996,0,11,100,29.00000000000002
Park-Fav,DNGO-Joint,52,85,1,40,1.0,1.3081663279082327,0.9999999999999994,0,12,100,28.00000000000002
Park-Fav,DNGO-Joint,52,86,1,0,1.0,1.2648781976422665,0.9999999999999992,0,13,100,27.00000000000002
Park-Fav,DNGO-Joint,52,87,1,20,1.0,1.2241871557751243,0.9999999999999992,0,14,100,26.00000000000002
Park-Fav,DNGO-Joint,52,88,1,44,1.0,1.1890099030293357,0.9999999999999992,0,15,100,25.00000000000002
Park-Fav,DNGO-Joint,52,89,1,4,1.0,1.1955421693289088,0.999999999999999,0,16,100,24.00000000000002
Park-Fav,DNGO-Joint,52,90,0,2,0.1,1.1879889105822294,0.9999999999999992,1,16,101,23.90000000000002
Park-Fav,DNGO-Joint,52,91,1,36,1.0,1.2236120613451746,0.9999999999999992,0,17,101,22.90000000000002
Park-Fav,DNGO-Joint,52,92,1,52,1.0,1.203045876209874,0.9999999999999989,0,18,101,21.90000000000002
Park-Fav,DNGO-Joint,52,93,1,8,1.0,1.1820133652946767,0.999999999999999,0,19,101,20.90000000000002
Park-Fav,DNGO-Joint,52,94,1,12,1.0,1.1205070201348684,0.999999999999999,0,20,101,19.90000000000002
Park-Fav,DNGO-Joint,52,95,0,232,0.1,1.1415467732672198,0.9999999999999988,1,20,102,19.80000000000002
Park-Fav,DNGO-Joint,52,96,0,117,0.1,1.0175374917037392,0.9999999999999988,2,20,103,19.700000000000017
Park-Fav,DNGO-Joint,52,97,0,252,0.1,1.1240394541958638,0.9999999999999988,3,20,104,19.600000000000016
Park-Fav,DNGO-Joint,52,98,0,204,0.1,1.0249850303714452,0.9999999999999988,4,20,105,19.500000000000014
Park-Fav,DNGO-Joint,52,99,0,145,0.1,0.9547448371633954,0.9999999999999988,5,20,106,19.400000000000013
Park-Fav,DNGO-Joint,52,100,0,85,0.1,0.9000038908511371,0.9999999999999988,6,20,107,19.30000000000001
Park-Fav,DNGO-Joint,52,101,0,177,0.1,0.9242935660647328,0.9999999999999988,7,20,108,19.20000000000001
Park-Fav,DNGO-Joint,52,102,1,80,1.0,0.8969248145868731,0.9999999999999988,0,21,108,18.20000000000001
Park-Fav,DNGO-Joint,52,103,1,96,1.0,0.8438282270569737,0.999999999999999,0,22,108,17.20000000000001
Park-Fav,DNGO-Joint,52,104,1,76,1.0,0.831426173597406,0.9999999999999988,0,23,108,16.20000000000001
Park-Fav,DNGO-Joint,52,105,0,101,0.1,0.8284466511443883,0.9871187479434818,1,23,109,16.10000000000001
Park-Fav,DNGO-Joint,52,106,0,161,0.1,0.8168613406895755,0.9871187479434818,2,23,110,16.000000000000007
Park-Fav,DNGO-Joint,52,107,1,116,1.0,0.7798398349119178,0.9871187479434818,0,24,110,15.000000000000007
Park-Fav,DNGO-Joint,52,108,0,34,0.1,0.7545217191128942,0.9878448160896072,1,24,111,14.900000000000007
Park-Fav,DNGO-Joint,52,109,1,64,1.0,0.7780824209856827,0.9878448160896072,0,25,111,13.900000000000006
Park-Fav,DNGO-Joint,52,110,1,120,1.0,0.7178600388693457,0.9878568722478074,0,26,111,12.900000000000006
Park-Fav,DNGO-Joint,52,111,1,112,1.0,0.7749671624180865,0.9870381221859668,0,27,111,11.900000000000006
Park-Fav,DNGO-Joint,52,112,0,18,0.1,0.7031234202543813,0.9868966157729752,1,27,112,11.800000000000006
Park-Fav,DNGO-Joint,52,113,1,84,1.0,0.7064515853688892,0.9868966157729752,0,28,112,10.800000000000004
Park-Fav,DNGO-Joint,52,114,0,220,0.1,0.6528791339402162,0.9873623362175561,1,28,113,10.700000000000005
Park-Fav,DNGO-Joint,52,115,1,100,1.0,0.6648904802859088,0.9873623362175561,0,29,113,9.700000000000003
Park-Fav,DNGO-Joint,52,116,1,68,1.0,0.6275947318391841,0.9877639355390273,0,30,113,8.700000000000003
Park-Fav,DNGO-Joint,52,117,1,104,1.0,0.6310353505588192,0.9881137436481031,0,31,113,7.700000000000003
Park-Fav,DNGO-Joint,52,118,0,236,0.1,0.6283336813112679,0.9875326604911897,1,31,114,7.600000000000003
Park-Fav,DNGO-Joint,52,119,1,72,1.0,0.5551674427696855,0.9875326604911897,0,32,114,6.600000000000001
Park-Fav,DNGO-Joint,52,120,1,88,1.0,0.5148398650026369,0.987171573933114,0,33,114,5.600000000000001
Park-Fav,DNGO-Joint,52,121,1,124,1.0,0.49571702254458483,0.9869524282655442,0,34,114,4.600000000000001
Park-Fav,DNGO-Joint,52,122,0,73,0.1,0.4840541603704736,0.984875737952198,1,34,115,4.500000000000002
Park-Fav,DNGO-Joint,52,123,0,121,0.1,0.42824633247640326,0.984875737952198,2,34,116,4.4
Park-Fav,DNGO-Joint,52,124,1,92,1.0,0.43471478154661214,0.984875737952198,0,35,116,3.3999999999999986
Park-Fav,DNGO-Joint,52,125,0,193,0.1,0.5577265440093793,0.9835315887814321,1,35,117,3.2999999999999985
Park-Fav,DNGO-Joint,52,126,1,144,1.0,0.41043491264015186,0.9835315887814321,0,36,117,2.299999999999997
Park-Fav,DNGO-Joint,52,127,1,108,1.0,0.42321104588461117,0.9822316505317685,0,37,117,1.2999999999999972
Park-Fav,DNGO-Joint,52,128,1,176,1.0,0.43432751493766497,0.9810509383221487,0,38,117,0.29999999999999716
Park-Fav,DNGO-Joint,52,129,0,133,0.1,0.3035420247868212,0.979916065864728,1,38,118,0.19999999999999715
Park-Fav,DNGO-Joint,52,130,0,209,0.1,0.3482867997405574,0.979916065864728,2,38,119,0.09999999999999573
Park-Fav,DNGO-Joint,53,1,0,4,0.1,13.525767574461115,0.5,1,2,26,45.4
Park-Fav,DNGO-Joint,53,2,1,240,1.0,10.604947390948634,0.5,0,3,26,44.4
Park-Fav,DNGO-Joint,53,3,0,20,0.1,8.91967274924211,0.5,1,3,27,44.3
Park-Fav,DNGO-Joint,53,4,0,0,0.1,9.038516180535792,0.5,2,3,28,44.199999999999996
Park-Fav,DNGO-Joint,53,5,0,48,0.1,9.174109768612924,0.5,3,3,29,44.1
Park-Fav,DNGO-Joint,53,6,0,32,0.1,10.059938898418174,0.5,4,3,30,44.0
Park-Fav,DNGO-Joint,53,7,0,16,0.1,9.869328004137232,0.5,5,3,31,43.9
Park-Fav,DNGO-Joint,53,8,0,36,0.1,9.818697771261174,0.5,6,3,32,43.800000000000004
Park-Fav,DNGO-Joint,53,9,0,52,0.1,9.339336381839264,0.5,7,3,33,43.7
Park-Fav,DNGO-Joint,53,10,0,40,0.1,9.410241588507082,0.5,8,3,34,43.6
Park-Fav,DNGO-Joint,53,11,0,56,0.1,9.453635366629886,0.5,9,3,35,43.5
Park-Fav,DNGO-Joint,53,12,0,24,0.1,9.971934235916088,0.5,10,3,36,43.4
Park-Fav,DNGO-Joint,53,13,0,8,0.1,9.570366971127271,0.5,11,3,37,43.300000000000004
Park-Fav,DNGO-Joint,53,14,0,44,0.1,9.04288652902423,0.5,12,3,38,43.2
Park-Fav,DNGO-Joint,53,15,0,60,0.1,9.514415677322718,0.5,13,3,39,43.1
Park-Fav,DNGO-Joint,53,16,0,28,0.1,8.924191051202813,0.5,14,3,40,43.00000000000001
Park-Fav,DNGO-Joint,53,17,0,12,0.1,8.321503038196731,0.5,15,3,41,42.900000000000006
Park-Fav,DNGO-Joint,53,18,0,112,0.1,8.546388151973614,0.5,16,3,42,42.800000000000004
Park-Fav,DNGO-Joint,53,19,0,64,0.1,8.04294329168691,0.5,17,3,43,42.7
Park-Fav,DNGO-Joint,53,20,0,80,0.1,7.9095454377520324,0.5,18,3,44,42.6
Park-Fav,DNGO-Joint,53,21,0,96,0.1,8.041020592051384,0.5,19,3,45,42.50000000000001
Park-Fav,DNGO-Joint,53,22,0,116,0.1,7.784097102211653,0.5,20,3,46,42.400000000000006
Park-Fav,DNGO-Joint,53,23,1,48,1.0,4.790060719563035,0.5,0,4,46,41.400000000000006
Park-Fav,DNGO-Joint,53,24,0,120,0.1,7.444273021148165,0.5,1,4,47,41.300000000000004
Park-Fav,DNGO-Joint,53,25,0,68,0.1,7.407410705470882,0.5,2,4,48,41.20000000000001
Park-Fav,DNGO-Joint,53,26,0,84,0.1,7.422061969143249,0.5,3,4,49,41.10000000000001
Park-Fav,DNGO-Joint,53,27,0,100,0.1,6.907499982392316,0.5,4,4,50,41.00000000000001
Park-Fav,DNGO-Joint,53,28,0,72,0.1,7.079734625038859,0.5,5,4,51,40.900000000000006
Park-Fav,DNGO-Joint,53,29,0,104,0.1,6.6446739139856,0.5,6,4,52,40.800000000000004
Park-Fav,DNGO-Joint,53,30,0,88,0.1,6.675421749343565,0.5,7,4,53,40.70000000000001
Park-Fav,DNGO-Joint,53,31,0,176,0.1,6.165967449161657,0.5,8,4,54,40.60000000000001
Park-Fav,DNGO-Joint,53,32,0,76,0.1,6.075731651492536,0.5,9,4,55,40.50000000000001
Park-Fav,DNGO-Joint,53,33,0,92,0.1,6.024718843660881,0.5,10,4,56,40.40000000000001
Park-Fav,DNGO-Joint,53,34,0,124,0.1,6.074679376271432,0.5,11,4,57,40.30000000000001
Park-Fav,DNGO-Joint,53,35,0,108,0.1,5.978643592706782,0.5,12,4,58,40.20000000000001
Park-Fav,DNGO-Joint,53,36,0,160,0.1,5.343419428364917,0.5,13,4,59,40.10000000000001
Park-Fav,DNGO-Joint,53,37,0,144,0.1,5.037970902789716,0.5,14,4,60,40.00000000000001
Park-Fav,DNGO-Joint,53,38,0,1,0.1,4.590512601912425,0.5,15,4,61,39.90000000000001
Park-Fav,DNGO-Joint,53,39,0,180,0.1,4.322870312321391,0.5,16,4,62,39.80000000000001
Park-Fav,DNGO-Joint,53,40,0,192,0.1,4.5284315982756524,0.5,17,4,63,39.70000000000001
Park-Fav,DNGO-Joint,53,41,0,132,0.1,4.2821914704273425,0.5,18,4,64,39.600000000000016
Park-Fav,DNGO-Joint,53,42,0,49,0.1,4.661244160968729,0.5,19,4,65,39.500000000000014
Park-Fav,DNGO-Joint,53,43,0,164,0.1,4.1076824180477844,0.5,20,4,66,39.40000000000001
Park-Fav,DNGO-Joint,53,44,1,64,1.0,1.865104674851302,0.5,0,5,66,38.40000000000001
Park-Fav,DNGO-Joint,53,45,0,33,0.1,4.253345824167208,0.5,1,5,67,38.30000000000001
Park-Fav,DNGO-Joint,53,46,0,148,0.1,4.152158056999861,0.5,2,5,68,38.20000000000001
Park-Fav,DNGO-Joint,53,47,0,17,0.1,4.184100701492662,0.5,3,5,69,38.100000000000016
Park-Fav,DNGO-Joint,53,48,0,224,0.1,3.361480625965945,0.5,4,5,70,38.000000000000014
Park-Fav,DNGO-Joint,53,49,0,208,0.1,3.386022455761951,0.5,5,5,71,37.90000000000001
Park-Fav,DNGO-Joint,53,50,0,53,0.1,3.4412607789687133,0.5,6,5,72,37.80000000000002
Park-Fav,DNGO-Joint,53,51,0,136,0.1,3.261161261914918,0.5,7,5,73,37.70000000000002
Park-Fav,DNGO-Joint,53,52,0,152,0.1,3.096622425177901,0.5,8,5,74,37.600000000000016
Park-Fav,DNGO-Joint,53,53,0,168,0.1,3.06542281786357,0.5,9,5,75,37.500000000000014
Park-Fav,DNGO-Joint,53,54,0,5,0.1,3.0208625642171736,0.5,10,5,76,37.40000000000001
Park-Fav,DNGO-Joint,53,55,0,37,0.1,3.0189745848406693,0.5,11,5,77,37.30000000000002
Park-Fav,DNGO-Joint,53,56,0,57,0.1,2.828301328259127,0.5,12,5,78,37.20000000000002
Park-Fav,DNGO-Joint,53,57,0,188,0.1,2.7041660759864907,0.5,13,5,79,37.100000000000016
Park-Fav,DNGO-Joint,53,58,0,140,0.1,2.5194404536150374,0.5,14,5,80,37.00000000000002
Park-Fav,DNGO-Joint,53,59,0,196,0.1,2.369702440233321,0.5,15,5,81,36.90000000000002
Park-Fav,DNGO-Joint,53,60,0,172,0.1,2.430123485136451,0.5,16,5,82,36.80000000000002
Park-Fav,DNGO-Joint,53,61,0,156,0.1,2.328644392935695,0.5,17,5,83,36.70000000000002
Park-Fav,DNGO-Joint,53,62,0,25,0.1,2.2153222027982076,0.5,18,5,84,36.600000000000016
Park-Fav,DNGO-Joint,53,63,0,61,0.1,2.2107229487409343,0.5,19,5,85,36.50000000000002
Park-Fav,DNGO-Joint,53,64,0,113,0.1,2.1428801969263667,0.5,20,5,86,36.40000000000002
Park-Fav,DNGO-Joint,53,65,1,0,1.0,1.619285989716571,0.5,0,6,86,35.40000000000002
Park-Fav,DNGO-Joint,53,66,0,244,0.1,4.3821901056272,1.0,1,6,87,35.30000000000002
Park-Fav,DNGO-Joint,53,67,0,9,0.1,4.683962791840933,1.0,2,6,88,35.200000000000024
Park-Fav,DNGO-Joint,53,68,0,228,0.1,3.8460292145484907,1.0,3,6,89,35.10000000000002
Park-Fav,DNGO-Joint,53,69,0,29,0.1,3.7714207889395968,1.0,4,6,90,35.00000000000002
Park-Fav,DNGO-Joint,53,70,0,212,0.1,3.8935062955231636,1.0,5,6,91,34.90000000000002
Park-Fav,DNGO-Joint,53,71,0,65,0.1,3.7558580882804957,1.0,6,6,92,34.80000000000002
Park-Fav,DNGO-Joint,53,72,0,97,0.1,3.580652597217938,1.0,7,6,93,34.700000000000024
Park-Fav,DNGO-Joint,53,73,0,13,0.1,3.3223303438159357,1.0,8,6,94,34.60000000000002
Park-Fav,DNGO-Joint,53,74,0,45,0.1,3.2958171260021327,1.0,9,6,95,34.50000000000002
Park-Fav,DNGO-Joint,53,75,0,200,0.1,2.634765203649275,1.0,10,6,96,34.40000000000003
Park-Fav,DNGO-Joint,53,76,0,50,0.1,2.5602320026279877,1.0,11,6,97,34.300000000000026
Park-Fav,DNGO-Joint,53,77,0,216,0.1,2.419816196017419,1.0,12,6,98,34.200000000000024
Park-Fav,DNGO-Joint,53,78,0,69,0.1,2.313525715813285,1.0,13,6,99,34.10000000000002
Park-Fav,DNGO-Joint,53,79,0,232,0.1,2.126995425914429,1.0,14,6,100,34.00000000000002
Park-Fav,DNGO-Joint,53,80,0,129,0.1,2.38150287615983,1.0,15,6,101,33.90000000000003
Park-Fav,DNGO-Joint,53,81,0,145,0.1,2.0695101618547764,1.0,16,6,102,33.800000000000026
Park-Fav,DNGO-Joint,53,82,0,117,0.1,2.105457609878454,1.0,17,6,103,33.700000000000024
Park-Fav,DNGO-Joint,53,83,0,252,0.1,1.9910910734507574,1.0,18,6,104,33.60000000000002
Park-Fav,DNGO-Joint,53,84,0,177,0.1,1.8814239898091139,1.0,19,6,105,33.50000000000002
Park-Fav,DNGO-Joint,53,85,0,34,0.1,1.8177862215476885,1.0,20,6,106,33.40000000000002
Park-Fav,DNGO-Joint,53,86,1,16,1.0,1.472411252455949,1.0,0,7,106,32.40000000000002
Park-Fav,DNGO-Joint,53,87,0,18,0.1,1.6829538245600721,1.0,1,7,107,32.30000000000002
Park-Fav,DNGO-Joint,53,88,0,161,0.1,1.6699016712743264,1.0,2,7,108,32.20000000000002
Park-Fav,DNGO-Joint,53,89,0,236,0.1,1.500388109680623,1.0,3,7,109,32.100000000000016
Park-Fav,DNGO-Joint,53,90,0,220,0.1,1.4553030116825676,1.0,4,7,110,32.000000000000014
Park-Fav,DNGO-Joint,53,91,0,193,0.1,1.4485179979975737,1.0,5,7,111,31.900000000000013
Park-Fav,DNGO-Joint,53,92,1,32,1.0,1.377885270934399,1.0,0,8,111,30.900000000000013
Park-Fav,DNGO-Joint,53,93,0,73,0.1,1.1580394124297193,1.0,1,8,112,30.80000000000001
Park-Fav,DNGO-Joint,53,94,1,80,1.0,1.204372479311013,1.0,0,9,112,29.80000000000001
Park-Fav,DNGO-Joint,53,95,1,112,1.0,1.2998509871224275,1.0,0,10,112,28.80000000000001
Park-Fav,DNGO-Joint,53,96,0,89,0.1,1.0079082715704069,1.0,1,10,113,28.70000000000001
Park-Fav,DNGO-Joint,53,97,0,121,0.1,1.0856460027391235,1.0,2,10,114,28.60000000000001
Park-Fav,DNGO-Joint,53,98,1,96,1.0,1.03475849895181,1.0,0,11,114,27.60000000000001
Park-Fav,DNGO-Joint,53,99,0,54,0.1,0.999422954392809,1.0,1,11,115,27.500000000000007
Park-Fav,DNGO-Joint,53,100,0,209,0.1,1.0366656375575067,1.0,2,11,116,27.400000000000006
Park-Fav,DNGO-Joint,53,101,0,225,0.1,0.9630701619118365,1.0,3,11,117,27.300000000000004
Park-Fav,DNGO-Joint,53,102,0,105,0.1,0.914015955612264,1.0,4,11,118,27.200000000000003
Park-Fav,DNGO-Joint,53,103,1,128,1.0,0.9869111986054006,1.0,0,12,118,26.200000000000003
Park-Fav,DNGO-Joint,53,104,0,241,0.1,0.9011911772347218,0.9999999999999998,1,12,119,26.1
Park-Fav,DNGO-Joint,53,105,0,6,0.1,0.767331111719706,0.9999999999999998,2,12,120,26.0
Park-Fav,DNGO-Joint,53,106,0,133,0.1,0.7806381881403566,0.9999999999999998,3,12,121,25.9
Park-Fav,DNGO-Joint,53,107,1,52,1.0,0.7328736317295376,0.9999999999999998,0,13,121,24.9
Park-Fav,DNGO-Joint,53,108,1,56,1.0,1.4189765379639996,0.9999999999999998,0,14,121,23.9
Park-Fav,DNGO-Joint,53,109,1,60,1.0,1.5124767426530716,0.9999999999999997,0,15,121,22.9
Park-Fav,DNGO-Joint,53,110,1,40,1.0,1.1946539385642834,0.9999999999999991,0,16,121,21.9
Park-Fav,DNGO-Joint,53,111,1,44,1.0,1.4209977077552969,0.9999999999999992,0,17,121,20.9
Park-Fav,DNGO-Joint,53,112,1,36,1.0,1.2925763663135346,0.9999999999999989,0,18,121,19.9
Park-Fav,DNGO-Joint,53,113,1,172,1.0,1.705777777546328,0.9999999999999989,0,19,121,18.9
Park-Fav,DNGO-Joint,53,114,1,20,1.0,1.1873559977356398,0.9847215826805674,0,20,121,17.9
Park-Fav,DNGO-Joint,53,115,1,4,1.0,1.1909947367536011,0.9848941057504428,0,21,121,16.9
Park-Fav,DNGO-Joint,53,116,1,24,1.0,1.3318328110089523,0.9850462532725466,0,22,121,15.899999999999999
Park-Fav,DNGO-Joint,53,117,1,28,1.0,1.0559493571638872,0.9851812807811111,0,23,121,14.899999999999999
Park-Fav,DNGO-Joint,53,118,1,8,1.0,1.0931914117548227,0.9853018271627817,0,24,121,13.899999999999999
Park-Fav,DNGO-Joint,53,119,1,12,1.0,1.0642529573091046,0.9854100401906764,0,25,121,12.899999999999999
Park-Fav,DNGO-Joint,53,120,1,120,1.0,0.9384963218374658,0.985507677589945,0,26,121,11.899999999999999
Park-Fav,DNGO-Joint,53,121,1,84,1.0,0.8908788310037663,0.9863863894202579,0,27,121,10.899999999999999
Park-Fav,DNGO-Joint,53,122,1,100,1.0,0.8338525393332491,0.9865597493386117,0,28,121,9.899999999999999
Park-Fav,DNGO-Joint,53,123,1,68,1.0,0.8611087030324704,0.9867211098135028,0,29,121,8.899999999999999
Park-Fav,DNGO-Joint,53,124,1,116,1.0,0.8689249849083273,0.9868708688016476,0,30,121,7.899999999999999
Park-Fav,DNGO-Joint,53,125,1,104,1.0,0.7397803137346165,0.9870097178230705,0,31,121,6.899999999999999
Park-Fav,DNGO-Joint,53,126,1,72,1.0,0.7505432032536314,0.9874358493076975,0,32,121,5.899999999999999
Park-Fav,DNGO-Joint,53,127,1,76,1.0,0.6635514499409685,0.9878099230953199,0,33,121,4.899999999999999
Park-Fav,DNGO-Joint,53,128,0,66,0.1,0.6899167090686421,0.9874933779121594,1,33,122,4.799999999999999
Park-Fav,DNGO-Joint,53,129,1,88,1.0,0.6848823374642359,0.9874933779121594,0,34,122,3.799999999999997
Park-Fav,DNGO-Joint,53,130,1,176,1.0,0.6447138051035958,0.9878185709059458,0,35,122,2.799999999999997
Park-Fav,DNGO-Joint,53,131,0,77,0.1,0.6727421791118863,0.9852095100860675,1,35,123,2.699999999999997
Park-Fav,DNGO-Joint,53,132,0,38,0.1,0.5933810554338145,0.9852095100860675,2,35,124,2.5999999999999956
Park-Fav,DNGO-Joint,53,133,1,144,1.0,0.642075912246745,0.9852095100860675,0,36,124,1.5999999999999943
Park-Fav,DNGO-Joint,53,134,0,114,0.1,0.5718048437140586,0.9832879955674114,1,36,125,1.4999999999999942
Park-Fav,DNGO-Joint,53,135,1,124,1.0,0.5910288543639355,0.9832879955674114,0,37,125,0.4999999999999929
Park-Fav,DNGO-Joint,53,136,0,149,0.1,0.5572669551944474,0.9827248497469645,1,37,126,0.3999999999999929
Park-Fav,DNGO-Joint,53,137,0,125,0.1,0.5285771388107111,0.9827248497469645,2,37,127,0.2999999999999915
Park-Fav,DNGO-Joint,53,138,0,82,0.1,0.50890950596026,0.9827248497469645,3,37,128,0.19999999999999005
Park-Fav,DNGO-Joint,53,139,0,22,0.1,0.47965778585714614,0.9827248497469645,4,37,129,0.09999999999998863
Park-Fav,DNGO-Joint,54,1,0,20,0.1,9.936523905808048,0.5,1,2,26,45.4
Park-Fav,DNGO-Joint,54,2,0,0,0.1,7.8441119318684445,0.5,2,2,27,45.3
Park-Fav,DNGO-Joint,54,3,0,16,0.1,7.849599494536432,0.5,3,2,28,45.199999999999996
Park-Fav,DNGO-Joint,54,4,0,4,0.1,7.956511298606575,0.5,4,2,29,45.1
Park-Fav,DNGO-Joint,54,5,0,32,0.1,8.04220513538369,0.5,5,2,30,45.0
Park-Fav,DNGO-Joint,54,6,0,48,0.1,8.530566269360117,0.5,6,2,31,44.9
Park-Fav,DNGO-Joint,54,7,0,36,0.1,8.59373183252649,0.5,7,2,32,44.800000000000004
Park-Fav,DNGO-Joint,54,8,0,52,0.1,8.181080273554656,0.5,8,2,33,44.7
Park-Fav,DNGO-Joint,54,9,0,40,0.1,8.111593319833183,0.5,9,2,34,44.6
Park-Fav,DNGO-Joint,54,10,0,24,0.1,8.617507217218886,0.5,10,2,35,44.5
Park-Fav,DNGO-Joint,54,11,0,56,0.1,8.373539318327124,0.5,11,2,36,44.4
Park-Fav,DNGO-Joint,54,12,0,8,0.1,8.09646686937641,0.5,12,2,37,44.300000000000004
Park-Fav,DNGO-Joint,54,13,0,60,0.1,7.575810409703286,0.5,13,2,38,44.2
Park-Fav,DNGO-Joint,54,14,0,44,0.1,8.155428125257384,0.5,14,2,39,44.1
Park-Fav,DNGO-Joint,54,15,0,28,0.1,7.975295271547341,0.5,15,2,40,44.00000000000001
Park-Fav,DNGO-Joint,54,16,0,12,0.1,7.961753884906215,0.5,16,2,41,43.900000000000006
Park-Fav,DNGO-Joint,54,17,1,60,1.0,7.023406560431217,0.5,0,3,41,42.900000000000006
Park-Fav,DNGO-Joint,54,18,0,112,0.1,7.126723721659631,0.5,1,3,42,42.800000000000004
Park-Fav,DNGO-Joint,54,19,0,64,0.1,6.7130223739751935,0.5,2,3,43,42.7
Park-Fav,DNGO-Joint,54,20,0,80,0.1,7.096664520025356,0.5,3,3,44,42.6
Park-Fav,DNGO-Joint,54,21,0,96,0.1,6.81125122401238,0.5,4,3,45,42.50000000000001
Park-Fav,DNGO-Joint,54,22,0,120,0.1,6.8929380960049125,0.5,5,3,46,42.400000000000006
Park-Fav,DNGO-Joint,54,23,0,116,0.1,6.400761156568769,0.5,6,3,47,42.300000000000004
Park-Fav,DNGO-Joint,54,24,0,68,0.1,6.28956188334269,0.5,7,3,48,42.20000000000001
Park-Fav,DNGO-Joint,54,25,0,100,0.1,6.058867376270116,0.5,8,3,49,42.10000000000001
Park-Fav,DNGO-Joint,54,26,0,104,0.1,5.700983216098107,0.5,9,3,50,42.00000000000001
Park-Fav,DNGO-Joint,54,27,0,128,0.1,5.154025161706803,0.5,10,3,51,41.900000000000006
Park-Fav,DNGO-Joint,54,28,0,124,0.1,5.2977359419807195,0.5,11,3,52,41.800000000000004
Park-Fav,DNGO-Joint,54,29,0,176,0.1,4.786786698472203,0.5,12,3,53,41.70000000000001
Park-Fav,DNGO-Joint,54,30,0,108,0.1,4.938188908127208,0.5,13,3,54,41.60000000000001
Park-Fav,DNGO-Joint,54,31,0,92,0.1,4.750784636443748,0.5,14,3,55,41.50000000000001
Park-Fav,DNGO-Joint,54,32,0,144,0.1,4.598982645476628,0.5,15,3,56,41.40000000000001
Park-Fav,DNGO-Joint,54,33,0,76,0.1,4.402436707138917,0.5,16,3,57,41.30000000000001
Park-Fav,DNGO-Joint,54,34,0,160,0.1,4.154623753238342,0.5,17,3,58,41.20000000000001
Park-Fav,DNGO-Joint,54,35,0,1,0.1,4.051610283453009,0.5,18,3,59,41.10000000000001
Park-Fav,DNGO-Joint,54,36,0,49,0.1,3.6711647851160594,0.5,19,3,60,41.00000000000001
Park-Fav,DNGO-Joint,54,37,0,132,0.1,3.6049297812787606,0.5,20,3,61,40.90000000000001
Park-Fav,DNGO-Joint,54,38,1,252,1.0,2.311785444913861,0.5,0,4,61,39.90000000000001
Park-Fav,DNGO-Joint,54,39,0,53,0.1,3.5845063284048564,0.5,1,4,62,39.80000000000001
Park-Fav,DNGO-Joint,54,40,0,33,0.1,3.473951432860106,0.5,2,4,63,39.70000000000001
Park-Fav,DNGO-Joint,54,41,0,180,0.1,3.364776536626706,0.5,3,4,64,39.600000000000016
Park-Fav,DNGO-Joint,54,42,0,17,0.1,3.1552492165065247,0.5,4,4,65,39.500000000000014
Park-Fav,DNGO-Joint,54,43,1,48,1.0,2.994315974911319,0.5,0,5,65,38.500000000000014
Park-Fav,DNGO-Joint,54,44,0,240,0.1,2.8372416254998027,0.5,1,5,66,38.40000000000001
Park-Fav,DNGO-Joint,54,45,0,192,0.1,2.7917250307435357,0.5,2,5,67,38.30000000000001
Park-Fav,DNGO-Joint,54,46,0,208,0.1,2.581684088933339,0.5,3,5,68,38.20000000000001
Park-Fav,DNGO-Joint,54,47,0,136,0.1,2.716999084492188,0.5,4,5,69,38.100000000000016
Park-Fav,DNGO-Joint,54,48,0,5,0.1,2.650672731631896,0.5,5,5,70,38.000000000000014
Park-Fav,DNGO-Joint,54,49,0,21,0.1,2.406979528653025,0.5,6,5,71,37.90000000000001
Park-Fav,DNGO-Joint,54,50,0,184,0.1,2.428467541197282,0.5,7,5,72,37.80000000000002
Park-Fav,DNGO-Joint,54,51,1,0,1.0,2.2560898779781566,0.5,0,6,72,36.80000000000002
Park-Fav,DNGO-Joint,54,52,0,224,0.1,4.784239706971438,0.9993153231944459,1,6,73,36.70000000000002
Park-Fav,DNGO-Joint,54,53,0,168,0.1,4.715985956904419,0.9993153231944459,2,6,74,36.600000000000016
Park-Fav,DNGO-Joint,54,54,0,37,0.1,4.603844659128011,0.9993153231944459,3,6,75,36.500000000000014
Park-Fav,DNGO-Joint,54,55,0,152,0.1,4.4165305641442485,0.9993153231944459,4,6,76,36.40000000000001
Park-Fav,DNGO-Joint,54,56,0,9,0.1,3.9553644475053433,0.9993153231944459,5,6,77,36.30000000000002
Park-Fav,DNGO-Joint,54,57,0,196,0.1,3.6637031829566538,0.9993153231944459,6,6,78,36.20000000000002
Park-Fav,DNGO-Joint,54,58,0,61,0.1,3.5678919054852223,0.9993153231944459,7,6,79,36.100000000000016
Park-Fav,DNGO-Joint,54,59,0,188,0.1,3.4547842037551,0.9993153231944459,8,6,80,36.00000000000002
Park-Fav,DNGO-Joint,54,60,0,65,0.1,3.4474138482343544,0.9993153231944459,9,6,81,35.90000000000002
Park-Fav,DNGO-Joint,54,61,0,57,0.1,3.4684525570784466,0.9993153231944459,10,6,82,35.80000000000002
Park-Fav,DNGO-Joint,54,62,0,41,0.1,3.235610569072128,0.9993153231944459,11,6,83,35.70000000000002
Park-Fav,DNGO-Joint,54,63,0,81,0.1,3.143291006289405,0.9993153231944459,12,6,84,35.600000000000016
Park-Fav,DNGO-Joint,54,64,0,140,0.1,3.5963634082658906,0.9993153231944459,13,6,85,35.50000000000002
Park-Fav,DNGO-Joint,54,65,0,25,0.1,3.1218995591659584,0.9993153231944459,14,6,86,35.40000000000002
Park-Fav,DNGO-Joint,54,66,0,113,0.1,2.915826652711041,0.9993153231944459,15,6,87,35.30000000000002
Park-Fav,DNGO-Joint,54,67,0,172,0.1,2.8190999073303007,0.9993153231944459,16,6,88,35.200000000000024
Park-Fav,DNGO-Joint,54,68,0,156,0.1,2.891010541299311,0.9993153231944459,17,6,89,35.10000000000002
Park-Fav,DNGO-Joint,54,69,0,244,0.1,2.7959348088617064,0.9993153231944459,18,6,90,35.00000000000002
Park-Fav,DNGO-Joint,54,70,0,13,0.1,2.5888370364839055,0.9993153231944459,19,6,91,34.90000000000002
Park-Fav,DNGO-Joint,54,71,0,97,0.1,2.6578925420069965,0.9993153231944459,20,6,92,34.80000000000002
Park-Fav,DNGO-Joint,54,72,1,12,1.0,1.8918748421590434,0.9993153231944459,0,7,92,33.800000000000026
Park-Fav,DNGO-Joint,54,73,0,228,0.1,2.504840503211289,0.9994395091680067,1,7,93,33.700000000000024
Park-Fav,DNGO-Joint,54,74,0,212,0.1,2.226961889631801,0.9994395091680067,2,7,94,33.60000000000002
Park-Fav,DNGO-Joint,54,75,0,45,0.1,2.0619147737875387,0.9994395091680067,3,7,95,33.50000000000002
Park-Fav,DNGO-Joint,54,76,0,29,0.1,2.0088166029384094,0.9994395091680067,4,7,96,33.40000000000002
Park-Fav,DNGO-Joint,54,77,0,200,0.1,1.9103040817447625,0.9994395091680067,5,7,97,33.30000000000002
Park-Fav,DNGO-Joint,54,78,1,20,1.0,1.6905719086564783,0.9994395091680067,0,8,97,32.30000000000002
Park-Fav,DNGO-Joint,54,79,0,69,0.1,1.596345520600127,0.9990345922189592,1,8,98,32.20000000000002
Park-Fav,DNGO-Joint,54,80,1,8,1.0,1.5859895122061543,0.9990345922189592,0,9,98,31.200000000000017
Park-Fav,DNGO-Joint,54,81,0,248,0.1,1.612688371800759,0.9989784607748626,1,9,99,31.100000000000016
Park-Fav,DNGO-Joint,54,82,1,28,1.0,1.445070403499443,0.9989784607748626,0,10,99,30.100000000000016
Park-Fav,DNGO-Joint,54,83,1,36,1.0,1.4342189164338144,0.9991213758463443,0,11,99,29.100000000000016
Park-Fav,DNGO-Joint,54,84,0,129,0.1,1.4695804117237348,0.9987906437747684,1,11,100,29.000000000000014
Park-Fav,DNGO-Joint,54,85,1,4,1.0,1.364896788051526,0.9987906437747684,0,12,100,28.000000000000014
Park-Fav,DNGO-Joint,54,86,0,216,0.1,1.3541280028920362,0.9988315415756303,1,12,101,27.900000000000013
Park-Fav,DNGO-Joint,54,87,0,232,0.1,1.3373717692956082,0.9988315415756303,2,12,102,27.80000000000001
Park-Fav,DNGO-Joint,54,88,1,24,1.0,1.3952489819418292,0.9988315415756303,0,13,102,26.80000000000001
Park-Fav,DNGO-Joint,54,89,1,44,1.0,1.3394361717124836,0.9987317945808559,0,14,102,25.80000000000001
Park-Fav,DNGO-Joint,54,90,0,117,0.1,1.3073092550776901,0.9988881533221368,1,14,103,25.70000000000001
Park-Fav,DNGO-Joint,54,91,1,56,1.0,1.2954136110839034,0.9988881533221368,0,15,103,24.70000000000001
Park-Fav,DNGO-Joint,54,92,1,40,1.0,1.2987637688658782,0.9986092540631708,0,16,103,23.70000000000001
Park-Fav,DNGO-Joint,54,93,1,16,1.0,1.2590031023909558,0.9984728959221717,0,17,103,22.70000000000001
Park-Fav,DNGO-Joint,54,94,1,52,1.0,1.2409700933772287,0.9986476468643805,0,18,103,21.70000000000001
Park-Fav,DNGO-Joint,54,95,0,145,0.1,1.2955205182555651,0.998425307339304,1,18,104,21.60000000000001
Park-Fav,DNGO-Joint,54,96,1,32,1.0,1.2105225712867815,0.998425307339304,0,19,104,20.60000000000001
Park-Fav,DNGO-Joint,54,97,0,177,0.1,1.1399449630578873,0.9985855973656348,1,19,105,20.500000000000007
Park-Fav,DNGO-Joint,54,98,0,204,0.1,1.0814399099071024,0.9985855973656348,2,19,106,20.400000000000006
Park-Fav,DNGO-Joint,54,99,0,34,0.1,0.9708925538772579,0.9985855973656348,3,19,107,20.300000000000004
Park-Fav,DNGO-Joint,54,100,0,18,0.1,1.0501189509309938,0.9985855973656348,4,19,108,20.200000000000003
Park-Fav,DNGO-Joint,54,101,0,236,0.1,0.8782243958716971,0.9985855973656348,5,19,109,20.1
Park-Fav,DNGO-Joint,54,102,1,68,1.0,0.8482274460378063,0.9985855973656348,0,20,109,19.1
Park-Fav,DNGO-Joint,54,103,1,64,1.0,0.8064537532580096,0.9999999999999957,0,21,109,18.1
Park-Fav,DNGO-Joint,54,104,0,220,0.1,0.7919989339039093,0.9977621901048186,1,21,110,18.0
Park-Fav,DNGO-Joint,54,105,0,193,0.1,0.7853449822978859,0.9977621901048186,2,21,111,17.9
Park-Fav,DNGO-Joint,54,106,1,80,1.0,0.6936988060742104,0.9977621901048186,0,22,111,16.9
Park-Fav,DNGO-Joint,54,107,1,84,1.0,0.6686735529816049,0.9974958453696505,0,23,111,15.899999999999999
Park-Fav,DNGO-Joint,54,108,1,112,1.0,0.7884951328749988,0.9975241162302588,0,24,111,14.899999999999999
Park-Fav,DNGO-Joint,54,109,1,96,1.0,0.7558909562371197,0.9972346578332254,0,25,111,13.899999999999999
Park-Fav,DNGO-Joint,54,110,1,100,1.0,0.6710920256795716,0.9971185182743141,0,26,111,12.899999999999999
Park-Fav,DNGO-Joint,54,111,1,116,1.0,0.5985606948363399,0.9970155623567502,0,27,111,11.899999999999999
Park-Fav,DNGO-Joint,54,112,1,72,1.0,0.654641940165867,0.997054047109503,0,28,111,10.899999999999999
Park-Fav,DNGO-Joint,54,113,1,88,1.0,0.6201529559727722,0.9942972390066701,0,29,111,9.899999999999999
Park-Fav,DNGO-Joint,54,114,1,104,1.0,0.588574075291169,0.9932337129276301,0,30,111,8.899999999999999
Park-Fav,DNGO-Joint,54,115,1,120,1.0,0.574944410105533,0.9928371397582294,0,31,111,7.899999999999999
Park-Fav,DNGO-Joint,54,116,0,121,0.1,0.5777565850371547,0.9927330230153593,1,31,112,7.799999999999999
Park-Fav,DNGO-Joint,54,117,1,76,1.0,0.5693046579187272,0.9927330230153593,0,32,112,6.799999999999997
Park-Fav,DNGO-Joint,54,118,0,89,0.1,0.5133416183440356,0.9905678058189284,1,32,113,6.6999999999999975
Park-Fav,DNGO-Joint,54,119,0,133,0.1,0.5256302099595866,0.9905678058189284,2,32,114,6.599999999999996
Park-Fav,DNGO-Joint,54,120,0,209,0.1,0.5163563352275471,0.9905678058189284,3,32,115,6.499999999999995
Park-Fav,DNGO-Joint,54,121,0,66,0.1,0.43921893582554566,0.9905678058189284,4,32,116,6.399999999999993
Park-Fav,DNGO-Joint,54,122,1,92,1.0,0.4854297229678918,0.9905678058189284,0,33,116,5.3999999999999915
Park-Fav,DNGO-Joint,54,123,1,108,1.0,0.4576461529218231,0.9895770084852629,0,34,116,4.3999999999999915
Park-Fav,DNGO-Joint,54,124,1,128,1.0,0.42371114741868454,0.9891470341366757,0,35,116,3.3999999999999915
Park-Fav,DNGO-Joint,54,125,0,6,0.1,0.4415993693259971,0.985334693596562,1,35,117,3.2999999999999914
Park-Fav,DNGO-Joint,54,126,0,225,0.1,0.4377417616710231,0.985334693596562,2,35,118,3.19999999999999
Park-Fav,DNGO-Joint,54,127,1,124,1.0,0.4176205030562344,0.985334693596562,0,36,118,2.1999999999999886
Park-Fav,DNGO-Joint,54,128,1,144,1.0,0.44225018247225434,0.9849013084891108,0,37,118,1.1999999999999886
Park-Fav,DNGO-Joint,54,129,0,105,0.1,0.38643274751110557,0.9821505584378638,1,37,119,1.0999999999999885
Park-Fav,DNGO-Joint,54,130,1,160,1.0,0.35803618860080666,0.9821505584378638,0,38,119,0.09999999999998721
Park-Fav,DNGO-Joint,55,1,1,0,1.0,13.123903477517276,0.5,0,3,25,44.5
Park-Fav,DNGO-Joint,55,2,0,20,0.1,8.990372037112717,0.5,1,3,26,44.4
Park-Fav,DNGO-Joint,55,3,0,48,0.1,9.331747057582433,0.5,2,3,27,44.3
Park-Fav,DNGO-Joint,55,4,0,32,0.1,9.413291686587328,0.5,3,3,28,44.199999999999996
Park-Fav,DNGO-Joint,55,5,0,36,0.1,9.159542003966315,0.5,4,3,29,44.1
Park-Fav,DNGO-Joint,55,6,0,4,0.1,8.998028779716568,0.5,5,3,30,44.0
Park-Fav,DNGO-Joint,55,7,0,16,0.1,9.152244767114881,0.5,6,3,31,43.9
Park-Fav,DNGO-Joint,55,8,0,56,0.1,9.20328566393315,0.5,7,3,32,43.800000000000004
Park-Fav,DNGO-Joint,55,9,0,52,0.1,9.551089475845965,0.5,8,3,33,43.7
Park-Fav,DNGO-Joint,55,10,0,24,0.1,8.83841076989219,0.5,9,3,34,43.6
Park-Fav,DNGO-Joint,55,11,0,60,0.1,9.244668124677377,0.5,10,3,35,43.5
Park-Fav,DNGO-Joint,55,12,0,8,0.1,8.544256344747808,0.5,11,3,36,43.4
Park-Fav,DNGO-Joint,55,13,0,44,0.1,8.426372484988335,0.5,12,3,37,43.300000000000004
Park-Fav,DNGO-Joint,55,14,0,28,0.1,8.431213860139438,0.5,13,3,38,43.2
Park-Fav,DNGO-Joint,55,15,0,80,0.1,8.065618823661715,0.5,14,3,39,43.1
Park-Fav,DNGO-Joint,55,16,0,12,0.1,8.25174519341891,0.5,15,3,40,43.00000000000001
Park-Fav,DNGO-Joint,55,17,0,112,0.1,7.643867477404102,0.5,16,3,41,42.900000000000006
Park-Fav,DNGO-Joint,55,18,0,96,0.1,7.304493895932514,0.5,17,3,42,42.800000000000004
Park-Fav,DNGO-Joint,55,19,0,116,0.1,7.072095227634715,0.5,18,3,43,42.7
Park-Fav,DNGO-Joint,55,20,0,84,0.1,7.308254771400132,0.5,19,3,44,42.6
Park-Fav,DNGO-Joint,55,21,0,64,0.1,6.690387086216125,0.5,20,3,45,42.50000000000001
Park-Fav,DNGO-Joint,55,22,1,48,1.0,3.2223419049479247,0.5,0,4,45,41.50000000000001
Park-Fav,DNGO-Joint,55,23,0,100,0.1,6.792388153217891,0.5,1,4,46,41.400000000000006
Park-Fav,DNGO-Joint,55,24,0,72,0.1,6.358800256830482,0.5,2,4,47,41.300000000000004
Park-Fav,DNGO-Joint,55,25,0,88,0.1,6.334835204011175,0.5,3,4,48,41.20000000000001
Park-Fav,DNGO-Joint,55,26,0,104,0.1,5.949089529822196,0.5,4,4,49,41.10000000000001
Park-Fav,DNGO-Joint,55,27,0,120,0.1,5.820018930099879,0.5,5,4,50,41.00000000000001
Park-Fav,DNGO-Joint,55,28,0,124,0.1,5.661692421389534,0.5,6,4,51,40.900000000000006
Park-Fav,DNGO-Joint,55,29,0,76,0.1,5.406308572994221,0.5,7,4,52,40.800000000000004
Park-Fav,DNGO-Joint,55,30,0,176,0.1,5.148945889040011,0.5,8,4,53,40.70000000000001
Park-Fav,DNGO-Joint,55,31,0,92,0.1,4.941493410203878,0.5,9,4,54,40.60000000000001
Park-Fav,DNGO-Joint,55,32,0,160,0.1,4.571105750022172,0.5,10,4,55,40.50000000000001
Park-Fav,DNGO-Joint,55,33,0,144,0.1,4.532977278609273,0.5,11,4,56,40.40000000000001
Park-Fav,DNGO-Joint,55,34,0,128,0.1,4.439600373253736,0.5,12,4,57,40.30000000000001
Park-Fav,DNGO-Joint,55,35,0,1,0.1,4.489546042629863,0.5,13,4,58,40.20000000000001
Park-Fav,DNGO-Joint,55,36,0,49,0.1,4.004607070184479,0.5,14,4,59,40.10000000000001
Park-Fav,DNGO-Joint,55,37,0,33,0.1,4.113563845777997,0.5,15,4,60,40.00000000000001
Park-Fav,DNGO-Joint,55,38,0,17,0.1,3.93387553748555,0.5,16,4,61,39.90000000000001
Park-Fav,DNGO-Joint,55,39,0,240,0.1,3.8857230222804895,0.5,17,4,62,39.80000000000001
Park-Fav,DNGO-Joint,55,40,0,180,0.1,3.5423508135638326,0.5,18,4,63,39.70000000000001
Park-Fav,DNGO-Joint,55,41,0,132,0.1,3.7630325115174648,0.5,19,4,64,39.600000000000016
Park-Fav,DNGO-Joint,55,42,0,148,0.1,3.450958111820636,0.5,20,4,65,39.500000000000014
Park-Fav,DNGO-Joint,55,43,1,192,1.0,2.5087994605818733,0.5,0,5,65,38.500000000000014
Park-Fav,DNGO-Joint,55,44,0,164,0.1,3.3975663224009582,0.5,1,5,66,38.40000000000001
Park-Fav,DNGO-Joint,55,45,0,53,0.1,3.0066113751571093,0.5,2,5,67,38.30000000000001
Park-Fav,DNGO-Joint,55,46,0,208,0.1,2.9338802315385806,0.5,3,5,68,38.20000000000001
Park-Fav,DNGO-Joint,55,47,0,224,0.1,2.884945112791666,0.5,4,5,69,38.100000000000016
Park-Fav,DNGO-Joint,55,48,0,136,0.1,2.9496750431648193,0.5,5,5,70,38.000000000000014
Park-Fav,DNGO-Joint,55,49,0,37,0.1,2.5474582615286683,0.5,6,5,71,37.90000000000001
Park-Fav,DNGO-Joint,55,50,0,184,0.1,2.6175256957697455,0.5,7,5,72,37.80000000000002
Park-Fav,DNGO-Joint,55,51,0,5,0.1,2.773293674509526,0.5,8,5,73,37.70000000000002
Park-Fav,DNGO-Joint,55,52,0,21,0.1,2.583459924487426,0.5,9,5,74,37.600000000000016
Park-Fav,DNGO-Joint,55,53,0,152,0.1,2.410449231025531,0.5,10,5,75,37.500000000000014
Park-Fav,DNGO-Joint,55,54,0,168,0.1,2.2508415253374285,0.5,11,5,76,37.40000000000001
Park-Fav,DNGO-Joint,55,55,0,57,0.1,2.289968937002068,0.5,12,5,77,37.30000000000002
Park-Fav,DNGO-Joint,55,56,0,140,0.1,2.0569016545609267,0.5,13,5,78,37.20000000000002
Park-Fav,DNGO-Joint,55,57,0,196,0.1,2.1450232493145442,0.5,14,5,79,37.100000000000016
Park-Fav,DNGO-Joint,55,58,0,65,0.1,1.9810804883284516,0.5,15,5,80,37.00000000000002
Park-Fav,DNGO-Joint,55,59,0,61,0.1,1.8954739342629257,0.5,16,5,81,36.90000000000002
Park-Fav,DNGO-Joint,55,60,0,188,0.1,1.8859402307409445,0.5,17,5,82,36.80000000000002
Park-Fav,DNGO-Joint,55,61,0,9,0.1,1.7721759820037424,0.5,18,5,83,36.70000000000002
Park-Fav,DNGO-Joint,55,62,0,244,0.1,1.7744196218836805,0.5,19,5,84,36.600000000000016
Park-Fav,DNGO-Joint,55,63,0,41,0.1,1.6511094987657382,0.5,20,5,85,36.50000000000002
Park-Fav,DNGO-Joint,55,64,1,32,1.0,1.5403018535694735,0.5,0,6,85,35.50000000000002
Park-Fav,DNGO-Joint,55,65,0,172,0.1,3.271129531705986,1.0,1,6,86,35.40000000000002
Park-Fav,DNGO-Joint,55,66,0,156,0.1,3.130689047715621,1.0,2,6,87,35.30000000000002
Park-Fav,DNGO-Joint,55,67,0,25,0.1,3.1483232737710165,1.0,3,6,88,35.200000000000024
Park-Fav,DNGO-Joint,55,68,0,97,0.1,3.020559967834465,1.0,4,6,89,35.10000000000002
Park-Fav,DNGO-Joint,55,69,0,228,0.1,2.852577046985465,1.0,5,6,90,35.00000000000002
Park-Fav,DNGO-Joint,55,70,0,113,0.1,2.8901076942040613,1.0,6,6,91,34.90000000000002
Park-Fav,DNGO-Joint,55,71,0,212,0.1,2.750197297972552,1.0,7,6,92,34.80000000000002
Park-Fav,DNGO-Joint,55,72,0,13,0.1,2.3058489170685403,1.0,8,6,93,34.700000000000024
Park-Fav,DNGO-Joint,55,73,0,45,0.1,2.38387239966929,1.0,9,6,94,34.60000000000002
Park-Fav,DNGO-Joint,55,74,0,29,0.1,2.132746195898472,1.0,10,6,95,34.50000000000002
Park-Fav,DNGO-Joint,55,75,0,200,0.1,1.8383657404778424,1.0,11,6,96,34.40000000000003
Park-Fav,DNGO-Joint,55,76,0,248,0.1,2.0301602727078354,1.0,12,6,97,34.300000000000026
Park-Fav,DNGO-Joint,55,77,0,69,0.1,1.691021738780929,1.0,13,6,98,34.200000000000024
Park-Fav,DNGO-Joint,55,78,0,216,0.1,1.5931476880477329,1.0,14,6,99,34.10000000000002
Park-Fav,DNGO-Joint,55,79,0,232,0.1,1.5994663744441566,1.0,15,6,100,34.00000000000002
Park-Fav,DNGO-Joint,55,80,0,117,0.1,1.5031006403297524,1.0,16,6,101,33.90000000000003
Park-Fav,DNGO-Joint,55,81,0,2,0.1,1.502634532780042,1.0,17,6,102,33.800000000000026
Park-Fav,DNGO-Joint,55,82,0,85,0.1,1.4295108426599106,1.0,18,6,103,33.700000000000024
Park-Fav,DNGO-Joint,55,83,1,16,1.0,1.3440824857015181,1.0,0,7,103,32.700000000000024
Park-Fav,DNGO-Joint,55,84,0,101,0.1,1.3914299586757473,1.0,1,7,104,32.60000000000002
Park-Fav,DNGO-Joint,55,85,0,252,0.1,1.3436763153968612,1.0,2,7,105,32.50000000000002
Park-Fav,DNGO-Joint,55,86,0,129,0.1,1.3834644625877868,1.0,3,7,106,32.40000000000002
Park-Fav,DNGO-Joint,55,87,0,177,0.1,1.3533461069606738,1.0,4,7,107,32.30000000000002
Park-Fav,DNGO-Joint,55,88,0,18,0.1,1.1993846651684459,1.0,5,7,108,32.20000000000002
Park-Fav,DNGO-Joint,55,89,0,145,0.1,1.2245104267889173,1.0,6,7,109,32.100000000000016
Park-Fav,DNGO-Joint,55,90,0,50,0.1,1.142837601422572,1.0,7,7,110,32.000000000000014
Park-Fav,DNGO-Joint,55,91,0,204,0.1,1.094398705755159,1.0,8,7,111,31.900000000000013
Park-Fav,DNGO-Joint,55,92,1,96,1.0,1.219086018783782,1.0,0,8,111,30.900000000000013
Park-Fav,DNGO-Joint,55,93,0,161,0.1,1.042303975881711,1.0,1,8,112,30.80000000000001
Park-Fav,DNGO-Joint,55,94,1,64,1.0,1.012487007313874,1.0,0,9,112,29.80000000000001
Park-Fav,DNGO-Joint,55,95,0,34,0.1,1.025168274013583,1.0,1,9,113,29.70000000000001
Park-Fav,DNGO-Joint,55,96,0,220,0.1,0.8691900132025032,1.0,2,9,114,29.60000000000001
Park-Fav,DNGO-Joint,55,97,1,112,1.0,1.063400878508633,1.0,0,10,114,28.60000000000001
Park-Fav,DNGO-Joint,55,98,1,80,1.0,0.8613754120300507,0.9999999999999999,0,11,114,27.60000000000001
Park-Fav,DNGO-Joint,55,99,0,236,0.1,0.8327292456109003,1.0,1,11,115,27.500000000000007
Park-Fav,DNGO-Joint,55,100,0,73,0.1,0.7277435281558453,1.0,2,11,116,27.400000000000006
Park-Fav,DNGO-Joint,55,101,0,121,0.1,0.7090076651907506,1.0,3,11,117,27.300000000000004
Park-Fav,DNGO-Joint,55,102,1,176,1.0,0.5890833237784956,1.0,0,12,117,26.300000000000004
Park-Fav,DNGO-Joint,55,103,0,193,0.1,0.5879786691001551,1.0,1,12,118,26.200000000000003
Park-Fav,DNGO-Joint,55,104,1,128,1.0,0.5837860030083727,1.0,0,13,118,25.200000000000003
Park-Fav,DNGO-Joint,55,105,1,1,1.0,0.5777268115531318,1.0,0,14,118,24.200000000000003
Park-Fav,DNGO-Joint,55,106,0,241,0.1,0.5499073599841514,0.9883727058511946,1,14,119,24.1
Park-Fav,DNGO-Joint,55,107,1,49,1.0,0.5998709508675536,0.9883727058511946,0,15,119,23.1
Park-Fav,DNGO-Joint,55,108,1,160,1.0,0.5157508087959838,0.9874625590236495,0,16,119,22.1
Park-Fav,DNGO-Joint,55,109,1,144,1.0,0.5037609474866284,0.9861186269089458,0,17,119,21.1
Park-Fav,DNGO-Joint,55,110,0,89,0.1,0.5255223418036155,0.9852652633944438,1,17,120,21.0
Park-Fav,DNGO-Joint,55,111,0,209,0.1,0.4439921682397289,0.9852652633944438,2,17,121,20.9
Park-Fav,DNGO-Joint,55,112,0,133,0.1,0.4250069706498962,0.9852652633944438,3,17,122,20.799999999999997
Park-Fav,DNGO-Joint,55,113,0,225,0.1,0.4274779813119546,0.9852652633944438,4,17,123,20.699999999999996
Park-Fav,DNGO-Joint,55,114,1,240,1.0,0.40403165526339346,0.9852652633944438,0,18,123,19.699999999999996
Park-Fav,DNGO-Joint,55,115,0,125,0.1,0.43129759095010795,0.9854848496037941,1,18,124,19.599999999999994
Park-Fav,DNGO-Joint,55,116,0,77,0.1,0.4179379945488718,0.9854848496037941,2,18,125,19.499999999999993
Park-Fav,DNGO-Joint,55,117,0,54,0.1,0.34219606476526176,0.9854848496037941,3,18,126,19.39999999999999
Park-Fav,DNGO-Joint,55,118,0,181,0.1,0.33468961395290775,0.9854848496037941,4,18,127,19.29999999999999
Park-Fav,DNGO-Joint,55,119,0,6,0.1,0.34788373042706755,0.9854848496037941,5,18,128,19.19999999999999
Park-Fav,DNGO-Joint,55,120,1,224,1.0,0.3073678328367748,0.9854848496037941,0,19,128,18.19999999999999
Park-Fav,DNGO-Joint,55,121,0,66,0.1,0.28950040495659557,0.9861640114411909,1,19,129,18.099999999999987
Park-Fav,DNGO-Joint,55,122,0,165,0.1,0.2780503587850569,0.9861640114411909,2,19,130,17.999999999999986
Park-Fav,DNGO-Joint,55,123,1,208,1.0,0.28546181921177416,0.9861640114411909,0,20,130,16.999999999999986
Park-Fav,DNGO-Joint,55,124,1,33,1.0,0.3325602234398798,0.9868609514988596,0,21,130,15.999999999999986
Park-Fav,DNGO-Joint,55,125,1,52,1.0,0.30685041733214236,0.9834452620822534,0,22,130,14.999999999999986
Park-Fav,DNGO-Joint,55,126,1,36,1.0,0.6112643050619659,0.9850888822080259,0,23,130,13.999999999999986
Park-Fav,DNGO-Joint,55,127,1,56,1.0,0.8951495914125509,0.9863120020032915,0,24,130,12.999999999999986
Park-Fav,DNGO-Joint,55,128,1,40,1.0,0.9708460406349975,0.9872576867624812,0,25,130,11.999999999999986
Park-Fav,DNGO-Joint,55,129,1,60,1.0,1.167992226687386,0.9880107140630087,0,26,130,10.999999999999986
Park-Fav,DNGO-Joint,55,130,1,20,1.0,0.9046933657502323,0.9886245135966181,0,27,130,9.999999999999986
Park-Fav,DNGO-Joint,55,131,1,44,1.0,0.9273127843011941,0.9891344304459098,0,28,130,8.999999999999986
Park-Fav,DNGO-Joint,55,132,1,4,1.0,1.183932253446372,0.9895647790856208,0,29,130,7.999999999999986
Park-Fav,DNGO-Joint,55,133,1,24,1.0,1.1340948996880378,0.9899328355453986,0,30,130,6.999999999999986
Park-Fav,DNGO-Joint,55,134,1,8,1.0,1.023897810553464,0.9902512118491804,0,31,130,5.999999999999986
Park-Fav,DNGO-Joint,55,135,1,28,1.0,0.9614665101761956,0.9905293307432178,0,32,130,4.999999999999986
Park-Fav,DNGO-Joint,55,136,1,12,1.0,1.011724637666521,0.990774373698773,0,33,130,3.999999999999986
Park-Fav,DNGO-Joint,55,137,1,68,1.0,0.6142091200247715,0.990991909992781,0,34,130,2.999999999999986
Park-Fav,DNGO-Joint,55,138,1,72,1.0,0.5625007068353836,0.9909304325241398,0,35,130,1.9999999999999858
Park-Fav,DNGO-Joint,55,139,1,120,1.0,0.6915107760638319,0.9900424110776171,0,36,130,0.9999999999999858
Park-Fav,DNGO-Joint,55,140,0,38,0.1,0.27239245055141065,0.9892437531260905,1,36,131,0.8999999999999858
Park-Fav,DNGO-Joint,55,141,0,22,0.1,0.2714335523309972,0.9892437531260905,2,36,132,0.7999999999999844
Park-Fav,DNGO-Joint,55,142,0,109,0.1,0.2671173430986618,0.9892437531260905,3,36,133,0.699999999999983
Park-Fav,DNGO-Joint,55,143,0,93,0.1,0.25918929552406617,0.9892437531260905,4,36,134,0.5999999999999815
Park-Fav,DNGO-Joint,55,144,0,114,0.1,0.24095790588050295,0.9892437531260905,5,36,135,0.4999999999999801
Park-Fav,DNGO-Joint,55,145,0,197,0.1,0.15276553077623142,0.9892437531260905,6,36,136,0.3999999999999787
Park-Fav,DNGO-Joint,55,146,0,58,0.1,0.15647912569843983,0.9892437531260905,7,36,137,0.2999999999999773
Park-Fav,DNGO-Joint,55,147,0,3,0.1,0.183654983810573,0.9892437531260905,8,36,138,0.19999999999997584
Park-Fav,DNGO-Joint,55,148,0,245,0.1,0.1357077975674212,0.9892437531260905,9,36,139,0.09999999999997441
Park-Fav,DNGO-Joint,56,1,0,0,0.1,9.906755456788773,0.5,1,2,26,45.4
Park-Fav,DNGO-Joint,56,2,0,16,0.1,7.684361907435592,0.5,2,2,27,45.3
Park-Fav,DNGO-Joint,56,3,0,32,0.1,8.032253774795494,0.5,3,2,28,45.199999999999996
Park-Fav,DNGO-Joint,56,4,0,20,0.1,8.02647846127172,0.5,4,2,29,45.1
Park-Fav,DNGO-Joint,56,5,0,36,0.1,7.800880933479388,0.5,5,2,30,45.0
Park-Fav,DNGO-Joint,56,6,0,48,0.1,7.940499856997518,0.5,6,2,31,44.9
Park-Fav,DNGO-Joint,56,7,0,52,0.1,7.808241039559293,0.5,7,2,32,44.800000000000004
Park-Fav,DNGO-Joint,56,8,0,4,0.1,7.846211277646812,0.5,8,2,33,44.7
Park-Fav,DNGO-Joint,56,9,0,80,0.1,7.304787957646318,0.5,9,2,34,44.6
Park-Fav,DNGO-Joint,56,10,0,24,0.1,7.629592737640449,0.5,10,2,35,44.5
Park-Fav,DNGO-Joint,56,11,0,8,0.1,8.485692897176952,0.5,11,2,36,44.4
Park-Fav,DNGO-Joint,56,12,0,40,0.1,7.780785802109743,0.5,12,2,37,44.300000000000004
Park-Fav,DNGO-Joint,56,13,0,56,0.1,8.147084140658945,0.5,13,2,38,44.2
Park-Fav,DNGO-Joint,56,14,0,60,0.1,7.443297042912791,0.5,14,2,39,44.1
Park-Fav,DNGO-Joint,56,15,0,44,0.1,7.482793875022813,0.5,15,2,40,44.00000000000001
Park-Fav,DNGO-Joint,56,16,0,28,0.1,7.522071837494961,0.5,16,2,41,43.900000000000006
Park-Fav,DNGO-Joint,56,17,0,12,0.1,7.675962186401912,0.5,17,2,42,43.800000000000004
Park-Fav,DNGO-Joint,56,18,0,64,0.1,6.561584222175571,0.5,18,2,43,43.7
Park-Fav,DNGO-Joint,56,19,0,112,0.1,6.62113104856342,0.5,19,2,44,43.6
Park-Fav,DNGO-Joint,56,20,1,48,1.0,6.346136680713493,0.5,0,3,44,42.60000000000001
Park-Fav,DNGO-Joint,56,21,0,96,0.1,6.384932608775584,0.5,1,3,45,42.50000000000001
Park-Fav,DNGO-Joint,56,22,0,116,0.1,6.155277931386558,0.5,2,3,46,42.400000000000006
Park-Fav,DNGO-Joint,56,23,0,120,0.1,6.052466441691845,0.5,3,3,47,42.300000000000004
Park-Fav,DNGO-Joint,56,24,0,68,0.1,6.052690434257429,0.5,4,3,48,42.20000000000001
Park-Fav,DNGO-Joint,56,25,0,72,0.1,5.859403064942672,0.5,5,3,49,42.10000000000001
Park-Fav,DNGO-Joint,56,26,0,104,0.1,5.5708564965474965,0.5,6,3,50,42.00000000000001
Park-Fav,DNGO-Joint,56,27,0,88,0.1,5.556840403921899,0.5,7,3,51,41.900000000000006
Park-Fav,DNGO-Joint,56,28,0,108,0.1,5.040399442360997,0.5,8,3,52,41.800000000000004
Park-Fav,DNGO-Joint,56,29,0,76,0.1,5.170848140422813,0.5,9,3,53,41.70000000000001
Park-Fav,DNGO-Joint,56,30,0,124,0.1,4.8262473954101965,0.5,10,3,54,41.60000000000001
Park-Fav,DNGO-Joint,56,31,0,92,0.1,4.753706220052388,0.5,11,3,55,41.50000000000001
Park-Fav,DNGO-Joint,56,32,0,128,0.1,4.5896953328843555,0.5,12,3,56,41.40000000000001
Park-Fav,DNGO-Joint,56,33,0,144,0.1,4.40529094665755,0.5,13,3,57,41.30000000000001
Park-Fav,DNGO-Joint,56,34,0,176,0.1,4.323575022160752,0.5,14,3,58,41.20000000000001
Park-Fav,DNGO-Joint,56,35,0,160,0.1,4.027525313514886,0.5,15,3,59,41.10000000000001
Park-Fav,DNGO-Joint,56,36,0,180,0.1,3.734674305929595,0.5,16,3,60,41.00000000000001
Park-Fav,DNGO-Joint,56,37,0,1,0.1,3.603620655840463,0.5,17,3,61,40.90000000000001
Park-Fav,DNGO-Joint,56,38,0,49,0.1,3.469599728958471,0.5,18,3,62,40.80000000000001
Park-Fav,DNGO-Joint,56,39,0,132,0.1,3.363776945126984,0.5,19,3,63,40.70000000000001
Park-Fav,DNGO-Joint,56,40,0,33,0.1,3.280632102594707,0.5,20,3,64,40.600000000000016
Park-Fav,DNGO-Joint,56,41,1,35,1.0,2.661120726737956,0.5,0,4,64,39.600000000000016
Park-Fav,DNGO-Joint,56,42,0,17,0.1,3.3394057722345494,0.5,1,4,65,39.500000000000014
Park-Fav,DNGO-Joint,56,43,0,164,0.1,3.052756907235058,0.5,2,4,66,39.40000000000001
Park-Fav,DNGO-Joint,56,44,0,148,0.1,2.9304305144051157,0.5,3,4,67,39.30000000000001
Park-Fav,DNGO-Joint,56,45,0,192,0.1,2.9249619209497126,0.5,4,4,68,39.20000000000001
Park-Fav,DNGO-Joint,56,46,0,184,0.1,2.621109428614057,0.5,5,4,69,39.100000000000016
Park-Fav,DNGO-Joint,56,47,0,240,0.1,2.660371742719311,0.5,6,4,70,39.000000000000014
Park-Fav,DNGO-Joint,56,48,1,0,1.0,2.6538910324935823,0.5,0,5,70,38.000000000000014
Park-Fav,DNGO-Joint,56,49,0,224,0.1,2.5455708761270923,0.5,1,5,71,37.90000000000001
Park-Fav,DNGO-Joint,56,50,1,192,1.0,2.5064167252703333,0.5,0,6,71,36.90000000000002
Park-Fav,DNGO-Joint,56,51,0,208,0.1,4.538401107274336,0.9999999999999999,1,6,72,36.80000000000002
Park-Fav,DNGO-Joint,56,52,0,5,0.1,4.703093040456472,0.9999999999999999,2,6,73,36.70000000000002
Park-Fav,DNGO-Joint,56,53,0,21,0.1,4.380995061172525,0.9999999999999999,3,6,74,36.600000000000016
Park-Fav,DNGO-Joint,56,54,0,168,0.1,4.448820308761875,0.9999999999999999,4,6,75,36.500000000000014
Park-Fav,DNGO-Joint,56,55,0,37,0.1,4.1094503535291205,0.9999999999999999,5,6,76,36.40000000000001
Park-Fav,DNGO-Joint,56,56,0,140,0.1,3.8137424669225988,0.9999999999999999,6,6,77,36.30000000000002
Park-Fav,DNGO-Joint,56,57,0,188,0.1,3.693262611611682,0.9999999999999999,7,6,78,36.20000000000002
Park-Fav,DNGO-Joint,56,58,0,196,0.1,3.2757796054823545,0.9999999999999999,8,6,79,36.100000000000016
Park-Fav,DNGO-Joint,56,59,0,244,0.1,3.6376412630179527,0.9999999999999999,9,6,80,36.00000000000002
Park-Fav,DNGO-Joint,56,60,0,156,0.1,3.0777250386929125,0.9999999999999999,10,6,81,35.90000000000002
Park-Fav,DNGO-Joint,56,61,0,9,0.1,3.1354157463722125,0.9999999999999999,11,6,82,35.80000000000002
Park-Fav,DNGO-Joint,56,62,0,57,0.1,2.764564102276326,0.9999999999999999,12,6,83,35.70000000000002
Park-Fav,DNGO-Joint,56,63,0,65,0.1,3.0624105145724294,0.9999999999999999,13,6,84,35.600000000000016
Park-Fav,DNGO-Joint,56,64,0,228,0.1,2.896720616392298,0.9999999999999999,14,6,85,35.50000000000002
Park-Fav,DNGO-Joint,56,65,0,113,0.1,2.6616671722627476,0.9999999999999999,15,6,86,35.40000000000002
Park-Fav,DNGO-Joint,56,66,0,81,0.1,2.731884448190636,0.9999999999999999,16,6,87,35.30000000000002
Park-Fav,DNGO-Joint,56,67,0,212,0.1,2.5327318245460577,0.9999999999999999,17,6,88,35.200000000000024
Park-Fav,DNGO-Joint,56,68,0,97,0.1,2.3645613037597744,0.9999999999999999,18,6,89,35.10000000000002
Park-Fav,DNGO-Joint,56,69,0,13,0.1,2.09074489739579,0.9999999999999999,19,6,90,35.00000000000002
Park-Fav,DNGO-Joint,56,70,0,61,0.1,2.039342561092413,0.9999999999999999,20,6,91,34.90000000000002
Park-Fav,DNGO-Joint,56,71,1,32,1.0,1.400011196881018,0.9999999999999999,0,7,91,33.90000000000002
Park-Fav,DNGO-Joint,56,72,0,200,0.1,1.8579043132524626,0.9999999999999999,1,7,92,33.80000000000002
Park-Fav,DNGO-Joint,56,73,0,45,0.1,1.8098537266617716,0.9999999999999999,2,7,93,33.700000000000024
Park-Fav,DNGO-Joint,56,74,0,248,0.1,1.7896322761573364,0.9999999999999999,3,7,94,33.600000000000016
Park-Fav,DNGO-Joint,56,75,0,29,0.1,1.757244918642841,0.9999999999999999,4,7,95,33.50000000000002
Park-Fav,DNGO-Joint,56,76,0,232,0.1,1.5358631182606892,0.9999999999999999,5,7,96,33.40000000000001
Park-Fav,DNGO-Joint,56,77,0,216,0.1,1.4602298821455164,0.9999999999999999,6,7,97,33.30000000000002
Park-Fav,DNGO-Joint,56,78,0,129,0.1,1.276786092111993,0.9999999999999999,7,7,98,33.20000000000001
Park-Fav,DNGO-Joint,56,79,0,2,0.1,1.3135454120386443,0.9999999999999999,8,7,99,33.100000000000016
Park-Fav,DNGO-Joint,56,80,0,252,0.1,1.3369469828314169,0.9999999999999999,9,7,100,33.00000000000001
Park-Fav,DNGO-Joint,56,81,1,16,1.0,1.2330800352764402,0.9999999999999999,0,8,100,32.000000000000014
Park-Fav,DNGO-Joint,56,82,0,117,0.1,1.1952861013235576,1.0,1,8,101,31.900000000000013
Park-Fav,DNGO-Joint,56,83,0,50,0.1,1.159355926059105,1.0,2,8,102,31.800000000000008
Park-Fav,DNGO-Joint,56,84,0,34,0.1,1.1102054258564114,1.0,3,8,103,31.700000000000006
Park-Fav,DNGO-Joint,56,85,0,85,0.1,1.092214258469919,1.0,4,8,104,31.600000000000005
Park-Fav,DNGO-Joint,56,86,0,204,0.1,1.1196987705842398,1.0,5,8,105,31.500000000000004
Park-Fav,DNGO-Joint,56,87,0,145,0.1,1.04130839675925,1.0,6,8,106,31.400000000000002
Park-Fav,DNGO-Joint,56,88,1,112,1.0,1.1289926218817634,1.0,0,9,106,30.400000000000002
Park-Fav,DNGO-Joint,56,89,0,177,0.1,0.9618444405076804,1.0,1,9,107,30.3
Park-Fav,DNGO-Joint,56,90,0,101,0.1,0.9815483225788441,1.0,2,9,108,30.2
Park-Fav,DNGO-Joint,56,91,1,64,1.0,0.9877630012808473,1.0,0,10,108,29.2
Park-Fav,DNGO-Joint,56,92,0,161,0.1,0.9314284673013965,0.9999999999999998,1,10,109,29.099999999999998
Park-Fav,DNGO-Joint,56,93,1,96,1.0,0.9098548152859898,0.9999999999999998,0,11,109,28.099999999999998
Park-Fav,DNGO-Joint,56,94,1,80,1.0,0.8280174650914113,0.9999999999999999,0,12,109,27.099999999999998
Park-Fav,DNGO-Joint,56,95,0,236,0.1,0.7679546848511731,1.0,1,12,110,26.999999999999996
Park-Fav,DNGO-Joint,56,96,0,220,0.1,0.7037527102201208,1.0,2,12,111,26.899999999999995
Park-Fav,DNGO-Joint,56,97,1,4,1.0,0.6647263789490304,1.0,0,13,111,25.899999999999995
Park-Fav,DNGO-Joint,56,98,1,20,1.0,0.9494426567411103,1.0,0,14,111,24.899999999999995
Park-Fav,DNGO-Joint,56,99,1,8,1.0,0.9384205253081697,1.0,0,15,111,23.899999999999995
Park-Fav,DNGO-Joint,56,100,1,24,1.0,1.052041032671681,0.9999999999999999,0,16,111,22.899999999999995
Park-Fav,DNGO-Joint,56,101,1,36,1.0,1.0798848024502645,0.9999999999999997,0,17,111,21.899999999999995
Park-Fav,DNGO-Joint,56,102,1,12,1.0,1.222995054497435,0.9999999999999999,0,18,111,20.899999999999995
Park-Fav,DNGO-Joint,56,103,1,52,1.0,0.9809244088401985,0.9999999999999994,0,19,111,19.899999999999995
Park-Fav,DNGO-Joint,56,104,1,28,1.0,1.1607181596040628,0.9999999999999996,0,20,111,18.899999999999995
Park-Fav,DNGO-Joint,56,105,1,40,1.0,1.045818004346034,0.9999999999999993,0,21,111,17.899999999999995
Park-Fav,DNGO-Joint,56,106,1,44,1.0,1.0275299740319472,0.9999999999999993,0,22,111,16.89999999999999
Park-Fav,DNGO-Joint,56,107,1,56,1.0,1.0634642787887079,0.999999999999999,0,23,111,15.899999999999991
Park-Fav,DNGO-Joint,56,108,1,60,1.0,0.9216924608168379,0.9999999999999992,0,24,111,14.899999999999991
Park-Fav,DNGO-Joint,56,109,1,68,1.0,0.8048288032717625,0.9999999999999993,0,25,111,13.899999999999991
Park-Fav,DNGO-Joint,56,110,0,73,0.1,0.6211332353227897,0.9988979297245777,1,25,112,13.799999999999992
Park-Fav,DNGO-Joint,56,111,1,76,1.0,0.7596727419737643,0.9988979297245777,0,26,112,12.79999999999999
Park-Fav,DNGO-Joint,56,112,1,116,1.0,0.6904054038221652,0.9878798856368698,0,27,112,11.79999999999999
Park-Fav,DNGO-Joint,56,113,1,100,1.0,0.6539644641776399,0.9883269477663279,0,28,112,10.79999999999999
Park-Fav,DNGO-Joint,56,114,1,84,1.0,0.6078881492117479,0.9887119303928443,0,29,112,9.79999999999999
Park-Fav,DNGO-Joint,56,115,1,72,1.0,0.5996586024918935,0.9890466929390856,0,30,112,8.79999999999999
Park-Fav,DNGO-Joint,56,116,1,104,1.0,0.5690976490000514,0.9881136587280477,0,31,112,7.79999999999999
Park-Fav,DNGO-Joint,56,117,1,128,1.0,0.5168034531138082,0.9875325795948842,0,32,112,6.79999999999999
Park-Fav,DNGO-Joint,56,118,0,193,0.1,0.5299583143690564,0.9874002823739961,1,32,113,6.69999999999999
Park-Fav,DNGO-Joint,56,119,1,88,1.0,0.5253589626407211,0.9874002823739961,0,33,113,5.699999999999989
Park-Fav,DNGO-Joint,56,120,1,120,1.0,0.4739931803050995,0.9867851529813334,0,34,113,4.699999999999989
Park-Fav,DNGO-Joint,56,121,0,121,0.1,0.49562964271318305,0.9863402941316044,1,34,114,4.599999999999989
Park-Fav,DNGO-Joint,56,122,1,160,1.0,0.4662998172874346,0.9863402941316044,0,35,114,3.599999999999987
Park-Fav,DNGO-Joint,56,123,1,176,1.0,0.4697087269600816,0.9860371322247798,0,36,114,2.599999999999987
Park-Fav,DNGO-Joint,56,124,1,108,1.0,0.4307125908324906,0.985915619618107,0,37,114,1.5999999999999872
Park-Fav,DNGO-Joint,56,125,1,144,1.0,0.4641220929126637,0.9829855703708431,0,38,114,0.5999999999999872
Park-Fav,DNGO-Joint,56,126,0,89,0.1,0.3756639806531729,0.9827998889783686,1,38,115,0.49999999999998723
Park-Fav,DNGO-Joint,56,127,0,209,0.1,0.4075064958504511,0.9827998889783686,2,38,116,0.3999999999999858
Park-Fav,DNGO-Joint,56,128,0,6,0.1,0.37889671685090864,0.9827998889783686,3,38,117,0.2999999999999844
Park-Fav,DNGO-Joint,56,129,0,105,0.1,0.37261863032785436,0.9827998889783686,4,38,118,0.19999999999998294
Park-Fav,DNGO-Joint,56,130,0,241,0.1,0.4038285847936563,0.9827998889783686,5,38,119,0.09999999999998152
Park-Fav,DNGO-Joint,57,1,0,20,0.1,14.315633764297822,0.5,1,2,26,45.4
Park-Fav,DNGO-Joint,57,2,0,48,0.1,7.94676391415437,0.5,2,2,27,45.3
Park-Fav,DNGO-Joint,57,3,0,16,0.1,8.170463061883387,0.5,3,2,28,45.199999999999996
Park-Fav,DNGO-Joint,57,4,0,32,0.1,8.300253468798594,0.5,4,2,29,45.1
Park-Fav,DNGO-Joint,57,5,0,36,0.1,8.375142237162043,0.5,5,2,30,45.0
Park-Fav,DNGO-Joint,57,6,0,0,0.1,7.9083975968374896,0.5,6,2,31,44.9
Park-Fav,DNGO-Joint,57,7,0,4,0.1,7.78960135902485,0.5,7,2,32,44.800000000000004
Park-Fav,DNGO-Joint,57,8,0,24,0.1,7.305109377864831,0.5,8,2,33,44.7
Park-Fav,DNGO-Joint,57,9,0,8,0.1,7.986589938782556,0.5,9,2,34,44.6
Park-Fav,DNGO-Joint,57,10,0,40,0.1,8.046351647601913,0.5,10,2,35,44.5
Park-Fav,DNGO-Joint,57,11,0,56,0.1,7.638940744962109,0.5,11,2,36,44.4
Park-Fav,DNGO-Joint,57,12,0,112,0.1,6.829298508099077,0.5,12,2,37,44.300000000000004
Park-Fav,DNGO-Joint,57,13,0,12,0.1,7.142685787101993,0.5,13,2,38,44.2
Park-Fav,DNGO-Joint,57,14,0,28,0.1,7.464529540737407,0.5,14,2,39,44.1
Park-Fav,DNGO-Joint,57,15,0,44,0.1,7.20457017439637,0.5,15,2,40,44.00000000000001
Park-Fav,DNGO-Joint,57,16,0,60,0.1,7.351651075902232,0.5,16,2,41,43.900000000000006
Park-Fav,DNGO-Joint,57,17,0,64,0.1,6.555445763238035,0.5,17,2,42,43.800000000000004
Park-Fav,DNGO-Joint,57,18,0,68,0.1,6.336963601690968,0.5,18,2,43,43.7
Park-Fav,DNGO-Joint,57,19,0,80,0.1,6.309236767008844,0.5,19,2,44,43.6
Park-Fav,DNGO-Joint,57,20,0,116,0.1,6.4322461764155054,0.5,20,2,45,43.50000000000001
Park-Fav,DNGO-Joint,57,21,1,48,1.0,1.6974351221390969,0.5,0,3,45,42.50000000000001
Park-Fav,DNGO-Joint,57,22,0,96,0.1,6.3592749481513104,0.5,1,3,46,42.400000000000006
Park-Fav,DNGO-Joint,57,23,0,100,0.1,5.973540463350607,0.5,2,3,47,42.300000000000004
Park-Fav,DNGO-Joint,57,24,0,88,0.1,5.81158009860808,0.5,3,3,48,42.20000000000001
Park-Fav,DNGO-Joint,57,25,0,120,0.1,5.704236126832285,0.5,4,3,49,42.10000000000001
Park-Fav,DNGO-Joint,57,26,0,84,0.1,5.6108089721825065,0.5,5,3,50,42.00000000000001
Park-Fav,DNGO-Joint,57,27,0,104,0.1,5.403089125219678,0.5,6,3,51,41.900000000000006
Park-Fav,DNGO-Joint,57,28,0,76,0.1,5.287445199340833,0.5,7,3,52,41.800000000000004
Park-Fav,DNGO-Joint,57,29,0,72,0.1,4.962169238005753,0.5,8,3,53,41.70000000000001
Park-Fav,DNGO-Joint,57,30,0,92,0.1,4.817417370686865,0.5,9,3,54,41.60000000000001
Park-Fav,DNGO-Joint,57,31,0,124,0.1,4.659473214242705,0.5,10,3,55,41.50000000000001
Park-Fav,DNGO-Joint,57,32,0,108,0.1,4.560684173533482,0.5,11,3,56,41.40000000000001
Park-Fav,DNGO-Joint,57,33,0,128,0.1,4.275744802230372,0.5,12,3,57,41.30000000000001
Park-Fav,DNGO-Joint,57,34,0,144,0.1,3.790480999657495,0.5,13,3,58,41.20000000000001
Park-Fav,DNGO-Joint,57,35,0,160,0.1,3.6460153917067273,0.5,14,3,59,41.10000000000001
Park-Fav,DNGO-Joint,57,36,0,180,0.1,3.2922101506890935,0.5,15,3,60,41.00000000000001
Park-Fav,DNGO-Joint,57,37,0,17,0.1,3.160493377350563,0.5,16,3,61,40.90000000000001
Park-Fav,DNGO-Joint,57,38,1,63,1.0,3.496252226920114,0.5,0,4,61,39.90000000000001
Park-Fav,DNGO-Joint,57,39,1,0,1.0,6.196638964408737,0.5,0,5,61,38.90000000000001
Park-Fav,DNGO-Joint,57,40,0,164,0.1,4.066648562490059,0.5,1,5,62,38.80000000000001
Park-Fav,DNGO-Joint,57,41,0,49,0.1,4.363655996750431,0.5,2,5,63,38.70000000000001
Park-Fav,DNGO-Joint,57,42,0,132,0.1,4.05952902968258,0.5,3,5,64,38.600000000000016
Park-Fav,DNGO-Joint,57,43,0,33,0.1,3.9109058062902404,0.5,4,5,65,38.500000000000014
Park-Fav,DNGO-Joint,57,44,0,240,0.1,3.6563666718278003,0.5,5,5,66,38.40000000000001
Park-Fav,DNGO-Joint,57,45,0,192,0.1,3.571307300511787,0.5,6,5,67,38.30000000000001
Park-Fav,DNGO-Joint,57,46,0,224,0.1,3.328921506188699,0.5,7,5,68,38.20000000000001
Park-Fav,DNGO-Joint,57,47,0,5,0.1,3.3358264193985345,0.5,8,5,69,38.100000000000016
Park-Fav,DNGO-Joint,57,48,0,208,0.1,3.1129951268038307,0.5,9,5,70,38.000000000000014
Park-Fav,DNGO-Joint,57,49,0,184,0.1,3.0512023257953285,0.5,10,5,71,37.90000000000001
Park-Fav,DNGO-Joint,57,50,0,136,0.1,2.9589679309019306,0.5,11,5,72,37.80000000000002
Park-Fav,DNGO-Joint,57,51,0,53,0.1,2.8832919982245664,0.5,12,5,73,37.70000000000002
Park-Fav,DNGO-Joint,57,52,0,21,0.1,2.815577790036557,0.5,13,5,74,37.600000000000016
Park-Fav,DNGO-Joint,57,53,0,152,0.1,2.6594182075621795,0.5,14,5,75,37.500000000000014
Park-Fav,DNGO-Joint,57,54,0,168,0.1,2.569781282082745,0.5,15,5,76,37.40000000000001
Park-Fav,DNGO-Joint,57,55,0,9,0.1,2.4084038500766716,0.5,16,5,77,37.30000000000002
Park-Fav,DNGO-Joint,57,56,0,140,0.1,2.5790725351094994,0.5,17,5,78,37.20000000000002
Park-Fav,DNGO-Joint,57,57,0,156,0.1,2.3054719863620563,0.5,18,5,79,37.100000000000016
Park-Fav,DNGO-Joint,57,58,0,65,0.1,2.1907516862735426,0.5,19,5,80,37.00000000000002
Park-Fav,DNGO-Joint,57,59,0,81,0.1,2.0856577779820156,0.5,20,5,81,36.90000000000002
Park-Fav,DNGO-Joint,57,60,1,12,1.0,1.7693410250586394,0.5,0,6,81,35.90000000000002
Park-Fav,DNGO-Joint,57,61,0,57,0.1,4.100503884459426,0.9992490624113983,1,6,82,35.80000000000002
Park-Fav,DNGO-Joint,57,62,0,244,0.1,4.068408979789072,0.9992490624113983,2,6,83,35.70000000000002
Park-Fav,DNGO-Joint,57,63,0,196,0.1,3.82858463521266,0.9992490624113983,3,6,84,35.600000000000016
Park-Fav,DNGO-Joint,57,64,0,113,0.1,3.7747306909795797,0.9992490624113983,4,6,85,35.50000000000002
Park-Fav,DNGO-Joint,57,65,0,13,0.1,3.627380834858492,0.9992490624113983,5,6,86,35.40000000000002
Park-Fav,DNGO-Joint,57,66,0,41,0.1,3.4359491566143285,0.9992490624113983,6,6,87,35.30000000000002
Park-Fav,DNGO-Joint,57,67,0,228,0.1,3.366453976617938,0.9992490624113983,7,6,88,35.200000000000024
Park-Fav,DNGO-Joint,57,68,0,97,0.1,3.4058935212939576,0.9992490624113983,8,6,89,35.10000000000002
Park-Fav,DNGO-Joint,57,69,0,212,0.1,3.07078510141565,0.9992490624113983,9,6,90,35.00000000000002
Park-Fav,DNGO-Joint,57,70,0,61,0.1,3.023047845100955,0.9992490624113983,10,6,91,34.90000000000002
Park-Fav,DNGO-Joint,57,71,0,29,0.1,2.6383201236754306,0.9992490624113983,11,6,92,34.80000000000002
Park-Fav,DNGO-Joint,57,72,0,2,0.1,2.631140387595573,0.9992490624113983,12,6,93,34.700000000000024
Park-Fav,DNGO-Joint,57,73,0,45,0.1,2.5524513697877302,0.9992490624113983,13,6,94,34.60000000000002
Park-Fav,DNGO-Joint,57,74,0,248,0.1,2.365013461751309,0.9992490624113983,14,6,95,34.50000000000002
Park-Fav,DNGO-Joint,57,75,0,232,0.1,2.0858923124633764,0.9992490624113983,15,6,96,34.40000000000003
Park-Fav,DNGO-Joint,57,76,0,200,0.1,2.1381685984720655,0.9992490624113983,16,6,97,34.300000000000026
Park-Fav,DNGO-Joint,57,77,0,69,0.1,1.9613041264755284,0.9992490624113983,17,6,98,34.200000000000024
Park-Fav,DNGO-Joint,57,78,0,129,0.1,1.8689714136994668,0.9992490624113983,18,6,99,34.10000000000002
Park-Fav,DNGO-Joint,57,79,0,252,0.1,1.8953492794099576,0.9992490624113983,19,6,100,34.00000000000002
Park-Fav,DNGO-Joint,57,80,1,196,1.0,2.049936924796559,0.9992490624113983,0,7,100,33.00000000000003
Park-Fav,DNGO-Joint,57,81,0,204,0.1,1.743287641725725,0.9999999999999999,1,7,101,32.90000000000003
Park-Fav,DNGO-Joint,57,82,0,117,0.1,1.7835761804281893,0.9999999999999999,2,7,102,32.800000000000026
Park-Fav,DNGO-Joint,57,83,1,16,1.0,1.5462159567061295,0.9999999999999999,0,8,102,31.800000000000026
Park-Fav,DNGO-Joint,57,84,0,145,0.1,1.6163689115147262,1.0,1,8,103,31.700000000000024
Park-Fav,DNGO-Joint,57,85,1,44,1.0,1.8718565513875975,1.0,0,9,103,30.700000000000024
Park-Fav,DNGO-Joint,57,86,1,4,1.0,1.5959408967526063,0.9999999999999999,0,10,103,29.700000000000024
Park-Fav,DNGO-Joint,57,87,0,50,0.1,1.6374725217928288,0.9999999999999997,1,10,104,29.600000000000023
Park-Fav,DNGO-Joint,57,88,1,28,1.0,1.4968818298968452,0.9999999999999997,0,11,104,28.600000000000023
Park-Fav,DNGO-Joint,57,89,1,24,1.0,1.4794938784392675,0.9999999999999997,0,12,104,27.600000000000023
Park-Fav,DNGO-Joint,57,90,0,177,0.1,1.6088538965735122,0.9999999999999997,1,12,105,27.50000000000002
Park-Fav,DNGO-Joint,57,91,1,32,1.0,1.4105087426765575,0.9999999999999997,0,13,105,26.50000000000002
Park-Fav,DNGO-Joint,57,92,0,18,0.1,1.4122433539396069,0.9999999999999994,1,13,106,26.40000000000002
Park-Fav,DNGO-Joint,57,93,0,161,0.1,1.4391941157966077,0.9999999999999994,2,13,107,26.30000000000002
Park-Fav,DNGO-Joint,57,94,1,20,1.0,1.445851701590284,0.9999999999999994,0,14,107,25.30000000000002
Park-Fav,DNGO-Joint,57,95,1,60,1.0,1.4522240045688974,0.9999999999999996,0,15,107,24.30000000000002
Park-Fav,DNGO-Joint,57,96,1,8,1.0,1.333360389315759,0.9999999999999996,0,16,107,23.30000000000002
Park-Fav,DNGO-Joint,57,97,1,56,1.0,1.3603972083691591,0.9999999999999993,0,17,107,22.30000000000002
Park-Fav,DNGO-Joint,57,98,1,40,1.0,1.3225532435671157,0.9999999999999996,0,18,107,21.30000000000002
Park-Fav,DNGO-Joint,57,99,0,236,0.1,1.2793360078294587,0.9999999999999994,1,18,108,21.200000000000017
Park-Fav,DNGO-Joint,57,100,1,36,1.0,1.2560634844429195,0.9999999999999994,0,19,108,20.200000000000017
Park-Fav,DNGO-Joint,57,101,0,34,0.1,1.280797136483287,0.9999999999999997,1,19,109,20.100000000000016
Park-Fav,DNGO-Joint,57,102,0,220,0.1,1.1379257025767748,0.9999999999999997,2,19,110,20.000000000000014
Park-Fav,DNGO-Joint,57,103,1,92,1.0,1.1978806796069346,0.9999999999999997,0,20,110,19.000000000000014
Park-Fav,DNGO-Joint,57,104,1,96,1.0,1.1164370327403397,0.9962415839227781,0,21,110,18.000000000000014
Park-Fav,DNGO-Joint,57,105,1,80,1.0,0.9919153466074236,0.9954766940058498,0,22,110,17.000000000000014
Park-Fav,DNGO-Joint,57,106,1,64,1.0,0.9473357030790602,0.994854932625288,0,23,110,16.000000000000014
Park-Fav,DNGO-Joint,57,107,1,112,1.0,1.030511435726622,0.9943411685384264,0,24,110,15.000000000000014
Park-Fav,DNGO-Joint,57,108,0,193,0.1,0.8898442325675423,0.9939105485081134,1,24,111,14.900000000000015
Park-Fav,DNGO-Joint,57,109,0,121,0.1,0.9347239782135331,0.9939105485081134,2,24,112,14.800000000000013
Park-Fav,DNGO-Joint,57,110,1,124,1.0,0.9286575973436385,0.9939105485081134,0,25,112,13.800000000000011
Park-Fav,DNGO-Joint,57,111,1,68,1.0,0.8495259728617396,0.9915128195662388,0,26,112,12.800000000000011
Park-Fav,DNGO-Joint,57,112,0,241,0.1,0.8542728812184794,0.9916869280647257,1,26,113,12.700000000000012
Park-Fav,DNGO-Joint,57,113,1,84,1.0,0.7417488213636232,0.9916869280647257,0,27,113,11.70000000000001
Park-Fav,DNGO-Joint,57,114,1,116,1.0,0.7828295314159275,0.9918407911336756,0,28,113,10.70000000000001
Park-Fav,DNGO-Joint,57,115,1,100,1.0,0.7270396226128306,0.9919777172657511,0,29,113,9.70000000000001
Park-Fav,DNGO-Joint,57,116,1,76,1.0,0.7672434889696489,0.9921003318692636,0,30,113,8.70000000000001
Park-Fav,DNGO-Joint,57,117,0,209,0.1,0.7111184329304119,0.9904890522040434,1,30,114,8.60000000000001
Park-Fav,DNGO-Joint,57,118,1,104,1.0,0.6935275841686563,0.9904890522040434,0,31,114,7.6000000000000085
Park-Fav,DNGO-Joint,57,119,0,89,0.1,0.6766265648745647,0.9905754938385869,1,31,115,7.500000000000009
Park-Fav,DNGO-Joint,57,120,1,88,1.0,0.6290751207076414,0.9905754938385869,0,32,115,6.500000000000007
Park-Fav,DNGO-Joint,57,121,1,120,1.0,0.6737576696897414,0.9906640624981268,0,33,115,5.500000000000007
Park-Fav,DNGO-Joint,57,122,0,6,0.1,0.6698328458440469,0.9907521815290694,1,33,116,5.4000000000000075
Park-Fav,DNGO-Joint,57,123,0,225,0.1,0.631092237813803,0.9907521815290694,2,33,117,5.300000000000006
Park-Fav,DNGO-Joint,57,124,1,72,1.0,0.6636248861560781,0.9907521815290694,0,34,117,4.300000000000004
Park-Fav,DNGO-Joint,57,125,0,125,0.1,0.6578696230289839,0.9908382448306948,1,34,118,4.200000000000005
Park-Fav,DNGO-Joint,57,126,0,105,0.1,0.566201326542306,0.9908382448306948,2,34,119,4.100000000000003
Park-Fav,DNGO-Joint,57,127,1,160,1.0,0.5447247739250592,0.9908382448306948,0,35,119,3.1000000000000014
Park-Fav,DNGO-Joint,57,128,0,77,0.1,0.5498399769650022,0.9888224846334804,1,35,120,3.0000000000000013
Park-Fav,DNGO-Joint,57,129,1,108,1.0,0.5368010605204437,0.9888224846334804,0,36,120,2.0
Park-Fav,DNGO-Joint,57,130,0,66,0.1,0.5170482485183155,0.9878112778774183,1,36,121,1.9
Park-Fav,DNGO-Joint,57,131,1,144,1.0,0.4731393171766778,0.9878112778774183,0,37,121,0.8999999999999986
Park-Fav,DNGO-Joint,57,132,0,133,0.1,0.5254523042668052,0.9861027566899938,1,37,122,0.7999999999999986
Park-Fav,DNGO-Joint,57,133,0,22,0.1,0.4042584226348366,0.9861027566899938,2,37,123,0.6999999999999972
Park-Fav,DNGO-Joint,57,134,0,54,0.1,0.4231511789628123,0.9861027566899938,3,37,124,0.5999999999999958
Park-Fav,DNGO-Joint,57,135,0,114,0.1,0.3582317330336531,0.9861027566899938,4,37,125,0.49999999999999434
Park-Fav,DNGO-Joint,57,136,0,149,0.1,0.3836816295162152,0.9861027566899938,5,37,126,0.3999999999999929
Park-Fav,DNGO-Joint,57,137,0,165,0.1,0.41354878533666084,0.9861027566899938,6,37,127,0.2999999999999915
Park-Fav,DNGO-Joint,57,138,0,82,0.1,0.3725526682836179,0.9861027566899938,7,37,128,0.19999999999999005
Park-Fav,DNGO-Joint,57,139,0,93,0.1,0.3586853108711219,0.9861027566899938,8,37,129,0.09999999999998863
Park-Fav,DNGO-Joint,58,1,0,32,0.1,13.224298697574996,0.5,1,2,26,45.4
Park-Fav,DNGO-Joint,58,2,0,48,0.1,9.257360500974764,0.5,2,2,27,45.3
Park-Fav,DNGO-Joint,58,3,0,52,0.1,9.469802204125962,0.5,3,2,28,45.199999999999996
Park-Fav,DNGO-Joint,58,4,0,36,0.1,9.731724906714701,0.5,4,2,29,45.1
Park-Fav,DNGO-Joint,58,5,0,16,0.1,9.018220893813714,0.5,5,2,30,45.0
Park-Fav,DNGO-Joint,58,6,0,20,0.1,9.253338412341115,0.5,6,2,31,44.9
Park-Fav,DNGO-Joint,58,7,0,40,0.1,9.331570808116766,0.5,7,2,32,44.800000000000004
Park-Fav,DNGO-Joint,58,8,0,0,0.1,9.5748556485166,0.5,8,2,33,44.7
Park-Fav,DNGO-Joint,58,9,0,24,0.1,9.549347058853398,0.5,9,2,34,44.6
Park-Fav,DNGO-Joint,58,10,0,56,0.1,9.529699994855862,0.5,10,2,35,44.5
Park-Fav,DNGO-Joint,58,11,0,4,0.1,9.483230420272285,0.5,11,2,36,44.4
Park-Fav,DNGO-Joint,58,12,0,8,0.1,9.07375822196341,0.5,12,2,37,44.300000000000004
Park-Fav,DNGO-Joint,58,13,0,12,0.1,8.917884960159238,0.5,13,2,38,44.2
Park-Fav,DNGO-Joint,58,14,0,28,0.1,9.239135055051376,0.5,14,2,39,44.1
Park-Fav,DNGO-Joint,58,15,0,44,0.1,9.159784450317504,0.5,15,2,40,44.00000000000001
Park-Fav,DNGO-Joint,58,16,0,64,0.1,8.718289273418693,0.5,16,2,41,43.900000000000006
Park-Fav,DNGO-Joint,58,17,0,60,0.1,8.65208709815966,0.5,17,2,42,43.800000000000004
Park-Fav,DNGO-Joint,58,18,0,80,0.1,7.3859714973854125,0.5,18,2,43,43.7
Park-Fav,DNGO-Joint,58,19,0,120,0.1,7.335636197392282,0.5,19,2,44,43.6
Park-Fav,DNGO-Joint,58,20,0,96,0.1,7.441276078161208,0.5,20,2,45,43.50000000000001
Park-Fav,DNGO-Joint,58,21,1,16,1.0,5.471006530133951,0.5,0,3,45,42.50000000000001
Park-Fav,DNGO-Joint,58,22,0,68,0.1,7.451289098851951,0.5,1,3,46,42.400000000000006
Park-Fav,DNGO-Joint,58,23,0,84,0.1,6.8120893258457,0.5,2,3,47,42.300000000000004
Park-Fav,DNGO-Joint,58,24,0,116,0.1,6.761164116445038,0.5,3,3,48,42.20000000000001
Park-Fav,DNGO-Joint,58,25,0,100,0.1,6.68783741998719,0.5,4,3,49,42.10000000000001
Park-Fav,DNGO-Joint,58,26,0,112,0.1,6.651274189790839,0.5,5,3,50,42.00000000000001
Park-Fav,DNGO-Joint,58,27,0,88,0.1,6.498117872500013,0.5,6,3,51,41.900000000000006
Park-Fav,DNGO-Joint,58,28,0,72,0.1,6.317764732423356,0.5,7,3,52,41.800000000000004
Park-Fav,DNGO-Joint,58,29,0,104,0.1,6.227281699619241,0.5,8,3,53,41.70000000000001
Park-Fav,DNGO-Joint,58,30,0,108,0.1,5.624458178832681,0.5,9,3,54,41.60000000000001
Park-Fav,DNGO-Joint,58,31,0,128,0.1,5.736274173050094,0.5,10,3,55,41.50000000000001
Park-Fav,DNGO-Joint,58,32,0,124,0.1,5.919910822209174,0.5,11,3,56,41.40000000000001
Park-Fav,DNGO-Joint,58,33,0,76,0.1,5.646280492231764,0.5,12,3,57,41.30000000000001
Park-Fav,DNGO-Joint,58,34,0,144,0.1,4.93910026721063,0.5,13,3,58,41.20000000000001
Park-Fav,DNGO-Joint,58,35,0,176,0.1,4.859884824877606,0.5,14,3,59,41.10000000000001
Park-Fav,DNGO-Joint,58,36,0,160,0.1,4.6900430369049335,0.5,15,3,60,41.00000000000001
Park-Fav,DNGO-Joint,58,37,0,1,0.1,4.180704374332244,0.5,16,3,61,40.90000000000001
Park-Fav,DNGO-Joint,58,38,0,17,0.1,4.243163544198986,0.5,17,3,62,40.80000000000001
Park-Fav,DNGO-Joint,58,39,0,132,0.1,4.002399385008242,0.5,18,3,63,40.70000000000001
Park-Fav,DNGO-Joint,58,40,0,33,0.1,4.08572279013583,0.5,19,3,64,40.600000000000016
Park-Fav,DNGO-Joint,58,41,0,180,0.1,4.0275235941028695,0.5,20,3,65,40.500000000000014
Park-Fav,DNGO-Joint,58,42,1,0,1.0,2.816656844307548,0.5,0,4,65,39.500000000000014
Park-Fav,DNGO-Joint,58,43,0,148,0.1,3.6601013987641804,0.5,1,4,66,39.40000000000001
Park-Fav,DNGO-Joint,58,44,0,184,0.1,3.5454285410881106,0.5,2,4,67,39.30000000000001
Park-Fav,DNGO-Joint,58,45,0,240,0.1,3.497117468569213,0.5,3,4,68,39.20000000000001
Park-Fav,DNGO-Joint,58,46,0,192,0.1,3.228278278364501,0.5,4,4,69,39.100000000000016
Park-Fav,DNGO-Joint,58,47,1,192,1.0,3.8705390085556535,0.5,0,5,69,38.100000000000016
Park-Fav,DNGO-Joint,58,48,0,5,0.1,6.194375316450096,1.0,1,5,70,38.000000000000014
Park-Fav,DNGO-Joint,58,49,0,188,0.1,5.990396573109798,1.0,2,5,71,37.90000000000001
Park-Fav,DNGO-Joint,58,50,0,168,0.1,5.765689515484397,1.0,3,5,72,37.80000000000002
Park-Fav,DNGO-Joint,58,51,0,208,0.1,5.690944553405311,1.0,4,5,73,37.70000000000002
Park-Fav,DNGO-Joint,58,52,0,136,0.1,5.555261818015373,1.0,5,5,74,37.600000000000016
Park-Fav,DNGO-Joint,58,53,0,224,0.1,5.563650072580831,1.0,6,5,75,37.500000000000014
Park-Fav,DNGO-Joint,58,54,0,152,0.1,5.392542840297898,1.0,7,5,76,37.40000000000001
Park-Fav,DNGO-Joint,58,55,0,37,0.1,4.770385075854693,1.0,8,5,77,37.30000000000002
Park-Fav,DNGO-Joint,58,56,0,53,0.1,4.968161931639147,1.0,9,5,78,37.20000000000002
Park-Fav,DNGO-Joint,58,57,0,9,0.1,4.670230009974766,1.0,10,5,79,37.100000000000016
Park-Fav,DNGO-Joint,58,58,0,172,0.1,4.426152835742002,1.0,11,5,80,37.00000000000002
Park-Fav,DNGO-Joint,58,59,0,156,0.1,4.284642673418819,1.0,12,5,81,36.90000000000002
Park-Fav,DNGO-Joint,58,60,0,13,0.1,4.345677802985085,1.0,13,5,82,36.80000000000002
Park-Fav,DNGO-Joint,58,61,0,244,0.1,4.170128869890336,1.0,14,5,83,36.70000000000002
Park-Fav,DNGO-Joint,58,62,0,25,0.1,3.761773890552594,1.0,15,5,84,36.600000000000016
Park-Fav,DNGO-Joint,58,63,0,196,0.1,3.8433609538818736,1.0,16,5,85,36.50000000000002
Park-Fav,DNGO-Joint,58,64,0,65,0.1,3.7244596287829554,1.0,17,5,86,36.40000000000002
Park-Fav,DNGO-Joint,58,65,0,228,0.1,3.4838323340249464,1.0,18,5,87,36.30000000000002
Park-Fav,DNGO-Joint,58,66,0,212,0.1,3.3395450061676955,1.0,19,5,88,36.200000000000024
Park-Fav,DNGO-Joint,58,67,0,41,0.1,3.4293091256443753,1.0,20,5,89,36.10000000000002
Park-Fav,DNGO-Joint,58,68,1,64,1.0,1.3697576905018491,1.0,0,6,89,35.10000000000002
Park-Fav,DNGO-Joint,58,69,0,57,0.1,3.216604572867532,1.0,1,6,90,35.00000000000002
Park-Fav,DNGO-Joint,58,70,0,29,0.1,2.8633874496497125,1.0,2,6,91,34.90000000000002
Park-Fav,DNGO-Joint,58,71,0,248,0.1,2.6537423893814736,1.0,3,6,92,34.80000000000002
Park-Fav,DNGO-Joint,58,72,0,61,0.1,2.6829973154143603,1.0,4,6,93,34.700000000000024
Park-Fav,DNGO-Joint,58,73,0,45,0.1,2.3537170084428958,1.0,5,6,94,34.60000000000002
Park-Fav,DNGO-Joint,58,74,0,2,0.1,2.157401409050468,1.0,6,6,95,34.50000000000002
Park-Fav,DNGO-Joint,58,75,1,48,1.0,2.0111405826493747,1.0,0,7,95,33.50000000000003
Park-Fav,DNGO-Joint,58,76,0,232,0.1,2.075622491123881,1.0,1,7,96,33.40000000000003
Park-Fav,DNGO-Joint,58,77,0,177,0.1,1.9616570147497918,1.0,2,7,97,33.30000000000002
Park-Fav,DNGO-Joint,58,78,0,129,0.1,2.011304564742199,1.0,3,7,98,33.200000000000024
Park-Fav,DNGO-Joint,58,79,0,216,0.1,1.897491651552931,1.0,4,7,99,33.100000000000016
Park-Fav,DNGO-Joint,58,80,0,50,0.1,2.021256578607625,1.0,5,7,100,33.00000000000002
Park-Fav,DNGO-Joint,58,81,0,117,0.1,1.783788761233052,1.0,6,7,101,32.90000000000001
Park-Fav,DNGO-Joint,58,82,0,252,0.1,1.9707354041453067,1.0,7,7,102,32.80000000000002
Park-Fav,DNGO-Joint,58,83,0,145,0.1,1.6505914162766344,1.0,8,7,103,32.70000000000001
Park-Fav,DNGO-Joint,58,84,0,69,0.1,1.6425246346059907,1.0,9,7,104,32.600000000000016
Park-Fav,DNGO-Joint,58,85,0,85,0.1,1.5948199057518435,1.0,10,7,105,32.50000000000001
Park-Fav,DNGO-Joint,58,86,0,101,0.1,1.5548160181251962,1.0,11,7,106,32.40000000000001
Park-Fav,DNGO-Joint,58,87,1,112,1.0,1.356601168330258,1.0,0,8,106,31.400000000000006
Park-Fav,DNGO-Joint,58,88,0,18,0.1,1.5378247467403956,0.9999999999999998,1,8,107,31.300000000000008
Park-Fav,DNGO-Joint,58,89,0,34,0.1,1.3202879619747234,0.9999999999999998,2,8,108,31.200000000000006
Park-Fav,DNGO-Joint,58,90,0,204,0.1,1.3610564050598024,0.9999999999999998,3,8,109,31.100000000000005
Park-Fav,DNGO-Joint,58,91,1,32,1.0,1.408836301119729,0.9999999999999998,0,9,109,30.100000000000005
Park-Fav,DNGO-Joint,58,92,0,236,0.1,1.1742382178466284,0.9999999999999998,1,9,110,30.000000000000004
Park-Fav,DNGO-Joint,58,93,1,96,1.0,1.0582018366970223,0.9999999999999998,0,10,110,29.000000000000004
Park-Fav,DNGO-Joint,58,94,0,220,0.1,1.078215876365311,0.9999999999999999,1,10,111,28.900000000000002
Park-Fav,DNGO-Joint,58,95,1,4,1.0,0.96466347336873,0.9999999999999999,0,11,111,27.900000000000002
Park-Fav,DNGO-Joint,58,96,1,24,1.0,1.2432241891965239,1.0,0,12,111,26.900000000000002
Park-Fav,DNGO-Joint,58,97,1,36,1.0,1.2353043783413824,0.9999999999999999,0,13,111,25.900000000000002
Park-Fav,DNGO-Joint,58,98,1,20,1.0,1.2798202312719509,0.9999999999999998,0,14,111,24.900000000000002
Park-Fav,DNGO-Joint,58,99,1,8,1.0,1.2284119664283903,0.9999999999999999,0,15,111,23.900000000000002
Park-Fav,DNGO-Joint,58,100,1,12,1.0,1.122648865294561,0.9999999999999996,0,16,111,22.900000000000002
Park-Fav,DNGO-Joint,58,101,1,40,1.0,1.3441612950327277,0.9999999999999993,0,17,111,21.900000000000002
Park-Fav,DNGO-Joint,58,102,1,52,1.0,1.2557563935480425,0.9999999999999994,0,18,111,20.900000000000002
Park-Fav,DNGO-Joint,58,103,1,28,1.0,1.192125314099431,0.9999999999999996,0,19,111,19.900000000000002
Park-Fav,DNGO-Joint,58,104,1,44,1.0,1.1577141548955951,0.9999999999999993,0,20,111,18.900000000000002
Park-Fav,DNGO-Joint,58,105,1,56,1.0,1.0930395698233863,0.999999999999999,0,21,111,17.900000000000002
Park-Fav,DNGO-Joint,58,106,1,60,1.0,1.0906917964444869,0.9999999999999992,0,22,111,16.900000000000006
Park-Fav,DNGO-Joint,58,107,0,241,0.1,1.0384560314718738,0.9999999999999991,1,22,112,16.800000000000004
Park-Fav,DNGO-Joint,58,108,0,193,0.1,1.082494774785326,0.9999999999999991,2,22,113,16.700000000000003
Park-Fav,DNGO-Joint,58,109,1,100,1.0,0.9888088974570532,0.9999999999999991,0,23,113,15.700000000000003
Park-Fav,DNGO-Joint,58,110,1,80,1.0,0.9375193604778465,0.998870594981876,0,24,113,14.700000000000003
Park-Fav,DNGO-Joint,58,111,1,68,1.0,0.9317788309457266,0.9988979403849932,0,25,113,13.700000000000003
Park-Fav,DNGO-Joint,58,112,0,73,0.1,0.7975130373319409,0.9981613440260504,1,25,114,13.600000000000003
Park-Fav,DNGO-Joint,58,113,1,84,1.0,0.8001399409881669,0.9981613440260504,0,26,114,12.600000000000001
Park-Fav,DNGO-Joint,58,114,0,121,0.1,0.7567551693492478,0.9976501518784302,1,26,115,12.500000000000002
Park-Fav,DNGO-Joint,58,115,1,120,1.0,0.7737648515422306,0.9976501518784302,0,27,115,11.5
Park-Fav,DNGO-Joint,58,116,0,209,0.1,0.7853569484616033,0.9942949092984291,1,27,116,11.4
Park-Fav,DNGO-Joint,58,117,1,116,1.0,0.7985881294879136,0.9942949092984291,0,28,116,10.399999999999999
Park-Fav,DNGO-Joint,58,118,0,225,0.1,0.697876206621898,0.9943042304157582,1,28,117,10.299999999999999
Park-Fav,DNGO-Joint,58,119,1,76,1.0,0.7020090299053073,0.9943042304157582,0,29,117,9.299999999999997
Park-Fav,DNGO-Joint,58,120,1,72,1.0,0.6800107737304877,0.9881137436481031,0,30,117,8.299999999999997
Park-Fav,DNGO-Joint,58,121,0,66,0.1,0.6176417692066718,0.9875326019294963,1,30,118,8.199999999999998
Park-Fav,DNGO-Joint,58,122,1,88,1.0,0.6645762655138616,0.9875326019294963,0,31,118,7.199999999999996
Park-Fav,DNGO-Joint,58,123,1,104,1.0,0.6313429275187981,0.987171549407218,0,32,118,6.199999999999996
Park-Fav,DNGO-Joint,58,124,0,6,0.1,0.635301105795515,0.9869524282655442,1,32,119,6.099999999999996
Park-Fav,DNGO-Joint,58,125,1,144,1.0,0.6213384942486786,0.9869524282655442,0,33,119,5.099999999999994
Park-Fav,DNGO-Joint,58,126,1,128,1.0,0.5740779081114746,0.9863402998997969,0,34,119,4.099999999999994
Park-Fav,DNGO-Joint,58,127,0,181,0.1,0.5513472846923315,0.9860371268809324,1,34,120,3.9999999999999942
Park-Fav,DNGO-Joint,58,128,1,124,1.0,0.5082448908939249,0.9860371268809324,0,35,120,2.999999999999993
Park-Fav,DNGO-Joint,58,129,1,92,1.0,0.5083785076756998,0.9833276599083727,0,36,120,1.999999999999993
Park-Fav,DNGO-Joint,58,130,0,114,0.1,0.4841362284593954,0.9813639100352148,1,36,121,1.8999999999999928
Park-Fav,DNGO-Joint,58,131,0,77,0.1,0.46613422278210337,0.9813639100352148,2,36,122,1.7999999999999914
Park-Fav,DNGO-Joint,58,132,0,133,0.1,0.4888538967032394,0.9813639100352148,3,36,123,1.69999999999999
Park-Fav,DNGO-Joint,58,133,1,160,1.0,0.5013251591719613,0.9813639100352148,0,37,123,0.6999999999999886
Park-Fav,DNGO-Joint,58,134,0,82,0.1,0.475123078446258,0.9807840322353123,1,37,124,0.5999999999999887
Park-Fav,DNGO-Joint,58,135,0,149,0.1,0.37780728551277243,0.9807840322353123,2,37,125,0.49999999999998723
Park-Fav,DNGO-Joint,58,136,0,125,0.1,0.374720908649355,0.9807840322353123,3,37,126,0.3999999999999858
Park-Fav,DNGO-Joint,58,137,0,38,0.1,0.3695821481599286,0.9807840322353123,4,37,127,0.2999999999999844
Park-Fav,DNGO-Joint,58,138,0,98,0.1,0.3864262253469223,0.9807840322353123,5,37,128,0.19999999999998294
Park-Fav,DNGO-Joint,58,139,0,109,0.1,0.29731688067975676,0.9807840322353123,6,37,129,0.09999999999998152
Park-Fav,DNGO-Joint,59,1,1,32,1.0,11.25141600056337,0.5,0,3,25,44.5
Park-Fav,DNGO-Joint,59,2,0,16,0.1,8.064943241656666,0.5,1,3,26,44.4
Park-Fav,DNGO-Joint,59,3,0,0,0.1,8.780310928377476,0.5,2,3,27,44.3
Park-Fav,DNGO-Joint,59,4,0,20,0.1,8.618016621934045,0.5,3,3,28,44.199999999999996
Park-Fav,DNGO-Joint,59,5,0,48,0.1,8.798618602593725,0.5,4,3,29,44.1
Park-Fav,DNGO-Joint,59,6,0,4,0.1,8.710285205470564,0.5,5,3,30,44.0
Park-Fav,DNGO-Joint,59,7,0,36,0.1,9.03834557698457,0.5,6,3,31,43.9
Park-Fav,DNGO-Joint,59,8,0,8,0.1,8.780417196651806,0.5,7,3,32,43.800000000000004
Park-Fav,DNGO-Joint,59,9,0,40,0.1,8.541653784421793,0.5,8,3,33,43.7
Park-Fav,DNGO-Joint,59,10,0,52,0.1,8.772788950846673,0.5,9,3,34,43.6
Park-Fav,DNGO-Joint,59,11,0,56,0.1,8.296292244334929,0.5,10,3,35,43.5
Park-Fav,DNGO-Joint,59,12,0,44,0.1,8.203701202057596,0.5,11,3,36,43.4
Park-Fav,DNGO-Joint,59,13,0,60,0.1,8.625031540776027,0.5,12,3,37,43.300000000000004
Park-Fav,DNGO-Joint,59,14,0,28,0.1,8.57629995818804,0.5,13,3,38,43.2
Park-Fav,DNGO-Joint,59,15,0,12,0.1,8.277945443876312,0.5,14,3,39,43.1
Park-Fav,DNGO-Joint,59,16,0,96,0.1,7.595844578146991,0.5,15,3,40,43.00000000000001
Park-Fav,DNGO-Joint,59,17,0,80,0.1,7.046673969871394,0.5,16,3,41,42.900000000000006
Park-Fav,DNGO-Joint,59,18,0,112,0.1,7.256497940660913,0.5,17,3,42,42.800000000000004
Park-Fav,DNGO-Joint,59,19,0,64,0.1,7.003999454370327,0.5,18,3,43,42.7
Park-Fav,DNGO-Joint,59,20,0,68,0.1,6.867649013919093,0.5,19,3,44,42.6
Park-Fav,DNGO-Joint,59,21,0,116,0.1,6.421051151999297,0.5,20,3,45,42.50000000000001
Park-Fav,DNGO-Joint,59,22,1,60,1.0,3.847396832337609,0.5,0,4,45,41.50000000000001
Park-Fav,DNGO-Joint,59,23,0,100,0.1,6.5230444350660575,0.5,1,4,46,41.400000000000006
Park-Fav,DNGO-Joint,59,24,0,72,0.1,5.901976073127598,0.5,2,4,47,41.300000000000004
Park-Fav,DNGO-Joint,59,25,0,120,0.1,6.136011509705296,0.5,3,4,48,41.20000000000001
Park-Fav,DNGO-Joint,59,26,0,104,0.1,5.9574878714965225,0.5,4,4,49,41.10000000000001
Park-Fav,DNGO-Joint,59,27,0,88,0.1,6.08222909206346,0.5,5,4,50,41.00000000000001
Park-Fav,DNGO-Joint,59,28,0,108,0.1,5.284967595728639,0.5,6,4,51,40.900000000000006
Park-Fav,DNGO-Joint,59,29,0,76,0.1,5.286488565963634,0.5,7,4,52,40.800000000000004
Park-Fav,DNGO-Joint,59,30,0,124,0.1,5.393212554474418,0.5,8,4,53,40.70000000000001
Park-Fav,DNGO-Joint,59,31,0,176,0.1,4.947124662819744,0.5,9,4,54,40.60000000000001
Park-Fav,DNGO-Joint,59,32,0,128,0.1,4.85076827841936,0.5,10,4,55,40.50000000000001
Park-Fav,DNGO-Joint,59,33,0,160,0.1,4.503284605279298,0.5,11,4,56,40.40000000000001
Park-Fav,DNGO-Joint,59,34,0,144,0.1,4.326092877072324,0.5,12,4,57,40.30000000000001
Park-Fav,DNGO-Joint,59,35,0,132,0.1,3.84002093645175,0.5,13,4,58,40.20000000000001
Park-Fav,DNGO-Joint,59,36,0,1,0.1,4.678185462327077,0.5,14,4,59,40.10000000000001
Park-Fav,DNGO-Joint,59,37,0,180,0.1,3.8566129825901165,0.5,15,4,60,40.00000000000001
Park-Fav,DNGO-Joint,59,38,0,17,0.1,3.776043154554317,0.5,16,4,61,39.90000000000001
Park-Fav,DNGO-Joint,59,39,0,33,0.1,3.57897355888883,0.5,17,4,62,39.80000000000001
Park-Fav,DNGO-Joint,59,40,0,164,0.1,3.432064364394124,0.5,18,4,63,39.70000000000001
Park-Fav,DNGO-Joint,59,41,0,148,0.1,3.3139782842900716,0.5,19,4,64,39.600000000000016
Park-Fav,DNGO-Joint,59,42,0,136,0.1,3.215575394519946,0.5,20,4,65,39.500000000000014
Park-Fav,DNGO-Joint,59,43,1,12,1.0,2.914232321676085,0.5,0,5,65,38.500000000000014
Park-Fav,DNGO-Joint,59,44,0,240,0.1,3.1287467909018662,0.5,1,5,66,38.40000000000001
Park-Fav,DNGO-Joint,59,45,0,192,0.1,2.977636678212751,0.5,2,5,67,38.30000000000001
Park-Fav,DNGO-Joint,59,46,0,5,0.1,2.8829582620286787,0.5,3,5,68,38.20000000000001
Park-Fav,DNGO-Joint,59,47,0,184,0.1,3.1563128616780243,0.5,4,5,69,38.100000000000016
Park-Fav,DNGO-Joint,59,48,0,53,0.1,2.6019039012307874,0.5,5,5,70,38.000000000000014
Park-Fav,DNGO-Joint,59,49,0,168,0.1,2.691056444743545,0.5,6,5,71,37.90000000000001
Park-Fav,DNGO-Joint,59,50,0,152,0.1,2.5002640854315272,0.5,7,5,72,37.80000000000002
Park-Fav,DNGO-Joint,59,51,0,188,0.1,2.633132865880781,0.5,8,5,73,37.70000000000002
Park-Fav,DNGO-Joint,59,52,0,224,0.1,2.4523375962676623,0.5,9,5,74,37.600000000000016
Park-Fav,DNGO-Joint,59,53,0,21,0.1,2.3842180969793296,0.5,10,5,75,37.500000000000014
Park-Fav,DNGO-Joint,59,54,0,208,0.1,2.40947409501382,0.5,11,5,76,37.40000000000001
Park-Fav,DNGO-Joint,59,55,0,37,0.1,2.2897715973862875,0.5,12,5,77,37.30000000000002
Park-Fav,DNGO-Joint,59,56,0,140,0.1,2.2786164151217596,0.5,13,5,78,37.20000000000002
Park-Fav,DNGO-Joint,59,57,0,113,0.1,1.9486232512589468,0.5,14,5,79,37.100000000000016
Park-Fav,DNGO-Joint,59,58,0,65,0.1,1.9336450054482817,0.5,15,5,80,37.00000000000002
Park-Fav,DNGO-Joint,59,59,0,57,0.1,1.9758414863760092,0.5,16,5,81,36.90000000000002
Park-Fav,DNGO-Joint,59,60,0,172,0.1,1.884974251050641,0.5,17,5,82,36.80000000000002
Park-Fav,DNGO-Joint,59,61,0,156,0.1,1.8443447935627921,0.5,18,5,83,36.70000000000002
Park-Fav,DNGO-Joint,59,62,0,9,0.1,1.8520190344788128,0.5,19,5,84,36.600000000000016
Park-Fav,DNGO-Joint,59,63,1,56,1.0,1.7977104103253139,0.5,0,6,84,35.60000000000002
Park-Fav,DNGO-Joint,59,64,0,196,0.1,3.3420487592012202,0.9983434720765012,1,6,85,35.50000000000002
Park-Fav,DNGO-Joint,59,65,0,244,0.1,3.289489273133185,0.9983434720765012,2,6,86,35.40000000000002
Park-Fav,DNGO-Joint,59,66,0,61,0.1,3.355337294205029,0.9983434720765012,3,6,87,35.30000000000002
Park-Fav,DNGO-Joint,59,67,0,81,0.1,3.212684162305617,0.9983434720765012,4,6,88,35.200000000000024
Park-Fav,DNGO-Joint,59,68,0,97,0.1,2.9692671120507557,0.9983434720765012,5,6,89,35.10000000000002
Park-Fav,DNGO-Joint,59,69,0,212,0.1,2.748324667654911,0.9983434720765012,6,6,90,35.00000000000002
Park-Fav,DNGO-Joint,59,70,0,41,0.1,2.8218905820927964,0.9983434720765012,7,6,91,34.90000000000002
Park-Fav,DNGO-Joint,59,71,0,13,0.1,2.4505992586895693,0.9983434720765012,8,6,92,34.80000000000002
Park-Fav,DNGO-Joint,59,72,0,200,0.1,2.3512144050543173,0.9983434720765012,9,6,93,34.700000000000024
Park-Fav,DNGO-Joint,59,73,0,45,0.1,2.0670817698255783,0.9983434720765012,10,6,94,34.60000000000002
Park-Fav,DNGO-Joint,59,74,0,248,0.1,2.2718394754477282,0.9983434720765012,11,6,95,34.50000000000002
Park-Fav,DNGO-Joint,59,75,0,29,0.1,2.03772206972871,0.9983434720765012,12,6,96,34.40000000000003
Park-Fav,DNGO-Joint,59,76,0,232,0.1,1.7182328851984614,0.9983434720765012,13,6,97,34.300000000000026
Park-Fav,DNGO-Joint,59,77,0,69,0.1,1.702889722465571,0.9983434720765012,14,6,98,34.200000000000024
Park-Fav,DNGO-Joint,59,78,0,2,0.1,2.0280840847460255,0.9983434720765012,15,6,99,34.10000000000002
Park-Fav,DNGO-Joint,59,79,1,0,1.0,1.8541255857103698,0.9983434720765012,0,7,99,33.10000000000002
Park-Fav,DNGO-Joint,59,80,0,216,0.1,1.62969145450951,0.9985081382021378,1,7,100,33.00000000000002
Park-Fav,DNGO-Joint,59,81,0,204,0.1,1.6166719062230206,0.9985081382021378,2,7,101,32.90000000000003
Park-Fav,DNGO-Joint,59,82,0,252,0.1,1.5423195462919443,0.9985081382021378,3,7,102,32.80000000000002
Park-Fav,DNGO-Joint,59,83,0,129,0.1,1.4785181053660759,0.9985081382021378,4,7,103,32.700000000000024
Park-Fav,DNGO-Joint,59,84,1,24,1.0,1.58334979290821,0.9985081382021378,0,8,103,31.700000000000017
Park-Fav,DNGO-Joint,59,85,1,52,1.0,1.4549621414909273,0.9981651295613563,0,9,103,30.70000000000002
Park-Fav,DNGO-Joint,59,86,1,36,1.0,1.4309001544530637,0.9973483443828715,0,10,103,29.70000000000002
Park-Fav,DNGO-Joint,59,87,1,8,1.0,1.414167084968213,0.997225190806725,0,11,103,28.70000000000002
Park-Fav,DNGO-Joint,59,88,0,50,0.1,1.4369102857042249,0.9972442471438648,1,11,104,28.60000000000002
Park-Fav,DNGO-Joint,59,89,0,177,0.1,1.4440003113290214,0.9972442471438648,2,11,105,28.500000000000018
Park-Fav,DNGO-Joint,59,90,1,44,1.0,1.4729442282117071,0.9972442471438648,0,12,105,27.500000000000018
Park-Fav,DNGO-Joint,59,91,1,40,1.0,1.3690781447028133,0.997579637871225,0,13,105,26.500000000000018
Park-Fav,DNGO-Joint,59,92,1,20,1.0,1.3566722012107773,0.9974253010040208,0,14,105,25.500000000000018
Park-Fav,DNGO-Joint,59,93,1,28,1.0,1.3264965888760776,0.997597987628967,0,15,105,24.500000000000018
Park-Fav,DNGO-Joint,59,94,1,4,1.0,1.2910674445155466,0.9977374264334405,0,16,105,23.500000000000018
Park-Fav,DNGO-Joint,59,95,1,16,1.0,1.3623948651011424,0.997901674793902,0,17,105,22.500000000000018
Park-Fav,DNGO-Joint,59,96,0,85,0.1,1.2923500679997801,0.9981808574991274,1,17,106,22.400000000000016
Park-Fav,DNGO-Joint,59,97,1,48,1.0,1.2722416780405306,0.9981808574991274,0,18,106,21.400000000000016
Park-Fav,DNGO-Joint,59,98,0,101,0.1,1.2673762651313527,0.998425307339304,1,18,107,21.300000000000015
Park-Fav,DNGO-Joint,59,99,0,161,0.1,1.1975070075251373,0.998425307339304,2,18,108,21.200000000000014
Park-Fav,DNGO-Joint,59,100,0,18,0.1,1.2242852352601057,0.998425307339304,3,18,109,21.100000000000012
Park-Fav,DNGO-Joint,59,101,0,34,0.1,1.082287949491994,0.998425307339304,4,18,110,21.00000000000001
Park-Fav,DNGO-Joint,59,102,0,236,0.1,1.0402440419242431,0.998425307339304,5,18,111,20.90000000000001
Park-Fav,DNGO-Joint,59,103,0,220,0.1,0.909773186379811,0.998425307339304,6,18,112,20.800000000000008
Park-Fav,DNGO-Joint,59,104,1,64,1.0,0.8220260714671223,0.998425307339304,0,19,112,19.800000000000008
Park-Fav,DNGO-Joint,59,105,1,116,1.0,0.7734956892813601,0.9999999999999908,0,20,112,18.800000000000008
Park-Fav,DNGO-Joint,59,106,1,124,1.0,0.8501922937479984,0.9977464287378062,0,21,112,17.800000000000008
Park-Fav,DNGO-Joint,59,107,1,80,1.0,0.7738294928041192,0.989973245003489,0,22,112,16.80000000000001
Park-Fav,DNGO-Joint,59,108,1,84,1.0,0.7945545286292763,0.9872469379828932,0,23,112,15.800000000000011
Park-Fav,DNGO-Joint,59,109,1,96,1.0,0.7775577394032934,0.9885640742785512,0,24,112,14.800000000000011
Park-Fav,DNGO-Joint,59,110,0,121,0.1,0.7351163514569353,0.9872264407679174,1,24,113,14.700000000000012
Park-Fav,DNGO-Joint,59,111,1,112,1.0,0.7745623262580024,0.9872264407679174,0,25,113,13.70000000000001
Park-Fav,DNGO-Joint,59,112,1,100,1.0,0.7260315499251293,0.9863166603024707,0,26,113,12.70000000000001
Park-Fav,DNGO-Joint,59,113,1,68,1.0,0.7667587896156933,0.9875036113568997,0,27,113,11.70000000000001
Park-Fav,DNGO-Joint,59,114,1,76,1.0,0.6885524511358625,0.9884241762660085,0,28,113,10.70000000000001
Park-Fav,DNGO-Joint,59,115,0,241,0.1,0.6966292626488648,0.9863169877655176,1,28,114,10.60000000000001
Park-Fav,DNGO-Joint,59,116,0,73,0.1,0.6345605117090756,0.9863169877655176,2,28,115,10.500000000000009
Park-Fav,DNGO-Joint,59,117,1,120,1.0,0.5842872373006096,0.9863169877655176,0,29,115,9.500000000000007
Park-Fav,DNGO-Joint,59,118,0,209,0.1,0.5927429587767307,0.9872989349006734,1,29,116,9.400000000000007
Park-Fav,DNGO-Joint,59,119,1,88,1.0,0.6129414377517386,0.9872989349006734,0,30,116,8.400000000000006
Park-Fav,DNGO-Joint,59,120,1,104,1.0,0.58743854424324,0.9880983104095401,0,31,116,7.400000000000006
Park-Fav,DNGO-Joint,59,121,1,72,1.0,0.5578856382036852,0.9887600406985494,0,32,116,6.400000000000006
Park-Fav,DNGO-Joint,59,122,0,225,0.1,0.5408243749196542,0.9893159473537952,1,32,117,6.300000000000006
Park-Fav,DNGO-Joint,59,123,0,66,0.1,0.5274821173017585,0.9893159473537952,2,32,118,6.200000000000005
Park-Fav,DNGO-Joint,59,124,1,92,1.0,0.5681432385185745,0.9893159473537952,0,33,118,5.200000000000003
Park-Fav,DNGO-Joint,59,125,0,133,0.1,0.4557074652998296,0.9888702609258508,1,33,119,5.100000000000003
Park-Fav,DNGO-Joint,59,126,1,108,1.0,0.5061295079197345,0.9888702609258508,0,34,119,4.100000000000001
Park-Fav,DNGO-Joint,59,127,0,105,0.1,0.46649983817123497,0.9887165910195111,1,34,120,4.000000000000002
Park-Fav,DNGO-Joint,59,128,1,160,1.0,0.41881960042227295,0.9887165910195111,0,35,120,3.0
Park-Fav,DNGO-Joint,59,129,1,176,1.0,0.443593981080007,0.9844684388454319,0,36,120,2.0
Park-Fav,DNGO-Joint,59,130,0,6,0.1,0.3994991925509935,0.981613789035279,1,36,121,1.9
Park-Fav,DNGO-Joint,59,131,0,125,0.1,0.40855625088930514,0.981613789035279,2,36,122,1.7999999999999985
Park-Fav,DNGO-Joint,59,132,0,77,0.1,0.36932776284070173,0.981613789035279,3,36,123,1.699999999999997
Park-Fav,DNGO-Joint,59,133,1,128,1.0,0.4063394368941827,0.981613789035279,0,37,123,0.6999999999999957
Park-Fav,DNGO-Joint,59,134,0,181,0.1,0.3516641724166783,0.9796482129542554,1,37,124,0.5999999999999958
Park-Fav,DNGO-Joint,59,135,0,149,0.1,0.30675419389057534,0.9796482129542554,2,37,125,0.49999999999999434
Park-Fav,DNGO-Joint,59,136,0,54,0.1,0.3193033076198851,0.9796482129542554,3,37,126,0.3999999999999929
Park-Fav,DNGO-Joint,59,137,0,82,0.1,0.3119925983037947,0.9796482129542554,4,37,127,0.2999999999999915
Park-Fav,DNGO-Joint,59,138,0,22,0.1,0.2925699036991891,0.9796482129542554,5,37,128,0.19999999999999005
Park-Fav,DNGO-Joint,59,139,0,114,0.1,0.2973180462693194,0.9796482129542554,6,37,129,0.09999999999998863
Park-Fav,DNGO-Joint,60,1,1,20,1.0,7.6289137125211335,0.5,0,3,25,44.5
Park-Fav,DNGO-Joint,60,2,0,24,0.1,7.208499603086187,0.5,1,3,26,44.4
Park-Fav,DNGO-Joint,60,3,0,16,0.1,7.996133829067748,0.5,2,3,27,44.3
Park-Fav,DNGO-Joint,60,4,0,36,0.1,7.645919271394666,0.5,3,3,28,44.199999999999996
Park-Fav,DNGO-Joint,60,5,0,4,0.1,8.283740546363365,0.5,4,3,29,44.1
Park-Fav,DNGO-Joint,60,6,0,0,0.1,7.72517715115687,0.5,5,3,30,44.0
Park-Fav,DNGO-Joint,60,7,0,8,0.1,7.7660576184912795,0.5,6,3,31,43.9
Park-Fav,DNGO-Joint,60,8,0,32,0.1,7.703901582476014,0.5,7,3,32,43.800000000000004
Park-Fav,DNGO-Joint,60,9,0,48,0.1,7.83603473800163,0.5,8,3,33,43.7
Park-Fav,DNGO-Joint,60,10,0,52,0.1,7.788356153654623,0.5,9,3,34,43.6
Park-Fav,DNGO-Joint,60,11,0,56,0.1,7.632179387362102,0.5,10,3,35,43.5
Park-Fav,DNGO-Joint,60,12,0,12,0.1,6.428779370691693,0.5,11,3,36,43.4
Park-Fav,DNGO-Joint,60,13,0,28,0.1,7.795677977613578,0.5,12,3,37,43.300000000000004
Park-Fav,DNGO-Joint,60,14,0,44,0.1,7.213124852541262,0.5,13,3,38,43.2
Park-Fav,DNGO-Joint,60,15,0,60,0.1,7.211679866522101,0.5,14,3,39,43.1
Park-Fav,DNGO-Joint,60,16,0,112,0.1,6.329634693490808,0.5,15,3,40,43.00000000000001
Park-Fav,DNGO-Joint,60,17,0,68,0.1,6.332810024422996,0.5,16,3,41,42.900000000000006
Park-Fav,DNGO-Joint,60,18,0,80,0.1,6.012955241137911,0.5,17,3,42,42.800000000000004
Park-Fav,DNGO-Joint,60,19,0,84,0.1,5.896877337243673,0.5,18,3,43,42.7
Park-Fav,DNGO-Joint,60,20,0,100,0.1,5.665616685784769,0.5,19,3,44,42.6
Park-Fav,DNGO-Joint,60,21,0,116,0.1,5.599318345045563,0.5,20,3,45,42.50000000000001
Park-Fav,DNGO-Joint,60,22,1,12,1.0,2.383997232875659,0.5,0,4,45,41.50000000000001
Park-Fav,DNGO-Joint,60,23,0,72,0.1,5.497670374659582,0.5,1,4,46,41.400000000000006
Park-Fav,DNGO-Joint,60,24,0,88,0.1,5.150716292137787,0.5,2,4,47,41.300000000000004
Park-Fav,DNGO-Joint,60,25,0,104,0.1,5.037292925686869,0.5,3,4,48,41.20000000000001
Park-Fav,DNGO-Joint,60,26,0,120,0.1,4.886027939164643,0.5,4,4,49,41.10000000000001
Park-Fav,DNGO-Joint,60,27,0,128,0.1,4.374164302474511,0.5,5,4,50,41.00000000000001
Park-Fav,DNGO-Joint,60,28,0,144,0.1,4.201107524229288,0.5,6,4,51,40.900000000000006
Park-Fav,DNGO-Joint,60,29,0,160,0.1,4.165140652910075,0.5,7,4,52,40.800000000000004
Park-Fav,DNGO-Joint,60,30,0,76,0.1,4.201144417191777,0.5,8,4,53,40.70000000000001
Park-Fav,DNGO-Joint,60,31,0,176,0.1,4.151346801234907,0.5,9,4,54,40.60000000000001
Park-Fav,DNGO-Joint,60,32,0,92,0.1,4.200902878170864,0.5,10,4,55,40.50000000000001
Park-Fav,DNGO-Joint,60,33,0,1,0.1,3.960821981645503,0.5,11,4,56,40.40000000000001
Park-Fav,DNGO-Joint,60,34,0,124,0.1,4.131838177138517,0.5,12,4,57,40.30000000000001
Park-Fav,DNGO-Joint,60,35,0,108,0.1,4.033938071857135,0.5,13,4,58,40.20000000000001
Park-Fav,DNGO-Joint,60,36,0,17,0.1,3.19646698581851,0.5,14,4,59,40.10000000000001
Park-Fav,DNGO-Joint,60,37,0,33,0.1,3.1364760194440353,0.5,15,4,60,40.00000000000001
Park-Fav,DNGO-Joint,60,38,0,132,0.1,3.000446249296732,0.5,16,4,61,39.90000000000001
Park-Fav,DNGO-Joint,60,39,0,180,0.1,2.945609573562714,0.5,17,4,62,39.80000000000001
Park-Fav,DNGO-Joint,60,40,0,164,0.1,2.8710344453971572,0.5,18,4,63,39.70000000000001
Park-Fav,DNGO-Joint,60,41,0,49,0.1,2.8575857188581013,0.5,19,4,64,39.600000000000016
Park-Fav,DNGO-Joint,60,42,0,240,0.1,2.5013226070812915,0.5,20,4,65,39.500000000000014
Park-Fav,DNGO-Joint,60,43,1,60,1.0,2.235905819980166,0.5,0,5,65,38.500000000000014
Park-Fav,DNGO-Joint,60,44,0,5,0.1,2.418145851809438,0.5,1,5,66,38.40000000000001
Park-Fav,DNGO-Joint,60,45,0,192,0.1,2.2151886607647366,0.5,2,5,67,38.30000000000001
Park-Fav,DNGO-Joint,60,46,0,224,0.1,2.39785781700368,0.5,3,5,68,38.20000000000001
Park-Fav,DNGO-Joint,60,47,0,208,0.1,2.1158899934188113,0.5,4,5,69,38.100000000000016
Park-Fav,DNGO-Joint,60,48,0,21,0.1,2.032593990639172,0.5,5,5,70,38.000000000000014
Park-Fav,DNGO-Joint,60,49,0,53,0.1,1.9837521571728622,0.5,6,5,71,37.90000000000001
Park-Fav,DNGO-Joint,60,50,1,63,1.0,2.313193948050123,0.5,0,6,71,36.90000000000002
Park-Fav,DNGO-Joint,60,51,1,128,1.0,2.9541227088661275,0.5,0,7,71,35.90000000000002
Park-Fav,DNGO-Joint,60,52,0,184,0.1,5.318949373133426,1.0,1,7,72,35.80000000000002
Park-Fav,DNGO-Joint,60,53,0,136,0.1,5.4891670441538505,1.0,2,7,73,35.70000000000002
Park-Fav,DNGO-Joint,60,54,0,152,0.1,4.894537389615175,1.0,3,7,74,35.600000000000016
Park-Fav,DNGO-Joint,60,55,0,168,0.1,4.934666357632533,1.0,4,7,75,35.500000000000014
Park-Fav,DNGO-Joint,60,56,0,57,0.1,4.381776970195011,1.0,5,7,76,35.40000000000001
Park-Fav,DNGO-Joint,60,57,0,61,0.1,4.0953118050411135,1.0,6,7,77,35.30000000000002
Park-Fav,DNGO-Joint,60,58,0,9,0.1,4.240572601282065,1.0,7,7,78,35.20000000000002
Park-Fav,DNGO-Joint,60,59,0,244,0.1,4.025145219547716,1.0,8,7,79,35.100000000000016
Park-Fav,DNGO-Joint,60,60,0,65,0.1,4.19365826096093,1.0,9,7,80,35.00000000000002
Park-Fav,DNGO-Joint,60,61,0,25,0.1,3.684675313633583,1.0,10,7,81,34.90000000000002
Park-Fav,DNGO-Joint,60,62,0,41,0.1,3.754570588684053,1.0,11,7,82,34.80000000000002
Park-Fav,DNGO-Joint,60,63,0,140,0.1,3.756032087028197,1.0,12,7,83,34.70000000000002
Park-Fav,DNGO-Joint,60,64,0,113,0.1,3.569592013452938,1.0,13,7,84,34.600000000000016
Park-Fav,DNGO-Joint,60,65,0,81,0.1,3.5026644940489113,1.0,14,7,85,34.50000000000002
Park-Fav,DNGO-Joint,60,66,0,188,0.1,3.803466131970313,1.0,15,7,86,34.40000000000002
Park-Fav,DNGO-Joint,60,67,0,97,0.1,3.2706739476889566,1.0,16,7,87,34.30000000000002
Park-Fav,DNGO-Joint,60,68,0,156,0.1,3.252589718347516,1.0,17,7,88,34.200000000000024
Park-Fav,DNGO-Joint,60,69,0,196,0.1,3.2038151378439115,1.0,18,7,89,34.10000000000002
Park-Fav,DNGO-Joint,60,70,0,172,0.1,3.232264435347818,1.0,19,7,90,34.00000000000002
Park-Fav,DNGO-Joint,60,71,0,228,0.1,2.9488429300518737,1.0,20,7,91,33.90000000000002
Park-Fav,DNGO-Joint,60,72,1,108,1.0,2.1233777855930476,1.0,0,8,91,32.90000000000002
Park-Fav,DNGO-Joint,60,73,0,212,0.1,2.794876813037228,0.9722200103132914,1,8,92,32.80000000000002
Park-Fav,DNGO-Joint,60,74,0,45,0.1,2.6207081704180917,0.9722200103132914,2,8,93,32.700000000000024
Park-Fav,DNGO-Joint,60,75,0,29,0.1,2.190870476928889,0.9722200103132914,3,8,94,32.600000000000016
Park-Fav,DNGO-Joint,60,76,0,248,0.1,2.0249815542862475,0.9722200103132914,4,8,95,32.50000000000002
Park-Fav,DNGO-Joint,60,77,1,48,1.0,2.0126067052187464,0.9722200103132914,0,9,95,31.500000000000014
Park-Fav,DNGO-Joint,60,78,0,129,0.1,1.8224063641762336,0.9767948336069161,1,9,96,31.400000000000016
Park-Fav,DNGO-Joint,60,79,0,2,0.1,1.8228279902749396,0.9767948336069161,2,9,97,31.300000000000015
Park-Fav,DNGO-Joint,60,80,0,69,0.1,1.8161835811327165,0.9767948336069161,3,9,98,31.200000000000014
Park-Fav,DNGO-Joint,60,81,1,0,1.0,1.6103937772475034,0.9767948336069161,0,10,98,30.200000000000014
Park-Fav,DNGO-Joint,60,82,0,232,0.1,1.6705738287819527,0.9790904303830643,1,10,99,30.100000000000012
Park-Fav,DNGO-Joint,60,83,1,52,1.0,1.9431919316006032,0.9790904303830643,0,11,99,29.100000000000012
Park-Fav,DNGO-Joint,60,84,0,117,0.1,1.5951766947939676,0.9804704190732402,1,11,100,29.00000000000001
Park-Fav,DNGO-Joint,60,85,0,216,0.1,1.5782434628218005,0.9804704190732402,2,11,101,28.90000000000001
Park-Fav,DNGO-Joint,60,86,0,85,0.1,1.5560131980437837,0.9804704190732402,3,11,102,28.800000000000008
Park-Fav,DNGO-Joint,60,87,1,8,1.0,1.526568251879956,0.9804704190732402,0,12,102,27.800000000000008
Park-Fav,DNGO-Joint,60,88,1,40,1.0,1.467861072076483,0.9813915102775934,0,13,102,26.800000000000008
Park-Fav,DNGO-Joint,60,89,0,145,0.1,1.5264233906998006,0.9820499716290386,1,13,103,26.700000000000006
Park-Fav,DNGO-Joint,60,90,0,101,0.1,1.4612303769819608,0.9820499716290386,2,13,104,26.600000000000005
Park-Fav,DNGO-Joint,60,91,1,36,1.0,1.426178316397062,0.9820499716290386,0,14,104,25.600000000000005
Park-Fav,DNGO-Joint,60,92,1,24,1.0,1.466245999885355,0.9825441128542179,0,15,104,24.600000000000005
Park-Fav,DNGO-Joint,60,93,1,4,1.0,1.4280914517495633,0.9829286198784237,0,16,104,23.600000000000005
Park-Fav,DNGO-Joint,60,94,1,56,1.0,1.409204001696623,0.9832363359063587,0,17,104,22.600000000000005
Park-Fav,DNGO-Joint,60,95,1,16,1.0,1.420939558283191,0.9834881764901092,0,18,104,21.600000000000005
Park-Fav,DNGO-Joint,60,96,1,32,1.0,1.4516661486687172,0.9836980939432217,0,19,104,20.600000000000005
Park-Fav,DNGO-Joint,60,97,0,177,0.1,1.4165943572936206,0.9838757520576729,1,19,105,20.500000000000004
Park-Fav,DNGO-Joint,60,98,0,161,0.1,1.3043098578353,0.9838757520576729,2,19,106,20.400000000000002
Park-Fav,DNGO-Joint,60,99,0,204,0.1,1.3312657746810788,0.9838757520576729,3,19,107,20.3
Park-Fav,DNGO-Joint,60,100,1,28,1.0,1.2067978793104706,0.9838757520576729,0,20,107,19.3
Park-Fav,DNGO-Joint,60,101,1,44,1.0,1.2774791121295965,0.9840280563413865,0,21,107,18.3
Park-Fav,DNGO-Joint,60,102,0,18,0.1,1.2141766299300498,0.9841600728226045,1,21,108,18.2
Park-Fav,DNGO-Joint,60,103,0,252,0.1,1.2153421444639596,0.9841600728226045,2,21,109,18.099999999999998
Park-Fav,DNGO-Joint,60,104,0,34,0.1,0.9806976725347019,0.9841600728226045,3,21,110,17.999999999999996
Park-Fav,DNGO-Joint,60,105,1,72,1.0,1.1692742655132278,0.9841600728226045,0,22,110,17.0
Park-Fav,DNGO-Joint,60,106,0,50,0.1,1.1549935765023542,0.9867308573776533,1,22,111,16.9
Park-Fav,DNGO-Joint,60,107,0,220,0.1,0.9055330191739537,0.9867308573776533,2,22,112,16.799999999999997
Park-Fav,DNGO-Joint,60,108,1,116,1.0,0.9377097308685839,0.9867308573776533,0,23,112,15.799999999999997
Park-Fav,DNGO-Joint,60,109,0,236,0.1,0.8720904257996893,0.9877549051030257,1,23,113,15.699999999999998
Park-Fav,DNGO-Joint,60,110,1,96,1.0,0.9846282024329106,0.9877549051030257,0,24,113,14.699999999999996
Park-Fav,DNGO-Joint,60,111,0,193,0.1,0.8825737135333974,0.9868024356744605,1,24,114,14.599999999999996
Park-Fav,DNGO-Joint,60,112,1,80,1.0,0.8381379208500184,0.9868024356744605,0,25,114,13.599999999999994
Park-Fav,DNGO-Joint,60,113,1,112,1.0,0.8384616388927753,0.9860882873190954,0,26,114,12.599999999999994
Park-Fav,DNGO-Joint,60,114,1,76,1.0,0.7653495841049305,0.9855417352603133,0,27,114,11.599999999999994
Park-Fav,DNGO-Joint,60,115,1,100,1.0,0.816626808312588,0.9837006674785133,0,28,114,10.599999999999994
Park-Fav,DNGO-Joint,60,116,1,64,1.0,0.7734237220897369,0.9842658323189769,0,29,114,9.599999999999994
Park-Fav,DNGO-Joint,60,117,0,73,0.1,0.7874551167182915,0.9834960662666707,1,29,115,9.499999999999995
Park-Fav,DNGO-Joint,60,118,1,120,1.0,0.7159294877871838,0.9834960662666707,0,30,115,8.499999999999993
Park-Fav,DNGO-Joint,60,119,0,121,0.1,0.6925479400233442,0.9842454055469158,1,30,116,8.399999999999993
Park-Fav,DNGO-Joint,60,120,0,209,0.1,0.6910506747297408,0.9842454055469158,2,30,117,8.299999999999992
Park-Fav,DNGO-Joint,60,121,1,84,1.0,0.6137835261664566,0.9842454055469158,0,31,117,7.29999999999999
Park-Fav,DNGO-Joint,60,122,1,124,1.0,0.6639155452584469,0.9846119319492228,0,32,117,6.29999999999999
Park-Fav,DNGO-Joint,60,123,1,68,1.0,0.6356191548284762,0.9837247931146855,0,33,117,5.29999999999999
Park-Fav,DNGO-Joint,60,124,0,89,0.1,0.6060672309876125,0.9838972473114646,1,33,118,5.19999999999999
Park-Fav,DNGO-Joint,60,125,1,88,1.0,0.6093079409987188,0.9838972473114646,0,34,118,4.199999999999989
Park-Fav,DNGO-Joint,60,126,0,241,0.1,0.5778789698374137,0.9844420522562999,1,34,119,4.099999999999989
Park-Fav,DNGO-Joint,60,127,1,104,1.0,0.5508350877242163,0.9844420522562999,0,35,119,3.099999999999987
Park-Fav,DNGO-Joint,60,128,1,176,1.0,0.6254589029553937,0.9849230159456618,0,36,119,2.099999999999987
Park-Fav,DNGO-Joint,60,129,1,92,1.0,0.5107482695880334,0.9824234697822812,0,37,119,1.0999999999999872
Park-Fav,DNGO-Joint,60,130,0,133,0.1,0.4704836276149503,0.9816138683129784,1,37,120,0.9999999999999872
Park-Fav,DNGO-Joint,60,131,0,6,0.1,0.4786427870700708,0.9816138683129784,2,37,121,0.8999999999999858
Park-Fav,DNGO-Joint,60,132,0,225,0.1,0.48056873237225156,0.9816138683129784,3,37,122,0.7999999999999844
Park-Fav,DNGO-Joint,60,133,0,66,0.1,0.4252539383554589,0.9816138683129784,4,37,123,0.699999999999983
Park-Fav,DNGO-Joint,60,134,0,125,0.1,0.4479407447142131,0.9816138683129784,5,37,124,0.5999999999999815
Park-Fav,DNGO-Joint,60,135,0,149,0.1,0.3684125919373554,0.9816138683129784,6,37,125,0.4999999999999801
Park-Fav,DNGO-Joint,60,136,0,54,0.1,0.3892701351393286,0.9816138683129784,7,37,126,0.3999999999999787
Park-Fav,DNGO-Joint,60,137,0,181,0.1,0.3774369300637061,0.9816138683129784,8,37,127,0.2999999999999773
Park-Fav,DNGO-Joint,60,138,0,22,0.1,0.33284948494139777,0.9816138683129784,9,37,128,0.19999999999997584
Park-Fav,DNGO-Joint,60,139,0,93,0.1,0.35177124488414135,0.9816138683129784,10,37,129,0.09999999999997441
Park-Fav,DNGO-Joint,61,1,0,16,0.1,10.240822849668106,0.5,1,2,26,45.4
Park-Fav,DNGO-Joint,61,2,0,32,0.1,8.57951187372686,0.5,2,2,27,45.3
Park-Fav,DNGO-Joint,61,3,0,36,0.1,8.146398052998808,0.5,3,2,28,45.199999999999996
Park-Fav,DNGO-Joint,61,4,0,20,0.1,8.084260648282223,0.5,4,2,29,45.1
Park-Fav,DNGO-Joint,61,5,0,52,0.1,7.880483270083254,0.5,5,2,30,45.0
Park-Fav,DNGO-Joint,61,6,0,48,0.1,9.220104141600377,0.5,6,2,31,44.9
Park-Fav,DNGO-Joint,61,7,0,0,0.1,8.22097598633472,0.5,7,2,32,44.800000000000004
Park-Fav,DNGO-Joint,61,8,0,4,0.1,8.104736546897588,0.5,8,2,33,44.7
Park-Fav,DNGO-Joint,61,9,0,56,0.1,7.828720662900266,0.5,9,2,34,44.6
Park-Fav,DNGO-Joint,61,10,0,40,0.1,8.164397404168938,0.5,10,2,35,44.5
Park-Fav,DNGO-Joint,61,11,0,24,0.1,8.191447496070282,0.5,11,2,36,44.4
Park-Fav,DNGO-Joint,61,12,0,8,0.1,7.9754828203220685,0.5,12,2,37,44.300000000000004
Park-Fav,DNGO-Joint,61,13,0,44,0.1,8.063769667311433,0.5,13,2,38,44.2
Park-Fav,DNGO-Joint,61,14,0,60,0.1,8.68171199801768,0.5,14,2,39,44.1
Park-Fav,DNGO-Joint,61,15,0,28,0.1,8.529710068071811,0.5,15,2,40,44.00000000000001
Park-Fav,DNGO-Joint,61,16,0,12,0.1,8.28083484683833,0.5,16,2,41,43.900000000000006
Park-Fav,DNGO-Joint,61,17,0,80,0.1,6.911214060167771,0.5,17,2,42,43.800000000000004
Park-Fav,DNGO-Joint,61,18,0,64,0.1,6.853520022927759,0.5,18,2,43,43.7
Park-Fav,DNGO-Joint,61,19,0,96,0.1,7.082822160416502,0.5,19,2,44,43.6
Park-Fav,DNGO-Joint,61,20,1,0,1.0,7.2113173159244015,0.5,0,3,44,42.60000000000001
Park-Fav,DNGO-Joint,61,21,0,88,0.1,6.608356748048531,0.5,1,3,45,42.50000000000001
Park-Fav,DNGO-Joint,61,22,0,68,0.1,6.358361035090112,0.5,2,3,46,42.400000000000006
Park-Fav,DNGO-Joint,61,23,0,112,0.1,6.3916910455702185,0.5,3,3,47,42.300000000000004
Park-Fav,DNGO-Joint,61,24,0,84,0.1,6.25715375575818,0.5,4,3,48,42.20000000000001
Park-Fav,DNGO-Joint,61,25,0,100,0.1,6.199299728281687,0.5,5,3,49,42.10000000000001
Park-Fav,DNGO-Joint,61,26,0,104,0.1,5.753296517680876,0.5,6,3,50,42.00000000000001
Park-Fav,DNGO-Joint,61,27,0,124,0.1,5.702094796589816,0.5,7,3,51,41.900000000000006
Park-Fav,DNGO-Joint,61,28,0,120,0.1,5.641971325606426,0.5,8,3,52,41.800000000000004
Park-Fav,DNGO-Joint,61,29,0,72,0.1,5.1027377448534095,0.5,9,3,53,41.70000000000001
Park-Fav,DNGO-Joint,61,30,0,108,0.1,4.931107067108127,0.5,10,3,54,41.60000000000001
Park-Fav,DNGO-Joint,61,31,0,144,0.1,4.727559547488243,0.5,11,3,55,41.50000000000001
Park-Fav,DNGO-Joint,61,32,0,92,0.1,4.941047291994649,0.5,12,3,56,41.40000000000001
Park-Fav,DNGO-Joint,61,33,0,176,0.1,4.627463846733033,0.5,13,3,57,41.30000000000001
Park-Fav,DNGO-Joint,61,34,0,76,0.1,4.965077595460473,0.5,14,3,58,41.20000000000001
Park-Fav,DNGO-Joint,61,35,0,160,0.1,4.222468294647167,0.5,15,3,59,41.10000000000001
Park-Fav,DNGO-Joint,61,36,0,1,0.1,3.83593463771458,0.5,16,3,60,41.00000000000001
Park-Fav,DNGO-Joint,61,37,0,148,0.1,3.537873396128471,0.5,17,3,61,40.90000000000001
Park-Fav,DNGO-Joint,61,38,0,49,0.1,3.6630599392337673,0.5,18,3,62,40.80000000000001
Park-Fav,DNGO-Joint,61,39,0,132,0.1,3.4141266656766476,0.5,19,3,63,40.70000000000001
Park-Fav,DNGO-Joint,61,40,0,17,0.1,3.5787001215517087,0.5,20,3,64,40.600000000000016
Park-Fav,DNGO-Joint,61,41,1,48,1.0,2.063448736832048,0.5,0,4,64,39.600000000000016
Park-Fav,DNGO-Joint,61,42,0,33,0.1,3.287213859270929,0.5,1,4,65,39.500000000000014
Park-Fav,DNGO-Joint,61,43,0,164,0.1,3.07233088608571,0.5,2,4,66,39.40000000000001
Park-Fav,DNGO-Joint,61,44,0,240,0.1,3.222025392413983,0.5,3,4,67,39.30000000000001
Park-Fav,DNGO-Joint,61,45,0,5,0.1,2.863570532811682,0.5,4,4,68,39.20000000000001
Park-Fav,DNGO-Joint,61,46,0,208,0.1,2.819580848331214,0.5,5,4,69,39.100000000000016
Park-Fav,DNGO-Joint,61,47,0,192,0.1,2.719023629007381,0.5,6,4,70,39.000000000000014
Park-Fav,DNGO-Joint,61,48,0,136,0.1,2.522996603491642,0.5,7,4,71,38.90000000000001
Park-Fav,DNGO-Joint,61,49,0,224,0.1,2.5296059744592556,0.5,8,4,72,38.80000000000002
Park-Fav,DNGO-Joint,61,50,0,184,0.1,2.541239843362875,0.5,9,4,73,38.70000000000002
Park-Fav,DNGO-Joint,61,51,0,53,0.1,2.3428238949962537,0.5,10,4,74,38.600000000000016
Park-Fav,DNGO-Joint,61,52,1,240,1.0,2.6660160608862427,0.5,0,5,74,37.600000000000016
Park-Fav,DNGO-Joint,61,53,0,168,0.1,4.293383941468565,1.0,1,5,75,37.500000000000014
Park-Fav,DNGO-Joint,61,54,0,21,0.1,4.333004174374424,1.0,2,5,76,37.40000000000001
Park-Fav,DNGO-Joint,61,55,0,152,0.1,4.258798676988699,1.0,3,5,77,37.30000000000002
Park-Fav,DNGO-Joint,61,56,0,37,0.1,4.102722436520298,1.0,4,5,78,37.20000000000002
Park-Fav,DNGO-Joint,61,57,0,140,0.1,3.866056754152499,1.0,5,5,79,37.100000000000016
Park-Fav,DNGO-Joint,61,58,0,156,0.1,3.52387044970485,1.0,6,5,80,37.00000000000002
Park-Fav,DNGO-Joint,61,59,0,172,0.1,3.4231389605447626,1.0,7,5,81,36.90000000000002
Park-Fav,DNGO-Joint,61,60,0,9,0.1,3.6697526839472605,1.0,8,5,82,36.80000000000002
Park-Fav,DNGO-Joint,61,61,0,244,0.1,3.3214600391027935,1.0,9,5,83,36.70000000000002
Park-Fav,DNGO-Joint,61,62,0,65,0.1,3.141666430858497,1.0,10,5,84,36.600000000000016
Park-Fav,DNGO-Joint,61,63,0,81,0.1,2.9996135538354407,1.0,11,5,85,36.50000000000002
Park-Fav,DNGO-Joint,61,64,0,25,0.1,2.911364435383017,1.0,12,5,86,36.40000000000002
Park-Fav,DNGO-Joint,61,65,0,61,0.1,3.120383049349474,1.0,13,5,87,36.30000000000002
Park-Fav,DNGO-Joint,61,66,0,113,0.1,2.7479999163344715,1.0,14,5,88,36.200000000000024
Park-Fav,DNGO-Joint,61,67,0,196,0.1,2.6776348834380412,1.0,15,5,89,36.10000000000002
Park-Fav,DNGO-Joint,61,68,0,13,0.1,2.5837461459228526,1.0,16,5,90,36.00000000000002
Park-Fav,DNGO-Joint,61,69,0,228,0.1,2.4725643007359004,1.0,17,5,91,35.90000000000002
Park-Fav,DNGO-Joint,61,70,0,248,0.1,2.072863269126553,1.0,18,5,92,35.80000000000002
Park-Fav,DNGO-Joint,61,71,0,45,0.1,1.8800963224189637,1.0,19,5,93,35.700000000000024
Park-Fav,DNGO-Joint,61,72,0,29,0.1,1.8933970771678077,1.0,20,5,94,35.60000000000002
Park-Fav,DNGO-Joint,61,73,1,16,1.0,1.4220685327282085,1.0,0,6,94,34.60000000000002
Park-Fav,DNGO-Joint,61,74,0,200,0.1,1.8423034667907323,1.0,1,6,95,34.50000000000002
Park-Fav,DNGO-Joint,61,75,0,2,0.1,1.6360890866213678,1.0,2,6,96,34.40000000000003
Park-Fav,DNGO-Joint,61,76,0,129,0.1,1.4968023741829795,1.0,3,6,97,34.300000000000026
Park-Fav,DNGO-Joint,61,77,0,252,0.1,1.5243822823831503,1.0,4,6,98,34.200000000000024
Park-Fav,DNGO-Joint,61,78,1,19,1.0,1.5866850863897455,1.0,0,7,98,33.200000000000024
Park-Fav,DNGO-Joint,61,79,0,50,0.1,1.5999868628473506,1.0,1,7,99,33.10000000000002
Park-Fav,DNGO-Joint,61,80,0,69,0.1,1.4653228095172988,1.0,2,7,100,33.00000000000002
Park-Fav,DNGO-Joint,61,81,0,117,0.1,1.3920966325312278,1.0,3,7,101,32.90000000000002
Park-Fav,DNGO-Joint,61,82,0,232,0.1,1.3352552541340224,1.0,4,7,102,32.80000000000002
Park-Fav,DNGO-Joint,61,83,0,216,0.1,1.2964088291774,1.0,5,7,103,32.70000000000002
Park-Fav,DNGO-Joint,61,84,1,32,1.0,1.3578681083519695,1.0,0,8,103,31.700000000000017
Park-Fav,DNGO-Joint,61,85,0,145,0.1,1.2600062251731092,1.0,1,8,104,31.600000000000016
Park-Fav,DNGO-Joint,61,86,0,85,0.1,1.2224136435706134,1.0,2,8,105,31.500000000000014
Park-Fav,DNGO-Joint,61,87,0,177,0.1,1.211122885463578,1.0,3,8,106,31.400000000000013
Park-Fav,DNGO-Joint,61,88,1,112,1.0,1.0569411549272978,1.0,0,9,106,30.400000000000013
Park-Fav,DNGO-Joint,61,89,1,192,1.0,1.3520117107533864,1.0,0,10,106,29.400000000000013
Park-Fav,DNGO-Joint,61,90,0,204,0.1,1.0404631096342254,1.0,1,10,107,29.30000000000001
Park-Fav,DNGO-Joint,61,91,0,18,0.1,1.0923305371900904,1.0,2,10,108,29.20000000000001
Park-Fav,DNGO-Joint,61,92,0,34,0.1,0.9785466637509704,1.0,3,10,109,29.10000000000001
Park-Fav,DNGO-Joint,61,93,1,96,1.0,0.8843107373560393,1.0,0,11,109,28.10000000000001
Park-Fav,DNGO-Joint,61,94,1,64,1.0,0.9551163050349254,1.0,0,12,109,27.10000000000001
Park-Fav,DNGO-Joint,61,95,1,80,1.0,0.875168701400477,1.0,0,13,109,26.10000000000001
Park-Fav,DNGO-Joint,61,96,0,220,0.1,0.7763304295505169,1.0,1,13,110,26.000000000000007
Park-Fav,DNGO-Joint,61,97,0,236,0.1,0.7994276662648847,1.0,2,13,111,25.900000000000006
Park-Fav,DNGO-Joint,61,98,1,52,1.0,0.675252447849365,1.0,0,14,111,24.900000000000006
Park-Fav,DNGO-Joint,61,99,1,36,1.0,0.9167954224899724,1.0,0,15,111,23.900000000000006
Park-Fav,DNGO-Joint,61,100,1,20,1.0,1.0519378795755985,1.0,0,16,111,22.900000000000006
Park-Fav,DNGO-Joint,61,101,1,56,1.0,1.0533299909584646,0.9999999999999998,0,17,111,21.900000000000006
Park-Fav,DNGO-Joint,61,102,1,40,1.0,1.046207881039837,1.0,0,18,111,20.900000000000006
Park-Fav,DNGO-Joint,61,103,1,24,1.0,1.0782398518878797,0.9999999999999997,0,19,111,19.900000000000006
Park-Fav,DNGO-Joint,61,104,1,4,1.0,0.9785803804070408,0.9999999999999997,0,20,111,18.900000000000006
Park-Fav,DNGO-Joint,61,105,1,44,1.0,0.9595721367586936,1.0,0,21,111,17.900000000000006
Park-Fav,DNGO-Joint,61,106,1,60,1.0,1.179196251740758,0.9999999999999998,0,22,111,16.900000000000006
Park-Fav,DNGO-Joint,61,107,1,28,1.0,1.0049548786515636,0.9999999999999993,0,23,111,15.900000000000006
Park-Fav,DNGO-Joint,61,108,1,8,1.0,0.9675946643632497,0.9999999999999992,0,24,111,14.900000000000006
Park-Fav,DNGO-Joint,61,109,1,12,1.0,0.9484066860668257,0.9999999999999993,0,25,111,13.900000000000006
Park-Fav,DNGO-Joint,61,110,0,193,0.1,0.7463130605102203,0.9999999999999992,1,25,112,13.800000000000006
Park-Fav,DNGO-Joint,61,111,1,116,1.0,0.8087090651082744,0.9999999999999992,0,26,112,12.800000000000004
Park-Fav,DNGO-Joint,61,112,1,68,1.0,0.7523811291503162,0.99926586206091,0,27,112,11.800000000000004
Park-Fav,DNGO-Joint,61,113,1,100,1.0,0.7352654255603197,0.9986860116492071,0,28,112,10.800000000000004
Park-Fav,DNGO-Joint,61,114,1,84,1.0,0.6500754390985076,0.9982197107944119,0,29,112,9.800000000000004
Park-Fav,DNGO-Joint,61,115,1,120,1.0,0.697884325945157,0.9978388693801554,0,30,112,8.800000000000004
Park-Fav,DNGO-Joint,61,116,0,121,0.1,0.669104374459586,0.9952278852827339,1,30,113,8.700000000000005
Park-Fav,DNGO-Joint,61,117,0,73,0.1,0.6349264825272086,0.9952278852827339,2,30,114,8.600000000000003
Park-Fav,DNGO-Joint,61,118,0,241,0.1,0.5600178663672691,0.9952278852827339,3,30,115,8.500000000000002
Park-Fav,DNGO-Joint,61,119,1,88,1.0,0.6169450180706024,0.9952278852827339,0,31,115,7.5
Park-Fav,DNGO-Joint,61,120,1,124,1.0,0.5880328839843418,0.9932693632676792,0,32,115,6.5
Park-Fav,DNGO-Joint,61,121,0,125,0.1,0.68703315330776,0.9883621563546424,1,32,116,6.4
Park-Fav,DNGO-Joint,61,122,1,72,1.0,0.6053468116708751,0.9883621563546424,0,33,116,5.399999999999999
Park-Fav,DNGO-Joint,61,123,1,176,1.0,0.5268018677990207,0.9875675560457042,0,34,116,4.399999999999999
Park-Fav,DNGO-Joint,61,124,1,104,1.0,0.5300023737279435,0.9875801488256817,0,35,116,3.3999999999999986
Park-Fav,DNGO-Joint,61,125,0,209,0.1,0.4826408148542242,0.9868275583821942,1,35,117,3.2999999999999985
Park-Fav,DNGO-Joint,61,126,1,128,1.0,0.4387224440256998,0.9868275583821942,0,36,117,2.299999999999997
Park-Fav,DNGO-Joint,61,127,1,76,1.0,0.4495838569646198,0.9868048306620796,0,37,117,1.2999999999999972
Park-Fav,DNGO-Joint,61,128,1,160,1.0,0.507349079026744,0.9838172133763228,0,38,117,0.29999999999999716
Park-Fav,DNGO-Joint,61,129,0,225,0.1,0.40156108278739944,0.9837297144971975,1,38,118,0.19999999999999715
Park-Fav,DNGO-Joint,61,130,0,6,0.1,0.4407046356417725,0.9837297144971975,2,38,119,0.09999999999999573
