benchmark,model,seed,step,fidelity_chosen,candidate_idx,cost,score_max,alpha,consecutive_lf_count,n_hf_so_far,n_lf_so_far,remaining_budget
FreeSolv,MFGP,42,1,1,261,1.0,5.025075185068812,0.5,0,3,25,44.5
FreeSolv,MFGP,42,2,0,140,0.1,1.1455746286331048,0.5,1,3,26,44.4
FreeSolv,MFGP,42,3,0,118,0.1,1.3758534978987136,0.5,2,3,27,44.3
FreeSolv,MFGP,42,4,0,631,0.1,1.3880491293115504,0.5,3,3,28,44.199999999999996
FreeSolv,MFGP,42,5,0,456,0.1,1.464292259966825,0.5,4,3,29,44.1
FreeSolv,MFGP,42,6,0,506,0.1,1.3931588318483028,0.5,5,3,30,44.0
FreeSolv,MFGP,42,7,0,338,0.1,1.3829465005111856,0.5,6,3,31,43.9
FreeSolv,MFGP,42,8,0,484,0.1,1.207281551359658,0.5,7,3,32,43.800000000000004
FreeSolv,MFGP,42,9,0,368,0.1,1.1190289651994139,0.5,8,3,33,43.7
FreeSolv,MFGP,42,10,0,206,0.1,1.442067138985909,0.5,9,3,34,43.6
FreeSolv,MFGP,42,11,0,187,0.1,1.4037907491648165,0.5,10,3,35,43.5
FreeSolv,MFGP,42,12,0,377,0.1,1.3618152768114293,0.5,11,3,36,43.4
FreeSolv,MFGP,42,13,0,166,0.1,1.3461722814222354,0.5,12,3,37,43.300000000000004
FreeSolv,MFGP,42,14,0,282,0.1,1.3843543548894792,0.5,13,3,38,43.2
FreeSolv,MFGP,42,15,0,183,0.1,1.4247204173535566,0.5,14,3,39,43.1
FreeSolv,MFGP,42,16,0,91,0.1,1.3388565186085255,0.5,15,3,40,43.00000000000001
FreeSolv,MFGP,42,17,0,437,0.1,1.1922489109222427,0.5,16,3,41,42.900000000000006
FreeSolv,MFGP,42,18,0,592,0.1,1.2902615657398786,0.5,17,3,42,42.800000000000004
FreeSolv,MFGP,42,19,0,144,0.1,1.204146618642662,0.5,18,3,43,42.7
FreeSolv,MFGP,42,20,0,446,0.1,1.3289067614941474,0.5,19,3,44,42.6
FreeSolv,MFGP,42,21,0,548,0.1,1.0850904967279944,0.5,20,3,45,42.50000000000001
FreeSolv,MFGP,42,22,1,39,1.0,0.030215100120118216,0.5,0,4,45,41.50000000000001
FreeSolv,MFGP,42,23,0,238,0.1,0.9685967102332649,0.5,1,4,46,41.400000000000006
FreeSolv,MFGP,42,24,0,128,0.1,0.9609253491942318,0.5,2,4,47,41.300000000000004
FreeSolv,MFGP,42,25,0,141,0.1,1.0968252135333167,0.5,3,4,48,41.20000000000001
FreeSolv,MFGP,42,26,0,10,0.1,1.0318400217609376,0.5,4,4,49,41.10000000000001
FreeSolv,MFGP,42,27,0,473,0.1,0.8485225169241558,0.5,5,4,50,41.00000000000001
FreeSolv,MFGP,42,28,0,77,0.1,0.8002442117792724,0.5,6,4,51,40.900000000000006
FreeSolv,MFGP,42,29,0,351,0.1,0.7254056543104977,0.5,7,4,52,40.800000000000004
FreeSolv,MFGP,42,30,0,200,0.1,0.7623831281020296,0.5,8,4,53,40.70000000000001
FreeSolv,MFGP,42,31,0,413,0.1,0.7111126544451432,0.5,9,4,54,40.60000000000001
FreeSolv,MFGP,42,32,0,335,0.1,0.6705740466561844,0.5,10,4,55,40.50000000000001
FreeSolv,MFGP,42,33,0,172,0.1,0.6455879527287225,0.5,11,4,56,40.40000000000001
FreeSolv,MFGP,42,34,0,66,0.1,0.6282425542747944,0.5,12,4,57,40.30000000000001
FreeSolv,MFGP,42,35,0,233,0.1,1.0085837645162867,0.5,13,4,58,40.20000000000001
FreeSolv,MFGP,42,36,0,328,0.1,1.3958789597004764,0.5,14,4,59,40.10000000000001
FreeSolv,MFGP,42,37,0,258,0.1,1.2117807752577519,0.5,15,4,60,40.00000000000001
FreeSolv,MFGP,42,38,0,263,0.1,1.1645076811729353,0.5,16,4,61,39.90000000000001
FreeSolv,MFGP,42,39,0,486,0.1,1.0447320806984395,0.5,17,4,62,39.80000000000001
FreeSolv,MFGP,42,40,0,436,0.1,0.9971553177699344,0.5,18,4,63,39.70000000000001
FreeSolv,MFGP,42,41,0,492,0.1,1.0351895836370208,0.5,19,4,64,39.600000000000016
FreeSolv,MFGP,42,42,0,105,0.1,0.9806003472318331,0.5,20,4,65,39.500000000000014
FreeSolv,MFGP,42,43,1,41,1.0,0.025603233811739845,0.5,0,5,65,38.500000000000014
FreeSolv,MFGP,42,44,0,564,0.1,2.042064693517076,0.5,1,5,66,38.40000000000001
FreeSolv,MFGP,42,45,0,638,0.1,1.3457558843880837,0.5,2,5,67,38.30000000000001
FreeSolv,MFGP,42,46,0,129,0.1,1.1106212983049375,0.5,3,5,68,38.20000000000001
FreeSolv,MFGP,42,47,0,192,0.1,1.1976680450420052,0.5,4,5,69,38.100000000000016
FreeSolv,MFGP,42,48,0,497,0.1,1.1148787640590185,0.5,5,5,70,38.000000000000014
FreeSolv,MFGP,42,49,0,589,0.1,0.9023282550908585,0.5,6,5,71,37.90000000000001
FreeSolv,MFGP,42,50,0,572,0.1,0.7530543039412282,0.5,7,5,72,37.80000000000002
FreeSolv,MFGP,42,51,0,626,0.1,0.6927238496708998,0.5,8,5,73,37.70000000000002
FreeSolv,MFGP,42,52,0,80,0.1,0.6082278157305304,0.5,9,5,74,37.600000000000016
FreeSolv,MFGP,42,53,0,301,0.1,0.5544185159020368,0.5,10,5,75,37.500000000000014
FreeSolv,MFGP,42,54,0,540,0.1,0.6521706886983271,0.5,11,5,76,37.40000000000001
FreeSolv,MFGP,42,55,0,136,0.1,0.6448612546791461,0.5,12,5,77,37.30000000000002
FreeSolv,MFGP,42,56,0,619,0.1,0.4373977499984076,0.5,13,5,78,37.20000000000002
FreeSolv,MFGP,42,57,0,139,0.1,0.44134885563572784,0.5,14,5,79,37.100000000000016
FreeSolv,MFGP,42,58,0,550,0.1,0.685815826933657,0.5,15,5,80,37.00000000000002
FreeSolv,MFGP,42,59,0,269,0.1,0.455643225764535,0.5,16,5,81,36.90000000000002
FreeSolv,MFGP,42,60,0,86,0.1,0.3778622319503752,0.5,17,5,82,36.80000000000002
FreeSolv,MFGP,42,61,0,339,0.1,0.344873251041161,0.5,18,5,83,36.70000000000002
FreeSolv,MFGP,42,62,0,501,0.1,0.32433340052158016,0.5,19,5,84,36.600000000000016
FreeSolv,MFGP,42,63,0,533,0.1,0.7070708184944626,0.5,20,5,85,36.50000000000002
FreeSolv,MFGP,42,64,1,384,1.0,0.01138702655254191,0.5,0,6,85,35.50000000000002
FreeSolv,MFGP,42,65,0,509,0.1,0.37940515935715957,0.5,1,6,86,35.40000000000002
FreeSolv,MFGP,42,66,0,8,0.1,0.27678753786229815,0.5,2,6,87,35.30000000000002
FreeSolv,MFGP,42,67,0,276,0.1,0.2625373420531249,0.5,3,6,88,35.200000000000024
FreeSolv,MFGP,42,68,0,251,0.1,0.2352736871314602,0.5,4,6,89,35.10000000000002
FreeSolv,MFGP,42,69,0,49,0.1,0.506389119279835,0.5,5,6,90,35.00000000000002
FreeSolv,MFGP,42,70,0,122,0.1,0.7923090552195561,0.5,6,6,91,34.90000000000002
FreeSolv,MFGP,42,71,0,104,0.1,1.0601917570725834,0.5,7,6,92,34.80000000000002
FreeSolv,MFGP,42,72,0,61,0.1,0.7814048338345025,0.5,8,6,93,34.700000000000024
FreeSolv,MFGP,42,73,0,54,0.1,0.4256199904867297,0.5,9,6,94,34.60000000000002
FreeSolv,MFGP,42,74,0,499,0.1,0.3658640622468932,0.5,10,6,95,34.50000000000002
FreeSolv,MFGP,42,75,0,284,0.1,0.21382974212224404,0.5,11,6,96,34.40000000000003
FreeSolv,MFGP,42,76,0,193,0.1,0.314967085130582,0.5,12,6,97,34.300000000000026
FreeSolv,MFGP,42,77,0,361,0.1,0.24918165789733798,0.5,13,6,98,34.200000000000024
FreeSolv,MFGP,42,78,0,577,0.1,0.193967570464562,0.5,14,6,99,34.10000000000002
FreeSolv,MFGP,42,79,0,275,0.1,0.18319348508949854,0.5,15,6,100,34.00000000000002
FreeSolv,MFGP,42,80,0,182,0.1,0.17411354396500545,0.5,16,6,101,33.90000000000003
FreeSolv,MFGP,42,81,0,186,0.1,0.147299144056795,0.5,17,6,102,33.800000000000026
FreeSolv,MFGP,42,82,0,60,0.1,0.12695246163006796,0.5,18,6,103,33.700000000000024
FreeSolv,MFGP,42,83,0,615,0.1,0.12051864217062516,0.5,19,6,104,33.60000000000002
FreeSolv,MFGP,42,84,0,87,0.1,0.10461014583387343,0.5,20,6,105,33.50000000000002
FreeSolv,MFGP,42,85,1,500,1.0,0.007151979189464461,0.5,0,7,105,32.50000000000002
FreeSolv,MFGP,42,86,0,525,0.1,0.08329339485058838,0.5,1,7,106,32.40000000000002
FreeSolv,MFGP,42,87,0,498,0.1,0.08340528830081712,0.5,2,7,107,32.30000000000002
FreeSolv,MFGP,42,88,0,485,0.1,0.08201083929318953,0.5,3,7,108,32.20000000000002
FreeSolv,MFGP,42,89,0,605,0.1,0.0627154504918321,0.5,4,7,109,32.100000000000016
FreeSolv,MFGP,42,90,0,313,0.1,0.04981327146360848,0.5,5,7,110,32.000000000000014
FreeSolv,MFGP,42,91,0,359,0.1,0.048785449862020214,0.5,6,7,111,31.900000000000013
FreeSolv,MFGP,42,92,0,59,0.1,0.04248435971044542,0.5,7,7,112,31.80000000000001
FreeSolv,MFGP,42,93,0,405,0.1,0.04018232778358246,0.5,8,7,113,31.70000000000001
FreeSolv,MFGP,42,94,0,216,0.1,0.03467543179046219,0.5,9,7,114,31.60000000000001
FreeSolv,MFGP,42,95,0,496,0.1,0.03832967667720195,0.5,10,7,115,31.500000000000007
FreeSolv,MFGP,42,96,0,430,0.1,0.03166152681855293,0.5,11,7,116,31.400000000000006
FreeSolv,MFGP,42,97,0,232,0.1,0.02891181360777234,0.5,12,7,117,31.300000000000004
FreeSolv,MFGP,42,98,0,453,0.1,0.024244616401382854,0.5,13,7,118,31.200000000000003
FreeSolv,MFGP,42,99,0,443,0.1,0.02216883730373192,0.5,14,7,119,31.1
FreeSolv,MFGP,42,100,0,304,0.1,0.02203062438697903,0.5,15,7,120,31.0
FreeSolv,MFGP,42,101,0,222,0.1,0.026349705761337244,0.5,16,7,121,30.9
FreeSolv,MFGP,42,102,0,1,0.1,0.02136809643190688,0.5,17,7,122,30.799999999999997
FreeSolv,MFGP,42,103,0,315,0.1,0.021274013162113845,0.5,18,7,123,30.699999999999996
FreeSolv,MFGP,42,104,0,333,0.1,0.018485785691912306,0.5,19,7,124,30.599999999999994
FreeSolv,MFGP,42,105,0,190,0.1,0.01570568984751301,0.5,20,7,125,30.499999999999993
FreeSolv,MFGP,42,106,1,501,1.0,0.0030483882222859457,0.5,0,8,125,29.499999999999993
FreeSolv,MFGP,42,107,1,540,1.0,0.020801681045085507,0.5,0,9,125,28.499999999999993
FreeSolv,MFGP,42,108,0,596,0.1,0.025165280275892116,0.9999802309189767,1,9,126,28.39999999999999
FreeSolv,MFGP,42,109,0,463,0.1,0.023782983355917862,0.9999802309189767,2,9,127,28.29999999999999
FreeSolv,MFGP,42,110,0,191,0.1,0.022564956436533293,0.9999802309189767,3,9,128,28.19999999999999
FreeSolv,MFGP,42,111,0,98,0.1,0.021258050162586254,0.9999802309189767,4,9,129,28.099999999999987
FreeSolv,MFGP,42,112,0,290,0.1,0.019735890676211097,0.9999802309189767,5,9,130,27.999999999999986
FreeSolv,MFGP,42,113,0,96,0.1,0.017752504389443674,0.9999802309189767,6,9,131,27.899999999999984
FreeSolv,MFGP,42,114,0,37,0.1,0.015339457140519054,0.9999802309189767,7,9,132,27.799999999999983
FreeSolv,MFGP,42,115,1,393,1.0,0.0131716145314702,0.9999802309189767,0,10,132,26.799999999999983
FreeSolv,MFGP,42,116,0,131,0.1,0.012247017853275982,0.9999802309189767,1,10,133,26.69999999999998
FreeSolv,MFGP,42,117,0,639,0.1,0.010504425068708469,0.9999802309189767,2,10,134,26.59999999999998
FreeSolv,MFGP,42,118,0,632,0.1,0.00949885314851467,0.9999802309189767,3,10,135,26.49999999999998
FreeSolv,MFGP,42,119,1,269,1.0,0.009348210613088007,0.9999802309189767,0,11,135,25.49999999999998
FreeSolv,MFGP,42,120,0,174,0.1,0.008246098086678996,0.9576301127937934,1,11,136,25.399999999999977
FreeSolv,MFGP,42,121,0,363,0.1,0.009388199522780603,0.9576301127937934,2,11,137,25.299999999999976
FreeSolv,MFGP,42,122,0,103,0.1,0.007718091446647234,0.9576301127937934,3,11,138,25.199999999999974
FreeSolv,MFGP,42,123,0,444,0.1,0.007088876744670513,0.9576301127937934,4,11,139,25.099999999999973
FreeSolv,MFGP,42,124,0,67,0.1,0.006186011018179736,0.9576301127937934,5,11,140,24.99999999999997
FreeSolv,MFGP,42,125,0,412,0.1,0.00562252090598859,0.9576301127937934,6,11,141,24.89999999999997
FreeSolv,MFGP,42,126,0,383,0.1,0.006352508031658347,0.9576301127937934,7,11,142,24.79999999999997
FreeSolv,MFGP,42,127,0,292,0.1,0.00565082606377149,0.9576301127937934,8,11,143,24.699999999999967
FreeSolv,MFGP,42,128,0,75,0.1,0.005134852560853207,0.9576301127937934,9,11,144,24.599999999999966
FreeSolv,MFGP,42,129,0,6,0.1,0.004071311472128607,0.9576301127937934,10,11,145,24.499999999999964
FreeSolv,MFGP,42,130,0,26,0.1,0.003535502662331267,0.9576301127937934,11,11,146,24.399999999999963
FreeSolv,MFGP,42,131,0,373,0.1,0.0032060509434319196,0.9576301127937934,12,11,147,24.29999999999996
FreeSolv,MFGP,42,132,1,572,1.0,0.0032524650933640244,0.9576301127937934,0,12,147,23.29999999999996
FreeSolv,MFGP,42,133,1,492,1.0,0.005319824735556467,0.9592025468689582,0,13,147,22.29999999999996
FreeSolv,MFGP,42,134,1,584,1.0,0.004516272391186106,0.9445407295938265,0,14,147,21.29999999999996
FreeSolv,MFGP,42,135,0,259,0.1,0.003233840427972751,0.9445407295938265,1,14,148,21.19999999999996
FreeSolv,MFGP,42,136,0,573,0.1,0.002619459590094134,0.9445407295938265,2,14,149,21.09999999999996
FreeSolv,MFGP,42,137,0,266,0.1,0.002980824087065597,0.9445407295938265,3,14,150,20.999999999999957
FreeSolv,MFGP,42,138,0,327,0.1,0.0022001699400406418,0.9445407295938265,4,14,151,20.899999999999956
FreeSolv,MFGP,42,139,0,198,0.1,0.0018046959814339196,0.9445407295938265,5,14,152,20.799999999999955
FreeSolv,MFGP,42,140,0,358,0.1,0.0014754404471414688,0.9445407295938265,6,14,153,20.699999999999953
FreeSolv,MFGP,42,141,0,434,0.1,0.002245984179559637,0.9445407295938265,7,14,154,20.59999999999995
FreeSolv,MFGP,42,142,0,397,0.1,0.001601686741432688,0.9445407295938265,8,14,155,20.49999999999995
FreeSolv,MFGP,42,143,0,425,0.1,0.0011678175303733078,0.9445407295938265,9,14,156,20.39999999999995
FreeSolv,MFGP,42,144,0,257,0.1,0.0009659597676207364,0.9445407295938265,10,14,157,20.299999999999947
FreeSolv,MFGP,42,145,1,515,1.0,0.0008357443879299653,0.9445407295938265,0,15,157,19.299999999999947
FreeSolv,MFGP,42,146,1,122,1.0,0.0017268908175701817,0.7923129012805314,0,16,157,18.299999999999947
FreeSolv,MFGP,42,147,1,49,1.0,0.01280602740440899,0.6246636663699058,0,17,157,17.299999999999947
FreeSolv,MFGP,42,148,1,251,1.0,0.03581002241464652,0.49372110604442904,0,18,157,16.299999999999947
FreeSolv,MFGP,42,149,1,222,1.0,0.006986460873485069,0.7859028373381192,0,19,157,15.299999999999947
FreeSolv,MFGP,42,150,1,139,1.0,0.00195865093255939,0.9735987935400843,0,20,157,14.299999999999947
FreeSolv,MFGP,42,151,1,241,1.0,0.001295842290069892,0.8859527420914798,0,21,157,13.299999999999947
FreeSolv,MFGP,42,152,0,356,0.1,0.0017399434451790955,0.8859527420914798,1,21,158,13.199999999999948
FreeSolv,MFGP,42,153,0,108,0.1,0.0018094937891825205,0.8859527420914798,2,21,159,13.099999999999946
FreeSolv,MFGP,42,154,0,420,0.1,0.0015055990225885088,0.8859527420914798,3,21,160,12.999999999999945
FreeSolv,MFGP,42,155,0,271,0.1,0.0014389653300482066,0.8859527420914798,4,21,161,12.899999999999944
FreeSolv,MFGP,42,156,0,600,0.1,0.0013012371867491327,0.8859527420914798,5,21,162,12.799999999999942
FreeSolv,MFGP,42,157,0,452,0.1,0.0008483907894625374,0.8859527420914798,6,21,163,12.69999999999994
FreeSolv,MFGP,42,158,1,284,1.0,0.000810144831128028,0.8859527420914798,0,22,163,11.699999999999939
FreeSolv,MFGP,42,159,0,173,0.1,0.0007484378666961752,0.8816898706839772,1,22,164,11.59999999999994
FreeSolv,MFGP,42,160,0,545,0.1,0.0006275158720051636,0.8816898706839772,2,22,165,11.499999999999938
FreeSolv,MFGP,42,161,0,344,0.1,0.0005373489625142482,0.8816898706839772,3,22,166,11.399999999999936
FreeSolv,MFGP,42,162,1,457,1.0,0.0005126206761570575,0.8816898706839772,0,23,166,10.399999999999935
FreeSolv,MFGP,42,163,0,620,0.1,0.0004479580072920342,0.942229143751932,1,23,167,10.299999999999935
FreeSolv,MFGP,42,164,1,214,1.0,0.0004039275336372196,0.942229143751932,0,24,167,9.299999999999933
FreeSolv,MFGP,42,165,1,144,1.0,0.0004370246285454755,0.942229143751932,0,25,167,8.299999999999933
FreeSolv,MFGP,42,166,1,324,1.0,0.0003605057238365633,0.9291520746113888,0,26,167,7.299999999999933
FreeSolv,MFGP,42,167,0,342,0.1,0.0003466888158908827,0.9291520746113888,1,26,168,7.199999999999934
FreeSolv,MFGP,42,168,0,374,0.1,0.0003149291140965863,0.9291520746113888,2,26,169,7.099999999999932
FreeSolv,MFGP,42,169,0,419,0.1,0.0010848260078338975,0.9291520746113888,3,26,170,6.999999999999931
FreeSolv,MFGP,42,170,1,287,1.0,0.00027317501836411715,0.9291520746113888,0,27,170,5.999999999999929
FreeSolv,MFGP,42,171,1,361,1.0,0.00021471172202654383,0.9291520746113888,0,28,170,4.999999999999929
FreeSolv,MFGP,42,172,1,220,1.0,0.0002116108470017401,0.9274508765379362,0,29,170,3.999999999999929
FreeSolv,MFGP,42,173,0,410,0.1,0.00020886356896952416,0.938539786622931,1,29,171,3.899999999999929
FreeSolv,MFGP,42,174,0,240,0.1,0.0001692551314534258,0.938539786622931,2,29,172,3.7999999999999274
FreeSolv,MFGP,42,175,0,488,0.1,0.0007635375779841077,0.938539786622931,3,29,173,3.699999999999926
FreeSolv,MFGP,42,176,1,544,1.0,0.00042343155642387154,0.938539786622931,0,30,173,2.6999999999999247
FreeSolv,MFGP,42,177,0,265,0.1,0.00032752807911837255,0.938539786622931,1,30,174,2.5999999999999246
FreeSolv,MFGP,42,178,0,331,0.1,0.00033650098283968463,0.938539786622931,2,30,175,2.499999999999923
FreeSolv,MFGP,42,179,0,281,0.1,0.0003583625778468013,0.938539786622931,3,30,176,2.3999999999999218
FreeSolv,MFGP,42,180,0,272,0.1,0.0002854294097369896,0.938539786622931,4,30,177,2.2999999999999203
FreeSolv,MFGP,42,181,0,508,0.1,0.00029549735816900436,0.938539786622931,5,30,178,2.199999999999919
FreeSolv,MFGP,42,182,0,329,0.1,0.00022071016265438138,0.938539786622931,6,30,179,2.0999999999999175
FreeSolv,MFGP,42,183,1,182,1.0,0.0001918074053821597,0.938539786622931,0,31,179,1.0999999999999162
FreeSolv,MFGP,42,184,0,244,0.1,0.0001807806454450024,0.8882107183509389,1,31,180,0.9999999999999162
FreeSolv,MFGP,42,185,0,310,0.1,0.00013207751049521644,0.8882107183509389,2,31,181,0.8999999999999148
FreeSolv,MFGP,42,186,0,179,0.1,0.00010856878273775269,0.8882107183509389,3,31,182,0.7999999999999133
FreeSolv,MFGP,42,187,0,583,0.1,0.00011234452786326819,0.8882107183509389,4,31,183,0.6999999999999119
FreeSolv,MFGP,42,188,0,68,0.1,0.00016210296953418787,0.8882107183509389,5,31,184,0.5999999999999105
FreeSolv,MFGP,42,189,0,278,0.1,8.922519637718628e-05,0.8882107183509389,6,31,185,0.4999999999999091
FreeSolv,MFGP,42,190,0,134,0.1,7.475817813384228e-05,0.8882107183509389,7,31,186,0.39999999999990765
FreeSolv,MFGP,42,191,0,204,0.1,6.949345299070203e-05,0.8882107183509389,8,31,187,0.29999999999990623
FreeSolv,MFGP,42,192,0,83,0.1,6.183693048189925e-05,0.8882107183509389,9,31,188,0.19999999999990478
FreeSolv,MFGP,42,193,0,188,0.1,5.653243260636948e-05,0.8882107183509389,10,31,189,0.09999999999990336
FreeSolv,MFGP,43,1,1,515,1.0,3.214247944437483,0.5,0,3,25,44.5
FreeSolv,MFGP,43,2,0,456,0.1,1.5050907614944875,0.5,1,3,26,44.4
FreeSolv,MFGP,43,3,0,140,0.1,1.6923699438954787,0.5,2,3,27,44.3
FreeSolv,MFGP,43,4,0,118,0.1,1.4751910043287446,0.5,3,3,28,44.199999999999996
FreeSolv,MFGP,43,5,0,631,0.1,1.460555880706929,0.5,4,3,29,44.1
FreeSolv,MFGP,43,6,0,487,0.1,1.502081850878797,0.5,5,3,30,44.0
FreeSolv,MFGP,43,7,0,432,0.1,1.4798332636715588,0.5,6,3,31,43.9
FreeSolv,MFGP,43,8,0,187,0.1,1.336514129500243,0.5,7,3,32,43.800000000000004
FreeSolv,MFGP,43,9,0,354,0.1,1.3110771726636172,0.5,8,3,33,43.7
FreeSolv,MFGP,43,10,0,368,0.1,1.1865829776487435,0.5,9,3,34,43.6
FreeSolv,MFGP,43,11,0,206,0.1,1.5559325297402986,0.5,10,3,35,43.5
FreeSolv,MFGP,43,12,0,166,0.1,1.3537216065023943,0.5,11,3,36,43.4
FreeSolv,MFGP,43,13,0,91,0.1,1.4437109014169451,0.5,12,3,37,43.300000000000004
FreeSolv,MFGP,43,14,0,446,0.1,1.3009137339193333,0.5,13,3,38,43.2
FreeSolv,MFGP,43,15,0,548,0.1,1.3681622360650758,0.5,14,3,39,43.1
FreeSolv,MFGP,43,16,0,592,0.1,1.2990435000651845,0.5,15,3,40,43.00000000000001
FreeSolv,MFGP,43,17,0,437,0.1,1.3804071768010373,0.5,16,3,41,42.900000000000006
FreeSolv,MFGP,43,18,0,282,0.1,1.5297791508931158,0.5,17,3,42,42.800000000000004
FreeSolv,MFGP,43,19,0,144,0.1,1.3346908466856704,0.5,18,3,43,42.7
FreeSolv,MFGP,43,20,0,377,0.1,1.279937839231329,0.5,19,3,44,42.6
FreeSolv,MFGP,43,21,0,183,0.1,1.1543709277601484,0.5,20,3,45,42.50000000000001
FreeSolv,MFGP,43,22,1,340,1.0,0.0018832684507604051,0.5,0,4,45,41.50000000000001
FreeSolv,MFGP,43,23,0,624,0.1,1.0058966805703045,0.5,1,4,46,41.400000000000006
FreeSolv,MFGP,43,24,0,152,0.1,0.9648141074287869,0.5,2,4,47,41.300000000000004
FreeSolv,MFGP,43,25,0,141,0.1,0.9130764256320018,0.5,3,4,48,41.20000000000001
FreeSolv,MFGP,43,26,0,128,0.1,1.0382038838178786,0.5,4,4,49,41.10000000000001
FreeSolv,MFGP,43,27,0,10,0.1,1.034095130217281,0.5,5,4,50,41.00000000000001
FreeSolv,MFGP,43,28,0,238,0.1,0.9258622053791767,0.5,6,4,51,40.900000000000006
FreeSolv,MFGP,43,29,0,77,0.1,0.8960272632033303,0.5,7,4,52,40.800000000000004
FreeSolv,MFGP,43,30,0,473,0.1,0.7885127744568504,0.5,8,4,53,40.70000000000001
FreeSolv,MFGP,43,31,0,369,0.1,0.7556867860896967,0.5,9,4,54,40.60000000000001
FreeSolv,MFGP,43,32,0,200,0.1,0.7567091628384526,0.5,10,4,55,40.50000000000001
FreeSolv,MFGP,43,33,0,472,0.1,0.7543231236828959,0.5,11,4,56,40.40000000000001
FreeSolv,MFGP,43,34,0,413,0.1,0.7701075974737509,0.5,12,4,57,40.30000000000001
FreeSolv,MFGP,43,35,0,172,0.1,0.8222755927322545,0.5,13,4,58,40.20000000000001
FreeSolv,MFGP,43,36,0,66,0.1,0.7974846520665518,0.5,14,4,59,40.10000000000001
FreeSolv,MFGP,43,37,0,31,0.1,1.1775367502010803,0.5,15,4,60,40.00000000000001
FreeSolv,MFGP,43,38,0,233,0.1,1.2942313161245471,0.5,16,4,61,39.90000000000001
FreeSolv,MFGP,43,39,0,486,0.1,1.5737597174318774,0.5,17,4,62,39.80000000000001
FreeSolv,MFGP,43,40,0,96,0.1,1.4300819065090593,0.5,18,4,63,39.70000000000001
FreeSolv,MFGP,43,41,0,83,0.1,1.50881907279056,0.5,19,4,64,39.600000000000016
FreeSolv,MFGP,43,42,0,589,0.1,1.1157452399541656,0.5,20,4,65,39.500000000000014
FreeSolv,MFGP,43,43,1,191,1.0,0.001192184695302495,0.5,0,5,65,38.500000000000014
FreeSolv,MFGP,43,44,0,299,0.1,2.5208589505378667,0.5,1,5,66,38.40000000000001
FreeSolv,MFGP,43,45,0,619,0.1,1.5927004446489845,0.5,2,5,67,38.30000000000001
FreeSolv,MFGP,43,46,0,105,0.1,1.0469079616236976,0.5,3,5,68,38.20000000000001
FreeSolv,MFGP,43,47,0,599,0.1,0.7436718069539111,0.5,4,5,69,38.100000000000016
FreeSolv,MFGP,43,48,0,129,0.1,0.6427552717206199,0.5,5,5,70,38.000000000000014
FreeSolv,MFGP,43,49,0,577,0.1,0.5542835784943317,0.5,6,5,71,37.90000000000001
FreeSolv,MFGP,43,50,0,192,0.1,1.0639273862642193,0.5,7,5,72,37.80000000000002
FreeSolv,MFGP,43,51,0,517,0.1,0.8516369118474556,0.5,8,5,73,37.70000000000002
FreeSolv,MFGP,43,52,0,505,0.1,0.8283432802846891,0.5,9,5,74,37.600000000000016
FreeSolv,MFGP,43,53,0,87,0.1,0.8206169407294189,0.5,10,5,75,37.500000000000014
FreeSolv,MFGP,43,54,0,497,0.1,1.126118818815597,0.5,11,5,76,37.40000000000001
FreeSolv,MFGP,43,55,0,444,0.1,0.8994117746089598,0.5,12,5,77,37.30000000000002
FreeSolv,MFGP,43,56,0,564,0.1,0.7931838101054715,0.5,13,5,78,37.20000000000002
FreeSolv,MFGP,43,57,0,339,0.1,0.8182044269878632,0.5,14,5,79,37.100000000000016
FreeSolv,MFGP,43,58,0,572,0.1,0.7180960275758683,0.5,15,5,80,37.00000000000002
FreeSolv,MFGP,43,59,0,540,0.1,0.7305485691106081,0.5,16,5,81,36.90000000000002
FreeSolv,MFGP,43,60,0,269,0.1,0.776978612020322,0.5,17,5,82,36.80000000000002
FreeSolv,MFGP,43,61,0,39,0.1,0.7323163796865025,0.5,18,5,83,36.70000000000002
FreeSolv,MFGP,43,62,0,41,0.1,0.979727705750536,0.5,19,5,84,36.600000000000016
FreeSolv,MFGP,43,63,0,80,0.1,0.8184474327145288,0.5,20,5,85,36.50000000000002
FreeSolv,MFGP,43,64,1,384,1.0,0.005204312741674197,0.5,0,6,85,35.50000000000002
FreeSolv,MFGP,43,65,0,492,0.1,0.7712321587900639,0.5,1,6,86,35.40000000000002
FreeSolv,MFGP,43,66,0,501,0.1,0.534968381670326,0.5,2,6,87,35.30000000000002
FreeSolv,MFGP,43,67,0,159,0.1,0.6383514502596443,0.5,3,6,88,35.200000000000024
FreeSolv,MFGP,43,68,0,261,0.1,0.5393119603564557,0.5,4,6,89,35.10000000000002
FreeSolv,MFGP,43,69,0,63,0.1,0.31654916278000306,0.5,5,6,90,35.00000000000002
FreeSolv,MFGP,43,70,0,533,0.1,0.23697269911549204,0.5,6,6,91,34.90000000000002
FreeSolv,MFGP,43,71,0,181,0.1,0.20959569614675086,0.5,7,6,92,34.80000000000002
FreeSolv,MFGP,43,72,0,266,0.1,0.19515490090415685,0.5,8,6,93,34.700000000000024
FreeSolv,MFGP,43,73,0,8,0.1,0.17452311089477493,0.5,9,6,94,34.60000000000002
FreeSolv,MFGP,43,74,0,139,0.1,0.16119224155705658,0.5,10,6,95,34.50000000000002
FreeSolv,MFGP,43,75,0,276,0.1,0.1240648162653947,0.5,11,6,96,34.40000000000003
FreeSolv,MFGP,43,76,0,251,0.1,0.1381909861124231,0.5,12,6,97,34.300000000000026
FreeSolv,MFGP,43,77,0,49,0.1,0.2777217275753253,0.5,13,6,98,34.200000000000024
FreeSolv,MFGP,43,78,0,122,0.1,0.38852837480811614,0.5,14,6,99,34.10000000000002
FreeSolv,MFGP,43,79,0,104,0.1,0.7721258930482069,0.5,15,6,100,34.00000000000002
FreeSolv,MFGP,43,80,0,61,0.1,0.5080427104735338,0.5,16,6,101,33.90000000000003
FreeSolv,MFGP,43,81,0,54,0.1,0.24584974637341744,0.5,17,6,102,33.800000000000026
FreeSolv,MFGP,43,82,0,499,0.1,0.19919863145631822,0.5,18,6,103,33.700000000000024
FreeSolv,MFGP,43,83,0,525,0.1,0.10534274795037761,0.5,19,6,104,33.60000000000002
FreeSolv,MFGP,43,84,0,500,0.1,0.10387076118596815,0.5,20,6,105,33.50000000000002
FreeSolv,MFGP,43,85,1,261,1.0,0.008663858890598251,0.5,0,7,105,32.50000000000002
FreeSolv,MFGP,43,86,0,284,0.1,0.099721680886843,0.5,1,7,106,32.40000000000002
FreeSolv,MFGP,43,87,0,258,0.1,0.3305264227225525,0.5,2,7,107,32.30000000000002
FreeSolv,MFGP,43,88,0,193,0.1,0.30447553381240733,0.5,3,7,108,32.20000000000002
FreeSolv,MFGP,43,89,0,328,0.1,0.2115022257859405,0.5,4,7,109,32.100000000000016
FreeSolv,MFGP,43,90,0,174,0.1,0.1671732610858427,0.5,5,7,110,32.000000000000014
FreeSolv,MFGP,43,91,0,186,0.1,0.09682183083254074,0.5,6,7,111,31.900000000000013
FreeSolv,MFGP,43,92,0,275,0.1,0.0791146990995132,0.5,7,7,112,31.80000000000001
FreeSolv,MFGP,43,93,0,60,0.1,0.067454258910822,0.5,8,7,113,31.70000000000001
FreeSolv,MFGP,43,94,0,359,0.1,0.04884681561889731,0.5,9,7,114,31.60000000000001
FreeSolv,MFGP,43,95,0,37,0.1,0.045068958595516004,0.5,10,7,115,31.500000000000007
FreeSolv,MFGP,43,96,0,279,0.1,0.03965577554316084,0.5,11,7,116,31.400000000000006
FreeSolv,MFGP,43,97,0,222,0.1,0.03630607480897406,0.5,12,7,117,31.300000000000004
FreeSolv,MFGP,43,98,0,615,0.1,0.04304433669230157,0.5,13,7,118,31.200000000000003
FreeSolv,MFGP,43,99,0,301,0.1,0.032889412742675164,0.5,14,7,119,31.1
FreeSolv,MFGP,43,100,0,498,0.1,0.028154687733842054,0.5,15,7,120,31.0
FreeSolv,MFGP,43,101,0,216,0.1,0.02319743443258495,0.5,16,7,121,30.9
FreeSolv,MFGP,43,102,0,51,0.1,0.026386835727941274,0.5,17,7,122,30.799999999999997
FreeSolv,MFGP,43,103,0,489,0.1,0.023233500070602847,0.5,18,7,123,30.699999999999996
FreeSolv,MFGP,43,104,0,271,0.1,0.020835065197306914,0.5,19,7,124,30.599999999999994
FreeSolv,MFGP,43,105,0,75,0.1,0.01973646030084375,0.5,20,7,125,30.499999999999993
FreeSolv,MFGP,43,106,1,41,1.0,0.015285346792759648,0.5,0,8,125,29.499999999999993
FreeSolv,MFGP,43,107,0,430,0.1,0.01915895613144842,0.5393499887546824,1,8,126,29.39999999999999
FreeSolv,MFGP,43,108,0,496,0.1,0.015053451380903487,0.5393499887546824,2,8,127,29.29999999999999
FreeSolv,MFGP,43,109,0,21,0.1,0.014188415719112403,0.5393499887546824,3,8,128,29.19999999999999
FreeSolv,MFGP,43,110,0,304,0.1,0.01482055368211529,0.5393499887546824,4,8,129,29.099999999999987
FreeSolv,MFGP,43,111,0,596,0.1,0.011634056865003533,0.5393499887546824,5,8,130,28.999999999999986
FreeSolv,MFGP,43,112,0,59,0.1,0.0104430745537044,0.5393499887546824,6,8,131,28.899999999999984
FreeSolv,MFGP,43,113,0,232,0.1,0.008800996859937323,0.5393499887546824,7,8,132,28.799999999999983
FreeSolv,MFGP,43,114,0,86,0.1,0.007672798322079481,0.5393499887546824,8,8,133,28.69999999999998
FreeSolv,MFGP,43,115,0,344,0.1,0.0057427353351870054,0.5393499887546824,9,8,134,28.59999999999998
FreeSolv,MFGP,43,116,0,573,0.1,0.006552045349250392,0.5393499887546824,10,8,135,28.49999999999998
FreeSolv,MFGP,43,117,0,453,0.1,0.008527985329071284,0.5393499887546824,11,8,136,28.399999999999977
FreeSolv,MFGP,43,118,0,67,0.1,0.010511258444015974,0.5393499887546824,12,8,137,28.299999999999976
FreeSolv,MFGP,43,119,0,524,0.1,0.005801260934589406,0.5393499887546824,13,8,138,28.199999999999974
FreeSolv,MFGP,43,120,0,363,0.1,0.005848223280288347,0.5393499887546824,14,8,139,28.099999999999973
FreeSolv,MFGP,43,121,1,501,1.0,0.005095693483304596,0.5393499887546824,0,9,139,27.099999999999973
FreeSolv,MFGP,43,122,1,393,1.0,0.007711158044745717,0.43887709243945616,0,10,139,26.099999999999973
FreeSolv,MFGP,43,123,1,284,1.0,0.003968473873917619,0.43887709243945616,0,11,139,25.099999999999973
FreeSolv,MFGP,43,124,1,122,1.0,0.0054803039445596655,0.6073545285026097,0,12,139,24.099999999999973
FreeSolv,MFGP,43,125,1,49,1.0,0.024162768584264943,0.40793116121170353,0,13,139,23.099999999999973
FreeSolv,MFGP,43,126,1,131,1.0,0.02542035735792786,0.30567931128768483,0,14,139,22.099999999999973
FreeSolv,MFGP,43,127,1,103,1.0,0.00888931061326731,0.30567931128768483,0,15,139,21.099999999999973
FreeSolv,MFGP,43,128,1,139,1.0,0.0042374298275101654,0.30567931128768483,0,16,139,20.099999999999973
FreeSolv,MFGP,43,129,1,252,1.0,0.004199626908622814,0.34872821004732035,0,17,139,19.099999999999973
FreeSolv,MFGP,43,130,0,127,0.1,0.006194177744475824,0.34872821004732035,1,17,140,18.99999999999997
FreeSolv,MFGP,43,131,0,333,0.1,0.005357388393980932,0.34872821004732035,2,17,141,18.89999999999997
FreeSolv,MFGP,43,132,1,251,1.0,0.0033304456167512556,0.34872821004732035,0,18,141,17.89999999999997
FreeSolv,MFGP,43,133,0,198,0.1,0.004029462069550258,0.4386533450362024,1,18,142,17.79999999999997
FreeSolv,MFGP,43,134,0,484,0.1,0.0035327298675425192,0.4386533450362024,2,18,143,17.699999999999967
FreeSolv,MFGP,43,135,0,292,0.1,0.003205556842223578,0.4386533450362024,3,18,144,17.599999999999966
FreeSolv,MFGP,43,136,0,337,0.1,0.0029361176751466224,0.4386533450362024,4,18,145,17.499999999999964
FreeSolv,MFGP,43,137,0,373,0.1,0.00282543931756088,0.4386533450362024,5,18,146,17.399999999999963
FreeSolv,MFGP,43,138,0,391,0.1,0.0021653063179319656,0.4386533450362024,6,18,147,17.29999999999996
FreeSolv,MFGP,43,139,1,257,1.0,0.001979630055953434,0.4386533450362024,0,19,147,16.29999999999996
FreeSolv,MFGP,43,140,1,540,1.0,0.0014591698496984086,0.4386533450362024,0,20,147,15.299999999999962
FreeSolv,MFGP,43,141,0,48,0.1,0.0015786169548223884,0.46627851218599864,1,20,148,15.199999999999962
FreeSolv,MFGP,43,142,1,552,1.0,0.0015893284756135686,0.46627851218599864,0,21,148,14.19999999999996
FreeSolv,MFGP,43,143,0,290,0.1,0.0015352266620630047,0.46627851218599864,1,21,149,14.09999999999996
FreeSolv,MFGP,43,144,0,463,0.1,0.001338520599238504,0.46627851218599864,2,21,150,13.99999999999996
FreeSolv,MFGP,43,145,0,457,0.1,0.001089907703391989,0.46627851218599864,3,21,151,13.899999999999958
FreeSolv,MFGP,43,146,0,412,0.1,0.002146271851732461,0.46627851218599864,4,21,152,13.799999999999956
FreeSolv,MFGP,43,147,0,240,0.1,0.0013996823235489866,0.46627851218599864,5,21,153,13.699999999999955
FreeSolv,MFGP,43,148,0,458,0.1,0.0016472741737406128,0.46627851218599864,6,21,154,13.599999999999953
FreeSolv,MFGP,43,149,0,98,0.1,0.0016616078173638184,0.46627851218599864,7,21,155,13.499999999999952
FreeSolv,MFGP,43,150,0,136,0.1,0.0014254790685295446,0.46627851218599864,8,21,156,13.39999999999995
FreeSolv,MFGP,43,151,0,557,0.1,0.001331216918818531,0.46627851218599864,9,21,157,13.29999999999995
FreeSolv,MFGP,43,152,1,544,1.0,0.0017237151905216304,0.46627851218599864,0,22,157,12.299999999999947
FreeSolv,MFGP,43,153,0,434,0.1,0.0012934533585133286,0.46627851218599864,1,22,158,12.199999999999948
FreeSolv,MFGP,43,154,0,124,0.1,0.0011665835413563167,0.46627851218599864,2,22,159,12.099999999999946
FreeSolv,MFGP,43,155,1,457,1.0,0.0006970361356834218,0.46627851218599864,0,23,159,11.099999999999945
FreeSolv,MFGP,43,156,0,108,0.1,0.0014032338487456114,0.9085028541439023,1,23,160,10.999999999999945
FreeSolv,MFGP,43,157,0,425,0.1,0.001127433495374909,0.9085028541439023,2,23,161,10.899999999999944
FreeSolv,MFGP,43,158,0,420,0.1,0.0009388082588050343,0.9085028541439023,3,23,162,10.799999999999942
FreeSolv,MFGP,43,159,0,605,0.1,0.0010176811008508588,0.9085028541439023,4,23,163,10.69999999999994
FreeSolv,MFGP,43,160,0,452,0.1,0.0008297094975132912,0.9085028541439023,5,23,164,10.59999999999994
FreeSolv,MFGP,43,161,0,347,0.1,0.0006964866479046277,0.9085028541439023,6,23,165,10.499999999999938
FreeSolv,MFGP,43,162,0,600,0.1,0.0005935935877998177,0.9085028541439023,7,23,166,10.399999999999936
FreeSolv,MFGP,43,163,0,25,0.1,0.0005428840967333932,0.9085028541439023,8,23,167,10.299999999999935
FreeSolv,MFGP,43,164,0,502,0.1,0.0005387762857871005,0.9085028541439023,9,23,168,10.199999999999934
FreeSolv,MFGP,43,165,0,442,0.1,0.0003963615837639071,0.9085028541439023,10,23,169,10.099999999999932
FreeSolv,MFGP,43,166,1,39,1.0,0.00047640334098718404,0.9085028541439023,0,24,169,9.09999999999993
FreeSolv,MFGP,43,167,1,269,1.0,0.001236870381425434,0.9121681427168293,0,25,169,8.09999999999993
FreeSolv,MFGP,43,168,1,167,1.0,0.0003667359650382533,0.9127155660771232,0,26,169,7.09999999999993
FreeSolv,MFGP,43,169,0,348,0.1,0.00045514794569743723,0.9127155660771232,1,26,170,6.999999999999931
FreeSolv,MFGP,43,170,1,220,1.0,0.000328343698211457,0.9127155660771232,0,27,170,5.999999999999929
FreeSolv,MFGP,43,171,0,250,0.1,0.00031320524810785413,0.9391090896206564,1,27,171,5.899999999999929
FreeSolv,MFGP,43,172,0,265,0.1,0.0002622852366686522,0.9391090896206564,2,27,172,5.799999999999928
FreeSolv,MFGP,43,173,0,311,0.1,0.0003771164305429914,0.9391090896206564,3,27,173,5.6999999999999265
FreeSolv,MFGP,43,174,0,531,0.1,0.0003169435048463933,0.9391090896206564,4,27,174,5.599999999999925
FreeSolv,MFGP,43,175,1,182,1.0,0.00024315570122855363,0.9391090896206564,0,28,174,4.599999999999923
FreeSolv,MFGP,43,176,0,336,0.1,0.00028759726421824624,0.8865381251405882,1,28,175,4.499999999999924
FreeSolv,MFGP,43,177,0,230,0.1,0.00021031922950359732,0.8865381251405882,2,28,176,4.399999999999922
FreeSolv,MFGP,43,178,0,134,0.1,0.00020902268690166964,0.8865381251405882,3,28,177,4.299999999999921
FreeSolv,MFGP,43,179,0,342,0.1,0.00022515949058579663,0.8865381251405882,4,28,178,4.199999999999919
FreeSolv,MFGP,43,180,0,374,0.1,0.00019481585515448996,0.8865381251405882,5,28,179,4.099999999999918
FreeSolv,MFGP,43,181,0,450,0.1,0.0001547571401900248,0.8865381251405882,6,28,180,3.999999999999916
FreeSolv,MFGP,43,182,0,329,0.1,0.0001418652003120162,0.8865381251405882,7,28,181,3.8999999999999146
FreeSolv,MFGP,43,183,1,324,1.0,0.00012335106277845285,0.8865381251405882,0,29,181,2.8999999999999133
FreeSolv,MFGP,43,184,1,507,1.0,9.030351614297788e-05,0.8865381251405882,0,30,181,1.8999999999999133
FreeSolv,MFGP,43,185,1,222,1.0,0.00011142866352511051,0.8865381251405882,0,31,181,0.8999999999999133
FreeSolv,MFGP,43,186,0,419,0.1,8.256371842641392e-05,0.8810841494014714,1,31,182,0.7999999999999133
FreeSolv,MFGP,43,187,0,88,0.1,7.425552093572317e-05,0.8810841494014714,2,31,183,0.6999999999999119
FreeSolv,MFGP,43,188,0,176,0.1,5.291397424861676e-05,0.8810841494014714,3,31,184,0.5999999999999105
FreeSolv,MFGP,43,189,0,214,0.1,4.491980465737089e-05,0.8810841494014714,4,31,185,0.4999999999999091
FreeSolv,MFGP,43,190,0,410,0.1,4.707138683693732e-05,0.8810841494014714,5,31,186,0.39999999999990765
FreeSolv,MFGP,43,191,0,1,0.1,4.398173836665233e-05,0.8810841494014714,6,31,187,0.29999999999990623
FreeSolv,MFGP,43,192,0,287,0.1,6.807408557232775e-05,0.8810841494014714,7,31,188,0.19999999999990478
FreeSolv,MFGP,43,193,0,263,0.1,6.41267227739967e-05,0.8810841494014714,8,31,189,0.09999999999990336
FreeSolv,MFGP,44,1,1,515,1.0,3.44356182764432,0.5,0,3,25,44.5
FreeSolv,MFGP,44,2,0,257,0.1,1.9947177761057544,0.5,1,3,26,44.4
FreeSolv,MFGP,44,3,0,214,0.1,2.141964353381313,0.5,2,3,27,44.3
FreeSolv,MFGP,44,4,0,276,0.1,2.5520875705623194,0.5,3,3,28,44.199999999999996
FreeSolv,MFGP,44,5,0,499,0.1,2.342661659567047,0.5,4,3,29,44.1
FreeSolv,MFGP,44,6,0,251,0.1,2.33735197270369,0.5,5,3,30,44.0
FreeSolv,MFGP,44,7,0,131,0.1,2.66263786752193,0.5,6,3,31,43.9
FreeSolv,MFGP,44,8,0,54,0.1,2.036330271859242,0.5,7,3,32,43.800000000000004
FreeSolv,MFGP,44,9,0,104,0.1,1.9783057723107267,0.5,8,3,33,43.7
FreeSolv,MFGP,44,10,0,304,0.1,1.7320878515636267,0.5,9,3,34,43.6
FreeSolv,MFGP,44,11,0,437,0.1,1.5851313973073256,0.5,10,3,35,43.5
FreeSolv,MFGP,44,12,0,592,0.1,1.934763554166895,0.5,11,3,36,43.4
FreeSolv,MFGP,44,13,0,377,0.1,1.9217478313751484,0.5,12,3,37,43.300000000000004
FreeSolv,MFGP,44,14,0,206,0.1,1.7634498208285243,0.5,13,3,38,43.2
FreeSolv,MFGP,44,15,0,282,0.1,1.6540767829900582,0.5,14,3,39,43.1
FreeSolv,MFGP,44,16,0,144,0.1,1.5950598268863696,0.5,15,3,40,43.00000000000001
FreeSolv,MFGP,44,17,0,446,0.1,1.4896250473164478,0.5,16,3,41,42.900000000000006
FreeSolv,MFGP,44,18,0,368,0.1,1.4026312181227873,0.5,17,3,42,42.800000000000004
FreeSolv,MFGP,44,19,0,432,0.1,1.5533985250035554,0.5,18,3,43,42.7
FreeSolv,MFGP,44,20,0,631,0.1,1.4476307782346065,0.5,19,3,44,42.6
FreeSolv,MFGP,44,21,0,91,0.1,1.3815162827126548,0.5,20,3,45,42.50000000000001
FreeSolv,MFGP,44,22,1,250,1.0,0.003069304439512293,0.5,0,4,45,41.50000000000001
FreeSolv,MFGP,44,23,0,259,0.1,1.5749018884233168,0.5,1,4,46,41.400000000000006
FreeSolv,MFGP,44,24,0,534,0.1,1.2072611451308095,0.5,2,4,47,41.300000000000004
FreeSolv,MFGP,44,25,0,166,0.1,1.207383904591116,0.5,3,4,48,41.20000000000001
FreeSolv,MFGP,44,26,0,183,0.1,1.237123730960075,0.5,4,4,49,41.10000000000001
FreeSolv,MFGP,44,27,0,128,0.1,1.0971982433302874,0.5,5,4,50,41.00000000000001
FreeSolv,MFGP,44,28,0,141,0.1,1.2476407030486916,0.5,6,4,51,40.900000000000006
FreeSolv,MFGP,44,29,0,238,0.1,1.2547360554247637,0.5,7,4,52,40.800000000000004
FreeSolv,MFGP,44,30,0,10,0.1,1.1494294717865694,0.5,8,4,53,40.70000000000001
FreeSolv,MFGP,44,31,0,77,0.1,1.0024360924181879,0.5,9,4,54,40.60000000000001
FreeSolv,MFGP,44,32,0,336,0.1,0.9437417357625433,0.5,10,4,55,40.50000000000001
FreeSolv,MFGP,44,33,0,64,0.1,0.9485594110376683,0.5,11,4,56,40.40000000000001
FreeSolv,MFGP,44,34,0,319,0.1,0.9331494603381657,0.5,12,4,57,40.30000000000001
FreeSolv,MFGP,44,35,0,335,0.1,0.9245025730758446,0.5,13,4,58,40.20000000000001
FreeSolv,MFGP,44,36,0,369,0.1,0.8655905834429822,0.5,14,4,59,40.10000000000001
FreeSolv,MFGP,44,37,0,147,0.1,0.8701267459738987,0.5,15,4,60,40.00000000000001
FreeSolv,MFGP,44,38,0,472,0.1,0.8522149382626156,0.5,16,4,61,39.90000000000001
FreeSolv,MFGP,44,39,0,473,0.1,0.8130962850332265,0.5,17,4,62,39.80000000000001
FreeSolv,MFGP,44,40,0,325,0.1,0.7553450133466633,0.5,18,4,63,39.70000000000001
FreeSolv,MFGP,44,41,0,413,0.1,0.7133340881052788,0.5,19,4,64,39.600000000000016
FreeSolv,MFGP,44,42,0,84,0.1,0.8045881077648726,0.5,20,4,65,39.500000000000014
FreeSolv,MFGP,44,43,1,380,1.0,0.0033619619439033653,0.5,0,5,65,38.500000000000014
FreeSolv,MFGP,44,44,0,379,0.1,0.9715220587034379,0.5,1,5,66,38.40000000000001
FreeSolv,MFGP,44,45,0,66,0.1,0.7606255533286288,0.5,2,5,67,38.30000000000001
FreeSolv,MFGP,44,46,0,328,0.1,0.9916362114014976,0.5,3,5,68,38.20000000000001
FreeSolv,MFGP,44,47,0,258,0.1,1.4376123579999056,0.5,4,5,69,38.100000000000016
FreeSolv,MFGP,44,48,0,233,0.1,1.1257869992736158,0.5,5,5,70,38.000000000000014
FreeSolv,MFGP,44,49,0,96,0.1,1.0163781687905675,0.5,6,5,71,37.90000000000001
FreeSolv,MFGP,44,50,0,486,0.1,0.9990941046119891,0.5,7,5,72,37.80000000000002
FreeSolv,MFGP,44,51,0,139,0.1,0.8568033723245488,0.5,8,5,73,37.70000000000002
FreeSolv,MFGP,44,52,0,626,0.1,1.3258132566957788,0.5,9,5,74,37.600000000000016
FreeSolv,MFGP,44,53,0,550,0.1,1.005162078091333,0.5,10,5,75,37.500000000000014
FreeSolv,MFGP,44,54,0,619,0.1,0.7872714473075056,0.5,11,5,76,37.40000000000001
FreeSolv,MFGP,44,55,0,191,0.1,0.9660505452467912,0.5,12,5,77,37.30000000000002
FreeSolv,MFGP,44,56,0,186,0.1,0.7197732429521344,0.5,13,5,78,37.20000000000002
FreeSolv,MFGP,44,57,0,129,0.1,0.681950019564341,0.5,14,5,79,37.100000000000016
FreeSolv,MFGP,44,58,0,589,0.1,1.040191506073913,0.5,15,5,80,37.00000000000002
FreeSolv,MFGP,44,59,0,83,0.1,0.8587931175247854,0.5,16,5,81,36.90000000000002
FreeSolv,MFGP,44,60,0,502,0.1,0.735057991799008,0.5,17,5,82,36.80000000000002
FreeSolv,MFGP,44,61,0,6,0.1,0.9388590924349118,0.5,18,5,83,36.70000000000002
FreeSolv,MFGP,44,62,0,497,0.1,0.8318509714134809,0.5,19,5,84,36.600000000000016
FreeSolv,MFGP,44,63,0,87,0.1,0.9403655646125098,0.5,20,5,85,36.50000000000002
FreeSolv,MFGP,44,64,1,41,1.0,0.005965459595568046,0.5,0,6,85,35.50000000000002
FreeSolv,MFGP,44,65,0,564,0.1,1.6506728799593313,0.5,1,6,86,35.40000000000002
FreeSolv,MFGP,44,66,0,572,0.1,1.1703854440544008,0.5,2,6,87,35.30000000000002
FreeSolv,MFGP,44,67,0,540,0.1,0.8244035269249061,0.5,3,6,88,35.200000000000024
FreeSolv,MFGP,44,68,0,301,0.1,0.7453894380813871,0.5,4,6,89,35.10000000000002
FreeSolv,MFGP,44,69,0,492,0.1,0.7008617757028605,0.5,5,6,90,35.00000000000002
FreeSolv,MFGP,44,70,0,39,0.1,0.4897087083411944,0.5,6,6,91,34.90000000000002
FreeSolv,MFGP,44,71,0,456,0.1,0.4087570099703722,0.5,7,6,92,34.80000000000002
FreeSolv,MFGP,44,72,0,384,0.1,0.3937788689843427,0.5,8,6,93,34.700000000000024
FreeSolv,MFGP,44,73,0,501,0.1,0.38415062548635276,0.5,9,6,94,34.60000000000002
FreeSolv,MFGP,44,74,0,533,0.1,0.5141717471421882,0.5,10,6,95,34.50000000000002
FreeSolv,MFGP,44,75,0,261,0.1,0.37674011405309304,0.5,11,6,96,34.40000000000003
FreeSolv,MFGP,44,76,0,8,0.1,0.29157119805155396,0.5,12,6,97,34.300000000000026
FreeSolv,MFGP,44,77,0,633,0.1,0.23976886721461213,0.5,13,6,98,34.200000000000024
FreeSolv,MFGP,44,78,0,284,0.1,0.23174222131641956,0.5,14,6,99,34.10000000000002
FreeSolv,MFGP,44,79,0,174,0.1,0.1864642764796065,0.5,15,6,100,34.00000000000002
FreeSolv,MFGP,44,80,0,269,0.1,0.18389443361080385,0.5,16,6,101,33.90000000000003
FreeSolv,MFGP,44,81,0,181,0.1,0.17421927877736568,0.5,17,6,102,33.800000000000026
FreeSolv,MFGP,44,82,0,122,0.1,0.13695927752564868,0.5,18,6,103,33.700000000000024
FreeSolv,MFGP,44,83,0,61,0.1,0.4621205860420288,0.5,19,6,104,33.60000000000002
FreeSolv,MFGP,44,84,0,60,0.1,0.13281590765006096,0.5,20,6,105,33.50000000000002
FreeSolv,MFGP,44,85,1,261,1.0,0.008925722543443787,0.5,0,7,105,32.50000000000002
FreeSolv,MFGP,44,86,0,577,0.1,0.17158174529165784,0.5,1,7,106,32.40000000000002
FreeSolv,MFGP,44,87,0,525,0.1,0.11648794099138549,0.5,2,7,107,32.30000000000002
FreeSolv,MFGP,44,88,0,275,0.1,0.11723072112865184,0.5,3,7,108,32.20000000000002
FreeSolv,MFGP,44,89,0,222,0.1,0.11619592300058906,0.5,4,7,109,32.100000000000016
FreeSolv,MFGP,44,90,0,118,0.1,0.10099165473286258,0.5,5,7,110,32.000000000000014
FreeSolv,MFGP,44,91,0,136,0.1,0.09445889400800908,0.5,6,7,111,31.900000000000013
FreeSolv,MFGP,44,92,0,620,0.1,0.07930288950209287,0.5,7,7,112,31.80000000000001
FreeSolv,MFGP,44,93,0,212,0.1,0.07390056147528308,0.5,8,7,113,31.70000000000001
FreeSolv,MFGP,44,94,0,313,0.1,0.06983110880188013,0.5,9,7,114,31.60000000000001
FreeSolv,MFGP,44,95,0,359,0.1,0.06969782416645587,0.5,10,7,115,31.500000000000007
FreeSolv,MFGP,44,96,0,500,0.1,0.06319735463638135,0.5,11,7,116,31.400000000000006
FreeSolv,MFGP,44,97,0,167,0.1,0.05794264028370348,0.5,12,7,117,31.300000000000004
FreeSolv,MFGP,44,98,0,405,0.1,0.05339301934604801,0.5,13,7,118,31.200000000000003
FreeSolv,MFGP,44,99,0,59,0.1,0.045855599195164624,0.5,14,7,119,31.1
FreeSolv,MFGP,44,100,0,216,0.1,0.04057480983955402,0.5,15,7,120,31.0
FreeSolv,MFGP,44,101,0,226,0.1,0.04108500665567411,0.5,16,7,121,30.9
FreeSolv,MFGP,44,102,0,430,0.1,0.04014300223125749,0.5,17,7,122,30.799999999999997
FreeSolv,MFGP,44,103,0,103,0.1,0.03516692168723596,0.5,18,7,123,30.699999999999996
FreeSolv,MFGP,44,104,0,484,0.1,0.03077984395999444,0.5,19,7,124,30.599999999999994
FreeSolv,MFGP,44,105,0,398,0.1,0.026852707445733683,0.5,20,7,125,30.499999999999993
FreeSolv,MFGP,44,106,1,501,1.0,0.0035867022509169302,0.5,0,8,125,29.499999999999993
FreeSolv,MFGP,44,107,0,443,0.1,0.03704774260175412,0.8426503234632314,1,8,126,29.39999999999999
FreeSolv,MFGP,44,108,0,219,0.1,0.039118078631973405,0.8426503234632314,2,8,127,29.29999999999999
FreeSolv,MFGP,44,109,0,55,0.1,0.0362008890889236,0.8426503234632314,3,8,128,29.19999999999999
FreeSolv,MFGP,44,110,0,453,0.1,0.03124405582915099,0.8426503234632314,4,8,129,29.099999999999987
FreeSolv,MFGP,44,111,0,615,0.1,0.027698605873146653,0.8426503234632314,5,8,130,28.999999999999986
FreeSolv,MFGP,44,112,0,354,0.1,0.021994302357597802,0.8426503234632314,6,8,131,28.899999999999984
FreeSolv,MFGP,44,113,0,596,0.1,0.02314577663560364,0.8426503234632314,7,8,132,28.799999999999983
FreeSolv,MFGP,44,114,0,252,0.1,0.019500938779531955,0.8426503234632314,8,8,133,28.69999999999998
FreeSolv,MFGP,44,115,0,333,0.1,0.0468149086461903,0.8426503234632314,9,8,134,28.59999999999998
FreeSolv,MFGP,44,116,0,327,0.1,0.03612003716606603,0.8426503234632314,10,8,135,28.49999999999998
FreeSolv,MFGP,44,117,0,232,0.1,0.02769222629006766,0.8426503234632314,11,8,136,28.399999999999977
FreeSolv,MFGP,44,118,0,463,0.1,0.02618434240496024,0.8426503234632314,12,8,137,28.299999999999976
FreeSolv,MFGP,44,119,0,192,0.1,0.021999176732889956,0.8426503234632314,13,8,138,28.199999999999974
FreeSolv,MFGP,44,120,0,363,0.1,0.019223218511323557,0.8426503234632314,14,8,139,28.099999999999973
FreeSolv,MFGP,44,121,0,290,0.1,0.017604641707477414,0.8426503234632314,15,8,140,27.99999999999997
FreeSolv,MFGP,44,122,0,352,0.1,0.0138404374038101,0.8426503234632314,16,8,141,27.89999999999997
FreeSolv,MFGP,44,123,0,37,0.1,0.013198022528170332,0.8426503234632314,17,8,142,27.79999999999997
FreeSolv,MFGP,44,124,0,393,0.1,0.010699197497135006,0.8426503234632314,18,8,143,27.699999999999967
FreeSolv,MFGP,44,125,0,7,0.1,0.009744867089290312,0.8426503234632314,19,8,144,27.599999999999966
FreeSolv,MFGP,44,126,0,639,0.1,0.00872899514775363,0.8426503234632314,20,8,145,27.499999999999964
FreeSolv,MFGP,44,127,1,540,1.0,0.007944609712933925,0.8426503234632314,0,9,145,26.499999999999964
FreeSolv,MFGP,44,128,0,511,0.1,0.007248942634986656,0.82372471560761,1,9,146,26.399999999999963
FreeSolv,MFGP,44,129,0,412,0.1,0.007567731888165099,0.82372471560761,2,9,147,26.29999999999996
FreeSolv,MFGP,44,130,0,75,0.1,0.006578732821103956,0.82372471560761,3,9,148,26.19999999999996
FreeSolv,MFGP,44,131,0,121,0.1,0.006001760719457461,0.82372471560761,4,9,149,26.09999999999996
FreeSolv,MFGP,44,132,0,292,0.1,0.005773777501400952,0.82372471560761,5,9,150,25.999999999999957
FreeSolv,MFGP,44,133,0,127,0.1,0.00544643632986801,0.82372471560761,6,9,151,25.899999999999956
FreeSolv,MFGP,44,134,0,573,0.1,0.004890456718933506,0.82372471560761,7,9,152,25.799999999999955
FreeSolv,MFGP,44,135,0,444,0.1,0.005464096866296556,0.82372471560761,8,9,153,25.699999999999953
FreeSolv,MFGP,44,136,0,102,0.1,0.004452008267394386,0.82372471560761,9,9,154,25.59999999999995
FreeSolv,MFGP,44,137,0,353,0.1,0.0041885323375953866,0.82372471560761,10,9,155,25.49999999999995
FreeSolv,MFGP,44,138,1,286,1.0,0.003369831751492653,0.82372471560761,0,10,155,24.49999999999995
FreeSolv,MFGP,44,139,1,284,1.0,0.004078332851042171,0.82372471560761,0,11,155,23.49999999999995
FreeSolv,MFGP,44,140,1,337,1.0,0.005450494721292658,0.8390254166017639,0,12,155,22.49999999999995
FreeSolv,MFGP,44,141,1,122,1.0,0.0029851163149188925,0.8390254166017639,0,13,155,21.49999999999995
FreeSolv,MFGP,44,142,1,49,1.0,0.024416809508234036,0.6704414099920389,0,14,155,20.49999999999995
FreeSolv,MFGP,44,143,1,251,1.0,0.03756713476458287,0.5757331191864947,0,15,155,19.49999999999995
FreeSolv,MFGP,44,144,1,214,1.0,0.006724337086955086,0.772105798218045,0,16,155,18.49999999999995
FreeSolv,MFGP,44,145,1,507,1.0,0.004365820172674402,0.8344156158193086,0,17,155,17.49999999999995
FreeSolv,MFGP,44,146,1,241,1.0,0.003568897647731332,0.8344156158193086,0,18,155,16.49999999999995
FreeSolv,MFGP,44,147,0,160,0.1,0.004823088870251925,0.8344156158193086,1,18,156,16.39999999999995
FreeSolv,MFGP,44,148,0,450,0.1,0.0030659957904789997,0.8344156158193086,2,18,157,16.299999999999947
FreeSolv,MFGP,44,149,0,198,0.1,0.0022547122977194948,0.8344156158193086,3,18,158,16.199999999999946
FreeSolv,MFGP,44,150,0,108,0.1,0.0022124213224014727,0.8344156158193086,4,18,159,16.099999999999945
FreeSolv,MFGP,44,151,0,458,0.1,0.0019059101618537145,0.8344156158193086,5,18,160,15.999999999999945
FreeSolv,MFGP,44,152,0,517,0.1,0.0018815834543927192,0.8344156158193086,6,18,161,15.899999999999944
FreeSolv,MFGP,44,153,1,287,1.0,0.0016732911534900734,0.8344156158193086,0,19,161,14.899999999999942
FreeSolv,MFGP,44,154,0,452,0.1,0.0014236927280131424,0.8344156158193086,1,19,162,14.799999999999942
FreeSolv,MFGP,44,155,0,105,0.1,0.0014456395270196134,0.8344156158193086,2,19,163,14.69999999999994
FreeSolv,MFGP,44,156,0,420,0.1,0.001217396275536301,0.8344156158193086,3,19,164,14.59999999999994
FreeSolv,MFGP,44,157,1,457,1.0,0.0013027691395841971,0.8344156158193086,0,20,164,13.599999999999937
FreeSolv,MFGP,44,158,0,204,0.1,0.0012131354652112861,0.9782785378026412,1,20,165,13.499999999999938
FreeSolv,MFGP,44,159,1,222,1.0,0.001228342381943543,0.9782785378026412,0,21,165,12.499999999999936
FreeSolv,MFGP,44,160,1,139,1.0,0.0011856002601988123,0.9815868878227081,0,22,165,11.499999999999936
FreeSolv,MFGP,44,161,0,410,0.1,0.0009285311043243404,0.9368885547495331,1,22,166,11.399999999999936
FreeSolv,MFGP,44,162,0,271,0.1,0.0009283524438507582,0.9368885547495331,2,22,167,11.299999999999935
FreeSolv,MFGP,44,163,1,605,1.0,0.0008737535373682364,0.9368885547495331,0,23,167,10.299999999999933
FreeSolv,MFGP,44,164,1,509,1.0,0.0009087779924009404,0.9368885547495331,0,24,167,9.299999999999933
FreeSolv,MFGP,44,165,0,391,0.1,0.0006589082562112522,0.9368885547495331,1,24,168,9.199999999999934
FreeSolv,MFGP,44,166,0,344,0.1,0.0005650012830320884,0.9368885547495331,2,24,169,9.099999999999932
FreeSolv,MFGP,44,167,0,348,0.1,0.0005289059341130399,0.9368885547495331,3,24,170,8.99999999999993
FreeSolv,MFGP,44,168,0,134,0.1,0.00045271264145151986,0.9368885547495331,4,24,171,8.89999999999993
FreeSolv,MFGP,44,169,1,173,1.0,0.00041544135502159796,0.9368885547495331,0,25,171,7.8999999999999275
FreeSolv,MFGP,44,170,0,600,0.1,0.0004194239393244222,0.9368885547495331,1,25,172,7.799999999999928
FreeSolv,MFGP,44,171,1,39,1.0,0.00037339253455109583,0.9368885547495331,0,26,172,6.799999999999926
FreeSolv,MFGP,44,172,1,269,1.0,0.0004639717750355519,0.9398340971395601,0,27,172,5.799999999999926
FreeSolv,MFGP,44,173,0,86,0.1,0.00042286330811793947,0.9405129530058206,1,27,173,5.6999999999999265
FreeSolv,MFGP,44,174,0,98,0.1,0.0003181267985940355,0.9405129530058206,2,27,174,5.599999999999925
FreeSolv,MFGP,44,175,0,442,0.1,0.00033639441029142535,0.9405129530058206,3,27,175,5.499999999999924
FreeSolv,MFGP,44,176,0,356,0.1,0.00029503424443099515,0.9405129530058206,4,27,176,5.399999999999922
FreeSolv,MFGP,44,177,0,266,0.1,0.00029967119483797767,0.9405129530058206,5,27,177,5.299999999999921
FreeSolv,MFGP,44,178,1,220,1.0,0.00028011732628856504,0.9405129530058206,0,28,177,4.299999999999919
FreeSolv,MFGP,44,179,0,342,0.1,0.0002786673847602124,0.9447351674054826,1,28,178,4.199999999999919
FreeSolv,MFGP,44,180,0,374,0.1,0.00024641073159014336,0.9447351674054826,2,28,179,4.099999999999918
FreeSolv,MFGP,44,181,0,176,0.1,0.00021555346577211752,0.9447351674054826,3,28,180,3.999999999999916
FreeSolv,MFGP,44,182,0,329,0.1,0.00019399710596603256,0.9447351674054826,4,28,181,3.8999999999999146
FreeSolv,MFGP,44,183,1,240,1.0,0.00017122444933785185,0.9447351674054826,0,29,181,2.8999999999999133
FreeSolv,MFGP,44,184,1,324,1.0,0.000166302241603751,0.9447351674054826,0,30,181,1.8999999999999133
FreeSolv,MFGP,44,185,1,144,1.0,0.0001633685115376123,0.9447351674054826,0,31,181,0.8999999999999133
FreeSolv,MFGP,44,186,0,263,0.1,7.763082391296117e-05,0.9362827449853085,1,31,182,0.7999999999999133
FreeSolv,MFGP,44,187,0,310,0.1,9.537009396015693e-05,0.9362827449853085,2,31,183,0.6999999999999119
FreeSolv,MFGP,44,188,0,46,0.1,7.249307293141858e-05,0.9362827449853085,3,31,184,0.5999999999999105
FreeSolv,MFGP,44,189,0,447,0.1,6.74384743541535e-05,0.9362827449853085,4,31,185,0.4999999999999091
FreeSolv,MFGP,44,190,0,508,0.1,4.574009449280214e-05,0.9362827449853085,5,31,186,0.39999999999990765
FreeSolv,MFGP,44,191,0,584,0.1,4.14083956728357e-05,0.9362827449853085,6,31,187,0.29999999999990623
FreeSolv,MFGP,44,192,0,244,0.1,5.7114021086004385e-05,0.9362827449853085,7,31,188,0.19999999999990478
FreeSolv,MFGP,44,193,0,179,0.1,2.8275847984809676e-05,0.9362827449853085,8,31,189,0.09999999999990336
FreeSolv,MFGP,45,1,0,39,0.1,2.8236777787637615,0.5,1,2,26,45.4
FreeSolv,MFGP,45,2,0,492,0.1,3.134643055431077,0.5,2,2,27,45.3
FreeSolv,MFGP,45,3,0,87,0.1,3.3435904928412032,0.5,3,2,28,45.199999999999996
FreeSolv,MFGP,45,4,0,41,0.1,3.5814721862768626,0.5,4,2,29,45.1
FreeSolv,MFGP,45,5,0,380,0.1,3.8790238909161534,0.5,5,2,30,45.0
FreeSolv,MFGP,45,6,0,564,0.1,3.7981922138682216,0.5,6,2,31,44.9
FreeSolv,MFGP,45,7,0,572,0.1,4.075287684015516,0.5,7,2,32,44.800000000000004
FreeSolv,MFGP,45,8,0,497,0.1,3.9398380839730196,0.5,8,2,33,44.7
FreeSolv,MFGP,45,9,0,540,0.1,3.766540070881848,0.5,9,2,34,44.6
FreeSolv,MFGP,45,10,0,301,0.1,3.763455512151313,0.5,10,2,35,44.5
FreeSolv,MFGP,45,11,0,269,0.1,3.7457267486281767,0.5,11,2,36,44.4
FreeSolv,MFGP,45,12,0,444,0.1,3.5979576157600133,0.5,12,2,37,44.300000000000004
FreeSolv,MFGP,45,13,0,136,0.1,3.4581772368760197,0.5,13,2,38,44.2
FreeSolv,MFGP,45,14,0,517,0.1,3.1706618412298484,0.5,14,2,39,44.1
FreeSolv,MFGP,45,15,0,422,0.1,2.9250224222184165,0.5,15,2,40,44.00000000000001
FreeSolv,MFGP,45,16,0,86,0.1,2.8406775592381464,0.5,16,2,41,43.900000000000006
FreeSolv,MFGP,45,17,0,577,0.1,2.583049862596777,0.5,17,2,42,43.800000000000004
FreeSolv,MFGP,45,18,0,633,0.1,2.381007391125348,0.5,18,2,43,43.7
FreeSolv,MFGP,45,19,0,502,0.1,2.265803996556434,0.5,19,2,44,43.6
FreeSolv,MFGP,45,20,0,129,0.1,2.0855298043092776,0.5,20,2,45,43.50000000000001
FreeSolv,MFGP,45,21,1,515,1.0,1.6408493681203487,0.5,0,3,45,42.50000000000001
FreeSolv,MFGP,45,22,0,619,0.1,2.1587934093655115,0.5,1,3,46,42.400000000000006
FreeSolv,MFGP,45,23,0,369,0.1,2.3953903883557457,0.5,2,3,47,42.300000000000004
FreeSolv,MFGP,45,24,0,105,0.1,2.1804720122243717,0.5,3,3,48,42.20000000000001
FreeSolv,MFGP,45,25,0,192,0.1,2.104895489259344,0.5,4,3,49,42.10000000000001
FreeSolv,MFGP,45,26,0,589,0.1,2.0062540204945893,0.5,5,3,50,42.00000000000001
FreeSolv,MFGP,45,27,0,159,0.1,1.8799835273896774,0.5,6,3,51,41.900000000000006
FreeSolv,MFGP,45,28,0,96,0.1,1.7352266054166632,0.5,7,3,52,41.800000000000004
FreeSolv,MFGP,45,29,0,501,0.1,1.6111051754771866,0.5,8,3,53,41.70000000000001
FreeSolv,MFGP,45,30,0,533,0.1,2.137635411236718,0.5,9,3,54,41.60000000000001
FreeSolv,MFGP,45,31,0,266,0.1,1.7308264431889024,0.5,10,3,55,41.50000000000001
FreeSolv,MFGP,45,32,0,384,0.1,1.5407380105195205,0.5,11,3,56,41.40000000000001
FreeSolv,MFGP,45,33,0,393,0.1,1.4557476454021583,0.5,12,3,57,41.30000000000001
FreeSolv,MFGP,45,34,0,232,0.1,1.3876642377004338,0.5,13,3,58,41.20000000000001
FreeSolv,MFGP,45,35,0,383,0.1,1.2339415444376272,0.5,14,3,59,41.10000000000001
FreeSolv,MFGP,45,36,0,139,0.1,1.1507316773426624,0.5,15,3,60,41.00000000000001
FreeSolv,MFGP,45,37,0,233,0.1,1.2642217817230068,0.5,16,3,61,40.90000000000001
FreeSolv,MFGP,45,38,0,66,0.1,1.3751555069473054,0.5,17,3,62,40.80000000000001
FreeSolv,MFGP,45,39,0,436,0.1,1.4164239675537396,0.5,18,3,63,40.70000000000001
FreeSolv,MFGP,45,40,0,128,0.1,1.3371371387028015,0.5,19,3,64,40.600000000000016
FreeSolv,MFGP,45,41,0,620,0.1,1.1127659772794551,0.5,20,3,65,40.500000000000014
FreeSolv,MFGP,45,42,1,292,1.0,0.0006924198774984885,0.5,0,4,65,39.500000000000014
FreeSolv,MFGP,45,43,0,328,0.1,1.0261026470897767,0.5,1,4,66,39.40000000000001
FreeSolv,MFGP,45,44,0,263,0.1,1.0163830168241006,0.5,2,4,67,39.30000000000001
FreeSolv,MFGP,45,45,0,84,0.1,1.0011315684084399,0.5,3,4,68,39.20000000000001
FreeSolv,MFGP,45,46,0,91,0.1,0.8018174137122902,0.5,4,4,69,39.100000000000016
FreeSolv,MFGP,45,47,0,258,0.1,0.7308433018074891,0.5,5,4,70,39.000000000000014
FreeSolv,MFGP,45,48,0,377,0.1,0.6328912744330067,0.5,6,4,71,38.90000000000001
FreeSolv,MFGP,45,49,0,284,0.1,0.5774892305462805,0.5,7,4,72,38.80000000000002
FreeSolv,MFGP,45,50,0,279,0.1,0.637838407432586,0.5,8,4,73,38.70000000000002
FreeSolv,MFGP,45,51,0,361,0.1,0.5752087406290857,0.5,9,4,74,38.600000000000016
FreeSolv,MFGP,45,52,0,59,0.1,0.5138531463201353,0.5,10,4,75,38.500000000000014
FreeSolv,MFGP,45,53,0,75,0.1,0.45632326286325936,0.5,11,4,76,38.40000000000001
FreeSolv,MFGP,45,54,0,605,0.1,0.3915319065200881,0.5,12,4,77,38.30000000000002
FreeSolv,MFGP,45,55,0,432,0.1,0.3931899001640571,0.5,13,4,78,38.20000000000002
FreeSolv,MFGP,45,56,0,152,0.1,0.3739039109736214,0.5,14,4,79,38.100000000000016
FreeSolv,MFGP,45,57,0,456,0.1,0.350571482717785,0.5,15,4,80,38.00000000000002
FreeSolv,MFGP,45,58,0,631,0.1,0.39301723333447863,0.5,16,4,81,37.90000000000002
FreeSolv,MFGP,45,59,0,276,0.1,0.29673800292005514,0.5,17,4,82,37.80000000000002
FreeSolv,MFGP,45,60,0,336,0.1,0.3776488978371754,0.5,18,4,83,37.70000000000002
FreeSolv,MFGP,45,61,0,496,0.1,0.2908965594031455,0.5,19,4,84,37.600000000000016
FreeSolv,MFGP,45,62,0,280,0.1,0.27698997216981464,0.5,20,4,85,37.50000000000002
FreeSolv,MFGP,45,63,1,275,1.0,0.00022470594398732837,0.5,0,5,85,36.50000000000002
FreeSolv,MFGP,45,64,0,186,0.1,0.2402264069098778,0.5,1,5,86,36.40000000000002
FreeSolv,MFGP,45,65,0,118,0.1,0.22449664823449858,0.5,2,5,87,36.30000000000002
FreeSolv,MFGP,45,66,0,486,0.1,0.19535293466087086,0.5,3,5,88,36.200000000000024
FreeSolv,MFGP,45,67,0,251,0.1,0.16294966301576258,0.5,4,5,89,36.10000000000002
FreeSolv,MFGP,45,68,0,499,0.1,0.4639696246690067,0.5,5,5,90,36.00000000000002
FreeSolv,MFGP,45,69,0,49,0.1,0.35549010087442073,0.5,6,5,91,35.90000000000002
FreeSolv,MFGP,45,70,0,54,0.1,0.4966268597198348,0.5,7,5,92,35.80000000000002
FreeSolv,MFGP,45,71,0,104,0.1,0.34624447587221135,0.5,8,5,93,35.700000000000024
FreeSolv,MFGP,45,72,0,257,0.1,0.1762153856692901,0.5,9,5,94,35.60000000000002
FreeSolv,MFGP,45,73,0,345,0.1,0.14166626539635047,0.5,10,5,95,35.50000000000002
FreeSolv,MFGP,45,74,0,386,0.1,0.1281391740622244,0.5,11,5,96,35.40000000000003
FreeSolv,MFGP,45,75,0,122,0.1,0.13431511401988352,0.5,12,5,97,35.300000000000026
FreeSolv,MFGP,45,76,0,425,0.1,0.11556618536790839,0.5,13,5,98,35.200000000000024
FreeSolv,MFGP,45,77,0,453,0.1,0.10504650078614418,0.5,14,5,99,35.10000000000002
FreeSolv,MFGP,45,78,0,216,0.1,0.10069097699636292,0.5,15,5,100,35.00000000000002
FreeSolv,MFGP,45,79,0,181,0.1,0.0972131139034374,0.5,16,5,101,34.90000000000003
FreeSolv,MFGP,45,80,0,440,0.1,0.0888887625281682,0.5,17,5,102,34.800000000000026
FreeSolv,MFGP,45,81,0,60,0.1,0.08347041068016016,0.5,18,5,103,34.700000000000024
FreeSolv,MFGP,45,82,0,24,0.1,0.06529553395814146,0.5,19,5,104,34.60000000000003
FreeSolv,MFGP,45,83,0,222,0.1,0.06754776287699514,0.5,20,5,105,34.50000000000003
FreeSolv,MFGP,45,84,1,485,1.0,0.00013711211926308573,0.5,0,6,105,33.50000000000003
FreeSolv,MFGP,45,85,0,304,0.1,0.07657286564183276,0.5,1,6,106,33.40000000000003
FreeSolv,MFGP,45,86,0,615,0.1,0.07368587590118089,0.5,2,6,107,33.300000000000026
FreeSolv,MFGP,45,87,0,174,0.1,0.06128501290703116,0.5,3,6,108,33.200000000000024
FreeSolv,MFGP,45,88,0,354,0.1,0.059633547534524364,0.5,4,6,109,33.10000000000002
FreeSolv,MFGP,45,89,0,315,0.1,0.0559291817892664,0.5,5,6,110,33.00000000000002
FreeSolv,MFGP,45,90,0,525,0.1,0.05415403817054382,0.5,6,6,111,32.90000000000002
FreeSolv,MFGP,45,91,0,168,0.1,0.05415760301418701,0.5,7,6,112,32.80000000000002
FreeSolv,MFGP,45,92,0,191,0.1,0.04369249428303523,0.5,8,6,113,32.70000000000002
FreeSolv,MFGP,45,93,0,498,0.1,0.04033008436069834,0.5,9,6,114,32.600000000000016
FreeSolv,MFGP,45,94,0,290,0.1,0.03450022467566132,0.5,10,6,115,32.500000000000014
FreeSolv,MFGP,45,95,0,327,0.1,0.03125682777676518,0.5,11,6,116,32.40000000000001
FreeSolv,MFGP,45,96,0,344,0.1,0.027758971684490735,0.5,12,6,117,32.30000000000001
FreeSolv,MFGP,45,97,0,103,0.1,0.02721276305345504,0.5,13,6,118,32.20000000000001
FreeSolv,MFGP,45,98,0,443,0.1,0.023730905890060605,0.5,14,6,119,32.10000000000001
FreeSolv,MFGP,45,99,0,8,0.1,0.021969490828009086,0.5,15,6,120,32.00000000000001
FreeSolv,MFGP,45,100,0,58,0.1,0.019039712517223625,0.5,16,6,121,31.900000000000006
FreeSolv,MFGP,45,101,0,333,0.1,0.016287879087177205,0.5,17,6,122,31.800000000000004
FreeSolv,MFGP,45,102,0,37,0.1,0.01407298362872525,0.5,18,6,123,31.700000000000003
FreeSolv,MFGP,45,103,0,408,0.1,0.012604313209812357,0.5,19,6,124,31.6
FreeSolv,MFGP,45,104,0,500,0.1,0.011515577707340765,0.5,20,6,125,31.5
FreeSolv,MFGP,45,105,1,122,1.0,0.00010580380364245165,0.5,0,7,125,30.5
FreeSolv,MFGP,45,106,0,177,0.1,0.013134311861123116,0.5,1,7,126,30.4
FreeSolv,MFGP,45,107,0,395,0.1,0.011147796010174717,0.5,2,7,127,30.299999999999997
FreeSolv,MFGP,45,108,0,348,0.1,0.009630958340497622,0.5,3,7,128,30.199999999999996
FreeSolv,MFGP,45,109,0,271,0.1,0.009069035117007535,0.5,4,7,129,30.099999999999994
FreeSolv,MFGP,45,110,0,552,0.1,0.0067481925438740795,0.5,5,7,130,29.999999999999993
FreeSolv,MFGP,45,111,0,67,0.1,0.0064358515262990905,0.5,6,7,131,29.89999999999999
FreeSolv,MFGP,45,112,0,98,0.1,0.006323931429246541,0.5,7,7,132,29.79999999999999
FreeSolv,MFGP,45,113,0,55,0.1,0.005748548991340134,0.5,8,7,133,29.69999999999999
FreeSolv,MFGP,45,114,0,42,0.1,0.005220366996003256,0.5,9,7,134,29.599999999999987
FreeSolv,MFGP,45,115,0,442,0.1,0.003462436123948384,0.5,10,7,135,29.499999999999986
FreeSolv,MFGP,45,116,0,240,0.1,0.003412962137691591,0.5,11,7,136,29.399999999999984
FreeSolv,MFGP,45,117,0,544,0.1,0.005256153464860153,0.5,12,7,137,29.299999999999983
FreeSolv,MFGP,45,118,0,227,0.1,0.00572610702821298,0.5,13,7,138,29.19999999999998
FreeSolv,MFGP,45,119,0,358,0.1,0.009418955075056173,0.5,14,7,139,29.09999999999998
FreeSolv,MFGP,45,120,0,282,0.1,0.007178561750589216,0.5,15,7,140,28.99999999999998
FreeSolv,MFGP,45,121,0,359,0.1,0.0064829310562718265,0.5,16,7,141,28.899999999999977
FreeSolv,MFGP,45,122,0,131,0.1,0.0060486386803841,0.5,17,7,142,28.799999999999976
FreeSolv,MFGP,45,123,0,108,0.1,0.0056983300569799205,0.5,18,7,143,28.699999999999974
FreeSolv,MFGP,45,124,0,639,0.1,0.005231155494722596,0.5,19,7,144,28.599999999999973
FreeSolv,MFGP,45,125,0,25,0.1,0.0049067532088026885,0.5,20,7,145,28.49999999999997
FreeSolv,MFGP,45,126,1,49,1.0,0.0022740267750147383,0.5,0,8,145,27.49999999999997
FreeSolv,MFGP,45,127,0,511,0.1,0.009981537861706672,0.987898794268259,1,8,146,27.39999999999997
FreeSolv,MFGP,45,128,1,251,1.0,0.008095580072787815,0.987898794268259,0,9,146,26.39999999999997
FreeSolv,MFGP,45,129,0,80,0.1,0.006259646316981724,0.9451864830964966,1,9,147,26.29999999999997
FreeSolv,MFGP,45,130,0,457,0.1,0.005258587758096537,0.9451864830964966,2,9,148,26.199999999999967
FreeSolv,MFGP,45,131,0,412,0.1,0.011788685836886886,0.9451864830964966,3,9,149,26.099999999999966
FreeSolv,MFGP,45,132,0,166,0.1,0.006136431307316684,0.9451864830964966,4,9,150,25.999999999999964
FreeSolv,MFGP,45,133,0,16,0.1,0.006245245470201122,0.9451864830964966,5,9,151,25.899999999999963
FreeSolv,MFGP,45,134,0,555,0.1,0.005141834382815347,0.9451864830964966,6,9,152,25.79999999999996
FreeSolv,MFGP,45,135,0,287,0.1,0.0048016185377439385,0.9451864830964966,7,9,153,25.69999999999996
FreeSolv,MFGP,45,136,0,573,0.1,0.0043593091727086785,0.9451864830964966,8,9,154,25.59999999999996
FreeSolv,MFGP,45,137,0,356,0.1,0.00483024487801704,0.9451864830964966,9,9,155,25.499999999999957
FreeSolv,MFGP,45,138,1,222,1.0,0.0047788709956925746,0.9451864830964966,0,10,155,24.499999999999957
FreeSolv,MFGP,45,139,0,430,0.1,0.003810797296845813,0.9931133388457384,1,10,156,24.399999999999956
FreeSolv,MFGP,45,140,0,83,0.1,0.00294350390065848,0.9931133388457384,2,10,157,24.299999999999955
FreeSolv,MFGP,45,141,0,110,0.1,0.002355600671446431,0.9931133388457384,3,10,158,24.199999999999953
FreeSolv,MFGP,45,142,0,489,0.1,0.0022169110795672653,0.9931133388457384,4,10,159,24.09999999999995
FreeSolv,MFGP,45,143,0,420,0.1,0.0019201255224954778,0.9931133388457384,5,10,160,23.99999999999995
FreeSolv,MFGP,45,144,0,391,0.1,0.002068300750577317,0.9931133388457384,6,10,161,23.89999999999995
FreeSolv,MFGP,45,145,1,261,1.0,0.001841575850624999,0.9931133388457384,0,11,161,22.89999999999995
FreeSolv,MFGP,45,146,1,41,1.0,0.021294191328676645,0.9832718687697866,0,12,161,21.89999999999995
FreeSolv,MFGP,45,147,1,488,1.0,0.0031788033784773996,0.9414731315256042,0,13,161,20.89999999999995
FreeSolv,MFGP,45,148,1,284,1.0,0.0021023561574097724,0.9414731315256042,0,14,161,19.89999999999995
FreeSolv,MFGP,45,149,1,296,1.0,0.0021519153371171787,0.9327086324196805,0,15,161,18.89999999999995
FreeSolv,MFGP,45,150,1,501,1.0,0.002031710814580267,0.9327086324196805,0,16,161,17.89999999999995
FreeSolv,MFGP,45,151,1,540,1.0,0.002841038667173848,0.9326457085230992,0,17,161,16.89999999999995
FreeSolv,MFGP,45,152,1,560,1.0,0.0034073314228633723,0.9346934806184687,0,18,161,15.899999999999949
FreeSolv,MFGP,45,153,1,479,1.0,0.0023778984672925274,0.9346934806184687,0,19,161,14.899999999999949
FreeSolv,MFGP,45,154,1,139,1.0,0.0018534873778946626,0.9346934806184687,0,20,161,13.899999999999949
FreeSolv,MFGP,45,155,0,450,0.1,0.0015943748936831346,0.8540791750466419,1,20,162,13.79999999999995
FreeSolv,MFGP,45,156,0,600,0.1,0.0014595961592937547,0.8540791750466419,2,20,163,13.699999999999948
FreeSolv,MFGP,45,157,0,458,0.1,0.0012133407295330438,0.8540791750466419,3,20,164,13.599999999999946
FreeSolv,MFGP,45,158,1,457,1.0,0.0010404805562350405,0.8540791750466419,0,21,164,12.599999999999945
FreeSolv,MFGP,45,159,0,329,0.1,0.001107567550507025,0.9282662278933961,1,21,165,12.499999999999945
FreeSolv,MFGP,45,160,1,507,1.0,0.0008558376382432169,0.9282662278933961,0,22,165,11.499999999999943
FreeSolv,MFGP,45,161,1,93,1.0,0.0008209815278260139,0.9282662278933961,0,23,165,10.499999999999943
FreeSolv,MFGP,45,162,1,39,1.0,0.0008838632603930174,0.9282662278933961,0,24,165,9.499999999999943
FreeSolv,MFGP,45,163,1,393,1.0,0.0010873916060959912,0.9315235701395734,0,25,165,8.499999999999943
FreeSolv,MFGP,45,164,0,373,0.1,0.0008311111355630846,0.9302233578868461,1,25,166,8.399999999999944
FreeSolv,MFGP,45,165,1,269,1.0,0.0007931607842234806,0.9302233578868461,0,26,166,7.399999999999942
FreeSolv,MFGP,45,166,0,134,0.1,0.0006987068662750414,0.931006794075414,1,26,167,7.299999999999942
FreeSolv,MFGP,45,167,0,176,0.1,0.000651051138004676,0.931006794075414,2,26,168,7.199999999999941
FreeSolv,MFGP,45,168,0,342,0.1,0.0005312302893695867,0.931006794075414,3,26,169,7.099999999999939
FreeSolv,MFGP,45,169,0,172,0.1,0.0004809225455450238,0.931006794075414,4,26,170,6.999999999999938
FreeSolv,MFGP,45,170,0,495,0.1,0.0004061450621317819,0.931006794075414,5,26,171,6.899999999999936
FreeSolv,MFGP,45,171,0,419,0.1,0.0003895104034187066,0.931006794075414,6,26,172,6.799999999999935
FreeSolv,MFGP,45,172,1,404,1.0,0.00030923079008102206,0.931006794075414,0,27,172,5.799999999999933
FreeSolv,MFGP,45,173,0,531,0.1,0.0002547667324216448,0.931006794075414,1,27,173,5.699999999999934
FreeSolv,MFGP,45,174,0,265,0.1,0.00024293779686451386,0.931006794075414,2,27,174,5.599999999999932
FreeSolv,MFGP,45,175,1,144,1.0,0.0004655230473033451,0.931006794075414,0,28,174,4.59999999999993
FreeSolv,MFGP,45,176,0,452,0.1,0.0002963263782266486,0.9190806906516202,1,28,175,4.499999999999931
FreeSolv,MFGP,45,177,1,61,1.0,0.00031018337887355526,0.9190806906516202,0,29,175,3.499999999999929
FreeSolv,MFGP,45,178,1,188,1.0,0.0002290160858748093,0.9190806906516202,0,30,175,2.499999999999929
FreeSolv,MFGP,45,179,1,214,1.0,0.0002108077310397317,0.9190806906516202,0,31,175,1.499999999999929
FreeSolv,MFGP,45,180,1,310,1.0,0.0002363582237237113,0.9190806906516202,0,32,175,0.49999999999992895
FreeSolv,MFGP,45,181,0,410,0.1,0.0001381054698190409,0.9190806906516202,1,32,176,0.39999999999992897
FreeSolv,MFGP,45,182,0,68,0.1,8.828695598203889e-05,0.9190806906516202,2,32,177,0.29999999999992755
FreeSolv,MFGP,45,183,0,581,0.1,5.875617955603329e-05,0.9190806906516202,3,32,178,0.1999999999999261
FreeSolv,MFGP,45,184,0,278,0.1,6.0478213863013364e-05,0.9190806906516202,4,32,179,0.09999999999992468
FreeSolv,MFGP,46,1,1,261,1.0,4.597434985318086,0.5,0,3,25,44.5
FreeSolv,MFGP,46,2,0,456,0.1,1.5984127099868506,0.5,1,3,26,44.4
FreeSolv,MFGP,46,3,0,631,0.1,1.7807316370501596,0.5,2,3,27,44.3
FreeSolv,MFGP,46,4,0,140,0.1,1.9598692541382772,0.5,3,3,28,44.199999999999996
FreeSolv,MFGP,46,5,0,161,0.1,1.5323707195026053,0.5,4,3,29,44.1
FreeSolv,MFGP,46,6,0,338,0.1,1.4055785576946478,0.5,5,3,30,44.0
FreeSolv,MFGP,46,7,0,368,0.1,1.4397996329493945,0.5,6,3,31,43.9
FreeSolv,MFGP,46,8,0,206,0.1,1.7338392757810472,0.5,7,3,32,43.800000000000004
FreeSolv,MFGP,46,9,0,548,0.1,1.6233731403131613,0.5,8,3,33,43.7
FreeSolv,MFGP,46,10,0,437,0.1,1.5649189323611206,0.5,9,3,34,43.6
FreeSolv,MFGP,46,11,0,282,0.1,1.7790262664319612,0.5,10,3,35,43.5
FreeSolv,MFGP,46,12,0,144,0.1,1.6162444879574294,0.5,11,3,36,43.4
FreeSolv,MFGP,46,13,0,377,0.1,1.5923863603952952,0.5,12,3,37,43.300000000000004
FreeSolv,MFGP,46,14,0,592,0.1,1.462663539275561,0.5,13,3,38,43.2
FreeSolv,MFGP,46,15,0,91,0.1,1.3892385535283662,0.5,14,3,39,43.1
FreeSolv,MFGP,46,16,0,183,0.1,1.296791712747171,0.5,15,3,40,43.00000000000001
FreeSolv,MFGP,46,17,0,166,0.1,1.1925277801007632,0.5,16,3,41,42.900000000000006
FreeSolv,MFGP,46,18,0,187,0.1,1.1503029240399398,0.5,17,3,42,42.800000000000004
FreeSolv,MFGP,46,19,0,238,0.1,1.1114680104242107,0.5,18,3,43,42.7
FreeSolv,MFGP,46,20,0,10,0.1,1.0958698922440906,0.5,19,3,44,42.6
FreeSolv,MFGP,46,21,0,77,0.1,1.0472728645032332,0.5,20,3,45,42.50000000000001
FreeSolv,MFGP,46,22,1,39,1.0,0.029870836450089283,0.5,0,4,45,41.50000000000001
FreeSolv,MFGP,46,23,0,128,0.1,0.9780908174751703,0.5,1,4,46,41.400000000000006
FreeSolv,MFGP,46,24,0,141,0.1,1.0878813140577466,0.5,2,4,47,41.300000000000004
FreeSolv,MFGP,46,25,0,473,0.1,0.899651202623701,0.5,3,4,48,41.20000000000001
FreeSolv,MFGP,46,26,0,351,0.1,0.8656114527729925,0.5,4,4,49,41.10000000000001
FreeSolv,MFGP,46,27,0,413,0.1,0.8867890233412967,0.5,5,4,50,41.00000000000001
FreeSolv,MFGP,46,28,0,200,0.1,0.9646921023064805,0.5,6,4,51,40.900000000000006
FreeSolv,MFGP,46,29,0,172,0.1,0.7900529464018113,0.5,7,4,52,40.800000000000004
FreeSolv,MFGP,46,30,0,328,0.1,0.7388735260903125,0.5,8,4,53,40.70000000000001
FreeSolv,MFGP,46,31,0,258,0.1,1.574634097134661,0.5,9,4,54,40.60000000000001
FreeSolv,MFGP,46,32,0,66,0.1,1.4021945093969894,0.5,10,4,55,40.50000000000001
FreeSolv,MFGP,46,33,0,233,0.1,1.4757801722635961,0.5,11,4,56,40.40000000000001
FreeSolv,MFGP,46,34,0,263,0.1,1.480878613394815,0.5,12,4,57,40.30000000000001
FreeSolv,MFGP,46,35,0,486,0.1,1.2394555267782053,0.5,13,4,58,40.20000000000001
FreeSolv,MFGP,46,36,0,436,0.1,1.1800539539216084,0.5,14,4,59,40.10000000000001
FreeSolv,MFGP,46,37,0,472,0.1,1.0374222557019244,0.5,15,4,60,40.00000000000001
FreeSolv,MFGP,46,38,0,492,0.1,1.0331496800002953,0.5,16,4,61,39.90000000000001
FreeSolv,MFGP,46,39,0,105,0.1,0.9981048886854232,0.5,17,4,62,39.80000000000001
FreeSolv,MFGP,46,40,0,83,0.1,1.2674925912029817,0.5,18,4,63,39.70000000000001
FreeSolv,MFGP,46,41,0,619,0.1,1.1683523117275896,0.5,19,4,64,39.600000000000016
FreeSolv,MFGP,46,42,0,626,0.1,1.28143473604913,0.5,20,4,65,39.500000000000014
FreeSolv,MFGP,46,43,1,41,1.0,0.025316581018037576,0.5,0,5,65,38.500000000000014
FreeSolv,MFGP,46,44,0,564,0.1,2.031940477440973,0.5,1,5,66,38.40000000000001
FreeSolv,MFGP,46,45,0,255,0.1,1.343321617703242,0.5,2,5,67,38.30000000000001
FreeSolv,MFGP,46,46,0,638,0.1,1.2996178520806507,0.5,3,5,68,38.20000000000001
FreeSolv,MFGP,46,47,0,444,0.1,1.2182346280000937,0.5,4,5,69,38.100000000000016
FreeSolv,MFGP,46,48,0,572,0.1,1.0979983672161933,0.5,5,5,70,38.000000000000014
FreeSolv,MFGP,46,49,0,502,0.1,0.9954169903121607,0.5,6,5,71,37.90000000000001
FreeSolv,MFGP,46,50,0,497,0.1,0.767801303799519,0.5,7,5,72,37.80000000000002
FreeSolv,MFGP,46,51,0,80,0.1,0.6026032541234716,0.5,8,5,73,37.70000000000002
FreeSolv,MFGP,46,52,0,139,0.1,0.5424155950803785,0.5,9,5,74,37.600000000000016
FreeSolv,MFGP,46,53,0,550,0.1,0.7198537095072929,0.5,10,5,75,37.500000000000014
FreeSolv,MFGP,46,54,0,461,0.1,0.5171009863324113,0.5,11,5,76,37.40000000000001
FreeSolv,MFGP,46,55,0,540,0.1,0.46651769938380255,0.5,12,5,77,37.30000000000002
FreeSolv,MFGP,46,56,0,301,0.1,0.5306942763292534,0.5,13,5,78,37.20000000000002
FreeSolv,MFGP,46,57,0,86,0.1,0.4410748969698697,0.5,14,5,79,37.100000000000016
FreeSolv,MFGP,46,58,0,284,0.1,0.3912752112149634,0.5,15,5,80,37.00000000000002
FreeSolv,MFGP,46,59,0,361,0.1,0.4623125971484565,0.5,16,5,81,36.90000000000002
FreeSolv,MFGP,46,60,0,605,0.1,0.3698011262121262,0.5,17,5,82,36.80000000000002
FreeSolv,MFGP,46,61,0,193,0.1,0.3268362394123647,0.5,18,5,83,36.70000000000002
FreeSolv,MFGP,46,62,0,276,0.1,0.3140279125570339,0.5,19,5,84,36.600000000000016
FreeSolv,MFGP,46,63,0,533,0.1,0.30763518419683084,0.5,20,5,85,36.50000000000002
FreeSolv,MFGP,46,64,1,384,1.0,0.009875323229780325,0.5,0,6,85,35.50000000000002
FreeSolv,MFGP,46,65,0,501,0.1,0.5520295926135851,0.5,1,6,86,35.40000000000002
FreeSolv,MFGP,46,66,0,509,0.1,0.3261417405359557,0.5,2,6,87,35.30000000000002
FreeSolv,MFGP,46,67,0,8,0.1,0.3030509659450468,0.5,3,6,88,35.200000000000024
FreeSolv,MFGP,46,68,0,577,0.1,0.24860485730655787,0.5,4,6,89,35.10000000000002
FreeSolv,MFGP,46,69,0,251,0.1,0.20684493601448112,0.5,5,6,90,35.00000000000002
FreeSolv,MFGP,46,70,0,49,0.1,0.4835911101848614,0.5,6,6,91,34.90000000000002
FreeSolv,MFGP,46,71,0,122,0.1,0.7493539254881284,0.5,7,6,92,34.80000000000002
FreeSolv,MFGP,46,72,0,104,0.1,1.0370323910138401,0.5,8,6,93,34.700000000000024
FreeSolv,MFGP,46,73,0,61,0.1,0.7082626478894777,0.5,9,6,94,34.60000000000002
FreeSolv,MFGP,46,74,0,54,0.1,0.35786930741426304,0.5,10,6,95,34.50000000000002
FreeSolv,MFGP,46,75,0,499,0.1,0.340708084525676,0.5,11,6,96,34.40000000000003
FreeSolv,MFGP,46,76,0,269,0.1,0.17767670894700285,0.5,12,6,97,34.300000000000026
FreeSolv,MFGP,46,77,0,181,0.1,0.15436505735561323,0.5,13,6,98,34.200000000000024
FreeSolv,MFGP,46,78,0,186,0.1,0.12963387392004422,0.5,14,6,99,34.10000000000002
FreeSolv,MFGP,46,79,0,279,0.1,0.11968634404450118,0.5,15,6,100,34.00000000000002
FreeSolv,MFGP,46,80,0,615,0.1,0.11299860007185067,0.5,16,6,101,33.90000000000003
FreeSolv,MFGP,46,81,0,275,0.1,0.10465710254593426,0.5,17,6,102,33.800000000000026
FreeSolv,MFGP,46,82,0,136,0.1,0.094862692489312,0.5,18,6,103,33.700000000000024
FreeSolv,MFGP,46,83,0,485,0.1,0.0772465991780593,0.5,19,6,104,33.60000000000002
FreeSolv,MFGP,46,84,0,525,0.1,0.07415333212253086,0.5,20,6,105,33.50000000000002
FreeSolv,MFGP,46,85,1,59,1.0,0.0055056591501411595,0.5,0,7,105,32.50000000000002
FreeSolv,MFGP,46,86,0,453,0.1,0.06996733754441882,0.5,1,7,106,32.40000000000002
FreeSolv,MFGP,46,87,0,129,0.1,0.055185246664959074,0.5,2,7,107,32.30000000000002
FreeSolv,MFGP,46,88,0,498,0.1,0.05127586953600133,0.5,3,7,108,32.20000000000002
FreeSolv,MFGP,46,89,0,216,0.1,0.04980608981074025,0.5,4,7,109,32.100000000000016
FreeSolv,MFGP,46,90,0,430,0.1,0.05514522303869354,0.5,5,7,110,32.000000000000014
FreeSolv,MFGP,46,91,0,87,0.1,0.045977682727296396,0.5,6,7,111,31.900000000000013
FreeSolv,MFGP,46,92,0,359,0.1,0.04018446492380631,0.5,7,7,112,31.80000000000001
FreeSolv,MFGP,46,93,0,325,0.1,0.037054315182690374,0.5,8,7,113,31.70000000000001
FreeSolv,MFGP,46,94,0,232,0.1,0.029869969730234487,0.5,9,7,114,31.60000000000001
FreeSolv,MFGP,46,95,0,313,0.1,0.029349690754009103,0.5,10,7,115,31.500000000000007
FreeSolv,MFGP,46,96,0,240,0.1,0.02410413949810373,0.5,11,7,116,31.400000000000006
FreeSolv,MFGP,46,97,0,222,0.1,0.027126062124210315,0.5,12,7,117,31.300000000000004
FreeSolv,MFGP,46,98,0,1,0.1,0.03219174032359894,0.5,13,7,118,31.200000000000003
FreeSolv,MFGP,46,99,0,96,0.1,0.024144780404601243,0.5,14,7,119,31.1
FreeSolv,MFGP,46,100,0,192,0.1,0.0206667506236201,0.5,15,7,120,31.0
FreeSolv,MFGP,46,101,0,131,0.1,0.014567069968618937,0.5,16,7,121,30.9
FreeSolv,MFGP,46,102,0,75,0.1,0.012601024501695274,0.5,17,7,122,30.799999999999997
FreeSolv,MFGP,46,103,0,633,0.1,0.011215819923944183,0.5,18,7,123,30.699999999999996
FreeSolv,MFGP,46,104,0,410,0.1,0.00941340727204175,0.5,19,7,124,30.599999999999994
FreeSolv,MFGP,46,105,0,632,0.1,0.007492855773239045,0.5,20,7,125,30.499999999999993
FreeSolv,MFGP,46,106,1,501,1.0,0.002051410141275495,0.5,0,8,125,29.499999999999993
FreeSolv,MFGP,46,107,1,540,1.0,0.015817033026999744,0.5,0,9,125,28.499999999999993
FreeSolv,MFGP,46,108,0,55,0.1,0.014144101247178164,0.9999802309189767,1,9,126,28.39999999999999
FreeSolv,MFGP,46,109,0,98,0.1,0.014019123380565952,0.9999802309189767,2,9,127,28.29999999999999
FreeSolv,MFGP,46,110,0,259,0.1,0.012864226273757088,0.9999802309189767,3,9,128,28.19999999999999
FreeSolv,MFGP,46,111,1,393,1.0,0.012022802129216595,0.9999802309189767,0,10,128,27.19999999999999
FreeSolv,MFGP,46,112,1,269,1.0,0.010231294535379,0.9999802309189767,0,11,128,26.19999999999999
FreeSolv,MFGP,46,113,0,37,0.1,0.008541591306476397,0.9576301127937934,1,11,129,26.099999999999987
FreeSolv,MFGP,46,114,0,332,0.1,0.008504665089348449,0.9576301127937934,2,11,130,25.999999999999986
FreeSolv,MFGP,46,115,0,363,0.1,0.007514795120657985,0.9576301127937934,3,11,131,25.899999999999984
FreeSolv,MFGP,46,116,0,500,0.1,0.007473843983123432,0.9576301127937934,4,11,132,25.799999999999983
FreeSolv,MFGP,46,117,0,496,0.1,0.01098723108520968,0.9576301127937934,5,11,133,25.69999999999998
FreeSolv,MFGP,46,118,0,443,0.1,0.011478340754839946,0.9576301127937934,6,11,134,25.59999999999998
FreeSolv,MFGP,46,119,0,333,0.1,0.01287449309242875,0.9576301127937934,7,11,135,25.49999999999998
FreeSolv,MFGP,46,120,0,271,0.1,0.007406087360876617,0.9576301127937934,8,11,136,25.399999999999977
FreeSolv,MFGP,46,121,0,26,0.1,0.006376330402092898,0.9576301127937934,9,11,137,25.299999999999976
FreeSolv,MFGP,46,122,0,290,0.1,0.006004681256703318,0.9576301127937934,10,11,138,25.199999999999974
FreeSolv,MFGP,46,123,0,260,0.1,0.0053281484824486795,0.9576301127937934,11,11,139,25.099999999999973
FreeSolv,MFGP,46,124,0,304,0.1,0.004897440237337466,0.9576301127937934,12,11,140,24.99999999999997
FreeSolv,MFGP,46,125,0,103,0.1,0.0060423772032957394,0.9576301127937934,13,11,141,24.89999999999997
FreeSolv,MFGP,46,126,0,174,0.1,0.0045912047825751425,0.9576301127937934,14,11,142,24.79999999999997
FreeSolv,MFGP,46,127,0,354,0.1,0.005108779186280547,0.9576301127937934,15,11,143,24.699999999999967
FreeSolv,MFGP,46,128,0,292,0.1,0.004709014208054347,0.9576301127937934,16,11,144,24.599999999999966
FreeSolv,MFGP,46,129,0,191,0.1,0.004108793039227842,0.9576301127937934,17,11,145,24.499999999999964
FreeSolv,MFGP,46,130,0,67,0.1,0.003581681460416169,0.9576301127937934,18,11,146,24.399999999999963
FreeSolv,MFGP,46,131,0,190,0.1,0.0027676105532242175,0.9576301127937934,19,11,147,24.29999999999996
FreeSolv,MFGP,46,132,0,573,0.1,0.00276435663030348,0.9576301127937934,20,11,148,24.19999999999996
FreeSolv,MFGP,46,133,1,492,1.0,0.0015505394517924976,0.9576301127937934,0,12,148,23.19999999999996
FreeSolv,MFGP,46,134,0,511,0.1,0.0023284757827637683,0.9461710790412603,1,12,149,23.09999999999996
FreeSolv,MFGP,46,135,1,572,1.0,0.002312754972467121,0.9461710790412603,0,13,149,22.09999999999996
FreeSolv,MFGP,46,136,1,584,1.0,0.0025597284070672903,0.9445407295938265,0,14,149,21.09999999999996
FreeSolv,MFGP,46,137,0,395,0.1,0.0023039117602711326,0.9445407295938265,1,14,150,20.999999999999957
FreeSolv,MFGP,46,138,0,266,0.1,0.0022178927209746246,0.9445407295938265,2,14,151,20.899999999999956
FreeSolv,MFGP,46,139,0,425,0.1,0.001847936211399863,0.9445407295938265,3,14,152,20.799999999999955
FreeSolv,MFGP,46,140,0,639,0.1,0.001694448715197579,0.9445407295938265,4,14,153,20.699999999999953
FreeSolv,MFGP,46,141,0,198,0.1,0.0013970565925998488,0.9445407295938265,5,14,154,20.59999999999995
FreeSolv,MFGP,46,142,0,257,0.1,0.0013329894105771239,0.9445407295938265,6,14,155,20.49999999999995
FreeSolv,MFGP,46,143,0,450,0.1,0.0011924191420281892,0.9445407295938265,7,14,156,20.39999999999995
FreeSolv,MFGP,46,144,0,457,0.1,0.0010974859693085118,0.9445407295938265,8,14,157,20.299999999999947
FreeSolv,MFGP,46,145,0,412,0.1,0.004038955715783974,0.9445407295938265,9,14,158,20.199999999999946
FreeSolv,MFGP,46,146,0,452,0.1,0.0010845422969106503,0.9445407295938265,10,14,159,20.099999999999945
FreeSolv,MFGP,46,147,0,358,0.1,0.000869228402307419,0.9445407295938265,11,14,160,19.999999999999943
FreeSolv,MFGP,46,148,0,93,0.1,0.0016104264151366038,0.9445407295938265,12,14,161,19.89999999999994
FreeSolv,MFGP,46,149,0,488,0.1,0.0012675750158246083,0.9445407295938265,13,14,162,19.79999999999994
FreeSolv,MFGP,46,150,0,555,0.1,0.0011586910823817092,0.9445407295938265,14,14,163,19.69999999999994
FreeSolv,MFGP,46,151,1,515,1.0,0.0007548962460906848,0.9445407295938265,0,15,163,18.69999999999994
FreeSolv,MFGP,46,152,1,122,1.0,0.001373178181592211,0.7923129012805314,0,16,163,17.69999999999994
FreeSolv,MFGP,46,153,1,49,1.0,0.011361620173408957,0.6246636663699058,0,17,163,16.69999999999994
FreeSolv,MFGP,46,154,1,251,1.0,0.04268323990859424,0.49372110604442904,0,18,163,15.699999999999939
FreeSolv,MFGP,46,155,1,222,1.0,0.004751943711059262,0.7859028373381192,0,19,163,14.699999999999939
FreeSolv,MFGP,46,156,1,139,1.0,0.0025633481401951333,0.9735987935400843,0,20,163,13.699999999999939
FreeSolv,MFGP,46,157,1,241,1.0,0.0013894265088779337,0.8859527420914798,0,21,163,12.699999999999939
FreeSolv,MFGP,46,158,0,108,0.1,0.0023684047191152428,0.8859527420914798,1,21,164,12.59999999999994
FreeSolv,MFGP,46,159,0,356,0.1,0.0019893124223155124,0.8859527420914798,2,21,165,12.499999999999938
FreeSolv,MFGP,46,160,0,420,0.1,0.0016393339239761868,0.8859527420914798,3,21,166,12.399999999999936
FreeSolv,MFGP,46,161,0,545,0.1,0.001660740219892557,0.8859527420914798,4,21,167,12.299999999999935
FreeSolv,MFGP,46,162,0,458,0.1,0.0013379737449128292,0.8859527420914798,5,21,168,12.199999999999934
FreeSolv,MFGP,46,163,1,284,1.0,0.001192512876240429,0.8859527420914798,0,22,168,11.199999999999932
FreeSolv,MFGP,46,164,0,88,0.1,0.0012294147585655295,0.8816898706839772,1,22,169,11.099999999999932
FreeSolv,MFGP,46,165,0,344,0.1,0.0008112012462944947,0.8816898706839772,2,22,170,10.99999999999993
FreeSolv,MFGP,46,166,0,42,0.1,0.0008346215376888423,0.8816898706839772,3,22,171,10.89999999999993
FreeSolv,MFGP,46,167,0,589,0.1,0.0007581566364671461,0.8816898706839772,4,22,172,10.799999999999928
FreeSolv,MFGP,46,168,0,173,0.1,0.000688345154129157,0.8816898706839772,5,22,173,10.699999999999926
FreeSolv,MFGP,46,169,0,265,0.1,0.0005456601709043045,0.8816898706839772,6,22,174,10.599999999999925
FreeSolv,MFGP,46,170,0,25,0.1,0.0007634295100646438,0.8816898706839772,7,22,175,10.499999999999924
FreeSolv,MFGP,46,171,1,544,1.0,0.000662137900595417,0.8816898706839772,0,23,175,9.499999999999922
FreeSolv,MFGP,46,172,1,144,1.0,0.0006627398545241891,0.8816898706839772,0,24,175,8.499999999999922
FreeSolv,MFGP,46,173,0,419,0.1,0.0005557648951417528,0.8750463161019586,1,24,176,8.399999999999922
FreeSolv,MFGP,46,174,0,327,0.1,0.0005502107977704374,0.8750463161019586,2,24,177,8.29999999999992
FreeSolv,MFGP,46,175,0,600,0.1,0.00046047944858205206,0.8750463161019586,3,24,178,8.19999999999992
FreeSolv,MFGP,46,176,0,342,0.1,0.0004189692638114192,0.8750463161019586,4,24,179,8.099999999999918
FreeSolv,MFGP,46,177,1,220,1.0,0.00029813760398623946,0.8750463161019586,0,25,179,7.099999999999916
FreeSolv,MFGP,46,178,0,120,0.1,0.00036417245134851657,0.9184228002848568,1,25,180,6.9999999999999165
FreeSolv,MFGP,46,179,0,76,0.1,0.00032769088547807894,0.9184228002848568,2,25,181,6.899999999999915
FreeSolv,MFGP,46,180,0,134,0.1,0.0002836986939918323,0.9184228002848568,3,25,182,6.799999999999914
FreeSolv,MFGP,46,181,0,274,0.1,0.0003559213251586985,0.9184228002848568,4,25,183,6.699999999999912
FreeSolv,MFGP,46,182,1,457,1.0,0.00026682540724768007,0.9184228002848568,0,26,183,5.6999999999999105
FreeSolv,MFGP,46,183,1,182,1.0,0.00026222763702738643,0.9396494613971191,0,27,183,4.6999999999999105
FreeSolv,MFGP,46,184,0,524,0.1,0.00019117252479484037,0.8865843139621802,1,27,184,4.599999999999911
FreeSolv,MFGP,46,185,1,507,1.0,0.00018539102696061042,0.8865843139621802,0,28,184,3.599999999999909
FreeSolv,MFGP,46,186,1,214,1.0,0.0001994163366358507,0.8865843139621802,0,29,184,2.599999999999909
FreeSolv,MFGP,46,187,0,597,0.1,0.000154239516185062,0.8865843139621802,1,29,185,2.499999999999909
FreeSolv,MFGP,46,188,1,329,1.0,0.0001496705377846989,0.8865843139621802,0,30,185,1.4999999999999076
FreeSolv,MFGP,46,189,0,373,0.1,0.00014767895451238134,0.8865843139621802,1,30,186,1.3999999999999075
FreeSolv,MFGP,46,190,0,176,0.1,0.00013838364881139372,0.8865843139621802,2,30,187,1.2999999999999061
FreeSolv,MFGP,46,191,0,287,0.1,0.0001081234838605102,0.8865843139621802,3,30,188,1.1999999999999047
FreeSolv,MFGP,46,192,0,310,0.1,9.098225566801885e-05,0.8865843139621802,4,30,189,1.0999999999999033
FreeSolv,MFGP,46,193,0,580,0.1,8.810751734474026e-05,0.8865843139621802,5,30,190,0.999999999999902
FreeSolv,MFGP,46,194,0,583,0.1,8.437426165045212e-05,0.8865843139621802,6,30,191,0.8999999999999005
FreeSolv,MFGP,46,195,0,68,0.1,0.00013923674161102947,0.8865843139621802,7,30,192,0.7999999999998991
FreeSolv,MFGP,46,196,0,204,0.1,0.00010276177048476685,0.8865843139621802,8,30,193,0.6999999999998977
FreeSolv,MFGP,46,197,0,244,0.1,6.75330557533948e-05,0.8865843139621802,9,30,194,0.5999999999998963
FreeSolv,MFGP,46,198,0,6,0.1,6.472671548864185e-05,0.8865843139621802,10,30,195,0.49999999999989486
FreeSolv,MFGP,46,199,0,610,0.1,5.467615479863971e-05,0.8865843139621802,11,30,196,0.39999999999989344
FreeSolv,MFGP,46,200,0,278,0.1,4.232097386553453e-05,0.8865843139621802,12,30,197,0.299999999999892
FreeSolv,MFGP,46,201,0,115,0.1,3.873414686819985e-05,0.8865843139621802,13,30,198,0.19999999999989057
FreeSolv,MFGP,46,202,0,635,0.1,3.140940748482619e-05,0.8865843139621802,14,30,199,0.09999999999988915
FreeSolv,MFGP,47,1,1,261,1.0,6.486282841468288,0.5,0,3,25,44.5
FreeSolv,MFGP,47,2,0,456,0.1,1.5760916959370552,0.5,1,3,26,44.4
FreeSolv,MFGP,47,3,0,140,0.1,1.7903495925489903,0.5,2,3,27,44.3
FreeSolv,MFGP,47,4,0,161,0.1,1.5051596261543654,0.5,3,3,28,44.199999999999996
FreeSolv,MFGP,47,5,0,631,0.1,1.220427318852542,0.5,4,3,29,44.1
FreeSolv,MFGP,47,6,0,506,0.1,1.3189988248795448,0.5,5,3,30,44.0
FreeSolv,MFGP,47,7,0,338,0.1,1.1744542026606708,0.5,6,3,31,43.9
FreeSolv,MFGP,47,8,0,181,0.1,1.117155264532899,0.5,7,3,32,43.800000000000004
FreeSolv,MFGP,47,9,0,484,0.1,1.2441235881722235,0.5,8,3,33,43.7
FreeSolv,MFGP,47,10,0,187,0.1,0.9977319723389078,0.5,9,3,34,43.6
FreeSolv,MFGP,47,11,0,354,0.1,1.0075231737922357,0.5,10,3,35,43.5
FreeSolv,MFGP,47,12,0,368,0.1,0.9398485320966532,0.5,11,3,36,43.4
FreeSolv,MFGP,47,13,0,166,0.1,1.2892641884143234,0.5,12,3,37,43.300000000000004
FreeSolv,MFGP,47,14,0,91,0.1,1.4696648715888416,0.5,13,3,38,43.2
FreeSolv,MFGP,47,15,0,141,0.1,1.2203906319294837,0.5,14,3,39,43.1
FreeSolv,MFGP,47,16,0,128,0.1,1.435614931348812,0.5,15,3,40,43.00000000000001
FreeSolv,MFGP,47,17,0,238,0.1,1.441260325491898,0.5,16,3,41,42.900000000000006
FreeSolv,MFGP,47,18,0,126,0.1,1.4609634161400247,0.5,17,3,42,42.800000000000004
FreeSolv,MFGP,47,19,0,282,0.1,1.3818748719348022,0.5,18,3,43,42.7
FreeSolv,MFGP,47,20,0,10,0.1,1.3694197862431805,0.5,19,3,44,42.6
FreeSolv,MFGP,47,21,0,413,0.1,1.2779148118677441,0.5,20,3,45,42.50000000000001
FreeSolv,MFGP,47,22,1,39,1.0,0.03044870758890872,0.5,0,4,45,41.50000000000001
FreeSolv,MFGP,47,23,0,172,0.1,1.3198799734351452,0.5,1,4,46,41.400000000000006
FreeSolv,MFGP,47,24,0,200,0.1,1.3746393243007626,0.5,2,4,47,41.300000000000004
FreeSolv,MFGP,47,25,0,77,0.1,1.3129260791373187,0.5,3,4,48,41.20000000000001
FreeSolv,MFGP,47,26,0,84,0.1,1.1852839360724599,0.5,4,4,49,41.10000000000001
FreeSolv,MFGP,47,27,0,279,0.1,1.1423873793639971,0.5,5,4,50,41.00000000000001
FreeSolv,MFGP,47,28,0,66,0.1,1.1314331252629244,0.5,6,4,51,40.900000000000006
FreeSolv,MFGP,47,29,0,263,0.1,1.6133939938501873,0.5,7,4,52,40.800000000000004
FreeSolv,MFGP,47,30,0,328,0.1,1.588679953138361,0.5,8,4,53,40.70000000000001
FreeSolv,MFGP,47,31,0,258,0.1,2.0774613442473626,0.5,9,4,54,40.60000000000001
FreeSolv,MFGP,47,32,0,233,0.1,1.8038978666161603,0.5,10,4,55,40.50000000000001
FreeSolv,MFGP,47,33,0,486,0.1,1.6648683512465645,0.5,11,4,56,40.40000000000001
FreeSolv,MFGP,47,34,0,436,0.1,1.647853077558186,0.5,12,4,57,40.30000000000001
FreeSolv,MFGP,47,35,0,472,0.1,1.4715230757202162,0.5,13,4,58,40.20000000000001
FreeSolv,MFGP,47,36,0,139,0.1,1.141889572721551,0.5,14,4,59,40.10000000000001
FreeSolv,MFGP,47,37,0,626,0.1,1.8474489071386384,0.5,15,4,60,40.00000000000001
FreeSolv,MFGP,47,38,0,96,0.1,1.436378160690405,0.5,16,4,61,39.90000000000001
FreeSolv,MFGP,47,39,0,105,0.1,1.5119173077992742,0.5,17,4,62,39.80000000000001
FreeSolv,MFGP,47,40,0,2,0.1,1.708203015464251,0.5,18,4,63,39.70000000000001
FreeSolv,MFGP,47,41,0,492,0.1,1.3495585688467697,0.5,19,4,64,39.600000000000016
FreeSolv,MFGP,47,42,0,129,0.1,1.3343424096570158,0.5,20,4,65,39.500000000000014
FreeSolv,MFGP,47,43,1,41,1.0,0.026197542834601545,0.5,0,5,65,38.500000000000014
FreeSolv,MFGP,47,44,0,564,0.1,2.6902303321413332,0.5,1,5,66,38.40000000000001
FreeSolv,MFGP,47,45,0,192,0.1,1.3568879144062334,0.5,2,5,67,38.30000000000001
FreeSolv,MFGP,47,46,0,638,0.1,1.3100694097423975,0.5,3,5,68,38.20000000000001
FreeSolv,MFGP,47,47,0,255,0.1,1.2112775316741187,0.5,4,5,69,38.100000000000016
FreeSolv,MFGP,47,48,0,572,0.1,1.0732332518828274,0.5,5,5,70,38.000000000000014
FreeSolv,MFGP,47,49,0,497,0.1,0.8901160737924991,0.5,6,5,71,37.90000000000001
FreeSolv,MFGP,47,50,0,550,0.1,0.754954760108496,0.5,7,5,72,37.80000000000002
FreeSolv,MFGP,47,51,0,6,0.1,0.6456840914060094,0.5,8,5,73,37.70000000000002
FreeSolv,MFGP,47,52,0,80,0.1,0.636882853902094,0.5,9,5,74,37.600000000000016
FreeSolv,MFGP,47,53,0,540,0.1,0.618845596470247,0.5,10,5,75,37.500000000000014
FreeSolv,MFGP,47,54,0,136,0.1,0.6583940418186368,0.5,11,5,76,37.40000000000001
FreeSolv,MFGP,47,55,0,301,0.1,0.5257589303990324,0.5,12,5,77,37.30000000000002
FreeSolv,MFGP,47,56,0,269,0.1,0.46958740496130313,0.5,13,5,78,37.20000000000002
FreeSolv,MFGP,47,57,0,533,0.1,0.43675740034664623,0.5,14,5,79,37.100000000000016
FreeSolv,MFGP,47,58,0,501,0.1,0.6394928792635137,0.5,15,5,80,37.00000000000002
FreeSolv,MFGP,47,59,0,8,0.1,0.4094378544362835,0.5,16,5,81,36.90000000000002
FreeSolv,MFGP,47,60,0,384,0.1,0.38809161012246074,0.5,17,5,82,36.80000000000002
FreeSolv,MFGP,47,61,0,633,0.1,0.35900895350084266,0.5,18,5,83,36.70000000000002
FreeSolv,MFGP,47,62,0,577,0.1,0.3183350475036766,0.5,19,5,84,36.600000000000016
FreeSolv,MFGP,47,63,0,275,0.1,0.2862032826074899,0.5,20,5,85,36.50000000000002
FreeSolv,MFGP,47,64,1,87,1.0,0.006074001307966453,0.5,0,6,85,35.50000000000002
FreeSolv,MFGP,47,65,0,444,0.1,0.40702030856974913,0.5,1,6,86,35.40000000000002
FreeSolv,MFGP,47,66,0,186,0.1,0.16157671629944942,0.5,2,6,87,35.30000000000002
FreeSolv,MFGP,47,67,0,453,0.1,0.1616906906203701,0.5,3,6,88,35.200000000000024
FreeSolv,MFGP,47,68,0,369,0.1,0.14129697695233429,0.5,4,6,89,35.10000000000002
FreeSolv,MFGP,47,69,0,284,0.1,0.11799695641442634,0.5,5,6,90,35.00000000000002
FreeSolv,MFGP,47,70,0,193,0.1,0.35076880698966056,0.5,6,6,91,34.90000000000002
FreeSolv,MFGP,47,71,0,174,0.1,0.15725878118172956,0.5,7,6,92,34.80000000000002
FreeSolv,MFGP,47,72,0,398,0.1,0.11083083709269845,0.5,8,6,93,34.700000000000024
FreeSolv,MFGP,47,73,0,525,0.1,0.0932873282831019,0.5,9,6,94,34.60000000000002
FreeSolv,MFGP,47,74,0,24,0.1,0.08805039229046817,0.5,10,6,95,34.50000000000002
FreeSolv,MFGP,47,75,0,144,0.1,0.08309847355499653,0.5,11,6,96,34.40000000000003
FreeSolv,MFGP,47,76,0,122,0.1,0.0898035072666531,0.5,12,6,97,34.300000000000026
FreeSolv,MFGP,47,77,0,61,0.1,0.7316591991139715,0.5,13,6,98,34.200000000000024
FreeSolv,MFGP,47,78,0,49,0.1,0.41248933031629326,0.5,14,6,99,34.10000000000002
FreeSolv,MFGP,47,79,0,251,0.1,0.5119151173465349,0.5,15,6,100,34.00000000000002
FreeSolv,MFGP,47,80,0,104,0.1,0.7126699580466483,0.5,16,6,101,33.90000000000003
FreeSolv,MFGP,47,81,0,276,0.1,0.5624780370632126,0.5,17,6,102,33.800000000000026
FreeSolv,MFGP,47,82,0,54,0.1,0.36440151612964655,0.5,18,6,103,33.700000000000024
FreeSolv,MFGP,47,83,0,499,0.1,0.18318818215450172,0.5,19,6,104,33.60000000000002
FreeSolv,MFGP,47,84,0,359,0.1,0.07017923663597478,0.5,20,6,105,33.50000000000002
FreeSolv,MFGP,47,85,1,500,1.0,0.010771764350163984,0.5,0,7,105,32.50000000000002
FreeSolv,MFGP,47,86,0,313,0.1,0.06430421417655478,0.5,1,7,106,32.40000000000002
FreeSolv,MFGP,47,87,0,222,0.1,0.05797037373297981,0.5,2,7,107,32.30000000000002
FreeSolv,MFGP,47,88,0,325,0.1,0.05158502896728909,0.5,3,7,108,32.20000000000002
FreeSolv,MFGP,47,89,0,605,0.1,0.04739967517298223,0.5,4,7,109,32.100000000000016
FreeSolv,MFGP,47,90,0,377,0.1,0.04135972721924584,0.5,5,7,110,32.000000000000014
FreeSolv,MFGP,47,91,0,131,0.1,0.03850501600279048,0.5,6,7,111,31.900000000000013
FreeSolv,MFGP,47,92,0,489,0.1,0.02951976152217508,0.5,7,7,112,31.80000000000001
FreeSolv,MFGP,47,93,0,374,0.1,0.02650106026913724,0.5,8,7,113,31.70000000000001
FreeSolv,MFGP,47,94,0,615,0.1,0.025270495501933908,0.5,9,7,114,31.60000000000001
FreeSolv,MFGP,47,95,0,232,0.1,0.023851579370764153,0.5,10,7,115,31.500000000000007
FreeSolv,MFGP,47,96,0,498,0.1,0.021758598232208756,0.5,11,7,116,31.400000000000006
FreeSolv,MFGP,47,97,0,100,0.1,0.02068728328900352,0.5,12,7,117,31.300000000000004
FreeSolv,MFGP,47,98,0,59,0.1,0.02366826028493963,0.5,13,7,118,31.200000000000003
FreeSolv,MFGP,47,99,0,327,0.1,0.018656606439569293,0.5,14,7,119,31.1
FreeSolv,MFGP,47,100,0,190,0.1,0.015724577340699118,0.5,15,7,120,31.0
FreeSolv,MFGP,47,101,0,259,0.1,0.010873554580470863,0.5,16,7,121,30.9
FreeSolv,MFGP,47,102,0,67,0.1,0.009295651926299175,0.5,17,7,122,30.799999999999997
FreeSolv,MFGP,47,103,0,75,0.1,0.008358952451615245,0.5,18,7,123,30.699999999999996
FreeSolv,MFGP,47,104,1,540,1.0,0.008442767186162756,0.5,0,8,123,29.699999999999996
FreeSolv,MFGP,47,105,1,501,1.0,0.017852829660657543,0.5,0,9,123,28.699999999999996
FreeSolv,MFGP,47,106,1,393,1.0,0.0174530659834424,0.9999802309189767,0,10,123,27.699999999999996
FreeSolv,MFGP,47,107,0,55,0.1,0.01652981003819168,0.9999802309189767,1,10,124,27.599999999999994
FreeSolv,MFGP,47,108,1,269,1.0,0.015393539802169572,0.9999802309189767,0,11,124,26.599999999999994
FreeSolv,MFGP,47,109,0,332,0.1,0.012738794426030526,0.9576301127937934,1,11,125,26.499999999999993
FreeSolv,MFGP,47,110,1,572,1.0,0.010947602794224472,0.9576301127937934,0,12,125,25.499999999999993
FreeSolv,MFGP,47,111,0,363,0.1,0.010035375203138902,0.9592025468689582,1,12,126,25.39999999999999
FreeSolv,MFGP,47,112,0,292,0.1,0.00816769721280822,0.9592025468689582,2,12,127,25.29999999999999
FreeSolv,MFGP,47,113,0,191,0.1,0.00670499543481099,0.9592025468689582,3,12,128,25.19999999999999
FreeSolv,MFGP,47,114,0,103,0.1,0.005441954715813661,0.9592025468689582,4,12,129,25.099999999999987
FreeSolv,MFGP,47,115,0,198,0.1,0.005061560994320744,0.9592025468689582,5,12,130,24.999999999999986
FreeSolv,MFGP,47,116,0,573,0.1,0.0043597658322990195,0.9592025468689582,6,12,131,24.899999999999984
FreeSolv,MFGP,47,117,0,596,0.1,0.005171977652120028,0.9592025468689582,7,12,132,24.799999999999983
FreeSolv,MFGP,47,118,0,452,0.1,0.0043424698480140295,0.9592025468689582,8,12,133,24.69999999999998
FreeSolv,MFGP,47,119,0,25,0.1,0.004084145426167323,0.9592025468689582,9,12,134,24.59999999999998
FreeSolv,MFGP,47,120,1,492,1.0,0.0035294644362774425,0.9592025468689582,0,13,134,23.59999999999998
FreeSolv,MFGP,47,121,0,290,0.1,0.003112536713071777,0.9445407295938265,1,13,135,23.49999999999998
FreeSolv,MFGP,47,122,0,46,0.1,0.0038004222116751678,0.9445407295938265,2,13,136,23.399999999999977
FreeSolv,MFGP,47,123,0,373,0.1,0.0033182951694805786,0.9445407295938265,3,13,137,23.299999999999976
FreeSolv,MFGP,47,124,0,450,0.1,0.002695006962112094,0.9445407295938265,4,13,138,23.199999999999974
FreeSolv,MFGP,47,125,1,410,1.0,0.0026018821875341894,0.9445407295938265,0,14,138,22.199999999999974
FreeSolv,MFGP,47,126,0,511,0.1,0.002319160212426757,0.9445407295938265,1,14,139,22.099999999999973
FreeSolv,MFGP,47,127,0,37,0.1,0.0023530879884444433,0.9445407295938265,2,14,140,21.99999999999997
FreeSolv,MFGP,47,128,0,619,0.1,0.0021605685169920914,0.9445407295938265,3,14,141,21.89999999999997
FreeSolv,MFGP,47,129,1,271,1.0,0.0019953089273830257,0.9445407295938265,0,15,141,20.89999999999997
FreeSolv,MFGP,47,130,0,496,0.1,0.002737297818443977,0.9445407295938265,1,15,142,20.79999999999997
FreeSolv,MFGP,47,131,0,333,0.1,0.0027000637836873767,0.9445407295938265,2,15,143,20.699999999999967
FreeSolv,MFGP,47,132,0,304,0.1,0.0024630026167014236,0.9445407295938265,3,15,144,20.599999999999966
FreeSolv,MFGP,47,133,0,214,0.1,0.0029169403817994135,0.9445407295938265,4,15,145,20.499999999999964
FreeSolv,MFGP,47,134,0,257,0.1,0.0043597671200167115,0.9445407295938265,5,15,146,20.399999999999963
FreeSolv,MFGP,47,135,0,86,0.1,0.0021194706259047348,0.9445407295938265,6,15,147,20.29999999999996
FreeSolv,MFGP,47,136,0,266,0.1,0.0028476379799230525,0.9445407295938265,7,15,148,20.19999999999996
FreeSolv,MFGP,47,137,0,639,0.1,0.0016860113716176779,0.9445407295938265,8,15,149,20.09999999999996
FreeSolv,MFGP,47,138,0,108,0.1,0.001323788069597607,0.9445407295938265,9,15,150,19.999999999999957
FreeSolv,MFGP,47,139,0,589,0.1,0.0011648826203263863,0.9445407295938265,10,15,151,19.899999999999956
FreeSolv,MFGP,47,140,0,457,0.1,0.001101121761960311,0.9445407295938265,11,15,152,19.799999999999955
FreeSolv,MFGP,47,141,0,412,0.1,0.004456615320333754,0.9445407295938265,12,15,153,19.699999999999953
FreeSolv,MFGP,47,142,0,1,0.1,0.0011683866650792,0.9445407295938265,13,15,154,19.59999999999995
FreeSolv,MFGP,47,143,1,284,1.0,0.0011463368264983242,0.9445407295938265,0,16,154,18.59999999999995
FreeSolv,MFGP,47,144,1,139,1.0,0.0032617864318519145,0.8759998309220168,0,17,154,17.59999999999995
FreeSolv,MFGP,47,145,1,515,1.0,0.0014768558116511534,0.6959952395589696,0,18,154,16.59999999999995
FreeSolv,MFGP,47,146,1,122,1.0,0.002522518811666201,0.7220264562971175,0,19,154,15.599999999999952
FreeSolv,MFGP,47,147,1,49,1.0,0.016329181620849786,0.5681020609108041,0,20,154,14.599999999999952
FreeSolv,MFGP,47,148,1,251,1.0,0.03564483824186239,0.48810333933176764,0,21,154,13.599999999999952
FreeSolv,MFGP,47,149,1,214,1.0,0.006570559890874614,0.5703549694861892,0,22,154,12.599999999999952
FreeSolv,MFGP,47,150,1,222,1.0,0.001551746871897403,0.6155372704984678,0,23,154,11.599999999999952
FreeSolv,MFGP,47,151,0,420,0.1,0.0015426408744914797,0.8820875820256545,1,23,155,11.499999999999952
FreeSolv,MFGP,47,152,0,555,0.1,0.0014886602228587073,0.8820875820256545,2,23,156,11.39999999999995
FreeSolv,MFGP,47,153,1,22,1.0,0.0015425096679442408,0.8820875820256545,0,24,156,10.399999999999949
FreeSolv,MFGP,47,154,0,356,0.1,0.0017939978905273173,0.8820875820256545,1,24,157,10.29999999999995
FreeSolv,MFGP,47,155,0,287,0.1,0.001364688590842672,0.8820875820256545,2,24,158,10.199999999999948
FreeSolv,MFGP,47,156,0,344,0.1,0.0008687864388038825,0.8820875820256545,3,24,159,10.099999999999946
FreeSolv,MFGP,47,157,0,188,0.1,0.0008245251245192337,0.8820875820256545,4,24,160,9.999999999999945
FreeSolv,MFGP,47,158,1,457,1.0,0.0007421678244825718,0.8820875820256545,0,25,160,8.999999999999943
FreeSolv,MFGP,47,159,0,216,0.1,0.0007082792770197802,0.9410449038848918,1,25,161,8.899999999999944
FreeSolv,MFGP,47,160,0,531,0.1,0.0010347530095908789,0.9410449038848918,2,25,162,8.799999999999942
FreeSolv,MFGP,47,161,0,42,0.1,0.000722248741712929,0.9410449038848918,3,25,163,8.69999999999994
FreeSolv,MFGP,47,162,0,204,0.1,0.0006422426797530813,0.9410449038848918,4,25,164,8.59999999999994
FreeSolv,MFGP,47,163,0,560,0.1,0.0005179912104446725,0.9410449038848918,5,25,165,8.499999999999938
FreeSolv,MFGP,47,164,1,507,1.0,0.000544216155082022,0.9410449038848918,0,26,165,7.499999999999936
FreeSolv,MFGP,47,165,0,597,0.1,0.00039439237726616213,0.9410449038848918,1,26,166,7.399999999999936
FreeSolv,MFGP,47,166,1,331,1.0,0.00030650867908009905,0.9410449038848918,0,27,166,6.399999999999935
FreeSolv,MFGP,47,167,0,342,0.1,0.00025780622834757253,0.9410449038848918,1,27,167,6.299999999999935
FreeSolv,MFGP,47,168,1,144,1.0,0.00024192176966037707,0.9410449038848918,0,28,167,5.299999999999933
FreeSolv,MFGP,47,169,1,260,1.0,0.0002273348882221157,0.9271563997829656,0,29,167,4.299999999999933
FreeSolv,MFGP,47,170,0,545,0.1,0.00021853614834992023,0.9271563997829656,1,29,168,4.199999999999934
FreeSolv,MFGP,47,171,1,220,1.0,0.00018302543470550365,0.9271563997829656,0,30,168,3.199999999999932
FreeSolv,MFGP,47,172,0,584,0.1,0.000189461349960362,0.9375779710454549,1,30,169,3.0999999999999317
FreeSolv,MFGP,47,173,1,182,1.0,0.00013730895868740512,0.9375779710454549,0,31,169,2.0999999999999304
FreeSolv,MFGP,47,174,1,582,1.0,0.0001285470456598083,0.883557686492415,0,32,169,1.0999999999999304
FreeSolv,MFGP,47,175,0,281,0.1,0.00011745134407559555,0.883557686492415,1,32,170,0.9999999999999304
FreeSolv,MFGP,47,176,0,430,0.1,8.94256383528666e-05,0.883557686492415,2,32,171,0.899999999999929
FreeSolv,MFGP,47,177,0,310,0.1,6.844655414498241e-05,0.883557686492415,3,32,172,0.7999999999999275
FreeSolv,MFGP,47,178,0,419,0.1,5.957417054126432e-05,0.883557686492415,4,32,173,0.6999999999999261
FreeSolv,MFGP,47,179,0,274,0.1,4.9214495918675916e-05,0.883557686492415,5,32,174,0.5999999999999247
FreeSolv,MFGP,47,180,0,176,0.1,4.000805272717453e-05,0.883557686492415,6,32,175,0.4999999999999233
FreeSolv,MFGP,47,181,0,461,0.1,3.6100695118427984e-05,0.883557686492415,7,32,176,0.39999999999992186
FreeSolv,MFGP,47,182,0,167,0.1,2.718714073924044e-05,0.883557686492415,8,32,177,0.29999999999992044
FreeSolv,MFGP,47,183,0,574,0.1,2.7377601644637734e-05,0.883557686492415,9,32,178,0.199999999999919
FreeSolv,MFGP,47,184,0,429,0.1,2.3386231037741208e-05,0.883557686492415,10,32,179,0.09999999999991757
FreeSolv,MFGP,48,1,1,261,1.0,3.377922937044664,0.5,0,3,25,44.5
FreeSolv,MFGP,48,2,0,456,0.1,1.6729645235227735,0.5,1,3,26,44.4
FreeSolv,MFGP,48,3,0,631,0.1,1.854303129786481,0.5,2,3,27,44.3
FreeSolv,MFGP,48,4,0,140,0.1,1.9271155826494661,0.5,3,3,28,44.199999999999996
FreeSolv,MFGP,48,5,0,338,0.1,1.6138771111951893,0.5,4,3,29,44.1
FreeSolv,MFGP,48,6,0,368,0.1,1.6116805463871013,0.5,5,3,30,44.0
FreeSolv,MFGP,48,7,0,206,0.1,1.92751739153179,0.5,6,3,31,43.9
FreeSolv,MFGP,48,8,0,437,0.1,1.7102716103370719,0.5,7,3,32,43.800000000000004
FreeSolv,MFGP,48,9,0,282,0.1,1.921324629120426,0.5,8,3,33,43.7
FreeSolv,MFGP,48,10,0,548,0.1,1.748588117674164,0.5,9,3,34,43.6
FreeSolv,MFGP,48,11,0,166,0.1,1.6469443340407968,0.5,10,3,35,43.5
FreeSolv,MFGP,48,12,0,91,0.1,1.6615990669487846,0.5,11,3,36,43.4
FreeSolv,MFGP,48,13,0,592,0.1,1.5085666362579935,0.5,12,3,37,43.300000000000004
FreeSolv,MFGP,48,14,0,238,0.1,1.4247293754447865,0.5,13,3,38,43.2
FreeSolv,MFGP,48,15,0,183,0.1,1.4100245202274508,0.5,14,3,39,43.1
FreeSolv,MFGP,48,16,0,534,0.1,1.30968981906174,0.5,15,3,40,43.00000000000001
FreeSolv,MFGP,48,17,0,128,0.1,1.3347715370422935,0.5,16,3,41,42.900000000000006
FreeSolv,MFGP,48,18,0,141,0.1,1.4171040777985382,0.5,17,3,42,42.800000000000004
FreeSolv,MFGP,48,19,0,126,0.1,1.300642492561646,0.5,18,3,43,42.7
FreeSolv,MFGP,48,20,0,10,0.1,1.1542408588052648,0.5,19,3,44,42.6
FreeSolv,MFGP,48,21,0,413,0.1,1.097264967377799,0.5,20,3,45,42.50000000000001
FreeSolv,MFGP,48,22,1,39,1.0,0.03884114258505869,0.5,0,4,45,41.50000000000001
FreeSolv,MFGP,48,23,0,84,0.1,1.1208051487833175,0.5,1,4,46,41.400000000000006
FreeSolv,MFGP,48,24,0,258,0.1,1.1653052255955931,0.5,2,4,47,41.300000000000004
FreeSolv,MFGP,48,25,0,328,0.1,1.6537688071594763,0.5,3,4,48,41.20000000000001
FreeSolv,MFGP,48,26,0,66,0.1,1.7726219714928493,0.5,4,4,49,41.10000000000001
FreeSolv,MFGP,48,27,0,233,0.1,1.6943661721664272,0.5,5,4,50,41.00000000000001
FreeSolv,MFGP,48,28,0,263,0.1,1.832575740424978,0.5,6,4,51,40.900000000000006
FreeSolv,MFGP,48,29,0,486,0.1,1.7352223196319594,0.5,7,4,52,40.800000000000004
FreeSolv,MFGP,48,30,0,472,0.1,1.769209611769415,0.5,8,4,53,40.70000000000001
FreeSolv,MFGP,48,31,0,436,0.1,1.4831985006944806,0.5,9,4,54,40.60000000000001
FreeSolv,MFGP,48,32,0,96,0.1,1.3360995674857161,0.5,10,4,55,40.50000000000001
FreeSolv,MFGP,48,33,0,299,0.1,1.5419675623268796,0.5,11,4,56,40.40000000000001
FreeSolv,MFGP,48,34,0,83,0.1,1.419146414871862,0.5,12,4,57,40.30000000000001
FreeSolv,MFGP,48,35,0,626,0.1,1.3314374826197921,0.5,13,4,58,40.20000000000001
FreeSolv,MFGP,48,36,0,139,0.1,1.3757051180149609,0.5,14,4,59,40.10000000000001
FreeSolv,MFGP,48,37,0,14,0.1,1.2890192560866942,0.5,15,4,60,40.00000000000001
FreeSolv,MFGP,48,38,0,492,0.1,1.2146492069077879,0.5,16,4,61,39.90000000000001
FreeSolv,MFGP,48,39,0,589,0.1,1.2422712700919225,0.5,17,4,62,39.80000000000001
FreeSolv,MFGP,48,40,0,550,0.1,1.1636223943402926,0.5,18,4,63,39.70000000000001
FreeSolv,MFGP,48,41,0,619,0.1,1.1769681794682678,0.5,19,4,64,39.600000000000016
FreeSolv,MFGP,48,42,0,444,0.1,1.2323278174436771,0.5,20,4,65,39.500000000000014
FreeSolv,MFGP,48,43,1,41,1.0,0.03420915296741023,0.5,0,5,65,38.500000000000014
FreeSolv,MFGP,48,44,0,564,0.1,2.1142000951192412,0.5,1,5,66,38.40000000000001
FreeSolv,MFGP,48,45,0,572,0.1,1.2449028861008709,0.5,2,5,67,38.30000000000001
FreeSolv,MFGP,48,46,0,497,0.1,2.22342510364151,0.5,3,5,68,38.20000000000001
FreeSolv,MFGP,48,47,0,502,0.1,1.060230031928922,0.5,4,5,69,38.100000000000016
FreeSolv,MFGP,48,48,0,638,0.1,0.9749557966198941,0.5,5,5,70,38.000000000000014
FreeSolv,MFGP,48,49,0,540,0.1,0.6518433262931278,0.5,6,5,71,37.90000000000001
FreeSolv,MFGP,48,50,0,301,0.1,0.6922586587758076,0.5,7,5,72,37.80000000000002
FreeSolv,MFGP,48,51,0,80,0.1,0.6097249142815583,0.5,8,5,73,37.70000000000002
FreeSolv,MFGP,48,52,0,284,0.1,0.5285870665039855,0.5,9,5,74,37.600000000000016
FreeSolv,MFGP,48,53,0,361,0.1,0.5745982308840366,0.5,10,5,75,37.500000000000014
FreeSolv,MFGP,48,54,0,279,0.1,0.5329716299557848,0.5,11,5,76,37.40000000000001
FreeSolv,MFGP,48,55,0,276,0.1,0.5185533007297773,0.5,12,5,77,37.30000000000002
FreeSolv,MFGP,48,56,0,86,0.1,0.4685705615496588,0.5,13,5,78,37.20000000000002
FreeSolv,MFGP,48,57,0,192,0.1,0.4408907748491933,0.5,14,5,79,37.100000000000016
FreeSolv,MFGP,48,58,0,533,0.1,0.377834694280752,0.5,15,5,80,37.00000000000002
FreeSolv,MFGP,48,59,0,501,0.1,0.5292549522492496,0.5,16,5,81,36.90000000000002
FreeSolv,MFGP,48,60,0,8,0.1,0.39686931420337773,0.5,17,5,82,36.80000000000002
FreeSolv,MFGP,48,61,0,269,0.1,0.352000819257927,0.5,18,5,83,36.70000000000002
FreeSolv,MFGP,48,62,0,577,0.1,0.30475533866864446,0.5,19,5,84,36.600000000000016
FreeSolv,MFGP,48,63,0,633,0.1,0.28223998941096173,0.5,20,5,85,36.50000000000002
FreeSolv,MFGP,48,64,1,384,1.0,0.009447530789827206,0.5,0,6,85,35.50000000000002
FreeSolv,MFGP,48,65,0,60,0.1,0.2564525135341991,0.5,1,6,86,35.40000000000002
FreeSolv,MFGP,48,66,0,49,0.1,0.2322458312174215,0.5,2,6,87,35.30000000000002
FreeSolv,MFGP,48,67,0,251,0.1,0.41731146967171173,0.5,3,6,88,35.200000000000024
FreeSolv,MFGP,48,68,0,54,0.1,0.5217001273523786,0.5,4,6,89,35.10000000000002
FreeSolv,MFGP,48,69,0,499,0.1,0.3830691273391688,0.5,5,6,90,35.00000000000002
FreeSolv,MFGP,48,70,0,122,0.1,0.281854409204811,0.5,6,6,91,34.90000000000002
FreeSolv,MFGP,48,71,0,61,0.1,0.6228039165542856,0.5,7,6,92,34.80000000000002
FreeSolv,MFGP,48,72,0,425,0.1,0.168245249759882,0.5,8,6,93,34.700000000000024
FreeSolv,MFGP,48,73,0,485,0.1,0.15933074740841158,0.5,9,6,94,34.60000000000002
FreeSolv,MFGP,48,74,0,181,0.1,0.15144250674981943,0.5,10,6,95,34.50000000000002
FreeSolv,MFGP,48,75,0,605,0.1,0.1439700598340085,0.5,11,6,96,34.40000000000003
FreeSolv,MFGP,48,76,0,136,0.1,0.12965622439497837,0.5,12,6,97,34.300000000000026
FreeSolv,MFGP,48,77,0,525,0.1,0.09437782578880512,0.5,13,6,98,34.200000000000024
FreeSolv,MFGP,48,78,0,232,0.1,0.10093922297212461,0.5,14,6,99,34.10000000000002
FreeSolv,MFGP,48,79,0,615,0.1,0.08999678020343418,0.5,15,6,100,34.00000000000002
FreeSolv,MFGP,48,80,0,275,0.1,0.08144948434282935,0.5,16,6,101,33.90000000000003
FreeSolv,MFGP,48,81,0,87,0.1,0.06928864931555041,0.5,17,6,102,33.800000000000026
FreeSolv,MFGP,48,82,0,354,0.1,0.05516775139183146,0.5,18,6,103,33.700000000000024
FreeSolv,MFGP,48,83,0,359,0.1,0.052244989649994494,0.5,19,6,104,33.60000000000002
FreeSolv,MFGP,48,84,0,430,0.1,0.04463731134498727,0.5,20,6,105,33.50000000000002
FreeSolv,MFGP,48,85,1,500,1.0,0.006419633476617302,0.5,0,7,105,32.50000000000002
FreeSolv,MFGP,48,86,0,222,0.1,0.04043842604377502,0.5,1,7,106,32.40000000000002
FreeSolv,MFGP,48,87,0,212,0.1,0.04044176924699189,0.5,2,7,107,32.30000000000002
FreeSolv,MFGP,48,88,0,405,0.1,0.037697659751881815,0.5,3,7,108,32.20000000000002
FreeSolv,MFGP,48,89,0,105,0.1,0.037256886354285444,0.5,4,7,109,32.100000000000016
FreeSolv,MFGP,48,90,0,313,0.1,0.032215651888588305,0.5,5,7,110,32.000000000000014
FreeSolv,MFGP,48,91,0,453,0.1,0.027908961615228413,0.5,6,7,111,31.900000000000013
FreeSolv,MFGP,48,92,0,325,0.1,0.027389679210624088,0.5,7,7,112,31.80000000000001
FreeSolv,MFGP,48,93,0,131,0.1,0.022197912615724083,0.5,8,7,113,31.70000000000001
FreeSolv,MFGP,48,94,0,59,0.1,0.018738256763441603,0.5,9,7,114,31.60000000000001
FreeSolv,MFGP,48,95,0,75,0.1,0.01711179613600823,0.5,10,7,115,31.500000000000007
FreeSolv,MFGP,48,96,0,67,0.1,0.0156394846513018,0.5,11,7,116,31.400000000000006
FreeSolv,MFGP,48,97,0,186,0.1,0.01501392374691251,0.5,12,7,117,31.300000000000004
FreeSolv,MFGP,48,98,0,596,0.1,0.014459350948952728,0.5,13,7,118,31.200000000000003
FreeSolv,MFGP,48,99,0,498,0.1,0.01274510547337836,0.5,14,7,119,31.1
FreeSolv,MFGP,48,100,0,240,0.1,0.0164480806137143,0.5,15,7,120,31.0
FreeSolv,MFGP,48,101,0,304,0.1,0.014619603907496774,0.5,16,7,121,30.9
FreeSolv,MFGP,48,102,0,1,0.1,0.016600904453929425,0.5,17,7,122,30.799999999999997
FreeSolv,MFGP,48,103,0,103,0.1,0.01440486971243344,0.5,18,7,123,30.699999999999996
FreeSolv,MFGP,48,104,0,129,0.1,0.013078738418552914,0.5,19,7,124,30.599999999999994
FreeSolv,MFGP,48,105,0,563,0.1,0.00941488098083209,0.5,20,7,125,30.499999999999993
FreeSolv,MFGP,48,106,1,501,1.0,0.0027286601988103197,0.5,0,8,125,29.499999999999993
FreeSolv,MFGP,48,107,1,540,1.0,0.011895425820997417,0.5,0,9,125,28.499999999999993
FreeSolv,MFGP,48,108,0,25,0.1,0.016050558612673335,0.9999802309189767,1,9,126,28.39999999999999
FreeSolv,MFGP,48,109,0,55,0.1,0.014491601360145595,0.9999802309189767,2,9,127,28.29999999999999
FreeSolv,MFGP,48,110,0,58,0.1,0.013860443858499792,0.9999802309189767,3,9,128,28.19999999999999
FreeSolv,MFGP,48,111,1,393,1.0,0.01278193363803306,0.9999802309189767,0,10,128,27.19999999999999
FreeSolv,MFGP,48,112,0,332,0.1,0.009392411805015068,0.9999802309189767,1,10,129,27.099999999999987
FreeSolv,MFGP,48,113,0,632,0.1,0.008521582903479088,0.9999802309189767,2,10,130,26.999999999999986
FreeSolv,MFGP,48,114,0,358,0.1,0.007491607023062337,0.9999802309189767,3,10,131,26.899999999999984
FreeSolv,MFGP,48,115,0,511,0.1,0.00895732756755222,0.9999802309189767,4,10,132,26.799999999999983
FreeSolv,MFGP,48,116,0,216,0.1,0.007462647620196819,0.9999802309189767,5,10,133,26.69999999999998
FreeSolv,MFGP,48,117,0,144,0.1,0.007778427147258078,0.9999802309189767,6,10,134,26.59999999999998
FreeSolv,MFGP,48,118,1,572,1.0,0.007769287571594934,0.9999802309189767,0,11,134,25.59999999999998
FreeSolv,MFGP,48,119,1,492,1.0,0.009701308198230015,0.9999537181236045,0,12,134,24.59999999999998
FreeSolv,MFGP,48,120,1,269,1.0,0.007733970568793224,0.9692347559328252,0,13,134,23.59999999999998
FreeSolv,MFGP,48,121,0,573,0.1,0.005711526673133394,0.9445407295938265,1,13,135,23.49999999999998
FreeSolv,MFGP,48,122,0,174,0.1,0.006366454811383506,0.9445407295938265,2,13,136,23.399999999999977
FreeSolv,MFGP,48,123,0,2,0.1,0.006125934811864552,0.9445407295938265,3,13,137,23.299999999999976
FreeSolv,MFGP,48,124,0,292,0.1,0.005305368783653532,0.9445407295938265,4,13,138,23.199999999999974
FreeSolv,MFGP,48,125,0,452,0.1,0.004317449352836448,0.9445407295938265,5,13,139,23.099999999999973
FreeSolv,MFGP,48,126,0,37,0.1,0.0035862151844784254,0.9445407295938265,6,13,140,22.99999999999997
FreeSolv,MFGP,48,127,0,373,0.1,0.006936923526717427,0.9445407295938265,7,13,141,22.89999999999997
FreeSolv,MFGP,48,128,1,584,1.0,0.003549497380480094,0.9445407295938265,0,14,141,21.89999999999997
FreeSolv,MFGP,48,129,0,344,0.1,0.003146902241531384,0.9445407295938265,1,14,142,21.79999999999997
FreeSolv,MFGP,48,130,0,363,0.1,0.003282016513975308,0.9445407295938265,2,14,143,21.699999999999967
FreeSolv,MFGP,48,131,0,257,0.1,0.0027049001713602555,0.9445407295938265,3,14,144,21.599999999999966
FreeSolv,MFGP,48,132,0,290,0.1,0.0023285397273731406,0.9445407295938265,4,14,145,21.499999999999964
FreeSolv,MFGP,48,133,0,266,0.1,0.003930070015104839,0.9445407295938265,5,14,146,21.399999999999963
FreeSolv,MFGP,48,134,0,333,0.1,0.0028131304532093954,0.9445407295938265,6,14,147,21.29999999999996
FreeSolv,MFGP,48,135,0,496,0.1,0.0023499533162823624,0.9445407295938265,7,14,148,21.19999999999996
FreeSolv,MFGP,48,136,0,26,0.1,0.0024349134838575173,0.9445407295938265,8,14,149,21.09999999999996
FreeSolv,MFGP,48,137,0,639,0.1,0.002109339622179333,0.9445407295938265,9,14,150,20.999999999999957
FreeSolv,MFGP,48,138,0,412,0.1,0.0018740942721527244,0.9445407295938265,10,14,151,20.899999999999956
FreeSolv,MFGP,48,139,0,127,0.1,0.0019569447483083827,0.9445407295938265,11,14,152,20.799999999999955
FreeSolv,MFGP,48,140,0,327,0.1,0.001806816315645327,0.9445407295938265,12,14,153,20.699999999999953
FreeSolv,MFGP,48,141,0,450,0.1,0.0016004026056572614,0.9445407295938265,13,14,154,20.59999999999995
FreeSolv,MFGP,48,142,0,98,0.1,0.0014700514083113249,0.9445407295938265,14,14,155,20.49999999999995
FreeSolv,MFGP,48,143,0,93,0.1,0.0014687264639222347,0.9445407295938265,15,14,156,20.39999999999995
FreeSolv,MFGP,48,144,0,434,0.1,0.0015594750227779677,0.9445407295938265,16,14,157,20.299999999999947
FreeSolv,MFGP,48,145,0,271,0.1,0.0010594338896002357,0.9445407295938265,17,14,158,20.199999999999946
FreeSolv,MFGP,48,146,1,515,1.0,0.0010084985381028384,0.9445407295938265,0,15,158,19.199999999999946
FreeSolv,MFGP,48,147,0,356,0.1,0.0011514421852572667,0.7923129012805314,1,15,159,19.099999999999945
FreeSolv,MFGP,48,148,1,284,1.0,0.00115201672687462,0.7923129012805314,0,16,159,18.099999999999945
FreeSolv,MFGP,48,149,1,122,1.0,0.0018373072485147364,0.8350149077459089,0,17,159,17.099999999999945
FreeSolv,MFGP,48,150,1,49,1.0,0.012152972304277733,0.6620745513765769,0,18,159,16.099999999999945
FreeSolv,MFGP,48,151,1,251,1.0,0.026024832083677826,0.5511377308137441,0,19,159,15.099999999999945
FreeSolv,MFGP,48,152,1,544,1.0,0.004849037199645835,0.7530156845743193,0,20,159,14.099999999999945
FreeSolv,MFGP,48,153,1,139,1.0,0.0025938512847912785,0.7530156845743193,0,21,159,13.099999999999945
FreeSolv,MFGP,48,154,1,636,1.0,0.002121233020704761,0.5703549694861892,0,22,159,12.099999999999945
FreeSolv,MFGP,48,155,0,108,0.1,0.0011033058904313937,0.5703549694861892,1,22,160,11.999999999999945
FreeSolv,MFGP,48,156,0,176,0.1,0.001002953756112941,0.5703549694861892,2,22,161,11.899999999999944
FreeSolv,MFGP,48,157,0,420,0.1,0.0007176230283805798,0.5703549694861892,3,22,162,11.799999999999942
FreeSolv,MFGP,48,158,1,222,1.0,0.0009034904580855537,0.5703549694861892,0,23,162,10.79999999999994
FreeSolv,MFGP,48,159,0,458,0.1,0.0011200741417257058,0.8816898706839772,1,23,163,10.69999999999994
FreeSolv,MFGP,48,160,0,173,0.1,0.0013212665486398176,0.8816898706839772,2,23,164,10.59999999999994
FreeSolv,MFGP,48,161,0,42,0.1,0.0009000850970271857,0.8816898706839772,3,23,165,10.499999999999938
FreeSolv,MFGP,48,162,0,600,0.1,0.0007787191269595912,0.8816898706839772,4,23,166,10.399999999999936
FreeSolv,MFGP,48,163,1,22,1.0,0.0006482567187871191,0.8816898706839772,0,24,166,9.399999999999935
FreeSolv,MFGP,48,164,0,348,0.1,0.0008477649231657049,0.8816898706839772,1,24,167,9.299999999999935
FreeSolv,MFGP,48,165,0,287,0.1,0.0007972217963355593,0.8816898706839772,2,24,168,9.199999999999934
FreeSolv,MFGP,48,166,0,391,0.1,0.0006865654114255953,0.8816898706839772,3,24,169,9.099999999999932
FreeSolv,MFGP,48,167,1,457,1.0,0.0005915387080165568,0.8816898706839772,0,25,169,8.09999999999993
FreeSolv,MFGP,48,168,0,560,0.1,0.0006464436756854828,0.942229143751932,1,25,170,7.999999999999931
FreeSolv,MFGP,48,169,0,442,0.1,0.0005488327128703638,0.942229143751932,2,25,171,7.899999999999929
FreeSolv,MFGP,48,170,0,265,0.1,0.0005541071175570859,0.942229143751932,3,25,172,7.799999999999928
FreeSolv,MFGP,48,171,0,311,0.1,0.0007624047684576523,0.942229143751932,4,25,173,7.6999999999999265
FreeSolv,MFGP,48,172,0,410,0.1,0.0006346257445753113,0.942229143751932,5,25,174,7.599999999999925
FreeSolv,MFGP,48,173,0,278,0.1,0.0005998881389328981,0.942229143751932,6,25,175,7.499999999999924
FreeSolv,MFGP,48,174,0,342,0.1,0.00040428691094364486,0.942229143751932,7,25,176,7.399999999999922
FreeSolv,MFGP,48,175,0,204,0.1,0.0004299710874573644,0.942229143751932,8,25,177,7.299999999999921
FreeSolv,MFGP,48,176,1,144,1.0,0.0003235222429840202,0.942229143751932,0,26,177,6.299999999999919
FreeSolv,MFGP,48,177,1,220,1.0,0.0002996149306838821,0.9291520746113888,0,27,177,5.299999999999919
FreeSolv,MFGP,48,178,0,329,0.1,0.00025153541679903674,0.9396494613971191,1,27,178,5.199999999999919
FreeSolv,MFGP,48,179,1,612,1.0,0.00023103956808114522,0.9396494613971191,0,28,178,4.199999999999918
FreeSolv,MFGP,48,180,0,419,0.1,0.00020048232100604337,0.9396494613971191,1,28,179,4.099999999999918
FreeSolv,MFGP,48,181,0,134,0.1,0.0001861456518327593,0.9396494613971191,2,28,180,3.999999999999916
FreeSolv,MFGP,48,182,1,182,1.0,0.00015713384928900962,0.9396494613971191,0,29,180,2.9999999999999147
FreeSolv,MFGP,48,183,1,507,1.0,0.00014883406128458638,0.8865843139621802,0,30,180,1.9999999999999147
FreeSolv,MFGP,48,184,1,331,1.0,0.00015491858943265935,0.8865843139621802,0,31,180,0.9999999999999147
FreeSolv,MFGP,48,185,0,374,0.1,0.00013219895114015756,0.8865843139621802,1,31,181,0.8999999999999148
FreeSolv,MFGP,48,186,0,6,0.1,0.00010773213290836825,0.8865843139621802,2,31,182,0.7999999999999133
FreeSolv,MFGP,48,187,0,447,0.1,0.00011220831423925555,0.8865843139621802,3,31,183,0.6999999999999119
FreeSolv,MFGP,48,188,0,378,0.1,7.83681845403896e-05,0.8865843139621802,4,31,184,0.5999999999999105
FreeSolv,MFGP,48,189,0,244,0.1,8.532809891565387e-05,0.8865843139621802,5,31,185,0.4999999999999091
FreeSolv,MFGP,48,190,0,621,0.1,4.7777103184048274e-05,0.8865843139621802,6,31,186,0.39999999999990765
FreeSolv,MFGP,48,191,0,310,0.1,3.959385561802108e-05,0.8865843139621802,7,31,187,0.29999999999990623
FreeSolv,MFGP,48,192,0,581,0.1,2.9251184409784665e-05,0.8865843139621802,8,31,188,0.19999999999990478
FreeSolv,MFGP,48,193,0,214,0.1,3.4418205852900435e-05,0.8865843139621802,9,31,189,0.09999999999990336
FreeSolv,MFGP,49,1,1,515,1.0,3.541629650327872,0.5,0,3,25,44.5
FreeSolv,MFGP,49,2,0,257,0.1,1.9141706523369655,0.5,1,3,26,44.4
FreeSolv,MFGP,49,3,0,251,0.1,2.1358768233256558,0.5,2,3,27,44.3
FreeSolv,MFGP,49,4,0,131,0.1,2.682012920457009,0.5,3,3,28,44.199999999999996
FreeSolv,MFGP,49,5,0,499,0.1,2.577316192371121,0.5,4,3,29,44.1
FreeSolv,MFGP,49,6,0,214,0.1,2.4008801041904126,0.5,5,3,30,44.0
FreeSolv,MFGP,49,7,0,276,0.1,2.4382128623450607,0.5,6,3,31,43.9
FreeSolv,MFGP,49,8,0,104,0.1,2.0470587862563114,0.5,7,3,32,43.800000000000004
FreeSolv,MFGP,49,9,0,437,0.1,1.8058357504952287,0.5,8,3,33,43.7
FreeSolv,MFGP,49,10,0,377,0.1,2.139382381685221,0.5,9,3,34,43.6
FreeSolv,MFGP,49,11,0,144,0.1,1.967840680220248,0.5,10,3,35,43.5
FreeSolv,MFGP,49,12,0,206,0.1,2.115441654444497,0.5,11,3,36,43.4
FreeSolv,MFGP,49,13,0,592,0.1,1.9026210841857354,0.5,12,3,37,43.300000000000004
FreeSolv,MFGP,49,14,0,282,0.1,1.8128367018000784,0.5,13,3,38,43.2
FreeSolv,MFGP,49,15,0,446,0.1,1.656894480769141,0.5,14,3,39,43.1
FreeSolv,MFGP,49,16,0,368,0.1,1.5365411238366748,0.5,15,3,40,43.00000000000001
FreeSolv,MFGP,49,17,0,432,0.1,1.6552540886899514,0.5,16,3,41,42.900000000000006
FreeSolv,MFGP,49,18,0,631,0.1,1.6452878324745128,0.5,17,3,42,42.800000000000004
FreeSolv,MFGP,49,19,0,91,0.1,1.5641479898707,0.5,18,3,43,42.7
FreeSolv,MFGP,49,20,0,183,0.1,1.3309660607129048,0.5,19,3,44,42.6
FreeSolv,MFGP,49,21,0,304,0.1,1.2523734057856422,0.5,20,3,45,42.50000000000001
FreeSolv,MFGP,49,22,1,250,1.0,0.0040016277652267715,0.5,0,4,45,41.50000000000001
FreeSolv,MFGP,49,23,0,259,0.1,1.55408367916252,0.5,1,4,46,41.400000000000006
FreeSolv,MFGP,49,24,0,54,0.1,1.1728210462801862,0.5,2,4,47,41.300000000000004
FreeSolv,MFGP,49,25,0,456,0.1,1.129908824237491,0.5,3,4,48,41.20000000000001
FreeSolv,MFGP,49,26,0,140,0.1,1.1539276561645844,0.5,4,4,49,41.10000000000001
FreeSolv,MFGP,49,27,0,534,0.1,1.062036391762684,0.5,5,4,50,41.00000000000001
FreeSolv,MFGP,49,28,0,166,0.1,1.084513501610728,0.5,6,4,51,40.900000000000006
FreeSolv,MFGP,49,29,0,128,0.1,1.0463443394519325,0.5,7,4,52,40.800000000000004
FreeSolv,MFGP,49,30,0,238,0.1,1.1762876059077991,0.5,8,4,53,40.70000000000001
FreeSolv,MFGP,49,31,0,141,0.1,1.152765864722357,0.5,9,4,54,40.60000000000001
FreeSolv,MFGP,49,32,0,10,0.1,1.0995808023486042,0.5,10,4,55,40.50000000000001
FreeSolv,MFGP,49,33,0,77,0.1,0.9343028713641555,0.5,11,4,56,40.40000000000001
FreeSolv,MFGP,49,34,0,319,0.1,0.8663327819182137,0.5,12,4,57,40.30000000000001
FreeSolv,MFGP,49,35,0,152,0.1,0.8729134544282513,0.5,13,4,58,40.20000000000001
FreeSolv,MFGP,49,36,0,351,0.1,0.8318740063530324,0.5,14,4,59,40.10000000000001
FreeSolv,MFGP,49,37,0,200,0.1,0.7976758910267145,0.5,15,4,60,40.00000000000001
FreeSolv,MFGP,49,38,0,413,0.1,0.7685851464252758,0.5,16,4,61,39.90000000000001
FreeSolv,MFGP,49,39,0,258,0.1,0.8321292827140064,0.5,17,4,62,39.80000000000001
FreeSolv,MFGP,49,40,0,328,0.1,1.4456689825308928,0.5,18,4,63,39.70000000000001
FreeSolv,MFGP,49,41,0,66,0.1,1.337020883830467,0.5,19,4,64,39.600000000000016
FreeSolv,MFGP,49,42,0,233,0.1,1.4269557910268296,0.5,20,4,65,39.500000000000014
FreeSolv,MFGP,49,43,1,380,1.0,0.005128234768812502,0.5,0,5,65,38.500000000000014
FreeSolv,MFGP,49,44,0,263,0.1,1.248300650793748,0.5,1,5,66,38.40000000000001
FreeSolv,MFGP,49,45,0,486,0.1,1.242830196619193,0.5,2,5,67,38.30000000000001
FreeSolv,MFGP,49,46,0,96,0.1,1.0775230297747822,0.5,3,5,68,38.20000000000001
FreeSolv,MFGP,49,47,0,139,0.1,1.167297965058624,0.5,4,5,69,38.100000000000016
FreeSolv,MFGP,49,48,0,626,0.1,1.432846657454875,0.5,5,5,70,38.000000000000014
FreeSolv,MFGP,49,49,0,550,0.1,1.2021673270197837,0.5,6,5,71,37.90000000000001
FreeSolv,MFGP,49,50,0,619,0.1,1.0765634070110537,0.5,7,5,72,37.80000000000002
FreeSolv,MFGP,49,51,0,191,0.1,1.221571427814017,0.5,8,5,73,37.70000000000002
FreeSolv,MFGP,49,52,0,186,0.1,1.062271807059299,0.5,9,5,74,37.600000000000016
FreeSolv,MFGP,49,53,0,589,0.1,1.0188677765404963,0.5,10,5,75,37.500000000000014
FreeSolv,MFGP,49,54,0,83,0.1,1.1555761259371156,0.5,11,5,76,37.40000000000001
FreeSolv,MFGP,49,55,0,327,0.1,0.9482626218284309,0.5,12,5,77,37.30000000000002
FreeSolv,MFGP,49,56,0,444,0.1,0.8889850803948148,0.5,13,5,78,37.20000000000002
FreeSolv,MFGP,49,57,0,129,0.1,1.3615630137123296,0.5,14,5,79,37.100000000000016
FreeSolv,MFGP,49,58,0,502,0.1,1.174855673505513,0.5,15,5,80,37.00000000000002
FreeSolv,MFGP,49,59,0,497,0.1,1.2251943334710824,0.5,16,5,81,36.90000000000002
FreeSolv,MFGP,49,60,0,422,0.1,0.9624578954231083,0.5,17,5,82,36.80000000000002
FreeSolv,MFGP,49,61,0,87,0.1,0.8749630091073975,0.5,18,5,83,36.70000000000002
FreeSolv,MFGP,49,62,0,540,0.1,0.8764065545132523,0.5,19,5,84,36.600000000000016
FreeSolv,MFGP,49,63,0,572,0.1,1.1175689501280839,0.5,20,5,85,36.50000000000002
FreeSolv,MFGP,49,64,1,41,1.0,0.008175930008874822,0.5,0,6,85,35.50000000000002
FreeSolv,MFGP,49,65,0,564,0.1,1.8872306250442608,0.5,1,6,86,35.40000000000002
FreeSolv,MFGP,49,66,0,301,0.1,0.7157051283519891,0.5,2,6,87,35.30000000000002
FreeSolv,MFGP,49,67,0,39,0.1,0.645525675331606,0.5,3,6,88,35.200000000000024
FreeSolv,MFGP,49,68,0,492,0.1,1.064747054076039,0.5,4,6,89,35.10000000000002
FreeSolv,MFGP,49,69,0,384,0.1,0.5506619779781626,0.5,5,6,90,35.00000000000002
FreeSolv,MFGP,49,70,0,501,0.1,0.4638655228069005,0.5,6,6,91,34.90000000000002
FreeSolv,MFGP,49,71,0,533,0.1,0.5870460256434973,0.5,7,6,92,34.80000000000002
FreeSolv,MFGP,49,72,0,261,0.1,0.43700975381746426,0.5,8,6,93,34.700000000000024
FreeSolv,MFGP,49,73,0,284,0.1,0.3756161782985823,0.5,9,6,94,34.60000000000002
FreeSolv,MFGP,49,74,0,361,0.1,0.34501364597553746,0.5,10,6,95,34.50000000000002
FreeSolv,MFGP,49,75,0,8,0.1,0.3109350348282112,0.5,11,6,96,34.40000000000003
FreeSolv,MFGP,49,76,0,633,0.1,0.2784776209129093,0.5,12,6,97,34.300000000000026
FreeSolv,MFGP,49,77,0,605,0.1,0.25288688836554535,0.5,13,6,98,34.200000000000024
FreeSolv,MFGP,49,78,0,269,0.1,0.22730546092908455,0.5,14,6,99,34.10000000000002
FreeSolv,MFGP,49,79,0,181,0.1,0.21283951268523865,0.5,15,6,100,34.00000000000002
FreeSolv,MFGP,49,80,0,61,0.1,0.15396977578958776,0.5,16,6,101,33.90000000000003
FreeSolv,MFGP,49,81,0,577,0.1,0.14713148807832482,0.5,17,6,102,33.800000000000026
FreeSolv,MFGP,49,82,0,525,0.1,0.12016994068054357,0.5,18,6,103,33.700000000000024
FreeSolv,MFGP,49,83,0,86,0.1,0.13065815866949387,0.5,19,6,104,33.60000000000002
FreeSolv,MFGP,49,84,0,60,0.1,0.11931048111582479,0.5,20,6,105,33.50000000000002
FreeSolv,MFGP,49,85,1,261,1.0,0.01251093809001827,0.5,0,7,105,32.50000000000002
FreeSolv,MFGP,49,86,0,620,0.1,0.14104762961534192,0.5,1,7,106,32.40000000000002
FreeSolv,MFGP,49,87,0,275,0.1,0.09529758105186227,0.5,2,7,107,32.30000000000002
FreeSolv,MFGP,49,88,0,136,0.1,0.07129608936491598,0.5,3,7,108,32.20000000000002
FreeSolv,MFGP,49,89,0,313,0.1,0.06616791108501566,0.5,4,7,109,32.100000000000016
FreeSolv,MFGP,49,90,0,122,0.1,0.06418959423726965,0.5,5,7,110,32.000000000000014
FreeSolv,MFGP,49,91,0,485,0.1,0.06744719068543882,0.5,6,7,111,31.900000000000013
FreeSolv,MFGP,49,92,0,453,0.1,0.06053627121565319,0.5,7,7,112,31.80000000000001
FreeSolv,MFGP,49,93,0,398,0.1,0.06017569231468352,0.5,8,7,113,31.70000000000001
FreeSolv,MFGP,49,94,0,457,0.1,0.04637531810163589,0.5,9,7,114,31.60000000000001
FreeSolv,MFGP,49,95,0,405,0.1,0.05221689751928556,0.5,10,7,115,31.500000000000007
FreeSolv,MFGP,49,96,0,500,0.1,0.046544692178448095,0.5,11,7,116,31.400000000000006
FreeSolv,MFGP,49,97,0,59,0.1,0.059515271335393444,0.5,12,7,117,31.300000000000004
FreeSolv,MFGP,49,98,0,496,0.1,0.047907508206889854,0.5,13,7,118,31.200000000000003
FreeSolv,MFGP,49,99,0,359,0.1,0.03805504768454454,0.5,14,7,119,31.1
FreeSolv,MFGP,49,100,0,354,0.1,0.03191797290931563,0.5,15,7,120,31.0
FreeSolv,MFGP,49,101,0,67,0.1,0.028051129186224925,0.5,16,7,121,30.9
FreeSolv,MFGP,49,102,0,212,0.1,0.02503214267627115,0.5,17,7,122,30.799999999999997
FreeSolv,MFGP,49,103,0,222,0.1,0.028064661869957423,0.5,18,7,123,30.699999999999996
FreeSolv,MFGP,49,104,0,102,0.1,0.023550449362313118,0.5,19,7,124,30.599999999999994
FreeSolv,MFGP,49,105,0,325,0.1,0.021534263119128965,0.5,20,7,125,30.499999999999993
FreeSolv,MFGP,49,106,1,271,1.0,0.003550449036911086,0.5,0,8,125,29.499999999999993
FreeSolv,MFGP,49,107,0,103,0.1,0.02143750892313258,0.5,1,8,126,29.39999999999999
FreeSolv,MFGP,49,108,0,232,0.1,0.016413525290361712,0.5,2,8,127,29.29999999999999
FreeSolv,MFGP,49,109,0,363,0.1,0.01496776285331302,0.5,3,8,128,29.19999999999999
FreeSolv,MFGP,49,110,0,51,0.1,0.012380603677019202,0.5,4,8,129,29.099999999999987
FreeSolv,MFGP,49,111,0,615,0.1,0.012270242199896551,0.5,5,8,130,28.999999999999986
FreeSolv,MFGP,49,112,0,192,0.1,0.010169292718189499,0.5,6,8,131,28.899999999999984
FreeSolv,MFGP,49,113,0,216,0.1,0.009343740754195369,0.5,7,8,132,28.799999999999983
FreeSolv,MFGP,49,114,0,333,0.1,0.009125197074202791,0.5,8,8,133,28.69999999999998
FreeSolv,MFGP,49,115,0,16,0.1,0.00799432323597222,0.5,9,8,134,28.59999999999998
FreeSolv,MFGP,49,116,0,573,0.1,0.007573682263969676,0.5,10,8,135,28.49999999999998
FreeSolv,MFGP,49,117,0,348,0.1,0.00937383649839094,0.5,11,8,136,28.399999999999977
FreeSolv,MFGP,49,118,0,484,0.1,0.008263570668336755,0.5,12,8,137,28.299999999999976
FreeSolv,MFGP,49,119,0,517,0.1,0.007467888930894895,0.5,13,8,138,28.199999999999974
FreeSolv,MFGP,49,120,0,1,0.1,0.0065724537836288,0.5,14,8,139,28.099999999999973
FreeSolv,MFGP,49,121,0,393,0.1,0.006564209297047121,0.5,15,8,140,27.99999999999997
FreeSolv,MFGP,49,122,0,450,0.1,0.005588780147083479,0.5,16,8,141,27.89999999999997
FreeSolv,MFGP,49,123,0,290,0.1,0.0054594261243293574,0.5,17,8,142,27.79999999999997
FreeSolv,MFGP,49,124,0,55,0.1,0.0045419916990567435,0.5,18,8,143,27.699999999999967
FreeSolv,MFGP,49,125,0,430,0.1,0.00447307136014625,0.5,19,8,144,27.599999999999966
FreeSolv,MFGP,49,126,0,292,0.1,0.003961570662964747,0.5,20,8,145,27.499999999999964
FreeSolv,MFGP,49,127,1,501,1.0,0.0031422726578314367,0.5,0,9,145,26.499999999999964
FreeSolv,MFGP,49,128,0,37,0.1,0.007792835345402095,0.8426503234632314,1,9,146,26.399999999999963
FreeSolv,MFGP,49,129,1,540,1.0,0.006515602748251803,0.8426503234632314,0,10,146,25.399999999999963
FreeSolv,MFGP,49,130,0,174,0.1,0.0062728701708411536,0.82372471560761,1,10,147,25.29999999999996
FreeSolv,MFGP,49,131,0,353,0.1,0.007533307226673153,0.82372471560761,2,10,148,25.19999999999996
FreeSolv,MFGP,49,132,0,511,0.1,0.006456157385439991,0.82372471560761,3,10,149,25.09999999999996
FreeSolv,MFGP,49,133,0,127,0.1,0.006027744679107303,0.82372471560761,4,10,150,24.999999999999957
FreeSolv,MFGP,49,134,0,412,0.1,0.005105635052105553,0.82372471560761,5,10,151,24.899999999999956
FreeSolv,MFGP,49,135,0,452,0.1,0.007719219178080467,0.82372471560761,6,10,152,24.799999999999955
FreeSolv,MFGP,49,136,0,105,0.1,0.006699104666341265,0.82372471560761,7,10,153,24.699999999999953
FreeSolv,MFGP,49,137,1,284,1.0,0.005156865819825135,0.82372471560761,0,11,153,23.699999999999953
FreeSolv,MFGP,49,138,1,436,1.0,0.007352575714751987,0.8390254166017639,0,12,153,22.699999999999953
FreeSolv,MFGP,49,139,0,395,0.1,0.004246291333108889,0.8390254166017639,1,12,154,22.59999999999995
FreeSolv,MFGP,49,140,1,393,1.0,0.0039299942381156895,0.8390254166017639,0,13,154,21.59999999999995
FreeSolv,MFGP,49,141,0,75,0.1,0.0033433551260475722,0.8654145313313467,1,13,155,21.49999999999995
FreeSolv,MFGP,49,142,0,42,0.1,0.0028121187360781287,0.8654145313313467,2,13,156,21.39999999999995
FreeSolv,MFGP,49,143,0,98,0.1,0.003122665802617173,0.8654145313313467,3,13,157,21.299999999999947
FreeSolv,MFGP,49,144,0,198,0.1,0.002746749246734107,0.8654145313313467,4,13,158,21.199999999999946
FreeSolv,MFGP,49,145,1,122,1.0,0.002385763273974866,0.8654145313313467,0,14,158,20.199999999999946
FreeSolv,MFGP,49,146,1,49,1.0,0.022285309118465976,0.7699208653339396,0,15,158,19.199999999999946
FreeSolv,MFGP,49,147,1,251,1.0,0.027520890646884386,0.7078755892204563,0,16,158,18.199999999999946
FreeSolv,MFGP,49,148,1,222,1.0,0.005844983710008314,0.8043020603006392,0,17,158,17.199999999999946
FreeSolv,MFGP,49,149,1,139,1.0,0.004400088421474789,0.9676846937705594,0,18,158,16.199999999999946
FreeSolv,MFGP,49,150,1,241,1.0,0.00265641054909925,0.873331360136534,0,19,158,15.199999999999946
FreeSolv,MFGP,49,151,0,356,0.1,0.0037137157416022104,0.873331360136534,1,19,159,15.099999999999946
FreeSolv,MFGP,49,152,0,108,0.1,0.002561070644662363,0.873331360136534,2,19,160,14.999999999999945
FreeSolv,MFGP,49,153,0,204,0.1,0.00225675560887897,0.873331360136534,3,19,161,14.899999999999944
FreeSolv,MFGP,49,154,1,509,1.0,0.002189690668686975,0.873331360136534,0,20,161,13.899999999999942
FreeSolv,MFGP,49,155,0,179,0.1,0.002173257324781217,0.873331360136534,1,20,162,13.799999999999942
FreeSolv,MFGP,49,156,1,173,1.0,0.0014929577759092063,0.873331360136534,0,21,162,12.79999999999994
FreeSolv,MFGP,49,157,0,26,0.1,0.0013897386982619183,0.873331360136534,1,21,163,12.69999999999994
FreeSolv,MFGP,49,158,1,493,1.0,0.001108438045135409,0.873331360136534,0,22,163,11.699999999999939
FreeSolv,MFGP,49,159,0,420,0.1,0.0010046744739994713,0.873331360136534,1,22,164,11.59999999999994
FreeSolv,MFGP,49,160,0,391,0.1,0.000885641117665971,0.873331360136534,2,22,165,11.499999999999938
FreeSolv,MFGP,49,161,1,39,1.0,0.0009055093389847895,0.873331360136534,0,23,165,10.499999999999936
FreeSolv,MFGP,49,162,0,524,0.1,0.0009603090061915992,0.8797561023441819,1,23,166,10.399999999999936
FreeSolv,MFGP,49,163,0,287,0.1,0.000994794938554177,0.8797561023441819,2,23,167,10.299999999999935
FreeSolv,MFGP,49,164,0,443,0.1,0.0008558165639816726,0.8797561023441819,3,23,168,10.199999999999934
FreeSolv,MFGP,49,165,1,214,1.0,0.0008104668588430871,0.8797561023441819,0,24,168,9.199999999999932
FreeSolv,MFGP,49,166,0,266,0.1,0.0007034511647465174,0.8800263561180462,1,24,169,9.099999999999932
FreeSolv,MFGP,49,167,0,508,0.1,0.0006337296459549274,0.8800263561180462,2,24,170,8.99999999999993
FreeSolv,MFGP,49,168,1,269,1.0,0.0006539617206501756,0.8800263561180462,0,25,170,7.999999999999929
FreeSolv,MFGP,49,169,1,350,1.0,0.0005291381492277909,0.8806936779047233,0,26,170,6.999999999999929
FreeSolv,MFGP,49,170,0,230,0.1,0.000569048377823904,0.8806936779047233,1,26,171,6.899999999999929
FreeSolv,MFGP,49,171,0,48,0.1,0.00048538476651473607,0.8806936779047233,2,26,172,6.799999999999928
FreeSolv,MFGP,49,172,0,329,0.1,0.0003931671908846517,0.8806936779047233,3,26,173,6.6999999999999265
FreeSolv,MFGP,49,173,1,358,1.0,0.00037209658155262,0.8806936779047233,0,27,173,5.699999999999925
FreeSolv,MFGP,49,174,1,220,1.0,0.0003459693635616077,0.8806936779047233,0,28,173,4.699999999999925
FreeSolv,MFGP,49,175,0,410,0.1,0.00034582704020856114,0.9181952834604251,1,28,174,4.599999999999925
FreeSolv,MFGP,49,176,0,580,0.1,0.0002823651090465315,0.9181952834604251,2,28,175,4.499999999999924
FreeSolv,MFGP,49,177,0,176,0.1,0.00026482956643147606,0.9181952834604251,3,28,176,4.399999999999922
FreeSolv,MFGP,49,178,1,324,1.0,0.0002373061684129269,0.9181952834604251,0,29,176,3.3999999999999204
FreeSolv,MFGP,49,179,0,639,0.1,0.00020633246859287513,0.9181952834604251,1,29,177,3.2999999999999203
FreeSolv,MFGP,49,180,0,342,0.1,0.0001885211864356887,0.9181952834604251,2,29,178,3.199999999999919
FreeSolv,MFGP,49,181,1,144,1.0,0.0001642099827659769,0.9181952834604251,0,30,178,2.1999999999999176
FreeSolv,MFGP,49,182,1,182,1.0,0.00015602924357040063,0.9119867250541559,0,31,178,1.1999999999999176
FreeSolv,MFGP,49,183,1,507,1.0,0.00013655852085747255,0.8570551088273203,0,32,178,0.19999999999991758
FreeSolv,MFGP,49,184,0,281,0.1,0.0001349954034797276,0.8570551088273203,1,32,179,0.09999999999991757
FreeSolv,MFGP,50,1,1,515,1.0,3.642975215380095,0.5,0,3,25,44.5
FreeSolv,MFGP,50,2,0,257,0.1,1.7525291143138437,0.5,1,3,26,44.4
FreeSolv,MFGP,50,3,0,214,0.1,2.055731657716052,0.5,2,3,27,44.3
FreeSolv,MFGP,50,4,0,276,0.1,2.50972370217097,0.5,3,3,28,44.199999999999996
FreeSolv,MFGP,50,5,0,499,0.1,2.2996422024968903,0.5,4,3,29,44.1
FreeSolv,MFGP,50,6,0,251,0.1,2.339188252875676,0.5,5,3,30,44.0
FreeSolv,MFGP,50,7,0,131,0.1,2.7122414912756523,0.5,6,3,31,43.9
FreeSolv,MFGP,50,8,0,104,0.1,2.0233596520496446,0.5,7,3,32,43.800000000000004
FreeSolv,MFGP,50,9,0,54,0.1,1.8484221268798344,0.5,8,3,33,43.7
FreeSolv,MFGP,50,10,0,304,0.1,1.7248525415064768,0.5,9,3,34,43.6
FreeSolv,MFGP,50,11,0,615,0.1,1.5623358292346456,0.5,10,3,35,43.5
FreeSolv,MFGP,50,12,0,437,0.1,1.4746779761284383,0.5,11,3,36,43.4
FreeSolv,MFGP,50,13,0,377,0.1,1.8413033362419444,0.5,12,3,37,43.300000000000004
FreeSolv,MFGP,50,14,0,144,0.1,1.7520404822322933,0.5,13,3,38,43.2
FreeSolv,MFGP,50,15,0,282,0.1,1.82088320928873,0.5,14,3,39,43.1
FreeSolv,MFGP,50,16,0,592,0.1,1.8086269320703234,0.5,15,3,40,43.00000000000001
FreeSolv,MFGP,50,17,0,206,0.1,1.791223450736642,0.5,16,3,41,42.900000000000006
FreeSolv,MFGP,50,18,0,446,0.1,1.6383919037804262,0.5,17,3,42,42.800000000000004
FreeSolv,MFGP,50,19,0,368,0.1,1.4711195081305832,0.5,18,3,43,42.7
FreeSolv,MFGP,50,20,0,631,0.1,1.5335564291805386,0.5,19,3,44,42.6
FreeSolv,MFGP,50,21,0,432,0.1,1.6475529446912118,0.5,20,3,45,42.50000000000001
FreeSolv,MFGP,50,22,1,166,1.0,0.0020867067255605394,0.5,0,4,45,41.50000000000001
FreeSolv,MFGP,50,23,0,141,0.1,2.5019047711283475,0.5,1,4,46,41.400000000000006
FreeSolv,MFGP,50,24,0,183,0.1,1.5582674836348946,0.5,2,4,47,41.300000000000004
FreeSolv,MFGP,50,25,0,10,0.1,1.4818395252015781,0.5,3,4,48,41.20000000000001
FreeSolv,MFGP,50,26,0,77,0.1,1.3102445307547805,0.5,4,4,49,41.10000000000001
FreeSolv,MFGP,50,27,0,238,0.1,1.213004864115993,0.5,5,4,50,41.00000000000001
FreeSolv,MFGP,50,28,0,534,0.1,1.1610610467052,0.5,6,4,51,40.900000000000006
FreeSolv,MFGP,50,29,0,91,0.1,1.1407935490594179,0.5,7,4,52,40.800000000000004
FreeSolv,MFGP,50,30,0,456,0.1,1.0640425662575075,0.5,8,4,53,40.70000000000001
FreeSolv,MFGP,50,31,0,140,0.1,1.1204094959694455,0.5,9,4,54,40.60000000000001
FreeSolv,MFGP,50,32,0,314,0.1,0.9063905327710514,0.5,10,4,55,40.50000000000001
FreeSolv,MFGP,50,33,0,118,0.1,0.8679251104590665,0.5,11,4,56,40.40000000000001
FreeSolv,MFGP,50,34,0,43,0.1,0.8427542620899064,0.5,12,4,57,40.30000000000001
FreeSolv,MFGP,50,35,0,128,0.1,0.7755681503147516,0.5,13,4,58,40.20000000000001
FreeSolv,MFGP,50,36,0,335,0.1,0.7872666746150155,0.5,14,4,59,40.10000000000001
FreeSolv,MFGP,50,37,0,325,0.1,0.7827201306894696,0.5,15,4,60,40.00000000000001
FreeSolv,MFGP,50,38,0,369,0.1,0.6940116200138058,0.5,16,4,61,39.90000000000001
FreeSolv,MFGP,50,39,0,319,0.1,0.800465433882232,0.5,17,4,62,39.80000000000001
FreeSolv,MFGP,50,40,0,147,0.1,0.7485437272047865,0.5,18,4,63,39.70000000000001
FreeSolv,MFGP,50,41,0,445,0.1,0.6971108495768765,0.5,19,4,64,39.600000000000016
FreeSolv,MFGP,50,42,0,472,0.1,0.6489405830107325,0.5,20,4,65,39.500000000000014
FreeSolv,MFGP,50,43,1,289,1.0,0.0010900531469388054,0.5,0,5,65,38.500000000000014
FreeSolv,MFGP,50,44,0,383,0.1,1.0704606112128805,0.5,1,5,66,38.40000000000001
FreeSolv,MFGP,50,45,0,597,0.1,0.9960488879533524,0.5,2,5,67,38.30000000000001
FreeSolv,MFGP,50,46,0,272,0.1,0.8212775933048622,0.5,3,5,68,38.20000000000001
FreeSolv,MFGP,50,47,0,558,0.1,0.6170807422401214,0.5,4,5,69,38.100000000000016
FreeSolv,MFGP,50,48,0,386,0.1,0.5049649193346597,0.5,5,5,70,38.000000000000014
FreeSolv,MFGP,50,49,0,122,0.1,0.5784894239879929,0.5,6,5,71,37.90000000000001
FreeSolv,MFGP,50,50,0,105,0.1,0.4819422222127101,0.5,7,5,72,37.80000000000002
FreeSolv,MFGP,50,51,0,337,0.1,1.0626995273331457,0.5,8,5,73,37.70000000000002
FreeSolv,MFGP,50,52,0,31,0.1,1.1606705503068708,0.5,9,5,74,37.600000000000016
FreeSolv,MFGP,50,53,0,83,0.1,0.8711569637731936,0.5,10,5,75,37.500000000000014
FreeSolv,MFGP,50,54,0,96,0.1,1.0472409182971354,0.5,11,5,76,37.40000000000001
FreeSolv,MFGP,50,55,0,233,0.1,1.0517225493606335,0.5,12,5,77,37.30000000000002
FreeSolv,MFGP,50,56,0,589,0.1,0.7929842641763827,0.5,13,5,78,37.20000000000002
FreeSolv,MFGP,50,57,0,2,0.1,0.648615869897857,0.5,14,5,79,37.100000000000016
FreeSolv,MFGP,50,58,0,159,0.1,0.5995865468442912,0.5,15,5,80,37.00000000000002
FreeSolv,MFGP,50,59,0,139,0.1,0.6556662797304449,0.5,16,5,81,36.90000000000002
FreeSolv,MFGP,50,60,0,550,0.1,1.0270720265209494,0.5,17,5,82,36.80000000000002
FreeSolv,MFGP,50,61,0,328,0.1,0.5924638334923396,0.5,18,5,83,36.70000000000002
FreeSolv,MFGP,50,62,0,258,0.1,0.6950138216249435,0.5,19,5,84,36.600000000000016
FreeSolv,MFGP,50,63,0,263,0.1,0.722000563014577,0.5,20,5,85,36.50000000000002
FreeSolv,MFGP,50,64,1,620,1.0,0.007981274845550869,0.5,0,6,85,35.50000000000002
FreeSolv,MFGP,50,65,0,66,0.1,0.6317734052845304,0.5,1,6,86,35.40000000000002
FreeSolv,MFGP,50,66,0,284,0.1,0.6152584980422523,0.5,2,6,87,35.30000000000002
FreeSolv,MFGP,50,67,0,279,0.1,0.8071003338599938,0.5,3,6,88,35.200000000000024
FreeSolv,MFGP,50,68,0,361,0.1,0.4065654635856755,0.5,4,6,89,35.10000000000002
FreeSolv,MFGP,50,69,0,6,0.1,0.37162629382397433,0.5,5,6,90,35.00000000000002
FreeSolv,MFGP,50,70,0,444,0.1,0.5224253624908851,0.5,6,6,91,34.90000000000002
FreeSolv,MFGP,50,71,0,577,0.1,0.6790924291589856,0.5,7,6,92,34.80000000000002
FreeSolv,MFGP,50,72,0,505,0.1,0.8364447816857192,0.5,8,6,93,34.700000000000024
FreeSolv,MFGP,50,73,0,492,0.1,0.6237064947918449,0.5,9,6,94,34.60000000000002
FreeSolv,MFGP,50,74,0,87,0.1,1.2062550841061193,0.5,10,6,95,34.50000000000002
FreeSolv,MFGP,50,75,0,41,0.1,1.1688637656621386,0.5,11,6,96,34.40000000000003
FreeSolv,MFGP,50,76,0,540,0.1,1.1247747932557617,0.5,12,6,97,34.300000000000026
FreeSolv,MFGP,50,77,0,572,0.1,1.119772937217855,0.5,13,6,98,34.200000000000024
FreeSolv,MFGP,50,78,0,261,0.1,0.8796464379223706,0.5,14,6,99,34.10000000000002
FreeSolv,MFGP,50,79,0,39,0.1,0.8273140879032388,0.5,15,6,100,34.00000000000002
FreeSolv,MFGP,50,80,0,501,0.1,0.7547712637954681,0.5,16,6,101,33.90000000000003
FreeSolv,MFGP,50,81,0,80,0.1,0.5030260525207821,0.5,17,6,102,33.800000000000026
FreeSolv,MFGP,50,82,0,384,0.1,0.46344317464759727,0.5,18,6,103,33.700000000000024
FreeSolv,MFGP,50,83,0,269,0.1,0.35160270777518304,0.5,19,6,104,33.60000000000002
FreeSolv,MFGP,50,84,0,8,0.1,0.27820196549313586,0.5,20,6,105,33.50000000000002
FreeSolv,MFGP,50,85,1,605,1.0,0.004344237263948822,0.5,0,7,105,32.50000000000002
FreeSolv,MFGP,50,86,0,533,0.1,0.2954358829806451,0.5,1,7,106,32.40000000000002
FreeSolv,MFGP,50,87,0,633,0.1,0.24974963880412052,0.5,2,7,107,32.30000000000002
FreeSolv,MFGP,50,88,0,181,0.1,0.19021740376314308,0.5,3,7,108,32.20000000000002
FreeSolv,MFGP,50,89,0,313,0.1,0.15530367514013307,0.5,4,7,109,32.100000000000016
FreeSolv,MFGP,50,90,0,60,0.1,0.14685786564977182,0.5,5,7,110,32.000000000000014
FreeSolv,MFGP,50,91,0,275,0.1,0.10768517850701646,0.5,6,7,111,31.900000000000013
FreeSolv,MFGP,50,92,0,301,0.1,0.1096734892935855,0.5,7,7,112,31.80000000000001
FreeSolv,MFGP,50,93,0,525,0.1,0.08706868299513212,0.5,8,7,113,31.70000000000001
FreeSolv,MFGP,50,94,0,37,0.1,0.07997354203054217,0.5,9,7,114,31.60000000000001
FreeSolv,MFGP,50,95,0,500,0.1,0.05738543057790521,0.5,10,7,115,31.500000000000007
FreeSolv,MFGP,50,96,0,174,0.1,0.05099555808256585,0.5,11,7,116,31.400000000000006
FreeSolv,MFGP,50,97,0,75,0.1,0.05543769204609181,0.5,12,7,117,31.300000000000004
FreeSolv,MFGP,50,98,0,564,0.1,0.048874236675150694,0.5,13,7,118,31.200000000000003
FreeSolv,MFGP,50,99,0,498,0.1,0.044415263945159905,0.5,14,7,119,31.1
FreeSolv,MFGP,50,100,0,59,0.1,0.03858588252812951,0.5,15,7,120,31.0
FreeSolv,MFGP,50,101,0,405,0.1,0.037082960191034894,0.5,16,7,121,30.9
FreeSolv,MFGP,50,102,0,359,0.1,0.03628752288935815,0.5,17,7,122,30.799999999999997
FreeSolv,MFGP,50,103,0,186,0.1,0.03323772711408053,0.5,18,7,123,30.699999999999996
FreeSolv,MFGP,50,104,0,212,0.1,0.03006515937797393,0.5,19,7,124,30.599999999999994
FreeSolv,MFGP,50,105,0,103,0.1,0.024685335753357393,0.5,20,7,125,30.499999999999993
FreeSolv,MFGP,50,106,1,261,1.0,0.001789492240184475,0.5,0,8,125,29.499999999999993
FreeSolv,MFGP,50,107,1,41,1.0,0.02697573845841493,0.5,0,9,125,28.499999999999993
FreeSolv,MFGP,50,108,0,222,0.1,0.02877231570397222,0.5393499887546824,1,9,126,28.39999999999999
FreeSolv,MFGP,50,109,0,443,0.1,0.024527309143261435,0.5393499887546824,2,9,127,28.29999999999999
FreeSolv,MFGP,50,110,0,524,0.1,0.43479562283296475,0.5393499887546824,3,9,128,28.19999999999999
FreeSolv,MFGP,50,111,0,519,0.1,0.02065489192223115,0.5393499887546824,4,9,129,28.099999999999987
FreeSolv,MFGP,50,112,0,55,0.1,0.01918942340318648,0.5393499887546824,5,9,130,27.999999999999986
FreeSolv,MFGP,50,113,0,98,0.1,0.018158737197257288,0.5393499887546824,6,9,131,27.899999999999984
FreeSolv,MFGP,50,114,0,363,0.1,0.017391423124933046,0.5393499887546824,7,9,132,27.799999999999983
FreeSolv,MFGP,50,115,0,354,0.1,0.016270266677825725,0.5393499887546824,8,9,133,27.69999999999998
FreeSolv,MFGP,50,116,0,167,0.1,0.014300124956641578,0.5393499887546824,9,9,134,27.59999999999998
FreeSolv,MFGP,50,117,0,497,0.1,0.011801544471223871,0.5393499887546824,10,9,135,27.49999999999998
FreeSolv,MFGP,50,118,0,232,0.1,0.010423406484915014,0.5393499887546824,11,9,136,27.399999999999977
FreeSolv,MFGP,50,119,0,240,0.1,0.009291528784148939,0.5393499887546824,12,9,137,27.299999999999976
FreeSolv,MFGP,50,120,0,484,0.1,0.007955534090158468,0.5393499887546824,13,9,138,27.199999999999974
FreeSolv,MFGP,50,121,0,638,0.1,0.008259277547349819,0.5393499887546824,14,9,139,27.099999999999973
FreeSolv,MFGP,50,122,0,425,0.1,0.0066005627524110275,0.5393499887546824,15,9,140,26.99999999999997
FreeSolv,MFGP,50,123,0,332,0.1,0.006121018183045952,0.5393499887546824,16,9,141,26.89999999999997
FreeSolv,MFGP,50,124,0,227,0.1,0.00562561289817788,0.5393499887546824,17,9,142,26.79999999999997
FreeSolv,MFGP,50,125,0,430,0.1,0.014428708623260672,0.5393499887546824,18,9,143,26.699999999999967
FreeSolv,MFGP,50,126,0,290,0.1,0.011155656812351663,0.5393499887546824,19,9,144,26.599999999999966
FreeSolv,MFGP,50,127,0,639,0.1,0.009951991039317218,0.5393499887546824,20,9,145,26.499999999999964
FreeSolv,MFGP,50,128,1,501,1.0,0.0018750640096582838,0.5393499887546824,0,10,145,25.499999999999964
FreeSolv,MFGP,50,129,0,453,0.1,0.007773169443732643,0.43887709243945616,1,10,146,25.399999999999963
FreeSolv,MFGP,50,130,0,333,0.1,0.0078116632597092645,0.43887709243945616,2,10,147,25.29999999999996
FreeSolv,MFGP,50,131,0,136,0.1,0.006406459811760286,0.43887709243945616,3,10,148,25.19999999999996
FreeSolv,MFGP,50,132,1,393,1.0,0.0062252010516556724,0.43887709243945616,0,11,148,24.19999999999996
FreeSolv,MFGP,50,133,0,216,0.1,0.005342121526049207,0.43887709243945616,1,11,149,24.09999999999996
FreeSolv,MFGP,50,134,0,191,0.1,0.006495642278673653,0.43887709243945616,2,11,150,23.999999999999957
FreeSolv,MFGP,50,135,0,292,0.1,0.005178956878798954,0.43887709243945616,3,11,151,23.899999999999956
FreeSolv,MFGP,50,136,1,269,1.0,0.004580948952198127,0.43887709243945616,0,12,151,22.899999999999956
FreeSolv,MFGP,50,137,0,511,0.1,0.004484085070575194,0.4712473568296255,1,12,152,22.799999999999955
FreeSolv,MFGP,50,138,0,412,0.1,0.004667148167091079,0.4712473568296255,2,12,153,22.699999999999953
FreeSolv,MFGP,50,139,0,198,0.1,0.004999505032415351,0.4712473568296255,3,12,154,22.59999999999995
FreeSolv,MFGP,50,140,0,496,0.1,0.004046424802031411,0.4712473568296255,4,12,155,22.49999999999995
FreeSolv,MFGP,50,141,0,21,0.1,0.0032307743888753803,0.4712473568296255,5,12,156,22.39999999999995
FreeSolv,MFGP,50,142,0,127,0.1,0.0030030349078031576,0.4712473568296255,6,12,157,22.299999999999947
FreeSolv,MFGP,50,143,0,342,0.1,0.0025513186033573713,0.4712473568296255,7,12,158,22.199999999999946
FreeSolv,MFGP,50,144,0,192,0.1,0.0025546689720470648,0.4712473568296255,8,12,159,22.099999999999945
FreeSolv,MFGP,50,145,1,15,1.0,0.0018610022167732596,0.4712473568296255,0,13,159,21.099999999999945
FreeSolv,MFGP,50,146,0,619,0.1,0.0019991727243108526,0.4712473568296255,1,13,160,20.999999999999943
FreeSolv,MFGP,50,147,0,450,0.1,0.0017547543900487508,0.4712473568296255,2,13,161,20.89999999999994
FreeSolv,MFGP,50,148,1,122,1.0,0.002780469704402412,0.4712473568296255,0,14,161,19.89999999999994
FreeSolv,MFGP,50,149,1,49,1.0,0.012781287728278329,0.291058075894765,0,15,161,18.89999999999994
FreeSolv,MFGP,50,150,1,251,1.0,0.028580408504807336,0.18652865645314248,0,16,161,17.89999999999994
FreeSolv,MFGP,50,151,1,222,1.0,0.004153245027361568,0.569121035622527,0,17,161,16.89999999999994
FreeSolv,MFGP,50,152,1,139,1.0,0.0035084805186711733,0.9409296488907314,0,18,161,15.899999999999942
FreeSolv,MFGP,50,153,0,48,0.1,0.00232646719934931,0.8539614947503362,1,18,162,15.799999999999942
FreeSolv,MFGP,50,154,0,108,0.1,0.0019572029164725206,0.8539614947503362,2,18,163,15.69999999999994
FreeSolv,MFGP,50,155,0,42,0.1,0.001653992282796627,0.8539614947503362,3,18,164,15.59999999999994
FreeSolv,MFGP,50,156,0,420,0.1,0.001545512859081039,0.8539614947503362,4,18,165,15.499999999999938
FreeSolv,MFGP,50,157,1,240,1.0,0.001635761596468355,0.8539614947503362,0,19,165,14.499999999999936
FreeSolv,MFGP,50,158,0,557,0.1,0.0019897620999465584,0.8948210303361145,1,19,166,14.399999999999936
FreeSolv,MFGP,50,159,0,281,0.1,0.0016295276788019482,0.8948210303361145,2,19,167,14.299999999999935
FreeSolv,MFGP,50,160,0,287,0.1,0.0012819541265763998,0.8948210303361145,3,19,168,14.199999999999934
FreeSolv,MFGP,50,161,0,391,0.1,0.0013950571031040335,0.8948210303361145,4,19,169,14.099999999999932
FreeSolv,MFGP,50,162,0,356,0.1,0.000978399130360251,0.8948210303361145,5,19,170,13.99999999999993
FreeSolv,MFGP,50,163,0,266,0.1,0.0009467240118057268,0.8948210303361145,6,19,171,13.89999999999993
FreeSolv,MFGP,50,164,0,25,0.1,0.0009008493919667376,0.8948210303361145,7,19,172,13.799999999999928
FreeSolv,MFGP,50,165,1,169,1.0,0.0008154771943209571,0.8948210303361145,0,20,172,12.799999999999926
FreeSolv,MFGP,50,166,1,39,1.0,0.00100783694665131,0.8948210303361145,0,21,172,11.799999999999926
FreeSolv,MFGP,50,167,1,284,1.0,0.0007247811146665721,0.9007009769507766,0,22,172,10.799999999999926
FreeSolv,MFGP,50,168,0,600,0.1,0.0007568461845281579,0.8993420684206485,1,22,173,10.699999999999926
FreeSolv,MFGP,50,169,0,176,0.1,0.0007241281865569349,0.8993420684206485,2,22,174,10.599999999999925
FreeSolv,MFGP,50,170,0,395,0.1,0.0006539292001101471,0.8993420684206485,3,22,175,10.499999999999924
FreeSolv,MFGP,50,171,0,129,0.1,0.0006097070530911412,0.8993420684206485,4,22,176,10.399999999999922
FreeSolv,MFGP,50,172,0,67,0.1,0.0004999988218930965,0.8993420684206485,5,22,177,10.29999999999992
FreeSolv,MFGP,50,173,1,457,1.0,0.00046899329099815354,0.8993420684206485,0,23,177,9.299999999999919
FreeSolv,MFGP,50,174,0,250,0.1,0.00036000243469596385,0.9373018646188672,1,23,178,9.19999999999992
FreeSolv,MFGP,50,175,0,271,0.1,0.0003397770974281102,0.9373018646188672,2,23,179,9.099999999999918
FreeSolv,MFGP,50,176,0,230,0.1,0.00034119509147810355,0.9373018646188672,3,23,180,8.999999999999917
FreeSolv,MFGP,50,177,0,531,0.1,0.00032704235213001904,0.9373018646188672,4,23,181,8.899999999999915
FreeSolv,MFGP,50,178,1,560,1.0,0.00025708099152481475,0.9373018646188672,0,24,181,7.899999999999913
FreeSolv,MFGP,50,179,0,86,0.1,0.00023662871038755687,0.9373018646188672,1,24,182,7.799999999999914
FreeSolv,MFGP,50,180,1,182,1.0,0.00023306490371238602,0.9373018646188672,0,25,182,6.799999999999912
FreeSolv,MFGP,50,181,1,61,1.0,0.00022158641360629913,0.866462127536434,0,26,182,5.799999999999912
FreeSolv,MFGP,50,182,1,220,1.0,0.0001801534335634184,0.866462127536434,0,27,182,4.799999999999912
FreeSolv,MFGP,50,183,0,329,0.1,0.00016208327393980708,0.8872176297521976,1,27,183,4.699999999999912
FreeSolv,MFGP,50,184,0,419,0.1,0.00015354157039279074,0.8872176297521976,2,27,184,4.599999999999911
FreeSolv,MFGP,50,185,0,265,0.1,0.00012031937458928605,0.8872176297521976,3,27,185,4.499999999999909
FreeSolv,MFGP,50,186,1,138,1.0,0.00013467737478352055,0.8872176297521976,0,28,185,3.4999999999999076
FreeSolv,MFGP,50,187,0,374,0.1,0.00011832546231343333,0.8872176297521976,1,28,186,3.3999999999999075
FreeSolv,MFGP,50,188,1,492,1.0,0.00010954639523232373,0.8872176297521976,0,29,186,2.399999999999906
FreeSolv,MFGP,50,189,1,92,1.0,8.883523284013866e-05,0.8916116700909016,0,30,186,1.3999999999999062
FreeSolv,MFGP,50,190,1,507,1.0,7.95179148320971e-05,0.8916116700909016,0,31,186,0.3999999999999062
FreeSolv,MFGP,50,191,0,508,0.1,5.890785567786572e-05,0.8916116700909016,1,31,187,0.29999999999990623
FreeSolv,MFGP,50,192,0,331,0.1,5.0810064702140316e-05,0.8916116700909016,2,31,188,0.19999999999990478
FreeSolv,MFGP,50,193,0,256,0.1,4.570851731213572e-05,0.8916116700909016,3,31,189,0.09999999999990336
FreeSolv,MFGP,51,1,1,515,1.0,3.5833517905553385,0.5,0,3,25,44.5
FreeSolv,MFGP,51,2,0,257,0.1,2.262934407190012,0.5,1,3,26,44.4
FreeSolv,MFGP,51,3,0,276,0.1,2.576414457152412,0.5,2,3,27,44.3
FreeSolv,MFGP,51,4,0,214,0.1,2.644545504223437,0.5,3,3,28,44.199999999999996
FreeSolv,MFGP,51,5,0,499,0.1,2.7172258911840386,0.5,4,3,29,44.1
FreeSolv,MFGP,51,6,0,251,0.1,2.665047985015806,0.5,5,3,30,44.0
FreeSolv,MFGP,51,7,0,131,0.1,2.957437934285391,0.5,6,3,31,43.9
FreeSolv,MFGP,51,8,0,437,0.1,2.491319455603309,0.5,7,3,32,43.800000000000004
FreeSolv,MFGP,51,9,0,592,0.1,2.90779786074859,0.5,8,3,33,43.7
FreeSolv,MFGP,51,10,0,377,0.1,2.800130152434451,0.5,9,3,34,43.6
FreeSolv,MFGP,51,11,0,206,0.1,2.525591010095576,0.5,10,3,35,43.5
FreeSolv,MFGP,51,12,0,282,0.1,2.40336336657072,0.5,11,3,36,43.4
FreeSolv,MFGP,51,13,0,144,0.1,2.2399742586689624,0.5,12,3,37,43.300000000000004
FreeSolv,MFGP,51,14,0,369,0.1,2.1760543840453366,0.5,13,3,38,43.2
FreeSolv,MFGP,51,15,0,445,0.1,2.1785065667047876,0.5,14,3,39,43.1
FreeSolv,MFGP,51,16,0,304,0.1,2.0429315428249217,0.5,15,3,40,43.00000000000001
FreeSolv,MFGP,51,17,0,446,0.1,1.948000677956369,0.5,16,3,41,42.900000000000006
FreeSolv,MFGP,51,18,0,368,0.1,1.8622907159214068,0.5,17,3,42,42.800000000000004
FreeSolv,MFGP,51,19,0,432,0.1,1.9917497811107054,0.5,18,3,43,42.7
FreeSolv,MFGP,51,20,0,183,0.1,1.8403364511356268,0.5,19,3,44,42.6
FreeSolv,MFGP,51,21,0,631,0.1,1.7078368498998886,0.5,20,3,45,42.50000000000001
FreeSolv,MFGP,51,22,1,250,1.0,0.0030893233685972965,0.5,0,4,45,41.50000000000001
FreeSolv,MFGP,51,23,0,259,0.1,2.5831163243386523,0.5,1,4,46,41.400000000000006
FreeSolv,MFGP,51,24,0,534,0.1,1.6740705760313472,0.5,2,4,47,41.300000000000004
FreeSolv,MFGP,51,25,0,166,0.1,1.6961561508252299,0.5,3,4,48,41.20000000000001
FreeSolv,MFGP,51,26,0,128,0.1,1.6329041765433177,0.5,4,4,49,41.10000000000001
FreeSolv,MFGP,51,27,0,238,0.1,1.7654101538192823,0.5,5,4,50,41.00000000000001
FreeSolv,MFGP,51,28,0,141,0.1,1.6661013365782056,0.5,6,4,51,40.900000000000006
FreeSolv,MFGP,51,29,0,126,0.1,1.5756637276905454,0.5,7,4,52,40.800000000000004
FreeSolv,MFGP,51,30,0,77,0.1,1.4685304572511404,0.5,8,4,53,40.70000000000001
FreeSolv,MFGP,51,31,0,335,0.1,1.3842214354577003,0.5,9,4,54,40.60000000000001
FreeSolv,MFGP,51,32,0,54,0.1,1.3493864779752645,0.5,10,4,55,40.50000000000001
FreeSolv,MFGP,51,33,0,147,0.1,1.29017335673825,0.5,11,4,56,40.40000000000001
FreeSolv,MFGP,51,34,0,319,0.1,1.34210278985518,0.5,12,4,57,40.30000000000001
FreeSolv,MFGP,51,35,0,336,0.1,1.264518836724975,0.5,13,4,58,40.20000000000001
FreeSolv,MFGP,51,36,0,472,0.1,1.2382870180986274,0.5,14,4,59,40.10000000000001
FreeSolv,MFGP,51,37,0,64,0.1,1.1770383162156706,0.5,15,4,60,40.00000000000001
FreeSolv,MFGP,51,38,0,300,0.1,1.1049532854869484,0.5,16,4,61,39.90000000000001
FreeSolv,MFGP,51,39,0,413,0.1,1.0614054090046368,0.5,17,4,62,39.80000000000001
FreeSolv,MFGP,51,40,0,66,0.1,1.1903753914050657,0.5,18,4,63,39.70000000000001
FreeSolv,MFGP,51,41,0,486,0.1,1.5516386707548881,0.5,19,4,64,39.600000000000016
FreeSolv,MFGP,51,42,0,233,0.1,1.7865557382628254,0.5,20,4,65,39.500000000000014
FreeSolv,MFGP,51,43,1,380,1.0,0.004818584213113819,0.5,0,5,65,38.500000000000014
FreeSolv,MFGP,51,44,0,328,0.1,1.8561631480265155,0.5,1,5,66,38.40000000000001
FreeSolv,MFGP,51,45,0,258,0.1,1.7051966465827435,0.5,2,5,67,38.30000000000001
FreeSolv,MFGP,51,46,0,96,0.1,1.6286318547579488,0.5,3,5,68,38.20000000000001
FreeSolv,MFGP,51,47,0,524,0.1,1.5064465908355769,0.5,4,5,69,38.100000000000016
FreeSolv,MFGP,51,48,0,139,0.1,1.350812947236543,0.5,5,5,70,38.000000000000014
FreeSolv,MFGP,51,49,0,626,0.1,1.7749927026819938,0.5,6,5,71,37.90000000000001
FreeSolv,MFGP,51,50,0,550,0.1,1.4449841732197988,0.5,7,5,72,37.80000000000002
FreeSolv,MFGP,51,51,0,186,0.1,1.392076839725882,0.5,8,5,73,37.70000000000002
FreeSolv,MFGP,51,52,0,619,0.1,1.1453649724770867,0.5,9,5,74,37.600000000000016
FreeSolv,MFGP,51,53,0,191,0.1,1.3639937743695536,0.5,10,5,75,37.500000000000014
FreeSolv,MFGP,51,54,0,129,0.1,1.0700331707987412,0.5,11,5,76,37.40000000000001
FreeSolv,MFGP,51,55,0,589,0.1,1.5285488463243058,0.5,12,5,77,37.30000000000002
FreeSolv,MFGP,51,56,0,83,0.1,1.3153578779335011,0.5,13,5,78,37.20000000000002
FreeSolv,MFGP,51,57,0,502,0.1,0.9999348741298641,0.5,14,5,79,37.100000000000016
FreeSolv,MFGP,51,58,0,6,0.1,1.3141326326846972,0.5,15,5,80,37.00000000000002
FreeSolv,MFGP,51,59,0,497,0.1,1.299840132541085,0.5,16,5,81,36.90000000000002
FreeSolv,MFGP,51,60,0,87,0.1,1.3744306733080291,0.5,17,5,82,36.80000000000002
FreeSolv,MFGP,51,61,0,444,0.1,1.3059903785873805,0.5,18,5,83,36.70000000000002
FreeSolv,MFGP,51,62,0,301,0.1,0.9253534879376982,0.5,19,5,84,36.600000000000016
FreeSolv,MFGP,51,63,0,564,0.1,0.8053108252717741,0.5,20,5,85,36.50000000000002
FreeSolv,MFGP,51,64,1,633,1.0,0.0069919830671506325,0.5,0,6,85,35.50000000000002
FreeSolv,MFGP,51,65,0,339,0.1,1.2457336228323461,0.5,1,6,86,35.40000000000002
FreeSolv,MFGP,51,66,0,572,0.1,0.9263887271729034,0.5,2,6,87,35.30000000000002
FreeSolv,MFGP,51,67,0,41,0.1,0.8040696645642307,0.5,3,6,88,35.200000000000024
FreeSolv,MFGP,51,68,0,540,0.1,0.676066913449426,0.5,4,6,89,35.10000000000002
FreeSolv,MFGP,51,69,0,456,0.1,0.630487509446927,0.5,5,6,90,35.00000000000002
FreeSolv,MFGP,51,70,0,501,0.1,0.5917152826478111,0.5,6,6,91,34.90000000000002
FreeSolv,MFGP,51,71,0,533,0.1,0.8645919659983486,0.5,7,6,92,34.80000000000002
FreeSolv,MFGP,51,72,0,269,0.1,0.5932381688893043,0.5,8,6,93,34.700000000000024
FreeSolv,MFGP,51,73,0,384,0.1,0.539380649486755,0.5,9,6,94,34.60000000000002
FreeSolv,MFGP,51,74,0,39,0.1,0.5170121227691306,0.5,10,6,95,34.50000000000002
FreeSolv,MFGP,51,75,0,492,0.1,0.7331520310044709,0.5,11,6,96,34.40000000000003
FreeSolv,MFGP,51,76,0,261,0.1,0.4876205996517413,0.5,12,6,97,34.300000000000026
FreeSolv,MFGP,51,77,0,122,0.1,0.43999539158007583,0.5,13,6,98,34.200000000000024
FreeSolv,MFGP,51,78,0,386,0.1,0.7430697485621235,0.5,14,6,99,34.10000000000002
FreeSolv,MFGP,51,79,0,104,0.1,0.5144581116835963,0.5,15,6,100,34.00000000000002
FreeSolv,MFGP,51,80,0,284,0.1,0.3763381670056498,0.5,16,6,101,33.90000000000003
FreeSolv,MFGP,51,81,0,59,0.1,0.3120652797107057,0.5,17,6,102,33.800000000000026
FreeSolv,MFGP,51,82,0,8,0.1,0.3073217512040656,0.5,18,6,103,33.700000000000024
FreeSolv,MFGP,51,83,0,60,0.1,0.2931378390718595,0.5,19,6,104,33.60000000000002
FreeSolv,MFGP,51,84,0,174,0.1,0.24835988802998699,0.5,20,6,105,33.50000000000002
FreeSolv,MFGP,51,85,1,261,1.0,0.014173139916083127,0.5,0,7,105,32.50000000000002
FreeSolv,MFGP,51,86,0,181,0.1,0.26777901423540557,0.5,1,7,106,32.40000000000002
FreeSolv,MFGP,51,87,0,525,0.1,0.1596748568913997,0.5,2,7,107,32.30000000000002
FreeSolv,MFGP,51,88,0,275,0.1,0.16505038918893516,0.5,3,7,108,32.20000000000002
FreeSolv,MFGP,51,89,0,577,0.1,0.1740192067410407,0.5,4,7,109,32.100000000000016
FreeSolv,MFGP,51,90,0,118,0.1,0.13367078288654785,0.5,5,7,110,32.000000000000014
FreeSolv,MFGP,51,91,0,498,0.1,0.11134219882495286,0.5,6,7,111,31.900000000000013
FreeSolv,MFGP,51,92,0,430,0.1,0.09630494595488308,0.5,7,7,112,31.80000000000001
FreeSolv,MFGP,51,93,0,313,0.1,0.08428044294682933,0.5,8,7,113,31.70000000000001
FreeSolv,MFGP,51,94,0,359,0.1,0.08573004144098048,0.5,9,7,114,31.60000000000001
FreeSolv,MFGP,51,95,0,136,0.1,0.07564788779667003,0.5,10,7,115,31.500000000000007
FreeSolv,MFGP,51,96,0,457,0.1,0.06974271940282592,0.5,11,7,116,31.400000000000006
FreeSolv,MFGP,51,97,0,405,0.1,0.07555944774969028,0.5,12,7,117,31.300000000000004
FreeSolv,MFGP,51,98,0,484,0.1,0.06417414031137589,0.5,13,7,118,31.200000000000003
FreeSolv,MFGP,51,99,0,212,0.1,0.06267976228179567,0.5,14,7,119,31.1
FreeSolv,MFGP,51,100,0,222,0.1,0.06459542424010631,0.5,15,7,120,31.0
FreeSolv,MFGP,51,101,0,103,0.1,0.058884278861144404,0.5,16,7,121,30.9
FreeSolv,MFGP,51,102,0,425,0.1,0.0466681784756107,0.5,17,7,122,30.799999999999997
FreeSolv,MFGP,51,103,0,55,0.1,0.042989197730747136,0.5,18,7,123,30.699999999999996
FreeSolv,MFGP,51,104,0,453,0.1,0.03971898781988205,0.5,19,7,124,30.599999999999994
FreeSolv,MFGP,51,105,0,240,0.1,0.035610199908559896,0.5,20,7,125,30.499999999999993
FreeSolv,MFGP,51,106,1,540,1.0,0.01253653345353807,0.5,0,8,125,29.499999999999993
FreeSolv,MFGP,51,107,1,501,1.0,0.025992966730447223,0.24060310218399555,0,9,125,28.499999999999993
FreeSolv,MFGP,51,108,0,1,0.1,0.06218316812589113,0.82372471560761,1,9,126,28.39999999999999
FreeSolv,MFGP,51,109,0,216,0.1,0.10186770682770027,0.82372471560761,2,9,127,28.29999999999999
FreeSolv,MFGP,51,110,0,615,0.1,0.08904417133472582,0.82372471560761,3,9,128,28.19999999999999
FreeSolv,MFGP,51,111,0,279,0.1,0.0722146573335844,0.82372471560761,4,9,129,28.099999999999987
FreeSolv,MFGP,51,112,0,315,0.1,0.06555826932597855,0.82372471560761,5,9,130,27.999999999999986
FreeSolv,MFGP,51,113,0,354,0.1,0.056496462092108526,0.82372471560761,6,9,131,27.899999999999984
FreeSolv,MFGP,51,114,0,596,0.1,0.05722364273294972,0.82372471560761,7,9,132,27.799999999999983
FreeSolv,MFGP,51,115,0,226,0.1,0.04846917179826404,0.82372471560761,8,9,133,27.69999999999998
FreeSolv,MFGP,51,116,0,337,0.1,0.04155369196879781,0.82372471560761,9,9,134,27.59999999999998
FreeSolv,MFGP,51,117,0,105,0.1,0.04102892888863764,0.82372471560761,10,9,135,27.49999999999998
FreeSolv,MFGP,51,118,0,98,0.1,0.03175016214494977,0.82372471560761,11,9,136,27.399999999999977
FreeSolv,MFGP,51,119,0,232,0.1,0.03055950518980859,0.82372471560761,12,9,137,27.299999999999976
FreeSolv,MFGP,51,120,0,363,0.1,0.03127381943446649,0.82372471560761,13,9,138,27.199999999999974
FreeSolv,MFGP,51,121,0,412,0.1,0.02648507704264598,0.82372471560761,14,9,139,27.099999999999973
FreeSolv,MFGP,51,122,0,463,0.1,0.026294195797446386,0.82372471560761,15,9,140,26.99999999999997
FreeSolv,MFGP,51,123,0,75,0.1,0.020858087013035296,0.82372471560761,16,9,141,26.89999999999997
FreeSolv,MFGP,51,124,1,41,1.0,0.02002951618035581,0.82372471560761,0,10,141,25.89999999999997
FreeSolv,MFGP,51,125,1,393,1.0,0.020187063864434168,0.4392862808413269,0,11,141,24.89999999999997
FreeSolv,MFGP,51,126,0,443,0.1,0.01091999574204383,0.4392862808413269,1,11,142,24.79999999999997
FreeSolv,MFGP,51,127,0,605,0.1,0.016468665794740378,0.4392862808413269,2,11,143,24.699999999999967
FreeSolv,MFGP,51,128,0,496,0.1,0.014686873939571155,0.4392862808413269,3,11,144,24.599999999999966
FreeSolv,MFGP,51,129,0,333,0.1,0.015420921674177206,0.4392862808413269,4,11,145,24.499999999999964
FreeSolv,MFGP,51,130,0,167,0.1,0.014006525973285902,0.4392862808413269,5,11,146,24.399999999999963
FreeSolv,MFGP,51,131,0,37,0.1,0.00900913347223098,0.4392862808413269,6,11,147,24.29999999999996
FreeSolv,MFGP,51,132,0,410,0.1,0.007339375842189521,0.4392862808413269,7,11,148,24.19999999999996
FreeSolv,MFGP,51,133,1,327,1.0,0.0063499694809232635,0.4392862808413269,0,12,148,23.19999999999996
FreeSolv,MFGP,51,134,0,281,0.1,0.005959061544661441,0.4392862808413269,1,12,149,23.09999999999996
FreeSolv,MFGP,51,135,0,292,0.1,0.0059062054885078525,0.4392862808413269,2,12,150,22.999999999999957
FreeSolv,MFGP,51,136,0,290,0.1,0.005482815904013882,0.4392862808413269,3,12,151,22.899999999999956
FreeSolv,MFGP,51,137,0,639,0.1,0.007147998728421149,0.4392862808413269,4,12,152,22.799999999999955
FreeSolv,MFGP,51,138,0,127,0.1,0.00405923797936539,0.4392862808413269,5,12,153,22.699999999999953
FreeSolv,MFGP,51,139,0,500,0.1,0.00356937558561982,0.4392862808413269,6,12,154,22.59999999999995
FreeSolv,MFGP,51,140,0,358,0.1,0.0033970960053078558,0.4392862808413269,7,12,155,22.49999999999995
FreeSolv,MFGP,51,141,1,544,1.0,0.003520648792766156,0.4392862808413269,0,13,155,21.49999999999995
FreeSolv,MFGP,51,142,0,48,0.1,0.003229743968123944,0.4392862808413269,1,13,156,21.39999999999995
FreeSolv,MFGP,51,143,0,638,0.1,0.002811794666763453,0.4392862808413269,2,13,157,21.299999999999947
FreeSolv,MFGP,51,144,0,511,0.1,0.0025183116194796144,0.4392862808413269,3,13,158,21.199999999999946
FreeSolv,MFGP,51,145,0,348,0.1,0.0025717680825725416,0.4392862808413269,4,13,159,21.099999999999945
FreeSolv,MFGP,51,146,0,108,0.1,0.002330587943708383,0.4392862808413269,5,13,160,20.999999999999943
FreeSolv,MFGP,51,147,0,450,0.1,0.0020283047741034067,0.4392862808413269,6,13,161,20.89999999999994
FreeSolv,MFGP,51,148,1,284,1.0,0.0018552038104699825,0.4392862808413269,0,14,161,19.89999999999994
FreeSolv,MFGP,51,149,1,122,1.0,0.002597779207060242,0.6165469687540617,0,15,161,18.89999999999994
FreeSolv,MFGP,51,150,1,49,1.0,0.02206191138151696,0.42765831312001584,0,16,161,17.89999999999994
FreeSolv,MFGP,51,151,1,251,1.0,0.04124151035347237,0.3232859761244139,0,17,161,16.89999999999994
FreeSolv,MFGP,51,152,1,222,1.0,0.005852375900462253,0.5851084495189691,0,18,161,15.899999999999942
FreeSolv,MFGP,51,153,1,139,1.0,0.005849485107610165,0.9346934806184687,0,19,161,14.899999999999942
FreeSolv,MFGP,51,154,0,411,0.1,0.003346209214798121,0.8540791750466419,1,19,162,14.799999999999942
FreeSolv,MFGP,51,155,0,420,0.1,0.0035152726661797956,0.8540791750466419,2,19,163,14.69999999999994
FreeSolv,MFGP,51,156,0,198,0.1,0.0033821238297461194,0.8540791750466419,3,19,164,14.59999999999994
FreeSolv,MFGP,51,157,0,353,0.1,0.0029724272848594617,0.8540791750466419,4,19,165,14.499999999999938
FreeSolv,MFGP,51,158,0,148,0.1,0.002912495737849107,0.8540791750466419,5,19,166,14.399999999999936
FreeSolv,MFGP,51,159,1,241,1.0,0.0027054287935597762,0.8540791750466419,0,20,166,13.399999999999935
FreeSolv,MFGP,51,160,0,356,0.1,0.0055756481032168004,0.8540791750466419,1,20,167,13.299999999999935
FreeSolv,MFGP,51,161,1,560,1.0,0.00280313765723356,0.8540791750466419,0,21,167,12.299999999999933
FreeSolv,MFGP,51,162,0,391,0.1,0.002443086725964501,0.8540791750466419,1,21,168,12.199999999999934
FreeSolv,MFGP,51,163,0,266,0.1,0.0027173757094885133,0.8540791750466419,2,21,169,12.099999999999932
FreeSolv,MFGP,51,164,1,493,1.0,0.0018645829717538961,0.8540791750466419,0,22,169,11.09999999999993
FreeSolv,MFGP,51,165,0,176,0.1,0.0019125681666060852,0.9306068504201276,1,22,170,10.99999999999993
FreeSolv,MFGP,51,166,0,287,0.1,0.0017201932099365114,0.9306068504201276,2,22,171,10.89999999999993
FreeSolv,MFGP,51,167,1,169,1.0,0.0016281091671229136,0.9306068504201276,0,23,171,9.899999999999928
FreeSolv,MFGP,51,168,0,271,0.1,0.001925624856222467,0.9306068504201276,1,23,172,9.799999999999928
FreeSolv,MFGP,51,169,0,329,0.1,0.0015472987580904874,0.9306068504201276,2,23,173,9.699999999999926
FreeSolv,MFGP,51,170,1,269,1.0,0.0015165051226570126,0.9306068504201276,0,24,173,8.699999999999925
FreeSolv,MFGP,51,171,0,600,0.1,0.0011237976422785708,0.9316971147704441,1,24,174,8.599999999999925
FreeSolv,MFGP,51,172,0,67,0.1,0.0010107179253757712,0.9316971147704441,2,24,175,8.499999999999924
FreeSolv,MFGP,51,173,0,342,0.1,0.0009499689593296559,0.9316971147704441,3,24,176,8.399999999999922
FreeSolv,MFGP,51,174,0,419,0.1,0.0009475167479726509,0.9316971147704441,4,24,177,8.29999999999992
FreeSolv,MFGP,51,175,1,214,1.0,0.0007604940446190572,0.9316971147704441,0,25,177,7.299999999999919
FreeSolv,MFGP,51,176,0,204,0.1,0.0006681215440829364,0.9294317224120553,1,25,178,7.199999999999919
FreeSolv,MFGP,51,177,0,508,0.1,0.0005952781275122287,0.9294317224120553,2,25,179,7.099999999999918
FreeSolv,MFGP,51,178,1,240,1.0,0.0005952564221017404,0.9294317224120553,0,26,179,6.099999999999916
FreeSolv,MFGP,51,179,0,26,0.1,0.0005459352406635342,0.9379406218094166,1,26,180,5.9999999999999165
FreeSolv,MFGP,51,180,0,265,0.1,0.00047271448500776415,0.9379406218094166,2,26,181,5.899999999999915
FreeSolv,MFGP,51,181,0,344,0.1,0.00048279511016483136,0.9379406218094166,3,26,182,5.799999999999914
FreeSolv,MFGP,51,182,0,134,0.1,0.0007470185207639079,0.9379406218094166,4,26,183,5.699999999999912
FreeSolv,MFGP,51,183,0,374,0.1,0.000659054060402931,0.9379406218094166,5,26,184,5.599999999999911
FreeSolv,MFGP,51,184,1,220,1.0,0.00043453987195381585,0.9379406218094166,0,27,184,4.599999999999909
FreeSolv,MFGP,51,185,1,565,1.0,0.0003483677140789605,0.9457735640018637,0,28,184,3.599999999999909
FreeSolv,MFGP,51,186,1,39,1.0,0.0003574949583652113,0.9457735640018637,0,29,184,2.599999999999909
FreeSolv,MFGP,51,187,1,144,1.0,0.0003438967162498331,0.9481549854545718,0,30,184,1.599999999999909
FreeSolv,MFGP,51,188,1,182,1.0,0.0002964449350500386,0.9433342083618214,0,31,184,0.599999999999909
FreeSolv,MFGP,51,189,0,267,0.1,0.00024357493691462803,0.8993065588580645,1,31,185,0.4999999999999091
FreeSolv,MFGP,51,190,0,244,0.1,0.00021619516396284192,0.8993065588580645,2,31,186,0.39999999999990765
FreeSolv,MFGP,51,191,0,24,0.1,0.00018056983155908816,0.8993065588580645,3,31,187,0.29999999999990623
FreeSolv,MFGP,51,192,0,452,0.1,0.00016941709061454074,0.8993065588580645,4,31,188,0.19999999999990478
FreeSolv,MFGP,51,193,0,621,0.1,0.00015774330041238422,0.8993065588580645,5,31,189,0.09999999999990336
FreeSolv,MFGP,52,1,1,515,1.0,3.871527606378003,0.5,0,3,25,44.5
FreeSolv,MFGP,52,2,0,39,0.1,3.157070511529502,0.5,1,3,26,44.4
FreeSolv,MFGP,52,3,0,492,0.1,3.568265095090906,0.5,2,3,27,44.3
FreeSolv,MFGP,52,4,0,87,0.1,3.8921140861549213,0.5,3,3,28,44.199999999999996
FreeSolv,MFGP,52,5,0,41,0.1,4.139272249855623,0.5,4,3,29,44.1
FreeSolv,MFGP,52,6,0,564,0.1,4.567360855188657,0.5,5,3,30,44.0
FreeSolv,MFGP,52,7,0,572,0.1,4.712797055908921,0.5,6,3,31,43.9
FreeSolv,MFGP,52,8,0,497,0.1,4.728224999514193,0.5,7,3,32,43.800000000000004
FreeSolv,MFGP,52,9,0,638,0.1,4.518548661989856,0.5,8,3,33,43.7
FreeSolv,MFGP,52,10,0,540,0.1,4.292904991101324,0.5,9,3,34,43.6
FreeSolv,MFGP,52,11,0,301,0.1,4.459563183146119,0.5,10,3,35,43.5
FreeSolv,MFGP,52,12,0,444,0.1,4.226789585399102,0.5,11,3,36,43.4
FreeSolv,MFGP,52,13,0,269,0.1,4.029722594003491,0.5,12,3,37,43.300000000000004
FreeSolv,MFGP,52,14,0,136,0.1,3.9724826661799515,0.5,13,3,38,43.2
FreeSolv,MFGP,52,15,0,86,0.1,3.6202715029050605,0.5,14,3,39,43.1
FreeSolv,MFGP,52,16,0,422,0.1,3.4409756509477183,0.5,15,3,40,43.00000000000001
FreeSolv,MFGP,52,17,0,577,0.1,3.289172683119233,0.5,16,3,41,42.900000000000006
FreeSolv,MFGP,52,18,0,80,0.1,3.172241406708057,0.5,17,3,42,42.800000000000004
FreeSolv,MFGP,52,19,0,563,0.1,2.9850081258019348,0.5,18,3,43,42.7
FreeSolv,MFGP,52,20,0,633,0.1,2.7328876025160445,0.5,19,3,44,42.6
FreeSolv,MFGP,52,21,0,410,0.1,2.5616936276884754,0.5,20,3,45,42.50000000000001
FreeSolv,MFGP,52,22,1,182,1.0,0.0021290464654925116,0.5,0,4,45,41.50000000000001
FreeSolv,MFGP,52,23,0,129,0.1,2.603213756933068,0.5,1,4,46,41.400000000000006
FreeSolv,MFGP,52,24,0,619,0.1,2.450787213235254,0.5,2,4,47,41.300000000000004
FreeSolv,MFGP,52,25,0,191,0.1,2.5979104626984126,0.5,3,4,48,41.20000000000001
FreeSolv,MFGP,52,26,0,369,0.1,2.454723786718842,0.5,4,4,49,41.10000000000001
FreeSolv,MFGP,52,27,0,6,0.1,2.3060523797048105,0.5,5,4,50,41.00000000000001
FreeSolv,MFGP,52,28,0,159,0.1,2.1396596608771694,0.5,6,4,51,40.900000000000006
FreeSolv,MFGP,52,29,0,63,0.1,1.9663643643266437,0.5,7,4,52,40.800000000000004
FreeSolv,MFGP,52,30,0,105,0.1,1.9177715030395055,0.5,8,4,53,40.70000000000001
FreeSolv,MFGP,52,31,0,96,0.1,1.7411847905853868,0.5,9,4,54,40.60000000000001
FreeSolv,MFGP,52,32,0,589,0.1,1.5561764778065295,0.5,10,4,55,40.50000000000001
FreeSolv,MFGP,52,33,0,383,0.1,1.3991061823826527,0.5,11,4,56,40.40000000000001
FreeSolv,MFGP,52,34,0,436,0.1,1.3098918000843423,0.5,12,4,57,40.30000000000001
FreeSolv,MFGP,52,35,0,66,0.1,1.5495004052446009,0.5,13,4,58,40.20000000000001
FreeSolv,MFGP,52,36,0,233,0.1,1.5055008170985775,0.5,14,4,59,40.10000000000001
FreeSolv,MFGP,52,37,0,486,0.1,1.3820667081828477,0.5,15,4,60,40.00000000000001
FreeSolv,MFGP,52,38,0,128,0.1,1.2463557884002914,0.5,16,4,61,39.90000000000001
FreeSolv,MFGP,52,39,0,620,0.1,1.1849613371111551,0.5,17,4,62,39.80000000000001
FreeSolv,MFGP,52,40,0,110,0.1,1.0756034292480467,0.5,18,4,63,39.70000000000001
FreeSolv,MFGP,52,41,0,501,0.1,1.0464370146781898,0.5,19,4,64,39.600000000000016
FreeSolv,MFGP,52,42,0,533,0.1,1.5471371578156752,0.5,20,4,65,39.500000000000014
FreeSolv,MFGP,52,43,1,456,1.0,0.0002649134739613726,0.5,0,5,65,38.500000000000014
FreeSolv,MFGP,52,44,0,266,0.1,1.0145070688137063,0.5,1,5,66,38.40000000000001
FreeSolv,MFGP,52,45,0,139,0.1,1.0051552838699458,0.5,2,5,67,38.30000000000001
FreeSolv,MFGP,52,46,0,152,0.1,0.9216866293155773,0.5,3,5,68,38.20000000000001
FreeSolv,MFGP,52,47,0,328,0.1,0.8878762432750045,0.5,4,5,69,38.100000000000016
FreeSolv,MFGP,52,48,0,263,0.1,0.9193014781607212,0.5,5,5,70,38.000000000000014
FreeSolv,MFGP,52,49,0,377,0.1,0.7646788370979235,0.5,6,5,71,37.90000000000001
FreeSolv,MFGP,52,50,0,258,0.1,0.6812323824014768,0.5,7,5,72,37.80000000000002
FreeSolv,MFGP,52,51,0,84,0.1,0.7117084050967989,0.5,8,5,73,37.70000000000002
FreeSolv,MFGP,52,52,0,8,0.1,0.6177131680802994,0.5,9,5,74,37.600000000000016
FreeSolv,MFGP,52,53,0,275,0.1,0.5931143059433038,0.5,10,5,75,37.500000000000014
FreeSolv,MFGP,52,54,0,91,0.1,0.5240573165712448,0.5,11,5,76,37.40000000000001
FreeSolv,MFGP,52,55,0,75,0.1,0.49387105750268195,0.5,12,5,77,37.30000000000002
FreeSolv,MFGP,52,56,0,186,0.1,0.4206262853401546,0.5,13,5,78,37.20000000000002
FreeSolv,MFGP,52,57,0,496,0.1,0.3667777026342445,0.5,14,5,79,37.100000000000016
FreeSolv,MFGP,52,58,0,361,0.1,0.3650640199950089,0.5,15,5,80,37.00000000000002
FreeSolv,MFGP,52,59,0,284,0.1,0.33727080223652645,0.5,16,5,81,36.90000000000002
FreeSolv,MFGP,52,60,0,279,0.1,0.4770387903214368,0.5,17,5,82,36.80000000000002
FreeSolv,MFGP,52,61,0,59,0.1,0.2998345512372194,0.5,18,5,83,36.70000000000002
FreeSolv,MFGP,52,62,0,276,0.1,0.2901897045387225,0.5,19,5,84,36.600000000000016
FreeSolv,MFGP,52,63,0,216,0.1,0.34569663343027635,0.5,20,5,85,36.50000000000002
FreeSolv,MFGP,52,64,1,605,1.0,0.00010701370182837817,0.5,0,6,85,35.50000000000002
FreeSolv,MFGP,52,65,0,336,0.1,0.2748198463070578,0.5,1,6,86,35.40000000000002
FreeSolv,MFGP,52,66,0,631,0.1,0.2597682195785884,0.5,2,6,87,35.30000000000002
FreeSolv,MFGP,52,67,0,432,0.1,0.3107105783157725,0.5,3,6,88,35.200000000000024
FreeSolv,MFGP,52,68,0,443,0.1,0.2341911432564868,0.5,4,6,89,35.10000000000002
FreeSolv,MFGP,52,69,0,193,0.1,0.22170906509672586,0.5,5,6,90,35.00000000000002
FreeSolv,MFGP,52,70,0,118,0.1,0.20005543884119945,0.5,6,6,91,34.90000000000002
FreeSolv,MFGP,52,71,0,453,0.1,0.18217762804847465,0.5,7,6,92,34.80000000000002
FreeSolv,MFGP,52,72,0,632,0.1,0.17326282673637422,0.5,8,6,93,34.700000000000024
FreeSolv,MFGP,52,73,0,232,0.1,0.1428355216927668,0.5,9,6,94,34.60000000000002
FreeSolv,MFGP,52,74,0,174,0.1,0.13113897526521096,0.5,10,6,95,34.50000000000002
FreeSolv,MFGP,52,75,0,251,0.1,0.12930094309369464,0.5,11,6,96,34.40000000000003
FreeSolv,MFGP,52,76,0,499,0.1,0.38368432807708086,0.5,12,6,97,34.300000000000026
FreeSolv,MFGP,52,77,0,54,0.1,0.3380782452433012,0.5,13,6,98,34.200000000000024
FreeSolv,MFGP,52,78,0,49,0.1,0.2859312025784917,0.5,14,6,99,34.10000000000002
FreeSolv,MFGP,52,79,0,104,0.1,0.23912033152485163,0.5,15,6,100,34.00000000000002
FreeSolv,MFGP,52,80,0,304,0.1,0.12758541845196425,0.5,16,6,101,33.90000000000003
FreeSolv,MFGP,52,81,0,257,0.1,0.13185873987563704,0.5,17,6,102,33.800000000000026
FreeSolv,MFGP,52,82,0,386,0.1,0.09329734229150059,0.5,18,6,103,33.700000000000024
FreeSolv,MFGP,52,83,0,122,0.1,0.11125662609972962,0.5,19,6,104,33.60000000000002
FreeSolv,MFGP,52,84,0,615,0.1,0.09210349648338258,0.5,20,6,105,33.50000000000002
FreeSolv,MFGP,52,85,1,222,1.0,4.491122070644034e-05,0.5,0,7,105,32.50000000000002
FreeSolv,MFGP,52,86,0,181,0.1,0.08632014556804249,0.5,1,7,106,32.40000000000002
FreeSolv,MFGP,52,87,0,333,0.1,0.0805756651453745,0.5,2,7,107,32.30000000000002
FreeSolv,MFGP,52,88,0,168,0.1,0.07199959907098971,0.5,3,7,108,32.20000000000002
FreeSolv,MFGP,52,89,0,354,0.1,0.068707611201368,0.5,4,7,109,32.100000000000016
FreeSolv,MFGP,52,90,0,430,0.1,0.0624133787807124,0.5,5,7,110,32.000000000000014
FreeSolv,MFGP,52,91,0,440,0.1,0.049781858094163425,0.5,6,7,111,31.900000000000013
FreeSolv,MFGP,52,92,0,290,0.1,0.040759538908343336,0.5,7,7,112,31.80000000000001
FreeSolv,MFGP,52,93,0,579,0.1,0.03998080588492669,0.5,8,7,113,31.70000000000001
FreeSolv,MFGP,52,94,0,67,0.1,0.03672456094390469,0.5,9,7,114,31.60000000000001
FreeSolv,MFGP,52,95,0,425,0.1,0.03193207802880148,0.5,10,7,115,31.500000000000007
FreeSolv,MFGP,52,96,0,315,0.1,0.030613005250511027,0.5,11,7,116,31.400000000000006
FreeSolv,MFGP,52,97,0,35,0.1,0.02812357072005795,0.5,12,7,117,31.300000000000004
FreeSolv,MFGP,52,98,0,313,0.1,0.02042674740089328,0.5,13,7,118,31.200000000000003
FreeSolv,MFGP,52,99,0,359,0.1,0.019684040714653198,0.5,14,7,119,31.1
FreeSolv,MFGP,52,100,0,37,0.1,0.01802068867576504,0.5,15,7,120,31.0
FreeSolv,MFGP,52,101,0,500,0.1,0.017155338835365443,0.5,16,7,121,30.9
FreeSolv,MFGP,52,102,0,103,0.1,0.015897397631976836,0.5,17,7,122,30.799999999999997
FreeSolv,MFGP,52,103,0,55,0.1,0.015568232084840674,0.5,18,7,123,30.699999999999996
FreeSolv,MFGP,52,104,0,348,0.1,0.011046042310940678,0.5,19,7,124,30.599999999999994
FreeSolv,MFGP,52,105,0,498,0.1,0.009004612420243328,0.5,20,7,125,30.499999999999993
FreeSolv,MFGP,52,106,1,122,1.0,0.0002798619596870275,0.5,0,8,125,29.499999999999993
FreeSolv,MFGP,52,107,0,342,0.1,0.020152255044950752,0.9655795016083351,1,8,126,29.39999999999999
FreeSolv,MFGP,52,108,0,450,0.1,0.015076245676255257,0.9655795016083351,2,8,127,29.29999999999999
FreeSolv,MFGP,52,109,0,177,0.1,0.010855383463685501,0.9655795016083351,3,8,128,29.19999999999999
FreeSolv,MFGP,52,110,0,271,0.1,0.009960107148307687,0.9655795016083351,4,8,129,29.099999999999987
FreeSolv,MFGP,52,111,0,220,0.1,0.009129389349767786,0.9655795016083351,5,8,130,28.999999999999986
FreeSolv,MFGP,52,112,0,48,0.1,0.009409253332170867,0.9655795016083351,6,8,131,28.899999999999984
FreeSolv,MFGP,52,113,0,292,0.1,0.008558177802483793,0.9655795016083351,7,8,132,28.799999999999983
FreeSolv,MFGP,52,114,0,639,0.1,0.007804406396748728,0.9655795016083351,8,8,133,28.69999999999998
FreeSolv,MFGP,52,115,0,98,0.1,0.006597709766875762,0.9655795016083351,9,8,134,28.59999999999998
FreeSolv,MFGP,52,116,0,327,0.1,0.00595727098118753,0.9655795016083351,10,8,135,28.49999999999998
FreeSolv,MFGP,52,117,0,26,0.1,0.00498394372904436,0.9655795016083351,11,8,136,28.399999999999977
FreeSolv,MFGP,52,118,0,531,0.1,0.004792760437228065,0.9655795016083351,12,8,137,28.299999999999976
FreeSolv,MFGP,52,119,1,49,1.0,0.0033674836851677083,0.9655795016083351,0,9,137,27.299999999999976
FreeSolv,MFGP,52,120,1,251,1.0,0.007960618336530258,0.9628019550271434,0,10,137,26.299999999999976
FreeSolv,MFGP,52,121,1,131,1.0,0.004814624328726109,0.929344211412623,0,11,137,25.299999999999976
FreeSolv,MFGP,52,122,0,127,0.1,0.0032107645454029303,0.929344211412623,1,11,138,25.199999999999974
FreeSolv,MFGP,52,123,0,287,0.1,0.002542564731278523,0.929344211412623,2,11,139,25.099999999999973
FreeSolv,MFGP,52,124,0,363,0.1,0.002257395504344549,0.929344211412623,3,11,140,24.99999999999997
FreeSolv,MFGP,52,125,0,356,0.1,0.0017430325012356325,0.929344211412623,4,11,141,24.89999999999997
FreeSolv,MFGP,52,126,0,240,0.1,0.0016801077469328588,0.929344211412623,5,11,142,24.79999999999997
FreeSolv,MFGP,52,127,0,544,0.1,0.004111607750604555,0.929344211412623,6,11,143,24.699999999999967
FreeSolv,MFGP,52,128,0,281,0.1,0.004287562626937678,0.929344211412623,7,11,144,24.599999999999966
FreeSolv,MFGP,52,129,0,557,0.1,0.004217243850197654,0.929344211412623,8,11,145,24.499999999999964
FreeSolv,MFGP,52,130,1,376,1.0,0.002360807266184442,0.929344211412623,0,12,145,23.499999999999964
FreeSolv,MFGP,52,131,0,434,0.1,0.0026742189083014917,0.929344211412623,1,12,146,23.399999999999963
FreeSolv,MFGP,52,132,0,192,0.1,0.0022629479812852375,0.929344211412623,2,12,147,23.29999999999996
FreeSolv,MFGP,52,133,0,457,0.1,0.0017610005799635735,0.929344211412623,3,12,148,23.19999999999996
FreeSolv,MFGP,52,134,0,412,0.1,0.003772428567426616,0.929344211412623,4,12,149,23.09999999999996
FreeSolv,MFGP,52,135,0,108,0.1,0.0017613140983319532,0.929344211412623,5,12,150,22.999999999999957
FreeSolv,MFGP,52,136,0,24,0.1,0.0013243797428979201,0.929344211412623,6,12,151,22.899999999999956
FreeSolv,MFGP,52,137,0,393,0.1,0.0012336520365147188,0.929344211412623,7,12,152,22.799999999999955
FreeSolv,MFGP,52,138,0,573,0.1,0.0011322309999129898,0.929344211412623,8,12,153,22.699999999999953
FreeSolv,MFGP,52,139,0,46,0.1,0.0012211096645258137,0.929344211412623,9,12,154,22.59999999999995
FreeSolv,MFGP,52,140,0,250,0.1,0.0010215996311590894,0.929344211412623,10,12,155,22.49999999999995
FreeSolv,MFGP,52,141,0,76,0.1,0.0009004396060827944,0.929344211412623,11,12,156,22.39999999999995
FreeSolv,MFGP,52,142,1,261,1.0,0.0007831709390377691,0.929344211412623,0,13,156,21.39999999999995
FreeSolv,MFGP,52,143,1,41,1.0,0.01789696571925127,0.8889596764930573,0,14,156,20.39999999999995
FreeSolv,MFGP,52,144,1,501,1.0,0.004367405725600484,0.8553213388429936,0,15,156,19.39999999999995
FreeSolv,MFGP,52,145,1,540,1.0,0.0033138129830534574,0.8506696318508598,0,16,156,18.39999999999995
FreeSolv,MFGP,52,146,1,393,1.0,0.0041926846104574575,0.8528596009256454,0,17,156,17.39999999999995
FreeSolv,MFGP,52,147,1,384,1.0,0.000864755139039209,0.8330189920273178,0,18,156,16.39999999999995
FreeSolv,MFGP,52,148,1,39,1.0,0.0008157324612512841,0.8330189920273178,0,19,156,15.399999999999949
FreeSolv,MFGP,52,149,1,269,1.0,0.0010573973676900024,0.8322950887135995,0,20,156,14.399999999999949
FreeSolv,MFGP,52,150,0,331,0.1,0.0007653504179328495,0.8329423398099264,1,20,157,14.29999999999995
FreeSolv,MFGP,52,151,0,600,0.1,0.0006002575939170478,0.8329423398099264,2,20,158,14.199999999999948
FreeSolv,MFGP,52,152,1,457,1.0,0.0006249046322458155,0.8329423398099264,0,21,158,13.199999999999946
FreeSolv,MFGP,52,153,0,344,0.1,0.0005660426280663391,0.8638035611350725,1,21,159,13.099999999999946
FreeSolv,MFGP,52,154,0,265,0.1,0.0004707336965228815,0.8638035611350725,2,21,160,12.999999999999945
FreeSolv,MFGP,52,155,0,437,0.1,0.0010594524248153268,0.8638035611350725,3,21,161,12.899999999999944
FreeSolv,MFGP,52,156,0,368,0.1,0.0011527554019324546,0.8638035611350725,4,21,162,12.799999999999942
FreeSolv,MFGP,52,157,0,282,0.1,0.00167204771077996,0.8638035611350725,5,21,163,12.69999999999994
FreeSolv,MFGP,52,158,0,332,0.1,0.0007597623715296694,0.8638035611350725,6,21,164,12.59999999999994
FreeSolv,MFGP,52,159,1,507,1.0,0.000606431452567344,0.8638035611350725,0,22,164,11.599999999999937
FreeSolv,MFGP,52,160,1,324,1.0,0.0005596661196972498,0.8638035611350725,0,23,164,10.599999999999937
FreeSolv,MFGP,52,161,0,352,0.1,0.0005452789229415466,0.8638035611350725,1,23,165,10.499999999999938
FreeSolv,MFGP,52,162,0,176,0.1,0.0005231715889378516,0.8638035611350725,2,23,166,10.399999999999936
FreeSolv,MFGP,52,163,0,134,0.1,0.00044023675899570834,0.8638035611350725,3,23,167,10.299999999999935
FreeSolv,MFGP,52,164,1,212,1.0,0.0004509130300347098,0.8638035611350725,0,24,167,9.299999999999933
FreeSolv,MFGP,52,165,1,92,1.0,0.00042145736894828954,0.8332190246987241,0,25,167,8.299999999999933
FreeSolv,MFGP,52,166,1,296,1.0,0.0003745604615390903,0.8332190246987241,0,26,167,7.299999999999933
FreeSolv,MFGP,52,167,1,61,1.0,0.0003709653964260257,0.8332190246987241,0,27,167,6.299999999999933
FreeSolv,MFGP,52,168,1,139,1.0,0.0002997597568067294,0.8332190246987241,0,28,167,5.299999999999933
FreeSolv,MFGP,52,169,1,132,1.0,0.00031221937551370593,0.8124522489964932,0,29,167,4.299999999999933
FreeSolv,MFGP,52,170,0,395,0.1,0.0001802253894121681,0.8124522489964932,1,29,168,4.199999999999934
FreeSolv,MFGP,52,171,1,378,1.0,0.0001590617619410587,0.8124522489964932,0,30,168,3.199999999999932
FreeSolv,MFGP,52,172,0,329,0.1,0.0001612681397528399,0.8124522489964932,1,30,169,3.0999999999999317
FreeSolv,MFGP,52,173,1,220,1.0,0.00014548526288727954,0.8124522489964932,0,31,169,2.0999999999999304
FreeSolv,MFGP,52,174,0,419,0.1,0.0001294607550503778,0.8430664145788125,1,31,170,1.9999999999999303
FreeSolv,MFGP,52,175,1,594,1.0,0.0001258937719502372,0.8430664145788125,0,32,170,0.999999999999929
FreeSolv,MFGP,52,176,0,362,0.1,0.00010440319526154215,0.8430664145788125,1,32,171,0.899999999999929
FreeSolv,MFGP,52,177,0,413,0.1,0.006647600156968977,0.8430664145788125,2,32,172,0.7999999999999275
FreeSolv,MFGP,52,178,0,25,0.1,0.006265369938029007,0.8430664145788125,3,32,173,0.6999999999999261
FreeSolv,MFGP,52,179,0,452,0.1,0.0056002022637621825,0.8430664145788125,4,32,174,0.5999999999999247
FreeSolv,MFGP,52,180,0,83,0.1,0.004497646001965528,0.8430664145788125,5,32,175,0.4999999999999233
FreeSolv,MFGP,52,181,0,126,0.1,0.0038097534670643645,0.8430664145788125,6,32,176,0.39999999999992186
FreeSolv,MFGP,52,182,0,2,0.1,0.0016276477461784269,0.8430664145788125,7,32,177,0.29999999999992044
FreeSolv,MFGP,52,183,0,102,0.1,0.0014173635850646671,0.8430664145788125,8,32,178,0.199999999999919
FreeSolv,MFGP,52,184,0,373,0.1,0.0010272449993999446,0.8430664145788125,9,32,179,0.09999999999991757
FreeSolv,MFGP,53,1,1,515,1.0,3.671933050352404,0.5,0,3,25,44.5
FreeSolv,MFGP,53,2,0,456,0.1,1.5652627552698872,0.5,1,3,26,44.4
FreeSolv,MFGP,53,3,0,224,0.1,1.740745985907991,0.5,2,3,27,44.3
FreeSolv,MFGP,53,4,0,631,0.1,1.5119089574992783,0.5,3,3,28,44.199999999999996
FreeSolv,MFGP,53,5,0,161,0.1,1.6701319021296557,0.5,4,3,29,44.1
FreeSolv,MFGP,53,6,0,338,0.1,1.3356493830176641,0.5,5,3,30,44.0
FreeSolv,MFGP,53,7,0,506,0.1,1.348723592287227,0.5,6,3,31,43.9
FreeSolv,MFGP,53,8,0,135,0.1,1.2517262631846526,0.5,7,3,32,43.800000000000004
FreeSolv,MFGP,53,9,0,368,0.1,1.1922429789011229,0.5,8,3,33,43.7
FreeSolv,MFGP,53,10,0,187,0.1,1.5092264677518157,0.5,9,3,34,43.6
FreeSolv,MFGP,53,11,0,166,0.1,1.4756473921693773,0.5,10,3,35,43.5
FreeSolv,MFGP,53,12,0,206,0.1,1.6196775738064422,0.5,11,3,36,43.4
FreeSolv,MFGP,53,13,0,183,0.1,1.5602408058608157,0.5,12,3,37,43.300000000000004
FreeSolv,MFGP,53,14,0,377,0.1,1.4677101496749345,0.5,13,3,38,43.2
FreeSolv,MFGP,53,15,0,282,0.1,1.3938147015790463,0.5,14,3,39,43.1
FreeSolv,MFGP,53,16,0,10,0.1,1.3681830021994639,0.5,15,3,40,43.00000000000001
FreeSolv,MFGP,53,17,0,91,0.1,1.2893242618507155,0.5,16,3,41,42.900000000000006
FreeSolv,MFGP,53,18,0,592,0.1,1.2201545215708447,0.5,17,3,42,42.800000000000004
FreeSolv,MFGP,53,19,0,437,0.1,1.2461827433179073,0.5,18,3,43,42.7
FreeSolv,MFGP,53,20,0,77,0.1,1.1686972639697724,0.5,19,3,44,42.6
FreeSolv,MFGP,53,21,0,141,0.1,1.1661046552729084,0.5,20,3,45,42.50000000000001
FreeSolv,MFGP,53,22,1,200,1.0,0.0009142879572357071,0.5,0,4,45,41.50000000000001
FreeSolv,MFGP,53,23,0,532,0.1,1.8061252564774388,0.5,1,4,46,41.400000000000006
FreeSolv,MFGP,53,24,0,314,0.1,1.729783483777857,0.5,2,4,47,41.300000000000004
FreeSolv,MFGP,53,25,0,128,0.1,1.479272829939499,0.5,3,4,48,41.20000000000001
FreeSolv,MFGP,53,26,0,319,0.1,1.372024010629706,0.5,4,4,49,41.10000000000001
FreeSolv,MFGP,53,27,0,451,0.1,1.3750990410651565,0.5,5,4,50,41.00000000000001
FreeSolv,MFGP,53,28,0,238,0.1,1.1076862456559469,0.5,6,4,51,40.900000000000006
FreeSolv,MFGP,53,29,0,99,0.1,1.043300888375453,0.5,7,4,52,40.800000000000004
FreeSolv,MFGP,53,30,0,317,0.1,0.942976775510212,0.5,8,4,53,40.70000000000001
FreeSolv,MFGP,53,31,0,172,0.1,0.8362661598043397,0.5,9,4,54,40.60000000000001
FreeSolv,MFGP,53,32,0,144,0.1,0.7808259964512217,0.5,10,4,55,40.50000000000001
FreeSolv,MFGP,53,33,0,446,0.1,0.7994287005047296,0.5,11,4,56,40.40000000000001
FreeSolv,MFGP,53,34,0,351,0.1,0.6782892384858904,0.5,12,4,57,40.30000000000001
FreeSolv,MFGP,53,35,0,413,0.1,0.6405008353684394,0.5,13,4,58,40.20000000000001
FreeSolv,MFGP,53,36,0,430,0.1,0.5675830062739814,0.5,14,4,59,40.10000000000001
FreeSolv,MFGP,53,37,0,300,0.1,0.4900249780891672,0.5,15,4,60,40.00000000000001
FreeSolv,MFGP,53,38,0,181,0.1,0.405838708571285,0.5,16,4,61,39.90000000000001
FreeSolv,MFGP,53,39,0,484,0.1,0.42899393427296734,0.5,17,4,62,39.80000000000001
FreeSolv,MFGP,53,40,0,335,0.1,0.3578692768736219,0.5,18,4,63,39.70000000000001
FreeSolv,MFGP,53,41,0,325,0.1,0.3699039752580227,0.5,19,4,64,39.600000000000016
FreeSolv,MFGP,53,42,0,66,0.1,0.3384180448592358,0.5,20,4,65,39.500000000000014
FreeSolv,MFGP,53,43,1,31,1.0,0.0017771506147093892,0.5,0,5,65,38.500000000000014
FreeSolv,MFGP,53,44,0,148,0.1,2.189327132686083,0.5,1,5,66,38.40000000000001
FreeSolv,MFGP,53,45,0,486,0.1,1.4050166054835855,0.5,2,5,67,38.30000000000001
FreeSolv,MFGP,53,46,0,299,0.1,0.9795516393772893,0.5,3,5,68,38.20000000000001
FreeSolv,MFGP,53,47,0,327,0.1,0.7864608030670595,0.5,4,5,69,38.100000000000016
FreeSolv,MFGP,53,48,0,2,0.1,0.7066042709640209,0.5,5,5,70,38.000000000000014
FreeSolv,MFGP,53,49,0,105,0.1,0.5910370737762503,0.5,6,5,71,37.90000000000001
FreeSolv,MFGP,53,50,0,233,0.1,0.5433371591764887,0.5,7,5,72,37.80000000000002
FreeSolv,MFGP,53,51,0,83,0.1,0.7317120498165754,0.5,8,5,73,37.70000000000002
FreeSolv,MFGP,53,52,0,96,0.1,0.6222765999510967,0.5,9,5,74,37.600000000000016
FreeSolv,MFGP,53,53,0,589,0.1,0.40597749255385407,0.5,10,5,75,37.500000000000014
FreeSolv,MFGP,53,54,0,619,0.1,0.3381561967882855,0.5,11,5,76,37.40000000000001
FreeSolv,MFGP,53,55,0,6,0.1,0.4528972441604717,0.5,12,5,77,37.30000000000002
FreeSolv,MFGP,53,56,0,159,0.1,0.5217561798757971,0.5,13,5,78,37.20000000000002
FreeSolv,MFGP,53,57,0,444,0.1,0.42805229375733167,0.5,14,5,79,37.100000000000016
FreeSolv,MFGP,53,58,0,129,0.1,0.7864030876682966,0.5,15,5,80,37.00000000000002
FreeSolv,MFGP,53,59,0,505,0.1,0.7694253617642416,0.5,16,5,81,36.90000000000002
FreeSolv,MFGP,53,60,0,301,0.1,0.8989070091832959,0.5,17,5,82,36.80000000000002
FreeSolv,MFGP,53,61,0,564,0.1,0.7317975824136913,0.5,18,5,83,36.70000000000002
FreeSolv,MFGP,53,62,0,577,0.1,1.1687583060066125,0.5,19,5,84,36.600000000000016
FreeSolv,MFGP,53,63,0,492,0.1,0.9129923651810586,0.5,20,5,85,36.50000000000002
FreeSolv,MFGP,53,64,1,638,1.0,0.005798732830911826,0.5,0,6,85,35.50000000000002
FreeSolv,MFGP,53,65,0,87,0.1,1.3734362672703628,0.5,1,6,86,35.40000000000002
FreeSolv,MFGP,53,66,0,380,0.1,1.3991131339716634,0.5,2,6,87,35.30000000000002
FreeSolv,MFGP,53,67,0,572,0.1,0.772430430836599,0.5,3,6,88,35.200000000000024
FreeSolv,MFGP,53,68,0,41,0.1,0.7900030093379273,0.5,4,6,89,35.10000000000002
FreeSolv,MFGP,53,69,0,633,0.1,0.6823815032220609,0.5,5,6,90,35.00000000000002
FreeSolv,MFGP,53,70,0,540,0.1,0.562250283754008,0.5,6,6,91,34.90000000000002
FreeSolv,MFGP,53,71,0,261,0.1,0.5528810930989533,0.5,7,6,92,34.80000000000002
FreeSolv,MFGP,53,72,0,39,0.1,0.8531007218548681,0.5,8,6,93,34.700000000000024
FreeSolv,MFGP,53,73,0,501,0.1,0.4614842369121727,0.5,9,6,94,34.60000000000002
FreeSolv,MFGP,53,74,0,384,0.1,0.4239139952182855,0.5,10,6,95,34.50000000000002
FreeSolv,MFGP,53,75,0,393,0.1,0.2583572473471017,0.5,11,6,96,34.40000000000003
FreeSolv,MFGP,53,76,0,533,0.1,0.36791504135790365,0.5,12,6,97,34.300000000000026
FreeSolv,MFGP,53,77,0,269,0.1,0.2550003507687829,0.5,13,6,98,34.200000000000024
FreeSolv,MFGP,53,78,0,266,0.1,0.20472325654131596,0.5,14,6,99,34.10000000000002
FreeSolv,MFGP,53,79,0,500,0.1,0.17318047992973762,0.5,15,6,100,34.00000000000002
FreeSolv,MFGP,53,80,0,313,0.1,0.15159487464287608,0.5,16,6,101,33.90000000000003
FreeSolv,MFGP,53,81,0,139,0.1,0.13602127138198944,0.5,17,6,102,33.800000000000026
FreeSolv,MFGP,53,82,0,275,0.1,0.14180449639154796,0.5,18,6,103,33.700000000000024
FreeSolv,MFGP,53,83,0,276,0.1,0.11917506740336856,0.5,19,6,104,33.60000000000002
FreeSolv,MFGP,53,84,0,251,0.1,0.16483190029729922,0.5,20,6,105,33.50000000000002
FreeSolv,MFGP,53,85,1,261,1.0,0.002495211250499653,0.5,0,7,105,32.50000000000002
FreeSolv,MFGP,53,86,0,49,0.1,0.3046780875078504,0.5,1,7,106,32.40000000000002
FreeSolv,MFGP,53,87,0,122,0.1,0.46646780222261264,0.5,2,7,107,32.30000000000002
FreeSolv,MFGP,53,88,0,104,0.1,0.8206808142885369,0.5,3,7,108,32.20000000000002
FreeSolv,MFGP,53,89,0,61,0.1,0.5688509728190779,0.5,4,7,109,32.100000000000016
FreeSolv,MFGP,53,90,0,54,0.1,0.27121253503634285,0.5,5,7,110,32.000000000000014
FreeSolv,MFGP,53,91,0,499,0.1,0.21377899621523005,0.5,6,7,111,31.900000000000013
FreeSolv,MFGP,53,92,0,525,0.1,0.10993342350181526,0.5,7,7,112,31.80000000000001
FreeSolv,MFGP,53,93,0,284,0.1,0.10426101533043283,0.5,8,7,113,31.70000000000001
FreeSolv,MFGP,53,94,0,193,0.1,0.2953700802418413,0.5,9,7,114,31.60000000000001
FreeSolv,MFGP,53,95,0,328,0.1,0.19898410065770636,0.5,10,7,115,31.500000000000007
FreeSolv,MFGP,53,96,0,174,0.1,0.1151515991013119,0.5,11,7,116,31.400000000000006
FreeSolv,MFGP,53,97,0,258,0.1,0.09123395949163456,0.5,12,7,117,31.300000000000004
FreeSolv,MFGP,53,98,0,86,0.1,0.07555820593808431,0.5,13,7,118,31.200000000000003
FreeSolv,MFGP,53,99,0,615,0.1,0.06486659955859675,0.5,14,7,119,31.1
FreeSolv,MFGP,53,100,0,59,0.1,0.054625025455311005,0.5,15,7,120,31.0
FreeSolv,MFGP,53,101,0,186,0.1,0.05313890391506017,0.5,16,7,121,30.9
FreeSolv,MFGP,53,102,0,620,0.1,0.03961266945342056,0.5,17,7,122,30.799999999999997
FreeSolv,MFGP,53,103,0,579,0.1,0.03414333769459984,0.5,18,7,123,30.699999999999996
FreeSolv,MFGP,53,104,0,75,0.1,0.02407754768555693,0.5,19,7,124,30.599999999999994
FreeSolv,MFGP,53,105,0,55,0.1,0.019112767110344153,0.5,20,7,125,30.499999999999993
FreeSolv,MFGP,53,106,1,501,1.0,0.006367866397376451,0.5,0,8,125,29.499999999999993
FreeSolv,MFGP,53,107,0,98,0.1,0.02820232593214245,0.8426503234632314,1,8,126,29.39999999999999
FreeSolv,MFGP,53,108,0,496,0.1,0.02605783187982188,0.8426503234632314,2,8,127,29.29999999999999
FreeSolv,MFGP,53,109,0,519,0.1,0.022579494260292595,0.8426503234632314,3,8,128,29.19999999999999
FreeSolv,MFGP,53,110,1,540,1.0,0.020693218916750813,0.8426503234632314,0,9,128,28.19999999999999
FreeSolv,MFGP,53,111,0,222,0.1,0.020534531984048365,0.82372471560761,1,9,129,28.099999999999987
FreeSolv,MFGP,53,112,0,304,0.1,0.02375413916095934,0.82372471560761,2,9,130,27.999999999999986
FreeSolv,MFGP,53,113,0,37,0.1,0.018096765669413147,0.82372471560761,3,9,131,27.899999999999984
FreeSolv,MFGP,53,114,0,127,0.1,0.01580024323577266,0.82372471560761,4,9,132,27.799999999999983
FreeSolv,MFGP,53,115,0,232,0.1,0.014166432122595038,0.82372471560761,5,9,133,27.69999999999998
FreeSolv,MFGP,53,116,0,67,0.1,0.01126250120556321,0.82372471560761,6,9,134,27.59999999999998
FreeSolv,MFGP,53,117,0,363,0.1,0.010854869286800517,0.82372471560761,7,9,135,27.49999999999998
FreeSolv,MFGP,53,118,0,240,0.1,0.008589422547723973,0.82372471560761,8,9,136,27.399999999999977
FreeSolv,MFGP,53,119,0,103,0.1,0.009999935076092077,0.82372471560761,9,9,137,27.299999999999976
FreeSolv,MFGP,53,120,0,497,0.1,0.008649331124861093,0.82372471560761,10,9,138,27.199999999999974
FreeSolv,MFGP,53,121,0,260,0.1,0.006766826552955631,0.82372471560761,11,9,139,27.099999999999973
FreeSolv,MFGP,53,122,0,290,0.1,0.006057666720627371,0.82372471560761,12,9,140,26.99999999999997
FreeSolv,MFGP,53,123,1,41,1.0,0.006102139014221724,0.82372471560761,0,10,140,25.99999999999997
FreeSolv,MFGP,53,124,1,8,1.0,0.0072981137807310165,0.4392862808413269,0,11,140,24.99999999999997
FreeSolv,MFGP,53,125,1,284,1.0,0.0032628792832227575,0.4392862808413269,0,12,140,23.99999999999997
FreeSolv,MFGP,53,126,1,122,1.0,0.004024390521986439,0.6165469687540617,0,13,140,22.99999999999997
FreeSolv,MFGP,53,127,1,49,1.0,0.026118667554481917,0.42765831312001584,0,14,140,21.99999999999997
FreeSolv,MFGP,53,128,1,251,1.0,0.02998925663563111,0.3232859761244139,0,15,140,20.99999999999997
FreeSolv,MFGP,53,129,1,376,1.0,0.008033822779666328,0.5851084495189691,0,16,140,19.99999999999997
FreeSolv,MFGP,53,130,0,463,0.1,0.005249550005581978,0.5851084495189691,1,16,141,19.89999999999997
FreeSolv,MFGP,53,131,0,605,0.1,0.004406346998936573,0.5851084495189691,2,16,142,19.79999999999997
FreeSolv,MFGP,53,132,1,139,1.0,0.004115536931207052,0.5851084495189691,0,17,142,18.79999999999997
FreeSolv,MFGP,53,133,0,198,0.1,0.0031293935314714826,0.46627851218599864,1,17,143,18.699999999999967
FreeSolv,MFGP,53,134,1,271,1.0,0.0027518814987390026,0.46627851218599864,0,18,143,17.699999999999967
FreeSolv,MFGP,53,135,0,434,0.1,0.0025456308243179838,0.46627851218599864,1,18,144,17.599999999999966
FreeSolv,MFGP,53,136,0,292,0.1,0.0023305546286853055,0.46627851218599864,2,18,145,17.499999999999964
FreeSolv,MFGP,53,137,0,131,0.1,0.0018316465067928329,0.46627851218599864,3,18,146,17.399999999999963
FreeSolv,MFGP,53,138,0,488,0.1,0.0015219821096042001,0.46627851218599864,4,18,147,17.29999999999996
FreeSolv,MFGP,53,139,0,457,0.1,0.001342488049104287,0.46627851218599864,5,18,148,17.19999999999996
FreeSolv,MFGP,53,140,0,412,0.1,0.004616388843635725,0.46627851218599864,6,18,149,17.09999999999996
FreeSolv,MFGP,53,141,0,356,0.1,0.0017223856863162871,0.46627851218599864,7,18,150,16.999999999999957
FreeSolv,MFGP,53,142,0,639,0.1,0.00205495065670495,0.46627851218599864,8,18,151,16.899999999999956
FreeSolv,MFGP,53,143,0,342,0.1,0.0018360260655442854,0.46627851218599864,9,18,152,16.799999999999955
FreeSolv,MFGP,53,144,1,594,1.0,0.0014512828579903141,0.46627851218599864,0,19,152,15.799999999999955
FreeSolv,MFGP,53,145,0,192,0.1,0.0012483466685884138,0.46627851218599864,1,19,153,15.699999999999955
FreeSolv,MFGP,53,146,0,425,0.1,0.0011650317588267915,0.46627851218599864,2,19,154,15.599999999999953
FreeSolv,MFGP,53,147,0,136,0.1,0.00108023247756293,0.46627851218599864,3,19,155,15.499999999999952
FreeSolv,MFGP,53,148,1,560,1.0,0.0009802664643380928,0.46627851218599864,0,20,155,14.49999999999995
FreeSolv,MFGP,53,149,0,348,0.1,0.0007342596525881644,0.46627851218599864,1,20,156,14.39999999999995
FreeSolv,MFGP,53,150,0,216,0.1,0.0006811231307115844,0.46627851218599864,2,20,157,14.29999999999995
FreeSolv,MFGP,53,151,0,281,0.1,0.0008742619243309828,0.46627851218599864,3,20,158,14.199999999999948
FreeSolv,MFGP,53,152,0,333,0.1,0.000855542477939871,0.46627851218599864,4,20,159,14.099999999999946
FreeSolv,MFGP,53,153,0,453,0.1,0.0007642878857154513,0.46627851218599864,5,20,160,13.999999999999945
FreeSolv,MFGP,53,154,0,420,0.1,0.0006485969630214922,0.46627851218599864,6,20,161,13.899999999999944
FreeSolv,MFGP,53,155,0,265,0.1,0.0007802800437000319,0.46627851218599864,7,20,162,13.799999999999942
FreeSolv,MFGP,53,156,1,257,1.0,0.0015508263145416826,0.46627851218599864,0,21,162,12.79999999999994
FreeSolv,MFGP,53,157,0,102,0.1,0.0008660817631594065,0.46627851218599864,1,21,163,12.69999999999994
FreeSolv,MFGP,53,158,1,108,1.0,0.0007548562885653486,0.46627851218599864,0,22,163,11.699999999999939
FreeSolv,MFGP,53,159,1,457,1.0,0.0005662480568471477,0.46627851218599864,0,23,163,10.699999999999939
FreeSolv,MFGP,53,160,0,350,0.1,0.0009459541577718463,0.9085028541439023,1,23,164,10.59999999999994
FreeSolv,MFGP,53,161,0,310,0.1,0.0010320977311003858,0.9085028541439023,2,23,165,10.499999999999938
FreeSolv,MFGP,53,162,0,46,0.1,0.000866987460537347,0.9085028541439023,3,23,166,10.399999999999936
FreeSolv,MFGP,53,163,0,555,0.1,0.0007355799368079941,0.9085028541439023,4,23,167,10.299999999999935
FreeSolv,MFGP,53,164,0,278,0.1,0.000520337352872153,0.9085028541439023,5,23,168,10.199999999999934
FreeSolv,MFGP,53,165,0,452,0.1,0.0005023185738177444,0.9085028541439023,6,23,169,10.099999999999932
FreeSolv,MFGP,53,166,0,80,0.1,0.0004404935798660118,0.9085028541439023,7,23,170,9.99999999999993
FreeSolv,MFGP,53,167,1,269,1.0,0.00035343096600655736,0.9085028541439023,0,24,170,8.999999999999929
FreeSolv,MFGP,53,168,0,545,0.1,0.00032796604401437034,0.9093682781475431,1,24,171,8.89999999999993
FreeSolv,MFGP,53,169,1,220,1.0,0.00025845005076913187,0.9093682781475431,0,25,171,7.8999999999999275
FreeSolv,MFGP,53,170,1,568,1.0,0.0002129761238681212,0.9366665903852598,0,26,171,6.8999999999999275
FreeSolv,MFGP,53,171,0,344,0.1,0.0002572527330607433,0.9366665903852598,1,26,172,6.799999999999928
FreeSolv,MFGP,53,172,1,182,1.0,0.00020594803495573716,0.9366665903852598,0,27,172,5.799999999999926
FreeSolv,MFGP,53,173,1,324,1.0,0.0001594542181539661,0.8814976646139294,0,28,172,4.799999999999926
FreeSolv,MFGP,53,174,1,39,1.0,0.00015979308962328805,0.8814976646139294,0,29,172,3.799999999999926
FreeSolv,MFGP,53,175,0,214,0.1,0.00014498069112650657,0.8865381251405882,1,29,173,3.699999999999926
FreeSolv,MFGP,53,176,0,395,0.1,0.0001429658414098336,0.8865381251405882,2,29,174,3.5999999999999246
FreeSolv,MFGP,53,177,0,597,0.1,0.0001243469898201144,0.8865381251405882,3,29,175,3.499999999999923
FreeSolv,MFGP,53,178,0,373,0.1,0.00011931614173126651,0.8865381251405882,4,29,176,3.3999999999999218
FreeSolv,MFGP,53,179,0,329,0.1,0.00011845624708379607,0.8865381251405882,5,29,177,3.2999999999999203
FreeSolv,MFGP,53,180,1,176,1.0,9.057918208850023e-05,0.8865381251405882,0,30,177,2.299999999999919
FreeSolv,MFGP,53,181,0,88,0.1,0.00011031320974168245,0.8865381251405882,1,30,178,2.199999999999919
FreeSolv,MFGP,53,182,0,419,0.1,7.525006965077362e-05,0.8865381251405882,2,30,179,2.0999999999999175
FreeSolv,MFGP,53,183,1,212,1.0,7.135475178399924e-05,0.8865381251405882,0,31,179,1.0999999999999162
FreeSolv,MFGP,53,184,0,190,0.1,5.211000867081621e-05,0.8448653016834703,1,31,180,0.9999999999999162
FreeSolv,MFGP,53,185,0,544,0.1,4.4313263514574115e-05,0.8448653016834703,2,31,181,0.8999999999999148
FreeSolv,MFGP,53,186,0,92,0.1,3.782920004530858e-05,0.8448653016834703,3,31,182,0.7999999999999133
FreeSolv,MFGP,53,187,0,132,0.1,4.726604041461322e-05,0.8448653016834703,4,31,183,0.6999999999999119
FreeSolv,MFGP,53,188,0,374,0.1,3.647003529135121e-05,0.8448653016834703,5,31,184,0.5999999999999105
FreeSolv,MFGP,53,189,0,244,0.1,2.7015624513569068e-05,0.8448653016834703,6,31,185,0.4999999999999091
FreeSolv,MFGP,53,190,0,256,0.1,2.444103358618102e-05,0.8448653016834703,7,31,186,0.39999999999990765
FreeSolv,MFGP,53,191,0,35,0.1,1.996424162641578e-05,0.8448653016834703,8,31,187,0.29999999999990623
FreeSolv,MFGP,53,192,0,68,0.1,1.9504256971237758e-05,0.8448653016834703,9,31,188,0.19999999999990478
FreeSolv,MFGP,53,193,0,557,0.1,2.2778866637765062e-05,0.8448653016834703,10,31,189,0.09999999999990336
FreeSolv,MFGP,54,1,1,515,1.0,3.513277656312707,0.5,0,3,25,44.5
FreeSolv,MFGP,54,2,0,631,0.1,1.8458057350881962,0.5,1,3,26,44.4
FreeSolv,MFGP,54,3,0,456,0.1,2.100425844579239,0.5,2,3,27,44.3
FreeSolv,MFGP,54,4,0,140,0.1,2.1869092635100604,0.5,3,3,28,44.199999999999996
FreeSolv,MFGP,54,5,0,432,0.1,1.8734448399734516,0.5,4,3,29,44.1
FreeSolv,MFGP,54,6,0,446,0.1,2.0010486165925494,0.5,5,3,30,44.0
FreeSolv,MFGP,54,7,0,368,0.1,2.0087819987654445,0.5,6,3,31,43.9
FreeSolv,MFGP,54,8,0,206,0.1,2.233627381866173,0.5,7,3,32,43.800000000000004
FreeSolv,MFGP,54,9,0,548,0.1,2.0758771340619373,0.5,8,3,33,43.7
FreeSolv,MFGP,54,10,0,437,0.1,1.9190898635743963,0.5,9,3,34,43.6
FreeSolv,MFGP,54,11,0,282,0.1,2.0440015550905537,0.5,10,3,35,43.5
FreeSolv,MFGP,54,12,0,592,0.1,1.9660140732869935,0.5,11,3,36,43.4
FreeSolv,MFGP,54,13,0,166,0.1,1.8513271366191142,0.5,12,3,37,43.300000000000004
FreeSolv,MFGP,54,14,0,183,0.1,1.9183877280432104,0.5,13,3,38,43.2
FreeSolv,MFGP,54,15,0,187,0.1,1.7528306764571415,0.5,14,3,39,43.1
FreeSolv,MFGP,54,16,0,377,0.1,1.6177316235418164,0.5,15,3,40,43.00000000000001
FreeSolv,MFGP,54,17,0,10,0.1,1.4772251657573392,0.5,16,3,41,42.900000000000006
FreeSolv,MFGP,54,18,0,91,0.1,1.3867404578114044,0.5,17,3,42,42.800000000000004
FreeSolv,MFGP,54,19,0,77,0.1,1.2898006242701565,0.5,18,3,43,42.7
FreeSolv,MFGP,54,20,0,141,0.1,1.2332156337950233,0.5,19,3,44,42.6
FreeSolv,MFGP,54,21,0,238,0.1,1.3109349445659846,0.5,20,3,45,42.50000000000001
FreeSolv,MFGP,54,22,1,200,1.0,0.0014498195214724535,0.5,0,4,45,41.50000000000001
FreeSolv,MFGP,54,23,0,532,0.1,1.865153715674569,0.5,1,4,46,41.400000000000006
FreeSolv,MFGP,54,24,0,314,0.1,1.7839746309282367,0.5,2,4,47,41.300000000000004
FreeSolv,MFGP,54,25,0,128,0.1,1.5059538969806385,0.5,3,4,48,41.20000000000001
FreeSolv,MFGP,54,26,0,319,0.1,1.461232103851357,0.5,4,4,49,41.10000000000001
FreeSolv,MFGP,54,27,0,451,0.1,1.3349247036072458,0.5,5,4,50,41.00000000000001
FreeSolv,MFGP,54,28,0,99,0.1,1.0969289783002003,0.5,6,4,51,40.900000000000006
FreeSolv,MFGP,54,29,0,172,0.1,0.9491968197950573,0.5,7,4,52,40.800000000000004
FreeSolv,MFGP,54,30,0,351,0.1,0.8481358706810888,0.5,8,4,53,40.70000000000001
FreeSolv,MFGP,54,31,0,413,0.1,0.8360913305559603,0.5,9,4,54,40.60000000000001
FreeSolv,MFGP,54,32,0,317,0.1,0.7548190736958976,0.5,10,4,55,40.50000000000001
FreeSolv,MFGP,54,33,0,506,0.1,0.6620694054223677,0.5,11,4,56,40.40000000000001
FreeSolv,MFGP,54,34,0,118,0.1,0.6867197577919282,0.5,12,4,57,40.30000000000001
FreeSolv,MFGP,54,35,0,430,0.1,0.5608260198627093,0.5,13,4,58,40.20000000000001
FreeSolv,MFGP,54,36,0,335,0.1,0.4745811612311074,0.5,14,4,59,40.10000000000001
FreeSolv,MFGP,54,37,0,66,0.1,0.4657908135841754,0.5,15,4,60,40.00000000000001
FreeSolv,MFGP,54,38,0,31,0.1,0.8928551250098532,0.5,16,4,61,39.90000000000001
FreeSolv,MFGP,54,39,0,486,0.1,1.164276112776883,0.5,17,4,62,39.80000000000001
FreeSolv,MFGP,54,40,0,436,0.1,1.0016132295676452,0.5,18,4,63,39.70000000000001
FreeSolv,MFGP,54,41,0,233,0.1,0.8743842815201044,0.5,19,4,64,39.600000000000016
FreeSolv,MFGP,54,42,0,83,0.1,0.8697161212998646,0.5,20,4,65,39.500000000000014
FreeSolv,MFGP,54,43,1,96,1.0,0.0037046313415108993,0.5,0,5,65,38.500000000000014
FreeSolv,MFGP,54,44,0,619,0.1,1.6610184117133622,0.5,1,5,66,38.40000000000001
FreeSolv,MFGP,54,45,0,589,0.1,1.5132247170006896,0.5,2,5,67,38.30000000000001
FreeSolv,MFGP,54,46,0,299,0.1,0.9767008114318,0.5,3,5,68,38.20000000000001
FreeSolv,MFGP,54,47,0,2,0.1,0.730579377723783,0.5,4,5,69,38.100000000000016
FreeSolv,MFGP,54,48,0,626,0.1,0.5833536706803585,0.5,5,5,70,38.000000000000014
FreeSolv,MFGP,54,49,0,147,0.1,0.4664043076424261,0.5,6,5,71,37.90000000000001
FreeSolv,MFGP,54,50,0,181,0.1,0.4010312441514663,0.5,7,5,72,37.80000000000002
FreeSolv,MFGP,54,51,0,620,0.1,0.38950849495554246,0.5,8,5,73,37.70000000000002
FreeSolv,MFGP,54,52,0,139,0.1,0.34067226666246925,0.5,9,5,74,37.600000000000016
FreeSolv,MFGP,54,53,0,550,0.1,0.8344997587276478,0.5,10,5,75,37.500000000000014
FreeSolv,MFGP,54,54,0,232,0.1,0.34996436745981696,0.5,11,5,76,37.40000000000001
FreeSolv,MFGP,54,55,0,8,0.1,0.447807449572524,0.5,12,5,77,37.30000000000002
FreeSolv,MFGP,54,56,0,533,0.1,0.6849543336201241,0.5,13,5,78,37.20000000000002
FreeSolv,MFGP,54,57,0,501,0.1,0.5334703866152007,0.5,14,5,79,37.100000000000016
FreeSolv,MFGP,54,58,0,269,0.1,0.6511884764460021,0.5,15,5,80,37.00000000000002
FreeSolv,MFGP,54,59,0,136,0.1,1.1838548239135802,0.5,16,5,81,36.90000000000002
FreeSolv,MFGP,54,60,0,572,0.1,0.8133573438839375,0.5,17,5,82,36.80000000000002
FreeSolv,MFGP,54,61,0,540,0.1,1.3593609916686877,0.5,18,5,83,36.70000000000002
FreeSolv,MFGP,54,62,0,87,0.1,1.0128867603425165,0.5,19,5,84,36.600000000000016
FreeSolv,MFGP,54,63,0,497,0.1,1.1312475838939966,0.5,20,5,85,36.50000000000002
FreeSolv,MFGP,54,64,1,444,1.0,0.01919392649552272,0.5,0,6,85,35.50000000000002
FreeSolv,MFGP,54,65,0,301,0.1,0.9074303394748853,0.5,1,6,86,35.40000000000002
FreeSolv,MFGP,54,66,0,502,0.1,0.5809172570164092,0.5,2,6,87,35.30000000000002
FreeSolv,MFGP,54,67,0,41,0.1,0.5679059510156823,0.5,3,6,88,35.200000000000024
FreeSolv,MFGP,54,68,0,564,0.1,0.8402175144694926,0.5,4,6,89,35.10000000000002
FreeSolv,MFGP,54,69,0,638,0.1,0.6701308886667845,0.5,5,6,90,35.00000000000002
FreeSolv,MFGP,54,70,0,39,0.1,0.5344491198987489,0.5,6,6,91,34.90000000000002
FreeSolv,MFGP,54,71,0,492,0.1,0.7050743947110127,0.5,7,6,92,34.80000000000002
FreeSolv,MFGP,54,72,0,261,0.1,0.5131585826433296,0.5,8,6,93,34.700000000000024
FreeSolv,MFGP,54,73,0,384,0.1,0.42708628484487393,0.5,9,6,94,34.60000000000002
FreeSolv,MFGP,54,74,0,80,0.1,0.31040790246313593,0.5,10,6,95,34.50000000000002
FreeSolv,MFGP,54,75,0,577,0.1,0.17137809398812848,0.5,11,6,96,34.40000000000003
FreeSolv,MFGP,54,76,0,284,0.1,0.1367771015837818,0.5,12,6,97,34.300000000000026
FreeSolv,MFGP,54,77,0,193,0.1,0.3922355601518493,0.5,13,6,98,34.200000000000024
FreeSolv,MFGP,54,78,0,258,0.1,0.24661238071385552,0.5,14,6,99,34.10000000000002
FreeSolv,MFGP,54,79,0,328,0.1,0.1978180466928077,0.5,15,6,100,34.00000000000002
FreeSolv,MFGP,54,80,0,174,0.1,0.15160682058486932,0.5,16,6,101,33.90000000000003
FreeSolv,MFGP,54,81,0,525,0.1,0.12721400161489052,0.5,17,6,102,33.800000000000026
FreeSolv,MFGP,54,82,0,59,0.1,0.11572111143516327,0.5,18,6,103,33.700000000000024
FreeSolv,MFGP,54,83,0,251,0.1,0.10262118189503372,0.5,19,6,104,33.60000000000002
FreeSolv,MFGP,54,84,0,214,0.1,0.46596491428755105,0.5,20,6,105,33.50000000000002
FreeSolv,MFGP,54,85,1,261,1.0,0.03677569762986568,0.5,0,7,105,32.50000000000002
FreeSolv,MFGP,54,86,0,49,0.1,0.5488612059742578,0.5,1,7,106,32.40000000000002
FreeSolv,MFGP,54,87,0,54,0.1,0.49968470588971137,0.5,2,7,107,32.30000000000002
FreeSolv,MFGP,54,88,0,122,0.1,0.4473640214095004,0.5,3,7,108,32.20000000000002
FreeSolv,MFGP,54,89,0,104,0.1,0.9031310466932709,0.5,4,7,109,32.100000000000016
FreeSolv,MFGP,54,90,0,61,0.1,0.5120032161944033,0.5,5,7,110,32.000000000000014
FreeSolv,MFGP,54,91,0,499,0.1,0.2309245062752309,0.5,6,7,111,31.900000000000013
FreeSolv,MFGP,54,92,0,276,0.1,0.1874954641317117,0.5,7,7,112,31.80000000000001
FreeSolv,MFGP,54,93,0,222,0.1,0.1078201278242999,0.5,8,7,113,31.70000000000001
FreeSolv,MFGP,54,94,0,304,0.1,0.08655780853202122,0.5,9,7,114,31.60000000000001
FreeSolv,MFGP,54,95,0,359,0.1,0.07579679491018697,0.5,10,7,115,31.500000000000007
FreeSolv,MFGP,54,96,1,540,1.0,0.0651675313251042,0.5,0,8,115,30.500000000000007
FreeSolv,MFGP,54,97,1,41,1.0,0.054822277953312515,0.24060310218399555,0,9,115,29.500000000000007
FreeSolv,MFGP,54,98,0,633,0.1,0.05952558613683047,0.4483233040113625,1,9,116,29.400000000000006
FreeSolv,MFGP,54,99,0,313,0.1,0.05328934170134615,0.4483233040113625,2,9,117,29.300000000000004
FreeSolv,MFGP,54,100,0,498,0.1,0.046830353408859514,0.4483233040113625,3,9,118,29.200000000000003
FreeSolv,MFGP,54,101,0,275,0.1,0.04002878092086541,0.4483233040113625,4,9,119,29.1
FreeSolv,MFGP,54,102,0,186,0.1,0.0389595837252153,0.4483233040113625,5,9,120,29.0
FreeSolv,MFGP,54,103,0,615,0.1,0.03244789898608735,0.4483233040113625,6,9,121,28.9
FreeSolv,MFGP,54,104,0,86,0.1,0.029494687493057992,0.4483233040113625,7,9,122,28.799999999999997
FreeSolv,MFGP,54,105,1,393,1.0,0.02503075899237714,0.4483233040113625,0,10,122,27.799999999999997
FreeSolv,MFGP,54,106,0,98,0.1,0.0180681349966741,0.4483233040113625,1,10,123,27.699999999999996
FreeSolv,MFGP,54,107,0,55,0.1,0.018144441074088573,0.4483233040113625,2,10,124,27.599999999999994
FreeSolv,MFGP,54,108,1,501,1.0,0.01220285367546256,0.4483233040113625,0,11,124,26.599999999999994
FreeSolv,MFGP,54,109,0,37,0.1,0.010026037889167921,0.4392862808413269,1,11,125,26.499999999999993
FreeSolv,MFGP,54,110,0,500,0.1,0.010125123525812976,0.4392862808413269,2,11,126,26.39999999999999
FreeSolv,MFGP,54,111,0,129,0.1,0.009912423261652719,0.4392862808413269,3,11,127,26.29999999999999
FreeSolv,MFGP,54,112,0,373,0.1,0.008347620677286062,0.4392862808413269,4,11,128,26.19999999999999
FreeSolv,MFGP,54,113,0,131,0.1,0.007745052005398522,0.4392862808413269,5,11,129,26.099999999999987
FreeSolv,MFGP,54,114,1,139,1.0,0.006912814173015584,0.4392862808413269,0,12,129,25.099999999999987
FreeSolv,MFGP,54,115,0,363,0.1,0.009874972765288125,0.6370774740033968,1,12,130,24.999999999999986
FreeSolv,MFGP,54,116,0,332,0.1,0.009663833904132937,0.6370774740033968,2,12,131,24.899999999999984
FreeSolv,MFGP,54,117,0,103,0.1,0.008346674309421,0.6370774740033968,3,12,132,24.799999999999983
FreeSolv,MFGP,54,118,0,192,0.1,0.006821408724126744,0.6370774740033968,4,12,133,24.69999999999998
FreeSolv,MFGP,54,119,0,240,0.1,0.006506456257701131,0.6370774740033968,5,12,134,24.59999999999998
FreeSolv,MFGP,54,120,0,252,0.1,0.007554007176502336,0.6370774740033968,6,12,135,24.49999999999998
FreeSolv,MFGP,54,121,0,257,0.1,0.014318614047563941,0.6370774740033968,7,12,136,24.399999999999977
FreeSolv,MFGP,54,122,0,216,0.1,0.012555215848597054,0.6370774740033968,8,12,137,24.299999999999976
FreeSolv,MFGP,54,123,0,398,0.1,0.011572526712693147,0.6370774740033968,9,12,138,24.199999999999974
FreeSolv,MFGP,54,124,0,198,0.1,0.011150473462636049,0.6370774740033968,10,12,139,24.099999999999973
FreeSolv,MFGP,54,125,1,496,1.0,0.009916327319655006,0.6370774740033968,0,13,139,23.099999999999973
FreeSolv,MFGP,54,126,0,484,0.1,0.009271295095582438,0.6370774740033968,1,13,140,22.99999999999997
FreeSolv,MFGP,54,127,1,271,1.0,0.008536304129990381,0.6370774740033968,0,14,140,21.99999999999997
FreeSolv,MFGP,54,128,0,315,0.1,0.007793017415613759,0.6370774740033968,1,14,141,21.89999999999997
FreeSolv,MFGP,54,129,0,573,0.1,0.006820164911001898,0.6370774740033968,2,14,142,21.79999999999997
FreeSolv,MFGP,54,130,0,105,0.1,0.007851424984423821,0.6370774740033968,3,14,143,21.699999999999967
FreeSolv,MFGP,54,131,0,292,0.1,0.0057816758924085655,0.6370774740033968,4,14,144,21.599999999999966
FreeSolv,MFGP,54,132,0,102,0.1,0.0051462536775464755,0.6370774740033968,5,14,145,21.499999999999964
FreeSolv,MFGP,54,133,1,269,1.0,0.004980570433986885,0.6370774740033968,0,15,145,20.499999999999964
FreeSolv,MFGP,54,134,0,75,0.1,0.004609517049951567,0.6136029836228569,1,15,146,20.399999999999963
FreeSolv,MFGP,54,135,0,127,0.1,0.004261149778304696,0.6136029836228569,2,15,147,20.29999999999996
FreeSolv,MFGP,54,136,1,337,1.0,0.00390849826430548,0.6136029836228569,0,16,147,19.29999999999996
FreeSolv,MFGP,54,137,0,604,0.1,0.003548124952867955,0.6136029836228569,1,16,148,19.19999999999996
FreeSolv,MFGP,54,138,0,605,0.1,0.0031432062259430273,0.6136029836228569,2,16,149,19.09999999999996
FreeSolv,MFGP,54,139,1,122,1.0,0.0030073063764328445,0.6136029836228569,0,17,149,18.09999999999996
FreeSolv,MFGP,54,140,1,49,1.0,0.025529688257197175,0.4213868128733803,0,18,149,17.09999999999996
FreeSolv,MFGP,54,141,1,251,1.0,0.03912160287837134,0.3310523430709087,0,19,149,16.09999999999996
FreeSolv,MFGP,54,142,1,222,1.0,0.0056492808411162596,0.4539962148117818,0,20,149,15.099999999999959
FreeSolv,MFGP,54,143,0,344,0.1,0.003587792502357072,0.8587157273212919,1,20,150,14.99999999999996
FreeSolv,MFGP,54,144,0,395,0.1,0.0033765423088691566,0.8587157273212919,2,20,151,14.899999999999958
FreeSolv,MFGP,54,145,0,333,0.1,0.003147078528072171,0.8587157273212919,3,20,152,14.799999999999956
FreeSolv,MFGP,54,146,0,434,0.1,0.002846378348931517,0.8587157273212919,4,20,153,14.699999999999955
FreeSolv,MFGP,54,147,1,240,1.0,0.0025190612280017663,0.8587157273212919,0,21,153,13.699999999999953
FreeSolv,MFGP,54,148,0,457,0.1,0.0030042712083773633,0.8989643967826747,1,21,154,13.599999999999953
FreeSolv,MFGP,54,149,0,412,0.1,0.009453036288936964,0.8989643967826747,2,21,155,13.499999999999952
FreeSolv,MFGP,54,150,0,458,0.1,0.0032925444747878294,0.8989643967826747,3,21,156,13.39999999999995
FreeSolv,MFGP,54,151,1,560,1.0,0.002987582188389685,0.8989643967826747,0,22,156,12.399999999999949
FreeSolv,MFGP,54,152,1,284,1.0,0.0025523801115440725,0.8989643967826747,0,23,156,11.399999999999949
FreeSolv,MFGP,54,153,0,453,0.1,0.002652823860411711,0.897540980485343,1,23,157,11.29999999999995
FreeSolv,MFGP,54,154,0,555,0.1,0.0024527111126544463,0.897540980485343,2,23,158,11.199999999999948
FreeSolv,MFGP,54,155,0,442,0.1,0.002224329229963828,0.897540980485343,3,23,159,11.099999999999946
FreeSolv,MFGP,54,156,0,290,0.1,0.0018037939625697803,0.897540980485343,4,23,160,10.999999999999945
FreeSolv,MFGP,54,157,0,639,0.1,0.0027332679973655913,0.897540980485343,5,23,161,10.899999999999944
FreeSolv,MFGP,54,158,0,266,0.1,0.0019320015005454601,0.897540980485343,6,23,162,10.799999999999942
FreeSolv,MFGP,54,159,0,348,0.1,0.0015503046439306917,0.897540980485343,7,23,163,10.69999999999994
FreeSolv,MFGP,54,160,0,488,0.1,0.0014475377324590954,0.897540980485343,8,23,164,10.59999999999994
FreeSolv,MFGP,54,161,0,557,0.1,0.002895860234260215,0.897540980485343,9,23,165,10.499999999999938
FreeSolv,MFGP,54,162,0,443,0.1,0.0014880599624338673,0.897540980485343,10,23,166,10.399999999999936
FreeSolv,MFGP,54,163,0,67,0.1,0.0015165787449082956,0.897540980485343,11,23,167,10.299999999999935
FreeSolv,MFGP,54,164,0,350,0.1,0.001441245977625363,0.897540980485343,12,23,168,10.199999999999934
FreeSolv,MFGP,54,165,0,108,0.1,0.0011454160710708057,0.897540980485343,13,23,169,10.099999999999932
FreeSolv,MFGP,54,166,0,531,0.1,0.0010755241912834006,0.897540980485343,14,23,170,9.99999999999993
FreeSolv,MFGP,54,167,0,250,0.1,0.0009051923976559856,0.897540980485343,15,23,171,9.89999999999993
FreeSolv,MFGP,54,168,1,508,1.0,0.0007809888913612381,0.897540980485343,0,24,171,8.899999999999928
FreeSolv,MFGP,54,169,0,42,0.1,0.0007489333773006943,0.897540980485343,1,24,172,8.799999999999928
FreeSolv,MFGP,54,170,0,452,0.1,0.0007229067710563759,0.897540980485343,2,24,173,8.699999999999926
FreeSolv,MFGP,54,171,1,39,1.0,0.0006617105009237888,0.897540980485343,0,25,173,7.699999999999925
FreeSolv,MFGP,54,172,1,483,1.0,0.0005666455041624897,0.9022932177248507,0,26,173,6.699999999999925
FreeSolv,MFGP,54,173,0,404,0.1,0.0005533115928717075,0.9022932177248507,1,26,174,6.599999999999925
FreeSolv,MFGP,54,174,0,441,0.1,0.0008060759750715955,0.9022932177248507,2,26,175,6.499999999999924
FreeSolv,MFGP,54,175,1,457,1.0,0.0004657816241226253,0.9022932177248507,0,27,175,5.499999999999922
FreeSolv,MFGP,54,176,0,362,0.1,0.00041330434637180377,0.9392897035675124,1,27,176,5.399999999999922
FreeSolv,MFGP,54,177,0,101,0.1,0.003877162187445229,0.9392897035675124,2,27,177,5.299999999999921
FreeSolv,MFGP,54,178,0,287,0.1,0.002521593749613629,0.9392897035675124,3,27,178,5.199999999999919
FreeSolv,MFGP,54,179,0,25,0.1,0.0020610672702494354,0.9392897035675124,4,27,179,5.099999999999918
FreeSolv,MFGP,54,180,0,408,0.1,0.001979111948706558,0.9392897035675124,5,27,180,4.9999999999999165
FreeSolv,MFGP,54,181,0,262,0.1,0.0018492799829345078,0.9392897035675124,6,27,181,4.899999999999915
FreeSolv,MFGP,54,182,0,327,0.1,0.001722912166402617,0.9392897035675124,7,27,182,4.799999999999914
FreeSolv,MFGP,54,183,0,230,0.1,0.0016377178143585256,0.9392897035675124,8,27,183,4.699999999999912
FreeSolv,MFGP,54,184,0,265,0.1,0.0013523537826996956,0.9392897035675124,9,27,184,4.599999999999911
FreeSolv,MFGP,54,185,0,356,0.1,0.0015405047413558238,0.9392897035675124,10,27,185,4.499999999999909
FreeSolv,MFGP,54,186,0,329,0.1,0.0014994749598023227,0.9392897035675124,11,27,186,4.399999999999908
FreeSolv,MFGP,54,187,0,342,0.1,0.001163351719134798,0.9392897035675124,12,27,187,4.299999999999907
FreeSolv,MFGP,54,188,1,507,1.0,0.001143966401551403,0.9392897035675124,0,28,187,3.299999999999905
FreeSolv,MFGP,54,189,0,263,0.1,0.0011312762105104026,0.9392897035675124,1,28,188,3.1999999999999047
FreeSolv,MFGP,54,190,0,279,0.1,0.0013367523662201142,0.9392897035675124,2,28,189,3.0999999999999033
FreeSolv,MFGP,54,191,0,597,0.1,0.0010056259986335127,0.9392897035675124,3,28,190,2.999999999999902
FreeSolv,MFGP,54,192,0,419,0.1,0.0007751709118661727,0.9392897035675124,4,28,191,2.8999999999999004
FreeSolv,MFGP,54,193,0,374,0.1,0.0007626775548748525,0.9392897035675124,5,28,192,2.799999999999899
FreeSolv,MFGP,54,194,0,204,0.1,0.0006580978250412418,0.9392897035675124,6,28,193,2.6999999999998976
FreeSolv,MFGP,54,195,0,191,0.1,0.0006071198943777121,0.9392897035675124,7,28,194,2.599999999999896
FreeSolv,MFGP,54,196,0,88,0.1,0.0005208196771364194,0.9392897035675124,8,28,195,2.4999999999998948
FreeSolv,MFGP,54,197,1,220,1.0,0.0005016253007381153,0.9392897035675124,0,29,195,1.4999999999998934
FreeSolv,MFGP,54,198,0,24,0.1,0.0004599428028053429,0.9453672481553924,1,29,196,1.3999999999998933
FreeSolv,MFGP,54,199,0,6,0.1,0.00033351270607439264,0.9453672481553924,2,29,197,1.299999999999892
FreeSolv,MFGP,54,200,0,331,0.1,0.00029564234664938486,0.9453672481553924,3,29,198,1.1999999999998905
FreeSolv,MFGP,54,201,1,188,1.0,0.0002573187353592369,0.9453672481553924,0,30,198,0.19999999999988916
FreeSolv,MFGP,54,202,0,357,0.1,0.00022138948437265484,0.9453672481553924,1,30,199,0.09999999999988915
FreeSolv,MFGP,55,1,1,515,1.0,3.7123241239947866,0.5,0,3,25,44.5
FreeSolv,MFGP,55,2,0,456,0.1,1.1026928658855462,0.5,1,3,26,44.4
FreeSolv,MFGP,55,3,0,224,0.1,1.3462891712145575,0.5,2,3,27,44.3
FreeSolv,MFGP,55,4,0,161,0.1,1.1550061069888655,0.5,3,3,28,44.199999999999996
FreeSolv,MFGP,55,5,0,631,0.1,1.2107849213067645,0.5,4,3,29,44.1
FreeSolv,MFGP,55,6,0,530,0.1,1.313968624865568,0.5,5,3,30,44.0
FreeSolv,MFGP,55,7,0,368,0.1,1.400381498720874,0.5,6,3,31,43.9
FreeSolv,MFGP,55,8,0,166,0.1,1.8421017446680925,0.5,7,3,32,43.800000000000004
FreeSolv,MFGP,55,9,0,206,0.1,1.9659102669238626,0.5,8,3,33,43.7
FreeSolv,MFGP,55,10,0,187,0.1,1.8690225942183385,0.5,9,3,34,43.6
FreeSolv,MFGP,55,11,0,10,0.1,1.6878395158131403,0.5,10,3,35,43.5
FreeSolv,MFGP,55,12,0,91,0.1,1.6077409695315807,0.5,11,3,36,43.4
FreeSolv,MFGP,55,13,0,141,0.1,1.502402237467877,0.5,12,3,37,43.300000000000004
FreeSolv,MFGP,55,14,0,128,0.1,1.606881629729328,0.5,13,3,38,43.2
FreeSolv,MFGP,55,15,0,77,0.1,1.635525409656191,0.5,14,3,39,43.1
FreeSolv,MFGP,55,16,0,282,0.1,1.5720968667724322,0.5,15,3,40,43.00000000000001
FreeSolv,MFGP,55,17,0,238,0.1,1.5440070766340352,0.5,16,3,41,42.900000000000006
FreeSolv,MFGP,55,18,0,200,0.1,1.4820426966614613,0.5,17,3,42,42.800000000000004
FreeSolv,MFGP,55,19,0,413,0.1,1.4783561296771757,0.5,18,3,43,42.7
FreeSolv,MFGP,55,20,0,172,0.1,1.5684049819825734,0.5,19,3,44,42.6
FreeSolv,MFGP,55,21,0,472,0.1,1.4020958499825447,0.5,20,3,45,42.50000000000001
FreeSolv,MFGP,55,22,1,620,1.0,0.0012446142149563928,0.5,0,4,45,41.50000000000001
FreeSolv,MFGP,55,23,0,53,0.1,2.3280361138976184,0.5,1,4,46,41.400000000000006
FreeSolv,MFGP,55,24,0,351,0.1,1.3501170622766394,0.5,2,4,47,41.300000000000004
FreeSolv,MFGP,55,25,0,436,0.1,1.2868765983785613,0.5,3,4,48,41.20000000000001
FreeSolv,MFGP,55,26,0,337,0.1,1.8251799376182902,0.5,4,4,49,41.10000000000001
FreeSolv,MFGP,55,27,0,31,0.1,1.9226905677652713,0.5,5,4,50,41.00000000000001
FreeSolv,MFGP,55,28,0,2,0.1,2.0064773202597785,0.5,6,4,51,40.900000000000006
FreeSolv,MFGP,55,29,0,327,0.1,1.88129360452663,0.5,7,4,52,40.800000000000004
FreeSolv,MFGP,55,30,0,289,0.1,1.523801035625898,0.5,8,4,53,40.70000000000001
FreeSolv,MFGP,55,31,0,66,0.1,1.373208341585034,0.5,9,4,54,40.60000000000001
FreeSolv,MFGP,55,32,0,233,0.1,1.556348243031165,0.5,10,4,55,40.50000000000001
FreeSolv,MFGP,55,33,0,486,0.1,1.6994411825386602,0.5,11,4,56,40.40000000000001
FreeSolv,MFGP,55,34,0,96,0.1,1.5285754670546483,0.5,12,4,57,40.30000000000001
FreeSolv,MFGP,55,35,0,83,0.1,1.7160493002212451,0.5,13,4,58,40.20000000000001
FreeSolv,MFGP,55,36,0,589,0.1,1.2594582593615637,0.5,14,4,59,40.10000000000001
FreeSolv,MFGP,55,37,0,105,0.1,1.2407715194477533,0.5,15,4,60,40.00000000000001
FreeSolv,MFGP,55,38,0,191,0.1,0.9845375065360334,0.5,16,4,61,39.90000000000001
FreeSolv,MFGP,55,39,0,619,0.1,0.9946169032492943,0.5,17,4,62,39.80000000000001
FreeSolv,MFGP,55,40,0,369,0.1,1.0109305337580443,0.5,18,4,63,39.70000000000001
FreeSolv,MFGP,55,41,0,328,0.1,0.8335869016617348,0.5,19,4,64,39.600000000000016
FreeSolv,MFGP,55,42,0,258,0.1,0.9570342961201944,0.5,20,4,65,39.500000000000014
FreeSolv,MFGP,55,43,1,25,1.0,0.0033285846705323335,0.5,0,5,65,38.500000000000014
FreeSolv,MFGP,55,44,0,626,0.1,0.6579333986999886,0.5,1,5,66,38.40000000000001
FreeSolv,MFGP,55,45,0,139,0.1,0.7388478800755046,0.5,2,5,67,38.30000000000001
FreeSolv,MFGP,55,46,0,550,0.1,1.0861936897582214,0.5,3,5,68,38.20000000000001
FreeSolv,MFGP,55,47,0,186,0.1,0.8076301420084553,0.5,4,5,69,38.100000000000016
FreeSolv,MFGP,55,48,0,6,0.1,0.6649257232791609,0.5,5,5,70,38.000000000000014
FreeSolv,MFGP,55,49,0,129,0.1,0.6899952620841593,0.5,6,5,71,37.90000000000001
FreeSolv,MFGP,55,50,0,301,0.1,0.46774685896036794,0.5,7,5,72,37.80000000000002
FreeSolv,MFGP,55,51,0,422,0.1,0.7059345409308154,0.5,8,5,73,37.70000000000002
FreeSolv,MFGP,55,52,0,87,0.1,0.6382743069829507,0.5,9,5,74,37.600000000000016
FreeSolv,MFGP,55,53,0,444,0.1,1.2529298570778316,0.5,10,5,75,37.500000000000014
FreeSolv,MFGP,55,54,0,572,0.1,0.7629451117480304,0.5,11,5,76,37.40000000000001
FreeSolv,MFGP,55,55,0,497,0.1,1.1718463072128018,0.5,12,5,77,37.30000000000002
FreeSolv,MFGP,55,56,0,540,0.1,1.0466486308550302,0.5,13,5,78,37.20000000000002
FreeSolv,MFGP,55,57,0,269,0.1,0.7928942655279373,0.5,14,5,79,37.100000000000016
FreeSolv,MFGP,55,58,0,41,0.1,0.7241819348260686,0.5,15,5,80,37.00000000000002
FreeSolv,MFGP,55,59,0,564,0.1,1.0121144330426006,0.5,16,5,81,36.90000000000002
FreeSolv,MFGP,55,60,0,39,0.1,0.824597263023672,0.5,17,5,82,36.80000000000002
FreeSolv,MFGP,55,61,0,492,0.1,0.9311514784748346,0.5,18,5,83,36.70000000000002
FreeSolv,MFGP,55,62,0,80,0.1,0.9157805989518586,0.5,19,5,84,36.600000000000016
FreeSolv,MFGP,55,63,0,384,0.1,0.6741676375549233,0.5,20,5,85,36.50000000000002
FreeSolv,MFGP,55,64,1,39,1.0,0.002217263143142797,0.5,0,6,85,35.50000000000002
FreeSolv,MFGP,55,65,0,501,0.1,0.37594997884890263,0.5,1,6,86,35.40000000000002
FreeSolv,MFGP,55,66,0,533,0.1,0.6209284874070272,0.5,2,6,87,35.30000000000002
FreeSolv,MFGP,55,67,0,8,0.1,0.33502742055589935,0.5,3,6,88,35.200000000000024
FreeSolv,MFGP,55,68,0,261,0.1,0.317651248339454,0.5,4,6,89,35.10000000000002
FreeSolv,MFGP,55,69,0,284,0.1,0.21438515716990209,0.5,5,6,90,35.00000000000002
FreeSolv,MFGP,55,70,0,193,0.1,0.3322485679527054,0.5,6,6,91,34.90000000000002
FreeSolv,MFGP,55,71,0,638,0.1,0.18382842538723498,0.5,7,6,92,34.80000000000002
FreeSolv,MFGP,55,72,0,181,0.1,0.17351139408590122,0.5,8,6,93,34.700000000000024
FreeSolv,MFGP,55,73,0,275,0.1,0.15063364454235034,0.5,9,6,94,34.60000000000002
FreeSolv,MFGP,55,74,0,577,0.1,0.15034923385571433,0.5,10,6,95,34.50000000000002
FreeSolv,MFGP,55,75,0,525,0.1,0.12024521643083722,0.5,11,6,96,34.40000000000003
FreeSolv,MFGP,55,76,0,276,0.1,0.1166645159615047,0.5,12,6,97,34.300000000000026
FreeSolv,MFGP,55,77,0,49,0.1,0.16668761220009543,0.5,13,6,98,34.200000000000024
FreeSolv,MFGP,55,78,0,251,0.1,0.5241372557207352,0.5,14,6,99,34.10000000000002
FreeSolv,MFGP,55,79,0,54,0.1,0.5704647714272933,0.5,15,6,100,34.00000000000002
FreeSolv,MFGP,55,80,0,122,0.1,0.4999164278359139,0.5,16,6,101,33.90000000000003
FreeSolv,MFGP,55,81,0,104,0.1,0.9833046649453078,0.5,17,6,102,33.800000000000026
FreeSolv,MFGP,55,82,0,61,0.1,0.5710788372564243,0.5,18,6,103,33.700000000000024
FreeSolv,MFGP,55,83,0,499,0.1,0.1932195077328734,0.5,19,6,104,33.60000000000002
FreeSolv,MFGP,55,84,0,144,0.1,0.125932244079541,0.5,20,6,105,33.50000000000002
FreeSolv,MFGP,55,85,1,261,1.0,0.0840075137807871,0.5,0,7,105,32.50000000000002
FreeSolv,MFGP,55,86,0,361,0.1,0.19338329861110123,0.853841637354459,1,7,106,32.40000000000002
FreeSolv,MFGP,55,87,0,605,0.1,0.15108699115700328,0.853841637354459,2,7,107,32.30000000000002
FreeSolv,MFGP,55,88,0,615,0.1,0.13049917629981514,0.853841637354459,3,7,108,32.20000000000002
FreeSolv,MFGP,55,89,0,216,0.1,0.11852031969069698,0.853841637354459,4,7,109,32.100000000000016
FreeSolv,MFGP,55,90,0,485,0.1,0.11355305994582768,0.853841637354459,5,7,110,32.000000000000014
FreeSolv,MFGP,55,91,0,136,0.1,0.09855355115638884,0.853841637354459,6,7,111,31.900000000000013
FreeSolv,MFGP,55,92,0,498,0.1,0.09240213274415228,0.853841637354459,7,7,112,31.80000000000001
FreeSolv,MFGP,55,93,0,359,0.1,0.08751505496756333,0.853841637354459,8,7,113,31.70000000000001
FreeSolv,MFGP,55,94,0,425,0.1,0.07997948213822219,0.853841637354459,9,7,114,31.60000000000001
FreeSolv,MFGP,55,95,0,168,0.1,0.06924084598659867,0.853841637354459,10,7,115,31.500000000000007
FreeSolv,MFGP,55,96,0,377,0.1,0.058289219560411894,0.853841637354459,11,7,116,31.400000000000006
FreeSolv,MFGP,55,97,0,313,0.1,0.05692010786818726,0.853841637354459,12,7,117,31.300000000000004
FreeSolv,MFGP,55,98,0,579,0.1,0.046936003576273554,0.853841637354459,13,7,118,31.200000000000003
FreeSolv,MFGP,55,99,0,596,0.1,0.04093099016898305,0.853841637354459,14,7,119,31.1
FreeSolv,MFGP,55,100,0,500,0.1,0.034167175228033475,0.853841637354459,15,7,120,31.0
FreeSolv,MFGP,55,101,0,59,0.1,0.05996286414656116,0.853841637354459,16,7,121,30.9
FreeSolv,MFGP,55,102,0,100,0.1,0.04013547664495698,0.853841637354459,17,7,122,30.799999999999997
FreeSolv,MFGP,55,103,0,222,0.1,0.02933175494877922,0.853841637354459,18,7,123,30.699999999999996
FreeSolv,MFGP,55,104,0,67,0.1,0.02885043743860922,0.853841637354459,19,7,124,30.599999999999994
FreeSolv,MFGP,55,105,0,304,0.1,0.02525325073286802,0.853841637354459,20,7,125,30.499999999999993
FreeSolv,MFGP,55,106,1,41,1.0,0.0230270823625901,0.853841637354459,0,8,125,29.499999999999993
FreeSolv,MFGP,55,107,0,496,0.1,0.019735001124360323,0.5640931775956447,1,8,126,29.39999999999999
FreeSolv,MFGP,55,108,0,103,0.1,0.017327789306503825,0.5640931775956447,2,8,127,29.29999999999999
FreeSolv,MFGP,55,109,0,453,0.1,0.013832931291280269,0.5640931775956447,3,8,128,29.19999999999999
FreeSolv,MFGP,55,110,0,430,0.1,0.016184121720528386,0.5640931775956447,4,8,129,29.099999999999987
FreeSolv,MFGP,55,111,0,325,0.1,0.012475580877267077,0.5640931775956447,5,8,130,28.999999999999986
FreeSolv,MFGP,55,112,0,131,0.1,0.01033459902718935,0.5640931775956447,6,8,131,28.899999999999984
FreeSolv,MFGP,55,113,0,232,0.1,0.010087221602983155,0.5640931775956447,7,8,132,28.799999999999983
FreeSolv,MFGP,55,114,0,573,0.1,0.0076769225205685,0.5640931775956447,8,8,133,28.69999999999998
FreeSolv,MFGP,55,115,0,354,0.1,0.007935569149366368,0.5640931775956447,9,8,134,28.59999999999998
FreeSolv,MFGP,55,116,0,167,0.1,0.007211696639685759,0.5640931775956447,10,8,135,28.49999999999998
FreeSolv,MFGP,55,117,0,37,0.1,0.006736004322854851,0.5640931775956447,11,8,136,28.399999999999977
FreeSolv,MFGP,55,118,0,55,0.1,0.0053550246949252795,0.5640931775956447,12,8,137,28.299999999999976
FreeSolv,MFGP,55,119,0,75,0.1,0.005163997598781076,0.5640931775956447,13,8,138,28.199999999999974
FreeSolv,MFGP,55,120,0,290,0.1,0.00458733402220287,0.5640931775956447,14,8,139,28.099999999999973
FreeSolv,MFGP,55,121,0,333,0.1,0.004617128567165328,0.5640931775956447,15,8,140,27.99999999999997
FreeSolv,MFGP,55,122,1,284,1.0,0.004110516906441299,0.5640931775956447,0,9,140,26.99999999999997
FreeSolv,MFGP,55,123,0,292,0.1,0.004555214250472978,0.7475399166132991,1,9,141,26.89999999999997
FreeSolv,MFGP,55,124,0,373,0.1,0.0045830041632940076,0.7475399166132991,2,9,142,26.79999999999997
FreeSolv,MFGP,55,125,1,501,1.0,0.004250176036239995,0.7475399166132991,0,10,142,25.79999999999997
FreeSolv,MFGP,55,126,1,393,1.0,0.011874208571438297,0.6555474333294867,0,11,142,24.79999999999997
FreeSolv,MFGP,55,127,1,269,1.0,0.010968354303694007,0.6555474333294867,0,12,142,23.79999999999997
FreeSolv,MFGP,55,128,1,139,1.0,0.009228034449879227,0.6590546868407984,0,13,142,22.79999999999997
FreeSolv,MFGP,55,129,1,122,1.0,0.0032665553188562096,0.6618216410488816,0,14,142,21.79999999999997
FreeSolv,MFGP,55,130,1,49,1.0,0.016339714925705198,0.4965444627394582,0,15,142,20.79999999999997
FreeSolv,MFGP,55,131,1,251,1.0,0.027178196905598778,0.41202841147073854,0,16,142,19.79999999999997
FreeSolv,MFGP,55,132,1,257,1.0,0.011657726052327774,0.49511954786293577,0,17,142,18.79999999999997
FreeSolv,MFGP,55,133,1,271,1.0,0.003206456226225153,0.49511954786293577,0,18,142,17.79999999999997
FreeSolv,MFGP,55,134,0,452,0.1,0.003341273535067167,0.49511954786293577,1,18,143,17.699999999999967
FreeSolv,MFGP,55,135,1,252,1.0,0.002497088835248462,0.49511954786293577,0,19,143,16.699999999999967
FreeSolv,MFGP,55,136,0,250,0.1,0.0031951072017752974,0.49511954786293577,1,19,144,16.599999999999966
FreeSolv,MFGP,55,137,0,463,0.1,0.002622177621269849,0.49511954786293577,2,19,145,16.499999999999964
FreeSolv,MFGP,55,138,0,457,0.1,0.0021518547859466675,0.49511954786293577,3,19,146,16.399999999999963
FreeSolv,MFGP,55,139,0,412,0.1,0.005972079911431267,0.49511954786293577,4,19,147,16.29999999999996
FreeSolv,MFGP,55,140,0,639,0.1,0.002257062452338831,0.49511954786293577,5,19,148,16.19999999999996
FreeSolv,MFGP,55,141,0,108,0.1,0.0019722091003293676,0.49511954786293577,6,19,149,16.09999999999996
FreeSolv,MFGP,55,142,0,190,0.1,0.001870682151360739,0.49511954786293577,7,19,150,15.99999999999996
FreeSolv,MFGP,55,143,0,420,0.1,0.0016165783530644802,0.49511954786293577,8,19,151,15.899999999999958
FreeSolv,MFGP,55,144,0,358,0.1,0.0021585606130002065,0.49511954786293577,9,19,152,15.799999999999956
FreeSolv,MFGP,55,145,0,240,0.1,0.0024418736410263876,0.49511954786293577,10,19,153,15.699999999999955
FreeSolv,MFGP,55,146,0,93,0.1,0.0031854866015016254,0.49511954786293577,11,19,154,15.599999999999953
FreeSolv,MFGP,55,147,0,336,0.1,0.0032491864253530113,0.49511954786293577,12,19,155,15.499999999999952
FreeSolv,MFGP,55,148,0,434,0.1,0.002741078326498627,0.49511954786293577,13,19,156,15.39999999999995
FreeSolv,MFGP,55,149,0,350,0.1,0.0019441768455388992,0.49511954786293577,14,19,157,15.29999999999995
FreeSolv,MFGP,55,150,0,198,0.1,0.001407196449089917,0.49511954786293577,15,19,158,15.199999999999948
FreeSolv,MFGP,55,151,0,397,0.1,0.0012396449347058564,0.49511954786293577,16,19,159,15.099999999999946
FreeSolv,MFGP,55,152,0,310,0.1,0.0011367182169775988,0.49511954786293577,17,19,160,14.999999999999945
FreeSolv,MFGP,55,153,0,632,0.1,0.0011031686940176989,0.49511954786293577,18,19,161,14.899999999999944
FreeSolv,MFGP,55,154,0,265,0.1,0.0007827238025925699,0.49511954786293577,19,19,162,14.799999999999942
FreeSolv,MFGP,55,155,0,356,0.1,0.0010368591917735382,0.49511954786293577,20,19,163,14.69999999999994
FreeSolv,MFGP,55,156,1,483,1.0,0.0007701157709029977,0.49511954786293577,0,20,163,13.699999999999939
FreeSolv,MFGP,55,157,0,46,0.1,0.0010490929429827316,0.49511954786293577,1,20,164,13.59999999999994
FreeSolv,MFGP,55,158,0,458,0.1,0.0007801050141201537,0.49511954786293577,2,20,165,13.499999999999938
FreeSolv,MFGP,55,159,0,344,0.1,0.0008424188164905306,0.49511954786293577,3,20,166,13.399999999999936
FreeSolv,MFGP,55,160,1,444,1.0,0.0006235153109659377,0.49511954786293577,0,21,166,12.399999999999935
FreeSolv,MFGP,55,161,1,560,1.0,0.0005101571961195379,0.4901924081352837,0,22,166,11.399999999999935
FreeSolv,MFGP,55,162,1,457,1.0,0.0004937850894108798,0.4901924081352837,0,23,166,10.399999999999935
FreeSolv,MFGP,55,163,0,375,0.1,0.0006729090446134493,0.9104181413779412,1,23,167,10.299999999999935
FreeSolv,MFGP,55,164,0,633,0.1,0.0006281749405634772,0.9104181413779412,2,23,168,10.199999999999934
FreeSolv,MFGP,55,165,0,342,0.1,0.0004970611001246195,0.9104181413779412,3,23,169,10.099999999999932
FreeSolv,MFGP,55,166,0,88,0.1,0.00042510155771249044,0.9104181413779412,4,23,170,9.99999999999993
FreeSolv,MFGP,55,167,0,134,0.1,0.00044140867970774876,0.9104181413779412,5,23,171,9.89999999999993
FreeSolv,MFGP,55,168,0,600,0.1,0.0003661344350709975,0.9104181413779412,6,23,172,9.799999999999928
FreeSolv,MFGP,55,169,0,173,0.1,0.00043748367724279994,0.9104181413779412,7,23,173,9.699999999999926
FreeSolv,MFGP,55,170,0,266,0.1,0.000304102627564673,0.9104181413779412,8,23,174,9.599999999999925
FreeSolv,MFGP,55,171,1,182,1.0,0.0002989142872590572,0.9104181413779412,0,24,174,8.599999999999923
FreeSolv,MFGP,55,172,0,450,0.1,0.0002493653354960862,0.8448256464700377,1,24,175,8.499999999999924
FreeSolv,MFGP,55,173,0,102,0.1,0.00022161109623345646,0.8448256464700377,2,24,176,8.399999999999922
FreeSolv,MFGP,55,174,1,220,1.0,0.0002138620113556135,0.8448256464700377,0,25,176,7.39999999999992
FreeSolv,MFGP,55,175,0,374,0.1,0.0002023124352367026,0.8848514534729275,1,25,177,7.299999999999921
FreeSolv,MFGP,55,176,0,488,0.1,0.00017246650989811407,0.8848514534729275,2,25,178,7.199999999999919
FreeSolv,MFGP,55,177,1,544,1.0,0.00026562810439816455,0.8848514534729275,0,26,178,6.199999999999918
FreeSolv,MFGP,55,178,1,368,1.0,0.00026652405198882186,0.8848514534729275,0,27,178,5.199999999999918
FreeSolv,MFGP,55,179,1,328,1.0,0.00019357449828639323,0.8858299938650765,0,28,178,4.199999999999918
FreeSolv,MFGP,55,180,0,419,0.1,0.00018456892264180055,0.8858004481913702,1,28,179,4.099999999999918
FreeSolv,MFGP,55,181,0,256,0.1,0.00013743296605787727,0.8858004481913702,2,28,180,3.999999999999916
FreeSolv,MFGP,55,182,0,610,0.1,0.00013155068626875685,0.8858004481913702,3,28,181,3.8999999999999146
FreeSolv,MFGP,55,183,0,348,0.1,9.800865037405549e-05,0.8858004481913702,4,28,182,3.7999999999999132
FreeSolv,MFGP,55,184,0,311,0.1,9.932469771415801e-05,0.8858004481913702,5,28,183,3.699999999999912
FreeSolv,MFGP,55,185,0,362,0.1,8.925201042722648e-05,0.8858004481913702,6,28,184,3.5999999999999104
FreeSolv,MFGP,55,186,0,86,0.1,0.005526205448030459,0.8858004481913702,7,28,185,3.499999999999909
FreeSolv,MFGP,55,187,0,287,0.1,0.0058301160649463606,0.8858004481913702,8,28,186,3.3999999999999075
FreeSolv,MFGP,55,188,0,192,0.1,0.004863005608940304,0.8858004481913702,9,28,187,3.299999999999906
FreeSolv,MFGP,55,189,0,26,0.1,0.0036462561101283522,0.8858004481913702,10,28,188,3.1999999999999047
FreeSolv,MFGP,55,190,0,14,0.1,0.002657425292515142,0.8858004481913702,11,28,189,3.0999999999999033
FreeSolv,MFGP,55,191,0,174,0.1,0.0020569122887131655,0.8858004481913702,12,28,190,2.999999999999902
FreeSolv,MFGP,55,192,0,329,0.1,0.001800267885793121,0.8858004481913702,13,28,191,2.8999999999999004
FreeSolv,MFGP,55,193,0,179,0.1,0.0016299362573399664,0.8858004481913702,14,28,192,2.799999999999899
FreeSolv,MFGP,55,194,0,263,0.1,0.0014129400115935396,0.8858004481913702,15,28,193,2.6999999999998976
FreeSolv,MFGP,55,195,0,204,0.1,0.0012709859521152572,0.8858004481913702,16,28,194,2.599999999999896
FreeSolv,MFGP,55,196,1,507,1.0,0.0009064948559881648,0.8858004481913702,0,29,194,1.5999999999998948
FreeSolv,MFGP,55,197,1,296,1.0,0.0008645151664304299,0.8858004481913702,0,30,194,0.5999999999998948
FreeSolv,MFGP,55,198,0,331,0.1,0.000696147426202514,0.8858004481913702,1,30,195,0.49999999999989486
FreeSolv,MFGP,55,199,0,16,0.1,0.0006881232584132164,0.8858004481913702,2,30,196,0.39999999999989344
FreeSolv,MFGP,55,200,0,408,0.1,0.0005597386090820259,0.8858004481913702,3,30,197,0.299999999999892
FreeSolv,MFGP,55,201,0,410,0.1,0.0004280223930952592,0.8858004481913702,4,30,198,0.19999999999989057
FreeSolv,MFGP,55,202,0,391,0.1,0.0003603223948940491,0.8858004481913702,5,30,199,0.09999999999988915
FreeSolv,MFGP,56,1,1,515,1.0,3.3547256018630813,0.5,0,3,25,44.5
FreeSolv,MFGP,56,2,0,257,0.1,1.7966599266267018,0.5,1,3,26,44.4
FreeSolv,MFGP,56,3,0,276,0.1,2.1422821543081,0.5,2,3,27,44.3
FreeSolv,MFGP,56,4,0,214,0.1,2.2500181603129024,0.5,3,3,28,44.199999999999996
FreeSolv,MFGP,56,5,0,499,0.1,2.2434996153330378,0.5,4,3,29,44.1
FreeSolv,MFGP,56,6,0,131,0.1,2.2346545696010067,0.5,5,3,30,44.0
FreeSolv,MFGP,56,7,0,251,0.1,2.227810476274541,0.5,6,3,31,43.9
FreeSolv,MFGP,56,8,0,54,0.1,2.0672692018033856,0.5,7,3,32,43.800000000000004
FreeSolv,MFGP,56,9,0,304,0.1,1.9099790821357476,0.5,8,3,33,43.7
FreeSolv,MFGP,56,10,0,104,0.1,1.7459137198956924,0.5,9,3,34,43.6
FreeSolv,MFGP,56,11,0,615,0.1,1.6428051757544015,0.5,10,3,35,43.5
FreeSolv,MFGP,56,12,0,437,0.1,1.5559285871876742,0.5,11,3,36,43.4
FreeSolv,MFGP,56,13,0,592,0.1,2.0676409006464422,0.5,12,3,37,43.300000000000004
FreeSolv,MFGP,56,14,0,282,0.1,2.000230889155271,0.5,13,3,38,43.2
FreeSolv,MFGP,56,15,0,377,0.1,1.9673396891768584,0.5,14,3,39,43.1
FreeSolv,MFGP,56,16,0,206,0.1,1.661381414100469,0.5,15,3,40,43.00000000000001
FreeSolv,MFGP,56,17,0,368,0.1,1.5230732959873183,0.5,16,3,41,42.900000000000006
FreeSolv,MFGP,56,18,0,166,0.1,1.6971442902935452,0.5,17,3,42,42.800000000000004
FreeSolv,MFGP,56,19,0,77,0.1,1.7763414437147156,0.5,18,3,43,42.7
FreeSolv,MFGP,56,20,0,183,0.1,1.7017017710078597,0.5,19,3,44,42.6
FreeSolv,MFGP,56,21,0,10,0.1,1.6108245379545587,0.5,20,3,45,42.50000000000001
FreeSolv,MFGP,56,22,1,435,1.0,0.0012639012619662555,0.5,0,4,45,41.50000000000001
FreeSolv,MFGP,56,23,0,141,0.1,1.4288722878560305,0.5,1,4,46,41.400000000000006
FreeSolv,MFGP,56,24,0,128,0.1,1.4880784573289896,0.5,2,4,47,41.300000000000004
FreeSolv,MFGP,56,25,0,238,0.1,1.5240212465076601,0.5,3,4,48,41.20000000000001
FreeSolv,MFGP,56,26,0,152,0.1,1.444938496635243,0.5,4,4,49,41.10000000000001
FreeSolv,MFGP,56,27,0,319,0.1,1.3936226643751748,0.5,5,4,50,41.00000000000001
FreeSolv,MFGP,56,28,0,147,0.1,1.341502455027619,0.5,6,4,51,40.900000000000006
FreeSolv,MFGP,56,29,0,369,0.1,1.3937488457210006,0.5,7,4,52,40.800000000000004
FreeSolv,MFGP,56,30,0,472,0.1,1.308337162002677,0.5,8,4,53,40.70000000000001
FreeSolv,MFGP,56,31,0,336,0.1,1.2951780408249218,0.5,9,4,54,40.60000000000001
FreeSolv,MFGP,56,32,0,473,0.1,1.2161645173294646,0.5,10,4,55,40.50000000000001
FreeSolv,MFGP,56,33,0,413,0.1,1.1556359570986954,0.5,11,4,56,40.40000000000001
FreeSolv,MFGP,56,34,0,66,0.1,1.2455343877499825,0.5,12,4,57,40.30000000000001
FreeSolv,MFGP,56,35,0,486,0.1,1.646462194823102,0.5,13,4,58,40.20000000000001
FreeSolv,MFGP,56,36,0,233,0.1,1.8036543181920506,0.5,14,4,59,40.10000000000001
FreeSolv,MFGP,56,37,0,96,0.1,1.9651725564026972,0.5,15,4,60,40.00000000000001
FreeSolv,MFGP,56,38,0,83,0.1,1.9110340970887192,0.5,16,4,61,39.90000000000001
FreeSolv,MFGP,56,39,0,299,0.1,1.9913631950954114,0.5,17,4,62,39.80000000000001
FreeSolv,MFGP,56,40,0,31,0.1,1.809115877427122,0.5,18,4,63,39.70000000000001
FreeSolv,MFGP,56,41,0,619,0.1,1.5054949633747634,0.5,19,4,64,39.600000000000016
FreeSolv,MFGP,56,42,0,589,0.1,1.5882915581422723,0.5,20,4,65,39.500000000000014
FreeSolv,MFGP,56,43,1,444,1.0,0.00024383642400210544,0.5,0,5,65,38.500000000000014
FreeSolv,MFGP,56,44,0,129,0.1,8.774972184196153,0.5,1,5,66,38.40000000000001
FreeSolv,MFGP,56,45,0,87,0.1,5.1842051590512535,0.5,2,5,67,38.30000000000001
FreeSolv,MFGP,56,46,0,422,0.1,2.970987125048293,0.5,3,5,68,38.20000000000001
FreeSolv,MFGP,56,47,0,497,0.1,1.6411583544000659,0.5,4,5,69,38.100000000000016
FreeSolv,MFGP,56,48,0,301,0.1,1.2040361430028863,0.5,5,5,70,38.000000000000014
FreeSolv,MFGP,56,49,0,517,0.1,1.0414551017962785,0.5,6,5,71,37.90000000000001
FreeSolv,MFGP,56,50,0,328,0.1,0.936119134666793,0.5,7,5,72,37.80000000000002
FreeSolv,MFGP,56,51,0,258,0.1,1.1608176101322045,0.5,8,5,73,37.70000000000002
FreeSolv,MFGP,56,52,0,524,0.1,1.0778165260226862,0.5,9,5,74,37.600000000000016
FreeSolv,MFGP,56,53,0,192,0.1,0.8045774829062327,0.5,10,5,75,37.500000000000014
FreeSolv,MFGP,56,54,0,584,0.1,0.9947606128641231,0.5,11,5,76,37.40000000000001
FreeSolv,MFGP,56,55,0,105,0.1,0.7594157199973374,0.5,12,5,77,37.30000000000002
FreeSolv,MFGP,56,56,0,626,0.1,0.7027190598541757,0.5,13,5,78,37.20000000000002
FreeSolv,MFGP,56,57,0,139,0.1,0.7051095919550066,0.5,14,5,79,37.100000000000016
FreeSolv,MFGP,56,58,0,550,0.1,0.7698810562234404,0.5,15,5,80,37.00000000000002
FreeSolv,MFGP,56,59,0,284,0.1,0.7170260600539746,0.5,16,5,81,36.90000000000002
FreeSolv,MFGP,56,60,0,620,0.1,0.7116328881841799,0.5,17,5,82,36.80000000000002
FreeSolv,MFGP,56,61,0,361,0.1,0.657977957097679,0.5,18,5,83,36.70000000000002
FreeSolv,MFGP,56,62,0,186,0.1,0.5541523703965628,0.5,19,5,84,36.600000000000016
FreeSolv,MFGP,56,63,0,605,0.1,0.4492818158297407,0.5,20,5,85,36.50000000000002
FreeSolv,MFGP,56,64,1,564,1.0,0.015001981956808907,0.5,0,6,85,35.50000000000002
FreeSolv,MFGP,56,65,0,572,0.1,0.4361643110681075,0.5,1,6,86,35.40000000000002
FreeSolv,MFGP,56,66,0,41,0.1,0.6347291671273634,0.5,2,6,87,35.30000000000002
FreeSolv,MFGP,56,67,0,633,0.1,0.6197503856865796,0.5,3,6,88,35.200000000000024
FreeSolv,MFGP,56,68,0,540,0.1,0.6001383205002548,0.5,4,6,89,35.10000000000002
FreeSolv,MFGP,56,69,0,269,0.1,0.601151098677062,0.5,5,6,90,35.00000000000002
FreeSolv,MFGP,56,70,0,501,0.1,0.5627941849262202,0.5,6,6,91,34.90000000000002
FreeSolv,MFGP,56,71,0,533,0.1,0.8392518256248604,0.5,7,6,92,34.80000000000002
FreeSolv,MFGP,56,72,0,39,0.1,0.5275009596187414,0.5,8,6,93,34.700000000000024
FreeSolv,MFGP,56,73,0,492,0.1,0.689757794836357,0.5,9,6,94,34.60000000000002
FreeSolv,MFGP,56,74,0,261,0.1,0.530176777511763,0.5,10,6,95,34.50000000000002
FreeSolv,MFGP,56,75,0,80,0.1,0.43089955767474486,0.5,11,6,96,34.40000000000003
FreeSolv,MFGP,56,76,0,384,0.1,0.39284734343739525,0.5,12,6,97,34.300000000000026
FreeSolv,MFGP,56,77,0,8,0.1,0.28146857661627833,0.5,13,6,98,34.200000000000024
FreeSolv,MFGP,56,78,0,631,0.1,0.2632610859055127,0.5,14,6,99,34.10000000000002
FreeSolv,MFGP,56,79,0,118,0.1,0.1959932545950084,0.5,15,6,100,34.00000000000002
FreeSolv,MFGP,56,80,0,338,0.1,0.19202193704006457,0.5,16,6,101,33.90000000000003
FreeSolv,MFGP,56,81,0,182,0.1,0.17032284700724695,0.5,17,6,102,33.800000000000026
FreeSolv,MFGP,56,82,0,456,0.1,0.411372099606897,0.5,18,6,103,33.700000000000024
FreeSolv,MFGP,56,83,0,313,0.1,0.17039794378384182,0.5,19,6,104,33.60000000000002
FreeSolv,MFGP,56,84,0,60,0.1,0.16007161152510913,0.5,20,6,105,33.50000000000002
FreeSolv,MFGP,56,85,1,261,1.0,0.020923832681724902,0.5,0,7,105,32.50000000000002
FreeSolv,MFGP,56,86,0,579,0.1,0.15611931925640643,0.5,1,7,106,32.40000000000002
FreeSolv,MFGP,56,87,0,122,0.1,0.14561686755416317,0.5,2,7,107,32.30000000000002
FreeSolv,MFGP,56,88,0,61,0.1,0.4817319620480062,0.5,3,7,108,32.20000000000002
FreeSolv,MFGP,56,89,0,525,0.1,0.12835520835058137,0.5,4,7,109,32.100000000000016
FreeSolv,MFGP,56,90,0,485,0.1,0.12225846883634664,0.5,5,7,110,32.000000000000014
FreeSolv,MFGP,56,91,0,498,0.1,0.11945526527537803,0.5,6,7,111,31.900000000000013
FreeSolv,MFGP,56,92,0,181,0.1,0.11026429051756811,0.5,7,7,112,31.80000000000001
FreeSolv,MFGP,56,93,0,275,0.1,0.10242669108677604,0.5,8,7,113,31.70000000000001
FreeSolv,MFGP,56,94,0,144,0.1,0.0897672681899881,0.5,9,7,114,31.60000000000001
FreeSolv,MFGP,56,95,0,136,0.1,0.08483817169520604,0.5,10,7,115,31.500000000000007
FreeSolv,MFGP,56,96,0,430,0.1,0.07226673506168332,0.5,11,7,116,31.400000000000006
FreeSolv,MFGP,56,97,0,577,0.1,0.05871881981106837,0.5,12,7,117,31.300000000000004
FreeSolv,MFGP,56,98,0,500,0.1,0.05566770190323547,0.5,13,7,118,31.200000000000003
FreeSolv,MFGP,56,99,0,271,0.1,0.05837023887205625,0.5,14,7,119,31.1
FreeSolv,MFGP,56,100,0,212,0.1,0.04345303011058607,0.5,15,7,120,31.0
FreeSolv,MFGP,56,101,0,222,0.1,0.04601518293315551,0.5,16,7,121,30.9
FreeSolv,MFGP,56,102,0,103,0.1,0.03531985280411529,0.5,17,7,122,30.799999999999997
FreeSolv,MFGP,56,103,0,98,0.1,0.03038277787904692,0.5,18,7,123,30.699999999999996
FreeSolv,MFGP,56,104,0,398,0.1,0.02791728208274686,0.5,19,7,124,30.599999999999994
FreeSolv,MFGP,56,105,0,240,0.1,0.023508285431525743,0.5,20,7,125,30.499999999999993
FreeSolv,MFGP,56,106,1,39,1.0,0.017308834940491118,0.5,0,8,125,29.499999999999993
FreeSolv,MFGP,56,107,0,102,0.1,0.0356581051770025,0.853841637354459,1,8,126,29.39999999999999
FreeSolv,MFGP,56,108,0,374,0.1,0.03249460434951174,0.853841637354459,2,8,127,29.29999999999999
FreeSolv,MFGP,56,109,0,443,0.1,0.030726147514718347,0.853841637354459,3,8,128,29.19999999999999
FreeSolv,MFGP,56,110,0,1,0.1,0.02996698490602287,0.853841637354459,4,8,129,29.099999999999987
FreeSolv,MFGP,56,111,0,216,0.1,0.04080059640433378,0.853841637354459,5,8,130,28.999999999999986
FreeSolv,MFGP,56,112,0,333,0.1,0.038247934346677885,0.853841637354459,6,8,131,28.899999999999984
FreeSolv,MFGP,56,113,0,42,0.1,0.03256662792088464,0.853841637354459,7,8,132,28.799999999999983
FreeSolv,MFGP,56,114,0,232,0.1,0.029842820211266607,0.853841637354459,8,8,133,28.69999999999998
FreeSolv,MFGP,56,115,0,59,0.1,0.025214062374375755,0.853841637354459,9,8,134,28.59999999999998
FreeSolv,MFGP,56,116,0,496,0.1,0.023647401035318125,0.853841637354459,10,8,135,28.49999999999998
FreeSolv,MFGP,56,117,0,290,0.1,0.022438000812106607,0.853841637354459,11,8,136,28.399999999999977
FreeSolv,MFGP,56,118,0,453,0.1,0.020690682224140625,0.853841637354459,12,8,137,28.299999999999976
FreeSolv,MFGP,56,119,0,315,0.1,0.0194860387556428,0.853841637354459,13,8,138,28.199999999999974
FreeSolv,MFGP,56,120,0,190,0.1,0.018230018642946745,0.853841637354459,14,8,139,28.099999999999973
FreeSolv,MFGP,56,121,0,354,0.1,0.01757415581158376,0.853841637354459,15,8,140,27.99999999999997
FreeSolv,MFGP,56,122,0,55,0.1,0.013784074396451589,0.853841637354459,16,8,141,27.89999999999997
FreeSolv,MFGP,56,123,0,639,0.1,0.013044765882761662,0.853841637354459,17,8,142,27.79999999999997
FreeSolv,MFGP,56,124,0,632,0.1,0.011852616208663038,0.853841637354459,18,8,143,27.699999999999967
FreeSolv,MFGP,56,125,0,86,0.1,0.011814602234835034,0.853841637354459,19,8,144,27.599999999999966
FreeSolv,MFGP,56,126,0,127,0.1,0.008472864433648634,0.853841637354459,20,8,145,27.499999999999964
FreeSolv,MFGP,56,127,1,269,1.0,0.007038818470376539,0.853841637354459,0,9,145,26.499999999999964
FreeSolv,MFGP,56,128,0,511,0.1,0.0069092778280679425,0.7498197165706187,1,9,146,26.399999999999963
FreeSolv,MFGP,56,129,0,292,0.1,0.005910417240392026,0.7498197165706187,2,9,147,26.29999999999996
FreeSolv,MFGP,56,130,0,393,0.1,0.00544420067070692,0.7498197165706187,3,9,148,26.19999999999996
FreeSolv,MFGP,56,131,1,501,1.0,0.005200019251483605,0.7498197165706187,0,10,148,25.19999999999996
FreeSolv,MFGP,56,132,0,573,0.1,0.005842631181286716,0.8398677406470094,1,10,149,25.09999999999996
FreeSolv,MFGP,56,133,0,450,0.1,0.005197974373884471,0.8398677406470094,2,10,150,24.999999999999957
FreeSolv,MFGP,56,134,1,393,1.0,0.004655329074232717,0.8398677406470094,0,11,150,23.999999999999957
FreeSolv,MFGP,56,135,0,596,0.1,0.004688219770733817,0.9229248195549581,1,11,151,23.899999999999956
FreeSolv,MFGP,56,136,0,174,0.1,0.004534667140507673,0.9229248195549581,2,11,152,23.799999999999955
FreeSolv,MFGP,56,137,0,75,0.1,0.005049511610762899,0.9229248195549581,3,11,153,23.699999999999953
FreeSolv,MFGP,56,138,0,108,0.1,0.004375005514142795,0.9229248195549581,4,11,154,23.59999999999995
FreeSolv,MFGP,56,139,1,284,1.0,0.003840875821508681,0.9229248195549581,0,12,154,22.59999999999995
FreeSolv,MFGP,56,140,1,139,1.0,0.009753812514608148,0.872700110574167,0,13,154,21.59999999999995
FreeSolv,MFGP,56,141,0,67,0.1,0.002715702460571929,0.6484515190049723,1,13,155,21.49999999999995
FreeSolv,MFGP,56,142,0,457,0.1,0.002367650735750405,0.6484515190049723,2,13,156,21.39999999999995
FreeSolv,MFGP,56,143,0,412,0.1,0.0075046329127159824,0.6484515190049723,3,13,157,21.299999999999947
FreeSolv,MFGP,56,144,0,358,0.1,0.0025637195740975524,0.6484515190049723,4,13,158,21.199999999999946
FreeSolv,MFGP,56,145,0,48,0.1,0.002785816556415149,0.6484515190049723,5,13,159,21.099999999999945
FreeSolv,MFGP,56,146,1,122,1.0,0.002675192032519317,0.6484515190049723,0,14,159,20.099999999999945
FreeSolv,MFGP,56,147,1,49,1.0,0.013738640786553444,0.5597979472734181,0,15,159,19.099999999999945
FreeSolv,MFGP,56,148,1,251,1.0,0.037858958685536764,0.512385075529342,0,16,159,18.099999999999945
FreeSolv,MFGP,56,149,1,222,1.0,0.005259405084973495,0.5756368592249546,0,17,159,17.099999999999945
FreeSolv,MFGP,56,150,0,488,0.1,0.0033159682026635447,0.8769123128400509,1,17,160,16.999999999999943
FreeSolv,MFGP,56,151,1,544,1.0,0.004744818705357312,0.8769123128400509,0,18,160,15.999999999999943
FreeSolv,MFGP,56,152,0,198,0.1,0.0031642733648565963,0.8769123128400509,1,18,161,15.899999999999944
FreeSolv,MFGP,56,153,0,420,0.1,0.002724783966562526,0.8769123128400509,2,18,162,15.799999999999942
FreeSolv,MFGP,56,154,1,560,1.0,0.0025481505348175434,0.8769123128400509,0,19,162,14.79999999999994
FreeSolv,MFGP,56,155,0,124,0.1,0.002226180534741151,0.8769123128400509,1,19,163,14.69999999999994
FreeSolv,MFGP,56,156,0,265,0.1,0.0018336953631265397,0.8769123128400509,2,19,164,14.59999999999994
FreeSolv,MFGP,56,157,0,281,0.1,0.001799555563908424,0.8769123128400509,3,19,165,14.499999999999938
FreeSolv,MFGP,56,158,1,167,1.0,0.00172519752114997,0.8769123128400509,0,20,165,13.499999999999936
FreeSolv,MFGP,56,159,0,250,0.1,0.0016335747697621607,0.8769123128400509,1,20,166,13.399999999999936
FreeSolv,MFGP,56,160,0,173,0.1,0.0015874256561144305,0.8769123128400509,2,20,167,13.299999999999935
FreeSolv,MFGP,56,161,0,600,0.1,0.001201113182651086,0.8769123128400509,3,20,168,13.199999999999934
FreeSolv,MFGP,56,162,0,410,0.1,0.0012018564017430258,0.8769123128400509,4,20,169,13.099999999999932
FreeSolv,MFGP,56,163,0,508,0.1,0.0008900155366065656,0.8769123128400509,5,20,170,12.99999999999993
FreeSolv,MFGP,56,164,1,144,1.0,0.0008371844043364926,0.8769123128400509,0,21,170,11.999999999999929
FreeSolv,MFGP,56,165,0,287,0.1,0.0007070489835047198,0.8665812467073538,1,21,171,11.89999999999993
FreeSolv,MFGP,56,166,1,457,1.0,0.000696942209430217,0.8665812467073538,0,22,171,10.899999999999928
FreeSolv,MFGP,56,167,1,214,1.0,0.0006278522592654918,0.9240627155413865,0,23,171,9.899999999999928
FreeSolv,MFGP,56,168,0,342,0.1,0.000549379946454104,0.9222176036605427,1,23,172,9.799999999999928
FreeSolv,MFGP,56,169,0,132,0.1,0.00048567443002831164,0.9222176036605427,2,23,173,9.699999999999926
FreeSolv,MFGP,56,170,0,329,0.1,0.00045878949973527955,0.9222176036605427,3,23,174,9.599999999999925
FreeSolv,MFGP,56,171,0,26,0.1,0.0003795283942460601,0.9222176036605427,4,23,175,9.499999999999924
FreeSolv,MFGP,56,172,0,391,0.1,0.00032194989875132643,0.9222176036605427,5,23,176,9.399999999999922
FreeSolv,MFGP,56,173,1,404,1.0,0.00031970294485757136,0.9222176036605427,0,24,176,8.39999999999992
FreeSolv,MFGP,56,174,0,419,0.1,0.00027688694518173166,0.9222176036605427,1,24,177,8.29999999999992
FreeSolv,MFGP,56,175,1,492,1.0,0.00025480764213010225,0.9222176036605427,0,25,177,7.299999999999919
FreeSolv,MFGP,56,176,1,220,1.0,0.000246637100626198,0.9244542375556339,0,26,177,6.299999999999919
FreeSolv,MFGP,56,177,0,6,0.1,0.00023080226181193496,0.934999316378833,1,26,178,6.199999999999919
FreeSolv,MFGP,56,178,1,182,1.0,0.00019877292033119217,0.934999316378833,0,27,178,5.199999999999918
FreeSolv,MFGP,56,179,1,507,1.0,0.00018123846409797036,0.8791839250970093,0,28,178,4.199999999999918
FreeSolv,MFGP,56,180,0,436,0.1,0.00018410390793795463,0.8791839250970093,1,28,179,4.099999999999918
FreeSolv,MFGP,56,181,0,583,0.1,0.0001605688592266535,0.8791839250970093,2,28,180,3.999999999999916
FreeSolv,MFGP,56,182,0,452,0.1,0.0002289179020026254,0.8791839250970093,3,28,181,3.8999999999999146
FreeSolv,MFGP,56,183,0,68,0.1,0.0001538533929332027,0.8791839250970093,4,28,182,3.7999999999999132
FreeSolv,MFGP,56,184,0,344,0.1,0.00013630490877804093,0.8791839250970093,5,28,183,3.699999999999912
FreeSolv,MFGP,56,185,0,134,0.1,0.00023433841535736418,0.8791839250970093,6,28,184,3.5999999999999104
FreeSolv,MFGP,56,186,0,188,0.1,0.00012103279113452168,0.8791839250970093,7,28,185,3.499999999999909
FreeSolv,MFGP,56,187,1,378,1.0,0.00010915091720509,0.8791839250970093,0,29,185,2.4999999999999076
FreeSolv,MFGP,56,188,0,204,0.1,0.00010026141457174065,0.8791839250970093,1,29,186,2.3999999999999075
FreeSolv,MFGP,56,189,0,24,0.1,0.00011008173641020347,0.8791839250970093,2,29,187,2.299999999999906
FreeSolv,MFGP,56,190,1,235,1.0,8.856231291250573e-05,0.8791839250970093,0,30,187,1.2999999999999048
FreeSolv,MFGP,56,191,0,244,0.1,7.923295634614987e-05,0.8791839250970093,1,30,188,1.1999999999999047
FreeSolv,MFGP,56,192,1,258,1.0,9.43107526159483e-05,0.8791839250970093,0,31,188,0.19999999999990337
FreeSolv,MFGP,56,193,0,263,0.1,7.021751697978736e-05,0.8754108864536883,1,31,189,0.09999999999990336
FreeSolv,MFGP,57,1,1,515,1.0,4.896550621953051,0.5,0,3,25,44.5
FreeSolv,MFGP,57,2,0,39,0.1,3.3488247445022883,0.5,1,3,26,44.4
FreeSolv,MFGP,57,3,0,492,0.1,3.7143848665127743,0.5,2,3,27,44.3
FreeSolv,MFGP,57,4,0,87,0.1,3.998859222800582,0.5,3,3,28,44.199999999999996
FreeSolv,MFGP,57,5,0,41,0.1,4.209472090804167,0.5,4,3,29,44.1
FreeSolv,MFGP,57,6,0,564,0.1,4.5569418006132665,0.5,5,3,30,44.0
FreeSolv,MFGP,57,7,0,572,0.1,4.734231608857144,0.5,6,3,31,43.9
FreeSolv,MFGP,57,8,0,638,0.1,4.731236977613151,0.5,7,3,32,43.800000000000004
FreeSolv,MFGP,57,9,0,497,0.1,4.592289140337731,0.5,8,3,33,43.7
FreeSolv,MFGP,57,10,0,540,0.1,4.269956404430076,0.5,9,3,34,43.6
FreeSolv,MFGP,57,11,0,301,0.1,4.403096790252407,0.5,10,3,35,43.5
FreeSolv,MFGP,57,12,0,444,0.1,4.332794237583588,0.5,11,3,36,43.4
FreeSolv,MFGP,57,13,0,269,0.1,4.084810542966308,0.5,12,3,37,43.300000000000004
FreeSolv,MFGP,57,14,0,136,0.1,3.974033598587373,0.5,13,3,38,43.2
FreeSolv,MFGP,57,15,0,80,0.1,3.6978430218563765,0.5,14,3,39,43.1
FreeSolv,MFGP,57,16,0,86,0.1,3.502900250865014,0.5,15,3,40,43.00000000000001
FreeSolv,MFGP,57,17,0,422,0.1,3.3135021290653848,0.5,16,3,41,42.900000000000006
FreeSolv,MFGP,57,18,0,577,0.1,3.1573075873668754,0.5,17,3,42,42.800000000000004
FreeSolv,MFGP,57,19,0,563,0.1,3.0893720971370757,0.5,18,3,43,42.7
FreeSolv,MFGP,57,20,0,633,0.1,2.817870256678199,0.5,19,3,44,42.6
FreeSolv,MFGP,57,21,0,129,0.1,2.620324776571088,0.5,20,3,45,42.50000000000001
FreeSolv,MFGP,57,22,1,446,1.0,0.0026950999649460634,0.5,0,4,45,41.50000000000001
FreeSolv,MFGP,57,23,0,377,0.1,3.074921809662002,0.5,1,4,46,41.400000000000006
FreeSolv,MFGP,57,24,0,6,0.1,2.3806911197774707,0.5,2,4,47,41.300000000000004
FreeSolv,MFGP,57,25,0,105,0.1,2.2945652401008325,0.5,3,4,48,41.20000000000001
FreeSolv,MFGP,57,26,0,192,0.1,2.3598810675829154,0.5,4,4,49,41.10000000000001
FreeSolv,MFGP,57,27,0,159,0.1,2.0394005082707434,0.5,5,4,50,41.00000000000001
FreeSolv,MFGP,57,28,0,96,0.1,2.018746752545937,0.5,6,4,51,40.900000000000006
FreeSolv,MFGP,57,29,0,589,0.1,2.1648222880360137,0.5,7,4,52,40.800000000000004
FreeSolv,MFGP,57,30,0,191,0.1,1.897245241531014,0.5,8,4,53,40.70000000000001
FreeSolv,MFGP,57,31,0,619,0.1,1.8020020147719298,0.5,9,4,54,40.60000000000001
FreeSolv,MFGP,57,32,0,63,0.1,1.6781063607552908,0.5,10,4,55,40.50000000000001
FreeSolv,MFGP,57,33,0,369,0.1,1.584514869367351,0.5,11,4,56,40.40000000000001
FreeSolv,MFGP,57,34,0,501,0.1,1.5268884342061433,0.5,12,4,57,40.30000000000001
FreeSolv,MFGP,57,35,0,533,0.1,2.074545982031169,0.5,13,4,58,40.20000000000001
FreeSolv,MFGP,57,36,0,266,0.1,1.5383690456604349,0.5,14,4,59,40.10000000000001
FreeSolv,MFGP,57,37,0,393,0.1,1.41223622402281,0.5,15,4,60,40.00000000000001
FreeSolv,MFGP,57,38,0,232,0.1,1.20979872472547,0.5,16,4,61,39.90000000000001
FreeSolv,MFGP,57,39,0,436,0.1,1.1377952994958431,0.5,17,4,62,39.80000000000001
FreeSolv,MFGP,57,40,0,66,0.1,1.3386818711432613,0.5,18,4,63,39.70000000000001
FreeSolv,MFGP,57,41,0,233,0.1,1.3615908422976575,0.5,19,4,64,39.600000000000016
FreeSolv,MFGP,57,42,0,620,0.1,1.131861453700981,0.5,20,4,65,39.500000000000014
FreeSolv,MFGP,57,43,1,206,1.0,0.0016257040213727217,0.5,0,5,65,38.500000000000014
FreeSolv,MFGP,57,44,0,139,0.1,1.0017654773493967,0.5,1,5,66,38.40000000000001
FreeSolv,MFGP,57,45,0,128,0.1,1.0326845273125158,0.5,2,5,67,38.30000000000001
FreeSolv,MFGP,57,46,0,328,0.1,0.9579842265686119,0.5,3,5,68,38.20000000000001
FreeSolv,MFGP,57,47,0,263,0.1,0.9230125401835038,0.5,4,5,69,38.100000000000016
FreeSolv,MFGP,57,48,0,258,0.1,0.8910592930454408,0.5,5,5,70,38.000000000000014
FreeSolv,MFGP,57,49,0,284,0.1,0.8963449535651241,0.5,6,5,71,37.90000000000001
FreeSolv,MFGP,57,50,0,84,0.1,1.1622646838405697,0.5,7,5,72,37.80000000000002
FreeSolv,MFGP,57,51,0,91,0.1,0.6401284696219844,0.5,8,5,73,37.70000000000002
FreeSolv,MFGP,57,52,0,361,0.1,0.6292242280490237,0.5,9,5,74,37.600000000000016
FreeSolv,MFGP,57,53,0,59,0.1,0.6184673073407432,0.5,10,5,75,37.500000000000014
FreeSolv,MFGP,57,54,0,279,0.1,0.5722942894977417,0.5,11,5,76,37.40000000000001
FreeSolv,MFGP,57,55,0,605,0.1,0.5120039263370199,0.5,12,5,77,37.30000000000002
FreeSolv,MFGP,57,56,0,432,0.1,0.46265620145022834,0.5,13,5,78,37.20000000000002
FreeSolv,MFGP,57,57,0,186,0.1,0.46603266360803364,0.5,14,5,79,37.100000000000016
FreeSolv,MFGP,57,58,0,456,0.1,0.43554620329844335,0.5,15,5,80,37.00000000000002
FreeSolv,MFGP,57,59,0,275,0.1,0.36824329100121733,0.5,16,5,81,36.90000000000002
FreeSolv,MFGP,57,60,0,75,0.1,0.3842418111305422,0.5,17,5,82,36.80000000000002
FreeSolv,MFGP,57,61,0,472,0.1,0.3177845982507425,0.5,18,5,83,36.70000000000002
FreeSolv,MFGP,57,62,0,631,0.1,0.27925535000889523,0.5,19,5,84,36.600000000000016
FreeSolv,MFGP,57,63,0,118,0.1,0.3388167542545756,0.5,20,5,85,36.50000000000002
FreeSolv,MFGP,57,64,1,64,1.0,0.0007484050726051846,0.5,0,6,85,35.50000000000002
FreeSolv,MFGP,57,65,0,276,0.1,0.722128232615295,0.5,1,6,86,35.40000000000002
FreeSolv,MFGP,57,66,0,216,0.1,0.2737129091228485,0.5,2,6,87,35.30000000000002
FreeSolv,MFGP,57,67,0,336,0.1,0.2741099084497445,0.5,3,6,88,35.200000000000024
FreeSolv,MFGP,57,68,0,181,0.1,0.24259894323473294,0.5,4,6,89,35.10000000000002
FreeSolv,MFGP,57,69,0,313,0.1,0.21668459663158848,0.5,5,6,90,35.00000000000002
FreeSolv,MFGP,57,70,0,496,0.1,0.19527679370606219,0.5,6,6,91,34.90000000000002
FreeSolv,MFGP,57,71,0,485,0.1,0.1857093875110248,0.5,7,6,92,34.80000000000002
FreeSolv,MFGP,57,72,0,315,0.1,0.14147087211550946,0.5,8,6,93,34.700000000000024
FreeSolv,MFGP,57,73,0,60,0.1,0.12988092886683747,0.5,9,6,94,34.60000000000002
FreeSolv,MFGP,57,74,0,604,0.1,0.11243899672555263,0.5,10,6,95,34.50000000000002
FreeSolv,MFGP,57,75,0,486,0.1,0.10555669543599225,0.5,11,6,96,34.40000000000003
FreeSolv,MFGP,57,76,0,525,0.1,0.09965852629992854,0.5,12,6,97,34.300000000000026
FreeSolv,MFGP,57,77,0,152,0.1,0.08735928740965813,0.5,13,6,98,34.200000000000024
FreeSolv,MFGP,57,78,0,54,0.1,0.07824852574351206,0.5,14,6,99,34.10000000000002
FreeSolv,MFGP,57,79,0,251,0.1,0.0893186698864163,0.5,15,6,100,34.00000000000002
FreeSolv,MFGP,57,80,0,499,0.1,0.2289190458443323,0.5,16,6,101,33.90000000000003
FreeSolv,MFGP,57,81,0,104,0.1,0.21199558132955085,0.5,17,6,102,33.800000000000026
FreeSolv,MFGP,57,82,0,49,0.1,0.1900925902469941,0.5,18,6,103,33.700000000000024
FreeSolv,MFGP,57,83,0,61,0.1,0.15820245912422884,0.5,19,6,104,33.60000000000002
FreeSolv,MFGP,57,84,0,304,0.1,0.1261667988084146,0.5,20,6,105,33.50000000000002
FreeSolv,MFGP,57,85,1,227,1.0,0.0028231823233831298,0.5,0,7,105,32.50000000000002
FreeSolv,MFGP,57,86,0,615,0.1,0.11651962488444495,0.5,1,7,106,32.40000000000002
FreeSolv,MFGP,57,87,0,122,0.1,0.07511672356840117,0.5,2,7,107,32.30000000000002
FreeSolv,MFGP,57,88,0,222,0.1,0.08555291604524617,0.5,3,7,108,32.20000000000002
FreeSolv,MFGP,57,89,0,425,0.1,0.06491620205563105,0.5,4,7,109,32.100000000000016
FreeSolv,MFGP,57,90,0,131,0.1,0.05775288788795352,0.5,5,7,110,32.000000000000014
FreeSolv,MFGP,57,91,0,579,0.1,0.05219094538333725,0.5,6,7,111,31.900000000000013
FreeSolv,MFGP,57,92,0,440,0.1,0.04552595077183981,0.5,7,7,112,31.80000000000001
FreeSolv,MFGP,57,93,0,596,0.1,0.041620605389821076,0.5,8,7,113,31.70000000000001
FreeSolv,MFGP,57,94,0,443,0.1,0.03973376156058535,0.5,9,7,114,31.60000000000001
FreeSolv,MFGP,57,95,0,37,0.1,0.038750115923666985,0.5,10,7,115,31.500000000000007
FreeSolv,MFGP,57,96,0,500,0.1,0.03216459612449336,0.5,11,7,116,31.400000000000006
FreeSolv,MFGP,57,97,0,484,0.1,0.028783627862479615,0.5,12,7,117,31.300000000000004
FreeSolv,MFGP,57,98,0,333,0.1,0.024774711698612624,0.5,13,7,118,31.200000000000003
FreeSolv,MFGP,57,99,0,573,0.1,0.023197126053572208,0.5,14,7,119,31.1
FreeSolv,MFGP,57,100,0,8,0.1,0.022486099836113473,0.5,15,7,120,31.0
FreeSolv,MFGP,57,101,0,271,0.1,0.01893295070413175,0.5,16,7,121,30.9
FreeSolv,MFGP,57,102,0,498,0.1,0.016668554487647355,0.5,17,7,122,30.799999999999997
FreeSolv,MFGP,57,103,0,430,0.1,0.02354222497806393,0.5,18,7,123,30.699999999999996
FreeSolv,MFGP,57,104,0,260,0.1,0.014878227724497775,0.5,19,7,124,30.599999999999994
FreeSolv,MFGP,57,105,0,453,0.1,0.01378655147554671,0.5,20,7,125,30.499999999999993
FreeSolv,MFGP,57,106,1,261,1.0,0.0018299096987418953,0.5,0,8,125,29.499999999999993
FreeSolv,MFGP,57,107,1,572,1.0,0.0371521031143298,0.5,0,9,125,28.499999999999993
FreeSolv,MFGP,57,108,1,41,1.0,0.03458264695602041,0.1,0,10,125,27.499999999999993
FreeSolv,MFGP,57,109,1,501,1.0,0.058607153344964136,0.4803657582841854,0,11,125,26.499999999999993
FreeSolv,MFGP,57,110,1,540,1.0,0.048216347523777056,0.44694701853152746,0,12,125,25.499999999999993
FreeSolv,MFGP,57,111,1,286,1.0,0.01653417753445735,0.4461321728027279,0,13,125,24.499999999999993
FreeSolv,MFGP,57,112,0,363,0.1,0.012357079514574437,0.4461321728027279,1,13,126,24.39999999999999
FreeSolv,MFGP,57,113,0,55,0.1,0.009897215623298197,0.4461321728027279,2,13,127,24.29999999999999
FreeSolv,MFGP,57,114,0,327,0.1,0.00804248130844364,0.4461321728027279,3,13,128,24.19999999999999
FreeSolv,MFGP,57,115,0,127,0.1,0.007362773378470156,0.4461321728027279,4,13,129,24.099999999999987
FreeSolv,MFGP,57,116,0,290,0.1,0.005876829691631243,0.4461321728027279,5,13,130,23.999999999999986
FreeSolv,MFGP,57,117,0,103,0.1,0.00604658255037993,0.4461321728027279,6,13,131,23.899999999999984
FreeSolv,MFGP,57,118,1,122,1.0,0.005423779462807171,0.4461321728027279,0,14,131,22.899999999999984
FreeSolv,MFGP,57,119,1,49,1.0,0.02809552644445029,0.29139648308490934,0,15,131,21.899999999999984
FreeSolv,MFGP,57,120,1,251,1.0,0.03161510663880229,0.18766697611273908,0,16,131,20.899999999999984
FreeSolv,MFGP,57,121,1,257,1.0,0.013050200112309382,0.5970632400480885,0,17,131,19.899999999999984
FreeSolv,MFGP,57,122,1,284,1.0,0.007025438529180313,0.5970632400480885,0,18,131,18.899999999999984
FreeSolv,MFGP,57,123,0,292,0.1,0.00717768791647295,0.601271159219766,1,18,132,18.799999999999983
FreeSolv,MFGP,57,124,1,83,1.0,0.006937942067138866,0.601271159219766,0,19,132,17.799999999999983
FreeSolv,MFGP,57,125,1,167,1.0,0.006462794787197246,0.601271159219766,0,20,132,16.799999999999983
FreeSolv,MFGP,57,126,1,139,1.0,0.00808371552608092,0.601271159219766,0,21,132,15.799999999999983
FreeSolv,MFGP,57,127,0,98,0.1,0.005756688180125838,0.49164444693410564,1,21,133,15.699999999999983
FreeSolv,MFGP,57,128,0,511,0.1,0.005713802475384345,0.49164444693410564,2,21,134,15.599999999999982
FreeSolv,MFGP,57,129,0,353,0.1,0.0048533807757466674,0.49164444693410564,3,21,135,15.49999999999998
FreeSolv,MFGP,57,130,0,174,0.1,0.004623199862085368,0.49164444693410564,4,21,136,15.399999999999979
FreeSolv,MFGP,57,131,0,348,0.1,0.004635926885525984,0.49164444693410564,5,21,137,15.299999999999978
FreeSolv,MFGP,57,132,0,26,0.1,0.004267185657459002,0.49164444693410564,6,21,138,15.199999999999976
FreeSolv,MFGP,57,133,0,198,0.1,0.003066699013064535,0.49164444693410564,7,21,139,15.099999999999975
FreeSolv,MFGP,57,134,0,639,0.1,0.002648152946289204,0.49164444693410564,8,21,140,14.999999999999973
FreeSolv,MFGP,57,135,1,15,1.0,0.002169756355608867,0.49164444693410564,0,22,140,13.999999999999972
FreeSolv,MFGP,57,136,0,264,0.1,0.002461215942405143,0.49164444693410564,1,22,141,13.899999999999972
FreeSolv,MFGP,57,137,0,397,0.1,0.00231479625391091,0.49164444693410564,2,22,142,13.79999999999997
FreeSolv,MFGP,57,138,1,269,1.0,0.0021625627396821296,0.49164444693410564,0,23,142,12.799999999999969
FreeSolv,MFGP,57,139,0,108,0.1,0.001890623968691157,0.491744739364007,1,23,143,12.699999999999969
FreeSolv,MFGP,57,140,1,436,1.0,0.0017578981166892927,0.491744739364007,0,24,143,11.699999999999967
FreeSolv,MFGP,57,141,0,457,0.1,0.0016337452304258301,0.5164195460550823,1,24,144,11.599999999999968
FreeSolv,MFGP,57,142,0,412,0.1,0.002858727791888473,0.5164195460550823,2,24,145,11.499999999999966
FreeSolv,MFGP,57,143,0,392,0.1,0.002118887267149865,0.5164195460550823,3,24,146,11.399999999999965
FreeSolv,MFGP,57,144,0,434,0.1,0.0018454169091820035,0.5164195460550823,4,24,147,11.299999999999963
FreeSolv,MFGP,57,145,1,39,1.0,0.0014099254555130832,0.5164195460550823,0,25,147,10.299999999999962
FreeSolv,MFGP,57,146,0,344,0.1,0.0014136435055524055,0.5532233883955008,1,25,148,10.199999999999962
FreeSolv,MFGP,57,147,0,16,0.1,0.0013743847070144082,0.5532233883955008,2,25,149,10.09999999999996
FreeSolv,MFGP,57,148,0,281,0.1,0.0011029965677329038,0.5532233883955008,3,25,150,9.99999999999996
FreeSolv,MFGP,57,149,1,457,1.0,0.0009251168569886122,0.5532233883955008,0,26,150,8.999999999999957
FreeSolv,MFGP,57,150,0,368,0.1,0.0013093948600496523,0.9049578307762447,1,26,151,8.899999999999958
FreeSolv,MFGP,57,151,0,356,0.1,0.001314755317175598,0.9049578307762447,2,26,152,8.799999999999956
FreeSolv,MFGP,57,152,0,282,0.1,0.0011991857797098802,0.9049578307762447,3,26,153,8.699999999999955
FreeSolv,MFGP,57,153,0,410,0.1,0.0010656484411034285,0.9049578307762447,4,26,154,8.599999999999953
FreeSolv,MFGP,57,154,0,557,0.1,0.0010145534057048751,0.9049578307762447,5,26,155,8.499999999999952
FreeSolv,MFGP,57,155,0,600,0.1,0.001864260464614965,0.9049578307762447,6,26,156,8.39999999999995
FreeSolv,MFGP,57,156,0,173,0.1,0.0011751898809177917,0.9049578307762447,7,26,157,8.29999999999995
FreeSolv,MFGP,57,157,0,190,0.1,0.0009133942757268601,0.9049578307762447,8,26,158,8.199999999999948
FreeSolv,MFGP,57,158,0,354,0.1,0.0006811726099664713,0.9049578307762447,9,26,159,8.099999999999946
FreeSolv,MFGP,57,159,0,179,0.1,0.0006431242182366866,0.9049578307762447,10,26,160,7.999999999999945
FreeSolv,MFGP,57,160,0,250,0.1,0.0005355228894847751,0.9049578307762447,11,26,161,7.8999999999999435
FreeSolv,MFGP,57,161,0,24,0.1,0.00043401898640450787,0.9049578307762447,12,26,162,7.799999999999942
FreeSolv,MFGP,57,162,0,332,0.1,0.0004885435640745051,0.9049578307762447,13,26,163,7.699999999999941
FreeSolv,MFGP,57,163,1,222,1.0,0.00039867337878221956,0.9049578307762447,0,27,163,6.699999999999939
FreeSolv,MFGP,57,164,0,265,0.1,0.0003857092583253704,0.9255824316283151,1,27,164,6.599999999999939
FreeSolv,MFGP,57,165,0,342,0.1,0.0004125250321633285,0.9255824316283151,2,27,165,6.499999999999938
FreeSolv,MFGP,57,166,1,180,1.0,0.00039929127318382926,0.9255824316283151,0,28,165,5.499999999999936
FreeSolv,MFGP,57,167,0,373,0.1,0.00034047064351864175,0.9255824316283151,1,28,166,5.399999999999936
FreeSolv,MFGP,57,168,0,329,0.1,0.00031602945131754123,0.9255824316283151,2,28,167,5.299999999999935
FreeSolv,MFGP,57,169,0,441,0.1,0.0003079151601450626,0.9255824316283151,3,28,168,5.199999999999934
FreeSolv,MFGP,57,170,1,492,1.0,0.0002535546480711766,0.9255824316283151,0,29,168,4.199999999999932
FreeSolv,MFGP,57,171,0,166,0.1,0.0002457553546837731,0.9271038620771763,1,29,169,4.099999999999932
FreeSolv,MFGP,57,172,1,220,1.0,0.0002288345435471793,0.9271038620771763,0,30,169,3.0999999999999304
FreeSolv,MFGP,57,173,0,419,0.1,0.00021790460965592597,0.9378458474814433,1,30,170,2.9999999999999303
FreeSolv,MFGP,57,174,1,182,1.0,0.00015538782640973003,0.9378458474814433,0,31,170,1.999999999999929
FreeSolv,MFGP,57,175,1,507,1.0,0.0001625236961516831,0.8851415838922495,0,32,170,0.999999999999929
FreeSolv,MFGP,57,176,0,188,0.1,0.00012961098960821314,0.8851415838922495,1,32,171,0.899999999999929
FreeSolv,MFGP,57,177,0,203,0.1,0.00013449403155211368,0.8851415838922495,2,32,172,0.7999999999999275
FreeSolv,MFGP,57,178,0,310,0.1,0.00010409041318183342,0.8851415838922495,3,32,173,0.6999999999999261
FreeSolv,MFGP,57,179,0,67,0.1,0.00011846056870528785,0.8851415838922495,4,32,174,0.5999999999999247
FreeSolv,MFGP,57,180,0,176,0.1,9.763760745970567e-05,0.8851415838922495,5,32,175,0.4999999999999233
FreeSolv,MFGP,57,181,0,287,0.1,9.385998739654193e-05,0.8851415838922495,6,32,176,0.39999999999992186
FreeSolv,MFGP,57,182,0,92,0.1,6.144765029668584e-05,0.8851415838922495,7,32,177,0.29999999999992044
FreeSolv,MFGP,57,183,0,581,0.1,6.944818454218888e-05,0.8851415838922495,8,32,178,0.199999999999919
FreeSolv,MFGP,57,184,0,625,0.1,6.210173936659768e-05,0.8851415838922495,9,32,179,0.09999999999991757
FreeSolv,MFGP,58,1,0,39,0.1,3.15803183100939,0.5,1,2,26,45.4
FreeSolv,MFGP,58,2,0,492,0.1,3.4779154252115827,0.5,2,2,27,45.3
FreeSolv,MFGP,58,3,0,41,0.1,3.7796271715967715,0.5,3,2,28,45.199999999999996
FreeSolv,MFGP,58,4,0,87,0.1,4.215110547358389,0.5,4,2,29,45.1
FreeSolv,MFGP,58,5,0,564,0.1,4.481745464162012,0.5,5,2,30,45.0
FreeSolv,MFGP,58,6,0,572,0.1,4.624738935669034,0.5,6,2,31,44.9
FreeSolv,MFGP,58,7,0,497,0.1,4.52077252109493,0.5,7,2,32,44.800000000000004
FreeSolv,MFGP,58,8,0,540,0.1,4.250955566847328,0.5,8,2,33,44.7
FreeSolv,MFGP,58,9,0,638,0.1,4.182674735500832,0.5,9,2,34,44.6
FreeSolv,MFGP,58,10,0,301,0.1,4.1020185149305455,0.5,10,2,35,44.5
FreeSolv,MFGP,58,11,0,269,0.1,4.096519315498633,0.5,11,2,36,44.4
FreeSolv,MFGP,58,12,0,136,0.1,4.045607610437159,0.5,12,2,37,44.300000000000004
FreeSolv,MFGP,58,13,0,444,0.1,3.7228414132530157,0.5,13,2,38,44.2
FreeSolv,MFGP,58,14,0,422,0.1,3.4226359194036537,0.5,14,2,39,44.1
FreeSolv,MFGP,58,15,0,577,0.1,3.2498103160291225,0.5,15,2,40,44.00000000000001
FreeSolv,MFGP,58,16,0,633,0.1,3.2030460829104124,0.5,16,2,41,43.900000000000006
FreeSolv,MFGP,58,17,0,80,0.1,3.0288337105165217,0.5,17,2,42,43.800000000000004
FreeSolv,MFGP,58,18,0,86,0.1,2.670193919226216,0.5,18,2,43,43.7
FreeSolv,MFGP,58,19,0,129,0.1,2.5680469298904565,0.5,19,2,44,43.6
FreeSolv,MFGP,58,20,0,192,0.1,2.5944552774433136,0.5,20,2,45,43.50000000000001
FreeSolv,MFGP,58,21,1,515,1.0,0.4771662098459273,0.5,0,3,45,42.50000000000001
FreeSolv,MFGP,58,22,0,597,0.1,2.774546392253249,0.5,1,3,46,42.400000000000006
FreeSolv,MFGP,58,23,0,105,0.1,2.6477909593110054,0.5,2,3,47,42.300000000000004
FreeSolv,MFGP,58,24,0,619,0.1,2.480132631398301,0.5,3,3,48,42.20000000000001
FreeSolv,MFGP,58,25,0,6,0.1,2.5218108679094278,0.5,4,3,49,42.10000000000001
FreeSolv,MFGP,58,26,0,159,0.1,2.25515085955753,0.5,5,3,50,42.00000000000001
FreeSolv,MFGP,58,27,0,96,0.1,2.1935807356190984,0.5,6,3,51,41.900000000000006
FreeSolv,MFGP,58,28,0,589,0.1,2.2191664150284054,0.5,7,3,52,41.800000000000004
FreeSolv,MFGP,58,29,0,191,0.1,2.005555118486444,0.5,8,3,53,41.70000000000001
FreeSolv,MFGP,58,30,0,63,0.1,1.9537375006296365,0.5,9,3,54,41.60000000000001
FreeSolv,MFGP,58,31,0,369,0.1,1.8052770142703616,0.5,10,3,55,41.50000000000001
FreeSolv,MFGP,58,32,0,446,0.1,1.6533508166321442,0.5,11,3,56,41.40000000000001
FreeSolv,MFGP,58,33,0,436,0.1,1.5716250088230803,0.5,12,3,57,41.30000000000001
FreeSolv,MFGP,58,34,0,620,0.1,1.7368430408860625,0.5,13,3,58,41.20000000000001
FreeSolv,MFGP,58,35,0,66,0.1,1.575888700818261,0.5,14,3,59,41.10000000000001
FreeSolv,MFGP,58,36,0,233,0.1,1.6175747128714884,0.5,15,3,60,41.00000000000001
FreeSolv,MFGP,58,37,0,486,0.1,1.3951793741207774,0.5,16,3,61,40.90000000000001
FreeSolv,MFGP,58,38,0,501,0.1,1.337587472219837,0.5,17,3,62,40.80000000000001
FreeSolv,MFGP,58,39,0,533,0.1,1.78411666153017,0.5,18,3,63,40.70000000000001
FreeSolv,MFGP,58,40,0,266,0.1,1.2581172559520692,0.5,19,3,64,40.600000000000016
FreeSolv,MFGP,58,41,0,139,0.1,1.130783281581686,0.5,20,3,65,40.500000000000014
FreeSolv,MFGP,58,42,1,206,1.0,0.0016666390840599649,0.5,0,4,65,39.500000000000014
FreeSolv,MFGP,58,43,0,128,0.1,1.1374180607563968,0.5,1,4,66,39.40000000000001
FreeSolv,MFGP,58,44,0,8,0.1,1.0065951559869692,0.5,2,4,67,39.30000000000001
FreeSolv,MFGP,58,45,0,232,0.1,0.9889757449019465,0.5,3,4,68,39.20000000000001
FreeSolv,MFGP,58,46,0,59,0.1,0.9076359432574446,0.5,4,4,69,39.100000000000016
FreeSolv,MFGP,58,47,0,328,0.1,0.8609083954473429,0.5,5,4,70,39.000000000000014
FreeSolv,MFGP,58,48,0,263,0.1,0.9014884768817163,0.5,6,4,71,38.90000000000001
FreeSolv,MFGP,58,49,0,361,0.1,0.803868833125107,0.5,7,4,72,38.80000000000002
FreeSolv,MFGP,58,50,0,524,0.1,0.7912823396054308,0.5,8,4,73,38.70000000000002
FreeSolv,MFGP,58,51,0,275,0.1,0.6543934506548973,0.5,9,4,74,38.600000000000016
FreeSolv,MFGP,58,52,0,259,0.1,0.5949283059723606,0.5,10,4,75,38.500000000000014
FreeSolv,MFGP,58,53,0,77,0.1,0.5398007738908658,0.5,11,4,76,38.40000000000001
FreeSolv,MFGP,58,54,0,186,0.1,0.5084721713891521,0.5,12,4,77,38.30000000000002
FreeSolv,MFGP,58,55,0,432,0.1,0.47314248636728895,0.5,13,4,78,38.20000000000002
FreeSolv,MFGP,58,56,0,152,0.1,0.4478922614692643,0.5,14,4,79,38.100000000000016
FreeSolv,MFGP,58,57,0,456,0.1,0.40557408234035947,0.5,15,4,80,38.00000000000002
FreeSolv,MFGP,58,58,0,75,0.1,0.37744476733366394,0.5,16,4,81,37.90000000000002
FreeSolv,MFGP,58,59,0,284,0.1,0.34701996935919327,0.5,17,4,82,37.80000000000002
FreeSolv,MFGP,58,60,0,258,0.1,0.5053791307049579,0.5,18,4,83,37.70000000000002
FreeSolv,MFGP,58,61,0,279,0.1,0.42874178886648695,0.5,19,4,84,37.600000000000016
FreeSolv,MFGP,58,62,0,193,0.1,0.35571031307728845,0.5,20,4,85,37.50000000000002
FreeSolv,MFGP,58,63,1,469,1.0,0.0011380877720500657,0.5,0,5,85,36.50000000000002
FreeSolv,MFGP,58,64,0,632,0.1,0.320594157500623,0.5,1,5,86,36.40000000000002
FreeSolv,MFGP,58,65,0,631,0.1,0.28088110066798966,0.5,2,5,87,36.30000000000002
FreeSolv,MFGP,58,66,0,91,0.1,0.28977654944946873,0.5,3,5,88,36.200000000000024
FreeSolv,MFGP,58,67,0,118,0.1,0.2725066991585495,0.5,4,5,89,36.10000000000002
FreeSolv,MFGP,58,68,0,276,0.1,0.21192051363007197,0.5,5,5,90,36.00000000000002
FreeSolv,MFGP,58,69,0,216,0.1,0.22449801184665247,0.5,6,5,91,35.90000000000002
FreeSolv,MFGP,58,70,0,181,0.1,0.19235687117647657,0.5,7,5,92,35.80000000000002
FreeSolv,MFGP,58,71,0,496,0.1,0.1849620339863206,0.5,8,5,93,35.700000000000024
FreeSolv,MFGP,58,72,0,49,0.1,0.15827552233343437,0.5,9,5,94,35.60000000000002
FreeSolv,MFGP,58,73,0,54,0.1,0.5017794225298189,0.5,10,5,95,35.50000000000002
FreeSolv,MFGP,58,74,0,251,0.1,0.4434039504986603,0.5,11,5,96,35.40000000000003
FreeSolv,MFGP,58,75,0,104,0.1,0.47311340969027976,0.5,12,5,97,35.300000000000026
FreeSolv,MFGP,58,76,0,257,0.1,0.35786808627786254,0.5,13,5,98,35.200000000000024
FreeSolv,MFGP,58,77,0,122,0.1,0.17848487257036777,0.5,14,5,99,35.10000000000002
FreeSolv,MFGP,58,78,0,61,0.1,0.5568010790889105,0.5,15,5,100,35.00000000000002
FreeSolv,MFGP,58,79,0,615,0.1,0.1298941738495675,0.5,16,5,101,34.90000000000003
FreeSolv,MFGP,58,80,0,174,0.1,0.11885198093341771,0.5,17,5,102,34.800000000000026
FreeSolv,MFGP,58,81,0,525,0.1,0.1215433647482897,0.5,18,5,103,34.700000000000024
FreeSolv,MFGP,58,82,0,425,0.1,0.1129967207164468,0.5,19,5,104,34.60000000000003
FreeSolv,MFGP,58,83,0,24,0.1,0.09674843153590469,0.5,20,5,105,34.50000000000003
FreeSolv,MFGP,58,84,1,261,1.0,0.002304029844795979,0.5,0,6,105,33.50000000000003
FreeSolv,MFGP,58,85,0,499,0.1,0.08891288294229353,0.5,1,6,106,33.40000000000003
FreeSolv,MFGP,58,86,0,498,0.1,0.08406236106872189,0.5,2,6,107,33.300000000000026
FreeSolv,MFGP,58,87,0,354,0.1,0.08151794325367466,0.5,3,6,108,33.200000000000024
FreeSolv,MFGP,58,88,0,359,0.1,0.07628495233289373,0.5,4,6,109,33.10000000000002
FreeSolv,MFGP,58,89,0,484,0.1,0.06470034859428368,0.5,5,6,110,33.00000000000002
FreeSolv,MFGP,58,90,0,605,0.1,0.059368792086168035,0.5,6,6,111,32.90000000000002
FreeSolv,MFGP,58,91,0,240,0.1,0.05684070002138872,0.5,7,6,112,32.80000000000002
FreeSolv,MFGP,58,92,0,336,0.1,0.05862145898262068,0.5,8,6,113,32.70000000000002
FreeSolv,MFGP,58,93,0,596,0.1,0.04850887572318649,0.5,9,6,114,32.600000000000016
FreeSolv,MFGP,58,94,0,222,0.1,0.0405793746591546,0.5,10,6,115,32.500000000000014
FreeSolv,MFGP,58,95,0,304,0.1,0.04356258604184631,0.5,11,6,116,32.40000000000001
FreeSolv,MFGP,58,96,0,103,0.1,0.03780489330123926,0.5,12,6,117,32.30000000000001
FreeSolv,MFGP,58,97,0,332,0.1,0.0288552883888573,0.5,13,6,118,32.20000000000001
FreeSolv,MFGP,58,98,0,358,0.1,0.025254578978523186,0.5,14,6,119,32.10000000000001
FreeSolv,MFGP,58,99,1,41,1.0,0.023433198447480957,0.5,0,7,119,31.10000000000001
FreeSolv,MFGP,58,100,0,198,0.1,0.02156940749451841,0.5393499887546824,1,7,120,31.000000000000007
FreeSolv,MFGP,58,101,0,437,0.1,0.0191445633082408,0.5393499887546824,2,7,121,30.900000000000006
FreeSolv,MFGP,58,102,0,344,0.1,0.017689220661933243,0.5393499887546824,3,7,122,30.800000000000004
FreeSolv,MFGP,58,103,0,453,0.1,0.01650863587958761,0.5393499887546824,4,7,123,30.700000000000003
FreeSolv,MFGP,58,104,0,315,0.1,0.03148171182928806,0.5393499887546824,5,7,124,30.6
FreeSolv,MFGP,58,105,0,67,0.1,0.017993674382149584,0.5393499887546824,6,7,125,30.5
FreeSolv,MFGP,58,106,0,55,0.1,0.014516103106905067,0.5393499887546824,7,7,126,30.4
FreeSolv,MFGP,58,107,0,573,0.1,0.014102325044521897,0.5393499887546824,8,7,127,30.299999999999997
FreeSolv,MFGP,58,108,0,290,0.1,0.014043186003244007,0.5393499887546824,9,7,128,30.199999999999996
FreeSolv,MFGP,58,109,0,333,0.1,0.01585270165763795,0.5393499887546824,10,7,129,30.099999999999994
FreeSolv,MFGP,58,110,0,363,0.1,0.015088200804886563,0.5393499887546824,11,7,130,29.999999999999993
FreeSolv,MFGP,58,111,0,26,0.1,0.012535542401107531,0.5393499887546824,12,7,131,29.89999999999999
FreeSolv,MFGP,58,112,0,500,0.1,0.011712575085655298,0.5393499887546824,13,7,132,29.79999999999999
FreeSolv,MFGP,58,113,0,452,0.1,0.011884787198215705,0.5393499887546824,14,7,133,29.69999999999999
FreeSolv,MFGP,58,114,0,271,0.1,0.008917703050863651,0.5393499887546824,15,7,134,29.599999999999987
FreeSolv,MFGP,58,115,0,227,0.1,0.007755101339069245,0.5393499887546824,16,7,135,29.499999999999986
FreeSolv,MFGP,58,116,0,2,0.1,0.017740056119010895,0.5393499887546824,17,7,136,29.399999999999984
FreeSolv,MFGP,58,117,0,131,0.1,0.012653813814666369,0.5393499887546824,18,7,137,29.299999999999983
FreeSolv,MFGP,58,118,0,292,0.1,0.01123336473588444,0.5393499887546824,19,7,138,29.19999999999998
FreeSolv,MFGP,58,119,0,313,0.1,0.009836718776941247,0.5393499887546824,20,7,139,29.09999999999998
FreeSolv,MFGP,58,120,1,488,1.0,0.005899563600158794,0.5393499887546824,0,8,139,28.09999999999998
FreeSolv,MFGP,58,121,0,37,0.1,0.009876830778404698,0.5393499887546824,1,8,140,27.99999999999998
FreeSolv,MFGP,58,122,0,108,0.1,0.00884919390636126,0.5393499887546824,2,8,141,27.899999999999977
FreeSolv,MFGP,58,123,0,434,0.1,0.007389260220366743,0.5393499887546824,3,8,142,27.799999999999976
FreeSolv,MFGP,58,124,0,327,0.1,0.006520718324484493,0.5393499887546824,4,8,143,27.699999999999974
FreeSolv,MFGP,58,125,0,356,0.1,0.005927307993316518,0.5393499887546824,5,8,144,27.599999999999973
FreeSolv,MFGP,58,126,0,639,0.1,0.005633863384486478,0.5393499887546824,6,8,145,27.49999999999997
FreeSolv,MFGP,58,127,1,501,1.0,0.004833104218645065,0.5393499887546824,0,9,145,26.49999999999997
FreeSolv,MFGP,58,128,1,393,1.0,0.004935424380406513,0.43887709243945616,0,10,145,25.49999999999997
FreeSolv,MFGP,58,129,1,540,1.0,0.006121616117556943,0.43887709243945616,0,11,145,24.49999999999997
FreeSolv,MFGP,58,130,1,122,1.0,0.0038250012440928204,0.4392862808413269,0,12,145,23.49999999999997
FreeSolv,MFGP,58,131,1,49,1.0,0.018283933569073818,0.2777677649317024,0,13,145,22.49999999999997
FreeSolv,MFGP,58,132,1,251,1.0,0.0454668403423181,0.1762204869145682,0,14,145,21.49999999999997
FreeSolv,MFGP,58,133,1,222,1.0,0.007952364552757961,0.5863706093234763,0,15,145,20.49999999999997
FreeSolv,MFGP,58,134,0,127,0.1,0.008255840622793382,0.943102734955738,1,15,146,20.39999999999997
FreeSolv,MFGP,58,135,0,457,0.1,0.00654537909569689,0.943102734955738,2,15,147,20.29999999999997
FreeSolv,MFGP,58,136,0,412,0.1,0.01571884121162556,0.943102734955738,3,15,148,20.199999999999967
FreeSolv,MFGP,58,137,1,284,1.0,0.007251648426985231,0.943102734955738,0,16,148,19.199999999999967
FreeSolv,MFGP,58,138,1,139,1.0,0.011027584214467576,0.9346934806184687,0,17,148,18.199999999999967
FreeSolv,MFGP,58,139,0,98,0.1,0.005985325241437902,0.8540791750466419,1,17,149,18.099999999999966
FreeSolv,MFGP,58,140,1,167,1.0,0.00549448291271095,0.8540791750466419,0,18,149,17.099999999999966
FreeSolv,MFGP,58,141,0,368,0.1,0.006242542132704088,0.8540791750466419,1,18,150,16.999999999999964
FreeSolv,MFGP,58,142,0,287,0.1,0.005673402879586695,0.8540791750466419,2,18,151,16.899999999999963
FreeSolv,MFGP,58,143,0,348,0.1,0.005649808432040792,0.8540791750466419,3,18,152,16.79999999999996
FreeSolv,MFGP,58,144,0,430,0.1,0.00519128974091892,0.8540791750466419,4,18,153,16.69999999999996
FreeSolv,MFGP,58,145,0,310,0.1,0.0046977981163992604,0.8540791750466419,5,18,154,16.59999999999996
FreeSolv,MFGP,58,146,0,46,0.1,0.004195179666378941,0.8540791750466419,6,18,155,16.499999999999957
FreeSolv,MFGP,58,147,1,93,1.0,0.003991021676494136,0.8540791750466419,0,19,155,15.499999999999957
FreeSolv,MFGP,58,148,0,281,0.1,0.006461780455006254,0.8540791750466419,1,19,156,15.399999999999958
FreeSolv,MFGP,58,149,0,48,0.1,0.004946778033642587,0.8540791750466419,2,19,157,15.299999999999956
FreeSolv,MFGP,58,150,0,331,0.1,0.004332639493237136,0.8540791750466419,3,19,158,15.199999999999955
FreeSolv,MFGP,58,151,0,373,0.1,0.003724540886439076,0.8540791750466419,4,19,159,15.099999999999953
FreeSolv,MFGP,58,152,0,443,0.1,0.0029173135361997395,0.8540791750466419,5,19,160,14.999999999999952
FreeSolv,MFGP,58,153,0,134,0.1,0.0027931992431744516,0.8540791750466419,6,19,161,14.89999999999995
FreeSolv,MFGP,58,154,0,600,0.1,0.0026061285534832467,0.8540791750466419,7,19,162,14.79999999999995
FreeSolv,MFGP,58,155,0,16,0.1,0.002613712043984365,0.8540791750466419,8,19,163,14.699999999999948
FreeSolv,MFGP,58,156,0,531,0.1,0.00225444379932582,0.8540791750466419,9,19,164,14.599999999999946
FreeSolv,MFGP,58,157,1,507,1.0,0.0016802478223684556,0.8540791750466419,0,20,164,13.599999999999945
FreeSolv,MFGP,58,158,0,147,0.1,0.0016216133828931912,0.8540791750466419,1,20,165,13.499999999999945
FreeSolv,MFGP,58,159,0,25,0.1,0.001420401189902859,0.8540791750466419,2,20,166,13.399999999999944
FreeSolv,MFGP,58,160,1,457,1.0,0.001353714777395848,0.8540791750466419,0,21,166,12.399999999999942
FreeSolv,MFGP,58,161,1,560,1.0,0.001171293383713327,0.9282662278933961,0,22,166,11.399999999999942
FreeSolv,MFGP,58,162,0,42,0.1,0.0011084266439447127,0.9282662278933961,1,22,167,11.299999999999942
FreeSolv,MFGP,58,163,0,508,0.1,0.0010329288850387276,0.9282662278933961,2,22,168,11.19999999999994
FreeSolv,MFGP,58,164,0,342,0.1,0.0008586203749587764,0.9282662278933961,3,22,169,11.09999999999994
FreeSolv,MFGP,58,165,1,433,1.0,0.0008118717618881208,0.9282662278933961,0,23,169,10.099999999999937
FreeSolv,MFGP,58,166,0,419,0.1,0.0006879079250560316,0.9282662278933961,1,23,170,9.999999999999938
FreeSolv,MFGP,58,167,1,483,1.0,0.0006382072954319324,0.9282662278933961,0,24,170,8.999999999999936
FreeSolv,MFGP,58,168,1,39,1.0,0.0006386551348290977,0.9282662278933961,0,25,170,7.999999999999936
FreeSolv,MFGP,58,169,1,269,1.0,0.0005543621501972497,0.9315235701395734,0,26,170,6.999999999999936
FreeSolv,MFGP,58,170,0,495,0.1,0.0004116849007341689,0.9323170384918402,1,26,171,6.899999999999936
FreeSolv,MFGP,58,171,1,404,1.0,0.0004195346472575896,0.9323170384918402,0,27,171,5.899999999999935
FreeSolv,MFGP,58,172,0,265,0.1,0.00038315365110030996,0.9323170384918402,1,27,172,5.799999999999935
FreeSolv,MFGP,58,173,1,214,1.0,0.0005317082267440945,0.9323170384918402,0,28,172,4.799999999999933
FreeSolv,MFGP,58,174,0,176,0.1,0.00039308139057344315,0.9323170384918402,1,28,173,4.699999999999934
FreeSolv,MFGP,58,175,1,22,1.0,0.0003522197107687095,0.9323170384918402,0,29,173,3.699999999999932
FreeSolv,MFGP,58,176,1,384,1.0,0.00033474095649561626,0.9323170384918402,0,30,173,2.699999999999932
FreeSolv,MFGP,58,177,0,581,0.1,0.0003130735088245633,0.9323170384918402,1,30,174,2.5999999999999317
FreeSolv,MFGP,58,178,0,238,0.1,0.0004254154582914818,0.9323170384918402,2,30,175,2.4999999999999303
FreeSolv,MFGP,58,179,0,391,0.1,0.0002587584047925969,0.9323170384918402,3,30,176,2.399999999999929
FreeSolv,MFGP,58,180,1,220,1.0,0.00023765385159746615,0.9323170384918402,0,31,176,1.3999999999999275
FreeSolv,MFGP,58,181,0,179,0.1,0.0002077493299565124,0.939972446798424,1,31,177,1.2999999999999274
FreeSolv,MFGP,58,182,0,329,0.1,0.00019278585380427647,0.939972446798424,2,31,178,1.199999999999926
FreeSolv,MFGP,58,183,1,182,1.0,0.00018097594126482769,0.939972446798424,0,32,178,0.19999999999992468
FreeSolv,MFGP,58,184,0,429,0.1,0.0001448398784231083,0.8810841494014714,1,32,179,0.09999999999992468
FreeSolv,MFGP,59,1,0,456,0.1,1.4814404382253687,0.5,1,2,26,45.4
FreeSolv,MFGP,59,2,0,140,0.1,1.6054990576094819,0.5,2,2,27,45.3
FreeSolv,MFGP,59,3,0,631,0.1,1.4147844011314592,0.5,3,2,28,45.199999999999996
FreeSolv,MFGP,59,4,0,118,0.1,1.5847576269617818,0.5,4,2,29,45.1
FreeSolv,MFGP,59,5,0,432,0.1,1.3803086635835438,0.5,5,2,30,45.0
FreeSolv,MFGP,59,6,0,506,0.1,1.429576123363221,0.5,6,2,31,44.9
FreeSolv,MFGP,59,7,0,144,0.1,1.350146499850463,0.5,7,2,32,44.800000000000004
FreeSolv,MFGP,59,8,0,446,0.1,1.7270527440443328,0.5,8,2,33,44.7
FreeSolv,MFGP,59,9,0,206,0.1,1.7282348033593509,0.5,9,2,34,44.6
FreeSolv,MFGP,59,10,0,368,0.1,1.502372338149313,0.5,10,2,35,44.5
FreeSolv,MFGP,59,11,0,437,0.1,1.667458408812611,0.5,11,2,36,44.4
FreeSolv,MFGP,59,12,0,548,0.1,1.7916749664173353,0.5,12,2,37,44.300000000000004
FreeSolv,MFGP,59,13,0,592,0.1,1.6376868738253059,0.5,13,2,38,44.2
FreeSolv,MFGP,59,14,0,282,0.1,1.6090335547928336,0.5,14,2,39,44.1
FreeSolv,MFGP,59,15,0,91,0.1,1.4710103705496063,0.5,15,2,40,44.00000000000001
FreeSolv,MFGP,59,16,0,377,0.1,1.3352175304117746,0.5,16,2,41,43.900000000000006
FreeSolv,MFGP,59,17,0,187,0.1,1.2483335961968167,0.5,17,2,42,43.800000000000004
FreeSolv,MFGP,59,18,0,166,0.1,1.1009030939162123,0.5,18,2,43,43.7
FreeSolv,MFGP,59,19,0,183,0.1,1.1644190203983797,0.5,19,2,44,43.6
FreeSolv,MFGP,59,20,0,624,0.1,1.0764687818716017,0.5,20,2,45,43.50000000000001
FreeSolv,MFGP,59,21,1,515,1.0,0.18562983257008375,0.5,0,3,45,42.50000000000001
FreeSolv,MFGP,59,22,0,369,0.1,1.1061475144967337,0.5,1,3,46,42.400000000000006
FreeSolv,MFGP,59,23,0,259,0.1,1.1489413595319975,0.5,2,3,47,42.300000000000004
FreeSolv,MFGP,59,24,0,558,0.1,1.144937850802169,0.5,3,3,48,42.20000000000001
FreeSolv,MFGP,59,25,0,445,0.1,1.0855342787356232,0.5,4,3,49,42.10000000000001
FreeSolv,MFGP,59,26,0,325,0.1,0.9613162285303112,0.5,5,3,50,42.00000000000001
FreeSolv,MFGP,59,27,0,77,0.1,0.9101697446568024,0.5,6,3,51,41.900000000000006
FreeSolv,MFGP,59,28,0,128,0.1,0.9127662543353976,0.5,7,3,52,41.800000000000004
FreeSolv,MFGP,59,29,0,141,0.1,1.0928051812926631,0.5,8,3,53,41.70000000000001
FreeSolv,MFGP,59,30,0,238,0.1,0.9838875312208067,0.5,9,3,54,41.60000000000001
FreeSolv,MFGP,59,31,0,200,0.1,0.8968516982538013,0.5,10,3,55,41.50000000000001
FreeSolv,MFGP,59,32,0,472,0.1,0.9053001740135238,0.5,11,3,56,41.40000000000001
FreeSolv,MFGP,59,33,0,147,0.1,0.9250982847666047,0.5,12,3,57,41.30000000000001
FreeSolv,MFGP,59,34,0,550,0.1,0.8606856474413029,0.5,13,3,58,41.20000000000001
FreeSolv,MFGP,59,35,0,626,0.1,1.3089008592143185,0.5,14,3,59,41.10000000000001
FreeSolv,MFGP,59,36,0,96,0.1,1.1910623357211299,0.5,15,3,60,41.00000000000001
FreeSolv,MFGP,59,37,0,619,0.1,1.8004501069029244,0.5,16,3,61,40.90000000000001
FreeSolv,MFGP,59,38,0,589,0.1,1.808716740722277,0.5,17,3,62,40.80000000000001
FreeSolv,MFGP,59,39,0,83,0.1,1.9908543563214232,0.5,18,3,63,40.70000000000001
FreeSolv,MFGP,59,40,0,299,0.1,1.8973920860722688,0.5,19,3,64,40.600000000000016
FreeSolv,MFGP,59,41,0,129,0.1,1.6050646336429875,0.5,20,3,65,40.500000000000014
FreeSolv,MFGP,59,42,1,502,1.0,0.0016746280782004332,0.5,0,4,65,39.500000000000014
FreeSolv,MFGP,59,43,0,19,0.1,9.085078992406132,0.5,1,4,66,39.40000000000001
FreeSolv,MFGP,59,44,0,6,0.1,4.569707626488892,0.5,2,4,67,39.30000000000001
FreeSolv,MFGP,59,45,0,422,0.1,1.8482938636039044,0.5,3,4,68,39.20000000000001
FreeSolv,MFGP,59,46,0,269,0.1,1.469050589249689,0.5,4,4,69,39.100000000000016
FreeSolv,MFGP,59,47,0,136,0.1,1.4600508235921166,0.5,5,4,70,39.000000000000014
FreeSolv,MFGP,59,48,0,87,0.1,0.9755225390365502,0.5,6,4,71,38.90000000000001
FreeSolv,MFGP,59,49,0,444,0.1,1.355707420503064,0.5,7,4,72,38.80000000000002
FreeSolv,MFGP,59,50,0,572,0.1,1.0914168813962233,0.5,8,4,73,38.70000000000002
FreeSolv,MFGP,59,51,0,497,0.1,1.4318235318432262,0.5,9,4,74,38.600000000000016
FreeSolv,MFGP,59,52,0,540,0.1,1.0837764761745754,0.5,10,4,75,38.500000000000014
FreeSolv,MFGP,59,53,0,41,0.1,0.8667692907316012,0.5,11,4,76,38.40000000000001
FreeSolv,MFGP,59,54,0,564,0.1,0.9812307424924407,0.5,12,4,77,38.30000000000002
FreeSolv,MFGP,59,55,0,638,0.1,0.7602002955508974,0.5,13,4,78,38.20000000000002
FreeSolv,MFGP,59,56,0,39,0.1,0.670032140551581,0.5,14,4,79,38.100000000000016
FreeSolv,MFGP,59,57,0,492,0.1,0.9722834153521043,0.5,15,4,80,38.00000000000002
FreeSolv,MFGP,59,58,0,261,0.1,0.6113068339965391,0.5,16,4,81,37.90000000000002
FreeSolv,MFGP,59,59,0,501,0.1,0.5367609568621742,0.5,17,4,82,37.80000000000002
FreeSolv,MFGP,59,60,0,384,0.1,0.5172910460672214,0.5,18,4,83,37.70000000000002
FreeSolv,MFGP,59,61,0,533,0.1,0.4722502362526357,0.5,19,4,84,37.600000000000016
FreeSolv,MFGP,59,62,0,633,0.1,0.3261237096855296,0.5,20,4,85,37.50000000000002
FreeSolv,MFGP,59,63,1,105,1.0,0.08445021365247887,0.5,0,5,85,36.50000000000002
FreeSolv,MFGP,59,64,0,328,0.1,0.32670635037034584,0.5,1,5,86,36.40000000000002
FreeSolv,MFGP,59,65,0,263,0.1,0.391861083938053,0.5,2,5,87,36.30000000000002
FreeSolv,MFGP,59,66,0,258,0.1,0.4103959139008299,0.5,3,5,88,36.200000000000024
FreeSolv,MFGP,59,67,0,66,0.1,0.38296242507094513,0.5,4,5,89,36.10000000000002
FreeSolv,MFGP,59,68,0,284,0.1,0.37646720709917897,0.5,5,5,90,36.00000000000002
FreeSolv,MFGP,59,69,0,279,0.1,0.48166092461194476,0.5,6,5,91,35.90000000000002
FreeSolv,MFGP,59,70,0,193,0.1,0.4305048460265254,0.5,7,5,92,35.80000000000002
FreeSolv,MFGP,59,71,0,276,0.1,0.35136067008648963,0.5,8,5,93,35.700000000000024
FreeSolv,MFGP,59,72,0,361,0.1,0.33521136368107063,0.5,9,5,94,35.60000000000002
FreeSolv,MFGP,59,73,0,181,0.1,0.22365120668766517,0.5,10,5,95,35.50000000000002
FreeSolv,MFGP,59,74,0,251,0.1,0.17925595041697495,0.5,11,5,96,35.40000000000003
FreeSolv,MFGP,59,75,0,499,0.1,0.33883512607847455,0.5,12,5,97,35.300000000000026
FreeSolv,MFGP,59,76,0,49,0.1,0.2899584907753276,0.5,13,5,98,35.200000000000024
FreeSolv,MFGP,59,77,0,54,0.1,0.353488436248883,0.5,14,5,99,35.10000000000002
FreeSolv,MFGP,59,78,0,122,0.1,0.1706658532766392,0.5,15,5,100,35.00000000000002
FreeSolv,MFGP,59,79,0,61,0.1,0.5109005961014043,0.5,16,5,101,34.90000000000003
FreeSolv,MFGP,59,80,0,393,0.1,0.16377918852506257,0.5,17,5,102,34.800000000000026
FreeSolv,MFGP,59,81,0,525,0.1,0.14552511241308977,0.5,18,5,103,34.700000000000024
FreeSolv,MFGP,59,82,0,313,0.1,0.1485590836148691,0.5,19,5,104,34.60000000000003
FreeSolv,MFGP,59,83,0,443,0.1,0.13835536110939267,0.5,20,5,105,34.50000000000003
FreeSolv,MFGP,59,84,1,261,1.0,0.08122907520461262,0.5,0,6,105,33.50000000000003
FreeSolv,MFGP,59,85,0,222,0.1,0.12267880631625011,0.5,1,6,106,33.40000000000003
FreeSolv,MFGP,59,86,0,186,0.1,0.1109341540630937,0.5,2,6,107,33.300000000000026
FreeSolv,MFGP,59,87,1,540,1.0,0.10547926544670828,0.5,0,7,107,32.300000000000026
FreeSolv,MFGP,59,88,0,605,0.1,0.04752009486465773,0.24060310218399555,1,7,108,32.200000000000024
FreeSolv,MFGP,59,89,0,485,0.1,0.045289043518027615,0.24060310218399555,2,7,109,32.10000000000002
FreeSolv,MFGP,59,90,0,615,0.1,0.04249409349822415,0.24060310218399555,3,7,110,32.00000000000002
FreeSolv,MFGP,59,91,0,500,0.1,0.038971934790267976,0.24060310218399555,4,7,111,31.90000000000002
FreeSolv,MFGP,59,92,1,41,1.0,0.036658822137086766,0.24060310218399555,0,8,111,30.90000000000002
FreeSolv,MFGP,59,93,0,59,0.1,0.07418105140947848,0.4483233040113625,1,8,112,30.80000000000002
FreeSolv,MFGP,59,94,0,577,0.1,0.07294514375447354,0.4483233040113625,2,8,113,30.700000000000017
FreeSolv,MFGP,59,95,0,212,0.1,0.0598755567211195,0.4483233040113625,3,8,114,30.600000000000016
FreeSolv,MFGP,59,96,0,405,0.1,0.05089684302447166,0.4483233040113625,4,8,115,30.500000000000014
FreeSolv,MFGP,59,97,1,286,1.0,0.04476547828834618,0.4483233040113625,0,9,115,29.500000000000014
FreeSolv,MFGP,59,98,0,86,0.1,0.0342726695307949,0.4483233040113625,1,9,116,29.400000000000013
FreeSolv,MFGP,59,99,0,304,0.1,0.029214825947059864,0.4483233040113625,2,9,117,29.30000000000001
FreeSolv,MFGP,59,100,0,496,0.1,0.027473107662675494,0.4483233040113625,3,9,118,29.20000000000001
FreeSolv,MFGP,59,101,0,359,0.1,0.02458296163511273,0.4483233040113625,4,9,119,29.10000000000001
FreeSolv,MFGP,59,102,0,453,0.1,0.022758538645734912,0.4483233040113625,5,9,120,29.000000000000007
FreeSolv,MFGP,59,103,0,216,0.1,0.022578954831132092,0.4483233040113625,6,9,121,28.900000000000006
FreeSolv,MFGP,59,104,0,51,0.1,0.027542389670500125,0.4483233040113625,7,9,122,28.800000000000004
FreeSolv,MFGP,59,105,0,333,0.1,0.02441139540318745,0.4483233040113625,8,9,123,28.700000000000003
FreeSolv,MFGP,59,106,0,337,0.1,0.020704598228906013,0.4483233040113625,9,9,124,28.6
FreeSolv,MFGP,59,107,0,290,0.1,0.01832258334214405,0.4483233040113625,10,9,125,28.5
FreeSolv,MFGP,59,108,0,275,0.1,0.01565536639173186,0.4483233040113625,11,9,126,28.4
FreeSolv,MFGP,59,109,0,233,0.1,0.014654628929364557,0.4483233040113625,12,9,127,28.299999999999997
FreeSolv,MFGP,59,110,0,363,0.1,0.01252655885847665,0.4483233040113625,13,9,128,28.199999999999996
FreeSolv,MFGP,59,111,0,524,0.1,0.01136282519157316,0.4483233040113625,14,9,129,28.099999999999994
FreeSolv,MFGP,59,112,0,103,0.1,0.00944937663523267,0.4483233040113625,15,9,130,27.999999999999993
FreeSolv,MFGP,59,113,0,398,0.1,0.008697870620622664,0.4483233040113625,16,9,131,27.89999999999999
FreeSolv,MFGP,59,114,1,501,1.0,0.008068367697669394,0.4483233040113625,0,10,131,26.89999999999999
FreeSolv,MFGP,59,115,0,156,0.1,0.0072265327863499824,0.4392862808413269,1,10,132,26.79999999999999
FreeSolv,MFGP,59,116,1,167,1.0,0.007573329256646694,0.4392862808413269,0,11,132,25.79999999999999
FreeSolv,MFGP,59,117,0,131,0.1,0.010912127543346544,0.4392862808413269,1,11,133,25.69999999999999
FreeSolv,MFGP,59,118,0,37,0.1,0.00905608142684703,0.4392862808413269,2,11,134,25.599999999999987
FreeSolv,MFGP,59,119,0,174,0.1,0.006450206498559614,0.4392862808413269,3,11,135,25.499999999999986
FreeSolv,MFGP,59,120,0,24,0.1,0.007615919795647696,0.4392862808413269,4,11,136,25.399999999999984
FreeSolv,MFGP,59,121,0,16,0.1,0.007109407247850071,0.4392862808413269,5,11,137,25.299999999999983
FreeSolv,MFGP,59,122,0,484,0.1,0.0061388624993579674,0.4392862808413269,6,11,138,25.19999999999998
FreeSolv,MFGP,59,123,0,127,0.1,0.005133485635210228,0.4392862808413269,7,11,139,25.09999999999998
FreeSolv,MFGP,59,124,1,266,1.0,0.004365980435385542,0.4392862808413269,0,12,139,24.09999999999998
FreeSolv,MFGP,59,125,0,336,0.1,0.0039726988737028126,0.4392862808413269,1,12,140,23.99999999999998
FreeSolv,MFGP,59,126,1,284,1.0,0.0037179808927693403,0.4392862808413269,0,13,140,22.99999999999998
FreeSolv,MFGP,59,127,0,292,0.1,0.004712357107716786,0.6165469687540617,1,13,141,22.899999999999977
FreeSolv,MFGP,59,128,0,8,0.1,0.004237526910239969,0.6165469687540617,2,13,142,22.799999999999976
FreeSolv,MFGP,59,129,0,511,0.1,0.004248330590895055,0.6165469687540617,3,13,143,22.699999999999974
FreeSolv,MFGP,59,130,0,450,0.1,0.003811568148514417,0.6165469687540617,4,13,144,22.599999999999973
FreeSolv,MFGP,59,131,0,412,0.1,0.00328433934776688,0.6165469687540617,5,13,145,22.49999999999997
FreeSolv,MFGP,59,132,0,639,0.1,0.003793303973588577,0.6165469687540617,6,13,146,22.39999999999997
FreeSolv,MFGP,59,133,0,108,0.1,0.0036129288597044075,0.6165469687540617,7,13,147,22.29999999999997
FreeSolv,MFGP,59,134,0,192,0.1,0.0030310649080621927,0.6165469687540617,8,13,148,22.199999999999967
FreeSolv,MFGP,59,135,0,252,0.1,0.0026842847677499356,0.6165469687540617,9,13,149,22.099999999999966
FreeSolv,MFGP,59,136,0,80,0.1,0.005163564360763377,0.6165469687540617,10,13,150,21.999999999999964
FreeSolv,MFGP,59,137,0,42,0.1,0.004543256159181119,0.6165469687540617,11,13,151,21.899999999999963
FreeSolv,MFGP,59,138,0,395,0.1,0.004285567552678265,0.6165469687540617,12,13,152,21.79999999999996
FreeSolv,MFGP,59,139,1,122,1.0,0.003195765716235425,0.6165469687540617,0,14,152,20.79999999999996
FreeSolv,MFGP,59,140,1,49,1.0,0.026534357112065546,0.42765831312001584,0,15,152,19.79999999999996
FreeSolv,MFGP,59,141,1,257,1.0,0.03384907576441491,0.3232859761244139,0,16,152,18.79999999999996
FreeSolv,MFGP,59,142,1,251,1.0,0.0073424593113869535,0.3232859761244139,0,17,152,17.79999999999996
FreeSolv,MFGP,59,143,1,507,1.0,0.004244758680312807,0.5851084495189691,0,18,152,16.79999999999996
FreeSolv,MFGP,59,144,0,75,0.1,0.002757477972218633,0.5851084495189691,1,18,153,16.69999999999996
FreeSolv,MFGP,59,145,1,26,1.0,0.0026176194711705417,0.5851084495189691,0,19,153,15.69999999999996
FreeSolv,MFGP,59,146,1,269,1.0,0.0025542875346426606,0.5851084495189691,0,20,153,14.69999999999996
FreeSolv,MFGP,59,147,0,604,0.1,0.0027739083826043066,0.5823361563413317,1,20,154,14.59999999999996
FreeSolv,MFGP,59,148,0,461,0.1,0.0025387642726379892,0.5823361563413317,2,20,155,14.49999999999996
FreeSolv,MFGP,59,149,0,55,0.1,0.0020401683541818407,0.5823361563413317,3,20,156,14.399999999999958
FreeSolv,MFGP,59,150,0,173,0.1,0.0019021147939047684,0.5823361563413317,4,20,157,14.299999999999956
FreeSolv,MFGP,59,151,0,98,0.1,0.0016858424645452932,0.5823361563413317,5,20,158,14.199999999999955
FreeSolv,MFGP,59,152,0,486,0.1,0.0015566093052760798,0.5823361563413317,6,20,159,14.099999999999953
FreeSolv,MFGP,59,153,0,356,0.1,0.0012688291109247598,0.5823361563413317,7,20,160,13.999999999999952
FreeSolv,MFGP,59,154,1,378,1.0,0.0011720221674065816,0.5823361563413317,0,21,160,12.99999999999995
FreeSolv,MFGP,59,155,1,457,1.0,0.0010472584027972562,0.5823361563413317,0,22,160,11.99999999999995
FreeSolv,MFGP,59,156,0,287,0.1,0.0014059455406355992,0.9575780918591992,1,22,161,11.89999999999995
FreeSolv,MFGP,59,157,0,391,0.1,0.0017030215361765304,0.9575780918591992,2,22,162,11.79999999999995
FreeSolv,MFGP,59,158,0,176,0.1,0.001179835219351622,0.9575780918591992,3,22,163,11.699999999999948
FreeSolv,MFGP,59,159,0,301,0.1,0.0012007025236388702,0.9575780918591992,4,22,164,11.599999999999946
FreeSolv,MFGP,59,160,0,348,0.1,0.0011037365517969954,0.9575780918591992,5,22,165,11.499999999999945
FreeSolv,MFGP,59,161,0,204,0.1,0.0009324286242032119,0.9575780918591992,6,22,166,11.399999999999944
FreeSolv,MFGP,59,162,0,420,0.1,0.0008276409388145928,0.9575780918591992,7,22,167,11.299999999999942
FreeSolv,MFGP,59,163,0,353,0.1,0.0009486570616946632,0.9575780918591992,8,22,168,11.19999999999994
FreeSolv,MFGP,59,164,0,271,0.1,0.0009257315356619376,0.9575780918591992,9,22,169,11.09999999999994
FreeSolv,MFGP,59,165,0,46,0.1,0.0008126334294612843,0.9575780918591992,10,22,170,10.999999999999938
FreeSolv,MFGP,59,166,1,331,1.0,0.0007015323088654431,0.9575780918591992,0,23,170,9.999999999999936
FreeSolv,MFGP,59,167,0,373,0.1,0.0006504142901744787,0.9575780918591992,1,23,171,9.899999999999936
FreeSolv,MFGP,59,168,1,39,1.0,0.0006117798764010722,0.9575780918591992,0,24,171,8.899999999999935
FreeSolv,MFGP,59,169,0,232,0.1,0.000664587700928584,0.9585930351394847,1,24,172,8.799999999999935
FreeSolv,MFGP,59,170,1,222,1.0,0.0006111072875242766,0.9585930351394847,0,25,172,7.799999999999933
FreeSolv,MFGP,59,171,0,198,0.1,0.0006080902146473149,0.9680249120833065,1,25,173,7.699999999999934
FreeSolv,MFGP,59,172,0,411,0.1,0.000538906791539648,0.9680249120833065,2,25,174,7.599999999999932
FreeSolv,MFGP,59,173,0,179,0.1,0.0005948165139098331,0.9680249120833065,3,25,175,7.499999999999931
FreeSolv,MFGP,59,174,0,230,0.1,0.0005180653368510689,0.9680249120833065,4,25,176,7.399999999999929
FreeSolv,MFGP,59,175,0,442,0.1,0.0004738684138208104,0.9680249120833065,5,25,177,7.299999999999928
FreeSolv,MFGP,59,176,0,329,0.1,0.0004530069143919094,0.9680249120833065,6,25,178,7.1999999999999265
FreeSolv,MFGP,59,177,0,447,0.1,0.0002951150559076649,0.9680249120833065,7,25,179,7.099999999999925
FreeSolv,MFGP,59,178,1,220,1.0,0.0002915889309960517,0.9680249120833065,0,26,179,6.099999999999923
FreeSolv,MFGP,59,179,0,419,0.1,0.00026429156539853647,0.9632788159416478,1,26,180,5.999999999999924
FreeSolv,MFGP,59,180,1,144,1.0,0.00022235930565926015,0.9632788159416478,0,27,180,4.999999999999922
FreeSolv,MFGP,59,181,1,182,1.0,0.00022485742654500956,0.9533828406609717,0,28,180,3.999999999999922
FreeSolv,MFGP,59,182,1,358,1.0,0.00020243378523790868,0.894715492987745,0,29,180,2.999999999999922
FreeSolv,MFGP,59,183,0,48,0.1,0.00017329267612884962,0.894715492987745,1,29,181,2.8999999999999218
FreeSolv,MFGP,59,184,1,612,1.0,0.00018183339435310806,0.894715492987745,0,30,181,1.8999999999999204
FreeSolv,MFGP,59,185,0,188,0.1,0.0001307863260121578,0.894715492987745,1,30,182,1.7999999999999203
FreeSolv,MFGP,59,186,1,492,1.0,0.00013257212264344582,0.894715492987745,0,31,182,0.799999999999919
FreeSolv,MFGP,59,187,0,600,0.1,0.00012964944187710236,0.8980421355768842,1,31,183,0.699999999999919
FreeSolv,MFGP,59,188,0,310,0.1,0.00012982747132189943,0.8980421355768842,2,31,184,0.5999999999999176
FreeSolv,MFGP,59,189,0,240,0.1,0.00011228710447853335,0.8980421355768842,3,31,185,0.4999999999999162
FreeSolv,MFGP,59,190,0,488,0.1,0.0004476593988468121,0.8980421355768842,4,31,186,0.39999999999991476
FreeSolv,MFGP,59,191,0,93,0.1,0.0013168579938363503,0.8980421355768842,5,31,187,0.29999999999991334
FreeSolv,MFGP,59,192,0,25,0.1,0.0005077381942990351,0.8980421355768842,6,31,188,0.1999999999999119
FreeSolv,MFGP,59,193,0,262,0.1,0.00025158955673633133,0.8980421355768842,7,31,189,0.09999999999991047
FreeSolv,MFGP,60,1,1,515,1.0,4.920356591643865,0.5,0,3,25,44.5
FreeSolv,MFGP,60,2,0,446,0.1,1.7504026630013214,0.5,1,3,26,44.4
FreeSolv,MFGP,60,3,0,437,0.1,1.8680822128898515,0.5,2,3,27,44.3
FreeSolv,MFGP,60,4,0,206,0.1,2.3642449759641586,0.5,3,3,28,44.199999999999996
FreeSolv,MFGP,60,5,0,592,0.1,2.247494284267805,0.5,4,3,29,44.1
FreeSolv,MFGP,60,6,0,377,0.1,2.312774483984853,0.5,5,3,30,44.0
FreeSolv,MFGP,60,7,0,282,0.1,2.0797503877681556,0.5,6,3,31,43.9
FreeSolv,MFGP,60,8,0,368,0.1,1.9773532767422153,0.5,7,3,32,43.800000000000004
FreeSolv,MFGP,60,9,0,183,0.1,2.112295535033856,0.5,8,3,33,43.7
FreeSolv,MFGP,60,10,0,166,0.1,1.935213015353569,0.5,9,3,34,43.6
FreeSolv,MFGP,60,11,0,432,0.1,1.9669340739625119,0.5,10,3,35,43.5
FreeSolv,MFGP,60,12,0,10,0.1,1.9380928154858161,0.5,11,3,36,43.4
FreeSolv,MFGP,60,13,0,534,0.1,1.8046302658757751,0.5,12,3,37,43.300000000000004
FreeSolv,MFGP,60,14,0,624,0.1,1.7657196050786432,0.5,13,3,38,43.2
FreeSolv,MFGP,60,15,0,141,0.1,1.6558902003585063,0.5,14,3,39,43.1
FreeSolv,MFGP,60,16,0,128,0.1,1.7193883144587407,0.5,15,3,40,43.00000000000001
FreeSolv,MFGP,60,17,0,77,0.1,1.6930666298165091,0.5,16,3,41,42.900000000000006
FreeSolv,MFGP,60,18,0,238,0.1,1.578052779478734,0.5,17,3,42,42.800000000000004
FreeSolv,MFGP,60,19,0,253,0.1,1.5118241879441774,0.5,18,3,43,42.7
FreeSolv,MFGP,60,20,0,472,0.1,1.4571001786352233,0.5,19,3,44,42.6
FreeSolv,MFGP,60,21,0,200,0.1,1.5614677084049577,0.5,20,3,45,42.50000000000001
FreeSolv,MFGP,60,22,1,182,1.0,0.0009715538798988066,0.5,0,4,45,41.50000000000001
FreeSolv,MFGP,60,23,0,473,0.1,1.4549246776975011,0.5,1,4,46,41.400000000000006
FreeSolv,MFGP,60,24,0,413,0.1,1.350532247240445,0.5,2,4,47,41.300000000000004
FreeSolv,MFGP,60,25,0,172,0.1,1.5040033697091493,0.5,3,4,48,41.20000000000001
FreeSolv,MFGP,60,26,0,336,0.1,1.2647494877854393,0.5,4,4,49,41.10000000000001
FreeSolv,MFGP,60,27,0,66,0.1,1.2399989741730533,0.5,5,4,50,41.00000000000001
FreeSolv,MFGP,60,28,0,486,0.1,1.6798277450772843,0.5,6,4,51,40.900000000000006
FreeSolv,MFGP,60,29,0,148,0.1,1.8465203894120885,0.5,7,4,52,40.800000000000004
FreeSolv,MFGP,60,30,0,436,0.1,1.805246999418098,0.5,8,4,53,40.70000000000001
FreeSolv,MFGP,60,31,0,263,0.1,1.9808468699940192,0.5,9,4,54,40.60000000000001
FreeSolv,MFGP,60,32,0,233,0.1,1.7337191121314803,0.5,10,4,55,40.50000000000001
FreeSolv,MFGP,60,33,0,83,0.1,1.6461818071392,0.5,11,4,56,40.40000000000001
FreeSolv,MFGP,60,34,0,96,0.1,2.0898340579378716,0.5,12,4,57,40.30000000000001
FreeSolv,MFGP,60,35,0,105,0.1,2.012421522264135,0.5,13,4,58,40.20000000000001
FreeSolv,MFGP,60,36,0,589,0.1,1.7361945843055928,0.5,14,4,59,40.10000000000001
FreeSolv,MFGP,60,37,0,2,0.1,1.6482755936293814,0.5,15,4,60,40.00000000000001
FreeSolv,MFGP,60,38,0,191,0.1,1.3854616507224122,0.5,16,4,61,39.90000000000001
FreeSolv,MFGP,60,39,0,619,0.1,1.2786005191970846,0.5,17,4,62,39.80000000000001
FreeSolv,MFGP,60,40,0,626,0.1,1.2294377010063047,0.5,18,4,63,39.70000000000001
FreeSolv,MFGP,60,41,0,620,0.1,1.1742434129829151,0.5,19,4,64,39.600000000000016
FreeSolv,MFGP,60,42,0,328,0.1,1.0745449935690428,0.5,20,4,65,39.500000000000014
FreeSolv,MFGP,60,43,1,292,1.0,0.00018431742684547154,0.5,0,5,65,38.500000000000014
FreeSolv,MFGP,60,44,0,444,0.1,1.071445120343299,0.5,1,5,66,38.40000000000001
FreeSolv,MFGP,60,45,0,129,0.1,1.7285399714170129,0.5,2,5,67,38.30000000000001
FreeSolv,MFGP,60,46,0,502,0.1,1.6741028872456911,0.5,3,5,68,38.20000000000001
FreeSolv,MFGP,60,47,0,497,0.1,1.608471141560949,0.5,4,5,69,38.100000000000016
FreeSolv,MFGP,60,48,0,422,0.1,1.28527942719943,0.5,5,5,70,38.000000000000014
FreeSolv,MFGP,60,49,0,86,0.1,1.2468702241714908,0.5,6,5,71,37.90000000000001
FreeSolv,MFGP,60,50,0,577,0.1,1.1360599216632379,0.5,7,5,72,37.80000000000002
FreeSolv,MFGP,60,51,0,517,0.1,1.0426336285937798,0.5,8,5,73,37.70000000000002
FreeSolv,MFGP,60,52,0,564,0.1,0.9454881098872122,0.5,9,5,74,37.600000000000016
FreeSolv,MFGP,60,53,0,492,0.1,1.1348551784083345,0.5,10,5,75,37.500000000000014
FreeSolv,MFGP,60,54,0,87,0.1,1.6959115686374007,0.5,11,5,76,37.40000000000001
FreeSolv,MFGP,60,55,0,540,0.1,1.3061698756590725,0.5,12,5,77,37.30000000000002
FreeSolv,MFGP,60,56,0,572,0.1,1.3574715220134628,0.5,13,5,78,37.20000000000002
FreeSolv,MFGP,60,57,0,41,0.1,1.1561872883164093,0.5,14,5,79,37.100000000000016
FreeSolv,MFGP,60,58,0,384,0.1,0.9307374218558392,0.5,15,5,80,37.00000000000002
FreeSolv,MFGP,60,59,0,261,0.1,0.7484125568058705,0.5,16,5,81,36.90000000000002
FreeSolv,MFGP,60,60,0,39,0.1,1.1672996694765396,0.5,17,5,82,36.80000000000002
FreeSolv,MFGP,60,61,0,80,0.1,0.9272382978246504,0.5,18,5,83,36.70000000000002
FreeSolv,MFGP,60,62,0,501,0.1,0.6633203299812803,0.5,19,5,84,36.600000000000016
FreeSolv,MFGP,60,63,0,533,0.1,0.7286608614494541,0.5,20,5,85,36.50000000000002
FreeSolv,MFGP,60,64,1,59,1.0,0.00012913597671222223,0.5,0,6,85,35.50000000000002
FreeSolv,MFGP,60,65,0,266,0.1,0.5603221788433623,0.5,1,6,86,35.40000000000002
FreeSolv,MFGP,60,66,0,633,0.1,0.4650811060649257,0.5,2,6,87,35.30000000000002
FreeSolv,MFGP,60,67,0,500,0.1,0.33509169545033246,0.5,3,6,88,35.200000000000024
FreeSolv,MFGP,60,68,0,538,0.1,0.31781711166740345,0.5,4,6,89,35.10000000000002
FreeSolv,MFGP,60,69,0,269,0.1,0.31475674770171796,0.5,5,6,90,35.00000000000002
FreeSolv,MFGP,60,70,0,276,0.1,0.2782626635704917,0.5,6,6,91,34.90000000000002
FreeSolv,MFGP,60,71,0,8,0.1,0.2554566593041053,0.5,7,6,92,34.80000000000002
FreeSolv,MFGP,60,72,0,139,0.1,0.24009489402979547,0.5,8,6,93,34.700000000000024
FreeSolv,MFGP,60,73,0,313,0.1,0.23836464856388698,0.5,9,6,94,34.60000000000002
FreeSolv,MFGP,60,74,0,456,0.1,0.20595223955551786,0.5,10,6,95,34.50000000000002
FreeSolv,MFGP,60,75,0,258,0.1,0.19136490218633576,0.5,11,6,96,34.40000000000003
FreeSolv,MFGP,60,76,0,186,0.1,0.18233118618819988,0.5,12,6,97,34.300000000000026
FreeSolv,MFGP,60,77,0,284,0.1,0.17409093877582882,0.5,13,6,98,34.200000000000024
FreeSolv,MFGP,60,78,0,193,0.1,0.2106989618375292,0.5,14,6,99,34.10000000000002
FreeSolv,MFGP,60,79,0,251,0.1,0.17556556331231266,0.5,15,6,100,34.00000000000002
FreeSolv,MFGP,60,80,0,499,0.1,0.4157077851196528,0.5,16,6,101,33.90000000000003
FreeSolv,MFGP,60,81,0,54,0.1,0.3191941862584871,0.5,17,6,102,33.800000000000026
FreeSolv,MFGP,60,82,0,49,0.1,0.2591634508005089,0.5,18,6,103,33.700000000000024
FreeSolv,MFGP,60,83,0,104,0.1,0.4019359523926558,0.5,19,6,104,33.60000000000002
FreeSolv,MFGP,60,84,0,174,0.1,0.15735113455573616,0.5,20,6,105,33.50000000000002
FreeSolv,MFGP,60,85,1,37,1.0,9.444562874976674e-05,0.5,0,7,105,32.50000000000002
FreeSolv,MFGP,60,86,0,615,0.1,0.13976632987972942,0.5,1,7,106,32.40000000000002
FreeSolv,MFGP,60,87,0,498,0.1,0.11337956065561053,0.5,2,7,107,32.30000000000002
FreeSolv,MFGP,60,88,0,240,0.1,0.13165703612841473,0.5,3,7,108,32.20000000000002
FreeSolv,MFGP,60,89,0,579,0.1,0.10958971396050565,0.5,4,7,109,32.100000000000016
FreeSolv,MFGP,60,90,0,631,0.1,0.10647175550957351,0.5,5,7,110,32.000000000000014
FreeSolv,MFGP,60,91,0,301,0.1,0.09222524519769011,0.5,6,7,111,31.900000000000013
FreeSolv,MFGP,60,92,0,359,0.1,0.08268086924532278,0.5,7,7,112,31.80000000000001
FreeSolv,MFGP,60,93,0,386,0.1,0.07603214835295115,0.5,8,7,113,31.70000000000001
FreeSolv,MFGP,60,94,0,102,0.1,0.06957753103546634,0.5,9,7,114,31.60000000000001
FreeSolv,MFGP,60,95,0,425,0.1,0.07067375688028087,0.5,10,7,115,31.500000000000007
FreeSolv,MFGP,60,96,0,122,0.1,0.06557596830638258,0.5,11,7,116,31.400000000000006
FreeSolv,MFGP,60,97,0,136,0.1,0.05825435909743774,0.5,12,7,117,31.300000000000004
FreeSolv,MFGP,60,98,0,118,0.1,0.0530840132140762,0.5,13,7,118,31.200000000000003
FreeSolv,MFGP,60,99,0,453,0.1,0.049213001221952574,0.5,14,7,119,31.1
FreeSolv,MFGP,60,100,0,181,0.1,0.04601977342520089,0.5,15,7,120,31.0
FreeSolv,MFGP,60,101,0,525,0.1,0.044089082642357474,0.5,16,7,121,30.9
FreeSolv,MFGP,60,102,0,275,0.1,0.04289247422181532,0.5,17,7,122,30.799999999999997
FreeSolv,MFGP,60,103,0,271,0.1,0.041017167860637645,0.5,18,7,123,30.699999999999996
FreeSolv,MFGP,60,104,0,168,0.1,0.033576372306974994,0.5,19,7,124,30.599999999999994
FreeSolv,MFGP,60,105,0,430,0.1,0.032707228172701615,0.5,20,7,125,30.499999999999993
FreeSolv,MFGP,60,106,1,122,1.0,6.369626415702722e-05,0.5,0,8,125,29.499999999999993
FreeSolv,MFGP,60,107,0,27,0.1,0.05798405689163008,0.9655795016083351,1,8,126,29.39999999999999
FreeSolv,MFGP,60,108,0,67,0.1,0.046809045901194675,0.9655795016083351,2,8,127,29.29999999999999
FreeSolv,MFGP,60,109,0,98,0.1,0.05045005305469115,0.9655795016083351,3,8,128,29.19999999999999
FreeSolv,MFGP,60,110,0,55,0.1,0.043222814252627514,0.9655795016083351,4,8,129,29.099999999999987
FreeSolv,MFGP,60,111,0,325,0.1,0.03883463810030059,0.9655795016083351,5,8,130,28.999999999999986
FreeSolv,MFGP,60,112,0,232,0.1,0.028346830657974987,0.9655795016083351,6,8,131,28.899999999999984
FreeSolv,MFGP,60,113,0,596,0.1,0.025770502971513037,0.9655795016083351,7,8,132,28.799999999999983
FreeSolv,MFGP,60,114,0,304,0.1,0.026193700444510783,0.9655795016083351,8,8,133,28.69999999999998
FreeSolv,MFGP,60,115,0,103,0.1,0.029386894677129852,0.9655795016083351,9,8,134,28.59999999999998
FreeSolv,MFGP,60,116,0,1,0.1,0.023639411999140617,0.9655795016083351,10,8,135,28.49999999999998
FreeSolv,MFGP,60,117,0,222,0.1,0.022188335144795655,0.9655795016083351,11,8,136,28.399999999999977
FreeSolv,MFGP,60,118,0,354,0.1,0.02089013495998024,0.9655795016083351,12,8,137,28.299999999999976
FreeSolv,MFGP,60,119,0,75,0.1,0.019325748885134192,0.9655795016083351,13,8,138,28.199999999999974
FreeSolv,MFGP,60,120,0,557,0.1,0.01816635385008256,0.9655795016083351,14,8,139,28.099999999999973
FreeSolv,MFGP,60,121,0,216,0.1,0.0185214862937065,0.9655795016083351,15,8,140,27.99999999999997
FreeSolv,MFGP,60,122,0,573,0.1,0.01885380498660727,0.9655795016083351,16,8,141,27.89999999999997
FreeSolv,MFGP,60,123,0,192,0.1,0.017181662878760884,0.9655795016083351,17,8,142,27.79999999999997
FreeSolv,MFGP,60,124,0,290,0.1,0.0136322554765024,0.9655795016083351,18,8,143,27.699999999999967
FreeSolv,MFGP,60,125,0,496,0.1,0.016385104383693814,0.9655795016083351,19,8,144,27.599999999999966
FreeSolv,MFGP,60,126,0,450,0.1,0.013707330900437268,0.9655795016083351,20,8,145,27.499999999999964
FreeSolv,MFGP,60,127,1,49,1.0,0.003740939667425669,0.9655795016083351,0,9,145,26.499999999999964
FreeSolv,MFGP,60,128,1,257,1.0,0.012370322273508053,0.9628019550271434,0,10,145,25.499999999999964
FreeSolv,MFGP,60,129,0,333,0.1,0.01045133056582387,0.9628019550271434,1,10,146,25.399999999999963
FreeSolv,MFGP,60,130,0,605,0.1,0.009217989843973385,0.9628019550271434,2,10,147,25.29999999999996
FreeSolv,MFGP,60,131,0,404,0.1,0.008483394035047939,0.9628019550271434,3,10,148,25.19999999999996
FreeSolv,MFGP,60,132,0,124,0.1,0.008386849625813203,0.9628019550271434,4,10,149,25.09999999999996
FreeSolv,MFGP,60,133,0,108,0.1,0.007251232261224056,0.9628019550271434,5,10,150,24.999999999999957
FreeSolv,MFGP,60,134,0,463,0.1,0.0057265096322832425,0.9628019550271434,6,10,151,24.899999999999956
FreeSolv,MFGP,60,135,0,555,0.1,0.004461907820171209,0.9628019550271434,7,10,152,24.799999999999955
FreeSolv,MFGP,60,136,0,353,0.1,0.004011186160469029,0.9628019550271434,8,10,153,24.699999999999953
FreeSolv,MFGP,60,137,0,198,0.1,0.003852574477210037,0.9628019550271434,9,10,154,24.59999999999995
FreeSolv,MFGP,60,138,0,434,0.1,0.003336153957328763,0.9628019550271434,10,10,155,24.49999999999995
FreeSolv,MFGP,60,139,0,287,0.1,0.0030707055905572446,0.9628019550271434,11,10,156,24.39999999999995
FreeSolv,MFGP,60,140,0,639,0.1,0.0028658078280848075,0.9628019550271434,12,10,157,24.299999999999947
FreeSolv,MFGP,60,141,0,190,0.1,0.002616530596304947,0.9628019550271434,13,10,158,24.199999999999946
FreeSolv,MFGP,60,142,0,457,0.1,0.0023355674072218207,0.9628019550271434,14,10,159,24.099999999999945
FreeSolv,MFGP,60,143,0,412,0.1,0.0046573696813331416,0.9628019550271434,15,10,160,23.999999999999943
FreeSolv,MFGP,60,144,0,544,0.1,0.0028811245415850126,0.9628019550271434,16,10,161,23.89999999999994
FreeSolv,MFGP,60,145,1,251,1.0,0.0023257015986222485,0.9628019550271434,0,11,161,22.89999999999994
FreeSolv,MFGP,60,146,0,452,0.1,0.001611242166559091,0.929344211412623,1,11,162,22.79999999999994
FreeSolv,MFGP,60,147,0,420,0.1,0.0013998964377769374,0.929344211412623,2,11,163,22.69999999999994
FreeSolv,MFGP,60,148,0,331,0.1,0.0013534638565740418,0.929344211412623,3,11,164,22.599999999999937
FreeSolv,MFGP,60,149,0,267,0.1,0.00121322105559314,0.929344211412623,4,11,165,22.499999999999936
FreeSolv,MFGP,60,150,0,458,0.1,0.0010974403237504473,0.929344211412623,5,11,166,22.399999999999935
FreeSolv,MFGP,60,151,1,222,1.0,0.0011415730241448752,0.929344211412623,0,12,166,21.399999999999935
FreeSolv,MFGP,60,152,0,131,0.1,0.0008715342957948027,0.784766464309129,1,12,167,21.299999999999933
FreeSolv,MFGP,60,153,0,344,0.1,0.0009253345994992922,0.784766464309129,2,12,168,21.199999999999932
FreeSolv,MFGP,60,154,0,524,0.1,0.0008272527964118233,0.784766464309129,3,12,169,21.09999999999993
FreeSolv,MFGP,60,155,0,265,0.1,0.0005920125779678809,0.784766464309129,4,12,170,20.99999999999993
FreeSolv,MFGP,60,156,1,284,1.0,0.0006405174500583397,0.784766464309129,0,13,170,19.99999999999993
FreeSolv,MFGP,60,157,1,488,1.0,0.002266281627368895,0.7860069208770932,0,14,170,18.99999999999993
FreeSolv,MFGP,60,158,1,139,1.0,0.000791282484791522,0.7860069208770932,0,15,170,17.99999999999993
FreeSolv,MFGP,60,159,1,261,1.0,0.0008656744194852524,0.7466327501859832,0,16,170,16.99999999999993
FreeSolv,MFGP,60,160,1,540,1.0,0.011972581849749107,0.7712102278155083,0,17,170,15.999999999999929
FreeSolv,MFGP,60,161,1,501,1.0,0.026149406460151972,0.7830471309929284,0,18,170,14.999999999999929
FreeSolv,MFGP,60,162,1,41,1.0,0.013337899867084425,0.7841851624230061,0,19,170,13.999999999999929
FreeSolv,MFGP,60,163,1,393,1.0,0.005371533257250101,0.7771377529286079,0,20,170,12.999999999999929
FreeSolv,MFGP,60,164,1,560,1.0,0.0027329518112593695,0.7771377529286079,0,21,170,11.999999999999929
FreeSolv,MFGP,60,165,1,167,1.0,0.0011942740396927547,0.7771377529286079,0,22,170,10.999999999999929
FreeSolv,MFGP,60,166,0,373,0.1,0.0010485369735310855,0.7771377529286079,1,22,171,10.89999999999993
FreeSolv,MFGP,60,167,0,250,0.1,0.0006217201580469019,0.7771377529286079,2,22,172,10.799999999999928
FreeSolv,MFGP,60,168,0,508,0.1,0.0005044474162885044,0.7771377529286079,3,22,173,10.699999999999926
FreeSolv,MFGP,60,169,1,61,1.0,0.0004965659027443038,0.7771377529286079,0,23,173,9.699999999999925
FreeSolv,MFGP,60,170,1,39,1.0,0.0004535191020911605,0.7771377529286079,0,24,173,8.699999999999925
FreeSolv,MFGP,60,171,0,583,0.1,0.000499772035082091,0.7875741123552189,1,24,174,8.599999999999925
FreeSolv,MFGP,60,172,0,483,0.1,0.0005600758239073042,0.7875741123552189,2,24,175,8.499999999999924
FreeSolv,MFGP,60,173,1,144,1.0,0.0004586103489959154,0.7875741123552189,0,25,175,7.499999999999922
FreeSolv,MFGP,60,174,1,269,1.0,0.00042121019684023204,0.8060373662140145,0,26,175,6.499999999999922
FreeSolv,MFGP,60,175,1,457,1.0,0.0003710055755069379,0.8087854115619606,0,27,175,5.499999999999922
FreeSolv,MFGP,60,176,0,68,0.1,0.00037674244197919484,0.8556061861584899,1,27,176,5.399999999999922
FreeSolv,MFGP,60,177,0,26,0.1,0.000343904302730436,0.8556061861584899,2,27,177,5.299999999999921
FreeSolv,MFGP,60,178,0,342,0.1,0.0003032802605719355,0.8556061861584899,3,27,178,5.199999999999919
FreeSolv,MFGP,60,179,1,329,1.0,0.00021308550328518003,0.8556061861584899,0,28,178,4.199999999999918
FreeSolv,MFGP,60,180,0,134,0.1,0.0002112385705027546,0.8556061861584899,1,28,179,4.099999999999918
FreeSolv,MFGP,60,181,0,419,0.1,0.0002132408492406015,0.8556061861584899,2,28,180,3.999999999999916
FreeSolv,MFGP,60,182,0,132,0.1,0.00018225931291015703,0.8556061861584899,3,28,181,3.8999999999999146
FreeSolv,MFGP,60,183,0,16,0.1,0.0001630909646294087,0.8556061861584899,4,28,182,3.7999999999999132
FreeSolv,MFGP,60,184,0,531,0.1,0.00011274061622315213,0.8556061861584899,5,28,183,3.699999999999912
FreeSolv,MFGP,60,185,1,507,1.0,0.00011181148387451063,0.8556061861584899,0,29,183,2.6999999999999105
FreeSolv,MFGP,60,186,0,410,0.1,0.00010389835413282864,0.8556061861584899,1,29,184,2.5999999999999104
FreeSolv,MFGP,60,187,1,188,1.0,9.585603885947603e-05,0.8556061861584899,0,30,184,1.599999999999909
FreeSolv,MFGP,60,188,1,378,1.0,5.822022606234939e-05,0.8556061861584899,0,31,184,0.599999999999909
FreeSolv,MFGP,60,189,0,443,0.1,4.779628827665789e-05,0.8556061861584899,1,31,185,0.4999999999999091
FreeSolv,MFGP,60,190,0,361,0.1,6.137624400542309e-05,0.8556061861584899,2,31,186,0.39999999999990765
FreeSolv,MFGP,60,191,0,244,0.1,3.8268796652179466e-05,0.8556061861584899,3,31,187,0.29999999999990623
FreeSolv,MFGP,60,192,0,204,0.1,3.559640549497779e-05,0.8556061861584899,4,31,188,0.19999999999990478
FreeSolv,MFGP,60,193,0,262,0.1,3.41546792849608e-05,0.8556061861584899,5,31,189,0.09999999999990336
FreeSolv,MFGP,61,1,1,515,1.0,3.907317710816762,0.5,0,3,25,44.5
FreeSolv,MFGP,61,2,0,631,0.1,2.3289800293502063,0.5,1,3,26,44.4
FreeSolv,MFGP,61,3,0,368,0.1,2.505517601015128,0.5,2,3,27,44.3
FreeSolv,MFGP,61,4,0,432,0.1,3.0231641829186917,0.5,3,3,28,44.199999999999996
FreeSolv,MFGP,61,5,0,206,0.1,2.980918088715086,0.5,4,3,29,44.1
FreeSolv,MFGP,61,6,0,446,0.1,2.791217986135557,0.5,5,3,30,44.0
FreeSolv,MFGP,61,7,0,437,0.1,2.574685179126739,0.5,6,3,31,43.9
FreeSolv,MFGP,61,8,0,282,0.1,2.7722613120219823,0.5,7,3,32,43.800000000000004
FreeSolv,MFGP,61,9,0,548,0.1,2.678512002851848,0.5,8,3,33,43.7
FreeSolv,MFGP,61,10,0,592,0.1,2.3720371721689126,0.5,9,3,34,43.6
FreeSolv,MFGP,61,11,0,166,0.1,2.3141263384943156,0.5,10,3,35,43.5
FreeSolv,MFGP,61,12,0,183,0.1,2.2590894879367944,0.5,11,3,36,43.4
FreeSolv,MFGP,61,13,0,10,0.1,2.1255302424599263,0.5,12,3,37,43.300000000000004
FreeSolv,MFGP,61,14,0,187,0.1,2.0288208495538083,0.5,13,3,38,43.2
FreeSolv,MFGP,61,15,0,91,0.1,1.8577366244176252,0.5,14,3,39,43.1
FreeSolv,MFGP,61,16,0,377,0.1,1.755576826079917,0.5,15,3,40,43.00000000000001
FreeSolv,MFGP,61,17,0,238,0.1,1.6341774170258283,0.5,16,3,41,42.900000000000006
FreeSolv,MFGP,61,18,0,141,0.1,1.5728940206534097,0.5,17,3,42,42.800000000000004
FreeSolv,MFGP,61,19,0,128,0.1,1.652686161621989,0.5,18,3,43,42.7
FreeSolv,MFGP,61,20,0,77,0.1,1.6018325442433956,0.5,19,3,44,42.6
FreeSolv,MFGP,61,21,0,473,0.1,1.481217659920998,0.5,20,3,45,42.50000000000001
FreeSolv,MFGP,61,22,1,366,1.0,0.0025542930718708695,0.5,0,4,45,41.50000000000001
FreeSolv,MFGP,61,23,0,351,0.1,1.3214519466991774,0.5,1,4,46,41.400000000000006
FreeSolv,MFGP,61,24,0,413,0.1,1.3615303269087247,0.5,2,4,47,41.300000000000004
FreeSolv,MFGP,61,25,0,200,0.1,1.447511244419637,0.5,3,4,48,41.20000000000001
FreeSolv,MFGP,61,26,0,172,0.1,1.3334350258989447,0.5,4,4,49,41.10000000000001
FreeSolv,MFGP,61,27,0,472,0.1,1.2838830959659753,0.5,5,4,50,41.00000000000001
FreeSolv,MFGP,61,28,0,66,0.1,1.2323296319088843,0.5,6,4,51,40.900000000000006
FreeSolv,MFGP,61,29,0,233,0.1,1.6951998052639872,0.5,7,4,52,40.800000000000004
FreeSolv,MFGP,61,30,0,486,0.1,2.152324102785421,0.5,8,4,53,40.70000000000001
FreeSolv,MFGP,61,31,0,96,0.1,1.9943489977868245,0.5,9,4,54,40.60000000000001
FreeSolv,MFGP,61,32,0,83,0.1,2.1265525448542677,0.5,10,4,55,40.50000000000001
FreeSolv,MFGP,61,33,0,299,0.1,2.1293505218462263,0.5,11,4,56,40.40000000000001
FreeSolv,MFGP,61,34,0,436,0.1,1.7927320876296018,0.5,12,4,57,40.30000000000001
FreeSolv,MFGP,61,35,0,327,0.1,1.8230511765952278,0.5,13,4,58,40.20000000000001
FreeSolv,MFGP,61,36,0,589,0.1,1.6681253634367084,0.5,14,4,59,40.10000000000001
FreeSolv,MFGP,61,37,0,619,0.1,1.527346400760791,0.5,15,4,60,40.00000000000001
FreeSolv,MFGP,61,38,0,369,0.1,1.5699439984056343,0.5,16,4,61,39.90000000000001
FreeSolv,MFGP,61,39,0,626,0.1,1.4934177102838775,0.5,17,4,62,39.80000000000001
FreeSolv,MFGP,61,40,0,328,0.1,1.376511010457845,0.5,18,4,63,39.70000000000001
FreeSolv,MFGP,61,41,0,620,0.1,1.3319099156602143,0.5,19,4,64,39.600000000000016
FreeSolv,MFGP,61,42,0,258,0.1,1.2718678941355939,0.5,20,4,65,39.500000000000014
FreeSolv,MFGP,61,43,1,292,1.0,0.0007049725510886885,0.5,0,5,65,38.500000000000014
FreeSolv,MFGP,61,44,0,444,0.1,1.2152782329123617,0.5,1,5,66,38.40000000000001
FreeSolv,MFGP,61,45,0,129,0.1,1.8838931316146008,0.5,2,5,67,38.30000000000001
FreeSolv,MFGP,61,46,0,502,0.1,1.7332471370011693,0.5,3,5,68,38.20000000000001
FreeSolv,MFGP,61,47,0,497,0.1,1.6476196445654714,0.5,4,5,69,38.100000000000016
FreeSolv,MFGP,61,48,0,422,0.1,1.3832808567672956,0.5,5,5,70,38.000000000000014
FreeSolv,MFGP,61,49,0,577,0.1,1.179376152809163,0.5,6,5,71,37.90000000000001
FreeSolv,MFGP,61,50,0,564,0.1,1.1673962720049416,0.5,7,5,72,37.80000000000002
FreeSolv,MFGP,61,51,0,492,0.1,1.418803693850027,0.5,8,5,73,37.70000000000002
FreeSolv,MFGP,61,52,0,87,0.1,1.8908734091461137,0.5,9,5,74,37.600000000000016
FreeSolv,MFGP,61,53,0,638,0.1,1.4627749317850136,0.5,10,5,75,37.500000000000014
FreeSolv,MFGP,61,54,0,540,0.1,1.3715617830038154,0.5,11,5,76,37.40000000000001
FreeSolv,MFGP,61,55,0,572,0.1,1.505600401349898,0.5,12,5,77,37.30000000000002
FreeSolv,MFGP,61,56,0,41,0.1,1.1778199544616386,0.5,13,5,78,37.20000000000002
FreeSolv,MFGP,61,57,0,63,0.1,0.9973923865871015,0.5,14,5,79,37.100000000000016
FreeSolv,MFGP,61,58,0,501,0.1,0.8154423592440962,0.5,15,5,80,37.00000000000002
FreeSolv,MFGP,61,59,0,533,0.1,1.251930534370694,0.5,16,5,81,36.90000000000002
FreeSolv,MFGP,61,60,0,266,0.1,1.0444284246470907,0.5,17,5,82,36.80000000000002
FreeSolv,MFGP,61,61,0,261,0.1,0.8687024548569766,0.5,18,5,83,36.70000000000002
FreeSolv,MFGP,61,62,0,39,0.1,1.134210391684232,0.5,19,5,84,36.600000000000016
FreeSolv,MFGP,61,63,0,80,0.1,0.6535776680733857,0.5,20,5,85,36.50000000000002
FreeSolv,MFGP,61,64,1,456,1.0,0.0007414709747070244,0.5,0,6,85,35.50000000000002
FreeSolv,MFGP,61,65,0,284,0.1,0.4558441037101457,0.5,1,6,86,35.40000000000002
FreeSolv,MFGP,61,66,0,361,0.1,0.3989832062317161,0.5,2,6,87,35.30000000000002
FreeSolv,MFGP,61,67,0,605,0.1,0.37138391198464876,0.5,3,6,88,35.200000000000024
FreeSolv,MFGP,61,68,0,269,0.1,0.36287382781122673,0.5,4,6,89,35.10000000000002
FreeSolv,MFGP,61,69,0,276,0.1,0.3473835757263427,0.5,5,6,90,35.00000000000002
FreeSolv,MFGP,61,70,0,139,0.1,0.32726357705685744,0.5,6,6,91,34.90000000000002
FreeSolv,MFGP,61,71,0,8,0.1,0.34183192640734217,0.5,7,6,92,34.80000000000002
FreeSolv,MFGP,61,72,0,186,0.1,0.3138670828461104,0.5,8,6,93,34.700000000000024
FreeSolv,MFGP,61,73,0,633,0.1,0.283247476888024,0.5,9,6,94,34.60000000000002
FreeSolv,MFGP,61,74,0,500,0.1,0.24284619457955944,0.5,10,6,95,34.50000000000002
FreeSolv,MFGP,61,75,0,275,0.1,0.2135182498266562,0.5,11,6,96,34.40000000000003
FreeSolv,MFGP,61,76,0,280,0.1,0.21222402271996857,0.5,12,6,97,34.300000000000026
FreeSolv,MFGP,61,77,0,118,0.1,0.19096197689744285,0.5,13,6,98,34.200000000000024
FreeSolv,MFGP,61,78,0,251,0.1,0.17991149297564832,0.5,14,6,99,34.10000000000002
FreeSolv,MFGP,61,79,0,499,0.1,0.3773956112300811,0.5,15,6,100,34.00000000000002
FreeSolv,MFGP,61,80,0,54,0.1,0.34307317587598973,0.5,16,6,101,33.90000000000003
FreeSolv,MFGP,61,81,0,49,0.1,0.31126245910566647,0.5,17,6,102,33.800000000000026
FreeSolv,MFGP,61,82,0,104,0.1,0.35990618563643495,0.5,18,6,103,33.700000000000024
FreeSolv,MFGP,61,83,0,181,0.1,0.15181123463973295,0.5,19,6,104,33.60000000000002
FreeSolv,MFGP,61,84,0,86,0.1,0.14126856069946672,0.5,20,6,105,33.50000000000002
FreeSolv,MFGP,61,85,1,615,1.0,0.00020606872226805722,0.5,0,7,105,32.50000000000002
FreeSolv,MFGP,61,86,0,304,0.1,0.12462226585051847,0.5,1,7,106,32.40000000000002
FreeSolv,MFGP,61,87,0,485,0.1,0.11782412926302402,0.5,2,7,107,32.30000000000002
FreeSolv,MFGP,61,88,0,301,0.1,0.10683508132120108,0.5,3,7,108,32.20000000000002
FreeSolv,MFGP,61,89,0,61,0.1,0.10079422426533577,0.5,4,7,109,32.100000000000016
FreeSolv,MFGP,61,90,0,136,0.1,0.08539452734543325,0.5,5,7,110,32.000000000000014
FreeSolv,MFGP,61,91,0,60,0.1,0.06604584439900328,0.5,6,7,111,31.900000000000013
FreeSolv,MFGP,61,92,0,525,0.1,0.06076808818647493,0.5,7,7,112,31.80000000000001
FreeSolv,MFGP,61,93,0,222,0.1,0.058664202500902096,0.5,8,7,113,31.70000000000001
FreeSolv,MFGP,61,94,0,453,0.1,0.05334717922769863,0.5,9,7,114,31.60000000000001
FreeSolv,MFGP,61,95,0,24,0.1,0.05833916300135654,0.5,10,7,115,31.500000000000007
FreeSolv,MFGP,61,96,0,59,0.1,0.04471897763822414,0.5,11,7,116,31.400000000000006
FreeSolv,MFGP,61,97,0,496,0.1,0.04166774514804673,0.5,12,7,117,31.300000000000004
FreeSolv,MFGP,61,98,0,122,0.1,0.03744492421037311,0.5,13,7,118,31.200000000000003
FreeSolv,MFGP,61,99,0,579,0.1,0.03390545828426645,0.5,14,7,119,31.1
FreeSolv,MFGP,61,100,0,425,0.1,0.030732921375564368,0.5,15,7,120,31.0
FreeSolv,MFGP,61,101,0,232,0.1,0.030230224128210657,0.5,16,7,121,30.9
FreeSolv,MFGP,61,102,0,405,0.1,0.025677533859386863,0.5,17,7,122,30.799999999999997
FreeSolv,MFGP,61,103,0,443,0.1,0.025705318107667602,0.5,18,7,123,30.699999999999996
FreeSolv,MFGP,61,104,0,498,0.1,0.022558660478796122,0.5,19,7,124,30.599999999999994
FreeSolv,MFGP,61,105,0,240,0.1,0.02640899736317183,0.5,20,7,125,30.499999999999993
FreeSolv,MFGP,61,106,1,122,1.0,0.00016871511629482474,0.5,0,8,125,29.499999999999993
FreeSolv,MFGP,61,107,0,102,0.1,0.031533201730506236,0.5,1,8,126,29.39999999999999
FreeSolv,MFGP,61,108,0,1,0.1,0.027534821076789263,0.5,2,8,127,29.29999999999999
FreeSolv,MFGP,61,109,0,354,0.1,0.0326437261992046,0.5,3,8,128,29.19999999999999
FreeSolv,MFGP,61,110,0,344,0.1,0.03211907043101918,0.5,4,8,129,29.099999999999987
FreeSolv,MFGP,61,111,0,596,0.1,0.031469269187118024,0.5,5,8,130,28.999999999999986
FreeSolv,MFGP,61,112,0,315,0.1,0.026826296138055747,0.5,6,8,131,28.899999999999984
FreeSolv,MFGP,61,113,0,573,0.1,0.025544863437875,0.5,7,8,132,28.799999999999983
FreeSolv,MFGP,61,114,0,332,0.1,0.02421973662378965,0.5,8,8,133,28.69999999999998
FreeSolv,MFGP,61,115,0,329,0.1,0.023043268649213904,0.5,9,8,134,28.59999999999998
FreeSolv,MFGP,61,116,0,484,0.1,0.01716879860692848,0.5,10,8,135,28.49999999999998
FreeSolv,MFGP,61,117,0,257,0.1,0.013913594840250319,0.5,11,8,136,28.399999999999977
FreeSolv,MFGP,61,118,0,290,0.1,0.01097288617323609,0.5,12,8,137,28.299999999999976
FreeSolv,MFGP,61,119,0,373,0.1,0.010287570070462333,0.5,13,8,138,28.199999999999974
FreeSolv,MFGP,61,120,0,363,0.1,0.009215388411100804,0.5,14,8,139,28.099999999999973
FreeSolv,MFGP,61,121,0,271,0.1,0.008077991402978355,0.5,15,8,140,27.99999999999997
FreeSolv,MFGP,61,122,0,55,0.1,0.006513904249642261,0.5,16,8,141,27.89999999999997
FreeSolv,MFGP,61,123,0,26,0.1,0.006136494391641694,0.5,17,8,142,27.79999999999997
FreeSolv,MFGP,61,124,0,75,0.1,0.005401981606479086,0.5,18,8,143,27.699999999999967
FreeSolv,MFGP,61,125,0,511,0.1,0.004937719886434757,0.5,19,8,144,27.599999999999966
FreeSolv,MFGP,61,126,0,103,0.1,0.00477041809358569,0.5,20,8,145,27.499999999999964
FreeSolv,MFGP,61,127,1,49,1.0,0.0018133019427862915,0.5,0,9,145,26.499999999999964
FreeSolv,MFGP,61,128,1,251,1.0,0.009931541989517727,0.987898794268259,0,10,145,25.499999999999964
FreeSolv,MFGP,61,129,0,127,0.1,0.006516959994915612,0.9451864830964966,1,10,146,25.399999999999963
FreeSolv,MFGP,61,130,0,250,0.1,0.005668901847605289,0.9451864830964966,2,10,147,25.29999999999996
FreeSolv,MFGP,61,131,0,639,0.1,0.005339512225464167,0.9451864830964966,3,10,148,25.19999999999996
FreeSolv,MFGP,61,132,0,174,0.1,0.0043800642999017245,0.9451864830964966,4,10,149,25.09999999999996
FreeSolv,MFGP,61,133,0,67,0.1,0.005685475763265717,0.9451864830964966,5,10,150,24.999999999999957
FreeSolv,MFGP,61,134,0,98,0.1,0.004505227665076782,0.9451864830964966,6,10,151,24.899999999999956
FreeSolv,MFGP,61,135,0,358,0.1,0.004426613054697656,0.9451864830964966,7,10,152,24.799999999999955
FreeSolv,MFGP,61,136,0,555,0.1,0.004372955807938144,0.9451864830964966,8,10,153,24.699999999999953
FreeSolv,MFGP,61,137,1,131,1.0,0.0039758076370436796,0.9451864830964966,0,11,153,23.699999999999953
FreeSolv,MFGP,61,138,0,412,0.1,0.003788137050745294,0.9451864830964966,1,11,154,23.59999999999995
FreeSolv,MFGP,61,139,0,434,0.1,0.004519085240635504,0.9451864830964966,2,11,155,23.49999999999995
FreeSolv,MFGP,61,140,0,198,0.1,0.00391397584063545,0.9451864830964966,3,11,156,23.39999999999995
FreeSolv,MFGP,61,141,0,192,0.1,0.003813224297544618,0.9451864830964966,4,11,157,23.299999999999947
FreeSolv,MFGP,61,142,0,287,0.1,0.002905467588916579,0.9451864830964966,5,11,158,23.199999999999946
FreeSolv,MFGP,61,143,0,356,0.1,0.0022217843636358476,0.9451864830964966,6,11,159,23.099999999999945
FreeSolv,MFGP,61,144,0,392,0.1,0.0021492847695244836,0.9451864830964966,7,11,160,22.999999999999943
FreeSolv,MFGP,61,145,0,488,0.1,0.0019870310674597203,0.9451864830964966,8,11,161,22.89999999999994
FreeSolv,MFGP,61,146,0,42,0.1,0.0016504950761598901,0.9451864830964966,9,11,162,22.79999999999994
FreeSolv,MFGP,61,147,0,216,0.1,0.0021339317455383046,0.9451864830964966,10,11,163,22.69999999999994
FreeSolv,MFGP,61,148,0,333,0.1,0.0031579413006703775,0.9451864830964966,11,11,164,22.599999999999937
FreeSolv,MFGP,61,149,0,281,0.1,0.002061115683706083,0.9451864830964966,12,11,165,22.499999999999936
FreeSolv,MFGP,61,150,1,544,1.0,0.0018043415933235406,0.9451864830964966,0,12,165,21.499999999999936
FreeSolv,MFGP,61,151,0,105,0.1,0.0017398242716193835,0.9451864830964966,1,12,166,21.399999999999935
FreeSolv,MFGP,61,152,0,452,0.1,0.0015356012151599844,0.9451864830964966,2,12,167,21.299999999999933
FreeSolv,MFGP,61,153,0,108,0.1,0.0012145535007917765,0.9451864830964966,3,12,168,21.199999999999932
FreeSolv,MFGP,61,154,0,16,0.1,0.0010817877152430632,0.9451864830964966,4,12,169,21.09999999999993
FreeSolv,MFGP,61,155,0,224,0.1,0.000888961059884862,0.9451864830964966,5,12,170,20.99999999999993
FreeSolv,MFGP,61,156,0,265,0.1,0.0008360303334020378,0.9451864830964966,6,12,171,20.899999999999928
FreeSolv,MFGP,61,157,0,173,0.1,0.0010152849864620307,0.9451864830964966,7,12,172,20.799999999999926
FreeSolv,MFGP,61,158,0,288,0.1,0.003014804515152938,0.9451864830964966,8,12,173,20.699999999999925
FreeSolv,MFGP,61,159,0,600,0.1,0.000933183635372793,0.9451864830964966,9,12,174,20.599999999999923
FreeSolv,MFGP,61,160,0,191,0.1,0.0007554200089509191,0.9451864830964966,10,12,175,20.499999999999922
FreeSolv,MFGP,61,161,1,222,1.0,0.0006146622134923282,0.9451864830964966,0,13,175,19.499999999999922
FreeSolv,MFGP,61,162,0,263,0.1,0.0005858205753419966,0.9931133388457384,1,13,176,19.39999999999992
FreeSolv,MFGP,61,163,0,342,0.1,0.0005487328218397045,0.9931133388457384,2,13,177,19.29999999999992
FreeSolv,MFGP,61,164,0,393,0.1,0.000529114187761491,0.9931133388457384,3,13,178,19.199999999999918
FreeSolv,MFGP,61,165,1,284,1.0,0.0004199422726884018,0.9931133388457384,0,14,178,18.199999999999918
FreeSolv,MFGP,61,166,1,139,1.0,0.0009135748026649314,0.970317155147658,0,15,178,17.199999999999918
FreeSolv,MFGP,61,167,1,261,1.0,0.0008004668784487891,0.8547799979767599,0,16,178,16.199999999999918
FreeSolv,MFGP,61,168,1,540,1.0,0.0203010913878343,0.868940500571383,0,17,178,15.199999999999918
FreeSolv,MFGP,61,169,1,501,1.0,0.018053647271065537,0.87480406932885,0,18,178,14.199999999999918
FreeSolv,MFGP,61,170,1,41,1.0,0.01530096933740619,0.8744987945527948,0,19,178,13.199999999999918
FreeSolv,MFGP,61,171,1,393,1.0,0.001961265531954519,0.8540791750466419,0,20,178,12.199999999999918
FreeSolv,MFGP,61,172,1,384,1.0,0.0018211070564968946,0.851974144274969,0,21,178,11.199999999999918
FreeSolv,MFGP,61,173,1,39,1.0,0.0012224861612574632,0.851974144274969,0,22,178,10.199999999999918
FreeSolv,MFGP,61,174,1,269,1.0,0.001467862722093198,0.8593903345675085,0,23,178,9.199999999999918
FreeSolv,MFGP,61,175,1,508,1.0,0.0005968933024001234,0.8602663970657578,0,24,178,8.199999999999918
FreeSolv,MFGP,61,176,1,457,1.0,0.000438438558320574,0.8602663970657578,0,25,178,7.199999999999918
FreeSolv,MFGP,61,177,0,441,0.1,0.0003206702560163215,0.931006794075414,1,25,179,7.099999999999918
FreeSolv,MFGP,61,178,0,214,0.1,0.0003066062293582387,0.931006794075414,2,25,180,6.9999999999999165
FreeSolv,MFGP,61,179,0,134,0.1,0.0002952819991785932,0.931006794075414,3,25,181,6.899999999999915
FreeSolv,MFGP,61,180,0,58,0.1,0.000259041500350145,0.931006794075414,4,25,182,6.799999999999914
FreeSolv,MFGP,61,181,1,144,1.0,0.0002564083458343725,0.931006794075414,0,26,182,5.799999999999912
FreeSolv,MFGP,61,182,0,410,0.1,0.00022476184566113636,0.9190806906516202,1,26,183,5.699999999999912
FreeSolv,MFGP,61,183,0,331,0.1,0.00020042814768360092,0.9190806906516202,2,26,184,5.599999999999911
FreeSolv,MFGP,61,184,1,167,1.0,0.00019702221045709558,0.9190806906516202,0,27,184,4.599999999999909
FreeSolv,MFGP,61,185,0,419,0.1,0.00019160939695659523,0.9190806906516202,1,27,185,4.499999999999909
FreeSolv,MFGP,61,186,0,583,0.1,0.00018377781866619764,0.9190806906516202,2,27,186,4.399999999999908
FreeSolv,MFGP,61,187,0,68,0.1,0.00027204488382248193,0.9190806906516202,3,27,187,4.299999999999907
FreeSolv,MFGP,61,188,0,430,0.1,0.0001637646856079782,0.9190806906516202,4,27,188,4.199999999999905
FreeSolv,MFGP,61,189,0,188,0.1,0.00010338356349482317,0.9190806906516202,5,27,189,4.099999999999904
FreeSolv,MFGP,61,190,0,176,0.1,0.0001033424957422322,0.9190806906516202,6,27,190,3.999999999999902
FreeSolv,MFGP,61,191,0,204,0.1,9.979896272434535e-05,0.9190806906516202,7,27,191,3.8999999999999004
FreeSolv,MFGP,61,192,1,214,1.0,8.707074749859738e-05,0.9190806906516202,0,28,191,2.899999999999899
FreeSolv,MFGP,61,193,1,507,1.0,9.092407147914404e-05,0.9168782122625936,0,29,191,1.899999999999899
FreeSolv,MFGP,61,194,1,278,1.0,8.06778090153685e-05,0.9168782122625936,0,30,191,0.8999999999998991
FreeSolv,MFGP,61,195,0,581,0.1,7.798125948440488e-05,0.9168782122625936,1,30,192,0.7999999999998991
FreeSolv,MFGP,61,196,0,25,0.1,8.22902094011293e-05,0.9168782122625936,2,30,193,0.6999999999998977
FreeSolv,MFGP,61,197,0,574,0.1,6.680573229118083e-05,0.9168782122625936,3,30,194,0.5999999999998963
FreeSolv,MFGP,61,198,0,88,0.1,5.6135261949076807e-05,0.9168782122625936,4,30,195,0.49999999999989486
FreeSolv,MFGP,61,199,0,524,0.1,4.924458444987133e-05,0.9168782122625936,5,30,196,0.39999999999989344
FreeSolv,MFGP,61,200,0,408,0.1,5.5925794055634536e-05,0.9168782122625936,6,30,197,0.299999999999892
FreeSolv,MFGP,61,201,0,597,0.1,4.751509977755181e-05,0.9168782122625936,7,30,198,0.19999999999989057
FreeSolv,MFGP,61,202,0,132,0.1,3.590902426157048e-05,0.9168782122625936,8,30,199,0.09999999999988915
