benchmark,model,seed,step,fidelity_chosen,candidate_idx,cost,score_max,alpha,consecutive_lf_count,n_hf_so_far,n_lf_so_far,remaining_budget
Branin-Fav,Soft Parameter Sharing,42,1,0,45,0.1,176.49804241648584,0.5,1,2,26,45.4
Branin-Fav,Soft Parameter Sharing,42,2,0,49,0.1,137.13300477404172,0.5,2,2,27,45.3
Branin-Fav,Soft Parameter Sharing,42,3,0,46,0.1,132.64031789908572,0.5,3,2,28,45.199999999999996
Branin-Fav,Soft Parameter Sharing,42,4,0,1850,0.1,131.8178282997244,0.5,4,2,29,45.1
Branin-Fav,Soft Parameter Sharing,42,5,0,42,0.1,119.48881650672426,0.5,5,2,30,45.0
Branin-Fav,Soft Parameter Sharing,42,6,0,48,0.1,117.51050323429448,0.5,6,2,31,44.9
Branin-Fav,Soft Parameter Sharing,42,7,0,47,0.1,114.42154513899072,0.5,7,2,32,44.800000000000004
Branin-Fav,Soft Parameter Sharing,42,8,0,99,0.1,110.19248063184122,0.5,8,2,33,44.7
Branin-Fav,Soft Parameter Sharing,42,9,0,98,0.1,109.33770438816597,0.5,9,2,34,44.6
Branin-Fav,Soft Parameter Sharing,42,10,0,44,0.1,105.98616871230836,0.5,10,2,35,44.5
Branin-Fav,Soft Parameter Sharing,42,11,0,43,0.1,109.37851036606517,0.5,11,2,36,44.4
Branin-Fav,Soft Parameter Sharing,42,12,0,97,0.1,104.99834332263643,0.5,12,2,37,44.300000000000004
Branin-Fav,Soft Parameter Sharing,42,13,0,96,0.1,104.93396336467922,0.5,13,2,38,44.2
Branin-Fav,Soft Parameter Sharing,42,14,0,41,0.1,100.05969130848473,0.5,14,2,39,44.1
Branin-Fav,Soft Parameter Sharing,42,15,0,95,0.1,98.7440795522951,0.5,15,2,40,44.00000000000001
Branin-Fav,Soft Parameter Sharing,42,16,0,149,0.1,99.01391351802319,0.5,16,2,41,43.900000000000006
Branin-Fav,Soft Parameter Sharing,42,17,0,148,0.1,97.11260770812355,0.5,17,2,42,43.800000000000004
Branin-Fav,Soft Parameter Sharing,42,18,0,94,0.1,95.07106735872192,0.5,18,2,43,43.7
Branin-Fav,Soft Parameter Sharing,42,19,0,93,0.1,94.2836092017452,0.5,19,2,44,43.6
Branin-Fav,Soft Parameter Sharing,42,20,0,147,0.1,93.44629643089633,0.5,20,2,45,43.50000000000001
Branin-Fav,Soft Parameter Sharing,42,21,1,2450,1.0,35.869136993800666,0.5,0,3,45,42.50000000000001
Branin-Fav,Soft Parameter Sharing,42,22,0,146,0.1,90.68885194317681,0.5,1,3,46,42.400000000000006
Branin-Fav,Soft Parameter Sharing,42,23,0,199,0.1,90.18422932361142,0.5,2,3,47,42.300000000000004
Branin-Fav,Soft Parameter Sharing,42,24,0,198,0.1,89.44303406901903,0.5,3,3,48,42.20000000000001
Branin-Fav,Soft Parameter Sharing,42,25,0,145,0.1,87.96634613441768,0.5,4,3,49,42.10000000000001
Branin-Fav,Soft Parameter Sharing,42,26,0,197,0.1,87.89781680405343,0.5,5,3,50,42.00000000000001
Branin-Fav,Soft Parameter Sharing,42,27,0,144,0.1,86.12871154327586,0.5,6,3,51,41.900000000000006
Branin-Fav,Soft Parameter Sharing,42,28,0,249,0.1,86.30510244636982,0.5,7,3,52,41.800000000000004
Branin-Fav,Soft Parameter Sharing,42,29,0,92,0.1,85.00422225883158,0.5,8,3,53,41.70000000000001
Branin-Fav,Soft Parameter Sharing,42,30,0,196,0.1,83.74184253542306,0.5,9,3,54,41.60000000000001
Branin-Fav,Soft Parameter Sharing,42,31,0,248,0.1,81.07599718099824,0.5,10,3,55,41.50000000000001
Branin-Fav,Soft Parameter Sharing,42,32,0,247,0.1,81.94326027757342,0.5,11,3,56,41.40000000000001
Branin-Fav,Soft Parameter Sharing,42,33,0,299,0.1,83.4379365485583,0.5,12,3,57,41.30000000000001
Branin-Fav,Soft Parameter Sharing,42,34,0,195,0.1,79.245557728516,0.5,13,3,58,41.20000000000001
Branin-Fav,Soft Parameter Sharing,42,35,0,143,0.1,78.01942519031253,0.5,14,3,59,41.10000000000001
Branin-Fav,Soft Parameter Sharing,42,36,0,298,0.1,80.41431246492708,0.5,15,3,60,41.00000000000001
Branin-Fav,Soft Parameter Sharing,42,37,0,349,0.1,85.14841906001125,0.5,16,3,61,40.90000000000001
Branin-Fav,Soft Parameter Sharing,42,38,0,246,0.1,79.66243735164639,0.5,17,3,62,40.80000000000001
Branin-Fav,Soft Parameter Sharing,42,39,0,40,0.1,76.32966952015988,0.5,18,3,63,40.70000000000001
Branin-Fav,Soft Parameter Sharing,42,40,0,297,0.1,76.33413973645463,0.5,19,3,64,40.600000000000016
Branin-Fav,Soft Parameter Sharing,42,41,0,194,0.1,73.21627015974614,0.5,20,3,65,40.500000000000014
Branin-Fav,Soft Parameter Sharing,42,42,1,0,1.0,42.310452792303465,0.5,0,4,65,39.500000000000014
Branin-Fav,Soft Parameter Sharing,42,43,0,1650,0.1,111.05644906257467,0.5,1,4,66,39.40000000000001
Branin-Fav,Soft Parameter Sharing,42,44,0,39,0.1,108.78229048427222,0.5,2,4,67,39.30000000000001
Branin-Fav,Soft Parameter Sharing,42,45,0,91,0.1,102.7183124445217,0.5,3,4,68,39.20000000000001
Branin-Fav,Soft Parameter Sharing,42,46,0,245,0.1,99.92001902092754,0.5,4,4,69,39.100000000000016
Branin-Fav,Soft Parameter Sharing,42,47,0,142,0.1,100.76889680160988,0.5,5,4,70,39.000000000000014
Branin-Fav,Soft Parameter Sharing,42,48,0,348,0.1,99.99375733975742,0.5,6,4,71,38.90000000000001
Branin-Fav,Soft Parameter Sharing,42,49,0,235,0.1,101.53129642845443,0.5,7,4,72,38.80000000000002
Branin-Fav,Soft Parameter Sharing,42,50,0,38,0.1,108.76399247607573,0.5,8,4,73,38.70000000000002
Branin-Fav,Soft Parameter Sharing,42,51,0,90,0.1,96.72079744293183,0.5,9,4,74,38.600000000000016
Branin-Fav,Soft Parameter Sharing,42,52,0,296,0.1,93.4394450357261,0.5,10,4,75,38.500000000000014
Branin-Fav,Soft Parameter Sharing,42,53,0,193,0.1,95.75678551288068,0.5,11,4,76,38.40000000000001
Branin-Fav,Soft Parameter Sharing,42,54,0,141,0.1,92.05612313998716,0.5,12,4,77,38.30000000000002
Branin-Fav,Soft Parameter Sharing,42,55,0,399,0.1,100.80398220498215,0.5,13,4,78,38.20000000000002
Branin-Fav,Soft Parameter Sharing,42,56,0,244,0.1,88.19494042602842,0.5,14,4,79,38.100000000000016
Branin-Fav,Soft Parameter Sharing,42,57,0,192,0.1,90.8613137954209,0.5,15,4,80,38.00000000000002
Branin-Fav,Soft Parameter Sharing,42,58,0,35,0.1,89.7566364734118,0.5,16,4,81,37.90000000000002
Branin-Fav,Soft Parameter Sharing,42,59,0,89,0.1,87.69721556052305,0.5,17,4,82,37.80000000000002
Branin-Fav,Soft Parameter Sharing,42,60,0,295,0.1,89.34530700468815,0.5,18,4,83,37.70000000000002
Branin-Fav,Soft Parameter Sharing,42,61,0,347,0.1,86.21651603733997,0.5,19,4,84,37.600000000000016
Branin-Fav,Soft Parameter Sharing,42,62,0,243,0.1,84.7420167912919,0.5,20,4,85,37.50000000000002
Branin-Fav,Soft Parameter Sharing,42,63,1,749,1.0,29.202269802327905,0.5,0,5,85,36.50000000000002
Branin-Fav,Soft Parameter Sharing,42,64,0,294,0.1,88.50625812119617,0.5,1,5,86,36.40000000000002
Branin-Fav,Soft Parameter Sharing,42,65,0,242,0.1,84.95171029231999,0.5,2,5,87,36.30000000000002
Branin-Fav,Soft Parameter Sharing,42,66,0,191,0.1,85.75142832586857,0.5,3,5,88,36.200000000000024
Branin-Fav,Soft Parameter Sharing,42,67,0,293,0.1,84.8350064509603,0.5,4,5,89,36.10000000000002
Branin-Fav,Soft Parameter Sharing,42,68,0,37,0.1,92.20198387085227,0.5,5,5,90,36.00000000000002
Branin-Fav,Soft Parameter Sharing,42,69,0,140,0.1,84.19654715437846,0.5,6,5,91,35.90000000000002
Branin-Fav,Soft Parameter Sharing,42,70,0,190,0.1,83.39935343860398,0.5,7,5,92,35.80000000000002
Branin-Fav,Soft Parameter Sharing,42,71,0,292,0.1,80.7592244034884,0.5,8,5,93,35.700000000000024
Branin-Fav,Soft Parameter Sharing,42,72,0,241,0.1,79.54879367655735,0.5,9,5,94,35.60000000000002
Branin-Fav,Soft Parameter Sharing,42,73,0,344,0.1,81.11859554726459,0.5,10,5,95,35.50000000000002
Branin-Fav,Soft Parameter Sharing,42,74,0,291,0.1,78.30610477105036,0.5,11,5,96,35.40000000000003
Branin-Fav,Soft Parameter Sharing,42,75,0,393,0.1,83.97748772370946,0.5,12,5,97,35.300000000000026
Branin-Fav,Soft Parameter Sharing,42,76,0,139,0.1,76.48803185953423,0.5,13,5,98,35.200000000000024
Branin-Fav,Soft Parameter Sharing,42,77,0,390,0.1,80.65458412612223,0.5,14,5,99,35.10000000000002
Branin-Fav,Soft Parameter Sharing,42,78,0,240,0.1,72.98433916931525,0.5,15,5,100,35.00000000000002
Branin-Fav,Soft Parameter Sharing,42,79,0,343,0.1,73.77083449442846,0.5,16,5,101,34.90000000000003
Branin-Fav,Soft Parameter Sharing,42,80,0,189,0.1,74.806484671043,0.5,17,5,102,34.800000000000026
Branin-Fav,Soft Parameter Sharing,42,81,0,346,0.1,75.16105040517989,0.5,18,5,103,34.700000000000024
Branin-Fav,Soft Parameter Sharing,42,82,0,345,0.1,73.00861107774526,0.5,19,5,104,34.60000000000003
Branin-Fav,Soft Parameter Sharing,42,83,0,342,0.1,72.52457752590587,0.5,20,5,105,34.50000000000003
Branin-Fav,Soft Parameter Sharing,42,84,1,549,1.0,20.598338420312228,0.5,0,6,105,33.50000000000003
Branin-Fav,Soft Parameter Sharing,42,85,0,290,0.1,69.86471741928007,0.5,1,6,106,33.40000000000003
Branin-Fav,Soft Parameter Sharing,42,86,0,341,0.1,67.62478502450004,0.5,2,6,107,33.300000000000026
Branin-Fav,Soft Parameter Sharing,42,87,0,239,0.1,64.92685174288559,0.5,3,6,108,33.200000000000024
Branin-Fav,Soft Parameter Sharing,42,88,0,398,0.1,69.10647017731517,0.5,4,6,109,33.10000000000002
Branin-Fav,Soft Parameter Sharing,42,89,0,1500,0.1,70.91883009807486,0.5,5,6,110,33.00000000000002
Branin-Fav,Soft Parameter Sharing,42,90,0,394,0.1,67.493275885459,0.5,6,6,111,32.90000000000002
Branin-Fav,Soft Parameter Sharing,42,91,0,449,0.1,71.47891719792374,0.5,7,6,112,32.80000000000002
Branin-Fav,Soft Parameter Sharing,42,92,0,395,0.1,70.36408227261197,0.5,8,6,113,32.70000000000002
Branin-Fav,Soft Parameter Sharing,42,93,0,396,0.1,67.56131296750557,0.5,9,6,114,32.600000000000016
Branin-Fav,Soft Parameter Sharing,42,94,0,397,0.1,68.22825834349754,0.5,10,6,115,32.500000000000014
Branin-Fav,Soft Parameter Sharing,42,95,0,392,0.1,66.02835310635119,0.5,11,6,116,32.40000000000001
Branin-Fav,Soft Parameter Sharing,42,96,0,391,0.1,71.78139299746125,0.5,12,6,117,32.30000000000001
Branin-Fav,Soft Parameter Sharing,42,97,0,445,0.1,66.52108441332373,0.5,13,6,118,32.20000000000001
Branin-Fav,Soft Parameter Sharing,42,98,0,443,0.1,67.52086695915497,0.5,14,6,119,32.10000000000001
Branin-Fav,Soft Parameter Sharing,42,99,0,340,0.1,64.0361002669737,0.5,15,6,120,32.00000000000001
Branin-Fav,Soft Parameter Sharing,42,100,0,442,0.1,65.9846755183676,0.5,16,6,121,31.900000000000006
Branin-Fav,Soft Parameter Sharing,42,101,0,289,0.1,61.9305365812889,0.5,17,6,122,31.800000000000004
Branin-Fav,Soft Parameter Sharing,42,102,0,88,0.1,64.50736067370218,0.5,18,6,123,31.700000000000003
Branin-Fav,Soft Parameter Sharing,42,103,0,448,0.1,64.41166165504899,0.5,19,6,124,31.6
Branin-Fav,Soft Parameter Sharing,42,104,0,446,0.1,62.43127353263881,0.5,20,6,125,31.5
Branin-Fav,Soft Parameter Sharing,42,105,1,2499,1.0,17.43211632939746,0.5,0,7,125,30.5
Branin-Fav,Soft Parameter Sharing,42,106,0,447,0.1,63.76298129370667,0.5,1,7,126,30.4
Branin-Fav,Soft Parameter Sharing,42,107,0,499,0.1,66.56747405153735,0.5,2,7,127,30.299999999999997
Branin-Fav,Soft Parameter Sharing,42,108,0,498,0.1,64.4819490052435,0.5,3,7,128,30.199999999999996
Branin-Fav,Soft Parameter Sharing,42,109,0,548,0.1,67.00240442906176,0.5,4,7,129,30.099999999999994
Branin-Fav,Soft Parameter Sharing,42,110,0,497,0.1,63.34185755794863,0.5,5,7,130,29.999999999999993
Branin-Fav,Soft Parameter Sharing,42,111,0,599,0.1,65.85803659262406,0.5,6,7,131,29.89999999999999
Branin-Fav,Soft Parameter Sharing,42,112,0,496,0.1,63.5898725777442,0.5,7,7,132,29.79999999999999
Branin-Fav,Soft Parameter Sharing,42,113,0,495,0.1,60.978772827900194,0.5,8,7,133,29.69999999999999
Branin-Fav,Soft Parameter Sharing,42,114,0,547,0.1,61.82152820755253,0.5,9,7,134,29.599999999999987
Branin-Fav,Soft Parameter Sharing,42,115,0,598,0.1,62.35137321155549,0.5,10,7,135,29.499999999999986
Branin-Fav,Soft Parameter Sharing,42,116,0,649,0.1,63.19646444187829,0.5,11,7,136,29.399999999999984
Branin-Fav,Soft Parameter Sharing,42,117,0,494,0.1,61.17609536224,0.5,12,7,137,29.299999999999983
Branin-Fav,Soft Parameter Sharing,42,118,0,138,0.1,59.27222511356258,0.5,13,7,138,29.19999999999998
Branin-Fav,Soft Parameter Sharing,42,119,0,493,0.1,60.08246019480861,0.5,14,7,139,29.09999999999998
Branin-Fav,Soft Parameter Sharing,42,120,0,597,0.1,61.52860287918096,0.5,15,7,140,28.99999999999998
Branin-Fav,Soft Parameter Sharing,42,121,0,545,0.1,57.77151010597438,0.5,16,7,141,28.899999999999977
Branin-Fav,Soft Parameter Sharing,42,122,0,544,0.1,56.31069234922657,0.5,17,7,142,28.799999999999976
Branin-Fav,Soft Parameter Sharing,42,123,0,339,0.1,56.29558215590927,0.5,18,7,143,28.699999999999974
Branin-Fav,Soft Parameter Sharing,42,124,0,441,0.1,58.27183350404063,0.5,19,7,144,28.599999999999973
Branin-Fav,Soft Parameter Sharing,42,125,0,596,0.1,58.16624211725074,0.5,20,7,145,28.49999999999997
Branin-Fav,Soft Parameter Sharing,42,126,1,899,1.0,21.942821535480245,0.5,0,8,145,27.49999999999997
Branin-Fav,Soft Parameter Sharing,42,127,0,492,0.1,53.42078956030745,0.5,1,8,146,27.39999999999997
Branin-Fav,Soft Parameter Sharing,42,128,0,440,0.1,55.82672542856504,0.5,2,8,147,27.29999999999997
Branin-Fav,Soft Parameter Sharing,42,129,0,188,0.1,54.70080092855337,0.5,3,8,148,27.199999999999967
Branin-Fav,Soft Parameter Sharing,42,130,0,389,0.1,55.45425924686301,0.5,4,8,149,27.099999999999966
Branin-Fav,Soft Parameter Sharing,42,131,0,87,0.1,52.50176585753708,0.5,5,8,150,26.999999999999964
Branin-Fav,Soft Parameter Sharing,42,132,0,648,0.1,56.3186413900326,0.5,6,8,151,26.899999999999963
Branin-Fav,Soft Parameter Sharing,42,133,0,699,0.1,55.73969307676949,0.5,7,8,152,26.79999999999996
Branin-Fav,Soft Parameter Sharing,42,134,0,543,0.1,50.05736149420535,0.5,8,8,153,26.69999999999996
Branin-Fav,Soft Parameter Sharing,42,135,0,647,0.1,51.75341284201034,0.5,9,8,154,26.59999999999996
Branin-Fav,Soft Parameter Sharing,42,136,0,595,0.1,53.483468450397716,0.5,10,8,155,26.499999999999957
Branin-Fav,Soft Parameter Sharing,42,137,0,238,0.1,50.467515172101876,0.5,11,8,156,26.399999999999956
Branin-Fav,Soft Parameter Sharing,42,138,0,36,0.1,52.29752795017491,0.5,12,8,157,26.299999999999955
Branin-Fav,Soft Parameter Sharing,42,139,0,137,0.1,50.32945098433441,0.5,13,8,158,26.199999999999953
Branin-Fav,Soft Parameter Sharing,42,140,0,1950,0.1,51.012617904978775,0.5,14,8,159,26.09999999999995
Branin-Fav,Soft Parameter Sharing,42,141,0,491,0.1,51.30154372778191,0.5,15,8,160,25.99999999999995
Branin-Fav,Soft Parameter Sharing,42,142,0,1600,0.1,48.35148350020793,0.5,16,8,161,25.89999999999995
Branin-Fav,Soft Parameter Sharing,42,143,0,698,0.1,50.895879730769394,0.5,17,8,162,25.799999999999947
Branin-Fav,Soft Parameter Sharing,42,144,0,86,0.1,49.77153953131532,0.5,18,8,163,25.699999999999946
Branin-Fav,Soft Parameter Sharing,42,145,0,646,0.1,50.44249675550387,0.5,19,8,164,25.599999999999945
Branin-Fav,Soft Parameter Sharing,42,146,0,439,0.1,49.68086333894811,0.5,20,8,165,25.499999999999943
Branin-Fav,Soft Parameter Sharing,42,147,1,699,1.0,17.439291303601557,0.5,0,9,165,24.499999999999943
Branin-Fav,Soft Parameter Sharing,42,148,0,594,0.1,47.45659237945452,0.5,1,9,166,24.39999999999994
Branin-Fav,Soft Parameter Sharing,42,149,0,490,0.1,49.01251521768576,0.5,2,9,167,24.29999999999994
Branin-Fav,Soft Parameter Sharing,42,150,0,288,0.1,44.632538507935685,0.5,3,9,168,24.19999999999994
Branin-Fav,Soft Parameter Sharing,42,151,0,338,0.1,47.7162070654864,0.5,4,9,169,24.099999999999937
Branin-Fav,Soft Parameter Sharing,42,152,0,542,0.1,47.99421603835567,0.5,5,9,170,23.999999999999936
Branin-Fav,Soft Parameter Sharing,42,153,0,541,0.1,46.46900618559213,0.5,6,9,171,23.899999999999935
Branin-Fav,Soft Parameter Sharing,42,154,0,593,0.1,43.42471188911027,0.5,7,9,172,23.799999999999933
Branin-Fav,Soft Parameter Sharing,42,155,0,697,0.1,44.621246110595905,0.5,8,9,173,23.699999999999932
Branin-Fav,Soft Parameter Sharing,42,156,0,645,0.1,44.499225724958485,0.5,9,9,174,23.59999999999993
Branin-Fav,Soft Parameter Sharing,42,157,0,748,0.1,43.09531391247367,0.5,10,9,175,23.49999999999993
Branin-Fav,Soft Parameter Sharing,42,158,0,187,0.1,43.53595670349803,0.5,11,9,176,23.399999999999928
Branin-Fav,Soft Parameter Sharing,42,159,0,696,0.1,42.96650801638839,0.5,12,9,177,23.299999999999926
Branin-Fav,Soft Parameter Sharing,42,160,0,489,0.1,45.45305860385003,0.5,13,9,178,23.199999999999925
Branin-Fav,Soft Parameter Sharing,42,161,0,388,0.1,41.192839724815876,0.5,14,9,179,23.099999999999923
Branin-Fav,Soft Parameter Sharing,42,162,0,780,0.1,46.53325296581636,0.5,15,9,180,22.999999999999922
Branin-Fav,Soft Parameter Sharing,42,163,0,872,0.1,45.201059936976584,0.5,16,9,181,22.89999999999992
Branin-Fav,Soft Parameter Sharing,42,164,0,799,0.1,39.63299740140734,0.5,17,9,182,22.79999999999992
Branin-Fav,Soft Parameter Sharing,42,165,0,592,0.1,40.46853970607831,0.5,18,9,183,22.699999999999918
Branin-Fav,Soft Parameter Sharing,42,166,0,540,0.1,44.11583443108359,0.5,19,9,184,22.599999999999916
Branin-Fav,Soft Parameter Sharing,42,167,0,644,0.1,40.51140103856698,0.5,20,9,185,22.499999999999915
Branin-Fav,Soft Parameter Sharing,42,168,1,799,1.0,15.59202605280516,0.5,0,10,185,21.499999999999915
Branin-Fav,Soft Parameter Sharing,42,169,0,591,0.1,41.71870870404195,0.5,1,10,186,21.399999999999913
Branin-Fav,Soft Parameter Sharing,42,170,0,643,0.1,39.57199972600577,0.5,2,10,187,21.299999999999912
Branin-Fav,Soft Parameter Sharing,42,171,0,747,0.1,40.329196097929994,0.5,3,10,188,21.19999999999991
Branin-Fav,Soft Parameter Sharing,42,172,0,438,0.1,37.29618243296935,0.5,4,10,189,21.09999999999991
Branin-Fav,Soft Parameter Sharing,42,173,0,539,0.1,39.492218520144554,0.5,5,10,190,20.999999999999908
Branin-Fav,Soft Parameter Sharing,42,174,0,695,0.1,37.86171926014164,0.5,6,10,191,20.899999999999906
Branin-Fav,Soft Parameter Sharing,42,175,0,237,0.1,39.90831448405868,0.5,7,10,192,20.799999999999905
Branin-Fav,Soft Parameter Sharing,42,176,0,642,0.1,36.77043210512588,0.5,8,10,193,20.699999999999903
Branin-Fav,Soft Parameter Sharing,42,177,0,34,0.1,39.16332728877423,0.5,9,10,194,20.599999999999902
Branin-Fav,Soft Parameter Sharing,42,178,0,488,0.1,38.623523216831245,0.5,10,10,195,20.4999999999999
Branin-Fav,Soft Parameter Sharing,42,179,0,287,0.1,37.41964053583581,0.5,11,10,196,20.3999999999999
Branin-Fav,Soft Parameter Sharing,42,180,0,849,0.1,40.40678332950147,0.5,12,10,197,20.299999999999898
Branin-Fav,Soft Parameter Sharing,42,181,0,827,0.1,42.275937938517046,0.5,13,10,198,20.199999999999896
Branin-Fav,Soft Parameter Sharing,42,182,0,590,0.1,35.69113703178236,0.5,14,10,199,20.099999999999895
Branin-Fav,Soft Parameter Sharing,42,183,0,694,0.1,35.30072434022215,0.5,15,10,200,19.999999999999893
Branin-Fav,Soft Parameter Sharing,42,184,0,782,0.1,48.614679018216016,0.5,16,10,201,19.899999999999892
Branin-Fav,Soft Parameter Sharing,42,185,0,337,0.1,34.81909084296861,0.5,17,10,202,19.79999999999989
Branin-Fav,Soft Parameter Sharing,42,186,0,387,0.1,35.56071741260462,0.5,18,10,203,19.69999999999989
Branin-Fav,Soft Parameter Sharing,42,187,0,732,0.1,48.21773257699602,0.5,19,10,204,19.599999999999888
Branin-Fav,Soft Parameter Sharing,42,188,0,437,0.1,36.21136556853871,0.5,20,10,205,19.499999999999886
Branin-Fav,Soft Parameter Sharing,42,189,1,849,1.0,14.529718219209325,0.5,0,11,205,18.499999999999886
Branin-Fav,Soft Parameter Sharing,42,190,0,33,0.1,68.76363860398149,0.9988997128680219,1,11,206,18.399999999999885
Branin-Fav,Soft Parameter Sharing,42,191,0,136,0.1,69.06535765390362,0.9988997128680219,2,11,207,18.299999999999883
Branin-Fav,Soft Parameter Sharing,42,192,0,798,0.1,66.83064883448266,0.9988997128680219,3,11,208,18.199999999999882
Branin-Fav,Soft Parameter Sharing,42,193,0,828,0.1,64.61438213968513,0.9988997128680219,4,11,209,18.09999999999988
Branin-Fav,Soft Parameter Sharing,42,194,0,538,0.1,67.93295809812466,0.9988997128680219,5,11,210,17.99999999999988
Branin-Fav,Soft Parameter Sharing,42,195,0,85,0.1,64.7097444895337,0.9988997128680219,6,11,211,17.899999999999878
Branin-Fav,Soft Parameter Sharing,42,196,0,746,0.1,65.2600236117521,0.9988997128680219,7,11,212,17.799999999999876
Branin-Fav,Soft Parameter Sharing,42,197,0,693,0.1,65.00433346362033,0.9988997128680219,8,11,213,17.699999999999875
Branin-Fav,Soft Parameter Sharing,42,198,0,825,0.1,76.13248269819216,0.9988997128680219,9,11,214,17.599999999999874
Branin-Fav,Soft Parameter Sharing,42,199,0,797,0.1,67.36293406472203,0.9988997128680219,10,11,215,17.499999999999872
Branin-Fav,Soft Parameter Sharing,42,200,0,826,0.1,72.55491141958052,0.9988997128680219,11,11,216,17.39999999999987
Branin-Fav,Soft Parameter Sharing,42,201,0,824,0.1,78.4155296976029,0.9988997128680219,12,11,217,17.29999999999987
Branin-Fav,Soft Parameter Sharing,42,202,0,589,0.1,65.51668134450402,0.9988997128680219,13,11,218,17.199999999999868
Branin-Fav,Soft Parameter Sharing,42,203,0,779,0.1,73.62885643480902,0.9988997128680219,14,11,219,17.099999999999866
Branin-Fav,Soft Parameter Sharing,42,204,0,725,0.1,68.49676751733266,0.9988997128680219,15,11,220,16.999999999999865
Branin-Fav,Soft Parameter Sharing,42,205,0,641,0.1,65.80645625565828,0.9988997128680219,16,11,221,16.899999999999864
Branin-Fav,Soft Parameter Sharing,42,206,0,487,0.1,67.29110105231985,0.9988997128680219,17,11,222,16.799999999999862
Branin-Fav,Soft Parameter Sharing,42,207,0,829,0.1,82.07450579485429,0.9988997128680219,18,11,223,16.69999999999986
Branin-Fav,Soft Parameter Sharing,42,208,0,386,0.1,64.44365222056352,0.9988997128680219,19,11,224,16.59999999999986
Branin-Fav,Soft Parameter Sharing,42,209,0,875,0.1,73.15951842870025,0.9988997128680219,20,11,225,16.499999999999858
Branin-Fav,Soft Parameter Sharing,42,210,1,499,1.0,14.286103569782183,0.9988997128680219,0,12,225,15.499999999999858
Branin-Fav,Soft Parameter Sharing,42,211,0,873,0.1,67.96109854255522,0.9704144890755221,1,12,226,15.399999999999858
Branin-Fav,Soft Parameter Sharing,42,212,0,922,0.1,68.39199341385084,0.9704144890755221,2,12,227,15.299999999999857
Branin-Fav,Soft Parameter Sharing,42,213,0,774,0.1,73.32567799257005,0.9704144890755221,3,12,228,15.199999999999855
Branin-Fav,Soft Parameter Sharing,42,214,0,778,0.1,70.38721596028616,0.9704144890755221,4,12,229,15.099999999999854
Branin-Fav,Soft Parameter Sharing,42,215,0,781,0.1,61.93526936821652,0.9704144890755221,5,12,230,14.999999999999853
Branin-Fav,Soft Parameter Sharing,42,216,0,830,0.1,66.32930111018553,0.9704144890755221,6,12,231,14.899999999999851
Branin-Fav,Soft Parameter Sharing,42,217,0,874,0.1,63.62525911895881,0.9704144890755221,7,12,232,14.79999999999985
Branin-Fav,Soft Parameter Sharing,42,218,0,775,0.1,69.71157633160193,0.9704144890755221,8,12,233,14.699999999999848
Branin-Fav,Soft Parameter Sharing,42,219,0,730,0.1,77.05432877373187,0.9704144890755221,9,12,234,14.599999999999847
Branin-Fav,Soft Parameter Sharing,42,220,0,777,0.1,71.96430761915114,0.9704144890755221,10,12,235,14.499999999999845
Branin-Fav,Soft Parameter Sharing,42,221,0,876,0.1,70.18748377676204,0.9704144890755221,11,12,236,14.399999999999844
Branin-Fav,Soft Parameter Sharing,42,222,0,776,0.1,73.13670236340171,0.9704144890755221,12,12,237,14.299999999999843
Branin-Fav,Soft Parameter Sharing,42,223,0,726,0.1,83.22783676466784,0.9704144890755221,13,12,238,14.199999999999841
Branin-Fav,Soft Parameter Sharing,42,224,0,923,0.1,77.27420087304267,0.9704144890755221,14,12,239,14.09999999999984
Branin-Fav,Soft Parameter Sharing,42,225,0,924,0.1,78.29460184857301,0.9704144890755221,15,12,240,13.999999999999838
Branin-Fav,Soft Parameter Sharing,42,226,0,925,0.1,72.82004268829972,0.9704144890755221,16,12,241,13.899999999999837
Branin-Fav,Soft Parameter Sharing,42,227,0,823,0.1,76.65880193140424,0.9704144890755221,17,12,242,13.799999999999836
Branin-Fav,Soft Parameter Sharing,42,228,0,877,0.1,74.36933762358187,0.9704144890755221,18,12,243,13.699999999999834
Branin-Fav,Soft Parameter Sharing,42,229,0,727,0.1,69.54426622827202,0.9704144890755221,19,12,244,13.599999999999833
Branin-Fav,Soft Parameter Sharing,42,230,0,926,0.1,72.49151583774972,0.9704144890755221,20,12,245,13.499999999999831
Branin-Fav,Soft Parameter Sharing,42,231,1,49,1.0,15.418751242116095,0.9704144890755221,0,13,245,12.49999999999983
Branin-Fav,Soft Parameter Sharing,42,232,0,728,0.1,27.594303929340626,0.3226922152035969,1,13,246,12.39999999999983
Branin-Fav,Soft Parameter Sharing,42,233,0,974,0.1,25.276457305839973,0.3226922152035969,2,13,247,12.299999999999828
Branin-Fav,Soft Parameter Sharing,42,234,0,729,0.1,21.56391515884489,0.3226922152035969,3,13,248,12.199999999999827
Branin-Fav,Soft Parameter Sharing,42,235,0,773,0.1,22.215734658705088,0.3226922152035969,4,13,249,12.099999999999826
Branin-Fav,Soft Parameter Sharing,42,236,0,822,0.1,24.75085606437377,0.3226922152035969,5,13,250,11.999999999999824
Branin-Fav,Soft Parameter Sharing,42,237,0,878,0.1,25.693288731548723,0.3226922152035969,6,13,251,11.899999999999823
Branin-Fav,Soft Parameter Sharing,42,238,0,679,0.1,23.18400787316261,0.3226922152035969,7,13,252,11.799999999999821
Branin-Fav,Soft Parameter Sharing,42,239,0,879,0.1,24.016927519813613,0.3226922152035969,8,13,253,11.69999999999982
Branin-Fav,Soft Parameter Sharing,42,240,0,678,0.1,27.188179426451526,0.3226922152035969,9,13,254,11.599999999999818
Branin-Fav,Soft Parameter Sharing,42,241,0,677,0.1,25.93197345124233,0.3226922152035969,10,13,255,11.499999999999817
Branin-Fav,Soft Parameter Sharing,42,242,0,831,0.1,23.313337746977183,0.3226922152035969,11,13,256,11.399999999999816
Branin-Fav,Soft Parameter Sharing,42,243,0,724,0.1,26.944148362500126,0.3226922152035969,12,13,257,11.299999999999814
Branin-Fav,Soft Parameter Sharing,42,244,0,921,0.1,24.47155544278669,0.3226922152035969,13,13,258,11.199999999999813
Branin-Fav,Soft Parameter Sharing,42,245,0,927,0.1,22.688355946940632,0.3226922152035969,14,13,259,11.099999999999811
Branin-Fav,Soft Parameter Sharing,42,246,0,972,0.1,25.772333424302477,0.3226922152035969,15,13,260,10.99999999999981
Branin-Fav,Soft Parameter Sharing,42,247,0,731,0.1,23.996354889244266,0.3226922152035969,16,13,261,10.899999999999809
Branin-Fav,Soft Parameter Sharing,42,248,0,871,0.1,22.16440615790192,0.3226922152035969,17,13,262,10.799999999999807
Branin-Fav,Soft Parameter Sharing,42,249,0,680,0.1,21.83971411138442,0.3226922152035969,18,13,263,10.699999999999806
Branin-Fav,Soft Parameter Sharing,42,250,0,772,0.1,23.45705073008073,0.3226922152035969,19,13,264,10.599999999999804
Branin-Fav,Soft Parameter Sharing,42,251,0,928,0.1,24.594428822483007,0.3226922152035969,20,13,265,10.499999999999803
Branin-Fav,Soft Parameter Sharing,42,252,1,299,1.0,13.354799762574627,0.3226922152035969,0,14,265,9.499999999999801
Branin-Fav,Soft Parameter Sharing,42,253,0,676,0.1,15.653222152814582,0.20539040174591158,1,14,266,9.399999999999801
Branin-Fav,Soft Parameter Sharing,42,254,0,971,0.1,16.00788323656987,0.20539040174591158,2,14,267,9.2999999999998
Branin-Fav,Soft Parameter Sharing,42,255,0,675,0.1,14.214115932783868,0.20539040174591158,3,14,268,9.199999999999799
Branin-Fav,Soft Parameter Sharing,42,256,0,973,0.1,14.293516359521915,0.20539040174591158,4,14,269,9.099999999999797
Branin-Fav,Soft Parameter Sharing,42,257,0,723,0.1,14.990574641712978,0.20539040174591158,5,14,270,8.999999999999796
Branin-Fav,Soft Parameter Sharing,42,258,0,920,0.1,15.634875985303136,0.20539040174591158,6,14,271,8.899999999999794
Branin-Fav,Soft Parameter Sharing,42,259,0,674,0.1,14.630134976922715,0.20539040174591158,7,14,272,8.799999999999793
Branin-Fav,Soft Parameter Sharing,42,260,0,628,0.1,14.407576333876916,0.20539040174591158,8,14,273,8.699999999999791
Branin-Fav,Soft Parameter Sharing,42,261,0,821,0.1,15.052751786108802,0.20539040174591158,9,14,274,8.59999999999979
Branin-Fav,Soft Parameter Sharing,42,262,0,975,0.1,14.203909146971023,0.20539040174591158,10,14,275,8.499999999999789
Branin-Fav,Soft Parameter Sharing,42,263,0,722,0.1,16.423453817915572,0.20539040174591158,11,14,276,8.399999999999787
Branin-Fav,Soft Parameter Sharing,42,264,0,627,0.1,14.78255718092029,0.20539040174591158,12,14,277,8.299999999999786
Branin-Fav,Soft Parameter Sharing,42,265,0,625,0.1,17.270669239269846,0.20539040174591158,13,14,278,8.199999999999784
Branin-Fav,Soft Parameter Sharing,42,266,0,1022,0.1,14.89144739856692,0.20539040174591158,14,14,279,8.099999999999783
Branin-Fav,Soft Parameter Sharing,42,267,0,673,0.1,17.051366323908614,0.20539040174591158,15,14,280,7.9999999999997815
Branin-Fav,Soft Parameter Sharing,42,268,0,626,0.1,16.199588597311536,0.20539040174591158,16,14,281,7.89999999999978
Branin-Fav,Soft Parameter Sharing,42,269,0,771,0.1,15.181970830497944,0.20539040174591158,17,14,282,7.799999999999779
Branin-Fav,Soft Parameter Sharing,42,270,0,976,0.1,13.53634742157651,0.20539040174591158,18,14,283,7.699999999999777
Branin-Fav,Soft Parameter Sharing,42,271,0,629,0.1,13.419709679452646,0.20539040174591158,19,14,284,7.599999999999776
Branin-Fav,Soft Parameter Sharing,42,272,0,880,0.1,13.659335973527478,0.20539040174591158,20,14,285,7.499999999999774
Branin-Fav,Soft Parameter Sharing,42,273,1,649,1.0,12.114882227608215,0.20539040174591158,0,15,285,6.499999999999773
Branin-Fav,Soft Parameter Sharing,42,274,0,624,0.1,17.32119585056508,0.19977283752477504,1,15,286,6.399999999999773
Branin-Fav,Soft Parameter Sharing,42,275,0,721,0.1,14.069710502125933,0.19977283752477504,2,15,287,6.299999999999772
Branin-Fav,Soft Parameter Sharing,42,276,0,630,0.1,13.473566616574129,0.19977283752477504,3,15,288,6.19999999999977
Branin-Fav,Soft Parameter Sharing,42,277,0,870,0.1,12.979329109440675,0.19977283752477504,4,15,289,6.099999999999769
Branin-Fav,Soft Parameter Sharing,42,278,0,576,0.1,16.29100965675928,0.19977283752477504,5,15,290,5.999999999999767
Branin-Fav,Soft Parameter Sharing,42,279,0,681,0.1,14.016476545178215,0.19977283752477504,6,15,291,5.899999999999766
Branin-Fav,Soft Parameter Sharing,42,280,0,832,0.1,14.631637028764489,0.19977283752477504,7,15,292,5.7999999999997645
Branin-Fav,Soft Parameter Sharing,42,281,0,672,0.1,14.80064276054097,0.19977283752477504,8,15,293,5.699999999999763
Branin-Fav,Soft Parameter Sharing,42,282,0,820,0.1,13.446808954087013,0.19977283752477504,9,15,294,5.599999999999762
Branin-Fav,Soft Parameter Sharing,42,283,0,623,0.1,15.760136081362296,0.19977283752477504,10,15,295,5.49999999999976
Branin-Fav,Soft Parameter Sharing,42,284,0,682,0.1,12.804876011021149,0.19977283752477504,11,15,296,5.399999999999759
Branin-Fav,Soft Parameter Sharing,42,285,0,1021,0.1,13.036828071518153,0.19977283752477504,12,15,297,5.299999999999757
Branin-Fav,Soft Parameter Sharing,42,286,0,881,0.1,12.670427318032242,0.19977283752477504,13,15,298,5.199999999999756
Branin-Fav,Soft Parameter Sharing,42,287,0,575,0.1,17.18256881043418,0.19977283752477504,14,15,299,5.0999999999997545
Branin-Fav,Soft Parameter Sharing,42,288,0,574,0.1,14.375273801259993,0.19977283752477504,15,15,300,4.999999999999753
Branin-Fav,Soft Parameter Sharing,42,289,0,929,0.1,13.715488394850293,0.19977283752477504,16,15,301,4.899999999999752
Branin-Fav,Soft Parameter Sharing,42,290,0,578,0.1,13.10944197800864,0.19977283752477504,17,15,302,4.79999999999975
Branin-Fav,Soft Parameter Sharing,42,291,0,525,0.1,17.281104620775157,0.19977283752477504,18,15,303,4.699999999999749
Branin-Fav,Soft Parameter Sharing,42,292,0,577,0.1,13.161717172979518,0.19977283752477504,19,15,304,4.599999999999747
Branin-Fav,Soft Parameter Sharing,42,293,0,631,0.1,12.615909477882143,0.19977283752477504,20,15,305,4.499999999999746
Branin-Fav,Soft Parameter Sharing,42,294,1,449,1.0,13.189101293726,0.19977283752477504,0,16,305,3.499999999999744
Branin-Fav,Soft Parameter Sharing,42,295,1,599,1.0,11.824504621101898,0.1,0,17,305,2.499999999999744
Branin-Fav,Soft Parameter Sharing,42,296,1,399,1.0,11.54548190076311,0.1,0,18,305,1.4999999999997442
Branin-Fav,Soft Parameter Sharing,42,297,1,349,1.0,11.146340294095623,0.1,0,19,305,0.4999999999997442
Branin-Fav,Soft Parameter Sharing,42,298,0,579,0.1,6.374578201998595,0.1,1,19,306,0.3999999999997442
Branin-Fav,Soft Parameter Sharing,42,299,0,970,0.1,6.850904443868988,0.1,2,19,307,0.2999999999997428
Branin-Fav,Soft Parameter Sharing,42,300,0,527,0.1,6.941868470108381,0.1,3,19,308,0.19999999999974136
Branin-Fav,Soft Parameter Sharing,42,301,0,770,0.1,6.505203168595615,0.1,4,19,309,0.09999999999973994
Branin-Fav,Soft Parameter Sharing,43,1,0,48,0.1,171.96870917346345,0.5,1,2,26,45.4
Branin-Fav,Soft Parameter Sharing,43,2,0,492,0.1,143.69253799454748,0.5,2,2,27,45.3
Branin-Fav,Soft Parameter Sharing,43,3,0,49,0.1,160.85016066599556,0.5,3,2,28,45.199999999999996
Branin-Fav,Soft Parameter Sharing,43,4,0,2100,0.1,148.79943393520205,0.5,4,2,29,45.1
Branin-Fav,Soft Parameter Sharing,43,5,0,47,0.1,124.8164095810419,0.5,5,2,30,45.0
Branin-Fav,Soft Parameter Sharing,43,6,0,46,0.1,138.97660760927894,0.5,6,2,31,44.9
Branin-Fav,Soft Parameter Sharing,43,7,0,97,0.1,129.92905017767114,0.5,7,2,32,44.800000000000004
Branin-Fav,Soft Parameter Sharing,43,8,0,45,0.1,124.1625787779198,0.5,8,2,33,44.7
Branin-Fav,Soft Parameter Sharing,43,9,0,44,0.1,131.3958331091843,0.5,9,2,34,44.6
Branin-Fav,Soft Parameter Sharing,43,10,0,241,0.1,119.64129902536811,0.5,10,2,35,44.5
Branin-Fav,Soft Parameter Sharing,43,11,0,42,0.1,132.53978664928601,0.5,11,2,36,44.4
Branin-Fav,Soft Parameter Sharing,43,12,0,40,0.1,124.33701114487295,0.5,12,2,37,44.300000000000004
Branin-Fav,Soft Parameter Sharing,43,13,0,43,0.1,116.26506398011134,0.5,13,2,38,44.2
Branin-Fav,Soft Parameter Sharing,43,14,0,345,0.1,114.5027048086504,0.5,14,2,39,44.1
Branin-Fav,Soft Parameter Sharing,43,15,0,295,0.1,110.7671269691281,0.5,15,2,40,44.00000000000001
Branin-Fav,Soft Parameter Sharing,43,16,0,95,0.1,114.36168281518445,0.5,16,2,41,43.900000000000006
Branin-Fav,Soft Parameter Sharing,43,17,0,349,0.1,130.07391184610387,0.5,17,2,42,43.800000000000004
Branin-Fav,Soft Parameter Sharing,43,18,0,96,0.1,111.2032224141132,0.5,18,2,43,43.7
Branin-Fav,Soft Parameter Sharing,43,19,0,2400,0.1,112.63281860618557,0.5,19,2,44,43.6
Branin-Fav,Soft Parameter Sharing,43,20,0,199,0.1,113.09755115917064,0.5,20,2,45,43.50000000000001
Branin-Fav,Soft Parameter Sharing,43,21,1,32,1.0,67.88714374163527,0.5,0,3,45,42.50000000000001
Branin-Fav,Soft Parameter Sharing,43,22,0,98,0.1,106.98358591308117,0.5,1,3,46,42.400000000000006
Branin-Fav,Soft Parameter Sharing,43,23,0,99,0.1,106.90231566580093,0.5,2,3,47,42.300000000000004
Branin-Fav,Soft Parameter Sharing,43,24,0,149,0.1,107.70242929545542,0.5,3,3,48,42.20000000000001
Branin-Fav,Soft Parameter Sharing,43,25,0,148,0.1,109.80024217445771,0.5,4,3,49,42.10000000000001
Branin-Fav,Soft Parameter Sharing,43,26,0,147,0.1,108.28321601591537,0.5,5,3,50,42.00000000000001
Branin-Fav,Soft Parameter Sharing,43,27,0,94,0.1,105.88135247747212,0.5,6,3,51,41.900000000000006
Branin-Fav,Soft Parameter Sharing,43,28,1,0,1.0,102.75625706763896,0.5,0,4,51,40.900000000000006
Branin-Fav,Soft Parameter Sharing,43,29,1,49,1.0,125.0753799500525,0.5,0,5,51,39.900000000000006
Branin-Fav,Soft Parameter Sharing,43,30,0,39,0.1,132.92588921151213,0.5,1,5,52,39.800000000000004
Branin-Fav,Soft Parameter Sharing,43,31,0,34,0.1,142.35643577208316,0.5,2,5,53,39.70000000000001
Branin-Fav,Soft Parameter Sharing,43,32,0,88,0.1,121.49568733688699,0.5,3,5,54,39.60000000000001
Branin-Fav,Soft Parameter Sharing,43,33,0,2050,0.1,115.18235413321615,0.5,4,5,55,39.50000000000001
Branin-Fav,Soft Parameter Sharing,43,34,1,2250,1.0,115.8253815568253,0.5,0,6,55,38.500000000000014
Branin-Fav,Soft Parameter Sharing,43,35,0,37,0.1,110.52802570635943,0.5,1,6,56,38.40000000000001
Branin-Fav,Soft Parameter Sharing,43,36,0,290,0.1,108.06839487663413,0.5,2,6,57,38.30000000000001
Branin-Fav,Soft Parameter Sharing,43,37,0,41,0.1,108.32530126576526,0.5,3,6,58,38.20000000000001
Branin-Fav,Soft Parameter Sharing,43,38,0,385,0.1,105.15263923322888,0.5,4,6,59,38.10000000000001
Branin-Fav,Soft Parameter Sharing,43,39,0,299,0.1,106.1174649560136,0.5,5,6,60,38.00000000000001
Branin-Fav,Soft Parameter Sharing,43,40,0,249,0.1,107.82536202946065,0.5,6,6,61,37.90000000000001
Branin-Fav,Soft Parameter Sharing,43,41,0,449,0.1,117.07805943697882,0.5,7,6,62,37.80000000000001
Branin-Fav,Soft Parameter Sharing,43,42,0,399,0.1,105.10246969359181,0.5,8,6,63,37.70000000000001
Branin-Fav,Soft Parameter Sharing,43,43,0,499,0.1,108.59169166575693,0.5,9,6,64,37.600000000000016
Branin-Fav,Soft Parameter Sharing,43,44,0,348,0.1,103.39452210210028,0.5,10,6,65,37.500000000000014
Branin-Fav,Soft Parameter Sharing,43,45,0,398,0.1,106.36670154477963,0.5,11,6,66,37.40000000000001
Branin-Fav,Soft Parameter Sharing,43,46,0,291,0.1,102.30869342483594,0.5,12,6,67,37.30000000000001
Branin-Fav,Soft Parameter Sharing,43,47,0,298,0.1,101.05795188557565,0.5,13,6,68,37.20000000000001
Branin-Fav,Soft Parameter Sharing,43,48,0,198,0.1,99.97633088736816,0.5,14,6,69,37.100000000000016
Branin-Fav,Soft Parameter Sharing,43,49,0,248,0.1,100.9579662561413,0.5,15,6,70,37.000000000000014
Branin-Fav,Soft Parameter Sharing,43,50,0,448,0.1,100.56258633529893,0.5,16,6,71,36.90000000000001
Branin-Fav,Soft Parameter Sharing,43,51,0,549,0.1,105.07410043511989,0.5,17,6,72,36.80000000000002
Branin-Fav,Soft Parameter Sharing,43,52,0,389,0.1,102.58553847558443,0.5,18,6,73,36.70000000000002
Branin-Fav,Soft Parameter Sharing,43,53,0,146,0.1,96.28075346221198,0.5,19,6,74,36.600000000000016
Branin-Fav,Soft Parameter Sharing,43,54,0,343,0.1,98.59276839551153,0.5,20,6,75,36.500000000000014
Branin-Fav,Soft Parameter Sharing,43,55,1,749,1.0,53.61615821511859,0.5,0,7,75,35.500000000000014
Branin-Fav,Soft Parameter Sharing,43,56,0,297,0.1,94.7726964115574,0.5,1,7,76,35.40000000000001
Branin-Fav,Soft Parameter Sharing,43,57,0,247,0.1,95.88207554349988,0.5,2,7,77,35.30000000000002
Branin-Fav,Soft Parameter Sharing,43,58,0,397,0.1,97.10684559212748,0.5,3,7,78,35.20000000000002
Branin-Fav,Soft Parameter Sharing,43,59,0,38,0.1,93.2515940733251,0.5,4,7,79,35.100000000000016
Branin-Fav,Soft Parameter Sharing,43,60,0,197,0.1,93.58510632901798,0.5,5,7,80,35.00000000000002
Branin-Fav,Soft Parameter Sharing,43,61,0,498,0.1,94.51402378032977,0.5,6,7,81,34.90000000000002
Branin-Fav,Soft Parameter Sharing,43,62,0,33,0.1,100.61184488870128,0.5,7,7,82,34.80000000000002
Branin-Fav,Soft Parameter Sharing,43,63,0,447,0.1,95.69608146860932,0.5,8,7,83,34.70000000000002
Branin-Fav,Soft Parameter Sharing,43,64,0,296,0.1,90.39746801828744,0.5,9,7,84,34.600000000000016
Branin-Fav,Soft Parameter Sharing,43,65,0,196,0.1,92.81173769983215,0.5,10,7,85,34.50000000000002
Branin-Fav,Soft Parameter Sharing,43,66,0,246,0.1,90.18748305486174,0.5,11,7,86,34.40000000000002
Branin-Fav,Soft Parameter Sharing,43,67,0,344,0.1,94.56414314888544,0.5,12,7,87,34.30000000000002
Branin-Fav,Soft Parameter Sharing,43,68,0,346,0.1,89.5149157477122,0.5,13,7,88,34.200000000000024
Branin-Fav,Soft Parameter Sharing,43,69,0,245,0.1,90.08152556589259,0.5,14,7,89,34.10000000000002
Branin-Fav,Soft Parameter Sharing,43,70,0,442,0.1,93.37027103417074,0.5,15,7,90,34.00000000000002
Branin-Fav,Soft Parameter Sharing,43,71,0,93,0.1,88.46428730020546,0.5,16,7,91,33.90000000000002
Branin-Fav,Soft Parameter Sharing,43,72,0,195,0.1,88.17744196586041,0.5,17,7,92,33.80000000000002
Branin-Fav,Soft Parameter Sharing,43,73,0,396,0.1,88.86183814728092,0.5,18,7,93,33.700000000000024
Branin-Fav,Soft Parameter Sharing,43,74,0,1700,0.1,94.74649862251769,0.5,19,7,94,33.600000000000016
Branin-Fav,Soft Parameter Sharing,43,75,0,599,0.1,89.9342941004033,0.5,20,7,95,33.50000000000002
Branin-Fav,Soft Parameter Sharing,43,76,1,437,1.0,38.15551416963194,0.5,0,8,95,32.500000000000014
Branin-Fav,Soft Parameter Sharing,43,77,0,145,0.1,85.40503447521147,0.5,1,8,96,32.40000000000001
Branin-Fav,Soft Parameter Sharing,43,78,0,548,0.1,87.42683354836768,0.5,2,8,97,32.30000000000002
Branin-Fav,Soft Parameter Sharing,43,79,0,649,0.1,87.72201531848611,0.5,3,8,98,32.20000000000001
Branin-Fav,Soft Parameter Sharing,43,80,0,144,0.1,82.56292977579794,0.5,4,8,99,32.100000000000016
Branin-Fav,Soft Parameter Sharing,43,81,0,497,0.1,82.41796301500752,0.5,5,8,100,32.00000000000001
Branin-Fav,Soft Parameter Sharing,43,82,0,31,0.1,82.25612464745953,0.5,6,8,101,31.900000000000013
Branin-Fav,Soft Parameter Sharing,43,83,0,699,0.1,84.35312788599927,0.5,7,8,102,31.800000000000008
Branin-Fav,Soft Parameter Sharing,43,84,0,598,0.1,80.16557640703108,0.5,8,8,103,31.700000000000006
Branin-Fav,Soft Parameter Sharing,43,85,0,92,0.1,79.34422461882694,0.5,9,8,104,31.600000000000005
Branin-Fav,Soft Parameter Sharing,43,86,0,36,0.1,81.5700471405389,0.5,10,8,105,31.500000000000004
Branin-Fav,Soft Parameter Sharing,43,87,0,547,0.1,79.23066847923779,0.5,11,8,106,31.400000000000002
Branin-Fav,Soft Parameter Sharing,43,88,0,194,0.1,78.57243270776863,0.5,12,8,107,31.3
Branin-Fav,Soft Parameter Sharing,43,89,0,648,0.1,78.35729333682532,0.5,13,8,108,31.2
Branin-Fav,Soft Parameter Sharing,43,90,0,597,0.1,76.91719663618302,0.5,14,8,109,31.099999999999998
Branin-Fav,Soft Parameter Sharing,43,91,0,446,0.1,77.03190560567297,0.5,15,8,110,30.999999999999996
Branin-Fav,Soft Parameter Sharing,43,92,0,395,0.1,77.4342089235386,0.5,16,8,111,30.899999999999995
Branin-Fav,Soft Parameter Sharing,43,93,0,35,0.1,76.98852524040852,0.5,17,8,112,30.799999999999994
Branin-Fav,Soft Parameter Sharing,43,94,0,496,0.1,75.70359446224813,0.5,18,8,113,30.699999999999992
Branin-Fav,Soft Parameter Sharing,43,95,0,143,0.1,78.19079248086072,0.5,19,8,114,30.59999999999999
Branin-Fav,Soft Parameter Sharing,43,96,0,244,0.1,75.12292509949944,0.5,20,8,115,30.49999999999999
Branin-Fav,Soft Parameter Sharing,43,97,1,40,1.0,23.967057694996107,0.5,0,9,115,29.49999999999999
Branin-Fav,Soft Parameter Sharing,43,98,0,294,0.1,73.69262466361201,0.5,1,9,116,29.399999999999988
Branin-Fav,Soft Parameter Sharing,43,99,0,91,0.1,73.19690623960344,0.5,2,9,117,29.299999999999986
Branin-Fav,Soft Parameter Sharing,43,100,0,445,0.1,72.55924551152613,0.5,3,9,118,29.199999999999985
Branin-Fav,Soft Parameter Sharing,43,101,0,546,0.1,70.62289912825636,0.5,4,9,119,29.099999999999984
Branin-Fav,Soft Parameter Sharing,43,102,0,193,0.1,70.08945217857327,0.5,5,9,120,28.999999999999982
Branin-Fav,Soft Parameter Sharing,43,103,0,495,0.1,69.21312689327074,0.5,6,9,121,28.89999999999998
Branin-Fav,Soft Parameter Sharing,43,104,0,394,0.1,71.08378151231373,0.5,7,9,122,28.79999999999998
Branin-Fav,Soft Parameter Sharing,43,105,0,243,0.1,70.58442147415717,0.5,8,9,123,28.699999999999978
Branin-Fav,Soft Parameter Sharing,43,106,0,698,0.1,71.22384405115324,0.5,9,9,124,28.599999999999977
Branin-Fav,Soft Parameter Sharing,43,107,0,647,0.1,70.84069685096019,0.5,10,9,125,28.499999999999975
Branin-Fav,Soft Parameter Sharing,43,108,0,142,0.1,69.16402760620076,0.5,11,9,126,28.399999999999974
Branin-Fav,Soft Parameter Sharing,43,109,0,293,0.1,66.39414979135161,0.5,12,9,127,28.299999999999972
Branin-Fav,Soft Parameter Sharing,43,110,0,30,0.1,71.13650227817828,0.5,13,9,128,28.19999999999997
Branin-Fav,Soft Parameter Sharing,43,111,0,596,0.1,67.08872583770761,0.5,14,9,129,28.09999999999997
Branin-Fav,Soft Parameter Sharing,43,112,0,90,0.1,66.52132399473264,0.5,15,9,130,27.999999999999968
Branin-Fav,Soft Parameter Sharing,43,113,0,29,0.1,67.81092745089191,0.5,16,9,131,27.899999999999967
Branin-Fav,Soft Parameter Sharing,43,114,0,83,0.1,64.31366641856694,0.5,17,9,132,27.799999999999965
Branin-Fav,Soft Parameter Sharing,43,115,0,82,0.1,67.06487558728026,0.5,18,9,133,27.699999999999964
Branin-Fav,Soft Parameter Sharing,43,116,0,89,0.1,66.97231518068996,0.5,19,9,134,27.599999999999962
Branin-Fav,Soft Parameter Sharing,43,117,0,81,0.1,63.481467551436204,0.5,20,9,135,27.49999999999996
Branin-Fav,Soft Parameter Sharing,43,118,1,1650,1.0,23.478209025096305,0.5,0,10,135,26.49999999999996
Branin-Fav,Soft Parameter Sharing,43,119,0,87,0.1,67.35842215762379,0.5,1,10,136,26.39999999999996
Branin-Fav,Soft Parameter Sharing,43,120,0,926,0.1,64.39507925053228,0.5,2,10,137,26.299999999999958
Branin-Fav,Soft Parameter Sharing,43,121,0,141,0.1,69.3147148739368,0.5,3,10,138,26.199999999999957
Branin-Fav,Soft Parameter Sharing,43,122,0,80,0.1,71.68554757487863,0.5,4,10,139,26.099999999999955
Branin-Fav,Soft Parameter Sharing,43,123,0,131,0.1,65.21535430373501,0.5,5,10,140,25.999999999999954
Branin-Fav,Soft Parameter Sharing,43,124,0,85,0.1,64.80453925095605,0.5,6,10,141,25.899999999999952
Branin-Fav,Soft Parameter Sharing,43,125,0,576,0.1,72.25753305070022,0.5,7,10,142,25.79999999999995
Branin-Fav,Soft Parameter Sharing,43,126,0,28,0.1,65.15507450481103,0.5,8,10,143,25.69999999999995
Branin-Fav,Soft Parameter Sharing,43,127,0,923,0.1,68.4904150242706,0.5,9,10,144,25.599999999999948
Branin-Fav,Soft Parameter Sharing,43,128,0,725,0.1,67.91924327140035,0.5,10,10,145,25.499999999999947
Branin-Fav,Soft Parameter Sharing,43,129,0,972,0.1,67.26232703225197,0.5,11,10,146,25.399999999999945
Branin-Fav,Soft Parameter Sharing,43,130,0,527,0.1,69.57452109761223,0.5,12,10,147,25.299999999999944
Branin-Fav,Soft Parameter Sharing,43,131,0,1022,0.1,66.68527983722068,0.5,13,10,148,25.199999999999942
Branin-Fav,Soft Parameter Sharing,43,132,0,975,0.1,64.22944083515193,0.5,14,10,149,25.09999999999994
Branin-Fav,Soft Parameter Sharing,43,133,0,973,0.1,63.5694022947735,0.5,15,10,150,24.99999999999994
Branin-Fav,Soft Parameter Sharing,43,134,0,874,0.1,63.57149339952702,0.5,16,10,151,24.899999999999938
Branin-Fav,Soft Parameter Sharing,43,135,0,1071,0.1,62.899450869355654,0.5,17,10,152,24.799999999999937
Branin-Fav,Soft Parameter Sharing,43,136,0,545,0.1,59.70414996658034,0.5,18,10,153,24.699999999999935
Branin-Fav,Soft Parameter Sharing,43,137,0,444,0.1,58.786146889662625,0.5,19,10,154,24.599999999999934
Branin-Fav,Soft Parameter Sharing,43,138,0,799,0.1,58.462720161982986,0.5,20,10,155,24.499999999999932
Branin-Fav,Soft Parameter Sharing,43,139,1,499,1.0,20.25184203253847,0.5,0,11,155,23.499999999999932
Branin-Fav,Soft Parameter Sharing,43,140,0,79,0.1,92.53714050967635,0.7063864224799982,1,11,156,23.39999999999993
Branin-Fav,Soft Parameter Sharing,43,141,0,675,0.1,91.75758778636032,0.7063864224799982,2,11,157,23.29999999999993
Branin-Fav,Soft Parameter Sharing,43,142,0,130,0.1,88.52727314010369,0.7063864224799982,3,11,158,23.19999999999993
Branin-Fav,Soft Parameter Sharing,43,143,0,774,0.1,88.1786140743608,0.7063864224799982,4,11,159,23.099999999999927
Branin-Fav,Soft Parameter Sharing,43,144,0,873,0.1,86.69086256168957,0.7063864224799982,5,11,160,22.999999999999925
Branin-Fav,Soft Parameter Sharing,43,145,0,140,0.1,83.89630283814078,0.7063864224799982,6,11,161,22.899999999999924
Branin-Fav,Soft Parameter Sharing,43,146,0,132,0.1,85.38951097689086,0.7063864224799982,7,11,162,22.799999999999923
Branin-Fav,Soft Parameter Sharing,43,147,0,133,0.1,83.8410930063985,0.7063864224799982,8,11,163,22.69999999999992
Branin-Fav,Soft Parameter Sharing,43,148,0,180,0.1,87.61590197109697,0.7063864224799982,9,11,164,22.59999999999992
Branin-Fav,Soft Parameter Sharing,43,149,0,181,0.1,82.76152084539338,0.7063864224799982,10,11,165,22.49999999999992
Branin-Fav,Soft Parameter Sharing,43,150,0,924,0.1,83.70013957784118,0.7063864224799982,11,11,166,22.399999999999917
Branin-Fav,Soft Parameter Sharing,43,151,0,129,0.1,85.65837399184603,0.7063864224799982,12,11,167,22.299999999999915
Branin-Fav,Soft Parameter Sharing,43,152,0,230,0.1,84.09305785938675,0.7063864224799982,13,11,168,22.199999999999914
Branin-Fav,Soft Parameter Sharing,43,153,0,974,0.1,84.0711080935052,0.7063864224799982,14,11,169,22.099999999999913
Branin-Fav,Soft Parameter Sharing,43,154,0,477,0.1,89.59940396585549,0.7063864224799982,15,11,170,21.99999999999991
Branin-Fav,Soft Parameter Sharing,43,155,0,179,0.1,84.7744943650598,0.7063864224799982,16,11,171,21.89999999999991
Branin-Fav,Soft Parameter Sharing,43,156,0,1021,0.1,84.72366852200413,0.7063864224799982,17,11,172,21.79999999999991
Branin-Fav,Soft Parameter Sharing,43,157,0,825,0.1,83.5658334921604,0.7063864224799982,18,11,173,21.699999999999907
Branin-Fav,Soft Parameter Sharing,43,158,0,824,0.1,82.02821896602211,0.7063864224799982,19,11,174,21.599999999999905
Branin-Fav,Soft Parameter Sharing,43,159,0,775,0.1,80.32480168684238,0.7063864224799982,20,11,175,21.499999999999904
Branin-Fav,Soft Parameter Sharing,43,160,1,876,1.0,19.206135146421744,0.7063864224799982,0,12,175,20.499999999999904
Branin-Fav,Soft Parameter Sharing,43,161,0,78,0.1,85.30825535576614,0.7063864224799982,1,12,176,20.399999999999903
Branin-Fav,Soft Parameter Sharing,43,162,0,826,0.1,83.29714430811649,0.7063864224799982,2,12,177,20.2999999999999
Branin-Fav,Soft Parameter Sharing,43,163,0,823,0.1,79.68172775964398,0.7063864224799982,3,12,178,20.1999999999999
Branin-Fav,Soft Parameter Sharing,43,164,0,922,0.1,78.55139979519149,0.7063864224799982,4,12,179,20.0999999999999
Branin-Fav,Soft Parameter Sharing,43,165,0,676,0.1,80.01033232617107,0.7063864224799982,5,12,180,19.999999999999897
Branin-Fav,Soft Parameter Sharing,43,166,0,971,0.1,78.78482701745462,0.7063864224799982,6,12,181,19.899999999999896
Branin-Fav,Soft Parameter Sharing,43,167,0,27,0.1,87.14291564432382,0.7063864224799982,7,12,182,19.799999999999894
Branin-Fav,Soft Parameter Sharing,43,168,0,626,0.1,81.65950557405179,0.7063864224799982,8,12,183,19.699999999999893
Branin-Fav,Soft Parameter Sharing,43,169,0,1020,0.1,79.19682103347166,0.7063864224799982,9,12,184,19.59999999999989
Branin-Fav,Soft Parameter Sharing,43,170,0,577,0.1,78.86103568985105,0.7063864224799982,10,12,185,19.49999999999989
Branin-Fav,Soft Parameter Sharing,43,171,0,86,0.1,78.84646091843759,0.7063864224799982,11,12,186,19.39999999999989
Branin-Fav,Soft Parameter Sharing,43,172,0,627,0.1,77.81915187758376,0.7063864224799982,12,12,187,19.299999999999887
Branin-Fav,Soft Parameter Sharing,43,173,0,726,0.1,79.58390254371918,0.7063864224799982,13,12,188,19.199999999999886
Branin-Fav,Soft Parameter Sharing,43,174,0,724,0.1,79.40329925576039,0.7063864224799982,14,12,189,19.099999999999884
Branin-Fav,Soft Parameter Sharing,43,175,0,182,0.1,76.28900739302696,0.7063864224799982,15,12,190,18.999999999999883
Branin-Fav,Soft Parameter Sharing,43,176,0,677,0.1,76.39143732275645,0.7063864224799982,16,12,191,18.89999999999988
Branin-Fav,Soft Parameter Sharing,43,177,0,478,0.1,78.67596165978777,0.7063864224799982,17,12,192,18.79999999999988
Branin-Fav,Soft Parameter Sharing,43,178,0,625,0.1,75.75527133833323,0.7063864224799982,18,12,193,18.69999999999988
Branin-Fav,Soft Parameter Sharing,43,179,0,128,0.1,77.94700496021814,0.7063864224799982,19,12,194,18.599999999999877
Branin-Fav,Soft Parameter Sharing,43,180,0,229,0.1,77.14891790479723,0.7063864224799982,20,12,195,18.499999999999876
Branin-Fav,Soft Parameter Sharing,43,181,1,449,1.0,16.058655090993874,0.7063864224799982,0,13,195,17.499999999999876
Branin-Fav,Soft Parameter Sharing,43,182,0,528,0.1,82.90021134804299,0.73886376813743,1,13,196,17.39999999999987
Branin-Fav,Soft Parameter Sharing,43,183,0,428,0.1,80.50721088524647,0.73886376813743,2,13,197,17.29999999999987
Branin-Fav,Soft Parameter Sharing,43,184,0,872,0.1,79.65399119707214,0.73886376813743,3,13,198,17.199999999999868
Branin-Fav,Soft Parameter Sharing,43,185,0,178,0.1,83.9684119738577,0.73886376813743,4,13,199,17.099999999999866
Branin-Fav,Soft Parameter Sharing,43,186,0,379,0.1,81.86415893604158,0.73886376813743,5,13,200,16.999999999999865
Branin-Fav,Soft Parameter Sharing,43,187,0,526,0.1,86.25289125603,0.73886376813743,6,13,201,16.899999999999864
Branin-Fav,Soft Parameter Sharing,43,188,0,773,0.1,81.7355479099475,0.73886376813743,7,13,202,16.799999999999862
Branin-Fav,Soft Parameter Sharing,43,189,0,77,0.1,84.02069001539641,0.73886376813743,8,13,203,16.69999999999986
Branin-Fav,Soft Parameter Sharing,43,190,0,378,0.1,84.97432829069457,0.73886376813743,9,13,204,16.59999999999986
Branin-Fav,Soft Parameter Sharing,43,191,0,578,0.1,81.10035719718401,0.73886376813743,10,13,205,16.499999999999858
Branin-Fav,Soft Parameter Sharing,43,192,0,674,0.1,82.95976122346396,0.73886376813743,11,13,206,16.399999999999856
Branin-Fav,Soft Parameter Sharing,43,193,0,429,0.1,81.28071497665556,0.73886376813743,12,13,207,16.299999999999855
Branin-Fav,Soft Parameter Sharing,43,194,0,228,0.1,85.54385196011553,0.73886376813743,13,13,208,16.199999999999854
Branin-Fav,Soft Parameter Sharing,43,195,0,479,0.1,81.82744568352047,0.73886376813743,14,13,209,16.099999999999852
Branin-Fav,Soft Parameter Sharing,43,196,0,278,0.1,81.06529370104252,0.73886376813743,15,13,210,15.999999999999853
Branin-Fav,Soft Parameter Sharing,43,197,0,279,0.1,81.8026295538704,0.73886376813743,16,13,211,15.899999999999851
Branin-Fav,Soft Parameter Sharing,43,198,0,427,0.1,83.21362184103364,0.73886376813743,17,13,212,15.79999999999985
Branin-Fav,Soft Parameter Sharing,43,199,0,328,0.1,85.53336322839557,0.73886376813743,18,13,213,15.699999999999848
Branin-Fav,Soft Parameter Sharing,43,200,0,329,0.1,81.83843109630317,0.73886376813743,19,13,214,15.599999999999847
Branin-Fav,Soft Parameter Sharing,43,201,0,575,0.1,85.9832637902277,0.73886376813743,20,13,215,15.499999999999845
Branin-Fav,Soft Parameter Sharing,43,202,1,549,1.0,14.527803180075967,0.73886376813743,0,14,215,14.499999999999844
Branin-Fav,Soft Parameter Sharing,43,203,0,280,0.1,78.04500451401239,0.7013850688931763,1,14,216,14.399999999999844
Branin-Fav,Soft Parameter Sharing,43,204,0,624,0.1,79.36360156128079,0.7013850688931763,2,14,217,14.299999999999843
Branin-Fav,Soft Parameter Sharing,43,205,0,776,0.1,75.19604633971531,0.7013850688931763,3,14,218,14.199999999999841
Branin-Fav,Soft Parameter Sharing,43,206,0,127,0.1,76.48554103815856,0.7013850688931763,4,14,219,14.09999999999984
Branin-Fav,Soft Parameter Sharing,43,207,0,476,0.1,81.54290026667461,0.7013850688931763,5,14,220,13.999999999999838
Branin-Fav,Soft Parameter Sharing,43,208,0,377,0.1,77.38463030891238,0.7013850688931763,6,14,221,13.899999999999837
Branin-Fav,Soft Parameter Sharing,43,209,0,231,0.1,76.61002780989311,0.7013850688931763,7,14,222,13.799999999999836
Branin-Fav,Soft Parameter Sharing,43,210,0,628,0.1,77.08604848850989,0.7013850688931763,8,14,223,13.699999999999834
Branin-Fav,Soft Parameter Sharing,43,211,0,327,0.1,75.32115748716816,0.7013850688931763,9,14,224,13.599999999999833
Branin-Fav,Soft Parameter Sharing,43,212,0,525,0.1,79.64761832855459,0.7013850688931763,10,14,225,13.499999999999831
Branin-Fav,Soft Parameter Sharing,43,213,0,574,0.1,82.88260732694198,0.7013850688931763,11,14,226,13.39999999999983
Branin-Fav,Soft Parameter Sharing,43,214,0,426,0.1,76.55952189271187,0.7013850688931763,12,14,227,13.299999999999828
Branin-Fav,Soft Parameter Sharing,43,215,0,475,0.1,82.7402073152188,0.7013850688931763,13,14,228,13.199999999999827
Branin-Fav,Soft Parameter Sharing,43,216,0,723,0.1,77.60472051584583,0.7013850688931763,14,14,229,13.099999999999826
Branin-Fav,Soft Parameter Sharing,43,217,0,330,0.1,74.9295330920679,0.7013850688931763,15,14,230,12.999999999999824
Branin-Fav,Soft Parameter Sharing,43,218,0,376,0.1,76.76558681767649,0.7013850688931763,16,14,231,12.899999999999823
Branin-Fav,Soft Parameter Sharing,43,219,0,281,0.1,74.87876374727658,0.7013850688931763,17,14,232,12.799999999999821
Branin-Fav,Soft Parameter Sharing,43,220,0,277,0.1,75.78554032767371,0.7013850688931763,18,14,233,12.69999999999982
Branin-Fav,Soft Parameter Sharing,43,221,0,177,0.1,76.45363942133324,0.7013850688931763,19,14,234,12.599999999999818
Branin-Fav,Soft Parameter Sharing,43,222,0,673,0.1,75.39247986124884,0.7013850688931763,20,14,235,12.499999999999817
Branin-Fav,Soft Parameter Sharing,43,223,1,599,1.0,13.965115458369622,0.7013850688931763,0,15,235,11.499999999999815
Branin-Fav,Soft Parameter Sharing,43,224,0,822,0.1,68.52325706843284,0.6456282846056733,1,15,236,11.399999999999816
Branin-Fav,Soft Parameter Sharing,43,225,0,227,0.1,73.59538372060447,0.6456282846056733,2,15,237,11.299999999999814
Branin-Fav,Soft Parameter Sharing,43,226,0,425,0.1,73.97664695919715,0.6456282846056733,3,15,238,11.199999999999813
Branin-Fav,Soft Parameter Sharing,43,227,0,772,0.1,67.32879126927028,0.6456282846056733,4,15,239,11.099999999999811
Branin-Fav,Soft Parameter Sharing,43,228,0,380,0.1,68.13961581503274,0.6456282846056733,5,15,240,10.99999999999981
Branin-Fav,Soft Parameter Sharing,43,229,0,529,0.1,65.09950665751336,0.6456282846056733,6,15,241,10.899999999999809
Branin-Fav,Soft Parameter Sharing,43,230,0,326,0.1,69.40196279154102,0.6456282846056733,7,15,242,10.799999999999807
Branin-Fav,Soft Parameter Sharing,43,231,0,232,0.1,65.15259551804097,0.6456282846056733,8,15,243,10.699999999999806
Branin-Fav,Soft Parameter Sharing,43,232,0,871,0.1,66.2670744928389,0.6456282846056733,9,15,244,10.599999999999804
Branin-Fav,Soft Parameter Sharing,43,233,0,26,0.1,69.5137982356352,0.6456282846056733,10,15,245,10.499999999999803
Branin-Fav,Soft Parameter Sharing,43,234,0,276,0.1,65.65017402708833,0.6456282846056733,11,15,246,10.399999999999801
Branin-Fav,Soft Parameter Sharing,43,235,0,623,0.1,67.66995293621572,0.6456282846056733,12,15,247,10.2999999999998
Branin-Fav,Soft Parameter Sharing,43,236,0,524,0.1,69.30972710179184,0.6456282846056733,13,15,248,10.199999999999799
Branin-Fav,Soft Parameter Sharing,43,237,0,722,0.1,64.91405113392514,0.6456282846056733,14,15,249,10.099999999999797
Branin-Fav,Soft Parameter Sharing,43,238,0,821,0.1,67.05276856849656,0.6456282846056733,15,15,250,9.999999999999796
Branin-Fav,Soft Parameter Sharing,43,239,0,76,0.1,69.02250890609388,0.6456282846056733,16,15,251,9.899999999999794
Branin-Fav,Soft Parameter Sharing,43,240,0,579,0.1,67.40991959676346,0.6456282846056733,17,15,252,9.799999999999793
Branin-Fav,Soft Parameter Sharing,43,241,0,226,0.1,62.93995020521473,0.6456282846056733,18,15,253,9.699999999999791
Branin-Fav,Soft Parameter Sharing,43,242,0,375,0.1,65.40748115189298,0.6456282846056733,19,15,254,9.59999999999979
Branin-Fav,Soft Parameter Sharing,43,243,0,430,0.1,66.45554677523026,0.6456282846056733,20,15,255,9.499999999999789
Branin-Fav,Soft Parameter Sharing,43,244,1,874,1.0,14.0648587461858,0.6456282846056733,0,16,255,8.499999999999787
Branin-Fav,Soft Parameter Sharing,43,245,0,921,0.1,63.536994357890364,0.6536090436498627,1,16,256,8.399999999999787
Branin-Fav,Soft Parameter Sharing,43,246,0,176,0.1,68.95017594013476,0.6536090436498627,2,16,257,8.299999999999786
Branin-Fav,Soft Parameter Sharing,43,247,0,126,0.1,62.31966194508484,0.6536090436498627,3,16,258,8.199999999999784
Branin-Fav,Soft Parameter Sharing,43,248,0,25,0.1,65.64301869910396,0.6536090436498627,4,16,259,8.099999999999783
Branin-Fav,Soft Parameter Sharing,43,249,0,331,0.1,62.279058201635195,0.6536090436498627,5,16,260,7.9999999999997815
Branin-Fav,Soft Parameter Sharing,43,250,0,75,0.1,62.78625962961528,0.6536090436498627,6,16,261,7.89999999999978
Branin-Fav,Soft Parameter Sharing,43,251,0,325,0.1,63.6343046109767,0.6536090436498627,7,16,262,7.799999999999779
Branin-Fav,Soft Parameter Sharing,43,252,0,474,0.1,62.01376737621814,0.6536090436498627,8,16,263,7.699999999999777
Branin-Fav,Soft Parameter Sharing,43,253,0,573,0.1,63.27307692997103,0.6536090436498627,9,16,264,7.599999999999776
Branin-Fav,Soft Parameter Sharing,43,254,0,424,0.1,61.13327571459626,0.6536090436498627,10,16,265,7.499999999999774
Branin-Fav,Soft Parameter Sharing,43,255,0,672,0.1,62.58253914309519,0.6536090436498627,11,16,266,7.399999999999773
Branin-Fav,Soft Parameter Sharing,43,256,0,771,0.1,61.141782599404635,0.6536090436498627,12,16,267,7.299999999999772
Branin-Fav,Soft Parameter Sharing,43,257,0,125,0.1,63.32564073906364,0.6536090436498627,13,16,268,7.19999999999977
Branin-Fav,Soft Parameter Sharing,43,258,0,480,0.1,63.87126947345678,0.6536090436498627,14,16,269,7.099999999999769
Branin-Fav,Soft Parameter Sharing,43,259,0,381,0.1,60.5799557288161,0.6536090436498627,15,16,270,6.999999999999767
Branin-Fav,Soft Parameter Sharing,43,260,0,183,0.1,62.58184195623708,0.6536090436498627,16,16,271,6.899999999999766
Branin-Fav,Soft Parameter Sharing,43,261,0,523,0.1,64.53200515117783,0.6536090436498627,17,16,272,6.7999999999997645
Branin-Fav,Soft Parameter Sharing,43,262,0,275,0.1,60.1636288985582,0.6536090436498627,18,16,273,6.699999999999763
Branin-Fav,Soft Parameter Sharing,43,263,0,920,0.1,62.523721831871306,0.6536090436498627,19,16,274,6.599999999999762
Branin-Fav,Soft Parameter Sharing,43,264,0,970,0.1,61.95619331923703,0.6536090436498627,20,16,275,6.49999999999976
Branin-Fav,Soft Parameter Sharing,43,265,1,399,1.0,13.072330448773416,0.6536090436498627,0,17,275,5.499999999999758
Branin-Fav,Soft Parameter Sharing,43,266,0,282,0.1,61.5615787996615,0.676300496630978,1,17,276,5.399999999999759
Branin-Fav,Soft Parameter Sharing,43,267,0,225,0.1,63.74074757986193,0.676300496630978,2,17,277,5.299999999999757
Branin-Fav,Soft Parameter Sharing,43,268,0,24,0.1,64.79625129345986,0.676300496630978,3,17,278,5.199999999999756
Branin-Fav,Soft Parameter Sharing,43,269,0,175,0.1,59.94305532720404,0.676300496630978,4,17,279,5.0999999999997545
Branin-Fav,Soft Parameter Sharing,43,270,0,622,0.1,62.44250563224695,0.676300496630978,5,17,280,4.999999999999753
Branin-Fav,Soft Parameter Sharing,43,271,0,870,0.1,56.990441420785494,0.676300496630978,6,17,281,4.899999999999752
Branin-Fav,Soft Parameter Sharing,43,272,0,374,0.1,62.47236659218786,0.676300496630978,7,17,282,4.79999999999975
Branin-Fav,Soft Parameter Sharing,43,273,0,721,0.1,60.32369914526436,0.676300496630978,8,17,283,4.699999999999749
Branin-Fav,Soft Parameter Sharing,43,274,0,134,0.1,61.007222912532434,0.676300496630978,9,17,284,4.599999999999747
Branin-Fav,Soft Parameter Sharing,43,275,0,324,0.1,64.4669980986879,0.676300496630978,10,17,285,4.499999999999746
Branin-Fav,Soft Parameter Sharing,43,276,0,727,0.1,59.21255956936262,0.676300496630978,11,17,286,4.399999999999745
Branin-Fav,Soft Parameter Sharing,43,277,0,473,0.1,59.2431544879288,0.676300496630978,12,17,287,4.299999999999743
Branin-Fav,Soft Parameter Sharing,43,278,0,572,0.1,57.55129916672361,0.676300496630978,13,17,288,4.199999999999742
Branin-Fav,Soft Parameter Sharing,43,279,0,393,0.1,56.729777527414186,0.676300496630978,14,17,289,4.09999999999974
Branin-Fav,Soft Parameter Sharing,43,280,0,74,0.1,58.70858447291721,0.676300496630978,15,17,290,3.9999999999997384
Branin-Fav,Soft Parameter Sharing,43,281,0,530,0.1,60.05910496259823,0.676300496630978,16,17,291,3.899999999999737
Branin-Fav,Soft Parameter Sharing,43,282,0,1019,0.1,57.79351139435964,0.676300496630978,17,17,292,3.7999999999997356
Branin-Fav,Soft Parameter Sharing,43,283,0,820,0.1,58.0192449313486,0.676300496630978,18,17,293,3.699999999999734
Branin-Fav,Soft Parameter Sharing,43,284,0,274,0.1,55.48043609707239,0.676300496630978,19,17,294,3.5999999999997327
Branin-Fav,Soft Parameter Sharing,43,285,0,671,0.1,57.65478371949202,0.676300496630978,20,17,295,3.4999999999997313
Branin-Fav,Soft Parameter Sharing,43,286,1,627,1.0,13.237923605364276,0.676300496630978,0,18,295,2.49999999999973
Branin-Fav,Soft Parameter Sharing,43,287,0,423,0.1,61.35552508833272,0.6916915005902479,1,18,296,2.39999999999973
Branin-Fav,Soft Parameter Sharing,43,288,0,522,0.1,57.96316456533342,0.6916915005902479,2,18,297,2.2999999999997285
Branin-Fav,Soft Parameter Sharing,43,289,0,431,0.1,57.529321326084045,0.6916915005902479,3,18,298,2.199999999999727
Branin-Fav,Soft Parameter Sharing,43,290,0,494,0.1,56.096499306222704,0.6916915005902479,4,18,299,2.0999999999997256
Branin-Fav,Soft Parameter Sharing,43,291,0,332,0.1,55.56773842932483,0.6916915005902479,5,18,300,1.9999999999997242
Branin-Fav,Soft Parameter Sharing,43,292,0,382,0.1,56.08798867938281,0.6916915005902479,6,18,301,1.8999999999997228
Branin-Fav,Soft Parameter Sharing,43,293,0,373,0.1,57.891739138156865,0.6916915005902479,7,18,302,1.7999999999997214
Branin-Fav,Soft Parameter Sharing,43,294,0,224,0.1,56.29926197490685,0.6916915005902479,8,18,303,1.69999999999972
Branin-Fav,Soft Parameter Sharing,43,295,0,233,0.1,56.23710259282302,0.6916915005902479,9,18,304,1.5999999999997185
Branin-Fav,Soft Parameter Sharing,43,296,0,770,0.1,57.094126464038375,0.6916915005902479,10,18,305,1.4999999999997171
Branin-Fav,Soft Parameter Sharing,43,297,0,678,0.1,55.142268323694,0.6916915005902479,11,18,306,1.3999999999997157
Branin-Fav,Soft Parameter Sharing,43,298,0,174,0.1,54.661230209359324,0.6916915005902479,12,18,307,1.2999999999997143
Branin-Fav,Soft Parameter Sharing,43,299,0,124,0.1,54.470630620835756,0.6916915005902479,13,18,308,1.1999999999997129
Branin-Fav,Soft Parameter Sharing,43,300,0,969,0.1,54.34534303089557,0.6916915005902479,14,18,309,1.0999999999997114
Branin-Fav,Soft Parameter Sharing,43,301,0,242,0.1,53.79240481117417,0.6916915005902479,15,18,310,0.9999999999997101
Branin-Fav,Soft Parameter Sharing,43,302,0,443,0.1,52.880945822024024,0.6916915005902479,16,18,311,0.8999999999997087
Branin-Fav,Soft Parameter Sharing,43,303,0,342,0.1,53.357074019474005,0.6916915005902479,17,18,312,0.7999999999997073
Branin-Fav,Soft Parameter Sharing,43,304,0,392,0.1,54.12814422727601,0.6916915005902479,18,18,313,0.6999999999997059
Branin-Fav,Soft Parameter Sharing,43,305,0,621,0.1,51.240326007336506,0.6916915005902479,19,18,314,0.5999999999997044
Branin-Fav,Soft Parameter Sharing,43,306,0,919,0.1,54.25188988466726,0.6916915005902479,20,18,315,0.499999999999703
Branin-Fav,Soft Parameter Sharing,43,307,0,292,0.1,52.65275537388069,0.6916915005902479,21,18,316,0.3999999999997016
Branin-Fav,Soft Parameter Sharing,43,308,0,472,0.1,52.962272098516195,0.6916915005902479,22,18,317,0.2999999999997002
Branin-Fav,Soft Parameter Sharing,43,309,0,720,0.1,51.422152174944294,0.6916915005902479,23,18,318,0.19999999999969872
Branin-Fav,Soft Parameter Sharing,43,310,0,323,0.1,52.05146415435991,0.6916915005902479,24,18,319,0.0999999999996973
Branin-Fav,Soft Parameter Sharing,44,1,0,2400,0.1,152.86918450738816,0.5,1,2,26,45.4
Branin-Fav,Soft Parameter Sharing,44,2,0,2250,0.1,95.73746341293152,0.5,2,2,27,45.3
Branin-Fav,Soft Parameter Sharing,44,3,0,2050,0.1,101.62297067830022,0.5,3,2,28,45.199999999999996
Branin-Fav,Soft Parameter Sharing,44,4,0,292,0.1,89.81608675050207,0.5,4,2,29,45.1
Branin-Fav,Soft Parameter Sharing,44,5,0,99,0.1,94.25057112755913,0.5,5,2,30,45.0
Branin-Fav,Soft Parameter Sharing,44,6,0,199,0.1,99.33694304022528,0.5,6,2,31,44.9
Branin-Fav,Soft Parameter Sharing,44,7,0,149,0.1,100.9686469096497,0.5,7,2,32,44.800000000000004
Branin-Fav,Soft Parameter Sharing,44,8,0,349,0.1,110.74565528553123,0.5,8,2,33,44.7
Branin-Fav,Soft Parameter Sharing,44,9,0,49,0.1,103.28226611691896,0.5,9,2,34,44.6
Branin-Fav,Soft Parameter Sharing,44,10,0,198,0.1,100.11099967583864,0.5,10,2,35,44.5
Branin-Fav,Soft Parameter Sharing,44,11,0,249,0.1,104.30091213639012,0.5,11,2,36,44.4
Branin-Fav,Soft Parameter Sharing,44,12,0,97,0.1,102.37382358906385,0.5,12,2,37,44.300000000000004
Branin-Fav,Soft Parameter Sharing,44,13,0,48,0.1,102.12262873418017,0.5,13,2,38,44.2
Branin-Fav,Soft Parameter Sharing,44,14,0,31,0.1,115.5673860777583,0.5,14,2,39,44.1
Branin-Fav,Soft Parameter Sharing,44,15,0,98,0.1,100.9390912651734,0.5,15,2,40,44.00000000000001
Branin-Fav,Soft Parameter Sharing,44,16,0,45,0.1,104.96845261844034,0.5,16,2,41,43.900000000000006
Branin-Fav,Soft Parameter Sharing,44,17,0,148,0.1,102.8739349398628,0.5,17,2,42,43.800000000000004
Branin-Fav,Soft Parameter Sharing,44,18,0,44,0.1,104.30444481980935,0.5,18,2,43,43.7
Branin-Fav,Soft Parameter Sharing,44,19,0,47,0.1,101.02161667024427,0.5,19,2,44,43.6
Branin-Fav,Soft Parameter Sharing,44,20,0,46,0.1,102.8344465455638,0.5,20,2,45,43.50000000000001
Branin-Fav,Soft Parameter Sharing,44,21,1,46,1.0,83.58703171632474,0.5,0,3,45,42.50000000000001
Branin-Fav,Soft Parameter Sharing,44,22,0,96,0.1,104.26319328609574,0.5,1,3,46,42.400000000000006
Branin-Fav,Soft Parameter Sharing,44,23,0,95,0.1,102.46851175135089,0.5,2,3,47,42.300000000000004
Branin-Fav,Soft Parameter Sharing,44,24,0,147,0.1,99.76062465744478,0.5,3,3,48,42.20000000000001
Branin-Fav,Soft Parameter Sharing,44,25,0,43,0.1,101.49008284247972,0.5,4,3,49,42.10000000000001
Branin-Fav,Soft Parameter Sharing,44,26,0,94,0.1,100.37177652219495,0.5,5,3,50,42.00000000000001
Branin-Fav,Soft Parameter Sharing,44,27,0,299,0.1,97.49291780278912,0.5,6,3,51,41.900000000000006
Branin-Fav,Soft Parameter Sharing,44,28,0,146,0.1,95.02067017853591,0.5,7,3,52,41.800000000000004
Branin-Fav,Soft Parameter Sharing,44,29,0,40,0.1,94.93115727582514,0.5,8,3,53,41.70000000000001
Branin-Fav,Soft Parameter Sharing,44,30,0,33,0.1,94.3736884191398,0.5,9,3,54,41.60000000000001
Branin-Fav,Soft Parameter Sharing,44,31,0,248,0.1,91.65568328750597,0.5,10,3,55,41.50000000000001
Branin-Fav,Soft Parameter Sharing,44,32,0,197,0.1,91.7021402214546,0.5,11,3,56,41.40000000000001
Branin-Fav,Soft Parameter Sharing,44,33,0,298,0.1,90.85357610318876,0.5,12,3,57,41.30000000000001
Branin-Fav,Soft Parameter Sharing,44,34,0,145,0.1,92.43196065852737,0.5,13,3,58,41.20000000000001
Branin-Fav,Soft Parameter Sharing,44,35,0,196,0.1,91.1451349154413,0.5,14,3,59,41.10000000000001
Branin-Fav,Soft Parameter Sharing,44,36,0,247,0.1,88.80354379738367,0.5,15,3,60,41.00000000000001
Branin-Fav,Soft Parameter Sharing,44,37,0,42,0.1,93.26937964644745,0.5,16,3,61,40.90000000000001
Branin-Fav,Soft Parameter Sharing,44,38,0,348,0.1,88.0189724691521,0.5,17,3,62,40.80000000000001
Branin-Fav,Soft Parameter Sharing,44,39,0,297,0.1,91.19982417909054,0.5,18,3,63,40.70000000000001
Branin-Fav,Soft Parameter Sharing,44,40,0,399,0.1,93.27167238754645,0.5,19,3,64,40.600000000000016
Branin-Fav,Soft Parameter Sharing,44,41,0,195,0.1,88.78645990268271,0.5,20,3,65,40.500000000000014
Branin-Fav,Soft Parameter Sharing,44,42,1,2499,1.0,59.4770601434897,0.5,0,4,65,39.500000000000014
Branin-Fav,Soft Parameter Sharing,44,43,0,93,0.1,95.58426545868468,0.5,1,4,66,39.40000000000001
Branin-Fav,Soft Parameter Sharing,44,44,0,92,0.1,90.13974351891694,0.5,2,4,67,39.30000000000001
Branin-Fav,Soft Parameter Sharing,44,45,0,41,0.1,92.38575550995006,0.5,3,4,68,39.20000000000001
Branin-Fav,Soft Parameter Sharing,44,46,0,246,0.1,87.28185270376348,0.5,4,4,69,39.100000000000016
Branin-Fav,Soft Parameter Sharing,44,47,0,143,0.1,88.70142781141953,0.5,5,4,70,39.000000000000014
Branin-Fav,Soft Parameter Sharing,44,48,0,347,0.1,92.45076281667517,0.5,6,4,71,38.90000000000001
Branin-Fav,Soft Parameter Sharing,44,49,0,245,0.1,85.61529650278084,0.5,7,4,72,38.80000000000002
Branin-Fav,Soft Parameter Sharing,44,50,0,194,0.1,87.35719840604014,0.5,8,4,73,38.70000000000002
Branin-Fav,Soft Parameter Sharing,44,51,0,91,0.1,83.60935788616456,0.5,9,4,74,38.600000000000016
Branin-Fav,Soft Parameter Sharing,44,52,0,142,0.1,82.74702442672165,0.5,10,4,75,38.500000000000014
Branin-Fav,Soft Parameter Sharing,44,53,0,193,0.1,80.3682458481173,0.5,11,4,76,38.40000000000001
Branin-Fav,Soft Parameter Sharing,44,54,0,90,0.1,80.57501511617176,0.5,12,4,77,38.30000000000002
Branin-Fav,Soft Parameter Sharing,44,55,0,39,0.1,82.04442343883493,0.5,13,4,78,38.20000000000002
Branin-Fav,Soft Parameter Sharing,44,56,0,244,0.1,77.57810568147536,0.5,14,4,79,38.100000000000016
Branin-Fav,Soft Parameter Sharing,44,57,0,296,0.1,83.77883828017754,0.5,15,4,80,38.00000000000002
Branin-Fav,Soft Parameter Sharing,44,58,0,141,0.1,74.63700327984968,0.5,16,4,81,37.90000000000002
Branin-Fav,Soft Parameter Sharing,44,59,0,38,0.1,78.95552302092587,0.5,17,4,82,37.80000000000002
Branin-Fav,Soft Parameter Sharing,44,60,0,192,0.1,74.33032210265938,0.5,18,4,83,37.70000000000002
Branin-Fav,Soft Parameter Sharing,44,61,0,398,0.1,69.44592915606286,0.5,19,4,84,37.600000000000016
Branin-Fav,Soft Parameter Sharing,44,62,0,295,0.1,71.03613289321805,0.5,20,4,85,37.50000000000002
Branin-Fav,Soft Parameter Sharing,44,63,1,18,1.0,26.16714516222671,0.5,0,5,85,36.50000000000002
Branin-Fav,Soft Parameter Sharing,44,64,0,346,0.1,74.5933480438847,0.5,1,5,86,36.40000000000002
Branin-Fav,Soft Parameter Sharing,44,65,0,449,0.1,70.22375104362696,0.5,2,5,87,36.30000000000002
Branin-Fav,Soft Parameter Sharing,44,66,0,397,0.1,72.99378662527297,0.5,3,5,88,36.200000000000024
Branin-Fav,Soft Parameter Sharing,44,67,0,345,0.1,73.42495981915634,0.5,4,5,89,36.10000000000002
Branin-Fav,Soft Parameter Sharing,44,68,0,448,0.1,76.00531631228762,0.5,5,5,90,36.00000000000002
Branin-Fav,Soft Parameter Sharing,44,69,0,294,0.1,70.06043663803301,0.5,6,5,91,35.90000000000002
Branin-Fav,Soft Parameter Sharing,44,70,0,499,0.1,70.97155882255696,0.5,7,5,92,35.80000000000002
Branin-Fav,Soft Parameter Sharing,44,71,0,396,0.1,76.55091153932008,0.5,8,5,93,35.700000000000024
Branin-Fav,Soft Parameter Sharing,44,72,0,447,0.1,72.06015715864322,0.5,9,5,94,35.60000000000002
Branin-Fav,Soft Parameter Sharing,44,73,0,395,0.1,70.76370881342373,0.5,10,5,95,35.50000000000002
Branin-Fav,Soft Parameter Sharing,44,74,0,344,0.1,67.90135422441561,0.5,11,5,96,35.40000000000003
Branin-Fav,Soft Parameter Sharing,44,75,0,243,0.1,67.74116268037488,0.5,12,5,97,35.300000000000026
Branin-Fav,Soft Parameter Sharing,44,76,0,498,0.1,68.81038839278904,0.5,13,5,98,35.200000000000024
Branin-Fav,Soft Parameter Sharing,44,77,0,293,0.1,68.9414345223542,0.5,14,5,99,35.10000000000002
Branin-Fav,Soft Parameter Sharing,44,78,0,549,0.1,66.16900779966858,0.5,15,5,100,35.00000000000002
Branin-Fav,Soft Parameter Sharing,44,79,0,446,0.1,67.89355439085857,0.5,16,5,101,34.90000000000003
Branin-Fav,Soft Parameter Sharing,44,80,0,242,0.1,64.95672485853066,0.5,17,5,102,34.800000000000026
Branin-Fav,Soft Parameter Sharing,44,81,0,497,0.1,67.46293788565023,0.5,18,5,103,34.700000000000024
Branin-Fav,Soft Parameter Sharing,44,82,0,445,0.1,66.74199861012123,0.5,19,5,104,34.60000000000003
Branin-Fav,Soft Parameter Sharing,44,83,0,394,0.1,61.04379841256852,0.5,20,5,105,34.50000000000003
Branin-Fav,Soft Parameter Sharing,44,84,1,49,1.0,20.440790777971554,0.5,0,6,105,33.50000000000003
Branin-Fav,Soft Parameter Sharing,44,85,0,343,0.1,66.89006195482038,0.5,1,6,106,33.40000000000003
Branin-Fav,Soft Parameter Sharing,44,86,0,393,0.1,63.125378834517754,0.5,2,6,107,33.300000000000026
Branin-Fav,Soft Parameter Sharing,44,87,0,342,0.1,64.918215045529,0.5,3,6,108,33.200000000000024
Branin-Fav,Soft Parameter Sharing,44,88,0,548,0.1,65.67887694638931,0.5,4,6,109,33.10000000000002
Branin-Fav,Soft Parameter Sharing,44,89,0,496,0.1,65.41022213780782,0.5,5,6,110,33.00000000000002
Branin-Fav,Soft Parameter Sharing,44,90,0,547,0.1,62.538641862193835,0.5,6,6,111,32.90000000000002
Branin-Fav,Soft Parameter Sharing,44,91,0,444,0.1,62.95208295878551,0.5,7,6,112,32.80000000000002
Branin-Fav,Soft Parameter Sharing,44,92,0,495,0.1,59.90546173211682,0.5,8,6,113,32.70000000000002
Branin-Fav,Soft Parameter Sharing,44,93,0,392,0.1,57.94354762604096,0.5,9,6,114,32.600000000000016
Branin-Fav,Soft Parameter Sharing,44,94,0,443,0.1,58.9750789429346,0.5,10,6,115,32.500000000000014
Branin-Fav,Soft Parameter Sharing,44,95,0,494,0.1,61.10497309877785,0.5,11,6,116,32.40000000000001
Branin-Fav,Soft Parameter Sharing,44,96,0,546,0.1,60.97324117737828,0.5,12,6,117,32.30000000000001
Branin-Fav,Soft Parameter Sharing,44,97,0,291,0.1,58.557665822745975,0.5,13,6,118,32.20000000000001
Branin-Fav,Soft Parameter Sharing,44,98,0,341,0.1,58.39354869317756,0.5,14,6,119,32.10000000000001
Branin-Fav,Soft Parameter Sharing,44,99,0,191,0.1,56.66977682221637,0.5,15,6,120,32.00000000000001
Branin-Fav,Soft Parameter Sharing,44,100,0,241,0.1,55.70783645598645,0.5,16,6,121,31.900000000000006
Branin-Fav,Soft Parameter Sharing,44,101,0,599,0.1,60.55039358436401,0.5,17,6,122,31.800000000000004
Branin-Fav,Soft Parameter Sharing,44,102,0,493,0.1,56.34420978031952,0.5,18,6,123,31.700000000000003
Branin-Fav,Soft Parameter Sharing,44,103,0,598,0.1,59.39040125808846,0.5,19,6,124,31.6
Branin-Fav,Soft Parameter Sharing,44,104,0,649,0.1,57.277734558600535,0.5,20,6,125,31.5
Branin-Fav,Soft Parameter Sharing,44,105,1,48,1.0,15.989381613315437,0.5,0,7,125,30.5
Branin-Fav,Soft Parameter Sharing,44,106,0,442,0.1,101.49286120244284,0.93384379405623,1,7,126,30.4
Branin-Fav,Soft Parameter Sharing,44,107,0,391,0.1,95.19764655916131,0.93384379405623,2,7,127,30.299999999999997
Branin-Fav,Soft Parameter Sharing,44,108,0,597,0.1,102.77635433910177,0.93384379405623,3,7,128,30.199999999999996
Branin-Fav,Soft Parameter Sharing,44,109,0,545,0.1,101.25550256282833,0.93384379405623,4,7,129,30.099999999999994
Branin-Fav,Soft Parameter Sharing,44,110,0,441,0.1,92.67386710048591,0.93384379405623,5,7,130,29.999999999999993
Branin-Fav,Soft Parameter Sharing,44,111,0,492,0.1,97.8532977496012,0.93384379405623,6,7,131,29.89999999999999
Branin-Fav,Soft Parameter Sharing,44,112,0,544,0.1,96.67719088382836,0.93384379405623,7,7,132,29.79999999999999
Branin-Fav,Soft Parameter Sharing,44,113,0,543,0.1,91.54325976848104,0.93384379405623,8,7,133,29.69999999999999
Branin-Fav,Soft Parameter Sharing,44,114,0,340,0.1,93.93166986269812,0.93384379405623,9,7,134,29.599999999999987
Branin-Fav,Soft Parameter Sharing,44,115,0,2200,0.1,85.96622347959627,0.93384379405623,10,7,135,29.499999999999986
Branin-Fav,Soft Parameter Sharing,44,116,0,596,0.1,89.80408340961426,0.93384379405623,11,7,136,29.399999999999984
Branin-Fav,Soft Parameter Sharing,44,117,0,140,0.1,86.30579291124619,0.93384379405623,12,7,137,29.299999999999983
Branin-Fav,Soft Parameter Sharing,44,118,0,648,0.1,95.23984815545343,0.93384379405623,13,7,138,29.19999999999998
Branin-Fav,Soft Parameter Sharing,44,119,0,595,0.1,83.30279470350003,0.93384379405623,14,7,139,29.09999999999998
Branin-Fav,Soft Parameter Sharing,44,120,0,542,0.1,89.46710364858876,0.93384379405623,15,7,140,28.99999999999998
Branin-Fav,Soft Parameter Sharing,44,121,0,290,0.1,86.77658400525146,0.93384379405623,16,7,141,28.899999999999977
Branin-Fav,Soft Parameter Sharing,44,122,0,699,0.1,91.89802461926834,0.93384379405623,17,7,142,28.799999999999976
Branin-Fav,Soft Parameter Sharing,44,123,0,647,0.1,83.03454571338258,0.93384379405623,18,7,143,28.699999999999974
Branin-Fav,Soft Parameter Sharing,44,124,0,594,0.1,84.9430654828596,0.93384379405623,19,7,144,28.599999999999973
Branin-Fav,Soft Parameter Sharing,44,125,0,240,0.1,85.87731438400284,0.93384379405623,20,7,145,28.49999999999997
Branin-Fav,Soft Parameter Sharing,44,126,1,45,1.0,14.950822985213117,0.93384379405623,0,8,145,27.49999999999997
Branin-Fav,Soft Parameter Sharing,44,127,0,491,0.1,56.04539592662264,0.6000435312842295,1,8,146,27.39999999999997
Branin-Fav,Soft Parameter Sharing,44,128,0,440,0.1,51.618075864052635,0.6000435312842295,2,8,147,27.29999999999997
Branin-Fav,Soft Parameter Sharing,44,129,0,593,0.1,50.367784489721586,0.6000435312842295,3,8,148,27.199999999999967
Branin-Fav,Soft Parameter Sharing,44,130,0,190,0.1,50.8882803091811,0.6000435312842295,4,8,149,27.099999999999966
Branin-Fav,Soft Parameter Sharing,44,131,0,2100,0.1,54.20195501515061,0.6000435312842295,5,8,150,26.999999999999964
Branin-Fav,Soft Parameter Sharing,44,132,0,646,0.1,50.91530621337412,0.6000435312842295,6,8,151,26.899999999999963
Branin-Fav,Soft Parameter Sharing,44,133,0,541,0.1,51.85817431530172,0.6000435312842295,7,8,152,26.79999999999996
Branin-Fav,Soft Parameter Sharing,44,134,0,490,0.1,48.808448959516156,0.6000435312842295,8,8,153,26.69999999999996
Branin-Fav,Soft Parameter Sharing,44,135,0,592,0.1,52.58385793035861,0.6000435312842295,9,8,154,26.59999999999996
Branin-Fav,Soft Parameter Sharing,44,136,0,339,0.1,44.56381520272918,0.6000435312842295,10,8,155,26.499999999999957
Branin-Fav,Soft Parameter Sharing,44,137,0,698,0.1,46.59947807107735,0.6000435312842295,11,8,156,26.399999999999956
Branin-Fav,Soft Parameter Sharing,44,138,0,645,0.1,46.951669177207776,0.6000435312842295,12,8,157,26.299999999999955
Branin-Fav,Soft Parameter Sharing,44,139,0,32,0.1,47.34973009824776,0.6000435312842295,13,8,158,26.199999999999953
Branin-Fav,Soft Parameter Sharing,44,140,0,289,0.1,44.828399619249744,0.6000435312842295,14,8,159,26.09999999999995
Branin-Fav,Soft Parameter Sharing,44,141,0,2000,0.1,47.155510816326334,0.6000435312842295,15,8,160,25.99999999999995
Branin-Fav,Soft Parameter Sharing,44,142,0,591,0.1,44.78322442394317,0.6000435312842295,16,8,161,25.89999999999995
Branin-Fav,Soft Parameter Sharing,44,143,0,82,0.1,46.49051252933636,0.6000435312842295,17,8,162,25.799999999999947
Branin-Fav,Soft Parameter Sharing,44,144,0,34,0.1,53.23382320604408,0.6000435312842295,18,8,163,25.699999999999946
Branin-Fav,Soft Parameter Sharing,44,145,0,697,0.1,46.485957248419076,0.6000435312842295,19,8,164,25.599999999999945
Branin-Fav,Soft Parameter Sharing,44,146,0,89,0.1,45.170425157668994,0.6000435312842295,20,8,165,25.499999999999943
Branin-Fav,Soft Parameter Sharing,44,147,1,47,1.0,13.249892942354542,0.6000435312842295,0,9,165,24.499999999999943
Branin-Fav,Soft Parameter Sharing,44,148,0,644,0.1,46.51673178634869,0.6374127658206227,1,9,166,24.39999999999994
Branin-Fav,Soft Parameter Sharing,44,149,0,139,0.1,47.16921587668003,0.6374127658206227,2,9,167,24.29999999999994
Branin-Fav,Soft Parameter Sharing,44,150,0,239,0.1,45.55947443050339,0.6374127658206227,3,9,168,24.19999999999994
Branin-Fav,Soft Parameter Sharing,44,151,0,389,0.1,47.591206543397966,0.6374127658206227,4,9,169,24.099999999999937
Branin-Fav,Soft Parameter Sharing,44,152,0,88,0.1,45.654281874770106,0.6374127658206227,5,9,170,23.999999999999936
Branin-Fav,Soft Parameter Sharing,44,153,0,439,0.1,45.09012654224084,0.6374127658206227,6,9,171,23.899999999999935
Branin-Fav,Soft Parameter Sharing,44,154,0,749,0.1,46.54467710782571,0.6374127658206227,7,9,172,23.799999999999933
Branin-Fav,Soft Parameter Sharing,44,155,0,83,0.1,47.09745300295702,0.6374127658206227,8,9,173,23.699999999999932
Branin-Fav,Soft Parameter Sharing,44,156,0,489,0.1,45.29429366380756,0.6374127658206227,9,9,174,23.59999999999993
Branin-Fav,Soft Parameter Sharing,44,157,0,37,0.1,44.47254162070551,0.6374127658206227,10,9,175,23.49999999999993
Branin-Fav,Soft Parameter Sharing,44,158,0,189,0.1,44.80868586349716,0.6374127658206227,11,9,176,23.399999999999928
Branin-Fav,Soft Parameter Sharing,44,159,0,138,0.1,41.76404205983129,0.6374127658206227,12,9,177,23.299999999999926
Branin-Fav,Soft Parameter Sharing,44,160,0,540,0.1,41.11657258342994,0.6374127658206227,13,9,178,23.199999999999925
Branin-Fav,Soft Parameter Sharing,44,161,0,338,0.1,39.420642396129274,0.6374127658206227,14,9,179,23.099999999999923
Branin-Fav,Soft Parameter Sharing,44,162,0,188,0.1,39.091055608555536,0.6374127658206227,15,9,180,22.999999999999922
Branin-Fav,Soft Parameter Sharing,44,163,0,643,0.1,39.965572424403135,0.6374127658206227,16,9,181,22.89999999999992
Branin-Fav,Soft Parameter Sharing,44,164,0,696,0.1,40.17539529819192,0.6374127658206227,17,9,182,22.79999999999992
Branin-Fav,Soft Parameter Sharing,44,165,0,539,0.1,39.46290541123482,0.6374127658206227,18,9,183,22.699999999999918
Branin-Fav,Soft Parameter Sharing,44,166,0,748,0.1,41.746954749693636,0.6374127658206227,19,9,184,22.599999999999916
Branin-Fav,Soft Parameter Sharing,44,167,0,36,0.1,40.23697953622475,0.6374127658206227,20,9,185,22.499999999999915
Branin-Fav,Soft Parameter Sharing,44,168,1,99,1.0,13.33617255688872,0.6374127658206227,0,10,185,21.499999999999915
Branin-Fav,Soft Parameter Sharing,44,169,0,799,0.1,42.69956672093979,0.6745419702600327,1,10,186,21.399999999999913
Branin-Fav,Soft Parameter Sharing,44,170,0,87,0.1,40.584390457821975,0.6745419702600327,2,10,187,21.299999999999912
Branin-Fav,Soft Parameter Sharing,44,171,0,695,0.1,40.288245419914695,0.6745419702600327,3,10,188,21.19999999999991
Branin-Fav,Soft Parameter Sharing,44,172,0,238,0.1,38.95499350718216,0.6745419702600327,4,10,189,21.09999999999991
Branin-Fav,Soft Parameter Sharing,44,173,0,2150,0.1,42.49740780691319,0.6745419702600327,5,10,190,20.999999999999908
Branin-Fav,Soft Parameter Sharing,44,174,0,288,0.1,36.55577008510143,0.6745419702600327,6,10,191,20.899999999999906
Branin-Fav,Soft Parameter Sharing,44,175,0,388,0.1,38.21823962067575,0.6745419702600327,7,10,192,20.799999999999905
Branin-Fav,Soft Parameter Sharing,44,176,0,438,0.1,38.1510145712721,0.6745419702600327,8,10,193,20.699999999999903
Branin-Fav,Soft Parameter Sharing,44,177,0,798,0.1,39.6401383777749,0.6745419702600327,9,10,194,20.599999999999902
Branin-Fav,Soft Parameter Sharing,44,178,0,642,0.1,36.94146397782857,0.6745419702600327,10,10,195,20.4999999999999
Branin-Fav,Soft Parameter Sharing,44,179,0,35,0.1,38.509151050803816,0.6745419702600327,11,10,196,20.3999999999999
Branin-Fav,Soft Parameter Sharing,44,180,0,137,0.1,36.37935142553865,0.6745419702600327,12,10,197,20.299999999999898
Branin-Fav,Soft Parameter Sharing,44,181,0,287,0.1,35.77866869950333,0.6745419702600327,13,10,198,20.199999999999896
Branin-Fav,Soft Parameter Sharing,44,182,0,849,0.1,37.07385145695195,0.6745419702600327,14,10,199,20.099999999999895
Branin-Fav,Soft Parameter Sharing,44,183,0,694,0.1,36.92825009587407,0.6745419702600327,15,10,200,19.999999999999893
Branin-Fav,Soft Parameter Sharing,44,184,0,590,0.1,37.01632171925462,0.6745419702600327,16,10,201,19.899999999999892
Branin-Fav,Soft Parameter Sharing,44,185,0,187,0.1,33.70453680189865,0.6745419702600327,17,10,202,19.79999999999989
Branin-Fav,Soft Parameter Sharing,44,186,0,746,0.1,34.803273746372184,0.6745419702600327,18,10,203,19.69999999999989
Branin-Fav,Soft Parameter Sharing,44,187,0,488,0.1,34.19306902094735,0.6745419702600327,19,10,204,19.599999999999888
Branin-Fav,Soft Parameter Sharing,44,188,0,337,0.1,35.06780312424772,0.6745419702600327,20,10,205,19.499999999999886
Branin-Fav,Soft Parameter Sharing,44,189,1,43,1.0,12.36022239267435,0.6745419702600327,0,11,205,18.499999999999886
Branin-Fav,Soft Parameter Sharing,44,190,0,1950,0.1,30.70325359109166,0.5645212258048777,1,11,206,18.399999999999885
Branin-Fav,Soft Parameter Sharing,44,191,0,693,0.1,29.454525711288397,0.5645212258048777,2,11,207,18.299999999999883
Branin-Fav,Soft Parameter Sharing,44,192,0,237,0.1,26.22850894074114,0.5645212258048777,3,11,208,18.199999999999882
Branin-Fav,Soft Parameter Sharing,44,193,0,875,0.1,32.761532131691325,0.5645212258048777,4,11,209,18.09999999999988
Branin-Fav,Soft Parameter Sharing,44,194,0,86,0.1,27.0159926093406,0.5645212258048777,5,11,210,17.99999999999988
Branin-Fav,Soft Parameter Sharing,44,195,0,85,0.1,28.17793679627763,0.5645212258048777,6,11,211,17.899999999999878
Branin-Fav,Soft Parameter Sharing,44,196,0,136,0.1,27.558104067703642,0.5645212258048777,7,11,212,17.799999999999876
Branin-Fav,Soft Parameter Sharing,44,197,0,827,0.1,31.980407531750032,0.5645212258048777,8,11,213,17.699999999999875
Branin-Fav,Soft Parameter Sharing,44,198,0,641,0.1,29.516536487222833,0.5645212258048777,9,11,214,17.599999999999874
Branin-Fav,Soft Parameter Sharing,44,199,0,387,0.1,27.958743714974414,0.5645212258048777,10,11,215,17.499999999999872
Branin-Fav,Soft Parameter Sharing,44,200,0,437,0.1,25.945282478538463,0.5645212258048777,11,11,216,17.39999999999987
Branin-Fav,Soft Parameter Sharing,44,201,0,186,0.1,25.443489184831932,0.5645212258048777,12,11,217,17.29999999999987
Branin-Fav,Soft Parameter Sharing,44,202,0,640,0.1,27.878581293340645,0.5645212258048777,13,11,218,17.199999999999868
Branin-Fav,Soft Parameter Sharing,44,203,0,481,0.1,30.354066185103623,0.5645212258048777,14,11,219,17.099999999999866
Branin-Fav,Soft Parameter Sharing,44,204,0,538,0.1,24.459604683796236,0.5645212258048777,15,11,220,16.999999999999865
Branin-Fav,Soft Parameter Sharing,44,205,0,84,0.1,25.435681989596926,0.5645212258048777,16,11,221,16.899999999999864
Branin-Fav,Soft Parameter Sharing,44,206,0,487,0.1,25.92610550791934,0.5645212258048777,17,11,222,16.799999999999862
Branin-Fav,Soft Parameter Sharing,44,207,0,286,0.1,25.251922821688048,0.5645212258048777,18,11,223,16.69999999999986
Branin-Fav,Soft Parameter Sharing,44,208,0,728,0.1,31.656413115608455,0.5645212258048777,19,11,224,16.59999999999986
Branin-Fav,Soft Parameter Sharing,44,209,0,589,0.1,26.306054334016967,0.5645212258048777,20,11,225,16.499999999999858
Branin-Fav,Soft Parameter Sharing,44,210,1,98,1.0,10.618210520561963,0.5645212258048777,0,12,225,15.499999999999858
Branin-Fav,Soft Parameter Sharing,44,211,0,630,0.1,29.331530489006074,0.599506947138347,1,12,226,15.399999999999858
Branin-Fav,Soft Parameter Sharing,44,212,0,336,0.1,26.751404980652193,0.599506947138347,2,12,227,15.299999999999857
Branin-Fav,Soft Parameter Sharing,44,213,0,236,0.1,26.993127752611173,0.599506947138347,3,12,228,15.199999999999855
Branin-Fav,Soft Parameter Sharing,44,214,0,797,0.1,26.322356446184372,0.599506947138347,4,12,229,15.099999999999854
Branin-Fav,Soft Parameter Sharing,44,215,0,386,0.1,25.908627731507625,0.599506947138347,5,12,230,14.999999999999853
Branin-Fav,Soft Parameter Sharing,44,216,0,588,0.1,26.872824511163493,0.599506947138347,6,12,231,14.899999999999851
Branin-Fav,Soft Parameter Sharing,44,217,0,537,0.1,26.500055573002047,0.599506947138347,7,12,232,14.79999999999985
Branin-Fav,Soft Parameter Sharing,44,218,0,436,0.1,25.4160569382127,0.599506947138347,8,12,233,14.699999999999848
Branin-Fav,Soft Parameter Sharing,44,219,0,2001,0.1,24.461519465453698,0.599506947138347,9,12,234,14.599999999999847
Branin-Fav,Soft Parameter Sharing,44,220,0,135,0.1,27.174486546966396,0.599506947138347,10,12,235,14.499999999999845
Branin-Fav,Soft Parameter Sharing,44,221,0,777,0.1,27.548180885705506,0.599506947138347,11,12,236,14.399999999999844
Branin-Fav,Soft Parameter Sharing,44,222,0,899,0.1,27.334920630146797,0.599506947138347,12,12,237,14.299999999999843
Branin-Fav,Soft Parameter Sharing,44,223,0,629,0.1,35.37865500416203,0.599506947138347,13,12,238,14.199999999999841
Branin-Fav,Soft Parameter Sharing,44,224,0,877,0.1,25.58584523735213,0.599506947138347,14,12,239,14.09999999999984
Branin-Fav,Soft Parameter Sharing,44,225,0,926,0.1,27.512057524707355,0.599506947138347,15,12,240,13.999999999999838
Branin-Fav,Soft Parameter Sharing,44,226,0,974,0.1,34.678168737082146,0.599506947138347,16,12,241,13.899999999999837
Branin-Fav,Soft Parameter Sharing,44,227,0,826,0.1,33.1551596327416,0.599506947138347,17,12,242,13.799999999999836
Branin-Fav,Soft Parameter Sharing,44,228,0,876,0.1,32.33747314742379,0.599506947138347,18,12,243,13.699999999999834
Branin-Fav,Soft Parameter Sharing,44,229,0,678,0.1,31.609146227838092,0.599506947138347,19,12,244,13.599999999999833
Branin-Fav,Soft Parameter Sharing,44,230,0,828,0.1,35.843812260858456,0.599506947138347,20,12,245,13.499999999999831
Branin-Fav,Soft Parameter Sharing,44,231,1,97,1.0,9.798189646093412,0.599506947138347,0,13,245,12.49999999999983
Branin-Fav,Soft Parameter Sharing,44,232,0,825,0.1,30.865960402740836,0.650510310379997,1,13,246,12.39999999999983
Branin-Fav,Soft Parameter Sharing,44,233,0,536,0.1,28.35292637156357,0.650510310379997,2,13,247,12.299999999999828
Branin-Fav,Soft Parameter Sharing,44,234,0,923,0.1,33.25450814304685,0.650510310379997,3,13,248,12.199999999999827
Branin-Fav,Soft Parameter Sharing,44,235,0,778,0.1,35.13032297702776,0.650510310379997,4,13,249,12.099999999999826
Branin-Fav,Soft Parameter Sharing,44,236,0,776,0.1,44.84308279219356,0.650510310379997,5,13,250,11.999999999999824
Branin-Fav,Soft Parameter Sharing,44,237,0,924,0.1,33.24880973221544,0.650510310379997,6,13,251,11.899999999999823
Branin-Fav,Soft Parameter Sharing,44,238,0,975,0.1,40.179166989352986,0.650510310379997,7,13,252,11.799999999999821
Branin-Fav,Soft Parameter Sharing,44,239,0,727,0.1,48.374082885705846,0.650510310379997,8,13,253,11.69999999999982
Branin-Fav,Soft Parameter Sharing,44,240,0,925,0.1,44.19655805432148,0.650510310379997,9,13,254,11.599999999999818
Branin-Fav,Soft Parameter Sharing,44,241,0,677,0.1,44.48639313423116,0.650510310379997,10,13,255,11.499999999999817
Branin-Fav,Soft Parameter Sharing,44,242,0,1023,0.1,36.905400267154604,0.650510310379997,11,13,256,11.399999999999816
Branin-Fav,Soft Parameter Sharing,44,243,0,726,0.1,41.4392297384808,0.650510310379997,12,13,257,11.299999999999814
Branin-Fav,Soft Parameter Sharing,44,244,0,775,0.1,43.217742810934986,0.650510310379997,13,13,258,11.199999999999813
Branin-Fav,Soft Parameter Sharing,44,245,0,628,0.1,45.293418074607686,0.650510310379997,14,13,259,11.099999999999811
Branin-Fav,Soft Parameter Sharing,44,246,0,824,0.1,49.179238056761115,0.650510310379997,15,13,260,10.99999999999981
Branin-Fav,Soft Parameter Sharing,44,247,0,627,0.1,44.80004960831801,0.650510310379997,16,13,261,10.899999999999809
Branin-Fav,Soft Parameter Sharing,44,248,0,874,0.1,41.0484220680947,0.650510310379997,17,13,262,10.799999999999807
Branin-Fav,Soft Parameter Sharing,44,249,0,976,0.1,46.447284852180424,0.650510310379997,18,13,263,10.699999999999806
Branin-Fav,Soft Parameter Sharing,44,250,0,578,0.1,46.694666626389264,0.650510310379997,19,13,264,10.599999999999804
Branin-Fav,Soft Parameter Sharing,44,251,0,679,0.1,39.66771194866076,0.650510310379997,20,13,265,10.499999999999803
Branin-Fav,Soft Parameter Sharing,44,252,1,149,1.0,10.371683067751771,0.650510310379997,0,14,265,9.499999999999801
Branin-Fav,Soft Parameter Sharing,44,253,0,973,0.1,38.25342236646166,0.6497388040059922,1,14,266,9.399999999999801
Branin-Fav,Soft Parameter Sharing,44,254,0,878,0.1,37.64797551602182,0.6497388040059922,2,14,267,9.2999999999998
Branin-Fav,Soft Parameter Sharing,44,255,0,1022,0.1,39.458443541036985,0.6497388040059922,3,14,268,9.199999999999799
Branin-Fav,Soft Parameter Sharing,44,256,0,676,0.1,43.033003357800816,0.6497388040059922,4,14,269,9.099999999999797
Branin-Fav,Soft Parameter Sharing,44,257,0,873,0.1,41.223690254244815,0.6497388040059922,5,14,270,8.999999999999796
Branin-Fav,Soft Parameter Sharing,44,258,0,1024,0.1,40.66597432041071,0.6497388040059922,6,14,271,8.899999999999794
Branin-Fav,Soft Parameter Sharing,44,259,0,725,0.1,45.25917078191945,0.6497388040059922,7,14,272,8.799999999999793
Branin-Fav,Soft Parameter Sharing,44,260,0,774,0.1,41.5119451126099,0.6497388040059922,8,14,273,8.699999999999791
Branin-Fav,Soft Parameter Sharing,44,261,0,927,0.1,41.29404900001657,0.6497388040059922,9,14,274,8.59999999999979
Branin-Fav,Soft Parameter Sharing,44,262,0,579,0.1,39.54463727013659,0.6497388040059922,10,14,275,8.499999999999789
Branin-Fav,Soft Parameter Sharing,44,263,0,577,0.1,44.74276865935592,0.6497388040059922,11,14,276,8.399999999999787
Branin-Fav,Soft Parameter Sharing,44,264,0,1073,0.1,39.11595096890227,0.6497388040059922,12,14,277,8.299999999999786
Branin-Fav,Soft Parameter Sharing,44,265,0,922,0.1,40.81290740417591,0.6497388040059922,13,14,278,8.199999999999784
Branin-Fav,Soft Parameter Sharing,44,266,0,729,0.1,39.71111833190412,0.6497388040059922,14,14,279,8.099999999999783
Branin-Fav,Soft Parameter Sharing,44,267,0,529,0.1,42.48133271268424,0.6497388040059922,15,14,280,7.9999999999997815
Branin-Fav,Soft Parameter Sharing,44,268,0,1025,0.1,40.92502564533035,0.6497388040059922,16,14,281,7.89999999999978
Branin-Fav,Soft Parameter Sharing,44,269,0,580,0.1,43.00135265177593,0.6497388040059922,17,14,282,7.799999999999779
Branin-Fav,Soft Parameter Sharing,44,270,0,779,0.1,41.79998600743096,0.6497388040059922,18,14,283,7.699999999999777
Branin-Fav,Soft Parameter Sharing,44,271,0,680,0.1,37.357710274204926,0.6497388040059922,19,14,284,7.599999999999776
Branin-Fav,Soft Parameter Sharing,44,272,0,1072,0.1,38.48158548166322,0.6497388040059922,20,14,285,7.499999999999774
Branin-Fav,Soft Parameter Sharing,44,273,1,148,1.0,8.903525617016669,0.6497388040059922,0,15,285,6.499999999999773
Branin-Fav,Soft Parameter Sharing,44,274,0,626,0.1,40.43587289274623,0.6732935794649126,1,15,286,6.399999999999773
Branin-Fav,Soft Parameter Sharing,44,275,0,675,0.1,50.08048509604298,0.6732935794649126,2,15,287,6.299999999999772
Branin-Fav,Soft Parameter Sharing,44,276,0,1071,0.1,37.202645076882426,0.6732935794649126,3,15,288,6.19999999999977
Branin-Fav,Soft Parameter Sharing,44,277,0,823,0.1,40.69944399679917,0.6732935794649126,4,15,289,6.099999999999769
Branin-Fav,Soft Parameter Sharing,44,278,0,1021,0.1,38.88210638413619,0.6732935794649126,5,15,290,5.999999999999767
Branin-Fav,Soft Parameter Sharing,44,279,0,1026,0.1,40.53118352740193,0.6732935794649126,6,15,291,5.899999999999766
Branin-Fav,Soft Parameter Sharing,44,280,0,528,0.1,42.42822542021339,0.6732935794649126,7,15,292,5.7999999999997645
Branin-Fav,Soft Parameter Sharing,44,281,0,530,0.1,37.13411943273322,0.6732935794649126,8,15,293,5.699999999999763
Branin-Fav,Soft Parameter Sharing,44,282,0,724,0.1,38.155397076704176,0.6732935794649126,9,15,294,5.599999999999762
Branin-Fav,Soft Parameter Sharing,44,283,0,829,0.1,39.64283401635454,0.6732935794649126,10,15,295,5.49999999999976
Branin-Fav,Soft Parameter Sharing,44,284,0,478,0.1,46.177825434550506,0.6732935794649126,11,15,296,5.399999999999759
Branin-Fav,Soft Parameter Sharing,44,285,0,527,0.1,39.634984221477666,0.6732935794649126,12,15,297,5.299999999999757
Branin-Fav,Soft Parameter Sharing,44,286,0,872,0.1,37.938080148673215,0.6732935794649126,13,15,298,5.199999999999756
Branin-Fav,Soft Parameter Sharing,44,287,0,479,0.1,46.39321734661882,0.6732935794649126,14,15,299,5.0999999999997545
Branin-Fav,Soft Parameter Sharing,44,288,0,576,0.1,45.40402419573733,0.6732935794649126,15,15,300,4.999999999999753
Branin-Fav,Soft Parameter Sharing,44,289,0,477,0.1,43.439454758186145,0.6732935794649126,16,15,301,4.899999999999752
Branin-Fav,Soft Parameter Sharing,44,290,0,480,0.1,39.2821384299882,0.6732935794649126,17,15,302,4.79999999999975
Branin-Fav,Soft Parameter Sharing,44,291,0,429,0.1,45.07268758935419,0.6732935794649126,18,15,303,4.699999999999749
Branin-Fav,Soft Parameter Sharing,44,292,0,430,0.1,40.515003464184375,0.6732935794649126,19,15,304,4.599999999999747
Branin-Fav,Soft Parameter Sharing,44,293,0,428,0.1,44.787911576734004,0.6732935794649126,20,15,305,4.499999999999746
Branin-Fav,Soft Parameter Sharing,44,294,1,199,1.0,10.284126975977992,0.6732935794649126,0,16,305,3.499999999999744
Branin-Fav,Soft Parameter Sharing,44,295,0,971,0.1,38.50832616722408,0.6682868502066642,1,16,306,3.399999999999744
Branin-Fav,Soft Parameter Sharing,44,296,0,531,0.1,35.59872813646114,0.6682868502066642,2,16,307,3.2999999999997427
Branin-Fav,Soft Parameter Sharing,44,297,0,29,0.1,43.66468057951754,0.6682868502066642,3,16,308,3.1999999999997413
Branin-Fav,Soft Parameter Sharing,44,298,0,730,0.1,37.678080729407654,0.6682868502066642,4,16,309,3.09999999999974
Branin-Fav,Soft Parameter Sharing,44,299,0,625,0.1,39.959767826458815,0.6682868502066642,5,16,310,2.9999999999997384
Branin-Fav,Soft Parameter Sharing,44,300,0,379,0.1,45.76270443115664,0.6682868502066642,6,16,311,2.899999999999737
Branin-Fav,Soft Parameter Sharing,44,301,0,526,0.1,42.594258238188765,0.6682868502066642,7,16,312,2.7999999999997356
Branin-Fav,Soft Parameter Sharing,44,302,0,380,0.1,42.34240010305964,0.6682868502066642,8,16,313,2.699999999999734
Branin-Fav,Soft Parameter Sharing,44,303,0,427,0.1,44.88037145627654,0.6682868502066642,9,16,314,2.5999999999997327
Branin-Fav,Soft Parameter Sharing,44,304,0,378,0.1,46.38388437879654,0.6682868502066642,10,16,315,2.4999999999997313
Branin-Fav,Soft Parameter Sharing,44,305,0,476,0.1,46.297802513196835,0.6682868502066642,11,16,316,2.39999999999973
Branin-Fav,Soft Parameter Sharing,44,306,0,329,0.1,46.931343185729254,0.6682868502066642,12,16,317,2.2999999999997285
Branin-Fav,Soft Parameter Sharing,44,307,0,575,0.1,45.550054063499914,0.6682868502066642,13,16,318,2.199999999999727
Branin-Fav,Soft Parameter Sharing,44,308,0,674,0.1,43.21917334178736,0.6682868502066642,14,16,319,2.0999999999997256
Branin-Fav,Soft Parameter Sharing,44,309,0,328,0.1,48.42653878296486,0.6682868502066642,15,16,320,1.9999999999997242
Branin-Fav,Soft Parameter Sharing,44,310,0,581,0.1,41.226305296631594,0.6682868502066642,16,16,321,1.8999999999997228
Branin-Fav,Soft Parameter Sharing,44,311,0,30,0.1,43.99175768615355,0.6682868502066642,17,16,322,1.7999999999997214
Branin-Fav,Soft Parameter Sharing,44,312,0,426,0.1,50.59022123144708,0.6682868502066642,18,16,323,1.69999999999972
Branin-Fav,Soft Parameter Sharing,44,313,0,377,0.1,45.9443301275387,0.6682868502066642,19,16,324,1.5999999999997185
Branin-Fav,Soft Parameter Sharing,44,314,0,330,0.1,40.10248522617301,0.6682868502066642,20,16,325,1.4999999999997171
Branin-Fav,Soft Parameter Sharing,44,315,1,249,1.0,9.790619567278057,0.6682868502066642,0,17,325,0.4999999999997158
Branin-Fav,Soft Parameter Sharing,44,316,0,780,0.1,36.70734829055246,0.6396410743090976,1,17,326,0.3999999999997158
Branin-Fav,Soft Parameter Sharing,44,317,0,279,0.1,42.31878295343859,0.6396410743090976,2,17,327,0.2999999999997144
Branin-Fav,Soft Parameter Sharing,44,318,0,278,0.1,43.43449761018944,0.6396410743090976,3,17,328,0.19999999999971294
Branin-Fav,Soft Parameter Sharing,44,319,0,327,0.1,48.52849211250456,0.6396410743090976,4,17,329,0.09999999999971151
Branin-Fav,Soft Parameter Sharing,45,1,0,48,0.1,125.5528586112334,0.5,1,2,26,45.4
Branin-Fav,Soft Parameter Sharing,45,2,0,49,0.1,115.77749797492177,0.5,2,2,27,45.3
Branin-Fav,Soft Parameter Sharing,45,3,0,47,0.1,107.10466180923419,0.5,3,2,28,45.199999999999996
Branin-Fav,Soft Parameter Sharing,45,4,0,46,0.1,93.89553387637487,0.5,4,2,29,45.1
Branin-Fav,Soft Parameter Sharing,45,5,0,45,0.1,101.11241568458858,0.5,5,2,30,45.0
Branin-Fav,Soft Parameter Sharing,45,6,0,44,0.1,92.16530305507065,0.5,6,2,31,44.9
Branin-Fav,Soft Parameter Sharing,45,7,0,43,0.1,86.69278379513341,0.5,7,2,32,44.800000000000004
Branin-Fav,Soft Parameter Sharing,45,8,1,1950,1.0,84.9743060636669,0.5,0,3,32,43.800000000000004
Branin-Fav,Soft Parameter Sharing,45,9,0,2050,0.1,79.77481584928138,0.5,1,3,33,43.7
Branin-Fav,Soft Parameter Sharing,45,10,0,96,0.1,83.47825399135291,0.5,2,3,34,43.6
Branin-Fav,Soft Parameter Sharing,45,11,0,99,0.1,88.19712305215035,0.5,3,3,35,43.5
Branin-Fav,Soft Parameter Sharing,45,12,0,95,0.1,81.66646574924344,0.5,4,3,36,43.4
Branin-Fav,Soft Parameter Sharing,45,13,0,40,0.1,87.75829742836756,0.5,5,3,37,43.300000000000004
Branin-Fav,Soft Parameter Sharing,45,14,0,42,0.1,80.59265273633511,0.5,6,3,38,43.2
Branin-Fav,Soft Parameter Sharing,45,15,0,41,0.1,74.41360965953197,0.5,7,3,39,43.1
Branin-Fav,Soft Parameter Sharing,45,16,0,97,0.1,72.86979255891123,0.5,8,3,40,43.00000000000001
Branin-Fav,Soft Parameter Sharing,45,17,1,0,1.0,79.6438646471057,0.5,0,4,40,42.00000000000001
Branin-Fav,Soft Parameter Sharing,45,18,0,98,0.1,109.59343464286384,0.5,1,4,41,41.900000000000006
Branin-Fav,Soft Parameter Sharing,45,19,0,149,0.1,104.8600873363619,0.5,2,4,42,41.800000000000004
Branin-Fav,Soft Parameter Sharing,45,20,0,94,0.1,105.43107974323235,0.5,3,4,43,41.7
Branin-Fav,Soft Parameter Sharing,45,21,0,93,0.1,104.0637628244796,0.5,4,4,44,41.6
Branin-Fav,Soft Parameter Sharing,45,22,0,148,0.1,100.94258523165173,0.5,5,4,45,41.50000000000001
Branin-Fav,Soft Parameter Sharing,45,23,0,147,0.1,100.18921113198567,0.5,6,4,46,41.400000000000006
Branin-Fav,Soft Parameter Sharing,45,24,0,92,0.1,102.06185821108217,0.5,7,4,47,41.300000000000004
Branin-Fav,Soft Parameter Sharing,45,25,0,39,0.1,103.09726446126743,0.5,8,4,48,41.20000000000001
Branin-Fav,Soft Parameter Sharing,45,26,0,199,0.1,97.64720942284053,0.5,9,4,49,41.10000000000001
Branin-Fav,Soft Parameter Sharing,45,27,0,91,0.1,95.9552675317784,0.5,10,4,50,41.00000000000001
Branin-Fav,Soft Parameter Sharing,45,28,0,146,0.1,96.01827803719549,0.5,11,4,51,40.900000000000006
Branin-Fav,Soft Parameter Sharing,45,29,0,145,0.1,93.86975487357819,0.5,12,4,52,40.800000000000004
Branin-Fav,Soft Parameter Sharing,45,30,0,144,0.1,90.76624665378229,0.5,13,4,53,40.70000000000001
Branin-Fav,Soft Parameter Sharing,45,31,0,143,0.1,90.76767865217103,0.5,14,4,54,40.60000000000001
Branin-Fav,Soft Parameter Sharing,45,32,0,196,0.1,88.68977013671399,0.5,15,4,55,40.50000000000001
Branin-Fav,Soft Parameter Sharing,45,33,0,90,0.1,87.94389995851485,0.5,16,4,56,40.40000000000001
Branin-Fav,Soft Parameter Sharing,45,34,0,38,0.1,91.66824527907156,0.5,17,4,57,40.30000000000001
Branin-Fav,Soft Parameter Sharing,45,35,0,198,0.1,90.84664691098283,0.5,18,4,58,40.20000000000001
Branin-Fav,Soft Parameter Sharing,45,36,0,197,0.1,88.26504188392295,0.5,19,4,59,40.10000000000001
Branin-Fav,Soft Parameter Sharing,45,37,0,195,0.1,85.16596344762172,0.5,20,4,60,40.00000000000001
Branin-Fav,Soft Parameter Sharing,45,38,1,2459,1.0,66.10730282364744,0.5,0,5,60,39.000000000000014
Branin-Fav,Soft Parameter Sharing,45,39,0,249,0.1,88.58249439221257,0.5,1,5,61,38.90000000000001
Branin-Fav,Soft Parameter Sharing,45,40,0,248,0.1,86.89505188384129,0.5,2,5,62,38.80000000000001
Branin-Fav,Soft Parameter Sharing,45,41,0,247,0.1,84.86835655067395,0.5,3,5,63,38.70000000000001
Branin-Fav,Soft Parameter Sharing,45,42,1,49,1.0,88.05087938469654,0.5,0,6,63,37.70000000000002
Branin-Fav,Soft Parameter Sharing,45,43,0,299,0.1,84.21050339835723,0.5,1,6,64,37.600000000000016
Branin-Fav,Soft Parameter Sharing,45,44,0,194,0.1,80.28821037808645,0.5,2,6,65,37.500000000000014
Branin-Fav,Soft Parameter Sharing,45,45,0,193,0.1,78.18472660873387,0.5,3,6,66,37.40000000000001
Branin-Fav,Soft Parameter Sharing,45,46,0,246,0.1,80.17049895627149,0.5,4,6,67,37.30000000000001
Branin-Fav,Soft Parameter Sharing,45,47,0,298,0.1,82.74984513010767,0.5,5,6,68,37.20000000000001
Branin-Fav,Soft Parameter Sharing,45,48,0,349,0.1,84.33213934392278,0.5,6,6,69,37.100000000000016
Branin-Fav,Soft Parameter Sharing,45,49,0,245,0.1,75.50023873624224,0.5,7,6,70,37.000000000000014
Branin-Fav,Soft Parameter Sharing,45,50,0,297,0.1,80.4154540851598,0.5,8,6,71,36.90000000000001
Branin-Fav,Soft Parameter Sharing,45,51,0,296,0.1,77.63650154949947,0.5,9,6,72,36.80000000000002
Branin-Fav,Soft Parameter Sharing,45,52,0,348,0.1,77.07423892422997,0.5,10,6,73,36.70000000000002
Branin-Fav,Soft Parameter Sharing,45,53,0,141,0.1,76.92965534060639,0.5,11,6,74,36.600000000000016
Branin-Fav,Soft Parameter Sharing,45,54,0,244,0.1,74.99925080138883,0.5,12,6,75,36.500000000000014
Branin-Fav,Soft Parameter Sharing,45,55,0,295,0.1,74.9209767202781,0.5,13,6,76,36.40000000000001
Branin-Fav,Soft Parameter Sharing,45,56,0,243,0.1,74.18118356992436,0.5,14,6,77,36.30000000000002
Branin-Fav,Soft Parameter Sharing,45,57,0,192,0.1,74.63859751040357,0.5,15,6,78,36.20000000000002
Branin-Fav,Soft Parameter Sharing,45,58,0,242,0.1,73.14661702760311,0.5,16,6,79,36.100000000000016
Branin-Fav,Soft Parameter Sharing,45,59,0,399,0.1,72.63482147764297,0.5,17,6,80,36.00000000000002
Branin-Fav,Soft Parameter Sharing,45,60,0,347,0.1,68.7862860413712,0.5,18,6,81,35.90000000000002
Branin-Fav,Soft Parameter Sharing,45,61,0,191,0.1,71.1895150301195,0.5,19,6,82,35.80000000000002
Branin-Fav,Soft Parameter Sharing,45,62,0,398,0.1,72.88366410354638,0.5,20,6,83,35.70000000000002
Branin-Fav,Soft Parameter Sharing,45,63,1,249,1.0,23.80228030918847,0.5,0,7,83,34.70000000000002
Branin-Fav,Soft Parameter Sharing,45,64,0,346,0.1,71.65511022896268,0.5,1,7,84,34.600000000000016
Branin-Fav,Soft Parameter Sharing,45,65,0,294,0.1,71.22676265191977,0.5,2,7,85,34.50000000000002
Branin-Fav,Soft Parameter Sharing,45,66,0,293,0.1,64.34977776425795,0.5,3,7,86,34.40000000000002
Branin-Fav,Soft Parameter Sharing,45,67,0,345,0.1,70.18543208756121,0.5,4,7,87,34.30000000000002
Branin-Fav,Soft Parameter Sharing,45,68,0,140,0.1,65.01791993963185,0.5,5,7,88,34.200000000000024
Branin-Fav,Soft Parameter Sharing,45,69,0,344,0.1,65.55282731958445,0.5,6,7,89,34.10000000000002
Branin-Fav,Soft Parameter Sharing,45,70,0,241,0.1,63.595012621335805,0.5,7,7,90,34.00000000000002
Branin-Fav,Soft Parameter Sharing,45,71,0,397,0.1,65.40763726582291,0.5,8,7,91,33.90000000000002
Branin-Fav,Soft Parameter Sharing,45,72,0,292,0.1,62.872164569373794,0.5,9,7,92,33.80000000000002
Branin-Fav,Soft Parameter Sharing,45,73,0,396,0.1,61.51867584433889,0.5,10,7,93,33.700000000000024
Branin-Fav,Soft Parameter Sharing,45,74,0,343,0.1,61.68889009293218,0.5,11,7,94,33.600000000000016
Branin-Fav,Soft Parameter Sharing,45,75,0,395,0.1,59.740472589521815,0.5,12,7,95,33.50000000000002
Branin-Fav,Soft Parameter Sharing,45,76,0,449,0.1,62.847732208004956,0.5,13,7,96,33.40000000000001
Branin-Fav,Soft Parameter Sharing,45,77,0,448,0.1,61.625690543643735,0.5,14,7,97,33.30000000000002
Branin-Fav,Soft Parameter Sharing,45,78,0,447,0.1,61.5940517469504,0.5,15,7,98,33.20000000000001
Branin-Fav,Soft Parameter Sharing,45,79,0,190,0.1,62.1795640634817,0.5,16,7,99,33.100000000000016
Branin-Fav,Soft Parameter Sharing,45,80,0,394,0.1,59.92275951289077,0.5,17,7,100,33.00000000000001
Branin-Fav,Soft Parameter Sharing,45,81,0,342,0.1,59.55629561945696,0.5,18,7,101,32.90000000000001
Branin-Fav,Soft Parameter Sharing,45,82,0,291,0.1,58.97586226231733,0.5,19,7,102,32.800000000000004
Branin-Fav,Soft Parameter Sharing,45,83,0,393,0.1,58.06697570354041,0.5,20,7,103,32.70000000000001
Branin-Fav,Soft Parameter Sharing,45,84,1,399,1.0,18.242544588502632,0.5,0,8,103,31.700000000000003
Branin-Fav,Soft Parameter Sharing,45,85,1,299,1.0,15.576356248534816,0.1,0,9,103,30.700000000000006
Branin-Fav,Soft Parameter Sharing,45,86,1,349,1.0,15.35898864377227,0.1334643735223489,0,10,103,29.700000000000006
Branin-Fav,Soft Parameter Sharing,45,87,1,199,1.0,15.437978155584013,0.11572332438393419,0,11,103,28.700000000000006
Branin-Fav,Soft Parameter Sharing,45,88,1,149,1.0,14.137452409580273,0.1,0,12,103,27.700000000000006
Branin-Fav,Soft Parameter Sharing,45,89,1,449,1.0,14.304349712638706,0.1,0,13,103,26.700000000000006
Branin-Fav,Soft Parameter Sharing,45,90,0,1850,0.1,44.35042623101024,0.35979091055574436,1,13,104,26.600000000000005
Branin-Fav,Soft Parameter Sharing,45,91,0,446,0.1,40.36359889103452,0.35979091055574436,2,13,105,26.500000000000004
Branin-Fav,Soft Parameter Sharing,45,92,0,89,0.1,40.146293151066644,0.35979091055574436,3,13,106,26.400000000000002
Branin-Fav,Soft Parameter Sharing,45,93,0,499,0.1,41.97532489793318,0.35979091055574436,4,13,107,26.3
Branin-Fav,Soft Parameter Sharing,45,94,0,445,0.1,39.79925247090803,0.35979091055574436,5,13,108,26.2
Branin-Fav,Soft Parameter Sharing,45,95,0,498,0.1,39.238060744097304,0.35979091055574436,6,13,109,26.099999999999998
Branin-Fav,Soft Parameter Sharing,45,96,0,341,0.1,40.42291001499837,0.35979091055574436,7,13,110,25.999999999999996
Branin-Fav,Soft Parameter Sharing,45,97,0,444,0.1,39.34332873970361,0.35979091055574436,8,13,111,25.899999999999995
Branin-Fav,Soft Parameter Sharing,45,98,0,392,0.1,37.27035129830971,0.35979091055574436,9,13,112,25.799999999999994
Branin-Fav,Soft Parameter Sharing,45,99,0,549,0.1,42.20429412867359,0.35979091055574436,10,13,113,25.699999999999992
Branin-Fav,Soft Parameter Sharing,45,100,0,497,0.1,37.5245042356387,0.35979091055574436,11,13,114,25.59999999999999
Branin-Fav,Soft Parameter Sharing,45,101,0,496,0.1,36.29102905405321,0.35979091055574436,12,13,115,25.49999999999999
Branin-Fav,Soft Parameter Sharing,45,102,0,548,0.1,37.11270657392957,0.35979091055574436,13,13,116,25.399999999999988
Branin-Fav,Soft Parameter Sharing,45,103,0,495,0.1,36.436588847473814,0.35979091055574436,14,13,117,25.299999999999986
Branin-Fav,Soft Parameter Sharing,45,104,0,240,0.1,34.174332826246854,0.35979091055574436,15,13,118,25.199999999999985
Branin-Fav,Soft Parameter Sharing,45,105,0,443,0.1,35.31405016616712,0.35979091055574436,16,13,119,25.099999999999984
Branin-Fav,Soft Parameter Sharing,45,106,0,391,0.1,35.71479700955913,0.35979091055574436,17,13,120,24.999999999999982
Branin-Fav,Soft Parameter Sharing,45,107,0,494,0.1,34.86503180098536,0.35979091055574436,18,13,121,24.89999999999998
Branin-Fav,Soft Parameter Sharing,45,108,0,547,0.1,33.122607603779215,0.35979091055574436,19,13,122,24.79999999999998
Branin-Fav,Soft Parameter Sharing,45,109,0,442,0.1,34.297958142140544,0.35979091055574436,20,13,123,24.699999999999978
Branin-Fav,Soft Parameter Sharing,45,110,1,499,1.0,12.567575401476333,0.35979091055574436,0,14,123,23.699999999999978
Branin-Fav,Soft Parameter Sharing,45,111,0,290,0.1,44.89817650465757,0.499410384536545,1,14,124,23.599999999999977
Branin-Fav,Soft Parameter Sharing,45,112,0,441,0.1,47.35368212823769,0.499410384536545,2,14,125,23.499999999999975
Branin-Fav,Soft Parameter Sharing,45,113,0,546,0.1,45.35880910047949,0.499410384536545,3,14,126,23.399999999999974
Branin-Fav,Soft Parameter Sharing,45,114,0,493,0.1,44.45147037474432,0.499410384536545,4,14,127,23.299999999999972
Branin-Fav,Soft Parameter Sharing,45,115,0,599,0.1,46.7563475531321,0.499410384536545,5,14,128,23.19999999999997
Branin-Fav,Soft Parameter Sharing,45,116,0,340,0.1,46.19513944642656,0.499410384536545,6,14,129,23.09999999999997
Branin-Fav,Soft Parameter Sharing,45,117,0,598,0.1,46.81295698101458,0.499410384536545,7,14,130,22.999999999999968
Branin-Fav,Soft Parameter Sharing,45,118,0,545,0.1,45.199707200538214,0.499410384536545,8,14,131,22.899999999999967
Branin-Fav,Soft Parameter Sharing,45,119,0,492,0.1,42.96409568080197,0.499410384536545,9,14,132,22.799999999999965
Branin-Fav,Soft Parameter Sharing,45,120,0,390,0.1,42.61027530089777,0.499410384536545,10,14,133,22.699999999999964
Branin-Fav,Soft Parameter Sharing,45,121,0,139,0.1,43.4655630042148,0.499410384536545,11,14,134,22.599999999999962
Branin-Fav,Soft Parameter Sharing,45,122,0,189,0.1,40.76904154576417,0.499410384536545,12,14,135,22.49999999999996
Branin-Fav,Soft Parameter Sharing,45,123,0,597,0.1,41.541458736765016,0.499410384536545,13,14,136,22.39999999999996
Branin-Fav,Soft Parameter Sharing,45,124,0,544,0.1,41.9326629690092,0.499410384536545,14,14,137,22.299999999999958
Branin-Fav,Soft Parameter Sharing,45,125,0,1900,0.1,41.61641611121206,0.499410384536545,15,14,138,22.199999999999957
Branin-Fav,Soft Parameter Sharing,45,126,0,239,0.1,39.81499014465578,0.499410384536545,16,14,139,22.099999999999955
Branin-Fav,Soft Parameter Sharing,45,127,0,596,0.1,40.735431241106745,0.499410384536545,17,14,140,21.999999999999954
Branin-Fav,Soft Parameter Sharing,45,128,0,289,0.1,38.28506152293094,0.499410384536545,18,14,141,21.899999999999952
Branin-Fav,Soft Parameter Sharing,45,129,0,543,0.1,37.84374164019334,0.499410384536545,19,14,142,21.79999999999995
Branin-Fav,Soft Parameter Sharing,45,130,0,491,0.1,40.030742569233524,0.499410384536545,20,14,143,21.69999999999995
Branin-Fav,Soft Parameter Sharing,45,131,1,549,1.0,11.127440558699941,0.499410384536545,0,15,143,20.69999999999995
Branin-Fav,Soft Parameter Sharing,45,132,0,542,0.1,42.907339146134916,0.5585820900946766,1,15,144,20.599999999999948
Branin-Fav,Soft Parameter Sharing,45,133,0,339,0.1,41.06724241027639,0.5585820900946766,2,15,145,20.499999999999947
Branin-Fav,Soft Parameter Sharing,45,134,0,440,0.1,40.263037731632075,0.5585820900946766,3,15,146,20.399999999999945
Branin-Fav,Soft Parameter Sharing,45,135,0,1800,0.1,40.39416834314012,0.5585820900946766,4,15,147,20.299999999999944
Branin-Fav,Soft Parameter Sharing,45,136,0,648,0.1,39.549952761761084,0.5585820900946766,5,15,148,20.199999999999942
Branin-Fav,Soft Parameter Sharing,45,137,0,389,0.1,39.81619727906853,0.5585820900946766,6,15,149,20.09999999999994
Branin-Fav,Soft Parameter Sharing,45,138,0,595,0.1,40.69401354030443,0.5585820900946766,7,15,150,19.99999999999994
Branin-Fav,Soft Parameter Sharing,45,139,0,88,0.1,41.198486162105304,0.5585820900946766,8,15,151,19.899999999999938
Branin-Fav,Soft Parameter Sharing,45,140,0,594,0.1,41.23758870142219,0.5585820900946766,9,15,152,19.799999999999937
Branin-Fav,Soft Parameter Sharing,45,141,0,138,0.1,38.77374124185485,0.5585820900946766,10,15,153,19.699999999999935
Branin-Fav,Soft Parameter Sharing,45,142,0,647,0.1,39.06285818398331,0.5585820900946766,11,15,154,19.599999999999934
Branin-Fav,Soft Parameter Sharing,45,143,0,490,0.1,38.47548309459475,0.5585820900946766,12,15,155,19.499999999999932
Branin-Fav,Soft Parameter Sharing,45,144,0,699,0.1,41.18983865178303,0.5585820900946766,13,15,156,19.39999999999993
Branin-Fav,Soft Parameter Sharing,45,145,0,34,0.1,43.12726125349631,0.5585820900946766,14,15,157,19.29999999999993
Branin-Fav,Soft Parameter Sharing,45,146,0,541,0.1,39.69704537685228,0.5585820900946766,15,15,158,19.19999999999993
Branin-Fav,Soft Parameter Sharing,45,147,0,37,0.1,38.66586103794664,0.5585820900946766,16,15,159,19.099999999999927
Branin-Fav,Soft Parameter Sharing,45,148,0,646,0.1,35.806032068825715,0.5585820900946766,17,15,160,18.999999999999925
Branin-Fav,Soft Parameter Sharing,45,149,0,288,0.1,36.200963031327724,0.5585820900946766,18,15,161,18.899999999999924
Branin-Fav,Soft Parameter Sharing,45,150,0,593,0.1,37.31867038820291,0.5585820900946766,19,15,162,18.799999999999923
Branin-Fav,Soft Parameter Sharing,45,151,0,188,0.1,33.77243347292916,0.5585820900946766,20,15,163,18.69999999999992
Branin-Fav,Soft Parameter Sharing,45,152,1,599,1.0,9.759528934035503,0.5585820900946766,0,16,163,17.69999999999992
Branin-Fav,Soft Parameter Sharing,45,153,0,439,0.1,36.86036379526656,0.5732155724099897,1,16,164,17.599999999999916
Branin-Fav,Soft Parameter Sharing,45,154,0,87,0.1,35.78876292349701,0.5732155724099897,2,16,165,17.499999999999915
Branin-Fav,Soft Parameter Sharing,45,155,0,592,0.1,35.25377903419427,0.5732155724099897,3,16,166,17.399999999999913
Branin-Fav,Soft Parameter Sharing,45,156,0,238,0.1,33.57086226026283,0.5732155724099897,4,16,167,17.299999999999912
Branin-Fav,Soft Parameter Sharing,45,157,0,698,0.1,37.732522943771386,0.5732155724099897,5,16,168,17.19999999999991
Branin-Fav,Soft Parameter Sharing,45,158,0,645,0.1,33.04389664592581,0.5732155724099897,6,16,169,17.09999999999991
Branin-Fav,Soft Parameter Sharing,45,159,0,697,0.1,35.45680152713063,0.5732155724099897,7,16,170,16.999999999999908
Branin-Fav,Soft Parameter Sharing,45,160,0,338,0.1,33.09782703370707,0.5732155724099897,8,16,171,16.899999999999906
Branin-Fav,Soft Parameter Sharing,45,161,0,644,0.1,33.27919631301472,0.5732155724099897,9,16,172,16.799999999999905
Branin-Fav,Soft Parameter Sharing,45,162,0,540,0.1,32.27079726350803,0.5732155724099897,10,16,173,16.699999999999903
Branin-Fav,Soft Parameter Sharing,45,163,0,388,0.1,32.166408757359164,0.5732155724099897,11,16,174,16.599999999999902
Branin-Fav,Soft Parameter Sharing,45,164,0,749,0.1,35.58725581575839,0.5732155724099897,12,16,175,16.4999999999999
Branin-Fav,Soft Parameter Sharing,45,165,0,643,0.1,33.18794075851529,0.5732155724099897,13,16,176,16.3999999999999
Branin-Fav,Soft Parameter Sharing,45,166,0,489,0.1,32.86924466364133,0.5732155724099897,14,16,177,16.299999999999898
Branin-Fav,Soft Parameter Sharing,45,167,0,696,0.1,29.13599532665681,0.5732155724099897,15,16,178,16.199999999999896
Branin-Fav,Soft Parameter Sharing,45,168,0,438,0.1,29.561761428551556,0.5732155724099897,16,16,179,16.099999999999895
Branin-Fav,Soft Parameter Sharing,45,169,0,539,0.1,30.492943992221146,0.5732155724099897,17,16,180,15.999999999999895
Branin-Fav,Soft Parameter Sharing,45,170,0,137,0.1,28.54712922446147,0.5732155724099897,18,16,181,15.899999999999894
Branin-Fav,Soft Parameter Sharing,45,171,0,642,0.1,28.974771470457775,0.5732155724099897,19,16,182,15.799999999999892
Branin-Fav,Soft Parameter Sharing,45,172,0,590,0.1,27.34527814442913,0.5732155724099897,20,16,183,15.699999999999891
Branin-Fav,Soft Parameter Sharing,45,173,1,649,1.0,9.366876665275505,0.5732155724099897,0,17,183,14.69999999999989
Branin-Fav,Soft Parameter Sharing,45,174,0,748,0.1,26.944132446793727,0.5569503597712839,1,17,184,14.59999999999989
Branin-Fav,Soft Parameter Sharing,45,175,0,488,0.1,26.870238656780206,0.5569503597712839,2,17,185,14.499999999999888
Branin-Fav,Soft Parameter Sharing,45,176,0,695,0.1,26.223418619090573,0.5569503597712839,3,17,186,14.399999999999887
Branin-Fav,Soft Parameter Sharing,45,177,0,694,0.1,27.518425805885357,0.5569503597712839,4,17,187,14.299999999999885
Branin-Fav,Soft Parameter Sharing,45,178,0,187,0.1,26.2504163022585,0.5569503597712839,5,17,188,14.199999999999884
Branin-Fav,Soft Parameter Sharing,45,179,0,36,0.1,26.437325082547257,0.5569503597712839,6,17,189,14.099999999999882
Branin-Fav,Soft Parameter Sharing,45,180,0,641,0.1,26.384350713092097,0.5569503597712839,7,17,190,13.999999999999881
Branin-Fav,Soft Parameter Sharing,45,181,0,237,0.1,24.671118801146125,0.5569503597712839,8,17,191,13.89999999999988
Branin-Fav,Soft Parameter Sharing,45,182,0,747,0.1,26.321539486259617,0.5569503597712839,9,17,192,13.799999999999878
Branin-Fav,Soft Parameter Sharing,45,183,0,589,0.1,24.417639865739176,0.5569503597712839,10,17,193,13.699999999999877
Branin-Fav,Soft Parameter Sharing,45,184,0,693,0.1,24.31625648566645,0.5569503597712839,11,17,194,13.599999999999875
Branin-Fav,Soft Parameter Sharing,45,185,0,1750,0.1,25.31830314021225,0.5569503597712839,12,17,195,13.499999999999874
Branin-Fav,Soft Parameter Sharing,45,186,0,640,0.1,23.275711120357027,0.5569503597712839,13,17,196,13.399999999999872
Branin-Fav,Soft Parameter Sharing,45,187,0,799,0.1,28.029743299113456,0.5569503597712839,14,17,197,13.299999999999871
Branin-Fav,Soft Parameter Sharing,45,188,0,86,0.1,25.976276634876676,0.5569503597712839,15,17,198,13.19999999999987
Branin-Fav,Soft Parameter Sharing,45,189,0,287,0.1,24.677737112593906,0.5569503597712839,16,17,199,13.099999999999868
Branin-Fav,Soft Parameter Sharing,45,190,0,746,0.1,24.224979501033978,0.5569503597712839,17,17,200,12.999999999999867
Branin-Fav,Soft Parameter Sharing,45,191,0,798,0.1,22.629445332585316,0.5569503597712839,18,17,201,12.899999999999865
Branin-Fav,Soft Parameter Sharing,45,192,0,35,0.1,25.628374507562025,0.5569503597712839,19,17,202,12.799999999999864
Branin-Fav,Soft Parameter Sharing,45,193,0,33,0.1,32.703035255172814,0.5569503597712839,20,17,203,12.699999999999863
Branin-Fav,Soft Parameter Sharing,45,194,1,448,1.0,8.99147955945389,0.5569503597712839,0,18,203,11.69999999999986
Branin-Fav,Soft Parameter Sharing,45,195,0,136,0.1,21.32315379295214,0.4946242588131492,1,18,204,11.599999999999861
Branin-Fav,Soft Parameter Sharing,45,196,0,85,0.1,20.8739778769526,0.4946242588131492,2,18,205,11.49999999999986
Branin-Fav,Soft Parameter Sharing,45,197,0,745,0.1,19.49279510008447,0.4946242588131492,3,18,206,11.399999999999858
Branin-Fav,Soft Parameter Sharing,45,198,0,337,0.1,20.0185272018009,0.4946242588131492,4,18,207,11.299999999999857
Branin-Fav,Soft Parameter Sharing,45,199,0,387,0.1,20.51031328848774,0.4946242588131492,5,18,208,11.199999999999855
Branin-Fav,Soft Parameter Sharing,45,200,0,538,0.1,18.631086597248572,0.4946242588131492,6,18,209,11.099999999999854
Branin-Fav,Soft Parameter Sharing,45,201,0,797,0.1,18.84492301540965,0.4946242588131492,7,18,210,10.999999999999853
Branin-Fav,Soft Parameter Sharing,45,202,0,437,0.1,18.840417920371344,0.4946242588131492,8,18,211,10.899999999999851
Branin-Fav,Soft Parameter Sharing,45,203,0,849,0.1,19.301649674784198,0.4946242588131492,9,18,212,10.79999999999985
Branin-Fav,Soft Parameter Sharing,45,204,0,692,0.1,19.70461076206786,0.4946242588131492,10,18,213,10.699999999999848
Branin-Fav,Soft Parameter Sharing,45,205,0,691,0.1,17.957824594867287,0.4946242588131492,11,18,214,10.599999999999847
Branin-Fav,Soft Parameter Sharing,45,206,0,744,0.1,18.249603397662643,0.4946242588131492,12,18,215,10.499999999999845
Branin-Fav,Soft Parameter Sharing,45,207,0,487,0.1,18.193655768250935,0.4946242588131492,13,18,216,10.399999999999844
Branin-Fav,Soft Parameter Sharing,45,208,0,186,0.1,17.2630710794048,0.4946242588131492,14,18,217,10.299999999999843
Branin-Fav,Soft Parameter Sharing,45,209,0,236,0.1,17.347745222006996,0.4946242588131492,15,18,218,10.199999999999841
Branin-Fav,Soft Parameter Sharing,45,210,0,135,0.1,17.006338042685137,0.4946242588131492,16,18,219,10.09999999999984
Branin-Fav,Soft Parameter Sharing,45,211,0,286,0.1,16.15695172421886,0.4946242588131492,17,18,220,9.999999999999838
Branin-Fav,Soft Parameter Sharing,45,212,0,743,0.1,16.673937181014377,0.4946242588131492,18,18,221,9.899999999999837
Branin-Fav,Soft Parameter Sharing,45,213,0,796,0.1,16.52774469454008,0.4946242588131492,19,18,222,9.799999999999836
Branin-Fav,Soft Parameter Sharing,45,214,0,588,0.1,16.706289555849494,0.4946242588131492,20,18,223,9.699999999999834
Branin-Fav,Soft Parameter Sharing,45,215,1,398,1.0,8.247864615873054,0.4946242588131492,0,19,223,8.699999999999832
Branin-Fav,Soft Parameter Sharing,45,216,0,639,0.1,14.663750489436941,0.41718702808143443,1,19,224,8.599999999999833
Branin-Fav,Soft Parameter Sharing,45,217,0,537,0.1,14.178990590788173,0.41718702808143443,2,19,225,8.499999999999831
Branin-Fav,Soft Parameter Sharing,45,218,0,336,0.1,13.34426979803049,0.41718702808143443,3,19,226,8.39999999999983
Branin-Fav,Soft Parameter Sharing,45,219,0,84,0.1,17.395032290201367,0.41718702808143443,4,19,227,8.299999999999828
Branin-Fav,Soft Parameter Sharing,45,220,0,386,0.1,13.160688580254858,0.41718702808143443,5,19,228,8.199999999999827
Branin-Fav,Soft Parameter Sharing,45,221,0,690,0.1,12.783922649874398,0.41718702808143443,6,19,229,8.099999999999826
Branin-Fav,Soft Parameter Sharing,45,222,0,638,0.1,13.313867383488676,0.41718702808143443,7,19,230,7.999999999999824
Branin-Fav,Soft Parameter Sharing,45,223,0,848,0.1,12.487387514185318,0.41718702808143443,8,19,231,7.899999999999823
Branin-Fav,Soft Parameter Sharing,45,224,0,185,0.1,12.221977908312809,0.41718702808143443,9,19,232,7.799999999999821
Branin-Fav,Soft Parameter Sharing,45,225,0,1700,0.1,12.057469300077411,0.41718702808143443,10,19,233,7.69999999999982
Branin-Fav,Soft Parameter Sharing,45,226,0,742,0.1,12.722133841731868,0.41718702808143443,11,19,234,7.5999999999998185
Branin-Fav,Soft Parameter Sharing,45,227,0,235,0.1,12.905997410396463,0.41718702808143443,12,19,235,7.499999999999817
Branin-Fav,Soft Parameter Sharing,45,228,0,587,0.1,12.507514122447759,0.41718702808143443,13,19,236,7.399999999999816
Branin-Fav,Soft Parameter Sharing,45,229,0,436,0.1,11.93801775944046,0.41718702808143443,14,19,237,7.299999999999814
Branin-Fav,Soft Parameter Sharing,45,230,0,795,0.1,11.666788043124733,0.41718702808143443,15,19,238,7.199999999999813
Branin-Fav,Soft Parameter Sharing,45,231,0,486,0.1,10.522345175017863,0.41718702808143443,16,19,239,7.099999999999811
Branin-Fav,Soft Parameter Sharing,45,232,0,536,0.1,11.634445486344434,0.41718702808143443,17,19,240,6.99999999999981
Branin-Fav,Soft Parameter Sharing,45,233,0,689,0.1,11.30804781438596,0.41718702808143443,18,19,241,6.8999999999998085
Branin-Fav,Soft Parameter Sharing,45,234,0,285,0.1,11.359281132268912,0.41718702808143443,19,19,242,6.799999999999807
Branin-Fav,Soft Parameter Sharing,45,235,0,134,0.1,11.868430135890597,0.41718702808143443,20,19,243,6.699999999999806
Branin-Fav,Soft Parameter Sharing,45,236,1,99,1.0,7.113938289683622,0.41718702808143443,0,20,243,5.699999999999804
Branin-Fav,Soft Parameter Sharing,45,237,0,335,0.1,12.440920462086847,0.4451820288104202,1,20,244,5.599999999999804
Branin-Fav,Soft Parameter Sharing,45,238,0,2100,0.1,11.161582773999346,0.4451820288104202,2,20,245,5.499999999999803
Branin-Fav,Soft Parameter Sharing,45,239,0,586,0.1,11.917274064346751,0.4451820288104202,3,20,246,5.399999999999801
Branin-Fav,Soft Parameter Sharing,45,240,0,32,0.1,13.4727536543277,0.4451820288104202,4,20,247,5.2999999999998
Branin-Fav,Soft Parameter Sharing,45,241,0,83,0.1,11.374953950301052,0.4451820288104202,5,20,248,5.199999999999799
Branin-Fav,Soft Parameter Sharing,45,242,0,184,0.1,13.519006270532948,0.4451820288104202,6,20,249,5.099999999999797
Branin-Fav,Soft Parameter Sharing,45,243,0,741,0.1,11.272259094135041,0.4451820288104202,7,20,250,4.999999999999796
Branin-Fav,Soft Parameter Sharing,45,244,0,385,0.1,12.190880690493303,0.4451820288104202,8,20,251,4.899999999999794
Branin-Fav,Soft Parameter Sharing,45,245,0,847,0.1,11.866255180490732,0.4451820288104202,9,20,252,4.799999999999793
Branin-Fav,Soft Parameter Sharing,45,246,0,435,0.1,10.256323811983158,0.4451820288104202,10,20,253,4.6999999999997915
Branin-Fav,Soft Parameter Sharing,45,247,0,31,0.1,24.512905963995046,0.4451820288104202,11,20,254,4.59999999999979
Branin-Fav,Soft Parameter Sharing,45,248,0,133,0.1,12.226981585134972,0.4451820288104202,12,20,255,4.499999999999789
Branin-Fav,Soft Parameter Sharing,45,249,0,794,0.1,10.984073732616908,0.4451820288104202,13,20,256,4.399999999999787
Branin-Fav,Soft Parameter Sharing,45,250,0,234,0.1,11.78252084730819,0.4451820288104202,14,20,257,4.299999999999786
Branin-Fav,Soft Parameter Sharing,45,251,0,284,0.1,10.599696301979701,0.4451820288104202,15,20,258,4.199999999999784
Branin-Fav,Soft Parameter Sharing,45,252,0,899,0.1,13.250783599213959,0.4451820288104202,16,20,259,4.099999999999783
Branin-Fav,Soft Parameter Sharing,45,253,0,82,0.1,11.116382257496431,0.4451820288104202,17,20,260,3.999999999999781
Branin-Fav,Soft Parameter Sharing,45,254,0,485,0.1,11.882647561763822,0.4451820288104202,18,20,261,3.8999999999997796
Branin-Fav,Soft Parameter Sharing,45,255,0,183,0.1,11.241708815325978,0.4451820288104202,19,20,262,3.799999999999778
Branin-Fav,Soft Parameter Sharing,45,256,0,30,0.1,12.460623620665906,0.4451820288104202,20,20,263,3.699999999999777
Branin-Fav,Soft Parameter Sharing,45,257,1,348,1.0,6.8813947994791125,0.4451820288104202,0,21,263,2.6999999999997755
Branin-Fav,Soft Parameter Sharing,45,258,0,132,0.1,8.663123681515842,0.37206312785339385,1,21,264,2.5999999999997754
Branin-Fav,Soft Parameter Sharing,45,259,0,334,0.1,9.318462454053817,0.37206312785339385,2,21,265,2.499999999999774
Branin-Fav,Soft Parameter Sharing,45,260,0,81,0.1,8.520855128615967,0.37206312785339385,3,21,266,2.3999999999997725
Branin-Fav,Soft Parameter Sharing,45,261,0,233,0.1,9.325178730840413,0.37206312785339385,4,21,267,2.299999999999771
Branin-Fav,Soft Parameter Sharing,45,262,0,182,0.1,8.987391952509475,0.37206312785339385,5,21,268,2.1999999999997697
Branin-Fav,Soft Parameter Sharing,45,263,0,29,0.1,9.679873933637275,0.37206312785339385,6,21,269,2.0999999999997683
Branin-Fav,Soft Parameter Sharing,45,264,0,131,0.1,9.753167390206837,0.37206312785339385,7,21,270,1.9999999999997669
Branin-Fav,Soft Parameter Sharing,45,265,0,384,0.1,9.360681071853431,0.37206312785339385,8,21,271,1.8999999999997654
Branin-Fav,Soft Parameter Sharing,45,266,0,283,0.1,9.4497395987587,0.37206312785339385,9,21,272,1.799999999999764
Branin-Fav,Soft Parameter Sharing,45,267,0,80,0.1,12.111628483038444,0.37206312785339385,10,21,273,1.6999999999997626
Branin-Fav,Soft Parameter Sharing,45,268,0,28,0.1,10.192087306843884,0.37206312785339385,11,21,274,1.5999999999997612
Branin-Fav,Soft Parameter Sharing,45,269,0,79,0.1,10.57701007835089,0.37206312785339385,12,21,275,1.4999999999997597
Branin-Fav,Soft Parameter Sharing,45,270,0,27,0.1,10.486618227398392,0.37206312785339385,13,21,276,1.3999999999997583
Branin-Fav,Soft Parameter Sharing,45,271,0,232,0.1,10.897893133596975,0.37206312785339385,14,21,277,1.299999999999757
Branin-Fav,Soft Parameter Sharing,45,272,0,130,0.1,10.7260456239494,0.37206312785339385,15,21,278,1.1999999999997555
Branin-Fav,Soft Parameter Sharing,45,273,0,181,0.1,11.608890592125809,0.37206312785339385,16,21,279,1.099999999999754
Branin-Fav,Soft Parameter Sharing,45,274,0,637,0.1,8.635362593043887,0.37206312785339385,17,21,280,0.9999999999997528
Branin-Fav,Soft Parameter Sharing,45,275,0,78,0.1,11.24787943794507,0.37206312785339385,18,21,281,0.8999999999997513
Branin-Fav,Soft Parameter Sharing,45,276,0,129,0.1,16.45255856168378,0.37206312785339385,19,21,282,0.7999999999997499
Branin-Fav,Soft Parameter Sharing,45,277,0,180,0.1,11.823242070351721,0.37206312785339385,20,21,283,0.6999999999997485
Branin-Fav,Soft Parameter Sharing,45,278,0,282,0.1,10.263229294464105,0.37206312785339385,21,21,284,0.5999999999997471
Branin-Fav,Soft Parameter Sharing,45,279,0,26,0.1,17.277638381019628,0.37206312785339385,22,21,285,0.49999999999974565
Branin-Fav,Soft Parameter Sharing,45,280,0,77,0.1,26.66559194596101,0.37206312785339385,23,21,286,0.3999999999997442
Branin-Fav,Soft Parameter Sharing,45,281,0,128,0.1,20.23636072598242,0.37206312785339385,24,21,287,0.2999999999997428
Branin-Fav,Soft Parameter Sharing,45,282,0,333,0.1,10.597942229818095,0.37206312785339385,25,21,288,0.19999999999974136
Branin-Fav,Soft Parameter Sharing,45,283,0,25,0.1,10.287984090492484,0.37206312785339385,26,21,289,0.09999999999973994
Branin-Fav,Soft Parameter Sharing,46,1,0,32,0.1,139.39488395048318,0.5,1,2,26,45.4
Branin-Fav,Soft Parameter Sharing,46,2,0,675,0.1,140.7337353163728,0.5,2,2,27,45.3
Branin-Fav,Soft Parameter Sharing,46,3,0,49,0.1,133.17900941480477,0.5,3,2,28,45.199999999999996
Branin-Fav,Soft Parameter Sharing,46,4,0,2150,0.1,117.33268928339868,0.5,4,2,29,45.1
Branin-Fav,Soft Parameter Sharing,46,5,0,48,0.1,121.44305030378713,0.5,5,2,30,45.0
Branin-Fav,Soft Parameter Sharing,46,6,0,99,0.1,119.03268620702137,0.5,6,2,31,44.9
Branin-Fav,Soft Parameter Sharing,46,7,0,478,0.1,112.7446803646026,0.5,7,2,32,44.800000000000004
Branin-Fav,Soft Parameter Sharing,46,8,0,626,0.1,118.31016605485812,0.5,8,2,33,44.7
Branin-Fav,Soft Parameter Sharing,46,9,0,35,0.1,121.58912019408703,0.5,9,2,34,44.6
Branin-Fav,Soft Parameter Sharing,46,10,0,199,0.1,119.06886128249667,0.5,10,2,35,44.5
Branin-Fav,Soft Parameter Sharing,46,11,0,872,0.1,109.99402541241594,0.5,11,2,36,44.4
Branin-Fav,Soft Parameter Sharing,46,12,0,249,0.1,110.3427737328702,0.5,12,2,37,44.300000000000004
Branin-Fav,Soft Parameter Sharing,46,13,0,149,0.1,112.06613104616979,0.5,13,2,38,44.2
Branin-Fav,Soft Parameter Sharing,46,14,0,724,0.1,114.32568026260512,0.5,14,2,39,44.1
Branin-Fav,Soft Parameter Sharing,46,15,0,576,0.1,114.42834188890527,0.5,15,2,40,44.00000000000001
Branin-Fav,Soft Parameter Sharing,46,16,0,725,0.1,112.43205585599512,0.5,16,2,41,43.900000000000006
Branin-Fav,Soft Parameter Sharing,46,17,0,299,0.1,114.18394271661884,0.5,17,2,42,43.800000000000004
Branin-Fav,Soft Parameter Sharing,46,18,0,349,0.1,106.38503087504341,0.5,18,2,43,43.7
Branin-Fav,Soft Parameter Sharing,46,19,0,399,0.1,111.31611940688924,0.5,19,2,44,43.6
Branin-Fav,Soft Parameter Sharing,46,20,0,337,0.1,108.94841129535976,0.5,20,2,45,43.50000000000001
Branin-Fav,Soft Parameter Sharing,46,21,1,2150,1.0,25.931326003993977,0.5,0,3,45,42.50000000000001
Branin-Fav,Soft Parameter Sharing,46,22,0,776,0.1,99.97316775494811,0.5,1,3,46,42.400000000000006
Branin-Fav,Soft Parameter Sharing,46,23,0,148,0.1,99.93314850465227,0.5,2,3,47,42.300000000000004
Branin-Fav,Soft Parameter Sharing,46,24,0,676,0.1,102.26628551288819,0.5,3,3,48,42.20000000000001
Branin-Fav,Soft Parameter Sharing,46,25,0,449,0.1,100.65553572715702,0.5,4,3,49,42.10000000000001
Branin-Fav,Soft Parameter Sharing,46,26,0,499,0.1,100.40300307949248,0.5,5,3,50,42.00000000000001
Branin-Fav,Soft Parameter Sharing,46,27,0,198,0.1,96.5596638978945,0.5,6,3,51,41.900000000000006
Branin-Fav,Soft Parameter Sharing,46,28,0,98,0.1,97.47474028510159,0.5,7,3,52,41.800000000000004
Branin-Fav,Soft Parameter Sharing,46,29,0,248,0.1,97.00770240502963,0.5,8,3,53,41.70000000000001
Branin-Fav,Soft Parameter Sharing,46,30,0,298,0.1,93.31741126294094,0.5,9,3,54,41.60000000000001
Branin-Fav,Soft Parameter Sharing,46,31,0,824,0.1,95.60351887784958,0.5,10,3,55,41.50000000000001
Branin-Fav,Soft Parameter Sharing,46,32,0,42,0.1,100.61838740711268,0.5,11,3,56,41.40000000000001
Branin-Fav,Soft Parameter Sharing,46,33,0,726,0.1,94.8179467190856,0.5,12,3,57,41.30000000000001
Branin-Fav,Soft Parameter Sharing,46,34,0,581,0.1,95.20916445605963,0.5,13,3,58,41.20000000000001
Branin-Fav,Soft Parameter Sharing,46,35,0,348,0.1,92.75253760402731,0.5,14,3,59,41.10000000000001
Branin-Fav,Soft Parameter Sharing,46,36,0,627,0.1,90.64419250056926,0.5,15,3,60,41.00000000000001
Branin-Fav,Soft Parameter Sharing,46,37,0,775,0.1,89.66263878321432,0.5,16,3,61,40.90000000000001
Branin-Fav,Soft Parameter Sharing,46,38,0,297,0.1,89.44926542005273,0.5,17,3,62,40.80000000000001
Branin-Fav,Soft Parameter Sharing,46,39,0,549,0.1,89.52142096489173,0.5,18,3,63,40.70000000000001
Branin-Fav,Soft Parameter Sharing,46,40,0,774,0.1,92.07333332916481,0.5,19,3,64,40.600000000000016
Branin-Fav,Soft Parameter Sharing,46,41,0,483,0.1,92.43481765310335,0.5,20,3,65,40.500000000000014
Branin-Fav,Soft Parameter Sharing,46,42,1,0,1.0,46.28366241136999,0.5,0,4,65,39.500000000000014
Branin-Fav,Soft Parameter Sharing,46,43,0,580,0.1,112.91656960983057,0.5,1,4,66,39.40000000000001
Branin-Fav,Soft Parameter Sharing,46,44,0,439,0.1,120.33001745155953,0.5,2,4,67,39.30000000000001
Branin-Fav,Soft Parameter Sharing,46,45,0,47,0.1,111.15634769113389,0.5,3,4,68,39.20000000000001
Branin-Fav,Soft Parameter Sharing,46,46,0,97,0.1,110.28058355470631,0.5,4,4,69,39.100000000000016
Branin-Fav,Soft Parameter Sharing,46,47,0,531,0.1,109.5360830281866,0.5,5,4,70,39.000000000000014
Branin-Fav,Soft Parameter Sharing,46,48,0,398,0.1,108.26617366221558,0.5,6,4,71,38.90000000000001
Branin-Fav,Soft Parameter Sharing,46,49,0,46,0.1,114.6480586344371,0.5,7,4,72,38.80000000000002
Branin-Fav,Soft Parameter Sharing,46,50,0,677,0.1,106.47165076535661,0.5,8,4,73,38.70000000000002
Branin-Fav,Soft Parameter Sharing,46,51,0,147,0.1,105.58789484946305,0.5,9,4,74,38.600000000000016
Branin-Fav,Soft Parameter Sharing,46,52,0,187,0.1,112.28056444704131,0.5,10,4,75,38.500000000000014
Branin-Fav,Soft Parameter Sharing,46,53,0,629,0.1,102.12240829958264,0.5,11,4,76,38.40000000000001
Branin-Fav,Soft Parameter Sharing,46,54,0,577,0.1,105.46082836309995,0.5,12,4,77,38.30000000000002
Branin-Fav,Soft Parameter Sharing,46,55,0,41,0.1,110.74766399017457,0.5,13,4,78,38.20000000000002
Branin-Fav,Soft Parameter Sharing,46,56,0,197,0.1,99.75668839403114,0.5,14,4,79,38.100000000000016
Branin-Fav,Soft Parameter Sharing,46,57,0,632,0.1,101.07581944984824,0.5,15,4,80,38.00000000000002
Branin-Fav,Soft Parameter Sharing,46,58,0,727,0.1,99.31695025859007,0.5,16,4,81,37.90000000000002
Branin-Fav,Soft Parameter Sharing,46,59,0,196,0.1,102.47727085162427,0.5,17,4,82,37.80000000000002
Branin-Fav,Soft Parameter Sharing,46,60,0,247,0.1,97.81433923566988,0.5,18,4,83,37.70000000000002
Branin-Fav,Soft Parameter Sharing,46,61,0,825,0.1,98.51844869943976,0.5,19,4,84,37.600000000000016
Branin-Fav,Soft Parameter Sharing,46,62,0,347,0.1,100.87190809805111,0.5,20,4,85,37.50000000000002
Branin-Fav,Soft Parameter Sharing,46,63,1,449,1.0,60.095394800025815,0.5,0,5,85,36.50000000000002
Branin-Fav,Soft Parameter Sharing,46,64,0,290,0.1,102.286595793773,0.5,1,5,86,36.40000000000002
Branin-Fav,Soft Parameter Sharing,46,65,0,728,0.1,95.0708497194066,0.5,2,5,87,36.30000000000002
Branin-Fav,Soft Parameter Sharing,46,66,0,826,0.1,96.54271312343599,0.5,3,5,88,36.200000000000024
Branin-Fav,Soft Parameter Sharing,46,67,0,448,0.1,94.3937917617108,0.5,4,5,89,36.10000000000002
Branin-Fav,Soft Parameter Sharing,46,68,0,487,0.1,100.66332789067725,0.5,5,5,90,36.00000000000002
Branin-Fav,Soft Parameter Sharing,46,69,0,246,0.1,91.08886780499186,0.5,6,5,91,35.90000000000002
Branin-Fav,Soft Parameter Sharing,46,70,0,96,0.1,97.93218837531116,0.5,7,5,92,35.80000000000002
Branin-Fav,Soft Parameter Sharing,46,71,0,498,0.1,93.77418025511297,0.5,8,5,93,35.700000000000024
Branin-Fav,Soft Parameter Sharing,46,72,0,397,0.1,91.32519119182273,0.5,9,5,94,35.60000000000002
Branin-Fav,Soft Parameter Sharing,46,73,0,678,0.1,91.40233275986839,0.5,10,5,95,35.50000000000002
Branin-Fav,Soft Parameter Sharing,46,74,0,777,0.1,90.33821601340736,0.5,11,5,96,35.40000000000003
Branin-Fav,Soft Parameter Sharing,46,75,0,628,0.1,88.70229208186285,0.5,12,5,97,35.300000000000026
Branin-Fav,Soft Parameter Sharing,46,76,0,578,0.1,90.77658025525453,0.5,13,5,98,35.200000000000024
Branin-Fav,Soft Parameter Sharing,46,77,0,440,0.1,96.02182640441679,0.5,14,5,99,35.10000000000002
Branin-Fav,Soft Parameter Sharing,46,78,0,528,0.1,92.20958895599874,0.5,15,5,100,35.00000000000002
Branin-Fav,Soft Parameter Sharing,46,79,0,875,0.1,90.37633234933647,0.5,16,5,101,34.90000000000003
Branin-Fav,Soft Parameter Sharing,46,80,0,340,0.1,92.82263794974973,0.5,17,5,102,34.800000000000026
Branin-Fav,Soft Parameter Sharing,46,81,0,827,0.1,86.6353166912094,0.5,18,5,103,34.700000000000024
Branin-Fav,Soft Parameter Sharing,46,82,0,486,0.1,95.96621152310819,0.5,19,5,104,34.60000000000003
Branin-Fav,Soft Parameter Sharing,46,83,0,876,0.1,86.97038821424721,0.5,20,5,105,34.50000000000003
Branin-Fav,Soft Parameter Sharing,46,84,1,399,1.0,24.20897710555718,0.5,0,6,105,33.50000000000003
Branin-Fav,Soft Parameter Sharing,46,85,0,45,0.1,190.40290386402378,0.9989403201022942,1,6,106,33.40000000000003
Branin-Fav,Soft Parameter Sharing,46,86,0,778,0.1,168.26182918544148,0.9989403201022942,2,6,107,33.300000000000026
Branin-Fav,Soft Parameter Sharing,46,87,0,874,0.1,173.5503048123815,0.9989403201022942,3,6,108,33.200000000000024
Branin-Fav,Soft Parameter Sharing,46,88,0,634,0.1,169.9209124779077,0.9989403201022942,4,6,109,33.10000000000002
Branin-Fav,Soft Parameter Sharing,46,89,0,146,0.1,168.1871660507565,0.9989403201022942,5,6,110,33.00000000000002
Branin-Fav,Soft Parameter Sharing,46,90,0,447,0.1,164.27564696550795,0.9989403201022942,6,6,111,32.90000000000002
Branin-Fav,Soft Parameter Sharing,46,91,0,296,0.1,164.82782626722076,0.9989403201022942,7,6,112,32.80000000000002
Branin-Fav,Soft Parameter Sharing,46,92,0,599,0.1,160.46175362609722,0.9989403201022942,8,6,113,32.70000000000002
Branin-Fav,Soft Parameter Sharing,46,93,0,95,0.1,166.61346675608021,0.9989403201022942,9,6,114,32.600000000000016
Branin-Fav,Soft Parameter Sharing,46,94,0,44,0.1,160.32601529329796,0.9989403201022942,10,6,115,32.500000000000014
Branin-Fav,Soft Parameter Sharing,46,95,0,145,0.1,172.01128570578845,0.9989403201022942,11,6,116,32.40000000000001
Branin-Fav,Soft Parameter Sharing,46,96,0,195,0.1,167.62542520479684,0.9989403201022942,12,6,117,32.30000000000001
Branin-Fav,Soft Parameter Sharing,46,97,0,873,0.1,156.78786757966182,0.9989403201022942,13,6,118,32.20000000000001
Branin-Fav,Soft Parameter Sharing,46,98,0,924,0.1,169.17993180703454,0.9989403201022942,14,6,119,32.10000000000001
Branin-Fav,Soft Parameter Sharing,46,99,0,245,0.1,161.70841182214966,0.9989403201022942,15,6,120,32.00000000000001
Branin-Fav,Soft Parameter Sharing,46,100,0,43,0.1,170.27224771027926,0.9989403201022942,16,6,121,31.900000000000006
Branin-Fav,Soft Parameter Sharing,46,101,0,346,0.1,155.33382022704237,0.9989403201022942,17,6,122,31.800000000000004
Branin-Fav,Soft Parameter Sharing,46,102,0,579,0.1,153.48403582851617,0.9989403201022942,18,6,123,31.700000000000003
Branin-Fav,Soft Parameter Sharing,46,103,0,295,0.1,164.21610242308356,0.9989403201022942,19,6,124,31.6
Branin-Fav,Soft Parameter Sharing,46,104,0,94,0.1,163.53852178367816,0.9989403201022942,20,6,125,31.5
Branin-Fav,Soft Parameter Sharing,46,105,1,599,1.0,21.740668602715225,0.9989403201022942,0,7,125,30.5
Branin-Fav,Soft Parameter Sharing,46,106,0,144,0.1,157.84890097156512,0.9803208293553531,1,7,126,30.4
Branin-Fav,Soft Parameter Sharing,46,107,0,679,0.1,148.83818322464614,0.9803208293553531,2,7,127,30.299999999999997
Branin-Fav,Soft Parameter Sharing,46,108,0,442,0.1,158.3925802344272,0.9803208293553531,3,7,128,30.199999999999996
Branin-Fav,Soft Parameter Sharing,46,109,0,823,0.1,148.60030938388266,0.9803208293553531,4,7,129,30.099999999999994
Branin-Fav,Soft Parameter Sharing,46,110,0,529,0.1,153.25073616854615,0.9803208293553531,5,7,130,29.999999999999993
Branin-Fav,Soft Parameter Sharing,46,111,0,396,0.1,143.07488787822186,0.9803208293553531,6,7,131,29.89999999999999
Branin-Fav,Soft Parameter Sharing,46,112,0,729,0.1,143.3582714832302,0.9803208293553531,7,7,132,29.79999999999999
Branin-Fav,Soft Parameter Sharing,46,113,0,828,0.1,140.2452690674442,0.9803208293553531,8,7,133,29.69999999999999
Branin-Fav,Soft Parameter Sharing,46,114,0,527,0.1,144.08612425483412,0.9803208293553531,9,7,134,29.599999999999987
Branin-Fav,Soft Parameter Sharing,46,115,0,93,0.1,151.5564730303804,0.9803208293553531,10,7,135,29.499999999999986
Branin-Fav,Soft Parameter Sharing,46,116,0,345,0.1,138.31003886664658,0.9803208293553531,11,7,136,29.399999999999984
Branin-Fav,Soft Parameter Sharing,46,117,0,294,0.1,149.4978911588197,0.9803208293553531,12,7,137,29.299999999999983
Branin-Fav,Soft Parameter Sharing,46,118,0,779,0.1,140.07822525250737,0.9803208293553531,13,7,138,29.19999999999998
Branin-Fav,Soft Parameter Sharing,46,119,0,194,0.1,148.64736834769994,0.9803208293553531,14,7,139,29.09999999999998
Branin-Fav,Soft Parameter Sharing,46,120,0,925,0.1,140.02415866026584,0.9803208293553531,15,7,140,28.99999999999998
Branin-Fav,Soft Parameter Sharing,46,121,0,630,0.1,133.79837436685656,0.9803208293553531,16,7,141,28.899999999999977
Branin-Fav,Soft Parameter Sharing,46,122,0,530,0.1,139.68609789826525,0.9803208293553531,17,7,142,28.799999999999976
Branin-Fav,Soft Parameter Sharing,46,123,0,143,0.1,144.31077013733142,0.9803208293553531,18,7,143,28.699999999999974
Branin-Fav,Soft Parameter Sharing,46,124,0,92,0.1,144.04860970059818,0.9803208293553531,19,7,144,28.599999999999973
Branin-Fav,Soft Parameter Sharing,46,125,0,243,0.1,141.95741743852616,0.9803208293553531,20,7,145,28.49999999999997
Branin-Fav,Soft Parameter Sharing,46,126,1,549,1.0,19.43952587842164,0.9803208293553531,0,8,145,27.49999999999997
Branin-Fav,Soft Parameter Sharing,46,127,0,395,0.1,139.02341094098458,0.9783440230330893,1,8,146,27.39999999999997
Branin-Fav,Soft Parameter Sharing,46,128,0,193,0.1,142.95512889028376,0.9783440230330893,2,8,147,27.29999999999997
Branin-Fav,Soft Parameter Sharing,46,129,0,344,0.1,142.38493642053663,0.9783440230330893,3,8,148,27.199999999999967
Branin-Fav,Soft Parameter Sharing,46,130,0,293,0.1,134.7414591736522,0.9783440230330893,4,8,149,27.099999999999966
Branin-Fav,Soft Parameter Sharing,46,131,0,923,0.1,135.03831209172665,0.9783440230330893,5,8,150,26.999999999999964
Branin-Fav,Soft Parameter Sharing,46,132,0,625,0.1,136.40350839792245,0.9783440230330893,6,8,151,26.899999999999963
Branin-Fav,Soft Parameter Sharing,46,133,0,548,0.1,141.940979181671,0.9783440230330893,7,8,152,26.79999999999996
Branin-Fav,Soft Parameter Sharing,46,134,0,730,0.1,130.89044371425626,0.9783440230330893,8,8,153,26.69999999999996
Branin-Fav,Soft Parameter Sharing,46,135,0,343,0.1,138.40884763547464,0.9783440230330893,9,8,154,26.59999999999996
Branin-Fav,Soft Parameter Sharing,46,136,0,242,0.1,132.90060658252648,0.9783440230330893,10,8,155,26.499999999999957
Branin-Fav,Soft Parameter Sharing,46,137,0,292,0.1,133.56243875749846,0.9783440230330893,11,8,156,26.399999999999956
Branin-Fav,Soft Parameter Sharing,46,138,0,680,0.1,129.1768040479734,0.9783440230330893,12,8,157,26.299999999999955
Branin-Fav,Soft Parameter Sharing,46,139,0,192,0.1,130.0268458104892,0.9783440230330893,13,8,158,26.199999999999953
Branin-Fav,Soft Parameter Sharing,46,140,0,877,0.1,130.32855737783876,0.9783440230330893,14,8,159,26.09999999999995
Branin-Fav,Soft Parameter Sharing,46,141,0,394,0.1,131.81359057327617,0.9783440230330893,15,8,160,25.99999999999995
Branin-Fav,Soft Parameter Sharing,46,142,0,926,0.1,127.18129547998313,0.9783440230330893,16,8,161,25.89999999999995
Branin-Fav,Soft Parameter Sharing,46,143,0,497,0.1,129.47371176749996,0.9783440230330893,17,8,162,25.799999999999947
Branin-Fav,Soft Parameter Sharing,46,144,0,142,0.1,125.37714325195553,0.9783440230330893,18,8,163,25.699999999999946
Branin-Fav,Soft Parameter Sharing,46,145,0,91,0.1,125.79846647097554,0.9783440230330893,19,8,164,25.599999999999945
Branin-Fav,Soft Parameter Sharing,46,146,0,40,0.1,134.72134333159627,0.9783440230330893,20,8,165,25.499999999999943
Branin-Fav,Soft Parameter Sharing,46,147,1,499,1.0,17.030175099519866,0.9783440230330893,0,9,165,24.499999999999943
Branin-Fav,Soft Parameter Sharing,46,148,0,973,0.1,120.06202989917705,0.9792807881227169,1,9,166,24.39999999999994
Branin-Fav,Soft Parameter Sharing,46,149,0,631,0.1,122.51474070646712,0.9792807881227169,2,9,167,24.29999999999994
Branin-Fav,Soft Parameter Sharing,46,150,0,681,0.1,122.31188289323808,0.9792807881227169,3,9,168,24.19999999999994
Branin-Fav,Soft Parameter Sharing,46,151,0,479,0.1,122.92035422142722,0.9792807881227169,4,9,169,24.099999999999937
Branin-Fav,Soft Parameter Sharing,46,152,0,446,0.1,122.58120116241822,0.9792807881227169,5,9,170,23.999999999999936
Branin-Fav,Soft Parameter Sharing,46,153,0,488,0.1,130.7772259620203,0.9792807881227169,6,9,171,23.899999999999935
Branin-Fav,Soft Parameter Sharing,46,154,0,974,0.1,115.2173587773023,0.9792807881227169,7,9,172,23.799999999999933
Branin-Fav,Soft Parameter Sharing,46,155,0,582,0.1,119.8042728793572,0.9792807881227169,8,9,173,23.699999999999932
Branin-Fav,Soft Parameter Sharing,46,156,0,342,0.1,125.34005305169029,0.9792807881227169,9,9,174,23.59999999999993
Branin-Fav,Soft Parameter Sharing,46,157,0,34,0.1,119.95883729210144,0.9792807881227169,10,9,175,23.49999999999993
Branin-Fav,Soft Parameter Sharing,46,158,0,731,0.1,120.53677449444169,0.9792807881227169,11,9,176,23.399999999999928
Branin-Fav,Soft Parameter Sharing,46,159,0,773,0.1,121.73320037499394,0.9792807881227169,12,9,177,23.299999999999926
Branin-Fav,Soft Parameter Sharing,46,160,0,291,0.1,121.98662262584102,0.9792807881227169,13,9,178,23.199999999999925
Branin-Fav,Soft Parameter Sharing,46,161,0,191,0.1,115.38892958367089,0.9792807881227169,14,9,179,23.099999999999923
Branin-Fav,Soft Parameter Sharing,46,162,0,922,0.1,115.2324601613363,0.9792807881227169,15,9,180,22.999999999999922
Branin-Fav,Soft Parameter Sharing,46,163,0,445,0.1,114.73670994485228,0.9792807881227169,16,9,181,22.89999999999992
Branin-Fav,Soft Parameter Sharing,46,164,0,392,0.1,119.27503890886051,0.9792807881227169,17,9,182,22.79999999999992
Branin-Fav,Soft Parameter Sharing,46,165,0,141,0.1,111.26224880081324,0.9792807881227169,18,9,183,22.699999999999918
Branin-Fav,Soft Parameter Sharing,46,166,0,341,0.1,113.86961585134034,0.9792807881227169,19,9,184,22.599999999999916
Branin-Fav,Soft Parameter Sharing,46,167,0,780,0.1,111.76847655537723,0.9792807881227169,20,9,185,22.499999999999915
Branin-Fav,Soft Parameter Sharing,46,168,1,649,1.0,16.477848802604246,0.9792807881227169,0,10,185,21.499999999999915
Branin-Fav,Soft Parameter Sharing,46,169,0,829,0.1,110.61276712982516,0.9792807881227169,1,10,186,21.399999999999913
Branin-Fav,Soft Parameter Sharing,46,170,0,532,0.1,106.80990629363653,0.9792807881227169,2,10,187,21.299999999999912
Branin-Fav,Soft Parameter Sharing,46,171,0,972,0.1,108.93899116027572,0.9792807881227169,3,10,188,21.19999999999991
Branin-Fav,Soft Parameter Sharing,46,172,0,781,0.1,112.83404326993188,0.9792807881227169,4,10,189,21.09999999999991
Branin-Fav,Soft Parameter Sharing,46,173,0,241,0.1,106.85946931461942,0.9792807881227169,5,10,190,20.999999999999908
Branin-Fav,Soft Parameter Sharing,46,174,0,1021,0.1,107.00764245778306,0.9792807881227169,6,10,191,20.899999999999906
Branin-Fav,Soft Parameter Sharing,46,175,0,496,0.1,106.26320067895452,0.9792807881227169,7,10,192,20.799999999999905
Branin-Fav,Soft Parameter Sharing,46,176,0,598,0.1,106.97741418406233,0.9792807881227169,8,10,193,20.699999999999903
Branin-Fav,Soft Parameter Sharing,46,177,0,682,0.1,104.75600318081312,0.9792807881227169,9,10,194,20.599999999999902
Branin-Fav,Soft Parameter Sharing,46,178,0,533,0.1,103.11099583568614,0.9792807881227169,10,10,195,20.4999999999999
Branin-Fav,Soft Parameter Sharing,46,179,0,971,0.1,109.57053434657418,0.9792807881227169,11,10,196,20.3999999999999
Branin-Fav,Soft Parameter Sharing,46,180,0,547,0.1,103.52468977099323,0.9792807881227169,12,10,197,20.299999999999898
Branin-Fav,Soft Parameter Sharing,46,181,0,597,0.1,107.99844679455093,0.9792807881227169,13,10,198,20.199999999999896
Branin-Fav,Soft Parameter Sharing,46,182,0,921,0.1,100.03259217635308,0.9792807881227169,14,10,199,20.099999999999895
Branin-Fav,Soft Parameter Sharing,46,183,0,444,0.1,111.63188235867267,0.9792807881227169,15,10,200,19.999999999999893
Branin-Fav,Soft Parameter Sharing,46,184,0,583,0.1,100.79310372236257,0.9792807881227169,16,10,201,19.899999999999892
Branin-Fav,Soft Parameter Sharing,46,185,0,391,0.1,104.81442763509338,0.9792807881227169,17,10,202,19.79999999999989
Branin-Fav,Soft Parameter Sharing,46,186,0,90,0.1,105.89423119131698,0.9792807881227169,18,10,203,19.69999999999989
Branin-Fav,Soft Parameter Sharing,46,187,0,481,0.1,98.8043621063462,0.9792807881227169,19,10,204,19.599999999999888
Branin-Fav,Soft Parameter Sharing,46,188,0,443,0.1,100.21993447347953,0.9792807881227169,20,10,205,19.499999999999886
Branin-Fav,Soft Parameter Sharing,46,189,1,699,1.0,15.096293640510698,0.9792807881227169,0,11,205,18.499999999999886
Branin-Fav,Soft Parameter Sharing,46,190,0,441,0.1,102.24389061052041,0.9792807881227169,1,11,206,18.399999999999885
Branin-Fav,Soft Parameter Sharing,46,191,0,975,0.1,97.98962427755609,0.9792807881227169,2,11,207,18.299999999999883
Branin-Fav,Soft Parameter Sharing,46,192,0,39,0.1,98.03999919248636,0.9792807881227169,3,11,208,18.199999999999882
Branin-Fav,Soft Parameter Sharing,46,193,0,1020,0.1,96.63222784255127,0.9792807881227169,4,11,209,18.09999999999988
Branin-Fav,Soft Parameter Sharing,46,194,0,140,0.1,98.58570979083512,0.9792807881227169,5,11,210,17.99999999999988
Branin-Fav,Soft Parameter Sharing,46,195,0,878,0.1,92.34812386870459,0.9792807881227169,6,11,211,17.899999999999878
Branin-Fav,Soft Parameter Sharing,46,196,0,1700,0.1,118.7322932177726,0.9792807881227169,7,11,212,17.799999999999876
Branin-Fav,Soft Parameter Sharing,46,197,0,480,0.1,96.913102576554,0.9792807881227169,8,11,213,17.699999999999875
Branin-Fav,Soft Parameter Sharing,46,198,0,240,0.1,92.57199100334127,0.9792807881227169,9,11,214,17.599999999999874
Branin-Fav,Soft Parameter Sharing,46,199,0,633,0.1,96.33922710009999,0.9792807881227169,10,11,215,17.499999999999872
Branin-Fav,Soft Parameter Sharing,46,200,0,491,0.1,100.76881083368521,0.9792807881227169,11,11,216,17.39999999999987
Branin-Fav,Soft Parameter Sharing,46,201,0,927,0.1,99.75865092987856,0.9792807881227169,12,11,217,17.29999999999987
Branin-Fav,Soft Parameter Sharing,46,202,0,830,0.1,89.5988915177793,0.9792807881227169,13,11,218,17.199999999999868
Branin-Fav,Soft Parameter Sharing,46,203,0,976,0.1,96.50755992363743,0.9792807881227169,14,11,219,17.099999999999866
Branin-Fav,Soft Parameter Sharing,46,204,0,674,0.1,97.94921689513843,0.9792807881227169,15,11,220,16.999999999999865
Branin-Fav,Soft Parameter Sharing,46,205,0,495,0.1,89.022629739321,0.9792807881227169,16,11,221,16.899999999999864
Branin-Fav,Soft Parameter Sharing,46,206,0,1022,0.1,95.30073644321897,0.9792807881227169,17,11,222,16.799999999999862
Branin-Fav,Soft Parameter Sharing,46,207,0,38,0.1,97.45447486226794,0.9792807881227169,18,11,223,16.69999999999986
Branin-Fav,Soft Parameter Sharing,46,208,0,1023,0.1,88.44838936345839,0.9792807881227169,19,11,224,16.59999999999986
Branin-Fav,Soft Parameter Sharing,46,209,0,89,0.1,94.04394384267479,0.9792807881227169,20,11,225,16.499999999999858
Branin-Fav,Soft Parameter Sharing,46,210,1,598,1.0,14.1871092402948,0.9792807881227169,0,12,225,15.499999999999858
Branin-Fav,Soft Parameter Sharing,46,211,0,732,0.1,89.82728680872626,0.9703625627654783,1,12,226,15.399999999999858
Branin-Fav,Soft Parameter Sharing,46,212,0,482,0.1,87.32617172212794,0.9703625627654783,2,12,227,15.299999999999857
Branin-Fav,Soft Parameter Sharing,46,213,0,390,0.1,93.24621151475108,0.9703625627654783,3,12,228,15.199999999999855
Branin-Fav,Soft Parameter Sharing,46,214,0,648,0.1,96.74045662534768,0.9703625627654783,4,12,229,15.099999999999854
Branin-Fav,Soft Parameter Sharing,46,215,0,430,0.1,87.41866945417416,0.9703625627654783,5,12,230,14.999999999999853
Branin-Fav,Soft Parameter Sharing,46,216,0,822,0.1,85.30616951395854,0.9703625627654783,6,12,231,14.899999999999851
Branin-Fav,Soft Parameter Sharing,46,217,0,546,0.1,83.49297201653324,0.9703625627654783,7,12,232,14.79999999999985
Branin-Fav,Soft Parameter Sharing,46,218,0,871,0.1,92.65551598446041,0.9703625627654783,8,12,233,14.699999999999848
Branin-Fav,Soft Parameter Sharing,46,219,0,723,0.1,86.41239265484036,0.9703625627654783,9,12,234,14.599999999999847
Branin-Fav,Soft Parameter Sharing,46,220,0,584,0.1,91.163682511896,0.9703625627654783,10,12,235,14.499999999999845
Branin-Fav,Soft Parameter Sharing,46,221,0,190,0.1,88.29274653982449,0.9703625627654783,11,12,236,14.399999999999844
Branin-Fav,Soft Parameter Sharing,46,222,0,879,0.1,79.76143140236795,0.9703625627654783,12,12,237,14.299999999999843
Branin-Fav,Soft Parameter Sharing,46,223,0,526,0.1,86.60969083798726,0.9703625627654783,13,12,238,14.199999999999841
Branin-Fav,Soft Parameter Sharing,46,224,0,494,0.1,87.27260573699877,0.9703625627654783,14,12,239,14.09999999999984
Branin-Fav,Soft Parameter Sharing,46,225,0,1024,0.1,79.75515433741917,0.9703625627654783,15,12,240,13.999999999999838
Branin-Fav,Soft Parameter Sharing,46,226,0,389,0.1,86.45521249371178,0.9703625627654783,16,12,241,13.899999999999837
Branin-Fav,Soft Parameter Sharing,46,227,0,492,0.1,87.72399647366109,0.9703625627654783,17,12,242,13.799999999999836
Branin-Fav,Soft Parameter Sharing,46,228,0,683,0.1,84.36963224127012,0.9703625627654783,18,12,243,13.699999999999834
Branin-Fav,Soft Parameter Sharing,46,229,0,37,0.1,86.62765557302014,0.9703625627654783,19,12,244,13.599999999999833
Branin-Fav,Soft Parameter Sharing,46,230,0,477,0.1,92.08514764601092,0.9703625627654783,20,12,245,13.499999999999831
Branin-Fav,Soft Parameter Sharing,46,231,1,548,1.0,12.33298066500506,0.9703625627654783,0,13,245,12.49999999999983
Branin-Fav,Soft Parameter Sharing,46,232,0,493,0.1,79.29662988505268,0.969647649395966,1,13,246,12.39999999999983
Branin-Fav,Soft Parameter Sharing,46,233,0,534,0.1,79.92651594897637,0.969647649395966,2,13,247,12.299999999999828
Branin-Fav,Soft Parameter Sharing,46,234,0,36,0.1,87.01781447568298,0.969647649395966,3,13,248,12.199999999999827
Branin-Fav,Soft Parameter Sharing,46,235,0,635,0.1,88.73957093086969,0.969647649395966,4,13,249,12.099999999999826
Branin-Fav,Soft Parameter Sharing,46,236,0,585,0.1,83.37069307159895,0.969647649395966,5,13,250,11.999999999999824
Branin-Fav,Soft Parameter Sharing,46,237,0,490,0.1,79.54092865774189,0.969647649395966,6,13,251,11.899999999999823
Branin-Fav,Soft Parameter Sharing,46,238,0,139,0.1,80.56939642749654,0.969647649395966,7,13,252,11.799999999999821
Branin-Fav,Soft Parameter Sharing,46,239,0,928,0.1,76.06097362401141,0.969647649395966,8,13,253,11.69999999999982
Branin-Fav,Soft Parameter Sharing,46,240,0,1019,0.1,80.8410928649946,0.969647649395966,9,13,254,11.599999999999818
Branin-Fav,Soft Parameter Sharing,46,241,0,489,0.1,77.97306773996672,0.969647649395966,10,13,255,11.499999999999817
Branin-Fav,Soft Parameter Sharing,46,242,0,920,0.1,77.47249202798713,0.969647649395966,11,13,256,11.399999999999816
Branin-Fav,Soft Parameter Sharing,46,243,0,772,0.1,81.91639834176986,0.969647649395966,12,13,257,11.299999999999814
Branin-Fav,Soft Parameter Sharing,46,244,0,339,0.1,76.79271432665406,0.969647649395966,13,13,258,11.199999999999813
Branin-Fav,Soft Parameter Sharing,46,245,0,575,0.1,87.00771751736828,0.969647649395966,14,13,259,11.099999999999811
Branin-Fav,Soft Parameter Sharing,46,246,0,684,0.1,77.5019704534489,0.969647649395966,15,13,260,10.99999999999981
Branin-Fav,Soft Parameter Sharing,46,247,0,1070,0.1,73.41022682658675,0.969647649395966,16,13,261,10.899999999999809
Branin-Fav,Soft Parameter Sharing,46,248,0,821,0.1,76.14611810537458,0.969647649395966,17,13,262,10.799999999999807
Branin-Fav,Soft Parameter Sharing,46,249,0,1071,0.1,74.05184027799575,0.969647649395966,18,13,263,10.699999999999806
Branin-Fav,Soft Parameter Sharing,46,250,0,535,0.1,74.40363154777565,0.969647649395966,19,13,264,10.599999999999804
Branin-Fav,Soft Parameter Sharing,46,251,0,870,0.1,75.74828171819274,0.969647649395966,20,13,265,10.499999999999803
Branin-Fav,Soft Parameter Sharing,46,252,1,648,1.0,11.830125387289549,0.969647649395966,0,14,265,9.499999999999801
Branin-Fav,Soft Parameter Sharing,46,253,0,438,0.1,78.04609112674345,0.9550208128191187,1,14,266,9.399999999999801
Branin-Fav,Soft Parameter Sharing,46,254,0,485,0.1,71.59243629059542,0.9550208128191187,2,14,267,9.2999999999998
Branin-Fav,Soft Parameter Sharing,46,255,0,1072,0.1,76.06102318957028,0.9550208128191187,3,14,268,9.199999999999799
Branin-Fav,Soft Parameter Sharing,46,256,0,429,0.1,84.2407501081431,0.9550208128191187,4,14,269,9.099999999999797
Branin-Fav,Soft Parameter Sharing,46,257,0,428,0.1,87.01721530454145,0.9550208128191187,5,14,270,8.999999999999796
Branin-Fav,Soft Parameter Sharing,46,258,0,698,0.1,75.7258937359147,0.9550208128191187,6,14,271,8.899999999999794
Branin-Fav,Soft Parameter Sharing,46,259,0,189,0.1,75.22102956751873,0.9550208128191187,7,14,272,8.799999999999793
Branin-Fav,Soft Parameter Sharing,46,260,0,431,0.1,65.80817189873994,0.9550208128191187,8,14,273,8.699999999999791
Branin-Fav,Soft Parameter Sharing,46,261,0,239,0.1,67.18395284892208,0.9550208128191187,9,14,274,8.59999999999979
Branin-Fav,Soft Parameter Sharing,46,262,0,969,0.1,72.61738362155162,0.9550208128191187,10,14,275,8.499999999999789
Branin-Fav,Soft Parameter Sharing,46,263,0,545,0.1,74.26040475580851,0.9550208128191187,11,14,276,8.399999999999787
Branin-Fav,Soft Parameter Sharing,46,264,0,432,0.1,72.54928350200402,0.9550208128191187,12,14,277,8.299999999999786
Branin-Fav,Soft Parameter Sharing,46,265,0,919,0.1,73.98943468621995,0.9550208128191187,13,14,278,8.199999999999784
Branin-Fav,Soft Parameter Sharing,46,266,0,624,0.1,70.71385570994903,0.9550208128191187,14,14,279,8.099999999999783
Branin-Fav,Soft Parameter Sharing,46,267,0,289,0.1,69.48557559177432,0.9550208128191187,15,14,280,7.9999999999997815
Branin-Fav,Soft Parameter Sharing,46,268,0,673,0.1,65.68885666844281,0.9550208128191187,16,14,281,7.89999999999978
Branin-Fav,Soft Parameter Sharing,46,269,0,525,0.1,67.30022345457257,0.9550208128191187,17,14,282,7.799999999999779
Branin-Fav,Soft Parameter Sharing,46,270,0,771,0.1,69.72298197146993,0.9550208128191187,18,14,283,7.699999999999777
Branin-Fav,Soft Parameter Sharing,46,271,0,977,0.1,65.64141585947706,0.9550208128191187,19,14,284,7.599999999999776
Branin-Fav,Soft Parameter Sharing,46,272,0,476,0.1,79.21764880977648,0.9550208128191187,20,14,285,7.499999999999774
Branin-Fav,Soft Parameter Sharing,46,273,1,749,1.0,12.435209618293834,0.9550208128191187,0,15,285,6.499999999999773
Branin-Fav,Soft Parameter Sharing,46,274,0,733,0.1,72.47685396962235,0.9550208128191187,1,15,286,6.399999999999773
Branin-Fav,Soft Parameter Sharing,46,275,0,427,0.1,79.03611377747079,0.9550208128191187,2,15,287,6.299999999999772
Branin-Fav,Soft Parameter Sharing,46,276,0,288,0.1,66.86909754455975,0.9550208128191187,3,15,288,6.19999999999977
Branin-Fav,Soft Parameter Sharing,46,277,0,820,0.1,69.98822745693872,0.9550208128191187,4,15,289,6.099999999999769
Branin-Fav,Soft Parameter Sharing,46,278,0,380,0.1,80.65863741147207,0.9550208128191187,5,15,290,5.999999999999767
Branin-Fav,Soft Parameter Sharing,46,279,0,378,0.1,86.12347159953093,0.9550208128191187,6,15,291,5.899999999999766
Branin-Fav,Soft Parameter Sharing,46,280,0,338,0.1,70.66039020096433,0.9550208128191187,7,15,292,5.7999999999997645
Branin-Fav,Soft Parameter Sharing,46,281,0,88,0.1,71.45232472900001,0.9550208128191187,8,15,293,5.699999999999763
Branin-Fav,Soft Parameter Sharing,46,282,0,536,0.1,69.52426500136667,0.9550208128191187,9,15,294,5.599999999999762
Branin-Fav,Soft Parameter Sharing,46,283,0,722,0.1,73.10820257481603,0.9550208128191187,10,15,295,5.49999999999976
Branin-Fav,Soft Parameter Sharing,46,284,0,484,0.1,69.06035975160161,0.9550208128191187,11,15,296,5.399999999999759
Branin-Fav,Soft Parameter Sharing,46,285,0,379,0.1,74.6123073165557,0.9550208128191187,12,15,297,5.299999999999757
Branin-Fav,Soft Parameter Sharing,46,286,0,433,0.1,69.05565432550058,0.9550208128191187,13,15,298,5.199999999999756
Branin-Fav,Soft Parameter Sharing,46,287,0,574,0.1,67.43272934521434,0.9550208128191187,14,15,299,5.0999999999997545
Branin-Fav,Soft Parameter Sharing,46,288,0,388,0.1,69.145186269628,0.9550208128191187,15,15,300,4.999999999999753
Branin-Fav,Soft Parameter Sharing,46,289,0,377,0.1,86.5868186388191,0.9550208128191187,16,15,301,4.899999999999752
Branin-Fav,Soft Parameter Sharing,46,290,0,426,0.1,75.85177594983112,0.9550208128191187,17,15,302,4.79999999999975
Branin-Fav,Soft Parameter Sharing,46,291,0,623,0.1,76.18339713732618,0.9550208128191187,18,15,303,4.699999999999749
Branin-Fav,Soft Parameter Sharing,46,292,0,1069,0.1,68.32936799463296,0.9550208128191187,19,15,304,4.599999999999747
Branin-Fav,Soft Parameter Sharing,46,293,0,381,0.1,65.89412255310071,0.9550208128191187,20,15,305,4.499999999999746
Branin-Fav,Soft Parameter Sharing,46,294,1,799,1.0,11.58369932702675,0.9550208128191187,0,16,305,3.499999999999744
Branin-Fav,Soft Parameter Sharing,46,295,0,672,0.1,69.85111014482632,0.9550208128191187,1,16,306,3.399999999999744
Branin-Fav,Soft Parameter Sharing,46,296,0,475,0.1,67.8945219440189,0.9550208128191187,2,16,307,3.2999999999997427
Branin-Fav,Soft Parameter Sharing,46,297,0,382,0.1,64.42748807725772,0.9550208128191187,3,16,308,3.1999999999997413
Branin-Fav,Soft Parameter Sharing,46,298,0,330,0.1,72.01208717311279,0.9550208128191187,4,16,309,3.09999999999974
Branin-Fav,Soft Parameter Sharing,46,299,0,328,0.1,75.80959154314279,0.9550208128191187,5,16,310,2.9999999999997384
Branin-Fav,Soft Parameter Sharing,46,300,0,524,0.1,83.15241460122346,0.9550208128191187,6,16,311,2.899999999999737
Branin-Fav,Soft Parameter Sharing,46,301,0,329,0.1,77.09736778951908,0.9550208128191187,7,16,312,2.7999999999997356
Branin-Fav,Soft Parameter Sharing,46,302,0,279,0.1,69.53264917385557,0.9550208128191187,8,16,313,2.699999999999734
Branin-Fav,Soft Parameter Sharing,46,303,0,425,0.1,78.3040775500229,0.9550208128191187,9,16,314,2.5999999999997327
Branin-Fav,Soft Parameter Sharing,46,304,0,376,0.1,73.16805279571479,0.9550208128191187,10,16,315,2.4999999999997313
Branin-Fav,Soft Parameter Sharing,46,305,0,331,0.1,76.98107441875248,0.9550208128191187,11,16,316,2.39999999999973
Branin-Fav,Soft Parameter Sharing,46,306,0,434,0.1,70.44909637763084,0.9550208128191187,12,16,317,2.2999999999997285
Branin-Fav,Soft Parameter Sharing,46,307,0,383,0.1,63.06166743406884,0.9550208128191187,13,16,318,2.199999999999727
Branin-Fav,Soft Parameter Sharing,46,308,0,573,0.1,69.51332938574589,0.9550208128191187,14,16,319,2.0999999999997256
Branin-Fav,Soft Parameter Sharing,46,309,0,87,0.1,72.4830901447611,0.9550208128191187,15,16,320,1.9999999999997242
Branin-Fav,Soft Parameter Sharing,46,310,0,721,0.1,64.68656065846328,0.9550208128191187,16,16,321,1.8999999999997228
Branin-Fav,Soft Parameter Sharing,46,311,0,138,0.1,69.60977099479784,0.9550208128191187,17,16,322,1.7999999999997214
Branin-Fav,Soft Parameter Sharing,46,312,0,86,0.1,61.29593673565817,0.9550208128191187,18,16,323,1.69999999999972
Branin-Fav,Soft Parameter Sharing,46,313,0,435,0.1,62.14240991408798,0.9550208128191187,19,16,324,1.5999999999997185
Branin-Fav,Soft Parameter Sharing,46,314,0,1025,0.1,57.71271583603346,0.9550208128191187,20,16,325,1.4999999999997171
Branin-Fav,Soft Parameter Sharing,46,315,1,849,1.0,11.0039804363145,0.9550208128191187,0,17,325,0.4999999999997158
Branin-Fav,Soft Parameter Sharing,46,316,0,188,0.1,67.805089544504,0.9550208128191187,1,17,326,0.3999999999997158
Branin-Fav,Soft Parameter Sharing,46,317,0,474,0.1,74.23945481215272,0.9550208128191187,2,17,327,0.2999999999997144
Branin-Fav,Soft Parameter Sharing,46,318,0,622,0.1,68.66728984654105,0.9550208128191187,3,17,328,0.19999999999971294
Branin-Fav,Soft Parameter Sharing,46,319,0,327,0.1,75.09851722911657,0.9550208128191187,4,17,329,0.09999999999971151
Branin-Fav,Soft Parameter Sharing,47,1,1,45,1.0,184.7996013360936,0.5,0,3,25,44.5
Branin-Fav,Soft Parameter Sharing,47,2,0,37,0.1,161.69162564630463,0.5,1,3,26,44.4
Branin-Fav,Soft Parameter Sharing,47,3,0,2450,0.1,143.54902624048842,0.5,2,3,27,44.3
Branin-Fav,Soft Parameter Sharing,47,4,0,38,0.1,118.50708983299508,0.5,3,3,28,44.199999999999996
Branin-Fav,Soft Parameter Sharing,47,5,0,2400,0.1,115.83184138517305,0.5,4,3,29,44.1
Branin-Fav,Soft Parameter Sharing,47,6,0,39,0.1,105.91619496885883,0.5,5,3,30,44.0
Branin-Fav,Soft Parameter Sharing,47,7,0,2350,0.1,96.86929301290661,0.5,6,3,31,43.9
Branin-Fav,Soft Parameter Sharing,47,8,0,40,0.1,96.00779698697454,0.5,7,3,32,43.800000000000004
Branin-Fav,Soft Parameter Sharing,47,9,0,2300,0.1,86.7828545199638,0.5,8,3,33,43.7
Branin-Fav,Soft Parameter Sharing,47,10,0,41,0.1,85.78543820478458,0.5,9,3,34,43.6
Branin-Fav,Soft Parameter Sharing,47,11,0,88,0.1,79.52826920986955,0.5,10,3,35,43.5
Branin-Fav,Soft Parameter Sharing,47,12,0,2451,0.1,79.3649270950959,0.5,11,3,36,43.4
Branin-Fav,Soft Parameter Sharing,47,13,0,42,0.1,81.27497513695204,0.5,12,3,37,43.300000000000004
Branin-Fav,Soft Parameter Sharing,47,14,0,43,0.1,76.16441546886225,0.5,13,3,38,43.2
Branin-Fav,Soft Parameter Sharing,47,15,0,89,0.1,77.97680122974658,0.5,14,3,39,43.1
Branin-Fav,Soft Parameter Sharing,47,16,0,2250,0.1,76.01152160519018,0.5,15,3,40,43.00000000000001
Branin-Fav,Soft Parameter Sharing,47,17,0,36,0.1,76.9516001179782,0.5,16,3,41,42.900000000000006
Branin-Fav,Soft Parameter Sharing,47,18,0,87,0.1,70.76716995201875,0.5,17,3,42,42.800000000000004
Branin-Fav,Soft Parameter Sharing,47,19,0,34,0.1,72.2434501545339,0.5,18,3,43,42.7
Branin-Fav,Soft Parameter Sharing,47,20,0,2200,0.1,67.16481825185603,0.5,19,3,44,42.6
Branin-Fav,Soft Parameter Sharing,47,21,0,44,0.1,70.0700534202592,0.5,20,3,45,42.50000000000001
Branin-Fav,Soft Parameter Sharing,47,22,1,49,1.0,26.594455046544308,0.5,0,4,45,41.50000000000001
Branin-Fav,Soft Parameter Sharing,47,23,0,46,0.1,70.83499714125763,0.5,1,4,46,41.400000000000006
Branin-Fav,Soft Parameter Sharing,47,24,0,35,0.1,64.69460390862824,0.5,2,4,47,41.300000000000004
Branin-Fav,Soft Parameter Sharing,47,25,0,33,0.1,71.81753001302242,0.5,3,4,48,41.20000000000001
Branin-Fav,Soft Parameter Sharing,47,26,0,90,0.1,66.29032796715578,0.5,4,4,49,41.10000000000001
Branin-Fav,Soft Parameter Sharing,47,27,0,86,0.1,63.66392900923025,0.5,5,4,50,41.00000000000001
Branin-Fav,Soft Parameter Sharing,47,28,0,85,0.1,60.38540210968355,0.5,6,4,51,40.900000000000006
Branin-Fav,Soft Parameter Sharing,47,29,0,84,0.1,62.644949652512075,0.5,7,4,52,40.800000000000004
Branin-Fav,Soft Parameter Sharing,47,30,0,47,0.1,65.38544488011088,0.5,8,4,53,40.70000000000001
Branin-Fav,Soft Parameter Sharing,47,31,0,94,0.1,65.61813314387884,0.5,9,4,54,40.60000000000001
Branin-Fav,Soft Parameter Sharing,47,32,0,91,0.1,60.57229583754262,0.5,10,4,55,40.50000000000001
Branin-Fav,Soft Parameter Sharing,47,33,0,48,0.1,65.31595073191323,0.5,11,4,56,40.40000000000001
Branin-Fav,Soft Parameter Sharing,47,34,0,93,0.1,64.37875631478754,0.5,12,4,57,40.30000000000001
Branin-Fav,Soft Parameter Sharing,47,35,0,92,0.1,58.8198205571412,0.5,13,4,58,40.20000000000001
Branin-Fav,Soft Parameter Sharing,47,36,0,140,0.1,58.202756342382,0.5,14,4,59,40.10000000000001
Branin-Fav,Soft Parameter Sharing,47,37,0,98,0.1,62.097948890742266,0.5,15,4,60,40.00000000000001
Branin-Fav,Soft Parameter Sharing,47,38,0,95,0.1,63.571980271654965,0.5,16,4,61,39.90000000000001
Branin-Fav,Soft Parameter Sharing,47,39,0,96,0.1,57.449752484032146,0.5,17,4,62,39.80000000000001
Branin-Fav,Soft Parameter Sharing,47,40,0,2401,0.1,60.64646576757484,0.5,18,4,63,39.70000000000001
Branin-Fav,Soft Parameter Sharing,47,41,0,141,0.1,60.90374048394662,0.5,19,4,64,39.600000000000016
Branin-Fav,Soft Parameter Sharing,47,42,0,97,0.1,57.58704888574011,0.5,20,4,65,39.500000000000014
Branin-Fav,Soft Parameter Sharing,47,43,1,48,1.0,17.273581648973956,0.5,0,5,65,38.500000000000014
Branin-Fav,Soft Parameter Sharing,47,44,0,99,0.1,57.26989926979355,0.5,1,5,66,38.40000000000001
Branin-Fav,Soft Parameter Sharing,47,45,0,146,0.1,59.38508751133377,0.5,2,5,67,38.30000000000001
Branin-Fav,Soft Parameter Sharing,47,46,0,145,0.1,59.8156891032942,0.5,3,5,68,38.20000000000001
Branin-Fav,Soft Parameter Sharing,47,47,0,147,0.1,61.47546286009965,0.5,4,5,69,38.100000000000016
Branin-Fav,Soft Parameter Sharing,47,48,0,148,0.1,60.554596487742266,0.5,5,5,70,38.000000000000014
Branin-Fav,Soft Parameter Sharing,47,49,0,149,0.1,61.69213555593025,0.5,6,5,71,37.90000000000001
Branin-Fav,Soft Parameter Sharing,47,50,0,144,0.1,59.01214418033619,0.5,7,5,72,37.80000000000002
Branin-Fav,Soft Parameter Sharing,47,51,0,143,0.1,58.79089816792503,0.5,8,5,73,37.70000000000002
Branin-Fav,Soft Parameter Sharing,47,52,0,142,0.1,64.70709962927464,0.5,9,5,74,37.600000000000016
Branin-Fav,Soft Parameter Sharing,47,53,0,199,0.1,59.92336581207263,0.5,10,5,75,37.500000000000014
Branin-Fav,Soft Parameter Sharing,47,54,0,197,0.1,55.24205491066988,0.5,11,5,76,37.40000000000001
Branin-Fav,Soft Parameter Sharing,47,55,0,198,0.1,59.998172540414316,0.5,12,5,77,37.30000000000002
Branin-Fav,Soft Parameter Sharing,47,56,0,195,0.1,56.17802246927611,0.5,13,5,78,37.20000000000002
Branin-Fav,Soft Parameter Sharing,47,57,0,249,0.1,58.494203446742645,0.5,14,5,79,37.100000000000016
Branin-Fav,Soft Parameter Sharing,47,58,0,194,0.1,56.73517782965595,0.5,15,5,80,37.00000000000002
Branin-Fav,Soft Parameter Sharing,47,59,0,248,0.1,65.49779695440048,0.5,16,5,81,36.90000000000002
Branin-Fav,Soft Parameter Sharing,47,60,0,247,0.1,54.694948029769556,0.5,17,5,82,36.80000000000002
Branin-Fav,Soft Parameter Sharing,47,61,0,193,0.1,53.81053599762709,0.5,18,5,83,36.70000000000002
Branin-Fav,Soft Parameter Sharing,47,62,0,246,0.1,55.67181523814598,0.5,19,5,84,36.600000000000016
Branin-Fav,Soft Parameter Sharing,47,63,0,245,0.1,53.406802861894334,0.5,20,5,85,36.50000000000002
Branin-Fav,Soft Parameter Sharing,47,64,1,99,1.0,15.037471744374683,0.5,0,6,85,35.50000000000002
Branin-Fav,Soft Parameter Sharing,47,65,0,299,0.1,59.648494139457014,0.5,1,6,86,35.40000000000002
Branin-Fav,Soft Parameter Sharing,47,66,0,192,0.1,52.959529695461946,0.5,2,6,87,35.30000000000002
Branin-Fav,Soft Parameter Sharing,47,67,0,298,0.1,57.985157128513855,0.5,3,6,88,35.200000000000024
Branin-Fav,Soft Parameter Sharing,47,68,0,297,0.1,51.47433536526151,0.5,4,6,89,35.10000000000002
Branin-Fav,Soft Parameter Sharing,47,69,0,244,0.1,50.74275469365092,0.5,5,6,90,35.00000000000002
Branin-Fav,Soft Parameter Sharing,47,70,0,191,0.1,47.60541476958796,0.5,6,6,91,34.90000000000002
Branin-Fav,Soft Parameter Sharing,47,71,0,296,0.1,52.38934864671091,0.5,7,6,92,34.80000000000002
Branin-Fav,Soft Parameter Sharing,47,72,0,349,0.1,54.40604700749782,0.5,8,6,93,34.700000000000024
Branin-Fav,Soft Parameter Sharing,47,73,0,348,0.1,51.028205028702445,0.5,9,6,94,34.60000000000002
Branin-Fav,Soft Parameter Sharing,47,74,0,399,0.1,56.91548101013443,0.5,10,6,95,34.50000000000002
Branin-Fav,Soft Parameter Sharing,47,75,0,347,0.1,50.385647325291956,0.5,11,6,96,34.40000000000003
Branin-Fav,Soft Parameter Sharing,47,76,0,295,0.1,51.34505230587344,0.5,12,6,97,34.300000000000026
Branin-Fav,Soft Parameter Sharing,47,77,0,243,0.1,51.27999532588055,0.5,13,6,98,34.200000000000024
Branin-Fav,Soft Parameter Sharing,47,78,0,139,0.1,46.04199742685445,0.5,14,6,99,34.10000000000002
Branin-Fav,Soft Parameter Sharing,47,79,0,294,0.1,46.49647312751222,0.5,15,6,100,34.00000000000002
Branin-Fav,Soft Parameter Sharing,47,80,0,346,0.1,46.26335065168197,0.5,16,6,101,33.90000000000003
Branin-Fav,Soft Parameter Sharing,47,81,0,398,0.1,49.97040935318697,0.5,17,6,102,33.800000000000026
Branin-Fav,Soft Parameter Sharing,47,82,0,345,0.1,44.80329378137108,0.5,18,6,103,33.700000000000024
Branin-Fav,Soft Parameter Sharing,47,83,0,242,0.1,46.976800258722555,0.5,19,6,104,33.60000000000002
Branin-Fav,Soft Parameter Sharing,47,84,0,293,0.1,47.05750266492077,0.5,20,6,105,33.50000000000002
Branin-Fav,Soft Parameter Sharing,47,85,1,47,1.0,12.852058854935358,0.5,0,7,105,32.50000000000002
Branin-Fav,Soft Parameter Sharing,47,86,0,344,0.1,93.30227842722402,0.9618314329998098,1,7,106,32.40000000000002
Branin-Fav,Soft Parameter Sharing,47,87,0,397,0.1,96.90182983134352,0.9618314329998098,2,7,107,32.30000000000002
Branin-Fav,Soft Parameter Sharing,47,88,0,449,0.1,88.67053877814669,0.9618314329998098,3,7,108,32.20000000000002
Branin-Fav,Soft Parameter Sharing,47,89,0,241,0.1,84.70959546236935,0.9618314329998098,4,7,109,32.100000000000016
Branin-Fav,Soft Parameter Sharing,47,90,0,292,0.1,88.28820268480936,0.9618314329998098,5,7,110,32.000000000000014
Branin-Fav,Soft Parameter Sharing,47,91,0,190,0.1,75.73180726704595,0.9618314329998098,6,7,111,31.900000000000013
Branin-Fav,Soft Parameter Sharing,47,92,0,396,0.1,79.21528662462593,0.9618314329998098,7,7,112,31.80000000000001
Branin-Fav,Soft Parameter Sharing,47,93,0,448,0.1,78.73513379258095,0.9618314329998098,8,7,113,31.70000000000001
Branin-Fav,Soft Parameter Sharing,47,94,0,343,0.1,74.28082605720671,0.9618314329998098,9,7,114,31.60000000000001
Branin-Fav,Soft Parameter Sharing,47,95,0,395,0.1,79.39553866910927,0.9618314329998098,10,7,115,31.500000000000007
Branin-Fav,Soft Parameter Sharing,47,96,0,499,0.1,83.2351663404124,0.9618314329998098,11,7,116,31.400000000000006
Branin-Fav,Soft Parameter Sharing,47,97,0,2150,0.1,76.7145650197629,0.9618314329998098,12,7,117,31.300000000000004
Branin-Fav,Soft Parameter Sharing,47,98,0,447,0.1,76.5931301778201,0.9618314329998098,13,7,118,31.200000000000003
Branin-Fav,Soft Parameter Sharing,47,99,0,138,0.1,79.29373882177235,0.9618314329998098,14,7,119,31.1
Branin-Fav,Soft Parameter Sharing,47,100,0,394,0.1,69.81953619022616,0.9618314329998098,15,7,120,31.0
Branin-Fav,Soft Parameter Sharing,47,101,0,291,0.1,71.73975220015626,0.9618314329998098,16,7,121,30.9
Branin-Fav,Soft Parameter Sharing,47,102,0,446,0.1,73.14529076654385,0.9618314329998098,17,7,122,30.799999999999997
Branin-Fav,Soft Parameter Sharing,47,103,0,498,0.1,72.7709338993843,0.9618314329998098,18,7,123,30.699999999999996
Branin-Fav,Soft Parameter Sharing,47,104,0,342,0.1,77.54678279568549,0.9618314329998098,19,7,124,30.599999999999994
Branin-Fav,Soft Parameter Sharing,47,105,0,497,0.1,73.35523745595513,0.9618314329998098,20,7,125,30.499999999999993
Branin-Fav,Soft Parameter Sharing,47,106,1,149,1.0,12.026796913786646,0.9618314329998098,0,8,125,29.499999999999993
Branin-Fav,Soft Parameter Sharing,47,107,0,240,0.1,58.461752026133965,0.8501768965802523,1,8,126,29.39999999999999
Branin-Fav,Soft Parameter Sharing,47,108,0,189,0.1,62.01804734759637,0.8501768965802523,2,8,127,29.29999999999999
Branin-Fav,Soft Parameter Sharing,47,109,0,549,0.1,92.1207149580274,0.8501768965802523,3,8,128,29.19999999999999
Branin-Fav,Soft Parameter Sharing,47,110,0,548,0.1,63.43950223038782,0.8501768965802523,4,8,129,29.099999999999987
Branin-Fav,Soft Parameter Sharing,47,111,0,445,0.1,60.59632218080838,0.8501768965802523,5,8,130,28.999999999999986
Branin-Fav,Soft Parameter Sharing,47,112,0,599,0.1,75.20927497268865,0.8501768965802523,6,8,131,28.899999999999984
Branin-Fav,Soft Parameter Sharing,47,113,0,393,0.1,56.46520080685633,0.8501768965802523,7,8,132,28.799999999999983
Branin-Fav,Soft Parameter Sharing,47,114,0,496,0.1,57.91185763362791,0.8501768965802523,8,8,133,28.69999999999998
Branin-Fav,Soft Parameter Sharing,47,115,0,2351,0.1,56.946283212644715,0.8501768965802523,9,8,134,28.59999999999998
Branin-Fav,Soft Parameter Sharing,47,116,0,444,0.1,54.911182335193075,0.8501768965802523,10,8,135,28.49999999999998
Branin-Fav,Soft Parameter Sharing,47,117,0,2050,0.1,64.57996092621282,0.8501768965802523,11,8,136,28.399999999999977
Branin-Fav,Soft Parameter Sharing,47,118,0,341,0.1,53.58874157402937,0.8501768965802523,12,8,137,28.299999999999976
Branin-Fav,Soft Parameter Sharing,47,119,0,495,0.1,57.21808659163167,0.8501768965802523,13,8,138,28.199999999999974
Branin-Fav,Soft Parameter Sharing,47,120,0,290,0.1,56.04784912331809,0.8501768965802523,14,8,139,28.099999999999973
Branin-Fav,Soft Parameter Sharing,47,121,0,392,0.1,59.83113073384819,0.8501768965802523,15,8,140,27.99999999999997
Branin-Fav,Soft Parameter Sharing,47,122,0,547,0.1,63.55731907904952,0.8501768965802523,16,8,141,27.89999999999997
Branin-Fav,Soft Parameter Sharing,47,123,0,598,0.1,55.58918467673788,0.8501768965802523,17,8,142,27.79999999999997
Branin-Fav,Soft Parameter Sharing,47,124,0,443,0.1,65.87319902785985,0.8501768965802523,18,8,143,27.699999999999967
Branin-Fav,Soft Parameter Sharing,47,125,0,546,0.1,56.42255255689578,0.8501768965802523,19,8,144,27.599999999999966
Branin-Fav,Soft Parameter Sharing,47,126,0,2100,0.1,56.182827237057204,0.8501768965802523,20,8,145,27.499999999999964
Branin-Fav,Soft Parameter Sharing,47,127,1,1199,1.0,12.547226664009719,0.8501768965802523,0,9,145,26.499999999999964
Branin-Fav,Soft Parameter Sharing,47,128,0,494,0.1,67.91058032039335,0.8501768965802523,1,9,146,26.399999999999963
Branin-Fav,Soft Parameter Sharing,47,129,0,239,0.1,52.836552148157,0.8501768965802523,2,9,147,26.29999999999996
Branin-Fav,Soft Parameter Sharing,47,130,0,597,0.1,59.09574082325542,0.8501768965802523,3,9,148,26.19999999999996
Branin-Fav,Soft Parameter Sharing,47,131,0,649,0.1,57.94046540318291,0.8501768965802523,4,9,149,26.09999999999996
Branin-Fav,Soft Parameter Sharing,47,132,0,545,0.1,58.95527560517691,0.8501768965802523,5,9,150,25.999999999999957
Branin-Fav,Soft Parameter Sharing,47,133,0,648,0.1,59.35070948180005,0.8501768965802523,6,9,151,25.899999999999956
Branin-Fav,Soft Parameter Sharing,47,134,0,391,0.1,47.809841636731676,0.8501768965802523,7,9,152,25.799999999999955
Branin-Fav,Soft Parameter Sharing,47,135,0,493,0.1,60.173982694019024,0.8501768965802523,8,9,153,25.699999999999953
Branin-Fav,Soft Parameter Sharing,47,136,0,442,0.1,54.153635050462846,0.8501768965802523,9,9,154,25.59999999999995
Branin-Fav,Soft Parameter Sharing,47,137,0,544,0.1,52.95829457051244,0.8501768965802523,10,9,155,25.49999999999995
Branin-Fav,Soft Parameter Sharing,47,138,0,596,0.1,55.99270124599356,0.8501768965802523,11,9,156,25.39999999999995
Branin-Fav,Soft Parameter Sharing,47,139,0,441,0.1,52.8141624260053,0.8501768965802523,12,9,157,25.299999999999947
Branin-Fav,Soft Parameter Sharing,47,140,0,699,0.1,49.44104375845843,0.8501768965802523,13,9,158,25.199999999999946
Branin-Fav,Soft Parameter Sharing,47,141,0,647,0.1,56.86416232828222,0.8501768965802523,14,9,159,25.099999999999945
Branin-Fav,Soft Parameter Sharing,47,142,0,2000,0.1,48.7896108418402,0.8501768965802523,15,9,160,24.999999999999943
Branin-Fav,Soft Parameter Sharing,47,143,0,698,0.1,52.837850306450264,0.8501768965802523,16,9,161,24.89999999999994
Branin-Fav,Soft Parameter Sharing,47,144,0,749,0.1,66.23789652644845,0.8501768965802523,17,9,162,24.79999999999994
Branin-Fav,Soft Parameter Sharing,47,145,0,289,0.1,45.9364450652198,0.8501768965802523,18,9,163,24.69999999999994
Branin-Fav,Soft Parameter Sharing,47,146,0,595,0.1,52.888667393327225,0.8501768965802523,19,9,164,24.599999999999937
Branin-Fav,Soft Parameter Sharing,47,147,0,646,0.1,50.938653764710274,0.8501768965802523,20,9,165,24.499999999999936
Branin-Fav,Soft Parameter Sharing,47,148,1,699,1.0,11.096963188782938,0.8501768965802523,0,10,165,23.499999999999936
Branin-Fav,Soft Parameter Sharing,47,149,0,697,0.1,50.64709311463558,0.8467188320273549,1,10,166,23.399999999999935
Branin-Fav,Soft Parameter Sharing,47,150,0,492,0.1,58.34457023033682,0.8467188320273549,2,10,167,23.299999999999933
Branin-Fav,Soft Parameter Sharing,47,151,0,543,0.1,49.17261694217444,0.8467188320273549,3,10,168,23.199999999999932
Branin-Fav,Soft Parameter Sharing,47,152,0,594,0.1,45.91371827803123,0.8467188320273549,4,10,169,23.09999999999993
Branin-Fav,Soft Parameter Sharing,47,153,0,748,0.1,51.22915075152408,0.8467188320273549,5,10,170,22.99999999999993
Branin-Fav,Soft Parameter Sharing,47,154,0,645,0.1,45.395261362404874,0.8467188320273549,6,10,171,22.899999999999928
Branin-Fav,Soft Parameter Sharing,47,155,0,390,0.1,43.19800320615483,0.8467188320273549,7,10,172,22.799999999999926
Branin-Fav,Soft Parameter Sharing,47,156,0,440,0.1,44.67974316760497,0.8467188320273549,8,10,173,22.699999999999925
Branin-Fav,Soft Parameter Sharing,47,157,0,542,0.1,42.47460250782629,0.8467188320273549,9,10,174,22.599999999999923
Branin-Fav,Soft Parameter Sharing,47,158,0,491,0.1,47.88356204252854,0.8467188320273549,10,10,175,22.499999999999922
Branin-Fav,Soft Parameter Sharing,47,159,0,593,0.1,41.06675370209809,0.8467188320273549,11,10,176,22.39999999999992
Branin-Fav,Soft Parameter Sharing,47,160,0,339,0.1,38.236686137585544,0.8467188320273549,12,10,177,22.29999999999992
Branin-Fav,Soft Parameter Sharing,47,161,0,1950,0.1,43.301352149139916,0.8467188320273549,13,10,178,22.199999999999918
Branin-Fav,Soft Parameter Sharing,47,162,0,696,0.1,40.69527986658018,0.8467188320273549,14,10,179,22.099999999999916
Branin-Fav,Soft Parameter Sharing,47,163,0,644,0.1,38.15192856359669,0.8467188320273549,15,10,180,21.999999999999915
Branin-Fav,Soft Parameter Sharing,47,164,0,799,0.1,40.013567391384946,0.8467188320273549,16,10,181,21.899999999999913
Branin-Fav,Soft Parameter Sharing,47,165,0,188,0.1,39.15780632083121,0.8467188320273549,17,10,182,21.799999999999912
Branin-Fav,Soft Parameter Sharing,47,166,0,389,0.1,40.13504810478125,0.8467188320273549,18,10,183,21.69999999999991
Branin-Fav,Soft Parameter Sharing,47,167,0,238,0.1,36.57934130378525,0.8467188320273549,19,10,184,21.59999999999991
Branin-Fav,Soft Parameter Sharing,47,168,0,541,0.1,40.969902596417896,0.8467188320273549,20,10,185,21.499999999999908
Branin-Fav,Soft Parameter Sharing,47,169,1,599,1.0,9.57524091212811,0.8467188320273549,0,11,185,20.499999999999908
Branin-Fav,Soft Parameter Sharing,47,170,0,1900,0.1,40.84756868067147,0.8473900368537071,1,11,186,20.399999999999906
Branin-Fav,Soft Parameter Sharing,47,171,0,288,0.1,34.10564353458781,0.8473900368537071,2,11,187,20.299999999999905
Branin-Fav,Soft Parameter Sharing,47,172,0,490,0.1,34.33745478668317,0.8473900368537071,3,11,188,20.199999999999903
Branin-Fav,Soft Parameter Sharing,47,173,0,747,0.1,37.62280472515871,0.8473900368537071,4,11,189,20.099999999999902
Branin-Fav,Soft Parameter Sharing,47,174,0,798,0.1,39.22331028166313,0.8473900368537071,5,11,190,19.9999999999999
Branin-Fav,Soft Parameter Sharing,47,175,0,849,0.1,41.699974693578405,0.8473900368537071,6,11,191,19.8999999999999
Branin-Fav,Soft Parameter Sharing,47,176,0,695,0.1,36.87637323957626,0.8473900368537071,7,11,192,19.799999999999898
Branin-Fav,Soft Parameter Sharing,47,177,0,439,0.1,35.707706636063634,0.8473900368537071,8,11,193,19.699999999999896
Branin-Fav,Soft Parameter Sharing,47,178,0,592,0.1,34.98896783000837,0.8473900368537071,9,11,194,19.599999999999895
Branin-Fav,Soft Parameter Sharing,47,179,0,746,0.1,35.48539834246648,0.8473900368537071,10,11,195,19.499999999999893
Branin-Fav,Soft Parameter Sharing,47,180,0,28,0.1,46.953180389246974,0.8473900368537071,11,11,196,19.399999999999892
Branin-Fav,Soft Parameter Sharing,47,181,0,797,0.1,34.5101744966904,0.8473900368537071,12,11,197,19.29999999999989
Branin-Fav,Soft Parameter Sharing,47,182,0,338,0.1,36.31695133053212,0.8473900368537071,13,11,198,19.19999999999989
Branin-Fav,Soft Parameter Sharing,47,183,0,643,0.1,35.223445623965375,0.8473900368537071,14,11,199,19.099999999999888
Branin-Fav,Soft Parameter Sharing,47,184,0,388,0.1,31.967121260561647,0.8473900368537071,15,11,200,18.999999999999886
Branin-Fav,Soft Parameter Sharing,47,185,0,237,0.1,33.37873713806431,0.8473900368537071,16,11,201,18.899999999999885
Branin-Fav,Soft Parameter Sharing,47,186,0,540,0.1,31.775165856410855,0.8473900368537071,17,11,202,18.799999999999883
Branin-Fav,Soft Parameter Sharing,47,187,0,137,0.1,31.944098551770537,0.8473900368537071,18,11,203,18.699999999999882
Branin-Fav,Soft Parameter Sharing,47,188,0,489,0.1,29.683829316408715,0.8473900368537071,19,11,204,18.59999999999988
Branin-Fav,Soft Parameter Sharing,47,189,0,187,0.1,32.987257404071606,0.8473900368537071,20,11,205,18.49999999999988
Branin-Fav,Soft Parameter Sharing,47,190,1,649,1.0,9.35836870544184,0.8473900368537071,0,12,205,17.49999999999988
Branin-Fav,Soft Parameter Sharing,47,191,0,694,0.1,31.509370526580696,0.8788526416074806,1,12,206,17.399999999999878
Branin-Fav,Soft Parameter Sharing,47,192,0,2051,0.1,32.425821734313786,0.8788526416074806,2,12,207,17.299999999999876
Branin-Fav,Soft Parameter Sharing,47,193,0,848,0.1,32.10385967987676,0.8788526416074806,3,12,208,17.199999999999875
Branin-Fav,Soft Parameter Sharing,47,194,0,591,0.1,30.053501447497503,0.8788526416074806,4,12,209,17.099999999999874
Branin-Fav,Soft Parameter Sharing,47,195,0,136,0.1,30.18337440744255,0.8788526416074806,5,12,210,16.999999999999872
Branin-Fav,Soft Parameter Sharing,47,196,0,1850,0.1,28.94430267712502,0.8788526416074806,6,12,211,16.89999999999987
Branin-Fav,Soft Parameter Sharing,47,197,0,287,0.1,31.414312421192253,0.8788526416074806,7,12,212,16.79999999999987
Branin-Fav,Soft Parameter Sharing,47,198,0,899,0.1,29.304243743040786,0.8788526416074806,8,12,213,16.699999999999868
Branin-Fav,Soft Parameter Sharing,47,199,0,186,0.1,28.355062896453987,0.8788526416074806,9,12,214,16.599999999999866
Branin-Fav,Soft Parameter Sharing,47,200,0,745,0.1,31.80472705643422,0.8788526416074806,10,12,215,16.499999999999865
Branin-Fav,Soft Parameter Sharing,47,201,0,642,0.1,29.76355135711607,0.8788526416074806,11,12,216,16.399999999999864
Branin-Fav,Soft Parameter Sharing,47,202,0,236,0.1,28.634869240152167,0.8788526416074806,12,12,217,16.299999999999862
Branin-Fav,Soft Parameter Sharing,47,203,0,2251,0.1,27.98008051670605,0.8788526416074806,13,12,218,16.19999999999986
Branin-Fav,Soft Parameter Sharing,47,204,0,438,0.1,28.174272055447627,0.8788526416074806,14,12,219,16.09999999999986
Branin-Fav,Soft Parameter Sharing,47,205,0,2301,0.1,28.825401182011994,0.8788526416074806,15,12,220,15.99999999999986
Branin-Fav,Soft Parameter Sharing,47,206,0,2201,0.1,28.13959267232157,0.8788526416074806,16,12,221,15.899999999999858
Branin-Fav,Soft Parameter Sharing,47,207,0,29,0.1,28.681914258775024,0.8788526416074806,17,12,222,15.799999999999857
Branin-Fav,Soft Parameter Sharing,47,208,0,337,0.1,28.588975864136923,0.8788526416074806,18,12,223,15.699999999999855
Branin-Fav,Soft Parameter Sharing,47,209,0,387,0.1,29.88348272396612,0.8788526416074806,19,12,224,15.599999999999854
Branin-Fav,Soft Parameter Sharing,47,210,0,2151,0.1,27.841461511645708,0.8788526416074806,20,12,225,15.499999999999853
Branin-Fav,Soft Parameter Sharing,47,211,1,749,1.0,8.17060258931044,0.8788526416074806,0,13,225,14.49999999999985
Branin-Fav,Soft Parameter Sharing,47,212,0,32,0.1,34.62178137644781,0.8310701382809069,1,13,226,14.399999999999851
Branin-Fav,Soft Parameter Sharing,47,213,0,27,0.1,34.812922490620345,0.8310701382809069,2,13,227,14.29999999999985
Branin-Fav,Soft Parameter Sharing,47,214,0,135,0.1,27.30143503196734,0.8310701382809069,3,13,228,14.199999999999848
Branin-Fav,Soft Parameter Sharing,47,215,0,30,0.1,33.50969544923522,0.8310701382809069,4,13,229,14.099999999999847
Branin-Fav,Soft Parameter Sharing,47,216,0,26,0.1,64.97067399450182,0.8310701382809069,5,13,230,13.999999999999845
Branin-Fav,Soft Parameter Sharing,47,217,0,31,0.1,24.970368370516372,0.8310701382809069,6,13,231,13.899999999999844
Branin-Fav,Soft Parameter Sharing,47,218,0,82,0.1,31.11193958683252,0.8310701382809069,7,13,232,13.799999999999843
Branin-Fav,Soft Parameter Sharing,47,219,0,185,0.1,27.043084710454075,0.8310701382809069,8,13,233,13.699999999999841
Branin-Fav,Soft Parameter Sharing,47,220,0,286,0.1,26.558219517261314,0.8310701382809069,9,13,234,13.59999999999984
Branin-Fav,Soft Parameter Sharing,47,221,0,79,0.1,36.23262298917898,0.8310701382809069,10,13,235,13.499999999999838
Branin-Fav,Soft Parameter Sharing,47,222,0,83,0.1,27.332295460273517,0.8310701382809069,11,13,236,13.399999999999837
Branin-Fav,Soft Parameter Sharing,47,223,0,134,0.1,25.91451065736653,0.8310701382809069,12,13,237,13.299999999999836
Branin-Fav,Soft Parameter Sharing,47,224,0,133,0.1,26.556787319567807,0.8310701382809069,13,13,238,13.199999999999834
Branin-Fav,Soft Parameter Sharing,47,225,0,235,0.1,27.53051693035399,0.8310701382809069,14,13,239,13.099999999999833
Branin-Fav,Soft Parameter Sharing,47,226,0,184,0.1,23.804573870239345,0.8310701382809069,15,13,240,12.999999999999831
Branin-Fav,Soft Parameter Sharing,47,227,0,78,0.1,50.94511250144875,0.8310701382809069,16,13,241,12.89999999999983
Branin-Fav,Soft Parameter Sharing,47,228,0,77,0.1,51.024101444167464,0.8310701382809069,17,13,242,12.799999999999828
Branin-Fav,Soft Parameter Sharing,47,229,0,76,0.1,56.57984891849396,0.8310701382809069,18,13,243,12.699999999999827
Branin-Fav,Soft Parameter Sharing,47,230,0,25,0.1,55.129657084952015,0.8310701382809069,19,13,244,12.599999999999826
Branin-Fav,Soft Parameter Sharing,47,231,0,81,0.1,27.16045944463274,0.8310701382809069,20,13,245,12.499999999999824
Branin-Fav,Soft Parameter Sharing,47,232,1,199,1.0,7.826233188811511,0.8310701382809069,0,14,245,11.499999999999822
Branin-Fav,Soft Parameter Sharing,47,233,0,23,0.1,60.56157714051876,0.8257790553815809,1,14,246,11.399999999999823
Branin-Fav,Soft Parameter Sharing,47,234,0,24,0.1,50.325428575684164,0.8257790553815809,2,14,247,11.299999999999821
Branin-Fav,Soft Parameter Sharing,47,235,0,75,0.1,39.36849035462219,0.8257790553815809,3,14,248,11.19999999999982
Branin-Fav,Soft Parameter Sharing,47,236,0,80,0.1,40.23736858642942,0.8257790553815809,4,14,249,11.099999999999818
Branin-Fav,Soft Parameter Sharing,47,237,0,127,0.1,46.16723410797371,0.8257790553815809,5,14,250,10.999999999999817
Branin-Fav,Soft Parameter Sharing,47,238,0,128,0.1,32.46021271683896,0.8257790553815809,6,14,251,10.899999999999816
Branin-Fav,Soft Parameter Sharing,47,239,0,126,0.1,43.16033628081556,0.8257790553815809,7,14,252,10.799999999999814
Branin-Fav,Soft Parameter Sharing,47,240,0,74,0.1,45.92131879236368,0.8257790553815809,8,14,253,10.699999999999813
Branin-Fav,Soft Parameter Sharing,47,241,0,22,0.1,43.856170871349875,0.8257790553815809,9,14,254,10.599999999999811
Branin-Fav,Soft Parameter Sharing,47,242,0,125,0.1,47.69295262220226,0.8257790553815809,10,14,255,10.49999999999981
Branin-Fav,Soft Parameter Sharing,47,243,0,129,0.1,39.05009114923124,0.8257790553815809,11,14,256,10.399999999999809
Branin-Fav,Soft Parameter Sharing,47,244,0,130,0.1,31.455391053484075,0.8257790553815809,12,14,257,10.299999999999807
Branin-Fav,Soft Parameter Sharing,47,245,0,21,0.1,39.17350524445002,0.8257790553815809,13,14,258,10.199999999999806
Branin-Fav,Soft Parameter Sharing,47,246,0,177,0.1,39.181696413048,0.8257790553815809,14,14,259,10.099999999999804
Branin-Fav,Soft Parameter Sharing,47,247,0,176,0.1,43.080645667998546,0.8257790553815809,15,14,260,9.999999999999803
Branin-Fav,Soft Parameter Sharing,47,248,0,178,0.1,44.23831375180292,0.8257790553815809,16,14,261,9.899999999999801
Branin-Fav,Soft Parameter Sharing,47,249,0,227,0.1,44.04680454746984,0.8257790553815809,17,14,262,9.7999999999998
Branin-Fav,Soft Parameter Sharing,47,250,0,124,0.1,36.98649806573905,0.8257790553815809,18,14,263,9.699999999999799
Branin-Fav,Soft Parameter Sharing,47,251,0,131,0.1,37.58424371998053,0.8257790553815809,19,14,264,9.599999999999797
Branin-Fav,Soft Parameter Sharing,47,252,0,73,0.1,46.39627987879274,0.8257790553815809,20,14,265,9.499999999999796
Branin-Fav,Soft Parameter Sharing,47,253,1,899,1.0,7.153914096512831,0.8257790553815809,0,15,265,8.499999999999794
Branin-Fav,Soft Parameter Sharing,47,254,0,179,0.1,24.494001337254762,0.44343080885455544,1,15,266,8.399999999999794
Branin-Fav,Soft Parameter Sharing,47,255,0,175,0.1,18.391193049321693,0.44343080885455544,2,15,267,8.299999999999793
Branin-Fav,Soft Parameter Sharing,47,256,0,180,0.1,19.988592489663024,0.44343080885455544,3,15,268,8.199999999999791
Branin-Fav,Soft Parameter Sharing,47,257,0,228,0.1,21.219031745867042,0.44343080885455544,4,15,269,8.09999999999979
Branin-Fav,Soft Parameter Sharing,47,258,0,72,0.1,17.540200528598152,0.44343080885455544,5,15,270,7.999999999999789
Branin-Fav,Soft Parameter Sharing,47,259,0,132,0.1,17.799655949937534,0.44343080885455544,6,15,271,7.899999999999787
Branin-Fav,Soft Parameter Sharing,47,260,0,226,0.1,20.01113048047424,0.44343080885455544,7,15,272,7.799999999999786
Branin-Fav,Soft Parameter Sharing,47,261,0,123,0.1,20.041346867011253,0.44343080885455544,8,15,273,7.699999999999784
Branin-Fav,Soft Parameter Sharing,47,262,0,181,0.1,16.8081473389809,0.44343080885455544,9,15,274,7.599999999999783
Branin-Fav,Soft Parameter Sharing,47,263,0,229,0.1,17.2070067636446,0.44343080885455544,10,15,275,7.4999999999997815
Branin-Fav,Soft Parameter Sharing,47,264,0,182,0.1,17.96139732389575,0.44343080885455544,11,15,276,7.39999999999978
Branin-Fav,Soft Parameter Sharing,47,265,0,174,0.1,20.191210000732813,0.44343080885455544,12,15,277,7.299999999999779
Branin-Fav,Soft Parameter Sharing,47,266,0,225,0.1,22.42578038114555,0.44343080885455544,13,15,278,7.199999999999777
Branin-Fav,Soft Parameter Sharing,47,267,0,276,0.1,22.44813709767602,0.44343080885455544,14,15,279,7.099999999999776
Branin-Fav,Soft Parameter Sharing,47,268,0,224,0.1,19.815188694589832,0.44343080885455544,15,15,280,6.999999999999774
Branin-Fav,Soft Parameter Sharing,47,269,0,71,0.1,18.42981622808007,0.44343080885455544,16,15,281,6.899999999999773
Branin-Fav,Soft Parameter Sharing,47,270,0,278,0.1,26.545473337524633,0.44343080885455544,17,15,282,6.799999999999772
Branin-Fav,Soft Parameter Sharing,47,271,0,279,0.1,21.966020374600788,0.44343080885455544,18,15,283,6.69999999999977
Branin-Fav,Soft Parameter Sharing,47,272,0,327,0.1,24.89841635329484,0.44343080885455544,19,15,284,6.599999999999769
Branin-Fav,Soft Parameter Sharing,47,273,0,173,0.1,17.77684403568283,0.44343080885455544,20,15,285,6.499999999999767
Branin-Fav,Soft Parameter Sharing,47,274,1,849,1.0,7.38619761020655,0.44343080885455544,0,16,285,5.4999999999997655
Branin-Fav,Soft Parameter Sharing,47,275,0,328,0.1,22.588490206698253,0.3930202790504036,1,16,286,5.399999999999766
Branin-Fav,Soft Parameter Sharing,47,276,0,230,0.1,17.442992317719703,0.3930202790504036,2,16,287,5.2999999999997645
Branin-Fav,Soft Parameter Sharing,47,277,0,275,0.1,17.328596378332428,0.3930202790504036,3,16,288,5.199999999999763
Branin-Fav,Soft Parameter Sharing,47,278,0,326,0.1,20.647691497117684,0.3930202790504036,4,16,289,5.099999999999762
Branin-Fav,Soft Parameter Sharing,47,279,0,377,0.1,20.62126595891262,0.3930202790504036,5,16,290,4.99999999999976
Branin-Fav,Soft Parameter Sharing,47,280,0,376,0.1,21.568424445905237,0.3930202790504036,6,16,291,4.899999999999759
Branin-Fav,Soft Parameter Sharing,47,281,0,325,0.1,20.759030194307915,0.3930202790504036,7,16,292,4.799999999999757
Branin-Fav,Soft Parameter Sharing,47,282,0,329,0.1,21.106129687112965,0.3930202790504036,8,16,293,4.699999999999756
Branin-Fav,Soft Parameter Sharing,47,283,0,231,0.1,16.98087314340901,0.3930202790504036,9,16,294,4.5999999999997545
Branin-Fav,Soft Parameter Sharing,47,284,0,378,0.1,20.71301938643283,0.3930202790504036,10,16,295,4.499999999999753
Branin-Fav,Soft Parameter Sharing,47,285,0,426,0.1,23.717389356609722,0.3930202790504036,11,16,296,4.399999999999752
Branin-Fav,Soft Parameter Sharing,47,286,0,274,0.1,18.899088357644754,0.3930202790504036,12,16,297,4.29999999999975
Branin-Fav,Soft Parameter Sharing,47,287,0,375,0.1,21.74016636023815,0.3930202790504036,13,16,298,4.199999999999749
Branin-Fav,Soft Parameter Sharing,47,288,0,427,0.1,20.303837060209215,0.3930202790504036,14,16,299,4.099999999999747
Branin-Fav,Soft Parameter Sharing,47,289,0,324,0.1,20.42096668241072,0.3930202790504036,15,16,300,3.9999999999997455
Branin-Fav,Soft Parameter Sharing,47,290,0,223,0.1,18.253992887577144,0.3930202790504036,16,16,301,3.899999999999744
Branin-Fav,Soft Parameter Sharing,47,291,0,122,0.1,20.5155230601188,0.3930202790504036,17,16,302,3.7999999999997427
Branin-Fav,Soft Parameter Sharing,47,292,0,280,0.1,16.727890466474918,0.3930202790504036,18,16,303,3.6999999999997413
Branin-Fav,Soft Parameter Sharing,47,293,0,425,0.1,18.80560924105832,0.3930202790504036,19,16,304,3.59999999999974
Branin-Fav,Soft Parameter Sharing,47,294,0,281,0.1,16.567849158173413,0.3930202790504036,20,16,305,3.4999999999997384
Branin-Fav,Soft Parameter Sharing,47,295,1,499,1.0,7.7456809367353205,0.3930202790504036,0,17,305,2.499999999999737
Branin-Fav,Soft Parameter Sharing,47,296,0,374,0.1,13.7852085041677,0.30747371584030997,1,17,306,2.399999999999737
Branin-Fav,Soft Parameter Sharing,47,297,0,476,0.1,15.524780854996152,0.30747371584030997,2,17,307,2.2999999999997356
Branin-Fav,Soft Parameter Sharing,47,298,0,475,0.1,18.418326429343253,0.30747371584030997,3,17,308,2.199999999999734
Branin-Fav,Soft Parameter Sharing,47,299,0,477,0.1,16.907162636508428,0.30747371584030997,4,17,309,2.0999999999997327
Branin-Fav,Soft Parameter Sharing,47,300,0,428,0.1,20.140827082360968,0.30747371584030997,5,17,310,1.9999999999997313
Branin-Fav,Soft Parameter Sharing,47,301,0,526,0.1,18.210012660811476,0.30747371584030997,6,17,311,1.89999999999973
Branin-Fav,Soft Parameter Sharing,47,302,0,379,0.1,16.236684633497543,0.30747371584030997,7,17,312,1.7999999999997285
Branin-Fav,Soft Parameter Sharing,47,303,0,424,0.1,14.24012404701258,0.30747371584030997,8,17,313,1.699999999999727
Branin-Fav,Soft Parameter Sharing,47,304,0,330,0.1,14.468955534800045,0.30747371584030997,9,17,314,1.5999999999997256
Branin-Fav,Soft Parameter Sharing,47,305,0,527,0.1,23.410892972756933,0.30747371584030997,10,17,315,1.4999999999997242
Branin-Fav,Soft Parameter Sharing,47,306,0,525,0.1,19.909434146191597,0.30747371584030997,11,17,316,1.3999999999997228
Branin-Fav,Soft Parameter Sharing,47,307,0,474,0.1,14.059409682083425,0.30747371584030997,12,17,317,1.2999999999997214
Branin-Fav,Soft Parameter Sharing,47,308,0,478,0.1,20.42363895459234,0.30747371584030997,13,17,318,1.19999999999972
Branin-Fav,Soft Parameter Sharing,47,309,0,524,0.1,19.11205416243356,0.30747371584030997,14,17,319,1.0999999999997185
Branin-Fav,Soft Parameter Sharing,47,310,0,429,0.1,16.43146519373367,0.30747371584030997,15,17,320,0.9999999999997172
Branin-Fav,Soft Parameter Sharing,47,311,0,577,0.1,20.553649673477548,0.30747371584030997,16,17,321,0.8999999999997158
Branin-Fav,Soft Parameter Sharing,47,312,0,575,0.1,19.524048079565894,0.30747371584030997,17,17,322,0.7999999999997144
Branin-Fav,Soft Parameter Sharing,47,313,0,576,0.1,20.84372056131038,0.30747371584030997,18,17,323,0.699999999999713
Branin-Fav,Soft Parameter Sharing,47,314,0,574,0.1,16.73463866387764,0.30747371584030997,19,17,324,0.5999999999997115
Branin-Fav,Soft Parameter Sharing,47,315,0,528,0.1,20.614829782148114,0.30747371584030997,20,17,325,0.4999999999997101
Branin-Fav,Soft Parameter Sharing,47,316,0,323,0.1,15.518064977421135,0.30747371584030997,21,17,326,0.3999999999997087
Branin-Fav,Soft Parameter Sharing,47,317,0,625,0.1,15.775301186596232,0.30747371584030997,22,17,327,0.2999999999997073
Branin-Fav,Soft Parameter Sharing,47,318,0,626,0.1,15.560524887299014,0.30747371584030997,23,17,328,0.19999999999970583
Branin-Fav,Soft Parameter Sharing,47,319,0,624,0.1,16.261195856382727,0.30747371584030997,24,17,329,0.09999999999970441
Branin-Fav,Soft Parameter Sharing,48,1,0,49,0.1,134.70771986969189,0.5,1,2,26,45.4
Branin-Fav,Soft Parameter Sharing,48,2,0,47,0.1,130.37698871992296,0.5,2,2,27,45.3
Branin-Fav,Soft Parameter Sharing,48,3,0,99,0.1,115.94277033530781,0.5,3,2,28,45.199999999999996
Branin-Fav,Soft Parameter Sharing,48,4,0,46,0.1,124.14025434034085,0.5,4,2,29,45.1
Branin-Fav,Soft Parameter Sharing,48,5,0,98,0.1,119.26745659681879,0.5,5,2,30,45.0
Branin-Fav,Soft Parameter Sharing,48,6,0,149,0.1,115.06881596200806,0.5,6,2,31,44.9
Branin-Fav,Soft Parameter Sharing,48,7,0,97,0.1,116.39539576220632,0.5,7,2,32,44.800000000000004
Branin-Fav,Soft Parameter Sharing,48,8,0,45,0.1,117.5679353847146,0.5,8,2,33,44.7
Branin-Fav,Soft Parameter Sharing,48,9,0,44,0.1,112.24729901398736,0.5,9,2,34,44.6
Branin-Fav,Soft Parameter Sharing,48,10,0,96,0.1,109.87208181319724,0.5,10,2,35,44.5
Branin-Fav,Soft Parameter Sharing,48,11,0,43,0.1,115.89078417789729,0.5,11,2,36,44.4
Branin-Fav,Soft Parameter Sharing,48,12,0,95,0.1,108.07875282673915,0.5,12,2,37,44.300000000000004
Branin-Fav,Soft Parameter Sharing,48,13,0,40,0.1,120.92885357882314,0.5,13,2,38,44.2
Branin-Fav,Soft Parameter Sharing,48,14,0,148,0.1,105.33474956361924,0.5,14,2,39,44.1
Branin-Fav,Soft Parameter Sharing,48,15,0,199,0.1,104.23725448771353,0.5,15,2,40,44.00000000000001
Branin-Fav,Soft Parameter Sharing,48,16,0,42,0.1,104.22024744189319,0.5,16,2,41,43.900000000000006
Branin-Fav,Soft Parameter Sharing,48,17,0,147,0.1,100.3596272779176,0.5,17,2,42,43.800000000000004
Branin-Fav,Soft Parameter Sharing,48,18,0,41,0.1,104.31283465023071,0.5,18,2,43,43.7
Branin-Fav,Soft Parameter Sharing,48,19,0,198,0.1,96.64971846065858,0.5,19,2,44,43.6
Branin-Fav,Soft Parameter Sharing,48,20,0,94,0.1,96.45580513023664,0.5,20,2,45,43.50000000000001
Branin-Fav,Soft Parameter Sharing,48,21,1,49,1.0,58.73672419036688,0.5,0,3,45,42.50000000000001
Branin-Fav,Soft Parameter Sharing,48,22,0,249,0.1,95.05641156765546,0.5,1,3,46,42.400000000000006
Branin-Fav,Soft Parameter Sharing,48,23,0,197,0.1,93.53075395134714,0.5,2,3,47,42.300000000000004
Branin-Fav,Soft Parameter Sharing,48,24,0,146,0.1,93.16109967190663,0.5,3,3,48,42.20000000000001
Branin-Fav,Soft Parameter Sharing,48,25,0,145,0.1,91.18552635606949,0.5,4,3,49,42.10000000000001
Branin-Fav,Soft Parameter Sharing,48,26,0,93,0.1,90.61038030747316,0.5,5,3,50,42.00000000000001
Branin-Fav,Soft Parameter Sharing,48,27,0,248,0.1,88.64611254055798,0.5,6,3,51,41.900000000000006
Branin-Fav,Soft Parameter Sharing,48,28,0,92,0.1,88.49886505614883,0.5,7,3,52,41.800000000000004
Branin-Fav,Soft Parameter Sharing,48,29,0,144,0.1,86.45758139437037,0.5,8,3,53,41.70000000000001
Branin-Fav,Soft Parameter Sharing,48,30,0,196,0.1,87.38446440912405,0.5,9,3,54,41.60000000000001
Branin-Fav,Soft Parameter Sharing,48,31,0,299,0.1,89.73004302497817,0.5,10,3,55,41.50000000000001
Branin-Fav,Soft Parameter Sharing,48,32,0,247,0.1,84.4074157978861,0.5,11,3,56,41.40000000000001
Branin-Fav,Soft Parameter Sharing,48,33,0,298,0.1,86.72100929552234,0.5,12,3,57,41.30000000000001
Branin-Fav,Soft Parameter Sharing,48,34,0,195,0.1,83.39704858557586,0.5,13,3,58,41.20000000000001
Branin-Fav,Soft Parameter Sharing,48,35,0,39,0.1,82.64514789706628,0.5,14,3,59,41.10000000000001
Branin-Fav,Soft Parameter Sharing,48,36,0,246,0.1,79.90289278051802,0.5,15,3,60,41.00000000000001
Branin-Fav,Soft Parameter Sharing,48,37,0,349,0.1,79.6074345738236,0.5,16,3,61,40.90000000000001
Branin-Fav,Soft Parameter Sharing,48,38,0,297,0.1,77.64317078238666,0.5,17,3,62,40.80000000000001
Branin-Fav,Soft Parameter Sharing,48,39,0,143,0.1,79.33741003526085,0.5,18,3,63,40.70000000000001
Branin-Fav,Soft Parameter Sharing,48,40,0,399,0.1,85.60643145153637,0.5,19,3,64,40.600000000000016
Branin-Fav,Soft Parameter Sharing,48,41,0,194,0.1,76.38856992860495,0.5,20,3,65,40.500000000000014
Branin-Fav,Soft Parameter Sharing,48,42,1,0,1.0,31.688614145644607,0.5,0,4,65,39.500000000000014
Branin-Fav,Soft Parameter Sharing,48,43,1,2499,1.0,121.96365680440968,0.5,0,5,65,38.500000000000014
Branin-Fav,Soft Parameter Sharing,48,44,0,245,0.1,103.5650829221404,0.5,1,5,66,38.40000000000001
Branin-Fav,Soft Parameter Sharing,48,45,0,142,0.1,104.60844811311847,0.5,2,5,67,38.30000000000001
Branin-Fav,Soft Parameter Sharing,48,46,0,193,0.1,103.6191382339678,0.5,3,5,68,38.20000000000001
Branin-Fav,Soft Parameter Sharing,48,47,0,91,0.1,105.37643520434159,0.5,4,5,69,38.100000000000016
Branin-Fav,Soft Parameter Sharing,48,48,0,244,0.1,104.08234541461252,0.5,5,5,70,38.000000000000014
Branin-Fav,Soft Parameter Sharing,48,49,0,296,0.1,105.4734011749117,0.5,6,5,71,37.90000000000001
Branin-Fav,Soft Parameter Sharing,48,50,0,1500,0.1,104.34592445784375,0.5,7,5,72,37.80000000000002
Branin-Fav,Soft Parameter Sharing,48,51,0,295,0.1,99.14844525470538,0.5,8,5,73,37.70000000000002
Branin-Fav,Soft Parameter Sharing,48,52,0,348,0.1,96.57744459754153,0.5,9,5,74,37.600000000000016
Branin-Fav,Soft Parameter Sharing,48,53,0,192,0.1,101.4670241039248,0.5,10,5,75,37.500000000000014
Branin-Fav,Soft Parameter Sharing,48,54,0,347,0.1,101.35304150459464,0.5,11,5,76,37.40000000000001
Branin-Fav,Soft Parameter Sharing,48,55,0,243,0.1,96.15999937112572,0.5,12,5,77,37.30000000000002
Branin-Fav,Soft Parameter Sharing,48,56,0,346,0.1,95.75536405236166,0.5,13,5,78,37.20000000000002
Branin-Fav,Soft Parameter Sharing,48,57,0,90,0.1,96.96343195274737,0.5,14,5,79,37.100000000000016
Branin-Fav,Soft Parameter Sharing,48,58,0,294,0.1,94.09901359973524,0.5,15,5,80,37.00000000000002
Branin-Fav,Soft Parameter Sharing,48,59,0,345,0.1,93.55943235701044,0.5,16,5,81,36.90000000000002
Branin-Fav,Soft Parameter Sharing,48,60,0,293,0.1,89.4302389115074,0.5,17,5,82,36.80000000000002
Branin-Fav,Soft Parameter Sharing,48,61,0,242,0.1,92.23948092738264,0.5,18,5,83,36.70000000000002
Branin-Fav,Soft Parameter Sharing,48,62,0,141,0.1,88.2523912621221,0.5,19,5,84,36.600000000000016
Branin-Fav,Soft Parameter Sharing,48,63,0,344,0.1,88.85180532343824,0.5,20,5,85,36.50000000000002
Branin-Fav,Soft Parameter Sharing,48,64,1,599,1.0,46.29371000369832,0.5,0,6,85,35.50000000000002
Branin-Fav,Soft Parameter Sharing,48,65,0,191,0.1,88.97525495518667,0.5,1,6,86,35.40000000000002
Branin-Fav,Soft Parameter Sharing,48,66,0,241,0.1,87.17346098159449,0.5,2,6,87,35.30000000000002
Branin-Fav,Soft Parameter Sharing,48,67,0,343,0.1,87.43599193289005,0.5,3,6,88,35.200000000000024
Branin-Fav,Soft Parameter Sharing,48,68,0,292,0.1,86.57644245453281,0.5,4,6,89,35.10000000000002
Branin-Fav,Soft Parameter Sharing,48,69,0,140,0.1,83.97422132846977,0.5,5,6,90,35.00000000000002
Branin-Fav,Soft Parameter Sharing,48,70,0,190,0.1,85.25500039537089,0.5,6,6,91,34.90000000000002
Branin-Fav,Soft Parameter Sharing,48,71,0,398,0.1,80.79846215065022,0.5,7,6,92,34.80000000000002
Branin-Fav,Soft Parameter Sharing,48,72,0,291,0.1,81.88060725870947,0.5,8,6,93,34.700000000000024
Branin-Fav,Soft Parameter Sharing,48,73,0,397,0.1,80.77172515866609,0.5,9,6,94,34.60000000000002
Branin-Fav,Soft Parameter Sharing,48,74,0,342,0.1,79.14112841665826,0.5,10,6,95,34.50000000000002
Branin-Fav,Soft Parameter Sharing,48,75,0,240,0.1,80.88299223681015,0.5,11,6,96,34.40000000000003
Branin-Fav,Soft Parameter Sharing,48,76,0,396,0.1,79.95559014912683,0.5,12,6,97,34.300000000000026
Branin-Fav,Soft Parameter Sharing,48,77,0,449,0.1,82.27293152218913,0.5,13,6,98,34.200000000000024
Branin-Fav,Soft Parameter Sharing,48,78,0,448,0.1,83.54810535079629,0.5,14,6,99,34.10000000000002
Branin-Fav,Soft Parameter Sharing,48,79,0,499,0.1,82.59514944020496,0.5,15,6,100,34.00000000000002
Branin-Fav,Soft Parameter Sharing,48,80,0,395,0.1,80.4099968698693,0.5,16,6,101,33.90000000000003
Branin-Fav,Soft Parameter Sharing,48,81,0,38,0.1,79.8517648488783,0.5,17,6,102,33.800000000000026
Branin-Fav,Soft Parameter Sharing,48,82,0,447,0.1,79.7343163101441,0.5,18,6,103,33.700000000000024
Branin-Fav,Soft Parameter Sharing,48,83,0,394,0.1,76.13285668108416,0.5,19,6,104,33.60000000000002
Branin-Fav,Soft Parameter Sharing,48,84,0,290,0.1,72.72292791350465,0.5,20,6,105,33.50000000000002
Branin-Fav,Soft Parameter Sharing,48,85,1,249,1.0,26.1136577787239,0.5,0,7,105,32.50000000000002
Branin-Fav,Soft Parameter Sharing,48,86,0,393,0.1,77.24658335146422,0.5,1,7,106,32.40000000000002
Branin-Fav,Soft Parameter Sharing,48,87,0,446,0.1,75.16439731286336,0.5,2,7,107,32.30000000000002
Branin-Fav,Soft Parameter Sharing,48,88,0,392,0.1,75.39821106901712,0.5,3,7,108,32.20000000000002
Branin-Fav,Soft Parameter Sharing,48,89,0,498,0.1,70.72199159123748,0.5,4,7,109,32.100000000000016
Branin-Fav,Soft Parameter Sharing,48,90,0,89,0.1,72.85597915969508,0.5,5,7,110,32.000000000000014
Branin-Fav,Soft Parameter Sharing,48,91,0,444,0.1,71.81276412543603,0.5,6,7,111,31.900000000000013
Branin-Fav,Soft Parameter Sharing,48,92,0,549,0.1,73.50393041680552,0.5,7,7,112,31.80000000000001
Branin-Fav,Soft Parameter Sharing,48,93,0,497,0.1,71.35172476505055,0.5,8,7,113,31.70000000000001
Branin-Fav,Soft Parameter Sharing,48,94,0,443,0.1,72.65779720240967,0.5,9,7,114,31.60000000000001
Branin-Fav,Soft Parameter Sharing,48,95,0,548,0.1,69.22208146562593,0.5,10,7,115,31.500000000000007
Branin-Fav,Soft Parameter Sharing,48,96,0,341,0.1,74.23745638079218,0.5,11,7,116,31.400000000000006
Branin-Fav,Soft Parameter Sharing,48,97,0,391,0.1,71.82774149056712,0.5,12,7,117,31.300000000000004
Branin-Fav,Soft Parameter Sharing,48,98,0,340,0.1,69.5409383877048,0.5,13,7,118,31.200000000000003
Branin-Fav,Soft Parameter Sharing,48,99,0,442,0.1,72.44348589632875,0.5,14,7,119,31.1
Branin-Fav,Soft Parameter Sharing,48,100,0,441,0.1,67.95913061524995,0.5,15,7,120,31.0
Branin-Fav,Soft Parameter Sharing,48,101,0,390,0.1,66.7746045565682,0.5,16,7,121,30.9
Branin-Fav,Soft Parameter Sharing,48,102,0,494,0.1,68.48033854699567,0.5,17,7,122,30.799999999999997
Branin-Fav,Soft Parameter Sharing,48,103,0,496,0.1,64.79290751024953,0.5,18,7,123,30.699999999999996
Branin-Fav,Soft Parameter Sharing,48,104,0,495,0.1,65.19372013034169,0.5,19,7,124,30.599999999999994
Branin-Fav,Soft Parameter Sharing,48,105,0,289,0.1,63.68057395092356,0.5,20,7,125,30.499999999999993
Branin-Fav,Soft Parameter Sharing,48,106,1,349,1.0,19.615152826778008,0.5,0,8,125,29.499999999999993
Branin-Fav,Soft Parameter Sharing,48,107,0,493,0.1,74.10912157937227,0.5813813200558489,1,8,126,29.39999999999999
Branin-Fav,Soft Parameter Sharing,48,108,0,492,0.1,72.71235134115328,0.5813813200558489,2,8,127,29.29999999999999
Branin-Fav,Soft Parameter Sharing,48,109,0,547,0.1,73.62035703922088,0.5813813200558489,3,8,128,29.19999999999999
Branin-Fav,Soft Parameter Sharing,48,110,0,546,0.1,73.9605124933924,0.5813813200558489,4,8,129,29.099999999999987
Branin-Fav,Soft Parameter Sharing,48,111,0,440,0.1,69.37336788695848,0.5813813200558489,5,8,130,28.999999999999986
Branin-Fav,Soft Parameter Sharing,48,112,0,545,0.1,69.46474539475513,0.5813813200558489,6,8,131,28.899999999999984
Branin-Fav,Soft Parameter Sharing,48,113,0,544,0.1,69.59550843544545,0.5813813200558489,7,8,132,28.799999999999983
Branin-Fav,Soft Parameter Sharing,48,114,0,339,0.1,69.51080647621541,0.5813813200558489,8,8,133,28.69999999999998
Branin-Fav,Soft Parameter Sharing,48,115,0,239,0.1,66.12035515507468,0.5813813200558489,9,8,134,28.59999999999998
Branin-Fav,Soft Parameter Sharing,48,116,0,491,0.1,66.91393069811613,0.5813813200558489,10,8,135,28.49999999999998
Branin-Fav,Soft Parameter Sharing,48,117,0,389,0.1,67.71204046117181,0.5813813200558489,11,8,136,28.399999999999977
Branin-Fav,Soft Parameter Sharing,48,118,0,139,0.1,63.899614594481925,0.5813813200558489,12,8,137,28.299999999999976
Branin-Fav,Soft Parameter Sharing,48,119,0,598,0.1,63.78640790373227,0.5813813200558489,13,8,138,28.199999999999974
Branin-Fav,Soft Parameter Sharing,48,120,0,597,0.1,67.00026968961846,0.5813813200558489,14,8,139,28.099999999999973
Branin-Fav,Soft Parameter Sharing,48,121,0,490,0.1,63.8636056816501,0.5813813200558489,15,8,140,27.99999999999997
Branin-Fav,Soft Parameter Sharing,48,122,0,543,0.1,66.17870484504881,0.5813813200558489,16,8,141,27.89999999999997
Branin-Fav,Soft Parameter Sharing,48,123,0,649,0.1,60.6839245350705,0.5813813200558489,17,8,142,27.79999999999997
Branin-Fav,Soft Parameter Sharing,48,124,0,542,0.1,62.10316620496059,0.5813813200558489,18,8,143,27.699999999999967
Branin-Fav,Soft Parameter Sharing,48,125,0,439,0.1,60.83713846206191,0.5813813200558489,19,8,144,27.599999999999966
Branin-Fav,Soft Parameter Sharing,48,126,0,596,0.1,64.12143986951382,0.5813813200558489,20,8,145,27.499999999999964
Branin-Fav,Soft Parameter Sharing,48,127,1,299,1.0,17.892482881818626,0.5813813200558489,0,9,145,26.499999999999964
Branin-Fav,Soft Parameter Sharing,48,128,0,875,0.1,72.9151624661367,0.6317749235234671,1,9,146,26.399999999999963
Branin-Fav,Soft Parameter Sharing,48,129,0,595,0.1,66.20546297944252,0.6317749235234671,2,9,147,26.29999999999996
Branin-Fav,Soft Parameter Sharing,48,130,0,541,0.1,64.51614641030696,0.6317749235234671,3,9,148,26.19999999999996
Branin-Fav,Soft Parameter Sharing,48,131,0,726,0.1,71.6098360687887,0.6317749235234671,4,9,149,26.09999999999996
Branin-Fav,Soft Parameter Sharing,48,132,0,489,0.1,64.29301771318426,0.6317749235234671,5,9,150,25.999999999999957
Branin-Fav,Soft Parameter Sharing,48,133,0,648,0.1,65.28265943238236,0.6317749235234671,6,9,151,25.899999999999956
Branin-Fav,Soft Parameter Sharing,48,134,0,189,0.1,64.01055557346244,0.6317749235234671,7,9,152,25.799999999999955
Branin-Fav,Soft Parameter Sharing,48,135,0,594,0.1,63.91100165987469,0.6317749235234671,8,9,153,25.699999999999953
Branin-Fav,Soft Parameter Sharing,48,136,0,679,0.1,66.81591390310591,0.6317749235234671,9,9,154,25.59999999999995
Branin-Fav,Soft Parameter Sharing,48,137,0,779,0.1,69.25138181961088,0.6317749235234671,10,9,155,25.49999999999995
Branin-Fav,Soft Parameter Sharing,48,138,0,777,0.1,69.04381861765039,0.6317749235234671,11,9,156,25.39999999999995
Branin-Fav,Soft Parameter Sharing,48,139,0,827,0.1,65.2232076476819,0.6317749235234671,12,9,157,25.299999999999947
Branin-Fav,Soft Parameter Sharing,48,140,0,826,0.1,63.10379116632394,0.6317749235234671,13,9,158,25.199999999999946
Branin-Fav,Soft Parameter Sharing,48,141,0,829,0.1,77.166278139153,0.6317749235234671,14,9,159,25.099999999999945
Branin-Fav,Soft Parameter Sharing,48,142,0,828,0.1,67.04946898362648,0.6317749235234671,15,9,160,24.999999999999943
Branin-Fav,Soft Parameter Sharing,48,143,0,776,0.1,68.2659223395515,0.6317749235234671,16,9,161,24.89999999999994
Branin-Fav,Soft Parameter Sharing,48,144,0,593,0.1,70.39070626489081,0.6317749235234671,17,9,162,24.79999999999994
Branin-Fav,Soft Parameter Sharing,48,145,0,926,0.1,64.80445516595212,0.6317749235234671,18,9,163,24.69999999999994
Branin-Fav,Soft Parameter Sharing,48,146,0,540,0.1,64.40118309245382,0.6317749235234671,19,9,164,24.599999999999937
Branin-Fav,Soft Parameter Sharing,48,147,0,825,0.1,65.48219731585696,0.6317749235234671,20,9,165,24.499999999999936
Branin-Fav,Soft Parameter Sharing,48,148,1,2350,1.0,21.49502200217801,0.6317749235234671,0,10,165,23.499999999999936
Branin-Fav,Soft Parameter Sharing,48,149,0,924,0.1,66.58308241900285,0.6317749235234671,1,10,166,23.399999999999935
Branin-Fav,Soft Parameter Sharing,48,150,0,592,0.1,62.30829993758023,0.6317749235234671,2,10,167,23.299999999999933
Branin-Fav,Soft Parameter Sharing,48,151,0,874,0.1,65.41705280862793,0.6317749235234671,3,10,168,23.199999999999932
Branin-Fav,Soft Parameter Sharing,48,152,0,539,0.1,63.06380299361917,0.6317749235234671,4,10,169,23.09999999999993
Branin-Fav,Soft Parameter Sharing,48,153,0,830,0.1,63.429588866344666,0.6317749235234671,5,10,170,22.99999999999993
Branin-Fav,Soft Parameter Sharing,48,154,0,683,0.1,64.01530552597266,0.6317749235234671,6,10,171,22.899999999999928
Branin-Fav,Soft Parameter Sharing,48,155,0,876,0.1,61.634122310901425,0.6317749235234671,7,10,172,22.799999999999926
Branin-Fav,Soft Parameter Sharing,48,156,0,923,0.1,63.32449188312271,0.6317749235234671,8,10,173,22.699999999999925
Branin-Fav,Soft Parameter Sharing,48,157,0,778,0.1,64.09792608176663,0.6317749235234671,9,10,174,22.599999999999923
Branin-Fav,Soft Parameter Sharing,48,158,0,973,0.1,59.21468360522102,0.6317749235234671,10,10,175,22.499999999999922
Branin-Fav,Soft Parameter Sharing,48,159,0,488,0.1,58.59998113289388,0.6317749235234671,11,10,176,22.39999999999992
Branin-Fav,Soft Parameter Sharing,48,160,0,1550,0.1,59.89753217003886,0.6317749235234671,12,10,177,22.29999999999992
Branin-Fav,Soft Parameter Sharing,48,161,0,780,0.1,60.541473195821894,0.6317749235234671,13,10,178,22.199999999999918
Branin-Fav,Soft Parameter Sharing,48,162,0,729,0.1,61.33523374045828,0.6317749235234671,14,10,179,22.099999999999916
Branin-Fav,Soft Parameter Sharing,48,163,0,730,0.1,61.62217697498666,0.6317749235234671,15,10,180,21.999999999999915
Branin-Fav,Soft Parameter Sharing,48,164,0,925,0.1,64.69833876459488,0.6317749235234671,16,10,181,21.899999999999913
Branin-Fav,Soft Parameter Sharing,48,165,0,824,0.1,64.44779678274126,0.6317749235234671,17,10,182,21.799999999999912
Branin-Fav,Soft Parameter Sharing,48,166,0,678,0.1,67.551945849616,0.6317749235234671,18,10,183,21.69999999999991
Branin-Fav,Soft Parameter Sharing,48,167,0,731,0.1,60.96339865600566,0.6317749235234671,19,10,184,21.59999999999991
Branin-Fav,Soft Parameter Sharing,48,168,0,538,0.1,57.37189870597613,0.6317749235234671,20,10,185,21.499999999999908
Branin-Fav,Soft Parameter Sharing,48,169,1,449,1.0,14.495464890940646,0.6317749235234671,0,11,185,20.499999999999908
Branin-Fav,Soft Parameter Sharing,48,170,0,775,0.1,18.08611490976092,0.16291183940462486,1,11,186,20.399999999999906
Branin-Fav,Soft Parameter Sharing,48,171,1,399,1.0,15.482560955550158,0.16291183940462486,0,12,186,19.399999999999906
Branin-Fav,Soft Parameter Sharing,48,172,0,438,0.1,21.827799501112917,0.2312936713843758,1,12,187,19.299999999999905
Branin-Fav,Soft Parameter Sharing,48,173,0,728,0.1,21.607142184266255,0.2312936713843758,2,12,188,19.199999999999903
Branin-Fav,Soft Parameter Sharing,48,174,0,873,0.1,22.006333776490738,0.2312936713843758,3,12,189,19.099999999999902
Branin-Fav,Soft Parameter Sharing,48,175,0,783,0.1,22.58958082578794,0.2312936713843758,4,12,190,18.9999999999999
Branin-Fav,Soft Parameter Sharing,48,176,0,727,0.1,21.554045731952087,0.2312936713843758,5,12,191,18.8999999999999
Branin-Fav,Soft Parameter Sharing,48,177,0,781,0.1,20.88898007948233,0.2312936713843758,6,12,192,18.799999999999898
Branin-Fav,Soft Parameter Sharing,48,178,0,974,0.1,21.481469169046516,0.2312936713843758,7,12,193,18.699999999999896
Branin-Fav,Soft Parameter Sharing,48,179,0,774,0.1,24.16821718402525,0.2312936713843758,8,12,194,18.599999999999895
Branin-Fav,Soft Parameter Sharing,48,180,0,922,0.1,21.76157322754749,0.2312936713843758,9,12,195,18.499999999999893
Branin-Fav,Soft Parameter Sharing,48,181,0,878,0.1,20.632355499741514,0.2312936713843758,10,12,196,18.399999999999892
Branin-Fav,Soft Parameter Sharing,48,182,0,972,0.1,22.063832613386847,0.2312936713843758,11,12,197,18.29999999999989
Branin-Fav,Soft Parameter Sharing,48,183,0,879,0.1,21.25958602161323,0.2312936713843758,12,12,198,18.19999999999989
Branin-Fav,Soft Parameter Sharing,48,184,0,872,0.1,22.941867008564845,0.2312936713843758,13,12,199,18.099999999999888
Branin-Fav,Soft Parameter Sharing,48,185,0,681,0.1,19.450344610798044,0.2312936713843758,14,12,200,17.999999999999886
Branin-Fav,Soft Parameter Sharing,48,186,0,725,0.1,23.77834769477607,0.2312936713843758,15,12,201,17.899999999999885
Branin-Fav,Soft Parameter Sharing,48,187,0,971,0.1,20.73747708049816,0.2312936713843758,16,12,202,17.799999999999883
Branin-Fav,Soft Parameter Sharing,48,188,0,823,0.1,22.317311501850803,0.2312936713843758,17,12,203,17.699999999999882
Branin-Fav,Soft Parameter Sharing,48,189,0,773,0.1,21.126852583892948,0.2312936713843758,18,12,204,17.59999999999988
Branin-Fav,Soft Parameter Sharing,48,190,0,921,0.1,20.51766949579406,0.2312936713843758,19,12,205,17.49999999999988
Branin-Fav,Soft Parameter Sharing,48,191,0,975,0.1,22.3131172443902,0.2312936713843758,20,12,206,17.399999999999878
Branin-Fav,Soft Parameter Sharing,48,192,1,199,1.0,13.890630281837907,0.2312936713843758,0,13,206,16.399999999999878
Branin-Fav,Soft Parameter Sharing,48,193,0,927,0.1,24.585489550655815,0.29058990906906623,1,13,207,16.299999999999876
Branin-Fav,Soft Parameter Sharing,48,194,0,871,0.1,24.740567319040572,0.29058990906906623,2,13,208,16.199999999999875
Branin-Fav,Soft Parameter Sharing,48,195,0,822,0.1,25.539020206252065,0.29058990906906623,3,13,209,16.099999999999874
Branin-Fav,Soft Parameter Sharing,48,196,0,920,0.1,25.2983022675765,0.29058990906906623,4,13,210,15.999999999999874
Branin-Fav,Soft Parameter Sharing,48,197,0,680,0.1,24.049729794591183,0.29058990906906623,5,13,211,15.899999999999872
Branin-Fav,Soft Parameter Sharing,48,198,0,732,0.1,23.915192356077142,0.29058990906906623,6,13,212,15.799999999999871
Branin-Fav,Soft Parameter Sharing,48,199,0,677,0.1,25.877058490114504,0.29058990906906623,7,13,213,15.69999999999987
Branin-Fav,Soft Parameter Sharing,48,200,0,724,0.1,27.77570586543658,0.29058990906906623,8,13,214,15.599999999999868
Branin-Fav,Soft Parameter Sharing,48,201,0,88,0.1,24.04987447971042,0.29058990906906623,9,13,215,15.499999999999867
Branin-Fav,Soft Parameter Sharing,48,202,0,970,0.1,24.725792787410324,0.29058990906906623,10,13,216,15.399999999999865
Branin-Fav,Soft Parameter Sharing,48,203,0,831,0.1,24.1058403349519,0.29058990906906623,11,13,217,15.299999999999864
Branin-Fav,Soft Parameter Sharing,48,204,0,1021,0.1,25.287481577721127,0.29058990906906623,12,13,218,15.199999999999863
Branin-Fav,Soft Parameter Sharing,48,205,0,1022,0.1,25.238256783407262,0.29058990906906623,13,13,219,15.099999999999861
Branin-Fav,Soft Parameter Sharing,48,206,0,676,0.1,26.756426120904194,0.29058990906906623,14,13,220,14.99999999999986
Branin-Fav,Soft Parameter Sharing,48,207,0,1020,0.1,25.177260177805795,0.29058990906906623,15,13,221,14.899999999999858
Branin-Fav,Soft Parameter Sharing,48,208,0,782,0.1,23.356529801838093,0.29058990906906623,16,13,222,14.799999999999857
Branin-Fav,Soft Parameter Sharing,48,209,0,675,0.1,26.79631929889464,0.29058990906906623,17,13,223,14.699999999999855
Branin-Fav,Soft Parameter Sharing,48,210,0,1023,0.1,23.66987720207407,0.29058990906906623,18,13,224,14.599999999999854
Branin-Fav,Soft Parameter Sharing,48,211,0,682,0.1,23.0923170051904,0.29058990906906623,19,13,225,14.499999999999853
Branin-Fav,Soft Parameter Sharing,48,212,0,633,0.1,22.798508372833236,0.29058990906906623,20,13,226,14.399999999999851
Branin-Fav,Soft Parameter Sharing,48,213,1,699,1.0,14.627328512778432,0.29058990906906623,0,14,226,13.39999999999985
Branin-Fav,Soft Parameter Sharing,48,214,0,1019,0.1,22.894303478540756,0.29058990906906623,1,14,227,13.29999999999985
Branin-Fav,Soft Parameter Sharing,48,215,0,626,0.1,26.976036848889393,0.29058990906906623,2,14,228,13.199999999999848
Branin-Fav,Soft Parameter Sharing,48,216,0,733,0.1,22.942980955652256,0.29058990906906623,3,14,229,13.099999999999847
Branin-Fav,Soft Parameter Sharing,48,217,0,647,0.1,22.259925303516827,0.29058990906906623,4,14,230,12.999999999999845
Branin-Fav,Soft Parameter Sharing,48,218,0,772,0.1,24.8499231801568,0.29058990906906623,5,14,231,12.899999999999844
Branin-Fav,Soft Parameter Sharing,48,219,0,37,0.1,22.66722558921359,0.29058990906906623,6,14,232,12.799999999999843
Branin-Fav,Soft Parameter Sharing,48,220,0,630,0.1,22.721907338578088,0.29058990906906623,7,14,233,12.699999999999841
Branin-Fav,Soft Parameter Sharing,48,221,0,870,0.1,21.815208369235112,0.29058990906906623,8,14,234,12.59999999999984
Branin-Fav,Soft Parameter Sharing,48,222,0,880,0.1,21.801591423388853,0.29058990906906623,9,14,235,12.499999999999838
Branin-Fav,Soft Parameter Sharing,48,223,0,28,0.1,26.868114191087724,0.29058990906906623,10,14,236,12.399999999999837
Branin-Fav,Soft Parameter Sharing,48,224,0,628,0.1,22.331438215366223,0.29058990906906623,11,14,237,12.299999999999836
Branin-Fav,Soft Parameter Sharing,48,225,0,674,0.1,24.439361911690035,0.29058990906906623,12,14,238,12.199999999999834
Branin-Fav,Soft Parameter Sharing,48,226,0,25,0.1,29.058444301219843,0.29058990906906623,13,14,239,12.099999999999833
Branin-Fav,Soft Parameter Sharing,48,227,0,29,0.1,28.190927736544896,0.29058990906906623,14,14,240,11.999999999999831
Branin-Fav,Soft Parameter Sharing,48,228,0,576,0.1,28.06511326417827,0.29058990906906623,15,14,241,11.89999999999983
Branin-Fav,Soft Parameter Sharing,48,229,0,526,0.1,30.11498719785859,0.29058990906906623,16,14,242,11.799999999999828
Branin-Fav,Soft Parameter Sharing,48,230,0,627,0.1,25.91952470988459,0.29058990906906623,17,14,243,11.699999999999827
Branin-Fav,Soft Parameter Sharing,48,231,0,26,0.1,26.744128374671917,0.29058990906906623,18,14,244,11.599999999999826
Branin-Fav,Soft Parameter Sharing,48,232,0,575,0.1,30.306531424666414,0.29058990906906623,19,14,245,11.499999999999824
Branin-Fav,Soft Parameter Sharing,48,233,0,34,0.1,26.18389899065445,0.29058990906906623,20,14,246,11.399999999999823
Branin-Fav,Soft Parameter Sharing,48,234,1,499,1.0,13.463108762831096,0.29058990906906623,0,15,246,10.399999999999821
Branin-Fav,Soft Parameter Sharing,48,235,0,577,0.1,38.932103555658756,0.44450337370160625,1,15,247,10.299999999999821
Branin-Fav,Soft Parameter Sharing,48,236,0,625,0.1,37.976637427601624,0.44450337370160625,2,15,248,10.19999999999982
Branin-Fav,Soft Parameter Sharing,48,237,0,36,0.1,37.58138830512463,0.44450337370160625,3,15,249,10.099999999999818
Branin-Fav,Soft Parameter Sharing,48,238,0,578,0.1,38.32392745604485,0.44450337370160625,4,15,250,9.999999999999817
Branin-Fav,Soft Parameter Sharing,48,239,0,527,0.1,39.697655722690584,0.44450337370160625,5,15,251,9.899999999999816
Branin-Fav,Soft Parameter Sharing,48,240,0,723,0.1,41.45791589761886,0.44450337370160625,6,15,252,9.799999999999814
Branin-Fav,Soft Parameter Sharing,48,241,0,1072,0.1,36.456189817314645,0.44450337370160625,7,15,253,9.699999999999813
Branin-Fav,Soft Parameter Sharing,48,242,0,138,0.1,36.13103741661488,0.44450337370160625,8,15,254,9.599999999999811
Branin-Fav,Soft Parameter Sharing,48,243,0,624,0.1,39.761109870832385,0.44450337370160625,9,15,255,9.49999999999981
Branin-Fav,Soft Parameter Sharing,48,244,0,673,0.1,41.03204234580245,0.44450337370160625,10,15,256,9.399999999999809
Branin-Fav,Soft Parameter Sharing,48,245,0,30,0.1,38.53134948073366,0.44450337370160625,11,15,257,9.299999999999807
Branin-Fav,Soft Parameter Sharing,48,246,0,574,0.1,42.90983703356197,0.44450337370160625,12,15,258,9.199999999999806
Branin-Fav,Soft Parameter Sharing,48,247,0,528,0.1,40.19660067010947,0.44450337370160625,13,15,259,9.099999999999804
Branin-Fav,Soft Parameter Sharing,48,248,0,821,0.1,37.52320143795674,0.44450337370160625,14,15,260,8.999999999999803
Branin-Fav,Soft Parameter Sharing,48,249,0,476,0.1,43.64087513937847,0.44450337370160625,15,15,261,8.899999999999801
Branin-Fav,Soft Parameter Sharing,48,250,0,525,0.1,41.365592578666224,0.44450337370160625,16,15,262,8.7999999999998
Branin-Fav,Soft Parameter Sharing,48,251,0,24,0.1,45.365720607803866,0.44450337370160625,17,15,263,8.699999999999799
Branin-Fav,Soft Parameter Sharing,48,252,0,31,0.1,38.987114043360314,0.44450337370160625,18,15,264,8.599999999999797
Branin-Fav,Soft Parameter Sharing,48,253,0,629,0.1,35.886922178362504,0.44450337370160625,19,15,265,8.499999999999796
Branin-Fav,Soft Parameter Sharing,48,254,0,478,0.1,39.84711362182148,0.44450337370160625,20,15,266,8.399999999999794
Branin-Fav,Soft Parameter Sharing,48,255,1,149,1.0,11.748938699424276,0.44450337370160625,0,16,266,7.3999999999997925
Branin-Fav,Soft Parameter Sharing,48,256,0,479,0.1,43.58074700766601,0.499410384536545,1,16,267,7.299999999999793
Branin-Fav,Soft Parameter Sharing,48,257,0,35,0.1,43.269634716267205,0.499410384536545,2,16,268,7.1999999999997915
Branin-Fav,Soft Parameter Sharing,48,258,0,27,0.1,51.62315070509181,0.499410384536545,3,16,269,7.09999999999979
Branin-Fav,Soft Parameter Sharing,48,259,0,529,0.1,43.45167435488124,0.499410384536545,4,16,270,6.999999999999789
Branin-Fav,Soft Parameter Sharing,48,260,0,23,0.1,48.87092627305973,0.499410384536545,5,16,271,6.899999999999787
Branin-Fav,Soft Parameter Sharing,48,261,0,477,0.1,49.41615031710331,0.499410384536545,6,16,272,6.799999999999786
Branin-Fav,Soft Parameter Sharing,48,262,0,426,0.1,49.42938974767829,0.499410384536545,7,16,273,6.699999999999784
Branin-Fav,Soft Parameter Sharing,48,263,0,722,0.1,42.71131825473142,0.499410384536545,8,16,274,6.599999999999783
Branin-Fav,Soft Parameter Sharing,48,264,0,579,0.1,43.42454269180516,0.499410384536545,9,16,275,6.4999999999997815
Branin-Fav,Soft Parameter Sharing,48,265,0,32,0.1,42.79200731973636,0.499410384536545,10,16,276,6.39999999999978
Branin-Fav,Soft Parameter Sharing,48,266,0,475,0.1,49.011912341961796,0.499410384536545,11,16,277,6.299999999999779
Branin-Fav,Soft Parameter Sharing,48,267,0,580,0.1,40.12614790215754,0.499410384536545,12,16,278,6.199999999999777
Branin-Fav,Soft Parameter Sharing,48,268,0,623,0.1,41.49381579177238,0.499410384536545,13,16,279,6.099999999999776
Branin-Fav,Soft Parameter Sharing,48,269,0,77,0.1,50.03513417380102,0.499410384536545,14,16,280,5.999999999999774
Branin-Fav,Soft Parameter Sharing,48,270,0,524,0.1,42.51253190705315,0.499410384536545,15,16,281,5.899999999999773
Branin-Fav,Soft Parameter Sharing,48,271,0,79,0.1,44.29821115822339,0.499410384536545,16,16,282,5.799999999999772
Branin-Fav,Soft Parameter Sharing,48,272,0,427,0.1,45.15239255441775,0.499410384536545,17,16,283,5.69999999999977
Branin-Fav,Soft Parameter Sharing,48,273,0,474,0.1,49.41721829005536,0.499410384536545,18,16,284,5.599999999999769
Branin-Fav,Soft Parameter Sharing,48,274,0,76,0.1,48.641621457324945,0.499410384536545,19,16,285,5.499999999999767
Branin-Fav,Soft Parameter Sharing,48,275,0,377,0.1,48.858869480908744,0.499410384536545,20,16,286,5.399999999999766
Branin-Fav,Soft Parameter Sharing,48,276,1,2450,1.0,11.465677120472886,0.499410384536545,0,17,286,4.399999999999764
Branin-Fav,Soft Parameter Sharing,48,277,0,425,0.1,47.66639354311781,0.499410384536545,1,17,287,4.2999999999997645
Branin-Fav,Soft Parameter Sharing,48,278,0,376,0.1,48.91711898471611,0.499410384536545,2,17,288,4.199999999999763
Branin-Fav,Soft Parameter Sharing,48,279,0,33,0.1,45.218189845353756,0.499410384536545,3,17,289,4.099999999999762
Branin-Fav,Soft Parameter Sharing,48,280,0,424,0.1,45.84331359351445,0.499410384536545,4,17,290,3.9999999999997597
Branin-Fav,Soft Parameter Sharing,48,281,0,78,0.1,45.122913078082654,0.499410384536545,5,17,291,3.8999999999997583
Branin-Fav,Soft Parameter Sharing,48,282,0,75,0.1,51.685252654351615,0.499410384536545,6,17,292,3.799999999999757
Branin-Fav,Soft Parameter Sharing,48,283,0,573,0.1,43.56744351419234,0.499410384536545,7,17,293,3.6999999999997555
Branin-Fav,Soft Parameter Sharing,48,284,0,326,0.1,47.43276072034963,0.499410384536545,8,17,294,3.599999999999754
Branin-Fav,Soft Parameter Sharing,48,285,0,428,0.1,43.13498969931179,0.499410384536545,9,17,295,3.4999999999997526
Branin-Fav,Soft Parameter Sharing,48,286,0,375,0.1,45.91465053754586,0.499410384536545,10,17,296,3.399999999999751
Branin-Fav,Soft Parameter Sharing,48,287,0,126,0.1,46.82111778263769,0.499410384536545,11,17,297,3.29999999999975
Branin-Fav,Soft Parameter Sharing,48,288,0,327,0.1,48.357116058867874,0.499410384536545,12,17,298,3.1999999999997484
Branin-Fav,Soft Parameter Sharing,48,289,0,378,0.1,47.81692704174341,0.499410384536545,13,17,299,3.099999999999747
Branin-Fav,Soft Parameter Sharing,48,290,0,74,0.1,43.67300164708664,0.499410384536545,14,17,300,2.9999999999997455
Branin-Fav,Soft Parameter Sharing,48,291,0,325,0.1,44.13441607863845,0.499410384536545,15,17,301,2.899999999999744
Branin-Fav,Soft Parameter Sharing,48,292,0,429,0.1,45.02100648255391,0.499410384536545,16,17,302,2.7999999999997427
Branin-Fav,Soft Parameter Sharing,48,293,0,127,0.1,46.44228843125032,0.499410384536545,17,17,303,2.6999999999997413
Branin-Fav,Soft Parameter Sharing,48,294,0,125,0.1,44.017485991929526,0.499410384536545,18,17,304,2.59999999999974
Branin-Fav,Soft Parameter Sharing,48,295,0,328,0.1,43.18115674907842,0.499410384536545,19,17,305,2.4999999999997384
Branin-Fav,Soft Parameter Sharing,48,296,0,176,0.1,44.56216839598164,0.499410384536545,20,17,306,2.399999999999737
Branin-Fav,Soft Parameter Sharing,48,297,1,549,1.0,11.02134186853665,0.499410384536545,0,18,306,1.3999999999997357
Branin-Fav,Soft Parameter Sharing,48,298,0,80,0.1,49.97966184011866,0.5585820900946766,1,18,307,1.2999999999997356
Branin-Fav,Soft Parameter Sharing,48,299,0,379,0.1,51.24267796738231,0.5585820900946766,2,18,308,1.1999999999997342
Branin-Fav,Soft Parameter Sharing,48,300,0,276,0.1,52.28321085982453,0.5585820900946766,3,18,309,1.0999999999997327
Branin-Fav,Soft Parameter Sharing,48,301,0,226,0.1,53.00014970329562,0.5585820900946766,4,18,310,0.9999999999997314
Branin-Fav,Soft Parameter Sharing,48,302,0,277,0.1,51.28297061477778,0.5585820900946766,5,18,311,0.89999999999973
Branin-Fav,Soft Parameter Sharing,48,303,0,275,0.1,51.554327596497814,0.5585820900946766,6,18,312,0.7999999999997286
Branin-Fav,Soft Parameter Sharing,48,304,0,523,0.1,54.44898844223092,0.5585820900946766,7,18,313,0.6999999999997272
Branin-Fav,Soft Parameter Sharing,48,305,0,374,0.1,50.18370667136944,0.5585820900946766,8,18,314,0.5999999999997258
Branin-Fav,Soft Parameter Sharing,48,306,0,227,0.1,54.03713137261705,0.5585820900946766,9,18,315,0.49999999999972433
Branin-Fav,Soft Parameter Sharing,48,307,0,278,0.1,49.21626234486816,0.5585820900946766,10,18,316,0.3999999999997229
Branin-Fav,Soft Parameter Sharing,48,308,0,228,0.1,51.50946201295032,0.5585820900946766,11,18,317,0.2999999999997215
Branin-Fav,Soft Parameter Sharing,48,309,0,177,0.1,51.0998498597358,0.5585820900946766,12,18,318,0.19999999999972004
Branin-Fav,Soft Parameter Sharing,48,310,0,225,0.1,48.01236202138457,0.5585820900946766,13,18,319,0.09999999999971862
Branin-Fav,Soft Parameter Sharing,49,1,0,49,0.1,121.44131432160799,0.5,1,2,26,45.4
Branin-Fav,Soft Parameter Sharing,49,2,0,249,0.1,123.32386208543423,0.5,2,2,27,45.3
Branin-Fav,Soft Parameter Sharing,49,3,0,99,0.1,114.77876648072028,0.5,3,2,28,45.199999999999996
Branin-Fav,Soft Parameter Sharing,49,4,0,149,0.1,115.83856902071219,0.5,4,2,29,45.1
Branin-Fav,Soft Parameter Sharing,49,5,0,199,0.1,115.37736086070561,0.5,5,2,30,45.0
Branin-Fav,Soft Parameter Sharing,49,6,0,48,0.1,117.06596054731445,0.5,6,2,31,44.9
Branin-Fav,Soft Parameter Sharing,49,7,0,98,0.1,108.20545834225463,0.5,7,2,32,44.800000000000004
Branin-Fav,Soft Parameter Sharing,49,8,0,47,0.1,110.90871109772995,0.5,8,2,33,44.7
Branin-Fav,Soft Parameter Sharing,49,9,0,148,0.1,105.48834987856836,0.5,9,2,34,44.6
Branin-Fav,Soft Parameter Sharing,49,10,0,198,0.1,104.21822117730112,0.5,10,2,35,44.5
Branin-Fav,Soft Parameter Sharing,49,11,0,97,0.1,101.82384911307537,0.5,11,2,36,44.4
Branin-Fav,Soft Parameter Sharing,49,12,0,46,0.1,103.72512039755556,0.5,12,2,37,44.300000000000004
Branin-Fav,Soft Parameter Sharing,49,13,0,299,0.1,101.70921283173202,0.5,13,2,38,44.2
Branin-Fav,Soft Parameter Sharing,49,14,0,96,0.1,103.43293364455114,0.5,14,2,39,44.1
Branin-Fav,Soft Parameter Sharing,49,15,0,248,0.1,100.93240293629854,0.5,15,2,40,44.00000000000001
Branin-Fav,Soft Parameter Sharing,49,16,0,349,0.1,99.95693534272974,0.5,16,2,41,43.900000000000006
Branin-Fav,Soft Parameter Sharing,49,17,0,298,0.1,98.4860000283945,0.5,17,2,42,43.800000000000004
Branin-Fav,Soft Parameter Sharing,49,18,0,147,0.1,95.58801069657217,0.5,18,2,43,43.7
Branin-Fav,Soft Parameter Sharing,49,19,0,197,0.1,95.59988620825418,0.5,19,2,44,43.6
Branin-Fav,Soft Parameter Sharing,49,20,0,45,0.1,95.7901968138092,0.5,20,2,45,43.50000000000001
Branin-Fav,Soft Parameter Sharing,49,21,1,25,1.0,45.672736359947756,0.5,0,3,45,42.50000000000001
Branin-Fav,Soft Parameter Sharing,49,22,0,24,0.1,100.80126730277578,0.5,1,3,46,42.400000000000006
Branin-Fav,Soft Parameter Sharing,49,23,0,44,0.1,96.89750470917379,0.5,2,3,47,42.300000000000004
Branin-Fav,Soft Parameter Sharing,49,24,0,399,0.1,97.53478768389986,0.5,3,3,48,42.20000000000001
Branin-Fav,Soft Parameter Sharing,49,25,0,95,0.1,94.69842851721931,0.5,4,3,49,42.10000000000001
Branin-Fav,Soft Parameter Sharing,49,26,0,146,0.1,92.14697663261946,0.5,5,3,50,42.00000000000001
Branin-Fav,Soft Parameter Sharing,49,27,0,43,0.1,89.56066209116688,0.5,6,3,51,41.900000000000006
Branin-Fav,Soft Parameter Sharing,49,28,0,247,0.1,88.63392175996879,0.5,7,3,52,41.800000000000004
Branin-Fav,Soft Parameter Sharing,49,29,0,196,0.1,86.40489678699865,0.5,8,3,53,41.70000000000001
Branin-Fav,Soft Parameter Sharing,49,30,0,348,0.1,87.99076682753139,0.5,9,3,54,41.60000000000001
Branin-Fav,Soft Parameter Sharing,49,31,0,449,0.1,88.72067147141522,0.5,10,3,55,41.50000000000001
Branin-Fav,Soft Parameter Sharing,49,32,0,145,0.1,81.34569006050302,0.5,11,3,56,41.40000000000001
Branin-Fav,Soft Parameter Sharing,49,33,0,94,0.1,87.45137375948632,0.5,12,3,57,41.30000000000001
Branin-Fav,Soft Parameter Sharing,49,34,0,42,0.1,85.11589458234937,0.5,13,3,58,41.20000000000001
Branin-Fav,Soft Parameter Sharing,49,35,0,297,0.1,81.87803179502822,0.5,14,3,59,41.10000000000001
Branin-Fav,Soft Parameter Sharing,49,36,0,246,0.1,79.63311432123805,0.5,15,3,60,41.00000000000001
Branin-Fav,Soft Parameter Sharing,49,37,0,195,0.1,79.8180681231165,0.5,16,3,61,40.90000000000001
Branin-Fav,Soft Parameter Sharing,49,38,0,144,0.1,78.08957547650778,0.5,17,3,62,40.80000000000001
Branin-Fav,Soft Parameter Sharing,49,39,0,398,0.1,78.97463079486282,0.5,18,3,63,40.70000000000001
Branin-Fav,Soft Parameter Sharing,49,40,0,499,0.1,84.87060323016254,0.5,19,3,64,40.600000000000016
Branin-Fav,Soft Parameter Sharing,49,41,0,347,0.1,79.51843834149003,0.5,20,3,65,40.500000000000014
Branin-Fav,Soft Parameter Sharing,49,42,1,49,1.0,25.963527393853408,0.5,0,4,65,39.500000000000014
Branin-Fav,Soft Parameter Sharing,49,43,0,296,0.1,73.93958916105748,0.5,1,4,66,39.40000000000001
Branin-Fav,Soft Parameter Sharing,49,44,0,245,0.1,73.10001174254276,0.5,2,4,67,39.30000000000001
Branin-Fav,Soft Parameter Sharing,49,45,0,448,0.1,74.95234370678334,0.5,3,4,68,39.20000000000001
Branin-Fav,Soft Parameter Sharing,49,46,0,397,0.1,74.69735430999877,0.5,4,4,69,39.100000000000016
Branin-Fav,Soft Parameter Sharing,49,47,0,194,0.1,73.91823786544614,0.5,5,4,70,39.000000000000014
Branin-Fav,Soft Parameter Sharing,49,48,0,498,0.1,75.82425020748772,0.5,6,4,71,38.90000000000001
Branin-Fav,Soft Parameter Sharing,49,49,0,28,0.1,71.60025474536347,0.5,7,4,72,38.80000000000002
Branin-Fav,Soft Parameter Sharing,49,50,0,29,0.1,75.66752868443538,0.5,8,4,73,38.70000000000002
Branin-Fav,Soft Parameter Sharing,49,51,0,549,0.1,73.86139424977505,0.5,9,4,74,38.600000000000016
Branin-Fav,Soft Parameter Sharing,49,52,0,93,0.1,74.19302469117248,0.5,10,4,75,38.500000000000014
Branin-Fav,Soft Parameter Sharing,49,53,0,295,0.1,75.40861419254469,0.5,11,4,76,38.40000000000001
Branin-Fav,Soft Parameter Sharing,49,54,0,346,0.1,68.9998451074378,0.5,12,4,77,38.30000000000002
Branin-Fav,Soft Parameter Sharing,49,55,0,41,0.1,72.363624230196,0.5,13,4,78,38.20000000000002
Branin-Fav,Soft Parameter Sharing,49,56,0,31,0.1,69.05838206644614,0.5,14,4,79,38.100000000000016
Branin-Fav,Soft Parameter Sharing,49,57,0,30,0.1,64.74561344324906,0.5,15,4,80,38.00000000000002
Branin-Fav,Soft Parameter Sharing,49,58,0,143,0.1,67.0628682487318,0.5,16,4,81,37.90000000000002
Branin-Fav,Soft Parameter Sharing,49,59,0,447,0.1,71.66923881257868,0.5,17,4,82,37.80000000000002
Branin-Fav,Soft Parameter Sharing,49,60,0,345,0.1,69.57623285174422,0.5,18,4,83,37.70000000000002
Branin-Fav,Soft Parameter Sharing,49,61,0,27,0.1,67.91816649106953,0.5,19,4,84,37.600000000000016
Branin-Fav,Soft Parameter Sharing,49,62,0,599,0.1,67.28534534001192,0.5,20,4,85,37.50000000000002
Branin-Fav,Soft Parameter Sharing,49,63,1,0,1.0,24.834284951476928,0.5,0,5,85,36.50000000000002
Branin-Fav,Soft Parameter Sharing,49,64,0,32,0.1,108.7542820343909,0.5,1,5,86,36.40000000000002
Branin-Fav,Soft Parameter Sharing,49,65,0,26,0.1,100.54452309611058,0.5,2,5,87,36.30000000000002
Branin-Fav,Soft Parameter Sharing,49,66,0,76,0.1,101.48800483136108,0.5,3,5,88,36.200000000000024
Branin-Fav,Soft Parameter Sharing,49,67,0,35,0.1,112.63567127885388,0.5,4,5,89,36.10000000000002
Branin-Fav,Soft Parameter Sharing,49,68,0,77,0.1,91.60108082293715,0.5,5,5,90,36.00000000000002
Branin-Fav,Soft Parameter Sharing,49,69,0,33,0.1,90.5630053625516,0.5,6,5,91,35.90000000000002
Branin-Fav,Soft Parameter Sharing,49,70,0,280,0.1,93.83465153566712,0.5,7,5,92,35.80000000000002
Branin-Fav,Soft Parameter Sharing,49,71,0,396,0.1,91.89835940622325,0.5,8,5,93,35.700000000000024
Branin-Fav,Soft Parameter Sharing,49,72,0,75,0.1,90.61532467730112,0.5,9,5,94,35.60000000000002
Branin-Fav,Soft Parameter Sharing,49,73,0,284,0.1,94.44491592532803,0.5,10,5,95,35.50000000000002
Branin-Fav,Soft Parameter Sharing,49,74,0,80,0.1,88.75492533055238,0.5,11,5,96,35.40000000000003
Branin-Fav,Soft Parameter Sharing,49,75,0,78,0.1,83.8915293654197,0.5,12,5,97,35.300000000000026
Branin-Fav,Soft Parameter Sharing,49,76,0,34,0.1,84.29355310959512,0.5,13,5,98,35.200000000000024
Branin-Fav,Soft Parameter Sharing,49,77,0,127,0.1,83.33026510083799,0.5,14,5,99,35.10000000000002
Branin-Fav,Soft Parameter Sharing,49,78,0,40,0.1,84.75045530699923,0.5,15,5,100,35.00000000000002
Branin-Fav,Soft Parameter Sharing,49,79,0,334,0.1,90.55404749423265,0.5,16,5,101,34.90000000000003
Branin-Fav,Soft Parameter Sharing,49,80,0,36,0.1,88.99319091107941,0.5,17,5,102,34.800000000000026
Branin-Fav,Soft Parameter Sharing,49,81,0,649,0.1,86.62546552807446,0.5,18,5,103,34.700000000000024
Branin-Fav,Soft Parameter Sharing,49,82,0,548,0.1,85.21963810759821,0.5,19,5,104,34.60000000000003
Branin-Fav,Soft Parameter Sharing,49,83,1,749,1.0,85.8340113453542,0.5,0,6,104,33.60000000000003
Branin-Fav,Soft Parameter Sharing,49,84,0,37,0.1,83.91261432956082,0.5,1,6,105,33.50000000000003
Branin-Fav,Soft Parameter Sharing,49,85,0,277,0.1,81.53014650778623,0.5,2,6,106,33.40000000000003
Branin-Fav,Soft Parameter Sharing,49,86,0,376,0.1,80.43890287565816,0.5,3,6,107,33.300000000000026
Branin-Fav,Soft Parameter Sharing,49,87,0,431,0.1,85.87051545929594,0.5,4,6,108,33.200000000000024
Branin-Fav,Soft Parameter Sharing,49,88,0,425,0.1,83.29576788209782,0.5,5,6,109,33.10000000000002
Branin-Fav,Soft Parameter Sharing,49,89,0,624,0.1,83.90760522306628,0.5,6,6,110,33.00000000000002
Branin-Fav,Soft Parameter Sharing,49,90,0,526,0.1,93.75992680262381,0.5,7,6,111,32.90000000000002
Branin-Fav,Soft Parameter Sharing,49,91,0,576,0.1,86.74011494335926,0.5,8,6,112,32.80000000000002
Branin-Fav,Soft Parameter Sharing,49,92,0,478,0.1,81.69854331129713,0.5,9,6,113,32.70000000000002
Branin-Fav,Soft Parameter Sharing,49,93,0,429,0.1,82.41754255608303,0.5,10,6,114,32.600000000000016
Branin-Fav,Soft Parameter Sharing,49,94,0,625,0.1,88.03533403268,0.5,11,6,115,32.500000000000014
Branin-Fav,Soft Parameter Sharing,49,95,0,333,0.1,87.28678432984061,0.5,12,6,116,32.40000000000001
Branin-Fav,Soft Parameter Sharing,49,96,0,283,0.1,84.25446550203912,0.5,13,6,117,32.30000000000001
Branin-Fav,Soft Parameter Sharing,49,97,0,476,0.1,82.77269753136973,0.5,14,6,118,32.20000000000001
Branin-Fav,Soft Parameter Sharing,49,98,0,430,0.1,79.46348435296368,0.5,15,6,119,32.10000000000001
Branin-Fav,Soft Parameter Sharing,49,99,0,527,0.1,78.30740501383772,0.5,16,6,120,32.00000000000001
Branin-Fav,Soft Parameter Sharing,49,100,0,426,0.1,80.38947597629512,0.5,17,6,121,31.900000000000006
Branin-Fav,Soft Parameter Sharing,49,101,0,474,0.1,91.4977899959474,0.5,18,6,122,31.800000000000004
Branin-Fav,Soft Parameter Sharing,49,102,0,528,0.1,77.71747709542265,0.5,19,6,123,31.700000000000003
Branin-Fav,Soft Parameter Sharing,49,103,0,377,0.1,77.9621102250317,0.5,20,6,124,31.6
Branin-Fav,Soft Parameter Sharing,49,104,1,2450,1.0,37.96979219007408,0.5,0,7,124,30.6
Branin-Fav,Soft Parameter Sharing,49,105,0,477,0.1,83.16757680892569,0.5,1,7,125,30.5
Branin-Fav,Soft Parameter Sharing,49,106,0,575,0.1,83.79794023018825,0.5,2,7,126,30.4
Branin-Fav,Soft Parameter Sharing,49,107,0,475,0.1,83.71424066573641,0.5,3,7,127,30.299999999999997
Branin-Fav,Soft Parameter Sharing,49,108,0,525,0.1,83.57532405274775,0.5,4,7,128,30.199999999999996
Branin-Fav,Soft Parameter Sharing,49,109,0,524,0.1,76.50718836051014,0.5,5,7,129,30.099999999999994
Branin-Fav,Soft Parameter Sharing,49,110,0,529,0.1,76.75080133625988,0.5,6,7,130,29.999999999999993
Branin-Fav,Soft Parameter Sharing,49,111,0,626,0.1,79.34810976282293,0.5,7,7,131,29.89999999999999
Branin-Fav,Soft Parameter Sharing,49,112,0,530,0.1,78.04731379073513,0.5,8,7,132,29.79999999999999
Branin-Fav,Soft Parameter Sharing,49,113,0,574,0.1,79.99843409382262,0.5,9,7,133,29.69999999999999
Branin-Fav,Soft Parameter Sharing,49,114,0,675,0.1,79.03251518775494,0.5,10,7,134,29.599999999999987
Branin-Fav,Soft Parameter Sharing,49,115,0,427,0.1,76.95703462981771,0.5,11,7,135,29.499999999999986
Branin-Fav,Soft Parameter Sharing,49,116,0,674,0.1,73.0591361172433,0.5,12,7,136,29.399999999999984
Branin-Fav,Soft Parameter Sharing,49,117,0,375,0.1,74.51243288541008,0.5,13,7,137,29.299999999999983
Branin-Fav,Soft Parameter Sharing,49,118,0,424,0.1,78.67852946788804,0.5,14,7,138,29.19999999999998
Branin-Fav,Soft Parameter Sharing,49,119,0,434,0.1,82.76644175539688,0.5,15,7,139,29.09999999999998
Branin-Fav,Soft Parameter Sharing,49,120,0,381,0.1,75.17393925927796,0.5,16,7,140,28.99999999999998
Branin-Fav,Soft Parameter Sharing,49,121,0,433,0.1,77.41889990026853,0.5,17,7,141,28.899999999999977
Branin-Fav,Soft Parameter Sharing,49,122,0,79,0.1,70.28370054041048,0.5,18,7,142,28.799999999999976
Branin-Fav,Soft Parameter Sharing,49,123,0,623,0.1,72.1985412107268,0.5,19,7,143,28.699999999999974
Branin-Fav,Soft Parameter Sharing,49,124,0,577,0.1,74.2944985584926,0.5,20,7,144,28.599999999999973
Branin-Fav,Soft Parameter Sharing,49,125,1,431,1.0,46.26876371839967,0.5,0,8,144,27.599999999999973
Branin-Fav,Soft Parameter Sharing,49,126,0,325,0.1,76.41924972998115,0.5,1,8,145,27.49999999999997
Branin-Fav,Soft Parameter Sharing,49,127,0,374,0.1,75.70619104731111,0.5,2,8,146,27.39999999999997
Branin-Fav,Soft Parameter Sharing,49,128,0,673,0.1,72.69162911188697,0.5,3,8,147,27.29999999999997
Branin-Fav,Soft Parameter Sharing,49,129,0,23,0.1,76.57035000661148,0.5,4,8,148,27.199999999999967
Branin-Fav,Soft Parameter Sharing,49,130,0,326,0.1,72.88346509913521,0.5,5,8,149,27.099999999999966
Branin-Fav,Soft Parameter Sharing,49,131,0,74,0.1,73.52945320118788,0.5,6,8,150,26.999999999999964
Branin-Fav,Soft Parameter Sharing,49,132,0,573,0.1,70.49847735666334,0.5,7,8,151,26.899999999999963
Branin-Fav,Soft Parameter Sharing,49,133,0,523,0.1,71.7808328507638,0.5,8,8,152,26.79999999999996
Branin-Fav,Soft Parameter Sharing,49,134,0,275,0.1,70.27176459071453,0.5,9,8,153,26.69999999999996
Branin-Fav,Soft Parameter Sharing,49,135,0,126,0.1,70.41471601135508,0.5,10,8,154,26.59999999999996
Branin-Fav,Soft Parameter Sharing,49,136,0,324,0.1,72.69313809438452,0.5,11,8,155,26.499999999999957
Branin-Fav,Soft Parameter Sharing,49,137,0,73,0.1,69.37456985170958,0.5,12,8,156,26.399999999999956
Branin-Fav,Soft Parameter Sharing,49,138,0,125,0.1,66.5065983549141,0.5,13,8,157,26.299999999999955
Branin-Fav,Soft Parameter Sharing,49,139,0,724,0.1,75.52452661453327,0.5,14,8,158,26.199999999999953
Branin-Fav,Soft Parameter Sharing,49,140,0,473,0.1,68.02690451389486,0.5,15,8,159,26.09999999999995
Branin-Fav,Soft Parameter Sharing,49,141,0,723,0.1,71.81750790681349,0.5,16,8,160,25.99999999999995
Branin-Fav,Soft Parameter Sharing,49,142,0,276,0.1,66.46253753151937,0.5,17,8,161,25.89999999999995
Branin-Fav,Soft Parameter Sharing,49,143,0,124,0.1,69.27998915133396,0.5,18,8,162,25.799999999999947
Branin-Fav,Soft Parameter Sharing,49,144,0,423,0.1,69.56092769581468,0.5,19,8,163,25.699999999999946
Branin-Fav,Soft Parameter Sharing,49,145,0,82,0.1,68.31840566917724,0.5,20,8,164,25.599999999999945
Branin-Fav,Soft Parameter Sharing,49,146,1,499,1.0,19.428266002656766,0.5,0,9,164,24.599999999999945
Branin-Fav,Soft Parameter Sharing,49,147,1,30,1.0,18.111340849208304,0.1,0,10,164,23.599999999999945
Branin-Fav,Soft Parameter Sharing,49,148,1,35,1.0,17.847821531686737,0.1,0,11,164,22.599999999999945
Branin-Fav,Soft Parameter Sharing,49,149,0,676,0.1,102.33869922368353,0.7734037019552635,1,11,165,22.499999999999943
Branin-Fav,Soft Parameter Sharing,49,150,0,725,0.1,108.451421881844,0.7734037019552635,2,11,166,22.39999999999994
Branin-Fav,Soft Parameter Sharing,49,151,0,274,0.1,101.86508639482483,0.7734037019552635,3,11,167,22.29999999999994
Branin-Fav,Soft Parameter Sharing,49,152,0,572,0.1,97.68560449762747,0.7734037019552635,4,11,168,22.19999999999994
Branin-Fav,Soft Parameter Sharing,49,153,0,622,0.1,102.39668823134234,0.7734037019552635,5,11,169,22.099999999999937
Branin-Fav,Soft Parameter Sharing,49,154,0,672,0.1,98.90394762716797,0.7734037019552635,6,11,170,21.999999999999936
Branin-Fav,Soft Parameter Sharing,49,155,0,226,0.1,100.3194614462032,0.7734037019552635,7,11,171,21.899999999999935
Branin-Fav,Soft Parameter Sharing,49,156,0,773,0.1,98.78009350192508,0.7734037019552635,8,11,172,21.799999999999933
Branin-Fav,Soft Parameter Sharing,49,157,0,225,0.1,99.72144186790318,0.7734037019552635,9,11,173,21.699999999999932
Branin-Fav,Soft Parameter Sharing,49,158,0,176,0.1,97.9547003256277,0.7734037019552635,10,11,174,21.59999999999993
Branin-Fav,Soft Parameter Sharing,49,159,0,774,0.1,97.78290976935172,0.7734037019552635,11,11,175,21.49999999999993
Branin-Fav,Soft Parameter Sharing,49,160,0,722,0.1,101.5714576436261,0.7734037019552635,12,11,176,21.399999999999928
Branin-Fav,Soft Parameter Sharing,49,161,0,373,0.1,95.67550700401314,0.7734037019552635,13,11,177,21.299999999999926
Branin-Fav,Soft Parameter Sharing,49,162,0,522,0.1,94.13826394087522,0.7734037019552635,14,11,178,21.199999999999925
Branin-Fav,Soft Parameter Sharing,49,163,0,175,0.1,96.14254683897346,0.7734037019552635,15,11,179,21.099999999999923
Branin-Fav,Soft Parameter Sharing,49,164,0,772,0.1,94.56977773574205,0.7734037019552635,16,11,180,20.999999999999922
Branin-Fav,Soft Parameter Sharing,49,165,0,224,0.1,92.35196630587426,0.7734037019552635,17,11,181,20.89999999999992
Branin-Fav,Soft Parameter Sharing,49,166,0,327,0.1,93.80547809681438,0.7734037019552635,18,11,182,20.79999999999992
Branin-Fav,Soft Parameter Sharing,49,167,0,627,0.1,94.70072315511902,0.7734037019552635,19,11,183,20.699999999999918
Branin-Fav,Soft Parameter Sharing,49,168,0,174,0.1,93.30773260593485,0.7734037019552635,20,11,184,20.599999999999916
Branin-Fav,Soft Parameter Sharing,49,169,1,2150,1.0,16.168210765410254,0.7734037019552635,0,12,184,19.599999999999916
Branin-Fav,Soft Parameter Sharing,49,170,0,823,0.1,93.29155787623976,0.7734037019552635,1,12,185,19.499999999999915
Branin-Fav,Soft Parameter Sharing,49,171,0,227,0.1,94.23653141620971,0.7734037019552635,2,12,186,19.399999999999913
Branin-Fav,Soft Parameter Sharing,49,172,0,472,0.1,89.76445721612887,0.7734037019552635,3,12,187,19.299999999999912
Branin-Fav,Soft Parameter Sharing,49,173,0,323,0.1,89.87891316220804,0.7734037019552635,4,12,188,19.19999999999991
Branin-Fav,Soft Parameter Sharing,49,174,0,775,0.1,89.4796832681278,0.7734037019552635,5,12,189,19.09999999999991
Branin-Fav,Soft Parameter Sharing,49,175,0,671,0.1,92.71995727154622,0.7734037019552635,6,12,190,18.999999999999908
Branin-Fav,Soft Parameter Sharing,49,176,0,824,0.1,93.08654717881662,0.7734037019552635,7,12,191,18.899999999999906
Branin-Fav,Soft Parameter Sharing,49,177,0,497,0.1,88.60039348205231,0.7734037019552635,8,12,192,18.799999999999905
Branin-Fav,Soft Parameter Sharing,49,178,0,177,0.1,90.51021028722518,0.7734037019552635,9,12,193,18.699999999999903
Branin-Fav,Soft Parameter Sharing,49,179,0,22,0.1,88.74743681080739,0.7734037019552635,10,12,194,18.599999999999902
Branin-Fav,Soft Parameter Sharing,49,180,0,128,0.1,86.38300961907045,0.7734037019552635,11,12,195,18.4999999999999
Branin-Fav,Soft Parameter Sharing,49,181,0,822,0.1,87.19224476453309,0.7734037019552635,12,12,196,18.3999999999999
Branin-Fav,Soft Parameter Sharing,49,182,0,428,0.1,86.95754511497877,0.7734037019552635,13,12,197,18.299999999999898
Branin-Fav,Soft Parameter Sharing,49,183,0,721,0.1,87.75761045248366,0.7734037019552635,14,12,198,18.199999999999896
Branin-Fav,Soft Parameter Sharing,49,184,0,378,0.1,84.98542138635871,0.7734037019552635,15,12,199,18.099999999999895
Branin-Fav,Soft Parameter Sharing,49,185,0,328,0.1,85.5603907960172,0.7734037019552635,16,12,200,17.999999999999893
Branin-Fav,Soft Parameter Sharing,49,186,0,422,0.1,84.16624532694416,0.7734037019552635,17,12,201,17.899999999999892
Branin-Fav,Soft Parameter Sharing,49,187,0,278,0.1,85.04434425197407,0.7734037019552635,18,12,202,17.79999999999989
Branin-Fav,Soft Parameter Sharing,49,188,0,598,0.1,88.5151093505601,0.7734037019552635,19,12,203,17.69999999999989
Branin-Fav,Soft Parameter Sharing,49,189,0,228,0.1,84.75919761498322,0.7734037019552635,20,12,204,17.599999999999888
Branin-Fav,Soft Parameter Sharing,49,190,1,675,1.0,21.329459259967145,0.7734037019552635,0,13,204,16.599999999999888
Branin-Fav,Soft Parameter Sharing,49,191,0,726,0.1,86.50143069052139,0.8053749826569475,1,13,205,16.499999999999886
Branin-Fav,Soft Parameter Sharing,49,192,0,178,0.1,87.26439369329294,0.8053749826569475,2,13,206,16.399999999999885
Branin-Fav,Soft Parameter Sharing,49,193,0,446,0.1,86.12314276611227,0.8053749826569475,3,13,207,16.299999999999883
Branin-Fav,Soft Parameter Sharing,49,194,0,621,0.1,86.41772588355647,0.8053749826569475,4,13,208,16.199999999999882
Branin-Fav,Soft Parameter Sharing,49,195,0,771,0.1,87.32702514391477,0.8053749826569475,5,13,209,16.09999999999988
Branin-Fav,Soft Parameter Sharing,49,196,0,129,0.1,85.60910243757598,0.8053749826569475,6,13,210,15.999999999999881
Branin-Fav,Soft Parameter Sharing,49,197,0,179,0.1,83.45843163614052,0.8053749826569475,7,13,211,15.89999999999988
Branin-Fav,Soft Parameter Sharing,49,198,0,379,0.1,86.12411617547072,0.8053749826569475,8,13,212,15.799999999999878
Branin-Fav,Soft Parameter Sharing,49,199,0,279,0.1,85.68833261872967,0.8053749826569475,9,13,213,15.699999999999877
Branin-Fav,Soft Parameter Sharing,49,200,0,229,0.1,83.03666031252789,0.8053749826569475,10,13,214,15.599999999999875
Branin-Fav,Soft Parameter Sharing,49,201,0,578,0.1,91.08149450726079,0.8053749826569475,11,13,215,15.499999999999874
Branin-Fav,Soft Parameter Sharing,49,202,0,571,0.1,82.89858317097604,0.8053749826569475,12,13,216,15.399999999999872
Branin-Fav,Soft Parameter Sharing,49,203,0,294,0.1,81.05029658116166,0.8053749826569475,13,13,217,15.299999999999871
Branin-Fav,Soft Parameter Sharing,49,204,0,273,0.1,84.76123355079736,0.8053749826569475,14,13,218,15.19999999999987
Branin-Fav,Soft Parameter Sharing,49,205,0,395,0.1,83.99848697376031,0.8053749826569475,15,13,219,15.099999999999868
Branin-Fav,Soft Parameter Sharing,49,206,0,329,0.1,84.00843935115208,0.8053749826569475,16,13,220,14.999999999999867
Branin-Fav,Soft Parameter Sharing,49,207,0,130,0.1,79.91647409453905,0.8053749826569475,17,13,221,14.899999999999865
Branin-Fav,Soft Parameter Sharing,49,208,0,547,0.1,82.73914293107329,0.8053749826569475,18,13,222,14.799999999999864
Branin-Fav,Soft Parameter Sharing,49,209,0,677,0.1,80.63677309991498,0.8053749826569475,19,13,223,14.699999999999863
Branin-Fav,Soft Parameter Sharing,49,210,0,123,0.1,82.8074905582227,0.8053749826569475,20,13,224,14.599999999999861
Branin-Fav,Soft Parameter Sharing,49,211,1,676,1.0,13.972014681859047,0.8053749826569475,0,14,224,13.59999999999986
Branin-Fav,Soft Parameter Sharing,49,212,0,479,0.1,81.8437125391863,0.8232726086483386,1,14,225,13.49999999999986
Branin-Fav,Soft Parameter Sharing,49,213,0,496,0.1,83.74998505315536,0.8232726086483386,2,14,226,13.399999999999858
Branin-Fav,Soft Parameter Sharing,49,214,0,628,0.1,79.97124655871505,0.8232726086483386,3,14,227,13.299999999999857
Branin-Fav,Soft Parameter Sharing,49,215,0,380,0.1,79.45485682497313,0.8232726086483386,4,14,228,13.199999999999855
Branin-Fav,Soft Parameter Sharing,49,216,0,330,0.1,81.26698909199729,0.8232726086483386,5,14,229,13.099999999999854
Branin-Fav,Soft Parameter Sharing,49,217,0,579,0.1,80.62961381125416,0.8232726086483386,6,14,230,12.999999999999853
Branin-Fav,Soft Parameter Sharing,49,218,0,344,0.1,82.85391577332227,0.8232726086483386,7,14,231,12.899999999999851
Branin-Fav,Soft Parameter Sharing,49,219,0,180,0.1,79.2591344754273,0.8232726086483386,8,14,232,12.79999999999985
Branin-Fav,Soft Parameter Sharing,49,220,0,776,0.1,80.10053478219412,0.8232726086483386,9,14,233,12.699999999999848
Branin-Fav,Soft Parameter Sharing,49,221,0,872,0.1,84.66106724241283,0.8232726086483386,10,14,234,12.599999999999847
Branin-Fav,Soft Parameter Sharing,49,222,0,825,0.1,81.58819277212388,0.8232726086483386,11,14,235,12.499999999999845
Branin-Fav,Soft Parameter Sharing,49,223,0,873,0.1,78.57699506625714,0.8232726086483386,12,14,236,12.399999999999844
Branin-Fav,Soft Parameter Sharing,49,224,0,445,0.1,77.77709061149336,0.8232726086483386,13,14,237,12.299999999999843
Branin-Fav,Soft Parameter Sharing,49,225,0,81,0.1,78.43625460186847,0.8232726086483386,14,14,238,12.199999999999841
Branin-Fav,Soft Parameter Sharing,49,226,0,480,0.1,76.33161047142117,0.8232726086483386,15,14,239,12.09999999999984
Branin-Fav,Soft Parameter Sharing,49,227,0,230,0.1,77.0049485248586,0.8232726086483386,16,14,240,11.999999999999838
Branin-Fav,Soft Parameter Sharing,49,228,0,193,0.1,77.10823811023216,0.8232726086483386,17,14,241,11.899999999999837
Branin-Fav,Soft Parameter Sharing,49,229,0,678,0.1,74.07124744488004,0.8232726086483386,18,14,242,11.799999999999836
Branin-Fav,Soft Parameter Sharing,49,230,0,727,0.1,74.99241410635057,0.8232726086483386,19,14,243,11.699999999999834
Branin-Fav,Soft Parameter Sharing,49,231,0,770,0.1,72.82038588157641,0.8232726086483386,20,14,244,11.599999999999833
Branin-Fav,Soft Parameter Sharing,49,232,1,1099,1.0,16.56999107767682,0.8232726086483386,0,15,244,10.599999999999831
Branin-Fav,Soft Parameter Sharing,49,233,0,699,0.1,74.67097325987585,0.8232726086483386,1,15,245,10.499999999999831
Branin-Fav,Soft Parameter Sharing,49,234,0,871,0.1,75.71674802771496,0.8232726086483386,2,15,246,10.39999999999983
Branin-Fav,Soft Parameter Sharing,49,235,0,820,0.1,76.34376890891258,0.8232726086483386,3,15,247,10.299999999999828
Branin-Fav,Soft Parameter Sharing,49,236,0,243,0.1,74.22622848403665,0.8232726086483386,4,15,248,10.199999999999827
Branin-Fav,Soft Parameter Sharing,49,237,0,521,0.1,76.82551088972626,0.8232726086483386,5,15,249,10.099999999999826
Branin-Fav,Soft Parameter Sharing,49,238,0,131,0.1,75.86885698086945,0.8232726086483386,6,15,250,9.999999999999824
Branin-Fav,Soft Parameter Sharing,49,239,0,181,0.1,73.24167874716487,0.8232726086483386,7,15,251,9.899999999999823
Branin-Fav,Soft Parameter Sharing,49,240,0,394,0.1,72.39240006381088,0.8232726086483386,8,15,252,9.799999999999821
Branin-Fav,Soft Parameter Sharing,49,241,0,293,0.1,73.43660450258717,0.8232726086483386,9,15,253,9.69999999999982
Branin-Fav,Soft Parameter Sharing,49,242,0,173,0.1,74.33173807679566,0.8232726086483386,10,15,254,9.599999999999818
Branin-Fav,Soft Parameter Sharing,49,243,0,343,0.1,73.57759302485537,0.8232726086483386,11,15,255,9.499999999999817
Branin-Fav,Soft Parameter Sharing,49,244,0,720,0.1,69.19586250161771,0.8232726086483386,12,15,256,9.399999999999816
Branin-Fav,Soft Parameter Sharing,49,245,0,648,0.1,75.63398934120255,0.8232726086483386,13,15,257,9.299999999999814
Branin-Fav,Soft Parameter Sharing,49,246,0,546,0.1,72.77710329286809,0.8232726086483386,14,15,258,9.199999999999813
Branin-Fav,Soft Parameter Sharing,49,247,0,231,0.1,72.76971359336763,0.8232726086483386,15,15,259,9.099999999999811
Branin-Fav,Soft Parameter Sharing,49,248,0,629,0.1,71.97123606370909,0.8232726086483386,16,15,260,8.99999999999981
Branin-Fav,Soft Parameter Sharing,49,249,0,495,0.1,74.8682106712039,0.8232726086483386,17,15,261,8.899999999999809
Branin-Fav,Soft Parameter Sharing,49,250,0,444,0.1,71.82115152899047,0.8232726086483386,18,15,262,8.799999999999807
Branin-Fav,Soft Parameter Sharing,49,251,0,223,0.1,72.21369215578565,0.8232726086483386,19,15,263,8.699999999999806
Branin-Fav,Soft Parameter Sharing,49,252,0,728,0.1,75.71211345963546,0.8232726086483386,20,15,264,8.599999999999804
Branin-Fav,Soft Parameter Sharing,49,253,1,449,1.0,13.346136203039807,0.8232726086483386,0,16,264,7.5999999999998025
Branin-Fav,Soft Parameter Sharing,49,254,0,481,0.1,74.20340884937382,0.8292183325981054,1,16,265,7.499999999999803
Branin-Fav,Soft Parameter Sharing,49,255,0,777,0.1,73.25789519094126,0.8292183325981054,2,16,266,7.399999999999801
Branin-Fav,Soft Parameter Sharing,49,256,0,597,0.1,69.13697137444721,0.8292183325981054,3,16,267,7.2999999999998
Branin-Fav,Soft Parameter Sharing,49,257,0,393,0.1,68.89507243954537,0.8292183325981054,4,16,268,7.199999999999799
Branin-Fav,Soft Parameter Sharing,49,258,0,292,0.1,73.3430743785006,0.8292183325981054,5,16,269,7.099999999999797
Branin-Fav,Soft Parameter Sharing,49,259,0,132,0.1,70.88400482462367,0.8292183325981054,6,16,270,6.999999999999796
Branin-Fav,Soft Parameter Sharing,49,260,0,142,0.1,69.1380366178796,0.8292183325981054,7,16,271,6.899999999999794
Branin-Fav,Soft Parameter Sharing,49,261,0,281,0.1,67.67114488167817,0.8292183325981054,8,16,272,6.799999999999793
Branin-Fav,Soft Parameter Sharing,49,262,0,874,0.1,68.29730501991149,0.8292183325981054,9,16,273,6.6999999999997915
Branin-Fav,Soft Parameter Sharing,49,263,0,192,0.1,67.78085284259404,0.8292183325981054,10,16,274,6.59999999999979
Branin-Fav,Soft Parameter Sharing,49,264,0,580,0.1,70.29125208050317,0.8292183325981054,11,16,275,6.499999999999789
Branin-Fav,Soft Parameter Sharing,49,265,0,372,0.1,67.68676125948087,0.8292183325981054,12,16,276,6.399999999999787
Branin-Fav,Soft Parameter Sharing,49,266,0,331,0.1,64.3790293078982,0.8292183325981054,13,16,277,6.299999999999786
Branin-Fav,Soft Parameter Sharing,49,267,0,826,0.1,65.204054314871,0.8292183325981054,14,16,278,6.199999999999784
Branin-Fav,Soft Parameter Sharing,49,268,0,242,0.1,66.62202564960178,0.8292183325981054,15,16,279,6.099999999999783
Branin-Fav,Soft Parameter Sharing,49,269,0,679,0.1,61.62251573757254,0.8292183325981054,16,16,280,5.9999999999997815
Branin-Fav,Soft Parameter Sharing,49,270,0,72,0.1,68.07178587031599,0.8292183325981054,17,16,281,5.89999999999978
Branin-Fav,Soft Parameter Sharing,49,271,0,342,0.1,66.2781327504579,0.8292183325981054,18,16,282,5.799999999999779
Branin-Fav,Soft Parameter Sharing,49,272,0,443,0.1,61.97216791384266,0.8292183325981054,19,16,283,5.699999999999777
Branin-Fav,Soft Parameter Sharing,49,273,0,531,0.1,67.4363793930424,0.8292183325981054,20,16,284,5.599999999999776
Branin-Fav,Soft Parameter Sharing,49,274,1,376,1.0,15.765062287924485,0.8292183325981054,0,17,284,4.599999999999774
Branin-Fav,Soft Parameter Sharing,49,275,0,870,0.1,67.61480030729962,0.8530603264860943,1,17,285,4.499999999999774
Branin-Fav,Soft Parameter Sharing,49,276,0,191,0.1,68.23724848357057,0.8530603264860943,2,17,286,4.399999999999773
Branin-Fav,Soft Parameter Sharing,49,277,0,471,0.1,68.01140290581597,0.8530603264860943,3,17,287,4.299999999999772
Branin-Fav,Soft Parameter Sharing,49,278,0,670,0.1,68.16394683469714,0.8530603264860943,4,17,288,4.19999999999977
Branin-Fav,Soft Parameter Sharing,49,279,0,182,0.1,65.9891413085865,0.8530603264860943,5,17,289,4.099999999999769
Branin-Fav,Soft Parameter Sharing,49,280,0,83,0.1,64.1844479752277,0.8530603264860943,6,17,290,3.999999999999767
Branin-Fav,Soft Parameter Sharing,49,281,0,322,0.1,64.77447094843977,0.8530603264860943,7,17,291,3.8999999999997654
Branin-Fav,Soft Parameter Sharing,49,282,0,620,0.1,62.61540414227572,0.8530603264860943,8,17,292,3.799999999999764
Branin-Fav,Soft Parameter Sharing,49,283,0,232,0.1,64.57730675829593,0.8530603264860943,9,17,293,3.6999999999997626
Branin-Fav,Soft Parameter Sharing,49,284,0,332,0.1,64.55957809949044,0.8530603264860943,10,17,294,3.599999999999761
Branin-Fav,Soft Parameter Sharing,49,285,0,545,0.1,63.827815554345776,0.8530603264860943,11,17,295,3.4999999999997597
Branin-Fav,Soft Parameter Sharing,49,286,0,698,0.1,65.60077260720593,0.8530603264860943,12,17,296,3.3999999999997583
Branin-Fav,Soft Parameter Sharing,49,287,0,827,0.1,68.60325101497033,0.8530603264860943,13,17,297,3.299999999999757
Branin-Fav,Soft Parameter Sharing,49,288,0,596,0.1,62.541243235880906,0.8530603264860943,14,17,298,3.1999999999997555
Branin-Fav,Soft Parameter Sharing,49,289,0,875,0.1,59.509393738635026,0.8530603264860943,15,17,299,3.099999999999754
Branin-Fav,Soft Parameter Sharing,49,290,0,494,0.1,62.33663315191437,0.8530603264860943,16,17,300,2.9999999999997526
Branin-Fav,Soft Parameter Sharing,49,291,0,630,0.1,66.73117498529204,0.8530603264860943,17,17,301,2.899999999999751
Branin-Fav,Soft Parameter Sharing,49,292,0,282,0.1,62.56870374396066,0.8530603264860943,18,17,302,2.79999999999975
Branin-Fav,Soft Parameter Sharing,49,293,0,647,0.1,61.52387808248642,0.8530603264860943,19,17,303,2.6999999999997484
Branin-Fav,Soft Parameter Sharing,49,294,0,91,0.1,57.967426258973816,0.8530603264860943,20,17,304,2.599999999999747
Branin-Fav,Soft Parameter Sharing,49,295,1,649,1.0,12.021065409541714,0.8530603264860943,0,18,304,1.5999999999997456
Branin-Fav,Soft Parameter Sharing,49,296,0,241,0.1,56.3342702944686,0.7755896015476171,1,18,305,1.4999999999997455
Branin-Fav,Soft Parameter Sharing,49,297,0,570,0.1,56.256953158520574,0.7755896015476171,2,18,306,1.3999999999997441
Branin-Fav,Soft Parameter Sharing,49,298,0,923,0.1,58.690816064729816,0.7755896015476171,3,18,307,1.2999999999997427
Branin-Fav,Soft Parameter Sharing,49,299,0,778,0.1,53.615039920646176,0.7755896015476171,4,18,308,1.1999999999997413
Branin-Fav,Soft Parameter Sharing,49,300,0,924,0.1,56.92283793408738,0.7755896015476171,5,18,309,1.0999999999997399
Branin-Fav,Soft Parameter Sharing,49,301,0,133,0.1,54.2205013508027,0.7755896015476171,6,18,310,0.9999999999997385
Branin-Fav,Soft Parameter Sharing,49,302,0,382,0.1,53.75985903762527,0.7755896015476171,7,18,311,0.8999999999997371
Branin-Fav,Soft Parameter Sharing,49,303,0,141,0.1,56.675834209786466,0.7755896015476171,8,18,312,0.7999999999997357
Branin-Fav,Soft Parameter Sharing,49,304,0,183,0.1,53.0815690496721,0.7755896015476171,9,18,313,0.6999999999997343
Branin-Fav,Soft Parameter Sharing,49,305,0,729,0.1,53.116910971315264,0.7755896015476171,10,18,314,0.5999999999997329
Branin-Fav,Soft Parameter Sharing,49,306,0,922,0.1,54.91121515497743,0.7755896015476171,11,18,315,0.49999999999973144
Branin-Fav,Soft Parameter Sharing,49,307,0,272,0.1,53.96322237796053,0.7755896015476171,12,18,316,0.39999999999973
Branin-Fav,Soft Parameter Sharing,49,308,0,392,0.1,56.35405394042618,0.7755896015476171,13,18,317,0.2999999999997286
Branin-Fav,Soft Parameter Sharing,49,309,0,222,0.1,49.79281561510659,0.7755896015476171,14,18,318,0.19999999999972715
Branin-Fav,Soft Parameter Sharing,49,310,0,876,0.1,51.08851894080507,0.7755896015476171,15,18,319,0.09999999999972572
Branin-Fav,Soft Parameter Sharing,50,1,0,41,0.1,131.92916489517876,0.5,1,2,26,45.4
Branin-Fav,Soft Parameter Sharing,50,2,0,2250,0.1,135.12220978171774,0.5,2,2,27,45.3
Branin-Fav,Soft Parameter Sharing,50,3,0,49,0.1,101.15134161176563,0.5,3,2,28,45.199999999999996
Branin-Fav,Soft Parameter Sharing,50,4,0,1850,0.1,118.85493278153294,0.5,4,2,29,45.1
Branin-Fav,Soft Parameter Sharing,50,5,1,49,1.0,102.66580620153213,0.5,0,3,29,44.1
Branin-Fav,Soft Parameter Sharing,50,6,0,47,0.1,104.23657433800774,0.5,1,3,30,44.0
Branin-Fav,Soft Parameter Sharing,50,7,0,39,0.1,97.62285255510477,0.5,2,3,31,43.9
Branin-Fav,Soft Parameter Sharing,50,8,0,44,0.1,89.75673452136576,0.5,3,3,32,43.800000000000004
Branin-Fav,Soft Parameter Sharing,50,9,0,48,0.1,86.08158745455007,0.5,4,3,33,43.7
Branin-Fav,Soft Parameter Sharing,50,10,0,46,0.1,96.09230201791732,0.5,5,3,34,43.6
Branin-Fav,Soft Parameter Sharing,50,11,0,43,0.1,90.29428882925646,0.5,6,3,35,43.5
Branin-Fav,Soft Parameter Sharing,50,12,0,95,0.1,88.10042355726534,0.5,7,3,36,43.4
Branin-Fav,Soft Parameter Sharing,50,13,0,99,0.1,91.87797913881924,0.5,8,3,37,43.300000000000004
Branin-Fav,Soft Parameter Sharing,50,14,0,45,0.1,91.1197662267341,0.5,9,3,38,43.2
Branin-Fav,Soft Parameter Sharing,50,15,0,149,0.1,98.62045366769362,0.5,10,3,39,43.1
Branin-Fav,Soft Parameter Sharing,50,16,0,98,0.1,90.25824609327219,0.5,11,3,40,43.00000000000001
Branin-Fav,Soft Parameter Sharing,50,17,0,97,0.1,85.3034205395718,0.5,12,3,41,42.900000000000006
Branin-Fav,Soft Parameter Sharing,50,18,0,199,0.1,87.07826151172323,0.5,13,3,42,42.800000000000004
Branin-Fav,Soft Parameter Sharing,50,19,0,96,0.1,88.6667830015539,0.5,14,3,43,42.7
Branin-Fav,Soft Parameter Sharing,50,20,0,148,0.1,85.77710308586575,0.5,15,3,44,42.6
Branin-Fav,Soft Parameter Sharing,50,21,0,147,0.1,87.65457639455154,0.5,16,3,45,42.50000000000001
Branin-Fav,Soft Parameter Sharing,50,22,0,94,0.1,87.91685837426215,0.5,17,3,46,42.400000000000006
Branin-Fav,Soft Parameter Sharing,50,23,0,42,0.1,82.75105484338319,0.5,18,3,47,42.300000000000004
Branin-Fav,Soft Parameter Sharing,50,24,0,146,0.1,81.06346855146239,0.5,19,3,48,42.20000000000001
Branin-Fav,Soft Parameter Sharing,50,25,0,198,0.1,82.56128001977008,0.5,20,3,49,42.10000000000001
Branin-Fav,Soft Parameter Sharing,50,26,1,48,1.0,20.708764695545508,0.5,0,4,49,41.10000000000001
Branin-Fav,Soft Parameter Sharing,50,27,0,197,0.1,81.85841488058438,0.5,1,4,50,41.00000000000001
Branin-Fav,Soft Parameter Sharing,50,28,0,145,0.1,80.3821810478526,0.5,2,4,51,40.900000000000006
Branin-Fav,Soft Parameter Sharing,50,29,0,249,0.1,82.14849852446474,0.5,3,4,52,40.800000000000004
Branin-Fav,Soft Parameter Sharing,50,30,0,93,0.1,77.6065333275735,0.5,4,4,53,40.70000000000001
Branin-Fav,Soft Parameter Sharing,50,31,0,196,0.1,79.63549828475159,0.5,5,4,54,40.60000000000001
Branin-Fav,Soft Parameter Sharing,50,32,0,248,0.1,77.55790554631724,0.5,6,4,55,40.50000000000001
Branin-Fav,Soft Parameter Sharing,50,33,0,144,0.1,77.5527008682648,0.5,7,4,56,40.40000000000001
Branin-Fav,Soft Parameter Sharing,50,34,0,299,0.1,77.8014453760624,0.5,8,4,57,40.30000000000001
Branin-Fav,Soft Parameter Sharing,50,35,0,247,0.1,75.54472828014103,0.5,9,4,58,40.20000000000001
Branin-Fav,Soft Parameter Sharing,50,36,0,298,0.1,76.30432900708236,0.5,10,4,59,40.10000000000001
Branin-Fav,Soft Parameter Sharing,50,37,0,195,0.1,73.14252890815372,0.5,11,4,60,40.00000000000001
Branin-Fav,Soft Parameter Sharing,50,38,0,246,0.1,74.71050734431991,0.5,12,4,61,39.90000000000001
Branin-Fav,Soft Parameter Sharing,50,39,0,297,0.1,71.2999868995835,0.5,13,4,62,39.80000000000001
Branin-Fav,Soft Parameter Sharing,50,40,0,143,0.1,71.90212223216638,0.5,14,4,63,39.70000000000001
Branin-Fav,Soft Parameter Sharing,50,41,0,194,0.1,70.9697398419402,0.5,15,4,64,39.600000000000016
Branin-Fav,Soft Parameter Sharing,50,42,0,245,0.1,70.52052599144574,0.5,16,4,65,39.500000000000014
Branin-Fav,Soft Parameter Sharing,50,43,0,92,0.1,69.1653603473532,0.5,17,4,66,39.40000000000001
Branin-Fav,Soft Parameter Sharing,50,44,0,193,0.1,65.98857707084348,0.5,18,4,67,39.30000000000001
Branin-Fav,Soft Parameter Sharing,50,45,0,349,0.1,66.95499999465247,0.5,19,4,68,39.20000000000001
Branin-Fav,Soft Parameter Sharing,50,46,0,296,0.1,67.5745978989918,0.5,20,4,69,39.100000000000016
Branin-Fav,Soft Parameter Sharing,50,47,1,0,1.0,18.311192765811644,0.5,0,5,69,38.100000000000016
Branin-Fav,Soft Parameter Sharing,50,48,0,91,0.1,105.87472286007349,0.5,1,5,70,38.000000000000014
Branin-Fav,Soft Parameter Sharing,50,49,0,244,0.1,93.0920295436353,0.5,2,5,71,37.90000000000001
Branin-Fav,Soft Parameter Sharing,50,50,0,142,0.1,96.57340695205872,0.5,3,5,72,37.80000000000002
Branin-Fav,Soft Parameter Sharing,50,51,0,40,0.1,95.76027781738269,0.5,4,5,73,37.70000000000002
Branin-Fav,Soft Parameter Sharing,50,52,0,192,0.1,90.1143204051137,0.5,5,5,74,37.600000000000016
Branin-Fav,Soft Parameter Sharing,50,53,0,90,0.1,94.8219074008145,0.5,6,5,75,37.500000000000014
Branin-Fav,Soft Parameter Sharing,50,54,0,141,0.1,88.30372329150454,0.5,7,5,76,37.40000000000001
Branin-Fav,Soft Parameter Sharing,50,55,0,89,0.1,89.90101461187223,0.5,8,5,77,37.30000000000002
Branin-Fav,Soft Parameter Sharing,50,56,0,1800,0.1,93.87616226959402,0.5,9,5,78,37.20000000000002
Branin-Fav,Soft Parameter Sharing,50,57,0,37,0.1,94.5832835316763,0.5,10,5,79,37.100000000000016
Branin-Fav,Soft Parameter Sharing,50,58,0,243,0.1,81.2969640427828,0.5,11,5,80,37.00000000000002
Branin-Fav,Soft Parameter Sharing,50,59,0,191,0.1,82.99237807954007,0.5,12,5,81,36.90000000000002
Branin-Fav,Soft Parameter Sharing,50,60,0,295,0.1,81.93961393197516,0.5,13,5,82,36.80000000000002
Branin-Fav,Soft Parameter Sharing,50,61,0,38,0.1,82.57830262287001,0.5,14,5,83,36.70000000000002
Branin-Fav,Soft Parameter Sharing,50,62,0,242,0.1,79.13753608549895,0.5,15,5,84,36.600000000000016
Branin-Fav,Soft Parameter Sharing,50,63,0,293,0.1,78.1420333168789,0.5,16,5,85,36.50000000000002
Branin-Fav,Soft Parameter Sharing,50,64,0,140,0.1,81.99905663012169,0.5,17,5,86,36.40000000000002
Branin-Fav,Soft Parameter Sharing,50,65,0,88,0.1,84.84799686374369,0.5,18,5,87,36.30000000000002
Branin-Fav,Soft Parameter Sharing,50,66,0,346,0.1,76.61660067074658,0.5,19,5,88,36.200000000000024
Branin-Fav,Soft Parameter Sharing,50,67,0,348,0.1,76.83747245356432,0.5,20,5,89,36.10000000000002
Branin-Fav,Soft Parameter Sharing,50,68,1,449,1.0,27.393437863895024,0.5,0,6,89,35.10000000000002
Branin-Fav,Soft Parameter Sharing,50,69,0,347,0.1,74.65950704450087,0.5,1,6,90,35.00000000000002
Branin-Fav,Soft Parameter Sharing,50,70,0,399,0.1,71.40287051180263,0.5,2,6,91,34.90000000000002
Branin-Fav,Soft Parameter Sharing,50,71,0,345,0.1,75.4925628991385,0.5,3,6,92,34.80000000000002
Branin-Fav,Soft Parameter Sharing,50,72,0,292,0.1,74.66388661024075,0.5,4,6,93,34.700000000000024
Branin-Fav,Soft Parameter Sharing,50,73,0,344,0.1,69.47700891732374,0.5,5,6,94,34.60000000000002
Branin-Fav,Soft Parameter Sharing,50,74,0,139,0.1,72.91821472248041,0.5,6,6,95,34.50000000000002
Branin-Fav,Soft Parameter Sharing,50,75,0,241,0.1,70.04201611625724,0.5,7,6,96,34.40000000000003
Branin-Fav,Soft Parameter Sharing,50,76,0,291,0.1,72.38954375365648,0.5,8,6,97,34.300000000000026
Branin-Fav,Soft Parameter Sharing,50,77,0,398,0.1,71.76433644334561,0.5,9,6,98,34.200000000000024
Branin-Fav,Soft Parameter Sharing,50,78,0,190,0.1,69.04951749247095,0.5,10,6,99,34.10000000000002
Branin-Fav,Soft Parameter Sharing,50,79,0,1750,0.1,70.77678327057005,0.5,11,6,100,34.00000000000002
Branin-Fav,Soft Parameter Sharing,50,80,0,343,0.1,68.10125188251592,0.5,12,6,101,33.90000000000003
Branin-Fav,Soft Parameter Sharing,50,81,0,397,0.1,69.09719775854087,0.5,13,6,102,33.800000000000026
Branin-Fav,Soft Parameter Sharing,50,82,0,240,0.1,66.10750907698431,0.5,14,6,103,33.700000000000024
Branin-Fav,Soft Parameter Sharing,50,83,0,396,0.1,66.72776461297845,0.5,15,6,104,33.60000000000002
Branin-Fav,Soft Parameter Sharing,50,84,0,189,0.1,65.98294032361717,0.5,16,6,105,33.50000000000002
Branin-Fav,Soft Parameter Sharing,50,85,0,290,0.1,63.35092806239855,0.5,17,6,106,33.40000000000002
Branin-Fav,Soft Parameter Sharing,50,86,0,448,0.1,62.95479156621317,0.5,18,6,107,33.30000000000002
Branin-Fav,Soft Parameter Sharing,50,87,0,395,0.1,69.8024495216676,0.5,19,6,108,33.20000000000002
Branin-Fav,Soft Parameter Sharing,50,88,0,138,0.1,62.77835776893886,0.5,20,6,109,33.100000000000016
Branin-Fav,Soft Parameter Sharing,50,89,1,499,1.0,20.516546160375086,0.5,0,7,109,32.100000000000016
Branin-Fav,Soft Parameter Sharing,50,90,0,394,0.1,67.19995897176142,0.5,1,7,110,32.000000000000014
Branin-Fav,Soft Parameter Sharing,50,91,0,447,0.1,64.10928835767955,0.5,2,7,111,31.900000000000013
Branin-Fav,Soft Parameter Sharing,50,92,0,342,0.1,61.41100728862728,0.5,3,7,112,31.80000000000001
Branin-Fav,Soft Parameter Sharing,50,93,0,341,0.1,59.18294603452972,0.5,4,7,113,31.70000000000001
Branin-Fav,Soft Parameter Sharing,50,94,0,446,0.1,63.678761034241006,0.5,5,7,114,31.60000000000001
Branin-Fav,Soft Parameter Sharing,50,95,0,498,0.1,64.24444274286907,0.5,6,7,115,31.500000000000007
Branin-Fav,Soft Parameter Sharing,50,96,0,393,0.1,60.69583815769846,0.5,7,7,116,31.400000000000006
Branin-Fav,Soft Parameter Sharing,50,97,0,445,0.1,61.525608505572166,0.5,8,7,117,31.300000000000004
Branin-Fav,Soft Parameter Sharing,50,98,0,392,0.1,58.09093930564998,0.5,9,7,118,31.200000000000003
Branin-Fav,Soft Parameter Sharing,50,99,0,497,0.1,57.345749411425594,0.5,10,7,119,31.1
Branin-Fav,Soft Parameter Sharing,50,100,0,444,0.1,55.7184381702436,0.5,11,7,120,31.0
Branin-Fav,Soft Parameter Sharing,50,101,0,239,0.1,55.69872483738646,0.5,12,7,121,30.9
Branin-Fav,Soft Parameter Sharing,50,102,0,340,0.1,58.217742222091694,0.5,13,7,122,30.799999999999997
Branin-Fav,Soft Parameter Sharing,50,103,0,188,0.1,51.71969393472633,0.5,14,7,123,30.699999999999996
Branin-Fav,Soft Parameter Sharing,50,104,0,391,0.1,56.43194104629072,0.5,15,7,124,30.599999999999994
Branin-Fav,Soft Parameter Sharing,50,105,0,496,0.1,52.92481538038421,0.5,16,7,125,30.499999999999993
Branin-Fav,Soft Parameter Sharing,50,106,0,289,0.1,54.45334754943406,0.5,17,7,126,30.39999999999999
Branin-Fav,Soft Parameter Sharing,50,107,0,339,0.1,52.20893898221811,0.5,18,7,127,30.29999999999999
Branin-Fav,Soft Parameter Sharing,50,108,0,443,0.1,54.338836842957306,0.5,19,7,128,30.19999999999999
Branin-Fav,Soft Parameter Sharing,50,109,0,442,0.1,52.94501013137449,0.5,20,7,129,30.099999999999987
Branin-Fav,Soft Parameter Sharing,50,110,1,2499,1.0,27.662482510082285,0.5,0,8,129,29.099999999999987
Branin-Fav,Soft Parameter Sharing,50,111,0,390,0.1,52.43014669539379,0.5,1,8,130,28.999999999999986
Branin-Fav,Soft Parameter Sharing,50,112,0,495,0.1,55.008255875249205,0.5,2,8,131,28.899999999999984
Branin-Fav,Soft Parameter Sharing,50,113,0,548,0.1,53.444055959885404,0.5,3,8,132,28.799999999999983
Branin-Fav,Soft Parameter Sharing,50,114,0,494,0.1,50.08182727687711,0.5,4,8,133,28.69999999999998
Branin-Fav,Soft Parameter Sharing,50,115,0,441,0.1,52.21522592373255,0.5,5,8,134,28.59999999999998
Branin-Fav,Soft Parameter Sharing,50,116,0,547,0.1,56.67175293855404,0.5,6,8,135,28.49999999999998
Branin-Fav,Soft Parameter Sharing,50,117,0,493,0.1,53.2290639862774,0.5,7,8,136,28.399999999999977
Branin-Fav,Soft Parameter Sharing,50,118,0,546,0.1,51.27710764149184,0.5,8,8,137,28.299999999999976
Branin-Fav,Soft Parameter Sharing,50,119,0,389,0.1,51.658458990508876,0.5,9,8,138,28.199999999999974
Branin-Fav,Soft Parameter Sharing,50,120,0,492,0.1,51.06912051456682,0.5,10,8,139,28.099999999999973
Branin-Fav,Soft Parameter Sharing,50,121,0,545,0.1,49.53060732423429,0.5,11,8,140,27.99999999999997
Branin-Fav,Soft Parameter Sharing,50,122,0,440,0.1,49.38538706153599,0.5,12,8,141,27.89999999999997
Branin-Fav,Soft Parameter Sharing,50,123,0,2000,0.1,48.52510219246053,0.5,13,8,142,27.79999999999997
Branin-Fav,Soft Parameter Sharing,50,124,0,491,0.1,46.79795889080045,0.5,14,8,143,27.699999999999967
Branin-Fav,Soft Parameter Sharing,50,125,0,439,0.1,47.25584331629802,0.5,15,8,144,27.599999999999966
Branin-Fav,Soft Parameter Sharing,50,126,0,599,0.1,46.749105238572945,0.5,16,8,145,27.499999999999964
Branin-Fav,Soft Parameter Sharing,50,127,0,544,0.1,49.13140047211513,0.5,17,8,146,27.399999999999963
Branin-Fav,Soft Parameter Sharing,50,128,0,238,0.1,46.681245496215666,0.5,18,8,147,27.29999999999996
Branin-Fav,Soft Parameter Sharing,50,129,0,598,0.1,45.54680842201124,0.5,19,8,148,27.19999999999996
Branin-Fav,Soft Parameter Sharing,50,130,0,490,0.1,50.13904240178686,0.5,20,8,149,27.09999999999996
Branin-Fav,Soft Parameter Sharing,50,131,1,2450,1.0,21.573431733996525,0.5,0,9,149,26.09999999999996
Branin-Fav,Soft Parameter Sharing,50,132,0,543,0.1,46.295377519898736,0.5,1,9,150,25.999999999999957
Branin-Fav,Soft Parameter Sharing,50,133,0,649,0.1,47.26630136684816,0.5,2,9,151,25.899999999999956
Branin-Fav,Soft Parameter Sharing,50,134,0,597,0.1,45.971012369192366,0.5,3,9,152,25.799999999999955
Branin-Fav,Soft Parameter Sharing,50,135,0,596,0.1,43.67253376515788,0.5,4,9,153,25.699999999999953
Branin-Fav,Soft Parameter Sharing,50,136,0,542,0.1,44.94013616117041,0.5,5,9,154,25.59999999999995
Branin-Fav,Soft Parameter Sharing,50,137,0,288,0.1,46.201599306160816,0.5,6,9,155,25.49999999999995
Branin-Fav,Soft Parameter Sharing,50,138,0,648,0.1,51.300600456881526,0.5,7,9,156,25.39999999999995
Branin-Fav,Soft Parameter Sharing,50,139,0,595,0.1,43.32628604367569,0.5,8,9,157,25.299999999999947
Branin-Fav,Soft Parameter Sharing,50,140,0,338,0.1,43.02667453522522,0.5,9,9,158,25.199999999999946
Branin-Fav,Soft Parameter Sharing,50,141,0,647,0.1,42.59719483127039,0.5,10,9,159,25.099999999999945
Branin-Fav,Soft Parameter Sharing,50,142,0,594,0.1,42.937233850496334,0.5,11,9,160,24.999999999999943
Branin-Fav,Soft Parameter Sharing,50,143,0,699,0.1,40.94422718109751,0.5,12,9,161,24.89999999999994
Branin-Fav,Soft Parameter Sharing,50,144,0,388,0.1,40.75682046239258,0.5,13,9,162,24.79999999999994
Branin-Fav,Soft Parameter Sharing,50,145,0,541,0.1,39.83298086502616,0.5,14,9,163,24.69999999999994
Branin-Fav,Soft Parameter Sharing,50,146,0,87,0.1,42.06520980878075,0.5,15,9,164,24.599999999999937
Branin-Fav,Soft Parameter Sharing,50,147,0,593,0.1,40.43188056045414,0.5,16,9,165,24.499999999999936
Branin-Fav,Soft Parameter Sharing,50,148,0,137,0.1,39.129974789261695,0.5,17,9,166,24.399999999999935
Branin-Fav,Soft Parameter Sharing,50,149,0,489,0.1,39.02077738523671,0.5,18,9,167,24.299999999999933
Branin-Fav,Soft Parameter Sharing,50,150,0,438,0.1,42.42900399399396,0.5,19,9,168,24.199999999999932
Branin-Fav,Soft Parameter Sharing,50,151,0,1900,0.1,37.96693056290234,0.5,20,9,169,24.09999999999993
Branin-Fav,Soft Parameter Sharing,50,152,1,299,1.0,15.942012450287626,0.5,0,10,169,23.09999999999993
Branin-Fav,Soft Parameter Sharing,50,153,0,698,0.1,33.24041106816633,0.39616841081808724,1,10,170,22.99999999999993
Branin-Fav,Soft Parameter Sharing,50,154,0,540,0.1,28.78505982000523,0.39616841081808724,2,10,171,22.899999999999928
Branin-Fav,Soft Parameter Sharing,50,155,0,592,0.1,30.844297491177656,0.39616841081808724,3,10,172,22.799999999999926
Branin-Fav,Soft Parameter Sharing,50,156,0,646,0.1,30.845924939159918,0.39616841081808724,4,10,173,22.699999999999925
Branin-Fav,Soft Parameter Sharing,50,157,0,645,0.1,30.20287410095128,0.39616841081808724,5,10,174,22.599999999999923
Branin-Fav,Soft Parameter Sharing,50,158,0,591,0.1,27.77558980985138,0.39616841081808724,6,10,175,22.499999999999922
Branin-Fav,Soft Parameter Sharing,50,159,0,539,0.1,28.443351070304434,0.39616841081808724,7,10,176,22.39999999999992
Branin-Fav,Soft Parameter Sharing,50,160,0,36,0.1,28.105828501113052,0.39616841081808724,8,10,177,22.29999999999992
Branin-Fav,Soft Parameter Sharing,50,161,0,697,0.1,26.497189749712586,0.39616841081808724,9,10,178,22.199999999999918
Branin-Fav,Soft Parameter Sharing,50,162,0,644,0.1,27.840022231215034,0.39616841081808724,10,10,179,22.099999999999916
Branin-Fav,Soft Parameter Sharing,50,163,0,488,0.1,27.00171342973545,0.39616841081808724,11,10,180,21.999999999999915
Branin-Fav,Soft Parameter Sharing,50,164,0,749,0.1,35.25612327656552,0.39616841081808724,12,10,181,21.899999999999913
Branin-Fav,Soft Parameter Sharing,50,165,0,590,0.1,27.396738330150775,0.39616841081808724,13,10,182,21.799999999999912
Branin-Fav,Soft Parameter Sharing,50,166,0,643,0.1,29.533375938726184,0.39616841081808724,14,10,183,21.69999999999991
Branin-Fav,Soft Parameter Sharing,50,167,0,538,0.1,25.340560529485774,0.39616841081808724,15,10,184,21.59999999999991
Branin-Fav,Soft Parameter Sharing,50,168,0,187,0.1,27.694501995167585,0.39616841081808724,16,10,185,21.499999999999908
Branin-Fav,Soft Parameter Sharing,50,169,0,696,0.1,23.651304069721352,0.39616841081808724,17,10,186,21.399999999999906
Branin-Fav,Soft Parameter Sharing,50,170,0,748,0.1,27.77846413381673,0.39616841081808724,18,10,187,21.299999999999905
Branin-Fav,Soft Parameter Sharing,50,171,0,437,0.1,25.185928267665776,0.39616841081808724,19,10,188,21.199999999999903
Branin-Fav,Soft Parameter Sharing,50,172,0,387,0.1,24.681123288517064,0.39616841081808724,20,10,189,21.099999999999902
Branin-Fav,Soft Parameter Sharing,50,173,1,249,1.0,14.428258934922155,0.39616841081808724,0,11,189,20.099999999999902
Branin-Fav,Soft Parameter Sharing,50,174,0,1700,0.1,25.29801063433052,0.42472558917836367,1,11,190,19.9999999999999
Branin-Fav,Soft Parameter Sharing,50,175,0,237,0.1,27.52455828911205,0.42472558917836367,2,11,191,19.8999999999999
Branin-Fav,Soft Parameter Sharing,50,176,0,287,0.1,25.70576480682547,0.42472558917836367,3,11,192,19.799999999999898
Branin-Fav,Soft Parameter Sharing,50,177,0,337,0.1,25.714872881218547,0.42472558917836367,4,11,193,19.699999999999896
Branin-Fav,Soft Parameter Sharing,50,178,0,799,0.1,26.994929122617524,0.42472558917836367,5,11,194,19.599999999999895
Branin-Fav,Soft Parameter Sharing,50,179,0,695,0.1,25.71803752166027,0.42472558917836367,6,11,195,19.499999999999893
Branin-Fav,Soft Parameter Sharing,50,180,0,642,0.1,25.064146846779256,0.42472558917836367,7,11,196,19.399999999999892
Branin-Fav,Soft Parameter Sharing,50,181,0,86,0.1,26.504411685309872,0.42472558917836367,8,11,197,19.29999999999989
Branin-Fav,Soft Parameter Sharing,50,182,0,694,0.1,26.185360123491627,0.42472558917836367,9,11,198,19.19999999999989
Branin-Fav,Soft Parameter Sharing,50,183,0,35,0.1,24.40573680102823,0.42472558917836367,10,11,199,19.099999999999888
Branin-Fav,Soft Parameter Sharing,50,184,0,641,0.1,24.029025967835402,0.42472558917836367,11,11,200,18.999999999999886
Branin-Fav,Soft Parameter Sharing,50,185,0,487,0.1,24.018618055803906,0.42472558917836367,12,11,201,18.899999999999885
Branin-Fav,Soft Parameter Sharing,50,186,0,747,0.1,24.693617812615244,0.42472558917836367,13,11,202,18.799999999999883
Branin-Fav,Soft Parameter Sharing,50,187,0,537,0.1,23.066300247675187,0.42472558917836367,14,11,203,18.699999999999882
Branin-Fav,Soft Parameter Sharing,50,188,0,136,0.1,23.17695835025284,0.42472558917836367,15,11,204,18.59999999999988
Branin-Fav,Soft Parameter Sharing,50,189,0,186,0.1,23.020681027783038,0.42472558917836367,16,11,205,18.49999999999988
Branin-Fav,Soft Parameter Sharing,50,190,0,588,0.1,24.572333282385696,0.42472558917836367,17,11,206,18.399999999999878
Branin-Fav,Soft Parameter Sharing,50,191,0,236,0.1,23.54960134251467,0.42472558917836367,18,11,207,18.299999999999876
Branin-Fav,Soft Parameter Sharing,50,192,0,746,0.1,23.252086696744787,0.42472558917836367,19,11,208,18.199999999999875
Branin-Fav,Soft Parameter Sharing,50,193,0,85,0.1,24.068989106432273,0.42472558917836367,20,11,209,18.099999999999874
Branin-Fav,Soft Parameter Sharing,50,194,1,199,1.0,13.503696783876148,0.42472558917836367,0,12,209,17.099999999999874
Branin-Fav,Soft Parameter Sharing,50,195,0,386,0.1,21.47876672173647,0.4364941327126949,1,12,210,16.999999999999872
Branin-Fav,Soft Parameter Sharing,50,196,0,34,0.1,24.879351543191486,0.4364941327126949,2,12,211,16.89999999999987
Branin-Fav,Soft Parameter Sharing,50,197,0,693,0.1,22.877708709062833,0.4364941327126949,3,12,212,16.79999999999987
Branin-Fav,Soft Parameter Sharing,50,198,0,33,0.1,24.453555348981364,0.4364941327126949,4,12,213,16.699999999999868
Branin-Fav,Soft Parameter Sharing,50,199,0,286,0.1,22.47242217626549,0.4364941327126949,5,12,214,16.599999999999866
Branin-Fav,Soft Parameter Sharing,50,200,0,640,0.1,22.174786685281333,0.4364941327126949,6,12,215,16.499999999999865
Branin-Fav,Soft Parameter Sharing,50,201,0,336,0.1,21.57865622978257,0.4364941327126949,7,12,216,16.399999999999864
Branin-Fav,Soft Parameter Sharing,50,202,0,436,0.1,22.774457316307643,0.4364941327126949,8,12,217,16.299999999999862
Branin-Fav,Soft Parameter Sharing,50,203,0,692,0.1,22.484674012106492,0.4364941327126949,9,12,218,16.19999999999986
Branin-Fav,Soft Parameter Sharing,50,204,0,798,0.1,23.704775455427516,0.4364941327126949,10,12,219,16.09999999999986
Branin-Fav,Soft Parameter Sharing,50,205,0,135,0.1,23.349286463035085,0.4364941327126949,11,12,220,15.99999999999986
Branin-Fav,Soft Parameter Sharing,50,206,0,639,0.1,22.17407254188038,0.4364941327126949,12,12,221,15.899999999999858
Branin-Fav,Soft Parameter Sharing,50,207,0,185,0.1,22.268302620659977,0.4364941327126949,13,12,222,15.799999999999857
Branin-Fav,Soft Parameter Sharing,50,208,0,84,0.1,20.286887121274468,0.4364941327126949,14,12,223,15.699999999999855
Branin-Fav,Soft Parameter Sharing,50,209,0,691,0.1,20.263459193125968,0.4364941327126949,15,12,224,15.599999999999854
Branin-Fav,Soft Parameter Sharing,50,210,0,486,0.1,20.359513716220007,0.4364941327126949,16,12,225,15.499999999999853
Branin-Fav,Soft Parameter Sharing,50,211,0,32,0.1,24.920653955301482,0.4364941327126949,17,12,226,15.399999999999851
Branin-Fav,Soft Parameter Sharing,50,212,0,536,0.1,20.050741897496994,0.4364941327126949,18,12,227,15.29999999999985
Branin-Fav,Soft Parameter Sharing,50,213,0,235,0.1,18.891839678612396,0.4364941327126949,19,12,228,15.199999999999848
Branin-Fav,Soft Parameter Sharing,50,214,0,745,0.1,18.748876424229195,0.4364941327126949,20,12,229,15.099999999999847
Branin-Fav,Soft Parameter Sharing,50,215,1,349,1.0,13.270345012836001,0.4364941327126949,0,13,229,14.099999999999845
Branin-Fav,Soft Parameter Sharing,50,216,1,399,1.0,12.077493732736853,0.13261238856053448,0,14,229,13.099999999999845
Branin-Fav,Soft Parameter Sharing,50,217,1,149,1.0,11.419222511416823,0.2024308504729215,0,15,229,12.099999999999845
Branin-Fav,Soft Parameter Sharing,50,218,0,31,0.1,12.093180996852594,0.2300745508172275,1,15,230,11.999999999999845
Branin-Fav,Soft Parameter Sharing,50,219,1,99,1.0,10.973625229015724,0.2300745508172275,0,16,230,10.999999999999844
Branin-Fav,Soft Parameter Sharing,50,220,1,549,1.0,10.12839256658978,0.1868425863910646,0,17,230,9.999999999999844
Branin-Fav,Soft Parameter Sharing,50,221,0,797,0.1,20.975942814931454,0.4941167386888333,1,17,231,9.899999999999844
Branin-Fav,Soft Parameter Sharing,50,222,0,134,0.1,24.16986381978484,0.4941167386888333,2,17,232,9.799999999999843
Branin-Fav,Soft Parameter Sharing,50,223,0,285,0.1,21.827280094378246,0.4941167386888333,3,17,233,9.699999999999841
Branin-Fav,Soft Parameter Sharing,50,224,0,83,0.1,25.06801322122924,0.4941167386888333,4,17,234,9.59999999999984
Branin-Fav,Soft Parameter Sharing,50,225,0,184,0.1,20.768832632186513,0.4941167386888333,5,17,235,9.499999999999838
Branin-Fav,Soft Parameter Sharing,50,226,0,335,0.1,23.136904918433586,0.4941167386888333,6,17,236,9.399999999999837
Branin-Fav,Soft Parameter Sharing,50,227,0,385,0.1,21.25424974899087,0.4941167386888333,7,17,237,9.299999999999836
Branin-Fav,Soft Parameter Sharing,50,228,0,744,0.1,20.199491051149327,0.4941167386888333,8,17,238,9.199999999999834
Branin-Fav,Soft Parameter Sharing,50,229,0,234,0.1,21.190715706417617,0.4941167386888333,9,17,239,9.099999999999833
Branin-Fav,Soft Parameter Sharing,50,230,0,435,0.1,22.51790783809188,0.4941167386888333,10,17,240,8.999999999999831
Branin-Fav,Soft Parameter Sharing,50,231,0,284,0.1,20.823970200598783,0.4941167386888333,11,17,241,8.89999999999983
Branin-Fav,Soft Parameter Sharing,50,232,0,690,0.1,21.67673656125052,0.4941167386888333,12,17,242,8.799999999999828
Branin-Fav,Soft Parameter Sharing,50,233,0,82,0.1,24.315205959106642,0.4941167386888333,13,17,243,8.699999999999827
Branin-Fav,Soft Parameter Sharing,50,234,0,587,0.1,22.388011757119575,0.4941167386888333,14,17,244,8.599999999999826
Branin-Fav,Soft Parameter Sharing,50,235,0,849,0.1,20.30215135685091,0.4941167386888333,15,17,245,8.499999999999824
Branin-Fav,Soft Parameter Sharing,50,236,0,133,0.1,20.985257518997614,0.4941167386888333,16,17,246,8.399999999999823
Branin-Fav,Soft Parameter Sharing,50,237,0,1650,0.1,18.81517754261035,0.4941167386888333,17,17,247,8.299999999999821
Branin-Fav,Soft Parameter Sharing,50,238,0,334,0.1,17.883256374213115,0.4941167386888333,18,17,248,8.19999999999982
Branin-Fav,Soft Parameter Sharing,50,239,0,485,0.1,20.15206231264792,0.4941167386888333,19,17,249,8.099999999999818
Branin-Fav,Soft Parameter Sharing,50,240,0,638,0.1,18.764407926332282,0.4941167386888333,20,17,250,7.999999999999817
Branin-Fav,Soft Parameter Sharing,50,241,1,599,1.0,8.126840842940972,0.4941167386888333,0,18,250,6.999999999999815
Branin-Fav,Soft Parameter Sharing,50,242,0,183,0.1,22.30856283985155,0.5852490371177416,1,18,251,6.899999999999816
Branin-Fav,Soft Parameter Sharing,50,243,0,384,0.1,22.99558069355455,0.5852490371177416,2,18,252,6.799999999999814
Branin-Fav,Soft Parameter Sharing,50,244,0,434,0.1,24.11294520341926,0.5852490371177416,3,18,253,6.699999999999813
Branin-Fav,Soft Parameter Sharing,50,245,0,30,0.1,26.798621264814155,0.5852490371177416,4,18,254,6.599999999999811
Branin-Fav,Soft Parameter Sharing,50,246,0,233,0.1,21.808723693158285,0.5852490371177416,5,18,255,6.49999999999981
Branin-Fav,Soft Parameter Sharing,50,247,0,586,0.1,23.39579746382429,0.5852490371177416,6,18,256,6.3999999999998085
Branin-Fav,Soft Parameter Sharing,50,248,0,743,0.1,22.199454961301637,0.5852490371177416,7,18,257,6.299999999999807
Branin-Fav,Soft Parameter Sharing,50,249,0,535,0.1,22.29278794245371,0.5852490371177416,8,18,258,6.199999999999806
Branin-Fav,Soft Parameter Sharing,50,250,0,796,0.1,21.157811197848684,0.5852490371177416,9,18,259,6.099999999999804
Branin-Fav,Soft Parameter Sharing,50,251,0,283,0.1,21.67040505713179,0.5852490371177416,10,18,260,5.999999999999803
Branin-Fav,Soft Parameter Sharing,50,252,0,637,0.1,20.78622572155324,0.5852490371177416,11,18,261,5.899999999999801
Branin-Fav,Soft Parameter Sharing,50,253,0,132,0.1,25.844028761146117,0.5852490371177416,12,18,262,5.7999999999998
Branin-Fav,Soft Parameter Sharing,50,254,0,81,0.1,22.689954063136003,0.5852490371177416,13,18,263,5.699999999999799
Branin-Fav,Soft Parameter Sharing,50,255,0,484,0.1,19.67407375364878,0.5852490371177416,14,18,264,5.599999999999797
Branin-Fav,Soft Parameter Sharing,50,256,0,848,0.1,20.91614076495822,0.5852490371177416,15,18,265,5.499999999999796
Branin-Fav,Soft Parameter Sharing,50,257,0,333,0.1,21.79083961857682,0.5852490371177416,16,18,266,5.399999999999794
Branin-Fav,Soft Parameter Sharing,50,258,0,383,0.1,22.691754019750874,0.5852490371177416,17,18,267,5.299999999999793
Branin-Fav,Soft Parameter Sharing,50,259,0,689,0.1,20.699053670531207,0.5852490371177416,18,18,268,5.1999999999997915
Branin-Fav,Soft Parameter Sharing,50,260,0,585,0.1,21.606480791666012,0.5852490371177416,19,18,269,5.09999999999979
Branin-Fav,Soft Parameter Sharing,50,261,0,29,0.1,22.85391088560591,0.5852490371177416,20,18,270,4.999999999999789
Branin-Fav,Soft Parameter Sharing,50,262,1,348,1.0,8.192984171412512,0.5852490371177416,0,19,270,3.999999999999787
Branin-Fav,Soft Parameter Sharing,50,263,0,28,0.1,30.4798146578616,0.45036825905044503,1,19,271,3.8999999999997867
Branin-Fav,Soft Parameter Sharing,50,264,0,131,0.1,24.14823740522463,0.45036825905044503,2,19,272,3.7999999999997853
Branin-Fav,Soft Parameter Sharing,50,265,0,80,0.1,18.77751697193218,0.45036825905044503,3,19,273,3.699999999999784
Branin-Fav,Soft Parameter Sharing,50,266,0,182,0.1,16.905608499902762,0.45036825905044503,4,19,274,3.5999999999997825
Branin-Fav,Soft Parameter Sharing,50,267,0,232,0.1,15.563132749248757,0.45036825905044503,5,19,275,3.499999999999781
Branin-Fav,Soft Parameter Sharing,50,268,0,181,0.1,18.79273975658131,0.45036825905044503,6,19,276,3.3999999999997796
Branin-Fav,Soft Parameter Sharing,50,269,0,636,0.1,17.445398690243376,0.45036825905044503,7,19,277,3.299999999999778
Branin-Fav,Soft Parameter Sharing,50,270,0,79,0.1,18.33856231843623,0.45036825905044503,8,19,278,3.199999999999777
Branin-Fav,Soft Parameter Sharing,50,271,0,130,0.1,19.451077024424237,0.45036825905044503,9,19,279,3.0999999999997754
Branin-Fav,Soft Parameter Sharing,50,272,0,27,0.1,20.37777530374067,0.45036825905044503,10,19,280,2.999999999999774
Branin-Fav,Soft Parameter Sharing,50,273,0,78,0.1,16.724489437028712,0.45036825905044503,11,19,281,2.8999999999997725
Branin-Fav,Soft Parameter Sharing,50,274,0,282,0.1,17.235787324905306,0.45036825905044503,12,19,282,2.799999999999771
Branin-Fav,Soft Parameter Sharing,50,275,0,129,0.1,18.080560210836655,0.45036825905044503,13,19,283,2.6999999999997697
Branin-Fav,Soft Parameter Sharing,50,276,0,231,0.1,18.230234780237815,0.45036825905044503,14,19,284,2.5999999999997683
Branin-Fav,Soft Parameter Sharing,50,277,0,180,0.1,16.199452109025223,0.45036825905044503,15,19,285,2.499999999999767
Branin-Fav,Soft Parameter Sharing,50,278,0,26,0.1,18.536559150576164,0.45036825905044503,16,19,286,2.3999999999997654
Branin-Fav,Soft Parameter Sharing,50,279,0,77,0.1,16.91021348398219,0.45036825905044503,17,19,287,2.299999999999764
Branin-Fav,Soft Parameter Sharing,50,280,0,128,0.1,34.115630884484965,0.45036825905044503,18,19,288,2.1999999999997626
Branin-Fav,Soft Parameter Sharing,50,281,0,179,0.1,21.68300416615628,0.45036825905044503,19,19,289,2.099999999999761
Branin-Fav,Soft Parameter Sharing,50,282,0,332,0.1,16.79648993396289,0.45036825905044503,20,19,290,1.9999999999997597
Branin-Fav,Soft Parameter Sharing,50,283,1,248,1.0,8.013831414661592,0.45036825905044503,0,20,290,0.9999999999997584
Branin-Fav,Soft Parameter Sharing,50,284,0,25,0.1,17.32744956792935,0.35414729850105425,1,20,291,0.8999999999997584
Branin-Fav,Soft Parameter Sharing,50,285,0,281,0.1,15.778964070424415,0.35414729850105425,2,20,292,0.799999999999757
Branin-Fav,Soft Parameter Sharing,50,286,0,76,0.1,21.602787940919168,0.35414729850105425,3,20,293,0.6999999999997556
Branin-Fav,Soft Parameter Sharing,50,287,0,230,0.1,20.367022693443836,0.35414729850105425,4,20,294,0.5999999999997542
Branin-Fav,Soft Parameter Sharing,50,288,0,127,0.1,25.835205648906328,0.35414729850105425,5,20,295,0.49999999999975275
Branin-Fav,Soft Parameter Sharing,50,289,0,24,0.1,15.048732720971275,0.35414729850105425,6,20,296,0.39999999999975133
Branin-Fav,Soft Parameter Sharing,50,290,0,178,0.1,15.648457699379263,0.35414729850105425,7,20,297,0.2999999999997499
Branin-Fav,Soft Parameter Sharing,50,291,0,75,0.1,13.998676724247035,0.35414729850105425,8,20,298,0.19999999999974846
Branin-Fav,Soft Parameter Sharing,50,292,0,228,0.1,29.38771277028599,0.35414729850105425,9,20,299,0.09999999999974704
Branin-Fav,Soft Parameter Sharing,51,1,0,48,0.1,187.89402967764318,0.5,1,2,26,45.4
Branin-Fav,Soft Parameter Sharing,51,2,0,49,0.1,146.7968466313073,0.5,2,2,27,45.3
Branin-Fav,Soft Parameter Sharing,51,3,0,47,0.1,132.8771954382372,0.5,3,2,28,45.199999999999996
Branin-Fav,Soft Parameter Sharing,51,4,0,46,0.1,120.27048867273672,0.5,4,2,29,45.1
Branin-Fav,Soft Parameter Sharing,51,5,0,41,0.1,146.0997605815391,0.5,5,2,30,45.0
Branin-Fav,Soft Parameter Sharing,51,6,1,49,1.0,114.3177883303848,0.5,0,3,30,44.0
Branin-Fav,Soft Parameter Sharing,51,7,0,45,0.1,107.9357946640998,0.5,1,3,31,43.9
Branin-Fav,Soft Parameter Sharing,51,8,0,40,0.1,114.39125865509781,0.5,2,3,32,43.800000000000004
Branin-Fav,Soft Parameter Sharing,51,9,0,99,0.1,105.069094150717,0.5,3,3,33,43.7
Branin-Fav,Soft Parameter Sharing,51,10,0,98,0.1,104.606663775916,0.5,4,3,34,43.6
Branin-Fav,Soft Parameter Sharing,51,11,0,44,0.1,106.3187233329668,0.5,5,3,35,43.5
Branin-Fav,Soft Parameter Sharing,51,12,0,97,0.1,107.4196653377925,0.5,6,3,36,43.4
Branin-Fav,Soft Parameter Sharing,51,13,0,96,0.1,107.15204883819362,0.5,7,3,37,43.300000000000004
Branin-Fav,Soft Parameter Sharing,51,14,0,149,0.1,108.09957103914194,0.5,8,3,38,43.2
Branin-Fav,Soft Parameter Sharing,51,15,0,148,0.1,101.8406571720568,0.5,9,3,39,43.1
Branin-Fav,Soft Parameter Sharing,51,16,0,199,0.1,101.48201078370471,0.5,10,3,40,43.00000000000001
Branin-Fav,Soft Parameter Sharing,51,17,0,95,0.1,100.4688637338814,0.5,11,3,41,42.900000000000006
Branin-Fav,Soft Parameter Sharing,51,18,0,147,0.1,100.45052412737033,0.5,12,3,42,42.800000000000004
Branin-Fav,Soft Parameter Sharing,51,19,0,146,0.1,99.05728807639883,0.5,13,3,43,42.7
Branin-Fav,Soft Parameter Sharing,51,20,0,43,0.1,100.02247361174514,0.5,14,3,44,42.6
Branin-Fav,Soft Parameter Sharing,51,21,0,94,0.1,95.44120965511723,0.5,15,3,45,42.50000000000001
Branin-Fav,Soft Parameter Sharing,51,22,0,198,0.1,95.83032948632336,0.5,16,3,46,42.400000000000006
Branin-Fav,Soft Parameter Sharing,51,23,0,145,0.1,94.09073983441874,0.5,17,3,47,42.300000000000004
Branin-Fav,Soft Parameter Sharing,51,24,0,42,0.1,96.83813005859481,0.5,18,3,48,42.20000000000001
Branin-Fav,Soft Parameter Sharing,51,25,0,197,0.1,91.21374410314972,0.5,19,3,49,42.10000000000001
Branin-Fav,Soft Parameter Sharing,51,26,0,93,0.1,98.68920064090428,0.5,20,3,50,42.00000000000001
Branin-Fav,Soft Parameter Sharing,51,27,1,99,1.0,23.856098411226565,0.5,0,4,50,41.00000000000001
Branin-Fav,Soft Parameter Sharing,51,28,0,144,0.1,88.85743590468586,0.5,1,4,51,40.900000000000006
Branin-Fav,Soft Parameter Sharing,51,29,0,92,0.1,90.9103614433814,0.5,2,4,52,40.800000000000004
Branin-Fav,Soft Parameter Sharing,51,30,0,196,0.1,86.62451777638263,0.5,3,4,53,40.70000000000001
Branin-Fav,Soft Parameter Sharing,51,31,0,249,0.1,87.2300962844029,0.5,4,4,54,40.60000000000001
Branin-Fav,Soft Parameter Sharing,51,32,0,248,0.1,88.16894422147584,0.5,5,4,55,40.50000000000001
Branin-Fav,Soft Parameter Sharing,51,33,0,299,0.1,88.10619627472302,0.5,6,4,56,40.40000000000001
Branin-Fav,Soft Parameter Sharing,51,34,0,143,0.1,84.99102322826545,0.5,7,4,57,40.30000000000001
Branin-Fav,Soft Parameter Sharing,51,35,0,2300,0.1,87.44159737837326,0.5,8,4,58,40.20000000000001
Branin-Fav,Soft Parameter Sharing,51,36,0,247,0.1,83.39750982751109,0.5,9,4,59,40.10000000000001
Branin-Fav,Soft Parameter Sharing,51,37,0,195,0.1,83.79882896254351,0.5,10,4,60,40.00000000000001
Branin-Fav,Soft Parameter Sharing,51,38,0,298,0.1,83.46102808468802,0.5,11,4,61,39.90000000000001
Branin-Fav,Soft Parameter Sharing,51,39,0,246,0.1,81.80428198805993,0.5,12,4,62,39.80000000000001
Branin-Fav,Soft Parameter Sharing,51,40,0,297,0.1,79.4850406357129,0.5,13,4,63,39.70000000000001
Branin-Fav,Soft Parameter Sharing,51,41,0,194,0.1,80.06889943650977,0.5,14,4,64,39.600000000000016
Branin-Fav,Soft Parameter Sharing,51,42,0,91,0.1,80.8929996565538,0.5,15,4,65,39.500000000000014
Branin-Fav,Soft Parameter Sharing,51,43,0,349,0.1,79.70794776967402,0.5,16,4,66,39.40000000000001
Branin-Fav,Soft Parameter Sharing,51,44,0,245,0.1,75.27991774141661,0.5,17,4,67,39.30000000000001
Branin-Fav,Soft Parameter Sharing,51,45,0,296,0.1,74.72672104862836,0.5,18,4,68,39.20000000000001
Branin-Fav,Soft Parameter Sharing,51,46,0,142,0.1,75.16902467924699,0.5,19,4,69,39.100000000000016
Branin-Fav,Soft Parameter Sharing,51,47,0,193,0.1,75.50433949945696,0.5,20,4,70,39.000000000000014
Branin-Fav,Soft Parameter Sharing,51,48,1,149,1.0,18.323167293291696,0.5,0,5,70,38.000000000000014
Branin-Fav,Soft Parameter Sharing,51,49,0,90,0.1,147.9894390170745,0.9956426344075842,1,5,71,37.90000000000001
Branin-Fav,Soft Parameter Sharing,51,50,0,244,0.1,140.03887261610288,0.9956426344075842,2,5,72,37.80000000000002
Branin-Fav,Soft Parameter Sharing,51,51,0,348,0.1,146.25949850814848,0.9956426344075842,3,5,73,37.70000000000002
Branin-Fav,Soft Parameter Sharing,51,52,0,399,0.1,145.15972998454544,0.9956426344075842,4,5,74,37.600000000000016
Branin-Fav,Soft Parameter Sharing,51,53,0,295,0.1,140.02083800032358,0.9956426344075842,5,5,75,37.500000000000014
Branin-Fav,Soft Parameter Sharing,51,54,0,347,0.1,137.47163048239474,0.9956426344075842,6,5,76,37.40000000000001
Branin-Fav,Soft Parameter Sharing,51,55,0,192,0.1,135.9784693638116,0.9956426344075842,7,5,77,37.30000000000002
Branin-Fav,Soft Parameter Sharing,51,56,0,243,0.1,137.1284346085672,0.9956426344075842,8,5,78,37.20000000000002
Branin-Fav,Soft Parameter Sharing,51,57,0,39,0.1,138.13510706277415,0.9956426344075842,9,5,79,37.100000000000016
Branin-Fav,Soft Parameter Sharing,51,58,0,398,0.1,139.45837701999525,0.9956426344075842,10,5,80,37.00000000000002
Branin-Fav,Soft Parameter Sharing,51,59,0,346,0.1,128.32674411348012,0.9956426344075842,11,5,81,36.90000000000002
Branin-Fav,Soft Parameter Sharing,51,60,0,294,0.1,137.26871240462216,0.9956426344075842,12,5,82,36.80000000000002
Branin-Fav,Soft Parameter Sharing,51,61,0,449,0.1,136.85110538883606,0.9956426344075842,13,5,83,36.70000000000002
Branin-Fav,Soft Parameter Sharing,51,62,0,397,0.1,134.0418525138395,0.9956426344075842,14,5,84,36.600000000000016
Branin-Fav,Soft Parameter Sharing,51,63,0,448,0.1,136.23566372615812,0.9956426344075842,15,5,85,36.50000000000002
Branin-Fav,Soft Parameter Sharing,51,64,0,499,0.1,135.2747915148601,0.9956426344075842,16,5,86,36.40000000000002
Branin-Fav,Soft Parameter Sharing,51,65,0,498,0.1,128.17562360945945,0.9956426344075842,17,5,87,36.30000000000002
Branin-Fav,Soft Parameter Sharing,51,66,0,345,0.1,125.94174647851383,0.9956426344075842,18,5,88,36.200000000000024
Branin-Fav,Soft Parameter Sharing,51,67,0,2150,0.1,128.6211814643539,0.9956426344075842,19,5,89,36.10000000000002
Branin-Fav,Soft Parameter Sharing,51,68,0,396,0.1,124.92087467689879,0.9956426344075842,20,5,90,36.00000000000002
Branin-Fav,Soft Parameter Sharing,51,69,1,199,1.0,15.533217497419223,0.9956426344075842,0,6,90,35.00000000000002
Branin-Fav,Soft Parameter Sharing,51,70,0,447,0.1,121.17992360769532,0.9814579782643755,1,6,91,34.90000000000002
Branin-Fav,Soft Parameter Sharing,51,71,0,549,0.1,125.65827600891554,0.9814579782643755,2,6,92,34.80000000000002
Branin-Fav,Soft Parameter Sharing,51,72,0,395,0.1,127.81701730422125,0.9814579782643755,3,6,93,34.700000000000024
Branin-Fav,Soft Parameter Sharing,51,73,0,293,0.1,117.14295858180878,0.9814579782643755,4,6,94,34.60000000000002
Branin-Fav,Soft Parameter Sharing,51,74,0,497,0.1,110.58199333752079,0.9814579782643755,5,6,95,34.50000000000002
Branin-Fav,Soft Parameter Sharing,51,75,0,344,0.1,118.68539991245542,0.9814579782643755,6,6,96,34.40000000000003
Branin-Fav,Soft Parameter Sharing,51,76,0,394,0.1,107.53717174729428,0.9814579782643755,7,6,97,34.300000000000026
Branin-Fav,Soft Parameter Sharing,51,77,0,445,0.1,116.91972538298745,0.9814579782643755,8,6,98,34.200000000000024
Branin-Fav,Soft Parameter Sharing,51,78,0,548,0.1,106.27700739952631,0.9814579782643755,9,6,99,34.10000000000002
Branin-Fav,Soft Parameter Sharing,51,79,0,599,0.1,119.56534959681257,0.9814579782643755,10,6,100,34.00000000000002
Branin-Fav,Soft Parameter Sharing,51,80,0,242,0.1,105.05080541826224,0.9814579782643755,11,6,101,33.90000000000003
Branin-Fav,Soft Parameter Sharing,51,81,0,649,0.1,120.90199546292077,0.9814579782643755,12,6,102,33.800000000000026
Branin-Fav,Soft Parameter Sharing,51,82,0,343,0.1,101.28399414815962,0.9814579782643755,13,6,103,33.700000000000024
Branin-Fav,Soft Parameter Sharing,51,83,0,141,0.1,105.4727705725076,0.9814579782643755,14,6,104,33.60000000000002
Branin-Fav,Soft Parameter Sharing,51,84,0,496,0.1,113.39792505970658,0.9814579782643755,15,6,105,33.50000000000002
Branin-Fav,Soft Parameter Sharing,51,85,0,598,0.1,114.74765479993525,0.9814579782643755,16,6,106,33.40000000000002
Branin-Fav,Soft Parameter Sharing,51,86,0,547,0.1,103.2073429569633,0.9814579782643755,17,6,107,33.30000000000002
Branin-Fav,Soft Parameter Sharing,51,87,0,292,0.1,102.01606915905188,0.9814579782643755,18,6,108,33.20000000000002
Branin-Fav,Soft Parameter Sharing,51,88,0,495,0.1,106.26441819998065,0.9814579782643755,19,6,109,33.100000000000016
Branin-Fav,Soft Parameter Sharing,51,89,0,546,0.1,97.3584603099932,0.9814579782643755,20,6,110,33.000000000000014
Branin-Fav,Soft Parameter Sharing,51,90,1,249,1.0,13.42309651913952,0.9814579782643755,0,7,110,32.000000000000014
Branin-Fav,Soft Parameter Sharing,51,91,0,444,0.1,102.13873282463037,0.9364470168693037,1,7,111,31.900000000000013
Branin-Fav,Soft Parameter Sharing,51,92,0,1750,0.1,101.56497193681838,0.9364470168693037,2,7,112,31.80000000000001
Branin-Fav,Soft Parameter Sharing,51,93,0,191,0.1,97.06406211968823,0.9364470168693037,3,7,113,31.70000000000001
Branin-Fav,Soft Parameter Sharing,51,94,0,393,0.1,96.82732289836733,0.9364470168693037,4,7,114,31.60000000000001
Branin-Fav,Soft Parameter Sharing,51,95,0,342,0.1,92.13863541222047,0.9364470168693037,5,7,115,31.500000000000007
Branin-Fav,Soft Parameter Sharing,51,96,0,443,0.1,90.70528095689123,0.9364470168693037,6,7,116,31.400000000000006
Branin-Fav,Soft Parameter Sharing,51,97,0,597,0.1,93.12274175298592,0.9364470168693037,7,7,117,31.300000000000004
Branin-Fav,Soft Parameter Sharing,51,98,0,545,0.1,88.70026434993308,0.9364470168693037,8,7,118,31.200000000000003
Branin-Fav,Soft Parameter Sharing,51,99,0,241,0.1,92.30581995117693,0.9364470168693037,9,7,119,31.1
Branin-Fav,Soft Parameter Sharing,51,100,0,494,0.1,90.43281471875511,0.9364470168693037,10,7,120,31.0
Branin-Fav,Soft Parameter Sharing,51,101,0,392,0.1,84.89581344579643,0.9364470168693037,11,7,121,30.9
Branin-Fav,Soft Parameter Sharing,51,102,0,291,0.1,84.26919911346505,0.9364470168693037,12,7,122,30.799999999999997
Branin-Fav,Soft Parameter Sharing,51,103,0,648,0.1,87.74938288618672,0.9364470168693037,13,7,123,30.699999999999996
Branin-Fav,Soft Parameter Sharing,51,104,0,596,0.1,84.1891897387762,0.9364470168693037,14,7,124,30.599999999999994
Branin-Fav,Soft Parameter Sharing,51,105,0,493,0.1,85.41751184842276,0.9364470168693037,15,7,125,30.499999999999993
Branin-Fav,Soft Parameter Sharing,51,106,0,699,0.1,93.87891572629174,0.9364470168693037,16,7,126,30.39999999999999
Branin-Fav,Soft Parameter Sharing,51,107,0,647,0.1,84.57973910119655,0.9364470168693037,17,7,127,30.29999999999999
Branin-Fav,Soft Parameter Sharing,51,108,0,544,0.1,81.17916366663638,0.9364470168693037,18,7,128,30.19999999999999
Branin-Fav,Soft Parameter Sharing,51,109,0,341,0.1,78.9681168631,0.9364470168693037,19,7,129,30.099999999999987
Branin-Fav,Soft Parameter Sharing,51,110,0,595,0.1,77.83908025014503,0.9364470168693037,20,7,130,29.999999999999986
Branin-Fav,Soft Parameter Sharing,51,111,1,48,1.0,11.937338465408303,0.9364470168693037,0,8,130,28.999999999999986
Branin-Fav,Soft Parameter Sharing,51,112,0,140,0.1,52.26968958945422,0.6523233984051651,1,8,131,28.899999999999984
Branin-Fav,Soft Parameter Sharing,51,113,0,698,0.1,52.57510116130869,0.6523233984051651,2,8,132,28.799999999999983
Branin-Fav,Soft Parameter Sharing,51,114,0,190,0.1,51.479518334361956,0.6523233984051651,3,8,133,28.69999999999998
Branin-Fav,Soft Parameter Sharing,51,115,0,749,0.1,54.82289427712237,0.6523233984051651,4,8,134,28.59999999999998
Branin-Fav,Soft Parameter Sharing,51,116,0,240,0.1,51.54955189312429,0.6523233984051651,5,8,135,28.49999999999998
Branin-Fav,Soft Parameter Sharing,51,117,0,290,0.1,50.295808032786624,0.6523233984051651,6,8,136,28.399999999999977
Branin-Fav,Soft Parameter Sharing,51,118,0,442,0.1,52.481200467914526,0.6523233984051651,7,8,137,28.299999999999976
Branin-Fav,Soft Parameter Sharing,51,119,0,391,0.1,49.77856102966344,0.6523233984051651,8,8,138,28.199999999999974
Branin-Fav,Soft Parameter Sharing,51,120,0,89,0.1,46.53323608181183,0.6523233984051651,9,8,139,28.099999999999973
Branin-Fav,Soft Parameter Sharing,51,121,0,139,0.1,43.409658562437734,0.6523233984051651,10,8,140,27.99999999999997
Branin-Fav,Soft Parameter Sharing,51,122,0,38,0.1,50.03374523447972,0.6523233984051651,11,8,141,27.89999999999997
Branin-Fav,Soft Parameter Sharing,51,123,0,646,0.1,48.00333584278307,0.6523233984051651,12,8,142,27.79999999999997
Branin-Fav,Soft Parameter Sharing,51,124,0,543,0.1,45.45242430065553,0.6523233984051651,13,8,143,27.699999999999967
Branin-Fav,Soft Parameter Sharing,51,125,0,492,0.1,47.488989009748614,0.6523233984051651,14,8,144,27.599999999999966
Branin-Fav,Soft Parameter Sharing,51,126,0,799,0.1,51.79141644588006,0.6523233984051651,15,8,145,27.499999999999964
Branin-Fav,Soft Parameter Sharing,51,127,0,697,0.1,45.321995669491955,0.6523233984051651,16,8,146,27.399999999999963
Branin-Fav,Soft Parameter Sharing,51,128,0,2050,0.1,44.7451921001541,0.6523233984051651,17,8,147,27.29999999999996
Branin-Fav,Soft Parameter Sharing,51,129,0,441,0.1,44.945469272028,0.6523233984051651,18,8,148,27.19999999999996
Branin-Fav,Soft Parameter Sharing,51,130,0,594,0.1,42.647357008434675,0.6523233984051651,19,8,149,27.09999999999996
Branin-Fav,Soft Parameter Sharing,51,131,0,189,0.1,39.33819551457557,0.6523233984051651,20,8,150,26.999999999999957
Branin-Fav,Soft Parameter Sharing,51,132,1,98,1.0,10.533985864453458,0.6523233984051651,0,9,150,25.999999999999957
Branin-Fav,Soft Parameter Sharing,51,133,0,748,0.1,43.51862528233131,0.6411690957786339,1,9,151,25.899999999999956
Branin-Fav,Soft Parameter Sharing,51,134,0,645,0.1,42.59021830471576,0.6411690957786339,2,9,152,25.799999999999955
Branin-Fav,Soft Parameter Sharing,51,135,0,340,0.1,40.56769607731207,0.6411690957786339,3,9,153,25.699999999999953
Branin-Fav,Soft Parameter Sharing,51,136,0,542,0.1,42.419379268996565,0.6411690957786339,4,9,154,25.59999999999995
Branin-Fav,Soft Parameter Sharing,51,137,0,593,0.1,39.60983185658111,0.6411690957786339,5,9,155,25.49999999999995
Branin-Fav,Soft Parameter Sharing,51,138,0,696,0.1,37.447037540756384,0.6411690957786339,6,9,156,25.39999999999995
Branin-Fav,Soft Parameter Sharing,51,139,0,644,0.1,40.25132750686968,0.6411690957786339,7,9,157,25.299999999999947
Branin-Fav,Soft Parameter Sharing,51,140,0,747,0.1,37.63016563116077,0.6411690957786339,8,9,158,25.199999999999946
Branin-Fav,Soft Parameter Sharing,51,141,0,390,0.1,40.6333345386974,0.6411690957786339,9,9,159,25.099999999999945
Branin-Fav,Soft Parameter Sharing,51,142,0,37,0.1,38.78055312963463,0.6411690957786339,10,9,160,24.999999999999943
Branin-Fav,Soft Parameter Sharing,51,143,0,491,0.1,37.352931562176295,0.6411690957786339,11,9,161,24.89999999999994
Branin-Fav,Soft Parameter Sharing,51,144,0,440,0.1,38.98833499545709,0.6411690957786339,12,9,162,24.79999999999994
Branin-Fav,Soft Parameter Sharing,51,145,0,695,0.1,36.5511893786256,0.6411690957786339,13,9,163,24.69999999999994
Branin-Fav,Soft Parameter Sharing,51,146,0,849,0.1,42.08636468632109,0.6411690957786339,14,9,164,24.599999999999937
Branin-Fav,Soft Parameter Sharing,51,147,0,592,0.1,34.52937948669686,0.6411690957786339,15,9,165,24.499999999999936
Branin-Fav,Soft Parameter Sharing,51,148,0,88,0.1,39.41805300340295,0.6411690957786339,16,9,166,24.399999999999935
Branin-Fav,Soft Parameter Sharing,51,149,0,289,0.1,36.14439007158621,0.6411690957786339,17,9,167,24.299999999999933
Branin-Fav,Soft Parameter Sharing,51,150,0,239,0.1,35.32265369362979,0.6411690957786339,18,9,168,24.199999999999932
Branin-Fav,Soft Parameter Sharing,51,151,0,798,0.1,35.881864863799834,0.6411690957786339,19,9,169,24.09999999999993
Branin-Fav,Soft Parameter Sharing,51,152,0,643,0.1,34.43567557560819,0.6411690957786339,20,9,170,23.99999999999993
Branin-Fav,Soft Parameter Sharing,51,153,1,299,1.0,10.376955881970593,0.6411690957786339,0,10,170,22.99999999999993
Branin-Fav,Soft Parameter Sharing,51,154,0,541,0.1,23.268960358464604,0.43840369846338517,1,10,171,22.899999999999928
Branin-Fav,Soft Parameter Sharing,51,155,0,746,0.1,21.856056132938797,0.43840369846338517,2,10,172,22.799999999999926
Branin-Fav,Soft Parameter Sharing,51,156,0,694,0.1,22.615019421973813,0.43840369846338517,3,10,173,22.699999999999925
Branin-Fav,Soft Parameter Sharing,51,157,0,339,0.1,22.521470318364205,0.43840369846338517,4,10,174,22.599999999999923
Branin-Fav,Soft Parameter Sharing,51,158,0,797,0.1,22.435938320176952,0.43840369846338517,5,10,175,22.499999999999922
Branin-Fav,Soft Parameter Sharing,51,159,0,490,0.1,20.764127230644736,0.43840369846338517,6,10,176,22.39999999999992
Branin-Fav,Soft Parameter Sharing,51,160,0,138,0.1,21.071293594996867,0.43840369846338517,7,10,177,22.29999999999992
Branin-Fav,Soft Parameter Sharing,51,161,0,389,0.1,20.228346360016143,0.43840369846338517,8,10,178,22.199999999999918
Branin-Fav,Soft Parameter Sharing,51,162,0,2200,0.1,22.028620103255435,0.43840369846338517,9,10,179,22.099999999999916
Branin-Fav,Soft Parameter Sharing,51,163,0,1700,0.1,20.308543591871317,0.43840369846338517,10,10,180,21.999999999999915
Branin-Fav,Soft Parameter Sharing,51,164,0,591,0.1,19.36795200296636,0.43840369846338517,11,10,181,21.899999999999913
Branin-Fav,Soft Parameter Sharing,51,165,0,848,0.1,22.419004006029486,0.43840369846338517,12,10,182,21.799999999999912
Branin-Fav,Soft Parameter Sharing,51,166,0,642,0.1,19.966815444890567,0.43840369846338517,13,10,183,21.69999999999991
Branin-Fav,Soft Parameter Sharing,51,167,0,439,0.1,20.662821713424744,0.43840369846338517,14,10,184,21.59999999999991
Branin-Fav,Soft Parameter Sharing,51,168,0,745,0.1,19.418822541424383,0.43840369846338517,15,10,185,21.499999999999908
Branin-Fav,Soft Parameter Sharing,51,169,0,188,0.1,18.70168711475987,0.43840369846338517,16,10,186,21.399999999999906
Branin-Fav,Soft Parameter Sharing,51,170,0,693,0.1,18.533175245538814,0.43840369846338517,17,10,187,21.299999999999905
Branin-Fav,Soft Parameter Sharing,51,171,0,238,0.1,18.37610996832115,0.43840369846338517,18,10,188,21.199999999999903
Branin-Fav,Soft Parameter Sharing,51,172,0,288,0.1,19.962259963072757,0.43840369846338517,19,10,189,21.099999999999902
Branin-Fav,Soft Parameter Sharing,51,173,0,540,0.1,18.305321223149075,0.43840369846338517,20,10,190,20.9999999999999
Branin-Fav,Soft Parameter Sharing,51,174,1,449,1.0,10.08195946244385,0.43840369846338517,0,11,190,19.9999999999999
Branin-Fav,Soft Parameter Sharing,51,175,1,699,1.0,12.203452663080617,0.2687820629609748,0,12,190,18.9999999999999
Branin-Fav,Soft Parameter Sharing,51,176,0,87,0.1,20.377270583695843,0.4833059513427769,1,12,191,18.8999999999999
Branin-Fav,Soft Parameter Sharing,51,177,0,36,0.1,21.107697319995918,0.4833059513427769,2,12,192,18.799999999999898
Branin-Fav,Soft Parameter Sharing,51,178,0,796,0.1,19.199808759126242,0.4833059513427769,3,12,193,18.699999999999896
Branin-Fav,Soft Parameter Sharing,51,179,0,489,0.1,18.536049825267362,0.4833059513427769,4,12,194,18.599999999999895
Branin-Fav,Soft Parameter Sharing,51,180,0,338,0.1,18.474887220563314,0.4833059513427769,5,12,195,18.499999999999893
Branin-Fav,Soft Parameter Sharing,51,181,0,388,0.1,18.037293412607045,0.4833059513427769,6,12,196,18.399999999999892
Branin-Fav,Soft Parameter Sharing,51,182,0,30,0.1,31.801769424197133,0.4833059513427769,7,12,197,18.29999999999989
Branin-Fav,Soft Parameter Sharing,51,183,0,137,0.1,18.91541193040503,0.4833059513427769,8,12,198,18.19999999999989
Branin-Fav,Soft Parameter Sharing,51,184,0,187,0.1,18.045585948969237,0.4833059513427769,9,12,199,18.099999999999888
Branin-Fav,Soft Parameter Sharing,51,185,0,237,0.1,18.534764349837623,0.4833059513427769,10,12,200,17.999999999999886
Branin-Fav,Soft Parameter Sharing,51,186,0,744,0.1,17.547353529976117,0.4833059513427769,11,12,201,17.899999999999885
Branin-Fav,Soft Parameter Sharing,51,187,0,1800,0.1,19.015022939509606,0.4833059513427769,12,12,202,17.799999999999883
Branin-Fav,Soft Parameter Sharing,51,188,0,86,0.1,19.163283463706097,0.4833059513427769,13,12,203,17.699999999999882
Branin-Fav,Soft Parameter Sharing,51,189,0,590,0.1,17.077395111313066,0.4833059513427769,14,12,204,17.59999999999988
Branin-Fav,Soft Parameter Sharing,51,190,0,899,0.1,19.79762864860928,0.4833059513427769,15,12,205,17.49999999999988
Branin-Fav,Soft Parameter Sharing,51,191,0,35,0.1,21.782359438703907,0.4833059513427769,16,12,206,17.399999999999878
Branin-Fav,Soft Parameter Sharing,51,192,0,287,0.1,16.274802643844577,0.4833059513427769,17,12,207,17.299999999999876
Branin-Fav,Soft Parameter Sharing,51,193,0,438,0.1,16.34663908030772,0.4833059513427769,18,12,208,17.199999999999875
Branin-Fav,Soft Parameter Sharing,51,194,0,136,0.1,17.25165995363101,0.4833059513427769,19,12,209,17.099999999999874
Branin-Fav,Soft Parameter Sharing,51,195,0,34,0.1,18.33867218259167,0.4833059513427769,20,12,210,16.999999999999872
Branin-Fav,Soft Parameter Sharing,51,196,1,549,1.0,9.585594512789424,0.4833059513427769,0,13,210,15.999999999999872
Branin-Fav,Soft Parameter Sharing,51,197,0,186,0.1,20.939415473636863,0.5548170181631145,1,13,211,15.899999999999872
Branin-Fav,Soft Parameter Sharing,51,198,0,641,0.1,20.633748128299672,0.5548170181631145,2,13,212,15.799999999999871
Branin-Fav,Soft Parameter Sharing,51,199,0,337,0.1,18.8854918391836,0.5548170181631145,3,13,213,15.69999999999987
Branin-Fav,Soft Parameter Sharing,51,200,0,31,0.1,19.330658657219917,0.5548170181631145,4,13,214,15.599999999999868
Branin-Fav,Soft Parameter Sharing,51,201,0,85,0.1,18.11347511449088,0.5548170181631145,5,13,215,15.499999999999867
Branin-Fav,Soft Parameter Sharing,51,202,0,539,0.1,19.203037636791915,0.5548170181631145,6,13,216,15.399999999999865
Branin-Fav,Soft Parameter Sharing,51,203,0,847,0.1,17.82274680616831,0.5548170181631145,7,13,217,15.299999999999864
Branin-Fav,Soft Parameter Sharing,51,204,0,33,0.1,23.56542376084681,0.5548170181631145,8,13,218,15.199999999999863
Branin-Fav,Soft Parameter Sharing,51,205,0,236,0.1,17.628726162987192,0.5548170181631145,9,13,219,15.099999999999861
Branin-Fav,Soft Parameter Sharing,51,206,0,32,0.1,20.79306190255475,0.5548170181631145,10,13,220,14.99999999999986
Branin-Fav,Soft Parameter Sharing,51,207,0,488,0.1,18.879910424991202,0.5548170181631145,11,13,221,14.899999999999858
Branin-Fav,Soft Parameter Sharing,51,208,0,81,0.1,22.55979144834317,0.5548170181631145,12,13,222,14.799999999999857
Branin-Fav,Soft Parameter Sharing,51,209,0,83,0.1,23.40837949227576,0.5548170181631145,13,13,223,14.699999999999855
Branin-Fav,Soft Parameter Sharing,51,210,0,84,0.1,23.138669407388324,0.5548170181631145,14,13,224,14.599999999999854
Branin-Fav,Soft Parameter Sharing,51,211,0,82,0.1,24.958444997793723,0.5548170181631145,15,13,225,14.499999999999853
Branin-Fav,Soft Parameter Sharing,51,212,0,29,0.1,24.838769907193047,0.5548170181631145,16,13,226,14.399999999999851
Branin-Fav,Soft Parameter Sharing,51,213,0,80,0.1,19.968330826703873,0.5548170181631145,17,13,227,14.29999999999985
Branin-Fav,Soft Parameter Sharing,51,214,0,135,0.1,19.43067735006027,0.5548170181631145,18,13,228,14.199999999999848
Branin-Fav,Soft Parameter Sharing,51,215,0,185,0.1,20.086069017337024,0.5548170181631145,19,13,229,14.099999999999847
Branin-Fav,Soft Parameter Sharing,51,216,0,28,0.1,23.127949950828185,0.5548170181631145,20,13,230,13.999999999999845
Branin-Fav,Soft Parameter Sharing,51,217,1,599,1.0,10.277863254605837,0.5548170181631145,0,14,230,12.999999999999844
Branin-Fav,Soft Parameter Sharing,51,218,0,134,0.1,23.538363112669735,0.6204997403103449,1,14,231,12.899999999999844
Branin-Fav,Soft Parameter Sharing,51,219,0,132,0.1,26.89264324600874,0.6204997403103449,2,14,232,12.799999999999843
Branin-Fav,Soft Parameter Sharing,51,220,0,184,0.1,22.585094840357822,0.6204997403103449,3,14,233,12.699999999999841
Branin-Fav,Soft Parameter Sharing,51,221,0,133,0.1,22.795259585905292,0.6204997403103449,4,14,234,12.59999999999984
Branin-Fav,Soft Parameter Sharing,51,222,0,131,0.1,28.61458238638891,0.6204997403103449,5,14,235,12.499999999999838
Branin-Fav,Soft Parameter Sharing,51,223,0,130,0.1,27.138618560361813,0.6204997403103449,6,14,236,12.399999999999837
Branin-Fav,Soft Parameter Sharing,51,224,0,79,0.1,28.264972471705754,0.6204997403103449,7,14,237,12.299999999999836
Branin-Fav,Soft Parameter Sharing,51,225,0,182,0.1,27.755726024319436,0.6204997403103449,8,14,238,12.199999999999834
Branin-Fav,Soft Parameter Sharing,51,226,0,78,0.1,28.12138653290032,0.6204997403103449,9,14,239,12.099999999999833
Branin-Fav,Soft Parameter Sharing,51,227,0,27,0.1,29.163290663577634,0.6204997403103449,10,14,240,11.999999999999831
Branin-Fav,Soft Parameter Sharing,51,228,0,235,0.1,22.302525160384217,0.6204997403103449,11,14,241,11.89999999999983
Branin-Fav,Soft Parameter Sharing,51,229,0,183,0.1,22.233464870080564,0.6204997403103449,12,14,242,11.799999999999828
Branin-Fav,Soft Parameter Sharing,51,230,0,181,0.1,30.159952045672586,0.6204997403103449,13,14,243,11.699999999999827
Branin-Fav,Soft Parameter Sharing,51,231,0,26,0.1,33.665170136301946,0.6204997403103449,14,14,244,11.599999999999826
Branin-Fav,Soft Parameter Sharing,51,232,0,129,0.1,29.66555810969027,0.6204997403103449,15,14,245,11.499999999999824
Branin-Fav,Soft Parameter Sharing,51,233,0,77,0.1,27.359258505250423,0.6204997403103449,16,14,246,11.399999999999823
Branin-Fav,Soft Parameter Sharing,51,234,0,128,0.1,30.771635887947685,0.6204997403103449,17,14,247,11.299999999999821
Branin-Fav,Soft Parameter Sharing,51,235,0,25,0.1,30.070943746650478,0.6204997403103449,18,14,248,11.19999999999982
Branin-Fav,Soft Parameter Sharing,51,236,0,180,0.1,29.995139848220454,0.6204997403103449,19,14,249,11.099999999999818
Branin-Fav,Soft Parameter Sharing,51,237,0,179,0.1,31.856087993045154,0.6204997403103449,20,14,250,10.999999999999817
Branin-Fav,Soft Parameter Sharing,51,238,1,649,1.0,8.749727925077224,0.6204997403103449,0,15,250,9.999999999999815
Branin-Fav,Soft Parameter Sharing,51,239,0,230,0.1,38.99606820208745,0.6616498969396599,1,15,251,9.899999999999816
Branin-Fav,Soft Parameter Sharing,51,240,0,76,0.1,26.740118500123035,0.6616498969396599,2,15,252,9.799999999999814
Branin-Fav,Soft Parameter Sharing,51,241,0,127,0.1,30.481103877367687,0.6616498969396599,3,15,253,9.699999999999813
Branin-Fav,Soft Parameter Sharing,51,242,0,229,0.1,42.05640595945203,0.6616498969396599,4,15,254,9.599999999999811
Branin-Fav,Soft Parameter Sharing,51,243,0,178,0.1,34.79425123820441,0.6616498969396599,5,15,255,9.49999999999981
Branin-Fav,Soft Parameter Sharing,51,244,0,126,0.1,32.53414165764448,0.6616498969396599,6,15,256,9.399999999999809
Branin-Fav,Soft Parameter Sharing,51,245,0,75,0.1,35.31405724638326,0.6616498969396599,7,15,257,9.299999999999807
Branin-Fav,Soft Parameter Sharing,51,246,0,24,0.1,35.63278716052151,0.6616498969396599,8,15,258,9.199999999999806
Branin-Fav,Soft Parameter Sharing,51,247,0,177,0.1,36.51342687081099,0.6616498969396599,9,15,259,9.099999999999804
Branin-Fav,Soft Parameter Sharing,51,248,0,23,0.1,35.31975774882244,0.6616498969396599,10,15,260,8.999999999999803
Branin-Fav,Soft Parameter Sharing,51,249,0,228,0.1,41.60888196902534,0.6616498969396599,11,15,261,8.899999999999801
Branin-Fav,Soft Parameter Sharing,51,250,0,231,0.1,33.645140159705846,0.6616498969396599,12,15,262,8.7999999999998
Branin-Fav,Soft Parameter Sharing,51,251,0,125,0.1,38.31695729445553,0.6616498969396599,13,15,263,8.699999999999799
Branin-Fav,Soft Parameter Sharing,51,252,0,279,0.1,49.32144401229004,0.6616498969396599,14,15,264,8.599999999999797
Branin-Fav,Soft Parameter Sharing,51,253,0,74,0.1,38.72106508992617,0.6616498969396599,15,15,265,8.499999999999796
Branin-Fav,Soft Parameter Sharing,51,254,0,176,0.1,36.90545507899119,0.6616498969396599,16,15,266,8.399999999999794
Branin-Fav,Soft Parameter Sharing,51,255,0,227,0.1,37.70224268295074,0.6616498969396599,17,15,267,8.299999999999793
Branin-Fav,Soft Parameter Sharing,51,256,0,278,0.1,38.3320748283301,0.6616498969396599,18,15,268,8.199999999999791
Branin-Fav,Soft Parameter Sharing,51,257,0,175,0.1,32.77113717137299,0.6616498969396599,19,15,269,8.09999999999979
Branin-Fav,Soft Parameter Sharing,51,258,0,280,0.1,40.44724983164543,0.6616498969396599,20,15,270,7.999999999999789
Branin-Fav,Soft Parameter Sharing,51,259,1,749,1.0,8.822864314493149,0.6616498969396599,0,16,270,6.999999999999787
Branin-Fav,Soft Parameter Sharing,51,260,0,329,0.1,41.19476380645638,0.6190592737451228,1,16,271,6.899999999999787
Branin-Fav,Soft Parameter Sharing,51,261,0,277,0.1,33.62421102535995,0.6190592737451228,2,16,272,6.799999999999786
Branin-Fav,Soft Parameter Sharing,51,262,0,328,0.1,37.14583361084342,0.6190592737451228,3,16,273,6.699999999999784
Branin-Fav,Soft Parameter Sharing,51,263,0,226,0.1,39.36178738193321,0.6190592737451228,4,16,274,6.599999999999783
Branin-Fav,Soft Parameter Sharing,51,264,0,327,0.1,40.176205643941756,0.6190592737451228,5,16,275,6.4999999999997815
Branin-Fav,Soft Parameter Sharing,51,265,0,378,0.1,40.071445738854734,0.6190592737451228,6,16,276,6.39999999999978
Branin-Fav,Soft Parameter Sharing,51,266,0,379,0.1,42.899301654071714,0.6190592737451228,7,16,277,6.299999999999779
Branin-Fav,Soft Parameter Sharing,51,267,0,377,0.1,42.20597540863594,0.6190592737451228,8,16,278,6.199999999999777
Branin-Fav,Soft Parameter Sharing,51,268,0,428,0.1,41.703308999156455,0.6190592737451228,9,16,279,6.099999999999776
Branin-Fav,Soft Parameter Sharing,51,269,0,276,0.1,38.158518117003176,0.6190592737451228,10,16,280,5.999999999999774
Branin-Fav,Soft Parameter Sharing,51,270,0,124,0.1,39.17515954316658,0.6190592737451228,11,16,281,5.899999999999773
Branin-Fav,Soft Parameter Sharing,51,271,0,330,0.1,45.00534548780882,0.6190592737451228,12,16,282,5.799999999999772
Branin-Fav,Soft Parameter Sharing,51,272,0,429,0.1,45.66899192058736,0.6190592737451228,13,16,283,5.69999999999977
Branin-Fav,Soft Parameter Sharing,51,273,0,281,0.1,35.11838539225125,0.6190592737451228,14,16,284,5.599999999999769
Branin-Fav,Soft Parameter Sharing,51,274,0,427,0.1,49.36822396410833,0.6190592737451228,15,16,285,5.499999999999767
Branin-Fav,Soft Parameter Sharing,51,275,0,225,0.1,37.47708472040008,0.6190592737451228,16,16,286,5.399999999999766
Branin-Fav,Soft Parameter Sharing,51,276,0,477,0.1,42.10470965874338,0.6190592737451228,17,16,287,5.2999999999997645
Branin-Fav,Soft Parameter Sharing,51,277,0,478,0.1,44.66813550066552,0.6190592737451228,18,16,288,5.199999999999763
Branin-Fav,Soft Parameter Sharing,51,278,0,326,0.1,39.8282393538407,0.6190592737451228,19,16,289,5.099999999999762
Branin-Fav,Soft Parameter Sharing,51,279,0,376,0.1,42.92346692212609,0.6190592737451228,20,16,290,4.99999999999976
Branin-Fav,Soft Parameter Sharing,51,280,1,499,1.0,9.412595856753159,0.6190592737451228,0,17,290,3.9999999999997584
Branin-Fav,Soft Parameter Sharing,51,281,0,426,0.1,36.77634486707389,0.5992540868768399,1,17,291,3.8999999999997583
Branin-Fav,Soft Parameter Sharing,51,282,0,380,0.1,39.79497104572398,0.5992540868768399,2,17,292,3.799999999999757
Branin-Fav,Soft Parameter Sharing,51,283,0,476,0.1,37.43634530570608,0.5992540868768399,3,17,293,3.6999999999997555
Branin-Fav,Soft Parameter Sharing,51,284,0,528,0.1,41.02103206748339,0.5992540868768399,4,17,294,3.599999999999754
Branin-Fav,Soft Parameter Sharing,51,285,0,527,0.1,42.84947319944211,0.5992540868768399,5,17,295,3.4999999999997526
Branin-Fav,Soft Parameter Sharing,51,286,0,526,0.1,35.256842165058174,0.5992540868768399,6,17,296,3.399999999999751
Branin-Fav,Soft Parameter Sharing,51,287,0,577,0.1,48.35564699485456,0.5992540868768399,7,17,297,3.29999999999975
Branin-Fav,Soft Parameter Sharing,51,288,0,479,0.1,41.55290451906052,0.5992540868768399,8,17,298,3.1999999999997484
Branin-Fav,Soft Parameter Sharing,51,289,0,578,0.1,44.17963982237784,0.5992540868768399,9,17,299,3.099999999999747
Branin-Fav,Soft Parameter Sharing,51,290,0,529,0.1,43.87981842851616,0.5992540868768399,10,17,300,2.9999999999997455
Branin-Fav,Soft Parameter Sharing,51,291,0,579,0.1,47.90635435341651,0.5992540868768399,11,17,301,2.899999999999744
Branin-Fav,Soft Parameter Sharing,51,292,0,430,0.1,39.36573907630483,0.5992540868768399,12,17,302,2.7999999999997427
Branin-Fav,Soft Parameter Sharing,51,293,0,480,0.1,38.625686263455805,0.5992540868768399,13,17,303,2.6999999999997413
Branin-Fav,Soft Parameter Sharing,51,294,0,627,0.1,39.19446367672655,0.5992540868768399,14,17,304,2.59999999999974
Branin-Fav,Soft Parameter Sharing,51,295,0,628,0.1,42.122718930695235,0.5992540868768399,15,17,305,2.4999999999997384
Branin-Fav,Soft Parameter Sharing,51,296,0,576,0.1,42.53948868675595,0.5992540868768399,16,17,306,2.399999999999737
Branin-Fav,Soft Parameter Sharing,51,297,0,525,0.1,38.972887290418235,0.5992540868768399,17,17,307,2.2999999999997356
Branin-Fav,Soft Parameter Sharing,51,298,0,530,0.1,43.9899628459928,0.5992540868768399,18,17,308,2.199999999999734
Branin-Fav,Soft Parameter Sharing,51,299,0,626,0.1,48.389306636492755,0.5992540868768399,19,17,309,2.0999999999997327
Branin-Fav,Soft Parameter Sharing,51,300,0,575,0.1,41.55687671655234,0.5992540868768399,20,17,310,1.9999999999997313
Branin-Fav,Soft Parameter Sharing,51,301,1,399,1.0,8.807231168416818,0.5992540868768399,0,18,310,0.99999999999973
Branin-Fav,Soft Parameter Sharing,51,302,0,629,0.1,39.983215408434795,0.5628286246909115,1,18,311,0.89999999999973
Branin-Fav,Soft Parameter Sharing,51,303,0,677,0.1,40.907999264200825,0.5628286246909115,2,18,312,0.7999999999997286
Branin-Fav,Soft Parameter Sharing,51,304,0,425,0.1,41.16703129616419,0.5628286246909115,3,18,313,0.6999999999997272
Branin-Fav,Soft Parameter Sharing,51,305,0,475,0.1,37.745662854920376,0.5628286246909115,4,18,314,0.5999999999997258
Branin-Fav,Soft Parameter Sharing,51,306,0,676,0.1,41.235205422395616,0.5628286246909115,5,18,315,0.49999999999972433
Branin-Fav,Soft Parameter Sharing,51,307,0,678,0.1,39.37015698260759,0.5628286246909115,6,18,316,0.3999999999997229
Branin-Fav,Soft Parameter Sharing,51,308,0,625,0.1,40.48448599676001,0.5628286246909115,7,18,317,0.2999999999997215
Branin-Fav,Soft Parameter Sharing,51,309,0,375,0.1,41.7512892919231,0.5628286246909115,8,18,318,0.19999999999972004
Branin-Fav,Soft Parameter Sharing,51,310,0,574,0.1,38.51602270693764,0.5628286246909115,9,18,319,0.09999999999971862
Branin-Fav,Soft Parameter Sharing,52,1,0,32,0.1,126.68090294359456,0.5,1,2,26,45.4
Branin-Fav,Soft Parameter Sharing,52,2,0,2400,0.1,133.3313249590148,0.5,2,2,27,45.3
Branin-Fav,Soft Parameter Sharing,52,3,0,282,0.1,122.50376606829721,0.5,3,2,28,45.199999999999996
Branin-Fav,Soft Parameter Sharing,52,4,0,281,0.1,137.74901900277123,0.5,4,2,29,45.1
Branin-Fav,Soft Parameter Sharing,52,5,0,2300,0.1,119.26313750358194,0.5,5,2,30,45.0
Branin-Fav,Soft Parameter Sharing,52,6,0,576,0.1,120.06897476659518,0.5,6,2,31,44.9
Branin-Fav,Soft Parameter Sharing,52,7,0,34,0.1,122.58587870256683,0.5,7,2,32,44.800000000000004
Branin-Fav,Soft Parameter Sharing,52,8,0,237,0.1,121.13752232120125,0.5,8,2,33,44.7
Branin-Fav,Soft Parameter Sharing,52,9,0,142,0.1,126.27877678888176,0.5,9,2,34,44.6
Branin-Fav,Soft Parameter Sharing,52,10,0,33,0.1,122.470326980284,0.5,10,2,35,44.5
Branin-Fav,Soft Parameter Sharing,52,11,0,187,0.1,116.21924778335031,0.5,11,2,36,44.4
Branin-Fav,Soft Parameter Sharing,52,12,0,433,0.1,100.71212696683574,0.5,12,2,37,44.300000000000004
Branin-Fav,Soft Parameter Sharing,52,13,0,43,0.1,124.56855288032396,0.5,13,2,38,44.2
Branin-Fav,Soft Parameter Sharing,52,14,0,577,0.1,107.99941640960236,0.5,14,2,39,44.1
Branin-Fav,Soft Parameter Sharing,52,15,0,40,0.1,114.26242273449738,0.5,15,2,40,44.00000000000001
Branin-Fav,Soft Parameter Sharing,52,16,0,385,0.1,113.76402420570872,0.5,16,2,41,43.900000000000006
Branin-Fav,Soft Parameter Sharing,52,17,0,149,0.1,110.21275138402824,0.5,17,2,42,43.800000000000004
Branin-Fav,Soft Parameter Sharing,52,18,0,49,0.1,104.23575973278695,0.5,18,2,43,43.7
Branin-Fav,Soft Parameter Sharing,52,19,0,532,0.1,109.5291410233498,0.5,19,2,44,43.6
Branin-Fav,Soft Parameter Sharing,52,20,0,38,0.1,108.39280419575611,0.5,20,2,45,43.50000000000001
Branin-Fav,Soft Parameter Sharing,52,21,1,39,1.0,81.85648637071841,0.5,0,3,45,42.50000000000001
Branin-Fav,Soft Parameter Sharing,52,22,0,44,0.1,101.63482550921394,0.5,1,3,46,42.400000000000006
Branin-Fav,Soft Parameter Sharing,52,23,0,383,0.1,96.94068041384007,0.5,2,3,47,42.300000000000004
Branin-Fav,Soft Parameter Sharing,52,24,0,287,0.1,96.56947266433222,0.5,3,3,48,42.20000000000001
Branin-Fav,Soft Parameter Sharing,52,25,0,483,0.1,97.59222037755245,0.5,4,3,49,42.10000000000001
Branin-Fav,Soft Parameter Sharing,52,26,0,37,0.1,94.68377998076448,0.5,5,3,50,42.00000000000001
Branin-Fav,Soft Parameter Sharing,52,27,0,725,0.1,105.19771808175193,0.5,6,3,51,41.900000000000006
Branin-Fav,Soft Parameter Sharing,52,28,0,2100,0.1,93.39538824463685,0.5,7,3,52,41.800000000000004
Branin-Fav,Soft Parameter Sharing,52,29,0,87,0.1,88.11276466077695,0.5,8,3,53,41.70000000000001
Branin-Fav,Soft Parameter Sharing,52,30,0,2450,0.1,89.5022288174123,0.5,9,3,54,41.60000000000001
Branin-Fav,Soft Parameter Sharing,52,31,0,41,0.1,86.46064634786026,0.5,10,3,55,41.50000000000001
Branin-Fav,Soft Parameter Sharing,52,32,0,2451,0.1,85.5305295497774,0.5,11,3,56,41.40000000000001
Branin-Fav,Soft Parameter Sharing,52,33,0,89,0.1,82.56671565106781,0.5,12,3,57,41.30000000000001
Branin-Fav,Soft Parameter Sharing,52,34,0,288,0.1,81.72009078504672,0.5,13,3,58,41.20000000000001
Branin-Fav,Soft Parameter Sharing,52,35,0,626,0.1,88.583057332285,0.5,14,3,59,41.10000000000001
Branin-Fav,Soft Parameter Sharing,52,36,0,2350,0.1,81.85186357011499,0.5,15,3,60,41.00000000000001
Branin-Fav,Soft Parameter Sharing,52,37,0,88,0.1,83.11687428887404,0.5,16,3,61,40.90000000000001
Branin-Fav,Soft Parameter Sharing,52,38,0,86,0.1,79.00488012120836,0.5,17,3,62,40.80000000000001
Branin-Fav,Soft Parameter Sharing,52,39,0,531,0.1,82.14511685671492,0.5,18,3,63,40.70000000000001
Branin-Fav,Soft Parameter Sharing,52,40,0,239,0.1,77.96026360364056,0.5,19,3,64,40.600000000000016
Branin-Fav,Soft Parameter Sharing,52,41,0,484,0.1,77.60662772055154,0.5,20,3,65,40.500000000000014
Branin-Fav,Soft Parameter Sharing,52,42,1,49,1.0,23.9810607295411,0.5,0,4,65,39.500000000000014
Branin-Fav,Soft Parameter Sharing,52,43,0,449,0.1,84.5421146172057,0.5,1,4,66,39.40000000000001
Branin-Fav,Soft Parameter Sharing,52,44,0,434,0.1,71.1845132782852,0.5,2,4,67,39.30000000000001
Branin-Fav,Soft Parameter Sharing,52,45,0,193,0.1,80.06579631405747,0.5,3,4,68,39.20000000000001
Branin-Fav,Soft Parameter Sharing,52,46,0,334,0.1,69.1980340150312,0.5,4,4,69,39.100000000000016
Branin-Fav,Soft Parameter Sharing,52,47,0,42,0.1,72.4548876362153,0.5,5,4,70,39.000000000000014
Branin-Fav,Soft Parameter Sharing,52,48,0,99,0.1,82.96129020713717,0.5,6,4,71,38.90000000000001
Branin-Fav,Soft Parameter Sharing,52,49,0,299,0.1,83.66494093110568,0.5,7,4,72,38.80000000000002
Branin-Fav,Soft Parameter Sharing,52,50,0,45,0.1,82.00161932876672,0.5,8,4,73,38.70000000000002
Branin-Fav,Soft Parameter Sharing,52,51,0,48,0.1,80.73621211259113,0.5,9,4,74,38.600000000000016
Branin-Fav,Soft Parameter Sharing,52,52,0,98,0.1,79.0349539878607,0.5,10,4,75,38.500000000000014
Branin-Fav,Soft Parameter Sharing,52,53,0,199,0.1,77.4782110463091,0.5,11,4,76,38.40000000000001
Branin-Fav,Soft Parameter Sharing,52,54,0,47,0.1,84.55611289629779,0.5,12,4,77,38.30000000000002
Branin-Fav,Soft Parameter Sharing,52,55,0,293,0.1,77.8644625278757,0.5,13,4,78,38.20000000000002
Branin-Fav,Soft Parameter Sharing,52,56,0,148,0.1,84.1852064086833,0.5,14,4,79,38.100000000000016
Branin-Fav,Soft Parameter Sharing,52,57,0,46,0.1,76.81590343649276,0.5,15,4,80,38.00000000000002
Branin-Fav,Soft Parameter Sharing,52,58,0,95,0.1,75.82661799344585,0.5,16,4,81,37.90000000000002
Branin-Fav,Soft Parameter Sharing,52,59,0,97,0.1,75.3101288143699,0.5,17,4,82,37.80000000000002
Branin-Fav,Soft Parameter Sharing,52,60,0,96,0.1,73.75032758225032,0.5,18,4,83,37.70000000000002
Branin-Fav,Soft Parameter Sharing,52,61,0,94,0.1,77.55228324282285,0.5,19,4,84,37.600000000000016
Branin-Fav,Soft Parameter Sharing,52,62,0,249,0.1,73.13026390903119,0.5,20,4,85,37.50000000000002
Branin-Fav,Soft Parameter Sharing,52,63,1,48,1.0,17.168808846365128,0.5,0,5,85,36.50000000000002
Branin-Fav,Soft Parameter Sharing,52,64,0,147,0.1,72.55585042191342,0.5,1,5,86,36.40000000000002
Branin-Fav,Soft Parameter Sharing,52,65,0,349,0.1,86.57550378446494,0.5,2,5,87,36.30000000000002
Branin-Fav,Soft Parameter Sharing,52,66,0,348,0.1,79.3173388888993,0.5,3,5,88,36.200000000000024
Branin-Fav,Soft Parameter Sharing,52,67,0,399,0.1,85.56543014050703,0.5,4,5,89,36.10000000000002
Branin-Fav,Soft Parameter Sharing,52,68,0,146,0.1,74.95893344943028,0.5,5,5,90,36.00000000000002
Branin-Fav,Soft Parameter Sharing,52,69,0,394,0.1,77.70469137013127,0.5,6,5,91,35.90000000000002
Branin-Fav,Soft Parameter Sharing,52,70,0,145,0.1,73.79813940111976,0.5,7,5,92,35.80000000000002
Branin-Fav,Soft Parameter Sharing,52,71,0,198,0.1,77.0393714896559,0.5,8,5,93,35.700000000000024
Branin-Fav,Soft Parameter Sharing,52,72,0,144,0.1,73.84832827511106,0.5,9,5,94,35.60000000000002
Branin-Fav,Soft Parameter Sharing,52,73,0,197,0.1,71.69510640975425,0.5,10,5,95,35.50000000000002
Branin-Fav,Soft Parameter Sharing,52,74,0,248,0.1,78.78009867791248,0.5,11,5,96,35.40000000000003
Branin-Fav,Soft Parameter Sharing,52,75,0,398,0.1,80.30870116397263,0.5,12,5,97,35.300000000000026
Branin-Fav,Soft Parameter Sharing,52,76,0,196,0.1,71.46339415730634,0.5,13,5,98,35.200000000000024
Branin-Fav,Soft Parameter Sharing,52,77,0,247,0.1,71.9451614733211,0.5,14,5,99,35.10000000000002
Branin-Fav,Soft Parameter Sharing,52,78,0,195,0.1,72.5521898191268,0.5,15,5,100,35.00000000000002
Branin-Fav,Soft Parameter Sharing,52,79,0,194,0.1,70.26256287444791,0.5,16,5,101,34.90000000000003
Branin-Fav,Soft Parameter Sharing,52,80,0,246,0.1,67.72004546582302,0.5,17,5,102,34.800000000000026
Branin-Fav,Soft Parameter Sharing,52,81,0,245,0.1,70.02394263548463,0.5,18,5,103,34.700000000000024
Branin-Fav,Soft Parameter Sharing,52,82,0,298,0.1,75.00894827359384,0.5,19,5,104,34.60000000000003
Branin-Fav,Soft Parameter Sharing,52,83,0,93,0.1,75.21495667650188,0.5,20,5,105,34.50000000000003
Branin-Fav,Soft Parameter Sharing,52,84,1,47,1.0,15.736766290886454,0.5,0,6,105,33.50000000000003
Branin-Fav,Soft Parameter Sharing,52,85,0,244,0.1,132.2365058227247,0.9935949073181065,1,6,106,33.40000000000003
Branin-Fav,Soft Parameter Sharing,52,86,0,143,0.1,133.99792711178304,0.9935949073181065,2,6,107,33.300000000000026
Branin-Fav,Soft Parameter Sharing,52,87,0,297,0.1,135.86907933178503,0.9935949073181065,3,6,108,33.200000000000024
Branin-Fav,Soft Parameter Sharing,52,88,0,243,0.1,133.98901375884623,0.9935949073181065,4,6,109,33.10000000000002
Branin-Fav,Soft Parameter Sharing,52,89,0,92,0.1,129.18417588473378,0.9935949073181065,5,6,110,33.00000000000002
Branin-Fav,Soft Parameter Sharing,52,90,0,296,0.1,122.41866249897342,0.9935949073181065,6,6,111,32.90000000000002
Branin-Fav,Soft Parameter Sharing,52,91,0,91,0.1,132.87125616006242,0.9935949073181065,7,6,112,32.80000000000002
Branin-Fav,Soft Parameter Sharing,52,92,0,295,0.1,121.1616414500806,0.9935949073181065,8,6,113,32.70000000000002
Branin-Fav,Soft Parameter Sharing,52,93,0,347,0.1,139.98606096381835,0.9935949073181065,9,6,114,32.600000000000016
Branin-Fav,Soft Parameter Sharing,52,94,0,294,0.1,128.09043076342013,0.9935949073181065,10,6,115,32.500000000000014
Branin-Fav,Soft Parameter Sharing,52,95,0,499,0.1,138.42421129448257,0.9935949073181065,11,6,116,32.40000000000001
Branin-Fav,Soft Parameter Sharing,52,96,0,346,0.1,124.98651058139362,0.9935949073181065,12,6,117,32.30000000000001
Branin-Fav,Soft Parameter Sharing,52,97,0,2050,0.1,124.87180176215905,0.9935949073181065,13,6,118,32.20000000000001
Branin-Fav,Soft Parameter Sharing,52,98,0,141,0.1,110.45504006837106,0.9935949073181065,14,6,119,32.10000000000001
Branin-Fav,Soft Parameter Sharing,52,99,0,345,0.1,120.2717897150379,0.9935949073181065,15,6,120,32.00000000000001
Branin-Fav,Soft Parameter Sharing,52,100,0,344,0.1,137.90954100013278,0.9935949073181065,16,6,121,31.900000000000006
Branin-Fav,Soft Parameter Sharing,52,101,0,397,0.1,120.13544746836341,0.9935949073181065,17,6,122,31.800000000000004
Branin-Fav,Soft Parameter Sharing,52,102,0,448,0.1,122.2734986942109,0.9935949073181065,18,6,123,31.700000000000003
Branin-Fav,Soft Parameter Sharing,52,103,0,447,0.1,141.3652397232917,0.9935949073181065,19,6,124,31.6
Branin-Fav,Soft Parameter Sharing,52,104,0,242,0.1,110.76458153271531,0.9935949073181065,20,6,125,31.5
Branin-Fav,Soft Parameter Sharing,52,105,1,46,1.0,13.119324566394472,0.9935949073181065,0,7,125,30.5
Branin-Fav,Soft Parameter Sharing,52,106,0,343,0.1,122.84034911007215,0.9363359500075654,1,7,126,30.4
Branin-Fav,Soft Parameter Sharing,52,107,0,396,0.1,129.29356391046605,0.9363359500075654,2,7,127,30.299999999999997
Branin-Fav,Soft Parameter Sharing,52,108,0,395,0.1,118.67303893555047,0.9363359500075654,3,7,128,30.199999999999996
Branin-Fav,Soft Parameter Sharing,52,109,0,292,0.1,109.00792666490256,0.9363359500075654,4,7,129,30.099999999999994
Branin-Fav,Soft Parameter Sharing,52,110,0,191,0.1,107.20804652459616,0.9363359500075654,5,7,130,29.999999999999993
Branin-Fav,Soft Parameter Sharing,52,111,0,241,0.1,102.05319692071919,0.9363359500075654,6,7,131,29.89999999999999
Branin-Fav,Soft Parameter Sharing,52,112,0,498,0.1,117.4273988442057,0.9363359500075654,7,7,132,29.79999999999999
Branin-Fav,Soft Parameter Sharing,52,113,0,291,0.1,95.87886403049627,0.9363359500075654,8,7,133,29.69999999999999
Branin-Fav,Soft Parameter Sharing,52,114,0,90,0.1,101.17712601494684,0.9363359500075654,9,7,134,29.599999999999987
Branin-Fav,Soft Parameter Sharing,52,115,0,393,0.1,112.77557560409629,0.9363359500075654,10,7,135,29.499999999999986
Branin-Fav,Soft Parameter Sharing,52,116,0,446,0.1,117.56174133302164,0.9363359500075654,11,7,136,29.399999999999984
Branin-Fav,Soft Parameter Sharing,52,117,0,392,0.1,111.53987811947462,0.9363359500075654,12,7,137,29.299999999999983
Branin-Fav,Soft Parameter Sharing,52,118,0,140,0.1,97.91328383133373,0.9363359500075654,13,7,138,29.19999999999998
Branin-Fav,Soft Parameter Sharing,52,119,0,342,0.1,91.72395801290175,0.9363359500075654,14,7,139,29.09999999999998
Branin-Fav,Soft Parameter Sharing,52,120,0,341,0.1,100.79761365638244,0.9363359500075654,15,7,140,28.99999999999998
Branin-Fav,Soft Parameter Sharing,52,121,0,549,0.1,107.24250009208613,0.9363359500075654,16,7,141,28.899999999999977
Branin-Fav,Soft Parameter Sharing,52,122,0,391,0.1,99.2297936977445,0.9363359500075654,17,7,142,28.799999999999976
Branin-Fav,Soft Parameter Sharing,52,123,0,2000,0.1,100.10584151024307,0.9363359500075654,18,7,143,28.699999999999974
Branin-Fav,Soft Parameter Sharing,52,124,0,190,0.1,93.73630071179772,0.9363359500075654,19,7,144,28.599999999999973
Branin-Fav,Soft Parameter Sharing,52,125,0,240,0.1,92.06007788101618,0.9363359500075654,20,7,145,28.49999999999997
Branin-Fav,Soft Parameter Sharing,52,126,1,45,1.0,11.805961081420953,0.9363359500075654,0,8,145,27.49999999999997
Branin-Fav,Soft Parameter Sharing,52,127,0,497,0.1,75.93162888697508,0.6374127658206227,1,8,146,27.39999999999997
Branin-Fav,Soft Parameter Sharing,52,128,0,445,0.1,58.94669579089826,0.6374127658206227,2,8,147,27.29999999999997
Branin-Fav,Soft Parameter Sharing,52,129,0,290,0.1,58.92024434864394,0.6374127658206227,3,8,148,27.199999999999967
Branin-Fav,Soft Parameter Sharing,52,130,0,444,0.1,58.46095925495743,0.6374127658206227,4,8,149,27.099999999999966
Branin-Fav,Soft Parameter Sharing,52,131,0,548,0.1,66.7259825428524,0.6374127658206227,5,8,150,26.999999999999964
Branin-Fav,Soft Parameter Sharing,52,132,0,443,0.1,66.11792197130261,0.6374127658206227,6,8,151,26.899999999999963
Branin-Fav,Soft Parameter Sharing,52,133,0,496,0.1,69.42887927203125,0.6374127658206227,7,8,152,26.79999999999996
Branin-Fav,Soft Parameter Sharing,52,134,0,495,0.1,64.87930222089976,0.6374127658206227,8,8,153,26.69999999999996
Branin-Fav,Soft Parameter Sharing,52,135,0,1900,0.1,62.04671375654345,0.6374127658206227,9,8,154,26.59999999999996
Branin-Fav,Soft Parameter Sharing,52,136,0,442,0.1,61.895955589044085,0.6374127658206227,10,8,155,26.499999999999957
Branin-Fav,Soft Parameter Sharing,52,137,0,599,0.1,55.94338538793722,0.6374127658206227,11,8,156,26.399999999999956
Branin-Fav,Soft Parameter Sharing,52,138,0,340,0.1,59.60702588729797,0.6374127658206227,12,8,157,26.299999999999955
Branin-Fav,Soft Parameter Sharing,52,139,0,390,0.1,60.04071892996422,0.6374127658206227,13,8,158,26.199999999999953
Branin-Fav,Soft Parameter Sharing,52,140,0,289,0.1,54.44013091342574,0.6374127658206227,14,8,159,26.09999999999995
Branin-Fav,Soft Parameter Sharing,52,141,0,339,0.1,57.55522086863326,0.6374127658206227,15,8,160,25.99999999999995
Branin-Fav,Soft Parameter Sharing,52,142,0,441,0.1,61.2280214236612,0.6374127658206227,16,8,161,25.89999999999995
Branin-Fav,Soft Parameter Sharing,52,143,0,440,0.1,56.31465185791553,0.6374127658206227,17,8,162,25.799999999999947
Branin-Fav,Soft Parameter Sharing,52,144,0,494,0.1,53.80056302803105,0.6374127658206227,18,8,163,25.699999999999946
Branin-Fav,Soft Parameter Sharing,52,145,0,493,0.1,58.675985105751636,0.6374127658206227,19,8,164,25.599999999999945
Branin-Fav,Soft Parameter Sharing,52,146,0,547,0.1,60.18896287124165,0.6374127658206227,20,8,165,25.499999999999943
Branin-Fav,Soft Parameter Sharing,52,147,1,44,1.0,10.566668714608173,0.6374127658206227,0,9,165,24.499999999999943
Branin-Fav,Soft Parameter Sharing,52,148,0,492,0.1,32.04198128162932,0.3927659801251621,1,9,166,24.39999999999994
Branin-Fav,Soft Parameter Sharing,52,149,0,139,0.1,31.277167451741285,0.3927659801251621,2,9,167,24.29999999999994
Branin-Fav,Soft Parameter Sharing,52,150,0,389,0.1,30.649229117434125,0.3927659801251621,3,9,168,24.19999999999994
Branin-Fav,Soft Parameter Sharing,52,151,0,189,0.1,30.271710087553274,0.3927659801251621,4,9,169,24.099999999999937
Branin-Fav,Soft Parameter Sharing,52,152,0,338,0.1,28.39019251002038,0.3927659801251621,5,9,170,23.999999999999936
Branin-Fav,Soft Parameter Sharing,52,153,0,546,0.1,37.750863876970854,0.3927659801251621,6,9,171,23.899999999999935
Branin-Fav,Soft Parameter Sharing,52,154,0,649,0.1,36.97193787628567,0.3927659801251621,7,9,172,23.799999999999933
Branin-Fav,Soft Parameter Sharing,52,155,0,598,0.1,34.56249901803184,0.3927659801251621,8,9,173,23.699999999999932
Branin-Fav,Soft Parameter Sharing,52,156,0,1950,0.1,29.80378975815908,0.3927659801251621,9,9,174,23.59999999999993
Branin-Fav,Soft Parameter Sharing,52,157,0,597,0.1,29.826725821185736,0.3927659801251621,10,9,175,23.49999999999993
Branin-Fav,Soft Parameter Sharing,52,158,0,491,0.1,32.122614233926114,0.3927659801251621,11,9,176,23.399999999999928
Branin-Fav,Soft Parameter Sharing,52,159,0,648,0.1,30.879726204017768,0.3927659801251621,12,9,177,23.299999999999926
Branin-Fav,Soft Parameter Sharing,52,160,0,238,0.1,28.253747447132575,0.3927659801251621,13,9,178,23.199999999999925
Branin-Fav,Soft Parameter Sharing,52,161,0,699,0.1,33.266701487080354,0.3927659801251621,14,9,179,23.099999999999923
Branin-Fav,Soft Parameter Sharing,52,162,0,545,0.1,26.46045946110958,0.3927659801251621,15,9,180,22.999999999999922
Branin-Fav,Soft Parameter Sharing,52,163,0,544,0.1,29.713439412653123,0.3927659801251621,16,9,181,22.89999999999992
Branin-Fav,Soft Parameter Sharing,52,164,0,439,0.1,30.68296287006105,0.3927659801251621,17,9,182,22.79999999999992
Branin-Fav,Soft Parameter Sharing,52,165,0,490,0.1,29.707263642879273,0.3927659801251621,18,9,183,22.699999999999918
Branin-Fav,Soft Parameter Sharing,52,166,0,543,0.1,27.22979086877145,0.3927659801251621,19,9,184,22.599999999999916
Branin-Fav,Soft Parameter Sharing,52,167,0,596,0.1,28.28222397081081,0.3927659801251621,20,9,185,22.499999999999915
Branin-Fav,Soft Parameter Sharing,52,168,1,43,1.0,10.037019018085617,0.3927659801251621,0,10,185,21.499999999999915
Branin-Fav,Soft Parameter Sharing,52,169,0,542,0.1,44.1608804242533,0.5529260637454365,1,10,186,21.399999999999913
Branin-Fav,Soft Parameter Sharing,52,170,0,388,0.1,37.32014805485381,0.5529260637454365,2,10,187,21.299999999999912
Branin-Fav,Soft Parameter Sharing,52,171,0,647,0.1,37.15106114614767,0.5529260637454365,3,10,188,21.19999999999991
Branin-Fav,Soft Parameter Sharing,52,172,0,489,0.1,43.34494886161399,0.5529260637454365,4,10,189,21.09999999999991
Branin-Fav,Soft Parameter Sharing,52,173,0,438,0.1,36.52086345415168,0.5529260637454365,5,10,190,20.999999999999908
Branin-Fav,Soft Parameter Sharing,52,174,0,2150,0.1,35.40859731642365,0.5529260637454365,6,10,191,20.899999999999906
Branin-Fav,Soft Parameter Sharing,52,175,0,595,0.1,34.70566513632337,0.5529260637454365,7,10,192,20.799999999999905
Branin-Fav,Soft Parameter Sharing,52,176,0,541,0.1,37.08606582479869,0.5529260637454365,8,10,193,20.699999999999903
Branin-Fav,Soft Parameter Sharing,52,177,0,698,0.1,34.444215266180386,0.5529260637454365,9,10,194,20.599999999999902
Branin-Fav,Soft Parameter Sharing,52,178,0,488,0.1,34.26295439550726,0.5529260637454365,10,10,195,20.4999999999999
Branin-Fav,Soft Parameter Sharing,52,179,0,749,0.1,39.99354782065563,0.5529260637454365,11,10,196,20.3999999999999
Branin-Fav,Soft Parameter Sharing,52,180,0,540,0.1,38.140024353053526,0.5529260637454365,12,10,197,20.299999999999898
Branin-Fav,Soft Parameter Sharing,52,181,0,387,0.1,35.53216676576051,0.5529260637454365,13,10,198,20.199999999999896
Branin-Fav,Soft Parameter Sharing,52,182,0,437,0.1,33.28496794720818,0.5529260637454365,14,10,199,20.099999999999895
Branin-Fav,Soft Parameter Sharing,52,183,0,188,0.1,32.58414185044424,0.5529260637454365,15,10,200,19.999999999999893
Branin-Fav,Soft Parameter Sharing,52,184,0,594,0.1,35.77802468266686,0.5529260637454365,16,10,201,19.899999999999892
Branin-Fav,Soft Parameter Sharing,52,185,0,539,0.1,31.295304140587767,0.5529260637454365,17,10,202,19.79999999999989
Branin-Fav,Soft Parameter Sharing,52,186,0,1850,0.1,40.45698820130398,0.5529260637454365,18,10,203,19.69999999999989
Branin-Fav,Soft Parameter Sharing,52,187,0,487,0.1,33.05577323827917,0.5529260637454365,19,10,204,19.599999999999888
Branin-Fav,Soft Parameter Sharing,52,188,0,593,0.1,35.443985624218236,0.5529260637454365,20,10,205,19.499999999999886
Branin-Fav,Soft Parameter Sharing,52,189,1,99,1.0,9.746303690947682,0.5529260637454365,0,11,205,18.499999999999886
Branin-Fav,Soft Parameter Sharing,52,190,0,138,0.1,32.330598411277634,0.506344677578467,1,11,206,18.399999999999885
Branin-Fav,Soft Parameter Sharing,52,191,0,580,0.1,33.50572525382199,0.506344677578467,2,11,207,18.299999999999883
Branin-Fav,Soft Parameter Sharing,52,192,0,646,0.1,28.607280773949604,0.506344677578467,3,11,208,18.199999999999882
Branin-Fav,Soft Parameter Sharing,52,193,0,592,0.1,31.543370826715762,0.506344677578467,4,11,209,18.09999999999988
Branin-Fav,Soft Parameter Sharing,52,194,0,137,0.1,28.550025041099325,0.506344677578467,5,11,210,17.99999999999988
Branin-Fav,Soft Parameter Sharing,52,195,0,538,0.1,28.24470172644763,0.506344677578467,6,11,211,17.899999999999878
Branin-Fav,Soft Parameter Sharing,52,196,0,799,0.1,30.13849332101324,0.506344677578467,7,11,212,17.799999999999876
Branin-Fav,Soft Parameter Sharing,52,197,0,748,0.1,30.300566632433156,0.506344677578467,8,11,213,17.699999999999875
Branin-Fav,Soft Parameter Sharing,52,198,0,697,0.1,32.20111305449991,0.506344677578467,9,11,214,17.599999999999874
Branin-Fav,Soft Parameter Sharing,52,199,0,645,0.1,27.869492410718124,0.506344677578467,10,11,215,17.499999999999872
Branin-Fav,Soft Parameter Sharing,52,200,0,337,0.1,25.96453012271093,0.506344677578467,11,11,216,17.39999999999987
Branin-Fav,Soft Parameter Sharing,52,201,0,581,0.1,26.684553525255073,0.506344677578467,12,11,217,17.29999999999987
Branin-Fav,Soft Parameter Sharing,52,202,0,2001,0.1,24.06013258028022,0.506344677578467,13,11,218,17.199999999999868
Branin-Fav,Soft Parameter Sharing,52,203,0,529,0.1,29.601847159716613,0.506344677578467,14,11,219,17.099999999999866
Branin-Fav,Soft Parameter Sharing,52,204,0,286,0.1,26.044561163353077,0.506344677578467,15,11,220,16.999999999999865
Branin-Fav,Soft Parameter Sharing,52,205,0,591,0.1,26.84933494349165,0.506344677578467,16,11,221,16.899999999999864
Branin-Fav,Soft Parameter Sharing,52,206,0,336,0.1,24.07779943217792,0.506344677578467,17,11,222,16.799999999999862
Branin-Fav,Soft Parameter Sharing,52,207,0,590,0.1,27.882325355774984,0.506344677578467,18,11,223,16.69999999999986
Branin-Fav,Soft Parameter Sharing,52,208,0,537,0.1,27.715846857612746,0.506344677578467,19,11,224,16.59999999999986
Branin-Fav,Soft Parameter Sharing,52,209,0,436,0.1,24.458934925089338,0.506344677578467,20,11,225,16.499999999999858
Branin-Fav,Soft Parameter Sharing,52,210,1,98,1.0,9.20970554183274,0.506344677578467,0,12,225,15.499999999999858
Branin-Fav,Soft Parameter Sharing,52,211,0,486,0.1,26.845527709710375,0.5478943553780172,1,12,226,15.399999999999858
Branin-Fav,Soft Parameter Sharing,52,212,0,386,0.1,25.134095174505237,0.5478943553780172,2,12,227,15.299999999999857
Branin-Fav,Soft Parameter Sharing,52,213,0,435,0.1,24.929610440141882,0.5478943553780172,3,12,228,15.199999999999855
Branin-Fav,Soft Parameter Sharing,52,214,0,644,0.1,26.087409768618155,0.5478943553780172,4,12,229,15.099999999999854
Branin-Fav,Soft Parameter Sharing,52,215,0,696,0.1,25.46645742807171,0.5478943553780172,5,12,230,14.999999999999853
Branin-Fav,Soft Parameter Sharing,52,216,0,536,0.1,25.139250994841948,0.5478943553780172,6,12,231,14.899999999999851
Branin-Fav,Soft Parameter Sharing,52,217,0,589,0.1,26.278716214159143,0.5478943553780172,7,12,232,14.79999999999985
Branin-Fav,Soft Parameter Sharing,52,218,0,2250,0.1,25.885179682239745,0.5478943553780172,8,12,233,14.699999999999848
Branin-Fav,Soft Parameter Sharing,52,219,0,186,0.1,25.330235866139223,0.5478943553780172,9,12,234,14.599999999999847
Branin-Fav,Soft Parameter Sharing,52,220,0,335,0.1,24.08502793680407,0.5478943553780172,10,12,235,14.499999999999845
Branin-Fav,Soft Parameter Sharing,52,221,0,588,0.1,24.026272743161012,0.5478943553780172,11,12,236,14.399999999999844
Branin-Fav,Soft Parameter Sharing,52,222,0,579,0.1,35.25925101937665,0.5478943553780172,12,12,237,14.299999999999843
Branin-Fav,Soft Parameter Sharing,52,223,0,480,0.1,44.25785953760563,0.5478943553780172,13,12,238,14.199999999999841
Branin-Fav,Soft Parameter Sharing,52,224,0,1800,0.1,23.970249619245294,0.5478943553780172,14,12,239,14.09999999999984
Branin-Fav,Soft Parameter Sharing,52,225,0,643,0.1,24.440413098921347,0.5478943553780172,15,12,240,13.999999999999838
Branin-Fav,Soft Parameter Sharing,52,226,0,587,0.1,25.879071043504364,0.5478943553780172,16,12,241,13.899999999999837
Branin-Fav,Soft Parameter Sharing,52,227,0,642,0.1,22.514207555341514,0.5478943553780172,17,12,242,13.799999999999836
Branin-Fav,Soft Parameter Sharing,52,228,0,36,0.1,26.236126845661374,0.5478943553780172,18,12,243,13.699999999999834
Branin-Fav,Soft Parameter Sharing,52,229,0,485,0.1,23.095055347213094,0.5478943553780172,19,12,244,13.599999999999833
Branin-Fav,Soft Parameter Sharing,52,230,0,236,0.1,22.234085034759943,0.5478943553780172,20,12,245,13.499999999999831
Branin-Fav,Soft Parameter Sharing,52,231,1,97,1.0,8.118028792827964,0.5478943553780172,0,13,245,12.49999999999983
Branin-Fav,Soft Parameter Sharing,52,232,0,530,0.1,30.595471278277763,0.6126128275292055,1,13,246,12.39999999999983
Branin-Fav,Soft Parameter Sharing,52,233,0,747,0.1,28.033737583946703,0.6126128275292055,2,13,247,12.299999999999828
Branin-Fav,Soft Parameter Sharing,52,234,0,630,0.1,27.471599637439923,0.6126128275292055,3,13,248,12.199999999999827
Branin-Fav,Soft Parameter Sharing,52,235,0,628,0.1,42.12765848674295,0.6126128275292055,4,13,249,12.099999999999826
Branin-Fav,Soft Parameter Sharing,52,236,0,136,0.1,25.82996241456359,0.6126128275292055,5,13,250,11.999999999999824
Branin-Fav,Soft Parameter Sharing,52,237,0,535,0.1,24.12822396891704,0.6126128275292055,6,13,251,11.899999999999823
Branin-Fav,Soft Parameter Sharing,52,238,0,528,0.1,27.915232678003385,0.6126128275292055,7,13,252,11.799999999999821
Branin-Fav,Soft Parameter Sharing,52,239,0,629,0.1,28.336442525901692,0.6126128275292055,8,13,253,11.69999999999982
Branin-Fav,Soft Parameter Sharing,52,240,0,479,0.1,33.483860250625185,0.6126128275292055,9,13,254,11.599999999999818
Branin-Fav,Soft Parameter Sharing,52,241,0,641,0.1,26.604969928004895,0.6126128275292055,10,13,255,11.499999999999817
Branin-Fav,Soft Parameter Sharing,52,242,0,379,0.1,42.616760116825176,0.6126128275292055,11,13,256,11.399999999999816
Branin-Fav,Soft Parameter Sharing,52,243,0,429,0.1,40.35951884025818,0.6126128275292055,12,13,257,11.299999999999814
Branin-Fav,Soft Parameter Sharing,52,244,0,533,0.1,25.07028204576896,0.6126128275292055,13,13,258,11.199999999999813
Branin-Fav,Soft Parameter Sharing,52,245,0,534,0.1,27.14970011030909,0.6126128275292055,14,13,259,11.099999999999811
Branin-Fav,Soft Parameter Sharing,52,246,0,578,0.1,41.58612597173553,0.6126128275292055,15,13,260,10.99999999999981
Branin-Fav,Soft Parameter Sharing,52,247,0,584,0.1,25.529855453245535,0.6126128275292055,16,13,261,10.899999999999809
Branin-Fav,Soft Parameter Sharing,52,248,0,481,0.1,27.92997765963616,0.6126128275292055,17,13,262,10.799999999999807
Branin-Fav,Soft Parameter Sharing,52,249,0,677,0.1,31.71108367268152,0.6126128275292055,18,13,263,10.699999999999806
Branin-Fav,Soft Parameter Sharing,52,250,0,384,0.1,24.443735831161927,0.6126128275292055,19,13,264,10.599999999999804
Branin-Fav,Soft Parameter Sharing,52,251,0,430,0.1,31.077715779021162,0.6126128275292055,20,13,265,10.499999999999803
Branin-Fav,Soft Parameter Sharing,52,252,1,96,1.0,7.568042135906529,0.6126128275292055,0,14,265,9.499999999999801
Branin-Fav,Soft Parameter Sharing,52,253,0,678,0.1,43.718683901984406,0.6334841000667452,1,14,266,9.399999999999801
Branin-Fav,Soft Parameter Sharing,52,254,0,627,0.1,38.49336582625331,0.6334841000667452,2,14,267,9.2999999999998
Branin-Fav,Soft Parameter Sharing,52,255,0,478,0.1,41.424950440309765,0.6334841000667452,3,14,268,9.199999999999799
Branin-Fav,Soft Parameter Sharing,52,256,0,285,0.1,26.829725159060107,0.6334841000667452,4,14,269,9.099999999999797
Branin-Fav,Soft Parameter Sharing,52,257,0,585,0.1,25.447338728191628,0.6334841000667452,5,14,270,8.999999999999796
Branin-Fav,Soft Parameter Sharing,52,258,0,583,0.1,25.913314840856117,0.6334841000667452,6,14,271,8.899999999999794
Branin-Fav,Soft Parameter Sharing,52,259,0,30,0.1,41.16090802823949,0.6334841000667452,7,14,272,8.799999999999793
Branin-Fav,Soft Parameter Sharing,52,260,0,482,0.1,28.88608271732738,0.6334841000667452,8,14,273,8.699999999999791
Branin-Fav,Soft Parameter Sharing,52,261,0,380,0.1,39.80632306537109,0.6334841000667452,9,14,274,8.59999999999979
Branin-Fav,Soft Parameter Sharing,52,262,0,527,0.1,42.518442230636936,0.6334841000667452,10,14,275,8.499999999999789
Branin-Fav,Soft Parameter Sharing,52,263,0,728,0.1,47.75455307008166,0.6334841000667452,11,14,276,8.399999999999787
Branin-Fav,Soft Parameter Sharing,52,264,0,679,0.1,29.661473266236758,0.6334841000667452,12,14,277,8.299999999999786
Branin-Fav,Soft Parameter Sharing,52,265,0,582,0.1,27.476731960562883,0.6334841000667452,13,14,278,8.199999999999784
Branin-Fav,Soft Parameter Sharing,52,266,0,333,0.1,25.7273150189395,0.6334841000667452,14,14,279,8.099999999999783
Branin-Fav,Soft Parameter Sharing,52,267,0,586,0.1,25.69075517743517,0.6334841000667452,15,14,280,7.9999999999997815
Branin-Fav,Soft Parameter Sharing,52,268,0,329,0.1,41.66857102237913,0.6334841000667452,16,14,281,7.89999999999978
Branin-Fav,Soft Parameter Sharing,52,269,0,432,0.1,25.80066693383144,0.6334841000667452,17,14,282,7.799999999999779
Branin-Fav,Soft Parameter Sharing,52,270,0,431,0.1,26.796772423020773,0.6334841000667452,18,14,283,7.699999999999777
Branin-Fav,Soft Parameter Sharing,52,271,0,676,0.1,30.395157896828188,0.6334841000667452,19,14,284,7.599999999999776
Branin-Fav,Soft Parameter Sharing,52,272,0,849,0.1,27.253196098776503,0.6334841000667452,20,14,285,7.499999999999774
Branin-Fav,Soft Parameter Sharing,52,273,1,149,1.0,7.359859436360233,0.6334841000667452,0,15,285,6.499999999999773
Branin-Fav,Soft Parameter Sharing,52,274,0,729,0.1,45.01225705424866,0.6299065038556365,1,15,286,6.399999999999773
Branin-Fav,Soft Parameter Sharing,52,275,0,235,0.1,25.854430215015533,0.6299065038556365,2,15,287,6.299999999999772
Branin-Fav,Soft Parameter Sharing,52,276,0,631,0.1,24.77523070615596,0.6299065038556365,3,15,288,6.19999999999977
Branin-Fav,Soft Parameter Sharing,52,277,0,284,0.1,23.962287326319302,0.6299065038556365,4,15,289,6.099999999999769
Branin-Fav,Soft Parameter Sharing,52,278,0,727,0.1,24.931112802862998,0.6299065038556365,5,15,290,5.999999999999767
Branin-Fav,Soft Parameter Sharing,52,279,0,726,0.1,30.67526112897471,0.6299065038556365,6,15,291,5.899999999999766
Branin-Fav,Soft Parameter Sharing,52,280,0,775,0.1,30.335171588180174,0.6299065038556365,7,15,292,5.7999999999997645
Branin-Fav,Soft Parameter Sharing,52,281,0,776,0.1,35.37936650842886,0.6299065038556365,8,15,293,5.699999999999763
Branin-Fav,Soft Parameter Sharing,52,282,0,381,0.1,29.548539348095332,0.6299065038556365,9,15,294,5.599999999999762
Branin-Fav,Soft Parameter Sharing,52,283,0,378,0.1,48.08983835042229,0.6299065038556365,10,15,295,5.49999999999976
Branin-Fav,Soft Parameter Sharing,52,284,0,824,0.1,39.93213817228206,0.6299065038556365,11,15,296,5.399999999999759
Branin-Fav,Soft Parameter Sharing,52,285,0,777,0.1,33.466896660202835,0.6299065038556365,12,15,297,5.299999999999757
Branin-Fav,Soft Parameter Sharing,52,286,0,632,0.1,26.283745039730512,0.6299065038556365,13,15,298,5.199999999999756
Branin-Fav,Soft Parameter Sharing,52,287,0,675,0.1,26.839193724901964,0.6299065038556365,14,15,299,5.0999999999997545
Branin-Fav,Soft Parameter Sharing,52,288,0,825,0.1,30.3637630747219,0.6299065038556365,15,15,300,4.999999999999753
Branin-Fav,Soft Parameter Sharing,52,289,0,774,0.1,32.99063731647123,0.6299065038556365,16,15,301,4.899999999999752
Branin-Fav,Soft Parameter Sharing,52,290,0,29,0.1,45.57174457834339,0.6299065038556365,17,15,302,4.79999999999975
Branin-Fav,Soft Parameter Sharing,52,291,0,680,0.1,25.518631900392727,0.6299065038556365,18,15,303,4.699999999999749
Branin-Fav,Soft Parameter Sharing,52,292,0,625,0.1,38.39066048800111,0.6299065038556365,19,15,304,4.599999999999747
Branin-Fav,Soft Parameter Sharing,52,293,0,477,0.1,39.282432588127605,0.6299065038556365,20,15,305,4.499999999999746
Branin-Fav,Soft Parameter Sharing,52,294,1,148,1.0,6.871056728711194,0.6299065038556365,0,16,305,3.499999999999744
Branin-Fav,Soft Parameter Sharing,52,295,0,778,0.1,32.34625802059896,0.6537324464864287,1,16,306,3.399999999999744
Branin-Fav,Soft Parameter Sharing,52,296,0,681,0.1,29.874173870190194,0.6537324464864287,2,16,307,3.2999999999997427
Branin-Fav,Soft Parameter Sharing,52,297,0,28,0.1,60.88143581719899,0.6537324464864287,3,16,308,3.1999999999997413
Branin-Fav,Soft Parameter Sharing,52,298,0,826,0.1,31.976917361956833,0.6537324464864287,4,16,309,3.09999999999974
Branin-Fav,Soft Parameter Sharing,52,299,0,382,0.1,26.11576825687302,0.6537324464864287,5,16,310,2.9999999999997384
Branin-Fav,Soft Parameter Sharing,52,300,0,427,0.1,44.934284787591054,0.6537324464864287,6,16,311,2.899999999999737
Branin-Fav,Soft Parameter Sharing,52,301,0,279,0.1,47.45935777781111,0.6537324464864287,7,16,312,2.7999999999997356
Branin-Fav,Soft Parameter Sharing,52,302,0,330,0.1,44.66804598391665,0.6537324464864287,8,16,313,2.699999999999734
Branin-Fav,Soft Parameter Sharing,52,303,0,875,0.1,41.37075989224812,0.6537324464864287,9,16,314,2.5999999999997327
Branin-Fav,Soft Parameter Sharing,52,304,0,526,0.1,37.3930575565441,0.6537324464864287,10,16,315,2.4999999999997313
Branin-Fav,Soft Parameter Sharing,52,305,0,328,0.1,47.13116509812992,0.6537324464864287,11,16,316,2.39999999999973
Branin-Fav,Soft Parameter Sharing,52,306,0,827,0.1,42.19783962407079,0.6537324464864287,12,16,317,2.2999999999997285
Branin-Fav,Soft Parameter Sharing,52,307,0,724,0.1,34.34421894444412,0.6537324464864287,13,16,318,2.199999999999727
Branin-Fav,Soft Parameter Sharing,52,308,0,633,0.1,26.390660214170712,0.6537324464864287,14,16,319,2.0999999999997256
Branin-Fav,Soft Parameter Sharing,52,309,0,476,0.1,38.43020899288091,0.6537324464864287,15,16,320,1.9999999999997242
Branin-Fav,Soft Parameter Sharing,52,310,0,575,0.1,37.15152026394641,0.6537324464864287,16,16,321,1.8999999999997228
Branin-Fav,Soft Parameter Sharing,52,311,0,229,0.1,45.09116290237749,0.6537324464864287,17,16,322,1.7999999999997214
Branin-Fav,Soft Parameter Sharing,52,312,0,278,0.1,44.987732144610014,0.6537324464864287,18,16,323,1.69999999999972
Branin-Fav,Soft Parameter Sharing,52,313,0,377,0.1,46.41462648786952,0.6537324464864287,19,16,324,1.5999999999997185
Branin-Fav,Soft Parameter Sharing,52,314,0,280,0.1,45.57703468321186,0.6537324464864287,20,16,325,1.4999999999997171
Branin-Fav,Soft Parameter Sharing,52,315,1,95,1.0,6.655476780540612,0.6537324464864287,0,17,325,0.4999999999997158
Branin-Fav,Soft Parameter Sharing,52,316,0,327,0.1,38.89421930512741,0.6221669371725579,1,17,326,0.3999999999997158
Branin-Fav,Soft Parameter Sharing,52,317,0,674,0.1,39.762082696156995,0.6221669371725579,2,17,327,0.2999999999997144
Branin-Fav,Soft Parameter Sharing,52,318,0,277,0.1,49.032842410405756,0.6221669371725579,3,17,328,0.19999999999971294
Branin-Fav,Soft Parameter Sharing,52,319,0,874,0.1,28.246828227366372,0.6221669371725579,4,17,329,0.09999999999971151
Branin-Fav,Soft Parameter Sharing,53,1,0,2450,0.1,166.76371984607903,0.5,1,2,26,45.4
Branin-Fav,Soft Parameter Sharing,53,2,0,35,0.1,137.29633944654097,0.5,2,2,27,45.3
Branin-Fav,Soft Parameter Sharing,53,3,0,49,0.1,122.37144978579369,0.5,3,2,28,45.199999999999996
Branin-Fav,Soft Parameter Sharing,53,4,0,2300,0.1,124.70735866039385,0.5,4,2,29,45.1
Branin-Fav,Soft Parameter Sharing,53,5,0,99,0.1,118.81203563925287,0.5,5,2,30,45.0
Branin-Fav,Soft Parameter Sharing,53,6,0,149,0.1,120.38594729037132,0.5,6,2,31,44.9
Branin-Fav,Soft Parameter Sharing,53,7,0,199,0.1,115.4580249816447,0.5,7,2,32,44.800000000000004
Branin-Fav,Soft Parameter Sharing,53,8,0,48,0.1,112.21963170398661,0.5,8,2,33,44.7
Branin-Fav,Soft Parameter Sharing,53,9,0,37,0.1,120.28368639137032,0.5,9,2,34,44.6
Branin-Fav,Soft Parameter Sharing,53,10,0,872,0.1,121.61984638085323,0.5,10,2,35,44.5
Branin-Fav,Soft Parameter Sharing,53,11,0,249,0.1,112.07506738425049,0.5,11,2,36,44.4
Branin-Fav,Soft Parameter Sharing,53,12,0,349,0.1,115.3117005145396,0.5,12,2,37,44.300000000000004
Branin-Fav,Soft Parameter Sharing,53,13,0,39,0.1,107.6135735105684,0.5,13,2,38,44.2
Branin-Fav,Soft Parameter Sharing,53,14,0,299,0.1,108.15824402018715,0.5,14,2,39,44.1
Branin-Fav,Soft Parameter Sharing,53,15,0,98,0.1,107.88599629901118,0.5,15,2,40,44.00000000000001
Branin-Fav,Soft Parameter Sharing,53,16,0,288,0.1,111.41436433100483,0.5,16,2,41,43.900000000000006
Branin-Fav,Soft Parameter Sharing,53,17,0,198,0.1,100.19201918230661,0.5,17,2,42,43.800000000000004
Branin-Fav,Soft Parameter Sharing,53,18,0,399,0.1,106.63980861807399,0.5,18,2,43,43.7
Branin-Fav,Soft Parameter Sharing,53,19,0,44,0.1,101.54477844997866,0.5,19,2,44,43.6
Branin-Fav,Soft Parameter Sharing,53,20,0,248,0.1,100.8885049266435,0.5,20,2,45,43.50000000000001
Branin-Fav,Soft Parameter Sharing,53,21,1,49,1.0,39.46154518870354,0.5,0,3,45,42.50000000000001
Branin-Fav,Soft Parameter Sharing,53,22,0,148,0.1,98.90242507460862,0.5,1,3,46,42.400000000000006
Branin-Fav,Soft Parameter Sharing,53,23,0,449,0.1,105.56031687908299,0.5,2,3,47,42.300000000000004
Branin-Fav,Soft Parameter Sharing,53,24,0,298,0.1,100.65565105916747,0.5,3,3,48,42.20000000000001
Branin-Fav,Soft Parameter Sharing,53,25,0,47,0.1,97.73079729270997,0.5,4,3,49,42.10000000000001
Branin-Fav,Soft Parameter Sharing,53,26,0,97,0.1,95.8124247023456,0.5,5,3,50,42.00000000000001
Branin-Fav,Soft Parameter Sharing,53,27,0,348,0.1,93.86556616729249,0.5,6,3,51,41.900000000000006
Branin-Fav,Soft Parameter Sharing,53,28,0,197,0.1,97.59016651921937,0.5,7,3,52,41.800000000000004
Branin-Fav,Soft Parameter Sharing,53,29,0,499,0.1,95.68469944947674,0.5,8,3,53,41.70000000000001
Branin-Fav,Soft Parameter Sharing,53,30,0,46,0.1,99.18110577976111,0.5,9,3,54,41.60000000000001
Branin-Fav,Soft Parameter Sharing,53,31,0,147,0.1,92.61382236401843,0.5,10,3,55,41.50000000000001
Branin-Fav,Soft Parameter Sharing,53,32,0,398,0.1,92.50722579441893,0.5,11,3,56,41.40000000000001
Branin-Fav,Soft Parameter Sharing,53,33,0,247,0.1,90.30815749570891,0.5,12,3,57,41.30000000000001
Branin-Fav,Soft Parameter Sharing,53,34,0,549,0.1,94.47667093084796,0.5,13,3,58,41.20000000000001
Branin-Fav,Soft Parameter Sharing,53,35,0,2250,0.1,95.98592151753166,0.5,14,3,59,41.10000000000001
Branin-Fav,Soft Parameter Sharing,53,36,0,297,0.1,90.25118892726915,0.5,15,3,60,41.00000000000001
Branin-Fav,Soft Parameter Sharing,53,37,0,448,0.1,90.62340160539854,0.5,16,3,61,40.90000000000001
Branin-Fav,Soft Parameter Sharing,53,38,0,96,0.1,89.34807144919044,0.5,17,3,62,40.80000000000001
Branin-Fav,Soft Parameter Sharing,53,39,0,498,0.1,88.05428281807882,0.5,18,3,63,40.70000000000001
Branin-Fav,Soft Parameter Sharing,53,40,0,146,0.1,86.97328678523786,0.5,19,3,64,40.600000000000016
Branin-Fav,Soft Parameter Sharing,53,41,0,196,0.1,88.73108958854134,0.5,20,3,65,40.500000000000014
Branin-Fav,Soft Parameter Sharing,53,42,1,2450,1.0,30.947395683765738,0.5,0,4,65,39.500000000000014
Branin-Fav,Soft Parameter Sharing,53,43,0,246,0.1,86.06985393159214,0.5,1,4,66,39.40000000000001
Branin-Fav,Soft Parameter Sharing,53,44,0,347,0.1,84.35095877254881,0.5,2,4,67,39.30000000000001
Branin-Fav,Soft Parameter Sharing,53,45,0,397,0.1,85.90356266109019,0.5,3,4,68,39.20000000000001
Branin-Fav,Soft Parameter Sharing,53,46,0,447,0.1,84.09350996099064,0.5,4,4,69,39.100000000000016
Branin-Fav,Soft Parameter Sharing,53,47,0,296,0.1,81.32318195784764,0.5,5,4,70,39.000000000000014
Branin-Fav,Soft Parameter Sharing,53,48,0,599,0.1,86.19109138596895,0.5,6,4,71,38.90000000000001
Branin-Fav,Soft Parameter Sharing,53,49,0,145,0.1,81.31154103888409,0.5,7,4,72,38.80000000000002
Branin-Fav,Soft Parameter Sharing,53,50,0,45,0.1,87.26961376964977,0.5,8,4,73,38.70000000000002
Branin-Fav,Soft Parameter Sharing,53,51,0,346,0.1,82.15040586894868,0.5,9,4,74,38.600000000000016
Branin-Fav,Soft Parameter Sharing,53,52,0,195,0.1,79.3964388039897,0.5,10,4,75,38.500000000000014
Branin-Fav,Soft Parameter Sharing,53,53,0,345,0.1,82.62217008959612,0.5,11,4,76,38.40000000000001
Branin-Fav,Soft Parameter Sharing,53,54,0,676,0.1,83.36727447664383,0.5,12,4,77,38.30000000000002
Branin-Fav,Soft Parameter Sharing,53,55,0,95,0.1,79.9719468065061,0.5,13,4,78,38.20000000000002
Branin-Fav,Soft Parameter Sharing,53,56,0,245,0.1,74.92470680516362,0.5,14,4,79,38.100000000000016
Branin-Fav,Soft Parameter Sharing,53,57,0,396,0.1,77.16225808416395,0.5,15,4,80,38.00000000000002
Branin-Fav,Soft Parameter Sharing,53,58,0,579,0.1,75.82230123725769,0.5,16,4,81,37.90000000000002
Branin-Fav,Soft Parameter Sharing,53,59,0,295,0.1,79.24403069621692,0.5,17,4,82,37.80000000000002
Branin-Fav,Soft Parameter Sharing,53,60,0,446,0.1,78.1099739049202,0.5,18,4,83,37.70000000000002
Branin-Fav,Soft Parameter Sharing,53,61,0,497,0.1,74.14871710583459,0.5,19,4,84,37.600000000000016
Branin-Fav,Soft Parameter Sharing,53,62,0,294,0.1,75.67157258684487,0.5,20,4,85,37.50000000000002
Branin-Fav,Soft Parameter Sharing,53,63,1,33,1.0,21.72734607324795,0.5,0,5,85,36.50000000000002
Branin-Fav,Soft Parameter Sharing,53,64,0,548,0.1,72.78864461759083,0.5,1,5,86,36.40000000000002
Branin-Fav,Soft Parameter Sharing,53,65,0,578,0.1,74.41243520886033,0.5,2,5,87,36.30000000000002
Branin-Fav,Soft Parameter Sharing,53,66,0,194,0.1,68.29665580251697,0.5,3,5,88,36.200000000000024
Branin-Fav,Soft Parameter Sharing,53,67,0,598,0.1,69.67193938096453,0.5,4,5,89,36.10000000000002
Branin-Fav,Soft Parameter Sharing,53,68,0,675,0.1,75.57896699998608,0.5,5,5,90,36.00000000000002
Branin-Fav,Soft Parameter Sharing,53,69,0,429,0.1,71.09712411339514,0.5,6,5,91,35.90000000000002
Branin-Fav,Soft Parameter Sharing,53,70,0,532,0.1,73.15613056201025,0.5,7,5,92,35.80000000000002
Branin-Fav,Soft Parameter Sharing,53,71,0,478,0.1,70.95543327067769,0.5,8,5,93,35.700000000000024
Branin-Fav,Soft Parameter Sharing,53,72,0,577,0.1,71.70035800734536,0.5,9,5,94,35.60000000000002
Branin-Fav,Soft Parameter Sharing,53,73,0,627,0.1,73.7085416303913,0.5,10,5,95,35.50000000000002
Branin-Fav,Soft Parameter Sharing,53,74,0,479,0.1,72.02297989708545,0.5,11,5,96,35.40000000000003
Branin-Fav,Soft Parameter Sharing,53,75,0,825,0.1,69.68819630144378,0.5,12,5,97,35.300000000000026
Branin-Fav,Soft Parameter Sharing,53,76,0,677,0.1,73.18776419578492,0.5,13,5,98,35.200000000000024
Branin-Fav,Soft Parameter Sharing,53,77,0,725,0.1,72.2656675837968,0.5,14,5,99,35.10000000000002
Branin-Fav,Soft Parameter Sharing,53,78,0,726,0.1,72.79660657643505,0.5,15,5,100,35.00000000000002
Branin-Fav,Soft Parameter Sharing,53,79,0,629,0.1,69.3427620278992,0.5,16,5,101,34.90000000000003
Branin-Fav,Soft Parameter Sharing,53,80,0,628,0.1,69.493083452989,0.5,17,5,102,34.800000000000026
Branin-Fav,Soft Parameter Sharing,53,81,0,536,0.1,74.19061851842552,0.5,18,5,103,34.700000000000024
Branin-Fav,Soft Parameter Sharing,53,82,0,529,0.1,66.73737219271634,0.5,19,5,104,34.60000000000003
Branin-Fav,Soft Parameter Sharing,53,83,0,678,0.1,66.84078144499377,0.5,20,5,105,34.50000000000003
Branin-Fav,Soft Parameter Sharing,53,84,1,42,1.0,17.09300618019231,0.5,0,6,105,33.50000000000003
Branin-Fav,Soft Parameter Sharing,53,85,0,528,0.1,68.82496759537275,0.5,1,6,106,33.40000000000003
Branin-Fav,Soft Parameter Sharing,53,86,0,728,0.1,66.29016821196271,0.5,2,6,107,33.300000000000026
Branin-Fav,Soft Parameter Sharing,53,87,0,2400,0.1,65.94235559209412,0.5,3,6,108,33.200000000000024
Branin-Fav,Soft Parameter Sharing,53,88,0,775,0.1,68.94247605634372,0.5,4,6,109,33.10000000000002
Branin-Fav,Soft Parameter Sharing,53,89,0,727,0.1,64.91157012271171,0.5,5,6,110,33.00000000000002
Branin-Fav,Soft Parameter Sharing,53,90,0,580,0.1,64.69634039254905,0.5,6,6,111,32.90000000000002
Branin-Fav,Soft Parameter Sharing,53,91,0,244,0.1,66.16934621854763,0.5,7,6,112,32.80000000000002
Branin-Fav,Soft Parameter Sharing,53,92,0,527,0.1,63.632043695666106,0.5,8,6,113,32.70000000000002
Branin-Fav,Soft Parameter Sharing,53,93,0,776,0.1,64.88318420400329,0.5,9,6,114,32.600000000000016
Branin-Fav,Soft Parameter Sharing,53,94,0,626,0.1,65.30343761972325,0.5,10,6,115,32.500000000000014
Branin-Fav,Soft Parameter Sharing,53,95,0,777,0.1,62.3181007810056,0.5,11,6,116,32.40000000000001
Branin-Fav,Soft Parameter Sharing,53,96,0,576,0.1,62.841497876128045,0.5,12,6,117,32.30000000000001
Branin-Fav,Soft Parameter Sharing,53,97,0,625,0.1,64.53063937024368,0.5,13,6,118,32.20000000000001
Branin-Fav,Soft Parameter Sharing,53,98,0,531,0.1,64.5597242837297,0.5,14,6,119,32.10000000000001
Branin-Fav,Soft Parameter Sharing,53,99,0,483,0.1,64.63605357589667,0.5,15,6,120,32.00000000000001
Branin-Fav,Soft Parameter Sharing,53,100,0,824,0.1,62.39162099557916,0.5,16,6,121,31.900000000000006
Branin-Fav,Soft Parameter Sharing,53,101,0,875,0.1,62.492542098472136,0.5,17,6,122,31.800000000000004
Branin-Fav,Soft Parameter Sharing,53,102,0,526,0.1,60.017072581831826,0.5,18,6,123,31.700000000000003
Branin-Fav,Soft Parameter Sharing,53,103,0,774,0.1,64.28891017700349,0.5,19,6,124,31.6
Branin-Fav,Soft Parameter Sharing,53,104,0,477,0.1,62.78419836588082,0.5,20,6,125,31.5
Branin-Fav,Soft Parameter Sharing,53,105,1,48,1.0,15.522933048631204,0.5,0,7,125,30.5
Branin-Fav,Soft Parameter Sharing,53,106,0,826,0.1,116.31848607475636,0.9792897278883816,1,7,126,30.4
Branin-Fav,Soft Parameter Sharing,53,107,0,874,0.1,117.11863276949532,0.9792897278883816,2,7,127,30.299999999999997
Branin-Fav,Soft Parameter Sharing,53,108,0,26,0.1,116.91360379047057,0.9792897278883816,3,7,128,30.199999999999996
Branin-Fav,Soft Parameter Sharing,53,109,0,724,0.1,118.25426623109841,0.9792897278883816,4,7,129,30.099999999999994
Branin-Fav,Soft Parameter Sharing,53,110,0,530,0.1,113.65588822642312,0.9792897278883816,5,7,130,29.999999999999993
Branin-Fav,Soft Parameter Sharing,53,111,0,344,0.1,114.18138179628902,0.9792897278883816,6,7,131,29.89999999999999
Branin-Fav,Soft Parameter Sharing,53,112,0,649,0.1,119.98537732825594,0.9792897278883816,7,7,132,29.79999999999999
Branin-Fav,Soft Parameter Sharing,53,113,0,28,0.1,121.23405725148271,0.9792897278883816,8,7,133,29.69999999999999
Branin-Fav,Soft Parameter Sharing,53,114,0,476,0.1,115.79998618677354,0.9792897278883816,9,7,134,29.599999999999987
Branin-Fav,Soft Parameter Sharing,53,115,0,480,0.1,113.07894129354466,0.9792897278883816,10,7,135,29.499999999999986
Branin-Fav,Soft Parameter Sharing,53,116,0,575,0.1,112.0597762054692,0.9792897278883816,11,7,136,29.399999999999984
Branin-Fav,Soft Parameter Sharing,53,117,0,428,0.1,114.59478628897325,0.9792897278883816,12,7,137,29.299999999999983
Branin-Fav,Soft Parameter Sharing,53,118,0,427,0.1,108.15604224278438,0.9792897278883816,13,7,138,29.19999999999998
Branin-Fav,Soft Parameter Sharing,53,119,0,674,0.1,111.19689288198617,0.9792897278883816,14,7,139,29.09999999999998
Branin-Fav,Soft Parameter Sharing,53,120,0,525,0.1,116.05645126918195,0.9792897278883816,15,7,140,28.99999999999998
Branin-Fav,Soft Parameter Sharing,53,121,0,496,0.1,111.39259025569434,0.9792897278883816,16,7,141,28.899999999999977
Branin-Fav,Soft Parameter Sharing,53,122,0,873,0.1,112.25576941801205,0.9792897278883816,17,7,142,28.799999999999976
Branin-Fav,Soft Parameter Sharing,53,123,0,426,0.1,114.55576344246633,0.9792897278883816,18,7,143,28.699999999999974
Branin-Fav,Soft Parameter Sharing,53,124,0,378,0.1,112.24950598144372,0.9792897278883816,19,7,144,28.599999999999973
Branin-Fav,Soft Parameter Sharing,53,125,0,679,0.1,107.61722620507635,0.9792897278883816,20,7,145,28.49999999999997
Branin-Fav,Soft Parameter Sharing,53,126,1,477,1.0,15.354332046956033,0.9792897278883816,0,8,145,27.49999999999997
Branin-Fav,Soft Parameter Sharing,53,127,0,624,0.1,98.54703087988909,0.8406579584879749,1,8,146,27.39999999999997
Branin-Fav,Soft Parameter Sharing,53,128,0,581,0.1,98.61342205188375,0.8406579584879749,2,8,147,27.29999999999997
Branin-Fav,Soft Parameter Sharing,53,129,0,823,0.1,87.39599387397817,0.8406579584879749,3,8,148,27.199999999999967
Branin-Fav,Soft Parameter Sharing,53,130,0,430,0.1,92.84558866302217,0.8406579584879749,4,8,149,27.099999999999966
Branin-Fav,Soft Parameter Sharing,53,131,0,778,0.1,91.33342980015212,0.8406579584879749,5,8,150,26.999999999999964
Branin-Fav,Soft Parameter Sharing,53,132,0,475,0.1,99.57766828266675,0.8406579584879749,6,8,151,26.899999999999963
Branin-Fav,Soft Parameter Sharing,53,133,0,377,0.1,93.4804401023193,0.8406579584879749,7,8,152,26.79999999999996
Branin-Fav,Soft Parameter Sharing,53,134,0,376,0.1,91.9131215738994,0.8406579584879749,8,8,153,26.69999999999996
Branin-Fav,Soft Parameter Sharing,53,135,0,425,0.1,92.73613049848791,0.8406579584879749,9,8,154,26.59999999999996
Branin-Fav,Soft Parameter Sharing,53,136,0,326,0.1,92.94641488922719,0.8406579584879749,10,8,155,26.499999999999957
Branin-Fav,Soft Parameter Sharing,53,137,0,773,0.1,92.44923914683054,0.8406579584879749,11,8,156,26.399999999999956
Branin-Fav,Soft Parameter Sharing,53,138,0,574,0.1,92.59530919110226,0.8406579584879749,12,8,157,26.299999999999955
Branin-Fav,Soft Parameter Sharing,53,139,0,327,0.1,94.11005510407118,0.8406579584879749,13,8,158,26.199999999999953
Branin-Fav,Soft Parameter Sharing,53,140,0,375,0.1,90.91388696672989,0.8406579584879749,14,8,159,26.09999999999995
Branin-Fav,Soft Parameter Sharing,53,141,0,524,0.1,94.82104920918118,0.8406579584879749,15,8,160,25.99999999999995
Branin-Fav,Soft Parameter Sharing,53,142,0,723,0.1,90.3444716301895,0.8406579584879749,16,8,161,25.89999999999995
Branin-Fav,Soft Parameter Sharing,53,143,0,379,0.1,85.34292079392722,0.8406579584879749,17,8,162,25.799999999999947
Branin-Fav,Soft Parameter Sharing,53,144,0,27,0.1,92.06953443360038,0.8406579584879749,18,8,163,25.699999999999946
Branin-Fav,Soft Parameter Sharing,53,145,0,924,0.1,87.7887147531946,0.8406579584879749,19,8,164,25.599999999999945
Branin-Fav,Soft Parameter Sharing,53,146,0,277,0.1,88.99343326383055,0.8406579584879749,20,8,165,25.499999999999943
Branin-Fav,Soft Parameter Sharing,53,147,1,22,1.0,12.28502518336634,0.8406579584879749,0,9,165,24.499999999999943
Branin-Fav,Soft Parameter Sharing,53,148,0,474,0.1,92.32223377385462,0.8406579584879749,1,9,166,24.39999999999994
Branin-Fav,Soft Parameter Sharing,53,149,0,328,0.1,86.47229308582,0.8406579584879749,2,9,167,24.29999999999994
Branin-Fav,Soft Parameter Sharing,53,150,0,923,0.1,85.16517979950468,0.8406579584879749,3,9,168,24.19999999999994
Branin-Fav,Soft Parameter Sharing,53,151,0,276,0.1,88.73431212616256,0.8406579584879749,4,9,169,24.099999999999937
Branin-Fav,Soft Parameter Sharing,53,152,0,278,0.1,88.46789044033031,0.8406579584879749,5,9,170,23.999999999999936
Branin-Fav,Soft Parameter Sharing,53,153,0,673,0.1,85.59410438809617,0.8406579584879749,6,9,171,23.899999999999935
Branin-Fav,Soft Parameter Sharing,53,154,0,227,0.1,87.34770247446721,0.8406579584879749,7,9,172,23.799999999999933
Branin-Fav,Soft Parameter Sharing,53,155,0,228,0.1,86.59762848292155,0.8406579584879749,8,9,173,23.699999999999932
Branin-Fav,Soft Parameter Sharing,53,156,0,329,0.1,85.55968244566736,0.8406579584879749,9,9,174,23.59999999999993
Branin-Fav,Soft Parameter Sharing,53,157,0,325,0.1,87.69981013620719,0.8406579584879749,10,9,175,23.49999999999993
Branin-Fav,Soft Parameter Sharing,53,158,0,177,0.1,86.80727166019712,0.8406579584879749,11,9,176,23.399999999999928
Branin-Fav,Soft Parameter Sharing,53,159,0,623,0.1,82.26811377829804,0.8406579584879749,12,9,177,23.299999999999926
Branin-Fav,Soft Parameter Sharing,53,160,0,226,0.1,85.01882162990528,0.8406579584879749,13,9,178,23.199999999999925
Branin-Fav,Soft Parameter Sharing,53,161,0,279,0.1,83.59373765233472,0.8406579584879749,14,9,179,23.099999999999923
Branin-Fav,Soft Parameter Sharing,53,162,0,176,0.1,85.01454253146748,0.8406579584879749,15,9,180,22.999999999999922
Branin-Fav,Soft Parameter Sharing,53,163,0,178,0.1,82.49048733719395,0.8406579584879749,16,9,181,22.89999999999992
Branin-Fav,Soft Parameter Sharing,53,164,0,229,0.1,83.44908791599846,0.8406579584879749,17,9,182,22.79999999999992
Branin-Fav,Soft Parameter Sharing,53,165,0,78,0.1,84.12217543699812,0.8406579584879749,18,9,183,22.699999999999918
Branin-Fav,Soft Parameter Sharing,53,166,0,380,0.1,82.3369116887184,0.8406579584879749,19,9,184,22.599999999999916
Branin-Fav,Soft Parameter Sharing,53,167,0,127,0.1,87.42301211614344,0.8406579584879749,20,9,185,22.499999999999915
Branin-Fav,Soft Parameter Sharing,53,168,1,349,1.0,10.002744167102566,0.8406579584879749,0,10,185,21.499999999999915
Branin-Fav,Soft Parameter Sharing,53,169,0,573,0.1,84.05302527743802,0.8311273016179669,1,10,186,21.399999999999913
Branin-Fav,Soft Parameter Sharing,53,170,0,77,0.1,88.53871171901066,0.8311273016179669,2,10,187,21.299999999999912
Branin-Fav,Soft Parameter Sharing,53,171,0,275,0.1,84.2513194816043,0.8311273016179669,3,10,188,21.19999999999991
Branin-Fav,Soft Parameter Sharing,53,172,0,126,0.1,78.2596027075181,0.8311273016179669,4,10,189,21.09999999999991
Branin-Fav,Soft Parameter Sharing,53,173,0,179,0.1,81.98065972735814,0.8311273016179669,5,10,190,20.999999999999908
Branin-Fav,Soft Parameter Sharing,53,174,0,330,0.1,80.23078885746841,0.8311273016179669,6,10,191,20.899999999999906
Branin-Fav,Soft Parameter Sharing,53,175,0,424,0.1,81.99203852422767,0.8311273016179669,7,10,192,20.799999999999905
Branin-Fav,Soft Parameter Sharing,53,176,0,29,0.1,84.60563421296749,0.8311273016179669,8,10,193,20.699999999999903
Branin-Fav,Soft Parameter Sharing,53,177,0,79,0.1,84.28868035600061,0.8311273016179669,9,10,194,20.599999999999902
Branin-Fav,Soft Parameter Sharing,53,178,0,225,0.1,80.59114905643014,0.8311273016179669,10,10,195,20.4999999999999
Branin-Fav,Soft Parameter Sharing,53,179,0,76,0.1,77.00597773151974,0.8311273016179669,11,10,196,20.3999999999999
Branin-Fav,Soft Parameter Sharing,53,180,0,129,0.1,78.83940157862008,0.8311273016179669,12,10,197,20.299999999999898
Branin-Fav,Soft Parameter Sharing,53,181,0,374,0.1,77.57847431352687,0.8311273016179669,13,10,198,20.199999999999896
Branin-Fav,Soft Parameter Sharing,53,182,0,175,0.1,76.41805643162947,0.8311273016179669,14,10,199,20.099999999999895
Branin-Fav,Soft Parameter Sharing,53,183,0,280,0.1,75.07722448559676,0.8311273016179669,15,10,200,19.999999999999893
Branin-Fav,Soft Parameter Sharing,53,184,0,324,0.1,76.38487285242849,0.8311273016179669,16,10,201,19.899999999999892
Branin-Fav,Soft Parameter Sharing,53,185,0,523,0.1,80.30655528860206,0.8311273016179669,17,10,202,19.79999999999989
Branin-Fav,Soft Parameter Sharing,53,186,0,431,0.1,78.30960319351932,0.8311273016179669,18,10,203,19.69999999999989
Branin-Fav,Soft Parameter Sharing,53,187,0,772,0.1,77.71524926468857,0.8311273016179669,19,10,204,19.599999999999888
Branin-Fav,Soft Parameter Sharing,53,188,0,180,0.1,76.50550585388335,0.8311273016179669,20,10,205,19.499999999999886
Branin-Fav,Soft Parameter Sharing,53,189,1,528,1.0,9.448684035763499,0.8311273016179669,0,11,205,18.499999999999886
Branin-Fav,Soft Parameter Sharing,53,190,0,125,0.1,73.21574420936503,0.81226326420057,1,11,206,18.399999999999885
Branin-Fav,Soft Parameter Sharing,53,191,0,722,0.1,76.60287276208211,0.81226326420057,2,11,207,18.299999999999883
Branin-Fav,Soft Parameter Sharing,53,192,0,230,0.1,72.85798105869422,0.81226326420057,3,11,208,18.199999999999882
Branin-Fav,Soft Parameter Sharing,53,193,0,80,0.1,73.3191377467115,0.81226326420057,4,11,209,18.09999999999988
Branin-Fav,Soft Parameter Sharing,53,194,0,473,0.1,71.16542716569386,0.81226326420057,5,11,210,17.99999999999988
Branin-Fav,Soft Parameter Sharing,53,195,0,381,0.1,71.10643922636588,0.81226326420057,6,11,211,17.899999999999878
Branin-Fav,Soft Parameter Sharing,53,196,0,25,0.1,78.62518187872053,0.81226326420057,7,11,212,17.799999999999876
Branin-Fav,Soft Parameter Sharing,53,197,0,672,0.1,69.87724865794647,0.81226326420057,8,11,213,17.699999999999875
Branin-Fav,Soft Parameter Sharing,53,198,0,75,0.1,74.45730375737689,0.81226326420057,9,11,214,17.599999999999874
Branin-Fav,Soft Parameter Sharing,53,199,0,30,0.1,73.62357153536642,0.81226326420057,10,11,215,17.499999999999872
Branin-Fav,Soft Parameter Sharing,53,200,0,274,0.1,70.15202000733596,0.81226326420057,11,11,216,17.39999999999987
Branin-Fav,Soft Parameter Sharing,53,201,0,24,0.1,73.61579630295812,0.81226326420057,12,11,217,17.29999999999987
Branin-Fav,Soft Parameter Sharing,53,202,0,23,0.1,75.2326963600437,0.81226326420057,13,11,218,17.199999999999868
Branin-Fav,Soft Parameter Sharing,53,203,0,822,0.1,70.46040190075504,0.81226326420057,14,11,219,17.099999999999866
Branin-Fav,Soft Parameter Sharing,53,204,0,547,0.1,66.37254825834431,0.81226326420057,15,11,220,16.999999999999865
Branin-Fav,Soft Parameter Sharing,53,205,0,331,0.1,67.13345245825334,0.81226326420057,16,11,221,16.899999999999864
Branin-Fav,Soft Parameter Sharing,53,206,0,224,0.1,68.00555729333229,0.81226326420057,17,11,222,16.799999999999862
Branin-Fav,Soft Parameter Sharing,53,207,0,922,0.1,64.03620219494553,0.81226326420057,18,11,223,16.69999999999986
Branin-Fav,Soft Parameter Sharing,53,208,0,144,0.1,65.08706888831398,0.81226326420057,19,11,224,16.59999999999986
Branin-Fav,Soft Parameter Sharing,53,209,0,94,0.1,66.50189939095831,0.81226326420057,20,11,225,16.499999999999858
Branin-Fav,Soft Parameter Sharing,53,210,1,626,1.0,9.62616145639318,0.81226326420057,0,12,225,15.499999999999858
Branin-Fav,Soft Parameter Sharing,53,211,0,423,0.1,66.93471655043844,0.8072882559801554,1,12,226,15.399999999999858
Branin-Fav,Soft Parameter Sharing,53,212,0,622,0.1,64.73507027188319,0.8072882559801554,2,12,227,15.299999999999857
Branin-Fav,Soft Parameter Sharing,53,213,0,445,0.1,64.2233529892664,0.8072882559801554,3,12,228,15.199999999999855
Branin-Fav,Soft Parameter Sharing,53,214,0,31,0.1,64.17432937147741,0.8072882559801554,4,12,229,15.099999999999854
Branin-Fav,Soft Parameter Sharing,53,215,0,81,0.1,64.25628487372627,0.8072882559801554,5,12,230,14.999999999999853
Branin-Fav,Soft Parameter Sharing,53,216,0,174,0.1,62.086768603019216,0.8072882559801554,6,12,231,14.899999999999851
Branin-Fav,Soft Parameter Sharing,53,217,0,281,0.1,63.23256506114492,0.8072882559801554,7,12,232,14.79999999999985
Branin-Fav,Soft Parameter Sharing,53,218,0,572,0.1,63.76458091403791,0.8072882559801554,8,12,233,14.699999999999848
Branin-Fav,Soft Parameter Sharing,53,219,0,373,0.1,64.20270079479019,0.8072882559801554,9,12,234,14.599999999999847
Branin-Fav,Soft Parameter Sharing,53,220,0,821,0.1,63.12955915748426,0.8072882559801554,10,12,235,14.499999999999845
Branin-Fav,Soft Parameter Sharing,53,221,0,231,0.1,61.64810855653077,0.8072882559801554,11,12,236,14.399999999999844
Branin-Fav,Soft Parameter Sharing,53,222,0,181,0.1,61.01797649826084,0.8072882559801554,12,12,237,14.299999999999843
Branin-Fav,Soft Parameter Sharing,53,223,0,481,0.1,65.39646221521113,0.8072882559801554,13,12,238,14.199999999999841
Branin-Fav,Soft Parameter Sharing,53,224,0,43,0.1,61.404995927883064,0.8072882559801554,14,12,239,14.09999999999984
Branin-Fav,Soft Parameter Sharing,53,225,0,74,0.1,65.84379539103797,0.8072882559801554,15,12,240,13.999999999999838
Branin-Fav,Soft Parameter Sharing,53,226,0,243,0.1,62.09632484093498,0.8072882559801554,16,12,241,13.899999999999837
Branin-Fav,Soft Parameter Sharing,53,227,0,131,0.1,61.63964873214853,0.8072882559801554,17,12,242,13.799999999999836
Branin-Fav,Soft Parameter Sharing,53,228,0,124,0.1,58.35498720490588,0.8072882559801554,18,12,243,13.699999999999834
Branin-Fav,Soft Parameter Sharing,53,229,0,597,0.1,60.57501116485021,0.8072882559801554,19,12,244,13.599999999999833
Branin-Fav,Soft Parameter Sharing,53,230,0,876,0.1,63.45408868277394,0.8072882559801554,20,12,245,13.499999999999831
Branin-Fav,Soft Parameter Sharing,53,231,1,576,1.0,10.029253150791932,0.8072882559801554,0,13,245,12.49999999999983
Branin-Fav,Soft Parameter Sharing,53,232,0,871,0.1,60.18147836979125,0.8109427130516808,1,13,246,12.39999999999983
Branin-Fav,Soft Parameter Sharing,53,233,0,182,0.1,58.65655521830732,0.8109427130516808,2,13,247,12.299999999999828
Branin-Fav,Soft Parameter Sharing,53,234,0,93,0.1,60.12008115749645,0.8109427130516808,3,13,248,12.199999999999827
Branin-Fav,Soft Parameter Sharing,53,235,0,630,0.1,55.994278251116555,0.8109427130516808,4,13,249,12.099999999999826
Branin-Fav,Soft Parameter Sharing,53,236,0,323,0.1,58.12113023085958,0.8109427130516808,5,13,250,11.999999999999824
Branin-Fav,Soft Parameter Sharing,53,237,0,143,0.1,60.585594419582364,0.8109427130516808,6,13,251,11.899999999999823
Branin-Fav,Soft Parameter Sharing,53,238,0,193,0.1,55.776579359350904,0.8109427130516808,7,13,252,11.799999999999821
Branin-Fav,Soft Parameter Sharing,53,239,0,522,0.1,56.361825132368274,0.8109427130516808,8,13,253,11.69999999999982
Branin-Fav,Soft Parameter Sharing,53,240,0,771,0.1,56.41009189589182,0.8109427130516808,9,13,254,11.599999999999818
Branin-Fav,Soft Parameter Sharing,53,241,0,921,0.1,57.52965196150978,0.8109427130516808,10,13,255,11.499999999999817
Branin-Fav,Soft Parameter Sharing,53,242,0,699,0.1,55.881789879362174,0.8109427130516808,11,13,256,11.399999999999816
Branin-Fav,Soft Parameter Sharing,53,243,0,973,0.1,57.0616185222528,0.8109427130516808,12,13,257,11.299999999999814
Branin-Fav,Soft Parameter Sharing,53,244,0,273,0.1,53.95009864366796,0.8109427130516808,13,13,258,11.199999999999813
Branin-Fav,Soft Parameter Sharing,53,245,0,827,0.1,56.64310510693057,0.8109427130516808,14,13,259,11.099999999999811
Branin-Fav,Soft Parameter Sharing,53,246,0,394,0.1,57.755509470056886,0.8109427130516808,15,13,260,10.99999999999981
Branin-Fav,Soft Parameter Sharing,53,247,0,232,0.1,57.952098004806935,0.8109427130516808,16,13,261,10.899999999999809
Branin-Fav,Soft Parameter Sharing,53,248,0,972,0.1,53.104005378592696,0.8109427130516808,17,13,262,10.799999999999807
Branin-Fav,Soft Parameter Sharing,53,249,0,472,0.1,53.12619182633193,0.8109427130516808,18,13,263,10.699999999999806
Branin-Fav,Soft Parameter Sharing,53,250,0,293,0.1,54.972325229544815,0.8109427130516808,19,13,264,10.599999999999804
Branin-Fav,Soft Parameter Sharing,53,251,0,32,0.1,53.51362935266705,0.8109427130516808,20,13,265,10.499999999999803
Branin-Fav,Soft Parameter Sharing,53,252,1,199,1.0,9.448164622194701,0.8109427130516808,0,14,265,9.499999999999801
Branin-Fav,Soft Parameter Sharing,53,253,0,282,0.1,54.66372982508099,0.7982907698896992,1,14,266,9.399999999999801
Branin-Fav,Soft Parameter Sharing,53,254,0,648,0.1,51.26236749201779,0.7982907698896992,2,14,267,9.2999999999998
Branin-Fav,Soft Parameter Sharing,53,255,0,73,0.1,59.098708545348266,0.7982907698896992,3,14,268,9.199999999999799
Branin-Fav,Soft Parameter Sharing,53,256,0,192,0.1,53.88505366400793,0.7982907698896992,4,14,269,9.099999999999797
Branin-Fav,Soft Parameter Sharing,53,257,0,971,0.1,54.713291205914395,0.7982907698896992,5,14,270,8.999999999999796
Branin-Fav,Soft Parameter Sharing,53,258,0,546,0.1,49.721538783620446,0.7982907698896992,6,14,271,8.899999999999794
Branin-Fav,Soft Parameter Sharing,53,259,0,332,0.1,50.357394007692236,0.7982907698896992,7,14,272,8.799999999999793
Branin-Fav,Soft Parameter Sharing,53,260,0,925,0.1,51.93117902855928,0.7982907698896992,8,14,273,8.699999999999791
Branin-Fav,Soft Parameter Sharing,53,261,0,123,0.1,52.737521883281815,0.7982907698896992,9,14,274,8.59999999999979
Branin-Fav,Soft Parameter Sharing,53,262,0,343,0.1,49.94962742253094,0.7982907698896992,10,14,275,8.499999999999789
Branin-Fav,Soft Parameter Sharing,53,263,0,495,0.1,49.86162734035039,0.7982907698896992,11,14,276,8.399999999999787
Branin-Fav,Soft Parameter Sharing,53,264,0,142,0.1,48.39111548746041,0.7982907698896992,12,14,277,8.299999999999786
Branin-Fav,Soft Parameter Sharing,53,265,0,242,0.1,47.70629897980002,0.7982907698896992,13,14,278,8.199999999999784
Branin-Fav,Soft Parameter Sharing,53,266,0,444,0.1,49.65328351389399,0.7982907698896992,14,14,279,8.099999999999783
Branin-Fav,Soft Parameter Sharing,53,267,0,132,0.1,51.551729166421936,0.7982907698896992,15,14,280,7.9999999999997815
Branin-Fav,Soft Parameter Sharing,53,268,0,974,0.1,48.866086027435756,0.7982907698896992,16,14,281,7.89999999999978
Branin-Fav,Soft Parameter Sharing,53,269,0,82,0.1,47.82064107548238,0.7982907698896992,17,14,282,7.799999999999779
Branin-Fav,Soft Parameter Sharing,53,270,0,223,0.1,50.978004860258444,0.7982907698896992,18,14,283,7.699999999999777
Branin-Fav,Soft Parameter Sharing,53,271,0,2350,0.1,51.05511080403355,0.7982907698896992,19,14,284,7.599999999999776
Branin-Fav,Soft Parameter Sharing,53,272,0,721,0.1,49.112827488866614,0.7982907698896992,20,14,285,7.499999999999774
Branin-Fav,Soft Parameter Sharing,53,273,1,627,1.0,8.52456694574141,0.7982907698896992,0,15,285,6.499999999999773
Branin-Fav,Soft Parameter Sharing,53,274,0,382,0.1,48.30303178106804,0.7877629604581781,1,15,286,6.399999999999773
Branin-Fav,Soft Parameter Sharing,53,275,0,729,0.1,44.195299605909,0.7877629604581781,2,15,287,6.299999999999772
Branin-Fav,Soft Parameter Sharing,53,276,0,422,0.1,50.19030252216272,0.7877629604581781,3,15,288,6.19999999999977
Branin-Fav,Soft Parameter Sharing,53,277,0,671,0.1,48.99943520164998,0.7877629604581781,4,15,289,6.099999999999769
Branin-Fav,Soft Parameter Sharing,53,278,0,393,0.1,43.43640332672719,0.7877629604581781,5,15,290,5.999999999999767
Branin-Fav,Soft Parameter Sharing,53,279,0,173,0.1,47.34812389743592,0.7877629604581781,6,15,291,5.899999999999766
Branin-Fav,Soft Parameter Sharing,53,280,0,92,0.1,44.822624714350404,0.7877629604581781,7,15,292,5.7999999999997645
Branin-Fav,Soft Parameter Sharing,53,281,0,432,0.1,47.63046346235087,0.7877629604581781,8,15,293,5.699999999999763
Branin-Fav,Soft Parameter Sharing,53,282,0,482,0.1,48.785216912437306,0.7877629604581781,9,15,294,5.599999999999762
Branin-Fav,Soft Parameter Sharing,53,283,0,372,0.1,44.12482255815554,0.7877629604581781,10,15,295,5.49999999999976
Branin-Fav,Soft Parameter Sharing,53,284,0,83,0.1,43.5481228534728,0.7877629604581781,11,15,296,5.399999999999759
Branin-Fav,Soft Parameter Sharing,53,285,0,283,0.1,48.57462450631276,0.7877629604581781,12,15,297,5.299999999999757
Branin-Fav,Soft Parameter Sharing,53,286,0,322,0.1,43.26953581800044,0.7877629604581781,13,15,298,5.199999999999756
Branin-Fav,Soft Parameter Sharing,53,287,0,749,0.1,46.948310488057125,0.7877629604581781,14,15,299,5.0999999999997545
Branin-Fav,Soft Parameter Sharing,53,288,0,1022,0.1,44.14620133665417,0.7877629604581781,15,15,300,4.999999999999753
Branin-Fav,Soft Parameter Sharing,53,289,0,680,0.1,45.53320810939486,0.7877629604581781,16,15,301,4.899999999999752
Branin-Fav,Soft Parameter Sharing,53,290,0,133,0.1,44.82521623667573,0.7877629604581781,17,15,302,4.79999999999975
Branin-Fav,Soft Parameter Sharing,53,291,0,621,0.1,40.714276986175705,0.7877629604581781,18,15,303,4.699999999999749
Branin-Fav,Soft Parameter Sharing,53,292,0,41,0.1,46.01426811977508,0.7877629604581781,19,15,304,4.599999999999747
Branin-Fav,Soft Parameter Sharing,53,293,0,698,0.1,41.828430727470604,0.7877629604581781,20,15,305,4.499999999999746
Branin-Fav,Soft Parameter Sharing,53,294,1,526,1.0,8.154760727396752,0.7877629604581781,0,16,305,3.499999999999744
Branin-Fav,Soft Parameter Sharing,53,295,0,494,0.1,42.887147787981284,0.7946992524902405,1,16,306,3.399999999999744
Branin-Fav,Soft Parameter Sharing,53,296,0,920,0.1,44.54180428752181,0.7946992524902405,2,16,307,3.2999999999997427
Branin-Fav,Soft Parameter Sharing,53,297,0,292,0.1,42.614478826586875,0.7946992524902405,3,16,308,3.1999999999997413
Branin-Fav,Soft Parameter Sharing,53,298,0,926,0.1,42.63624284496985,0.7946992524902405,4,16,309,3.09999999999974
Branin-Fav,Soft Parameter Sharing,53,299,0,1023,0.1,41.65731198110901,0.7946992524902405,5,16,310,2.9999999999997384
Branin-Fav,Soft Parameter Sharing,53,300,0,342,0.1,44.29152498143048,0.7946992524902405,6,16,311,2.899999999999737
Branin-Fav,Soft Parameter Sharing,53,301,0,443,0.1,42.965420728906594,0.7946992524902405,7,16,312,2.7999999999997356
Branin-Fav,Soft Parameter Sharing,53,302,0,647,0.1,41.17956169304021,0.7946992524902405,8,16,313,2.699999999999734
Branin-Fav,Soft Parameter Sharing,53,303,0,571,0.1,41.42517388642792,0.7946992524902405,9,16,314,2.5999999999997327
Branin-Fav,Soft Parameter Sharing,53,304,0,2150,0.1,45.21299718391179,0.7946992524902405,10,16,315,2.4999999999997313
Branin-Fav,Soft Parameter Sharing,53,305,0,545,0.1,41.24581235703568,0.7946992524902405,11,16,316,2.39999999999973
Branin-Fav,Soft Parameter Sharing,53,306,0,870,0.1,39.92211502930579,0.7946992524902405,12,16,317,2.2999999999997285
Branin-Fav,Soft Parameter Sharing,53,307,0,970,0.1,45.35449189656964,0.7946992524902405,13,16,318,2.199999999999727
Branin-Fav,Soft Parameter Sharing,53,308,0,191,0.1,39.314616572636275,0.7946992524902405,14,16,319,2.0999999999997256
Branin-Fav,Soft Parameter Sharing,53,309,0,596,0.1,39.06791204599884,0.7946992524902405,15,16,320,1.9999999999997242
Branin-Fav,Soft Parameter Sharing,53,310,0,141,0.1,43.59624946342195,0.7946992524902405,16,16,321,1.8999999999997228
Branin-Fav,Soft Parameter Sharing,53,311,0,877,0.1,37.85305785091097,0.7946992524902405,17,16,322,1.7999999999997214
Branin-Fav,Soft Parameter Sharing,53,312,0,521,0.1,35.70971801198545,0.7946992524902405,18,16,323,1.69999999999972
Branin-Fav,Soft Parameter Sharing,53,313,0,183,0.1,35.493493342357645,0.7946992524902405,19,16,324,1.5999999999997185
Branin-Fav,Soft Parameter Sharing,53,314,0,241,0.1,39.027603040819066,0.7946992524902405,20,16,325,1.4999999999997171
Branin-Fav,Soft Parameter Sharing,53,315,1,299,1.0,8.558181485810055,0.7946992524902405,0,17,325,0.4999999999997158
Branin-Fav,Soft Parameter Sharing,53,316,0,975,0.1,38.317982439257804,0.795472893323662,1,17,326,0.3999999999997158
Branin-Fav,Soft Parameter Sharing,53,317,0,72,0.1,42.84797991287676,0.795472893323662,2,17,327,0.2999999999997144
Branin-Fav,Soft Parameter Sharing,53,318,0,799,0.1,37.23237295832773,0.795472893323662,3,17,328,0.19999999999971294
Branin-Fav,Soft Parameter Sharing,53,319,0,91,0.1,36.94730831435573,0.795472893323662,4,17,329,0.09999999999971151
Branin-Fav,Soft Parameter Sharing,54,1,0,2450,0.1,165.43036245015827,0.5,1,2,26,45.4
Branin-Fav,Soft Parameter Sharing,54,2,0,330,0.1,118.02225904435157,0.5,2,2,27,45.3
Branin-Fav,Soft Parameter Sharing,54,3,0,35,0.1,119.81192624592417,0.5,3,2,28,45.199999999999996
Branin-Fav,Soft Parameter Sharing,54,4,0,626,0.1,115.66958730477403,0.5,4,2,29,45.1
Branin-Fav,Soft Parameter Sharing,54,5,0,628,0.1,119.75734917852161,0.5,5,2,30,45.0
Branin-Fav,Soft Parameter Sharing,54,6,0,923,0.1,113.44929023724589,0.5,6,2,31,44.9
Branin-Fav,Soft Parameter Sharing,54,7,0,299,0.1,107.81672620659658,0.5,7,2,32,44.800000000000004
Branin-Fav,Soft Parameter Sharing,54,8,0,99,0.1,111.54678764568378,0.5,8,2,33,44.7
Branin-Fav,Soft Parameter Sharing,54,9,0,549,0.1,136.7456560725116,0.5,9,2,34,44.6
Branin-Fav,Soft Parameter Sharing,54,10,0,2250,0.1,124.82473892255523,0.5,10,2,35,44.5
Branin-Fav,Soft Parameter Sharing,54,11,0,432,0.1,115.94011551988775,0.5,11,2,36,44.4
Branin-Fav,Soft Parameter Sharing,54,12,0,249,0.1,108.80061421632108,0.5,12,2,37,44.300000000000004
Branin-Fav,Soft Parameter Sharing,54,13,0,349,0.1,114.14325223365847,0.5,13,2,38,44.2
Branin-Fav,Soft Parameter Sharing,54,14,0,38,0.1,111.18463802477672,0.5,14,2,39,44.1
Branin-Fav,Soft Parameter Sharing,54,15,0,534,0.1,111.66779434564924,0.5,15,2,40,44.00000000000001
Branin-Fav,Soft Parameter Sharing,54,16,0,774,0.1,109.0360335586341,0.5,16,2,41,43.900000000000006
Branin-Fav,Soft Parameter Sharing,54,17,0,149,0.1,108.21348358533893,0.5,17,2,42,43.800000000000004
Branin-Fav,Soft Parameter Sharing,54,18,0,775,0.1,106.00742098354668,0.5,18,2,43,43.7
Branin-Fav,Soft Parameter Sharing,54,19,0,49,0.1,100.34376003030246,0.5,19,2,44,43.6
Branin-Fav,Soft Parameter Sharing,54,20,0,399,0.1,108.33574413745015,0.5,20,2,45,43.50000000000001
Branin-Fav,Soft Parameter Sharing,54,21,1,49,1.0,28.945184681161894,0.5,0,3,45,42.50000000000001
Branin-Fav,Soft Parameter Sharing,54,22,0,484,0.1,102.71316666549059,0.5,1,3,46,42.400000000000006
Branin-Fav,Soft Parameter Sharing,54,23,0,199,0.1,103.41930894138709,0.5,2,3,47,42.300000000000004
Branin-Fav,Soft Parameter Sharing,54,24,0,148,0.1,96.72594649546997,0.5,3,3,48,42.20000000000001
Branin-Fav,Soft Parameter Sharing,54,25,0,298,0.1,95.10505613649958,0.5,4,3,49,42.10000000000001
Branin-Fav,Soft Parameter Sharing,54,26,0,449,0.1,100.68513063983634,0.5,5,3,50,42.00000000000001
Branin-Fav,Soft Parameter Sharing,54,27,0,584,0.1,97.59121958240308,0.5,6,3,51,41.900000000000006
Branin-Fav,Soft Parameter Sharing,54,28,0,198,0.1,93.50079056066272,0.5,7,3,52,41.800000000000004
Branin-Fav,Soft Parameter Sharing,54,29,0,499,0.1,93.7995015974218,0.5,8,3,53,41.70000000000001
Branin-Fav,Soft Parameter Sharing,54,30,0,2100,0.1,89.69095580918645,0.5,9,3,54,41.60000000000001
Branin-Fav,Soft Parameter Sharing,54,31,0,98,0.1,89.5548145955769,0.5,10,3,55,41.50000000000001
Branin-Fav,Soft Parameter Sharing,54,32,0,248,0.1,89.11557134800037,0.5,11,3,56,41.40000000000001
Branin-Fav,Soft Parameter Sharing,54,33,0,398,0.1,91.41170185763602,0.5,12,3,57,41.30000000000001
Branin-Fav,Soft Parameter Sharing,54,34,0,348,0.1,91.19233828760564,0.5,13,3,58,41.20000000000001
Branin-Fav,Soft Parameter Sharing,54,35,0,240,0.1,92.59881775415988,0.5,14,3,59,41.10000000000001
Branin-Fav,Soft Parameter Sharing,54,36,0,48,0.1,85.2296509705339,0.5,15,3,60,41.00000000000001
Branin-Fav,Soft Parameter Sharing,54,37,0,448,0.1,88.79071105494883,0.5,16,3,61,40.90000000000001
Branin-Fav,Soft Parameter Sharing,54,38,0,41,0.1,100.56158092631823,0.5,17,3,62,40.80000000000001
Branin-Fav,Soft Parameter Sharing,54,39,0,247,0.1,83.25152947845109,0.5,18,3,63,40.70000000000001
Branin-Fav,Soft Parameter Sharing,54,40,0,498,0.1,85.66950380907134,0.5,19,3,64,40.600000000000016
Branin-Fav,Soft Parameter Sharing,54,41,0,131,0.1,85.97257811341066,0.5,20,3,65,40.500000000000014
Branin-Fav,Soft Parameter Sharing,54,42,1,2300,1.0,33.42985297663192,0.5,0,4,65,39.500000000000014
Branin-Fav,Soft Parameter Sharing,54,43,0,599,0.1,85.009336908361,0.5,1,4,66,39.40000000000001
Branin-Fav,Soft Parameter Sharing,54,44,0,725,0.1,84.39665720185485,0.5,2,4,67,39.30000000000001
Branin-Fav,Soft Parameter Sharing,54,45,0,347,0.1,81.64550310701674,0.5,3,4,68,39.20000000000001
Branin-Fav,Soft Parameter Sharing,54,46,0,649,0.1,79.05375612311641,0.5,4,4,69,39.100000000000016
Branin-Fav,Soft Parameter Sharing,54,47,0,487,0.1,87.8273882262453,0.5,5,4,70,39.000000000000014
Branin-Fav,Soft Parameter Sharing,54,48,0,824,0.1,80.71341662574939,0.5,6,4,71,38.90000000000001
Branin-Fav,Soft Parameter Sharing,54,49,0,874,0.1,80.82539303563462,0.5,7,4,72,38.80000000000002
Branin-Fav,Soft Parameter Sharing,54,50,0,397,0.1,79.26396839267704,0.5,8,4,73,38.70000000000002
Branin-Fav,Soft Parameter Sharing,54,51,0,427,0.1,81.7419060952631,0.5,9,4,74,38.600000000000016
Branin-Fav,Soft Parameter Sharing,54,52,0,297,0.1,77.7502076085593,0.5,10,4,75,38.500000000000014
Branin-Fav,Soft Parameter Sharing,54,53,0,147,0.1,78.2990470542173,0.5,11,4,76,38.40000000000001
Branin-Fav,Soft Parameter Sharing,54,54,0,447,0.1,75.94449510983436,0.5,12,4,77,38.30000000000002
Branin-Fav,Soft Parameter Sharing,54,55,0,197,0.1,78.20456219239138,0.5,13,4,78,38.20000000000002
Branin-Fav,Soft Parameter Sharing,54,56,0,489,0.1,91.27889991947794,0.5,14,4,79,38.100000000000016
Branin-Fav,Soft Parameter Sharing,54,57,0,675,0.1,75.72623542304002,0.5,15,4,80,38.00000000000002
Branin-Fav,Soft Parameter Sharing,54,58,0,97,0.1,74.92400191023164,0.5,16,4,81,37.90000000000002
Branin-Fav,Soft Parameter Sharing,54,59,0,439,0.1,82.83356682684538,0.5,17,4,82,37.80000000000002
Branin-Fav,Soft Parameter Sharing,54,60,0,548,0.1,70.93899729063101,0.5,18,4,83,37.70000000000002
Branin-Fav,Soft Parameter Sharing,54,61,0,825,0.1,76.44185532558382,0.5,19,4,84,37.600000000000016
Branin-Fav,Soft Parameter Sharing,54,62,0,378,0.1,80.94664307696533,0.5,20,4,85,37.50000000000002
Branin-Fav,Soft Parameter Sharing,54,63,1,349,1.0,21.93357687832087,0.5,0,5,85,36.50000000000002
Branin-Fav,Soft Parameter Sharing,54,64,0,726,0.1,79.67567778581939,0.5,1,5,86,36.40000000000002
Branin-Fav,Soft Parameter Sharing,54,65,0,676,0.1,74.83046766937304,0.5,2,5,87,36.30000000000002
Branin-Fav,Soft Parameter Sharing,54,66,0,776,0.1,74.08037974992435,0.5,3,5,88,36.200000000000024
Branin-Fav,Soft Parameter Sharing,54,67,0,296,0.1,68.88352622647918,0.5,4,5,89,36.10000000000002
Branin-Fav,Soft Parameter Sharing,54,68,0,578,0.1,68.84169460225645,0.5,5,5,90,36.00000000000002
Branin-Fav,Soft Parameter Sharing,54,69,0,529,0.1,68.16100824401178,0.5,6,5,91,35.90000000000002
Branin-Fav,Soft Parameter Sharing,54,70,0,677,0.1,70.58600166759045,0.5,7,5,92,35.80000000000002
Branin-Fav,Soft Parameter Sharing,54,71,0,627,0.1,73.44963242592964,0.5,8,5,93,35.700000000000024
Branin-Fav,Soft Parameter Sharing,54,72,0,724,0.1,70.96293862811763,0.5,9,5,94,35.60000000000002
Branin-Fav,Soft Parameter Sharing,54,73,0,533,0.1,71.38689905492048,0.5,10,5,95,35.50000000000002
Branin-Fav,Soft Parameter Sharing,54,74,0,598,0.1,71.7956905127215,0.5,11,5,96,35.40000000000003
Branin-Fav,Soft Parameter Sharing,54,75,0,728,0.1,67.14630536573875,0.5,12,5,97,35.300000000000026
Branin-Fav,Soft Parameter Sharing,54,76,0,826,0.1,69.9082585537313,0.5,13,5,98,35.200000000000024
Branin-Fav,Soft Parameter Sharing,54,77,0,346,0.1,64.62141897662377,0.5,14,5,99,35.10000000000002
Branin-Fav,Soft Parameter Sharing,54,78,0,580,0.1,65.51802967203743,0.5,15,5,100,35.00000000000002
Branin-Fav,Soft Parameter Sharing,54,79,0,478,0.1,66.17909530686082,0.5,16,5,101,34.90000000000003
Branin-Fav,Soft Parameter Sharing,54,80,0,577,0.1,67.92769186654681,0.5,17,5,102,34.800000000000026
Branin-Fav,Soft Parameter Sharing,54,81,0,727,0.1,66.88204018029855,0.5,18,5,103,34.700000000000024
Branin-Fav,Soft Parameter Sharing,54,82,0,528,0.1,67.33661867791469,0.5,19,5,104,34.60000000000003
Branin-Fav,Soft Parameter Sharing,54,83,0,576,0.1,65.17989430179558,0.5,20,5,105,34.50000000000003
Branin-Fav,Soft Parameter Sharing,54,84,1,27,1.0,16.469948597016238,0.5,0,6,105,33.50000000000003
Branin-Fav,Soft Parameter Sharing,54,85,0,625,0.1,65.80662473212148,0.5,1,6,106,33.40000000000003
Branin-Fav,Soft Parameter Sharing,54,86,0,527,0.1,65.4131623684463,0.5,2,6,107,33.300000000000026
Branin-Fav,Soft Parameter Sharing,54,87,0,674,0.1,63.005316177517834,0.5,3,6,108,33.200000000000024
Branin-Fav,Soft Parameter Sharing,54,88,0,526,0.1,62.64610792582339,0.5,4,6,109,33.10000000000002
Branin-Fav,Soft Parameter Sharing,54,89,0,875,0.1,61.20938197044708,0.5,5,6,110,33.00000000000002
Branin-Fav,Soft Parameter Sharing,54,90,0,777,0.1,62.80759496487386,0.5,6,6,111,32.90000000000002
Branin-Fav,Soft Parameter Sharing,54,91,0,477,0.1,64.2358469825458,0.5,7,6,112,32.80000000000002
Branin-Fav,Soft Parameter Sharing,54,92,0,575,0.1,63.696301741271995,0.5,8,6,113,32.70000000000002
Branin-Fav,Soft Parameter Sharing,54,93,0,876,0.1,64.35297592085577,0.5,9,6,114,32.600000000000016
Branin-Fav,Soft Parameter Sharing,54,94,0,579,0.1,61.476361701971776,0.5,10,6,115,32.500000000000014
Branin-Fav,Soft Parameter Sharing,54,95,0,525,0.1,62.673069780059585,0.5,11,6,116,32.40000000000001
Branin-Fav,Soft Parameter Sharing,54,96,0,699,0.1,67.19947168677155,0.5,12,6,117,32.30000000000001
Branin-Fav,Soft Parameter Sharing,54,97,0,476,0.1,62.41639729499249,0.5,13,6,118,32.20000000000001
Branin-Fav,Soft Parameter Sharing,54,98,0,426,0.1,61.529845329715975,0.5,14,6,119,32.10000000000001
Branin-Fav,Soft Parameter Sharing,54,99,0,479,0.1,63.42321652201389,0.5,15,6,120,32.00000000000001
Branin-Fav,Soft Parameter Sharing,54,100,0,385,0.1,68.73193765346906,0.5,16,6,121,31.900000000000006
Branin-Fav,Soft Parameter Sharing,54,101,0,497,0.1,61.313509373158126,0.5,17,6,122,31.800000000000004
Branin-Fav,Soft Parameter Sharing,54,102,0,428,0.1,62.61732158046539,0.5,18,6,123,31.700000000000003
Branin-Fav,Soft Parameter Sharing,54,103,0,624,0.1,59.65286735554374,0.5,19,6,124,31.6
Branin-Fav,Soft Parameter Sharing,54,104,0,547,0.1,59.01240016665388,0.5,20,6,125,31.5
Branin-Fav,Soft Parameter Sharing,54,105,1,527,1.0,15.85518868326638,0.5,0,7,125,30.5
Branin-Fav,Soft Parameter Sharing,54,106,0,773,0.1,98.20612482606688,0.8194669380268089,1,7,126,30.4
Branin-Fav,Soft Parameter Sharing,54,107,0,47,0.1,98.34419125514793,0.8194669380268089,2,7,127,30.299999999999997
Branin-Fav,Soft Parameter Sharing,54,108,0,823,0.1,93.57068054149035,0.8194669380268089,3,7,128,30.199999999999996
Branin-Fav,Soft Parameter Sharing,54,109,0,629,0.1,94.06463929633058,0.8194669380268089,4,7,129,30.099999999999994
Branin-Fav,Soft Parameter Sharing,54,110,0,574,0.1,91.99074973522806,0.8194669380268089,5,7,130,29.999999999999993
Branin-Fav,Soft Parameter Sharing,54,111,0,396,0.1,96.47708210039818,0.8194669380268089,6,7,131,29.89999999999999
Branin-Fav,Soft Parameter Sharing,54,112,0,429,0.1,93.7916885500454,0.8194669380268089,7,7,132,29.79999999999999
Branin-Fav,Soft Parameter Sharing,54,113,0,827,0.1,92.73897939939876,0.8194669380268089,8,7,133,29.69999999999999
Branin-Fav,Soft Parameter Sharing,54,114,0,379,0.1,90.00055963428403,0.8194669380268089,9,7,134,29.599999999999987
Branin-Fav,Soft Parameter Sharing,54,115,0,377,0.1,100.13210349431624,0.8194669380268089,10,7,135,29.499999999999986
Branin-Fav,Soft Parameter Sharing,54,116,0,475,0.1,91.96213149165114,0.8194669380268089,11,7,136,29.399999999999984
Branin-Fav,Soft Parameter Sharing,54,117,0,376,0.1,95.9793262258026,0.8194669380268089,12,7,137,29.299999999999983
Branin-Fav,Soft Parameter Sharing,54,118,0,327,0.1,93.63573583788367,0.8194669380268089,13,7,138,29.19999999999998
Branin-Fav,Soft Parameter Sharing,54,119,0,329,0.1,92.9579626210343,0.8194669380268089,14,7,139,29.09999999999998
Branin-Fav,Soft Parameter Sharing,54,120,0,328,0.1,92.70781714452356,0.8194669380268089,15,7,140,28.99999999999998
Branin-Fav,Soft Parameter Sharing,54,121,0,278,0.1,89.42047750399827,0.8194669380268089,16,7,141,28.899999999999977
Branin-Fav,Soft Parameter Sharing,54,122,0,277,0.1,93.78415735464192,0.8194669380268089,17,7,142,28.799999999999976
Branin-Fav,Soft Parameter Sharing,54,123,0,279,0.1,91.11964421048548,0.8194669380268089,18,7,143,28.699999999999974
Branin-Fav,Soft Parameter Sharing,54,124,0,46,0.1,95.00216721353392,0.8194669380268089,19,7,144,28.599999999999973
Branin-Fav,Soft Parameter Sharing,54,125,0,749,0.1,92.15636451854998,0.8194669380268089,20,7,145,28.49999999999997
Branin-Fav,Soft Parameter Sharing,54,126,1,30,1.0,13.749655785137463,0.8194669380268089,0,8,145,27.49999999999997
Branin-Fav,Soft Parameter Sharing,54,127,0,723,0.1,93.72746622439718,0.8194669380268089,1,8,146,27.39999999999997
Branin-Fav,Soft Parameter Sharing,54,128,0,28,0.1,101.1627222159795,0.8194669380268089,2,8,147,27.29999999999997
Branin-Fav,Soft Parameter Sharing,54,129,0,326,0.1,90.20873948872058,0.8194669380268089,3,8,148,27.199999999999967
Branin-Fav,Soft Parameter Sharing,54,130,0,524,0.1,96.29544918269896,0.8194669380268089,4,8,149,27.099999999999966
Branin-Fav,Soft Parameter Sharing,54,131,0,679,0.1,89.57826719687976,0.8194669380268089,5,8,150,26.999999999999964
Branin-Fav,Soft Parameter Sharing,54,132,0,380,0.1,86.33442211041289,0.8194669380268089,6,8,151,26.899999999999963
Branin-Fav,Soft Parameter Sharing,54,133,0,227,0.1,91.95816746564427,0.8194669380268089,7,8,152,26.79999999999996
Branin-Fav,Soft Parameter Sharing,54,134,0,228,0.1,91.517341149146,0.8194669380268089,8,8,153,26.69999999999996
Branin-Fav,Soft Parameter Sharing,54,135,0,178,0.1,85.94620538727678,0.8194669380268089,9,8,154,26.59999999999996
Branin-Fav,Soft Parameter Sharing,54,136,0,229,0.1,88.83722058401192,0.8194669380268089,10,8,155,26.499999999999957
Branin-Fav,Soft Parameter Sharing,54,137,0,430,0.1,85.67701332803485,0.8194669380268089,11,8,156,26.399999999999956
Branin-Fav,Soft Parameter Sharing,54,138,0,673,0.1,87.3198930988396,0.8194669380268089,12,8,157,26.299999999999955
Branin-Fav,Soft Parameter Sharing,54,139,0,276,0.1,87.43394194003518,0.8194669380268089,13,8,158,26.199999999999953
Branin-Fav,Soft Parameter Sharing,54,140,0,196,0.1,86.23339718213538,0.8194669380268089,14,8,159,26.09999999999995
Branin-Fav,Soft Parameter Sharing,54,141,0,96,0.1,87.20296873752498,0.8194669380268089,15,8,160,25.99999999999995
Branin-Fav,Soft Parameter Sharing,54,142,0,375,0.1,89.0245082692011,0.8194669380268089,16,8,161,25.89999999999995
Branin-Fav,Soft Parameter Sharing,54,143,0,146,0.1,87.573862117501,0.8194669380268089,17,8,162,25.799999999999947
Branin-Fav,Soft Parameter Sharing,54,144,0,177,0.1,90.9728515337768,0.8194669380268089,18,8,163,25.699999999999946
Branin-Fav,Soft Parameter Sharing,54,145,0,128,0.1,84.01582402850036,0.8194669380268089,19,8,164,25.599999999999945
Branin-Fav,Soft Parameter Sharing,54,146,0,474,0.1,82.8312614112102,0.8194669380268089,20,8,165,25.499999999999943
Branin-Fav,Soft Parameter Sharing,54,147,1,299,1.0,12.554563525460871,0.8194669380268089,0,9,165,24.499999999999943
Branin-Fav,Soft Parameter Sharing,54,148,0,78,0.1,87.02358610927514,0.8223697574661626,1,9,166,24.39999999999994
Branin-Fav,Soft Parameter Sharing,54,149,0,280,0.1,86.38682422583645,0.8223697574661626,2,9,167,24.29999999999994
Branin-Fav,Soft Parameter Sharing,54,150,0,325,0.1,86.0351739766067,0.8223697574661626,3,9,168,24.19999999999994
Branin-Fav,Soft Parameter Sharing,54,151,0,179,0.1,83.67356225894542,0.8223697574661626,4,9,169,24.099999999999937
Branin-Fav,Soft Parameter Sharing,54,152,0,226,0.1,86.84759901801212,0.8223697574661626,5,9,170,23.999999999999936
Branin-Fav,Soft Parameter Sharing,54,153,0,623,0.1,82.36261655005518,0.8223697574661626,6,9,171,23.899999999999935
Branin-Fav,Soft Parameter Sharing,54,154,0,29,0.1,95.21763494926032,0.8223697574661626,7,9,172,23.799999999999933
Branin-Fav,Soft Parameter Sharing,54,155,0,480,0.1,84.32754831708422,0.8223697574661626,8,9,173,23.699999999999932
Branin-Fav,Soft Parameter Sharing,54,156,0,127,0.1,86.071509290656,0.8223697574661626,9,9,174,23.59999999999993
Branin-Fav,Soft Parameter Sharing,54,157,0,573,0.1,85.50128525738886,0.8223697574661626,10,9,175,23.49999999999993
Branin-Fav,Soft Parameter Sharing,54,158,0,424,0.1,82.96779562435276,0.8223697574661626,11,9,176,23.399999999999928
Branin-Fav,Soft Parameter Sharing,54,159,0,129,0.1,79.01459484295516,0.8223697574661626,12,9,177,23.299999999999926
Branin-Fav,Soft Parameter Sharing,54,160,0,246,0.1,79.69170193638274,0.8223697574661626,13,9,178,23.199999999999925
Branin-Fav,Soft Parameter Sharing,54,161,0,374,0.1,83.5256434793057,0.8223697574661626,14,9,179,23.099999999999923
Branin-Fav,Soft Parameter Sharing,54,162,0,275,0.1,88.31526022403061,0.8223697574661626,15,9,180,22.999999999999922
Branin-Fav,Soft Parameter Sharing,54,163,0,77,0.1,84.88500089371779,0.8223697574661626,16,9,181,22.89999999999992
Branin-Fav,Soft Parameter Sharing,54,164,0,79,0.1,86.41274330739847,0.8223697574661626,17,9,182,22.79999999999992
Branin-Fav,Soft Parameter Sharing,54,165,0,176,0.1,84.23158600149208,0.8223697574661626,18,9,183,22.699999999999918
Branin-Fav,Soft Parameter Sharing,54,166,0,230,0.1,82.18995909405963,0.8223697574661626,19,9,184,22.599999999999916
Branin-Fav,Soft Parameter Sharing,54,167,0,126,0.1,84.44025092832564,0.8223697574661626,20,9,185,22.499999999999915
Branin-Fav,Soft Parameter Sharing,54,168,1,149,1.0,11.582543002773976,0.8223697574661626,0,10,185,21.499999999999915
Branin-Fav,Soft Parameter Sharing,54,169,0,225,0.1,64.72935489058737,0.6761727058757357,1,10,186,21.399999999999913
Branin-Fav,Soft Parameter Sharing,54,170,0,130,0.1,67.62454337031485,0.6761727058757357,2,10,187,21.299999999999912
Branin-Fav,Soft Parameter Sharing,54,171,0,76,0.1,63.157724117271705,0.6761727058757357,3,10,188,21.19999999999991
Branin-Fav,Soft Parameter Sharing,54,172,0,523,0.1,65.29301927812615,0.6761727058757357,4,10,189,21.09999999999991
Branin-Fav,Soft Parameter Sharing,54,173,0,324,0.1,63.418077399300124,0.6761727058757357,5,10,190,20.999999999999908
Branin-Fav,Soft Parameter Sharing,54,174,0,180,0.1,68.56455297298461,0.6761727058757357,6,10,191,20.899999999999906
Branin-Fav,Soft Parameter Sharing,54,175,0,80,0.1,62.97167579377272,0.6761727058757357,7,10,192,20.799999999999905
Branin-Fav,Soft Parameter Sharing,54,176,0,873,0.1,60.42343158103494,0.6761727058757357,8,10,193,20.699999999999903
Branin-Fav,Soft Parameter Sharing,54,177,0,31,0.1,64.70337284364756,0.6761727058757357,9,10,194,20.599999999999902
Branin-Fav,Soft Parameter Sharing,54,178,0,26,0.1,60.34946904320894,0.6761727058757357,10,10,195,20.4999999999999
Branin-Fav,Soft Parameter Sharing,54,179,0,822,0.1,60.618140027804344,0.6761727058757357,11,10,196,20.3999999999999
Branin-Fav,Soft Parameter Sharing,54,180,0,530,0.1,67.78376793456545,0.6761727058757357,12,10,197,20.299999999999898
Branin-Fav,Soft Parameter Sharing,54,181,0,175,0.1,61.00501716306426,0.6761727058757357,13,10,198,20.199999999999896
Branin-Fav,Soft Parameter Sharing,54,182,0,145,0.1,63.0674948716628,0.6761727058757357,14,10,199,20.099999999999895
Branin-Fav,Soft Parameter Sharing,54,183,0,125,0.1,58.40668070834937,0.6761727058757357,15,10,200,19.999999999999893
Branin-Fav,Soft Parameter Sharing,54,184,0,473,0.1,59.11619492272211,0.6761727058757357,16,10,201,19.899999999999892
Branin-Fav,Soft Parameter Sharing,54,185,0,75,0.1,57.662297665244836,0.6761727058757357,17,10,202,19.79999999999989
Branin-Fav,Soft Parameter Sharing,54,186,0,274,0.1,59.84994127137435,0.6761727058757357,18,10,203,19.69999999999989
Branin-Fav,Soft Parameter Sharing,54,187,0,423,0.1,56.83276633997679,0.6761727058757357,19,10,204,19.599999999999888
Branin-Fav,Soft Parameter Sharing,54,188,0,772,0.1,58.29513526579687,0.6761727058757357,20,10,205,19.499999999999886
Branin-Fav,Soft Parameter Sharing,54,189,1,379,1.0,12.097218992825068,0.6761727058757357,0,11,205,18.499999999999886
Branin-Fav,Soft Parameter Sharing,54,190,0,722,0.1,24.592415339155878,0.28331163730547637,1,11,206,18.399999999999885
Branin-Fav,Soft Parameter Sharing,54,191,0,648,0.1,25.79928098054792,0.28331163730547637,2,11,207,18.299999999999883
Branin-Fav,Soft Parameter Sharing,54,192,0,195,0.1,24.326380901214318,0.28331163730547637,3,11,208,18.199999999999882
Branin-Fav,Soft Parameter Sharing,54,193,0,181,0.1,24.421870534310823,0.28331163730547637,4,11,209,18.09999999999988
Branin-Fav,Soft Parameter Sharing,54,194,0,446,0.1,24.02835300611184,0.28331163730547637,5,11,210,17.99999999999988
Branin-Fav,Soft Parameter Sharing,54,195,0,672,0.1,23.99132706897984,0.28331163730547637,6,11,211,17.899999999999878
Branin-Fav,Soft Parameter Sharing,54,196,0,45,0.1,25.1424281391808,0.28331163730547637,7,11,212,17.799999999999876
Branin-Fav,Soft Parameter Sharing,54,197,0,25,0.1,26.29440618209929,0.28331163730547637,8,11,213,17.699999999999875
Branin-Fav,Soft Parameter Sharing,54,198,0,622,0.1,24.397794051698497,0.28331163730547637,9,11,214,17.599999999999874
Branin-Fav,Soft Parameter Sharing,54,199,0,95,0.1,23.5210927000936,0.28331163730547637,10,11,215,17.499999999999872
Branin-Fav,Soft Parameter Sharing,54,200,0,496,0.1,22.700615944386534,0.28331163730547637,11,11,216,17.39999999999987
Branin-Fav,Soft Parameter Sharing,54,201,0,81,0.1,23.90966517476815,0.28331163730547637,12,11,217,17.29999999999987
Branin-Fav,Soft Parameter Sharing,54,202,0,245,0.1,22.881031799406436,0.28331163730547637,13,11,218,17.199999999999868
Branin-Fav,Soft Parameter Sharing,54,203,0,295,0.1,23.580807764464097,0.28331163730547637,14,11,219,17.099999999999866
Branin-Fav,Soft Parameter Sharing,54,204,0,231,0.1,24.46888268100193,0.28331163730547637,15,11,220,16.999999999999865
Branin-Fav,Soft Parameter Sharing,54,205,0,331,0.1,22.82571471925027,0.28331163730547637,16,11,221,16.899999999999864
Branin-Fav,Soft Parameter Sharing,54,206,0,281,0.1,24.16599823853044,0.28331163730547637,17,11,222,16.799999999999862
Branin-Fav,Soft Parameter Sharing,54,207,0,44,0.1,23.834389764966133,0.28331163730547637,18,11,223,16.69999999999986
Branin-Fav,Soft Parameter Sharing,54,208,0,94,0.1,24.402393539965274,0.28331163730547637,19,11,224,16.59999999999986
Branin-Fav,Soft Parameter Sharing,54,209,0,224,0.1,23.23092452108997,0.28331163730547637,20,11,225,16.499999999999858
Branin-Fav,Soft Parameter Sharing,54,210,1,477,1.0,11.315616522102326,0.28331163730547637,0,12,225,15.499999999999858
Branin-Fav,Soft Parameter Sharing,54,211,0,345,0.1,37.939948661717935,0.48766250278952883,1,12,226,15.399999999999858
Branin-Fav,Soft Parameter Sharing,54,212,0,144,0.1,38.38345213864354,0.48766250278952883,2,12,227,15.299999999999857
Branin-Fav,Soft Parameter Sharing,54,213,0,373,0.1,38.575727392043405,0.48766250278952883,3,12,228,15.199999999999855
Branin-Fav,Soft Parameter Sharing,54,214,0,381,0.1,37.01017248989393,0.48766250278952883,4,12,229,15.099999999999854
Branin-Fav,Soft Parameter Sharing,54,215,0,174,0.1,37.258733399416094,0.48766250278952883,5,12,230,14.999999999999853
Branin-Fav,Soft Parameter Sharing,54,216,0,872,0.1,39.674530820624355,0.48766250278952883,6,12,231,14.899999999999851
Branin-Fav,Soft Parameter Sharing,54,217,0,395,0.1,36.85869530582546,0.48766250278952883,7,12,232,14.79999999999985
Branin-Fav,Soft Parameter Sharing,54,218,0,244,0.1,35.85030583789975,0.48766250278952883,8,12,233,14.699999999999848
Branin-Fav,Soft Parameter Sharing,54,219,0,821,0.1,37.99054270150558,0.48766250278952883,9,12,234,14.599999999999847
Branin-Fav,Soft Parameter Sharing,54,220,0,294,0.1,34.01244094335439,0.48766250278952883,10,12,235,14.499999999999845
Branin-Fav,Soft Parameter Sharing,54,221,0,431,0.1,36.21676581151378,0.48766250278952883,11,12,236,14.399999999999844
Branin-Fav,Soft Parameter Sharing,54,222,0,572,0.1,35.80057410684572,0.48766250278952883,12,12,237,14.299999999999843
Branin-Fav,Soft Parameter Sharing,54,223,0,344,0.1,36.26097637444884,0.48766250278952883,13,12,238,14.199999999999841
Branin-Fav,Soft Parameter Sharing,54,224,0,32,0.1,35.607205902949445,0.48766250278952883,14,12,239,14.09999999999984
Branin-Fav,Soft Parameter Sharing,54,225,0,124,0.1,36.503335383615536,0.48766250278952883,15,12,240,13.999999999999838
Branin-Fav,Soft Parameter Sharing,54,226,0,924,0.1,36.741361294581445,0.48766250278952883,16,12,241,13.899999999999837
Branin-Fav,Soft Parameter Sharing,54,227,0,522,0.1,35.58023118503858,0.48766250278952883,17,12,242,13.799999999999836
Branin-Fav,Soft Parameter Sharing,54,228,0,597,0.1,33.86580095696475,0.48766250278952883,18,12,243,13.699999999999834
Branin-Fav,Soft Parameter Sharing,54,229,0,2200,0.1,34.499264507072105,0.48766250278952883,19,12,244,13.599999999999833
Branin-Fav,Soft Parameter Sharing,54,230,0,82,0.1,34.553214428559734,0.48766250278952883,20,12,245,13.499999999999831
Branin-Fav,Soft Parameter Sharing,54,231,1,377,1.0,9.939513048116869,0.48766250278952883,0,13,245,12.49999999999983
Branin-Fav,Soft Parameter Sharing,54,232,0,323,0.1,41.615412659502624,0.5916785675362481,1,13,246,12.39999999999983
Branin-Fav,Soft Parameter Sharing,54,233,0,778,0.1,40.14140058133563,0.5916785675362481,2,13,247,12.299999999999828
Branin-Fav,Soft Parameter Sharing,54,234,0,481,0.1,39.58963560694651,0.5916785675362481,3,13,248,12.199999999999827
Branin-Fav,Soft Parameter Sharing,54,235,0,182,0.1,43.191849143064296,0.5916785675362481,4,13,249,12.099999999999826
Branin-Fav,Soft Parameter Sharing,54,236,0,771,0.1,43.31600067965052,0.5916785675362481,5,13,250,11.999999999999824
Branin-Fav,Soft Parameter Sharing,54,237,0,74,0.1,40.44287274719174,0.5916785675362481,6,13,251,11.899999999999823
Branin-Fav,Soft Parameter Sharing,54,238,0,922,0.1,43.0463053189609,0.5916785675362481,7,13,252,11.799999999999821
Branin-Fav,Soft Parameter Sharing,54,239,0,445,0.1,39.275639071757084,0.5916785675362481,8,13,253,11.69999999999982
Branin-Fav,Soft Parameter Sharing,54,240,0,232,0.1,56.52542769758122,0.5916785675362481,9,13,254,11.599999999999818
Branin-Fav,Soft Parameter Sharing,54,241,0,925,0.1,40.52762652370487,0.5916785675362481,10,13,255,11.499999999999817
Branin-Fav,Soft Parameter Sharing,54,242,0,546,0.1,39.1719588866259,0.5916785675362481,11,13,256,11.399999999999816
Branin-Fav,Soft Parameter Sharing,54,243,0,132,0.1,47.32145717502864,0.5916785675362481,12,13,257,11.299999999999814
Branin-Fav,Soft Parameter Sharing,54,244,0,193,0.1,39.32664091992,0.5916785675362481,13,13,258,11.199999999999813
Branin-Fav,Soft Parameter Sharing,54,245,0,143,0.1,37.87643143830919,0.5916785675362481,14,13,259,11.099999999999811
Branin-Fav,Soft Parameter Sharing,54,246,0,973,0.1,38.475712135244,0.5916785675362481,15,13,260,10.99999999999981
Branin-Fav,Soft Parameter Sharing,54,247,0,273,0.1,37.59500768640448,0.5916785675362481,16,13,261,10.899999999999809
Branin-Fav,Soft Parameter Sharing,54,248,0,243,0.1,39.14868280735204,0.5916785675362481,17,13,262,10.799999999999807
Branin-Fav,Soft Parameter Sharing,54,249,0,93,0.1,38.16023114323251,0.5916785675362481,18,13,263,10.699999999999806
Branin-Fav,Soft Parameter Sharing,54,250,0,282,0.1,36.84381109736063,0.5916785675362481,19,13,264,10.599999999999804
Branin-Fav,Soft Parameter Sharing,54,251,0,871,0.1,41.11374870309726,0.5916785675362481,20,13,265,10.499999999999803
Branin-Fav,Soft Parameter Sharing,54,252,1,526,1.0,9.721480032409758,0.5916785675362481,0,14,265,9.499999999999801
Branin-Fav,Soft Parameter Sharing,54,253,0,472,0.1,39.37681153113529,0.6258704038433865,1,14,266,9.399999999999801
Branin-Fav,Soft Parameter Sharing,54,254,0,630,0.1,38.79395909486183,0.6258704038433865,2,14,267,9.2999999999998
Branin-Fav,Soft Parameter Sharing,54,255,0,332,0.1,43.41837836597422,0.6258704038433865,3,14,268,9.199999999999799
Branin-Fav,Soft Parameter Sharing,54,256,0,921,0.1,38.299883363377866,0.6258704038433865,4,14,269,9.099999999999797
Branin-Fav,Soft Parameter Sharing,54,257,0,43,0.1,40.936967514739386,0.6258704038433865,5,14,270,8.999999999999796
Branin-Fav,Soft Parameter Sharing,54,258,0,721,0.1,39.05134890161629,0.6258704038433865,6,14,271,8.899999999999794
Branin-Fav,Soft Parameter Sharing,54,259,0,671,0.1,38.2840376141975,0.6258704038433865,7,14,272,8.799999999999793
Branin-Fav,Soft Parameter Sharing,54,260,0,382,0.1,37.75444423892699,0.6258704038433865,8,14,273,8.699999999999791
Branin-Fav,Soft Parameter Sharing,54,261,0,531,0.1,40.34856537264114,0.6258704038433865,9,14,274,8.59999999999979
Branin-Fav,Soft Parameter Sharing,54,262,0,24,0.1,37.837206187902,0.6258704038433865,10,14,275,8.499999999999789
Branin-Fav,Soft Parameter Sharing,54,263,0,877,0.1,39.180509172739235,0.6258704038433865,11,14,276,8.399999999999787
Branin-Fav,Soft Parameter Sharing,54,264,0,293,0.1,37.46773346993412,0.6258704038433865,12,14,277,8.299999999999786
Branin-Fav,Soft Parameter Sharing,54,265,0,42,0.1,38.189081582934996,0.6258704038433865,13,14,278,8.199999999999784
Branin-Fav,Soft Parameter Sharing,54,266,0,394,0.1,35.96350045753004,0.6258704038433865,14,14,279,8.099999999999783
Branin-Fav,Soft Parameter Sharing,54,267,0,698,0.1,37.16515198283806,0.6258704038433865,15,14,280,7.9999999999997815
Branin-Fav,Soft Parameter Sharing,54,268,0,495,0.1,39.12627184075299,0.6258704038433865,16,14,281,7.89999999999978
Branin-Fav,Soft Parameter Sharing,54,269,0,972,0.1,38.42999779964721,0.6258704038433865,17,14,282,7.799999999999779
Branin-Fav,Soft Parameter Sharing,54,270,0,971,0.1,34.51516251016955,0.6258704038433865,18,14,283,7.699999999999777
Branin-Fav,Soft Parameter Sharing,54,271,0,92,0.1,38.14973459413699,0.6258704038433865,19,14,284,7.599999999999776
Branin-Fav,Soft Parameter Sharing,54,272,0,729,0.1,35.50645857750066,0.6258704038433865,20,14,285,7.499999999999774
Branin-Fav,Soft Parameter Sharing,54,273,1,378,1.0,9.24719853752221,0.6258704038433865,0,15,285,6.499999999999773
Branin-Fav,Soft Parameter Sharing,54,274,0,647,0.1,37.36063474272457,0.6399097795608191,1,15,286,6.399999999999773
Branin-Fav,Soft Parameter Sharing,54,275,0,142,0.1,36.0702514154735,0.6399097795608191,2,15,287,6.299999999999772
Branin-Fav,Soft Parameter Sharing,54,276,0,33,0.1,39.2778750074527,0.6399097795608191,3,15,288,6.19999999999977
Branin-Fav,Soft Parameter Sharing,54,277,0,343,0.1,35.06090896555243,0.6399097795608191,4,15,289,6.099999999999769
Branin-Fav,Soft Parameter Sharing,54,278,0,444,0.1,37.30352779870715,0.6399097795608191,5,15,290,5.999999999999767
Branin-Fav,Soft Parameter Sharing,54,279,0,192,0.1,36.14354330607757,0.6399097795608191,6,15,291,5.899999999999766
Branin-Fav,Soft Parameter Sharing,54,280,0,242,0.1,34.6619669117239,0.6399097795608191,7,15,292,5.7999999999997645
Branin-Fav,Soft Parameter Sharing,54,281,0,183,0.1,32.26942150471196,0.6399097795608191,8,15,293,5.699999999999763
Branin-Fav,Soft Parameter Sharing,54,282,0,393,0.1,35.81860445019485,0.6399097795608191,9,15,294,5.599999999999762
Branin-Fav,Soft Parameter Sharing,54,283,0,596,0.1,35.621159176286135,0.6399097795608191,10,15,295,5.49999999999976
Branin-Fav,Soft Parameter Sharing,54,284,0,926,0.1,36.32606084423206,0.6399097795608191,11,15,296,5.399999999999759
Branin-Fav,Soft Parameter Sharing,54,285,0,974,0.1,35.173250575245376,0.6399097795608191,12,15,297,5.299999999999757
Branin-Fav,Soft Parameter Sharing,54,286,0,545,0.1,31.912169705171156,0.6399097795608191,13,15,298,5.199999999999756
Branin-Fav,Soft Parameter Sharing,54,287,0,494,0.1,34.899090986574954,0.6399097795608191,14,15,299,5.0999999999997545
Branin-Fav,Soft Parameter Sharing,54,288,0,828,0.1,32.82417869835332,0.6399097795608191,15,15,300,4.999999999999753
Branin-Fav,Soft Parameter Sharing,54,289,0,799,0.1,33.242627206876946,0.6399097795608191,16,15,301,4.899999999999752
Branin-Fav,Soft Parameter Sharing,54,290,0,223,0.1,36.10618057687893,0.6399097795608191,17,15,302,4.79999999999975
Branin-Fav,Soft Parameter Sharing,54,291,0,680,0.1,34.92403267577448,0.6399097795608191,18,15,303,4.699999999999749
Branin-Fav,Soft Parameter Sharing,54,292,0,1022,0.1,31.667265957165718,0.6399097795608191,19,15,304,4.599999999999747
Branin-Fav,Soft Parameter Sharing,54,293,0,422,0.1,34.95435611157664,0.6399097795608191,20,15,305,4.499999999999746
Branin-Fav,Soft Parameter Sharing,54,294,1,327,1.0,9.135758899029142,0.6399097795608191,0,16,305,3.499999999999744
Branin-Fav,Soft Parameter Sharing,54,295,0,621,0.1,32.78939600077517,0.6656571923249359,1,16,306,3.399999999999744
Branin-Fav,Soft Parameter Sharing,54,296,0,23,0.1,38.92897027937155,0.6656571923249359,2,16,307,3.2999999999997427
Branin-Fav,Soft Parameter Sharing,54,297,0,342,0.1,32.501785642496024,0.6656571923249359,3,16,308,3.1999999999997413
Branin-Fav,Soft Parameter Sharing,54,298,0,748,0.1,33.48348830015915,0.6656571923249359,4,16,309,3.09999999999974
Branin-Fav,Soft Parameter Sharing,54,299,0,83,0.1,35.77243540379945,0.6656571923249359,5,16,310,2.9999999999997384
Branin-Fav,Soft Parameter Sharing,54,300,0,482,0.1,37.00913944104146,0.6656571923249359,6,16,311,2.899999999999737
Branin-Fav,Soft Parameter Sharing,54,301,0,372,0.1,32.176554362015395,0.6656571923249359,7,16,312,2.7999999999997356
Branin-Fav,Soft Parameter Sharing,54,302,0,133,0.1,30.931970099302237,0.6656571923249359,8,16,313,2.699999999999734
Branin-Fav,Soft Parameter Sharing,54,303,0,233,0.1,33.04026616881019,0.6656571923249359,9,16,314,2.5999999999997327
Branin-Fav,Soft Parameter Sharing,54,304,0,779,0.1,29.15298445158259,0.6656571923249359,10,16,315,2.4999999999997313
Branin-Fav,Soft Parameter Sharing,54,305,0,571,0.1,32.315820986685885,0.6656571923249359,11,16,316,2.39999999999973
Branin-Fav,Soft Parameter Sharing,54,306,0,443,0.1,31.53206086830714,0.6656571923249359,12,16,317,2.2999999999997285
Branin-Fav,Soft Parameter Sharing,54,307,0,697,0.1,31.492705387871176,0.6656571923249359,13,16,318,2.199999999999727
Branin-Fav,Soft Parameter Sharing,54,308,0,141,0.1,35.60625098825086,0.6656571923249359,14,16,319,2.0999999999997256
Branin-Fav,Soft Parameter Sharing,54,309,0,283,0.1,31.059830979996647,0.6656571923249359,15,16,320,1.9999999999997242
Branin-Fav,Soft Parameter Sharing,54,310,0,975,0.1,30.751293574661418,0.6656571923249359,16,16,321,1.8999999999997228
Branin-Fav,Soft Parameter Sharing,54,311,0,191,0.1,30.989801704927782,0.6656571923249359,17,16,322,1.7999999999997214
Branin-Fav,Soft Parameter Sharing,54,312,0,241,0.1,31.542555587444426,0.6656571923249359,18,16,323,1.69999999999972
Branin-Fav,Soft Parameter Sharing,54,313,0,333,0.1,30.333640693432447,0.6656571923249359,19,16,324,1.5999999999997185
Branin-Fav,Soft Parameter Sharing,54,314,0,392,0.1,28.73905852641845,0.6656571923249359,20,16,325,1.4999999999997171
Branin-Fav,Soft Parameter Sharing,54,315,1,28,1.0,8.557957436465157,0.6656571923249359,0,17,325,0.4999999999997158
Branin-Fav,Soft Parameter Sharing,54,316,0,91,0.1,28.021862834248918,0.6276275048333396,1,17,326,0.3999999999997158
Branin-Fav,Soft Parameter Sharing,54,317,0,383,0.1,27.383085890293113,0.6276275048333396,2,17,327,0.2999999999997144
Branin-Fav,Soft Parameter Sharing,54,318,0,173,0.1,28.711591341984754,0.6276275048333396,3,17,328,0.19999999999971294
Branin-Fav,Soft Parameter Sharing,54,319,0,1023,0.1,25.701265472198394,0.6276275048333396,4,17,329,0.09999999999971151
Branin-Fav,Soft Parameter Sharing,55,1,0,1900,0.1,132.22975055457223,0.5,1,2,26,45.4
Branin-Fav,Soft Parameter Sharing,55,2,0,43,0.1,117.2326510594588,0.5,2,2,27,45.3
Branin-Fav,Soft Parameter Sharing,55,3,0,45,0.1,106.69964023415548,0.5,3,2,28,45.199999999999996
Branin-Fav,Soft Parameter Sharing,55,4,0,1650,0.1,107.56798622086608,0.5,4,2,29,45.1
Branin-Fav,Soft Parameter Sharing,55,5,0,49,0.1,96.38654723666392,0.5,5,2,30,45.0
Branin-Fav,Soft Parameter Sharing,55,6,0,42,0.1,106.81834026249699,0.5,6,2,31,44.9
Branin-Fav,Soft Parameter Sharing,55,7,0,38,0.1,98.62738090400751,0.5,7,2,32,44.800000000000004
Branin-Fav,Soft Parameter Sharing,55,8,0,48,0.1,89.06449480110774,0.5,8,2,33,44.7
Branin-Fav,Soft Parameter Sharing,55,9,0,47,0.1,90.14665482864243,0.5,9,2,34,44.6
Branin-Fav,Soft Parameter Sharing,55,10,0,99,0.1,94.04835375060725,0.5,10,2,35,44.5
Branin-Fav,Soft Parameter Sharing,55,11,0,44,0.1,96.93903982395598,0.5,11,2,36,44.4
Branin-Fav,Soft Parameter Sharing,55,12,0,39,0.1,96.32101839946283,0.5,12,2,37,44.300000000000004
Branin-Fav,Soft Parameter Sharing,55,13,0,149,0.1,88.66395140537975,0.5,13,2,38,44.2
Branin-Fav,Soft Parameter Sharing,55,14,0,98,0.1,86.99688751153083,0.5,14,2,39,44.1
Branin-Fav,Soft Parameter Sharing,55,15,0,97,0.1,85.66450454537531,0.5,15,2,40,44.00000000000001
Branin-Fav,Soft Parameter Sharing,55,16,0,148,0.1,84.12370301894707,0.5,16,2,41,43.900000000000006
Branin-Fav,Soft Parameter Sharing,55,17,0,96,0.1,84.8120998006758,0.5,17,2,42,43.800000000000004
Branin-Fav,Soft Parameter Sharing,55,18,0,95,0.1,83.44149076140617,0.5,18,2,43,43.7
Branin-Fav,Soft Parameter Sharing,55,19,0,94,0.1,86.59478282739595,0.5,19,2,44,43.6
Branin-Fav,Soft Parameter Sharing,55,20,0,199,0.1,81.91843040236019,0.5,20,2,45,43.50000000000001
Branin-Fav,Soft Parameter Sharing,55,21,1,0,1.0,36.62098387073469,0.5,0,3,45,42.50000000000001
Branin-Fav,Soft Parameter Sharing,55,22,0,41,0.1,114.7952014371375,0.5,1,3,46,42.400000000000006
Branin-Fav,Soft Parameter Sharing,55,23,0,37,0.1,123.80668892895466,0.5,2,3,47,42.300000000000004
Branin-Fav,Soft Parameter Sharing,55,24,0,40,0.1,118.1562592743945,0.5,3,3,48,42.20000000000001
Branin-Fav,Soft Parameter Sharing,55,25,0,36,0.1,115.21728727943075,0.5,4,3,49,42.10000000000001
Branin-Fav,Soft Parameter Sharing,55,26,0,93,0.1,107.50134310906678,0.5,5,3,50,42.00000000000001
Branin-Fav,Soft Parameter Sharing,55,27,0,92,0.1,105.65234281258735,0.5,6,3,51,41.900000000000006
Branin-Fav,Soft Parameter Sharing,55,28,0,91,0.1,103.77629587671933,0.5,7,3,52,41.800000000000004
Branin-Fav,Soft Parameter Sharing,55,29,0,90,0.1,101.54256979362636,0.5,8,3,53,41.70000000000001
Branin-Fav,Soft Parameter Sharing,55,30,0,35,0.1,104.47789872748605,0.5,9,3,54,41.60000000000001
Branin-Fav,Soft Parameter Sharing,55,31,0,89,0.1,98.24717003132108,0.5,10,3,55,41.50000000000001
Branin-Fav,Soft Parameter Sharing,55,32,0,88,0.1,97.08963833955548,0.5,11,3,56,41.40000000000001
Branin-Fav,Soft Parameter Sharing,55,33,0,147,0.1,95.61100187924055,0.5,12,3,57,41.30000000000001
Branin-Fav,Soft Parameter Sharing,55,34,0,146,0.1,94.81569541092708,0.5,13,3,58,41.20000000000001
Branin-Fav,Soft Parameter Sharing,55,35,0,34,0.1,99.38716989983868,0.5,14,3,59,41.10000000000001
Branin-Fav,Soft Parameter Sharing,55,36,0,198,0.1,94.11173308048437,0.5,15,3,60,41.00000000000001
Branin-Fav,Soft Parameter Sharing,55,37,0,87,0.1,94.09631283926524,0.5,16,3,61,40.90000000000001
Branin-Fav,Soft Parameter Sharing,55,38,0,144,0.1,90.43871482523879,0.5,17,3,62,40.80000000000001
Branin-Fav,Soft Parameter Sharing,55,39,0,145,0.1,89.09401810634864,0.5,18,3,63,40.70000000000001
Branin-Fav,Soft Parameter Sharing,55,40,0,142,0.1,90.86262352790386,0.5,19,3,64,40.600000000000016
Branin-Fav,Soft Parameter Sharing,55,41,0,141,0.1,89.27523156102065,0.5,20,3,65,40.500000000000014
Branin-Fav,Soft Parameter Sharing,55,42,1,2461,1.0,60.02178520812973,0.5,0,4,65,39.500000000000014
Branin-Fav,Soft Parameter Sharing,55,43,0,1600,0.1,88.54346495882092,0.5,1,4,66,39.40000000000001
Branin-Fav,Soft Parameter Sharing,55,44,0,249,0.1,90.55055555023468,0.5,2,4,67,39.30000000000001
Branin-Fav,Soft Parameter Sharing,55,45,0,197,0.1,88.89835699567749,0.5,3,4,68,39.20000000000001
Branin-Fav,Soft Parameter Sharing,55,46,0,196,0.1,88.16215199489983,0.5,4,4,69,39.100000000000016
Branin-Fav,Soft Parameter Sharing,55,47,0,248,0.1,90.41920034350679,0.5,5,4,70,39.000000000000014
Branin-Fav,Soft Parameter Sharing,55,48,0,143,0.1,85.73894118515484,0.5,6,4,71,38.90000000000001
Branin-Fav,Soft Parameter Sharing,55,49,0,195,0.1,84.04772617905171,0.5,7,4,72,38.80000000000002
Branin-Fav,Soft Parameter Sharing,55,50,0,247,0.1,88.11413947676797,0.5,8,4,73,38.70000000000002
Branin-Fav,Soft Parameter Sharing,55,51,0,194,0.1,84.61424971529348,0.5,9,4,74,38.600000000000016
Branin-Fav,Soft Parameter Sharing,55,52,0,193,0.1,80.85866828991173,0.5,10,4,75,38.500000000000014
Branin-Fav,Soft Parameter Sharing,55,53,0,140,0.1,79.8804726308965,0.5,11,4,76,38.40000000000001
Branin-Fav,Soft Parameter Sharing,55,54,0,139,0.1,78.9783181510245,0.5,12,4,77,38.30000000000002
Branin-Fav,Soft Parameter Sharing,55,55,0,246,0.1,82.55919338895617,0.5,13,4,78,38.20000000000002
Branin-Fav,Soft Parameter Sharing,55,56,0,245,0.1,77.68800972614362,0.5,14,4,79,38.100000000000016
Branin-Fav,Soft Parameter Sharing,55,57,0,299,0.1,79.23968119766663,0.5,15,4,80,38.00000000000002
Branin-Fav,Soft Parameter Sharing,55,58,0,298,0.1,78.82053250451757,0.5,16,4,81,37.90000000000002
Branin-Fav,Soft Parameter Sharing,55,59,0,349,0.1,81.63827884377405,0.5,17,4,82,37.80000000000002
Branin-Fav,Soft Parameter Sharing,55,60,0,297,0.1,83.56889894769762,0.5,18,4,83,37.70000000000002
Branin-Fav,Soft Parameter Sharing,55,61,0,244,0.1,79.27233620994278,0.5,19,4,84,37.600000000000016
Branin-Fav,Soft Parameter Sharing,55,62,0,296,0.1,78.91069737583531,0.5,20,4,85,37.50000000000002
Branin-Fav,Soft Parameter Sharing,55,63,1,2450,1.0,24.82608989118021,0.5,0,5,85,36.50000000000002
Branin-Fav,Soft Parameter Sharing,55,64,0,192,0.1,75.76313850611942,0.5,1,5,86,36.40000000000002
Branin-Fav,Soft Parameter Sharing,55,65,0,295,0.1,74.819860061064,0.5,2,5,87,36.30000000000002
Branin-Fav,Soft Parameter Sharing,55,66,0,348,0.1,76.99280595499597,0.5,3,5,88,36.200000000000024
Branin-Fav,Soft Parameter Sharing,55,67,0,243,0.1,73.55598227163564,0.5,4,5,89,36.10000000000002
Branin-Fav,Soft Parameter Sharing,55,68,0,347,0.1,72.45128311002397,0.5,5,5,90,36.00000000000002
Branin-Fav,Soft Parameter Sharing,55,69,0,399,0.1,74.22649876564984,0.5,6,5,91,35.90000000000002
Branin-Fav,Soft Parameter Sharing,55,70,0,346,0.1,76.42066007043498,0.5,7,5,92,35.80000000000002
Branin-Fav,Soft Parameter Sharing,55,71,0,191,0.1,72.87130873324045,0.5,8,5,93,35.700000000000024
Branin-Fav,Soft Parameter Sharing,55,72,0,398,0.1,76.3841338067375,0.5,9,5,94,35.60000000000002
Branin-Fav,Soft Parameter Sharing,55,73,0,294,0.1,75.78504624177985,0.5,10,5,95,35.50000000000002
Branin-Fav,Soft Parameter Sharing,55,74,0,242,0.1,70.32296009963773,0.5,11,5,96,35.40000000000003
Branin-Fav,Soft Parameter Sharing,55,75,0,449,0.1,71.96141804991763,0.5,12,5,97,35.300000000000026
Branin-Fav,Soft Parameter Sharing,55,76,0,345,0.1,73.50619059300308,0.5,13,5,98,35.200000000000024
Branin-Fav,Soft Parameter Sharing,55,77,0,190,0.1,68.82020420398008,0.5,14,5,99,35.10000000000002
Branin-Fav,Soft Parameter Sharing,55,78,0,293,0.1,72.01437385951311,0.5,15,5,100,35.00000000000002
Branin-Fav,Soft Parameter Sharing,55,79,0,397,0.1,70.10413231277059,0.5,16,5,101,34.90000000000003
Branin-Fav,Soft Parameter Sharing,55,80,0,344,0.1,70.68370415562707,0.5,17,5,102,34.800000000000026
Branin-Fav,Soft Parameter Sharing,55,81,0,396,0.1,68.84950971480774,0.5,18,5,103,34.700000000000024
Branin-Fav,Soft Parameter Sharing,55,82,0,292,0.1,68.36528485850607,0.5,19,5,104,34.60000000000003
Branin-Fav,Soft Parameter Sharing,55,83,0,241,0.1,68.14607575760192,0.5,20,5,105,34.50000000000003
Branin-Fav,Soft Parameter Sharing,55,84,1,2499,1.0,24.54473411223103,0.5,0,6,105,33.50000000000003
Branin-Fav,Soft Parameter Sharing,55,85,0,395,0.1,70.21502276762645,0.5,1,6,106,33.40000000000003
Branin-Fav,Soft Parameter Sharing,55,86,0,343,0.1,72.52598619812348,0.5,2,6,107,33.300000000000026
Branin-Fav,Soft Parameter Sharing,55,87,0,448,0.1,72.29726594652452,0.5,3,6,108,33.200000000000024
Branin-Fav,Soft Parameter Sharing,55,88,1,199,1.0,74.42517704690614,0.5,0,7,108,32.200000000000024
Branin-Fav,Soft Parameter Sharing,55,89,0,447,0.1,67.97078808783671,0.5,1,7,109,32.10000000000002
Branin-Fav,Soft Parameter Sharing,55,90,0,394,0.1,67.94468957880281,0.5,2,7,110,32.00000000000002
Branin-Fav,Soft Parameter Sharing,55,91,0,446,0.1,69.06920974883955,0.5,3,7,111,31.90000000000002
Branin-Fav,Soft Parameter Sharing,55,92,0,499,0.1,69.48105171932282,0.5,4,7,112,31.80000000000002
Branin-Fav,Soft Parameter Sharing,55,93,0,342,0.1,66.79890361175211,0.5,5,7,113,31.700000000000017
Branin-Fav,Soft Parameter Sharing,55,94,0,498,0.1,68.22359582559919,0.5,6,7,114,31.600000000000016
Branin-Fav,Soft Parameter Sharing,55,95,0,497,0.1,66.07148944098303,0.5,7,7,115,31.500000000000014
Branin-Fav,Soft Parameter Sharing,55,96,0,291,0.1,67.37416827684346,0.5,8,7,116,31.400000000000013
Branin-Fav,Soft Parameter Sharing,55,97,0,393,0.1,65.19862629744749,0.5,9,7,117,31.30000000000001
Branin-Fav,Soft Parameter Sharing,55,98,0,445,0.1,61.443622964151324,0.5,10,7,118,31.20000000000001
Branin-Fav,Soft Parameter Sharing,55,99,0,341,0.1,65.72564781079339,0.5,11,7,119,31.10000000000001
Branin-Fav,Soft Parameter Sharing,55,100,0,444,0.1,62.79052478872541,0.5,12,7,120,31.000000000000007
Branin-Fav,Soft Parameter Sharing,55,101,0,392,0.1,64.18577732828152,0.5,13,7,121,30.900000000000006
Branin-Fav,Soft Parameter Sharing,55,102,0,496,0.1,60.261847920863225,0.5,14,7,122,30.800000000000004
Branin-Fav,Soft Parameter Sharing,55,103,0,240,0.1,62.60719383341082,0.5,15,7,123,30.700000000000003
Branin-Fav,Soft Parameter Sharing,55,104,0,443,0.1,63.42904889567658,0.5,16,7,124,30.6
Branin-Fav,Soft Parameter Sharing,55,105,0,391,0.1,60.92753155908563,0.5,17,7,125,30.5
Branin-Fav,Soft Parameter Sharing,55,106,0,549,0.1,60.36785238226044,0.5,18,7,126,30.4
Branin-Fav,Soft Parameter Sharing,55,107,0,290,0.1,59.54086707922952,0.5,19,7,127,30.299999999999997
Branin-Fav,Soft Parameter Sharing,55,108,0,189,0.1,58.59169769473411,0.5,20,7,128,30.199999999999996
Branin-Fav,Soft Parameter Sharing,55,109,1,399,1.0,21.460971254135956,0.5,0,8,128,29.199999999999996
Branin-Fav,Soft Parameter Sharing,55,110,0,495,0.1,54.94303208666133,0.5,1,8,129,29.099999999999994
Branin-Fav,Soft Parameter Sharing,55,111,0,442,0.1,58.22765043675881,0.5,2,8,130,28.999999999999993
Branin-Fav,Soft Parameter Sharing,55,112,0,340,0.1,58.070151431746716,0.5,3,8,131,28.89999999999999
Branin-Fav,Soft Parameter Sharing,55,113,0,239,0.1,56.099442992573394,0.5,4,8,132,28.79999999999999
Branin-Fav,Soft Parameter Sharing,55,114,0,548,0.1,55.33533823467648,0.5,5,8,133,28.69999999999999
Branin-Fav,Soft Parameter Sharing,55,115,0,599,0.1,57.44780989883779,0.5,6,8,134,28.599999999999987
Branin-Fav,Soft Parameter Sharing,55,116,0,289,0.1,53.38521653624625,0.5,7,8,135,28.499999999999986
Branin-Fav,Soft Parameter Sharing,55,117,0,547,0.1,54.936604731602976,0.5,8,8,136,28.399999999999984
Branin-Fav,Soft Parameter Sharing,55,118,0,494,0.1,56.08394547838556,0.5,9,8,137,28.299999999999983
Branin-Fav,Soft Parameter Sharing,55,119,0,390,0.1,54.960512203060375,0.5,10,8,138,28.19999999999998
Branin-Fav,Soft Parameter Sharing,55,120,0,546,0.1,55.00858750779976,0.5,11,8,139,28.09999999999998
Branin-Fav,Soft Parameter Sharing,55,121,0,441,0.1,54.5332508365291,0.5,12,8,140,27.99999999999998
Branin-Fav,Soft Parameter Sharing,55,122,0,545,0.1,51.755956188761175,0.5,13,8,141,27.899999999999977
Branin-Fav,Soft Parameter Sharing,55,123,0,339,0.1,52.38000873391627,0.5,14,8,142,27.799999999999976
Branin-Fav,Soft Parameter Sharing,55,124,0,440,0.1,54.51134847843154,0.5,15,8,143,27.699999999999974
Branin-Fav,Soft Parameter Sharing,55,125,0,492,0.1,51.05436416315372,0.5,16,8,144,27.599999999999973
Branin-Fav,Soft Parameter Sharing,55,126,0,138,0.1,48.394450039113046,0.5,17,8,145,27.49999999999997
Branin-Fav,Soft Parameter Sharing,55,127,0,389,0.1,49.02576862976813,0.5,18,8,146,27.39999999999997
Branin-Fav,Soft Parameter Sharing,55,128,0,439,0.1,50.54770816641328,0.5,19,8,147,27.29999999999997
Branin-Fav,Soft Parameter Sharing,55,129,0,598,0.1,48.960227217410605,0.5,20,8,148,27.199999999999967
Branin-Fav,Soft Parameter Sharing,55,130,1,349,1.0,16.169682290304326,0.5,0,9,148,26.199999999999967
Branin-Fav,Soft Parameter Sharing,55,131,0,649,0.1,93.2324162845506,0.9477872810094017,1,9,149,26.099999999999966
Branin-Fav,Soft Parameter Sharing,55,132,0,597,0.1,95.07723143575072,0.9477872810094017,2,9,150,25.999999999999964
Branin-Fav,Soft Parameter Sharing,55,133,0,544,0.1,88.35375058938591,0.9477872810094017,3,9,151,25.899999999999963
Branin-Fav,Soft Parameter Sharing,55,134,0,288,0.1,89.8553178577479,0.9477872810094017,4,9,152,25.79999999999996
Branin-Fav,Soft Parameter Sharing,55,135,0,491,0.1,90.88877821089741,0.9477872810094017,5,9,153,25.69999999999996
Branin-Fav,Soft Parameter Sharing,55,136,0,648,0.1,97.50136209444233,0.9477872810094017,6,9,154,25.59999999999996
Branin-Fav,Soft Parameter Sharing,55,137,0,543,0.1,91.08004214938371,0.9477872810094017,7,9,155,25.499999999999957
Branin-Fav,Soft Parameter Sharing,55,138,0,596,0.1,83.44882089792318,0.9477872810094017,8,9,156,25.399999999999956
Branin-Fav,Soft Parameter Sharing,55,139,0,188,0.1,84.6490954311193,0.9477872810094017,9,9,157,25.299999999999955
Branin-Fav,Soft Parameter Sharing,55,140,0,490,0.1,88.21481954125426,0.9477872810094017,10,9,158,25.199999999999953
Branin-Fav,Soft Parameter Sharing,55,141,0,542,0.1,84.81113297851437,0.9477872810094017,11,9,159,25.09999999999995
Branin-Fav,Soft Parameter Sharing,55,142,0,338,0.1,84.86695843715087,0.9477872810094017,12,9,160,24.99999999999995
Branin-Fav,Soft Parameter Sharing,55,143,0,1500,0.1,81.97941895799005,0.9477872810094017,13,9,161,24.89999999999995
Branin-Fav,Soft Parameter Sharing,55,144,0,595,0.1,80.46041283939466,0.9477872810094017,14,9,162,24.799999999999947
Branin-Fav,Soft Parameter Sharing,55,145,0,699,0.1,82.9990443667999,0.9477872810094017,15,9,163,24.699999999999946
Branin-Fav,Soft Parameter Sharing,55,146,0,541,0.1,80.65180272930414,0.9477872810094017,16,9,164,24.599999999999945
Branin-Fav,Soft Parameter Sharing,55,147,0,238,0.1,81.803274433103,0.9477872810094017,17,9,165,24.499999999999943
Branin-Fav,Soft Parameter Sharing,55,148,0,489,0.1,85.238056178829,0.9477872810094017,18,9,166,24.39999999999994
Branin-Fav,Soft Parameter Sharing,55,149,0,388,0.1,80.14324366160888,0.9477872810094017,19,9,167,24.29999999999994
Branin-Fav,Soft Parameter Sharing,55,150,0,237,0.1,76.22887778314788,0.9477872810094017,20,9,168,24.19999999999994
Branin-Fav,Soft Parameter Sharing,55,151,1,449,1.0,15.213597878990718,0.9477872810094017,0,10,168,23.19999999999994
Branin-Fav,Soft Parameter Sharing,55,152,0,647,0.1,75.87995517490417,0.8928842638246668,1,10,169,23.099999999999937
Branin-Fav,Soft Parameter Sharing,55,153,0,646,0.1,72.59218782267124,0.8928842638246668,2,10,170,22.999999999999936
Branin-Fav,Soft Parameter Sharing,55,154,0,594,0.1,69.78749998881734,0.8928842638246668,3,10,171,22.899999999999935
Branin-Fav,Soft Parameter Sharing,55,155,0,438,0.1,77.07589522183628,0.8928842638246668,4,10,172,22.799999999999933
Branin-Fav,Soft Parameter Sharing,55,156,0,137,0.1,71.78144940579763,0.8928842638246668,5,10,173,22.699999999999932
Branin-Fav,Soft Parameter Sharing,55,157,0,698,0.1,68.6716410204946,0.8928842638246668,6,10,174,22.59999999999993
Branin-Fav,Soft Parameter Sharing,55,158,0,187,0.1,68.07518990843153,0.8928842638246668,7,10,175,22.49999999999993
Branin-Fav,Soft Parameter Sharing,55,159,0,540,0.1,67.88116729709398,0.8928842638246668,8,10,176,22.399999999999928
Branin-Fav,Soft Parameter Sharing,55,160,0,593,0.1,66.38995056700709,0.8928842638246668,9,10,177,22.299999999999926
Branin-Fav,Soft Parameter Sharing,55,161,0,287,0.1,66.28975083435375,0.8928842638246668,10,10,178,22.199999999999925
Branin-Fav,Soft Parameter Sharing,55,162,0,337,0.1,63.54707399065338,0.8928842638246668,11,10,179,22.099999999999923
Branin-Fav,Soft Parameter Sharing,55,163,0,488,0.1,64.86528992297859,0.8928842638246668,12,10,180,21.999999999999922
Branin-Fav,Soft Parameter Sharing,55,164,0,592,0.1,65.42617414480642,0.8928842638246668,13,10,181,21.89999999999992
Branin-Fav,Soft Parameter Sharing,55,165,0,387,0.1,65.81727082194462,0.8928842638246668,14,10,182,21.79999999999992
Branin-Fav,Soft Parameter Sharing,55,166,0,645,0.1,64.82916211843042,0.8928842638246668,15,10,183,21.699999999999918
Branin-Fav,Soft Parameter Sharing,55,167,0,539,0.1,64.16547865866801,0.8928842638246668,16,10,184,21.599999999999916
Branin-Fav,Soft Parameter Sharing,55,168,0,86,0.1,61.54027876275,0.8928842638246668,17,10,185,21.499999999999915
Branin-Fav,Soft Parameter Sharing,55,169,0,136,0.1,62.50004554304632,0.8928842638246668,18,10,186,21.399999999999913
Branin-Fav,Soft Parameter Sharing,55,170,0,286,0.1,57.096981425739045,0.8928842638246668,19,10,187,21.299999999999912
Branin-Fav,Soft Parameter Sharing,55,171,0,749,0.1,62.46497760657677,0.8928842638246668,20,10,188,21.19999999999991
Branin-Fav,Soft Parameter Sharing,55,172,1,299,1.0,14.160295861845182,0.8928842638246668,0,11,188,20.19999999999991
Branin-Fav,Soft Parameter Sharing,55,173,0,697,0.1,58.35332970769805,0.8652194501981966,1,11,189,20.09999999999991
Branin-Fav,Soft Parameter Sharing,55,174,0,437,0.1,56.01497952027536,0.8652194501981966,2,11,190,19.999999999999908
Branin-Fav,Soft Parameter Sharing,55,175,0,644,0.1,59.12028079052303,0.8652194501981966,3,11,191,19.899999999999906
Branin-Fav,Soft Parameter Sharing,55,176,0,591,0.1,57.96392068628059,0.8652194501981966,4,11,192,19.799999999999905
Branin-Fav,Soft Parameter Sharing,55,177,0,696,0.1,54.98374140288171,0.8652194501981966,5,11,193,19.699999999999903
Branin-Fav,Soft Parameter Sharing,55,178,0,748,0.1,54.022904501138406,0.8652194501981966,6,11,194,19.599999999999902
Branin-Fav,Soft Parameter Sharing,55,179,0,643,0.1,53.70805016787719,0.8652194501981966,7,11,195,19.4999999999999
Branin-Fav,Soft Parameter Sharing,55,180,0,590,0.1,52.308057154657654,0.8652194501981966,8,11,196,19.3999999999999
Branin-Fav,Soft Parameter Sharing,55,181,0,538,0.1,52.63193531270114,0.8652194501981966,9,11,197,19.299999999999898
Branin-Fav,Soft Parameter Sharing,55,182,0,642,0.1,52.75180215723115,0.8652194501981966,10,11,198,19.199999999999896
Branin-Fav,Soft Parameter Sharing,55,183,0,695,0.1,53.780429445932754,0.8652194501981966,11,11,199,19.099999999999895
Branin-Fav,Soft Parameter Sharing,55,184,0,487,0.1,51.577181034391586,0.8652194501981966,12,11,200,18.999999999999893
Branin-Fav,Soft Parameter Sharing,55,185,0,747,0.1,53.16885046528357,0.8652194501981966,13,11,201,18.899999999999892
Branin-Fav,Soft Parameter Sharing,55,186,0,436,0.1,49.94908845869358,0.8652194501981966,14,11,202,18.79999999999989
Branin-Fav,Soft Parameter Sharing,55,187,0,799,0.1,52.615615143008014,0.8652194501981966,15,11,203,18.69999999999989
Branin-Fav,Soft Parameter Sharing,55,188,0,186,0.1,49.472451352939956,0.8652194501981966,16,11,204,18.599999999999888
Branin-Fav,Soft Parameter Sharing,55,189,0,386,0.1,51.371999523236035,0.8652194501981966,17,11,205,18.499999999999886
Branin-Fav,Soft Parameter Sharing,55,190,0,589,0.1,49.33577279726581,0.8652194501981966,18,11,206,18.399999999999885
Branin-Fav,Soft Parameter Sharing,55,191,0,336,0.1,49.83545885264626,0.8652194501981966,19,11,207,18.299999999999883
Branin-Fav,Soft Parameter Sharing,55,192,0,236,0.1,49.5183932038432,0.8652194501981966,20,11,208,18.199999999999882
Branin-Fav,Soft Parameter Sharing,55,193,1,249,1.0,13.039532235457935,0.8652194501981966,0,12,208,17.199999999999882
Branin-Fav,Soft Parameter Sharing,55,194,0,694,0.1,46.56777326706985,0.8845899823247028,1,12,209,17.09999999999988
Branin-Fav,Soft Parameter Sharing,55,195,0,641,0.1,49.542919268271014,0.8845899823247028,2,12,210,16.99999999999988
Branin-Fav,Soft Parameter Sharing,55,196,0,85,0.1,46.801412761272665,0.8845899823247028,3,12,211,16.899999999999878
Branin-Fav,Soft Parameter Sharing,55,197,0,135,0.1,48.88404308557299,0.8845899823247028,4,12,212,16.799999999999876
Branin-Fav,Soft Parameter Sharing,55,198,0,185,0.1,44.876209376255616,0.8845899823247028,5,12,213,16.699999999999875
Branin-Fav,Soft Parameter Sharing,55,199,0,84,0.1,45.822033036502305,0.8845899823247028,6,12,214,16.599999999999874
Branin-Fav,Soft Parameter Sharing,55,200,0,235,0.1,47.23083741493384,0.8845899823247028,7,12,215,16.499999999999872
Branin-Fav,Soft Parameter Sharing,55,201,0,33,0.1,49.48475246007204,0.8845899823247028,8,12,216,16.39999999999987
Branin-Fav,Soft Parameter Sharing,55,202,0,1400,0.1,47.52928277116913,0.8845899823247028,9,12,217,16.29999999999987
Branin-Fav,Soft Parameter Sharing,55,203,0,746,0.1,45.357115596719225,0.8845899823247028,10,12,218,16.199999999999868
Branin-Fav,Soft Parameter Sharing,55,204,0,537,0.1,47.26759951719502,0.8845899823247028,11,12,219,16.099999999999866
Branin-Fav,Soft Parameter Sharing,55,205,0,134,0.1,46.811834116187896,0.8845899823247028,12,12,220,15.999999999999867
Branin-Fav,Soft Parameter Sharing,55,206,0,32,0.1,46.19489365583688,0.8845899823247028,13,12,221,15.899999999999865
Branin-Fav,Soft Parameter Sharing,55,207,0,285,0.1,44.21393607891224,0.8845899823247028,14,12,222,15.799999999999864
Branin-Fav,Soft Parameter Sharing,55,208,0,640,0.1,49.41837457316055,0.8845899823247028,15,12,223,15.699999999999863
Branin-Fav,Soft Parameter Sharing,55,209,0,31,0.1,46.757910895710374,0.8845899823247028,16,12,224,15.599999999999861
Branin-Fav,Soft Parameter Sharing,55,210,0,335,0.1,48.01166974771997,0.8845899823247028,17,12,225,15.49999999999986
Branin-Fav,Soft Parameter Sharing,55,211,0,83,0.1,54.3237884632879,0.8845899823247028,18,12,226,15.399999999999858
Branin-Fav,Soft Parameter Sharing,55,212,0,82,0.1,50.75096694893088,0.8845899823247028,19,12,227,15.299999999999857
Branin-Fav,Soft Parameter Sharing,55,213,0,184,0.1,45.44828721679055,0.8845899823247028,20,12,228,15.199999999999855
Branin-Fav,Soft Parameter Sharing,55,214,1,499,1.0,11.631114835814955,0.8845899823247028,0,13,228,14.199999999999854
Branin-Fav,Soft Parameter Sharing,55,215,0,486,0.1,45.34569435798091,0.8621094986784752,1,13,229,14.099999999999854
Branin-Fav,Soft Parameter Sharing,55,216,0,385,0.1,41.88743922536553,0.8621094986784752,2,13,230,13.999999999999853
Branin-Fav,Soft Parameter Sharing,55,217,0,133,0.1,41.13774498202275,0.8621094986784752,3,13,231,13.899999999999851
Branin-Fav,Soft Parameter Sharing,55,218,0,234,0.1,42.204029137672,0.8621094986784752,4,13,232,13.79999999999985
Branin-Fav,Soft Parameter Sharing,55,219,0,435,0.1,43.09925381140762,0.8621094986784752,5,13,233,13.699999999999848
Branin-Fav,Soft Parameter Sharing,55,220,0,30,0.1,53.79447234175427,0.8621094986784752,6,13,234,13.599999999999847
Branin-Fav,Soft Parameter Sharing,55,221,0,588,0.1,43.02660612341903,0.8621094986784752,7,13,235,13.499999999999845
Branin-Fav,Soft Parameter Sharing,55,222,0,536,0.1,40.793599983598995,0.8621094986784752,8,13,236,13.399999999999844
Branin-Fav,Soft Parameter Sharing,55,223,0,798,0.1,45.97284168125552,0.8621094986784752,9,13,237,13.299999999999843
Branin-Fav,Soft Parameter Sharing,55,224,0,284,0.1,41.06842910217523,0.8621094986784752,10,13,238,13.199999999999841
Branin-Fav,Soft Parameter Sharing,55,225,0,183,0.1,40.18928206439445,0.8621094986784752,11,13,239,13.09999999999984
Branin-Fav,Soft Parameter Sharing,55,226,0,334,0.1,40.76296205017998,0.8621094986784752,12,13,240,12.999999999999838
Branin-Fav,Soft Parameter Sharing,55,227,0,384,0.1,40.84260138173891,0.8621094986784752,13,13,241,12.899999999999837
Branin-Fav,Soft Parameter Sharing,55,228,0,81,0.1,47.91821606875812,0.8621094986784752,14,13,242,12.799999999999836
Branin-Fav,Soft Parameter Sharing,55,229,0,849,0.1,43.76858184570042,0.8621094986784752,15,13,243,12.699999999999834
Branin-Fav,Soft Parameter Sharing,55,230,0,132,0.1,42.32370603426892,0.8621094986784752,16,13,244,12.599999999999833
Branin-Fav,Soft Parameter Sharing,55,231,0,80,0.1,56.19696213217795,0.8621094986784752,17,13,245,12.499999999999831
Branin-Fav,Soft Parameter Sharing,55,232,0,485,0.1,40.82560749172194,0.8621094986784752,18,13,246,12.39999999999983
Branin-Fav,Soft Parameter Sharing,55,233,0,233,0.1,40.558815877769604,0.8621094986784752,19,13,247,12.299999999999828
Branin-Fav,Soft Parameter Sharing,55,234,0,182,0.1,40.3921474883607,0.8621094986784752,20,13,248,12.199999999999827
Branin-Fav,Soft Parameter Sharing,55,235,1,549,1.0,10.595078819097285,0.8621094986784752,0,14,248,11.199999999999825
Branin-Fav,Soft Parameter Sharing,55,236,0,29,0.1,49.8607576710732,0.8285870751403586,1,14,249,11.099999999999826
Branin-Fav,Soft Parameter Sharing,55,237,0,283,0.1,41.464967788867185,0.8285870751403586,2,14,250,10.999999999999824
Branin-Fav,Soft Parameter Sharing,55,238,0,131,0.1,38.9406789013208,0.8285870751403586,3,14,251,10.899999999999823
Branin-Fav,Soft Parameter Sharing,55,239,0,28,0.1,45.69631413818385,0.8285870751403586,4,14,252,10.799999999999821
Branin-Fav,Soft Parameter Sharing,55,240,0,79,0.1,47.97244032487279,0.8285870751403586,5,14,253,10.69999999999982
Branin-Fav,Soft Parameter Sharing,55,241,0,130,0.1,41.91549424217504,0.8285870751403586,6,14,254,10.599999999999818
Branin-Fav,Soft Parameter Sharing,55,242,0,232,0.1,38.83870163535459,0.8285870751403586,7,14,255,10.499999999999817
Branin-Fav,Soft Parameter Sharing,55,243,0,27,0.1,44.134852633508096,0.8285870751403586,8,14,256,10.399999999999816
Branin-Fav,Soft Parameter Sharing,55,244,0,181,0.1,41.75805537329968,0.8285870751403586,9,14,257,10.299999999999814
Branin-Fav,Soft Parameter Sharing,55,245,0,333,0.1,42.06515919618916,0.8285870751403586,10,14,258,10.199999999999813
Branin-Fav,Soft Parameter Sharing,55,246,0,78,0.1,45.56027319372969,0.8285870751403586,11,14,259,10.099999999999811
Branin-Fav,Soft Parameter Sharing,55,247,0,180,0.1,54.55353708798475,0.8285870751403586,12,14,260,9.99999999999981
Branin-Fav,Soft Parameter Sharing,55,248,0,26,0.1,74.73171969663099,0.8285870751403586,13,14,261,9.899999999999809
Branin-Fav,Soft Parameter Sharing,55,249,0,129,0.1,50.07459996029233,0.8285870751403586,14,14,262,9.799999999999807
Branin-Fav,Soft Parameter Sharing,55,250,0,282,0.1,42.04292879640003,0.8285870751403586,15,14,263,9.699999999999806
Branin-Fav,Soft Parameter Sharing,55,251,0,77,0.1,46.36516490112143,0.8285870751403586,16,14,264,9.599999999999804
Branin-Fav,Soft Parameter Sharing,55,252,0,577,0.1,73.91340151890462,0.8285870751403586,17,14,265,9.499999999999803
Branin-Fav,Soft Parameter Sharing,55,253,0,128,0.1,45.89539466931569,0.8285870751403586,18,14,266,9.399999999999801
Branin-Fav,Soft Parameter Sharing,55,254,0,179,0.1,73.9569747785219,0.8285870751403586,19,14,267,9.2999999999998
Branin-Fav,Soft Parameter Sharing,55,255,0,25,0.1,46.727901149973796,0.8285870751403586,20,14,268,9.199999999999799
Branin-Fav,Soft Parameter Sharing,55,256,1,599,1.0,8.976517464893458,0.8285870751403586,0,15,268,8.199999999999797
Branin-Fav,Soft Parameter Sharing,55,257,0,24,0.1,47.6787402090124,0.7784592276701717,1,15,269,8.099999999999797
Branin-Fav,Soft Parameter Sharing,55,258,0,231,0.1,44.288038803146286,0.7784592276701717,2,15,270,7.999999999999796
Branin-Fav,Soft Parameter Sharing,55,259,0,76,0.1,45.395995704315446,0.7784592276701717,3,15,271,7.899999999999794
Branin-Fav,Soft Parameter Sharing,55,260,0,230,0.1,42.4654829574288,0.7784592276701717,4,15,272,7.799999999999793
Branin-Fav,Soft Parameter Sharing,55,261,0,281,0.1,42.67916526753017,0.7784592276701717,5,15,273,7.6999999999997915
Branin-Fav,Soft Parameter Sharing,55,262,0,127,0.1,40.58237300972728,0.7784592276701717,6,15,274,7.59999999999979
Branin-Fav,Soft Parameter Sharing,55,263,0,178,0.1,54.30481435995459,0.7784592276701717,7,15,275,7.499999999999789
Branin-Fav,Soft Parameter Sharing,55,264,0,229,0.1,41.01553278377074,0.7784592276701717,8,15,276,7.399999999999787
Branin-Fav,Soft Parameter Sharing,55,265,0,75,0.1,54.78305660102002,0.7784592276701717,9,15,277,7.299999999999786
Branin-Fav,Soft Parameter Sharing,55,266,0,280,0.1,42.180538909133325,0.7784592276701717,10,15,278,7.199999999999784
Branin-Fav,Soft Parameter Sharing,55,267,0,23,0.1,45.06679637660017,0.7784592276701717,11,15,279,7.099999999999783
Branin-Fav,Soft Parameter Sharing,55,268,0,126,0.1,68.36669417452157,0.7784592276701717,12,15,280,6.9999999999997815
Branin-Fav,Soft Parameter Sharing,55,269,0,677,0.1,44.433823909784145,0.7784592276701717,13,15,281,6.89999999999978
Branin-Fav,Soft Parameter Sharing,55,270,0,177,0.1,54.40275520921735,0.7784592276701717,14,15,282,6.799999999999779
Branin-Fav,Soft Parameter Sharing,55,271,0,228,0.1,47.412057590912625,0.7784592276701717,15,15,283,6.699999999999777
Branin-Fav,Soft Parameter Sharing,55,272,0,279,0.1,51.49101637545265,0.7784592276701717,16,15,284,6.599999999999776
Branin-Fav,Soft Parameter Sharing,55,273,0,176,0.1,61.615440067975,0.7784592276701717,17,15,285,6.499999999999774
Branin-Fav,Soft Parameter Sharing,55,274,0,627,0.1,70.34962534162933,0.7784592276701717,18,15,286,6.399999999999773
Branin-Fav,Soft Parameter Sharing,55,275,0,278,0.1,54.275631850611546,0.7784592276701717,19,15,287,6.299999999999772
Branin-Fav,Soft Parameter Sharing,55,276,0,125,0.1,58.42157624894341,0.7784592276701717,20,15,288,6.19999999999977
Branin-Fav,Soft Parameter Sharing,55,277,1,49,1.0,11.703471996919797,0.7784592276701717,0,16,288,5.199999999999768
Branin-Fav,Soft Parameter Sharing,55,278,0,227,0.1,46.00270728178097,0.5289300801314605,1,16,289,5.099999999999769
Branin-Fav,Soft Parameter Sharing,55,279,0,329,0.1,31.902852725698335,0.5289300801314605,2,16,290,4.999999999999767
Branin-Fav,Soft Parameter Sharing,55,280,0,74,0.1,45.6286801641315,0.5289300801314605,3,16,291,4.899999999999766
Branin-Fav,Soft Parameter Sharing,55,281,0,277,0.1,45.093216410288605,0.5289300801314605,4,16,292,4.7999999999997645
Branin-Fav,Soft Parameter Sharing,55,282,0,332,0.1,27.950006223346694,0.5289300801314605,5,16,293,4.699999999999763
Branin-Fav,Soft Parameter Sharing,55,283,0,331,0.1,29.800197221199536,0.5289300801314605,6,16,294,4.599999999999762
Branin-Fav,Soft Parameter Sharing,55,284,0,427,0.1,37.92924965646495,0.5289300801314605,7,16,295,4.49999999999976
Branin-Fav,Soft Parameter Sharing,55,285,0,430,0.1,39.68670495128274,0.5289300801314605,8,16,296,4.399999999999759
Branin-Fav,Soft Parameter Sharing,55,286,0,675,0.1,43.02999122921733,0.5289300801314605,9,16,297,4.299999999999757
Branin-Fav,Soft Parameter Sharing,55,287,0,676,0.1,61.891831245181784,0.5289300801314605,10,16,298,4.199999999999756
Branin-Fav,Soft Parameter Sharing,55,288,0,22,0.1,44.8084912409334,0.5289300801314605,11,16,299,4.0999999999997545
Branin-Fav,Soft Parameter Sharing,55,289,0,527,0.1,40.45692586041487,0.5289300801314605,12,16,300,3.9999999999997526
Branin-Fav,Soft Parameter Sharing,55,290,0,578,0.1,50.23560988716092,0.5289300801314605,13,16,301,3.899999999999751
Branin-Fav,Soft Parameter Sharing,55,291,0,226,0.1,36.886271551396355,0.5289300801314605,14,16,302,3.79999999999975
Branin-Fav,Soft Parameter Sharing,55,292,0,626,0.1,51.59262749412333,0.5289300801314605,15,16,303,3.6999999999997484
Branin-Fav,Soft Parameter Sharing,55,293,0,576,0.1,40.20491226617416,0.5289300801314605,16,16,304,3.599999999999747
Branin-Fav,Soft Parameter Sharing,55,294,0,625,0.1,50.619187893153445,0.5289300801314605,17,16,305,3.4999999999997455
Branin-Fav,Soft Parameter Sharing,55,295,0,575,0.1,42.53456837346619,0.5289300801314605,18,16,306,3.399999999999744
Branin-Fav,Soft Parameter Sharing,55,296,0,724,0.1,53.662508740707025,0.5289300801314605,19,16,307,3.2999999999997427
Branin-Fav,Soft Parameter Sharing,55,297,0,726,0.1,51.968836353433595,0.5289300801314605,20,16,308,3.1999999999997413
Branin-Fav,Soft Parameter Sharing,55,298,1,149,1.0,9.615080954059525,0.5289300801314605,0,17,308,2.19999999999974
Branin-Fav,Soft Parameter Sharing,55,299,0,727,0.1,63.07706149951836,0.5732155724099897,1,17,309,2.09999999999974
Branin-Fav,Soft Parameter Sharing,55,300,0,526,0.1,44.66569275589678,0.5732155724099897,2,17,310,1.9999999999997384
Branin-Fav,Soft Parameter Sharing,55,301,0,528,0.1,65.28195379225335,0.5732155724099897,3,17,311,1.899999999999737
Branin-Fav,Soft Parameter Sharing,55,302,0,678,0.1,41.658122201056,0.5732155724099897,4,17,312,1.7999999999997356
Branin-Fav,Soft Parameter Sharing,55,303,0,628,0.1,54.71969645710211,0.5732155724099897,5,17,313,1.6999999999997342
Branin-Fav,Soft Parameter Sharing,55,304,0,674,0.1,40.734832165153605,0.5732155724099897,6,17,314,1.5999999999997327
Branin-Fav,Soft Parameter Sharing,55,305,0,478,0.1,62.20388230740167,0.5732155724099897,7,17,315,1.4999999999997313
Branin-Fav,Soft Parameter Sharing,55,306,0,725,0.1,59.65653103775104,0.5732155724099897,8,17,316,1.39999999999973
Branin-Fav,Soft Parameter Sharing,55,307,0,624,0.1,56.694331518998105,0.5732155724099897,9,17,317,1.2999999999997285
Branin-Fav,Soft Parameter Sharing,55,308,0,776,0.1,52.40082131432101,0.5732155724099897,10,17,318,1.199999999999727
Branin-Fav,Soft Parameter Sharing,55,309,0,477,0.1,56.469260764836065,0.5732155724099897,11,17,319,1.0999999999997256
Branin-Fav,Soft Parameter Sharing,55,310,0,774,0.1,47.746890104890625,0.5732155724099897,12,17,320,0.9999999999997243
Branin-Fav,Soft Parameter Sharing,55,311,0,775,0.1,55.81989200004628,0.5732155724099897,13,17,321,0.8999999999997229
Branin-Fav,Soft Parameter Sharing,55,312,0,825,0.1,54.110294804748854,0.5732155724099897,14,17,322,0.7999999999997215
Branin-Fav,Soft Parameter Sharing,55,313,0,728,0.1,54.54250861374097,0.5732155724099897,15,17,323,0.6999999999997201
Branin-Fav,Soft Parameter Sharing,55,314,0,428,0.1,54.894779160025706,0.5732155724099897,16,17,324,0.5999999999997186
Branin-Fav,Soft Parameter Sharing,55,315,0,826,0.1,55.453195339811984,0.5732155724099897,17,17,325,0.4999999999997172
Branin-Fav,Soft Parameter Sharing,55,316,0,476,0.1,53.00124741012355,0.5732155724099897,18,17,326,0.3999999999997158
Branin-Fav,Soft Parameter Sharing,55,317,0,824,0.1,52.22059205410539,0.5732155724099897,19,17,327,0.2999999999997144
Branin-Fav,Soft Parameter Sharing,55,318,0,723,0.1,54.66722543214101,0.5732155724099897,20,17,328,0.19999999999971294
Branin-Fav,Soft Parameter Sharing,55,319,0,426,0.1,59.118382687331476,0.5732155724099897,21,17,329,0.09999999999971151
Branin-Fav,Soft Parameter Sharing,56,1,0,39,0.1,221.80061527899204,0.5,1,2,26,45.4
Branin-Fav,Soft Parameter Sharing,56,2,0,2450,0.1,140.88444355896203,0.5,2,2,27,45.3
Branin-Fav,Soft Parameter Sharing,56,3,0,44,0.1,129.61079956201004,0.5,3,2,28,45.199999999999996
Branin-Fav,Soft Parameter Sharing,56,4,0,188,0.1,138.0633090055481,0.5,4,2,29,45.1
Branin-Fav,Soft Parameter Sharing,56,5,0,199,0.1,137.92548802533145,0.5,5,2,30,45.0
Branin-Fav,Soft Parameter Sharing,56,6,0,2300,0.1,127.18353941812978,0.5,6,2,31,44.9
Branin-Fav,Soft Parameter Sharing,56,7,0,45,0.1,126.16300545190327,0.5,7,2,32,44.800000000000004
Branin-Fav,Soft Parameter Sharing,56,8,0,46,0.1,115.52520727910934,0.5,8,2,33,44.7
Branin-Fav,Soft Parameter Sharing,56,9,0,49,0.1,130.14069977755625,0.5,9,2,34,44.6
Branin-Fav,Soft Parameter Sharing,56,10,0,47,0.1,125.19986340982628,0.5,10,2,35,44.5
Branin-Fav,Soft Parameter Sharing,56,11,0,38,0.1,120.59175557739084,0.5,11,2,36,44.4
Branin-Fav,Soft Parameter Sharing,56,12,0,99,0.1,118.70740766439539,0.5,12,2,37,44.300000000000004
Branin-Fav,Soft Parameter Sharing,56,13,0,141,0.1,114.94402465011584,0.5,13,2,38,44.2
Branin-Fav,Soft Parameter Sharing,56,14,0,48,0.1,123.2094377875324,0.5,14,2,39,44.1
Branin-Fav,Soft Parameter Sharing,56,15,0,149,0.1,114.59508397420802,0.5,15,2,40,44.00000000000001
Branin-Fav,Soft Parameter Sharing,56,16,0,98,0.1,114.48756685057702,0.5,16,2,41,43.900000000000006
Branin-Fav,Soft Parameter Sharing,56,17,0,97,0.1,117.4839937285161,0.5,17,2,42,43.800000000000004
Branin-Fav,Soft Parameter Sharing,56,18,0,96,0.1,115.77655474317687,0.5,18,2,43,43.7
Branin-Fav,Soft Parameter Sharing,56,19,0,249,0.1,118.46425606618588,0.5,19,2,44,43.6
Branin-Fav,Soft Parameter Sharing,56,20,0,43,0.1,114.33545299674655,0.5,20,2,45,43.50000000000001
Branin-Fav,Soft Parameter Sharing,56,21,1,43,1.0,36.08145537468339,0.5,0,3,45,42.50000000000001
Branin-Fav,Soft Parameter Sharing,56,22,0,148,0.1,111.33577139308653,0.5,1,3,46,42.400000000000006
Branin-Fav,Soft Parameter Sharing,56,23,0,147,0.1,106.6577958391633,0.5,2,3,47,42.300000000000004
Branin-Fav,Soft Parameter Sharing,56,24,0,198,0.1,105.87075559289156,0.5,3,3,48,42.20000000000001
Branin-Fav,Soft Parameter Sharing,56,25,0,299,0.1,104.73419577582806,0.5,4,3,49,42.10000000000001
Branin-Fav,Soft Parameter Sharing,56,26,0,146,0.1,105.80547732707248,0.5,5,3,50,42.00000000000001
Branin-Fav,Soft Parameter Sharing,56,27,0,95,0.1,101.95067053918649,0.5,6,3,51,41.900000000000006
Branin-Fav,Soft Parameter Sharing,56,28,0,197,0.1,103.72794486452749,0.5,7,3,52,41.800000000000004
Branin-Fav,Soft Parameter Sharing,56,29,0,42,0.1,104.5882512380515,0.5,8,3,53,41.70000000000001
Branin-Fav,Soft Parameter Sharing,56,30,0,248,0.1,101.40867797529641,0.5,9,3,54,41.60000000000001
Branin-Fav,Soft Parameter Sharing,56,31,0,349,0.1,98.8747647192793,0.5,10,3,55,41.50000000000001
Branin-Fav,Soft Parameter Sharing,56,32,0,196,0.1,100.34003619213631,0.5,11,3,56,41.40000000000001
Branin-Fav,Soft Parameter Sharing,56,33,0,247,0.1,97.61520920761676,0.5,12,3,57,41.30000000000001
Branin-Fav,Soft Parameter Sharing,56,34,0,145,0.1,96.78939804926235,0.5,13,3,58,41.20000000000001
Branin-Fav,Soft Parameter Sharing,56,35,0,246,0.1,95.30553391387478,0.5,14,3,59,41.10000000000001
Branin-Fav,Soft Parameter Sharing,56,36,0,298,0.1,93.8281666617095,0.5,15,3,60,41.00000000000001
Branin-Fav,Soft Parameter Sharing,56,37,0,348,0.1,89.99426747155242,0.5,16,3,61,40.90000000000001
Branin-Fav,Soft Parameter Sharing,56,38,0,195,0.1,94.79465690437443,0.5,17,3,62,40.80000000000001
Branin-Fav,Soft Parameter Sharing,56,39,0,297,0.1,93.10481764692504,0.5,18,3,63,40.70000000000001
Branin-Fav,Soft Parameter Sharing,56,40,0,94,0.1,90.65148717369298,0.5,19,3,64,40.600000000000016
Branin-Fav,Soft Parameter Sharing,56,41,0,144,0.1,87.7146847543559,0.5,20,3,65,40.500000000000014
Branin-Fav,Soft Parameter Sharing,56,42,1,2492,1.0,54.45769538675028,0.5,0,4,65,39.500000000000014
Branin-Fav,Soft Parameter Sharing,56,43,0,296,0.1,100.72042800701372,0.5,1,4,66,39.40000000000001
Branin-Fav,Soft Parameter Sharing,56,44,0,93,0.1,98.87495719514438,0.5,2,4,67,39.30000000000001
Branin-Fav,Soft Parameter Sharing,56,45,0,41,0.1,98.45717005481917,0.5,3,4,68,39.20000000000001
Branin-Fav,Soft Parameter Sharing,56,46,0,194,0.1,91.54983210313881,0.5,4,4,69,39.100000000000016
Branin-Fav,Soft Parameter Sharing,56,47,0,245,0.1,88.51328735209765,0.5,5,4,70,39.000000000000014
Branin-Fav,Soft Parameter Sharing,56,48,0,143,0.1,93.71741214346467,0.5,6,4,71,38.90000000000001
Branin-Fav,Soft Parameter Sharing,56,49,0,92,0.1,89.11634101977623,0.5,7,4,72,38.80000000000002
Branin-Fav,Soft Parameter Sharing,56,50,0,399,0.1,88.81393332576934,0.5,8,4,73,38.70000000000002
Branin-Fav,Soft Parameter Sharing,56,51,0,193,0.1,86.97846317872924,0.5,9,4,74,38.600000000000016
Branin-Fav,Soft Parameter Sharing,56,52,0,142,0.1,85.48562263382674,0.5,10,4,75,38.500000000000014
Branin-Fav,Soft Parameter Sharing,56,53,0,347,0.1,84.98819166885484,0.5,11,4,76,38.40000000000001
Branin-Fav,Soft Parameter Sharing,56,54,0,398,0.1,89.56382214217366,0.5,12,4,77,38.30000000000002
Branin-Fav,Soft Parameter Sharing,56,55,0,449,0.1,86.80539051234287,0.5,13,4,78,38.20000000000002
Branin-Fav,Soft Parameter Sharing,56,56,0,295,0.1,86.62925524638393,0.5,14,4,79,38.100000000000016
Branin-Fav,Soft Parameter Sharing,56,57,0,91,0.1,85.79146518887043,0.5,15,4,80,38.00000000000002
Branin-Fav,Soft Parameter Sharing,56,58,0,499,0.1,87.76967707800453,0.5,16,4,81,37.90000000000002
Branin-Fav,Soft Parameter Sharing,56,59,0,397,0.1,86.82498614482593,0.5,17,4,82,37.80000000000002
Branin-Fav,Soft Parameter Sharing,56,60,0,346,0.1,80.99855235002278,0.5,18,4,83,37.70000000000002
Branin-Fav,Soft Parameter Sharing,56,61,0,345,0.1,83.41438121196632,0.5,19,4,84,37.600000000000016
Branin-Fav,Soft Parameter Sharing,56,62,0,294,0.1,83.39507785079732,0.5,20,4,85,37.50000000000002
Branin-Fav,Soft Parameter Sharing,56,63,1,1850,1.0,39.01270528102768,0.5,0,5,85,36.50000000000002
Branin-Fav,Soft Parameter Sharing,56,64,0,243,0.1,80.04229557678627,0.5,1,5,86,36.40000000000002
Branin-Fav,Soft Parameter Sharing,56,65,0,448,0.1,80.65874318690838,0.5,2,5,87,36.30000000000002
Branin-Fav,Soft Parameter Sharing,56,66,0,498,0.1,83.79411083915362,0.5,3,5,88,36.200000000000024
Branin-Fav,Soft Parameter Sharing,56,67,0,2250,0.1,80.07367899261972,0.5,4,5,89,36.10000000000002
Branin-Fav,Soft Parameter Sharing,56,68,0,447,0.1,83.11140754944194,0.5,5,5,90,36.00000000000002
Branin-Fav,Soft Parameter Sharing,56,69,0,396,0.1,81.88800960680818,0.5,6,5,91,35.90000000000002
Branin-Fav,Soft Parameter Sharing,56,70,0,344,0.1,75.16987245496821,0.5,7,5,92,35.80000000000002
Branin-Fav,Soft Parameter Sharing,56,71,0,192,0.1,74.69135848183645,0.5,8,5,93,35.700000000000024
Branin-Fav,Soft Parameter Sharing,56,72,0,395,0.1,76.66856540626766,0.5,9,5,94,35.60000000000002
Branin-Fav,Soft Parameter Sharing,56,73,0,293,0.1,73.73287144754075,0.5,10,5,95,35.50000000000002
Branin-Fav,Soft Parameter Sharing,56,74,0,446,0.1,76.59127612613538,0.5,11,5,96,35.40000000000003
Branin-Fav,Soft Parameter Sharing,56,75,0,497,0.1,77.46275358013189,0.5,12,5,97,35.300000000000026
Branin-Fav,Soft Parameter Sharing,56,76,0,242,0.1,73.58465473813344,0.5,13,5,98,35.200000000000024
Branin-Fav,Soft Parameter Sharing,56,77,0,394,0.1,77.28146799723316,0.5,14,5,99,35.10000000000002
Branin-Fav,Soft Parameter Sharing,56,78,0,40,0.1,73.62507595933177,0.5,15,5,100,35.00000000000002
Branin-Fav,Soft Parameter Sharing,56,79,0,445,0.1,73.16881602390961,0.5,16,5,101,34.90000000000003
Branin-Fav,Soft Parameter Sharing,56,80,0,2350,0.1,73.41309113597949,0.5,17,5,102,34.800000000000026
Branin-Fav,Soft Parameter Sharing,56,81,0,549,0.1,73.07277633509436,0.5,18,5,103,34.700000000000024
Branin-Fav,Soft Parameter Sharing,56,82,0,343,0.1,68.40999696338281,0.5,19,5,104,34.60000000000003
Branin-Fav,Soft Parameter Sharing,56,83,0,548,0.1,67.92618530777885,0.5,20,5,105,34.50000000000003
Branin-Fav,Soft Parameter Sharing,56,84,1,0,1.0,30.205254442005266,0.5,0,6,105,33.50000000000003
Branin-Fav,Soft Parameter Sharing,56,85,0,327,0.1,100.47589699996857,0.5,1,6,106,33.40000000000003
Branin-Fav,Soft Parameter Sharing,56,86,0,625,0.1,102.40071242616051,0.5,2,6,107,33.300000000000026
Branin-Fav,Soft Parameter Sharing,56,87,0,27,0.1,123.76841365330591,0.5,3,6,108,33.200000000000024
Branin-Fav,Soft Parameter Sharing,56,88,0,477,0.1,115.20217224430768,0.5,4,6,109,33.10000000000002
Branin-Fav,Soft Parameter Sharing,56,89,0,526,0.1,104.75008136359428,0.5,5,6,110,33.00000000000002
Branin-Fav,Soft Parameter Sharing,56,90,0,476,0.1,103.55011711090911,0.5,6,6,111,32.90000000000002
Branin-Fav,Soft Parameter Sharing,56,91,0,427,0.1,106.48673909618627,0.5,7,6,112,32.80000000000002
Branin-Fav,Soft Parameter Sharing,56,92,0,527,0.1,108.61645289275424,0.5,8,6,113,32.70000000000002
Branin-Fav,Soft Parameter Sharing,56,93,0,575,0.1,106.03126281207072,0.5,9,6,114,32.600000000000016
Branin-Fav,Soft Parameter Sharing,56,94,0,426,0.1,103.14094561787651,0.5,10,6,115,32.500000000000014
Branin-Fav,Soft Parameter Sharing,56,95,0,576,0.1,102.83863943468631,0.5,11,6,116,32.40000000000001
Branin-Fav,Soft Parameter Sharing,56,96,0,276,0.1,101.73312147526083,0.5,12,6,117,32.30000000000001
Branin-Fav,Soft Parameter Sharing,56,97,0,377,0.1,104.50593468436153,0.5,13,6,118,32.20000000000001
Branin-Fav,Soft Parameter Sharing,56,98,0,431,0.1,110.09598128288691,0.5,14,6,119,32.10000000000001
Branin-Fav,Soft Parameter Sharing,56,99,0,574,0.1,103.3420026280973,0.5,15,6,120,32.00000000000001
Branin-Fav,Soft Parameter Sharing,56,100,0,525,0.1,97.92981092264081,0.5,16,6,121,31.900000000000006
Branin-Fav,Soft Parameter Sharing,56,101,0,428,0.1,95.83021326747478,0.5,17,6,122,31.800000000000004
Branin-Fav,Soft Parameter Sharing,56,102,0,29,0.1,99.94188736467792,0.5,18,6,123,31.700000000000003
Branin-Fav,Soft Parameter Sharing,56,103,0,478,0.1,99.86047704728769,0.5,19,6,124,31.6
Branin-Fav,Soft Parameter Sharing,56,104,0,378,0.1,98.63386695800197,0.5,20,6,125,31.5
Branin-Fav,Soft Parameter Sharing,56,105,1,328,1.0,40.29233856029788,0.5,0,7,125,30.5
Branin-Fav,Soft Parameter Sharing,56,106,0,524,0.1,89.9929826745348,0.5,1,7,126,30.4
Branin-Fav,Soft Parameter Sharing,56,107,0,623,0.1,95.84746264720397,0.5,2,7,127,30.299999999999997
Branin-Fav,Soft Parameter Sharing,56,108,0,475,0.1,92.01803634700548,0.5,3,7,128,30.199999999999996
Branin-Fav,Soft Parameter Sharing,56,109,0,573,0.1,95.56805779884589,0.5,4,7,129,30.099999999999994
Branin-Fav,Soft Parameter Sharing,56,110,0,624,0.1,88.69312279062467,0.5,5,7,130,29.999999999999993
Branin-Fav,Soft Parameter Sharing,56,111,0,673,0.1,96.81691195322352,0.5,6,7,131,29.89999999999999
Branin-Fav,Soft Parameter Sharing,56,112,0,474,0.1,87.67591829274112,0.5,7,7,132,29.79999999999999
Branin-Fav,Soft Parameter Sharing,56,113,0,674,0.1,92.16075888378249,0.5,8,7,133,29.69999999999999
Branin-Fav,Soft Parameter Sharing,56,114,0,425,0.1,86.1465027580725,0.5,9,7,134,29.599999999999987
Branin-Fav,Soft Parameter Sharing,56,115,0,528,0.1,89.25068189421938,0.5,10,7,135,29.499999999999986
Branin-Fav,Soft Parameter Sharing,56,116,0,723,0.1,90.37495360225141,0.5,11,7,136,29.399999999999984
Branin-Fav,Soft Parameter Sharing,56,117,0,523,0.1,88.46740692500894,0.5,12,7,137,29.299999999999983
Branin-Fav,Soft Parameter Sharing,56,118,0,672,0.1,86.11471778207535,0.5,13,7,138,29.19999999999998
Branin-Fav,Soft Parameter Sharing,56,119,0,622,0.1,88.05344714451063,0.5,14,7,139,29.09999999999998
Branin-Fav,Soft Parameter Sharing,56,120,0,675,0.1,85.66709345170737,0.5,15,7,140,28.99999999999998
Branin-Fav,Soft Parameter Sharing,56,121,0,375,0.1,83.7992405783017,0.5,16,7,141,28.899999999999977
Branin-Fav,Soft Parameter Sharing,56,122,0,722,0.1,86.8538974117619,0.5,17,7,142,28.799999999999976
Branin-Fav,Soft Parameter Sharing,56,123,0,724,0.1,83.77381496843189,0.5,18,7,143,28.699999999999974
Branin-Fav,Soft Parameter Sharing,56,124,0,772,0.1,84.34996581159646,0.5,19,7,144,28.599999999999973
Branin-Fav,Soft Parameter Sharing,56,125,0,572,0.1,87.25644298583977,0.5,20,7,145,28.49999999999997
Branin-Fav,Soft Parameter Sharing,56,126,1,299,1.0,27.807448493212565,0.5,0,8,145,27.49999999999997
Branin-Fav,Soft Parameter Sharing,56,127,0,376,0.1,82.30501361809299,0.5,1,8,146,27.39999999999997
Branin-Fav,Soft Parameter Sharing,56,128,0,473,0.1,83.10196142715301,0.5,2,8,147,27.29999999999997
Branin-Fav,Soft Parameter Sharing,56,129,0,424,0.1,80.89881324614882,0.5,3,8,148,27.199999999999967
Branin-Fav,Soft Parameter Sharing,56,130,0,626,0.1,80.61974465457392,0.5,4,8,149,27.099999999999966
Branin-Fav,Soft Parameter Sharing,56,131,0,773,0.1,83.23506885418607,0.5,5,8,150,26.999999999999964
Branin-Fav,Soft Parameter Sharing,56,132,0,599,0.1,88.66843408150307,0.5,6,8,151,26.899999999999963
Branin-Fav,Soft Parameter Sharing,56,133,0,429,0.1,87.91289133213489,0.5,7,8,152,26.79999999999996
Branin-Fav,Soft Parameter Sharing,56,134,0,577,0.1,80.94912036917447,0.5,8,8,153,26.69999999999996
Branin-Fav,Soft Parameter Sharing,56,135,0,479,0.1,79.50998192981875,0.5,9,8,154,26.59999999999996
Branin-Fav,Soft Parameter Sharing,56,136,0,627,0.1,77.78739968513385,0.5,10,8,155,26.499999999999957
Branin-Fav,Soft Parameter Sharing,56,137,0,725,0.1,81.22649590034908,0.5,11,8,156,26.399999999999956
Branin-Fav,Soft Parameter Sharing,56,138,0,676,0.1,77.58245244451885,0.5,12,8,157,26.299999999999955
Branin-Fav,Soft Parameter Sharing,56,139,0,522,0.1,79.16779933947763,0.5,13,8,158,26.199999999999953
Branin-Fav,Soft Parameter Sharing,56,140,0,379,0.1,79.81737258383826,0.5,14,8,159,26.09999999999995
Branin-Fav,Soft Parameter Sharing,56,141,0,277,0.1,80.59552258312493,0.5,15,8,160,25.99999999999995
Branin-Fav,Soft Parameter Sharing,56,142,0,721,0.1,77.14493740087192,0.5,16,8,161,25.89999999999995
Branin-Fav,Soft Parameter Sharing,56,143,0,329,0.1,77.70448563118524,0.5,17,8,162,25.799999999999947
Branin-Fav,Soft Parameter Sharing,56,144,0,37,0.1,78.32209571995527,0.5,18,8,163,25.699999999999946
Branin-Fav,Soft Parameter Sharing,56,145,0,578,0.1,77.3720173943288,0.5,19,8,164,25.599999999999945
Branin-Fav,Soft Parameter Sharing,56,146,0,325,0.1,74.84275558613659,0.5,20,8,165,25.499999999999943
Branin-Fav,Soft Parameter Sharing,56,147,1,127,1.0,25.80542281137201,0.5,0,9,165,24.499999999999943
Branin-Fav,Soft Parameter Sharing,56,148,0,278,0.1,73.92723596127048,0.5,1,9,166,24.39999999999994
Branin-Fav,Soft Parameter Sharing,56,149,0,292,0.1,74.16778425647831,0.5,2,9,167,24.29999999999994
Branin-Fav,Soft Parameter Sharing,56,150,0,380,0.1,75.06806105641,0.5,3,9,168,24.19999999999994
Branin-Fav,Soft Parameter Sharing,56,151,0,374,0.1,75.31185084480671,0.5,4,9,169,24.099999999999937
Branin-Fav,Soft Parameter Sharing,56,152,0,774,0.1,73.44810033741278,0.5,5,9,170,23.999999999999936
Branin-Fav,Soft Parameter Sharing,56,153,0,671,0.1,73.49861592203152,0.5,6,9,171,23.899999999999935
Branin-Fav,Soft Parameter Sharing,56,154,0,649,0.1,73.55677852429108,0.5,7,9,172,23.799999999999933
Branin-Fav,Soft Parameter Sharing,56,155,0,423,0.1,71.95557358947316,0.5,8,9,173,23.699999999999932
Branin-Fav,Soft Parameter Sharing,56,156,0,496,0.1,71.89215135238526,0.5,9,9,174,23.59999999999993
Branin-Fav,Soft Parameter Sharing,56,157,0,430,0.1,73.38892551461136,0.5,10,9,175,23.49999999999993
Branin-Fav,Soft Parameter Sharing,56,158,0,342,0.1,71.23866483925443,0.5,11,9,176,23.399999999999928
Branin-Fav,Soft Parameter Sharing,56,159,0,472,0.1,70.2427185713938,0.5,12,9,177,23.299999999999926
Branin-Fav,Soft Parameter Sharing,56,160,0,279,0.1,71.86083247055504,0.5,13,9,178,23.199999999999925
Branin-Fav,Soft Parameter Sharing,56,161,0,771,0.1,70.80033324420063,0.5,14,9,179,23.099999999999923
Branin-Fav,Soft Parameter Sharing,56,162,0,621,0.1,70.25377577800434,0.5,15,9,180,22.999999999999922
Branin-Fav,Soft Parameter Sharing,56,163,0,291,0.1,71.12319608148522,0.5,16,9,181,22.89999999999992
Branin-Fav,Soft Parameter Sharing,56,164,0,324,0.1,71.25030870212827,0.5,17,9,182,22.79999999999992
Branin-Fav,Soft Parameter Sharing,56,165,0,529,0.1,68.58088197384306,0.5,18,9,183,22.699999999999918
Branin-Fav,Soft Parameter Sharing,56,166,0,330,0.1,68.41926543838876,0.5,19,9,184,22.599999999999916
Branin-Fav,Soft Parameter Sharing,56,167,0,28,0.1,71.17108786838408,0.5,20,9,185,22.499999999999915
Branin-Fav,Soft Parameter Sharing,56,168,1,426,1.0,22.968198724551897,0.5,0,10,185,21.499999999999915
Branin-Fav,Soft Parameter Sharing,56,169,0,331,0.1,136.16383683179572,0.9878085752299147,1,10,186,21.399999999999913
Branin-Fav,Soft Parameter Sharing,56,170,0,228,0.1,135.88373567717667,0.9878085752299147,2,10,187,21.299999999999912
Branin-Fav,Soft Parameter Sharing,56,171,0,275,0.1,131.72692663673052,0.9878085752299147,3,10,188,21.19999999999991
Branin-Fav,Soft Parameter Sharing,56,172,0,373,0.1,136.23582855093986,0.9878085752299147,4,10,189,21.09999999999991
Branin-Fav,Soft Parameter Sharing,56,173,0,280,0.1,134.04566381794066,0.9878085752299147,5,10,190,20.999999999999908
Branin-Fav,Soft Parameter Sharing,56,174,0,2100,0.1,139.33612051191318,0.9878085752299147,6,10,191,20.899999999999906
Branin-Fav,Soft Parameter Sharing,56,175,0,598,0.1,137.9914572354833,0.9878085752299147,7,10,192,20.799999999999905
Branin-Fav,Soft Parameter Sharing,56,176,0,227,0.1,131.00403904548918,0.9878085752299147,8,10,193,20.699999999999903
Branin-Fav,Soft Parameter Sharing,56,177,0,822,0.1,132.2951096383029,0.9878085752299147,9,10,194,20.599999999999902
Branin-Fav,Soft Parameter Sharing,56,178,0,226,0.1,128.33992383556486,0.9878085752299147,10,10,195,20.4999999999999
Branin-Fav,Soft Parameter Sharing,56,179,0,381,0.1,130.18363716774354,0.9878085752299147,11,10,196,20.3999999999999
Branin-Fav,Soft Parameter Sharing,56,180,0,30,0.1,139.35218013866623,0.9878085752299147,12,10,197,20.299999999999898
Branin-Fav,Soft Parameter Sharing,56,181,0,274,0.1,128.29669603461042,0.9878085752299147,13,10,198,20.199999999999896
Branin-Fav,Soft Parameter Sharing,56,182,0,699,0.1,130.92728380020876,0.9878085752299147,14,10,199,20.099999999999895
Branin-Fav,Soft Parameter Sharing,56,183,0,229,0.1,131.02451697733693,0.9878085752299147,15,10,200,19.999999999999893
Branin-Fav,Soft Parameter Sharing,56,184,0,281,0.1,130.49651523483362,0.9878085752299147,16,10,201,19.899999999999892
Branin-Fav,Soft Parameter Sharing,56,185,0,571,0.1,127.9105647803815,0.9878085752299147,17,10,202,19.79999999999989
Branin-Fav,Soft Parameter Sharing,56,186,0,480,0.1,129.97678593090075,0.9878085752299147,18,10,203,19.69999999999989
Branin-Fav,Soft Parameter Sharing,56,187,0,230,0.1,125.46421588294446,0.9878085752299147,19,10,204,19.599999999999888
Branin-Fav,Soft Parameter Sharing,56,188,0,178,0.1,128.2275975968151,0.9878085752299147,20,10,205,19.499999999999886
Branin-Fav,Soft Parameter Sharing,56,189,1,378,1.0,20.978305620961397,0.9878085752299147,0,11,205,18.499999999999886
Branin-Fav,Soft Parameter Sharing,56,190,0,26,0.1,135.0236920251247,0.9833430812772973,1,11,206,18.399999999999885
Branin-Fav,Soft Parameter Sharing,56,191,0,241,0.1,126.21770468052794,0.9833430812772973,2,11,207,18.299999999999883
Branin-Fav,Soft Parameter Sharing,56,192,0,179,0.1,124.90519627782976,0.9833430812772973,3,11,208,18.199999999999882
Branin-Fav,Soft Parameter Sharing,56,193,0,225,0.1,127.26509872033527,0.9833430812772973,4,11,209,18.09999999999988
Branin-Fav,Soft Parameter Sharing,56,194,0,393,0.1,124.92794295220125,0.9833430812772973,5,11,210,17.99999999999988
Branin-Fav,Soft Parameter Sharing,56,195,0,177,0.1,121.39777867674556,0.9833430812772973,6,11,211,17.899999999999878
Branin-Fav,Soft Parameter Sharing,56,196,0,231,0.1,128.38911845647644,0.9833430812772973,7,11,212,17.799999999999876
Branin-Fav,Soft Parameter Sharing,56,197,0,191,0.1,127.2819388118445,0.9833430812772973,8,11,213,17.699999999999875
Branin-Fav,Soft Parameter Sharing,56,198,0,128,0.1,123.42330838250422,0.9833430812772973,9,11,214,17.599999999999874
Branin-Fav,Soft Parameter Sharing,56,199,0,176,0.1,125.46732324813122,0.9833430812772973,10,11,215,17.499999999999872
Branin-Fav,Soft Parameter Sharing,56,200,0,422,0.1,122.17257922803118,0.9833430812772973,11,11,216,17.39999999999987
Branin-Fav,Soft Parameter Sharing,56,201,0,332,0.1,122.22230609982228,0.9833430812772973,12,11,217,17.29999999999987
Branin-Fav,Soft Parameter Sharing,56,202,0,821,0.1,123.49647162032852,0.9833430812772973,13,11,218,17.199999999999868
Branin-Fav,Soft Parameter Sharing,56,203,0,180,0.1,118.91002586072162,0.9833430812772973,14,11,219,17.099999999999866
Branin-Fav,Soft Parameter Sharing,56,204,0,129,0.1,119.5238903337366,0.9833430812772973,15,11,220,16.999999999999865
Branin-Fav,Soft Parameter Sharing,56,205,0,323,0.1,125.0630679472606,0.9833430812772973,16,11,221,16.899999999999864
Branin-Fav,Soft Parameter Sharing,56,206,0,282,0.1,118.24202792000332,0.9833430812772973,17,11,222,16.799999999999862
Branin-Fav,Soft Parameter Sharing,56,207,0,521,0.1,119.52434740562687,0.9833430812772973,18,11,223,16.69999999999986
Branin-Fav,Soft Parameter Sharing,56,208,0,130,0.1,118.34584064448714,0.9833430812772973,19,11,224,16.59999999999986
Branin-Fav,Soft Parameter Sharing,56,209,0,78,0.1,118.11471845788944,0.9833430812772973,20,11,225,16.499999999999858
Branin-Fav,Soft Parameter Sharing,56,210,1,377,1.0,18.91764444787499,0.9833430812772973,0,12,225,15.499999999999858
Branin-Fav,Soft Parameter Sharing,56,211,0,382,0.1,118.20080475378107,0.9857719192383354,1,12,226,15.399999999999858
Branin-Fav,Soft Parameter Sharing,56,212,0,77,0.1,124.40588080464995,0.9857719192383354,2,12,227,15.299999999999857
Branin-Fav,Soft Parameter Sharing,56,213,0,175,0.1,115.24844057255167,0.9857719192383354,3,12,228,15.199999999999855
Branin-Fav,Soft Parameter Sharing,56,214,0,126,0.1,120.06845844103637,0.9857719192383354,4,12,229,15.099999999999854
Branin-Fav,Soft Parameter Sharing,56,215,0,579,0.1,114.51602008949799,0.9857719192383354,5,12,230,14.999999999999853
Branin-Fav,Soft Parameter Sharing,56,216,0,79,0.1,115.0859955975258,0.9857719192383354,6,12,231,14.899999999999851
Branin-Fav,Soft Parameter Sharing,56,217,0,670,0.1,117.88818728963595,0.9857719192383354,7,12,232,14.79999999999985
Branin-Fav,Soft Parameter Sharing,56,218,0,181,0.1,116.35351582764554,0.9857719192383354,8,12,233,14.699999999999848
Branin-Fav,Soft Parameter Sharing,56,219,0,232,0.1,115.36432524401538,0.9857719192383354,9,12,234,14.599999999999847
Branin-Fav,Soft Parameter Sharing,56,220,0,182,0.1,119.92356119285172,0.9857719192383354,10,12,235,14.499999999999845
Branin-Fav,Soft Parameter Sharing,56,221,0,31,0.1,117.06968315093962,0.9857719192383354,11,12,236,14.399999999999844
Branin-Fav,Soft Parameter Sharing,56,222,0,224,0.1,113.16996427916422,0.9857719192383354,12,12,237,14.299999999999843
Branin-Fav,Soft Parameter Sharing,56,223,0,530,0.1,110.06190014195546,0.9857719192383354,13,12,238,14.199999999999841
Branin-Fav,Soft Parameter Sharing,56,224,0,131,0.1,115.3450314566645,0.9857719192383354,14,12,239,14.09999999999984
Branin-Fav,Soft Parameter Sharing,56,225,0,333,0.1,112.14222332271184,0.9857719192383354,15,12,240,13.999999999999838
Branin-Fav,Soft Parameter Sharing,56,226,0,233,0.1,112.50872390658192,0.9857719192383354,16,12,241,13.899999999999837
Branin-Fav,Soft Parameter Sharing,56,227,0,80,0.1,113.93525358935109,0.9857719192383354,17,12,242,13.799999999999836
Branin-Fav,Soft Parameter Sharing,56,228,0,372,0.1,110.6780971467666,0.9857719192383354,18,12,243,13.699999999999834
Branin-Fav,Soft Parameter Sharing,56,229,0,76,0.1,113.33023790197153,0.9857719192383354,19,12,244,13.599999999999833
Branin-Fav,Soft Parameter Sharing,56,230,0,125,0.1,108.70857687997888,0.9857719192383354,20,12,245,13.499999999999831
Branin-Fav,Soft Parameter Sharing,56,231,1,376,1.0,17.076673693952593,0.9857719192383354,0,13,245,12.49999999999983
Branin-Fav,Soft Parameter Sharing,56,232,0,132,0.1,112.33622159378308,0.9869613103234656,1,13,246,12.39999999999983
Branin-Fav,Soft Parameter Sharing,56,233,0,677,0.1,104.29719688485719,0.9869613103234656,2,13,247,12.299999999999828
Branin-Fav,Soft Parameter Sharing,56,234,0,32,0.1,114.5301426580756,0.9869613103234656,3,13,248,12.199999999999827
Branin-Fav,Soft Parameter Sharing,56,235,0,547,0.1,108.43248876765111,0.9869613103234656,4,13,249,12.099999999999826
Branin-Fav,Soft Parameter Sharing,56,236,0,190,0.1,110.17815023676853,0.9869613103234656,5,13,250,11.999999999999824
Branin-Fav,Soft Parameter Sharing,56,237,0,720,0.1,108.56330888141459,0.9869613103234656,6,13,251,11.899999999999823
Branin-Fav,Soft Parameter Sharing,56,238,0,283,0.1,106.06490894373057,0.9869613103234656,7,13,252,11.799999999999821
Branin-Fav,Soft Parameter Sharing,56,239,0,770,0.1,110.41050235793209,0.9869613103234656,8,13,253,11.69999999999982
Branin-Fav,Soft Parameter Sharing,56,240,0,183,0.1,109.52853592666995,0.9869613103234656,9,13,254,11.599999999999818
Branin-Fav,Soft Parameter Sharing,56,241,0,823,0.1,109.27249845946453,0.9869613103234656,10,13,255,11.499999999999817
Branin-Fav,Soft Parameter Sharing,56,242,0,81,0.1,102.83284994345334,0.9869613103234656,11,13,256,11.399999999999816
Branin-Fav,Soft Parameter Sharing,56,243,0,726,0.1,105.98498166469984,0.9869613103234656,12,13,257,11.299999999999814
Branin-Fav,Soft Parameter Sharing,56,244,0,75,0.1,106.27883700331134,0.9869613103234656,13,13,258,11.199999999999813
Branin-Fav,Soft Parameter Sharing,56,245,0,820,0.1,107.21222253445148,0.9869613103234656,14,13,259,11.099999999999811
Branin-Fav,Soft Parameter Sharing,56,246,0,90,0.1,104.0757990140704,0.9869613103234656,15,13,260,10.99999999999981
Branin-Fav,Soft Parameter Sharing,56,247,0,82,0.1,105.23791650432453,0.9869613103234656,16,13,261,10.899999999999809
Branin-Fav,Soft Parameter Sharing,56,248,0,25,0.1,105.96148856661118,0.9869613103234656,17,13,262,10.799999999999807
Branin-Fav,Soft Parameter Sharing,56,249,0,471,0.1,106.36072254341798,0.9869613103234656,18,13,263,10.699999999999806
Branin-Fav,Soft Parameter Sharing,56,250,0,234,0.1,103.43547168280982,0.9869613103234656,19,13,264,10.599999999999804
Branin-Fav,Soft Parameter Sharing,56,251,0,870,0.1,100.88247838564422,0.9869613103234656,20,13,265,10.499999999999803
Branin-Fav,Soft Parameter Sharing,56,252,1,327,1.0,15.776648330147413,0.9869613103234656,0,14,265,9.499999999999801
Branin-Fav,Soft Parameter Sharing,56,253,0,33,0.1,103.72013149552012,0.9877306185871412,1,14,266,9.399999999999801
Branin-Fav,Soft Parameter Sharing,56,254,0,273,0.1,102.5693029799571,0.9877306185871412,2,14,267,9.2999999999998
Branin-Fav,Soft Parameter Sharing,56,255,0,648,0.1,101.41860816272933,0.9877306185871412,3,14,268,9.199999999999799
Branin-Fav,Soft Parameter Sharing,56,256,0,174,0.1,104.50966901721402,0.9877306185871412,4,14,269,9.099999999999797
Branin-Fav,Soft Parameter Sharing,56,257,0,620,0.1,101.47729884326986,0.9877306185871412,5,14,270,8.999999999999796
Branin-Fav,Soft Parameter Sharing,56,258,0,133,0.1,105.08747180198274,0.9877306185871412,6,14,271,8.899999999999794
Branin-Fav,Soft Parameter Sharing,56,259,0,444,0.1,97.07036756061083,0.9877306185871412,7,14,272,8.799999999999793
Branin-Fav,Soft Parameter Sharing,56,260,0,628,0.1,99.4047143669215,0.9877306185871412,8,14,273,8.699999999999791
Branin-Fav,Soft Parameter Sharing,56,261,0,871,0.1,103.25330712358581,0.9877306185871412,9,14,274,8.59999999999979
Branin-Fav,Soft Parameter Sharing,56,262,0,240,0.1,96.1689757644652,0.9877306185871412,10,14,275,8.499999999999789
Branin-Fav,Soft Parameter Sharing,56,263,0,284,0.1,102.29930490629131,0.9877306185871412,11,14,276,8.399999999999787
Branin-Fav,Soft Parameter Sharing,56,264,0,749,0.1,115.49677066572198,0.9877306185871412,12,14,277,8.299999999999786
Branin-Fav,Soft Parameter Sharing,56,265,0,775,0.1,97.04278954783975,0.9877306185871412,13,14,278,8.199999999999784
Branin-Fav,Soft Parameter Sharing,56,266,0,341,0.1,97.58590084795198,0.9877306185871412,14,14,279,8.099999999999783
Branin-Fav,Soft Parameter Sharing,56,267,0,290,0.1,97.06822564928522,0.9877306185871412,15,14,280,7.9999999999997815
Branin-Fav,Soft Parameter Sharing,56,268,0,140,0.1,95.48368752163273,0.9877306185871412,16,14,281,7.89999999999978
Branin-Fav,Soft Parameter Sharing,56,269,0,872,0.1,94.42484727980234,0.9877306185871412,17,14,282,7.799999999999779
Branin-Fav,Soft Parameter Sharing,56,270,0,824,0.1,94.3700816222679,0.9877306185871412,18,14,283,7.699999999999777
Branin-Fav,Soft Parameter Sharing,56,271,0,597,0.1,95.20038374693868,0.9877306185871412,19,14,284,7.599999999999776
Branin-Fav,Soft Parameter Sharing,56,272,0,921,0.1,99.72211769404282,0.9877306185871412,20,14,285,7.499999999999774
Branin-Fav,Soft Parameter Sharing,56,273,1,475,1.0,16.58859859668693,0.9877306185871412,0,15,285,6.499999999999773
Branin-Fav,Soft Parameter Sharing,56,274,0,432,0.1,93.67354821690144,0.9860210099385811,1,15,286,6.399999999999773
Branin-Fav,Soft Parameter Sharing,56,275,0,546,0.1,92.05029947389583,0.9860210099385811,2,15,287,6.299999999999772
Branin-Fav,Soft Parameter Sharing,56,276,0,322,0.1,95.40245625073264,0.9860210099385811,3,15,288,6.19999999999977
Branin-Fav,Soft Parameter Sharing,56,277,0,819,0.1,93.85683517754141,0.9860210099385811,4,15,289,6.099999999999769
Branin-Fav,Soft Parameter Sharing,56,278,0,481,0.1,90.91993919822858,0.9860210099385811,5,15,290,5.999999999999767
Branin-Fav,Soft Parameter Sharing,56,279,0,1950,0.1,99.38097223777326,0.9860210099385811,6,15,291,5.899999999999766
Branin-Fav,Soft Parameter Sharing,56,280,0,495,0.1,93.62728310929946,0.9860210099385811,7,15,292,5.7999999999997645
Branin-Fav,Soft Parameter Sharing,56,281,0,89,0.1,94.52962767594666,0.9860210099385811,8,15,293,5.699999999999763
Branin-Fav,Soft Parameter Sharing,56,282,0,184,0.1,92.05108182660521,0.9860210099385811,9,15,294,5.599999999999762
Branin-Fav,Soft Parameter Sharing,56,283,0,392,0.1,93.44458291371485,0.9860210099385811,10,15,295,5.49999999999976
Branin-Fav,Soft Parameter Sharing,56,284,0,873,0.1,90.51123123620006,0.9860210099385811,11,15,296,5.399999999999759
Branin-Fav,Soft Parameter Sharing,56,285,0,698,0.1,91.2605292652259,0.9860210099385811,12,15,297,5.299999999999757
Branin-Fav,Soft Parameter Sharing,56,286,0,494,0.1,91.8431777815692,0.9860210099385811,13,15,298,5.199999999999756
Branin-Fav,Soft Parameter Sharing,56,287,0,83,0.1,90.7254147670588,0.9860210099385811,14,15,299,5.0999999999997545
Branin-Fav,Soft Parameter Sharing,56,288,0,340,0.1,90.17802460892717,0.9860210099385811,15,15,300,4.999999999999753
Branin-Fav,Soft Parameter Sharing,56,289,0,124,0.1,90.66113706975361,0.9860210099385811,16,15,301,4.899999999999752
Branin-Fav,Soft Parameter Sharing,56,290,0,647,0.1,90.27035895692379,0.9860210099385811,17,15,302,4.79999999999975
Branin-Fav,Soft Parameter Sharing,56,291,0,570,0.1,94.19219502188655,0.9860210099385811,18,15,303,4.699999999999749
Branin-Fav,Soft Parameter Sharing,56,292,0,443,0.1,88.79436407676383,0.9860210099385811,19,15,304,4.599999999999747
Branin-Fav,Soft Parameter Sharing,56,293,0,383,0.1,87.43852384577298,0.9860210099385811,20,15,305,4.499999999999746
Branin-Fav,Soft Parameter Sharing,56,294,1,449,1.0,15.70918950279536,0.9860210099385811,0,16,305,3.499999999999744
Branin-Fav,Soft Parameter Sharing,56,295,0,580,0.1,80.71948353937515,0.9262955273301807,1,16,306,3.399999999999744
Branin-Fav,Soft Parameter Sharing,56,296,0,421,0.1,81.25177549903815,0.9262955273301807,2,16,307,3.2999999999997427
Branin-Fav,Soft Parameter Sharing,56,297,0,223,0.1,81.31307872942914,0.9262955273301807,3,16,308,3.1999999999997413
Branin-Fav,Soft Parameter Sharing,56,298,0,34,0.1,83.02480119149055,0.9262955273301807,4,16,309,3.09999999999974
Branin-Fav,Soft Parameter Sharing,56,299,0,334,0.1,85.25339333629384,0.9262955273301807,5,16,310,2.9999999999997384
Branin-Fav,Soft Parameter Sharing,56,300,0,769,0.1,81.11563406229995,0.9262955273301807,6,16,311,2.899999999999737
Branin-Fav,Soft Parameter Sharing,56,301,0,74,0.1,78.55176030127431,0.9262955273301807,7,16,312,2.7999999999997356
Branin-Fav,Soft Parameter Sharing,56,302,0,88,0.1,83.42015469025182,0.9262955273301807,8,16,313,2.699999999999734
Branin-Fav,Soft Parameter Sharing,56,303,0,272,0.1,78.66434358726202,0.9262955273301807,9,16,314,2.5999999999997327
Branin-Fav,Soft Parameter Sharing,56,304,0,285,0.1,81.92958636090644,0.9262955273301807,10,16,315,2.4999999999997313
Branin-Fav,Soft Parameter Sharing,56,305,0,719,0.1,76.59459470606156,0.9262955273301807,11,16,316,2.39999999999973
Branin-Fav,Soft Parameter Sharing,56,306,0,799,0.1,84.09048001680655,0.9262955273301807,12,16,317,2.2999999999997285
Branin-Fav,Soft Parameter Sharing,56,307,0,134,0.1,77.12094097285735,0.9262955273301807,13,16,318,2.199999999999727
Branin-Fav,Soft Parameter Sharing,56,308,0,24,0.1,78.2500225562097,0.9262955273301807,14,16,319,2.0999999999997256
Branin-Fav,Soft Parameter Sharing,56,309,0,84,0.1,79.32524642504404,0.9262955273301807,15,16,320,1.9999999999997242
Branin-Fav,Soft Parameter Sharing,56,310,0,289,0.1,79.51127448427914,0.9262955273301807,16,16,321,1.8999999999997228
Branin-Fav,Soft Parameter Sharing,56,311,0,920,0.1,80.72111612271051,0.9262955273301807,17,16,322,1.7999999999997214
Branin-Fav,Soft Parameter Sharing,56,312,0,678,0.1,78.39451400026502,0.9262955273301807,18,16,323,1.69999999999972
Branin-Fav,Soft Parameter Sharing,56,313,0,520,0.1,74.88761602945273,0.9262955273301807,19,16,324,1.5999999999997185
Branin-Fav,Soft Parameter Sharing,56,314,0,596,0.1,77.94673450362724,0.9262955273301807,20,16,325,1.4999999999997171
Branin-Fav,Soft Parameter Sharing,56,315,1,425,1.0,14.95158332827262,0.9262955273301807,0,17,325,0.4999999999997158
Branin-Fav,Soft Parameter Sharing,56,316,0,545,0.1,74.30874973951187,0.9267894236743914,1,17,326,0.3999999999997158
Branin-Fav,Soft Parameter Sharing,56,317,0,442,0.1,79.16423025907531,0.9267894236743914,2,17,327,0.2999999999997144
Branin-Fav,Soft Parameter Sharing,56,318,0,239,0.1,76.89171316563049,0.9267894236743914,3,17,328,0.19999999999971294
Branin-Fav,Soft Parameter Sharing,56,319,0,173,0.1,72.59681193044833,0.9267894236743914,4,17,329,0.09999999999971151
Branin-Fav,Soft Parameter Sharing,57,1,0,2450,0.1,148.998403981266,0.5,1,2,26,45.4
Branin-Fav,Soft Parameter Sharing,57,2,0,31,0.1,137.7734559396458,0.5,2,2,27,45.3
Branin-Fav,Soft Parameter Sharing,57,3,0,32,0.1,123.59338712966566,0.5,3,2,28,45.199999999999996
Branin-Fav,Soft Parameter Sharing,57,4,0,2400,0.1,111.61995321859227,0.5,4,2,29,45.1
Branin-Fav,Soft Parameter Sharing,57,5,0,578,0.1,121.28172276270395,0.5,5,2,30,45.0
Branin-Fav,Soft Parameter Sharing,57,6,0,575,0.1,102.29495274509115,0.5,6,2,31,44.9
Branin-Fav,Soft Parameter Sharing,57,7,0,477,0.1,104.70251241914102,0.5,7,2,32,44.800000000000004
Branin-Fav,Soft Parameter Sharing,57,8,0,576,0.1,105.5480723674728,0.5,8,2,33,44.7
Branin-Fav,Soft Parameter Sharing,57,9,0,249,0.1,110.41285420668652,0.5,9,2,34,44.6
Branin-Fav,Soft Parameter Sharing,57,10,0,199,0.1,105.55642596045483,0.5,10,2,35,44.5
Branin-Fav,Soft Parameter Sharing,57,11,0,136,0.1,118.52713231450639,0.5,11,2,36,44.4
Branin-Fav,Soft Parameter Sharing,57,12,0,579,0.1,104.19894938336938,0.5,12,2,37,44.300000000000004
Branin-Fav,Soft Parameter Sharing,57,13,0,149,0.1,109.50497301898821,0.5,13,2,38,44.2
Branin-Fav,Soft Parameter Sharing,57,14,0,677,0.1,104.38226224784232,0.5,14,2,39,44.1
Branin-Fav,Soft Parameter Sharing,57,15,0,299,0.1,105.63923266056864,0.5,15,2,40,44.00000000000001
Branin-Fav,Soft Parameter Sharing,57,16,0,676,0.1,103.0694664423994,0.5,16,2,41,43.900000000000006
Branin-Fav,Soft Parameter Sharing,57,17,0,629,0.1,101.82976915109035,0.5,17,2,42,43.800000000000004
Branin-Fav,Soft Parameter Sharing,57,18,0,99,0.1,101.14779789607896,0.5,18,2,43,43.7
Branin-Fav,Soft Parameter Sharing,57,19,0,349,0.1,98.4662170498647,0.5,19,2,44,43.6
Branin-Fav,Soft Parameter Sharing,57,20,0,399,0.1,96.73450926658427,0.5,20,2,45,43.50000000000001
Branin-Fav,Soft Parameter Sharing,57,21,1,499,1.0,26.98884365965999,0.5,0,3,45,42.50000000000001
Branin-Fav,Soft Parameter Sharing,57,22,0,277,0.1,94.96735352964426,0.5,1,3,46,42.400000000000006
Branin-Fav,Soft Parameter Sharing,57,23,0,675,0.1,96.34182016167573,0.5,2,3,47,42.300000000000004
Branin-Fav,Soft Parameter Sharing,57,24,0,49,0.1,92.7233866138504,0.5,3,3,48,42.20000000000001
Branin-Fav,Soft Parameter Sharing,57,25,0,627,0.1,92.55446194543234,0.5,4,3,49,42.10000000000001
Branin-Fav,Soft Parameter Sharing,57,26,0,625,0.1,93.38946729605148,0.5,5,3,50,42.00000000000001
Branin-Fav,Soft Parameter Sharing,57,27,0,626,0.1,92.5665742089681,0.5,6,3,51,41.900000000000006
Branin-Fav,Soft Parameter Sharing,57,28,0,725,0.1,92.97986772236574,0.5,7,3,52,41.800000000000004
Branin-Fav,Soft Parameter Sharing,57,29,0,48,0.1,91.81748118931654,0.5,8,3,53,41.70000000000001
Branin-Fav,Soft Parameter Sharing,57,30,0,726,0.1,87.81993881915544,0.5,9,3,54,41.60000000000001
Branin-Fav,Soft Parameter Sharing,57,31,0,775,0.1,87.27249839631116,0.5,10,3,55,41.50000000000001
Branin-Fav,Soft Parameter Sharing,57,32,0,298,0.1,87.32009219621362,0.5,11,3,56,41.40000000000001
Branin-Fav,Soft Parameter Sharing,57,33,0,449,0.1,90.10382216744216,0.5,12,3,57,41.30000000000001
Branin-Fav,Soft Parameter Sharing,57,34,0,534,0.1,96.25292784391637,0.5,13,3,58,41.20000000000001
Branin-Fav,Soft Parameter Sharing,57,35,0,98,0.1,84.06519702366812,0.5,14,3,59,41.10000000000001
Branin-Fav,Soft Parameter Sharing,57,36,0,526,0.1,83.58437601803072,0.5,15,3,60,41.00000000000001
Branin-Fav,Soft Parameter Sharing,57,37,0,549,0.1,87.4267056392769,0.5,16,3,61,40.90000000000001
Branin-Fav,Soft Parameter Sharing,57,38,0,248,0.1,83.12070495352053,0.5,17,3,62,40.80000000000001
Branin-Fav,Soft Parameter Sharing,57,39,0,774,0.1,82.43589370390305,0.5,18,3,63,40.70000000000001
Branin-Fav,Soft Parameter Sharing,57,40,0,476,0.1,83.79391282532683,0.5,19,3,64,40.600000000000016
Branin-Fav,Soft Parameter Sharing,57,41,0,599,0.1,87.31136988948113,0.5,20,3,65,40.500000000000014
Branin-Fav,Soft Parameter Sharing,57,42,1,2450,1.0,31.75359618610883,0.5,0,4,65,39.500000000000014
Branin-Fav,Soft Parameter Sharing,57,43,0,2451,0.1,81.57807125428599,0.5,1,4,66,39.40000000000001
Branin-Fav,Soft Parameter Sharing,57,44,0,525,0.1,79.91968206801943,0.5,2,4,67,39.30000000000001
Branin-Fav,Soft Parameter Sharing,57,45,0,427,0.1,81.4921912797136,0.5,3,4,68,39.20000000000001
Branin-Fav,Soft Parameter Sharing,57,46,0,426,0.1,79.64202932829807,0.5,4,4,69,39.100000000000016
Branin-Fav,Soft Parameter Sharing,57,47,0,148,0.1,79.97378396703415,0.5,5,4,70,39.000000000000014
Branin-Fav,Soft Parameter Sharing,57,48,0,674,0.1,79.12602426906416,0.5,6,4,71,38.90000000000001
Branin-Fav,Soft Parameter Sharing,57,49,0,198,0.1,78.52639403668422,0.5,7,4,72,38.80000000000002
Branin-Fav,Soft Parameter Sharing,57,50,0,724,0.1,78.01123892991764,0.5,8,4,73,38.70000000000002
Branin-Fav,Soft Parameter Sharing,57,51,0,527,0.1,76.93354445433665,0.5,9,4,74,38.600000000000016
Branin-Fav,Soft Parameter Sharing,57,52,0,348,0.1,76.9608080495646,0.5,10,4,75,38.500000000000014
Branin-Fav,Soft Parameter Sharing,57,53,0,398,0.1,75.26228955283084,0.5,11,4,76,38.40000000000001
Branin-Fav,Soft Parameter Sharing,57,54,0,577,0.1,75.26335365559424,0.5,12,4,77,38.30000000000002
Branin-Fav,Soft Parameter Sharing,57,55,0,628,0.1,73.58335888516358,0.5,13,4,78,38.20000000000002
Branin-Fav,Soft Parameter Sharing,57,56,0,630,0.1,76.82524713700725,0.5,14,4,79,38.100000000000016
Branin-Fav,Soft Parameter Sharing,57,57,0,475,0.1,73.95190902868507,0.5,15,4,80,38.00000000000002
Branin-Fav,Soft Parameter Sharing,57,58,0,824,0.1,71.48438628272406,0.5,16,4,81,37.90000000000002
Branin-Fav,Soft Parameter Sharing,57,59,0,376,0.1,73.89681632005477,0.5,17,4,82,37.80000000000002
Branin-Fav,Soft Parameter Sharing,57,60,0,448,0.1,71.76175263086313,0.5,18,4,83,37.70000000000002
Branin-Fav,Soft Parameter Sharing,57,61,0,377,0.1,71.20570034716079,0.5,19,4,84,37.600000000000016
Branin-Fav,Soft Parameter Sharing,57,62,0,574,0.1,71.17234935942757,0.5,20,4,85,37.50000000000002
Branin-Fav,Soft Parameter Sharing,57,63,1,0,1.0,23.443105384804753,0.5,0,5,85,36.50000000000002
Branin-Fav,Soft Parameter Sharing,57,64,0,233,0.1,119.48306231519811,0.5,1,5,86,36.40000000000002
Branin-Fav,Soft Parameter Sharing,57,65,0,385,0.1,112.5979627975555,0.5,2,5,87,36.30000000000002
Branin-Fav,Soft Parameter Sharing,57,66,0,276,0.1,103.97747988832936,0.5,3,5,88,36.200000000000024
Branin-Fav,Soft Parameter Sharing,57,67,0,429,0.1,99.40529187386716,0.5,4,5,89,36.10000000000002
Branin-Fav,Soft Parameter Sharing,57,68,0,2350,0.1,98.90186201503214,0.5,5,5,90,36.00000000000002
Branin-Fav,Soft Parameter Sharing,57,69,0,178,0.1,107.3597799815677,0.5,6,5,91,35.90000000000002
Branin-Fav,Soft Parameter Sharing,57,70,0,380,0.1,98.94685691033179,0.5,7,5,92,35.80000000000002
Branin-Fav,Soft Parameter Sharing,57,71,0,137,0.1,115.44717236264454,0.5,8,5,93,35.700000000000024
Branin-Fav,Soft Parameter Sharing,57,72,0,430,0.1,92.95944853142925,0.5,9,5,94,35.60000000000002
Branin-Fav,Soft Parameter Sharing,57,73,0,478,0.1,93.65636364135199,0.5,10,5,95,35.50000000000002
Branin-Fav,Soft Parameter Sharing,57,74,0,379,0.1,92.54257328117188,0.5,11,5,96,35.40000000000003
Branin-Fav,Soft Parameter Sharing,57,75,0,285,0.1,109.47914768235265,0.5,12,5,97,35.300000000000026
Branin-Fav,Soft Parameter Sharing,57,76,0,378,0.1,92.63288172477625,0.5,13,5,98,35.200000000000024
Branin-Fav,Soft Parameter Sharing,57,77,0,428,0.1,89.57178579779783,0.5,14,5,99,35.10000000000002
Branin-Fav,Soft Parameter Sharing,57,78,0,332,0.1,94.36179483646242,0.5,15,5,100,35.00000000000002
Branin-Fav,Soft Parameter Sharing,57,79,0,528,0.1,86.15148776400974,0.5,16,5,101,34.90000000000003
Branin-Fav,Soft Parameter Sharing,57,80,0,329,0.1,88.29883870190068,0.5,17,5,102,34.800000000000026
Branin-Fav,Soft Parameter Sharing,57,81,0,25,0.1,100.62540575333311,0.5,18,5,103,34.700000000000024
Branin-Fav,Soft Parameter Sharing,57,82,0,330,0.1,95.31758799180032,0.5,19,5,104,34.60000000000003
Branin-Fav,Soft Parameter Sharing,57,83,0,280,0.1,90.67903020930362,0.5,20,5,105,34.50000000000003
Branin-Fav,Soft Parameter Sharing,57,84,1,849,1.0,25.896190510400345,0.5,0,6,105,33.50000000000003
Branin-Fav,Soft Parameter Sharing,57,85,0,334,0.1,99.0796860534278,0.5,1,6,106,33.40000000000003
Branin-Fav,Soft Parameter Sharing,57,86,0,480,0.1,89.86270897215542,0.5,2,6,107,33.300000000000026
Branin-Fav,Soft Parameter Sharing,57,87,0,331,0.1,89.66815367187561,0.5,3,6,108,33.200000000000024
Branin-Fav,Soft Parameter Sharing,57,88,0,479,0.1,85.61994373904356,0.5,4,6,109,33.10000000000002
Branin-Fav,Soft Parameter Sharing,57,89,0,279,0.1,84.8679602994488,0.5,5,6,110,33.00000000000002
Branin-Fav,Soft Parameter Sharing,57,90,0,2300,0.1,84.22859804208319,0.5,6,6,111,32.90000000000002
Branin-Fav,Soft Parameter Sharing,57,91,0,383,0.1,89.0190565808039,0.5,7,6,112,32.80000000000002
Branin-Fav,Soft Parameter Sharing,57,92,0,425,0.1,84.9916056108125,0.5,8,6,113,32.70000000000002
Branin-Fav,Soft Parameter Sharing,57,93,0,382,0.1,93.44656508889867,0.5,9,6,114,32.600000000000016
Branin-Fav,Soft Parameter Sharing,57,94,0,381,0.1,84.16966923979413,0.5,10,6,115,32.500000000000014
Branin-Fav,Soft Parameter Sharing,57,95,0,327,0.1,79.76912337265581,0.5,11,6,116,32.40000000000001
Branin-Fav,Soft Parameter Sharing,57,96,0,529,0.1,78.72239450230818,0.5,12,6,117,32.30000000000001
Branin-Fav,Soft Parameter Sharing,57,97,0,375,0.1,86.61718707431164,0.5,13,6,118,32.20000000000001
Branin-Fav,Soft Parameter Sharing,57,98,0,530,0.1,79.26568075271739,0.5,14,6,119,32.10000000000001
Branin-Fav,Soft Parameter Sharing,57,99,0,226,0.1,91.22706890885688,0.5,15,6,120,32.00000000000001
Branin-Fav,Soft Parameter Sharing,57,100,0,431,0.1,80.80770834851671,0.5,16,6,121,31.900000000000006
Branin-Fav,Soft Parameter Sharing,57,101,0,284,0.1,91.77274820956052,0.5,17,6,122,31.800000000000004
Branin-Fav,Soft Parameter Sharing,57,102,0,281,0.1,80.76698714911063,0.5,18,6,123,31.700000000000003
Branin-Fav,Soft Parameter Sharing,57,103,0,424,0.1,79.09135745841188,0.5,19,6,124,31.6
Branin-Fav,Soft Parameter Sharing,57,104,0,483,0.1,83.8547138336894,0.5,20,6,125,31.5
Branin-Fav,Soft Parameter Sharing,57,105,1,699,1.0,18.300919897216104,0.5,0,7,125,30.5
Branin-Fav,Soft Parameter Sharing,57,106,0,524,0.1,79.62922681081315,0.5,1,7,126,30.4
Branin-Fav,Soft Parameter Sharing,57,107,0,374,0.1,82.33303208272756,0.5,2,7,127,30.299999999999997
Branin-Fav,Soft Parameter Sharing,57,108,0,481,0.1,73.75342140411338,0.5,3,7,128,30.199999999999996
Branin-Fav,Soft Parameter Sharing,57,109,0,325,0.1,79.31407191366966,0.5,4,7,129,30.099999999999994
Branin-Fav,Soft Parameter Sharing,57,110,0,328,0.1,77.83471538102543,0.5,5,7,130,29.999999999999993
Branin-Fav,Soft Parameter Sharing,57,111,0,278,0.1,78.65450669812564,0.5,6,7,131,29.89999999999999
Branin-Fav,Soft Parameter Sharing,57,112,0,433,0.1,81.31839238907158,0.5,7,7,132,29.79999999999999
Branin-Fav,Soft Parameter Sharing,57,113,0,482,0.1,75.06024990118857,0.5,8,7,133,29.69999999999999
Branin-Fav,Soft Parameter Sharing,57,114,0,282,0.1,75.0729743987377,0.5,9,7,134,29.599999999999987
Branin-Fav,Soft Parameter Sharing,57,115,0,474,0.1,71.45881915094883,0.5,10,7,135,29.499999999999986
Branin-Fav,Soft Parameter Sharing,57,116,0,326,0.1,79.55489859506265,0.5,11,7,136,29.399999999999984
Branin-Fav,Soft Parameter Sharing,57,117,0,573,0.1,68.2408663084416,0.5,12,7,137,29.299999999999983
Branin-Fav,Soft Parameter Sharing,57,118,0,229,0.1,71.03988052851766,0.5,13,7,138,29.19999999999998
Branin-Fav,Soft Parameter Sharing,57,119,0,275,0.1,78.45984071896515,0.5,14,7,139,29.09999999999998
Branin-Fav,Soft Parameter Sharing,57,120,0,228,0.1,73.77599615941352,0.5,15,7,140,28.99999999999998
Branin-Fav,Soft Parameter Sharing,57,121,0,623,0.1,70.14988218277558,0.5,16,7,141,28.899999999999977
Branin-Fav,Soft Parameter Sharing,57,122,0,523,0.1,71.98386084680386,0.5,17,7,142,28.799999999999976
Branin-Fav,Soft Parameter Sharing,57,123,0,324,0.1,72.11598189457449,0.5,18,7,143,28.699999999999974
Branin-Fav,Soft Parameter Sharing,57,124,0,231,0.1,72.78717095480414,0.5,19,7,144,28.599999999999973
Branin-Fav,Soft Parameter Sharing,57,125,0,531,0.1,71.6708568159024,0.5,20,7,145,28.49999999999997
Branin-Fav,Soft Parameter Sharing,57,126,1,649,1.0,16.768269394443923,0.5,0,8,145,27.49999999999997
Branin-Fav,Soft Parameter Sharing,57,127,0,2150,0.1,73.73084947658893,0.5,1,8,146,27.39999999999997
Branin-Fav,Soft Parameter Sharing,57,128,0,177,0.1,78.97630852588439,0.5,2,8,147,27.29999999999997
Branin-Fav,Soft Parameter Sharing,57,129,0,179,0.1,67.74822403379619,0.5,3,8,148,27.199999999999967
Branin-Fav,Soft Parameter Sharing,57,130,0,673,0.1,71.93002656966249,0.5,4,8,149,27.099999999999966
Branin-Fav,Soft Parameter Sharing,57,131,0,176,0.1,81.4677734907447,0.5,5,8,150,26.999999999999964
Branin-Fav,Soft Parameter Sharing,57,132,0,225,0.1,67.64546113438337,0.5,6,8,151,26.899999999999963
Branin-Fav,Soft Parameter Sharing,57,133,0,423,0.1,68.33913800157335,0.5,7,8,152,26.79999999999996
Branin-Fav,Soft Parameter Sharing,57,134,0,333,0.1,65.9083015749678,0.5,8,8,153,26.69999999999996
Branin-Fav,Soft Parameter Sharing,57,135,0,230,0.1,67.03539215399313,0.5,9,8,154,26.59999999999996
Branin-Fav,Soft Parameter Sharing,57,136,0,180,0.1,71.2190624827967,0.5,10,8,155,26.499999999999957
Branin-Fav,Soft Parameter Sharing,57,137,0,283,0.1,63.76467729606195,0.5,11,8,156,26.399999999999956
Branin-Fav,Soft Parameter Sharing,57,138,0,175,0.1,72.3216413622426,0.5,12,8,157,26.299999999999955
Branin-Fav,Soft Parameter Sharing,57,139,0,129,0.1,70.6901714351439,0.5,13,8,158,26.199999999999953
Branin-Fav,Soft Parameter Sharing,57,140,0,473,0.1,68.19652673919283,0.5,14,8,159,26.09999999999995
Branin-Fav,Soft Parameter Sharing,57,141,0,234,0.1,71.17411391218202,0.5,15,8,160,25.99999999999995
Branin-Fav,Soft Parameter Sharing,57,142,0,580,0.1,67.18647332867164,0.5,16,8,161,25.89999999999995
Branin-Fav,Soft Parameter Sharing,57,143,0,235,0.1,70.4226470980032,0.5,17,8,162,25.799999999999947
Branin-Fav,Soft Parameter Sharing,57,144,0,130,0.1,67.1948622082802,0.5,18,8,163,25.699999999999946
Branin-Fav,Soft Parameter Sharing,57,145,0,274,0.1,60.40535575477836,0.5,19,8,164,25.599999999999945
Branin-Fav,Soft Parameter Sharing,57,146,0,373,0.1,71.49797532202203,0.5,20,8,165,25.499999999999943
Branin-Fav,Soft Parameter Sharing,57,147,1,599,1.0,16.051517419133617,0.5,0,9,165,24.499999999999943
Branin-Fav,Soft Parameter Sharing,57,148,0,678,0.1,58.801017463869286,0.5,1,9,166,24.39999999999994
Branin-Fav,Soft Parameter Sharing,57,149,0,232,0.1,66.64489075195974,0.5,2,9,167,24.29999999999994
Branin-Fav,Soft Parameter Sharing,57,150,0,97,0.1,65.48461425404017,0.5,3,9,168,24.19999999999994
Branin-Fav,Soft Parameter Sharing,57,151,0,224,0.1,65.19807558766487,0.5,4,9,169,24.099999999999937
Branin-Fav,Soft Parameter Sharing,57,152,0,384,0.1,68.89020044265443,0.5,5,9,170,23.999999999999936
Branin-Fav,Soft Parameter Sharing,57,153,0,323,0.1,63.211067837716875,0.5,6,9,171,23.899999999999935
Branin-Fav,Soft Parameter Sharing,57,154,0,127,0.1,63.65919147351303,0.5,7,9,172,23.799999999999933
Branin-Fav,Soft Parameter Sharing,57,155,0,532,0.1,64.05044216204504,0.5,8,9,173,23.699999999999932
Branin-Fav,Soft Parameter Sharing,57,156,0,128,0.1,68.3199676506953,0.5,9,9,174,23.59999999999993
Branin-Fav,Soft Parameter Sharing,57,157,0,723,0.1,65.63695131989346,0.5,10,9,175,23.49999999999993
Branin-Fav,Soft Parameter Sharing,57,158,0,572,0.1,63.862684418704745,0.5,11,9,176,23.399999999999928
Branin-Fav,Soft Parameter Sharing,57,159,0,47,0.1,62.364605909896234,0.5,12,9,177,23.299999999999926
Branin-Fav,Soft Parameter Sharing,57,160,0,147,0.1,60.267431397047574,0.5,13,9,178,23.199999999999925
Branin-Fav,Soft Parameter Sharing,57,161,0,34,0.1,65.65009517527929,0.5,14,9,179,23.099999999999923
Branin-Fav,Soft Parameter Sharing,57,162,0,46,0.1,58.77827156108932,0.5,15,9,180,22.999999999999922
Branin-Fav,Soft Parameter Sharing,57,163,0,335,0.1,66.75221940618951,0.5,16,9,181,22.89999999999992
Branin-Fav,Soft Parameter Sharing,57,164,0,197,0.1,56.793592011151674,0.5,17,9,182,22.79999999999992
Branin-Fav,Soft Parameter Sharing,57,165,0,181,0.1,57.36280547736533,0.5,18,9,183,22.699999999999918
Branin-Fav,Soft Parameter Sharing,57,166,0,126,0.1,60.68154787469,0.5,19,9,184,22.599999999999916
Branin-Fav,Soft Parameter Sharing,57,167,0,182,0.1,61.426760284592476,0.5,20,9,185,22.499999999999915
Branin-Fav,Soft Parameter Sharing,57,168,1,799,1.0,15.011772249970756,0.5,0,10,185,21.499999999999915
Branin-Fav,Soft Parameter Sharing,57,169,0,45,0.1,56.266041434071866,0.5,1,10,186,21.399999999999913
Branin-Fav,Soft Parameter Sharing,57,170,0,247,0.1,56.114659233735935,0.5,2,10,187,21.299999999999912
Branin-Fav,Soft Parameter Sharing,57,171,0,297,0.1,56.934937512228714,0.5,3,10,188,21.19999999999991
Branin-Fav,Soft Parameter Sharing,57,172,0,96,0.1,57.3472369372902,0.5,4,10,189,21.09999999999991
Branin-Fav,Soft Parameter Sharing,57,173,0,76,0.1,61.16694936233057,0.5,5,10,190,20.999999999999908
Branin-Fav,Soft Parameter Sharing,57,174,0,347,0.1,55.8420611969733,0.5,6,10,191,20.899999999999906
Branin-Fav,Soft Parameter Sharing,57,175,0,146,0.1,55.89440992841652,0.5,7,10,192,20.799999999999905
Branin-Fav,Soft Parameter Sharing,57,176,0,29,0.1,60.876481329383566,0.5,8,10,193,20.699999999999903
Branin-Fav,Soft Parameter Sharing,57,177,0,95,0.1,56.74991652230787,0.5,9,10,194,20.599999999999902
Branin-Fav,Soft Parameter Sharing,57,178,0,131,0.1,54.31947258180575,0.5,10,10,195,20.4999999999999
Branin-Fav,Soft Parameter Sharing,57,179,0,196,0.1,58.59065843027324,0.5,11,10,196,20.3999999999999
Branin-Fav,Soft Parameter Sharing,57,180,0,30,0.1,56.529324145681485,0.5,12,10,197,20.299999999999898
Branin-Fav,Soft Parameter Sharing,57,181,0,522,0.1,58.15137029968412,0.5,13,10,198,20.199999999999896
Branin-Fav,Soft Parameter Sharing,57,182,0,125,0.1,57.42783017888133,0.5,14,10,199,20.099999999999895
Branin-Fav,Soft Parameter Sharing,57,183,0,44,0.1,54.59086409730387,0.5,15,10,200,19.999999999999893
Branin-Fav,Soft Parameter Sharing,57,184,0,195,0.1,60.8572077939687,0.5,16,10,201,19.899999999999892
Branin-Fav,Soft Parameter Sharing,57,185,0,184,0.1,63.566786644078555,0.5,17,10,202,19.79999999999989
Branin-Fav,Soft Parameter Sharing,57,186,0,246,0.1,57.90794577972503,0.5,18,10,203,19.69999999999989
Branin-Fav,Soft Parameter Sharing,57,187,0,185,0.1,67.21603368934737,0.5,19,10,204,19.599999999999888
Branin-Fav,Soft Parameter Sharing,57,188,0,183,0.1,60.445498636868834,0.5,20,10,205,19.499999999999886
Branin-Fav,Soft Parameter Sharing,57,189,1,549,1.0,14.440283798041522,0.5,0,11,205,18.499999999999886
Branin-Fav,Soft Parameter Sharing,57,190,0,77,0.1,116.02622795489805,0.99200791703228,1,11,206,18.399999999999885
Branin-Fav,Soft Parameter Sharing,57,191,0,622,0.1,115.36159665750469,0.99200791703228,2,11,207,18.299999999999883
Branin-Fav,Soft Parameter Sharing,57,192,0,773,0.1,107.93194947266855,0.99200791703228,3,11,208,18.199999999999882
Branin-Fav,Soft Parameter Sharing,57,193,0,78,0.1,110.80494861318975,0.99200791703228,4,11,209,18.09999999999988
Branin-Fav,Soft Parameter Sharing,57,194,0,145,0.1,110.52952332766922,0.99200791703228,5,11,210,17.99999999999988
Branin-Fav,Soft Parameter Sharing,57,195,0,134,0.1,119.16155985552419,0.99200791703228,6,11,211,17.899999999999878
Branin-Fav,Soft Parameter Sharing,57,196,0,472,0.1,102.8709971029077,0.99200791703228,7,11,212,17.799999999999876
Branin-Fav,Soft Parameter Sharing,57,197,0,37,0.1,120.57589586587982,0.99200791703228,8,11,213,17.699999999999875
Branin-Fav,Soft Parameter Sharing,57,198,0,132,0.1,102.43622959584044,0.99200791703228,9,11,214,17.599999999999874
Branin-Fav,Soft Parameter Sharing,57,199,0,296,0.1,103.66841895533686,0.99200791703228,10,11,215,17.499999999999872
Branin-Fav,Soft Parameter Sharing,57,200,0,727,0.1,106.46738049516377,0.99200791703228,11,11,216,17.39999999999987
Branin-Fav,Soft Parameter Sharing,57,201,0,80,0.1,115.95103172168454,0.99200791703228,12,11,217,17.29999999999987
Branin-Fav,Soft Parameter Sharing,57,202,0,81,0.1,99.75434390660341,0.99200791703228,13,11,218,17.199999999999868
Branin-Fav,Soft Parameter Sharing,57,203,0,672,0.1,105.79919019484852,0.99200791703228,14,11,219,17.099999999999866
Branin-Fav,Soft Parameter Sharing,57,204,0,273,0.1,104.33841260077622,0.99200791703228,15,11,220,16.999999999999865
Branin-Fav,Soft Parameter Sharing,57,205,0,79,0.1,104.55833901106291,0.99200791703228,16,11,221,16.899999999999864
Branin-Fav,Soft Parameter Sharing,57,206,0,82,0.1,105.60264044487641,0.99200791703228,17,11,222,16.799999999999862
Branin-Fav,Soft Parameter Sharing,57,207,0,28,0.1,98.63152039091393,0.99200791703228,18,11,223,16.69999999999986
Branin-Fav,Soft Parameter Sharing,57,208,0,94,0.1,110.53049050979887,0.99200791703228,19,11,224,16.59999999999986
Branin-Fav,Soft Parameter Sharing,57,209,0,174,0.1,105.25090544559113,0.99200791703228,20,11,225,16.499999999999858
Branin-Fav,Soft Parameter Sharing,57,210,1,749,1.0,13.407261106959172,0.99200791703228,0,12,225,15.499999999999858
Branin-Fav,Soft Parameter Sharing,57,211,0,27,0.1,95.10251481799212,0.99200791703228,1,12,226,15.399999999999858
Branin-Fav,Soft Parameter Sharing,57,212,0,26,0.1,114.20772557245326,0.99200791703228,2,12,227,15.299999999999857
Branin-Fav,Soft Parameter Sharing,57,213,0,2100,0.1,98.16608317653235,0.99200791703228,3,12,228,15.199999999999855
Branin-Fav,Soft Parameter Sharing,57,214,0,722,0.1,100.18475893552828,0.99200791703228,4,12,229,15.099999999999854
Branin-Fav,Soft Parameter Sharing,57,215,0,144,0.1,107.75081256230416,0.99200791703228,5,12,230,14.999999999999853
Branin-Fav,Soft Parameter Sharing,57,216,0,133,0.1,111.67289523319248,0.99200791703228,6,12,231,14.899999999999851
Branin-Fav,Soft Parameter Sharing,57,217,0,43,0.1,106.81889914325542,0.99200791703228,7,12,232,14.79999999999985
Branin-Fav,Soft Parameter Sharing,57,218,0,93,0.1,102.30222391728645,0.99200791703228,8,12,233,14.699999999999848
Branin-Fav,Soft Parameter Sharing,57,219,0,42,0.1,97.51984826331665,0.99200791703228,9,12,234,14.599999999999847
Branin-Fav,Soft Parameter Sharing,57,220,0,397,0.1,98.37377758979936,0.99200791703228,10,12,235,14.499999999999845
Branin-Fav,Soft Parameter Sharing,57,221,0,245,0.1,101.73602005558618,0.99200791703228,11,12,236,14.399999999999844
Branin-Fav,Soft Parameter Sharing,57,222,0,581,0.1,92.12629069111206,0.99200791703228,12,12,237,14.299999999999843
Branin-Fav,Soft Parameter Sharing,57,223,0,776,0.1,95.31486633134827,0.99200791703228,13,12,238,14.199999999999841
Branin-Fav,Soft Parameter Sharing,57,224,0,434,0.1,93.59739271673874,0.99200791703228,14,12,239,14.09999999999984
Branin-Fav,Soft Parameter Sharing,57,225,0,236,0.1,100.28543405615711,0.99200791703228,15,12,240,13.999999999999838
Branin-Fav,Soft Parameter Sharing,57,226,0,346,0.1,96.05262998373351,0.99200791703228,16,12,241,13.899999999999837
Branin-Fav,Soft Parameter Sharing,57,227,0,498,0.1,96.20837882775642,0.99200791703228,17,12,242,13.799999999999836
Branin-Fav,Soft Parameter Sharing,57,228,0,286,0.1,92.15153130186644,0.99200791703228,18,12,243,13.699999999999834
Branin-Fav,Soft Parameter Sharing,57,229,0,336,0.1,95.93361382715231,0.99200791703228,19,12,244,13.599999999999833
Branin-Fav,Soft Parameter Sharing,57,230,0,75,0.1,95.90197604041823,0.99200791703228,20,12,245,13.499999999999831
Branin-Fav,Soft Parameter Sharing,57,231,1,449,1.0,11.976510208978667,0.99200791703228,0,13,245,12.49999999999983
Branin-Fav,Soft Parameter Sharing,57,232,0,772,0.1,85.74743817599295,0.9550080927607352,1,13,246,12.39999999999983
Branin-Fav,Soft Parameter Sharing,57,233,0,823,0.1,92.75897794254047,0.9550080927607352,2,13,247,12.299999999999828
Branin-Fav,Soft Parameter Sharing,57,234,0,194,0.1,85.20477340464399,0.9550080927607352,3,13,248,12.199999999999827
Branin-Fav,Soft Parameter Sharing,57,235,0,295,0.1,87.81747070461999,0.9550080927607352,4,13,249,12.099999999999826
Branin-Fav,Soft Parameter Sharing,57,236,0,83,0.1,91.29083736937548,0.9550080927607352,5,13,250,11.999999999999824
Branin-Fav,Soft Parameter Sharing,57,237,0,822,0.1,91.94005177584657,0.9550080927607352,6,13,251,11.899999999999823
Branin-Fav,Soft Parameter Sharing,57,238,0,728,0.1,88.31746408907411,0.9550080927607352,7,13,252,11.799999999999821
Branin-Fav,Soft Parameter Sharing,57,239,0,84,0.1,88.22025140653872,0.9550080927607352,8,13,253,11.69999999999982
Branin-Fav,Soft Parameter Sharing,57,240,0,124,0.1,85.81184993603081,0.9550080927607352,9,13,254,11.599999999999818
Branin-Fav,Soft Parameter Sharing,57,241,0,143,0.1,85.99553317512509,0.9550080927607352,10,13,255,11.499999999999817
Branin-Fav,Soft Parameter Sharing,57,242,0,679,0.1,84.26650283778659,0.9550080927607352,11,13,256,11.399999999999816
Branin-Fav,Soft Parameter Sharing,57,243,0,24,0.1,92.18609654305966,0.9550080927607352,12,13,257,11.299999999999814
Branin-Fav,Soft Parameter Sharing,57,244,0,771,0.1,84.05074444565362,0.9550080927607352,13,13,258,11.199999999999813
Branin-Fav,Soft Parameter Sharing,57,245,0,533,0.1,92.50169812432235,0.9550080927607352,14,13,259,11.099999999999811
Branin-Fav,Soft Parameter Sharing,57,246,0,244,0.1,86.01051231384596,0.9550080927607352,15,13,260,10.99999999999981
Branin-Fav,Soft Parameter Sharing,57,247,0,33,0.1,82.15008197810626,0.9550080927607352,16,13,261,10.899999999999809
Branin-Fav,Soft Parameter Sharing,57,248,0,447,0.1,80.00254319659065,0.9550080927607352,17,13,262,10.799999999999807
Branin-Fav,Soft Parameter Sharing,57,249,0,396,0.1,78.18641192434397,0.9550080927607352,18,13,263,10.699999999999806
Branin-Fav,Soft Parameter Sharing,57,250,0,74,0.1,88.28253411139653,0.9550080927607352,19,13,264,10.599999999999804
Branin-Fav,Soft Parameter Sharing,57,251,0,345,0.1,87.46948514347696,0.9550080927607352,20,13,265,10.499999999999803
Branin-Fav,Soft Parameter Sharing,57,252,1,899,1.0,11.76650870671257,0.9550080927607352,0,14,265,9.499999999999801
Branin-Fav,Soft Parameter Sharing,57,253,0,548,0.1,90.64267958460812,0.9550080927607352,1,14,266,9.399999999999801
Branin-Fav,Soft Parameter Sharing,57,254,0,41,0.1,79.45829613868561,0.9550080927607352,2,14,267,9.2999999999998
Branin-Fav,Soft Parameter Sharing,57,255,0,777,0.1,86.26219519286082,0.9550080927607352,3,14,268,9.199999999999799
Branin-Fav,Soft Parameter Sharing,57,256,0,825,0.1,83.23774165381518,0.9550080927607352,4,14,269,9.099999999999797
Branin-Fav,Soft Parameter Sharing,57,257,0,873,0.1,88.23136155475548,0.9550080927607352,5,14,270,8.999999999999796
Branin-Fav,Soft Parameter Sharing,57,258,0,36,0.1,93.39701589149198,0.9550080927607352,6,14,271,8.899999999999794
Branin-Fav,Soft Parameter Sharing,57,259,0,35,0.1,77.52059341432968,0.9550080927607352,7,14,272,8.799999999999793
Branin-Fav,Soft Parameter Sharing,57,260,0,40,0.1,88.36511295023766,0.9550080927607352,8,14,273,8.699999999999791
Branin-Fav,Soft Parameter Sharing,57,261,0,874,0.1,90.94098134109105,0.9550080927607352,9,14,274,8.59999999999979
Branin-Fav,Soft Parameter Sharing,57,262,0,294,0.1,78.94001679309591,0.9550080927607352,10,14,275,8.499999999999789
Branin-Fav,Soft Parameter Sharing,57,263,0,872,0.1,83.13415924751311,0.9550080927607352,11,14,276,8.399999999999787
Branin-Fav,Soft Parameter Sharing,57,264,0,422,0.1,78.6996248966291,0.9550080927607352,12,14,277,8.299999999999786
Branin-Fav,Soft Parameter Sharing,57,265,0,721,0.1,77.98165945843107,0.9550080927607352,13,14,278,8.199999999999784
Branin-Fav,Soft Parameter Sharing,57,266,0,631,0.1,77.30667801918179,0.9550080927607352,14,14,279,8.099999999999783
Branin-Fav,Soft Parameter Sharing,57,267,0,142,0.1,74.42987417398426,0.9550080927607352,15,14,280,7.9999999999997815
Branin-Fav,Soft Parameter Sharing,57,268,0,372,0.1,76.76253000059401,0.9550080927607352,16,14,281,7.89999999999978
Branin-Fav,Soft Parameter Sharing,57,269,0,826,0.1,74.91283492436274,0.9550080927607352,17,14,282,7.799999999999779
Branin-Fav,Soft Parameter Sharing,57,270,0,193,0.1,81.1259697683069,0.9550080927607352,18,14,283,7.699999999999777
Branin-Fav,Soft Parameter Sharing,57,271,0,621,0.1,76.5946975736063,0.9550080927607352,19,14,284,7.599999999999776
Branin-Fav,Soft Parameter Sharing,57,272,0,497,0.1,75.49315939582762,0.9550080927607352,20,14,285,7.499999999999774
Branin-Fav,Soft Parameter Sharing,57,273,1,949,1.0,11.063587462977397,0.9550080927607352,0,15,285,6.499999999999773
Branin-Fav,Soft Parameter Sharing,57,274,0,243,0.1,85.96996720046616,0.9550080927607352,1,15,286,6.399999999999773
Branin-Fav,Soft Parameter Sharing,57,275,0,582,0.1,81.35718283123187,0.9550080927607352,2,15,287,6.299999999999772
Branin-Fav,Soft Parameter Sharing,57,276,0,446,0.1,80.64381091810851,0.9550080927607352,3,15,288,6.19999999999977
Branin-Fav,Soft Parameter Sharing,57,277,0,192,0.1,74.92235263661865,0.9550080927607352,4,15,289,6.099999999999769
Branin-Fav,Soft Parameter Sharing,57,278,0,680,0.1,71.8039422127261,0.9550080927607352,5,15,290,5.999999999999767
Branin-Fav,Soft Parameter Sharing,57,279,0,135,0.1,76.8246432184795,0.9550080927607352,6,15,291,5.899999999999766
Branin-Fav,Soft Parameter Sharing,57,280,0,821,0.1,75.2914417313971,0.9550080927607352,7,15,292,5.7999999999997645
Branin-Fav,Soft Parameter Sharing,57,281,0,871,0.1,74.1405949893586,0.9550080927607352,8,15,293,5.699999999999763
Branin-Fav,Soft Parameter Sharing,57,282,0,395,0.1,79.38842344896926,0.9550080927607352,9,15,294,5.599999999999762
Branin-Fav,Soft Parameter Sharing,57,283,0,186,0.1,87.55362647154224,0.9550080927607352,10,15,295,5.49999999999976
Branin-Fav,Soft Parameter Sharing,57,284,0,223,0.1,81.55170101562587,0.9550080927607352,11,15,296,5.399999999999759
Branin-Fav,Soft Parameter Sharing,57,285,0,344,0.1,74.70100231988,0.9550080927607352,12,15,297,5.299999999999757
Branin-Fav,Soft Parameter Sharing,57,286,0,293,0.1,76.42708753149962,0.9550080927607352,13,15,298,5.199999999999756
Branin-Fav,Soft Parameter Sharing,57,287,0,729,0.1,69.24055248253178,0.9550080927607352,14,15,299,5.0999999999997545
Branin-Fav,Soft Parameter Sharing,57,288,0,242,0.1,74.2748954065323,0.9550080927607352,15,15,300,4.999999999999753
Branin-Fav,Soft Parameter Sharing,57,289,0,571,0.1,75.24002061780293,0.9550080927607352,16,15,301,4.899999999999752
Branin-Fav,Soft Parameter Sharing,57,290,0,85,0.1,70.1663200798982,0.9550080927607352,17,15,302,4.79999999999975
Branin-Fav,Soft Parameter Sharing,57,291,0,343,0.1,68.96072809486559,0.9550080927607352,18,15,303,4.699999999999749
Branin-Fav,Soft Parameter Sharing,57,292,0,394,0.1,68.20961830010776,0.9550080927607352,19,15,304,4.599999999999747
Branin-Fav,Soft Parameter Sharing,57,293,0,445,0.1,67.52309064978614,0.9550080927607352,20,15,305,4.499999999999746
Branin-Fav,Soft Parameter Sharing,57,294,1,49,1.0,11.407574887641454,0.9550080927607352,0,16,305,3.499999999999744
Branin-Fav,Soft Parameter Sharing,57,295,0,922,0.1,43.193494276005225,0.6389304453222074,1,16,306,3.399999999999744
Branin-Fav,Soft Parameter Sharing,57,296,0,921,0.1,45.68864614276187,0.6389304453222074,2,16,307,3.2999999999997427
Branin-Fav,Soft Parameter Sharing,57,297,0,173,0.1,48.57094916689961,0.6389304453222074,3,16,308,3.1999999999997413
Branin-Fav,Soft Parameter Sharing,57,298,0,521,0.1,46.08429116040902,0.6389304453222074,4,16,309,3.09999999999974
Branin-Fav,Soft Parameter Sharing,57,299,0,292,0.1,45.88657052606519,0.6389304453222074,5,16,310,2.9999999999997384
Branin-Fav,Soft Parameter Sharing,57,300,0,496,0.1,45.0343322067202,0.6389304453222074,6,16,311,2.899999999999737
Branin-Fav,Soft Parameter Sharing,57,301,0,875,0.1,49.43407485306676,0.6389304453222074,7,16,312,2.7999999999997356
Branin-Fav,Soft Parameter Sharing,57,302,0,471,0.1,46.879319315212484,0.6389304453222074,8,16,313,2.699999999999734
Branin-Fav,Soft Parameter Sharing,57,303,0,598,0.1,46.23148686035398,0.6389304453222074,9,16,314,2.5999999999997327
Branin-Fav,Soft Parameter Sharing,57,304,0,923,0.1,42.57377205582953,0.6389304453222074,10,16,315,2.4999999999997313
Branin-Fav,Soft Parameter Sharing,57,305,0,547,0.1,48.944949442202955,0.6389304453222074,11,16,316,2.39999999999973
Branin-Fav,Soft Parameter Sharing,57,306,0,546,0.1,38.29446821836951,0.6389304453222074,12,16,317,2.2999999999997285
Branin-Fav,Soft Parameter Sharing,57,307,0,2050,0.1,43.63819209122385,0.6389304453222074,13,16,318,2.199999999999727
Branin-Fav,Soft Parameter Sharing,57,308,0,322,0.1,42.85743680624632,0.6389304453222074,14,16,319,2.0999999999997256
Branin-Fav,Soft Parameter Sharing,57,309,0,770,0.1,46.60746057188258,0.6389304453222074,15,16,320,1.9999999999997242
Branin-Fav,Soft Parameter Sharing,57,310,0,924,0.1,44.778693182708736,0.6389304453222074,16,16,321,1.8999999999997228
Branin-Fav,Soft Parameter Sharing,57,311,0,141,0.1,42.37240348195215,0.6389304453222074,17,16,322,1.7999999999997214
Branin-Fav,Soft Parameter Sharing,57,312,0,91,0.1,46.95023787905214,0.6389304453222074,18,16,323,1.69999999999972
Branin-Fav,Soft Parameter Sharing,57,313,0,597,0.1,40.39062330975843,0.6389304453222074,19,16,324,1.5999999999997185
Branin-Fav,Soft Parameter Sharing,57,314,0,484,0.1,50.536832814934506,0.6389304453222074,20,16,325,1.4999999999997171
Branin-Fav,Soft Parameter Sharing,57,315,1,399,1.0,10.177950903537985,0.6389304453222074,0,17,325,0.4999999999997158
Branin-Fav,Soft Parameter Sharing,57,316,0,86,0.1,45.1764598464178,0.6699366798648189,1,17,326,0.3999999999997158
Branin-Fav,Soft Parameter Sharing,57,317,0,444,0.1,43.69904114490154,0.6699366798648189,2,17,327,0.2999999999997144
Branin-Fav,Soft Parameter Sharing,57,318,0,421,0.1,45.147744005988905,0.6699366798648189,3,17,328,0.19999999999971294
Branin-Fav,Soft Parameter Sharing,57,319,0,435,0.1,48.179626620975945,0.6699366798648189,4,17,329,0.09999999999971151
Branin-Fav,Soft Parameter Sharing,58,1,0,44,0.1,131.9522140981467,0.5,1,2,26,45.4
Branin-Fav,Soft Parameter Sharing,58,2,0,434,0.1,130.34891549405643,0.5,2,2,27,45.3
Branin-Fav,Soft Parameter Sharing,58,3,0,530,0.1,116.35423036391678,0.5,3,2,28,45.199999999999996
Branin-Fav,Soft Parameter Sharing,58,4,0,728,0.1,118.7075804370114,0.5,4,2,29,45.1
Branin-Fav,Soft Parameter Sharing,58,5,0,49,0.1,123.00288724826667,0.5,5,2,30,45.0
Branin-Fav,Soft Parameter Sharing,58,6,0,349,0.1,111.95690184510292,0.5,6,2,31,44.9
Branin-Fav,Soft Parameter Sharing,58,7,0,971,0.1,113.1015966866551,0.5,7,2,32,44.800000000000004
Branin-Fav,Soft Parameter Sharing,58,8,0,299,0.1,119.59855237034938,0.5,8,2,33,44.7
Branin-Fav,Soft Parameter Sharing,58,9,0,249,0.1,112.31973912659963,0.5,9,2,34,44.6
Branin-Fav,Soft Parameter Sharing,58,10,0,339,0.1,109.56166120491237,0.5,10,2,35,44.5
Branin-Fav,Soft Parameter Sharing,58,11,0,149,0.1,106.79643998858342,0.5,11,2,36,44.4
Branin-Fav,Soft Parameter Sharing,58,12,0,99,0.1,106.77183351791865,0.5,12,2,37,44.300000000000004
Branin-Fav,Soft Parameter Sharing,58,13,0,199,0.1,105.5190735920769,0.5,13,2,38,44.2
Branin-Fav,Soft Parameter Sharing,58,14,0,148,0.1,104.1469866270535,0.5,14,2,39,44.1
Branin-Fav,Soft Parameter Sharing,58,15,0,399,0.1,99.83041552356242,0.5,15,2,40,44.00000000000001
Branin-Fav,Soft Parameter Sharing,58,16,0,48,0.1,100.49165666654419,0.5,16,2,41,43.900000000000006
Branin-Fav,Soft Parameter Sharing,58,17,0,633,0.1,111.47808524100473,0.5,17,2,42,43.800000000000004
Branin-Fav,Soft Parameter Sharing,58,18,0,449,0.1,99.47210787206518,0.5,18,2,43,43.7
Branin-Fav,Soft Parameter Sharing,58,19,0,40,0.1,98.06542042239722,0.5,19,2,44,43.6
Branin-Fav,Soft Parameter Sharing,58,20,0,298,0.1,98.08015987698117,0.5,20,2,45,43.50000000000001
Branin-Fav,Soft Parameter Sharing,58,21,1,2150,1.0,38.606806542935175,0.5,0,3,45,42.50000000000001
Branin-Fav,Soft Parameter Sharing,58,22,0,248,0.1,93.89297413863633,0.5,1,3,46,42.400000000000006
Branin-Fav,Soft Parameter Sharing,58,23,0,198,0.1,94.08396506102515,0.5,2,3,47,42.300000000000004
Branin-Fav,Soft Parameter Sharing,58,24,0,724,0.1,99.49791829228008,0.5,3,3,48,42.20000000000001
Branin-Fav,Soft Parameter Sharing,58,25,0,348,0.1,92.82929167253522,0.5,4,3,49,42.10000000000001
Branin-Fav,Soft Parameter Sharing,58,26,0,98,0.1,92.71809125069343,0.5,5,3,50,42.00000000000001
Branin-Fav,Soft Parameter Sharing,58,27,0,499,0.1,91.78680115795565,0.5,6,3,51,41.900000000000006
Branin-Fav,Soft Parameter Sharing,58,28,0,147,0.1,89.0883253672649,0.5,7,3,52,41.800000000000004
Branin-Fav,Soft Parameter Sharing,58,29,0,824,0.1,90.42803458121973,0.5,8,3,53,41.70000000000001
Branin-Fav,Soft Parameter Sharing,58,30,0,2300,0.1,96.4261239933407,0.5,9,3,54,41.60000000000001
Branin-Fav,Soft Parameter Sharing,58,31,0,435,0.1,92.7583132570245,0.5,10,3,55,41.50000000000001
Branin-Fav,Soft Parameter Sharing,58,32,0,924,0.1,91.49492466515262,0.5,11,3,56,41.40000000000001
Branin-Fav,Soft Parameter Sharing,58,33,0,197,0.1,85.90550526231931,0.5,12,3,57,41.30000000000001
Branin-Fav,Soft Parameter Sharing,58,34,0,247,0.1,85.1808493752676,0.5,13,3,58,41.20000000000001
Branin-Fav,Soft Parameter Sharing,58,35,0,398,0.1,86.92349082289702,0.5,14,3,59,41.10000000000001
Branin-Fav,Soft Parameter Sharing,58,36,0,448,0.1,84.39871588657867,0.5,15,3,60,41.00000000000001
Branin-Fav,Soft Parameter Sharing,58,37,0,297,0.1,84.1497767104599,0.5,16,3,61,40.90000000000001
Branin-Fav,Soft Parameter Sharing,58,38,0,347,0.1,82.89089518643306,0.5,17,3,62,40.80000000000001
Branin-Fav,Soft Parameter Sharing,58,39,0,549,0.1,83.77188083812308,0.5,18,3,63,40.70000000000001
Branin-Fav,Soft Parameter Sharing,58,40,0,296,0.1,82.66834339210436,0.5,19,3,64,40.600000000000016
Branin-Fav,Soft Parameter Sharing,58,41,0,47,0.1,83.11230762282666,0.5,20,3,65,40.500000000000014
Branin-Fav,Soft Parameter Sharing,58,42,1,0,1.0,49.550419927057895,0.5,0,4,65,39.500000000000014
Branin-Fav,Soft Parameter Sharing,58,43,0,244,0.1,116.80115633398238,0.5,1,4,66,39.40000000000001
Branin-Fav,Soft Parameter Sharing,58,44,0,336,0.1,117.62265752063517,0.5,2,4,67,39.30000000000001
Branin-Fav,Soft Parameter Sharing,58,45,0,285,0.1,113.17438755760452,0.5,3,4,68,39.20000000000001
Branin-Fav,Soft Parameter Sharing,58,46,0,440,0.1,113.15487066072879,0.5,4,4,69,39.100000000000016
Branin-Fav,Soft Parameter Sharing,58,47,0,295,0.1,108.00956542595753,0.5,5,4,70,39.000000000000014
Branin-Fav,Soft Parameter Sharing,58,48,0,2050,0.1,107.63756927053056,0.5,6,4,71,38.90000000000001
Branin-Fav,Soft Parameter Sharing,58,49,0,341,0.1,108.58642599681419,0.5,7,4,72,38.80000000000002
Branin-Fav,Soft Parameter Sharing,58,50,1,2499,1.0,118.90420195180599,0.5,0,5,72,37.80000000000002
Branin-Fav,Soft Parameter Sharing,58,51,0,346,0.1,106.32020578852402,0.5,1,5,73,37.70000000000002
Branin-Fav,Soft Parameter Sharing,58,52,0,389,0.1,103.09289578063996,0.5,2,5,74,37.600000000000016
Branin-Fav,Soft Parameter Sharing,58,53,0,45,0.1,107.06513126190914,0.5,3,5,75,37.500000000000014
Branin-Fav,Soft Parameter Sharing,58,54,0,246,0.1,101.21087010665815,0.5,4,5,76,37.40000000000001
Branin-Fav,Soft Parameter Sharing,58,55,0,345,0.1,101.40129750743498,0.5,5,5,77,37.30000000000002
Branin-Fav,Soft Parameter Sharing,58,56,0,539,0.1,101.46609518326865,0.5,6,5,78,37.20000000000002
Branin-Fav,Soft Parameter Sharing,58,57,0,36,0.1,101.16821827992818,0.5,7,5,79,37.100000000000016
Branin-Fav,Soft Parameter Sharing,58,58,0,498,0.1,98.69914204953716,0.5,8,5,80,37.00000000000002
Branin-Fav,Soft Parameter Sharing,58,59,0,443,0.1,99.48228678928014,0.5,9,5,81,36.90000000000002
Branin-Fav,Soft Parameter Sharing,58,60,0,394,0.1,99.27814318273384,0.5,10,5,82,36.80000000000002
Branin-Fav,Soft Parameter Sharing,58,61,0,46,0.1,98.63727566859917,0.5,11,5,83,36.70000000000002
Branin-Fav,Soft Parameter Sharing,58,62,0,195,0.1,98.23584695952833,0.5,12,5,84,36.600000000000016
Branin-Fav,Soft Parameter Sharing,58,63,0,96,0.1,99.3743062870512,0.5,13,5,85,36.50000000000002
Branin-Fav,Soft Parameter Sharing,58,64,0,97,0.1,95.48138344163515,0.5,14,5,86,36.40000000000002
Branin-Fav,Soft Parameter Sharing,58,65,0,342,0.1,96.18140203912371,0.5,15,5,87,36.30000000000002
Branin-Fav,Soft Parameter Sharing,58,66,0,397,0.1,93.14301492554407,0.5,16,5,88,36.200000000000024
Branin-Fav,Soft Parameter Sharing,58,67,0,396,0.1,95.6838058939486,0.5,17,5,89,36.10000000000002
Branin-Fav,Soft Parameter Sharing,58,68,0,146,0.1,97.09457658889004,0.5,18,5,90,36.00000000000002
Branin-Fav,Soft Parameter Sharing,58,69,0,95,0.1,94.65704114588608,0.5,19,5,91,35.90000000000002
Branin-Fav,Soft Parameter Sharing,58,70,0,196,0.1,93.35523167923334,0.5,20,5,92,35.80000000000002
Branin-Fav,Soft Parameter Sharing,58,71,1,399,1.0,64.25605627467459,0.5,0,6,92,34.800000000000026
Branin-Fav,Soft Parameter Sharing,58,72,0,395,0.1,94.12703423154748,0.5,1,6,93,34.700000000000024
Branin-Fav,Soft Parameter Sharing,58,73,0,344,0.1,93.90722811230584,0.5,2,6,94,34.60000000000002
Branin-Fav,Soft Parameter Sharing,58,74,0,145,0.1,90.10690397821027,0.5,3,6,95,34.50000000000002
Branin-Fav,Soft Parameter Sharing,58,75,0,490,0.1,92.8195811181302,0.5,4,6,96,34.40000000000003
Branin-Fav,Soft Parameter Sharing,58,76,0,245,0.1,88.68767443788815,0.5,5,6,97,34.300000000000026
Branin-Fav,Soft Parameter Sharing,58,77,0,294,0.1,87.09311731171223,0.5,6,6,98,34.200000000000024
Branin-Fav,Soft Parameter Sharing,58,78,0,41,0.1,93.62863751620277,0.5,7,6,99,34.10000000000002
Branin-Fav,Soft Parameter Sharing,58,79,0,43,0.1,86.55598478033279,0.5,8,6,100,34.00000000000002
Branin-Fav,Soft Parameter Sharing,58,80,0,194,0.1,87.93607922282689,0.5,9,6,101,33.90000000000003
Branin-Fav,Soft Parameter Sharing,58,81,0,144,0.1,85.7594754384849,0.5,10,6,102,33.800000000000026
Branin-Fav,Soft Parameter Sharing,58,82,0,447,0.1,85.50084795531741,0.5,11,6,103,33.700000000000024
Branin-Fav,Soft Parameter Sharing,58,83,0,446,0.1,85.65771336741912,0.5,12,6,104,33.60000000000002
Branin-Fav,Soft Parameter Sharing,58,84,0,94,0.1,87.60071663297242,0.5,13,6,105,33.50000000000002
Branin-Fav,Soft Parameter Sharing,58,85,0,548,0.1,86.35286431798178,0.5,14,6,106,33.40000000000002
Branin-Fav,Soft Parameter Sharing,58,86,0,391,0.1,89.45245587012711,0.5,15,6,107,33.30000000000002
Branin-Fav,Soft Parameter Sharing,58,87,0,42,0.1,84.97495271138541,0.5,16,6,108,33.20000000000002
Branin-Fav,Soft Parameter Sharing,58,88,0,343,0.1,84.6016279495727,0.5,17,6,109,33.100000000000016
Branin-Fav,Soft Parameter Sharing,58,89,0,390,0.1,83.19841430149694,0.5,18,6,110,33.000000000000014
Branin-Fav,Soft Parameter Sharing,58,90,0,293,0.1,81.89313158441561,0.5,19,6,111,32.90000000000001
Branin-Fav,Soft Parameter Sharing,58,91,0,393,0.1,81.11798568005064,0.5,20,6,112,32.80000000000001
Branin-Fav,Soft Parameter Sharing,58,92,1,599,1.0,24.5397012231856,0.5,0,7,112,31.80000000000001
Branin-Fav,Soft Parameter Sharing,58,93,0,93,0.1,82.9499351847463,0.5,1,7,113,31.70000000000001
Branin-Fav,Soft Parameter Sharing,58,94,0,143,0.1,78.54687628901156,0.5,2,7,114,31.60000000000001
Branin-Fav,Soft Parameter Sharing,58,95,0,497,0.1,78.8555376339078,0.5,3,7,115,31.500000000000007
Branin-Fav,Soft Parameter Sharing,58,96,0,193,0.1,76.55818385871402,0.5,4,7,116,31.400000000000006
Branin-Fav,Soft Parameter Sharing,58,97,0,243,0.1,77.00663132692067,0.5,5,7,117,31.300000000000004
Branin-Fav,Soft Parameter Sharing,58,98,0,445,0.1,77.7041987863738,0.5,6,7,118,31.200000000000003
Branin-Fav,Soft Parameter Sharing,58,99,0,292,0.1,76.73725702569794,0.5,7,7,119,31.1
Branin-Fav,Soft Parameter Sharing,58,100,0,598,0.1,75.16428291812706,0.5,8,7,120,31.0
Branin-Fav,Soft Parameter Sharing,58,101,0,392,0.1,76.75286464989844,0.5,9,7,121,30.9
Branin-Fav,Soft Parameter Sharing,58,102,0,39,0.1,85.3081458990503,0.5,10,7,122,30.799999999999997
Branin-Fav,Soft Parameter Sharing,58,103,0,1950,0.1,74.94432368034697,0.5,11,7,123,30.699999999999996
Branin-Fav,Soft Parameter Sharing,58,104,0,242,0.1,71.77956695747149,0.5,12,7,124,30.599999999999994
Branin-Fav,Soft Parameter Sharing,58,105,0,442,0.1,73.5137810096405,0.5,13,7,125,30.499999999999993
Branin-Fav,Soft Parameter Sharing,58,106,0,192,0.1,72.95974714623398,0.5,14,7,126,30.39999999999999
Branin-Fav,Soft Parameter Sharing,58,107,0,444,0.1,73.02643081626947,0.5,15,7,127,30.29999999999999
Branin-Fav,Soft Parameter Sharing,58,108,0,92,0.1,72.44919321072845,0.5,16,7,128,30.19999999999999
Branin-Fav,Soft Parameter Sharing,58,109,0,780,0.1,72.09893905691581,0.5,17,7,129,30.099999999999987
Branin-Fav,Soft Parameter Sharing,58,110,0,142,0.1,72.12706332437554,0.5,18,7,130,29.999999999999986
Branin-Fav,Soft Parameter Sharing,58,111,0,441,0.1,68.7870261190627,0.5,19,7,131,29.899999999999984
Branin-Fav,Soft Parameter Sharing,58,112,0,493,0.1,70.80230426581808,0.5,20,7,132,29.799999999999983
Branin-Fav,Soft Parameter Sharing,58,113,1,649,1.0,21.97243368530272,0.5,0,8,132,28.799999999999983
Branin-Fav,Soft Parameter Sharing,58,114,0,496,0.1,69.64427523473414,0.5,1,8,133,28.69999999999998
Branin-Fav,Soft Parameter Sharing,58,115,0,291,0.1,67.66277523366978,0.5,2,8,134,28.59999999999998
Branin-Fav,Soft Parameter Sharing,58,116,0,340,0.1,67.58439570912496,0.5,3,8,135,28.49999999999998
Branin-Fav,Soft Parameter Sharing,58,117,0,541,0.1,70.49945829934349,0.5,4,8,136,28.399999999999977
Branin-Fav,Soft Parameter Sharing,58,118,0,91,0.1,68.63269686352272,0.5,5,8,137,28.299999999999976
Branin-Fav,Soft Parameter Sharing,58,119,0,491,0.1,68.50788847589521,0.5,6,8,138,28.199999999999974
Branin-Fav,Soft Parameter Sharing,58,120,0,684,0.1,66.41845437299234,0.5,7,8,139,28.099999999999973
Branin-Fav,Soft Parameter Sharing,58,121,0,494,0.1,64.70132721533332,0.5,8,8,140,27.99999999999997
Branin-Fav,Soft Parameter Sharing,58,122,0,547,0.1,64.04100776298814,0.5,9,8,141,27.89999999999997
Branin-Fav,Soft Parameter Sharing,58,123,0,492,0.1,64.40847434089522,0.5,10,8,142,27.79999999999997
Branin-Fav,Soft Parameter Sharing,58,124,0,241,0.1,63.524603977258636,0.5,11,8,143,27.699999999999967
Branin-Fav,Soft Parameter Sharing,58,125,0,191,0.1,62.73903707735192,0.5,12,8,144,27.599999999999966
Branin-Fav,Soft Parameter Sharing,58,126,0,546,0.1,62.50904613163436,0.5,13,8,145,27.499999999999964
Branin-Fav,Soft Parameter Sharing,58,127,0,141,0.1,59.71641921554181,0.5,14,8,146,27.399999999999963
Branin-Fav,Soft Parameter Sharing,58,128,0,439,0.1,60.92017397157344,0.5,15,8,147,27.29999999999996
Branin-Fav,Soft Parameter Sharing,58,129,0,597,0.1,58.79700344667228,0.5,16,8,148,27.19999999999996
Branin-Fav,Soft Parameter Sharing,58,130,0,545,0.1,60.12900970008239,0.5,17,8,149,27.09999999999996
Branin-Fav,Soft Parameter Sharing,58,131,0,544,0.1,57.39248820983292,0.5,18,8,150,26.999999999999957
Branin-Fav,Soft Parameter Sharing,58,132,0,781,0.1,60.580995371637236,0.5,19,8,151,26.899999999999956
Branin-Fav,Soft Parameter Sharing,58,133,0,543,0.1,58.86550295010449,0.5,20,8,152,26.799999999999955
Branin-Fav,Soft Parameter Sharing,58,134,1,449,1.0,19.087319288874106,0.5,0,9,152,25.799999999999955
Branin-Fav,Soft Parameter Sharing,58,135,0,1850,0.1,57.441953436906644,0.5,1,9,153,25.699999999999953
Branin-Fav,Soft Parameter Sharing,58,136,0,596,0.1,56.776648990283945,0.5,2,9,154,25.59999999999995
Branin-Fav,Soft Parameter Sharing,58,137,0,290,0.1,59.03357966271646,0.5,3,9,155,25.49999999999995
Branin-Fav,Soft Parameter Sharing,58,138,0,240,0.1,56.542763837573034,0.5,4,9,156,25.39999999999995
Branin-Fav,Soft Parameter Sharing,58,139,0,542,0.1,57.284544972570735,0.5,5,9,157,25.299999999999947
Branin-Fav,Soft Parameter Sharing,58,140,0,648,0.1,54.56899232415623,0.5,6,9,158,25.199999999999946
Branin-Fav,Soft Parameter Sharing,58,141,0,90,0.1,57.74273914415972,0.5,7,9,159,25.099999999999945
Branin-Fav,Soft Parameter Sharing,58,142,0,783,0.1,57.56061640915506,0.5,8,9,160,24.999999999999943
Branin-Fav,Soft Parameter Sharing,58,143,0,489,0.1,53.5518452410471,0.5,9,9,161,24.89999999999994
Branin-Fav,Soft Parameter Sharing,58,144,0,140,0.1,54.08985566567498,0.5,10,9,162,24.79999999999994
Branin-Fav,Soft Parameter Sharing,58,145,0,190,0.1,54.93145624011522,0.5,11,9,163,24.69999999999994
Branin-Fav,Soft Parameter Sharing,58,146,0,89,0.1,52.31652564103349,0.5,12,9,164,24.599999999999937
Branin-Fav,Soft Parameter Sharing,58,147,0,686,0.1,56.38194496470332,0.5,13,9,165,24.499999999999936
Branin-Fav,Soft Parameter Sharing,58,148,0,699,0.1,59.50295798968666,0.5,14,9,166,24.399999999999935
Branin-Fav,Soft Parameter Sharing,58,149,0,595,0.1,51.7754407052386,0.5,15,9,167,24.299999999999933
Branin-Fav,Soft Parameter Sharing,58,150,0,540,0.1,50.722862664444506,0.5,16,9,168,24.199999999999932
Branin-Fav,Soft Parameter Sharing,58,151,0,488,0.1,49.96846993095101,0.5,17,9,169,24.09999999999993
Branin-Fav,Soft Parameter Sharing,58,152,0,239,0.1,49.522787051577396,0.5,18,9,170,23.99999999999993
Branin-Fav,Soft Parameter Sharing,58,153,0,594,0.1,49.36929512838837,0.5,19,9,171,23.899999999999928
Branin-Fav,Soft Parameter Sharing,58,154,0,647,0.1,49.47064148309879,0.5,20,9,172,23.799999999999926
Branin-Fav,Soft Parameter Sharing,58,155,1,499,1.0,17.961554704132833,0.5,0,10,172,22.799999999999926
Branin-Fav,Soft Parameter Sharing,58,156,0,590,0.1,99.0854004674252,0.9760667479641507,1,10,173,22.699999999999925
Branin-Fav,Soft Parameter Sharing,58,157,0,289,0.1,96.15117525536643,0.9760667479641507,2,10,174,22.599999999999923
Branin-Fav,Soft Parameter Sharing,58,158,0,593,0.1,94.91515307654699,0.9760667479641507,3,10,175,22.499999999999922
Branin-Fav,Soft Parameter Sharing,58,159,0,189,0.1,91.05851527604148,0.9760667479641507,4,10,176,22.39999999999992
Branin-Fav,Soft Parameter Sharing,58,160,0,38,0.1,94.4286588640409,0.9760667479641507,5,10,177,22.29999999999992
Branin-Fav,Soft Parameter Sharing,58,161,0,592,0.1,95.00402071636682,0.9760667479641507,6,10,178,22.199999999999918
Branin-Fav,Soft Parameter Sharing,58,162,0,1700,0.1,94.82488716292887,0.9760667479641507,7,10,179,22.099999999999916
Branin-Fav,Soft Parameter Sharing,58,163,0,139,0.1,91.20579202489229,0.9760667479641507,8,10,180,21.999999999999915
Branin-Fav,Soft Parameter Sharing,58,164,0,438,0.1,87.4934544577378,0.9760667479641507,9,10,181,21.899999999999913
Branin-Fav,Soft Parameter Sharing,58,165,0,591,0.1,92.27451816823174,0.9760667479641507,10,10,182,21.799999999999912
Branin-Fav,Soft Parameter Sharing,58,166,0,679,0.1,90.52089822900761,0.9760667479641507,11,10,183,21.69999999999991
Branin-Fav,Soft Parameter Sharing,58,167,0,727,0.1,101.05955714340813,0.9760667479641507,12,10,184,21.59999999999991
Branin-Fav,Soft Parameter Sharing,58,168,0,732,0.1,91.73754310219957,0.9760667479641507,13,10,185,21.499999999999908
Branin-Fav,Soft Parameter Sharing,58,169,0,589,0.1,94.18518485540642,0.9760667479641507,14,10,186,21.399999999999906
Branin-Fav,Soft Parameter Sharing,58,170,0,588,0.1,87.2921581696378,0.9760667479641507,15,10,187,21.299999999999905
Branin-Fav,Soft Parameter Sharing,58,171,0,877,0.1,90.62770101884726,0.9760667479641507,16,10,188,21.199999999999903
Branin-Fav,Soft Parameter Sharing,58,172,0,388,0.1,85.73832283232018,0.9760667479641507,17,10,189,21.099999999999902
Branin-Fav,Soft Parameter Sharing,58,173,0,538,0.1,82.88901897402347,0.9760667479641507,18,10,190,20.9999999999999
Branin-Fav,Soft Parameter Sharing,58,174,0,437,0.1,87.49824568685163,0.9760667479641507,19,10,191,20.8999999999999
Branin-Fav,Soft Parameter Sharing,58,175,0,338,0.1,80.75276492258405,0.9760667479641507,20,10,192,20.799999999999898
Branin-Fav,Soft Parameter Sharing,58,176,1,549,1.0,16.10704405916428,0.9760667479641507,0,11,192,19.799999999999898
Branin-Fav,Soft Parameter Sharing,58,177,0,646,0.1,75.33154053495551,0.9153325768950415,1,11,193,19.699999999999896
Branin-Fav,Soft Parameter Sharing,58,178,0,830,0.1,92.83535282154662,0.9153325768950415,2,11,194,19.599999999999895
Branin-Fav,Soft Parameter Sharing,58,179,0,645,0.1,75.6433217489817,0.9153325768950415,3,11,195,19.499999999999893
Branin-Fav,Soft Parameter Sharing,58,180,0,638,0.1,75.08465855871921,0.9153325768950415,4,11,196,19.399999999999892
Branin-Fav,Soft Parameter Sharing,58,181,0,749,0.1,101.7356261828449,0.9153325768950415,5,11,197,19.29999999999989
Branin-Fav,Soft Parameter Sharing,58,182,0,698,0.1,73.37851752482928,0.9153325768950415,6,11,198,19.19999999999989
Branin-Fav,Soft Parameter Sharing,58,183,0,88,0.1,81.52093702104696,0.9153325768950415,7,11,199,19.099999999999888
Branin-Fav,Soft Parameter Sharing,58,184,0,644,0.1,75.73703939263027,0.9153325768950415,8,11,200,18.999999999999886
Branin-Fav,Soft Parameter Sharing,58,185,0,643,0.1,73.81627831990465,0.9153325768950415,9,11,201,18.899999999999885
Branin-Fav,Soft Parameter Sharing,58,186,0,782,0.1,81.44898711978908,0.9153325768950415,10,11,202,18.799999999999883
Branin-Fav,Soft Parameter Sharing,58,187,0,138,0.1,70.3794019366402,0.9153325768950415,11,11,203,18.699999999999882
Branin-Fav,Soft Parameter Sharing,58,188,0,697,0.1,72.38428341759266,0.9153325768950415,12,11,204,18.59999999999988
Branin-Fav,Soft Parameter Sharing,58,189,0,825,0.1,90.43094841664316,0.9153325768950415,13,11,205,18.49999999999988
Branin-Fav,Soft Parameter Sharing,58,190,0,642,0.1,71.53053713656415,0.9153325768950415,14,11,206,18.399999999999878
Branin-Fav,Soft Parameter Sharing,58,191,0,748,0.1,76.6699879257509,0.9153325768950415,15,11,207,18.299999999999876
Branin-Fav,Soft Parameter Sharing,58,192,0,37,0.1,74.17180118896309,0.9153325768950415,16,11,208,18.199999999999875
Branin-Fav,Soft Parameter Sharing,58,193,0,879,0.1,81.85560229999413,0.9153325768950415,17,11,209,18.099999999999874
Branin-Fav,Soft Parameter Sharing,58,194,0,829,0.1,74.1280052106926,0.9153325768950415,18,11,210,17.999999999999872
Branin-Fav,Soft Parameter Sharing,58,195,0,641,0.1,69.15028326986952,0.9153325768950415,19,11,211,17.89999999999987
Branin-Fav,Soft Parameter Sharing,58,196,0,831,0.1,81.80652789153841,0.9153325768950415,20,11,212,17.79999999999987
Branin-Fav,Soft Parameter Sharing,58,197,1,699,1.0,14.181315773674841,0.9153325768950415,0,12,212,16.79999999999987
Branin-Fav,Soft Parameter Sharing,58,198,0,1023,0.1,46.04765188434645,0.4368290530696083,1,12,213,16.699999999999868
Branin-Fav,Soft Parameter Sharing,58,199,0,537,0.1,32.747329493013474,0.4368290530696083,2,12,214,16.599999999999866
Branin-Fav,Soft Parameter Sharing,58,200,0,878,0.1,38.14894796670546,0.4368290530696083,3,12,215,16.499999999999865
Branin-Fav,Soft Parameter Sharing,58,201,0,696,0.1,33.171133941019534,0.4368290530696083,4,12,216,16.399999999999864
Branin-Fav,Soft Parameter Sharing,58,202,0,876,0.1,32.98033156722589,0.4368290530696083,5,12,217,16.299999999999862
Branin-Fav,Soft Parameter Sharing,58,203,0,487,0.1,32.60135172941416,0.4368290530696083,6,12,218,16.19999999999986
Branin-Fav,Soft Parameter Sharing,58,204,0,1022,0.1,32.4792141025653,0.4368290530696083,7,12,219,16.09999999999986
Branin-Fav,Soft Parameter Sharing,58,205,0,925,0.1,36.40102754952905,0.4368290530696083,8,12,220,15.99999999999986
Branin-Fav,Soft Parameter Sharing,58,206,0,828,0.1,35.731118499359305,0.4368290530696083,9,12,221,15.899999999999858
Branin-Fav,Soft Parameter Sharing,58,207,0,826,0.1,33.94950547196181,0.4368290530696083,10,12,222,15.799999999999857
Branin-Fav,Soft Parameter Sharing,58,208,0,640,0.1,32.75415237342856,0.4368290530696083,11,12,223,15.699999999999855
Branin-Fav,Soft Parameter Sharing,58,209,0,875,0.1,38.594562365761384,0.4368290530696083,12,12,224,15.599999999999854
Branin-Fav,Soft Parameter Sharing,58,210,0,536,0.1,31.43266584160583,0.4368290530696083,13,12,225,15.499999999999853
Branin-Fav,Soft Parameter Sharing,58,211,0,880,0.1,33.68679265757674,0.4368290530696083,14,12,226,15.399999999999851
Branin-Fav,Soft Parameter Sharing,58,212,0,926,0.1,32.888283261742934,0.4368290530696083,15,12,227,15.29999999999985
Branin-Fav,Soft Parameter Sharing,58,213,0,927,0.1,34.61748289193307,0.4368290530696083,16,12,228,15.199999999999848
Branin-Fav,Soft Parameter Sharing,58,214,0,874,0.1,36.8539722797979,0.4368290530696083,17,12,229,15.099999999999847
Branin-Fav,Soft Parameter Sharing,58,215,0,928,0.1,31.693439675908426,0.4368290530696083,18,12,230,14.999999999999845
Branin-Fav,Soft Parameter Sharing,58,216,0,973,0.1,33.60948367066987,0.4368290530696083,19,12,231,14.899999999999844
Branin-Fav,Soft Parameter Sharing,58,217,0,972,0.1,32.678437735554304,0.4368290530696083,20,12,232,14.799999999999843
Branin-Fav,Soft Parameter Sharing,58,218,1,349,1.0,13.774215818593133,0.4368290530696083,0,13,232,13.79999999999984
Branin-Fav,Soft Parameter Sharing,58,219,1,299,1.0,13.269052728906722,0.1,0,14,232,12.79999999999984
Branin-Fav,Soft Parameter Sharing,58,220,0,923,0.1,29.63966446228187,0.33356196436695396,1,14,233,12.699999999999841
Branin-Fav,Soft Parameter Sharing,58,221,0,974,0.1,25.366968178194348,0.33356196436695396,2,14,234,12.59999999999984
Branin-Fav,Soft Parameter Sharing,58,222,0,975,0.1,27.0282164247139,0.33356196436695396,3,14,235,12.499999999999838
Branin-Fav,Soft Parameter Sharing,58,223,0,775,0.1,31.77181037589583,0.33356196436695396,4,14,236,12.399999999999837
Branin-Fav,Soft Parameter Sharing,58,224,0,976,0.1,27.0903794376994,0.33356196436695396,5,14,237,12.299999999999836
Branin-Fav,Soft Parameter Sharing,58,225,0,1024,0.1,23.938023679021185,0.33356196436695396,6,14,238,12.199999999999834
Branin-Fav,Soft Parameter Sharing,58,226,0,1071,0.1,27.26378413431178,0.33356196436695396,7,14,239,12.099999999999833
Branin-Fav,Soft Parameter Sharing,58,227,0,827,0.1,25.029463998227186,0.33356196436695396,8,14,240,11.999999999999831
Branin-Fav,Soft Parameter Sharing,58,228,0,1069,0.1,24.901836942570988,0.33356196436695396,9,14,241,11.89999999999983
Branin-Fav,Soft Parameter Sharing,58,229,0,779,0.1,24.579563408266143,0.33356196436695396,10,14,242,11.799999999999828
Branin-Fav,Soft Parameter Sharing,58,230,0,1167,0.1,26.054829452599314,0.33356196436695396,11,14,243,11.699999999999827
Branin-Fav,Soft Parameter Sharing,58,231,0,873,0.1,24.461551316346412,0.33356196436695396,12,14,244,11.599999999999826
Branin-Fav,Soft Parameter Sharing,58,232,0,1021,0.1,23.002811262703062,0.33356196436695396,13,14,245,11.499999999999824
Branin-Fav,Soft Parameter Sharing,58,233,0,977,0.1,23.39852329549154,0.33356196436695396,14,14,246,11.399999999999823
Branin-Fav,Soft Parameter Sharing,58,234,0,777,0.1,24.95134210479722,0.33356196436695396,15,14,247,11.299999999999821
Branin-Fav,Soft Parameter Sharing,58,235,0,1072,0.1,25.148710874297894,0.33356196436695396,16,14,248,11.19999999999982
Branin-Fav,Soft Parameter Sharing,58,236,0,288,0.1,21.68602963307186,0.33356196436695396,17,14,249,11.099999999999818
Branin-Fav,Soft Parameter Sharing,58,237,0,1025,0.1,23.513416620662525,0.33356196436695396,18,14,250,10.999999999999817
Branin-Fav,Soft Parameter Sharing,58,238,0,1120,0.1,22.550713286021356,0.33356196436695396,19,14,251,10.899999999999816
Branin-Fav,Soft Parameter Sharing,58,239,0,776,0.1,27.859906050406053,0.33356196436695396,20,14,252,10.799999999999814
Branin-Fav,Soft Parameter Sharing,58,240,1,749,1.0,11.269099790409928,0.33356196436695396,0,15,252,9.799999999999812
Branin-Fav,Soft Parameter Sharing,58,241,1,249,1.0,11.937789503304137,0.1,0,16,252,8.799999999999812
Branin-Fav,Soft Parameter Sharing,58,242,0,778,0.1,14.933494535370354,0.20201260589664116,1,16,253,8.699999999999813
Branin-Fav,Soft Parameter Sharing,58,243,0,929,0.1,14.306959248891841,0.20201260589664116,2,16,254,8.599999999999811
Branin-Fav,Soft Parameter Sharing,58,244,0,726,0.1,17.78213902518492,0.20201260589664116,3,16,255,8.49999999999981
Branin-Fav,Soft Parameter Sharing,58,245,0,922,0.1,15.417755882710772,0.20201260589664116,4,16,256,8.399999999999809
Branin-Fav,Soft Parameter Sharing,58,246,0,832,0.1,13.734613209788604,0.20201260589664116,5,16,257,8.299999999999807
Branin-Fav,Soft Parameter Sharing,58,247,0,87,0.1,13.924408770477159,0.20201260589664116,6,16,258,8.199999999999806
Branin-Fav,Soft Parameter Sharing,58,248,0,733,0.1,13.510351526031803,0.20201260589664116,7,16,259,8.099999999999804
Branin-Fav,Soft Parameter Sharing,58,249,0,823,0.1,14.537059693738865,0.20201260589664116,8,16,260,7.999999999999803
Branin-Fav,Soft Parameter Sharing,58,250,0,881,0.1,13.63271181244513,0.20201260589664116,9,16,261,7.899999999999801
Branin-Fav,Soft Parameter Sharing,58,251,0,1070,0.1,14.869166147122085,0.20201260589664116,10,16,262,7.7999999999998
Branin-Fav,Soft Parameter Sharing,58,252,0,1026,0.1,13.764009664045217,0.20201260589664116,11,16,263,7.699999999999799
Branin-Fav,Soft Parameter Sharing,58,253,0,1020,0.1,13.109995446533484,0.20201260589664116,12,16,264,7.599999999999797
Branin-Fav,Soft Parameter Sharing,58,254,0,734,0.1,13.025127259838582,0.20201260589664116,13,16,265,7.499999999999796
Branin-Fav,Soft Parameter Sharing,58,255,0,1073,0.1,13.905359563693679,0.20201260589664116,14,16,266,7.399999999999794
Branin-Fav,Soft Parameter Sharing,58,256,0,978,0.1,12.99543202989706,0.20201260589664116,15,16,267,7.299999999999793
Branin-Fav,Soft Parameter Sharing,58,257,0,784,0.1,12.718091688050995,0.20201260589664116,16,16,268,7.1999999999997915
Branin-Fav,Soft Parameter Sharing,58,258,0,774,0.1,15.530699478502322,0.20201260589664116,17,16,269,7.09999999999979
Branin-Fav,Soft Parameter Sharing,58,259,0,1121,0.1,13.112376209523566,0.20201260589664116,18,16,270,6.999999999999789
Branin-Fav,Soft Parameter Sharing,58,260,0,1119,0.1,12.581324050516335,0.20201260589664116,19,16,271,6.899999999999787
Branin-Fav,Soft Parameter Sharing,58,261,0,970,0.1,13.902094157944012,0.20201260589664116,20,16,272,6.799999999999786
Branin-Fav,Soft Parameter Sharing,58,262,1,548,1.0,10.78617091147068,0.20201260589664116,0,17,272,5.799999999999784
Branin-Fav,Soft Parameter Sharing,58,263,0,1074,0.1,11.311257603017525,0.17876268358927772,1,17,273,5.699999999999784
Branin-Fav,Soft Parameter Sharing,58,264,1,498,1.0,11.244107530321722,0.17876268358927772,0,18,273,4.699999999999783
Branin-Fav,Soft Parameter Sharing,58,265,1,598,1.0,11.010334037017152,0.11266284245163721,0,19,273,3.6999999999997826
Branin-Fav,Soft Parameter Sharing,58,266,1,648,1.0,10.511253446130866,0.15613695240234732,0,20,273,2.6999999999997826
Branin-Fav,Soft Parameter Sharing,58,267,0,1122,0.1,13.33170931845696,0.19948198693311003,1,20,274,2.5999999999997825
Branin-Fav,Soft Parameter Sharing,58,268,0,872,0.1,13.131083814881885,0.19948198693311003,2,20,275,2.499999999999781
Branin-Fav,Soft Parameter Sharing,58,269,0,725,0.1,15.395382427228096,0.19948198693311003,3,20,276,2.3999999999997796
Branin-Fav,Soft Parameter Sharing,58,270,0,731,0.1,12.113651359830682,0.19948198693311003,4,20,277,2.299999999999778
Branin-Fav,Soft Parameter Sharing,58,271,0,729,0.1,12.365456429429964,0.19948198693311003,5,20,278,2.199999999999777
Branin-Fav,Soft Parameter Sharing,58,272,0,921,0.1,12.337260338025843,0.19948198693311003,6,20,279,2.0999999999997754
Branin-Fav,Soft Parameter Sharing,58,273,0,730,0.1,11.874377050082018,0.19948198693311003,7,20,280,1.999999999999774
Branin-Fav,Soft Parameter Sharing,58,274,0,930,0.1,11.679044336559656,0.19948198693311003,8,20,281,1.8999999999997725
Branin-Fav,Soft Parameter Sharing,58,275,0,1019,0.1,12.475357834337272,0.19948198693311003,9,20,282,1.7999999999997711
Branin-Fav,Soft Parameter Sharing,58,276,0,1068,0.1,12.78107303845091,0.19948198693311003,10,20,283,1.6999999999997697
Branin-Fav,Soft Parameter Sharing,58,277,0,1118,0.1,12.662166399096476,0.19948198693311003,11,20,284,1.5999999999997683
Branin-Fav,Soft Parameter Sharing,58,278,0,920,0.1,12.603631648055188,0.19948198693311003,12,20,285,1.4999999999997669
Branin-Fav,Soft Parameter Sharing,58,279,0,799,0.1,14.060015228726085,0.19948198693311003,13,20,286,1.3999999999997654
Branin-Fav,Soft Parameter Sharing,58,280,0,1169,0.1,12.996753652344905,0.19948198693311003,14,20,287,1.299999999999764
Branin-Fav,Soft Parameter Sharing,58,281,0,678,0.1,14.618576028025073,0.19948198693311003,15,20,288,1.1999999999997626
Branin-Fav,Soft Parameter Sharing,58,282,0,882,0.1,13.032510925203486,0.19948198693311003,16,20,289,1.0999999999997612
Branin-Fav,Soft Parameter Sharing,58,283,0,969,0.1,12.851862134422282,0.19948198693311003,17,20,290,0.9999999999997599
Branin-Fav,Soft Parameter Sharing,58,284,0,680,0.1,10.632489166333432,0.19948198693311003,18,20,291,0.8999999999997584
Branin-Fav,Soft Parameter Sharing,58,285,0,1168,0.1,11.66901554996309,0.19948198693311003,19,20,292,0.799999999999757
Branin-Fav,Soft Parameter Sharing,58,286,0,677,0.1,14.880795680393506,0.19948198693311003,20,20,293,0.6999999999997556
Branin-Fav,Soft Parameter Sharing,58,287,0,871,0.1,11.297888166559213,0.19948198693311003,21,20,294,0.5999999999997542
Branin-Fav,Soft Parameter Sharing,58,288,0,676,0.1,12.760750504653316,0.19948198693311003,22,20,295,0.49999999999975275
Branin-Fav,Soft Parameter Sharing,58,289,0,683,0.1,11.548628732956502,0.19948198693311003,23,20,296,0.39999999999975133
Branin-Fav,Soft Parameter Sharing,58,290,0,979,0.1,11.50047872926212,0.19948198693311003,24,20,297,0.2999999999997499
Branin-Fav,Soft Parameter Sharing,58,291,0,675,0.1,13.456651432835178,0.19948198693311003,25,20,298,0.19999999999974846
Branin-Fav,Soft Parameter Sharing,58,292,0,1117,0.1,11.03401698295967,0.19948198693311003,26,20,299,0.09999999999974704
Branin-Fav,Soft Parameter Sharing,59,1,0,30,0.1,108.30379379694982,0.5,1,2,26,45.4
Branin-Fav,Soft Parameter Sharing,59,2,0,35,0.1,88.93524280113448,0.5,2,2,27,45.3
Branin-Fav,Soft Parameter Sharing,59,3,0,2350,0.1,94.71783980039707,0.5,3,2,28,45.199999999999996
Branin-Fav,Soft Parameter Sharing,59,4,0,2100,0.1,67.54495274392612,0.5,4,2,29,45.1
Branin-Fav,Soft Parameter Sharing,59,5,0,39,0.1,65.3130248631608,0.5,5,2,30,45.0
Branin-Fav,Soft Parameter Sharing,59,6,0,99,0.1,70.07623586986558,0.5,6,2,31,44.9
Branin-Fav,Soft Parameter Sharing,59,7,0,41,0.1,66.77804468117967,0.5,7,2,32,44.800000000000004
Branin-Fav,Soft Parameter Sharing,59,8,0,49,0.1,58.45077379655662,0.5,8,2,33,44.7
Branin-Fav,Soft Parameter Sharing,59,9,0,149,0.1,67.33156062110388,0.5,9,2,34,44.6
Branin-Fav,Soft Parameter Sharing,59,10,0,48,0.1,65.15432753704718,0.5,10,2,35,44.5
Branin-Fav,Soft Parameter Sharing,59,11,0,98,0.1,60.74454629470104,0.5,11,2,36,44.4
Branin-Fav,Soft Parameter Sharing,59,12,0,148,0.1,63.31647553211681,0.5,12,2,37,44.300000000000004
Branin-Fav,Soft Parameter Sharing,59,13,0,44,0.1,65.02928462800827,0.5,13,2,38,44.2
Branin-Fav,Soft Parameter Sharing,59,14,0,199,0.1,69.246680415939,0.5,14,2,39,44.1
Branin-Fav,Soft Parameter Sharing,59,15,0,47,0.1,62.94465005177661,0.5,15,2,40,44.00000000000001
Branin-Fav,Soft Parameter Sharing,59,16,0,243,0.1,62.280124064798486,0.5,16,2,41,43.900000000000006
Branin-Fav,Soft Parameter Sharing,59,17,0,97,0.1,61.655927536529695,0.5,17,2,42,43.800000000000004
Branin-Fav,Soft Parameter Sharing,59,18,0,198,0.1,60.45313641477287,0.5,18,2,43,43.7
Branin-Fav,Soft Parameter Sharing,59,19,0,249,0.1,62.82380670826613,0.5,19,2,44,43.6
Branin-Fav,Soft Parameter Sharing,59,20,0,299,0.1,63.84328114590392,0.5,20,2,45,43.50000000000001
Branin-Fav,Soft Parameter Sharing,59,21,1,2350,1.0,37.940593115662125,0.5,0,3,45,42.50000000000001
Branin-Fav,Soft Parameter Sharing,59,22,1,2499,1.0,60.91207812099712,0.5,0,4,45,41.50000000000001
Branin-Fav,Soft Parameter Sharing,59,23,0,45,0.1,71.50475818965022,0.5,1,4,46,41.400000000000006
Branin-Fav,Soft Parameter Sharing,59,24,0,46,0.1,78.1235484250194,0.5,2,4,47,41.300000000000004
Branin-Fav,Soft Parameter Sharing,59,25,0,43,0.1,80.07395152749474,0.5,3,4,48,41.20000000000001
Branin-Fav,Soft Parameter Sharing,59,26,0,42,0.1,74.28835941895795,0.5,4,4,49,41.10000000000001
Branin-Fav,Soft Parameter Sharing,59,27,0,40,0.1,75.84895236182543,0.5,5,4,50,41.00000000000001
Branin-Fav,Soft Parameter Sharing,59,28,0,96,0.1,68.62062115946169,0.5,6,4,51,40.900000000000006
Branin-Fav,Soft Parameter Sharing,59,29,0,95,0.1,69.5115533173422,0.5,7,4,52,40.800000000000004
Branin-Fav,Soft Parameter Sharing,59,30,0,38,0.1,67.31007946235839,0.5,8,4,53,40.70000000000001
Branin-Fav,Soft Parameter Sharing,59,31,0,94,0.1,63.30655055909309,0.5,9,4,54,40.60000000000001
Branin-Fav,Soft Parameter Sharing,59,32,0,92,0.1,62.5431538818059,0.5,10,4,55,40.50000000000001
Branin-Fav,Soft Parameter Sharing,59,33,0,91,0.1,62.25440226041045,0.5,11,4,56,40.40000000000001
Branin-Fav,Soft Parameter Sharing,59,34,0,147,0.1,60.695405061527985,0.5,12,4,57,40.30000000000001
Branin-Fav,Soft Parameter Sharing,59,35,0,146,0.1,59.012132353891005,0.5,13,4,58,40.20000000000001
Branin-Fav,Soft Parameter Sharing,59,36,0,145,0.1,59.58817744782817,0.5,14,4,59,40.10000000000001
Branin-Fav,Soft Parameter Sharing,59,37,0,197,0.1,63.87054324531068,0.5,15,4,60,40.00000000000001
Branin-Fav,Soft Parameter Sharing,59,38,1,0,1.0,57.48812503474026,0.5,0,5,60,39.000000000000014
Branin-Fav,Soft Parameter Sharing,59,39,0,248,0.1,90.93715894690365,0.5,1,5,61,38.90000000000001
Branin-Fav,Soft Parameter Sharing,59,40,0,247,0.1,87.14549818210862,0.5,2,5,62,38.80000000000001
Branin-Fav,Soft Parameter Sharing,59,41,0,36,0.1,87.9479702000462,0.5,3,5,63,38.70000000000001
Branin-Fav,Soft Parameter Sharing,59,42,0,196,0.1,85.99836300675129,0.5,4,5,64,38.600000000000016
Branin-Fav,Soft Parameter Sharing,59,43,0,143,0.1,84.12501951868423,0.5,5,5,65,38.500000000000014
Branin-Fav,Soft Parameter Sharing,59,44,0,195,0.1,81.26763901847153,0.5,6,5,66,38.40000000000001
Branin-Fav,Soft Parameter Sharing,59,45,0,90,0.1,80.87137653829447,0.5,7,5,67,38.30000000000001
Branin-Fav,Soft Parameter Sharing,59,46,0,246,0.1,82.19824542044174,0.5,8,5,68,38.20000000000001
Branin-Fav,Soft Parameter Sharing,59,47,0,298,0.1,77.34011569057408,0.5,9,5,69,38.100000000000016
Branin-Fav,Soft Parameter Sharing,59,48,0,349,0.1,80.96852867303804,0.5,10,5,70,38.000000000000014
Branin-Fav,Soft Parameter Sharing,59,49,0,194,0.1,79.5003027858397,0.5,11,5,71,37.90000000000001
Branin-Fav,Soft Parameter Sharing,59,50,0,297,0.1,78.40758617232278,0.5,12,5,72,37.80000000000002
Branin-Fav,Soft Parameter Sharing,59,51,0,142,0.1,80.40875335828926,0.5,13,5,73,37.70000000000002
Branin-Fav,Soft Parameter Sharing,59,52,0,141,0.1,78.59735697825553,0.5,14,5,74,37.600000000000016
Branin-Fav,Soft Parameter Sharing,59,53,0,193,0.1,76.33129237596788,0.5,15,5,75,37.500000000000014
Branin-Fav,Soft Parameter Sharing,59,54,0,245,0.1,75.31423257039012,0.5,16,5,76,37.40000000000001
Branin-Fav,Soft Parameter Sharing,59,55,0,244,0.1,74.72617141973726,0.5,17,5,77,37.30000000000002
Branin-Fav,Soft Parameter Sharing,59,56,0,89,0.1,73.22264239256353,0.5,18,5,78,37.20000000000002
Branin-Fav,Soft Parameter Sharing,59,57,0,37,0.1,75.55375898486676,0.5,19,5,79,37.100000000000016
Branin-Fav,Soft Parameter Sharing,59,58,0,399,0.1,74.40887915827861,0.5,20,5,80,37.00000000000002
Branin-Fav,Soft Parameter Sharing,59,59,1,2455,1.0,21.57432317611279,0.5,0,6,80,36.00000000000002
Branin-Fav,Soft Parameter Sharing,59,60,0,192,0.1,71.73913235968976,0.5,1,6,81,35.90000000000002
Branin-Fav,Soft Parameter Sharing,59,61,0,296,0.1,70.02179851715039,0.5,2,6,82,35.80000000000002
Branin-Fav,Soft Parameter Sharing,59,62,0,295,0.1,69.76309673440812,0.5,3,6,83,35.70000000000002
Branin-Fav,Soft Parameter Sharing,59,63,0,140,0.1,67.4062673663664,0.5,4,6,84,35.600000000000016
Branin-Fav,Soft Parameter Sharing,59,64,0,347,0.1,67.5480271588584,0.5,5,6,85,35.50000000000002
Branin-Fav,Soft Parameter Sharing,59,65,0,294,0.1,69.00168699229191,0.5,6,6,86,35.40000000000002
Branin-Fav,Soft Parameter Sharing,59,66,0,346,0.1,68.2255249977263,0.5,7,6,87,35.30000000000002
Branin-Fav,Soft Parameter Sharing,59,67,0,398,0.1,70.12406037466087,0.5,8,6,88,35.200000000000024
Branin-Fav,Soft Parameter Sharing,59,68,0,191,0.1,67.65838877257156,0.5,9,6,89,35.10000000000002
Branin-Fav,Soft Parameter Sharing,59,69,0,293,0.1,67.07594399933588,0.5,10,6,90,35.00000000000002
Branin-Fav,Soft Parameter Sharing,59,70,0,190,0.1,65.14964271743769,0.5,11,6,91,34.90000000000002
Branin-Fav,Soft Parameter Sharing,59,71,0,345,0.1,67.74631606786755,0.5,12,6,92,34.80000000000002
Branin-Fav,Soft Parameter Sharing,59,72,0,241,0.1,60.45208499830294,0.5,13,6,93,34.700000000000024
Branin-Fav,Soft Parameter Sharing,59,73,0,449,0.1,69.04274029539827,0.5,14,6,94,34.60000000000002
Branin-Fav,Soft Parameter Sharing,59,74,0,499,0.1,71.10932079971037,0.5,15,6,95,34.50000000000002
Branin-Fav,Soft Parameter Sharing,59,75,0,397,0.1,64.90326358022392,0.5,16,6,96,34.40000000000003
Branin-Fav,Soft Parameter Sharing,59,76,0,139,0.1,59.563050957000435,0.5,17,6,97,34.300000000000026
Branin-Fav,Soft Parameter Sharing,59,77,0,344,0.1,61.99186252608847,0.5,18,6,98,34.200000000000024
Branin-Fav,Soft Parameter Sharing,59,78,0,448,0.1,65.23293130116322,0.5,19,6,99,34.10000000000002
Branin-Fav,Soft Parameter Sharing,59,79,0,396,0.1,61.42741578576239,0.5,20,6,100,34.00000000000002
Branin-Fav,Soft Parameter Sharing,59,80,1,49,1.0,24.37360768606021,0.5,0,7,100,33.00000000000003
Branin-Fav,Soft Parameter Sharing,59,81,0,292,0.1,61.31667536457005,0.5,1,7,101,32.90000000000003
Branin-Fav,Soft Parameter Sharing,59,82,0,395,0.1,54.96447013067376,0.5,2,7,102,32.800000000000026
Branin-Fav,Soft Parameter Sharing,59,83,0,343,0.1,59.50308006480854,0.5,3,7,103,32.700000000000024
Branin-Fav,Soft Parameter Sharing,59,84,0,447,0.1,63.479466517695684,0.5,4,7,104,32.60000000000002
Branin-Fav,Soft Parameter Sharing,59,85,0,549,0.1,64.35219969814254,0.5,5,7,105,32.50000000000002
Branin-Fav,Soft Parameter Sharing,59,86,0,291,0.1,54.896679694323595,0.5,6,7,106,32.40000000000002
Branin-Fav,Soft Parameter Sharing,59,87,0,342,0.1,57.8471917744106,0.5,7,7,107,32.30000000000002
Branin-Fav,Soft Parameter Sharing,59,88,0,394,0.1,62.40745244916582,0.5,8,7,108,32.20000000000002
Branin-Fav,Soft Parameter Sharing,59,89,0,446,0.1,55.058558238863405,0.5,9,7,109,32.100000000000016
Branin-Fav,Soft Parameter Sharing,59,90,0,240,0.1,54.358667743325455,0.5,10,7,110,32.000000000000014
Branin-Fav,Soft Parameter Sharing,59,91,0,393,0.1,55.47336959750476,0.5,11,7,111,31.900000000000013
Branin-Fav,Soft Parameter Sharing,59,92,0,392,0.1,57.659012596478206,0.5,12,7,112,31.80000000000001
Branin-Fav,Soft Parameter Sharing,59,93,0,341,0.1,56.488383366879134,0.5,13,7,113,31.70000000000001
Branin-Fav,Soft Parameter Sharing,59,94,0,88,0.1,54.656643579171615,0.5,14,7,114,31.60000000000001
Branin-Fav,Soft Parameter Sharing,59,95,0,498,0.1,58.006015184851854,0.5,15,7,115,31.500000000000007
Branin-Fav,Soft Parameter Sharing,59,96,0,445,0.1,56.98438354167064,0.5,16,7,116,31.400000000000006
Branin-Fav,Soft Parameter Sharing,59,97,0,444,0.1,54.79723131547809,0.5,17,7,117,31.300000000000004
Branin-Fav,Soft Parameter Sharing,59,98,0,290,0.1,51.36542852677941,0.5,18,7,118,31.200000000000003
Branin-Fav,Soft Parameter Sharing,59,99,0,340,0.1,53.28502967799027,0.5,19,7,119,31.1
Branin-Fav,Soft Parameter Sharing,59,100,0,497,0.1,52.126989792883144,0.5,20,7,120,31.0
Branin-Fav,Soft Parameter Sharing,59,101,1,2453,1.0,15.657390275040294,0.5,0,8,120,30.0
Branin-Fav,Soft Parameter Sharing,59,102,0,548,0.1,51.26583240342503,0.5,1,8,121,29.9
Branin-Fav,Soft Parameter Sharing,59,103,0,391,0.1,51.10720387871131,0.5,2,8,122,29.799999999999997
Branin-Fav,Soft Parameter Sharing,59,104,0,496,0.1,50.611655162207825,0.5,3,8,123,29.699999999999996
Branin-Fav,Soft Parameter Sharing,59,105,0,599,0.1,54.418116694831454,0.5,4,8,124,29.599999999999994
Branin-Fav,Soft Parameter Sharing,59,106,0,443,0.1,49.059395428991515,0.5,5,8,125,29.499999999999993
Branin-Fav,Soft Parameter Sharing,59,107,0,189,0.1,48.65498623771099,0.5,6,8,126,29.39999999999999
Branin-Fav,Soft Parameter Sharing,59,108,0,495,0.1,47.52595475444001,0.5,7,8,127,29.29999999999999
Branin-Fav,Soft Parameter Sharing,59,109,0,442,0.1,46.70668236984234,0.5,8,8,128,29.19999999999999
Branin-Fav,Soft Parameter Sharing,59,110,0,239,0.1,45.400190026684385,0.5,9,8,129,29.099999999999987
Branin-Fav,Soft Parameter Sharing,59,111,0,289,0.1,47.32331889172359,0.5,10,8,130,28.999999999999986
Branin-Fav,Soft Parameter Sharing,59,112,0,494,0.1,45.58090802713784,0.5,11,8,131,28.899999999999984
Branin-Fav,Soft Parameter Sharing,59,113,0,547,0.1,50.87413428304151,0.5,12,8,132,28.799999999999983
Branin-Fav,Soft Parameter Sharing,59,114,0,546,0.1,43.25076007906792,0.5,13,8,133,28.69999999999998
Branin-Fav,Soft Parameter Sharing,59,115,0,598,0.1,43.64905283439548,0.5,14,8,134,28.59999999999998
Branin-Fav,Soft Parameter Sharing,59,116,0,390,0.1,43.88692298158983,0.5,15,8,135,28.49999999999998
Branin-Fav,Soft Parameter Sharing,59,117,0,138,0.1,43.37712737276437,0.5,16,8,136,28.399999999999977
Branin-Fav,Soft Parameter Sharing,59,118,0,441,0.1,43.464698967371596,0.5,17,8,137,28.299999999999976
Branin-Fav,Soft Parameter Sharing,59,119,0,649,0.1,50.06794741077171,0.5,18,8,138,28.199999999999974
Branin-Fav,Soft Parameter Sharing,59,120,0,1800,0.1,44.90651952442549,0.5,19,8,139,28.099999999999973
Branin-Fav,Soft Parameter Sharing,59,121,0,493,0.1,41.65978606333829,0.5,20,8,140,27.99999999999997
Branin-Fav,Soft Parameter Sharing,59,122,1,349,1.0,20.541821861520837,0.5,0,9,140,26.99999999999997
Branin-Fav,Soft Parameter Sharing,59,123,0,87,0.1,80.23400134124525,0.9043212020419479,1,9,141,26.89999999999997
Branin-Fav,Soft Parameter Sharing,59,124,0,597,0.1,79.71781190162477,0.9043212020419479,2,9,142,26.79999999999997
Branin-Fav,Soft Parameter Sharing,59,125,0,545,0.1,80.34374863258239,0.9043212020419479,3,9,143,26.699999999999967
Branin-Fav,Soft Parameter Sharing,59,126,0,492,0.1,78.49923434241504,0.9043212020419479,4,9,144,26.599999999999966
Branin-Fav,Soft Parameter Sharing,59,127,0,33,0.1,78.07575026979083,0.9043212020419479,5,9,145,26.499999999999964
Branin-Fav,Soft Parameter Sharing,59,128,0,339,0.1,75.50790671455064,0.9043212020419479,6,9,146,26.399999999999963
Branin-Fav,Soft Parameter Sharing,59,129,0,648,0.1,80.9130980025801,0.9043212020419479,7,9,147,26.29999999999996
Branin-Fav,Soft Parameter Sharing,59,130,0,699,0.1,74.09703146090312,0.9043212020419479,8,9,148,26.19999999999996
Branin-Fav,Soft Parameter Sharing,59,131,0,544,0.1,78.63357560293369,0.9043212020419479,9,9,149,26.09999999999996
Branin-Fav,Soft Parameter Sharing,59,132,0,596,0.1,70.09378116638011,0.9043212020419479,10,9,150,25.999999999999957
Branin-Fav,Soft Parameter Sharing,59,133,0,440,0.1,76.96241292171439,0.9043212020419479,11,9,151,25.899999999999956
Branin-Fav,Soft Parameter Sharing,59,134,0,491,0.1,69.56185104168036,0.9043212020419479,12,9,152,25.799999999999955
Branin-Fav,Soft Parameter Sharing,59,135,0,188,0.1,73.54615601540675,0.9043212020419479,13,9,153,25.699999999999953
Branin-Fav,Soft Parameter Sharing,59,136,0,389,0.1,69.88280871732869,0.9043212020419479,14,9,154,25.59999999999995
Branin-Fav,Soft Parameter Sharing,59,137,0,238,0.1,65.92348466112036,0.9043212020419479,15,9,155,25.49999999999995
Branin-Fav,Soft Parameter Sharing,59,138,0,647,0.1,70.83617580667433,0.9043212020419479,16,9,156,25.39999999999995
Branin-Fav,Soft Parameter Sharing,59,139,0,543,0.1,65.54729430953665,0.9043212020419479,17,9,157,25.299999999999947
Branin-Fav,Soft Parameter Sharing,59,140,0,288,0.1,64.44404884866432,0.9043212020419479,18,9,158,25.199999999999946
Branin-Fav,Soft Parameter Sharing,59,141,0,595,0.1,68.3782296838578,0.9043212020419479,19,9,159,25.099999999999945
Branin-Fav,Soft Parameter Sharing,59,142,0,542,0.1,62.905446603570795,0.9043212020419479,20,9,160,24.999999999999943
Branin-Fav,Soft Parameter Sharing,59,143,1,299,1.0,14.212070093809754,0.9043212020419479,0,10,160,23.999999999999943
Branin-Fav,Soft Parameter Sharing,59,144,0,594,0.1,62.54984422901746,0.914945274877639,1,10,161,23.89999999999994
Branin-Fav,Soft Parameter Sharing,59,145,0,490,0.1,64.63885835005769,0.914945274877639,2,10,162,23.79999999999994
Branin-Fav,Soft Parameter Sharing,59,146,0,137,0.1,63.6500463345088,0.914945274877639,3,10,163,23.69999999999994
Branin-Fav,Soft Parameter Sharing,59,147,0,439,0.1,63.73098723499407,0.914945274877639,4,10,164,23.599999999999937
Branin-Fav,Soft Parameter Sharing,59,148,0,593,0.1,64.83954599760922,0.914945274877639,5,10,165,23.499999999999936
Branin-Fav,Soft Parameter Sharing,59,149,0,646,0.1,61.61295212739384,0.914945274877639,6,10,166,23.399999999999935
Branin-Fav,Soft Parameter Sharing,59,150,0,698,0.1,62.68379133589132,0.914945274877639,7,10,167,23.299999999999933
Branin-Fav,Soft Parameter Sharing,59,151,0,578,0.1,66.2512468786739,0.914945274877639,8,10,168,23.199999999999932
Branin-Fav,Soft Parameter Sharing,59,152,0,541,0.1,60.867979768493846,0.914945274877639,9,10,169,23.09999999999993
Branin-Fav,Soft Parameter Sharing,59,153,0,338,0.1,58.731266349100416,0.914945274877639,10,10,170,22.99999999999993
Branin-Fav,Soft Parameter Sharing,59,154,0,749,0.1,61.01049277547713,0.914945274877639,11,10,171,22.899999999999928
Branin-Fav,Soft Parameter Sharing,59,155,0,388,0.1,57.76115695824812,0.914945274877639,12,10,172,22.799999999999926
Branin-Fav,Soft Parameter Sharing,59,156,0,187,0.1,59.247227441559374,0.914945274877639,13,10,173,22.699999999999925
Branin-Fav,Soft Parameter Sharing,59,157,0,86,0.1,60.194107396861526,0.914945274877639,14,10,174,22.599999999999923
Branin-Fav,Soft Parameter Sharing,59,158,0,438,0.1,56.91547607169604,0.914945274877639,15,10,175,22.499999999999922
Branin-Fav,Soft Parameter Sharing,59,159,0,489,0.1,60.314892575658355,0.914945274877639,16,10,176,22.39999999999992
Branin-Fav,Soft Parameter Sharing,59,160,0,1850,0.1,54.66389668131136,0.914945274877639,17,10,177,22.29999999999992
Branin-Fav,Soft Parameter Sharing,59,161,0,237,0.1,54.05119755427635,0.914945274877639,18,10,178,22.199999999999918
Branin-Fav,Soft Parameter Sharing,59,162,0,645,0.1,56.5483008894433,0.914945274877639,19,10,179,22.099999999999916
Branin-Fav,Soft Parameter Sharing,59,163,0,540,0.1,57.58272727390655,0.914945274877639,20,10,180,21.999999999999915
Branin-Fav,Soft Parameter Sharing,59,164,1,2462,1.0,17.49386743884927,0.914945274877639,0,11,180,20.999999999999915
Branin-Fav,Soft Parameter Sharing,59,165,0,697,0.1,63.4149700433928,0.9919648711617455,1,11,181,20.899999999999913
Branin-Fav,Soft Parameter Sharing,59,166,0,34,0.1,76.68015488233362,0.9919648711617455,2,11,182,20.799999999999912
Branin-Fav,Soft Parameter Sharing,59,167,0,592,0.1,61.10453081868258,0.9919648711617455,3,11,183,20.69999999999991
Branin-Fav,Soft Parameter Sharing,59,168,0,1900,0.1,58.80573213295315,0.9919648711617455,4,11,184,20.59999999999991
Branin-Fav,Soft Parameter Sharing,59,169,0,287,0.1,55.446027726056236,0.9919648711617455,5,11,185,20.499999999999908
Branin-Fav,Soft Parameter Sharing,59,170,0,748,0.1,57.17647751610991,0.9919648711617455,6,11,186,20.399999999999906
Branin-Fav,Soft Parameter Sharing,59,171,0,644,0.1,56.74713894987425,0.9919648711617455,7,11,187,20.299999999999905
Branin-Fav,Soft Parameter Sharing,59,172,0,591,0.1,58.708890670429994,0.9919648711617455,8,11,188,20.199999999999903
Branin-Fav,Soft Parameter Sharing,59,173,0,539,0.1,54.8247574122133,0.9919648711617455,9,11,189,20.099999999999902
Branin-Fav,Soft Parameter Sharing,59,174,0,696,0.1,55.25067148129288,0.9919648711617455,10,11,190,19.9999999999999
Branin-Fav,Soft Parameter Sharing,59,175,0,799,0.1,56.29057842914301,0.9919648711617455,11,11,191,19.8999999999999
Branin-Fav,Soft Parameter Sharing,59,176,0,643,0.1,52.958634659240026,0.9919648711617455,12,11,192,19.799999999999898
Branin-Fav,Soft Parameter Sharing,59,177,0,695,0.1,54.30597949846214,0.9919648711617455,13,11,193,19.699999999999896
Branin-Fav,Soft Parameter Sharing,59,178,0,488,0.1,54.25581898216022,0.9919648711617455,14,11,194,19.599999999999895
Branin-Fav,Soft Parameter Sharing,59,179,0,337,0.1,50.986398279220474,0.9919648711617455,15,11,195,19.499999999999893
Branin-Fav,Soft Parameter Sharing,59,180,0,387,0.1,49.27242298790065,0.9919648711617455,16,11,196,19.399999999999892
Branin-Fav,Soft Parameter Sharing,59,181,0,590,0.1,50.753792208582524,0.9919648711617455,17,11,197,19.29999999999989
Branin-Fav,Soft Parameter Sharing,59,182,0,747,0.1,52.17638146086029,0.9919648711617455,18,11,198,19.19999999999989
Branin-Fav,Soft Parameter Sharing,59,183,0,642,0.1,47.23788410057897,0.9919648711617455,19,11,199,19.099999999999888
Branin-Fav,Soft Parameter Sharing,59,184,0,538,0.1,48.91157166206002,0.9919648711617455,20,11,200,18.999999999999886
Branin-Fav,Soft Parameter Sharing,59,185,1,2450,1.0,12.739175439161396,0.9919648711617455,0,12,200,17.999999999999886
Branin-Fav,Soft Parameter Sharing,59,186,0,589,0.1,47.1550210599005,0.9919648711617455,1,12,201,17.899999999999885
Branin-Fav,Soft Parameter Sharing,59,187,0,437,0.1,44.488906781207795,0.9919648711617455,2,12,202,17.799999999999883
Branin-Fav,Soft Parameter Sharing,59,188,0,641,0.1,48.24177761173752,0.9919648711617455,3,12,203,17.699999999999882
Branin-Fav,Soft Parameter Sharing,59,189,0,694,0.1,44.19712011210725,0.9919648711617455,4,12,204,17.59999999999988
Branin-Fav,Soft Parameter Sharing,59,190,0,136,0.1,47.51326473972547,0.9919648711617455,5,12,205,17.49999999999988
Branin-Fav,Soft Parameter Sharing,59,191,0,746,0.1,44.4101619856637,0.9919648711617455,6,12,206,17.399999999999878
Branin-Fav,Soft Parameter Sharing,59,192,0,186,0.1,45.88172982597765,0.9919648711617455,7,12,207,17.299999999999876
Branin-Fav,Soft Parameter Sharing,59,193,0,1700,0.1,45.116871377480145,0.9919648711617455,8,12,208,17.199999999999875
Branin-Fav,Soft Parameter Sharing,59,194,0,236,0.1,42.01779982382903,0.9919648711617455,9,12,209,17.099999999999874
Branin-Fav,Soft Parameter Sharing,59,195,0,32,0.1,61.27897109304279,0.9919648711617455,10,12,210,16.999999999999872
Branin-Fav,Soft Parameter Sharing,59,196,0,286,0.1,43.499690862173956,0.9919648711617455,11,12,211,16.89999999999987
Branin-Fav,Soft Parameter Sharing,59,197,0,487,0.1,43.430593431034765,0.9919648711617455,12,12,212,16.79999999999987
Branin-Fav,Soft Parameter Sharing,59,198,0,798,0.1,44.79297963044936,0.9919648711617455,13,12,213,16.699999999999868
Branin-Fav,Soft Parameter Sharing,59,199,0,588,0.1,43.82642628082163,0.9919648711617455,14,12,214,16.599999999999866
Branin-Fav,Soft Parameter Sharing,59,200,0,85,0.1,52.06826777005752,0.9919648711617455,15,12,215,16.499999999999865
Branin-Fav,Soft Parameter Sharing,59,201,0,693,0.1,42.54153306085264,0.9919648711617455,16,12,216,16.399999999999864
Branin-Fav,Soft Parameter Sharing,59,202,0,336,0.1,41.13709898312363,0.9919648711617455,17,12,217,16.299999999999862
Branin-Fav,Soft Parameter Sharing,59,203,0,640,0.1,42.141013594662354,0.9919648711617455,18,12,218,16.19999999999986
Branin-Fav,Soft Parameter Sharing,59,204,0,135,0.1,42.173766483636115,0.9919648711617455,19,12,219,16.09999999999986
Branin-Fav,Soft Parameter Sharing,59,205,0,849,0.1,41.28234245100744,0.9919648711617455,20,12,220,15.99999999999986
Branin-Fav,Soft Parameter Sharing,59,206,1,399,1.0,12.811382659979808,0.9919648711617455,0,13,220,14.999999999999858
Branin-Fav,Soft Parameter Sharing,59,207,0,692,0.1,38.547160834730704,0.9898315379435332,1,13,221,14.899999999999858
Branin-Fav,Soft Parameter Sharing,59,208,0,537,0.1,39.45282994160712,0.9898315379435332,2,13,222,14.799999999999857
Branin-Fav,Soft Parameter Sharing,59,209,0,386,0.1,39.35095758703683,0.9898315379435332,3,13,223,14.699999999999855
Branin-Fav,Soft Parameter Sharing,59,210,0,745,0.1,36.58499446050567,0.9898315379435332,4,13,224,14.599999999999854
Branin-Fav,Soft Parameter Sharing,59,211,0,639,0.1,37.79648684882649,0.9898315379435332,5,13,225,14.499999999999853
Branin-Fav,Soft Parameter Sharing,59,212,0,797,0.1,37.81225360116097,0.9898315379435332,6,13,226,14.399999999999851
Branin-Fav,Soft Parameter Sharing,59,213,0,185,0.1,43.507717446195024,0.9898315379435332,7,13,227,14.29999999999985
Branin-Fav,Soft Parameter Sharing,59,214,0,436,0.1,36.15310957687246,0.9898315379435332,8,13,228,14.199999999999848
Branin-Fav,Soft Parameter Sharing,59,215,0,486,0.1,35.4787611362314,0.9898315379435332,9,13,229,14.099999999999847
Branin-Fav,Soft Parameter Sharing,59,216,0,744,0.1,36.29646790927735,0.9898315379435332,10,13,230,13.999999999999845
Branin-Fav,Soft Parameter Sharing,59,217,0,235,0.1,36.85909640182799,0.9898315379435332,11,13,231,13.899999999999844
Branin-Fav,Soft Parameter Sharing,59,218,0,587,0.1,34.83981422639349,0.9898315379435332,12,13,232,13.799999999999843
Branin-Fav,Soft Parameter Sharing,59,219,0,536,0.1,33.49790081997168,0.9898315379435332,13,13,233,13.699999999999841
Branin-Fav,Soft Parameter Sharing,59,220,0,285,0.1,40.979057783774046,0.9898315379435332,14,13,234,13.59999999999984
Branin-Fav,Soft Parameter Sharing,59,221,0,84,0.1,44.38761165050407,0.9898315379435332,15,13,235,13.499999999999838
Branin-Fav,Soft Parameter Sharing,59,222,0,848,0.1,34.596369512840766,0.9898315379435332,16,13,236,13.399999999999837
Branin-Fav,Soft Parameter Sharing,59,223,0,691,0.1,33.371321787255056,0.9898315379435332,17,13,237,13.299999999999836
Branin-Fav,Soft Parameter Sharing,59,224,0,134,0.1,30.680037148933533,0.9898315379435332,18,13,238,13.199999999999834
Branin-Fav,Soft Parameter Sharing,59,225,0,83,0.1,35.75360976367301,0.9898315379435332,19,13,239,13.099999999999833
Branin-Fav,Soft Parameter Sharing,59,226,0,133,0.1,45.9264698470914,0.9898315379435332,20,13,240,12.999999999999831
Branin-Fav,Soft Parameter Sharing,59,227,1,449,1.0,11.132794930416352,0.9898315379435332,0,14,240,11.99999999999983
Branin-Fav,Soft Parameter Sharing,59,228,0,82,0.1,47.44726811413941,0.987220928687388,1,14,241,11.89999999999983
Branin-Fav,Soft Parameter Sharing,59,229,0,335,0.1,35.45788719585758,0.987220928687388,2,14,242,11.799999999999828
Branin-Fav,Soft Parameter Sharing,59,230,0,385,0.1,31.18419286783758,0.987220928687388,3,14,243,11.699999999999827
Branin-Fav,Soft Parameter Sharing,59,231,0,184,0.1,31.73488853719886,0.987220928687388,4,14,244,11.599999999999826
Branin-Fav,Soft Parameter Sharing,59,232,0,899,0.1,38.518544523461856,0.987220928687388,5,14,245,11.499999999999824
Branin-Fav,Soft Parameter Sharing,59,233,0,234,0.1,30.88483595577755,0.987220928687388,6,14,246,11.399999999999823
Branin-Fav,Soft Parameter Sharing,59,234,0,435,0.1,31.948785900621388,0.987220928687388,7,14,247,11.299999999999821
Branin-Fav,Soft Parameter Sharing,59,235,0,796,0.1,30.820883961880057,0.987220928687388,8,14,248,11.19999999999982
Branin-Fav,Soft Parameter Sharing,59,236,0,31,0.1,42.053978296580695,0.987220928687388,9,14,249,11.099999999999818
Branin-Fav,Soft Parameter Sharing,59,237,0,183,0.1,33.46269802362556,0.987220928687388,10,14,250,10.999999999999817
Branin-Fav,Soft Parameter Sharing,59,238,0,638,0.1,30.52433637730407,0.987220928687388,11,14,251,10.899999999999816
Branin-Fav,Soft Parameter Sharing,59,239,0,284,0.1,35.7085003033027,0.987220928687388,12,14,252,10.799999999999814
Branin-Fav,Soft Parameter Sharing,59,240,0,485,0.1,30.0683801750545,0.987220928687388,13,14,253,10.699999999999813
Branin-Fav,Soft Parameter Sharing,59,241,0,233,0.1,33.29195677669475,0.987220928687388,14,14,254,10.599999999999811
Branin-Fav,Soft Parameter Sharing,59,242,0,334,0.1,29.114706088902164,0.987220928687388,15,14,255,10.49999999999981
Branin-Fav,Soft Parameter Sharing,59,243,0,743,0.1,28.94931457350586,0.987220928687388,16,14,256,10.399999999999809
Branin-Fav,Soft Parameter Sharing,59,244,0,132,0.1,33.61325561010902,0.987220928687388,17,14,257,10.299999999999807
Branin-Fav,Soft Parameter Sharing,59,245,0,847,0.1,28.014511079128717,0.987220928687388,18,14,258,10.199999999999806
Branin-Fav,Soft Parameter Sharing,59,246,0,81,0.1,28.371971075391418,0.987220928687388,19,14,259,10.099999999999804
Branin-Fav,Soft Parameter Sharing,59,247,0,690,0.1,29.608383607059068,0.987220928687388,20,14,260,9.999999999999803
Branin-Fav,Soft Parameter Sharing,59,248,1,249,1.0,9.918750593572083,0.987220928687388,0,15,260,8.999999999999801
Branin-Fav,Soft Parameter Sharing,59,249,0,795,0.1,28.267520316691165,0.9873527156625048,1,15,261,8.899999999999801
Branin-Fav,Soft Parameter Sharing,59,250,0,384,0.1,30.652413084045882,0.9873527156625048,2,15,262,8.7999999999998
Branin-Fav,Soft Parameter Sharing,59,251,0,283,0.1,29.757039054679932,0.9873527156625048,3,15,263,8.699999999999799
Branin-Fav,Soft Parameter Sharing,59,252,0,2400,0.1,32.327792744970736,0.9873527156625048,4,15,264,8.599999999999797
Branin-Fav,Soft Parameter Sharing,59,253,0,434,0.1,29.40807500142059,0.9873527156625048,5,15,265,8.499999999999796
Branin-Fav,Soft Parameter Sharing,59,254,0,2000,0.1,28.449218905469387,0.9873527156625048,6,15,266,8.399999999999794
Branin-Fav,Soft Parameter Sharing,59,255,0,131,0.1,45.642941799136416,0.9873527156625048,7,15,267,8.299999999999793
Branin-Fav,Soft Parameter Sharing,59,256,0,535,0.1,29.924272020774023,0.9873527156625048,8,15,268,8.199999999999791
Branin-Fav,Soft Parameter Sharing,59,257,0,586,0.1,26.781119024787074,0.9873527156625048,9,15,269,8.09999999999979
Branin-Fav,Soft Parameter Sharing,59,258,0,182,0.1,29.440585418585734,0.9873527156625048,10,15,270,7.999999999999789
Branin-Fav,Soft Parameter Sharing,59,259,0,333,0.1,28.78618610505548,0.9873527156625048,11,15,271,7.899999999999787
Branin-Fav,Soft Parameter Sharing,59,260,0,181,0.1,49.79228639936569,0.9873527156625048,12,15,272,7.799999999999786
Branin-Fav,Soft Parameter Sharing,59,261,0,383,0.1,27.069974583722594,0.9873527156625048,13,15,273,7.699999999999784
Branin-Fav,Soft Parameter Sharing,59,262,0,232,0.1,26.82100301445324,0.9873527156625048,14,15,274,7.599999999999783
Branin-Fav,Soft Parameter Sharing,59,263,0,29,0.1,31.748905975322035,0.9873527156625048,15,15,275,7.4999999999997815
Branin-Fav,Soft Parameter Sharing,59,264,0,80,0.1,30.299166757318474,0.9873527156625048,16,15,276,7.39999999999978
Branin-Fav,Soft Parameter Sharing,59,265,0,28,0.1,29.916702105381532,0.9873527156625048,17,15,277,7.299999999999779
Branin-Fav,Soft Parameter Sharing,59,266,0,130,0.1,39.52729245568808,0.9873527156625048,18,15,278,7.199999999999777
Branin-Fav,Soft Parameter Sharing,59,267,0,282,0.1,32.786222854872555,0.9873527156625048,19,15,279,7.099999999999776
Branin-Fav,Soft Parameter Sharing,59,268,0,231,0.1,52.47812771392759,0.9873527156625048,20,15,280,6.999999999999774
Branin-Fav,Soft Parameter Sharing,59,269,1,199,1.0,9.117379549923557,0.9873527156625048,0,16,280,5.999999999999773
Branin-Fav,Soft Parameter Sharing,59,270,0,484,0.1,27.385412321862777,0.9866720950875933,1,16,281,5.899999999999773
Branin-Fav,Soft Parameter Sharing,59,271,0,79,0.1,54.238056634671395,0.9866720950875933,2,16,282,5.799999999999772
Branin-Fav,Soft Parameter Sharing,59,272,0,180,0.1,46.748697171791385,0.9866720950875933,3,16,283,5.69999999999977
Branin-Fav,Soft Parameter Sharing,59,273,0,129,0.1,59.53072051687238,0.9866720950875933,4,16,284,5.599999999999769
Branin-Fav,Soft Parameter Sharing,59,274,0,230,0.1,60.95722794982336,0.9866720950875933,5,16,285,5.499999999999767
Branin-Fav,Soft Parameter Sharing,59,275,0,280,0.1,50.17492776128551,0.9866720950875933,6,16,286,5.399999999999766
Branin-Fav,Soft Parameter Sharing,59,276,0,27,0.1,28.474473689782553,0.9866720950875933,7,16,287,5.2999999999997645
Branin-Fav,Soft Parameter Sharing,59,277,0,78,0.1,46.293456398002036,0.9866720950875933,8,16,288,5.199999999999763
Branin-Fav,Soft Parameter Sharing,59,278,0,179,0.1,35.513200945427165,0.9866720950875933,9,16,289,5.099999999999762
Branin-Fav,Soft Parameter Sharing,59,279,0,281,0.1,32.25122289236623,0.9866720950875933,10,16,290,4.99999999999976
Branin-Fav,Soft Parameter Sharing,59,280,0,26,0.1,35.177002626259245,0.9866720950875933,11,16,291,4.899999999999759
Branin-Fav,Soft Parameter Sharing,59,281,0,128,0.1,67.46194134995442,0.9866720950875933,12,16,292,4.799999999999757
Branin-Fav,Soft Parameter Sharing,59,282,0,77,0.1,43.51050509649552,0.9866720950875933,13,16,293,4.699999999999756
Branin-Fav,Soft Parameter Sharing,59,283,0,332,0.1,34.228182159234265,0.9866720950875933,14,16,294,4.5999999999997545
Branin-Fav,Soft Parameter Sharing,59,284,0,25,0.1,32.34490615197997,0.9866720950875933,15,16,295,4.499999999999753
Branin-Fav,Soft Parameter Sharing,59,285,0,76,0.1,36.87000895442791,0.9866720950875933,16,16,296,4.399999999999752
Branin-Fav,Soft Parameter Sharing,59,286,0,24,0.1,33.66292523764957,0.9866720950875933,17,16,297,4.29999999999975
Branin-Fav,Soft Parameter Sharing,59,287,0,127,0.1,32.53244352372478,0.9866720950875933,18,16,298,4.199999999999749
Branin-Fav,Soft Parameter Sharing,59,288,0,178,0.1,59.11886952442728,0.9866720950875933,19,16,299,4.099999999999747
Branin-Fav,Soft Parameter Sharing,59,289,0,229,0.1,66.28620655111767,0.9866720950875933,20,16,300,3.9999999999997455
Branin-Fav,Soft Parameter Sharing,59,290,1,549,1.0,11.54269819378556,0.9866720950875933,0,17,300,2.999999999999744
Branin-Fav,Soft Parameter Sharing,59,291,0,177,0.1,53.944955157697834,0.9799008630951923,1,17,301,2.899999999999744
Branin-Fav,Soft Parameter Sharing,59,292,0,228,0.1,63.31279714450475,0.9799008630951923,2,17,302,2.7999999999997427
Branin-Fav,Soft Parameter Sharing,59,293,0,75,0.1,35.31847088270887,0.9799008630951923,3,17,303,2.6999999999997413
Branin-Fav,Soft Parameter Sharing,59,294,0,331,0.1,37.719325905523135,0.9799008630951923,4,17,304,2.59999999999974
Branin-Fav,Soft Parameter Sharing,59,295,0,126,0.1,48.9238909848331,0.9799008630951923,5,17,305,2.4999999999997384
Branin-Fav,Soft Parameter Sharing,59,296,0,279,0.1,39.25241883263588,0.9799008630951923,6,17,306,2.399999999999737
Branin-Fav,Soft Parameter Sharing,59,297,0,330,0.1,33.49207499217355,0.9799008630951923,7,17,307,2.2999999999997356
Branin-Fav,Soft Parameter Sharing,59,298,0,227,0.1,55.868358857622574,0.9799008630951923,8,17,308,2.199999999999734
Branin-Fav,Soft Parameter Sharing,59,299,0,176,0.1,41.50947531941839,0.9799008630951923,9,17,309,2.0999999999997327
Branin-Fav,Soft Parameter Sharing,59,300,0,278,0.1,55.40584337404123,0.9799008630951923,10,17,310,1.9999999999997313
Branin-Fav,Soft Parameter Sharing,59,301,0,277,0.1,50.96548793121038,0.9799008630951923,11,17,311,1.89999999999973
Branin-Fav,Soft Parameter Sharing,59,302,0,328,0.1,59.85791790854316,0.9799008630951923,12,17,312,1.7999999999997285
Branin-Fav,Soft Parameter Sharing,59,303,0,329,0.1,58.150975610260915,0.9799008630951923,13,17,313,1.699999999999727
Branin-Fav,Soft Parameter Sharing,59,304,0,226,0.1,56.055622904243606,0.9799008630951923,14,17,314,1.5999999999997256
Branin-Fav,Soft Parameter Sharing,59,305,0,327,0.1,58.187352187465,0.9799008630951923,15,17,315,1.4999999999997242
Branin-Fav,Soft Parameter Sharing,59,306,0,377,0.1,69.2391443419048,0.9799008630951923,16,17,316,1.3999999999997228
Branin-Fav,Soft Parameter Sharing,59,307,0,23,0.1,54.52278145077946,0.9799008630951923,17,17,317,1.2999999999997214
Branin-Fav,Soft Parameter Sharing,59,308,0,378,0.1,59.322270524930616,0.9799008630951923,18,17,318,1.19999999999972
Branin-Fav,Soft Parameter Sharing,59,309,0,125,0.1,43.72530868940719,0.9799008630951923,19,17,319,1.0999999999997185
Branin-Fav,Soft Parameter Sharing,59,310,0,379,0.1,61.45370621752428,0.9799008630951923,20,17,320,0.9999999999997172
Branin-Fav,Soft Parameter Sharing,59,311,0,427,0.1,62.28863149750656,0.9799008630951923,21,17,321,0.8999999999997158
Branin-Fav,Soft Parameter Sharing,59,312,0,74,0.1,55.478751795256095,0.9799008630951923,22,17,322,0.7999999999997144
Branin-Fav,Soft Parameter Sharing,59,313,0,276,0.1,49.811904740163854,0.9799008630951923,23,17,323,0.699999999999713
Branin-Fav,Soft Parameter Sharing,59,314,0,175,0.1,50.57675503035764,0.9799008630951923,24,17,324,0.5999999999997115
Branin-Fav,Soft Parameter Sharing,59,315,0,326,0.1,65.10539371819132,0.9799008630951923,25,17,325,0.4999999999997101
Branin-Fav,Soft Parameter Sharing,59,316,0,124,0.1,48.06765450366751,0.9799008630951923,26,17,326,0.3999999999997087
Branin-Fav,Soft Parameter Sharing,59,317,0,376,0.1,58.8537567015554,0.9799008630951923,27,17,327,0.2999999999997073
Branin-Fav,Soft Parameter Sharing,59,318,0,426,0.1,69.02316797496766,0.9799008630951923,28,17,328,0.19999999999970583
Branin-Fav,Soft Parameter Sharing,59,319,0,225,0.1,62.95105975881147,0.9799008630951923,29,17,329,0.09999999999970441
Branin-Fav,Soft Parameter Sharing,60,1,0,43,0.1,276.42006336150416,0.5,1,2,26,45.4
Branin-Fav,Soft Parameter Sharing,60,2,0,37,0.1,161.63742538435528,0.5,2,2,27,45.3
Branin-Fav,Soft Parameter Sharing,60,3,0,2250,0.1,174.51022030761962,0.5,3,2,28,45.199999999999996
Branin-Fav,Soft Parameter Sharing,60,4,0,46,0.1,162.0835288935159,0.5,4,2,29,45.1
Branin-Fav,Soft Parameter Sharing,60,5,0,41,0.1,151.7062378940446,0.5,5,2,30,45.0
Branin-Fav,Soft Parameter Sharing,60,6,0,238,0.1,131.65050042385963,0.5,6,2,31,44.9
Branin-Fav,Soft Parameter Sharing,60,7,0,40,0.1,123.73495414290605,0.5,7,2,32,44.800000000000004
Branin-Fav,Soft Parameter Sharing,60,8,0,533,0.1,121.05516025153386,0.5,8,2,33,44.7
Branin-Fav,Soft Parameter Sharing,60,9,0,44,0.1,116.62487612790048,0.5,9,2,34,44.6
Branin-Fav,Soft Parameter Sharing,60,10,0,35,0.1,131.00153505341945,0.5,10,2,35,44.5
Branin-Fav,Soft Parameter Sharing,60,11,0,49,0.1,106.12507267941164,0.5,11,2,36,44.4
Branin-Fav,Soft Parameter Sharing,60,12,0,39,0.1,112.84004530303615,0.5,12,2,37,44.300000000000004
Branin-Fav,Soft Parameter Sharing,60,13,0,45,0.1,108.31840383511725,0.5,13,2,38,44.2
Branin-Fav,Soft Parameter Sharing,60,14,0,42,0.1,115.37321318528825,0.5,14,2,39,44.1
Branin-Fav,Soft Parameter Sharing,60,15,0,38,0.1,107.95043608114896,0.5,15,2,40,44.00000000000001
Branin-Fav,Soft Parameter Sharing,60,16,0,47,0.1,100.61424491718469,0.5,16,2,41,43.900000000000006
Branin-Fav,Soft Parameter Sharing,60,17,0,36,0.1,105.11080569890542,0.5,17,2,42,43.800000000000004
Branin-Fav,Soft Parameter Sharing,60,18,0,90,0.1,100.60251901410993,0.5,18,2,43,43.7
Branin-Fav,Soft Parameter Sharing,60,19,0,99,0.1,108.12929677392451,0.5,19,2,44,43.6
Branin-Fav,Soft Parameter Sharing,60,20,0,91,0.1,96.78157970026771,0.5,20,2,45,43.50000000000001
Branin-Fav,Soft Parameter Sharing,60,21,1,30,1.0,96.68366132879964,0.5,0,3,45,42.50000000000001
Branin-Fav,Soft Parameter Sharing,60,22,0,48,0.1,97.30931675655877,0.5,1,3,46,42.400000000000006
Branin-Fav,Soft Parameter Sharing,60,23,0,98,0.1,97.39030666395652,0.5,2,3,47,42.300000000000004
Branin-Fav,Soft Parameter Sharing,60,24,0,97,0.1,99.23490735319479,0.5,3,3,48,42.20000000000001
Branin-Fav,Soft Parameter Sharing,60,25,0,96,0.1,95.20813038163398,0.5,4,3,49,42.10000000000001
Branin-Fav,Soft Parameter Sharing,60,26,0,95,0.1,96.31338227656155,0.5,5,3,50,42.00000000000001
Branin-Fav,Soft Parameter Sharing,60,27,0,149,0.1,96.23051183425652,0.5,6,3,51,41.900000000000006
Branin-Fav,Soft Parameter Sharing,60,28,0,2450,0.1,98.25295231461936,0.5,7,3,52,41.800000000000004
Branin-Fav,Soft Parameter Sharing,60,29,0,94,0.1,94.94863154793585,0.5,8,3,53,41.70000000000001
Branin-Fav,Soft Parameter Sharing,60,30,0,93,0.1,93.53468922381059,0.5,9,3,54,41.60000000000001
Branin-Fav,Soft Parameter Sharing,60,31,1,0,1.0,99.03382638189662,0.5,0,4,54,40.60000000000001
Branin-Fav,Soft Parameter Sharing,60,32,1,49,1.0,139.91963074346447,0.5,0,5,54,39.60000000000001
Branin-Fav,Soft Parameter Sharing,60,33,0,2400,0.1,116.40824598329843,0.5,1,5,55,39.50000000000001
Branin-Fav,Soft Parameter Sharing,60,34,0,88,0.1,119.33152464782023,0.5,2,5,56,39.40000000000001
Branin-Fav,Soft Parameter Sharing,60,35,0,429,0.1,116.99226323903247,0.5,3,5,57,39.30000000000001
Branin-Fav,Soft Parameter Sharing,60,36,0,387,0.1,121.34862560207272,0.5,4,5,58,39.20000000000001
Branin-Fav,Soft Parameter Sharing,60,37,0,89,0.1,115.94495274657163,0.5,5,5,59,39.10000000000001
Branin-Fav,Soft Parameter Sharing,60,38,0,132,0.1,112.64241677768838,0.5,6,5,60,39.00000000000001
Branin-Fav,Soft Parameter Sharing,60,39,0,232,0.1,104.2231051377319,0.5,7,5,61,38.90000000000001
Branin-Fav,Soft Parameter Sharing,60,40,0,334,0.1,109.7786254391997,0.5,8,5,62,38.80000000000001
Branin-Fav,Soft Parameter Sharing,60,41,0,349,0.1,117.97242836954176,0.5,9,5,63,38.70000000000001
Branin-Fav,Soft Parameter Sharing,60,42,0,2350,0.1,105.45830480169613,0.5,10,5,64,38.600000000000016
Branin-Fav,Soft Parameter Sharing,60,43,0,283,0.1,107.70580100541764,0.5,11,5,65,38.500000000000014
Branin-Fav,Soft Parameter Sharing,60,44,0,426,0.1,108.82806581719679,0.5,12,5,66,38.40000000000001
Branin-Fav,Soft Parameter Sharing,60,45,0,34,0.1,106.71055759975339,0.5,13,5,67,38.30000000000001
Branin-Fav,Soft Parameter Sharing,60,46,0,138,0.1,104.46552894068029,0.5,14,5,68,38.20000000000001
Branin-Fav,Soft Parameter Sharing,60,47,0,299,0.1,104.94636055518929,0.5,15,5,69,38.100000000000016
Branin-Fav,Soft Parameter Sharing,60,48,0,332,0.1,100.03225145032769,0.5,16,5,70,38.000000000000014
Branin-Fav,Soft Parameter Sharing,60,49,0,28,0.1,118.46518623133748,0.5,17,5,71,37.90000000000001
Branin-Fav,Soft Parameter Sharing,60,50,0,285,0.1,101.01397055065664,0.5,18,5,72,37.80000000000002
Branin-Fav,Soft Parameter Sharing,60,51,0,127,0.1,106.17619331004393,0.5,19,5,73,37.70000000000002
Branin-Fav,Soft Parameter Sharing,60,52,0,430,0.1,100.3757646912926,0.5,20,5,74,37.600000000000016
Branin-Fav,Soft Parameter Sharing,60,53,1,2450,1.0,45.48205053742664,0.5,0,6,74,36.600000000000016
Branin-Fav,Soft Parameter Sharing,60,54,0,86,0.1,99.73855214037117,0.5,1,6,75,36.500000000000014
Branin-Fav,Soft Parameter Sharing,60,55,0,33,0.1,97.5859381782197,0.5,2,6,76,36.40000000000001
Branin-Fav,Soft Parameter Sharing,60,56,0,427,0.1,100.36538907985917,0.5,3,6,77,36.30000000000002
Branin-Fav,Soft Parameter Sharing,60,57,0,85,0.1,98.14574201068214,0.5,4,6,78,36.20000000000002
Branin-Fav,Soft Parameter Sharing,60,58,0,230,0.1,96.14243336185578,0.5,5,6,79,36.100000000000016
Branin-Fav,Soft Parameter Sharing,60,59,0,82,0.1,92.62383753880927,0.5,6,6,80,36.00000000000002
Branin-Fav,Soft Parameter Sharing,60,60,0,178,0.1,99.2402721763654,0.5,7,6,81,35.90000000000002
Branin-Fav,Soft Parameter Sharing,60,61,0,478,0.1,101.88002376081681,0.5,8,6,82,35.80000000000002
Branin-Fav,Soft Parameter Sharing,60,62,0,449,0.1,110.94281612169351,0.5,9,6,83,35.70000000000002
Branin-Fav,Soft Parameter Sharing,60,63,0,476,0.1,102.30890344188218,0.5,10,6,84,35.600000000000016
Branin-Fav,Soft Parameter Sharing,60,64,0,78,0.1,101.06820602384404,0.5,11,6,85,35.50000000000002
Branin-Fav,Soft Parameter Sharing,60,65,0,379,0.1,94.73243493554872,0.5,12,6,86,35.40000000000002
Branin-Fav,Soft Parameter Sharing,60,66,0,31,0.1,92.42042699342207,0.5,13,6,87,35.30000000000002
Branin-Fav,Soft Parameter Sharing,60,67,0,29,0.1,97.69342074637295,0.5,14,6,88,35.200000000000024
Branin-Fav,Soft Parameter Sharing,60,68,0,378,0.1,96.02388017720142,0.5,15,6,89,35.10000000000002
Branin-Fav,Soft Parameter Sharing,60,69,0,399,0.1,103.19135616486356,0.5,16,6,90,35.00000000000002
Branin-Fav,Soft Parameter Sharing,60,70,0,281,0.1,91.95744771933342,0.5,17,6,91,34.90000000000002
Branin-Fav,Soft Parameter Sharing,60,71,0,678,0.1,97.55730992744785,0.5,18,6,92,34.80000000000002
Branin-Fav,Soft Parameter Sharing,60,72,0,577,0.1,97.03360515701561,0.5,19,6,93,34.700000000000024
Branin-Fav,Soft Parameter Sharing,60,73,0,228,0.1,96.46532685321415,0.5,20,6,94,34.60000000000002
Branin-Fav,Soft Parameter Sharing,60,74,1,749,1.0,47.87003543799351,0.5,0,7,94,33.60000000000002
Branin-Fav,Soft Parameter Sharing,60,75,0,428,0.1,90.5404063281091,0.5,1,7,95,33.50000000000002
Branin-Fav,Soft Parameter Sharing,60,76,0,627,0.1,96.24521372009906,0.5,2,7,96,33.40000000000002
Branin-Fav,Soft Parameter Sharing,60,77,0,27,0.1,98.3200117862716,0.5,3,7,97,33.30000000000002
Branin-Fav,Soft Parameter Sharing,60,78,0,579,0.1,92.0693620271743,0.5,4,7,98,33.20000000000002
Branin-Fav,Soft Parameter Sharing,60,79,0,527,0.1,93.97084968860051,0.5,5,7,99,33.100000000000016
Branin-Fav,Soft Parameter Sharing,60,80,0,628,0.1,92.86026156084309,0.5,6,7,100,33.000000000000014
Branin-Fav,Soft Parameter Sharing,60,81,0,826,0.1,103.70404837818286,0.5,7,7,101,32.90000000000001
Branin-Fav,Soft Parameter Sharing,60,82,0,578,0.1,87.42027415436279,0.5,8,7,102,32.80000000000001
Branin-Fav,Soft Parameter Sharing,60,83,0,626,0.1,93.74760936438452,0.5,9,7,103,32.70000000000001
Branin-Fav,Soft Parameter Sharing,60,84,0,477,0.1,91.7153876852669,0.5,10,7,104,32.60000000000001
Branin-Fav,Soft Parameter Sharing,60,85,0,481,0.1,93.00561590643697,0.5,11,7,105,32.50000000000001
Branin-Fav,Soft Parameter Sharing,60,86,0,483,0.1,93.88711484423723,0.5,12,7,106,32.400000000000006
Branin-Fav,Soft Parameter Sharing,60,87,0,576,0.1,92.81834072812467,0.5,13,7,107,32.300000000000004
Branin-Fav,Soft Parameter Sharing,60,88,0,580,0.1,91.74897287145382,0.5,14,7,108,32.2
Branin-Fav,Soft Parameter Sharing,60,89,0,528,0.1,89.33294347115856,0.5,15,7,109,32.1
Branin-Fav,Soft Parameter Sharing,60,90,0,526,0.1,90.08889410091282,0.5,16,7,110,32.0
Branin-Fav,Soft Parameter Sharing,60,91,0,377,0.1,91.3688919517108,0.5,17,7,111,31.9
Branin-Fav,Soft Parameter Sharing,60,92,0,677,0.1,91.75909859618913,0.5,18,7,112,31.799999999999997
Branin-Fav,Soft Parameter Sharing,60,93,0,529,0.1,85.39276650851187,0.5,19,7,113,31.699999999999996
Branin-Fav,Soft Parameter Sharing,60,94,0,726,0.1,90.71724390195295,0.5,20,7,114,31.599999999999994
Branin-Fav,Soft Parameter Sharing,60,95,1,433,1.0,31.25987287415593,0.5,0,8,114,30.599999999999994
Branin-Fav,Soft Parameter Sharing,60,96,0,79,0.1,86.37379886735506,0.5,1,8,115,30.499999999999993
Branin-Fav,Soft Parameter Sharing,60,97,0,874,0.1,87.1154885727939,0.5,2,8,116,30.39999999999999
Branin-Fav,Soft Parameter Sharing,60,98,0,80,0.1,85.84059890316273,0.5,3,8,117,30.29999999999999
Branin-Fav,Soft Parameter Sharing,60,99,0,26,0.1,90.93243639581624,0.5,4,8,118,30.19999999999999
Branin-Fav,Soft Parameter Sharing,60,100,0,328,0.1,84.20847073884839,0.5,5,8,119,30.099999999999987
Branin-Fav,Soft Parameter Sharing,60,101,0,675,0.1,91.51876525968,0.5,6,8,120,29.999999999999986
Branin-Fav,Soft Parameter Sharing,60,102,0,77,0.1,92.07596587433615,0.5,7,8,121,29.899999999999984
Branin-Fav,Soft Parameter Sharing,60,103,0,923,0.1,90.9778459765378,0.5,8,8,122,29.799999999999983
Branin-Fav,Soft Parameter Sharing,60,104,0,327,0.1,85.02097457428576,0.5,9,8,123,29.69999999999998
Branin-Fav,Soft Parameter Sharing,60,105,0,825,0.1,83.07145628736748,0.5,10,8,124,29.59999999999998
Branin-Fav,Soft Parameter Sharing,60,106,0,25,0.1,92.00171073544261,0.5,11,8,125,29.49999999999998
Branin-Fav,Soft Parameter Sharing,60,107,0,76,0.1,86.43951249762361,0.5,12,8,126,29.399999999999977
Branin-Fav,Soft Parameter Sharing,60,108,0,873,0.1,85.34893382407064,0.5,13,8,127,29.299999999999976
Branin-Fav,Soft Parameter Sharing,60,109,0,278,0.1,82.5620927480401,0.5,14,8,128,29.199999999999974
Branin-Fav,Soft Parameter Sharing,60,110,0,128,0.1,86.25930401275099,0.5,15,8,129,29.099999999999973
Branin-Fav,Soft Parameter Sharing,60,111,0,177,0.1,84.1375681605908,0.5,16,8,130,28.99999999999997
Branin-Fav,Soft Parameter Sharing,60,112,0,775,0.1,83.31238291134561,0.5,17,8,131,28.89999999999997
Branin-Fav,Soft Parameter Sharing,60,113,0,126,0.1,83.55693811500751,0.5,18,8,132,28.79999999999997
Branin-Fav,Soft Parameter Sharing,60,114,0,875,0.1,83.68182265039482,0.5,19,8,133,28.699999999999967
Branin-Fav,Soft Parameter Sharing,60,115,0,725,0.1,79.78469329886207,0.5,20,8,134,28.599999999999966
Branin-Fav,Soft Parameter Sharing,60,116,1,449,1.0,21.499059331323753,0.5,0,9,134,27.599999999999966
Branin-Fav,Soft Parameter Sharing,60,117,0,625,0.1,121.3604272297824,0.7757364601683476,1,9,135,27.499999999999964
Branin-Fav,Soft Parameter Sharing,60,118,0,776,0.1,126.93443989962492,0.7757364601683476,2,9,136,27.399999999999963
Branin-Fav,Soft Parameter Sharing,60,119,0,227,0.1,122.58504277344802,0.7757364601683476,3,9,137,27.29999999999996
Branin-Fav,Soft Parameter Sharing,60,120,0,129,0.1,124.7581117174467,0.7757364601683476,4,9,138,27.19999999999996
Branin-Fav,Soft Parameter Sharing,60,121,0,376,0.1,124.67613975948578,0.7757364601683476,5,9,139,27.09999999999996
Branin-Fav,Soft Parameter Sharing,60,122,0,277,0.1,121.86067078526926,0.7757364601683476,6,9,140,26.999999999999957
Branin-Fav,Soft Parameter Sharing,60,123,0,179,0.1,122.13314760860187,0.7757364601683476,7,9,141,26.899999999999956
Branin-Fav,Soft Parameter Sharing,60,124,0,525,0.1,124.15622027493896,0.7757364601683476,8,9,142,26.799999999999955
Branin-Fav,Soft Parameter Sharing,60,125,0,774,0.1,120.08662773559848,0.7757364601683476,9,9,143,26.699999999999953
Branin-Fav,Soft Parameter Sharing,60,126,0,130,0.1,116.83912260685136,0.7757364601683476,10,9,144,26.59999999999995
Branin-Fav,Soft Parameter Sharing,60,127,0,326,0.1,121.08842824032254,0.7757364601683476,11,9,145,26.49999999999995
Branin-Fav,Soft Parameter Sharing,60,128,0,176,0.1,118.44606011589332,0.7757364601683476,12,9,146,26.39999999999995
Branin-Fav,Soft Parameter Sharing,60,129,0,575,0.1,116.48089826251521,0.7757364601683476,13,9,147,26.299999999999947
Branin-Fav,Soft Parameter Sharing,60,130,0,724,0.1,119.44161601046143,0.7757364601683476,14,9,148,26.199999999999946
Branin-Fav,Soft Parameter Sharing,60,131,0,479,0.1,116.81415605506157,0.7757364601683476,15,9,149,26.099999999999945
Branin-Fav,Soft Parameter Sharing,60,132,0,329,0.1,112.94827049903455,0.7757364601683476,16,9,150,25.999999999999943
Branin-Fav,Soft Parameter Sharing,60,133,0,824,0.1,124.78834513137632,0.7757364601683476,17,9,151,25.89999999999994
Branin-Fav,Soft Parameter Sharing,60,134,0,924,0.1,121.71729404927572,0.7757364601683476,18,9,152,25.79999999999994
Branin-Fav,Soft Parameter Sharing,60,135,0,276,0.1,118.62980757284626,0.7757364601683476,19,9,153,25.69999999999994
Branin-Fav,Soft Parameter Sharing,60,136,0,229,0.1,115.15783087791456,0.7757364601683476,20,9,154,25.599999999999937
Branin-Fav,Soft Parameter Sharing,60,137,1,399,1.0,19.35755135140221,0.7757364601683476,0,10,154,24.599999999999937
Branin-Fav,Soft Parameter Sharing,60,138,0,674,0.1,120.09061404351742,0.8030843796786635,1,10,155,24.499999999999936
Branin-Fav,Soft Parameter Sharing,60,139,0,823,0.1,123.12053305150104,0.8030843796786635,2,10,156,24.399999999999935
Branin-Fav,Soft Parameter Sharing,60,140,0,624,0.1,124.11850054176905,0.8030843796786635,3,10,157,24.299999999999933
Branin-Fav,Soft Parameter Sharing,60,141,0,727,0.1,117.00317715911164,0.8030843796786635,4,10,158,24.199999999999932
Branin-Fav,Soft Parameter Sharing,60,142,0,279,0.1,117.05761005698147,0.8030843796786635,5,10,159,24.09999999999993
Branin-Fav,Soft Parameter Sharing,60,143,0,475,0.1,118.3187253168832,0.8030843796786635,6,10,160,23.99999999999993
Branin-Fav,Soft Parameter Sharing,60,144,0,876,0.1,121.3487521647041,0.8030843796786635,7,10,161,23.899999999999928
Branin-Fav,Soft Parameter Sharing,60,145,0,773,0.1,115.97462237256138,0.8030843796786635,8,10,162,23.799999999999926
Branin-Fav,Soft Parameter Sharing,60,146,0,81,0.1,118.17435943779864,0.8030843796786635,9,10,163,23.699999999999925
Branin-Fav,Soft Parameter Sharing,60,147,0,723,0.1,115.83732589561373,0.8030843796786635,10,10,164,23.599999999999923
Branin-Fav,Soft Parameter Sharing,60,148,0,32,0.1,112.50147804595717,0.8030843796786635,11,10,165,23.499999999999922
Branin-Fav,Soft Parameter Sharing,60,149,0,425,0.1,116.14499500825801,0.8030843796786635,12,10,166,23.39999999999992
Branin-Fav,Soft Parameter Sharing,60,150,0,777,0.1,112.68378731041433,0.8030843796786635,13,10,167,23.29999999999992
Branin-Fav,Soft Parameter Sharing,60,151,0,574,0.1,112.8636842516971,0.8030843796786635,14,10,168,23.199999999999918
Branin-Fav,Soft Parameter Sharing,60,152,0,973,0.1,110.16566332807255,0.8030843796786635,15,10,169,23.099999999999916
Branin-Fav,Soft Parameter Sharing,60,153,0,226,0.1,112.43355471836247,0.8030843796786635,16,10,170,22.999999999999915
Branin-Fav,Soft Parameter Sharing,60,154,0,75,0.1,116.2784628735124,0.8030843796786635,17,10,171,22.899999999999913
Branin-Fav,Soft Parameter Sharing,60,155,0,925,0.1,117.82953100079781,0.8030843796786635,18,10,172,22.799999999999912
Branin-Fav,Soft Parameter Sharing,60,156,0,673,0.1,107.50477690914694,0.8030843796786635,19,10,173,22.69999999999991
Branin-Fav,Soft Parameter Sharing,60,157,0,922,0.1,111.64859444705165,0.8030843796786635,20,10,174,22.59999999999991
Branin-Fav,Soft Parameter Sharing,60,158,1,232,1.0,17.54058854790182,0.8030843796786635,0,11,174,21.59999999999991
Branin-Fav,Soft Parameter Sharing,60,159,0,125,0.1,105.63949430758792,0.8006729375751703,1,11,175,21.499999999999908
Branin-Fav,Soft Parameter Sharing,60,160,0,24,0.1,104.53514348743515,0.8006729375751703,2,11,176,21.399999999999906
Branin-Fav,Soft Parameter Sharing,60,161,0,375,0.1,110.86830453232574,0.8006729375751703,3,11,177,21.299999999999905
Branin-Fav,Soft Parameter Sharing,60,162,0,872,0.1,112.35489729042317,0.8006729375751703,4,11,178,21.199999999999903
Branin-Fav,Soft Parameter Sharing,60,163,0,325,0.1,103.70128942037819,0.8006729375751703,5,11,179,21.099999999999902
Branin-Fav,Soft Parameter Sharing,60,164,0,74,0.1,108.52342160082752,0.8006729375751703,6,11,180,20.9999999999999
Branin-Fav,Soft Parameter Sharing,60,165,0,180,0.1,103.25915612245149,0.8006729375751703,7,11,181,20.8999999999999
Branin-Fav,Soft Parameter Sharing,60,166,0,524,0.1,105.3594308519148,0.8006729375751703,8,11,182,20.799999999999898
Branin-Fav,Soft Parameter Sharing,60,167,0,822,0.1,108.33441876659852,0.8006729375751703,9,11,183,20.699999999999896
Branin-Fav,Soft Parameter Sharing,60,168,0,199,0.1,103.06156646321509,0.8006729375751703,10,11,184,20.599999999999895
Branin-Fav,Soft Parameter Sharing,60,169,0,728,0.1,101.57155881891771,0.8006729375751703,11,11,185,20.499999999999893
Branin-Fav,Soft Parameter Sharing,60,170,0,249,0.1,102.10292970377155,0.8006729375751703,12,11,186,20.399999999999892
Branin-Fav,Soft Parameter Sharing,60,171,0,474,0.1,106.54605249983614,0.8006729375751703,13,11,187,20.29999999999989
Branin-Fav,Soft Parameter Sharing,60,172,0,148,0.1,101.45405687213987,0.8006729375751703,14,11,188,20.19999999999989
Branin-Fav,Soft Parameter Sharing,60,173,0,198,0.1,101.76732436461911,0.8006729375751703,15,11,189,20.099999999999888
Branin-Fav,Soft Parameter Sharing,60,174,0,772,0.1,104.03348426785153,0.8006729375751703,16,11,190,19.999999999999886
Branin-Fav,Soft Parameter Sharing,60,175,0,175,0.1,100.10968576603788,0.8006729375751703,17,11,191,19.899999999999885
Branin-Fav,Soft Parameter Sharing,60,176,0,921,0.1,103.71888326124154,0.8006729375751703,18,11,192,19.799999999999883
Branin-Fav,Soft Parameter Sharing,60,177,0,623,0.1,101.49531556259329,0.8006729375751703,19,11,193,19.699999999999882
Branin-Fav,Soft Parameter Sharing,60,178,0,280,0.1,100.49862814134652,0.8006729375751703,20,11,194,19.59999999999988
Branin-Fav,Soft Parameter Sharing,60,179,1,34,1.0,17.30995700112021,0.8006729375751703,0,12,194,18.59999999999988
Branin-Fav,Soft Parameter Sharing,60,180,0,330,0.1,105.86554296751558,0.8601292284102682,1,12,195,18.49999999999988
Branin-Fav,Soft Parameter Sharing,60,181,0,248,0.1,105.48796297325879,0.8601292284102682,2,12,196,18.399999999999878
Branin-Fav,Soft Parameter Sharing,60,182,0,629,0.1,108.85225301916849,0.8601292284102682,3,12,197,18.299999999999876
Branin-Fav,Soft Parameter Sharing,60,183,0,722,0.1,110.84547387270108,0.8601292284102682,4,12,198,18.199999999999875
Branin-Fav,Soft Parameter Sharing,60,184,0,380,0.1,104.60916252222997,0.8601292284102682,5,12,199,18.099999999999874
Branin-Fav,Soft Parameter Sharing,60,185,0,275,0.1,101.84645494241818,0.8601292284102682,6,12,200,17.999999999999872
Branin-Fav,Soft Parameter Sharing,60,186,0,573,0.1,105.39469028763585,0.8601292284102682,7,12,201,17.89999999999987
Branin-Fav,Soft Parameter Sharing,60,187,0,225,0.1,102.7473322348648,0.8601292284102682,8,12,202,17.79999999999987
Branin-Fav,Soft Parameter Sharing,60,188,0,298,0.1,108.51176334613203,0.8601292284102682,9,12,203,17.699999999999868
Branin-Fav,Soft Parameter Sharing,60,189,0,827,0.1,101.60514135938075,0.8601292284102682,10,12,204,17.599999999999866
Branin-Fav,Soft Parameter Sharing,60,190,0,147,0.1,100.3850859434007,0.8601292284102682,11,12,205,17.499999999999865
Branin-Fav,Soft Parameter Sharing,60,191,0,197,0.1,107.14261334262919,0.8601292284102682,12,12,206,17.399999999999864
Branin-Fav,Soft Parameter Sharing,60,192,0,679,0.1,100.296518566408,0.8601292284102682,13,12,207,17.299999999999862
Branin-Fav,Soft Parameter Sharing,60,193,0,348,0.1,101.48427977069946,0.8601292284102682,14,12,208,17.19999999999986
Branin-Fav,Soft Parameter Sharing,60,194,0,131,0.1,100.88890614198206,0.8601292284102682,15,12,209,17.09999999999986
Branin-Fav,Soft Parameter Sharing,60,195,0,247,0.1,104.17096929919474,0.8601292284102682,16,12,210,16.999999999999858
Branin-Fav,Soft Parameter Sharing,60,196,0,499,0.1,109.544464398049,0.8601292284102682,17,12,211,16.899999999999856
Branin-Fav,Soft Parameter Sharing,60,197,0,146,0.1,99.00216270632183,0.8601292284102682,18,12,212,16.799999999999855
Branin-Fav,Soft Parameter Sharing,60,198,0,778,0.1,99.51492475853638,0.8601292284102682,19,12,213,16.699999999999854
Branin-Fav,Soft Parameter Sharing,60,199,0,424,0.1,99.23121913342705,0.8601292284102682,20,12,214,16.599999999999852
Branin-Fav,Soft Parameter Sharing,60,200,1,728,1.0,17.527541416628182,0.8601292284102682,0,13,214,15.599999999999852
Branin-Fav,Soft Parameter Sharing,60,201,0,297,0.1,99.21751419596428,0.8515887921925777,1,13,215,15.499999999999853
Branin-Fav,Soft Parameter Sharing,60,202,0,398,0.1,101.02564571628058,0.8515887921925777,2,13,216,15.399999999999851
Branin-Fav,Soft Parameter Sharing,60,203,0,972,0.1,107.75071439032389,0.8515887921925777,3,13,217,15.29999999999985
Branin-Fav,Soft Parameter Sharing,60,204,0,480,0.1,96.5036213624975,0.8515887921925777,4,13,218,15.199999999999848
Branin-Fav,Soft Parameter Sharing,60,205,0,549,0.1,103.23207663886653,0.8515887921925777,5,13,219,15.099999999999847
Branin-Fav,Soft Parameter Sharing,60,206,0,971,0.1,96.34440609049103,0.8515887921925777,6,13,220,14.999999999999845
Branin-Fav,Soft Parameter Sharing,60,207,0,181,0.1,95.69660814010807,0.8515887921925777,7,13,221,14.899999999999844
Branin-Fav,Soft Parameter Sharing,60,208,0,871,0.1,98.38362775337391,0.8515887921925777,8,13,222,14.799999999999843
Branin-Fav,Soft Parameter Sharing,60,209,0,196,0.1,97.5187175320523,0.8515887921925777,9,13,223,14.699999999999841
Branin-Fav,Soft Parameter Sharing,60,210,0,448,0.1,101.50928492922448,0.8515887921925777,10,13,224,14.59999999999984
Branin-Fav,Soft Parameter Sharing,60,211,0,246,0.1,92.19760273347248,0.8515887921925777,11,13,225,14.499999999999838
Branin-Fav,Soft Parameter Sharing,60,212,0,1021,0.1,98.60386486502524,0.8515887921925777,12,13,226,14.399999999999837
Branin-Fav,Soft Parameter Sharing,60,213,0,145,0.1,93.25088266344447,0.8515887921925777,13,13,227,14.299999999999836
Branin-Fav,Soft Parameter Sharing,60,214,0,347,0.1,94.14915937494283,0.8515887921925777,14,13,228,14.199999999999834
Branin-Fav,Soft Parameter Sharing,60,215,0,498,0.1,91.97773725938131,0.8515887921925777,15,13,229,14.099999999999833
Branin-Fav,Soft Parameter Sharing,60,216,0,397,0.1,93.08764477529253,0.8515887921925777,16,13,230,13.999999999999831
Branin-Fav,Soft Parameter Sharing,60,217,0,447,0.1,98.71178471950377,0.8515887921925777,17,13,231,13.89999999999983
Branin-Fav,Soft Parameter Sharing,60,218,0,599,0.1,97.468446046644,0.8515887921925777,18,13,232,13.799999999999828
Branin-Fav,Soft Parameter Sharing,60,219,0,296,0.1,98.00854731828112,0.8515887921925777,19,13,233,13.699999999999827
Branin-Fav,Soft Parameter Sharing,60,220,0,548,0.1,93.01511368555441,0.8515887921925777,20,13,234,13.599999999999826
Branin-Fav,Soft Parameter Sharing,60,221,1,778,1.0,16.67586663437221,0.8515887921925777,0,14,234,12.599999999999824
Branin-Fav,Soft Parameter Sharing,60,222,0,649,0.1,90.65800348800349,0.8408776181879366,1,14,235,12.499999999999824
Branin-Fav,Soft Parameter Sharing,60,223,0,672,0.1,87.95133104029557,0.8408776181879366,2,14,236,12.399999999999823
Branin-Fav,Soft Parameter Sharing,60,224,0,346,0.1,91.04856664089809,0.8408776181879366,3,14,237,12.299999999999821
Branin-Fav,Soft Parameter Sharing,60,225,0,598,0.1,89.72922056591895,0.8408776181879366,4,14,238,12.19999999999982
Branin-Fav,Soft Parameter Sharing,60,226,0,497,0.1,91.45606109269232,0.8408776181879366,5,14,239,12.099999999999818
Branin-Fav,Soft Parameter Sharing,60,227,0,1022,0.1,89.58349586066164,0.8408776181879366,6,14,240,11.999999999999817
Branin-Fav,Soft Parameter Sharing,60,228,0,877,0.1,88.82447281615704,0.8408776181879366,7,14,241,11.899999999999816
Branin-Fav,Soft Parameter Sharing,60,229,0,523,0.1,88.66819230069008,0.8408776181879366,8,14,242,11.799999999999814
Branin-Fav,Soft Parameter Sharing,60,230,0,195,0.1,88.15082439943158,0.8408776181879366,9,14,243,11.699999999999813
Branin-Fav,Soft Parameter Sharing,60,231,0,245,0.1,83.9047287248523,0.8408776181879366,10,14,244,11.599999999999811
Branin-Fav,Soft Parameter Sharing,60,232,0,331,0.1,88.3586631796989,0.8408776181879366,11,14,245,11.49999999999981
Branin-Fav,Soft Parameter Sharing,60,233,0,530,0.1,87.20915340529321,0.8408776181879366,12,14,246,11.399999999999809
Branin-Fav,Soft Parameter Sharing,60,234,0,374,0.1,92.16803002586914,0.8408776181879366,13,14,247,11.299999999999807
Branin-Fav,Soft Parameter Sharing,60,235,0,144,0.1,85.3119130165484,0.8408776181879366,14,14,248,11.199999999999806
Branin-Fav,Soft Parameter Sharing,60,236,0,974,0.1,85.91367955592169,0.8408776181879366,15,14,249,11.099999999999804
Branin-Fav,Soft Parameter Sharing,60,237,0,324,0.1,82.46200705657503,0.8408776181879366,16,14,250,10.999999999999803
Branin-Fav,Soft Parameter Sharing,60,238,0,83,0.1,86.93637314320968,0.8408776181879366,17,14,251,10.899999999999801
Branin-Fav,Soft Parameter Sharing,60,239,0,1023,0.1,85.13516411216857,0.8408776181879366,18,14,252,10.7999999999998
Branin-Fav,Soft Parameter Sharing,60,240,0,396,0.1,86.88189924534478,0.8408776181879366,19,14,253,10.699999999999799
Branin-Fav,Soft Parameter Sharing,60,241,0,2000,0.1,95.95690682485473,0.8408776181879366,20,14,254,10.599999999999797
Branin-Fav,Soft Parameter Sharing,60,242,1,599,1.0,15.191862085718515,0.8408776181879366,0,15,254,9.599999999999795
Branin-Fav,Soft Parameter Sharing,60,243,0,446,0.1,80.38451286829155,0.7984667978249868,1,15,255,9.499999999999796
Branin-Fav,Soft Parameter Sharing,60,244,0,295,0.1,81.89130986808408,0.7984667978249868,2,15,256,9.399999999999794
Branin-Fav,Soft Parameter Sharing,60,245,0,622,0.1,79.50357112734005,0.7984667978249868,3,15,257,9.299999999999793
Branin-Fav,Soft Parameter Sharing,60,246,0,431,0.1,82.48944268275513,0.7984667978249868,4,15,258,9.199999999999791
Branin-Fav,Soft Parameter Sharing,60,247,0,473,0.1,74.85948719904503,0.7984667978249868,5,15,259,9.09999999999979
Branin-Fav,Soft Parameter Sharing,60,248,0,970,0.1,82.1548970872027,0.7984667978249868,6,15,260,8.999999999999789
Branin-Fav,Soft Parameter Sharing,60,249,0,345,0.1,78.59363346039171,0.7984667978249868,7,15,261,8.899999999999787
Branin-Fav,Soft Parameter Sharing,60,250,0,182,0.1,74.27548824446636,0.7984667978249868,8,15,262,8.799999999999786
Branin-Fav,Soft Parameter Sharing,60,251,0,274,0.1,76.10571970201858,0.7984667978249868,9,15,263,8.699999999999784
Branin-Fav,Soft Parameter Sharing,60,252,0,926,0.1,78.11949370466553,0.7984667978249868,10,15,264,8.599999999999783
Branin-Fav,Soft Parameter Sharing,60,253,0,194,0.1,74.57112389969413,0.7984667978249868,11,15,265,8.499999999999782
Branin-Fav,Soft Parameter Sharing,60,254,0,244,0.1,73.65664883123446,0.7984667978249868,12,15,266,8.39999999999978
Branin-Fav,Soft Parameter Sharing,60,255,0,124,0.1,75.18251017894579,0.7984667978249868,13,15,267,8.299999999999779
Branin-Fav,Soft Parameter Sharing,60,256,0,294,0.1,77.78577281650013,0.7984667978249868,14,15,268,8.199999999999777
Branin-Fav,Soft Parameter Sharing,60,257,0,821,0.1,75.50507077616444,0.7984667978249868,15,15,269,8.099999999999776
Branin-Fav,Soft Parameter Sharing,60,258,0,1071,0.1,78.54483599739315,0.7984667978249868,16,15,270,7.999999999999774
Branin-Fav,Soft Parameter Sharing,60,259,0,423,0.1,74.40917658142823,0.7984667978249868,17,15,271,7.899999999999773
Branin-Fav,Soft Parameter Sharing,60,260,0,224,0.1,77.04384903807703,0.7984667978249868,18,15,272,7.799999999999772
Branin-Fav,Soft Parameter Sharing,60,261,0,381,0.1,79.77483913656097,0.7984667978249868,19,15,273,7.69999999999977
Branin-Fav,Soft Parameter Sharing,60,262,0,547,0.1,73.89579933752546,0.7984667978249868,20,15,274,7.599999999999769
Branin-Fav,Soft Parameter Sharing,60,263,1,349,1.0,13.028335480117551,0.7984667978249868,0,16,274,6.599999999999767
Branin-Fav,Soft Parameter Sharing,60,264,0,395,0.1,73.94324830116233,0.8170185865433078,1,16,275,6.499999999999767
Branin-Fav,Soft Parameter Sharing,60,265,0,630,0.1,76.96073430990188,0.8170185865433078,2,16,276,6.399999999999766
Branin-Fav,Soft Parameter Sharing,60,266,0,282,0.1,72.23654663951548,0.8170185865433078,3,16,277,6.2999999999997645
Branin-Fav,Soft Parameter Sharing,60,267,0,729,0.1,76.9846217217782,0.8170185865433078,4,16,278,6.199999999999763
Branin-Fav,Soft Parameter Sharing,60,268,0,174,0.1,75.19038862901932,0.8170185865433078,5,16,279,6.099999999999762
Branin-Fav,Soft Parameter Sharing,60,269,0,143,0.1,72.9468432583954,0.8170185865433078,6,16,280,5.99999999999976
Branin-Fav,Soft Parameter Sharing,60,270,0,133,0.1,71.80808021543983,0.8170185865433078,7,16,281,5.899999999999759
Branin-Fav,Soft Parameter Sharing,60,271,0,496,0.1,72.53255944561356,0.8170185865433078,8,16,282,5.799999999999757
Branin-Fav,Soft Parameter Sharing,60,272,0,344,0.1,74.4153670070118,0.8170185865433078,9,16,283,5.699999999999756
Branin-Fav,Soft Parameter Sharing,60,273,0,771,0.1,72.67299986825647,0.8170185865433078,10,16,284,5.5999999999997545
Branin-Fav,Soft Parameter Sharing,60,274,0,445,0.1,72.51656750579869,0.8170185865433078,11,16,285,5.499999999999753
Branin-Fav,Soft Parameter Sharing,60,275,0,920,0.1,74.4936493662212,0.8170185865433078,12,16,286,5.399999999999752
Branin-Fav,Soft Parameter Sharing,60,276,0,699,0.1,70.89438518117551,0.8170185865433078,13,16,287,5.29999999999975
Branin-Fav,Soft Parameter Sharing,60,277,0,648,0.1,69.12208762035466,0.8170185865433078,14,16,288,5.199999999999749
Branin-Fav,Soft Parameter Sharing,60,278,0,828,0.1,72.96497990057217,0.8170185865433078,15,16,289,5.099999999999747
Branin-Fav,Soft Parameter Sharing,60,279,0,183,0.1,68.35662407054684,0.8170185865433078,16,16,290,4.999999999999746
Branin-Fav,Soft Parameter Sharing,60,280,0,597,0.1,74.66954145383153,0.8170185865433078,17,16,291,4.899999999999745
Branin-Fav,Soft Parameter Sharing,60,281,0,394,0.1,69.89042485710642,0.8170185865433078,18,16,292,4.799999999999743
Branin-Fav,Soft Parameter Sharing,60,282,0,84,0.1,69.24262087699222,0.8170185865433078,19,16,293,4.699999999999742
Branin-Fav,Soft Parameter Sharing,60,283,0,572,0.1,69.91290561044107,0.8170185865433078,20,16,294,4.59999999999974
Branin-Fav,Soft Parameter Sharing,60,284,1,780,1.0,12.361740410480518,0.8170185865433078,0,17,294,3.5999999999997385
Branin-Fav,Soft Parameter Sharing,60,285,0,193,0.1,69.57408911230448,0.8170185865433078,1,17,295,3.4999999999997384
Branin-Fav,Soft Parameter Sharing,60,286,0,243,0.1,70.80973495173392,0.8170185865433078,2,17,296,3.399999999999737
Branin-Fav,Soft Parameter Sharing,60,287,0,721,0.1,76.72382481441797,0.8170185865433078,3,17,297,3.2999999999997356
Branin-Fav,Soft Parameter Sharing,60,288,0,495,0.1,72.22331283216914,0.8170185865433078,4,17,298,3.199999999999734
Branin-Fav,Soft Parameter Sharing,60,289,0,546,0.1,68.8808871577374,0.8170185865433078,5,17,299,3.0999999999997327
Branin-Fav,Soft Parameter Sharing,60,290,0,293,0.1,68.03775029796178,0.8170185865433078,6,17,300,2.9999999999997313
Branin-Fav,Soft Parameter Sharing,60,291,0,444,0.1,68.87372829504766,0.8170185865433078,7,17,301,2.89999999999973
Branin-Fav,Soft Parameter Sharing,60,292,0,531,0.1,65.49024362521632,0.8170185865433078,8,17,302,2.7999999999997285
Branin-Fav,Soft Parameter Sharing,60,293,0,373,0.1,69.42053575516861,0.8170185865433078,9,17,303,2.699999999999727
Branin-Fav,Soft Parameter Sharing,60,294,0,870,0.1,70.37529166680453,0.8170185865433078,10,17,304,2.5999999999997256
Branin-Fav,Soft Parameter Sharing,60,295,0,382,0.1,64.7040472172211,0.8170185865433078,11,17,305,2.499999999999724
Branin-Fav,Soft Parameter Sharing,60,296,0,522,0.1,68.86721575223393,0.8170185865433078,12,17,306,2.399999999999723
Branin-Fav,Soft Parameter Sharing,60,297,0,975,0.1,63.35583589171141,0.8170185865433078,13,17,307,2.2999999999997214
Branin-Fav,Soft Parameter Sharing,60,298,0,545,0.1,68.76548914122695,0.8170185865433078,14,17,308,2.19999999999972
Branin-Fav,Soft Parameter Sharing,60,299,0,671,0.1,66.90353866962234,0.8170185865433078,15,17,309,2.0999999999997185
Branin-Fav,Soft Parameter Sharing,60,300,0,23,0.1,63.50034207976505,0.8170185865433078,16,17,310,1.9999999999997171
Branin-Fav,Soft Parameter Sharing,60,301,0,343,0.1,65.90574481785998,0.8170185865433078,17,17,311,1.8999999999997157
Branin-Fav,Soft Parameter Sharing,60,302,0,680,0.1,64.71475100056274,0.8170185865433078,18,17,312,1.7999999999997143
Branin-Fav,Soft Parameter Sharing,60,303,0,1020,0.1,65.36472366018263,0.8170185865433078,19,17,313,1.6999999999997129
Branin-Fav,Soft Parameter Sharing,60,304,0,393,0.1,63.63846845771544,0.8170185865433078,20,17,314,1.5999999999997114
Branin-Fav,Soft Parameter Sharing,60,305,1,36,1.0,12.381209261542853,0.8170185865433078,0,18,314,0.5999999999997101
Branin-Fav,Soft Parameter Sharing,60,306,0,242,0.1,66.70901412509446,0.8745589376251975,1,18,315,0.4999999999997101
Branin-Fav,Soft Parameter Sharing,60,307,0,494,0.1,66.43418421446452,0.8745589376251975,2,18,316,0.3999999999997087
Branin-Fav,Soft Parameter Sharing,60,308,0,92,0.1,66.81234650590855,0.8745589376251975,3,18,317,0.2999999999997073
Branin-Fav,Soft Parameter Sharing,60,309,0,233,0.1,70.22588403238129,0.8745589376251975,4,18,318,0.19999999999970583
Branin-Fav,Soft Parameter Sharing,60,310,0,192,0.1,63.83403502328182,0.8745589376251975,5,18,319,0.09999999999970441
Branin-Fav,Soft Parameter Sharing,61,1,0,42,0.1,107.99988974124895,0.5,1,2,26,45.4
Branin-Fav,Soft Parameter Sharing,61,2,0,37,0.1,98.89017247386174,0.5,2,2,27,45.3
Branin-Fav,Soft Parameter Sharing,61,3,0,35,0.1,93.44733991558809,0.5,3,2,28,45.199999999999996
Branin-Fav,Soft Parameter Sharing,61,4,0,525,0.1,94.67253317585057,0.5,4,2,29,45.1
Branin-Fav,Soft Parameter Sharing,61,5,0,2250,0.1,88.40165258411669,0.5,5,2,30,45.0
Branin-Fav,Soft Parameter Sharing,61,6,0,23,0.1,82.11223492741927,0.5,6,2,31,44.9
Branin-Fav,Soft Parameter Sharing,61,7,0,49,0.1,85.15008038309216,0.5,7,2,32,44.800000000000004
Branin-Fav,Soft Parameter Sharing,61,8,0,48,0.1,80.13341438407672,0.5,8,2,33,44.7
Branin-Fav,Soft Parameter Sharing,61,9,0,99,0.1,83.90981861302181,0.5,9,2,34,44.6
Branin-Fav,Soft Parameter Sharing,61,10,0,199,0.1,89.49899384368955,0.5,10,2,35,44.5
Branin-Fav,Soft Parameter Sharing,61,11,0,47,0.1,81.23294022700482,0.5,11,2,36,44.4
Branin-Fav,Soft Parameter Sharing,61,12,0,98,0.1,82.96040505291785,0.5,12,2,37,44.300000000000004
Branin-Fav,Soft Parameter Sharing,61,13,0,249,0.1,83.96222175302002,0.5,13,2,38,44.2
Branin-Fav,Soft Parameter Sharing,61,14,0,46,0.1,91.57646425366048,0.5,14,2,39,44.1
Branin-Fav,Soft Parameter Sharing,61,15,0,97,0.1,80.37054210551909,0.5,15,2,40,44.00000000000001
Branin-Fav,Soft Parameter Sharing,61,16,0,148,0.1,79.6621684519329,0.5,16,2,41,43.900000000000006
Branin-Fav,Soft Parameter Sharing,61,17,0,43,0.1,87.8233736587015,0.5,17,2,42,43.800000000000004
Branin-Fav,Soft Parameter Sharing,61,18,0,96,0.1,78.09783557038597,0.5,18,2,43,43.7
Branin-Fav,Soft Parameter Sharing,61,19,0,45,0.1,79.73000207994681,0.5,19,2,44,43.6
Branin-Fav,Soft Parameter Sharing,61,20,0,198,0.1,77.73117957149904,0.5,20,2,45,43.50000000000001
Branin-Fav,Soft Parameter Sharing,61,21,1,2450,1.0,28.587391526162392,0.5,0,3,45,42.50000000000001
Branin-Fav,Soft Parameter Sharing,61,22,0,44,0.1,76.8652219813035,0.5,1,3,46,42.400000000000006
Branin-Fav,Soft Parameter Sharing,61,23,0,147,0.1,75.78770651794098,0.5,2,3,47,42.300000000000004
Branin-Fav,Soft Parameter Sharing,61,24,0,299,0.1,74.15680266834465,0.5,3,3,48,42.20000000000001
Branin-Fav,Soft Parameter Sharing,61,25,0,95,0.1,74.76327026005885,0.5,4,3,49,42.10000000000001
Branin-Fav,Soft Parameter Sharing,61,26,0,146,0.1,72.26266727805131,0.5,5,3,50,42.00000000000001
Branin-Fav,Soft Parameter Sharing,61,27,0,94,0.1,72.54930927574733,0.5,6,3,51,41.900000000000006
Branin-Fav,Soft Parameter Sharing,61,28,0,248,0.1,73.02539632155306,0.5,7,3,52,41.800000000000004
Branin-Fav,Soft Parameter Sharing,61,29,0,41,0.1,69.8183512225214,0.5,8,3,53,41.70000000000001
Branin-Fav,Soft Parameter Sharing,61,30,0,197,0.1,69.4412937721531,0.5,9,3,54,41.60000000000001
Branin-Fav,Soft Parameter Sharing,61,31,0,349,0.1,74.15754782505462,0.5,10,3,55,41.50000000000001
Branin-Fav,Soft Parameter Sharing,61,32,0,399,0.1,75.64387414794125,0.5,11,3,56,41.40000000000001
Branin-Fav,Soft Parameter Sharing,61,33,0,298,0.1,69.57378446117244,0.5,12,3,57,41.30000000000001
Branin-Fav,Soft Parameter Sharing,61,34,0,93,0.1,70.2070618439545,0.5,13,3,58,41.20000000000001
Branin-Fav,Soft Parameter Sharing,61,35,0,145,0.1,66.75349764099342,0.5,14,3,59,41.10000000000001
Branin-Fav,Soft Parameter Sharing,61,36,0,196,0.1,66.8435093912269,0.5,15,3,60,41.00000000000001
Branin-Fav,Soft Parameter Sharing,61,37,0,348,0.1,69.33672570709132,0.5,16,3,61,40.90000000000001
Branin-Fav,Soft Parameter Sharing,61,38,0,247,0.1,68.7070986565842,0.5,17,3,62,40.80000000000001
Branin-Fav,Soft Parameter Sharing,61,39,0,297,0.1,63.96968519082315,0.5,18,3,63,40.70000000000001
Branin-Fav,Soft Parameter Sharing,61,40,0,398,0.1,64.22697938320209,0.5,19,3,64,40.600000000000016
Branin-Fav,Soft Parameter Sharing,61,41,0,144,0.1,65.87211239822331,0.5,20,3,65,40.500000000000014
Branin-Fav,Soft Parameter Sharing,61,42,1,2499,1.0,51.36735319458783,0.5,0,4,65,39.500000000000014
Branin-Fav,Soft Parameter Sharing,61,43,0,92,0.1,73.70676915511058,0.5,1,4,66,39.40000000000001
Branin-Fav,Soft Parameter Sharing,61,44,0,40,0.1,76.55818936346118,0.5,2,4,67,39.30000000000001
Branin-Fav,Soft Parameter Sharing,61,45,0,39,0.1,77.89102771672997,0.5,3,4,68,39.20000000000001
Branin-Fav,Soft Parameter Sharing,61,46,0,91,0.1,73.20846584207331,0.5,4,4,69,39.100000000000016
Branin-Fav,Soft Parameter Sharing,61,47,0,195,0.1,64.56504533540064,0.5,5,4,70,39.000000000000014
Branin-Fav,Soft Parameter Sharing,61,48,0,38,0.1,68.6895518194741,0.5,6,4,71,38.90000000000001
Branin-Fav,Soft Parameter Sharing,61,49,0,143,0.1,66.56523184952893,0.5,7,4,72,38.80000000000002
Branin-Fav,Soft Parameter Sharing,61,50,0,194,0.1,62.95702056759401,0.5,8,4,73,38.70000000000002
Branin-Fav,Soft Parameter Sharing,61,51,0,90,0.1,66.1859859517455,0.5,9,4,74,38.600000000000016
Branin-Fav,Soft Parameter Sharing,61,52,0,246,0.1,60.97264555786368,0.5,10,4,75,38.500000000000014
Branin-Fav,Soft Parameter Sharing,61,53,0,89,0.1,62.46099244721127,0.5,11,4,76,38.40000000000001
Branin-Fav,Soft Parameter Sharing,61,54,0,245,0.1,57.04727718961704,0.5,12,4,77,38.30000000000002
Branin-Fav,Soft Parameter Sharing,61,55,0,296,0.1,56.90948896003787,0.5,13,4,78,38.20000000000002
Branin-Fav,Soft Parameter Sharing,61,56,0,142,0.1,56.94002287556797,0.5,14,4,79,38.100000000000016
Branin-Fav,Soft Parameter Sharing,61,57,0,141,0.1,57.09994753275037,0.5,15,4,80,38.00000000000002
Branin-Fav,Soft Parameter Sharing,61,58,1,0,1.0,58.975555133754554,0.5,0,5,80,37.00000000000002
Branin-Fav,Soft Parameter Sharing,61,59,1,299,1.0,94.34551191919611,0.5,0,6,80,36.00000000000002
Branin-Fav,Soft Parameter Sharing,61,60,0,1700,0.1,85.31784780717554,0.5,1,6,81,35.90000000000002
Branin-Fav,Soft Parameter Sharing,61,61,0,193,0.1,77.96208426207303,0.5,2,6,82,35.80000000000002
Branin-Fav,Soft Parameter Sharing,61,62,0,244,0.1,83.97252765236148,0.5,3,6,83,35.70000000000002
Branin-Fav,Soft Parameter Sharing,61,63,0,243,0.1,82.76732541082369,0.5,4,6,84,35.600000000000016
Branin-Fav,Soft Parameter Sharing,61,64,0,347,0.1,83.37014431812631,0.5,5,6,85,35.50000000000002
Branin-Fav,Soft Parameter Sharing,61,65,0,295,0.1,80.59258943477904,0.5,6,6,86,35.40000000000002
Branin-Fav,Soft Parameter Sharing,61,66,0,192,0.1,80.67004601015235,0.5,7,6,87,35.30000000000002
Branin-Fav,Soft Parameter Sharing,61,67,0,242,0.1,77.08987076528476,0.5,8,6,88,35.200000000000024
Branin-Fav,Soft Parameter Sharing,61,68,0,191,0.1,77.17743804543134,0.5,9,6,89,35.10000000000002
Branin-Fav,Soft Parameter Sharing,61,69,0,294,0.1,75.72379066581152,0.5,10,6,90,35.00000000000002
Branin-Fav,Soft Parameter Sharing,61,70,0,293,0.1,77.78073884790228,0.5,11,6,91,34.90000000000002
Branin-Fav,Soft Parameter Sharing,61,71,0,346,0.1,75.25381673443896,0.5,12,6,92,34.80000000000002
Branin-Fav,Soft Parameter Sharing,61,72,0,345,0.1,78.59433069031415,0.5,13,6,93,34.700000000000024
Branin-Fav,Soft Parameter Sharing,61,73,0,397,0.1,74.34381156743822,0.5,14,6,94,34.60000000000002
Branin-Fav,Soft Parameter Sharing,61,74,0,625,0.1,73.92661485684226,0.5,15,6,95,34.50000000000002
Branin-Fav,Soft Parameter Sharing,61,75,0,449,0.1,81.28275996542907,0.5,16,6,96,34.40000000000003
Branin-Fav,Soft Parameter Sharing,61,76,0,528,0.1,76.02129003310824,0.5,17,6,97,34.300000000000026
Branin-Fav,Soft Parameter Sharing,61,77,0,499,0.1,76.98720299154304,0.5,18,6,98,34.200000000000024
Branin-Fav,Soft Parameter Sharing,61,78,0,241,0.1,74.62840223518553,0.5,19,6,99,34.10000000000002
Branin-Fav,Soft Parameter Sharing,61,79,0,448,0.1,70.79493686571348,0.5,20,6,100,34.00000000000002
Branin-Fav,Soft Parameter Sharing,61,80,1,1750,1.0,23.02225880750347,0.5,0,7,100,33.00000000000003
Branin-Fav,Soft Parameter Sharing,61,81,0,483,0.1,80.17320969291855,0.5,1,7,101,32.90000000000003
Branin-Fav,Soft Parameter Sharing,61,82,0,627,0.1,74.16101518382179,0.5,2,7,102,32.800000000000026
Branin-Fav,Soft Parameter Sharing,61,83,0,578,0.1,73.04992665661307,0.5,3,7,103,32.700000000000024
Branin-Fav,Soft Parameter Sharing,61,84,0,673,0.1,77.50985350072419,0.5,4,7,104,32.60000000000002
Branin-Fav,Soft Parameter Sharing,61,85,0,527,0.1,78.01256188596,0.5,5,7,105,32.50000000000002
Branin-Fav,Soft Parameter Sharing,61,86,0,723,0.1,72.58937546083708,0.5,6,7,106,32.40000000000002
Branin-Fav,Soft Parameter Sharing,61,87,0,626,0.1,75.98516638682176,0.5,7,7,107,32.30000000000002
Branin-Fav,Soft Parameter Sharing,61,88,0,675,0.1,72.4407056650571,0.5,8,7,108,32.20000000000002
Branin-Fav,Soft Parameter Sharing,61,89,0,576,0.1,76.20745601894487,0.5,9,7,109,32.100000000000016
Branin-Fav,Soft Parameter Sharing,61,90,0,478,0.1,75.62474798344508,0.5,10,7,110,32.000000000000014
Branin-Fav,Soft Parameter Sharing,61,91,0,771,0.1,74.58238311021199,0.5,11,7,111,31.900000000000013
Branin-Fav,Soft Parameter Sharing,61,92,0,396,0.1,71.29406098183902,0.5,12,7,112,31.80000000000001
Branin-Fav,Soft Parameter Sharing,61,93,0,722,0.1,75.02057368920298,0.5,13,7,113,31.70000000000001
Branin-Fav,Soft Parameter Sharing,61,94,0,447,0.1,71.60702995737026,0.5,14,7,114,31.60000000000001
Branin-Fav,Soft Parameter Sharing,61,95,0,624,0.1,77.06764692478745,0.5,15,7,115,31.500000000000007
Branin-Fav,Soft Parameter Sharing,61,96,0,772,0.1,70.14562577284562,0.5,16,7,116,31.400000000000006
Branin-Fav,Soft Parameter Sharing,61,97,0,579,0.1,70.19924068110195,0.5,17,7,117,31.300000000000004
Branin-Fav,Soft Parameter Sharing,61,98,0,773,0.1,68.02062216549622,0.5,18,7,118,31.200000000000003
Branin-Fav,Soft Parameter Sharing,61,99,0,577,0.1,68.72512590925156,0.5,19,7,119,31.1
Branin-Fav,Soft Parameter Sharing,61,100,0,575,0.1,70.28782369474705,0.5,20,7,120,31.0
Branin-Fav,Soft Parameter Sharing,61,101,1,628,1.0,22.376365236597927,0.5,0,8,120,30.0
Branin-Fav,Soft Parameter Sharing,61,102,0,676,0.1,67.37883797161246,0.5,1,8,121,29.9
Branin-Fav,Soft Parameter Sharing,61,103,0,672,0.1,72.51640019652768,0.5,2,8,122,29.799999999999997
Branin-Fav,Soft Parameter Sharing,61,104,0,574,0.1,70.29812370562432,0.5,3,8,123,29.699999999999996
Branin-Fav,Soft Parameter Sharing,61,105,0,623,0.1,74.50740750268315,0.5,4,8,124,29.599999999999994
Branin-Fav,Soft Parameter Sharing,61,106,0,724,0.1,68.93846700962956,0.5,5,8,125,29.499999999999993
Branin-Fav,Soft Parameter Sharing,61,107,0,821,0.1,68.13560808564287,0.5,6,8,126,29.39999999999999
Branin-Fav,Soft Parameter Sharing,61,108,0,344,0.1,65.90702069552648,0.5,7,8,127,29.29999999999999
Branin-Fav,Soft Parameter Sharing,61,109,0,721,0.1,68.67636312676747,0.5,8,8,128,29.19999999999999
Branin-Fav,Soft Parameter Sharing,61,110,0,622,0.1,66.17755533084582,0.5,9,8,129,29.099999999999987
Branin-Fav,Soft Parameter Sharing,61,111,0,822,0.1,67.0195624241942,0.5,10,8,130,28.999999999999986
Branin-Fav,Soft Parameter Sharing,61,112,0,725,0.1,65.49387690819053,0.5,11,8,131,28.899999999999984
Branin-Fav,Soft Parameter Sharing,61,113,0,529,0.1,64.89738617174484,0.5,12,8,132,28.799999999999983
Branin-Fav,Soft Parameter Sharing,61,114,0,573,0.1,64.56721801456655,0.5,13,8,133,28.69999999999998
Branin-Fav,Soft Parameter Sharing,61,115,0,820,0.1,64.77658875110451,0.5,14,8,134,28.59999999999998
Branin-Fav,Soft Parameter Sharing,61,116,0,526,0.1,63.87683517814047,0.5,15,8,135,28.49999999999998
Branin-Fav,Soft Parameter Sharing,61,117,0,871,0.1,64.50248283431483,0.5,16,8,136,28.399999999999977
Branin-Fav,Soft Parameter Sharing,61,118,0,524,0.1,63.76598211090116,0.5,17,8,137,28.299999999999976
Branin-Fav,Soft Parameter Sharing,61,119,0,476,0.1,64.6251364834039,0.5,18,8,138,28.199999999999974
Branin-Fav,Soft Parameter Sharing,61,120,0,774,0.1,63.9535849197731,0.5,19,8,139,28.099999999999973
Branin-Fav,Soft Parameter Sharing,61,121,0,498,0.1,64.92473636938053,0.5,20,8,140,27.99999999999997
Branin-Fav,Soft Parameter Sharing,61,122,1,635,1.0,26.410530109933948,0.5,0,9,140,26.99999999999997
Branin-Fav,Soft Parameter Sharing,61,123,0,477,0.1,64.15135701308503,0.5,1,9,141,26.89999999999997
Branin-Fav,Soft Parameter Sharing,61,124,0,475,0.1,64.62741864073658,0.5,2,9,142,26.79999999999997
Branin-Fav,Soft Parameter Sharing,61,125,0,426,0.1,65.22805730198047,0.5,3,9,143,26.699999999999967
Branin-Fav,Soft Parameter Sharing,61,126,0,549,0.1,66.71231338033188,0.5,4,9,144,26.599999999999966
Branin-Fav,Soft Parameter Sharing,61,127,0,427,0.1,62.2830887312414,0.5,5,9,145,26.499999999999964
Branin-Fav,Soft Parameter Sharing,61,128,0,474,0.1,63.02628285527751,0.5,6,9,146,26.399999999999963
Branin-Fav,Soft Parameter Sharing,61,129,0,823,0.1,62.55170671913566,0.5,7,9,147,26.29999999999996
Branin-Fav,Soft Parameter Sharing,61,130,0,523,0.1,60.78099521179947,0.5,8,9,148,26.19999999999996
Branin-Fav,Soft Parameter Sharing,61,131,0,428,0.1,60.20085575334623,0.5,9,9,149,26.09999999999996
Branin-Fav,Soft Parameter Sharing,61,132,0,376,0.1,67.07984794233047,0.5,10,9,150,25.999999999999957
Branin-Fav,Soft Parameter Sharing,61,133,0,425,0.1,63.53756350632282,0.5,11,9,151,25.899999999999956
Branin-Fav,Soft Parameter Sharing,61,134,0,377,0.1,60.09546043360443,0.5,12,9,152,25.799999999999955
Branin-Fav,Soft Parameter Sharing,61,135,0,479,0.1,63.08991754151764,0.5,13,9,153,25.699999999999953
Branin-Fav,Soft Parameter Sharing,61,136,0,671,0.1,60.23927433497264,0.5,14,9,154,25.59999999999995
Branin-Fav,Soft Parameter Sharing,61,137,0,378,0.1,63.47254032740048,0.5,15,9,155,25.49999999999995
Branin-Fav,Soft Parameter Sharing,61,138,0,327,0.1,61.94372290799592,0.5,16,9,156,25.39999999999995
Branin-Fav,Soft Parameter Sharing,61,139,0,429,0.1,59.578604842353435,0.5,17,9,157,25.299999999999947
Branin-Fav,Soft Parameter Sharing,61,140,0,824,0.1,61.13350399919124,0.5,18,9,158,25.199999999999946
Branin-Fav,Soft Parameter Sharing,61,141,0,430,0.1,63.19223166195437,0.5,19,9,159,25.099999999999945
Branin-Fav,Soft Parameter Sharing,61,142,0,379,0.1,58.45864378392965,0.5,20,9,160,24.999999999999943
Branin-Fav,Soft Parameter Sharing,61,143,1,774,1.0,22.954386864890605,0.5,0,10,160,23.999999999999943
Branin-Fav,Soft Parameter Sharing,61,144,0,677,0.1,58.10214134742156,0.5,1,10,161,23.89999999999994
Branin-Fav,Soft Parameter Sharing,61,145,0,328,0.1,58.39017486791661,0.5,2,10,162,23.79999999999994
Branin-Fav,Soft Parameter Sharing,61,146,0,572,0.1,59.460875524493865,0.5,3,10,163,23.69999999999994
Branin-Fav,Soft Parameter Sharing,61,147,0,775,0.1,58.97125566986811,0.5,4,10,164,23.599999999999937
Branin-Fav,Soft Parameter Sharing,61,148,0,329,0.1,57.436612469897995,0.5,5,10,165,23.499999999999936
Branin-Fav,Soft Parameter Sharing,61,149,0,380,0.1,57.86300361893499,0.5,6,10,166,23.399999999999935
Branin-Fav,Soft Parameter Sharing,61,150,0,726,0.1,58.51988489756832,0.5,7,10,167,23.299999999999933
Branin-Fav,Soft Parameter Sharing,61,151,0,548,0.1,57.65619339933943,0.5,8,10,168,23.199999999999932
Branin-Fav,Soft Parameter Sharing,61,152,0,326,0.1,59.243103981038885,0.5,9,10,169,23.09999999999993
Branin-Fav,Soft Parameter Sharing,61,153,0,375,0.1,57.84615451779829,0.5,10,10,170,22.99999999999993
Branin-Fav,Soft Parameter Sharing,61,154,0,599,0.1,66.33987051236443,0.5,11,10,171,22.899999999999928
Branin-Fav,Soft Parameter Sharing,61,155,0,424,0.1,57.322411508071035,0.5,12,10,172,22.799999999999926
Branin-Fav,Soft Parameter Sharing,61,156,0,29,0.1,56.27889493707162,0.5,13,10,173,22.699999999999925
Branin-Fav,Soft Parameter Sharing,61,157,0,277,0.1,58.276095047802166,0.5,14,10,174,22.599999999999923
Branin-Fav,Soft Parameter Sharing,61,158,0,770,0.1,55.50437526395756,0.5,15,10,175,22.499999999999922
Branin-Fav,Soft Parameter Sharing,61,159,0,473,0.1,56.64821505025238,0.5,16,10,176,22.39999999999992
Branin-Fav,Soft Parameter Sharing,61,160,0,278,0.1,55.04521921210955,0.5,17,10,177,22.29999999999992
Branin-Fav,Soft Parameter Sharing,61,161,0,279,0.1,57.3597612874555,0.5,18,10,178,22.199999999999918
Branin-Fav,Soft Parameter Sharing,61,162,0,227,0.1,61.04311383848842,0.5,19,10,179,22.099999999999916
Branin-Fav,Soft Parameter Sharing,61,163,0,325,0.1,55.23164497954697,0.5,20,10,180,21.999999999999915
Branin-Fav,Soft Parameter Sharing,61,164,1,499,1.0,21.003092029905496,0.5,0,11,180,20.999999999999915
Branin-Fav,Soft Parameter Sharing,61,165,0,480,0.1,27.80627964342651,0.2522192447148657,1,11,181,20.899999999999913
Branin-Fav,Soft Parameter Sharing,61,166,0,330,0.1,27.630464700829343,0.2522192447148657,2,11,182,20.799999999999912
Branin-Fav,Soft Parameter Sharing,61,167,0,276,0.1,28.587715935206816,0.2522192447148657,3,11,183,20.69999999999991
Branin-Fav,Soft Parameter Sharing,61,168,0,229,0.1,29.204205509519483,0.2522192447148657,4,11,184,20.59999999999991
Branin-Fav,Soft Parameter Sharing,61,169,0,228,0.1,29.02264949625389,0.2522192447148657,5,11,185,20.499999999999908
Branin-Fav,Soft Parameter Sharing,61,170,0,374,0.1,27.465371942495945,0.2522192447148657,6,11,186,20.399999999999906
Branin-Fav,Soft Parameter Sharing,61,171,0,280,0.1,26.88019771789749,0.2522192447148657,7,11,187,20.299999999999905
Branin-Fav,Soft Parameter Sharing,61,172,0,226,0.1,29.249191878356644,0.2522192447148657,8,11,188,20.199999999999903
Branin-Fav,Soft Parameter Sharing,61,173,0,423,0.1,27.13421446590024,0.2522192447148657,9,11,189,20.099999999999902
Branin-Fav,Soft Parameter Sharing,61,174,0,522,0.1,26.859410210202224,0.2522192447148657,10,11,190,19.9999999999999
Branin-Fav,Soft Parameter Sharing,61,175,0,275,0.1,27.392772199202245,0.2522192447148657,11,11,191,19.8999999999999
Branin-Fav,Soft Parameter Sharing,61,176,0,331,0.1,29.107427615490593,0.2522192447148657,12,11,192,19.799999999999898
Branin-Fav,Soft Parameter Sharing,61,177,0,28,0.1,27.69206285359206,0.2522192447148657,13,11,193,19.699999999999896
Branin-Fav,Soft Parameter Sharing,61,178,0,621,0.1,26.19201090749025,0.2522192447148657,14,11,194,19.599999999999895
Branin-Fav,Soft Parameter Sharing,61,179,0,178,0.1,26.439518279167576,0.2522192447148657,15,11,195,19.499999999999893
Branin-Fav,Soft Parameter Sharing,61,180,0,179,0.1,26.638213353209057,0.2522192447148657,16,11,196,19.399999999999892
Branin-Fav,Soft Parameter Sharing,61,181,0,230,0.1,25.59546505689897,0.2522192447148657,17,11,197,19.29999999999989
Branin-Fav,Soft Parameter Sharing,61,182,0,324,0.1,27.07803866848066,0.2522192447148657,18,11,198,19.19999999999989
Branin-Fav,Soft Parameter Sharing,61,183,0,431,0.1,28.57377152066854,0.2522192447148657,19,11,199,19.099999999999888
Branin-Fav,Soft Parameter Sharing,61,184,0,177,0.1,26.47928662407408,0.2522192447148657,20,11,200,18.999999999999886
Branin-Fav,Soft Parameter Sharing,61,185,1,725,1.0,17.419304328707213,0.2522192447148657,0,12,200,17.999999999999886
Branin-Fav,Soft Parameter Sharing,61,186,0,281,0.1,27.704964396847704,0.2524932101640622,1,12,201,17.899999999999885
Branin-Fav,Soft Parameter Sharing,61,187,0,472,0.1,25.116546707327156,0.2524932101640622,2,12,202,17.799999999999883
Branin-Fav,Soft Parameter Sharing,61,188,0,530,0.1,25.527997053436742,0.2524932101640622,3,12,203,17.699999999999882
Branin-Fav,Soft Parameter Sharing,61,189,0,180,0.1,26.679753190867963,0.2524932101640622,4,12,204,17.59999999999988
Branin-Fav,Soft Parameter Sharing,61,190,0,129,0.1,26.416278587398462,0.2524932101640622,5,12,205,17.49999999999988
Branin-Fav,Soft Parameter Sharing,61,191,0,176,0.1,26.628557259864234,0.2524932101640622,6,12,206,17.399999999999878
Branin-Fav,Soft Parameter Sharing,61,192,0,78,0.1,27.0346651085906,0.2524932101640622,7,12,207,17.299999999999876
Branin-Fav,Soft Parameter Sharing,61,193,0,128,0.1,24.88356806307264,0.2524932101640622,8,12,208,17.199999999999875
Branin-Fav,Soft Parameter Sharing,61,194,0,30,0.1,31.149706866280308,0.2524932101640622,9,12,209,17.099999999999874
Branin-Fav,Soft Parameter Sharing,61,195,0,231,0.1,25.356756247976076,0.2524932101640622,10,12,210,16.999999999999872
Branin-Fav,Soft Parameter Sharing,61,196,0,127,0.1,25.07683216580712,0.2524932101640622,11,12,211,16.89999999999987
Branin-Fav,Soft Parameter Sharing,61,197,0,373,0.1,25.28513792507255,0.2524932101640622,12,12,212,16.79999999999987
Branin-Fav,Soft Parameter Sharing,61,198,0,27,0.1,28.049367404961323,0.2524932101640622,13,12,213,16.699999999999868
Branin-Fav,Soft Parameter Sharing,61,199,0,225,0.1,25.575957669506224,0.2524932101640622,14,12,214,16.599999999999866
Branin-Fav,Soft Parameter Sharing,61,200,0,79,0.1,26.68371281191546,0.2524932101640622,15,12,215,16.499999999999865
Branin-Fav,Soft Parameter Sharing,61,201,0,274,0.1,25.645811515067678,0.2524932101640622,16,12,216,16.399999999999864
Branin-Fav,Soft Parameter Sharing,61,202,0,130,0.1,25.0106099918576,0.2524932101640622,17,12,217,16.299999999999862
Branin-Fav,Soft Parameter Sharing,61,203,0,181,0.1,23.816232594579397,0.2524932101640622,18,12,218,16.19999999999986
Branin-Fav,Soft Parameter Sharing,61,204,0,323,0.1,25.410843965330713,0.2524932101640622,19,12,219,16.09999999999986
Branin-Fav,Soft Parameter Sharing,61,205,0,282,0.1,24.60460828621434,0.2524932101640622,20,12,220,15.99999999999986
Branin-Fav,Soft Parameter Sharing,61,206,1,249,1.0,14.753088576785272,0.2524932101640622,0,13,220,14.999999999999858
Branin-Fav,Soft Parameter Sharing,61,207,1,676,1.0,14.52650688233618,0.1,0,14,220,13.999999999999858
Branin-Fav,Soft Parameter Sharing,61,208,1,399,1.0,13.7536541780308,0.1,0,15,220,12.999999999999858
Branin-Fav,Soft Parameter Sharing,61,209,1,775,1.0,13.589545729454889,0.1,0,16,220,11.999999999999858
Branin-Fav,Soft Parameter Sharing,61,210,0,332,0.1,20.636491390922604,0.21826998723614383,1,16,221,11.899999999999858
Branin-Fav,Soft Parameter Sharing,61,211,0,77,0.1,21.155325327332054,0.21826998723614383,2,16,222,11.799999999999857
Branin-Fav,Soft Parameter Sharing,61,212,0,126,0.1,20.872022176177882,0.21826998723614383,3,16,223,11.699999999999855
Branin-Fav,Soft Parameter Sharing,61,213,0,571,0.1,20.44647365918837,0.21826998723614383,4,16,224,11.599999999999854
Branin-Fav,Soft Parameter Sharing,61,214,0,26,0.1,22.376573626109927,0.21826998723614383,5,16,225,11.499999999999853
Branin-Fav,Soft Parameter Sharing,61,215,0,175,0.1,20.268503279556697,0.21826998723614383,6,16,226,11.399999999999851
Branin-Fav,Soft Parameter Sharing,61,216,0,131,0.1,19.936161977274704,0.21826998723614383,7,16,227,11.29999999999985
Branin-Fav,Soft Parameter Sharing,61,217,0,76,0.1,20.181940565638094,0.21826998723614383,8,16,228,11.199999999999848
Branin-Fav,Soft Parameter Sharing,61,218,0,25,0.1,21.61326943603072,0.21826998723614383,9,16,229,11.099999999999847
Branin-Fav,Soft Parameter Sharing,61,219,0,224,0.1,19.47089089617766,0.21826998723614383,10,16,230,10.999999999999845
Branin-Fav,Soft Parameter Sharing,61,220,0,720,0.1,19.789264789121756,0.21826998723614383,11,16,231,10.899999999999844
Branin-Fav,Soft Parameter Sharing,61,221,0,422,0.1,19.874066424879455,0.21826998723614383,12,16,232,10.799999999999843
Branin-Fav,Soft Parameter Sharing,61,222,0,521,0.1,19.328081885407844,0.21826998723614383,13,16,233,10.699999999999841
Branin-Fav,Soft Parameter Sharing,61,223,0,81,0.1,19.633699425542687,0.21826998723614383,14,16,234,10.59999999999984
Branin-Fav,Soft Parameter Sharing,61,224,0,31,0.1,19.740481318159564,0.21826998723614383,15,16,235,10.499999999999838
Branin-Fav,Soft Parameter Sharing,61,225,0,395,0.1,19.61871383507175,0.21826998723614383,16,16,236,10.399999999999837
Branin-Fav,Soft Parameter Sharing,61,226,0,32,0.1,19.359517104841316,0.21826998723614383,17,16,237,10.299999999999836
Branin-Fav,Soft Parameter Sharing,61,227,0,670,0.1,19.16777663109107,0.21826998723614383,18,16,238,10.199999999999834
Branin-Fav,Soft Parameter Sharing,61,228,0,125,0.1,18.705231075301974,0.21826998723614383,19,16,239,10.099999999999833
Branin-Fav,Soft Parameter Sharing,61,229,0,497,0.1,19.566990153668996,0.21826998723614383,20,16,240,9.999999999999831
Branin-Fav,Soft Parameter Sharing,61,230,1,675,1.0,13.338986688781977,0.21826998723614383,0,17,240,8.99999999999983
Branin-Fav,Soft Parameter Sharing,61,231,0,232,0.1,19.85735249397089,0.23520775429816276,1,17,241,8.89999999999983
Branin-Fav,Soft Parameter Sharing,61,232,0,182,0.1,20.52332261116277,0.23520775429816276,2,17,242,8.799999999999828
Branin-Fav,Soft Parameter Sharing,61,233,0,446,0.1,20.533151572260316,0.23520775429816276,3,17,243,8.699999999999827
Branin-Fav,Soft Parameter Sharing,61,234,0,132,0.1,19.430639031339236,0.23520775429816276,4,17,244,8.599999999999826
Branin-Fav,Soft Parameter Sharing,61,235,0,382,0.1,19.903103823888056,0.23520775429816276,5,17,245,8.499999999999824
Branin-Fav,Soft Parameter Sharing,61,236,0,82,0.1,19.048577284855337,0.23520775429816276,6,17,246,8.399999999999823
Branin-Fav,Soft Parameter Sharing,61,237,0,33,0.1,20.66347036908071,0.23520775429816276,7,17,247,8.299999999999821
Branin-Fav,Soft Parameter Sharing,61,238,0,372,0.1,19.63215621781795,0.23520775429816276,8,17,248,8.19999999999982
Branin-Fav,Soft Parameter Sharing,61,239,0,174,0.1,19.179968631564623,0.23520775429816276,9,17,249,8.099999999999818
Branin-Fav,Soft Parameter Sharing,61,240,0,481,0.1,19.41587282141888,0.23520775429816276,10,17,250,7.999999999999817
Branin-Fav,Soft Parameter Sharing,61,241,0,75,0.1,19.783972860716936,0.23520775429816276,11,17,251,7.899999999999816
Branin-Fav,Soft Parameter Sharing,61,242,0,124,0.1,19.619831661847346,0.23520775429816276,12,17,252,7.799999999999814
Branin-Fav,Soft Parameter Sharing,61,243,0,343,0.1,18.79246024628068,0.23520775429816276,13,17,253,7.699999999999813
Branin-Fav,Soft Parameter Sharing,61,244,0,870,0.1,18.94950044117044,0.23520775429816276,14,17,254,7.599999999999811
Branin-Fav,Soft Parameter Sharing,61,245,0,394,0.1,18.460004461626006,0.23520775429816276,15,17,255,7.49999999999981
Branin-Fav,Soft Parameter Sharing,61,246,0,74,0.1,19.33880266872601,0.23520775429816276,16,17,256,7.3999999999998085
Branin-Fav,Soft Parameter Sharing,61,247,0,872,0.1,18.656610952859314,0.23520775429816276,17,17,257,7.299999999999807
Branin-Fav,Soft Parameter Sharing,61,248,0,283,0.1,18.26651694952187,0.23520775429816276,18,17,258,7.199999999999806
Branin-Fav,Soft Parameter Sharing,61,249,0,445,0.1,18.799500896881202,0.23520775429816276,19,17,259,7.099999999999804
Branin-Fav,Soft Parameter Sharing,61,250,0,496,0.1,17.826329961040557,0.23520775429816276,20,17,260,6.999999999999803
Branin-Fav,Soft Parameter Sharing,61,251,1,449,1.0,12.084300698566334,0.23520775429816276,0,18,260,5.999999999999801
Branin-Fav,Soft Parameter Sharing,61,252,0,776,0.1,15.988711582340759,0.2141604640169254,1,18,261,5.899999999999801
Branin-Fav,Soft Parameter Sharing,61,253,0,620,0.1,16.451138805107828,0.2141604640169254,2,18,262,5.7999999999998
Branin-Fav,Soft Parameter Sharing,61,254,0,292,0.1,16.42319369518307,0.2141604640169254,3,18,263,5.699999999999799
Branin-Fav,Soft Parameter Sharing,61,255,0,83,0.1,16.140260517111912,0.2141604640169254,4,18,264,5.599999999999797
Branin-Fav,Soft Parameter Sharing,61,256,0,547,0.1,16.61957325029351,0.2141604640169254,5,18,265,5.499999999999796
Branin-Fav,Soft Parameter Sharing,61,257,0,819,0.1,16.9907494978951,0.2141604640169254,6,18,266,5.399999999999794
Branin-Fav,Soft Parameter Sharing,61,258,0,183,0.1,16.670220410632684,0.2141604640169254,7,18,267,5.299999999999793
Branin-Fav,Soft Parameter Sharing,61,259,0,598,0.1,16.436139292156607,0.2141604640169254,8,18,268,5.1999999999997915
Branin-Fav,Soft Parameter Sharing,61,260,0,233,0.1,15.427266288216739,0.2141604640169254,9,18,269,5.09999999999979
Branin-Fav,Soft Parameter Sharing,61,261,0,727,0.1,16.305827454930164,0.2141604640169254,10,18,270,4.999999999999789
Branin-Fav,Soft Parameter Sharing,61,262,0,393,0.1,16.894909713946802,0.2141604640169254,11,18,271,4.899999999999787
Branin-Fav,Soft Parameter Sharing,61,263,0,471,0.1,15.853520959993897,0.2141604640169254,12,18,272,4.799999999999786
Branin-Fav,Soft Parameter Sharing,61,264,0,649,0.1,17.680581752979666,0.2141604640169254,13,18,273,4.699999999999784
Branin-Fav,Soft Parameter Sharing,61,265,0,678,0.1,15.192512280345298,0.2141604640169254,14,18,274,4.599999999999783
Branin-Fav,Soft Parameter Sharing,61,266,0,432,0.1,15.77166950663327,0.2141604640169254,15,18,275,4.4999999999997815
Branin-Fav,Soft Parameter Sharing,61,267,0,133,0.1,16.07479030969512,0.2141604640169254,16,18,276,4.39999999999978
Branin-Fav,Soft Parameter Sharing,61,268,0,444,0.1,15.778621097290793,0.2141604640169254,17,18,277,4.299999999999779
Branin-Fav,Soft Parameter Sharing,61,269,0,34,0.1,15.617849652348369,0.2141604640169254,18,18,278,4.199999999999777
Branin-Fav,Soft Parameter Sharing,61,270,0,223,0.1,15.90195779050638,0.2141604640169254,19,18,279,4.099999999999776
Branin-Fav,Soft Parameter Sharing,61,271,0,342,0.1,15.106745421084419,0.2141604640169254,20,18,280,3.999999999999774
Branin-Fav,Soft Parameter Sharing,61,272,1,724,1.0,13.11015369483391,0.2141604640169254,0,19,280,2.9999999999997726
Branin-Fav,Soft Parameter Sharing,61,273,0,333,0.1,19.422237315276732,0.2766739596967691,1,19,281,2.8999999999997725
Branin-Fav,Soft Parameter Sharing,61,274,0,570,0.1,21.188528237179344,0.2766739596967691,2,19,282,2.799999999999771
Branin-Fav,Soft Parameter Sharing,61,275,0,322,0.1,19.182419833851274,0.2766739596967691,3,19,283,2.6999999999997697
Branin-Fav,Soft Parameter Sharing,61,276,0,24,0.1,21.058996460470063,0.2766739596967691,4,19,284,2.5999999999997683
Branin-Fav,Soft Parameter Sharing,61,277,0,546,0.1,19.040346793028064,0.2766739596967691,5,19,285,2.499999999999767
Branin-Fav,Soft Parameter Sharing,61,278,0,421,0.1,20.240857326483468,0.2766739596967691,6,19,286,2.3999999999997654
Branin-Fav,Soft Parameter Sharing,61,279,0,873,0.1,19.59137619692364,0.2766739596967691,7,19,287,2.299999999999764
Branin-Fav,Soft Parameter Sharing,61,280,0,629,0.1,18.43363473968031,0.2766739596967691,8,19,288,2.1999999999997626
Branin-Fav,Soft Parameter Sharing,61,281,0,580,0.1,19.521791099884478,0.2766739596967691,9,19,289,2.099999999999761
Branin-Fav,Soft Parameter Sharing,61,282,0,495,0.1,18.216038869485,0.2766739596967691,10,19,290,1.9999999999997597
Branin-Fav,Soft Parameter Sharing,61,283,0,190,0.1,18.965523137023503,0.2766739596967691,11,19,291,1.8999999999997583
Branin-Fav,Soft Parameter Sharing,61,284,0,291,0.1,18.60496964662805,0.2766739596967691,12,19,292,1.799999999999757
Branin-Fav,Soft Parameter Sharing,61,285,0,520,0.1,17.929579514817203,0.2766739596967691,13,19,293,1.6999999999997555
Branin-Fav,Soft Parameter Sharing,61,286,0,392,0.1,18.193472302872774,0.2766739596967691,14,19,294,1.599999999999754
Branin-Fav,Soft Parameter Sharing,61,287,0,531,0.1,18.230039414942134,0.2766739596967691,15,19,295,1.4999999999997526
Branin-Fav,Soft Parameter Sharing,61,288,0,699,0.1,21.989497890158653,0.2766739596967691,16,19,296,1.3999999999997512
Branin-Fav,Soft Parameter Sharing,61,289,0,825,0.1,19.182180543440847,0.2766739596967691,17,19,297,1.2999999999997498
Branin-Fav,Soft Parameter Sharing,61,290,0,874,0.1,18.585584444054994,0.2766739596967691,18,19,298,1.1999999999997484
Branin-Fav,Soft Parameter Sharing,61,291,0,443,0.1,17.77650013682982,0.2766739596967691,19,19,299,1.099999999999747
Branin-Fav,Soft Parameter Sharing,61,292,0,84,0.1,19.287606692037645,0.2766739596967691,20,19,300,0.9999999999997456
Branin-Fav,Soft Parameter Sharing,61,293,0,869,0.1,18.81552986341454,0.2766739596967691,21,19,301,0.8999999999997442
Branin-Fav,Soft Parameter Sharing,61,294,0,383,0.1,18.281862903975526,0.2766739596967691,22,19,302,0.7999999999997428
Branin-Fav,Soft Parameter Sharing,61,295,0,173,0.1,18.424983047115056,0.2766739596967691,23,19,303,0.6999999999997414
Branin-Fav,Soft Parameter Sharing,61,296,0,769,0.1,18.22292047534,0.2766739596967691,24,19,304,0.59999999999974
Branin-Fav,Soft Parameter Sharing,61,297,0,921,0.1,17.902743963207076,0.2766739596967691,25,19,305,0.49999999999973854
Branin-Fav,Soft Parameter Sharing,61,298,0,123,0.1,18.307775086365528,0.2766739596967691,26,19,306,0.3999999999997371
Branin-Fav,Soft Parameter Sharing,61,299,0,341,0.1,18.211910540452905,0.2766739596967691,27,19,307,0.2999999999997357
Branin-Fav,Soft Parameter Sharing,61,300,0,240,0.1,16.82927562730216,0.2766739596967691,28,19,308,0.19999999999973425
Branin-Fav,Soft Parameter Sharing,61,301,0,597,0.1,17.87282933549604,0.2766739596967691,29,19,309,0.09999999999973283
