benchmark,model,seed,step,fidelity_chosen,candidate_idx,cost,score_max,alpha,consecutive_lf_count,n_hf_so_far,n_lf_so_far,remaining_budget
Polarizability,Pseudo-Labeling,42,1,0,1133,0.167,0.4362839015833614,0.5,1,2,9,26.497
Polarizability,Pseudo-Labeling,42,2,1,1131,1.0,0.4175902334322787,0.5,0,3,9,25.497
Polarizability,Pseudo-Labeling,42,3,0,140,0.167,0.40166428685391403,0.5,1,3,10,25.33
Polarizability,Pseudo-Labeling,42,4,0,1130,0.167,0.29410995218062064,0.5,2,3,11,25.162999999999997
Polarizability,Pseudo-Labeling,42,5,0,1132,0.167,0.2812876328083718,0.5,3,3,12,24.996
Polarizability,Pseudo-Labeling,42,6,1,944,1.0,0.2883675876441565,0.5,0,4,12,23.996000000000002
Polarizability,Pseudo-Labeling,42,7,0,921,0.167,0.26450717705335053,0.5,1,4,13,23.829
Polarizability,Pseudo-Labeling,42,8,0,1129,0.167,0.2145115857687884,0.5,2,4,14,23.662
Polarizability,Pseudo-Labeling,42,9,0,1127,0.167,0.18225045025351466,0.5,3,4,15,23.494999999999997
Polarizability,Pseudo-Labeling,42,10,1,549,1.0,0.16213178275679616,0.5,0,5,15,22.495
Polarizability,Pseudo-Labeling,42,11,0,1040,0.167,0.15407072450284381,0.5,1,5,16,22.328
Polarizability,Pseudo-Labeling,42,12,1,1065,1.0,0.1443280956381863,0.5,0,6,16,21.328000000000003
Polarizability,Pseudo-Labeling,42,13,0,1117,0.167,0.12529148157911457,0.5,1,6,17,21.161
Polarizability,Pseudo-Labeling,42,14,1,1129,1.0,0.1384825954407565,0.5,0,7,17,20.161
Polarizability,Pseudo-Labeling,42,15,0,1128,0.167,0.2614978326042452,0.9999524390490465,1,7,18,19.994
Polarizability,Pseudo-Labeling,42,16,0,1125,0.167,0.18875755633028884,0.9999524390490465,2,7,19,19.826999999999998
Polarizability,Pseudo-Labeling,42,17,0,1118,0.167,0.1551124849806392,0.9999524390490465,3,7,20,19.66
Polarizability,Pseudo-Labeling,42,18,0,1124,0.167,0.14684449233080946,0.9999524390490465,4,7,21,19.493000000000002
Polarizability,Pseudo-Labeling,42,19,1,921,1.0,0.15090624155281468,0.9999524390490465,0,8,21,18.493000000000002
Polarizability,Pseudo-Labeling,42,20,0,1103,0.167,0.11885056720539436,0.9970334664687366,1,8,22,18.326
Polarizability,Pseudo-Labeling,42,21,1,1133,1.0,0.1211919355241457,0.9970334664687366,0,9,22,17.326
Polarizability,Pseudo-Labeling,42,22,0,1120,0.167,0.11813920556996176,0.9974569486500262,1,9,23,17.159
Polarizability,Pseudo-Labeling,42,23,0,1109,0.167,0.10738264043137662,0.9974569486500262,2,9,24,16.992
Polarizability,Pseudo-Labeling,42,24,0,1115,0.167,0.09835872950371358,0.9974569486500262,3,9,25,16.825000000000003
Polarizability,Pseudo-Labeling,42,25,0,1108,0.167,0.08899121909920726,0.9974569486500262,4,9,26,16.658
Polarizability,Pseudo-Labeling,42,26,1,622,1.0,0.08659742482796387,0.9974569486500262,0,10,26,15.658000000000001
Polarizability,Pseudo-Labeling,42,27,1,1130,1.0,0.0738521698921665,0.9980717816271779,0,11,26,14.658000000000003
Polarizability,Pseudo-Labeling,42,28,0,1106,0.167,0.07310291712667155,0.998146440187542,1,11,27,14.491000000000003
Polarizability,Pseudo-Labeling,42,29,0,1091,0.167,0.10546508031913011,0.998146440187542,2,11,28,14.324000000000003
Polarizability,Pseudo-Labeling,42,30,0,1119,0.167,0.0586302628652994,0.998146440187542,3,11,29,14.157000000000004
Polarizability,Pseudo-Labeling,42,31,0,1116,0.167,0.061444585909566286,0.998146440187542,4,11,30,13.990000000000004
Polarizability,Pseudo-Labeling,42,32,1,1132,1.0,0.055919491338612015,0.998146440187542,0,12,30,12.990000000000002
Polarizability,Pseudo-Labeling,42,33,0,1123,0.167,0.05843150184490049,0.989596865449768,1,12,31,12.823000000000002
Polarizability,Pseudo-Labeling,42,34,0,1121,0.167,0.05840163486294238,0.989596865449768,2,12,32,12.656
Polarizability,Pseudo-Labeling,42,35,0,1122,0.167,0.04380993573299264,0.989596865449768,3,12,33,12.488999999999999
Polarizability,Pseudo-Labeling,42,36,0,1067,0.167,0.0413212502286074,0.989596865449768,4,12,34,12.321999999999997
Polarizability,Pseudo-Labeling,42,37,0,1112,0.167,0.03328925744203627,0.989596865449768,5,12,35,12.154999999999996
Polarizability,Pseudo-Labeling,42,38,1,1126,1.0,0.03475463426802247,0.989596865449768,0,13,35,11.154999999999994
Polarizability,Pseudo-Labeling,42,39,0,1097,0.167,0.03467078455467805,0.9895463993853747,1,13,36,10.987999999999994
Polarizability,Pseudo-Labeling,42,40,0,1096,0.167,0.030170173540812428,0.9895463993853747,2,13,37,10.820999999999993
Polarizability,Pseudo-Labeling,42,41,0,1105,0.167,0.026773101305807744,0.9895463993853747,3,13,38,10.653999999999991
Polarizability,Pseudo-Labeling,42,42,1,1127,1.0,0.03160705410584137,0.9895463993853747,0,14,38,9.65399999999999
Polarizability,Pseudo-Labeling,42,43,1,1117,1.0,0.025706588745612255,0.9895547382019643,0,15,38,8.65399999999999
Polarizability,Pseudo-Labeling,42,44,0,1031,0.167,0.025802526136081,0.9895772601804821,1,15,39,8.48699999999999
Polarizability,Pseudo-Labeling,42,45,0,1114,0.167,0.02301433042631711,0.9895772601804821,2,15,40,8.319999999999988
Polarizability,Pseudo-Labeling,42,46,1,1115,1.0,0.019909053643770186,0.9895772601804821,0,16,40,7.319999999999986
Polarizability,Pseudo-Labeling,42,47,0,1107,0.167,0.01830530127707886,0.9893398555615756,1,16,41,7.152999999999986
Polarizability,Pseudo-Labeling,42,48,1,1091,1.0,0.020460961242842482,0.9893398555615756,0,17,41,6.1529999999999845
Polarizability,Pseudo-Labeling,42,49,1,1103,1.0,0.01910818541729755,0.9888561528299702,0,18,41,5.1529999999999845
Polarizability,Pseudo-Labeling,42,50,1,1128,1.0,0.018425575753916422,0.9884553683244693,0,19,41,4.1529999999999845
Polarizability,Pseudo-Labeling,42,51,0,1113,0.167,0.01607725525156802,0.9881669566579729,1,19,42,3.9859999999999847
Polarizability,Pseudo-Labeling,42,52,0,1104,0.167,0.01409193850792289,0.9881669566579729,2,19,43,3.818999999999983
Polarizability,Pseudo-Labeling,42,53,1,1125,1.0,0.014685620292258485,0.9881669566579729,0,20,43,2.8189999999999813
Polarizability,Pseudo-Labeling,42,54,0,1025,0.167,0.013837840167448408,0.9881522406002394,1,20,44,2.6519999999999815
Polarizability,Pseudo-Labeling,42,55,1,1109,1.0,0.012614205377426965,0.9881522406002394,0,21,44,1.6519999999999797
Polarizability,Pseudo-Labeling,42,56,0,1090,0.167,0.012017379253622847,0.9879536497813608,1,21,45,1.4849999999999797
Polarizability,Pseudo-Labeling,42,57,1,1118,1.0,0.011688939541219339,0.9879536497813608,0,22,45,0.4849999999999781
Polarizability,Pseudo-Labeling,42,58,0,1110,0.167,0.01061079186619712,0.9879651914248154,1,22,46,0.3179999999999781
Polarizability,Pseudo-Labeling,42,59,0,1102,0.167,0.010379691466004945,0.9879651914248154,2,22,47,0.15099999999997651
Polarizability,Pseudo-Labeling,43,1,1,1131,1.0,0.6650703052891481,0.5,0,3,8,25.664
Polarizability,Pseudo-Labeling,43,2,0,1040,0.167,0.3201627156792622,0.5,1,3,9,25.497
Polarizability,Pseudo-Labeling,43,3,0,1129,0.167,0.5903179541682161,0.5,2,3,10,25.33
Polarizability,Pseudo-Labeling,43,4,0,1130,0.167,0.2828896571899118,0.5,3,3,11,25.162999999999997
Polarizability,Pseudo-Labeling,43,5,0,1132,0.167,0.27057779566330764,0.5,4,3,12,24.996
Polarizability,Pseudo-Labeling,43,6,0,1126,0.167,0.22163347181857693,0.5,5,3,13,24.829
Polarizability,Pseudo-Labeling,43,7,0,300,0.167,0.4312759827666782,0.5,6,3,14,24.662
Polarizability,Pseudo-Labeling,43,8,0,1127,0.167,0.17857900282249492,0.5,7,3,15,24.494999999999997
Polarizability,Pseudo-Labeling,43,9,1,140,1.0,0.204317594098233,0.5,0,4,15,23.495
Polarizability,Pseudo-Labeling,43,10,1,549,1.0,0.15739722821315272,0.5,0,5,15,22.495
Polarizability,Pseudo-Labeling,43,11,1,1065,1.0,0.15059923915991813,0.5,0,6,15,21.495
Polarizability,Pseudo-Labeling,43,12,1,1133,1.0,0.13210595080312265,0.5,0,7,15,20.495
Polarizability,Pseudo-Labeling,43,13,0,1117,0.167,0.29621507569044575,0.9994397744431597,1,7,16,20.328
Polarizability,Pseudo-Labeling,43,14,0,1128,0.167,0.27453014021383726,0.9994397744431597,2,7,17,20.161
Polarizability,Pseudo-Labeling,43,15,0,1125,0.167,0.21463784963081328,0.9994397744431597,3,7,18,19.994
Polarizability,Pseudo-Labeling,43,16,0,1124,0.167,0.1793077653632692,0.9994397744431597,4,7,19,19.826999999999998
Polarizability,Pseudo-Labeling,43,17,0,1109,0.167,0.16490034710776272,0.9994397744431597,5,7,20,19.66
Polarizability,Pseudo-Labeling,43,18,0,921,0.167,0.20611521481837172,0.9994397744431597,6,7,21,19.493000000000002
Polarizability,Pseudo-Labeling,43,19,0,1118,0.167,0.1626682434326441,0.9994397744431597,7,7,22,19.326
Polarizability,Pseudo-Labeling,43,20,0,1103,0.167,0.1472539371483086,0.9994397744431597,8,7,23,19.159
Polarizability,Pseudo-Labeling,43,21,0,1115,0.167,0.11640271124892772,0.9994397744431597,9,7,24,18.992
Polarizability,Pseudo-Labeling,43,22,1,1129,1.0,0.10290792539860502,0.9994397744431597,0,8,24,17.992000000000004
Polarizability,Pseudo-Labeling,43,23,0,1120,0.167,0.1067266879434238,0.9994028650573129,1,8,25,17.825000000000003
Polarizability,Pseudo-Labeling,43,24,0,1091,0.167,0.10249053907930523,0.9994028650573129,2,8,26,17.658
Polarizability,Pseudo-Labeling,43,25,1,921,1.0,0.11518662113341283,0.9994028650573129,0,9,26,16.658
Polarizability,Pseudo-Labeling,43,26,0,1108,0.167,0.0844502312717274,0.9974569486500262,1,9,27,16.491
Polarizability,Pseudo-Labeling,43,27,0,1106,0.167,0.0705574763629752,0.9974569486500262,2,9,28,16.324
Polarizability,Pseudo-Labeling,43,28,1,1130,1.0,0.06524651343205054,0.9974569486500262,0,10,28,15.324000000000005
Polarizability,Pseudo-Labeling,43,29,0,1121,0.167,0.06593456047685892,0.9974338610938907,1,10,29,15.157000000000004
Polarizability,Pseudo-Labeling,43,30,0,1116,0.167,0.06361225107141408,0.9974338610938907,2,10,30,14.990000000000004
Polarizability,Pseudo-Labeling,43,31,0,1119,0.167,0.05757992835622249,0.9974338610938907,3,10,31,14.823000000000004
Polarizability,Pseudo-Labeling,43,32,1,1132,1.0,0.05245638808450709,0.9974338610938907,0,11,31,13.823000000000004
Polarizability,Pseudo-Labeling,43,33,0,1123,0.167,0.051622809794128845,0.9839480316462541,1,11,32,13.656000000000004
Polarizability,Pseudo-Labeling,43,34,0,1067,0.167,0.051411877173641686,0.9839480316462541,2,11,33,13.489000000000003
Polarizability,Pseudo-Labeling,43,35,1,955,1.0,0.08407591044920691,0.9839480316462541,0,12,33,12.489
Polarizability,Pseudo-Labeling,43,36,0,1122,0.167,0.0454271252724776,0.9839480316462541,1,12,34,12.322000000000001
Polarizability,Pseudo-Labeling,43,37,0,944,0.167,0.04096488837565148,0.9839480316462541,2,12,35,12.155
Polarizability,Pseudo-Labeling,43,38,1,1091,1.0,0.04419354689159166,0.9839480316462541,0,13,35,11.154999999999998
Polarizability,Pseudo-Labeling,43,39,1,1126,1.0,0.03810356952886355,0.9840603144419439,0,14,35,10.154999999999998
Polarizability,Pseudo-Labeling,43,40,1,1127,1.0,0.0318976992460653,0.9837906107324625,0,15,35,9.154999999999998
Polarizability,Pseudo-Labeling,43,41,0,1112,0.167,0.032875812673469874,0.9836763472679263,1,15,36,8.987999999999998
Polarizability,Pseudo-Labeling,43,42,0,1096,0.167,0.03314447952366317,0.9836763472679263,2,15,37,8.820999999999996
Polarizability,Pseudo-Labeling,43,43,0,1105,0.167,0.028888555024350553,0.9836763472679263,3,15,38,8.653999999999995
Polarizability,Pseudo-Labeling,43,44,0,1031,0.167,0.02495105827721173,0.9836763472679263,4,15,39,8.486999999999993
Polarizability,Pseudo-Labeling,43,45,1,944,1.0,0.02515787246619995,0.9836763472679263,0,16,39,7.486999999999991
Polarizability,Pseudo-Labeling,43,46,1,1117,1.0,0.024059949936119852,0.978530469292797,0,17,39,6.486999999999991
Polarizability,Pseudo-Labeling,43,47,0,1114,0.167,0.02204732645145314,0.9786366011159158,1,17,40,6.319999999999991
Polarizability,Pseudo-Labeling,43,48,1,1128,1.0,0.020684025192580523,0.9786366011159158,0,18,40,5.31999999999999
Polarizability,Pseudo-Labeling,43,49,0,1097,0.167,0.021782747982255924,0.9783984403438301,1,18,41,5.15299999999999
Polarizability,Pseudo-Labeling,43,50,1,1125,1.0,0.01925255584299531,0.9783984403438301,0,19,41,4.152999999999988
Polarizability,Pseudo-Labeling,43,51,0,1107,0.167,0.017027573261516122,0.9784031592482858,1,19,42,3.985999999999988
Polarizability,Pseudo-Labeling,43,52,0,1113,0.167,0.015830381825149526,0.9784031592482858,2,19,43,3.8189999999999866
Polarizability,Pseudo-Labeling,43,53,1,1103,1.0,0.015504706324672213,0.9784031592482858,0,20,43,2.818999999999985
Polarizability,Pseudo-Labeling,43,54,0,1104,0.167,0.014209334971938901,0.9783281597145227,1,20,44,2.651999999999985
Polarizability,Pseudo-Labeling,43,55,1,1109,1.0,0.013291184790846622,0.9783281597145227,0,21,44,1.6519999999999833
Polarizability,Pseudo-Labeling,43,56,0,1110,0.167,0.012892025664991182,0.9782059887736979,1,21,45,1.4849999999999832
Polarizability,Pseudo-Labeling,43,57,0,1102,0.167,0.012714396110718142,0.9782059887736979,2,21,46,1.3179999999999816
Polarizability,Pseudo-Labeling,43,58,1,1118,1.0,0.011414574878624517,0.9782059887736979,0,22,46,0.3179999999999801
Polarizability,Pseudo-Labeling,43,59,0,1025,0.167,0.013052197879192262,0.9782059878519624,1,22,47,0.15099999999998007
Polarizability,Pseudo-Labeling,44,1,0,1133,0.167,0.5054119364250168,0.5,1,2,9,26.497
Polarizability,Pseudo-Labeling,44,2,0,1126,0.167,0.2844216887557112,0.5,2,2,10,26.33
Polarizability,Pseudo-Labeling,44,3,1,1133,1.0,0.23251795602430728,0.5,0,3,10,25.33
Polarizability,Pseudo-Labeling,44,4,0,924,0.167,0.20337908960878595,0.5,1,3,11,25.162999999999997
Polarizability,Pseudo-Labeling,44,5,0,1115,0.167,0.14621697253776314,0.5,2,3,12,24.996
Polarizability,Pseudo-Labeling,44,6,0,1131,0.167,0.15645822829443287,0.5,3,3,13,24.829
Polarizability,Pseudo-Labeling,44,7,0,1130,0.167,0.27864538269213046,0.5,4,3,14,24.662
Polarizability,Pseudo-Labeling,44,8,0,1132,0.167,0.2514522066023549,0.5,5,3,15,24.494999999999997
Polarizability,Pseudo-Labeling,44,9,1,944,1.0,0.20217965761094414,0.5,0,4,15,23.495
Polarizability,Pseudo-Labeling,44,10,0,1127,0.167,0.16486419633744204,0.5,1,4,16,23.328
Polarizability,Pseudo-Labeling,44,11,1,1131,1.0,0.13057125518918128,0.5,0,5,16,22.328000000000003
Polarizability,Pseudo-Labeling,44,12,0,1128,0.167,0.2597093669501433,0.9965686049387992,1,5,17,22.161
Polarizability,Pseudo-Labeling,44,13,0,1117,0.167,0.24698007807601205,0.9965686049387992,2,5,18,21.994
Polarizability,Pseudo-Labeling,44,14,0,1125,0.167,0.19375191644715567,0.9965686049387992,3,5,19,21.826999999999998
Polarizability,Pseudo-Labeling,44,15,1,303,1.0,0.1797716549819093,0.9965686049387992,0,6,19,20.827
Polarizability,Pseudo-Labeling,44,16,0,1103,0.167,0.15042573689030828,0.9965686049387992,1,6,20,20.66
Polarizability,Pseudo-Labeling,44,17,0,1118,0.167,0.1427258502627827,0.9965686049387992,2,6,21,20.493000000000002
Polarizability,Pseudo-Labeling,44,18,0,1124,0.167,0.13110828807937994,0.9965686049387992,3,6,22,20.326
Polarizability,Pseudo-Labeling,44,19,0,1120,0.167,0.11262236532948657,0.9965686049387992,4,6,23,20.159
Polarizability,Pseudo-Labeling,44,20,0,1108,0.167,0.08500417048123035,0.9965686049387992,5,6,24,19.992
Polarizability,Pseudo-Labeling,44,21,1,1052,1.0,0.12132435965280149,0.9965686049387992,0,7,24,18.992000000000004
Polarizability,Pseudo-Labeling,44,22,0,1109,0.167,0.09759573529564752,0.9965686049387992,1,7,25,18.825000000000003
Polarizability,Pseudo-Labeling,44,23,0,1121,0.167,0.08466063233177494,0.9965686049387992,2,7,26,18.658
Polarizability,Pseudo-Labeling,44,24,1,300,1.0,0.0686080482723406,0.9965686049387992,0,8,26,17.658
Polarizability,Pseudo-Labeling,44,25,0,1106,0.167,0.0696361391238135,0.9954995379361028,1,8,27,17.491
Polarizability,Pseudo-Labeling,44,26,0,1116,0.167,0.0627615981108517,0.9954995379361028,2,8,28,17.324
Polarizability,Pseudo-Labeling,44,27,1,257,1.0,0.06748098731544706,0.9954995379361028,0,9,28,16.324000000000005
Polarizability,Pseudo-Labeling,44,28,1,1130,1.0,0.061537133948590714,0.9954995379361028,0,10,28,15.324000000000005
Polarizability,Pseudo-Labeling,44,29,0,1119,0.167,0.05606520500004067,0.9956247165929258,1,10,29,15.157000000000004
Polarizability,Pseudo-Labeling,44,30,1,1132,1.0,0.04863669862645997,0.9956247165929258,0,11,29,14.157000000000004
Polarizability,Pseudo-Labeling,44,31,0,1123,0.167,0.051349725993452534,0.9865220502556871,1,11,30,13.990000000000004
Polarizability,Pseudo-Labeling,44,32,1,1065,1.0,0.05801172007204962,0.9865220502556871,0,12,30,12.990000000000002
Polarizability,Pseudo-Labeling,44,33,0,1091,0.167,0.04682079195498096,0.9836508731289842,1,12,31,12.823000000000002
Polarizability,Pseudo-Labeling,44,34,1,1126,1.0,0.04329700235239119,0.9836508731289842,0,13,31,11.823
Polarizability,Pseudo-Labeling,44,35,0,1112,0.167,0.041424996068335045,0.9838679051811063,1,13,32,11.656
Polarizability,Pseudo-Labeling,44,36,0,1122,0.167,0.0374046791290781,0.9838679051811063,2,13,33,11.488999999999999
Polarizability,Pseudo-Labeling,44,37,0,1105,0.167,0.0329888797456991,0.9838679051811063,3,13,34,11.321999999999997
Polarizability,Pseudo-Labeling,44,38,1,1127,1.0,0.026475917656871302,0.9838679051811063,0,14,34,10.321999999999996
Polarizability,Pseudo-Labeling,44,39,1,1117,1.0,0.026755740207787954,0.9840234321365848,0,15,34,9.321999999999996
Polarizability,Pseudo-Labeling,44,40,0,1096,0.167,0.023787833369969067,0.9841581414013394,1,15,35,9.154999999999996
Polarizability,Pseudo-Labeling,44,41,1,1115,1.0,0.023716061836157834,0.9841581414013394,0,16,35,8.154999999999994
Polarizability,Pseudo-Labeling,44,42,0,549,0.167,0.023619531063893775,0.9841732790717523,1,16,36,7.987999999999994
Polarizability,Pseudo-Labeling,44,43,0,1031,0.167,0.020708927400734378,0.9841732790717523,2,16,37,7.820999999999993
Polarizability,Pseudo-Labeling,44,44,0,1114,0.167,0.020446578806028255,0.9841732790717523,3,16,38,7.653999999999991
Polarizability,Pseudo-Labeling,44,45,0,1028,0.167,0.020379174201536416,0.9841732790717523,4,16,39,7.486999999999989
Polarizability,Pseudo-Labeling,44,46,1,1128,1.0,0.020588289135359934,0.9841732790717523,0,17,39,6.486999999999988
Polarizability,Pseudo-Labeling,44,47,0,1107,0.167,0.018344641322295106,0.9841060405950762,1,17,40,6.319999999999988
Polarizability,Pseudo-Labeling,44,48,0,1097,0.167,0.01683674600095279,0.9841060405950762,2,17,41,6.152999999999986
Polarizability,Pseudo-Labeling,44,49,0,1113,0.167,0.016796953710032158,0.9841060405950762,3,17,42,5.985999999999985
Polarizability,Pseudo-Labeling,44,50,1,1125,1.0,0.017979023221615868,0.9841060405950762,0,18,42,4.985999999999983
Polarizability,Pseudo-Labeling,44,51,0,1025,0.167,0.014112026512640369,0.984084104982093,1,18,43,4.818999999999983
Polarizability,Pseudo-Labeling,44,52,1,1091,1.0,0.013045483111583552,0.984084104982093,0,19,43,3.8189999999999813
Polarizability,Pseudo-Labeling,44,53,1,1118,1.0,0.013727535883397778,0.9827322929604199,0,20,43,2.8189999999999813
Polarizability,Pseudo-Labeling,44,54,1,1109,1.0,0.013409064345079685,0.9827698466098874,0,21,43,1.8189999999999813
Polarizability,Pseudo-Labeling,44,55,1,1121,1.0,0.014192082292429888,0.9826888589011893,0,22,43,0.8189999999999813
Polarizability,Pseudo-Labeling,44,56,0,1110,0.167,0.011370030694588359,0.9827701771500906,1,22,44,0.6519999999999813
Polarizability,Pseudo-Labeling,44,57,0,1104,0.167,0.010860140943248834,0.9827701771500906,2,22,45,0.48499999999997967
Polarizability,Pseudo-Labeling,44,58,0,1032,0.167,0.00850392209632262,0.9827701771500906,3,22,46,0.3179999999999781
Polarizability,Pseudo-Labeling,44,59,0,1102,0.167,0.0092394695746218,0.9827701771500906,4,22,47,0.15099999999997651
Polarizability,Pseudo-Labeling,45,1,1,1133,1.0,0.3532892393452921,0.5,0,3,8,25.664
Polarizability,Pseudo-Labeling,45,2,0,1129,0.167,0.23745490672773772,0.5,1,3,9,25.497
Polarizability,Pseudo-Labeling,45,3,0,1115,0.167,0.2105117084738916,0.5,2,3,10,25.33
Polarizability,Pseudo-Labeling,45,4,0,1131,0.167,0.35749445594042767,0.5,3,3,11,25.162999999999997
Polarizability,Pseudo-Labeling,45,5,0,1130,0.167,0.2834429601212827,0.5,4,3,12,24.996
Polarizability,Pseudo-Labeling,45,6,0,1132,0.167,0.2599823322245705,0.5,5,3,13,24.829
Polarizability,Pseudo-Labeling,45,7,0,140,0.167,0.22967606644542307,0.5,6,3,14,24.662
Polarizability,Pseudo-Labeling,45,8,1,1028,1.0,0.1728042245523048,0.5,0,4,14,23.662
Polarizability,Pseudo-Labeling,45,9,0,1127,0.167,0.161248283718354,0.5,1,4,15,23.494999999999997
Polarizability,Pseudo-Labeling,45,10,0,1126,0.167,0.152444834387992,0.5,2,4,16,23.328
Polarizability,Pseudo-Labeling,45,11,0,1117,0.167,0.12742311791782737,0.5,3,4,17,23.161
Polarizability,Pseudo-Labeling,45,12,1,1131,1.0,0.1344190542503718,0.5,0,5,17,22.161
Polarizability,Pseudo-Labeling,45,13,0,1128,0.167,0.11157823324939123,0.5,1,5,18,21.994
Polarizability,Pseudo-Labeling,45,14,1,1129,1.0,0.10374396201251312,0.5,0,6,18,20.994
Polarizability,Pseudo-Labeling,45,15,0,1125,0.167,0.1640352304739964,0.997961125346705,1,6,19,20.826999999999998
Polarizability,Pseudo-Labeling,45,16,0,1118,0.167,0.13138473392543681,0.997961125346705,2,6,20,20.66
Polarizability,Pseudo-Labeling,45,17,0,1121,0.167,0.1319049941043087,0.997961125346705,3,6,21,20.493000000000002
Polarizability,Pseudo-Labeling,45,18,0,1103,0.167,0.11157258679801489,0.997961125346705,4,6,22,20.326
Polarizability,Pseudo-Labeling,45,19,1,921,1.0,0.15140913842709286,0.997961125346705,0,7,22,19.326
Polarizability,Pseudo-Labeling,45,20,0,1124,0.167,0.10129289429894706,0.9980415910621455,1,7,23,19.159
Polarizability,Pseudo-Labeling,45,21,0,1120,0.167,0.0956734312225681,0.9980415910621455,2,7,24,18.992
Polarizability,Pseudo-Labeling,45,22,0,1109,0.167,0.06920963007665991,0.9980415910621455,3,7,25,18.825000000000003
Polarizability,Pseudo-Labeling,45,23,0,1108,0.167,0.06774512988139529,0.9980415910621455,4,7,26,18.658
Polarizability,Pseudo-Labeling,45,24,1,622,1.0,0.07896970340996787,0.9980415910621455,0,8,26,17.658
Polarizability,Pseudo-Labeling,45,25,1,1130,1.0,0.06454291444356686,0.999063254823706,0,9,26,16.658
Polarizability,Pseudo-Labeling,45,26,0,1119,0.167,0.06268451079234617,0.9989382743035405,1,9,27,16.491
Polarizability,Pseudo-Labeling,45,27,0,1106,0.167,0.06036789382671028,0.9989382743035405,2,9,28,16.324
Polarizability,Pseudo-Labeling,45,28,0,1116,0.167,0.05348577167004735,0.9989382743035405,3,9,29,16.157000000000004
Polarizability,Pseudo-Labeling,45,29,1,300,1.0,0.08362309691169183,0.9989382743035405,0,10,29,15.157000000000004
Polarizability,Pseudo-Labeling,45,30,1,1065,1.0,0.05128531399937708,0.9984376887725438,0,11,29,14.157000000000004
Polarizability,Pseudo-Labeling,45,31,0,1091,0.167,0.05221664382602313,0.9969886784745645,1,11,30,13.990000000000004
Polarizability,Pseudo-Labeling,45,32,0,1123,0.167,0.0492937127894831,0.9969886784745645,2,11,31,13.823000000000002
Polarizability,Pseudo-Labeling,45,33,1,1132,1.0,0.05149576586404987,0.9969886784745645,0,12,31,12.823
Polarizability,Pseudo-Labeling,45,34,0,1122,0.167,0.042439329856335396,0.9910803766219288,1,12,32,12.656
Polarizability,Pseudo-Labeling,45,35,0,330,0.167,0.04103683057245222,0.9910803766219288,2,12,33,12.488999999999999
Polarizability,Pseudo-Labeling,45,36,0,1112,0.167,0.04259514047694693,0.9910803766219288,3,12,34,12.321999999999997
Polarizability,Pseudo-Labeling,45,37,1,1126,1.0,0.04455837959363329,0.9910803766219288,0,13,34,11.321999999999996
Polarizability,Pseudo-Labeling,45,38,1,1117,1.0,0.03072828501196046,0.9911647362141162,0,14,34,10.321999999999996
Polarizability,Pseudo-Labeling,45,39,0,1113,0.167,0.027457286172230123,0.9912699043009253,1,14,35,10.154999999999996
Polarizability,Pseudo-Labeling,45,40,0,1105,0.167,0.028159910340937927,0.9912699043009253,2,14,36,9.987999999999994
Polarizability,Pseudo-Labeling,45,41,1,1091,1.0,0.0340567339673323,0.9912699043009253,0,15,36,8.987999999999992
Polarizability,Pseudo-Labeling,45,42,1,1127,1.0,0.02484486966523089,0.9907079651316127,0,16,36,7.987999999999992
Polarizability,Pseudo-Labeling,45,43,0,1096,0.167,0.025496878560394818,0.9907788277798752,1,16,37,7.820999999999993
Polarizability,Pseudo-Labeling,45,44,0,1031,0.167,0.02099175605900666,0.9907788277798752,2,16,38,7.653999999999991
Polarizability,Pseudo-Labeling,45,45,0,1114,0.167,0.01896780883780147,0.9907788277798752,3,16,39,7.486999999999989
Polarizability,Pseudo-Labeling,45,46,0,1107,0.167,0.01828566982920699,0.9907788277798752,4,16,40,7.319999999999988
Polarizability,Pseudo-Labeling,45,47,1,1128,1.0,0.021655967873202397,0.9907788277798752,0,17,40,6.319999999999986
Polarizability,Pseudo-Labeling,45,48,1,1103,1.0,0.01772807478837858,0.9905589210421535,0,18,40,5.319999999999986
Polarizability,Pseudo-Labeling,45,49,0,1097,0.167,0.017039180997785938,0.9903371267042574,1,18,41,5.152999999999986
Polarizability,Pseudo-Labeling,45,50,0,1090,0.167,0.015237987641191067,0.9903371267042574,2,18,42,4.985999999999985
Polarizability,Pseudo-Labeling,45,51,0,1104,0.167,0.014304081682167232,0.9903371267042574,3,18,43,4.818999999999983
Polarizability,Pseudo-Labeling,45,52,1,1125,1.0,0.014971469700771053,0.9903371267042574,0,19,43,3.8189999999999813
Polarizability,Pseudo-Labeling,45,53,1,1109,1.0,0.013359255518844586,0.990340712018467,0,20,43,2.8189999999999813
Polarizability,Pseudo-Labeling,45,54,0,1110,0.167,0.012400247965356862,0.9902226914161506,1,20,44,2.6519999999999815
Polarizability,Pseudo-Labeling,45,55,1,1115,1.0,0.01199627837597875,0.9902226914161506,0,21,44,1.6519999999999797
Polarizability,Pseudo-Labeling,45,56,1,1118,1.0,0.010377417185774701,0.9901216223992827,0,22,44,0.6519999999999797
Polarizability,Pseudo-Labeling,45,57,0,1025,0.167,0.010533814338318412,0.9901525089233439,1,22,45,0.48499999999997967
Polarizability,Pseudo-Labeling,45,58,0,1102,0.167,0.008948868786693643,0.9901525089233439,2,22,46,0.3179999999999781
Polarizability,Pseudo-Labeling,45,59,0,1069,0.167,0.00865054964494843,0.9901525089233439,3,22,47,0.15099999999997651
Polarizability,Pseudo-Labeling,46,1,0,1130,0.167,0.369041941713804,0.5,1,2,9,26.497
Polarizability,Pseudo-Labeling,46,2,0,1132,0.167,0.3144114975590263,0.5,2,2,10,26.33
Polarizability,Pseudo-Labeling,46,3,0,1117,0.167,0.2035518036830905,0.5,3,2,11,26.162999999999997
Polarizability,Pseudo-Labeling,46,4,0,1128,0.167,0.17449527729895925,0.5,4,2,12,25.996
Polarizability,Pseudo-Labeling,46,5,0,1040,0.167,0.21447798962281417,0.5,5,2,13,25.829
Polarizability,Pseudo-Labeling,46,6,0,1129,0.167,0.23297360763822067,0.5,6,2,14,25.662
Polarizability,Pseudo-Labeling,46,7,0,1126,0.167,0.16734270972780677,0.5,7,2,15,25.494999999999997
Polarizability,Pseudo-Labeling,46,8,0,1127,0.167,0.12744873160042844,0.5,8,2,16,25.328
Polarizability,Pseudo-Labeling,46,9,1,1131,1.0,0.11746141553238092,0.5,0,3,16,24.328000000000003
Polarizability,Pseudo-Labeling,46,10,1,944,1.0,0.15816100662427218,0.5,0,4,16,23.328000000000003
Polarizability,Pseudo-Labeling,46,11,0,140,0.167,0.1231951079955555,0.5,1,4,17,23.161
Polarizability,Pseudo-Labeling,46,12,1,296,1.0,0.1574836208516816,0.5,0,5,17,22.161
Polarizability,Pseudo-Labeling,46,13,1,1129,1.0,0.12341040830385719,0.5,0,6,17,21.161
Polarizability,Pseudo-Labeling,46,14,0,1125,0.167,0.18867642748114663,0.9999833607348355,1,6,18,20.994
Polarizability,Pseudo-Labeling,46,15,0,1120,0.167,0.14333111671910334,0.9999833607348355,2,6,19,20.826999999999998
Polarizability,Pseudo-Labeling,46,16,0,1124,0.167,0.13053452763330797,0.9999833607348355,3,6,20,20.66
Polarizability,Pseudo-Labeling,46,17,0,1103,0.167,0.1236759445547263,0.9999833607348355,4,6,21,20.493000000000002
Polarizability,Pseudo-Labeling,46,18,0,1118,0.167,0.0964676226312831,0.9999833607348355,5,6,22,20.326
Polarizability,Pseudo-Labeling,46,19,1,71,1.0,0.10577734146445497,0.9999833607348355,0,7,22,19.326
Polarizability,Pseudo-Labeling,46,20,0,1115,0.167,0.10352866319936838,0.9896307026491916,1,7,23,19.159
Polarizability,Pseudo-Labeling,46,21,1,921,1.0,0.09585686145468568,0.9896307026491916,0,8,23,18.159000000000002
Polarizability,Pseudo-Labeling,46,22,0,1109,0.167,0.08976094477405788,0.9897951765857832,1,8,24,17.992
Polarizability,Pseudo-Labeling,46,23,0,1108,0.167,0.08712811919896116,0.9897951765857832,2,8,25,17.825000000000003
Polarizability,Pseudo-Labeling,46,24,0,1116,0.167,0.07559859340255995,0.9897951765857832,3,8,26,17.658
Polarizability,Pseudo-Labeling,46,25,0,1119,0.167,0.0731303988333048,0.9897951765857832,4,8,27,17.491
Polarizability,Pseudo-Labeling,46,26,0,1106,0.167,0.06818848395475628,0.9897951765857832,5,8,28,17.324
Polarizability,Pseudo-Labeling,46,27,1,1130,1.0,0.0687078456425225,0.9897951765857832,0,9,28,16.324000000000005
Polarizability,Pseudo-Labeling,46,28,1,1126,1.0,0.05832534648060448,0.9917821289346703,0,10,28,15.324000000000005
Polarizability,Pseudo-Labeling,46,29,0,1123,0.167,0.05355608218765243,0.9921117904773122,1,10,29,15.157000000000004
Polarizability,Pseudo-Labeling,46,30,1,622,1.0,0.0602867398620804,0.9921117904773122,0,11,29,14.157000000000004
Polarizability,Pseudo-Labeling,46,31,0,1121,0.167,0.059346577996561775,0.9929442658743938,1,11,30,13.990000000000004
Polarizability,Pseudo-Labeling,46,32,1,1132,1.0,0.05087195917699443,0.9929442658743938,0,12,30,12.990000000000002
Polarizability,Pseudo-Labeling,46,33,0,1091,0.167,0.046291426426874616,0.9884533087617284,1,12,31,12.823000000000002
Polarizability,Pseudo-Labeling,46,34,1,1065,1.0,0.05471329638420498,0.9884533087617284,0,13,31,11.823
Polarizability,Pseudo-Labeling,46,35,0,1122,0.167,0.04360680989499507,0.9880308590920793,1,13,32,11.656
Polarizability,Pseudo-Labeling,46,36,0,1097,0.167,0.03471276015813449,0.9880308590920793,2,13,33,11.488999999999999
Polarizability,Pseudo-Labeling,46,37,1,549,1.0,0.03365917969165584,0.9880308590920793,0,14,33,10.488999999999997
Polarizability,Pseudo-Labeling,46,38,0,1105,0.167,0.032463095455194074,0.9880308590920793,1,14,34,10.321999999999997
Polarizability,Pseudo-Labeling,46,39,0,1112,0.167,0.03122235831428059,0.9880308590920793,2,14,35,10.154999999999996
Polarizability,Pseudo-Labeling,46,40,0,1067,0.167,0.03090090214186283,0.9880308590920793,3,14,36,9.987999999999994
Polarizability,Pseudo-Labeling,46,41,0,1114,0.167,0.02811109865934056,0.9880308590920793,4,14,37,9.820999999999993
Polarizability,Pseudo-Labeling,46,42,0,1096,0.167,0.026969908687541143,0.9880308590920793,5,14,38,9.653999999999991
Polarizability,Pseudo-Labeling,46,43,1,1117,1.0,0.03432895205630146,0.9880308590920793,0,15,38,8.65399999999999
Polarizability,Pseudo-Labeling,46,44,1,1125,1.0,0.023479723351758783,0.9884012817761333,0,16,38,7.653999999999989
Polarizability,Pseudo-Labeling,46,45,1,1127,1.0,0.024658779297195364,0.9885110144156285,0,17,38,6.653999999999989
Polarizability,Pseudo-Labeling,46,46,0,1031,0.167,0.02170976643175094,0.9887524289927132,1,17,39,6.486999999999989
Polarizability,Pseudo-Labeling,46,47,0,1090,0.167,0.021012915007830864,0.9887524289927132,2,17,40,6.319999999999988
Polarizability,Pseudo-Labeling,46,48,1,1128,1.0,0.01996696749930877,0.9887524289927132,0,18,40,5.319999999999986
Polarizability,Pseudo-Labeling,46,49,0,1113,0.167,0.019738432831534154,0.9887118679492589,1,18,41,5.152999999999986
Polarizability,Pseudo-Labeling,46,50,0,1025,0.167,0.018045017170348027,0.9887118679492589,2,18,42,4.985999999999985
Polarizability,Pseudo-Labeling,46,51,0,1028,0.167,0.018376397016472507,0.9887118679492589,3,18,43,4.818999999999983
Polarizability,Pseudo-Labeling,46,52,1,1103,1.0,0.015955895807558768,0.9887118679492589,0,19,43,3.8189999999999813
Polarizability,Pseudo-Labeling,46,53,0,1107,0.167,0.01658293993288825,0.9885650717845285,1,19,44,3.6519999999999815
Polarizability,Pseudo-Labeling,46,54,0,1104,0.167,0.01435798269025063,0.9885650717845285,2,19,45,3.48499999999998
Polarizability,Pseudo-Labeling,46,55,1,1109,1.0,0.013803182110251548,0.9885650717845285,0,20,45,2.484999999999978
Polarizability,Pseudo-Labeling,46,56,1,1118,1.0,0.013721427751536334,0.9885648361878087,0,21,45,1.4849999999999781
Polarizability,Pseudo-Labeling,46,57,0,1110,0.167,0.012668565131082157,0.9886620279405565,1,21,46,1.317999999999978
Polarizability,Pseudo-Labeling,46,58,1,1124,1.0,0.010512656589977715,0.9886620279405565,0,22,46,0.3179999999999765
Polarizability,Pseudo-Labeling,46,59,0,1069,0.167,0.010127864010521966,0.9886733645561626,1,22,47,0.15099999999997651
Polarizability,Pseudo-Labeling,47,1,1,1133,1.0,0.5376772455207253,0.5,0,3,8,25.664
Polarizability,Pseudo-Labeling,47,2,0,921,0.167,0.4030294295584836,0.5,1,3,9,25.497
Polarizability,Pseudo-Labeling,47,3,0,1129,0.167,0.40361839047129017,0.5,2,3,10,25.33
Polarizability,Pseudo-Labeling,47,4,0,1130,0.167,0.3223745826757936,0.5,3,3,11,25.162999999999997
Polarizability,Pseudo-Labeling,47,5,0,1132,0.167,0.30019009999945206,0.5,4,3,12,24.996
Polarizability,Pseudo-Labeling,47,6,0,1126,0.167,0.22846693387640574,0.5,5,3,13,24.829
Polarizability,Pseudo-Labeling,47,7,0,1117,0.167,0.2451382152655085,0.5,6,3,14,24.662
Polarizability,Pseudo-Labeling,47,8,1,944,1.0,0.20628938098160293,0.5,0,4,14,23.662
Polarizability,Pseudo-Labeling,47,9,0,1127,0.167,0.18385027758367453,0.5,1,4,15,23.494999999999997
Polarizability,Pseudo-Labeling,47,10,1,303,1.0,0.14713269319843283,0.5,0,5,15,22.495
Polarizability,Pseudo-Labeling,47,11,0,1128,0.167,0.283291677954866,0.992082516116048,1,5,16,22.328
Polarizability,Pseudo-Labeling,47,12,0,1121,0.167,0.27945545265969846,0.992082516116048,2,5,17,22.161
Polarizability,Pseudo-Labeling,47,13,0,1125,0.167,0.22942306051758252,0.992082516116048,3,5,18,21.994
Polarizability,Pseudo-Labeling,47,14,0,257,0.167,0.33006632099095295,0.992082516116048,4,5,19,21.826999999999998
Polarizability,Pseudo-Labeling,47,15,0,1124,0.167,0.17030387665437483,0.992082516116048,5,5,20,21.66
Polarizability,Pseudo-Labeling,47,16,0,1118,0.167,0.1612601350604065,0.992082516116048,6,5,21,21.493000000000002
Polarizability,Pseudo-Labeling,47,17,0,1067,0.167,0.1920511281783144,0.992082516116048,7,5,22,21.326
Polarizability,Pseudo-Labeling,47,18,1,1131,1.0,0.1481857650965488,0.992082516116048,0,6,22,20.326
Polarizability,Pseudo-Labeling,47,19,0,1103,0.167,0.14141236339472807,0.992149691765896,1,6,23,20.159
Polarizability,Pseudo-Labeling,47,20,0,1120,0.167,0.12911855429538208,0.992149691765896,2,6,24,19.992
Polarizability,Pseudo-Labeling,47,21,0,1115,0.167,0.11951103690404707,0.992149691765896,3,6,25,19.825000000000003
Polarizability,Pseudo-Labeling,47,22,0,1109,0.167,0.09615221422720309,0.992149691765896,4,6,26,19.658
Polarizability,Pseudo-Labeling,47,23,1,622,1.0,0.12941930570592716,0.992149691765896,0,7,26,18.658
Polarizability,Pseudo-Labeling,47,24,0,1108,0.167,0.09126713158461089,0.9922679238249882,1,7,27,18.491
Polarizability,Pseudo-Labeling,47,25,1,1129,1.0,0.11574882975391168,0.9922679238249882,0,8,27,17.491000000000003
Polarizability,Pseudo-Labeling,47,26,0,1106,0.167,0.07468790973053793,0.9928750858323875,1,8,28,17.324
Polarizability,Pseudo-Labeling,47,27,1,921,1.0,0.07330029912677644,0.9928750858323875,0,9,28,16.324000000000005
Polarizability,Pseudo-Labeling,47,28,1,1130,1.0,0.06441929001686161,0.9930610431570012,0,10,28,15.324000000000005
Polarizability,Pseudo-Labeling,47,29,0,1116,0.167,0.06636688036917325,0.9938022203515988,1,10,29,15.157000000000004
Polarizability,Pseudo-Labeling,47,30,0,1119,0.167,0.06472405556263498,0.9938022203515988,2,10,30,14.990000000000004
Polarizability,Pseudo-Labeling,47,31,1,1132,1.0,0.05550067264988659,0.9938022203515988,0,11,30,13.990000000000004
Polarizability,Pseudo-Labeling,47,32,1,300,1.0,0.06745727777454331,0.9880122002512244,0,12,30,12.990000000000002
Polarizability,Pseudo-Labeling,47,33,0,1123,0.167,0.05592187626740075,0.9898000310181367,1,12,31,12.823000000000002
Polarizability,Pseudo-Labeling,47,34,0,1122,0.167,0.05074790603176827,0.9898000310181367,2,12,32,12.656
Polarizability,Pseudo-Labeling,47,35,0,1112,0.167,0.04399509260757314,0.9898000310181367,3,12,33,12.488999999999999
Polarizability,Pseudo-Labeling,47,36,0,1028,0.167,0.05358740230299608,0.9898000310181367,4,12,34,12.321999999999997
Polarizability,Pseudo-Labeling,47,37,0,1091,0.167,0.04740978511638117,0.9898000310181367,5,12,35,12.154999999999996
Polarizability,Pseudo-Labeling,47,38,1,1126,1.0,0.04722109792187124,0.9898000310181367,0,13,35,11.154999999999994
Polarizability,Pseudo-Labeling,47,39,0,1105,0.167,0.03503953866470475,0.9900550222432133,1,13,36,10.987999999999994
Polarizability,Pseudo-Labeling,47,40,0,1031,0.167,0.031095869957834622,0.9900550222432133,2,13,37,10.820999999999993
Polarizability,Pseudo-Labeling,47,41,1,1127,1.0,0.029305079485925062,0.9900550222432133,0,14,37,9.82099999999999
Polarizability,Pseudo-Labeling,47,42,0,1025,0.167,0.027863682596014846,0.990245726254209,1,14,38,9.653999999999991
Polarizability,Pseudo-Labeling,47,43,0,1114,0.167,0.027962456576005375,0.990245726254209,2,14,39,9.48699999999999
Polarizability,Pseudo-Labeling,47,44,1,1117,1.0,0.02478787470808773,0.990245726254209,0,15,39,8.486999999999988
Polarizability,Pseudo-Labeling,47,45,1,1125,1.0,0.02463571536713626,0.9904093792684502,0,16,39,7.486999999999988
Polarizability,Pseudo-Labeling,47,46,0,1096,0.167,0.024186161873928573,0.9904409353785365,1,16,40,7.319999999999988
Polarizability,Pseudo-Labeling,47,47,0,1107,0.167,0.022457431246954557,0.9904409353785365,2,16,41,7.152999999999986
Polarizability,Pseudo-Labeling,47,48,0,1113,0.167,0.019724459152056905,0.9904409353785365,3,16,42,6.985999999999985
Polarizability,Pseudo-Labeling,47,49,1,1040,1.0,0.026942095954175065,0.9904409353785365,0,17,42,5.985999999999983
Polarizability,Pseudo-Labeling,47,50,1,1128,1.0,0.0206601507406246,0.9904409353785365,0,18,42,4.985999999999983
Polarizability,Pseudo-Labeling,47,51,0,1090,0.167,0.01785217525136826,0.9904518523583883,1,18,43,4.818999999999983
Polarizability,Pseudo-Labeling,47,52,1,1091,1.0,0.020493029958363614,0.9904518523583883,0,19,43,3.8189999999999813
Polarizability,Pseudo-Labeling,47,53,0,1104,0.167,0.015049979153101137,0.9895937473472399,1,19,44,3.6519999999999815
Polarizability,Pseudo-Labeling,47,54,0,1110,0.167,0.015011911654892064,0.9895937473472399,2,19,45,3.48499999999998
Polarizability,Pseudo-Labeling,47,55,1,1109,1.0,0.013579515392325325,0.9895937473472399,0,20,45,2.484999999999978
Polarizability,Pseudo-Labeling,47,56,1,1124,1.0,0.014136858379528876,0.9895968809182956,0,21,45,1.4849999999999781
Polarizability,Pseudo-Labeling,47,57,1,1103,1.0,0.014510230530662686,0.9896136588219356,0,22,45,0.4849999999999781
Polarizability,Pseudo-Labeling,47,58,0,1097,0.167,0.012206614750364008,0.9895586923465493,1,22,46,0.3179999999999781
Polarizability,Pseudo-Labeling,47,59,0,1032,0.167,0.010676686130486703,0.9895586923465493,2,22,47,0.15099999999997651
Polarizability,Pseudo-Labeling,48,1,0,1130,0.167,0.3717745908273826,0.5,1,2,9,26.497
Polarizability,Pseudo-Labeling,48,2,0,1132,0.167,0.3230767789083072,0.5,2,2,10,26.33
Polarizability,Pseudo-Labeling,48,3,0,1117,0.167,0.2219661553604564,0.5,3,2,11,26.162999999999997
Polarizability,Pseudo-Labeling,48,4,0,1128,0.167,0.19732500760833088,0.5,4,2,12,25.996
Polarizability,Pseudo-Labeling,48,5,0,1127,0.167,0.16325078366446485,0.5,5,2,13,25.829
Polarizability,Pseudo-Labeling,48,6,0,1129,0.167,0.24243177725798234,0.5,6,2,14,25.662
Polarizability,Pseudo-Labeling,48,7,0,1126,0.167,0.1907761113172514,0.5,7,2,15,25.494999999999997
Polarizability,Pseudo-Labeling,48,8,0,921,0.167,0.13923087780776655,0.5,8,2,16,25.328
Polarizability,Pseudo-Labeling,48,9,0,1125,0.167,0.10776613318374861,0.5,9,2,17,25.161
Polarizability,Pseudo-Labeling,48,10,1,1131,1.0,0.12818153354225356,0.5,0,3,17,24.161
Polarizability,Pseudo-Labeling,48,11,1,257,1.0,0.17404324385542325,0.5,0,4,17,23.161
Polarizability,Pseudo-Labeling,48,12,1,924,1.0,0.13560078035789008,0.5,0,5,17,22.161
Polarizability,Pseudo-Labeling,48,13,1,1129,1.0,0.11515057356112798,0.5,0,6,17,21.161
Polarizability,Pseudo-Labeling,48,14,1,300,1.0,0.12562654715594485,0.5,0,7,17,20.161
Polarizability,Pseudo-Labeling,48,15,0,1115,0.167,0.18960845854371425,0.9999983176146683,1,7,18,19.994
Polarizability,Pseudo-Labeling,48,16,0,1103,0.167,0.16778979192571883,0.9999983176146683,2,7,19,19.826999999999998
Polarizability,Pseudo-Labeling,48,17,0,1120,0.167,0.14112582474609175,0.9999983176146683,3,7,20,19.66
Polarizability,Pseudo-Labeling,48,18,0,1118,0.167,0.13016372181573435,0.9999983176146683,4,7,21,19.493000000000002
Polarizability,Pseudo-Labeling,48,19,0,1124,0.167,0.10277342301259668,0.9999983176146683,5,7,22,19.326
Polarizability,Pseudo-Labeling,48,20,1,1065,1.0,0.11515090917992107,0.9999983176146683,0,8,22,18.326
Polarizability,Pseudo-Labeling,48,21,0,140,0.167,0.09479135394032914,0.9950987299685848,1,8,23,18.159
Polarizability,Pseudo-Labeling,48,22,0,1109,0.167,0.08436126680975317,0.9950987299685848,2,8,24,17.992
Polarizability,Pseudo-Labeling,48,23,0,1108,0.167,0.08037146600640188,0.9950987299685848,3,8,25,17.825000000000003
Polarizability,Pseudo-Labeling,48,24,0,1106,0.167,0.06962864890388189,0.9950987299685848,4,8,26,17.658
Polarizability,Pseudo-Labeling,48,25,1,955,1.0,0.06298424620488487,0.9950987299685848,0,9,26,16.658
Polarizability,Pseudo-Labeling,48,26,1,1130,1.0,0.06356953016805328,0.9950987299685848,0,10,26,15.658000000000001
Polarizability,Pseudo-Labeling,48,27,0,1119,0.167,0.06241054821547305,0.9961472454617075,1,10,27,15.491000000000003
Polarizability,Pseudo-Labeling,48,28,0,1121,0.167,0.06355352032984668,0.9961472454617075,2,10,28,15.324000000000003
Polarizability,Pseudo-Labeling,48,29,1,303,1.0,0.07003041236773003,0.9961472454617075,0,11,28,14.324000000000003
Polarizability,Pseudo-Labeling,48,30,0,1116,0.167,0.06240765373725963,0.9972480090801981,1,11,29,14.157000000000004
Polarizability,Pseudo-Labeling,48,31,1,1028,1.0,0.05058410089113524,0.9972480090801981,0,12,29,13.157000000000004
Polarizability,Pseudo-Labeling,48,32,1,1132,1.0,0.045661112027641226,0.9972480090801981,0,13,29,12.157000000000004
Polarizability,Pseudo-Labeling,48,33,0,1122,0.167,0.04534727603005286,0.9925034897337384,1,13,30,11.990000000000004
Polarizability,Pseudo-Labeling,48,34,1,1126,1.0,0.05129625506557375,0.9925034897337384,0,14,30,10.990000000000002
Polarizability,Pseudo-Labeling,48,35,0,1123,0.167,0.038867494108221136,0.9923789883249299,1,14,31,10.823000000000002
Polarizability,Pseudo-Labeling,48,36,0,1112,0.167,0.03432438729842706,0.9923789883249299,2,14,32,10.656
Polarizability,Pseudo-Labeling,48,37,0,1091,0.167,0.034599791332576214,0.9923789883249299,3,14,33,10.488999999999999
Polarizability,Pseudo-Labeling,48,38,0,1067,0.167,0.03164697228313645,0.9923789883249299,4,14,34,10.321999999999997
Polarizability,Pseudo-Labeling,48,39,0,1105,0.167,0.029945742772946673,0.9923789883249299,5,14,35,10.154999999999996
Polarizability,Pseudo-Labeling,48,40,1,1117,1.0,0.02840379293030592,0.9923789883249299,0,15,35,9.154999999999994
Polarizability,Pseudo-Labeling,48,41,0,1031,0.167,0.022672469808043137,0.9923998402316613,1,15,36,8.987999999999994
Polarizability,Pseudo-Labeling,48,42,1,1127,1.0,0.02496697120613716,0.9923998402316613,0,16,36,7.987999999999992
Polarizability,Pseudo-Labeling,48,43,1,1128,1.0,0.02022493929058245,0.9923995301315499,0,17,36,6.987999999999992
Polarizability,Pseudo-Labeling,48,44,1,1125,1.0,0.02214395221012213,0.9919941303657734,0,18,36,5.987999999999992
Polarizability,Pseudo-Labeling,48,45,0,1025,0.167,0.017354102360729557,0.9919691308710551,1,18,37,5.820999999999993
Polarizability,Pseudo-Labeling,48,46,1,1091,1.0,0.01871508334329395,0.9919691308710551,0,19,37,4.820999999999991
Polarizability,Pseudo-Labeling,48,47,0,1113,0.167,0.016175732478135106,0.99141987392545,1,19,38,4.653999999999991
Polarizability,Pseudo-Labeling,48,48,1,1109,1.0,0.01726755188497079,0.99141987392545,0,20,38,3.6539999999999893
Polarizability,Pseudo-Labeling,48,49,0,1110,0.167,0.014104713124899517,0.991124687660387,1,20,39,3.4869999999999894
Polarizability,Pseudo-Labeling,48,50,1,1124,1.0,0.014014331439728765,0.991124687660387,0,21,39,2.4869999999999877
Polarizability,Pseudo-Labeling,48,51,0,1069,0.167,0.012277189498324025,0.991022490060691,1,21,40,2.319999999999988
Polarizability,Pseudo-Labeling,48,52,0,1114,0.167,0.01198458129939538,0.991022490060691,2,21,41,2.1529999999999863
Polarizability,Pseudo-Labeling,48,53,0,1096,0.167,0.01410242317356509,0.991022490060691,3,21,42,1.9859999999999844
Polarizability,Pseudo-Labeling,48,54,1,1103,1.0,0.013547877204502644,0.991022490060691,0,22,42,0.9859999999999829
Polarizability,Pseudo-Labeling,48,55,0,1107,0.167,0.010461370407053203,0.9907293200554197,1,22,43,0.8189999999999829
Polarizability,Pseudo-Labeling,48,56,0,1102,0.167,0.009505084894286187,0.9907293200554197,2,22,44,0.6519999999999813
Polarizability,Pseudo-Labeling,48,57,0,1104,0.167,0.010114829004084,0.9907293200554197,3,22,45,0.48499999999997967
Polarizability,Pseudo-Labeling,48,58,0,1090,0.167,0.008105855699115438,0.9907293200554197,4,22,46,0.3179999999999781
Polarizability,Pseudo-Labeling,48,59,0,1032,0.167,0.006878322293396598,0.9907293200554197,5,22,47,0.15099999999997651
Polarizability,Pseudo-Labeling,49,1,1,1133,1.0,0.37924282196173253,0.5,0,3,8,25.664
Polarizability,Pseudo-Labeling,49,2,0,1129,0.167,0.35714573596953453,0.5,1,3,9,25.497
Polarizability,Pseudo-Labeling,49,3,0,924,0.167,0.3168626702995128,0.5,2,3,10,25.33
Polarizability,Pseudo-Labeling,49,4,0,1131,0.167,0.24683125444855036,0.5,3,3,11,25.162999999999997
Polarizability,Pseudo-Labeling,49,5,0,1130,0.167,0.2944238886254311,0.5,4,3,12,24.996
Polarizability,Pseudo-Labeling,49,6,0,1132,0.167,0.2635193595065994,0.5,5,3,13,24.829
Polarizability,Pseudo-Labeling,49,7,0,1126,0.167,0.19900640248949783,0.5,6,3,14,24.662
Polarizability,Pseudo-Labeling,49,8,1,944,1.0,0.19173768440744643,0.5,0,4,14,23.662
Polarizability,Pseudo-Labeling,49,9,0,1127,0.167,0.1769231004823843,0.5,1,4,15,23.494999999999997
Polarizability,Pseudo-Labeling,49,10,1,330,1.0,0.14797849459662055,0.5,0,5,15,22.495
Polarizability,Pseudo-Labeling,49,11,0,1128,0.167,0.13012340506965145,0.5,1,5,16,22.328
Polarizability,Pseudo-Labeling,49,12,0,1117,0.167,0.10630272901473674,0.5,2,5,17,22.161
Polarizability,Pseudo-Labeling,49,13,1,1131,1.0,0.13613181879607186,0.5,0,6,17,21.161
Polarizability,Pseudo-Labeling,49,14,1,1052,1.0,0.1113482807362632,0.5,0,7,17,20.161
Polarizability,Pseudo-Labeling,49,15,0,1125,0.167,0.10139605311222365,0.5,1,7,18,19.994
Polarizability,Pseudo-Labeling,49,16,0,1115,0.167,0.09046535913526274,0.5,2,7,19,19.826999999999998
Polarizability,Pseudo-Labeling,49,17,1,1129,1.0,0.1107619394367774,0.5,0,8,19,18.827
Polarizability,Pseudo-Labeling,49,18,0,1118,0.167,0.14344763380408138,0.997961125346705,1,8,20,18.66
Polarizability,Pseudo-Labeling,49,19,0,1124,0.167,0.12863574729857244,0.997961125346705,2,8,21,18.493000000000002
Polarizability,Pseudo-Labeling,49,20,0,1103,0.167,0.11841770553089712,0.997961125346705,3,8,22,18.326
Polarizability,Pseudo-Labeling,49,21,0,549,0.167,0.14183270211597002,0.997961125346705,4,8,23,18.159
Polarizability,Pseudo-Labeling,49,22,0,1109,0.167,0.1062961857532301,0.997961125346705,5,8,24,17.992
Polarizability,Pseudo-Labeling,49,23,0,1121,0.167,0.09258314368531961,0.997961125346705,6,8,25,17.825000000000003
Polarizability,Pseudo-Labeling,49,24,1,257,1.0,0.10377128674775311,0.997961125346705,0,9,25,16.825000000000003
Polarizability,Pseudo-Labeling,49,25,0,1120,0.167,0.07820722542570765,0.9953183763609655,1,9,26,16.658
Polarizability,Pseudo-Labeling,49,26,0,1108,0.167,0.07441811236891047,0.9953183763609655,2,9,27,16.491
Polarizability,Pseudo-Labeling,49,27,0,1106,0.167,0.061369451531653775,0.9953183763609655,3,9,28,16.324
Polarizability,Pseudo-Labeling,49,28,1,1130,1.0,0.0558175145769846,0.9953183763609655,0,10,28,15.324000000000005
Polarizability,Pseudo-Labeling,49,29,0,1091,0.167,0.06089725967519801,0.9950180655825932,1,10,29,15.157000000000004
Polarizability,Pseudo-Labeling,49,30,0,1119,0.167,0.055033983225217166,0.9950180655825932,2,10,30,14.990000000000004
Polarizability,Pseudo-Labeling,49,31,1,1132,1.0,0.05080596681741827,0.9950180655825932,0,11,30,13.990000000000004
Polarizability,Pseudo-Labeling,49,32,0,1116,0.167,0.048973981858519436,0.9687464085804002,1,11,31,13.823000000000002
Polarizability,Pseudo-Labeling,49,33,1,1126,1.0,0.05009069512523876,0.9687464085804002,0,12,31,12.823
Polarizability,Pseudo-Labeling,49,34,0,1123,0.167,0.04422257778183153,0.9691997000873925,1,12,32,12.656
Polarizability,Pseudo-Labeling,49,35,1,1065,1.0,0.09023108267755774,0.9691997000873925,0,13,32,11.655999999999999
Polarizability,Pseudo-Labeling,49,36,0,1122,0.167,0.040311820594593914,0.9779476709452736,1,13,33,11.488999999999999
Polarizability,Pseudo-Labeling,49,37,0,1105,0.167,0.032336643922788816,0.9779476709452736,2,13,34,11.321999999999997
Polarizability,Pseudo-Labeling,49,38,1,775,1.0,0.03682350623143775,0.9779476709452736,0,14,34,10.321999999999996
Polarizability,Pseudo-Labeling,49,39,0,1112,0.167,0.0297198837956598,0.9779476709452736,1,14,35,10.154999999999996
Polarizability,Pseudo-Labeling,49,40,1,1127,1.0,0.02360666883368187,0.9779476709452736,0,15,35,9.154999999999994
Polarizability,Pseudo-Labeling,49,41,1,1117,1.0,0.02369989960160406,0.9779394547561703,0,16,35,8.154999999999994
Polarizability,Pseudo-Labeling,49,42,0,1025,0.167,0.02245912186396395,0.9779369610279229,1,16,36,7.987999999999994
Polarizability,Pseudo-Labeling,49,43,1,1128,1.0,0.022661800593998332,0.9779369610279229,0,17,36,6.987999999999992
Polarizability,Pseudo-Labeling,49,44,0,1031,0.167,0.020009140053421984,0.9775185661683928,1,17,37,6.820999999999993
Polarizability,Pseudo-Labeling,49,45,1,1125,1.0,0.019256472947922675,0.9775185661683928,0,18,37,5.820999999999991
Polarizability,Pseudo-Labeling,49,46,1,1124,1.0,0.017512413088734323,0.9777026198577198,0,19,37,4.820999999999991
Polarizability,Pseudo-Labeling,49,47,0,1096,0.167,0.015668725021249146,0.9778530261368649,1,19,38,4.653999999999991
Polarizability,Pseudo-Labeling,49,48,0,1090,0.167,0.016156785402262442,0.9778530261368649,2,19,39,4.486999999999989
Polarizability,Pseudo-Labeling,49,49,1,1109,1.0,0.014487063468063097,0.9778530261368649,0,20,39,3.4869999999999877
Polarizability,Pseudo-Labeling,49,50,1,1118,1.0,0.015728857947028142,0.9776434200072314,0,21,39,2.4869999999999877
Polarizability,Pseudo-Labeling,49,51,0,1067,0.167,0.013687705893878853,0.9776549224566619,1,21,40,2.319999999999988
Polarizability,Pseudo-Labeling,49,52,0,1113,0.167,0.0131939940048635,0.9776549224566619,2,21,41,2.1529999999999863
Polarizability,Pseudo-Labeling,49,53,1,1103,1.0,0.013260003963151634,0.9776549224566619,0,22,41,1.1529999999999845
Polarizability,Pseudo-Labeling,49,54,0,1114,0.167,0.012293003567855879,0.9777572159581386,1,22,42,0.9859999999999844
Polarizability,Pseudo-Labeling,49,55,0,1107,0.167,0.011408999320533469,0.9777572159581386,2,22,43,0.8189999999999829
Polarizability,Pseudo-Labeling,49,56,0,1110,0.167,0.010297447708339888,0.9777572159581386,3,22,44,0.6519999999999813
Polarizability,Pseudo-Labeling,49,57,0,1104,0.167,0.009882924449662057,0.9777572159581386,4,22,45,0.48499999999997967
Polarizability,Pseudo-Labeling,49,58,0,1097,0.167,0.008896737344305102,0.9777572159581386,5,22,46,0.3179999999999781
Polarizability,Pseudo-Labeling,49,59,0,1032,0.167,0.0070148965467677635,0.9777572159581386,6,22,47,0.15099999999997651
Polarizability,Pseudo-Labeling,50,1,1,1131,1.0,0.35402774775021373,0.5,0,3,8,25.664
Polarizability,Pseudo-Labeling,50,2,0,286,0.167,0.3148121297815854,0.5,1,3,9,25.497
Polarizability,Pseudo-Labeling,50,3,0,1130,0.167,0.2895088475986814,0.5,2,3,10,25.33
Polarizability,Pseudo-Labeling,50,4,0,921,0.167,0.30538740274777554,0.5,3,3,11,25.162999999999997
Polarizability,Pseudo-Labeling,50,5,0,1129,0.167,0.2916861501928165,0.5,4,3,12,24.996
Polarizability,Pseudo-Labeling,50,6,0,1132,0.167,0.27086235656122004,0.5,5,3,13,24.829
Polarizability,Pseudo-Labeling,50,7,0,1117,0.167,0.2086865496850189,0.5,6,3,14,24.662
Polarizability,Pseudo-Labeling,50,8,1,549,1.0,0.2091674998408512,0.5,0,4,14,23.662
Polarizability,Pseudo-Labeling,50,9,0,1126,0.167,0.1961026074519583,0.5,1,4,15,23.494999999999997
Polarizability,Pseudo-Labeling,50,10,0,1127,0.167,0.16944763139142666,0.5,2,4,16,23.328
Polarizability,Pseudo-Labeling,50,11,1,1065,1.0,0.17620213598230558,0.5,0,5,16,22.328000000000003
Polarizability,Pseudo-Labeling,50,12,1,921,1.0,0.1485067531959403,0.5,0,6,16,21.328000000000003
Polarizability,Pseudo-Labeling,50,13,0,1128,0.167,0.2715701938072875,0.9958335187006362,1,6,17,21.161
Polarizability,Pseudo-Labeling,50,14,0,1103,0.167,0.21302566329840672,0.9958335187006362,2,6,18,20.994
Polarizability,Pseudo-Labeling,50,15,0,1125,0.167,0.1699103181631618,0.9958335187006362,3,6,19,20.826999999999998
Polarizability,Pseudo-Labeling,50,16,0,1118,0.167,0.15766177492261704,0.9958335187006362,4,6,20,20.66
Polarizability,Pseudo-Labeling,50,17,0,257,0.167,0.1601386844981345,0.9958335187006362,5,6,21,20.493000000000002
Polarizability,Pseudo-Labeling,50,18,0,1124,0.167,0.1388943893241677,0.9958335187006362,6,6,22,20.326
Polarizability,Pseudo-Labeling,50,19,1,1133,1.0,0.12591674244270212,0.9958335187006362,0,7,22,19.326
Polarizability,Pseudo-Labeling,50,20,0,1109,0.167,0.13066630263327245,0.9973953590171265,1,7,23,19.159
Polarizability,Pseudo-Labeling,50,21,0,1115,0.167,0.12509952493691856,0.9973953590171265,2,7,24,18.992
Polarizability,Pseudo-Labeling,50,22,0,1120,0.167,0.11356741339917659,0.9973953590171265,3,7,25,18.825000000000003
Polarizability,Pseudo-Labeling,50,23,1,1129,1.0,0.12506786556256094,0.9973953590171265,0,8,25,17.825000000000003
Polarizability,Pseudo-Labeling,50,24,0,1108,0.167,0.09135473130804496,0.9974569486500262,1,8,26,17.658
Polarizability,Pseudo-Labeling,50,25,0,1106,0.167,0.07782519123423443,0.9974569486500262,2,8,27,17.491
Polarizability,Pseudo-Labeling,50,26,0,1091,0.167,0.08659454179100848,0.9974569486500262,3,8,28,17.324
Polarizability,Pseudo-Labeling,50,27,0,1119,0.167,0.07044500649905208,0.9974569486500262,4,8,29,17.157000000000004
Polarizability,Pseudo-Labeling,50,28,0,1116,0.167,0.06301868624294732,0.9974569486500262,5,8,30,16.990000000000002
Polarizability,Pseudo-Labeling,50,29,1,1130,1.0,0.07104519081172314,0.9974569486500262,0,9,30,15.990000000000002
Polarizability,Pseudo-Labeling,50,30,0,330,0.167,0.08342598530169291,0.9974338610938907,1,9,31,15.823000000000004
Polarizability,Pseudo-Labeling,50,31,1,1028,1.0,0.06245828722593713,0.9974338610938907,0,10,31,14.823000000000004
Polarizability,Pseudo-Labeling,50,32,0,1123,0.167,0.05941653493401097,0.9974338610938907,1,10,32,14.656000000000004
Polarizability,Pseudo-Labeling,50,33,0,1121,0.167,0.06890284748091195,0.9974338610938907,2,10,33,14.489000000000004
Polarizability,Pseudo-Labeling,50,34,1,257,1.0,0.08141417547722243,0.9974338610938907,0,11,33,13.489000000000004
Polarizability,Pseudo-Labeling,50,35,1,1132,1.0,0.050682041946884096,0.993376617077274,0,12,33,12.489000000000004
Polarizability,Pseudo-Labeling,50,36,0,1122,0.167,0.049138323353003485,0.9826513960341797,1,12,34,12.322000000000005
Polarizability,Pseudo-Labeling,50,37,1,1126,1.0,0.04895665423437658,0.9826513960341797,0,13,34,11.322000000000003
Polarizability,Pseudo-Labeling,50,38,1,955,1.0,0.05541247410802569,0.9826776250649268,0,14,34,10.322000000000003
Polarizability,Pseudo-Labeling,50,39,0,1112,0.167,0.035161788133286326,0.9826776250649268,1,14,35,10.155000000000003
Polarizability,Pseudo-Labeling,50,40,0,1105,0.167,0.03325692863746329,0.9826776250649268,2,14,36,9.988000000000001
Polarizability,Pseudo-Labeling,50,41,1,1127,1.0,0.030910867689178882,0.9826776250649268,0,15,36,8.988
Polarizability,Pseudo-Labeling,50,42,0,1114,0.167,0.029924237593818598,0.9827172922947415,1,15,37,8.821
Polarizability,Pseudo-Labeling,50,43,0,1096,0.167,0.03199344204423151,0.9827172922947415,2,15,38,8.653999999999998
Polarizability,Pseudo-Labeling,50,44,1,1117,1.0,0.026018989397558215,0.9827172922947415,0,16,38,7.653999999999996
Polarizability,Pseudo-Labeling,50,45,0,1031,0.167,0.023275947827327823,0.9827606877842641,1,16,39,7.4869999999999965
Polarizability,Pseudo-Labeling,50,46,1,1091,1.0,0.02555000448701423,0.9827606877842641,0,17,39,6.486999999999995
Polarizability,Pseudo-Labeling,50,47,0,1025,0.167,0.022982290972212605,0.9819283090260313,1,17,40,6.319999999999995
Polarizability,Pseudo-Labeling,50,48,0,1107,0.167,0.02084619162460045,0.9819283090260313,2,17,41,6.152999999999993
Polarizability,Pseudo-Labeling,50,49,1,1125,1.0,0.021979555282524564,0.9819283090260313,0,18,41,5.152999999999992
Polarizability,Pseudo-Labeling,50,50,1,1128,1.0,0.02011740740692316,0.9819269329159652,0,19,41,4.152999999999992
Polarizability,Pseudo-Labeling,50,51,0,1110,0.167,0.0173526907452466,0.9815715858653072,1,19,42,3.9859999999999918
Polarizability,Pseudo-Labeling,50,52,0,1113,0.167,0.016835166547414546,0.9815715858653072,2,19,43,3.81899999999999
Polarizability,Pseudo-Labeling,50,53,1,1109,1.0,0.01652566996132459,0.9815715858653072,0,20,43,2.8189999999999884
Polarizability,Pseudo-Labeling,50,54,1,1103,1.0,0.017189433768226722,0.9813367589813865,0,21,43,1.8189999999999884
Polarizability,Pseudo-Labeling,50,55,0,1097,0.167,0.017131086292464487,0.9811783330768786,1,21,44,1.6519999999999884
Polarizability,Pseudo-Labeling,50,56,0,1090,0.167,0.01668528142260399,0.9811783330768786,2,21,45,1.4849999999999868
Polarizability,Pseudo-Labeling,50,57,1,1118,1.0,0.014267580848419947,0.9811783330768786,0,22,45,0.4849999999999852
Polarizability,Pseudo-Labeling,50,58,0,1104,0.167,0.011639491676213231,0.9811806751904516,1,22,46,0.3179999999999852
Polarizability,Pseudo-Labeling,50,59,0,1032,0.167,0.009945689812072432,0.9811806751904516,2,22,47,0.15099999999998362
Polarizability,Pseudo-Labeling,51,1,0,1130,0.167,0.3782701966327316,0.5,1,2,9,26.497
Polarizability,Pseudo-Labeling,51,2,0,1132,0.167,0.32707673843028606,0.5,2,2,10,26.33
Polarizability,Pseudo-Labeling,51,3,0,1127,0.167,0.21485079594631953,0.5,3,2,11,26.162999999999997
Polarizability,Pseudo-Labeling,51,4,0,1129,0.167,0.19736580847702023,0.5,4,2,12,25.996
Polarizability,Pseudo-Labeling,51,5,0,1040,0.167,0.32463815591430323,0.5,5,2,13,25.829
Polarizability,Pseudo-Labeling,51,6,0,1126,0.167,0.17639141954463858,0.5,6,2,14,25.662
Polarizability,Pseudo-Labeling,51,7,0,140,0.167,0.15214853117547758,0.5,7,2,15,25.494999999999997
Polarizability,Pseudo-Labeling,51,8,1,1129,1.0,0.13889296740117252,0.5,0,3,15,24.495
Polarizability,Pseudo-Labeling,51,9,1,1131,1.0,0.1705218077122047,0.5,0,4,15,23.495
Polarizability,Pseudo-Labeling,51,10,1,944,1.0,0.24083769876049066,0.5,0,5,15,22.495
Polarizability,Pseudo-Labeling,51,11,0,1128,0.167,0.2376620250325758,0.9999833607348355,1,5,16,22.328
Polarizability,Pseudo-Labeling,51,12,0,1117,0.167,0.21380241741864806,0.9999833607348355,2,5,17,22.161
Polarizability,Pseudo-Labeling,51,13,0,1125,0.167,0.18734143063606776,0.9999833607348355,3,5,18,21.994
Polarizability,Pseudo-Labeling,51,14,1,300,1.0,0.13489194918644792,0.9999833607348355,0,6,18,20.994
Polarizability,Pseudo-Labeling,51,15,0,1120,0.167,0.1476250016458074,0.9948893220866787,1,6,19,20.826999999999998
Polarizability,Pseudo-Labeling,51,16,0,1103,0.167,0.13256934762740655,0.9948893220866787,2,6,20,20.66
Polarizability,Pseudo-Labeling,51,17,0,1124,0.167,0.11952288738462773,0.9948893220866787,3,6,21,20.493000000000002
Polarizability,Pseudo-Labeling,51,18,0,1118,0.167,0.10068222660187438,0.9948893220866787,4,6,22,20.326
Polarizability,Pseudo-Labeling,51,19,1,921,1.0,0.0910105808063482,0.9948893220866787,0,7,22,19.326
Polarizability,Pseudo-Labeling,51,20,0,1115,0.167,0.08372375979066016,0.9933836093803576,1,7,23,19.159
Polarizability,Pseudo-Labeling,51,21,0,1119,0.167,0.07857772565409561,0.9933836093803576,2,7,24,18.992
Polarizability,Pseudo-Labeling,51,22,1,1065,1.0,0.08334645425239781,0.9933836093803576,0,8,24,17.992000000000004
Polarizability,Pseudo-Labeling,51,23,0,1109,0.167,0.06887984046096379,0.9856065419834124,1,8,25,17.825000000000003
Polarizability,Pseudo-Labeling,51,24,0,1108,0.167,0.07084641343772799,0.9856065419834124,2,8,26,17.658
Polarizability,Pseudo-Labeling,51,25,0,1106,0.167,0.056402680983201385,0.9856065419834124,3,8,27,17.491
Polarizability,Pseudo-Labeling,51,26,0,1116,0.167,0.054997262517850386,0.9856065419834124,4,8,28,17.324
Polarizability,Pseudo-Labeling,51,27,1,955,1.0,0.061346504114660805,0.9856065419834124,0,9,28,16.324000000000005
Polarizability,Pseudo-Labeling,51,28,1,257,1.0,0.06449478142283242,0.9856065419834124,0,10,28,15.324000000000005
Polarizability,Pseudo-Labeling,51,29,1,1130,1.0,0.052172207048066375,0.9856065419834124,0,11,28,14.324000000000003
Polarizability,Pseudo-Labeling,51,30,1,1132,1.0,0.04277729844009663,0.9893896458426061,0,12,28,13.324000000000003
Polarizability,Pseudo-Labeling,51,31,0,1123,0.167,0.040389951249180704,0.985764238591553,1,12,29,13.157000000000005
Polarizability,Pseudo-Labeling,51,32,0,1121,0.167,0.04611774397405092,0.985764238591553,2,12,30,12.990000000000004
Polarizability,Pseudo-Labeling,51,33,0,1091,0.167,0.05363820409063834,0.985764238591553,3,12,31,12.823000000000002
Polarizability,Pseudo-Labeling,51,34,1,1126,1.0,0.03663993703484573,0.985764238591553,0,13,31,11.823
Polarizability,Pseudo-Labeling,51,35,0,1122,0.167,0.03157970908404851,0.9860635647159885,1,13,32,11.656
Polarizability,Pseudo-Labeling,51,36,1,1127,1.0,0.029142215925549497,0.9860635647159885,0,14,32,10.655999999999999
Polarizability,Pseudo-Labeling,51,37,1,1121,1.0,0.025420704703016828,0.9863368977387943,0,15,32,9.655999999999999
Polarizability,Pseudo-Labeling,51,38,0,1105,0.167,0.02386595447406771,0.9862745443707216,1,15,33,9.488999999999999
Polarizability,Pseudo-Labeling,51,39,1,1117,1.0,0.02348578181819877,0.9862745443707216,0,16,33,8.488999999999997
Polarizability,Pseudo-Labeling,51,40,0,1114,0.167,0.021569422030207997,0.986531093585208,1,16,34,8.321999999999997
Polarizability,Pseudo-Labeling,51,41,0,1096,0.167,0.027856680375828204,0.986531093585208,2,16,35,8.154999999999996
Polarizability,Pseudo-Labeling,51,42,1,1125,1.0,0.01830884036622621,0.986531093585208,0,17,35,7.154999999999994
Polarizability,Pseudo-Labeling,51,43,1,1128,1.0,0.017062755213692743,0.986578601741933,0,18,35,6.154999999999994
Polarizability,Pseudo-Labeling,51,44,0,1028,0.167,0.021228182823929572,0.9864274627045988,1,18,36,5.987999999999994
Polarizability,Pseudo-Labeling,51,45,0,1097,0.167,0.01662141596753634,0.9864274627045988,2,18,37,5.820999999999993
Polarizability,Pseudo-Labeling,51,46,1,1115,1.0,0.016325204724479972,0.9864274627045988,0,19,37,4.820999999999991
Polarizability,Pseudo-Labeling,51,47,0,1067,0.167,0.01597238892186412,0.9863886639980767,1,19,38,4.653999999999991
Polarizability,Pseudo-Labeling,51,48,0,1112,0.167,0.014012113499612596,0.9863886639980767,2,19,39,4.486999999999989
Polarizability,Pseudo-Labeling,51,49,0,1113,0.167,0.01249322628359801,0.9863886639980767,3,19,40,4.319999999999988
Polarizability,Pseudo-Labeling,51,50,1,1103,1.0,0.013515003239052484,0.9863886639980767,0,20,40,3.319999999999986
Polarizability,Pseudo-Labeling,51,51,0,1025,0.167,0.011221543932938206,0.9862874834753441,1,20,41,3.1529999999999863
Polarizability,Pseudo-Labeling,51,52,0,1107,0.167,0.011286368749386896,0.9862874834753441,2,20,42,2.9859999999999847
Polarizability,Pseudo-Labeling,51,53,0,1110,0.167,0.010185207520284418,0.9862874834753441,3,20,43,2.818999999999983
Polarizability,Pseudo-Labeling,51,54,1,1118,1.0,0.010102054216368839,0.9862874834753441,0,21,43,1.8189999999999813
Polarizability,Pseudo-Labeling,51,55,1,1124,1.0,0.009382857258540423,0.986372879215181,0,22,43,0.8189999999999813
Polarizability,Pseudo-Labeling,51,56,0,1090,0.167,0.00873939442411889,0.9863820097033613,1,22,44,0.6519999999999813
Polarizability,Pseudo-Labeling,51,57,0,1031,0.167,0.008550356136311846,0.9863820097033613,2,22,45,0.48499999999997967
Polarizability,Pseudo-Labeling,51,58,0,1104,0.167,0.006848812254245167,0.9863820097033613,3,22,46,0.3179999999999781
Polarizability,Pseudo-Labeling,51,59,0,1102,0.167,0.006380402129228678,0.9863820097033613,4,22,47,0.15099999999997651
Polarizability,Pseudo-Labeling,52,1,0,1130,0.167,0.39228267915781917,0.5,1,2,9,26.497
Polarizability,Pseudo-Labeling,52,2,0,921,0.167,0.3678129275173988,0.5,2,2,10,26.33
Polarizability,Pseudo-Labeling,52,3,0,1132,0.167,0.32258399623569617,0.5,3,2,11,26.162999999999997
Polarizability,Pseudo-Labeling,52,4,0,1129,0.167,0.2434155187467498,0.5,4,2,12,25.996
Polarizability,Pseudo-Labeling,52,5,0,1117,0.167,0.21895338098510292,0.5,5,2,13,25.829
Polarizability,Pseudo-Labeling,52,6,0,1126,0.167,0.19996983880126196,0.5,6,2,14,25.662
Polarizability,Pseudo-Labeling,52,7,0,1128,0.167,0.19501203787132115,0.5,7,2,15,25.494999999999997
Polarizability,Pseudo-Labeling,52,8,0,1127,0.167,0.15550492111558933,0.5,8,2,16,25.328
Polarizability,Pseudo-Labeling,52,9,0,1125,0.167,0.12013798871085613,0.5,9,2,17,25.161
Polarizability,Pseudo-Labeling,52,10,0,140,0.167,0.12923036761212803,0.5,10,2,18,24.994
Polarizability,Pseudo-Labeling,52,11,0,1120,0.167,0.09506190359424192,0.5,11,2,19,24.826999999999998
Polarizability,Pseudo-Labeling,52,12,1,1129,1.0,0.07258627630963203,0.5,0,3,19,23.827
Polarizability,Pseudo-Labeling,52,13,1,1028,1.0,0.20642453603743857,0.5,0,4,19,22.827
Polarizability,Pseudo-Labeling,52,14,1,303,1.0,0.18937116653374153,0.5,0,5,19,21.827
Polarizability,Pseudo-Labeling,52,15,1,1131,1.0,0.09223165453351889,0.5,0,6,19,20.827
Polarizability,Pseudo-Labeling,52,16,1,921,1.0,0.18307352918081346,0.9999907265993535,0,7,19,19.827
Polarizability,Pseudo-Labeling,52,17,0,1115,0.167,0.14339283723980817,0.9997838746055298,1,7,20,19.66
Polarizability,Pseudo-Labeling,52,18,0,1124,0.167,0.124930879037951,0.9997838746055298,2,7,21,19.493000000000002
Polarizability,Pseudo-Labeling,52,19,0,1103,0.167,0.11358986543712384,0.9997838746055298,3,7,22,19.326
Polarizability,Pseudo-Labeling,52,20,0,1118,0.167,0.10790731151583367,0.9997838746055298,4,7,23,19.159
Polarizability,Pseudo-Labeling,52,21,0,1109,0.167,0.09289153128440095,0.9997838746055298,5,7,24,18.992
Polarizability,Pseudo-Labeling,52,22,0,1121,0.167,0.08527427667733266,0.9997838746055298,6,7,25,18.825000000000003
Polarizability,Pseudo-Labeling,52,23,0,1108,0.167,0.08958234685998324,0.9997838746055298,7,7,26,18.658
Polarizability,Pseudo-Labeling,52,24,0,1119,0.167,0.06938940346302375,0.9997838746055298,8,7,27,18.491
Polarizability,Pseudo-Labeling,52,25,1,955,1.0,0.09836018117939463,0.9997838746055298,0,8,27,17.491000000000003
Polarizability,Pseudo-Labeling,52,26,0,1106,0.167,0.06506208316974264,0.9997838746055298,1,8,28,17.324
Polarizability,Pseudo-Labeling,52,27,0,1116,0.167,0.058608011838984814,0.9997838746055298,2,8,29,17.157000000000004
Polarizability,Pseudo-Labeling,52,28,1,1130,1.0,0.06016036362310517,0.9997838746055298,0,9,29,16.157000000000004
Polarizability,Pseudo-Labeling,52,29,1,300,1.0,0.05299403290799487,0.9998157444254335,0,10,29,15.157000000000004
Polarizability,Pseudo-Labeling,52,30,0,1123,0.167,0.05079135287178635,0.9998157444254335,1,10,30,14.990000000000004
Polarizability,Pseudo-Labeling,52,31,1,1132,1.0,0.050111620047978,0.9998157444254335,0,11,30,13.990000000000004
Polarizability,Pseudo-Labeling,52,32,1,1065,1.0,0.06522370388389528,0.9916679887011806,0,12,30,12.990000000000002
Polarizability,Pseudo-Labeling,52,33,0,1122,0.167,0.04686314988819465,0.9918636547660756,1,12,31,12.823000000000002
Polarizability,Pseudo-Labeling,52,34,0,1091,0.167,0.0471542775666186,0.9918636547660756,2,12,32,12.656
Polarizability,Pseudo-Labeling,52,35,0,1105,0.167,0.04004541709965574,0.9918636547660756,3,12,33,12.488999999999999
Polarizability,Pseudo-Labeling,52,36,1,1126,1.0,0.03578933195084468,0.9918636547660756,0,13,33,11.488999999999997
Polarizability,Pseudo-Labeling,52,37,0,1112,0.167,0.03389343932433664,0.9916350783177464,1,13,34,11.321999999999997
Polarizability,Pseudo-Labeling,52,38,1,1127,1.0,0.028451739271515793,0.9916350783177464,0,14,34,10.321999999999996
Polarizability,Pseudo-Labeling,52,39,1,1117,1.0,0.02839319996041744,0.9915721663790515,0,15,34,9.321999999999996
Polarizability,Pseudo-Labeling,52,40,0,549,0.167,0.0408281480956098,0.9915531162028882,1,15,35,9.154999999999996
Polarizability,Pseudo-Labeling,52,41,0,1113,0.167,0.024353481136685944,0.9915531162028882,2,15,36,8.987999999999994
Polarizability,Pseudo-Labeling,52,42,0,1067,0.167,0.023636368773493642,0.9915531162028882,3,15,37,8.820999999999993
Polarizability,Pseudo-Labeling,52,43,1,1128,1.0,0.023437060265894878,0.9915531162028882,0,16,37,7.820999999999991
Polarizability,Pseudo-Labeling,52,44,0,1096,0.167,0.020579529684724214,0.9910078915202302,1,16,38,7.653999999999991
Polarizability,Pseudo-Labeling,52,45,0,1114,0.167,0.021026585463149186,0.9910078915202302,2,16,39,7.486999999999989
Polarizability,Pseudo-Labeling,52,46,0,1025,0.167,0.022971623745502698,0.9910078915202302,3,16,40,7.319999999999988
Polarizability,Pseudo-Labeling,52,47,0,1090,0.167,0.018179542996914717,0.9910078915202302,4,16,41,7.152999999999986
Polarizability,Pseudo-Labeling,52,48,1,1125,1.0,0.01772281241248551,0.9910078915202302,0,17,41,6.1529999999999845
Polarizability,Pseudo-Labeling,52,49,1,1091,1.0,0.01866591767276382,0.9909492312090388,0,18,41,5.1529999999999845
Polarizability,Pseudo-Labeling,52,50,0,1110,0.167,0.014895539855515477,0.990440575482522,1,18,42,4.985999999999985
Polarizability,Pseudo-Labeling,52,51,1,1109,1.0,0.015061187182042149,0.990440575482522,0,19,42,3.985999999999983
Polarizability,Pseudo-Labeling,52,52,0,1031,0.167,0.012759993174050618,0.9900454188111186,1,19,43,3.818999999999983
Polarizability,Pseudo-Labeling,52,53,1,1124,1.0,0.013056136592961579,0.9900454188111186,0,20,43,2.8189999999999813
Polarizability,Pseudo-Labeling,52,54,0,1107,0.167,0.014242444575081989,0.9898898557982815,1,20,44,2.6519999999999815
Polarizability,Pseudo-Labeling,52,55,1,1103,1.0,0.010941943306017426,0.9898898557982815,0,21,44,1.6519999999999797
Polarizability,Pseudo-Labeling,52,56,1,1118,1.0,0.011155518168173124,0.9894841196834707,0,22,44,0.6519999999999797
Polarizability,Pseudo-Labeling,52,57,0,1104,0.167,0.010091291767685024,0.9894984853984374,1,22,45,0.48499999999997967
Polarizability,Pseudo-Labeling,52,58,0,1102,0.167,0.009068338867611905,0.9894984853984374,2,22,46,0.3179999999999781
Polarizability,Pseudo-Labeling,52,59,0,1069,0.167,0.007786378457619553,0.9894984853984374,3,22,47,0.15099999999997651
Polarizability,Pseudo-Labeling,53,1,1,1131,1.0,0.3360357859518881,0.5,0,3,8,25.664
Polarizability,Pseudo-Labeling,53,2,0,1130,0.167,0.35041364725071267,0.5,1,3,9,25.497
Polarizability,Pseudo-Labeling,53,3,0,1133,0.167,0.47621801968104194,0.5,2,3,10,25.33
Polarizability,Pseudo-Labeling,53,4,0,1129,0.167,0.27960083129830127,0.5,3,3,11,25.162999999999997
Polarizability,Pseudo-Labeling,53,5,0,1132,0.167,0.2643821672005119,0.5,4,3,12,24.996
Polarizability,Pseudo-Labeling,53,6,0,140,0.167,0.28997682213717446,0.5,5,3,13,24.829
Polarizability,Pseudo-Labeling,53,7,0,1040,0.167,0.26870035272764514,0.5,6,3,14,24.662
Polarizability,Pseudo-Labeling,53,8,1,1028,1.0,0.18122439656497571,0.5,0,4,14,23.662
Polarizability,Pseudo-Labeling,53,9,1,622,1.0,0.1925674388393705,0.5,0,5,14,22.662
Polarizability,Pseudo-Labeling,53,10,0,1126,0.167,0.310493970327988,0.9888317531525858,1,5,15,22.494999999999997
Polarizability,Pseudo-Labeling,53,11,0,1127,0.167,0.2898644863530382,0.9888317531525858,2,5,16,22.328
Polarizability,Pseudo-Labeling,53,12,0,1128,0.167,0.23050604610321562,0.9888317531525858,3,5,17,22.161
Polarizability,Pseudo-Labeling,53,13,0,1117,0.167,0.22367392931712918,0.9888317531525858,4,5,18,21.994
Polarizability,Pseudo-Labeling,53,14,0,1125,0.167,0.17809374637804587,0.9888317531525858,5,5,19,21.826999999999998
Polarizability,Pseudo-Labeling,53,15,1,549,1.0,0.16057113228377373,0.9888317531525858,0,6,19,20.827
Polarizability,Pseudo-Labeling,53,16,1,1065,1.0,0.14164255315092988,0.9888317531525858,0,7,19,19.827
Polarizability,Pseudo-Labeling,53,17,1,1129,1.0,0.14930701752309483,0.9817575735338233,0,8,19,18.827
Polarizability,Pseudo-Labeling,53,18,1,1133,1.0,0.13729993446004185,0.9877466773366977,0,9,19,17.827
Polarizability,Pseudo-Labeling,53,19,0,1124,0.167,0.14446727329559456,0.9913039573306839,1,9,20,17.66
Polarizability,Pseudo-Labeling,53,20,0,1118,0.167,0.13026965728976675,0.9913039573306839,2,9,21,17.493000000000002
Polarizability,Pseudo-Labeling,53,21,0,1103,0.167,0.12279126196090173,0.9913039573306839,3,9,22,17.326
Polarizability,Pseudo-Labeling,53,22,0,1109,0.167,0.10869091418369785,0.9913039573306839,4,9,23,17.159
Polarizability,Pseudo-Labeling,53,23,0,1115,0.167,0.09846597179339935,0.9913039573306839,5,9,24,16.992
Polarizability,Pseudo-Labeling,53,24,0,1120,0.167,0.09274569265662161,0.9913039573306839,6,9,25,16.825000000000003
Polarizability,Pseudo-Labeling,53,25,0,1108,0.167,0.08653364489844909,0.9913039573306839,7,9,26,16.658
Polarizability,Pseudo-Labeling,53,26,0,300,0.167,0.07758532542862005,0.9913039573306839,8,9,27,16.491
Polarizability,Pseudo-Labeling,53,27,0,1091,0.167,0.07455864600673386,0.9913039573306839,9,9,28,16.324
Polarizability,Pseudo-Labeling,53,28,1,1130,1.0,0.0721931057322566,0.9913039573306839,0,10,28,15.324000000000005
Polarizability,Pseudo-Labeling,53,29,1,286,1.0,0.09931819441822119,0.9921950295071708,0,11,28,14.324000000000003
Polarizability,Pseudo-Labeling,53,30,0,1106,0.167,0.0704455474150942,0.9921950295071708,1,11,29,14.157000000000004
Polarizability,Pseudo-Labeling,53,31,0,1121,0.167,0.06682402864007035,0.9921950295071708,2,11,30,13.990000000000004
Polarizability,Pseudo-Labeling,53,32,1,921,1.0,0.06868228818577715,0.9921950295071708,0,12,30,12.990000000000002
Polarizability,Pseudo-Labeling,53,33,0,1096,0.167,0.05858337934224894,0.9927727009364959,1,12,31,12.823000000000002
Polarizability,Pseudo-Labeling,53,34,0,1116,0.167,0.057552974409713686,0.9927727009364959,2,12,32,12.656
Polarizability,Pseudo-Labeling,53,35,1,1132,1.0,0.055822620530840486,0.9927727009364959,0,13,32,11.655999999999999
Polarizability,Pseudo-Labeling,53,36,0,1119,0.167,0.05904594048741069,0.98616554441144,1,13,33,11.488999999999999
Polarizability,Pseudo-Labeling,53,37,0,1123,0.167,0.05238548766578546,0.98616554441144,2,13,34,11.321999999999997
Polarizability,Pseudo-Labeling,53,38,0,1122,0.167,0.041982606907595976,0.98616554441144,3,13,35,11.154999999999996
Polarizability,Pseudo-Labeling,53,39,1,1126,1.0,0.03835194178895776,0.98616554441144,0,14,35,10.154999999999994
Polarizability,Pseudo-Labeling,53,40,0,1105,0.167,0.036221055120453705,0.9863356871422,1,14,36,9.987999999999994
Polarizability,Pseudo-Labeling,53,41,0,1114,0.167,0.030597651824428057,0.9863356871422,2,14,37,9.820999999999993
Polarizability,Pseudo-Labeling,53,42,0,1097,0.167,0.02941906991998181,0.9863356871422,3,14,38,9.653999999999991
Polarizability,Pseudo-Labeling,53,43,0,1067,0.167,0.02790639028985188,0.9863356871422,4,14,39,9.48699999999999
Polarizability,Pseudo-Labeling,53,44,0,1112,0.167,0.02782039365175179,0.9863356871422,5,14,40,9.319999999999988
Polarizability,Pseudo-Labeling,53,45,1,1127,1.0,0.02711180634992639,0.9863356871422,0,15,40,8.319999999999986
Polarizability,Pseudo-Labeling,53,46,1,1117,1.0,0.023563885569746812,0.9864770968631412,0,16,40,7.319999999999986
Polarizability,Pseudo-Labeling,53,47,0,1113,0.167,0.021869970471598797,0.986605510654551,1,16,41,7.152999999999986
Polarizability,Pseudo-Labeling,53,48,1,1128,1.0,0.02409370169185128,0.986605510654551,0,17,41,6.1529999999999845
Polarizability,Pseudo-Labeling,53,49,0,1090,0.167,0.02340356603148647,0.9864850501818306,1,17,42,5.985999999999985
Polarizability,Pseudo-Labeling,53,50,0,1107,0.167,0.018099816581746676,0.9864850501818306,2,17,43,5.818999999999983
Polarizability,Pseudo-Labeling,53,51,0,1031,0.167,0.017393863748108033,0.9864850501818306,3,17,44,5.6519999999999815
Polarizability,Pseudo-Labeling,53,52,0,944,0.167,0.01970029439941605,0.9864850501818306,4,17,45,5.48499999999998
Polarizability,Pseudo-Labeling,53,53,0,1025,0.167,0.017557914396213153,0.9864850501818306,5,17,46,5.317999999999978
Polarizability,Pseudo-Labeling,53,54,1,1125,1.0,0.01678140188781857,0.9864850501818306,0,18,46,4.3179999999999765
Polarizability,Pseudo-Labeling,53,55,1,1109,1.0,0.016849783272647342,0.9864872690038359,0,19,46,3.3179999999999765
Polarizability,Pseudo-Labeling,53,56,0,1104,0.167,0.013916675021878336,0.9864106698645742,1,19,47,3.1509999999999767
Polarizability,Pseudo-Labeling,53,57,0,1110,0.167,0.014837285130442142,0.9864106698645742,2,19,48,2.983999999999975
Polarizability,Pseudo-Labeling,53,58,1,1124,1.0,0.012146363086356353,0.9864106698645742,0,20,48,1.9839999999999733
Polarizability,Pseudo-Labeling,53,59,1,1103,1.0,0.013357674273025345,0.9864019778890636,0,21,48,0.9839999999999733
Polarizability,Pseudo-Labeling,53,60,0,1102,0.167,0.010532597571128038,0.9863039511046254,1,21,49,0.8169999999999733
Polarizability,Pseudo-Labeling,53,61,0,1032,0.167,0.011051732350183092,0.9863039511046254,2,21,50,0.6499999999999717
Polarizability,Pseudo-Labeling,53,62,0,1069,0.167,0.009128848929637152,0.9863039511046254,3,21,51,0.4829999999999701
Polarizability,Pseudo-Labeling,53,63,0,1111,0.167,0.007558078936930858,0.9863039511046254,4,21,52,0.31599999999996853
Polarizability,Pseudo-Labeling,53,64,0,1086,0.167,0.0069282017910037635,0.9863039511046254,5,21,53,0.14899999999996696
Polarizability,Pseudo-Labeling,54,1,0,1115,0.167,0.15596223312910604,0.5,1,2,9,26.497
Polarizability,Pseudo-Labeling,54,2,0,1130,0.167,0.2360780956810627,0.5,2,2,10,26.33
Polarizability,Pseudo-Labeling,54,3,0,1132,0.167,0.30449987827004266,0.5,3,2,11,26.162999999999997
Polarizability,Pseudo-Labeling,54,4,0,1040,0.167,0.2792603020394009,0.5,4,2,12,25.996
Polarizability,Pseudo-Labeling,54,5,0,1129,0.167,0.2642831942176223,0.5,5,2,13,25.829
Polarizability,Pseudo-Labeling,54,6,0,1117,0.167,0.2125493386024675,0.5,6,2,14,25.662
Polarizability,Pseudo-Labeling,54,7,1,1133,1.0,0.1787630265252756,0.5,0,3,14,24.662
Polarizability,Pseudo-Labeling,54,8,1,944,1.0,0.21704078600204235,0.5,0,4,14,23.662
Polarizability,Pseudo-Labeling,54,9,0,1127,0.167,0.1836396696659038,0.5,1,4,15,23.494999999999997
Polarizability,Pseudo-Labeling,54,10,1,300,1.0,0.15872184483475504,0.5,0,5,15,22.495
Polarizability,Pseudo-Labeling,54,11,0,1126,0.167,0.30555661600608364,0.9963794044701774,1,5,16,22.328
Polarizability,Pseudo-Labeling,54,12,0,1128,0.167,0.2738395596779256,0.9963794044701774,2,5,17,22.161
Polarizability,Pseudo-Labeling,54,13,0,1103,0.167,0.21532351071702413,0.9963794044701774,3,5,18,21.994
Polarizability,Pseudo-Labeling,54,14,0,1125,0.167,0.16854589761929514,0.9963794044701774,4,5,19,21.826999999999998
Polarizability,Pseudo-Labeling,54,15,0,1118,0.167,0.16006876193041616,0.9963794044701774,5,5,20,21.66
Polarizability,Pseudo-Labeling,54,16,0,1120,0.167,0.13314204120251577,0.9963794044701774,6,5,21,21.493000000000002
Polarizability,Pseudo-Labeling,54,17,0,1124,0.167,0.1083544598979797,0.9963794044701774,7,5,22,21.326
Polarizability,Pseudo-Labeling,54,18,1,622,1.0,0.1603140883206392,0.9963794044701774,0,6,22,20.326
Polarizability,Pseudo-Labeling,54,19,0,257,0.167,0.13253433295926628,0.9922036391827685,1,6,23,20.159
Polarizability,Pseudo-Labeling,54,20,1,1129,1.0,0.08978637384984642,0.9922036391827685,0,7,23,19.159000000000002
Polarizability,Pseudo-Labeling,54,21,0,1119,0.167,0.08145661105863146,0.9928938675616663,1,7,24,18.992
Polarizability,Pseudo-Labeling,54,22,0,1109,0.167,0.07406155654146411,0.9928938675616663,2,7,25,18.825000000000003
Polarizability,Pseudo-Labeling,54,23,0,1108,0.167,0.07491749424171724,0.9928938675616663,3,7,26,18.658
Polarizability,Pseudo-Labeling,54,24,1,921,1.0,0.10653979579247387,0.9928938675616663,0,8,26,17.658
Polarizability,Pseudo-Labeling,54,25,0,1116,0.167,0.06831406643203936,0.9925719478699714,1,8,27,17.491
Polarizability,Pseudo-Labeling,54,26,1,1130,1.0,0.06452816903310027,0.9925719478699714,0,9,27,16.491000000000003
Polarizability,Pseudo-Labeling,54,27,0,1106,0.167,0.05811605352882423,0.9937033017310057,1,9,28,16.324
Polarizability,Pseudo-Labeling,54,28,1,1132,1.0,0.054110377081643346,0.9937033017310057,0,10,28,15.324000000000005
Polarizability,Pseudo-Labeling,54,29,1,140,1.0,0.05844713418381761,0.9876843105473324,0,11,28,14.324000000000003
Polarizability,Pseudo-Labeling,54,30,1,1126,1.0,0.0495441901874226,0.9876843105473324,0,12,28,13.324000000000003
Polarizability,Pseudo-Labeling,54,31,0,1123,0.167,0.04456025774311184,0.9879961551818577,1,12,29,13.157000000000005
Polarizability,Pseudo-Labeling,54,32,0,1121,0.167,0.03846229749752902,0.9879961551818577,2,12,30,12.990000000000004
Polarizability,Pseudo-Labeling,54,33,0,1091,0.167,0.037657574879671744,0.9879961551818577,3,12,31,12.823000000000002
Polarizability,Pseudo-Labeling,54,34,1,1065,1.0,0.04086437031336025,0.9879961551818577,0,13,31,11.823
Polarizability,Pseudo-Labeling,54,35,0,1122,0.167,0.03571616723586398,0.9865162065056622,1,13,32,11.656
Polarizability,Pseudo-Labeling,54,36,1,1127,1.0,0.02855624406485683,0.9865162065056622,0,14,32,10.655999999999999
Polarizability,Pseudo-Labeling,54,37,0,1114,0.167,0.026472096812261817,0.986857044474359,1,14,33,10.488999999999999
Polarizability,Pseudo-Labeling,54,38,1,286,1.0,0.036635846833264415,0.986857044474359,0,15,33,9.488999999999997
Polarizability,Pseudo-Labeling,54,39,0,1096,0.167,0.037925029629286275,0.986857044474359,1,15,34,9.321999999999997
Polarizability,Pseudo-Labeling,54,40,1,1117,1.0,0.025719442080743136,0.986857044474359,0,16,34,8.321999999999996
Polarizability,Pseudo-Labeling,54,41,0,1031,0.167,0.026418419711363564,0.9871441947061855,1,16,35,8.154999999999996
Polarizability,Pseudo-Labeling,54,42,0,1105,0.167,0.02302348252512819,0.9871441947061855,2,16,36,7.987999999999994
Polarizability,Pseudo-Labeling,54,43,0,1067,0.167,0.024988044317455497,0.9871441947061855,3,16,37,7.820999999999993
Polarizability,Pseudo-Labeling,54,44,0,1028,0.167,0.021683155511538044,0.9871441947061855,4,16,38,7.653999999999991
Polarizability,Pseudo-Labeling,54,45,0,1107,0.167,0.021696752244864597,0.9871441947061855,5,16,39,7.486999999999989
Polarizability,Pseudo-Labeling,54,46,1,1125,1.0,0.02253324503337502,0.9871441947061855,0,17,39,6.486999999999988
Polarizability,Pseudo-Labeling,54,47,0,1090,0.167,0.020108074884342714,0.987212727131742,1,17,40,6.319999999999988
Polarizability,Pseudo-Labeling,54,48,0,1113,0.167,0.01801109398518031,0.987212727131742,2,17,41,6.152999999999986
Polarizability,Pseudo-Labeling,54,49,0,1097,0.167,0.017962375430325205,0.987212727131742,3,17,42,5.985999999999985
Polarizability,Pseudo-Labeling,54,50,1,1128,1.0,0.01707729426805986,0.987212727131742,0,18,42,4.985999999999983
Polarizability,Pseudo-Labeling,54,51,1,1103,1.0,0.01782027357802802,0.9872359285993156,0,19,42,3.985999999999983
Polarizability,Pseudo-Labeling,54,52,1,1091,1.0,0.019782146412189033,0.987169670864284,0,20,42,2.985999999999983
Polarizability,Pseudo-Labeling,54,53,0,1112,0.167,0.014135783571012906,0.9862260219189795,1,20,43,2.818999999999983
Polarizability,Pseudo-Labeling,54,54,0,1104,0.167,0.013102402475180281,0.9862260219189795,2,20,44,2.6519999999999815
Polarizability,Pseudo-Labeling,54,55,1,1124,1.0,0.011467767212383965,0.9862260219189795,0,21,44,1.6519999999999797
Polarizability,Pseudo-Labeling,54,56,0,1110,0.167,0.012271045574420313,0.986253667238032,1,21,45,1.4849999999999797
Polarizability,Pseudo-Labeling,54,57,1,1118,1.0,0.011079317375467513,0.986253667238032,0,22,45,0.4849999999999781
Polarizability,Pseudo-Labeling,54,58,0,1069,0.167,0.009106927878286592,0.9863501297830521,1,22,46,0.3179999999999781
Polarizability,Pseudo-Labeling,54,59,0,1025,0.167,0.010044679010597763,0.9863501297830521,2,22,47,0.15099999999997651
Polarizability,Pseudo-Labeling,55,1,0,793,0.167,0.19464621155008233,0.5,1,2,9,26.497
Polarizability,Pseudo-Labeling,55,2,0,1129,0.167,0.42597068581023234,0.5,2,2,10,26.33
Polarizability,Pseudo-Labeling,55,3,0,1130,0.167,0.18828643048613022,0.5,3,2,11,26.162999999999997
Polarizability,Pseudo-Labeling,55,4,0,1132,0.167,0.29658499956194134,0.5,4,2,12,25.996
Polarizability,Pseudo-Labeling,55,5,0,140,0.167,0.3413870719637888,0.5,5,2,13,25.829
Polarizability,Pseudo-Labeling,55,6,0,1127,0.167,0.19466257635639558,0.5,6,2,14,25.662
Polarizability,Pseudo-Labeling,55,7,1,1133,1.0,0.18530839428320212,0.5,0,3,14,24.662
Polarizability,Pseudo-Labeling,55,8,0,1126,0.167,0.1861028691818368,0.5,1,3,15,24.494999999999997
Polarizability,Pseudo-Labeling,55,9,1,1028,1.0,0.243701283073801,0.5,0,4,15,23.495
Polarizability,Pseudo-Labeling,55,10,1,71,1.0,0.14954594765537124,0.5,0,5,15,22.495
Polarizability,Pseudo-Labeling,55,11,0,1128,0.167,0.16909390451800782,0.5,1,5,16,22.328
Polarizability,Pseudo-Labeling,55,12,0,1117,0.167,0.1418936489199812,0.5,2,5,17,22.161
Polarizability,Pseudo-Labeling,55,13,0,1125,0.167,0.1098219268792024,0.5,3,5,18,21.994
Polarizability,Pseudo-Labeling,55,14,1,924,1.0,0.11974544381926541,0.5,0,6,18,20.994
Polarizability,Pseudo-Labeling,55,15,1,1129,1.0,0.10843854400762447,0.5,0,7,18,19.994
Polarizability,Pseudo-Labeling,55,16,0,1118,0.167,0.16842795629523624,0.9997321348142824,1,7,19,19.826999999999998
Polarizability,Pseudo-Labeling,55,17,0,1103,0.167,0.15497996634349998,0.9997321348142824,2,7,20,19.66
Polarizability,Pseudo-Labeling,55,18,0,1124,0.167,0.14268664924399646,0.9997321348142824,3,7,21,19.493000000000002
Polarizability,Pseudo-Labeling,55,19,0,1120,0.167,0.1259665318422538,0.9997321348142824,4,7,22,19.326
Polarizability,Pseudo-Labeling,55,20,0,1115,0.167,0.09756980756514308,0.9997321348142824,5,7,23,19.159
Polarizability,Pseudo-Labeling,55,21,0,1119,0.167,0.09401197323900125,0.9997321348142824,6,7,24,18.992
Polarizability,Pseudo-Labeling,55,22,0,1109,0.167,0.08246605270635766,0.9997321348142824,7,7,25,18.825000000000003
Polarizability,Pseudo-Labeling,55,23,1,1065,1.0,0.08490433603782876,0.9997321348142824,0,8,25,17.825000000000003
Polarizability,Pseudo-Labeling,55,24,0,1108,0.167,0.08431169876045203,0.9992891424593001,1,8,26,17.658
Polarizability,Pseudo-Labeling,55,25,1,300,1.0,0.07512756871582947,0.9992891424593001,0,9,26,16.658
Polarizability,Pseudo-Labeling,55,26,0,1116,0.167,0.07535170944952604,0.9967924671847871,1,9,27,16.491
Polarizability,Pseudo-Labeling,55,27,1,286,1.0,0.08089928119825911,0.9967924671847871,0,10,27,15.491000000000003
Polarizability,Pseudo-Labeling,55,28,0,1106,0.167,0.07473493289388128,0.9967924671847871,1,10,28,15.324000000000003
Polarizability,Pseudo-Labeling,55,29,0,1123,0.167,0.06576962624305138,0.9967924671847871,2,10,29,15.157000000000004
Polarizability,Pseudo-Labeling,55,30,1,1130,1.0,0.0680229276678814,0.9967924671847871,0,11,29,14.157000000000004
Polarizability,Pseudo-Labeling,55,31,1,622,1.0,0.05843904970732794,0.9972087877516486,0,12,29,13.157000000000004
Polarizability,Pseudo-Labeling,55,32,0,1091,0.167,0.07172870831941651,0.9974565218110089,1,12,30,12.990000000000004
Polarizability,Pseudo-Labeling,55,33,0,1121,0.167,0.05800559278339332,0.9974565218110089,2,12,31,12.823000000000002
Polarizability,Pseudo-Labeling,55,34,0,1122,0.167,0.04970760742974325,0.9974565218110089,3,12,32,12.656
Polarizability,Pseudo-Labeling,55,35,1,1132,1.0,0.051608684617371954,0.9974565218110089,0,13,32,11.655999999999999
Polarizability,Pseudo-Labeling,55,36,0,1067,0.167,0.04434682116627126,0.992778743504181,1,13,33,11.488999999999999
Polarizability,Pseudo-Labeling,55,37,1,1126,1.0,0.041905325064885354,0.992778743504181,0,14,33,10.488999999999997
Polarizability,Pseudo-Labeling,55,38,0,1105,0.167,0.040732145745379526,0.9929155661541919,1,14,34,10.321999999999997
Polarizability,Pseudo-Labeling,55,39,0,1112,0.167,0.03317496980128767,0.9929155661541919,2,14,35,10.154999999999996
Polarizability,Pseudo-Labeling,55,40,0,1031,0.167,0.030831803208472796,0.9929155661541919,3,14,36,9.987999999999994
Polarizability,Pseudo-Labeling,55,41,0,1114,0.167,0.028364920941470233,0.9929155661541919,4,14,37,9.820999999999993
Polarizability,Pseudo-Labeling,55,42,0,1096,0.167,0.032932999801094986,0.9929155661541919,5,14,38,9.653999999999991
Polarizability,Pseudo-Labeling,55,43,0,1113,0.167,0.027022747442992927,0.9929155661541919,6,14,39,9.48699999999999
Polarizability,Pseudo-Labeling,55,44,0,1097,0.167,0.024483279576682598,0.9929155661541919,7,14,40,9.319999999999988
Polarizability,Pseudo-Labeling,55,45,0,1107,0.167,0.023271369302852143,0.9929155661541919,8,14,41,9.152999999999986
Polarizability,Pseudo-Labeling,55,46,1,1127,1.0,0.025035811419278922,0.9929155661541919,0,15,41,8.152999999999984
Polarizability,Pseudo-Labeling,55,47,1,1109,1.0,0.02241403949133467,0.9930504064105584,0,16,41,7.1529999999999845
Polarizability,Pseudo-Labeling,55,48,0,1090,0.167,0.023195593563655418,0.9929497516235939,1,16,42,6.985999999999985
Polarizability,Pseudo-Labeling,55,49,1,1117,1.0,0.02344916210387265,0.9929497516235939,0,17,42,5.985999999999983
Polarizability,Pseudo-Labeling,55,50,1,1128,1.0,0.019335022542507928,0.9930619289444098,0,18,42,4.985999999999983
Polarizability,Pseudo-Labeling,55,51,0,1110,0.167,0.018255951926753625,0.9929550047981957,1,18,43,4.818999999999983
Polarizability,Pseudo-Labeling,55,52,0,1104,0.167,0.016397835179273852,0.9929550047981957,2,18,44,4.6519999999999815
Polarizability,Pseudo-Labeling,55,53,1,1125,1.0,0.017024211185833783,0.9929550047981957,0,19,44,3.6519999999999797
Polarizability,Pseudo-Labeling,55,54,0,1025,0.167,0.01485282268941,0.9929709850538807,1,19,45,3.48499999999998
Polarizability,Pseudo-Labeling,55,55,0,1069,0.167,0.014069612133326338,0.9929709850538807,2,19,46,3.3179999999999783
Polarizability,Pseudo-Labeling,55,56,0,1102,0.167,0.013881197685712164,0.9929709850538807,3,19,47,3.1509999999999767
Polarizability,Pseudo-Labeling,55,57,1,1103,1.0,0.015027747168711574,0.9929709850538807,0,20,47,2.150999999999975
Polarizability,Pseudo-Labeling,55,58,0,1032,0.167,0.010946723625681998,0.9928130430385023,1,20,48,1.983999999999975
Polarizability,Pseudo-Labeling,55,59,1,1118,1.0,0.012564760978667263,0.9928130430385023,0,21,48,0.9839999999999733
Polarizability,Pseudo-Labeling,55,60,0,549,0.167,0.008634650866375534,0.9928546869206412,1,21,49,0.8169999999999733
Polarizability,Pseudo-Labeling,55,61,0,1111,0.167,0.00816894005907512,0.9928546869206412,2,21,50,0.6499999999999717
Polarizability,Pseudo-Labeling,55,62,0,1086,0.167,0.0066203476583879765,0.9928546869206412,3,21,51,0.4829999999999701
Polarizability,Pseudo-Labeling,55,63,0,330,0.167,0.006088250899556118,0.9928546869206412,4,21,52,0.31599999999996853
Polarizability,Pseudo-Labeling,55,64,0,1089,0.167,0.006729557433733102,0.9928546869206412,5,21,53,0.14899999999996696
Polarizability,Pseudo-Labeling,56,1,1,1133,1.0,0.19909031570341945,0.5,0,3,8,25.664
Polarizability,Pseudo-Labeling,56,2,0,921,0.167,0.23420398080021082,0.5,1,3,9,25.497
Polarizability,Pseudo-Labeling,56,3,0,1130,0.167,0.2390855255469181,0.5,2,3,10,25.33
Polarizability,Pseudo-Labeling,56,4,0,1132,0.167,0.3289454713340095,0.5,3,3,11,25.162999999999997
Polarizability,Pseudo-Labeling,56,5,0,1040,0.167,0.2633525791103558,0.5,4,3,12,24.996
Polarizability,Pseudo-Labeling,56,6,0,1129,0.167,0.4925476656087532,0.5,5,3,13,24.829
Polarizability,Pseudo-Labeling,56,7,0,1127,0.167,0.22481957931311047,0.5,6,3,14,24.662
Polarizability,Pseudo-Labeling,56,8,1,944,1.0,0.20187276887637165,0.5,0,4,14,23.662
Polarizability,Pseudo-Labeling,56,9,0,1126,0.167,0.1808660909801174,0.5,1,4,15,23.494999999999997
Polarizability,Pseudo-Labeling,56,10,1,300,1.0,0.15902036111800527,0.5,0,5,15,22.495
Polarizability,Pseudo-Labeling,56,11,0,1117,0.167,0.14870747005772544,0.5,1,5,16,22.328
Polarizability,Pseudo-Labeling,56,12,1,1129,1.0,0.15270464133951475,0.5,0,6,16,21.328000000000003
Polarizability,Pseudo-Labeling,56,13,0,1128,0.167,0.27243210053502037,0.9990041139718021,1,6,17,21.161
Polarizability,Pseudo-Labeling,56,14,0,1125,0.167,0.2145221767680875,0.9990041139718021,2,6,18,20.994
Polarizability,Pseudo-Labeling,56,15,0,1118,0.167,0.15423260830644767,0.9990041139718021,3,6,19,20.826999999999998
Polarizability,Pseudo-Labeling,56,16,0,1103,0.167,0.14949618577021528,0.9990041139718021,4,6,20,20.66
Polarizability,Pseudo-Labeling,56,17,0,1120,0.167,0.1306869598989271,0.9990041139718021,5,6,21,20.493000000000002
Polarizability,Pseudo-Labeling,56,18,0,1124,0.167,0.12561891550533924,0.9990041139718021,6,6,22,20.326
Polarizability,Pseudo-Labeling,56,19,1,955,1.0,0.14084043116710598,0.9990041139718021,0,7,22,19.326
Polarizability,Pseudo-Labeling,56,20,0,1115,0.167,0.0931253115644303,0.9990041139718021,1,7,23,19.159
Polarizability,Pseudo-Labeling,56,21,0,1109,0.167,0.07770079843627051,0.9990041139718021,2,7,24,18.992
Polarizability,Pseudo-Labeling,56,22,0,1108,0.167,0.07373466724975622,0.9990041139718021,3,7,25,18.825000000000003
Polarizability,Pseudo-Labeling,56,23,0,1106,0.167,0.07008332583889099,0.9990041139718021,4,7,26,18.658
Polarizability,Pseudo-Labeling,56,24,0,1091,0.167,0.07992275931004764,0.9990041139718021,5,7,27,18.491
Polarizability,Pseudo-Labeling,56,25,1,921,1.0,0.06640369818650273,0.9990041139718021,0,8,27,17.491000000000003
Polarizability,Pseudo-Labeling,56,26,0,1119,0.167,0.06012898221719617,0.9988256480032837,1,8,28,17.324
Polarizability,Pseudo-Labeling,56,27,1,1130,1.0,0.06378059434629946,0.9988256480032837,0,9,28,16.324000000000005
Polarizability,Pseudo-Labeling,56,28,0,1116,0.167,0.05181591356241346,0.9986868770965116,1,9,29,16.157000000000004
Polarizability,Pseudo-Labeling,56,29,1,1132,1.0,0.04926322509603923,0.9986868770965116,0,10,29,15.157000000000004
Polarizability,Pseudo-Labeling,56,30,1,257,1.0,0.050357970766388954,0.9888647960508028,0,11,29,14.157000000000004
Polarizability,Pseudo-Labeling,56,31,1,1126,1.0,0.04685520705119251,0.9888169188485283,0,12,29,13.157000000000004
Polarizability,Pseudo-Labeling,56,32,0,1067,0.167,0.038838160328335314,0.9889387873678812,1,12,30,12.990000000000004
Polarizability,Pseudo-Labeling,56,33,0,1122,0.167,0.03579818985217494,0.9889387873678812,2,12,31,12.823000000000002
Polarizability,Pseudo-Labeling,56,34,0,1123,0.167,0.037798203205499,0.9889387873678812,3,12,32,12.656
Polarizability,Pseudo-Labeling,56,35,1,1065,1.0,0.04414611801416014,0.9889387873678812,0,13,32,11.655999999999999
Polarizability,Pseudo-Labeling,56,36,0,1121,0.167,0.03750141178518008,0.9873593979512111,1,13,33,11.488999999999999
Polarizability,Pseudo-Labeling,56,37,1,1040,1.0,0.04218907004746374,0.9873593979512111,0,14,33,10.488999999999997
Polarizability,Pseudo-Labeling,56,38,0,1105,0.167,0.029930062863528745,0.9880267527933475,1,14,34,10.321999999999997
Polarizability,Pseudo-Labeling,56,39,1,1127,1.0,0.02408241052514775,0.9880267527933475,0,15,34,9.321999999999996
Polarizability,Pseudo-Labeling,56,40,0,1112,0.167,0.019532285343240835,0.9882710192302365,1,15,35,9.154999999999996
Polarizability,Pseudo-Labeling,56,41,1,1125,1.0,0.024325590800303783,0.9882710192302365,0,16,35,8.154999999999994
Polarizability,Pseudo-Labeling,56,42,1,1117,1.0,0.023582307242648815,0.9883218887772615,0,17,35,7.154999999999994
Polarizability,Pseudo-Labeling,56,43,0,1096,0.167,0.02351868927968037,0.9885155038754264,1,17,36,6.987999999999994
Polarizability,Pseudo-Labeling,56,44,0,549,0.167,0.02112334188566802,0.9885155038754264,2,17,37,6.820999999999993
Polarizability,Pseudo-Labeling,56,45,0,1031,0.167,0.018588893635853736,0.9885155038754264,3,17,38,6.653999999999991
Polarizability,Pseudo-Labeling,56,46,1,1128,1.0,0.02098514645475065,0.9885155038754264,0,18,38,5.653999999999989
Polarizability,Pseudo-Labeling,56,47,0,1113,0.167,0.015183619489070245,0.9884518656144409,1,18,39,5.486999999999989
Polarizability,Pseudo-Labeling,56,48,1,1118,1.0,0.013813298870876387,0.9884518656144409,0,19,39,4.486999999999988
Polarizability,Pseudo-Labeling,56,49,1,1103,1.0,0.013224370225847486,0.9885097385414899,0,20,39,3.4869999999999877
Polarizability,Pseudo-Labeling,56,50,0,1114,0.167,0.01353503980562389,0.9884114053512337,1,20,40,3.319999999999988
Polarizability,Pseudo-Labeling,56,51,0,1107,0.167,0.014872529488901654,0.9884114053512337,2,20,41,3.1529999999999863
Polarizability,Pseudo-Labeling,56,52,1,1091,1.0,0.012103179831750105,0.9884114053512337,0,21,41,2.1529999999999845
Polarizability,Pseudo-Labeling,56,53,0,1097,0.167,0.011962518348500317,0.9873239050522996,1,21,42,1.9859999999999844
Polarizability,Pseudo-Labeling,56,54,0,1090,0.167,0.011092005404201993,0.9873239050522996,2,21,43,1.8189999999999829
Polarizability,Pseudo-Labeling,56,55,1,1124,1.0,0.012181901286855087,0.9873239050522996,0,22,43,0.8189999999999813
Polarizability,Pseudo-Labeling,56,56,0,1110,0.167,0.00948481019230665,0.9873230459418323,1,22,44,0.6519999999999813
Polarizability,Pseudo-Labeling,56,57,0,1104,0.167,0.007681325153209647,0.9873230459418323,2,22,45,0.48499999999997967
Polarizability,Pseudo-Labeling,56,58,0,1032,0.167,0.007558717577062359,0.9873230459418323,3,22,46,0.3179999999999781
Polarizability,Pseudo-Labeling,56,59,0,1025,0.167,0.00859306926009877,0.9873230459418323,4,22,47,0.15099999999997651
Polarizability,Pseudo-Labeling,57,1,1,1129,1.0,0.4748637733752078,0.5,0,3,8,25.664
Polarizability,Pseudo-Labeling,57,2,0,1126,0.167,0.3200621125051475,0.5,1,3,9,25.497
Polarizability,Pseudo-Labeling,57,3,0,921,0.167,0.31463449766587775,0.5,2,3,10,25.33
Polarizability,Pseudo-Labeling,57,4,0,1131,0.167,0.2866944859301866,0.5,3,3,11,25.162999999999997
Polarizability,Pseudo-Labeling,57,5,0,257,0.167,0.27941182556662597,0.5,4,3,12,24.996
Polarizability,Pseudo-Labeling,57,6,0,1130,0.167,0.2505434767632084,0.5,5,3,13,24.829
Polarizability,Pseudo-Labeling,57,7,0,1132,0.167,0.23560250553427814,0.5,6,3,14,24.662
Polarizability,Pseudo-Labeling,57,8,1,1131,1.0,0.18181724315627432,0.5,0,4,14,23.662
Polarizability,Pseudo-Labeling,57,9,0,1127,0.167,0.16887873984158322,0.5,1,4,15,23.494999999999997
Polarizability,Pseudo-Labeling,57,10,1,1133,1.0,0.22209739665703562,0.5,0,5,15,22.495
Polarizability,Pseudo-Labeling,57,11,1,330,1.0,0.15621127074233687,0.5,0,6,15,21.495
Polarizability,Pseudo-Labeling,57,12,0,1125,0.167,0.151988226623284,0.5,1,6,16,21.328
Polarizability,Pseudo-Labeling,57,13,1,622,1.0,0.16444132831464686,0.5,0,7,16,20.328000000000003
Polarizability,Pseudo-Labeling,57,14,0,1128,0.167,0.28852653958398716,0.9992470502224178,1,7,17,20.161
Polarizability,Pseudo-Labeling,57,15,0,1117,0.167,0.24038604234520694,0.9992470502224178,2,7,18,19.994
Polarizability,Pseudo-Labeling,57,16,0,1121,0.167,0.1997026014217397,0.9992470502224178,3,7,19,19.826999999999998
Polarizability,Pseudo-Labeling,57,17,0,1124,0.167,0.18646873945993273,0.9992470502224178,4,7,20,19.66
Polarizability,Pseudo-Labeling,57,18,0,1118,0.167,0.15605172378118445,0.9992470502224178,5,7,21,19.493000000000002
Polarizability,Pseudo-Labeling,57,19,0,1115,0.167,0.15081459384032603,0.9992470502224178,6,7,22,19.326
Polarizability,Pseudo-Labeling,57,20,0,1120,0.167,0.1422292837412618,0.9992470502224178,7,7,23,19.159
Polarizability,Pseudo-Labeling,57,21,0,1103,0.167,0.12712010062065823,0.9992470502224178,8,7,24,18.992
Polarizability,Pseudo-Labeling,57,22,0,1109,0.167,0.11086188705225491,0.9992470502224178,9,7,25,18.825000000000003
Polarizability,Pseudo-Labeling,57,23,0,1108,0.167,0.09034190678604652,0.9992470502224178,10,7,26,18.658
Polarizability,Pseudo-Labeling,57,24,0,1091,0.167,0.0982191684957653,0.9992470502224178,11,7,27,18.491
Polarizability,Pseudo-Labeling,57,25,1,1130,1.0,0.06789669754138161,0.9992470502224178,0,8,27,17.491000000000003
Polarizability,Pseudo-Labeling,57,26,1,300,1.0,0.08309548276808092,0.9989588791777319,0,9,27,16.491000000000003
Polarizability,Pseudo-Labeling,57,27,0,1106,0.167,0.07831025577998846,0.9982651613835638,1,9,28,16.324
Polarizability,Pseudo-Labeling,57,28,0,1119,0.167,0.074228670756637,0.9982651613835638,2,9,29,16.157000000000004
Polarizability,Pseudo-Labeling,57,29,1,921,1.0,0.08562858802252976,0.9982651613835638,0,10,29,15.157000000000004
Polarizability,Pseudo-Labeling,57,30,0,1116,0.167,0.0681115239476131,0.9983832143330539,1,10,30,14.990000000000004
Polarizability,Pseudo-Labeling,57,31,0,1123,0.167,0.06041555201110918,0.9983832143330539,2,10,31,14.823000000000004
Polarizability,Pseudo-Labeling,57,32,0,1122,0.167,0.054567268576941844,0.9983832143330539,3,10,32,14.656000000000004
Polarizability,Pseudo-Labeling,57,33,1,1126,1.0,0.04791154027500547,0.9983832143330539,0,11,32,13.656000000000004
Polarizability,Pseudo-Labeling,57,34,1,1065,1.0,0.05915944647347085,0.9983380436391736,0,12,32,12.656000000000006
Polarizability,Pseudo-Labeling,57,35,1,1132,1.0,0.04856547140193965,0.9968595300441389,0,13,32,11.656000000000006
Polarizability,Pseudo-Labeling,57,36,0,1105,0.167,0.043949339128833045,0.9909413185811369,1,13,33,11.489000000000006
Polarizability,Pseudo-Labeling,57,37,0,1112,0.167,0.042771015382598365,0.9909413185811369,2,13,34,11.322000000000005
Polarizability,Pseudo-Labeling,57,38,0,1096,0.167,0.0342070610898233,0.9909413185811369,3,13,35,11.155000000000003
Polarizability,Pseudo-Labeling,57,39,1,1127,1.0,0.031518987112838244,0.9909413185811369,0,14,35,10.155000000000001
Polarizability,Pseudo-Labeling,57,40,1,1115,1.0,0.0311664625645413,0.9910694444438995,0,15,35,9.155000000000001
Polarizability,Pseudo-Labeling,57,41,0,1025,0.167,0.029147069857261055,0.9908993741152574,1,15,36,8.988000000000001
Polarizability,Pseudo-Labeling,57,42,0,1031,0.167,0.02555092185884834,0.9908993741152574,2,15,37,8.821
Polarizability,Pseudo-Labeling,57,43,1,1117,1.0,0.02951366085286463,0.9908993741152574,0,16,37,7.820999999999998
Polarizability,Pseudo-Labeling,57,44,0,1067,0.167,0.02987468584819845,0.9910278835823225,1,16,38,7.653999999999998
Polarizability,Pseudo-Labeling,57,45,0,1090,0.167,0.024269305333522336,0.9910278835823225,2,16,39,7.4869999999999965
Polarizability,Pseudo-Labeling,57,46,0,1110,0.167,0.02204490625175502,0.9910278835823225,3,16,40,7.319999999999995
Polarizability,Pseudo-Labeling,57,47,1,1121,1.0,0.02070961736263706,0.9910278835823225,0,17,40,6.319999999999993
Polarizability,Pseudo-Labeling,57,48,0,1114,0.167,0.01840383117576262,0.9908842069263881,1,17,41,6.152999999999993
Polarizability,Pseudo-Labeling,57,49,1,1128,1.0,0.018855539995826794,0.9908842069263881,0,18,41,5.152999999999992
Polarizability,Pseudo-Labeling,57,50,0,1107,0.167,0.01732554215655809,0.9907646108646267,1,18,42,4.985999999999992
Polarizability,Pseudo-Labeling,57,51,0,1028,0.167,0.018023314582325922,0.9907646108646267,2,18,43,4.81899999999999
Polarizability,Pseudo-Labeling,57,52,0,549,0.167,0.017913566491550702,0.9907646108646267,3,18,44,4.651999999999989
Polarizability,Pseudo-Labeling,57,53,1,1125,1.0,0.01911910311247763,0.9907646108646267,0,19,44,3.651999999999987
Polarizability,Pseudo-Labeling,57,54,0,1113,0.167,0.015977765325162076,0.9907817161383844,1,19,45,3.484999999999987
Polarizability,Pseudo-Labeling,57,55,0,1102,0.167,0.01497794629929973,0.9907817161383844,2,19,46,3.3179999999999854
Polarizability,Pseudo-Labeling,57,56,0,1104,0.167,0.013023713799552366,0.9907817161383844,3,19,47,3.150999999999984
Polarizability,Pseudo-Labeling,57,57,1,1109,1.0,0.01351009414044449,0.9907817161383844,0,20,47,2.150999999999982
Polarizability,Pseudo-Labeling,57,58,1,1103,1.0,0.014097064842639846,0.9907074010320625,0,21,47,1.150999999999982
Polarizability,Pseudo-Labeling,57,59,1,1118,1.0,0.014115693547027665,0.9905734689394103,0,22,47,0.15099999999998204
Polarizability,Pseudo-Labeling,58,1,0,1130,0.167,0.4037504659246897,0.5,1,2,9,26.497
Polarizability,Pseudo-Labeling,58,2,0,1132,0.167,0.3571739743207806,0.5,2,2,10,26.33
Polarizability,Pseudo-Labeling,58,3,0,286,0.167,0.420750047160212,0.5,3,2,11,26.162999999999997
Polarizability,Pseudo-Labeling,58,4,0,1129,0.167,0.31296274609309777,0.5,4,2,12,25.996
Polarizability,Pseudo-Labeling,58,5,0,1126,0.167,0.2567986716634838,0.5,5,2,13,25.829
Polarizability,Pseudo-Labeling,58,6,0,1128,0.167,0.2278769445847617,0.5,6,2,14,25.662
Polarizability,Pseudo-Labeling,58,7,0,1127,0.167,0.18904208167094808,0.5,7,2,15,25.494999999999997
Polarizability,Pseudo-Labeling,58,8,0,921,0.167,0.21032720532520552,0.5,8,2,16,25.328
Polarizability,Pseudo-Labeling,58,9,0,1117,0.167,0.14341453075294353,0.5,9,2,17,25.161
Polarizability,Pseudo-Labeling,58,10,0,1125,0.167,0.13647085660571723,0.5,10,2,18,24.994
Polarizability,Pseudo-Labeling,58,11,1,1129,1.0,0.1619604345415962,0.5,0,3,18,23.994
Polarizability,Pseudo-Labeling,58,12,1,330,1.0,0.1315735537479107,0.5,0,4,18,22.994
Polarizability,Pseudo-Labeling,58,13,0,1120,0.167,0.10526671013257334,0.5,1,4,19,22.826999999999998
Polarizability,Pseudo-Labeling,58,14,0,1115,0.167,0.14031848616793613,0.5,2,4,20,22.66
Polarizability,Pseudo-Labeling,58,15,1,1131,1.0,0.14156635373307278,0.5,0,5,20,21.660000000000004
Polarizability,Pseudo-Labeling,58,16,1,622,1.0,0.12017154096835476,0.5,0,6,20,20.660000000000004
Polarizability,Pseudo-Labeling,58,17,0,1109,0.167,0.18336753303625128,0.9999869125078111,1,6,21,20.493000000000002
Polarizability,Pseudo-Labeling,58,18,0,1103,0.167,0.18095792227298493,0.9999869125078111,2,6,22,20.326
Polarizability,Pseudo-Labeling,58,19,0,1124,0.167,0.16410111514340497,0.9999869125078111,3,6,23,20.159
Polarizability,Pseudo-Labeling,58,20,0,1118,0.167,0.15998224770763655,0.9999869125078111,4,6,24,19.992
Polarizability,Pseudo-Labeling,58,21,0,1091,0.167,0.12326333107900306,0.9999869125078111,5,6,25,19.825000000000003
Polarizability,Pseudo-Labeling,58,22,0,1108,0.167,0.12187661379231561,0.9999869125078111,6,6,26,19.658
Polarizability,Pseudo-Labeling,58,23,0,1121,0.167,0.09687181555500128,0.9999869125078111,7,6,27,19.491
Polarizability,Pseudo-Labeling,58,24,0,1119,0.167,0.08532372369054847,0.9999869125078111,8,6,28,19.324
Polarizability,Pseudo-Labeling,58,25,0,1106,0.167,0.08160297128479427,0.9999869125078111,9,6,29,19.157000000000004
Polarizability,Pseudo-Labeling,58,26,1,140,1.0,0.09385282336186533,0.9999869125078111,0,7,29,18.157000000000004
Polarizability,Pseudo-Labeling,58,27,1,1130,1.0,0.07231558710024057,0.9999869125078111,0,8,29,17.157000000000004
Polarizability,Pseudo-Labeling,58,28,0,1116,0.167,0.07458019159224831,0.999979332468537,1,8,30,16.990000000000002
Polarizability,Pseudo-Labeling,58,29,0,1123,0.167,0.06302850654813436,0.999979332468537,2,8,31,16.823
Polarizability,Pseudo-Labeling,58,30,1,300,1.0,0.08032531831328138,0.999979332468537,0,9,31,15.823000000000004
Polarizability,Pseudo-Labeling,58,31,0,1122,0.167,0.06264916515691835,0.9988992315020878,1,9,32,15.656000000000004
Polarizability,Pseudo-Labeling,58,32,1,921,1.0,0.08005467340481366,0.9988992315020878,0,10,32,14.656000000000004
Polarizability,Pseudo-Labeling,58,33,1,1132,1.0,0.05447635149590363,0.9989669563156053,0,11,32,13.656000000000004
Polarizability,Pseudo-Labeling,58,34,1,944,1.0,0.06465216071850363,0.9930780610244493,0,12,32,12.656000000000006
Polarizability,Pseudo-Labeling,58,35,0,1112,0.167,0.04919872416266128,0.989021525309937,1,12,33,12.489000000000006
Polarizability,Pseudo-Labeling,58,36,1,1065,1.0,0.051842686927605616,0.989021525309937,0,13,33,11.489000000000004
Polarizability,Pseudo-Labeling,58,37,0,1028,0.167,0.049116847239488524,0.9869059515356432,1,13,34,11.322000000000005
Polarizability,Pseudo-Labeling,58,38,0,1105,0.167,0.04425643332359937,0.9869059515356432,2,13,35,11.155000000000003
Polarizability,Pseudo-Labeling,58,39,1,1126,1.0,0.039707627432851764,0.9869059515356432,0,14,35,10.155000000000001
Polarizability,Pseudo-Labeling,58,40,0,1096,0.167,0.0402617217712559,0.9873178603516125,1,14,36,9.988000000000001
Polarizability,Pseudo-Labeling,58,41,1,1117,1.0,0.038095002784789396,0.9873178603516125,0,15,36,8.988
Polarizability,Pseudo-Labeling,58,42,0,1114,0.167,0.03225678395301647,0.9876979749433974,1,15,37,8.821
Polarizability,Pseudo-Labeling,58,43,1,1127,1.0,0.028691705560748994,0.9876979749433974,0,16,37,7.820999999999998
Polarizability,Pseudo-Labeling,58,44,0,1025,0.167,0.029927866087519624,0.9879757528924852,1,16,38,7.653999999999998
Polarizability,Pseudo-Labeling,58,45,0,1090,0.167,0.02802416689893068,0.9879757528924852,2,16,39,7.4869999999999965
Polarizability,Pseudo-Labeling,58,46,1,1125,1.0,0.028753586712387,0.9879757528924852,0,17,39,6.486999999999995
Polarizability,Pseudo-Labeling,58,47,0,1113,0.167,0.025604135104235273,0.9880576329828651,1,17,40,6.319999999999995
Polarizability,Pseudo-Labeling,58,48,0,1107,0.167,0.023179377021332707,0.9880576329828651,2,17,41,6.152999999999993
Polarizability,Pseudo-Labeling,58,49,0,1031,0.167,0.023807521107739708,0.9880576329828651,3,17,42,5.985999999999992
Polarizability,Pseudo-Labeling,58,50,0,1067,0.167,0.02803200664877151,0.9880576329828651,4,17,43,5.81899999999999
Polarizability,Pseudo-Labeling,58,51,0,1097,0.167,0.02095023024891387,0.9880576329828651,5,17,44,5.651999999999989
Polarizability,Pseudo-Labeling,58,52,1,1128,1.0,0.021801591603232695,0.9880576329828651,0,18,44,4.651999999999987
Polarizability,Pseudo-Labeling,58,53,0,1110,0.167,0.01826888325323631,0.9879686254520326,1,18,45,4.484999999999987
Polarizability,Pseudo-Labeling,58,54,1,1121,1.0,0.01751445364928133,0.9879686254520326,0,19,45,3.484999999999985
Polarizability,Pseudo-Labeling,58,55,1,1103,1.0,0.01895067294833224,0.987901606428082,0,20,45,2.484999999999985
Polarizability,Pseudo-Labeling,58,56,1,1109,1.0,0.01712337976946144,0.9877925529483108,0,21,45,1.4849999999999852
Polarizability,Pseudo-Labeling,58,57,0,1104,0.167,0.014717072086152418,0.9877877286720836,1,21,46,1.3179999999999852
Polarizability,Pseudo-Labeling,58,58,0,1102,0.167,0.014465157193289644,0.9877877286720836,2,21,47,1.1509999999999836
Polarizability,Pseudo-Labeling,58,59,1,1124,1.0,0.012870326646335105,0.9877877286720836,0,22,47,0.15099999999998204
Polarizability,Pseudo-Labeling,59,1,1,1131,1.0,0.397279828678864,0.5,0,3,8,25.664
Polarizability,Pseudo-Labeling,59,2,0,1040,0.167,0.34937240156549365,0.5,1,3,9,25.497
Polarizability,Pseudo-Labeling,59,3,0,1129,0.167,0.46224812840712226,0.5,2,3,10,25.33
Polarizability,Pseudo-Labeling,59,4,0,1130,0.167,0.26951276869521734,0.5,3,3,11,25.162999999999997
Polarizability,Pseudo-Labeling,59,5,0,1132,0.167,0.26071378471183,0.5,4,3,12,24.996
Polarizability,Pseudo-Labeling,59,6,0,257,0.167,0.23612117469374672,0.5,5,3,13,24.829
Polarizability,Pseudo-Labeling,59,7,1,1028,1.0,0.2066422989559185,0.5,0,4,13,23.829
Polarizability,Pseudo-Labeling,59,8,0,1126,0.167,0.17466489402498617,0.5,1,4,14,23.662
Polarizability,Pseudo-Labeling,59,9,1,622,1.0,0.15511461677908034,0.5,0,5,14,22.662
Polarizability,Pseudo-Labeling,59,10,0,1127,0.167,0.1597200290593797,0.5,1,5,15,22.494999999999997
Polarizability,Pseudo-Labeling,59,11,0,924,0.167,0.1385999612556211,0.5,2,5,16,22.328
Polarizability,Pseudo-Labeling,59,12,0,1128,0.167,0.11845415974103493,0.5,3,5,17,22.161
Polarizability,Pseudo-Labeling,59,13,1,1065,1.0,0.14131142858153214,0.5,0,6,17,21.161
Polarizability,Pseudo-Labeling,59,14,0,1117,0.167,0.23675403840968676,0.9983587957148776,1,6,18,20.994
Polarizability,Pseudo-Labeling,59,15,0,1125,0.167,0.18502496752318467,0.9983587957148776,2,6,19,20.826999999999998
Polarizability,Pseudo-Labeling,59,16,0,1118,0.167,0.14565524428661641,0.9983587957148776,3,6,20,20.66
Polarizability,Pseudo-Labeling,59,17,0,1124,0.167,0.1350944797329119,0.9983587957148776,4,6,21,20.493000000000002
Polarizability,Pseudo-Labeling,59,18,0,1103,0.167,0.12467249399647719,0.9983587957148776,5,6,22,20.326
Polarizability,Pseudo-Labeling,59,19,1,549,1.0,0.12398815644107677,0.9983587957148776,0,7,22,19.326
Polarizability,Pseudo-Labeling,59,20,0,1109,0.167,0.09867818639963157,0.9983587957148776,1,7,23,19.159
Polarizability,Pseudo-Labeling,59,21,0,1115,0.167,0.10438670572827356,0.9983587957148776,2,7,24,18.992
Polarizability,Pseudo-Labeling,59,22,1,1133,1.0,0.11661462907448653,0.9983587957148776,0,8,24,17.992000000000004
Polarizability,Pseudo-Labeling,59,23,1,1129,1.0,0.10144058144588138,0.9985171888672765,0,9,24,16.992000000000004
Polarizability,Pseudo-Labeling,59,24,0,1120,0.167,0.09288106867619372,0.9985912157187165,1,9,25,16.825000000000003
Polarizability,Pseudo-Labeling,59,25,0,1108,0.167,0.08659380750695983,0.9985912157187165,2,9,26,16.658
Polarizability,Pseudo-Labeling,59,26,1,1130,1.0,0.07165046711200886,0.9985912157187165,0,10,26,15.658000000000001
Polarizability,Pseudo-Labeling,59,27,0,1091,0.167,0.07634924931053545,0.9985815422184761,1,10,27,15.491000000000003
Polarizability,Pseudo-Labeling,59,28,0,1106,0.167,0.06847472006139857,0.9985815422184761,2,10,28,15.324000000000003
Polarizability,Pseudo-Labeling,59,29,0,1121,0.167,0.06103801284746246,0.9985815422184761,3,10,29,15.157000000000004
Polarizability,Pseudo-Labeling,59,30,1,257,1.0,0.06714575413999367,0.9985815422184761,0,11,29,14.157000000000004
Polarizability,Pseudo-Labeling,59,31,0,1119,0.167,0.05276111477980617,0.9948731422035504,1,11,30,13.990000000000004
Polarizability,Pseudo-Labeling,59,32,0,1116,0.167,0.050012451681077714,0.9948731422035504,2,11,31,13.823000000000002
Polarizability,Pseudo-Labeling,59,33,1,1132,1.0,0.05267386310216192,0.9948731422035504,0,12,31,12.823
Polarizability,Pseudo-Labeling,59,34,1,1126,1.0,0.04357150374800427,0.9861212461055072,0,13,31,11.823
Polarizability,Pseudo-Labeling,59,35,0,1123,0.167,0.03981183507383519,0.9861557691524261,1,13,32,11.656
Polarizability,Pseudo-Labeling,59,36,0,1096,0.167,0.035039375218992946,0.9861557691524261,2,13,33,11.488999999999999
Polarizability,Pseudo-Labeling,59,37,0,1105,0.167,0.03377569286013655,0.9861557691524261,3,13,34,11.321999999999997
Polarizability,Pseudo-Labeling,59,38,0,1122,0.167,0.035882162350389886,0.9861557691524261,4,13,35,11.154999999999996
Polarizability,Pseudo-Labeling,59,39,1,1117,1.0,0.027079772160021325,0.9861557691524261,0,14,35,10.154999999999994
Polarizability,Pseudo-Labeling,59,40,1,1127,1.0,0.026537165663952193,0.9862203617761134,0,15,35,9.154999999999994
Polarizability,Pseudo-Labeling,59,41,0,1067,0.167,0.023100873787851216,0.9862605219241013,1,15,36,8.987999999999994
Polarizability,Pseudo-Labeling,59,42,0,1112,0.167,0.023441945085818854,0.9862605219241013,2,15,37,8.820999999999993
Polarizability,Pseudo-Labeling,59,43,0,1031,0.167,0.022520885833243198,0.9862605219241013,3,15,38,8.653999999999991
Polarizability,Pseudo-Labeling,59,44,1,1125,1.0,0.022328353969738222,0.9862605219241013,0,16,38,7.653999999999989
Polarizability,Pseudo-Labeling,59,45,1,1128,1.0,0.020011538183837656,0.9862578498454204,0,17,38,6.653999999999989
Polarizability,Pseudo-Labeling,59,46,0,1114,0.167,0.017760434149831226,0.9860066514177006,1,17,39,6.486999999999989
Polarizability,Pseudo-Labeling,59,47,0,1097,0.167,0.017847677523867383,0.9860066514177006,2,17,40,6.319999999999988
Polarizability,Pseudo-Labeling,59,48,0,1107,0.167,0.01572984474117614,0.9860066514177006,3,17,41,6.152999999999986
Polarizability,Pseudo-Labeling,59,49,1,1118,1.0,0.014880823074910454,0.9860066514177006,0,18,41,5.1529999999999845
Polarizability,Pseudo-Labeling,59,50,0,1113,0.167,0.014079327093907027,0.9860101394462644,1,18,42,4.985999999999985
Polarizability,Pseudo-Labeling,59,51,1,1091,1.0,0.0181343527022095,0.9860101394462644,0,19,42,3.985999999999983
Polarizability,Pseudo-Labeling,59,52,1,1121,1.0,0.012917120847445104,0.9853375865475067,0,20,42,2.985999999999983
Polarizability,Pseudo-Labeling,59,53,0,1025,0.167,0.014634773763925475,0.9852707165477624,1,20,43,2.818999999999983
Polarizability,Pseudo-Labeling,59,54,1,1124,1.0,0.011618847215081139,0.9852707165477624,0,21,43,1.8189999999999813
Polarizability,Pseudo-Labeling,59,55,1,1109,1.0,0.01452116589657762,0.9852205690325122,0,22,43,0.8189999999999813
Polarizability,Pseudo-Labeling,59,56,0,1110,0.167,0.009730985654877938,0.9850586029170957,1,22,44,0.6519999999999813
Polarizability,Pseudo-Labeling,59,57,0,1090,0.167,0.00994340676704955,0.9850586029170957,2,22,45,0.48499999999997967
Polarizability,Pseudo-Labeling,59,58,0,1102,0.167,0.009765977347040175,0.9850586029170957,3,22,46,0.3179999999999781
Polarizability,Pseudo-Labeling,59,59,0,1104,0.167,0.008466051120467813,0.9850586029170957,4,22,47,0.15099999999997651
Polarizability,Pseudo-Labeling,60,1,1,1133,1.0,0.4108996491565299,0.5,0,3,8,25.664
Polarizability,Pseudo-Labeling,60,2,0,1130,0.167,0.31878186406477044,0.5,1,3,9,25.497
Polarizability,Pseudo-Labeling,60,3,0,1129,0.167,0.28616852051475106,0.5,2,3,10,25.33
Polarizability,Pseudo-Labeling,60,4,0,1132,0.167,0.2930331858339779,0.5,3,3,11,25.162999999999997
Polarizability,Pseudo-Labeling,60,5,0,1126,0.167,0.22991713600439057,0.5,4,3,12,24.996
Polarizability,Pseudo-Labeling,60,6,0,1127,0.167,0.1985215769752022,0.5,5,3,13,24.829
Polarizability,Pseudo-Labeling,60,7,0,924,0.167,0.2775590347676754,0.5,6,3,14,24.662
Polarizability,Pseudo-Labeling,60,8,1,944,1.0,0.2181104821482508,0.5,0,4,14,23.662
Polarizability,Pseudo-Labeling,60,9,1,1131,1.0,0.16190939894847134,0.5,0,5,14,22.662
Polarizability,Pseudo-Labeling,60,10,0,1121,0.167,0.36059199202225417,0.9965686049387992,1,5,15,22.494999999999997
Polarizability,Pseudo-Labeling,60,11,0,1117,0.167,0.29208699961504997,0.9965686049387992,2,5,16,22.328
Polarizability,Pseudo-Labeling,60,12,0,1128,0.167,0.2466007778956333,0.9965686049387992,3,5,17,22.161
Polarizability,Pseudo-Labeling,60,13,0,1125,0.167,0.1929941369759836,0.9965686049387992,4,5,18,21.994
Polarizability,Pseudo-Labeling,60,14,0,257,0.167,0.2255875881426233,0.9965686049387992,5,5,19,21.826999999999998
Polarizability,Pseudo-Labeling,60,15,0,1115,0.167,0.14526197260475307,0.9965686049387992,6,5,20,21.66
Polarizability,Pseudo-Labeling,60,16,0,1118,0.167,0.1380928034417743,0.9965686049387992,7,5,21,21.493000000000002
Polarizability,Pseudo-Labeling,60,17,0,1124,0.167,0.11891363951130435,0.9965686049387992,8,5,22,21.326
Polarizability,Pseudo-Labeling,60,18,0,1103,0.167,0.1132072535383668,0.9965686049387992,9,5,23,21.159
Polarizability,Pseudo-Labeling,60,19,1,1129,1.0,0.11076473197632904,0.9965686049387992,0,6,23,20.159000000000002
Polarizability,Pseudo-Labeling,60,20,0,1120,0.167,0.09810930707033746,0.9951303991941616,1,6,24,19.992
Polarizability,Pseudo-Labeling,60,21,1,955,1.0,0.0961176417431519,0.9951303991941616,0,7,24,18.992000000000004
Polarizability,Pseudo-Labeling,60,22,1,300,1.0,0.10335767188773859,0.9951303991941616,0,8,24,17.992000000000004
Polarizability,Pseudo-Labeling,60,23,0,1109,0.167,0.0928661465513663,0.9953032157320941,1,8,25,17.825000000000003
Polarizability,Pseudo-Labeling,60,24,0,1108,0.167,0.07351272655203706,0.9953032157320941,2,8,26,17.658
Polarizability,Pseudo-Labeling,60,25,0,1091,0.167,0.06704210442133586,0.9953032157320941,3,8,27,17.491
Polarizability,Pseudo-Labeling,60,26,0,1106,0.167,0.06289258618295258,0.9953032157320941,4,8,28,17.324
Polarizability,Pseudo-Labeling,60,27,0,1119,0.167,0.05377915337917998,0.9953032157320941,5,8,29,17.157000000000004
Polarizability,Pseudo-Labeling,60,28,0,1116,0.167,0.05176691919938952,0.9953032157320941,6,8,30,16.990000000000002
Polarizability,Pseudo-Labeling,60,29,1,1130,1.0,0.05554951004498515,0.9953032157320941,0,9,30,15.990000000000002
Polarizability,Pseudo-Labeling,60,30,1,1132,1.0,0.05028569525851369,0.9955156248788473,0,10,30,14.990000000000004
Polarizability,Pseudo-Labeling,60,31,0,1123,0.167,0.04782908311597692,0.9867659981092509,1,10,31,14.823000000000004
Polarizability,Pseudo-Labeling,60,32,1,257,1.0,0.11251181408189959,0.9867659981092509,0,11,31,13.823000000000004
Polarizability,Pseudo-Labeling,60,33,0,1112,0.167,0.037435945089734246,0.9880024137125553,1,11,32,13.656000000000004
Polarizability,Pseudo-Labeling,60,34,1,1126,1.0,0.048737415398984886,0.9880024137125553,0,12,32,12.656000000000002
Polarizability,Pseudo-Labeling,60,35,0,1028,0.167,0.04475281095513963,0.9880512048957748,1,12,33,12.489000000000003
Polarizability,Pseudo-Labeling,60,36,0,1122,0.167,0.03661198645616702,0.9880512048957748,2,12,34,12.322000000000001
Polarizability,Pseudo-Labeling,60,37,0,1114,0.167,0.029567549972575803,0.9880512048957748,3,12,35,12.155
Polarizability,Pseudo-Labeling,60,38,0,1097,0.167,0.032351099593525064,0.9880512048957748,4,12,36,11.987999999999998
Polarizability,Pseudo-Labeling,60,39,1,1065,1.0,0.02830637803633089,0.9880512048957748,0,13,36,10.987999999999996
Polarizability,Pseudo-Labeling,60,40,1,1127,1.0,0.028648632926763604,0.9845492160271695,0,14,36,9.987999999999996
Polarizability,Pseudo-Labeling,60,41,1,1117,1.0,0.026880853789917274,0.9846942027957744,0,15,36,8.987999999999996
Polarizability,Pseudo-Labeling,60,42,0,1096,0.167,0.022975900782421437,0.9848223224529985,1,15,37,8.820999999999996
Polarizability,Pseudo-Labeling,60,43,0,1031,0.167,0.02050333656890101,0.9848223224529985,2,15,38,8.653999999999995
Polarizability,Pseudo-Labeling,60,44,1,286,1.0,0.03240335089052275,0.9848223224529985,0,16,38,7.653999999999993
Polarizability,Pseudo-Labeling,60,45,0,1105,0.167,0.02540733781989221,0.9848223224529985,1,16,39,7.486999999999993
Polarizability,Pseudo-Labeling,60,46,0,1067,0.167,0.02003854339028348,0.9848223224529985,2,16,40,7.319999999999991
Polarizability,Pseudo-Labeling,60,47,1,1103,1.0,0.02194225208157325,0.9848223224529985,0,17,40,6.31999999999999
Polarizability,Pseudo-Labeling,60,48,1,1128,1.0,0.020737311914240796,0.9848049872538313,0,18,40,5.31999999999999
Polarizability,Pseudo-Labeling,60,49,0,1107,0.167,0.017116606794357208,0.9848118752733898,1,18,41,5.15299999999999
Polarizability,Pseudo-Labeling,60,50,0,1090,0.167,0.01853414535728826,0.9848118752733898,2,18,42,4.985999999999988
Polarizability,Pseudo-Labeling,60,51,0,1113,0.167,0.016125138757771933,0.9848118752733898,3,18,43,4.818999999999987
Polarizability,Pseudo-Labeling,60,52,0,549,0.167,0.01869247548069358,0.9848118752733898,4,18,44,4.651999999999985
Polarizability,Pseudo-Labeling,60,53,1,1125,1.0,0.015167388452058742,0.9848118752733898,0,19,44,3.6519999999999833
Polarizability,Pseudo-Labeling,60,54,0,1104,0.167,0.014462696779561867,0.9847613412688633,1,19,45,3.4849999999999834
Polarizability,Pseudo-Labeling,60,55,1,1091,1.0,0.017418023626593303,0.9847613412688633,0,20,45,2.4849999999999817
Polarizability,Pseudo-Labeling,60,56,0,1110,0.167,0.01165046830836539,0.9832470242405646,1,20,46,2.317999999999982
Polarizability,Pseudo-Labeling,60,57,0,1025,0.167,0.013470822053678994,0.9832470242405646,2,20,47,2.1509999999999803
Polarizability,Pseudo-Labeling,60,58,1,1109,1.0,0.013134487973785712,0.9832470242405646,0,21,47,1.1509999999999785
Polarizability,Pseudo-Labeling,60,59,1,1124,1.0,0.013417766861629037,0.9832361545777905,0,22,47,0.15099999999997848
Polarizability,Pseudo-Labeling,61,1,1,1133,1.0,0.4554146650073948,0.5,0,3,8,25.664
Polarizability,Pseudo-Labeling,61,2,0,924,0.167,0.33260540019160567,0.5,1,3,9,25.497
Polarizability,Pseudo-Labeling,61,3,0,1129,0.167,0.30919512603780724,0.5,2,3,10,25.33
Polarizability,Pseudo-Labeling,61,4,0,1130,0.167,0.3085859162583004,0.5,3,3,11,25.162999999999997
Polarizability,Pseudo-Labeling,61,5,0,1132,0.167,0.2835284221412743,0.5,4,3,12,24.996
Polarizability,Pseudo-Labeling,61,6,0,1128,0.167,0.2147603545152128,0.5,5,3,13,24.829
Polarizability,Pseudo-Labeling,61,7,0,1126,0.167,0.19070375072548004,0.5,6,3,14,24.662
Polarizability,Pseudo-Labeling,61,8,1,1131,1.0,0.16468461972340637,0.5,0,4,14,23.662
Polarizability,Pseudo-Labeling,61,9,1,944,1.0,0.19848185416863234,0.5,0,5,14,22.662
Polarizability,Pseudo-Labeling,61,10,0,1127,0.167,0.2987781277959665,0.9965686049387992,1,5,15,22.494999999999997
Polarizability,Pseudo-Labeling,61,11,0,1121,0.167,0.22206205834974144,0.9965686049387992,2,5,16,22.328
Polarizability,Pseudo-Labeling,61,12,0,1117,0.167,0.29394308640012934,0.9965686049387992,3,5,17,22.161
Polarizability,Pseudo-Labeling,61,13,0,1125,0.167,0.2027068305133392,0.9965686049387992,4,5,18,21.994
Polarizability,Pseudo-Labeling,61,14,0,257,0.167,0.21707514716246587,0.9965686049387992,5,5,19,21.826999999999998
Polarizability,Pseudo-Labeling,61,15,0,1124,0.167,0.15357372782776077,0.9965686049387992,6,5,20,21.66
Polarizability,Pseudo-Labeling,61,16,1,300,1.0,0.1475306045689851,0.9965686049387992,0,6,20,20.660000000000004
Polarizability,Pseudo-Labeling,61,17,0,1118,0.167,0.138977365258215,0.9965686049387992,1,6,21,20.493000000000002
Polarizability,Pseudo-Labeling,61,18,0,1115,0.167,0.12967643200447465,0.9965686049387992,2,6,22,20.326
Polarizability,Pseudo-Labeling,61,19,0,1103,0.167,0.11886963387105236,0.9965686049387992,3,6,23,20.159
Polarizability,Pseudo-Labeling,61,20,0,1109,0.167,0.10298069132348271,0.9965686049387992,4,6,24,19.992
Polarizability,Pseudo-Labeling,61,21,0,1120,0.167,0.09469030979364026,0.9965686049387992,5,6,25,19.825000000000003
Polarizability,Pseudo-Labeling,61,22,1,1129,1.0,0.1089849455183373,0.9965686049387992,0,7,25,18.825000000000003
Polarizability,Pseudo-Labeling,61,23,1,622,1.0,0.1006838712720989,0.9951303991941616,0,8,25,17.825000000000003
Polarizability,Pseudo-Labeling,61,24,0,1108,0.167,0.07870361431220887,0.9910448680415668,1,8,26,17.658
Polarizability,Pseudo-Labeling,61,25,0,1091,0.167,0.06832504791670463,0.9910448680415668,2,8,27,17.491
Polarizability,Pseudo-Labeling,61,26,1,257,1.0,0.08891420570703958,0.9910448680415668,0,9,27,16.491000000000003
Polarizability,Pseudo-Labeling,61,27,0,1106,0.167,0.06147921831942855,0.9911775091657589,1,9,28,16.324
Polarizability,Pseudo-Labeling,61,28,0,1116,0.167,0.05415768673356036,0.9911775091657589,2,9,29,16.157000000000004
Polarizability,Pseudo-Labeling,61,29,1,1130,1.0,0.0562798699341451,0.9911775091657589,0,10,29,15.157000000000004
Polarizability,Pseudo-Labeling,61,30,1,1132,1.0,0.05187940810909543,0.991928999673284,0,11,29,14.157000000000004
Polarizability,Pseudo-Labeling,61,31,1,1126,1.0,0.05364487194064019,0.9837528435508238,0,12,29,13.157000000000004
Polarizability,Pseudo-Labeling,61,32,0,1119,0.167,0.05142911940199837,0.9838470287696898,1,12,30,12.990000000000004
Polarizability,Pseudo-Labeling,61,33,0,1123,0.167,0.04872824874533492,0.9838470287696898,2,12,31,12.823000000000002
Polarizability,Pseudo-Labeling,61,34,1,1065,1.0,0.043845147535960236,0.9838470287696898,0,13,31,11.823
Polarizability,Pseudo-Labeling,61,35,0,1097,0.167,0.045150077053540766,0.9825669158677552,1,13,32,11.656
Polarizability,Pseudo-Labeling,61,36,0,1112,0.167,0.03756093874254555,0.9825669158677552,2,13,33,11.488999999999999
Polarizability,Pseudo-Labeling,61,37,0,1122,0.167,0.03350748740558742,0.9825669158677552,3,13,34,11.321999999999997
Polarizability,Pseudo-Labeling,61,38,0,1096,0.167,0.03091054914350073,0.9825669158677552,4,13,35,11.154999999999996
Polarizability,Pseudo-Labeling,61,39,1,1117,1.0,0.03328069423930366,0.9825669158677552,0,14,35,10.154999999999994
Polarizability,Pseudo-Labeling,61,40,0,1105,0.167,0.024074962953734902,0.9827487416750987,1,14,36,9.987999999999994
Polarizability,Pseudo-Labeling,61,41,1,1115,1.0,0.02373454842924866,0.9827487416750987,0,15,36,8.987999999999992
Polarizability,Pseudo-Labeling,61,42,1,1127,1.0,0.024186565153931555,0.9827486606193938,0,16,36,7.987999999999992
Polarizability,Pseudo-Labeling,61,43,0,1114,0.167,0.02242444373705504,0.9828930272369016,1,16,37,7.820999999999993
Polarizability,Pseudo-Labeling,61,44,0,1025,0.167,0.019134590763591006,0.9828930272369016,2,16,38,7.653999999999991
Polarizability,Pseudo-Labeling,61,45,1,1125,1.0,0.019947348405125825,0.9828930272369016,0,17,38,6.653999999999989
Polarizability,Pseudo-Labeling,61,46,1,1128,1.0,0.017515427122059828,0.9828829412378299,0,18,38,5.653999999999989
Polarizability,Pseudo-Labeling,61,47,0,1107,0.167,0.015559220313799983,0.9828582435306373,1,18,39,5.486999999999989
Polarizability,Pseudo-Labeling,61,48,0,1067,0.167,0.022890943305647848,0.9828582435306373,2,18,40,5.319999999999988
Polarizability,Pseudo-Labeling,61,49,0,1113,0.167,0.014773250378570076,0.9828582435306373,3,18,41,5.152999999999986
Polarizability,Pseudo-Labeling,61,50,0,1031,0.167,0.012853911667697861,0.9828582435306373,4,18,42,4.985999999999985
Polarizability,Pseudo-Labeling,61,51,0,1028,0.167,0.015140192556112684,0.9828582435306373,5,18,43,4.818999999999983
Polarizability,Pseudo-Labeling,61,52,0,1090,0.167,0.013389863314551513,0.9828582435306373,6,18,44,4.6519999999999815
Polarizability,Pseudo-Labeling,61,53,1,1103,1.0,0.013666956336573548,0.9828582435306373,0,19,44,3.6519999999999797
Polarizability,Pseudo-Labeling,61,54,0,1110,0.167,0.01107879725845853,0.9828167056456714,1,19,45,3.48499999999998
Polarizability,Pseudo-Labeling,61,55,0,1104,0.167,0.010394692949947095,0.9828167056456714,2,19,46,3.3179999999999783
Polarizability,Pseudo-Labeling,61,56,1,1040,1.0,0.015115459218778528,0.9828167056456714,0,20,46,2.3179999999999765
Polarizability,Pseudo-Labeling,61,57,1,1124,1.0,0.010962829136588768,0.9828167056456714,0,21,46,1.3179999999999765
Polarizability,Pseudo-Labeling,61,58,1,1118,1.0,0.009623014466805597,0.982818068544272,0,22,46,0.3179999999999765
Polarizability,Pseudo-Labeling,61,59,0,1111,0.167,0.0077864531825343865,0.9828274279668928,1,22,47,0.15099999999997651
