benchmark,model,seed,step,fidelity_chosen,candidate_idx,cost,score_max,alpha,consecutive_lf_count,n_hf_so_far,n_lf_so_far,remaining_budget
Park-Unfav,Domain Adaptation (MMD),42,1,1,128,1.0,5.193798796915746,0.5,0,3,5,44.5
Park-Unfav,Domain Adaptation (MMD),42,2,0,48,0.5,2.5234098089766546,0.5,1,3,6,44.0
Park-Unfav,Domain Adaptation (MMD),42,3,1,195,1.0,2.7184130440355125,0.5,0,4,6,43.0
Park-Unfav,Domain Adaptation (MMD),42,4,1,240,1.0,2.9447289623724737,0.5,0,5,6,42.0
Park-Unfav,Domain Adaptation (MMD),42,5,1,16,1.0,1.8011095795417704,0.5,0,6,6,41.0
Park-Unfav,Domain Adaptation (MMD),42,6,0,28,0.5,2.0589641961309306,0.5,1,6,7,40.5
Park-Unfav,Domain Adaptation (MMD),42,7,0,56,0.5,1.893220689312613,0.5,2,6,8,40.0
Park-Unfav,Domain Adaptation (MMD),42,8,0,0,0.5,1.9012631162574014,0.5,3,6,9,39.5
Park-Unfav,Domain Adaptation (MMD),42,9,0,32,0.5,1.797852161008371,0.5,4,6,10,39.0
Park-Unfav,Domain Adaptation (MMD),42,10,1,0,1.0,1.5004714255428075,0.5,0,7,10,38.0
Park-Unfav,Domain Adaptation (MMD),42,11,0,8,0.5,1.7886616842923493,0.5,1,7,11,37.5
Park-Unfav,Domain Adaptation (MMD),42,12,0,36,0.5,1.7168960553655515,0.5,2,7,12,37.0
Park-Unfav,Domain Adaptation (MMD),42,13,1,48,1.0,1.8449284418370164,0.5,0,8,12,36.0
Park-Unfav,Domain Adaptation (MMD),42,14,0,44,0.5,1.644852043055899,0.5,1,8,13,35.5
Park-Unfav,Domain Adaptation (MMD),42,15,1,32,1.0,1.6867958834837429,0.5,0,9,13,34.5
Park-Unfav,Domain Adaptation (MMD),42,16,0,20,0.5,3.131754554402259,1.0,1,9,14,34.0
Park-Unfav,Domain Adaptation (MMD),42,17,0,4,0.5,3.0633102821465177,1.0,2,9,15,33.5
Park-Unfav,Domain Adaptation (MMD),42,18,0,12,0.5,2.995549540233012,1.0,3,9,16,33.0
Park-Unfav,Domain Adaptation (MMD),42,19,0,24,0.5,2.901696422229471,1.0,4,9,17,32.5
Park-Unfav,Domain Adaptation (MMD),42,20,1,12,1.0,1.4928854517727572,1.0,0,10,17,31.5
Park-Unfav,Domain Adaptation (MMD),42,21,1,4,1.0,1.424081620431898,0.44025761001436436,0,11,17,30.5
Park-Unfav,Domain Adaptation (MMD),42,22,1,20,1.0,1.3896773085077363,0.39690451638003527,0,12,17,29.5
Park-Unfav,Domain Adaptation (MMD),42,23,1,36,1.0,1.3217943116704798,0.39774942548639797,0,13,17,28.5
Park-Unfav,Domain Adaptation (MMD),42,24,1,44,1.0,1.36156091731591,0.39482681796215324,0,14,17,27.5
Park-Unfav,Domain Adaptation (MMD),42,25,0,60,0.5,1.605738902239002,0.5939421223620871,1,14,18,27.0
Park-Unfav,Domain Adaptation (MMD),42,26,0,40,0.5,1.5502617895301873,0.5939421223620871,2,14,19,26.5
Park-Unfav,Domain Adaptation (MMD),42,27,0,52,0.5,1.520016436608034,0.5939421223620871,3,14,20,26.0
Park-Unfav,Domain Adaptation (MMD),42,28,1,52,1.0,1.3142023556255753,0.5939421223620871,0,15,20,25.0
Park-Unfav,Domain Adaptation (MMD),42,29,0,76,0.5,1.2429221481992885,0.5615366224285177,1,15,21,24.5
Park-Unfav,Domain Adaptation (MMD),42,30,1,28,1.0,1.2742474757795383,0.5615366224285177,0,16,21,23.5
Park-Unfav,Domain Adaptation (MMD),42,31,1,60,1.0,1.3158087513600816,0.6137549061753251,0,17,21,22.5
Park-Unfav,Domain Adaptation (MMD),42,32,1,56,1.0,1.2687806500062033,0.6816260421715927,0,18,21,21.5
Park-Unfav,Domain Adaptation (MMD),42,33,1,40,1.0,1.30868247675627,0.6871411250851213,0,19,21,20.5
Park-Unfav,Domain Adaptation (MMD),42,34,0,64,0.5,1.274128443426472,0.6909730768202642,1,19,22,20.0
Park-Unfav,Domain Adaptation (MMD),42,35,0,124,0.5,1.260824856785325,0.6909730768202642,2,19,23,19.5
Park-Unfav,Domain Adaptation (MMD),42,36,1,24,1.0,1.1633121334796463,0.6909730768202642,0,20,23,18.5
Park-Unfav,Domain Adaptation (MMD),42,37,0,112,0.5,1.1970121620614917,0.6851219537113381,1,20,24,18.0
Park-Unfav,Domain Adaptation (MMD),42,38,1,8,1.0,1.0857193240841563,0.6851219537113381,0,21,24,17.0
Park-Unfav,Domain Adaptation (MMD),42,39,0,68,0.5,1.0175636714944805,0.6572769516802899,1,21,25,16.5
Park-Unfav,Domain Adaptation (MMD),42,40,0,96,0.5,1.0043421939294785,0.6572769516802899,2,21,26,16.0
Park-Unfav,Domain Adaptation (MMD),42,41,0,80,0.5,0.95754411036467,0.6572769516802899,3,21,27,15.5
Park-Unfav,Domain Adaptation (MMD),42,42,0,3,0.5,0.9917695601391913,0.6572769516802899,4,21,28,15.0
Park-Unfav,Domain Adaptation (MMD),42,43,1,112,1.0,0.8049665592470169,0.6572769516802899,0,22,28,14.0
Park-Unfav,Domain Adaptation (MMD),42,44,0,120,0.5,1.5007300047580254,0.9999999999999731,1,22,29,13.5
Park-Unfav,Domain Adaptation (MMD),42,45,0,108,0.5,1.424903920924541,0.9999999999999731,2,22,30,13.0
Park-Unfav,Domain Adaptation (MMD),42,46,0,72,0.5,1.4109100812739535,0.9999999999999731,3,22,31,12.5
Park-Unfav,Domain Adaptation (MMD),42,47,0,92,0.5,1.287915911670325,0.9999999999999731,4,22,32,12.0
Park-Unfav,Domain Adaptation (MMD),42,48,1,96,1.0,0.7147677886394277,0.9999999999999731,0,23,32,11.0
Park-Unfav,Domain Adaptation (MMD),42,49,0,84,0.5,1.2596843801560567,0.9999999999999858,1,23,33,10.5
Park-Unfav,Domain Adaptation (MMD),42,50,0,116,0.5,1.227272868346151,0.9999999999999858,2,23,34,10.0
Park-Unfav,Domain Adaptation (MMD),42,51,0,100,0.5,1.2129448821658677,0.9999999999999858,3,23,35,9.5
Park-Unfav,Domain Adaptation (MMD),42,52,0,88,0.5,1.1731539484631985,0.9999999999999858,4,23,36,9.0
Park-Unfav,Domain Adaptation (MMD),42,53,1,124,1.0,0.7026201061088954,0.9999999999999858,0,24,36,8.0
Park-Unfav,Domain Adaptation (MMD),42,54,0,104,0.5,1.0608375389134719,0.9038784563027306,1,24,37,7.5
Park-Unfav,Domain Adaptation (MMD),42,55,0,13,0.5,0.8301139674265452,0.9038784563027306,2,24,38,7.0
Park-Unfav,Domain Adaptation (MMD),42,56,0,9,0.5,0.8136045427583375,0.9038784563027306,3,24,39,6.5
Park-Unfav,Domain Adaptation (MMD),42,57,0,61,0.5,0.8687322896205502,0.9038784563027306,4,24,40,6.0
Park-Unfav,Domain Adaptation (MMD),42,58,1,64,1.0,0.6149580911187665,0.9038784563027306,0,25,40,5.0
Park-Unfav,Domain Adaptation (MMD),42,59,0,45,0.5,0.7549890485669405,0.9002593152064263,1,25,41,4.5
Park-Unfav,Domain Adaptation (MMD),42,60,0,29,0.5,0.7474622843079342,0.9002593152064263,2,25,42,4.0
Park-Unfav,Domain Adaptation (MMD),42,61,0,49,0.5,0.7844622145903044,0.9002593152064263,3,25,43,3.5
Park-Unfav,Domain Adaptation (MMD),42,62,0,53,0.5,0.7345004886131792,0.9002593152064263,4,25,44,3.0
Park-Unfav,Domain Adaptation (MMD),42,63,1,80,1.0,0.5164430378927478,0.9002593152064263,0,26,44,2.0
Park-Unfav,Domain Adaptation (MMD),42,64,0,1,0.5,0.704798125389458,0.900729652347445,1,26,45,1.5
Park-Unfav,Domain Adaptation (MMD),42,65,0,57,0.5,0.6798098841766165,0.900729652347445,2,26,46,1.0
Park-Unfav,Domain Adaptation (MMD),42,66,0,188,0.5,0.6999564294792615,0.900729652347445,3,26,47,0.5
Park-Unfav,Domain Adaptation (MMD),42,67,0,140,0.5,0.6405967995731291,0.900729652347445,4,26,48,0.0
Park-Unfav,Domain Adaptation (MMD),43,1,1,244,1.0,3.351612531231529,0.5,0,3,5,44.5
Park-Unfav,Domain Adaptation (MMD),43,2,1,243,1.0,1.293028772005201,0.5,0,4,5,43.5
Park-Unfav,Domain Adaptation (MMD),43,3,1,204,1.0,2.49499385644795,0.5,0,5,5,42.5
Park-Unfav,Domain Adaptation (MMD),43,4,1,48,1.0,1.8932149300935106,0.5,0,6,5,41.5
Park-Unfav,Domain Adaptation (MMD),43,5,0,240,0.5,1.9059558107053298,0.5,1,6,6,41.0
Park-Unfav,Domain Adaptation (MMD),43,6,0,0,0.5,2.153520010608966,0.5,2,6,7,40.5
Park-Unfav,Domain Adaptation (MMD),43,7,0,60,0.5,1.780889478904879,0.5,3,6,8,40.0
Park-Unfav,Domain Adaptation (MMD),43,8,1,16,1.0,1.6926267807891104,0.5,0,7,8,39.0
Park-Unfav,Domain Adaptation (MMD),43,9,0,32,0.5,1.6185750464260664,0.5,1,7,9,38.5
Park-Unfav,Domain Adaptation (MMD),43,10,0,4,0.5,1.520673470652889,0.5,2,7,10,38.0
Park-Unfav,Domain Adaptation (MMD),43,11,0,12,0.5,1.6603571469170242,0.5,3,7,11,37.5
Park-Unfav,Domain Adaptation (MMD),43,12,0,40,0.5,1.5340663417169695,0.5,4,7,12,37.0
Park-Unfav,Domain Adaptation (MMD),43,13,1,0,1.0,1.503235668542935,0.5,0,8,12,36.0
Park-Unfav,Domain Adaptation (MMD),43,14,0,56,0.5,1.4543572691012843,0.5,1,8,13,35.5
Park-Unfav,Domain Adaptation (MMD),43,15,0,24,0.5,1.467025624131252,0.5,2,8,14,35.0
Park-Unfav,Domain Adaptation (MMD),43,16,0,20,0.5,1.3831388524893653,0.5,3,8,15,34.5
Park-Unfav,Domain Adaptation (MMD),43,17,1,32,1.0,1.3676991490087453,0.5,0,9,15,33.5
Park-Unfav,Domain Adaptation (MMD),43,18,0,8,0.5,1.3386348090157245,0.5,1,9,16,33.0
Park-Unfav,Domain Adaptation (MMD),43,19,0,52,0.5,1.368485269254955,0.5,2,9,17,32.5
Park-Unfav,Domain Adaptation (MMD),43,20,0,36,0.5,1.2996901454728063,0.5,3,9,18,32.0
Park-Unfav,Domain Adaptation (MMD),43,21,0,44,0.5,1.2915060509975347,0.5,4,9,19,31.5
Park-Unfav,Domain Adaptation (MMD),43,22,1,52,1.0,0.9538283226654922,0.5,0,10,19,30.5
Park-Unfav,Domain Adaptation (MMD),43,23,0,28,0.5,1.8069606237815858,0.7297869225515208,1,10,20,30.0
Park-Unfav,Domain Adaptation (MMD),43,24,0,64,0.5,1.350048372932678,0.7297869225515208,2,10,21,29.5
Park-Unfav,Domain Adaptation (MMD),43,25,0,124,0.5,1.3341797568937301,0.7297869225515208,3,10,22,29.0
Park-Unfav,Domain Adaptation (MMD),43,26,0,76,0.5,1.3271882027139856,0.7297869225515208,4,10,23,28.5
Park-Unfav,Domain Adaptation (MMD),43,27,1,36,1.0,0.8812127432724581,0.7297869225515208,0,11,23,27.5
Park-Unfav,Domain Adaptation (MMD),43,28,0,80,0.5,1.2044730264335948,0.7343399095305562,1,11,24,27.0
Park-Unfav,Domain Adaptation (MMD),43,29,0,72,0.5,1.1547853385084863,0.7343399095305562,2,11,25,26.5
Park-Unfav,Domain Adaptation (MMD),43,30,0,108,0.5,1.1314251708551621,0.7343399095305562,3,11,26,26.0
Park-Unfav,Domain Adaptation (MMD),43,31,0,92,0.5,1.0920825427518503,0.7343399095305562,4,11,27,25.5
Park-Unfav,Domain Adaptation (MMD),43,32,1,20,1.0,0.8591036043618714,0.7343399095305562,0,12,27,24.5
Park-Unfav,Domain Adaptation (MMD),43,33,0,68,0.5,0.9619784453430479,0.6686862463940615,1,12,28,24.0
Park-Unfav,Domain Adaptation (MMD),43,34,0,120,0.5,0.9709689024716134,0.6686862463940615,2,12,29,23.5
Park-Unfav,Domain Adaptation (MMD),43,35,0,116,0.5,0.928200748430913,0.6686862463940615,3,12,30,23.0
Park-Unfav,Domain Adaptation (MMD),43,36,0,112,0.5,0.8837765890450712,0.6686862463940615,4,12,31,22.5
Park-Unfav,Domain Adaptation (MMD),43,37,1,4,1.0,0.9193387628561884,0.6686862463940615,0,13,31,21.5
Park-Unfav,Domain Adaptation (MMD),43,38,1,64,1.0,0.7152223946527337,0.49931405151057334,0,14,31,20.5
Park-Unfav,Domain Adaptation (MMD),43,39,0,104,0.5,1.2647653134580066,0.9999999999999983,1,14,32,20.0
Park-Unfav,Domain Adaptation (MMD),43,40,0,96,0.5,1.2771422796776124,0.9999999999999983,2,14,33,19.5
Park-Unfav,Domain Adaptation (MMD),43,41,0,84,0.5,1.221042250876036,0.9999999999999983,3,14,34,19.0
Park-Unfav,Domain Adaptation (MMD),43,42,0,88,0.5,1.2133880894130706,0.9999999999999983,4,14,35,18.5
Park-Unfav,Domain Adaptation (MMD),43,43,1,112,1.0,0.6003612052326808,0.9999999999999983,0,15,35,17.5
Park-Unfav,Domain Adaptation (MMD),43,44,0,100,0.5,1.1093814746846995,0.9999999999999989,1,15,36,17.0
Park-Unfav,Domain Adaptation (MMD),43,45,0,13,0.5,0.8797644249239039,0.9999999999999989,2,15,37,16.5
Park-Unfav,Domain Adaptation (MMD),43,46,0,188,0.5,0.8324880049965525,0.9999999999999989,3,15,38,16.0
Park-Unfav,Domain Adaptation (MMD),43,47,0,1,0.5,0.9414720121240439,0.9999999999999989,4,15,39,15.5
Park-Unfav,Domain Adaptation (MMD),43,48,1,96,1.0,0.6442947950377056,0.9999999999999989,0,16,39,14.5
Park-Unfav,Domain Adaptation (MMD),43,49,0,49,0.5,0.7395632676865652,0.9999999999999992,1,16,40,14.0
Park-Unfav,Domain Adaptation (MMD),43,50,0,33,0.5,0.7906502262653914,0.9999999999999992,2,16,41,13.5
Park-Unfav,Domain Adaptation (MMD),43,51,0,17,0.5,0.7828428769786816,0.9999999999999992,3,16,42,13.0
Park-Unfav,Domain Adaptation (MMD),43,52,0,140,0.5,0.7398987021013123,0.9999999999999992,4,16,43,12.5
Park-Unfav,Domain Adaptation (MMD),43,53,1,8,1.0,0.5525432053055092,0.9999999999999992,0,17,43,11.5
Park-Unfav,Domain Adaptation (MMD),43,54,0,9,0.5,0.749073098211091,0.9999999999999982,1,17,44,11.0
Park-Unfav,Domain Adaptation (MMD),43,55,0,5,0.5,0.6650627590023631,0.9999999999999982,2,17,45,10.5
Park-Unfav,Domain Adaptation (MMD),43,56,1,24,1.0,0.7465069728972558,0.9999999999999982,0,18,45,9.5
Park-Unfav,Domain Adaptation (MMD),43,57,1,40,1.0,0.6668427059110178,0.9999999999999977,0,19,45,8.5
Park-Unfav,Domain Adaptation (MMD),43,58,0,128,0.5,0.6581069145136076,0.9999999999999969,1,19,46,8.0
Park-Unfav,Domain Adaptation (MMD),43,59,0,61,0.5,0.6862923799708142,0.9999999999999969,2,19,47,7.5
Park-Unfav,Domain Adaptation (MMD),43,60,0,45,0.5,0.6142101501665849,0.9999999999999969,3,19,48,7.0
Park-Unfav,Domain Adaptation (MMD),43,61,0,57,0.5,0.627775994597669,0.9999999999999969,4,19,49,6.5
Park-Unfav,Domain Adaptation (MMD),43,62,1,56,1.0,0.5539500885266857,0.9999999999999969,0,20,49,5.5
Park-Unfav,Domain Adaptation (MMD),43,63,0,53,0.5,0.6102596740325278,0.9999999999999969,1,20,50,5.0
Park-Unfav,Domain Adaptation (MMD),43,64,0,41,0.5,0.5662958589512659,0.9999999999999969,2,20,51,4.5
Park-Unfav,Domain Adaptation (MMD),43,65,0,37,0.5,0.535981772068351,0.9999999999999969,3,20,52,4.0
Park-Unfav,Domain Adaptation (MMD),43,66,0,21,0.5,0.5342762532727384,0.9999999999999969,4,20,53,3.5
Park-Unfav,Domain Adaptation (MMD),43,67,1,12,1.0,0.46297953244833073,0.9999999999999969,0,21,53,2.5
Park-Unfav,Domain Adaptation (MMD),43,68,0,25,0.5,0.5663144126530321,0.999999999999995,1,21,54,2.0
Park-Unfav,Domain Adaptation (MMD),43,69,1,28,1.0,0.48640997458148044,0.999999999999995,0,22,54,1.0
Park-Unfav,Domain Adaptation (MMD),43,70,0,176,0.5,0.4367235709825775,0.9999999999999934,1,22,55,0.5
Park-Unfav,Domain Adaptation (MMD),43,71,0,172,0.5,0.45026858187929025,0.9999999999999934,2,22,56,0.0
Park-Unfav,Domain Adaptation (MMD),44,1,1,0,1.0,6.888123488665064,0.5,0,3,5,44.5
Park-Unfav,Domain Adaptation (MMD),44,2,0,60,0.5,4.065330564934226,0.5,1,3,6,44.0
Park-Unfav,Domain Adaptation (MMD),44,3,1,12,1.0,2.090791966710931,0.5,0,4,6,43.0
Park-Unfav,Domain Adaptation (MMD),44,4,1,196,1.0,3.3980932465483393,0.5,0,5,6,42.0
Park-Unfav,Domain Adaptation (MMD),44,5,0,16,0.5,1.9653271354587802,0.5,1,5,7,41.5
Park-Unfav,Domain Adaptation (MMD),44,6,0,48,0.5,2.005672180190361,0.5,2,5,8,41.0
Park-Unfav,Domain Adaptation (MMD),44,7,1,4,1.0,1.9818307517151232,0.5,0,6,8,40.0
Park-Unfav,Domain Adaptation (MMD),44,8,1,48,1.0,2.275843397661478,0.5,0,7,8,39.0
Park-Unfav,Domain Adaptation (MMD),44,9,0,28,0.5,2.008801958583458,0.5,1,7,9,38.5
Park-Unfav,Domain Adaptation (MMD),44,10,0,56,0.5,1.8151275392846273,0.5,2,7,10,38.0
Park-Unfav,Domain Adaptation (MMD),44,11,1,16,1.0,1.8363880190770745,0.5,0,8,10,37.0
Park-Unfav,Domain Adaptation (MMD),44,12,0,20,0.5,1.7717200189600215,0.5,1,8,11,36.5
Park-Unfav,Domain Adaptation (MMD),44,13,1,32,1.0,1.749215810062149,0.5,0,9,11,35.5
Park-Unfav,Domain Adaptation (MMD),44,14,0,8,0.5,1.6954321802572359,0.5,1,9,12,35.0
Park-Unfav,Domain Adaptation (MMD),44,15,1,40,1.0,1.65572414578735,0.5,0,10,12,34.0
Park-Unfav,Domain Adaptation (MMD),44,16,1,8,1.0,1.572924295539723,0.5,0,11,12,33.0
Park-Unfav,Domain Adaptation (MMD),44,17,1,20,1.0,1.480535306908734,0.2973901288050287,0,12,12,32.0
Park-Unfav,Domain Adaptation (MMD),44,18,1,24,1.0,1.277466254290617,0.3145603382795373,0,13,12,31.0
Park-Unfav,Domain Adaptation (MMD),44,19,1,36,1.0,1.3215160002748703,0.3145603382795373,0,14,12,30.0
Park-Unfav,Domain Adaptation (MMD),44,20,1,60,1.0,1.237134606688132,0.3145603382795373,0,15,12,29.0
Park-Unfav,Domain Adaptation (MMD),44,21,0,52,0.5,1.8322172393902831,0.6196262581951215,1,15,13,28.5
Park-Unfav,Domain Adaptation (MMD),44,22,0,44,0.5,1.7665965065831781,0.6196262581951215,2,15,14,28.0
Park-Unfav,Domain Adaptation (MMD),44,23,0,64,0.5,1.4628273058232188,0.6196262581951215,3,15,15,27.5
Park-Unfav,Domain Adaptation (MMD),44,24,0,112,0.5,1.2825393646427348,0.6196262581951215,4,15,16,27.0
Park-Unfav,Domain Adaptation (MMD),44,25,1,52,1.0,1.203531507542856,0.6196262581951215,0,16,16,26.0
Park-Unfav,Domain Adaptation (MMD),44,26,0,124,0.5,1.1890297641465737,0.5767655874060736,1,16,17,25.5
Park-Unfav,Domain Adaptation (MMD),44,27,1,56,1.0,1.2590675004514305,0.5767655874060736,0,17,17,24.5
Park-Unfav,Domain Adaptation (MMD),44,28,1,28,1.0,1.2681978645744343,0.6193190778180244,0,18,17,23.5
Park-Unfav,Domain Adaptation (MMD),44,29,0,80,0.5,1.1258079281069047,0.6436516715556959,1,18,18,23.0
Park-Unfav,Domain Adaptation (MMD),44,30,0,76,0.5,1.099371007937621,0.6436516715556959,2,18,19,22.5
Park-Unfav,Domain Adaptation (MMD),44,31,1,44,1.0,1.0851045359892169,0.6436516715556959,0,19,19,21.5
Park-Unfav,Domain Adaptation (MMD),44,32,0,72,0.5,1.1537344775738105,0.6957307859529046,1,19,20,21.0
Park-Unfav,Domain Adaptation (MMD),44,33,0,108,0.5,1.0947945823712864,0.6957307859529046,2,19,21,20.5
Park-Unfav,Domain Adaptation (MMD),44,34,0,96,0.5,1.0861869803442332,0.6957307859529046,3,19,22,20.0
Park-Unfav,Domain Adaptation (MMD),44,35,0,116,0.5,1.072352497833333,0.6957307859529046,4,19,23,19.5
Park-Unfav,Domain Adaptation (MMD),44,36,1,76,1.0,0.6189559166062152,0.6957307859529046,0,20,23,18.5
Park-Unfav,Domain Adaptation (MMD),44,37,0,68,0.5,1.4036870797055023,0.9999999999999967,1,20,24,18.0
Park-Unfav,Domain Adaptation (MMD),44,38,0,92,0.5,1.4384356388278903,0.9999999999999967,2,20,25,17.5
Park-Unfav,Domain Adaptation (MMD),44,39,0,120,0.5,1.3949571795088769,0.9999999999999967,3,20,26,17.0
Park-Unfav,Domain Adaptation (MMD),44,40,0,104,0.5,1.3150183970824063,0.9999999999999967,4,20,27,16.5
Park-Unfav,Domain Adaptation (MMD),44,41,1,112,1.0,0.6339180769289601,0.9999999999999967,0,21,27,15.5
Park-Unfav,Domain Adaptation (MMD),44,42,0,192,0.5,1.2001493381067145,0.915485930959883,1,21,28,15.0
Park-Unfav,Domain Adaptation (MMD),44,43,0,100,0.5,1.126900279206476,0.915485930959883,2,21,29,14.5
Park-Unfav,Domain Adaptation (MMD),44,44,0,88,0.5,1.091165483269445,0.915485930959883,3,21,30,14.0
Park-Unfav,Domain Adaptation (MMD),44,45,0,1,0.5,1.1521377847033696,0.915485930959883,4,21,31,13.5
Park-Unfav,Domain Adaptation (MMD),44,46,1,96,1.0,0.5840998907970153,0.915485930959883,0,22,31,12.5
Park-Unfav,Domain Adaptation (MMD),44,47,0,84,0.5,1.0352249449003699,0.8948233746592635,1,22,32,12.0
Park-Unfav,Domain Adaptation (MMD),44,48,0,13,0.5,0.9125793961903166,0.8948233746592635,2,22,33,11.5
Park-Unfav,Domain Adaptation (MMD),44,49,0,5,0.5,0.8565982564027121,0.8948233746592635,3,22,34,11.0
Park-Unfav,Domain Adaptation (MMD),44,50,0,45,0.5,0.7883056310446789,0.8948233746592635,4,22,35,10.5
Park-Unfav,Domain Adaptation (MMD),44,51,1,64,1.0,0.5256143867762113,0.8948233746592635,0,23,35,9.5
Park-Unfav,Domain Adaptation (MMD),44,52,0,61,0.5,0.8432879825841383,0.8885163198397328,1,23,36,9.0
Park-Unfav,Domain Adaptation (MMD),44,53,0,29,0.5,0.7239619681478457,0.8885163198397328,2,23,37,8.5
Park-Unfav,Domain Adaptation (MMD),44,54,0,17,0.5,0.6760103299359252,0.8885163198397328,3,23,38,8.0
Park-Unfav,Domain Adaptation (MMD),44,55,0,176,0.5,0.6672287963990162,0.8885163198397328,4,23,39,7.5
Park-Unfav,Domain Adaptation (MMD),44,56,1,68,1.0,0.47805868250737055,0.8885163198397328,0,24,39,6.5
Park-Unfav,Domain Adaptation (MMD),44,57,0,49,0.5,0.7269162088903122,0.9030227008439508,1,24,40,6.0
Park-Unfav,Domain Adaptation (MMD),44,58,0,21,0.5,0.6874724225588211,0.9030227008439508,2,24,41,5.5
Park-Unfav,Domain Adaptation (MMD),44,59,0,33,0.5,0.6708966356929886,0.9030227008439508,3,24,42,5.0
Park-Unfav,Domain Adaptation (MMD),44,60,0,25,0.5,0.6161654120433139,0.9030227008439508,4,24,43,4.5
Park-Unfav,Domain Adaptation (MMD),44,61,1,120,1.0,0.41685806905718353,0.9030227008439508,0,25,43,3.5
Park-Unfav,Domain Adaptation (MMD),44,62,0,57,0.5,0.6362311826866088,0.909618152058402,1,25,44,3.0
Park-Unfav,Domain Adaptation (MMD),44,63,0,53,0.5,0.6187766610896183,0.909618152058402,2,25,45,2.5
Park-Unfav,Domain Adaptation (MMD),44,64,0,41,0.5,0.6007123899222239,0.909618152058402,3,25,46,2.0
Park-Unfav,Domain Adaptation (MMD),44,65,0,37,0.5,0.563347917753739,0.909618152058402,4,25,47,1.5
Park-Unfav,Domain Adaptation (MMD),44,66,1,116,1.0,0.41027516692706767,0.909618152058402,0,26,47,0.5
Park-Unfav,Domain Adaptation (MMD),44,67,0,188,0.5,0.5855823392907408,0.9157643828188833,1,26,48,0.0
Park-Unfav,Domain Adaptation (MMD),45,1,1,24,1.0,1.7354754169820188,0.5,0,3,5,44.5
Park-Unfav,Domain Adaptation (MMD),45,2,0,44,0.5,2.2866642238919708,0.5,1,3,6,44.0
Park-Unfav,Domain Adaptation (MMD),45,3,0,12,0.5,1.1580495548496381,0.5,2,3,7,43.5
Park-Unfav,Domain Adaptation (MMD),45,4,0,16,0.5,1.3701925516060793,0.5,3,3,8,43.0
Park-Unfav,Domain Adaptation (MMD),45,5,1,63,1.0,1.6746490084826517,0.5,0,4,8,42.0
Park-Unfav,Domain Adaptation (MMD),45,6,1,204,1.0,5.658547114521635,0.5,0,5,8,41.0
Park-Unfav,Domain Adaptation (MMD),45,7,1,0,1.0,2.913866094545836,0.5,0,6,8,40.0
Park-Unfav,Domain Adaptation (MMD),45,8,0,48,0.5,2.8649561182291614,0.5,1,6,9,39.5
Park-Unfav,Domain Adaptation (MMD),45,9,1,16,1.0,2.4897028792342906,0.5,0,7,9,38.5
Park-Unfav,Domain Adaptation (MMD),45,10,1,128,1.0,2.5019722204089065,0.5,0,8,9,37.5
Park-Unfav,Domain Adaptation (MMD),45,11,0,60,0.5,2.418160283095117,0.5,1,8,10,37.0
Park-Unfav,Domain Adaptation (MMD),45,12,1,32,1.0,2.451310126243873,0.5,0,9,10,36.0
Park-Unfav,Domain Adaptation (MMD),45,13,0,4,0.5,2.2010650184591567,0.5,1,9,11,35.5
Park-Unfav,Domain Adaptation (MMD),45,14,0,52,0.5,2.0594141097205005,0.5,2,9,12,35.0
Park-Unfav,Domain Adaptation (MMD),45,15,0,28,0.5,1.93671662120942,0.5,3,9,13,34.5
Park-Unfav,Domain Adaptation (MMD),45,16,0,20,0.5,2.0196451837851086,0.5,4,9,14,34.0
Park-Unfav,Domain Adaptation (MMD),45,17,1,64,1.0,2.1144903966398396,0.5,0,10,14,33.0
Park-Unfav,Domain Adaptation (MMD),45,18,0,56,0.5,1.8355333088848116,0.5,1,10,15,32.5
Park-Unfav,Domain Adaptation (MMD),45,19,1,48,1.0,1.8170402808126749,0.5,0,11,15,31.5
Park-Unfav,Domain Adaptation (MMD),45,20,0,40,0.5,1.7805196519578665,0.5,1,11,16,31.0
Park-Unfav,Domain Adaptation (MMD),45,21,0,8,0.5,1.7494313348205721,0.5,2,11,17,30.5
Park-Unfav,Domain Adaptation (MMD),45,22,0,36,0.5,1.6916569167221462,0.5,3,11,18,30.0
Park-Unfav,Domain Adaptation (MMD),45,23,1,4,1.0,1.5607836689878178,0.5,0,12,18,29.0
Park-Unfav,Domain Adaptation (MMD),45,24,0,124,0.5,2.200598619433175,0.7498098088033892,1,12,19,28.5
Park-Unfav,Domain Adaptation (MMD),45,25,0,112,0.5,1.8770164345806253,0.7498098088033892,2,12,20,28.0
Park-Unfav,Domain Adaptation (MMD),45,26,0,76,0.5,1.9482014925282327,0.7498098088033892,3,12,21,27.5
Park-Unfav,Domain Adaptation (MMD),45,27,0,68,0.5,1.8445913327345564,0.7498098088033892,4,12,22,27.0
Park-Unfav,Domain Adaptation (MMD),45,28,1,20,1.0,1.3852092381500776,0.7498098088033892,0,13,22,26.0
Park-Unfav,Domain Adaptation (MMD),45,29,1,80,1.0,1.2956697629378153,0.5663630630829927,0,14,22,25.0
Park-Unfav,Domain Adaptation (MMD),45,30,0,108,0.5,1.2750514488043012,0.5663630630829927,1,14,23,24.5
Park-Unfav,Domain Adaptation (MMD),45,31,0,116,0.5,1.2750202109785806,0.5663630630829927,2,14,24,24.0
Park-Unfav,Domain Adaptation (MMD),45,32,0,72,0.5,1.2159970408096719,0.5663630630829927,3,14,25,23.5
Park-Unfav,Domain Adaptation (MMD),45,33,0,92,0.5,1.1695107109426408,0.5663630630829927,4,14,26,23.0
Park-Unfav,Domain Adaptation (MMD),45,34,1,8,1.0,1.062510711475904,0.5663630630829927,0,15,26,22.0
Park-Unfav,Domain Adaptation (MMD),45,35,1,96,1.0,0.9999234674900932,0.2665245853092942,0,16,26,21.0
Park-Unfav,Domain Adaptation (MMD),45,36,1,36,1.0,1.1456865168748362,0.2665245853092942,0,17,26,20.0
Park-Unfav,Domain Adaptation (MMD),45,37,1,52,1.0,0.919104931852285,0.2046220569459257,0,18,26,19.0
Park-Unfav,Domain Adaptation (MMD),45,38,1,112,1.0,0.8731501597101684,0.12279952726074447,0,19,26,18.0
Park-Unfav,Domain Adaptation (MMD),45,39,0,120,0.5,1.9023202884852766,0.999999999999996,1,19,27,17.5
Park-Unfav,Domain Adaptation (MMD),45,40,0,84,0.5,1.7802430852879128,0.999999999999996,2,19,28,17.0
Park-Unfav,Domain Adaptation (MMD),45,41,0,100,0.5,1.7147454048324677,0.999999999999996,3,19,29,16.5
Park-Unfav,Domain Adaptation (MMD),45,42,0,104,0.5,1.6853947988266604,0.999999999999996,4,19,30,16.0
Park-Unfav,Domain Adaptation (MMD),45,43,1,40,1.0,0.724738988430138,0.999999999999996,0,20,30,15.0
Park-Unfav,Domain Adaptation (MMD),45,44,0,13,0.5,1.7224967462803806,0.9999999999999941,1,20,31,14.5
Park-Unfav,Domain Adaptation (MMD),45,45,0,88,0.5,1.6068021450508034,0.9999999999999941,2,20,32,14.0
Park-Unfav,Domain Adaptation (MMD),45,46,0,1,0.5,1.4803617739556993,0.9999999999999941,3,20,33,13.5
Park-Unfav,Domain Adaptation (MMD),45,47,0,29,0.5,1.4537494143854723,0.9999999999999941,4,20,34,13.0
Park-Unfav,Domain Adaptation (MMD),45,48,1,68,1.0,0.7302521500143634,0.9999999999999941,0,21,34,12.0
Park-Unfav,Domain Adaptation (MMD),45,49,0,49,0.5,1.4975132365100101,0.9839610185072276,1,21,35,11.5
Park-Unfav,Domain Adaptation (MMD),45,50,0,61,0.5,1.4102439865829448,0.9839610185072276,2,21,36,11.0
Park-Unfav,Domain Adaptation (MMD),45,51,0,17,0.5,1.2452518603898355,0.9839610185072276,3,21,37,10.5
Park-Unfav,Domain Adaptation (MMD),45,52,0,188,0.5,1.200045903973013,0.9839610185072276,4,21,38,10.0
Park-Unfav,Domain Adaptation (MMD),45,53,1,12,1.0,0.6866660411436964,0.9839610185072276,0,22,38,9.0
Park-Unfav,Domain Adaptation (MMD),45,54,0,33,0.5,1.1740980488101826,0.984309098033498,1,22,39,8.5
Park-Unfav,Domain Adaptation (MMD),45,55,0,5,0.5,1.1607366359031628,0.984309098033498,2,22,40,8.0
Park-Unfav,Domain Adaptation (MMD),45,56,0,45,0.5,1.1395436469934792,0.984309098033498,3,22,41,7.5
Park-Unfav,Domain Adaptation (MMD),45,57,0,140,0.5,1.1486742011954867,0.984309098033498,4,22,42,7.0
Park-Unfav,Domain Adaptation (MMD),45,58,1,56,1.0,0.7465553979015314,0.984309098033498,0,23,42,6.0
Park-Unfav,Domain Adaptation (MMD),45,59,0,9,0.5,1.0642282848810176,0.9845878278463341,1,23,43,5.5
Park-Unfav,Domain Adaptation (MMD),45,60,0,53,0.5,1.1374197893066598,0.9845878278463341,2,23,44,5.0
Park-Unfav,Domain Adaptation (MMD),45,61,0,57,0.5,0.989026382267804,0.9845878278463341,3,23,45,4.5
Park-Unfav,Domain Adaptation (MMD),45,62,0,37,0.5,0.9881058448220674,0.9845878278463341,4,23,46,4.0
Park-Unfav,Domain Adaptation (MMD),45,63,1,28,1.0,0.675595360214299,0.9845878278463341,0,24,46,3.0
Park-Unfav,Domain Adaptation (MMD),45,64,0,176,0.5,0.9632524847824857,0.9848160555409069,1,24,47,2.5
Park-Unfav,Domain Adaptation (MMD),45,65,0,25,0.5,0.9309891167625451,0.9848160555409069,2,24,48,2.0
Park-Unfav,Domain Adaptation (MMD),45,66,0,41,0.5,0.9189166631058762,0.9848160555409069,3,24,49,1.5
Park-Unfav,Domain Adaptation (MMD),45,67,0,21,0.5,0.9272373086483723,0.9848160555409069,4,24,50,1.0
Park-Unfav,Domain Adaptation (MMD),45,68,1,44,1.0,0.5392045223121833,0.9848160555409069,0,25,50,0.0
Park-Unfav,Domain Adaptation (MMD),46,1,1,52,1.0,6.807296494270363,0.5,0,3,5,44.5
Park-Unfav,Domain Adaptation (MMD),46,2,1,252,1.0,4.067632673587804,0.5,0,4,5,43.5
Park-Unfav,Domain Adaptation (MMD),46,3,0,56,0.5,2.233450781552176,0.5,1,4,6,43.0
Park-Unfav,Domain Adaptation (MMD),46,4,0,60,0.5,1.7330211922250276,0.5,2,4,7,42.5
Park-Unfav,Domain Adaptation (MMD),46,5,0,12,0.5,1.7167427160132291,0.5,3,4,8,42.0
Park-Unfav,Domain Adaptation (MMD),46,6,1,48,1.0,1.816165796505103,0.5,0,5,8,41.0
Park-Unfav,Domain Adaptation (MMD),46,7,0,32,0.5,1.8000041141372576,0.5,1,5,9,40.5
Park-Unfav,Domain Adaptation (MMD),46,8,0,8,0.5,1.6277231280667654,0.5,2,5,10,40.0
Park-Unfav,Domain Adaptation (MMD),46,9,1,0,1.0,2.0093516514418006,0.5,0,6,10,39.0
Park-Unfav,Domain Adaptation (MMD),46,10,1,32,1.0,1.7968595294177265,0.5,0,7,10,38.0
Park-Unfav,Domain Adaptation (MMD),46,11,0,16,0.5,1.5842573623608618,0.5,1,7,11,37.5
Park-Unfav,Domain Adaptation (MMD),46,12,0,44,0.5,1.5317587399690973,0.5,2,7,12,37.0
Park-Unfav,Domain Adaptation (MMD),46,13,0,4,0.5,1.475331142324416,0.5,3,7,13,36.5
Park-Unfav,Domain Adaptation (MMD),46,14,1,16,1.0,1.5631523577600532,0.5,0,8,13,35.5
Park-Unfav,Domain Adaptation (MMD),46,15,0,40,0.5,1.446551842574335,0.5,1,8,14,35.0
Park-Unfav,Domain Adaptation (MMD),46,16,0,20,0.5,1.360828468157373,0.5,2,8,15,34.5
Park-Unfav,Domain Adaptation (MMD),46,17,0,28,0.5,1.340736917808358,0.5,3,8,16,34.0
Park-Unfav,Domain Adaptation (MMD),46,18,0,36,0.5,1.363458562549991,0.5,4,8,17,33.5
Park-Unfav,Domain Adaptation (MMD),46,19,1,112,1.0,1.1821610233430966,0.5,0,9,17,32.5
Park-Unfav,Domain Adaptation (MMD),46,20,0,24,0.5,1.2508481786249879,0.5,1,9,18,32.0
Park-Unfav,Domain Adaptation (MMD),46,21,1,36,1.0,1.052912260258879,0.5,0,10,18,31.0
Park-Unfav,Domain Adaptation (MMD),46,22,0,124,0.5,1.280537160828093,0.6839272628692665,1,10,19,30.5
Park-Unfav,Domain Adaptation (MMD),46,23,0,64,0.5,1.396505333985475,0.6839272628692665,2,10,20,30.0
Park-Unfav,Domain Adaptation (MMD),46,24,0,76,0.5,1.201984275984724,0.6839272628692665,3,10,21,29.5
Park-Unfav,Domain Adaptation (MMD),46,25,0,96,0.5,1.1246371714266057,0.6839272628692665,4,10,22,29.0
Park-Unfav,Domain Adaptation (MMD),46,26,1,56,1.0,1.0182878045714294,0.6839272628692665,0,11,22,28.0
Park-Unfav,Domain Adaptation (MMD),46,27,0,68,0.5,1.4693843207004356,0.925717495691673,1,11,23,27.5
Park-Unfav,Domain Adaptation (MMD),46,28,0,108,0.5,1.3968541830218497,0.925717495691673,2,11,24,27.0
Park-Unfav,Domain Adaptation (MMD),46,29,0,116,0.5,1.3953946493769442,0.925717495691673,3,11,25,26.5
Park-Unfav,Domain Adaptation (MMD),46,30,0,92,0.5,1.345113329079361,0.925717495691673,4,11,26,26.0
Park-Unfav,Domain Adaptation (MMD),46,31,1,20,1.0,0.8389161228365691,0.925717495691673,0,12,26,25.0
Park-Unfav,Domain Adaptation (MMD),46,32,0,80,0.5,1.1311553665381286,0.8234655436865701,1,12,27,24.5
Park-Unfav,Domain Adaptation (MMD),46,33,0,72,0.5,1.1032709809912407,0.8234655436865701,2,12,28,24.0
Park-Unfav,Domain Adaptation (MMD),46,34,0,120,0.5,1.1016087592043062,0.8234655436865701,3,12,29,23.5
Park-Unfav,Domain Adaptation (MMD),46,35,0,100,0.5,1.0249708272047442,0.8234655436865701,4,12,30,23.0
Park-Unfav,Domain Adaptation (MMD),46,36,1,4,1.0,0.7652960795975869,0.8234655436865701,0,13,30,22.0
Park-Unfav,Domain Adaptation (MMD),46,37,1,40,1.0,0.9056272807535378,0.5664216516140933,0,14,30,21.0
Park-Unfav,Domain Adaptation (MMD),46,38,1,24,1.0,0.7918927702950604,0.6528381549661982,0,15,30,20.0
Park-Unfav,Domain Adaptation (MMD),46,39,1,60,1.0,0.8289494222973022,0.6358221119655533,0,16,30,19.0
Park-Unfav,Domain Adaptation (MMD),46,40,1,8,1.0,0.9037393957708527,0.7828165199994414,0,17,30,18.0
Park-Unfav,Domain Adaptation (MMD),46,41,1,44,1.0,0.8383744255371759,0.7076865723368209,0,18,30,17.0
Park-Unfav,Domain Adaptation (MMD),46,42,0,88,0.5,0.804196372138689,0.7622962010884637,1,18,31,16.5
Park-Unfav,Domain Adaptation (MMD),46,43,0,104,0.5,0.8049402471036676,0.7622962010884637,2,18,32,16.0
Park-Unfav,Domain Adaptation (MMD),46,44,1,12,1.0,0.7900255221682698,0.7622962010884637,0,19,32,15.0
Park-Unfav,Domain Adaptation (MMD),46,45,1,28,1.0,0.8382068204865027,0.7369884326330293,0,20,32,14.0
Park-Unfav,Domain Adaptation (MMD),46,46,0,128,0.5,0.6542590665015642,0.7525380437621131,1,20,33,13.5
Park-Unfav,Domain Adaptation (MMD),46,47,0,49,0.5,0.6858141076056304,0.7525380437621131,2,20,34,13.0
Park-Unfav,Domain Adaptation (MMD),46,48,0,13,0.5,0.6587389680240926,0.7525380437621131,3,20,35,12.5
Park-Unfav,Domain Adaptation (MMD),46,49,0,1,0.5,0.6512151300633799,0.7525380437621131,4,20,36,12.0
Park-Unfav,Domain Adaptation (MMD),46,50,1,96,1.0,0.4005557443909524,0.7525380437621131,0,21,36,11.0
Park-Unfav,Domain Adaptation (MMD),46,51,0,33,0.5,0.7590750252166858,0.9999999999999779,1,21,37,10.5
Park-Unfav,Domain Adaptation (MMD),46,52,0,5,0.5,0.742487924041656,0.9999999999999779,2,21,38,10.0
Park-Unfav,Domain Adaptation (MMD),46,53,0,61,0.5,0.7268212666791505,0.9999999999999779,3,21,39,9.5
Park-Unfav,Domain Adaptation (MMD),46,54,0,9,0.5,0.6847766666228244,0.9999999999999779,4,21,40,9.0
Park-Unfav,Domain Adaptation (MMD),46,55,1,64,1.0,0.3536415725954659,0.9999999999999779,0,22,40,8.0
Park-Unfav,Domain Adaptation (MMD),46,56,0,17,0.5,0.6913311097483122,0.9999999999999883,1,22,41,7.5
Park-Unfav,Domain Adaptation (MMD),46,57,0,57,0.5,0.6568536680508856,0.9999999999999883,2,22,42,7.0
Park-Unfav,Domain Adaptation (MMD),46,58,0,176,0.5,0.6561551781931944,0.9999999999999883,3,22,43,6.5
Park-Unfav,Domain Adaptation (MMD),46,59,0,53,0.5,0.632936229765707,0.9999999999999883,4,22,44,6.0
Park-Unfav,Domain Adaptation (MMD),46,60,1,80,1.0,0.38961434618387375,0.9999999999999883,0,23,44,5.0
Park-Unfav,Domain Adaptation (MMD),46,61,0,45,0.5,0.5627407976740215,0.9999999999999917,1,23,45,4.5
Park-Unfav,Domain Adaptation (MMD),46,62,0,140,0.5,0.5683391280422199,0.9999999999999917,2,23,46,4.0
Park-Unfav,Domain Adaptation (MMD),46,63,0,21,0.5,0.5657522013518388,0.9999999999999917,3,23,47,3.5
Park-Unfav,Domain Adaptation (MMD),46,64,0,29,0.5,0.5281324925974812,0.9999999999999917,4,23,48,3.0
Park-Unfav,Domain Adaptation (MMD),46,65,1,116,1.0,0.28532768419194093,0.9999999999999917,0,24,48,2.0
Park-Unfav,Domain Adaptation (MMD),46,66,0,37,0.5,0.4862969165125975,0.985072612083657,1,24,49,1.5
Park-Unfav,Domain Adaptation (MMD),46,67,0,41,0.5,0.47763452497080844,0.985072612083657,2,24,50,1.0
Park-Unfav,Domain Adaptation (MMD),46,68,0,25,0.5,0.47728163684051433,0.985072612083657,3,24,51,0.5
Park-Unfav,Domain Adaptation (MMD),46,69,0,188,0.5,0.4294679870822812,0.985072612083657,4,24,52,0.0
Park-Unfav,Domain Adaptation (MMD),47,1,1,240,1.0,7.116924545384654,0.5,0,3,5,44.5
Park-Unfav,Domain Adaptation (MMD),47,2,1,192,1.0,2.6252112441450235,0.5,0,4,5,43.5
Park-Unfav,Domain Adaptation (MMD),47,3,0,24,0.5,2.5412374175244,0.5,1,4,6,43.0
Park-Unfav,Domain Adaptation (MMD),47,4,0,2,0.5,2.1817239142388165,0.5,2,4,7,42.5
Park-Unfav,Domain Adaptation (MMD),47,5,1,195,1.0,2.108805849998234,0.5,0,5,7,41.5
Park-Unfav,Domain Adaptation (MMD),47,6,1,252,1.0,2.640096579259652,0.5,0,6,7,40.5
Park-Unfav,Domain Adaptation (MMD),47,7,0,52,0.5,1.9348705530390171,0.5,1,6,8,40.0
Park-Unfav,Domain Adaptation (MMD),47,8,1,176,1.0,2.110907853274232,0.5,0,7,8,39.0
Park-Unfav,Domain Adaptation (MMD),47,9,0,12,0.5,1.9288060835597158,0.5,1,7,9,38.5
Park-Unfav,Domain Adaptation (MMD),47,10,0,16,0.5,1.8975405835595203,0.5,2,7,10,38.0
Park-Unfav,Domain Adaptation (MMD),47,11,1,48,1.0,2.031697604784465,0.5,0,8,10,37.0
Park-Unfav,Domain Adaptation (MMD),47,12,0,60,0.5,1.8227230963841095,0.5,1,8,11,36.5
Park-Unfav,Domain Adaptation (MMD),47,13,0,8,0.5,1.7866139794039988,0.5,2,8,12,36.0
Park-Unfav,Domain Adaptation (MMD),47,14,0,20,0.5,1.7908935753828132,0.5,3,8,13,35.5
Park-Unfav,Domain Adaptation (MMD),47,15,0,44,0.5,1.767455726229011,0.5,4,8,14,35.0
Park-Unfav,Domain Adaptation (MMD),47,16,1,0,1.0,1.9876797287355212,0.5,0,9,14,34.0
Park-Unfav,Domain Adaptation (MMD),47,17,0,36,0.5,1.7099668527281242,0.5,1,9,15,33.5
Park-Unfav,Domain Adaptation (MMD),47,18,1,32,1.0,1.7881201295908258,0.5,0,10,15,32.5
Park-Unfav,Domain Adaptation (MMD),47,19,0,56,0.5,1.6335119547529697,0.5,1,10,16,32.0
Park-Unfav,Domain Adaptation (MMD),47,20,0,4,0.5,1.6110776722912075,0.5,2,10,17,31.5
Park-Unfav,Domain Adaptation (MMD),47,21,1,16,1.0,1.6111735426852138,0.5,0,11,17,30.5
Park-Unfav,Domain Adaptation (MMD),47,22,0,40,0.5,1.5446551727430518,0.5,1,11,18,30.0
Park-Unfav,Domain Adaptation (MMD),47,23,0,28,0.5,1.5554174397949876,0.5,2,11,19,29.5
Park-Unfav,Domain Adaptation (MMD),47,24,1,64,1.0,1.3557916949493545,0.5,0,12,19,28.5
Park-Unfav,Domain Adaptation (MMD),47,25,1,112,1.0,1.2958032842454275,0.5,0,13,19,27.5
Park-Unfav,Domain Adaptation (MMD),47,26,0,76,0.5,1.2022669524628187,0.5,1,13,20,27.0
Park-Unfav,Domain Adaptation (MMD),47,27,0,116,0.5,1.1598002738780702,0.5,2,13,21,26.5
Park-Unfav,Domain Adaptation (MMD),47,28,0,124,0.5,1.196901735108155,0.5,3,13,22,26.0
Park-Unfav,Domain Adaptation (MMD),47,29,0,120,0.5,1.0764816879926316,0.5,4,13,23,25.5
Park-Unfav,Domain Adaptation (MMD),47,30,1,36,1.0,0.9680496091606743,0.5,0,14,23,24.5
Park-Unfav,Domain Adaptation (MMD),47,31,1,96,1.0,1.0928512427702677,0.5,0,15,23,23.5
Park-Unfav,Domain Adaptation (MMD),47,32,0,100,0.5,1.0157656264782418,0.5,1,15,24,23.0
Park-Unfav,Domain Adaptation (MMD),47,33,0,68,0.5,1.0219893053033244,0.5,2,15,25,22.5
Park-Unfav,Domain Adaptation (MMD),47,34,1,52,1.0,1.0993498031119207,0.5,0,16,25,21.5
Park-Unfav,Domain Adaptation (MMD),47,35,0,108,0.5,1.7958165993125363,0.9401607871585835,1,16,26,21.0
Park-Unfav,Domain Adaptation (MMD),47,36,0,84,0.5,1.7748239482672836,0.9401607871585835,2,16,27,20.5
Park-Unfav,Domain Adaptation (MMD),47,37,0,92,0.5,1.6884470807181007,0.9401607871585835,3,16,28,20.0
Park-Unfav,Domain Adaptation (MMD),47,38,0,104,0.5,1.6512827844254654,0.9401607871585835,4,16,29,19.5
Park-Unfav,Domain Adaptation (MMD),47,39,1,80,1.0,0.8622942759392448,0.9401607871585835,0,17,29,18.5
Park-Unfav,Domain Adaptation (MMD),47,40,0,72,0.5,1.71409052236561,0.999999999999999,1,17,30,18.0
Park-Unfav,Domain Adaptation (MMD),47,41,0,88,0.5,1.6161106397186604,0.999999999999999,2,17,31,17.5
Park-Unfav,Domain Adaptation (MMD),47,42,0,49,0.5,1.4950881908002847,0.999999999999999,3,17,32,17.0
Park-Unfav,Domain Adaptation (MMD),47,43,0,13,0.5,1.4934816552879193,0.999999999999999,4,17,33,16.5
Park-Unfav,Domain Adaptation (MMD),47,44,1,20,1.0,0.774686230903283,0.999999999999999,0,18,33,15.5
Park-Unfav,Domain Adaptation (MMD),47,45,0,61,0.5,1.4065050049398238,0.999999999999999,1,18,34,15.0
Park-Unfav,Domain Adaptation (MMD),47,46,0,128,0.5,1.2848639213045165,0.999999999999999,2,18,35,14.5
Park-Unfav,Domain Adaptation (MMD),47,47,0,53,0.5,1.2661966466843233,0.999999999999999,3,18,36,14.0
Park-Unfav,Domain Adaptation (MMD),47,48,0,1,0.5,1.2790104866189471,0.999999999999999,4,18,37,13.5
Park-Unfav,Domain Adaptation (MMD),47,49,1,4,1.0,0.7552053546803992,0.999999999999999,0,19,37,12.5
Park-Unfav,Domain Adaptation (MMD),47,50,0,57,0.5,1.2086818366208048,0.9999999999999991,1,19,38,12.0
Park-Unfav,Domain Adaptation (MMD),47,51,0,160,0.5,1.1563979596273917,0.9999999999999991,2,19,39,11.5
Park-Unfav,Domain Adaptation (MMD),47,52,0,5,0.5,1.1711933970777266,0.9999999999999991,3,19,40,11.0
Park-Unfav,Domain Adaptation (MMD),47,53,0,33,0.5,1.1047213894421133,0.9999999999999991,4,19,41,10.5
Park-Unfav,Domain Adaptation (MMD),47,54,1,40,1.0,0.7198329964561389,0.9999999999999991,0,20,41,9.5
Park-Unfav,Domain Adaptation (MMD),47,55,0,29,0.5,1.0559797525741608,0.9999999999999968,1,20,42,9.0
Park-Unfav,Domain Adaptation (MMD),47,56,0,45,0.5,1.0517266981854414,0.9999999999999968,2,20,43,8.5
Park-Unfav,Domain Adaptation (MMD),47,57,0,17,0.5,1.0700610688576135,0.9999999999999968,3,20,44,8.0
Park-Unfav,Domain Adaptation (MMD),47,58,0,9,0.5,1.0348462086806605,0.9999999999999968,4,20,45,7.5
Park-Unfav,Domain Adaptation (MMD),47,59,1,56,1.0,0.6323519359295415,0.9999999999999968,0,21,45,6.5
Park-Unfav,Domain Adaptation (MMD),47,60,0,188,0.5,1.0549663183246691,0.9999999999999954,1,21,46,6.0
Park-Unfav,Domain Adaptation (MMD),47,61,0,41,0.5,0.9213063432498401,0.9999999999999954,2,21,47,5.5
Park-Unfav,Domain Adaptation (MMD),47,62,0,37,0.5,0.9346526717477723,0.9999999999999954,3,21,48,5.0
Park-Unfav,Domain Adaptation (MMD),47,63,0,25,0.5,0.8902961215543987,0.9999999999999954,4,21,49,4.5
Park-Unfav,Domain Adaptation (MMD),47,64,1,24,1.0,0.4711721654121278,0.9999999999999954,0,22,49,3.5
Park-Unfav,Domain Adaptation (MMD),47,65,0,21,0.5,0.8923581809147902,0.9999999999999944,1,22,50,3.0
Park-Unfav,Domain Adaptation (MMD),47,66,0,180,0.5,0.8432600207084605,0.9999999999999944,2,22,51,2.5
Park-Unfav,Domain Adaptation (MMD),47,67,0,172,0.5,0.8355458571677853,0.9999999999999944,3,22,52,2.0
Park-Unfav,Domain Adaptation (MMD),47,68,0,140,0.5,0.7771195496566925,0.9999999999999944,4,22,53,1.5
Park-Unfav,Domain Adaptation (MMD),47,69,1,8,1.0,0.6208121723425226,0.9999999999999944,0,23,53,0.5
Park-Unfav,Domain Adaptation (MMD),47,70,0,132,0.5,0.710174783641721,0.9999999999999936,1,23,54,0.0
Park-Unfav,Domain Adaptation (MMD),48,1,1,0,1.0,8.112676180622785,0.5,0,3,5,44.5
Park-Unfav,Domain Adaptation (MMD),48,2,0,60,0.5,2.764818571313513,0.5,1,3,6,44.0
Park-Unfav,Domain Adaptation (MMD),48,3,0,48,0.5,2.509506961268877,0.5,2,3,7,43.5
Park-Unfav,Domain Adaptation (MMD),48,4,1,12,1.0,2.873030707683939,0.5,0,4,7,42.5
Park-Unfav,Domain Adaptation (MMD),48,5,0,4,0.5,2.0321727446304267,0.5,1,4,8,42.0
Park-Unfav,Domain Adaptation (MMD),48,6,1,56,1.0,2.3885019257818105,0.5,0,5,8,41.0
Park-Unfav,Domain Adaptation (MMD),48,7,1,4,1.0,1.8356377446772794,0.5,0,6,8,40.0
Park-Unfav,Domain Adaptation (MMD),48,8,1,44,1.0,1.9287396392521095,0.5,0,7,8,39.0
Park-Unfav,Domain Adaptation (MMD),48,9,0,36,0.5,1.7976166545351462,0.5,1,7,9,38.5
Park-Unfav,Domain Adaptation (MMD),48,10,1,48,1.0,1.9811442263874206,0.5,0,8,9,37.5
Park-Unfav,Domain Adaptation (MMD),48,11,0,8,0.5,1.6073463571967614,0.5,1,8,10,37.0
Park-Unfav,Domain Adaptation (MMD),48,12,0,40,0.5,1.5831166971273904,0.5,2,8,11,36.5
Park-Unfav,Domain Adaptation (MMD),48,13,1,32,1.0,1.5581126317423746,0.5,0,9,11,35.5
Park-Unfav,Domain Adaptation (MMD),48,14,1,8,1.0,1.554250203937456,0.5,0,10,11,34.5
Park-Unfav,Domain Adaptation (MMD),48,15,1,24,1.0,1.505451867237626,0.42239207601809997,0,11,11,33.5
Park-Unfav,Domain Adaptation (MMD),48,16,1,60,1.0,1.548199569699684,0.42239207601809997,0,12,11,32.5
Park-Unfav,Domain Adaptation (MMD),48,17,0,16,0.5,1.4945507939658136,0.504976210023351,1,12,12,32.0
Park-Unfav,Domain Adaptation (MMD),48,18,1,20,1.0,1.4105515686369585,0.504976210023351,0,13,12,31.0
Park-Unfav,Domain Adaptation (MMD),48,19,1,16,1.0,1.3771939880576458,0.504976210023351,0,14,12,30.0
Park-Unfav,Domain Adaptation (MMD),48,20,0,28,0.5,1.4936156105745797,0.5652956169705842,1,14,13,29.5
Park-Unfav,Domain Adaptation (MMD),48,21,0,52,0.5,1.4359637994042804,0.5652956169705842,2,14,14,29.0
Park-Unfav,Domain Adaptation (MMD),48,22,1,40,1.0,1.2942614076969114,0.5652956169705842,0,15,14,28.0
Park-Unfav,Domain Adaptation (MMD),48,23,0,124,0.5,1.271957461009802,0.5965417315433148,1,15,15,27.5
Park-Unfav,Domain Adaptation (MMD),48,24,1,36,1.0,1.2255933821925695,0.5965417315433148,0,16,15,26.5
Park-Unfav,Domain Adaptation (MMD),48,25,1,52,1.0,1.197502970001247,0.5843877978125318,0,17,15,25.5
Park-Unfav,Domain Adaptation (MMD),48,26,1,28,1.0,1.1041027535332197,0.5425193968928499,0,18,15,24.5
Park-Unfav,Domain Adaptation (MMD),48,27,0,72,0.5,0.9954949542206214,0.592374823821605,1,18,16,24.0
Park-Unfav,Domain Adaptation (MMD),48,28,0,112,0.5,1.0070066679243033,0.592374823821605,2,18,17,23.5
Park-Unfav,Domain Adaptation (MMD),48,29,0,64,0.5,0.9134938077586774,0.592374823821605,3,18,18,23.0
Park-Unfav,Domain Adaptation (MMD),48,30,0,108,0.5,0.8759061632105174,0.592374823821605,4,18,19,22.5
Park-Unfav,Domain Adaptation (MMD),48,31,1,64,1.0,0.33332256071533073,0.592374823821605,0,19,19,21.5
Park-Unfav,Domain Adaptation (MMD),48,32,0,120,0.5,1.4381671084205128,0.9999999999999839,1,19,20,21.0
Park-Unfav,Domain Adaptation (MMD),48,33,0,76,0.5,1.4808053161372914,0.9999999999999839,2,19,21,20.5
Park-Unfav,Domain Adaptation (MMD),48,34,0,68,0.5,1.32140277168864,0.9999999999999839,3,19,22,20.0
Park-Unfav,Domain Adaptation (MMD),48,35,0,92,0.5,1.2952191135424878,0.9999999999999839,4,19,23,19.5
Park-Unfav,Domain Adaptation (MMD),48,36,1,112,1.0,0.28617565287650787,0.9999999999999839,0,20,23,18.5
Park-Unfav,Domain Adaptation (MMD),48,37,0,116,0.5,1.2183283203559008,0.9999999999999911,1,20,24,18.0
Park-Unfav,Domain Adaptation (MMD),48,38,0,80,0.5,1.1899003618674469,0.9999999999999911,2,20,25,17.5
Park-Unfav,Domain Adaptation (MMD),48,39,0,96,0.5,1.151641501285048,0.9999999999999911,3,20,26,17.0
Park-Unfav,Domain Adaptation (MMD),48,40,0,104,0.5,1.0986248460957366,0.9999999999999911,4,20,27,16.5
Park-Unfav,Domain Adaptation (MMD),48,41,1,80,1.0,0.22816115473280774,0.9999999999999911,0,21,27,15.5
Park-Unfav,Domain Adaptation (MMD),48,42,0,100,0.5,1.0635522897393261,0.9999999999999934,1,21,28,15.0
Park-Unfav,Domain Adaptation (MMD),48,43,0,88,0.5,1.0430855649846669,0.9999999999999934,2,21,29,14.5
Park-Unfav,Domain Adaptation (MMD),48,44,0,84,0.5,1.0145458648206374,0.9999999999999934,3,21,30,14.0
Park-Unfav,Domain Adaptation (MMD),48,45,0,1,0.5,0.9757581619261232,0.9999999999999934,4,21,31,13.5
Park-Unfav,Domain Adaptation (MMD),48,46,1,68,1.0,0.27926757946727165,0.9999999999999934,0,22,31,12.5
Park-Unfav,Domain Adaptation (MMD),48,47,0,13,0.5,0.8782323662524734,0.9835492099151671,1,22,32,12.0
Park-Unfav,Domain Adaptation (MMD),48,48,0,5,0.5,0.7848937482508445,0.9835492099151671,2,22,33,11.5
Park-Unfav,Domain Adaptation (MMD),48,49,0,61,0.5,0.8289266197777727,0.9835492099151671,3,22,34,11.0
Park-Unfav,Domain Adaptation (MMD),48,50,0,188,0.5,0.7078655557811917,0.9835492099151671,4,22,35,10.5
Park-Unfav,Domain Adaptation (MMD),48,51,1,96,1.0,0.27269628646658417,0.9835492099151671,0,23,35,9.5
Park-Unfav,Domain Adaptation (MMD),48,52,0,45,0.5,0.6719543182875375,0.9843158785727888,1,23,36,9.0
Park-Unfav,Domain Adaptation (MMD),48,53,0,176,0.5,0.6640815510321143,0.9843158785727888,2,23,37,8.5
Park-Unfav,Domain Adaptation (MMD),48,54,0,29,0.5,0.673778185404211,0.9843158785727888,3,23,38,8.0
Park-Unfav,Domain Adaptation (MMD),48,55,0,140,0.5,0.6173933554962807,0.9843158785727888,4,23,39,7.5
Park-Unfav,Domain Adaptation (MMD),48,56,1,116,1.0,0.2804494075886695,0.9843158785727888,0,24,39,6.5
Park-Unfav,Domain Adaptation (MMD),48,57,0,9,0.5,0.5930521233126403,0.9789209740480549,1,24,40,6.0
Park-Unfav,Domain Adaptation (MMD),48,58,0,49,0.5,0.6966631282823367,0.9789209740480549,2,24,41,5.5
Park-Unfav,Domain Adaptation (MMD),48,59,0,33,0.5,0.6151251448395353,0.9789209740480549,3,24,42,5.0
Park-Unfav,Domain Adaptation (MMD),48,60,0,17,0.5,0.5795913835864237,0.9789209740480549,4,24,43,4.5
Park-Unfav,Domain Adaptation (MMD),48,61,1,100,1.0,0.20208436399148128,0.9789209740480549,0,25,43,3.5
Park-Unfav,Domain Adaptation (MMD),48,62,0,57,0.5,0.46398276440948866,0.9768381071865497,1,25,44,3.0
Park-Unfav,Domain Adaptation (MMD),48,63,0,25,0.5,0.4962807061915266,0.9768381071865497,2,25,45,2.5
Park-Unfav,Domain Adaptation (MMD),48,64,0,53,0.5,0.4961156855498618,0.9768381071865497,3,25,46,2.0
Park-Unfav,Domain Adaptation (MMD),48,65,0,21,0.5,0.4749123708609599,0.9768381071865497,4,25,47,1.5
Park-Unfav,Domain Adaptation (MMD),48,66,1,84,1.0,0.20071203477263289,0.9768381071865497,0,26,47,0.5
Park-Unfav,Domain Adaptation (MMD),48,67,0,41,0.5,0.4712288403231775,0.9760570297916525,1,26,48,0.0
Park-Unfav,Domain Adaptation (MMD),49,1,1,108,1.0,7.054130878922907,0.5,0,3,5,44.5
Park-Unfav,Domain Adaptation (MMD),49,2,1,253,1.0,2.5903351643483252,0.5,0,4,5,43.5
Park-Unfav,Domain Adaptation (MMD),49,3,1,13,1.0,4.485888360700638,0.5,0,5,5,42.5
Park-Unfav,Domain Adaptation (MMD),49,4,1,0,1.0,3.8031738174293963,0.5,0,6,5,41.5
Park-Unfav,Domain Adaptation (MMD),49,5,0,16,0.5,2.536609578643307,0.5,1,6,6,41.0
Park-Unfav,Domain Adaptation (MMD),49,6,0,4,0.5,2.087117882987681,0.5,2,6,7,40.5
Park-Unfav,Domain Adaptation (MMD),49,7,1,32,1.0,2.0993495836805542,0.5,0,7,7,39.5
Park-Unfav,Domain Adaptation (MMD),49,8,0,60,0.5,1.8310692448424786,0.5,1,7,8,39.0
Park-Unfav,Domain Adaptation (MMD),49,9,1,16,1.0,1.8873321230083493,0.5,0,8,8,38.0
Park-Unfav,Domain Adaptation (MMD),49,10,0,12,0.5,1.9483021701048964,0.5,1,8,9,37.5
Park-Unfav,Domain Adaptation (MMD),49,11,0,40,0.5,1.788112599127015,0.5,2,8,10,37.0
Park-Unfav,Domain Adaptation (MMD),49,12,0,48,0.5,1.8089449104248638,0.5,3,8,11,36.5
Park-Unfav,Domain Adaptation (MMD),49,13,0,28,0.5,1.7525880096586408,0.5,4,8,12,36.0
Park-Unfav,Domain Adaptation (MMD),49,14,1,48,1.0,2.1078120322609446,0.5,0,9,12,35.0
Park-Unfav,Domain Adaptation (MMD),49,15,0,56,0.5,1.6584193309886635,0.5,1,9,13,34.5
Park-Unfav,Domain Adaptation (MMD),49,16,0,20,0.5,1.6507471895704893,0.5,2,9,14,34.0
Park-Unfav,Domain Adaptation (MMD),49,17,0,44,0.5,1.5935692077940655,0.5,3,9,15,33.5
Park-Unfav,Domain Adaptation (MMD),49,18,1,36,1.0,1.5591946160939707,0.5,0,10,15,32.5
Park-Unfav,Domain Adaptation (MMD),49,19,0,8,0.5,1.5519026472729645,0.5,1,10,16,32.0
Park-Unfav,Domain Adaptation (MMD),49,20,0,52,0.5,1.5374316173596478,0.5,2,10,17,31.5
Park-Unfav,Domain Adaptation (MMD),49,21,0,24,0.5,1.4909587142874419,0.5,3,10,18,31.0
Park-Unfav,Domain Adaptation (MMD),49,22,1,52,1.0,1.4709031094256606,0.5,0,11,18,30.0
Park-Unfav,Domain Adaptation (MMD),49,23,0,64,0.5,1.417420624039774,0.620614660040473,1,11,19,29.5
Park-Unfav,Domain Adaptation (MMD),49,24,0,124,0.5,1.3741483121525981,0.620614660040473,2,11,20,29.0
Park-Unfav,Domain Adaptation (MMD),49,25,1,56,1.0,1.4212970138726053,0.620614660040473,0,12,20,28.0
Park-Unfav,Domain Adaptation (MMD),49,26,0,112,0.5,1.5910043290027562,0.7638321529363302,1,12,21,27.5
Park-Unfav,Domain Adaptation (MMD),49,27,0,76,0.5,1.510412166236135,0.7638321529363302,2,12,22,27.0
Park-Unfav,Domain Adaptation (MMD),49,28,0,96,0.5,1.4976357553691835,0.7638321529363302,3,12,23,26.5
Park-Unfav,Domain Adaptation (MMD),49,29,0,80,0.5,1.430089156668657,0.7638321529363302,4,12,24,26.0
Park-Unfav,Domain Adaptation (MMD),49,30,1,20,1.0,1.3487159721072253,0.7638321529363302,0,13,24,25.0
Park-Unfav,Domain Adaptation (MMD),49,31,1,4,1.0,1.2226464982165248,0.6256656345338225,0,14,24,24.0
Park-Unfav,Domain Adaptation (MMD),49,32,1,40,1.0,0.9958248156645488,0.4174989597010632,0,15,24,23.0
Park-Unfav,Domain Adaptation (MMD),49,33,1,60,1.0,1.0530868898243713,0.49625364119305787,0,16,24,22.0
Park-Unfav,Domain Adaptation (MMD),49,34,0,72,0.5,1.1767842301693716,0.6904123031247835,1,16,25,21.5
Park-Unfav,Domain Adaptation (MMD),49,35,0,68,0.5,1.16065516465594,0.6904123031247835,2,16,26,21.0
Park-Unfav,Domain Adaptation (MMD),49,36,0,120,0.5,1.129168578996987,0.6904123031247835,3,16,27,20.5
Park-Unfav,Domain Adaptation (MMD),49,37,1,24,1.0,1.1493887901936344,0.6904123031247835,0,17,27,19.5
Park-Unfav,Domain Adaptation (MMD),49,38,0,116,0.5,1.0419092995033166,0.6617101656218346,1,17,28,19.0
Park-Unfav,Domain Adaptation (MMD),49,39,0,92,0.5,1.0498456407577779,0.6617101656218346,2,17,29,18.5
Park-Unfav,Domain Adaptation (MMD),49,40,0,88,0.5,0.9694518149575118,0.6617101656218346,3,17,30,18.0
Park-Unfav,Domain Adaptation (MMD),49,41,1,44,1.0,0.9767453810951273,0.6617101656218346,0,18,30,17.0
Park-Unfav,Domain Adaptation (MMD),49,42,0,84,0.5,1.0344761751924716,0.7140675697006662,1,18,31,16.5
Park-Unfav,Domain Adaptation (MMD),49,43,1,8,1.0,1.1170200108405783,0.7140675697006662,0,19,31,15.5
Park-Unfav,Domain Adaptation (MMD),49,44,0,100,0.5,0.903328509088955,0.6504125432044756,1,19,32,15.0
Park-Unfav,Domain Adaptation (MMD),49,45,1,28,1.0,1.0226936247737908,0.6504125432044756,0,20,32,14.0
Park-Unfav,Domain Adaptation (MMD),49,46,0,1,0.5,0.8524758008877054,0.6664889461967032,1,20,33,13.5
Park-Unfav,Domain Adaptation (MMD),49,47,1,12,1.0,0.9086383946232647,0.6664889461967032,0,21,33,12.5
Park-Unfav,Domain Adaptation (MMD),49,48,0,61,0.5,0.7450450362797453,0.6437373429441823,1,21,34,12.0
Park-Unfav,Domain Adaptation (MMD),49,49,0,5,0.5,0.6976450675191355,0.6437373429441823,2,21,35,11.5
Park-Unfav,Domain Adaptation (MMD),49,50,0,49,0.5,0.6986233610062771,0.6437373429441823,3,21,36,11.0
Park-Unfav,Domain Adaptation (MMD),49,51,0,33,0.5,0.7125843442585615,0.6437373429441823,4,21,37,10.5
Park-Unfav,Domain Adaptation (MMD),49,52,1,112,1.0,0.27657607428539693,0.6437373429441823,0,22,37,9.5
Park-Unfav,Domain Adaptation (MMD),49,53,0,17,0.5,0.998841780314132,0.9999999999999779,1,22,38,9.0
Park-Unfav,Domain Adaptation (MMD),49,54,0,45,0.5,0.992981746362949,0.9999999999999779,2,22,39,8.5
Park-Unfav,Domain Adaptation (MMD),49,55,0,29,0.5,0.9884596241567672,0.9999999999999779,3,22,40,8.0
Park-Unfav,Domain Adaptation (MMD),49,56,0,9,0.5,0.9240409111537795,0.9999999999999779,4,22,41,7.5
Park-Unfav,Domain Adaptation (MMD),49,57,1,96,1.0,0.2786234887505764,0.9999999999999779,0,23,41,6.5
Park-Unfav,Domain Adaptation (MMD),49,58,0,57,0.5,0.9444419751839458,0.999999999999988,1,23,42,6.0
Park-Unfav,Domain Adaptation (MMD),49,59,0,53,0.5,0.8680794629170319,0.999999999999988,2,23,43,5.5
Park-Unfav,Domain Adaptation (MMD),49,60,0,41,0.5,0.8569652850790439,0.999999999999988,3,23,44,5.0
Park-Unfav,Domain Adaptation (MMD),49,61,0,21,0.5,0.8516518957275736,0.999999999999988,4,23,45,4.5
Park-Unfav,Domain Adaptation (MMD),49,62,1,64,1.0,0.29965108776634747,0.999999999999988,0,24,45,3.5
Park-Unfav,Domain Adaptation (MMD),49,63,0,37,0.5,0.8289928559601996,0.9999999999999915,1,24,46,3.0
Park-Unfav,Domain Adaptation (MMD),49,64,0,25,0.5,0.7706689153190689,0.9999999999999915,2,24,47,2.5
Park-Unfav,Domain Adaptation (MMD),49,65,0,188,0.5,0.8124474708061116,0.9999999999999915,3,24,48,2.0
Park-Unfav,Domain Adaptation (MMD),49,66,0,128,0.5,0.734742583667824,0.9999999999999915,4,24,49,1.5
Park-Unfav,Domain Adaptation (MMD),49,67,1,80,1.0,0.3061405995590488,0.9999999999999915,0,25,49,0.5
Park-Unfav,Domain Adaptation (MMD),49,68,0,176,0.5,0.7471311320993665,0.9999999999999934,1,25,50,0.0
Park-Unfav,Domain Adaptation (MMD),50,1,1,4,1.0,6.476552068190589,0.5,0,3,5,44.5
Park-Unfav,Domain Adaptation (MMD),50,2,0,48,0.5,4.1353683599133255,0.5,1,3,6,44.0
Park-Unfav,Domain Adaptation (MMD),50,3,1,128,1.0,3.837863811894238,0.5,0,4,6,43.0
Park-Unfav,Domain Adaptation (MMD),50,4,1,48,1.0,3.389583566352097,0.5,0,5,6,42.0
Park-Unfav,Domain Adaptation (MMD),50,5,1,0,1.0,2.89001924928155,0.5,0,6,6,41.0
Park-Unfav,Domain Adaptation (MMD),50,6,1,16,1.0,2.1380444604418405,0.5,0,7,6,40.0
Park-Unfav,Domain Adaptation (MMD),50,7,0,32,0.5,2.1628536970684493,0.5,1,7,7,39.5
Park-Unfav,Domain Adaptation (MMD),50,8,1,32,1.0,1.940184743063242,0.5,0,8,7,38.5
Park-Unfav,Domain Adaptation (MMD),50,9,0,12,0.5,2.2988626586018124,0.5,1,8,8,38.0
Park-Unfav,Domain Adaptation (MMD),50,10,0,8,0.5,1.9246744089215546,0.5,2,8,9,37.5
Park-Unfav,Domain Adaptation (MMD),50,11,0,60,0.5,1.8975953383977733,0.5,3,8,10,37.0
Park-Unfav,Domain Adaptation (MMD),50,12,0,24,0.5,1.8472195726186753,0.5,4,8,11,36.5
Park-Unfav,Domain Adaptation (MMD),50,13,1,12,1.0,1.683810354971198,0.5,0,9,11,35.5
Park-Unfav,Domain Adaptation (MMD),50,14,0,52,0.5,1.720783865995028,0.5047723811870513,1,9,12,35.0
Park-Unfav,Domain Adaptation (MMD),50,15,0,20,0.5,1.6762844478158094,0.5047723811870513,2,9,13,34.5
Park-Unfav,Domain Adaptation (MMD),50,16,1,20,1.0,1.7795907029557205,0.5047723811870513,0,10,13,33.5
Park-Unfav,Domain Adaptation (MMD),50,17,1,8,1.0,1.5362535910989221,0.31455385801918173,0,11,13,32.5
Park-Unfav,Domain Adaptation (MMD),50,18,1,24,1.0,1.5033657089835373,0.1,0,12,13,31.5
Park-Unfav,Domain Adaptation (MMD),50,19,1,36,1.0,1.180196508584948,0.10365355587244422,0,13,13,30.5
Park-Unfav,Domain Adaptation (MMD),50,20,1,52,1.0,1.1861483960065549,0.10365355587244422,0,14,13,29.5
Park-Unfav,Domain Adaptation (MMD),50,21,1,40,1.0,1.385621377373362,0.1,0,15,13,28.5
Park-Unfav,Domain Adaptation (MMD),50,22,1,28,1.0,1.2362520968605664,0.1,0,16,13,27.5
Park-Unfav,Domain Adaptation (MMD),50,23,1,56,1.0,1.1389906519283954,0.1,0,17,13,26.5
Park-Unfav,Domain Adaptation (MMD),50,24,1,44,1.0,1.2423286127221083,0.1,0,18,13,25.5
Park-Unfav,Domain Adaptation (MMD),50,25,1,60,1.0,1.0264748312776728,0.1,0,19,13,24.5
Park-Unfav,Domain Adaptation (MMD),50,26,0,124,0.5,1.0320066442353162,0.4307736437799448,1,19,14,24.0
Park-Unfav,Domain Adaptation (MMD),50,27,0,64,0.5,0.9526005015200065,0.4307736437799448,2,19,15,23.5
Park-Unfav,Domain Adaptation (MMD),50,28,0,112,0.5,0.9026426423030176,0.4307736437799448,3,19,16,23.0
Park-Unfav,Domain Adaptation (MMD),50,29,0,76,0.5,0.8940126819076427,0.4307736437799448,4,19,17,22.5
Park-Unfav,Domain Adaptation (MMD),50,30,1,112,1.0,0.816890144960601,0.4307736437799448,0,20,17,21.5
Park-Unfav,Domain Adaptation (MMD),50,31,0,116,0.5,1.794326233838116,0.999999999999984,1,20,18,21.0
Park-Unfav,Domain Adaptation (MMD),50,32,0,108,0.5,1.7058827052008565,0.999999999999984,2,20,19,20.5
Park-Unfav,Domain Adaptation (MMD),50,33,0,80,0.5,1.616151266560938,0.999999999999984,3,20,20,20.0
Park-Unfav,Domain Adaptation (MMD),50,34,0,72,0.5,1.605779132986532,0.999999999999984,4,20,21,19.5
Park-Unfav,Domain Adaptation (MMD),50,35,1,64,1.0,0.6705363390609551,0.999999999999984,0,21,21,18.5
Park-Unfav,Domain Adaptation (MMD),50,36,0,92,0.5,1.5214292869107067,0.999999999999991,1,21,22,18.0
Park-Unfav,Domain Adaptation (MMD),50,37,0,96,0.5,1.4791363233874317,0.999999999999991,2,21,23,17.5
Park-Unfav,Domain Adaptation (MMD),50,38,0,120,0.5,1.4864504082178667,0.999999999999991,3,21,24,17.0
Park-Unfav,Domain Adaptation (MMD),50,39,0,68,0.5,1.378981938155617,0.999999999999991,4,21,25,16.5
Park-Unfav,Domain Adaptation (MMD),50,40,1,120,1.0,0.5915212964047969,0.999999999999991,0,22,25,15.5
Park-Unfav,Domain Adaptation (MMD),50,41,0,88,0.5,1.252638859184919,0.9384472128726373,1,22,26,15.0
Park-Unfav,Domain Adaptation (MMD),50,42,0,104,0.5,1.204533260434248,0.9384472128726373,2,22,27,14.5
Park-Unfav,Domain Adaptation (MMD),50,43,0,49,0.5,1.2157493951500455,0.9384472128726373,3,22,28,14.0
Park-Unfav,Domain Adaptation (MMD),50,44,0,100,0.5,1.1470127595802477,0.9384472128726373,4,22,29,13.5
Park-Unfav,Domain Adaptation (MMD),50,45,1,240,1.0,0.5750860393401845,0.9384472128726373,0,23,29,12.5
Park-Unfav,Domain Adaptation (MMD),50,46,0,84,0.5,1.1711126227114639,0.9384472128726373,1,23,30,12.0
Park-Unfav,Domain Adaptation (MMD),50,47,0,17,0.5,0.9813480592432005,0.9384472128726373,2,23,31,11.5
Park-Unfav,Domain Adaptation (MMD),50,48,0,33,0.5,0.9253311131337306,0.9384472128726373,3,23,32,11.0
Park-Unfav,Domain Adaptation (MMD),50,49,0,13,0.5,0.9647069107785498,0.9384472128726373,4,23,33,10.5
Park-Unfav,Domain Adaptation (MMD),50,50,1,80,1.0,0.5524890448271431,0.9384472128726373,0,24,33,9.5
Park-Unfav,Domain Adaptation (MMD),50,51,0,9,0.5,0.8663674334782391,0.9366719218737242,1,24,34,9.0
Park-Unfav,Domain Adaptation (MMD),50,52,0,5,0.5,0.8340458733252992,0.9366719218737242,2,24,35,8.5
Park-Unfav,Domain Adaptation (MMD),50,53,0,176,0.5,0.7964222325486251,0.9366719218737242,3,24,36,8.0
Park-Unfav,Domain Adaptation (MMD),50,54,0,140,0.5,0.7708756861709137,0.9366719218737242,4,24,37,7.5
Park-Unfav,Domain Adaptation (MMD),50,55,1,124,1.0,0.5354019814716968,0.9366719218737242,0,25,37,6.5
Park-Unfav,Domain Adaptation (MMD),50,56,0,29,0.5,0.7058815552821666,0.8976538471743875,1,25,38,6.0
Park-Unfav,Domain Adaptation (MMD),50,57,0,188,0.5,0.6874454654709543,0.8976538471743875,2,25,39,5.5
Park-Unfav,Domain Adaptation (MMD),50,58,0,57,0.5,0.7903071425087925,0.8976538471743875,3,25,40,5.0
Park-Unfav,Domain Adaptation (MMD),50,59,0,53,0.5,0.7084535463089054,0.8976538471743875,4,25,41,4.5
Park-Unfav,Domain Adaptation (MMD),50,60,1,96,1.0,0.4730296733932162,0.8976538471743875,0,26,41,3.5
Park-Unfav,Domain Adaptation (MMD),50,61,0,37,0.5,0.6200893158894264,0.8892028136551863,1,26,42,3.0
Park-Unfav,Domain Adaptation (MMD),50,62,0,61,0.5,0.6019945170119927,0.8892028136551863,2,26,43,2.5
Park-Unfav,Domain Adaptation (MMD),50,63,0,45,0.5,0.6005789312240197,0.8892028136551863,3,26,44,2.0
Park-Unfav,Domain Adaptation (MMD),50,64,0,21,0.5,0.6263870080249258,0.8892028136551863,4,26,45,1.5
Park-Unfav,Domain Adaptation (MMD),50,65,1,76,1.0,0.45727479631949874,0.8892028136551863,0,27,45,0.5
Park-Unfav,Domain Adaptation (MMD),50,66,0,25,0.5,0.5688802656825144,0.878968179595104,1,27,46,0.0
Park-Unfav,Domain Adaptation (MMD),51,1,1,0,1.0,8.201554185970895,0.5,0,3,5,44.5
Park-Unfav,Domain Adaptation (MMD),51,2,0,240,0.5,4.330635003368893,0.5,1,3,6,44.0
Park-Unfav,Domain Adaptation (MMD),51,3,1,192,1.0,4.541516750174518,0.5,0,4,6,43.0
Park-Unfav,Domain Adaptation (MMD),51,4,0,48,0.5,3.76691651270782,0.5,1,4,7,42.5
Park-Unfav,Domain Adaptation (MMD),51,5,1,48,1.0,3.032192111392075,0.5,0,5,7,41.5
Park-Unfav,Domain Adaptation (MMD),51,6,1,32,1.0,2.540907229188664,0.5,0,6,7,40.5
Park-Unfav,Domain Adaptation (MMD),51,7,0,4,0.5,2.595402373368521,0.5,1,6,8,40.0
Park-Unfav,Domain Adaptation (MMD),51,8,0,60,0.5,2.5041619507617425,0.5,2,6,9,39.5
Park-Unfav,Domain Adaptation (MMD),51,9,1,12,1.0,2.997374603482851,0.5,0,7,9,38.5
Park-Unfav,Domain Adaptation (MMD),51,10,1,16,1.0,2.37239857444772,0.5,0,8,9,37.5
Park-Unfav,Domain Adaptation (MMD),51,11,1,4,1.0,2.4598363164998274,0.5,0,9,9,36.5
Park-Unfav,Domain Adaptation (MMD),51,12,1,8,1.0,2.18046212195821,0.5,0,10,9,35.5
Park-Unfav,Domain Adaptation (MMD),51,13,0,28,0.5,2.2309676692339733,0.5,1,10,10,35.0
Park-Unfav,Domain Adaptation (MMD),51,14,0,36,0.5,2.115128856102232,0.5,2,10,11,34.5
Park-Unfav,Domain Adaptation (MMD),51,15,0,44,0.5,1.957626502930614,0.5,3,10,12,34.0
Park-Unfav,Domain Adaptation (MMD),51,16,0,52,0.5,1.9632076462198782,0.5,4,10,13,33.5
Park-Unfav,Domain Adaptation (MMD),51,17,1,20,1.0,1.8623114535972487,0.5,0,11,13,32.5
Park-Unfav,Domain Adaptation (MMD),51,18,1,28,1.0,1.9058661292620018,0.5,0,12,13,31.5
Park-Unfav,Domain Adaptation (MMD),51,19,1,24,1.0,1.588854895252493,0.42525930923236255,0,13,13,30.5
Park-Unfav,Domain Adaptation (MMD),51,20,1,36,1.0,1.5684345684355097,0.42525930923236255,0,14,13,29.5
Park-Unfav,Domain Adaptation (MMD),51,21,1,40,1.0,1.6571261545135982,0.4071545167672236,0,15,13,28.5
Park-Unfav,Domain Adaptation (MMD),51,22,1,52,1.0,1.4123956263924087,0.4071545167672236,0,16,13,27.5
Park-Unfav,Domain Adaptation (MMD),51,23,1,44,1.0,1.3381759476637143,0.3533322217614627,0,17,13,26.5
Park-Unfav,Domain Adaptation (MMD),51,24,0,56,0.5,1.7818831809959454,0.5470448747775797,1,17,14,26.0
Park-Unfav,Domain Adaptation (MMD),51,25,0,76,0.5,1.532052383571922,0.5470448747775797,2,17,15,25.5
Park-Unfav,Domain Adaptation (MMD),51,26,0,124,0.5,1.495868774591031,0.5470448747775797,3,17,16,25.0
Park-Unfav,Domain Adaptation (MMD),51,27,0,64,0.5,1.5247430162854316,0.5470448747775797,4,17,17,24.5
Park-Unfav,Domain Adaptation (MMD),51,28,1,56,1.0,1.1500236068809524,0.5470448747775797,0,18,17,23.5
Park-Unfav,Domain Adaptation (MMD),51,29,0,68,0.5,1.3305088275749106,0.5652918277514262,1,18,18,23.0
Park-Unfav,Domain Adaptation (MMD),51,30,0,112,0.5,1.3664064472162432,0.5652918277514262,2,18,19,22.5
Park-Unfav,Domain Adaptation (MMD),51,31,1,60,1.0,1.343383950359314,0.5652918277514262,0,19,19,21.5
Park-Unfav,Domain Adaptation (MMD),51,32,0,80,0.5,1.4346503641723465,0.6530307773756535,1,19,20,21.0
Park-Unfav,Domain Adaptation (MMD),51,33,0,108,0.5,1.375675956172659,0.6530307773756535,2,19,21,20.5
Park-Unfav,Domain Adaptation (MMD),51,34,0,72,0.5,1.3537598039698815,0.6530307773756535,3,19,22,20.0
Park-Unfav,Domain Adaptation (MMD),51,35,0,92,0.5,1.3309245589322067,0.6530307773756535,4,19,23,19.5
Park-Unfav,Domain Adaptation (MMD),51,36,1,64,1.0,0.8868311238270561,0.6530307773756535,0,20,23,18.5
Park-Unfav,Domain Adaptation (MMD),51,37,0,84,0.5,1.9175837155507636,0.9999999999999842,1,20,24,18.0
Park-Unfav,Domain Adaptation (MMD),51,38,0,116,0.5,1.921274374846425,0.9999999999999842,2,20,25,17.5
Park-Unfav,Domain Adaptation (MMD),51,39,0,120,0.5,1.8456072281891729,0.9999999999999842,3,20,26,17.0
Park-Unfav,Domain Adaptation (MMD),51,40,0,96,0.5,1.8115976603761486,0.9999999999999842,4,20,27,16.5
Park-Unfav,Domain Adaptation (MMD),51,41,1,68,1.0,0.7498054946151418,0.9999999999999842,0,21,27,15.5
Park-Unfav,Domain Adaptation (MMD),51,42,0,104,0.5,1.7049515647445666,0.9839613325493114,1,21,28,15.0
Park-Unfav,Domain Adaptation (MMD),51,43,0,88,0.5,1.6899047551442687,0.9839613325493114,2,21,29,14.5
Park-Unfav,Domain Adaptation (MMD),51,44,0,100,0.5,1.6371234397081345,0.9839613325493114,3,21,30,14.0
Park-Unfav,Domain Adaptation (MMD),51,45,0,49,0.5,1.5575919804268212,0.9839613325493114,4,21,31,13.5
Park-Unfav,Domain Adaptation (MMD),51,46,1,72,1.0,0.664757950739022,0.9839613325493114,0,22,31,12.5
Park-Unfav,Domain Adaptation (MMD),51,47,0,13,0.5,1.4218197565843766,0.9603955235204383,1,22,32,12.0
Park-Unfav,Domain Adaptation (MMD),51,48,0,1,0.5,1.421523389660191,0.9603955235204383,2,22,33,11.5
Park-Unfav,Domain Adaptation (MMD),51,49,0,61,0.5,1.2946501671412174,0.9603955235204383,3,22,34,11.0
Park-Unfav,Domain Adaptation (MMD),51,50,0,140,0.5,1.2355569779005489,0.9603955235204383,4,22,35,10.5
Park-Unfav,Domain Adaptation (MMD),51,51,1,80,1.0,0.587242612165593,0.9603955235204383,0,23,35,9.5
Park-Unfav,Domain Adaptation (MMD),51,52,0,33,0.5,1.1587555946036512,0.9498907166994824,1,23,36,9.0
Park-Unfav,Domain Adaptation (MMD),51,53,0,57,0.5,1.156746761364261,0.9498907166994824,2,23,37,8.5
Park-Unfav,Domain Adaptation (MMD),51,54,0,29,0.5,1.1241750797797931,0.9498907166994824,3,23,38,8.0
Park-Unfav,Domain Adaptation (MMD),51,55,0,9,0.5,1.101959212519168,0.9498907166994824,4,23,39,7.5
Park-Unfav,Domain Adaptation (MMD),51,56,1,112,1.0,0.7685178877133321,0.9498907166994824,0,24,39,6.5
Park-Unfav,Domain Adaptation (MMD),51,57,0,5,0.5,1.0827164948187529,0.9451100876725064,1,24,40,6.0
Park-Unfav,Domain Adaptation (MMD),51,58,0,188,0.5,1.0414208385649488,0.9451100876725064,2,24,41,5.5
Park-Unfav,Domain Adaptation (MMD),51,59,0,17,0.5,0.9971669906759283,0.9451100876725064,3,24,42,5.0
Park-Unfav,Domain Adaptation (MMD),51,60,0,53,0.5,1.0160958818887547,0.9451100876725064,4,24,43,4.5
Park-Unfav,Domain Adaptation (MMD),51,61,1,96,1.0,0.6170407189108806,0.9451100876725064,0,25,43,3.5
Park-Unfav,Domain Adaptation (MMD),51,62,0,45,0.5,0.9574269045649366,0.9427814027686401,1,25,44,3.0
Park-Unfav,Domain Adaptation (MMD),51,63,0,25,0.5,0.9160373755451299,0.9427814027686401,2,25,45,2.5
Park-Unfav,Domain Adaptation (MMD),51,64,0,37,0.5,0.9083409490905755,0.9427814027686401,3,25,46,2.0
Park-Unfav,Domain Adaptation (MMD),51,65,0,41,0.5,0.8858217393372079,0.9427814027686401,4,25,47,1.5
Park-Unfav,Domain Adaptation (MMD),51,66,1,84,1.0,0.48379146743036816,0.9427814027686401,0,26,47,0.5
Park-Unfav,Domain Adaptation (MMD),51,67,0,21,0.5,0.887845508002933,0.9470247333961725,1,26,48,0.0
Park-Unfav,Domain Adaptation (MMD),52,1,1,52,1.0,14.616255815254643,0.5,0,3,5,44.5
Park-Unfav,Domain Adaptation (MMD),52,2,1,0,1.0,5.909098002407113,0.5,0,4,5,43.5
Park-Unfav,Domain Adaptation (MMD),52,3,0,211,0.5,6.324399492623666,0.5,1,4,6,43.0
Park-Unfav,Domain Adaptation (MMD),52,4,1,48,1.0,4.180173935859661,0.5,0,5,6,42.0
Park-Unfav,Domain Adaptation (MMD),52,5,0,16,0.5,4.114687623897751,0.5,1,5,7,41.5
Park-Unfav,Domain Adaptation (MMD),52,6,1,16,1.0,3.3379565317971096,0.5,0,6,7,40.5
Park-Unfav,Domain Adaptation (MMD),52,7,0,60,0.5,3.2658480869387323,0.5,1,6,8,40.0
Park-Unfav,Domain Adaptation (MMD),52,8,1,12,1.0,4.283898957539969,0.5,0,7,8,39.0
Park-Unfav,Domain Adaptation (MMD),52,9,0,28,0.5,2.9962179841354692,0.5,1,7,9,38.5
Park-Unfav,Domain Adaptation (MMD),52,10,1,44,1.0,3.428734368947007,0.5,0,8,9,37.5
Park-Unfav,Domain Adaptation (MMD),52,11,0,32,0.5,2.7732210924801413,0.5,1,8,10,37.0
Park-Unfav,Domain Adaptation (MMD),52,12,1,32,1.0,2.7270088193865503,0.5,0,9,10,36.0
Park-Unfav,Domain Adaptation (MMD),52,13,0,8,0.5,2.5671188507065144,0.5,1,9,11,35.5
Park-Unfav,Domain Adaptation (MMD),52,14,1,60,1.0,2.7693855425553675,0.5,0,10,11,34.5
Park-Unfav,Domain Adaptation (MMD),52,15,0,56,0.5,4.813201935299691,0.9626827233609442,1,10,12,34.0
Park-Unfav,Domain Adaptation (MMD),52,16,0,40,0.5,4.467571184717906,0.9626827233609442,2,10,13,33.5
Park-Unfav,Domain Adaptation (MMD),52,17,0,4,0.5,4.403747233363992,0.9626827233609442,3,10,14,33.0
Park-Unfav,Domain Adaptation (MMD),52,18,0,36,0.5,4.286047937147427,0.9626827233609442,4,10,15,32.5
Park-Unfav,Domain Adaptation (MMD),52,19,1,36,1.0,2.2755757465544004,0.9626827233609442,0,11,15,31.5
Park-Unfav,Domain Adaptation (MMD),52,20,0,20,0.5,4.04725856706877,0.9622714543444536,1,11,16,31.0
Park-Unfav,Domain Adaptation (MMD),52,21,0,24,0.5,4.0201071487172895,0.9622714543444536,2,11,17,30.5
Park-Unfav,Domain Adaptation (MMD),52,22,0,112,0.5,3.6332404745951843,0.9622714543444536,3,11,18,30.0
Park-Unfav,Domain Adaptation (MMD),52,23,0,76,0.5,3.2053319433739884,0.9622714543444536,4,11,19,29.5
Park-Unfav,Domain Adaptation (MMD),52,24,1,24,1.0,2.197928063834833,0.9622714543444536,0,12,19,28.5
Park-Unfav,Domain Adaptation (MMD),52,25,0,64,0.5,2.8117659542738362,0.8884995694289177,1,12,20,28.0
Park-Unfav,Domain Adaptation (MMD),52,26,0,124,0.5,2.9455790471906793,0.8884995694289177,2,12,21,27.5
Park-Unfav,Domain Adaptation (MMD),52,27,0,116,0.5,2.6817174927252534,0.8884995694289177,3,12,22,27.0
Park-Unfav,Domain Adaptation (MMD),52,28,0,84,0.5,2.5969572896908835,0.8884995694289177,4,12,23,26.5
Park-Unfav,Domain Adaptation (MMD),52,29,1,20,1.0,2.0273813821844406,0.8884995694289177,0,13,23,25.5
Park-Unfav,Domain Adaptation (MMD),52,30,0,92,0.5,2.4594816183994817,0.8655740533191465,1,13,24,25.0
Park-Unfav,Domain Adaptation (MMD),52,31,0,108,0.5,2.349915217143555,0.8655740533191465,2,13,25,24.5
Park-Unfav,Domain Adaptation (MMD),52,32,0,68,0.5,2.3114641724662506,0.8655740533191465,3,13,26,24.0
Park-Unfav,Domain Adaptation (MMD),52,33,0,96,0.5,2.268547690887718,0.8655740533191465,4,13,27,23.5
Park-Unfav,Domain Adaptation (MMD),52,34,1,56,1.0,1.9159895182294662,0.8655740533191465,0,14,27,22.5
Park-Unfav,Domain Adaptation (MMD),52,35,0,72,0.5,2.210749653616813,0.8726008266006875,1,14,28,22.0
Park-Unfav,Domain Adaptation (MMD),52,36,0,80,0.5,2.1986776599887348,0.8726008266006875,2,14,29,21.5
Park-Unfav,Domain Adaptation (MMD),52,37,0,88,0.5,2.1174195548663026,0.8726008266006875,3,14,30,21.0
Park-Unfav,Domain Adaptation (MMD),52,38,0,120,0.5,2.1297805256438025,0.8726008266006875,4,14,31,20.5
Park-Unfav,Domain Adaptation (MMD),52,39,1,28,1.0,1.8274474362257958,0.8726008266006875,0,15,31,19.5
Park-Unfav,Domain Adaptation (MMD),52,40,0,240,0.5,1.9435790131466733,0.8657831211793502,1,15,32,19.0
Park-Unfav,Domain Adaptation (MMD),52,41,0,104,0.5,1.9260045099188547,0.8657831211793502,2,15,33,18.5
Park-Unfav,Domain Adaptation (MMD),52,42,0,252,0.5,1.9652034338647721,0.8657831211793502,3,15,34,18.0
Park-Unfav,Domain Adaptation (MMD),52,43,0,1,0.5,1.8206236716784123,0.8657831211793502,4,15,35,17.5
Park-Unfav,Domain Adaptation (MMD),52,44,1,8,1.0,1.6755620248429202,0.8657831211793502,0,16,35,16.5
Park-Unfav,Domain Adaptation (MMD),52,45,0,100,0.5,1.6056564510013798,0.7649664631589751,1,16,36,16.0
Park-Unfav,Domain Adaptation (MMD),52,46,1,4,1.0,1.564687022005507,0.7649664631589751,0,17,36,15.0
Park-Unfav,Domain Adaptation (MMD),52,47,1,40,1.0,1.564659442748338,0.7279935628463019,0,18,36,14.0
Park-Unfav,Domain Adaptation (MMD),52,48,0,49,0.5,1.3418110531664298,0.7347962892526002,1,18,37,13.5
Park-Unfav,Domain Adaptation (MMD),52,49,1,192,1.0,1.36843027745824,0.7347962892526002,0,19,37,12.5
Park-Unfav,Domain Adaptation (MMD),52,50,0,61,0.5,1.3238708750913448,0.7347962892526002,1,19,38,12.0
Park-Unfav,Domain Adaptation (MMD),52,51,0,53,0.5,1.2388856032513955,0.7347962892526002,2,19,39,11.5
Park-Unfav,Domain Adaptation (MMD),52,52,0,5,0.5,1.2269917779156145,0.7347962892526002,3,19,40,11.0
Park-Unfav,Domain Adaptation (MMD),52,53,0,57,0.5,1.1789681648747141,0.7347962892526002,4,19,41,10.5
Park-Unfav,Domain Adaptation (MMD),52,54,1,112,1.0,0.9087639231565725,0.7347962892526002,0,20,41,9.5
Park-Unfav,Domain Adaptation (MMD),52,55,0,140,0.5,1.5533265579250657,0.9999999999999832,1,20,42,9.0
Park-Unfav,Domain Adaptation (MMD),52,56,0,17,0.5,1.5370429428441923,0.9999999999999832,2,20,43,8.5
Park-Unfav,Domain Adaptation (MMD),52,57,0,33,0.5,1.4506951186810264,0.9999999999999832,3,20,44,8.0
Park-Unfav,Domain Adaptation (MMD),52,58,0,13,0.5,1.4612689800797167,0.9999999999999832,4,20,45,7.5
Park-Unfav,Domain Adaptation (MMD),52,59,1,76,1.0,0.9526273590874881,0.9999999999999832,0,21,45,6.5
Park-Unfav,Domain Adaptation (MMD),52,60,0,9,0.5,1.3364191285011118,0.9179454591925024,1,21,46,6.0
Park-Unfav,Domain Adaptation (MMD),52,61,0,45,0.5,1.3049073288476254,0.9179454591925024,2,21,47,5.5
Park-Unfav,Domain Adaptation (MMD),52,62,0,29,0.5,1.2562798492727585,0.9179454591925024,3,21,48,5.0
Park-Unfav,Domain Adaptation (MMD),52,63,0,41,0.5,1.244687916667531,0.9179454591925024,4,21,49,4.5
Park-Unfav,Domain Adaptation (MMD),52,64,1,96,1.0,0.8501599874476413,0.9179454591925024,0,22,49,3.5
Park-Unfav,Domain Adaptation (MMD),52,65,0,37,0.5,1.1763206771907897,0.8989040729553629,1,22,50,3.0
Park-Unfav,Domain Adaptation (MMD),52,66,0,21,0.5,1.1373468323263194,0.8989040729553629,2,22,51,2.5
Park-Unfav,Domain Adaptation (MMD),52,67,0,128,0.5,1.1516815061042975,0.8989040729553629,3,22,52,2.0
Park-Unfav,Domain Adaptation (MMD),52,68,0,25,0.5,1.1178370607637138,0.8989040729553629,4,22,53,1.5
Park-Unfav,Domain Adaptation (MMD),52,69,1,64,1.0,0.9472908005759941,0.8989040729553629,0,23,53,0.5
Park-Unfav,Domain Adaptation (MMD),52,70,0,176,0.5,0.9942421709114508,0.8937955911755598,1,23,54,0.0
Park-Unfav,Domain Adaptation (MMD),53,1,1,44,1.0,3.9820629148586715,0.5,0,3,5,44.5
Park-Unfav,Domain Adaptation (MMD),53,2,0,32,0.5,3.5394870844748265,0.5,1,3,6,44.0
Park-Unfav,Domain Adaptation (MMD),53,3,1,12,1.0,3.0348490824537,0.5,0,4,6,43.0
Park-Unfav,Domain Adaptation (MMD),53,4,1,60,1.0,2.7143565797831593,0.5,0,5,6,42.0
Park-Unfav,Domain Adaptation (MMD),53,5,0,8,0.5,2.395976140217967,0.5,1,5,7,41.5
Park-Unfav,Domain Adaptation (MMD),53,6,1,48,1.0,2.219782723264149,0.5,0,6,7,40.5
Park-Unfav,Domain Adaptation (MMD),53,7,1,240,1.0,2.134562817953928,0.5,0,7,7,39.5
Park-Unfav,Domain Adaptation (MMD),53,8,1,52,1.0,1.919583948682205,0.5,0,8,7,38.5
Park-Unfav,Domain Adaptation (MMD),53,9,0,56,0.5,1.9074354128791564,0.5,1,8,8,38.0
Park-Unfav,Domain Adaptation (MMD),53,10,1,56,1.0,1.7563839419527623,0.5,0,9,8,37.0
Park-Unfav,Domain Adaptation (MMD),53,11,0,0,0.5,1.7786204364998865,0.5,1,9,9,36.5
Park-Unfav,Domain Adaptation (MMD),53,12,0,28,0.5,1.6851970210880278,0.5,2,9,10,36.0
Park-Unfav,Domain Adaptation (MMD),53,13,0,16,0.5,1.5987915498920013,0.5,3,9,11,35.5
Park-Unfav,Domain Adaptation (MMD),53,14,1,4,1.0,1.5417043193374442,0.5,0,10,11,34.5
Park-Unfav,Domain Adaptation (MMD),53,15,1,32,1.0,1.4926894712681382,0.5,0,11,11,33.5
Park-Unfav,Domain Adaptation (MMD),53,16,0,40,0.5,1.5106847409172774,0.5,1,11,12,33.0
Park-Unfav,Domain Adaptation (MMD),53,17,1,24,1.0,1.4989803685728986,0.5,0,12,12,32.0
Park-Unfav,Domain Adaptation (MMD),53,18,1,36,1.0,1.4318361600140561,0.5,0,13,12,31.0
Park-Unfav,Domain Adaptation (MMD),53,19,1,0,1.0,1.4771391513698418,0.5,0,14,12,30.0
Park-Unfav,Domain Adaptation (MMD),53,20,0,112,0.5,1.5777668341932587,0.770351220820467,1,14,13,29.5
Park-Unfav,Domain Adaptation (MMD),53,21,0,124,0.5,1.5057390108017363,0.770351220820467,2,14,14,29.0
Park-Unfav,Domain Adaptation (MMD),53,22,0,76,0.5,1.4813700509263643,0.770351220820467,3,14,15,28.5
Park-Unfav,Domain Adaptation (MMD),53,23,0,64,0.5,1.4225393921387395,0.770351220820467,4,14,16,28.0
Park-Unfav,Domain Adaptation (MMD),53,24,1,40,1.0,1.281228643067073,0.770351220820467,0,15,16,27.0
Park-Unfav,Domain Adaptation (MMD),53,25,0,116,0.5,1.3412700904159678,0.7938948482768609,1,15,17,26.5
Park-Unfav,Domain Adaptation (MMD),53,26,0,72,0.5,1.2698525832352139,0.7938948482768609,2,15,18,26.0
Park-Unfav,Domain Adaptation (MMD),53,27,1,28,1.0,1.225079163874781,0.7938948482768609,0,16,18,25.0
Park-Unfav,Domain Adaptation (MMD),53,28,0,1,0.5,1.2186772229965097,0.7844944614265964,1,16,19,24.5
Park-Unfav,Domain Adaptation (MMD),53,29,0,96,0.5,1.1914992756058178,0.7844944614265964,2,16,20,24.0
Park-Unfav,Domain Adaptation (MMD),53,30,0,120,0.5,1.1434552633206938,0.7844944614265964,3,16,21,23.5
Park-Unfav,Domain Adaptation (MMD),53,31,1,16,1.0,1.124598059852081,0.7844944614265964,0,17,21,22.5
Park-Unfav,Domain Adaptation (MMD),53,32,1,8,1.0,1.07725408162457,0.7913944306746256,0,18,21,21.5
Park-Unfav,Domain Adaptation (MMD),53,33,0,92,0.5,0.988559884215661,0.7358534365217968,1,18,22,21.0
Park-Unfav,Domain Adaptation (MMD),53,34,0,108,0.5,0.9631778992296832,0.7358534365217968,2,18,23,20.5
Park-Unfav,Domain Adaptation (MMD),53,35,0,68,0.5,0.9377815941959258,0.7358534365217968,3,18,24,20.0
Park-Unfav,Domain Adaptation (MMD),53,36,0,80,0.5,0.9174020455476489,0.7358534365217968,4,18,25,19.5
Park-Unfav,Domain Adaptation (MMD),53,37,1,112,1.0,0.6086079129555119,0.7358534365217968,0,19,25,18.5
Park-Unfav,Domain Adaptation (MMD),53,38,0,100,0.5,1.1861942666861303,0.9999999999999852,1,19,26,18.0
Park-Unfav,Domain Adaptation (MMD),53,39,0,104,0.5,1.1508258068792208,0.9999999999999852,2,19,27,17.5
Park-Unfav,Domain Adaptation (MMD),53,40,0,84,0.5,1.1205849406413886,0.9999999999999852,3,19,28,17.0
Park-Unfav,Domain Adaptation (MMD),53,41,0,88,0.5,1.111977297300463,0.9999999999999852,4,19,29,16.5
Park-Unfav,Domain Adaptation (MMD),53,42,1,124,1.0,0.7295125459022036,0.9999999999999852,0,20,29,15.5
Park-Unfav,Domain Adaptation (MMD),53,43,0,13,0.5,0.9098265467710883,0.911664309755327,1,20,30,15.0
Park-Unfav,Domain Adaptation (MMD),53,44,0,5,0.5,0.8244221671903019,0.911664309755327,2,20,31,14.5
Park-Unfav,Domain Adaptation (MMD),53,45,0,49,0.5,0.9741504904533812,0.911664309755327,3,20,32,14.0
Park-Unfav,Domain Adaptation (MMD),53,46,0,61,0.5,0.867521820016931,0.911664309755327,4,20,33,13.5
Park-Unfav,Domain Adaptation (MMD),53,47,1,64,1.0,0.5114836381448298,0.911664309755327,0,21,33,12.5
Park-Unfav,Domain Adaptation (MMD),53,48,0,53,0.5,0.7105920860459494,0.888525993031851,1,21,34,12.0
Park-Unfav,Domain Adaptation (MMD),53,49,0,33,0.5,0.6900523779384908,0.888525993031851,2,21,35,11.5
Park-Unfav,Domain Adaptation (MMD),53,50,0,57,0.5,0.6932862007152029,0.888525993031851,3,21,36,11.0
Park-Unfav,Domain Adaptation (MMD),53,51,0,29,0.5,0.6747044090399154,0.888525993031851,4,21,37,10.5
Park-Unfav,Domain Adaptation (MMD),53,52,1,80,1.0,0.4174446524303267,0.888525993031851,0,22,37,9.5
Park-Unfav,Domain Adaptation (MMD),53,53,0,45,0.5,0.6004219513777245,0.8804093935024228,1,22,38,9.0
Park-Unfav,Domain Adaptation (MMD),53,54,0,9,0.5,0.6151505433823529,0.8804093935024228,2,22,39,8.5
Park-Unfav,Domain Adaptation (MMD),53,55,0,17,0.5,0.574154698276534,0.8804093935024228,3,22,40,8.0
Park-Unfav,Domain Adaptation (MMD),53,56,0,41,0.5,0.5519958711066524,0.8804093935024228,4,22,41,7.5
Park-Unfav,Domain Adaptation (MMD),53,57,1,96,1.0,0.3532907001118006,0.8804093935024228,0,23,41,6.5
Park-Unfav,Domain Adaptation (MMD),53,58,0,176,0.5,0.5389873011779008,0.8773904858507657,1,23,42,6.0
Park-Unfav,Domain Adaptation (MMD),53,59,0,37,0.5,0.5130902455912836,0.8773904858507657,2,23,43,5.5
Park-Unfav,Domain Adaptation (MMD),53,60,0,21,0.5,0.5043506434228106,0.8773904858507657,3,23,44,5.0
Park-Unfav,Domain Adaptation (MMD),53,61,0,25,0.5,0.48684035806836634,0.8773904858507657,4,23,45,4.5
Park-Unfav,Domain Adaptation (MMD),53,62,1,116,1.0,0.400919860416675,0.8773904858507657,0,24,45,3.5
Park-Unfav,Domain Adaptation (MMD),53,63,1,76,1.0,0.588409207497365,0.8895456082904784,0,25,45,2.5
Park-Unfav,Domain Adaptation (MMD),53,64,0,188,0.5,0.37783519551843797,0.8691671662832607,1,25,46,2.0
Park-Unfav,Domain Adaptation (MMD),53,65,0,140,0.5,0.4498671214931048,0.8691671662832607,2,25,47,1.5
Park-Unfav,Domain Adaptation (MMD),53,66,0,128,0.5,0.3572773808045479,0.8691671662832607,3,25,48,1.0
Park-Unfav,Domain Adaptation (MMD),53,67,1,68,1.0,0.3397250213844586,0.8691671662832607,0,26,48,0.0
Park-Unfav,Domain Adaptation (MMD),54,1,1,4,1.0,3.4512832531227025,0.5,0,3,5,44.5
Park-Unfav,Domain Adaptation (MMD),54,2,0,8,0.5,2.4878447856121033,0.5,1,3,6,44.0
Park-Unfav,Domain Adaptation (MMD),54,3,1,204,1.0,3.3962216919490995,0.5,0,4,6,43.0
Park-Unfav,Domain Adaptation (MMD),54,4,0,0,0.5,1.680753684214547,0.5,1,4,7,42.5
Park-Unfav,Domain Adaptation (MMD),54,5,1,16,1.0,1.8978161349251093,0.5,0,5,7,41.5
Park-Unfav,Domain Adaptation (MMD),54,6,0,48,0.5,1.689688584489462,0.5,1,5,8,41.0
Park-Unfav,Domain Adaptation (MMD),54,7,0,32,0.5,1.5329672395213592,0.5,2,5,9,40.5
Park-Unfav,Domain Adaptation (MMD),54,8,1,0,1.0,1.7664544862604687,0.5,0,6,9,39.5
Park-Unfav,Domain Adaptation (MMD),54,9,1,48,1.0,1.5038324177760316,0.5,0,7,9,38.5
Park-Unfav,Domain Adaptation (MMD),54,10,1,60,1.0,1.5339147724621225,0.5,0,8,9,37.5
Park-Unfav,Domain Adaptation (MMD),54,11,0,44,0.5,1.6373350105477844,0.5,1,8,10,37.0
Park-Unfav,Domain Adaptation (MMD),54,12,1,40,1.0,1.4738865779537602,0.5,0,9,10,36.0
Park-Unfav,Domain Adaptation (MMD),54,13,1,52,1.0,1.4765053680003632,0.5,0,10,10,35.0
Park-Unfav,Domain Adaptation (MMD),54,14,0,56,0.5,1.439642651464539,0.5,1,10,11,34.5
Park-Unfav,Domain Adaptation (MMD),54,15,1,32,1.0,1.3621364997744652,0.5,0,11,11,33.5
Park-Unfav,Domain Adaptation (MMD),54,16,0,20,0.5,2.6471267792793474,1.0,1,11,12,33.0
Park-Unfav,Domain Adaptation (MMD),54,17,0,12,0.5,2.534666426698261,1.0,2,11,13,32.5
Park-Unfav,Domain Adaptation (MMD),54,18,0,24,0.5,2.3746599362815437,1.0,3,11,14,32.0
Park-Unfav,Domain Adaptation (MMD),54,19,0,36,0.5,2.3270474359725584,1.0,4,11,15,31.5
Park-Unfav,Domain Adaptation (MMD),54,20,1,36,1.0,1.2513908685322674,1.0,0,12,15,30.5
Park-Unfav,Domain Adaptation (MMD),54,21,1,20,1.0,1.0916657279442468,0.39633773019781776,0,13,15,29.5
Park-Unfav,Domain Adaptation (MMD),54,22,1,56,1.0,1.0516688990586722,0.31240177761448434,0,14,15,28.5
Park-Unfav,Domain Adaptation (MMD),54,23,0,28,0.5,1.2482724980068796,0.5822312473475222,1,14,16,28.0
Park-Unfav,Domain Adaptation (MMD),54,24,1,24,1.0,0.9580525120305456,0.5822312473475222,0,15,16,27.0
Park-Unfav,Domain Adaptation (MMD),54,25,1,44,1.0,0.8408648947460617,0.5439035252329906,0,16,16,26.0
Park-Unfav,Domain Adaptation (MMD),54,26,1,12,1.0,1.0263435178836378,0.6656034670640321,0,17,16,25.0
Park-Unfav,Domain Adaptation (MMD),54,27,1,8,1.0,0.867449763701126,0.6369862893196995,0,18,16,24.0
Park-Unfav,Domain Adaptation (MMD),54,28,1,28,1.0,0.9445636106842258,0.5904084913612552,0,19,16,23.0
Park-Unfav,Domain Adaptation (MMD),54,29,0,49,0.5,0.8116692454790693,0.6287251477784731,1,19,17,22.5
Park-Unfav,Domain Adaptation (MMD),54,30,0,1,0.5,0.8014492140630377,0.6287251477784731,2,19,18,22.0
Park-Unfav,Domain Adaptation (MMD),54,31,0,61,0.5,0.6595230213988422,0.6287251477784731,3,19,19,21.5
Park-Unfav,Domain Adaptation (MMD),54,32,0,124,0.5,0.6253542201208852,0.6287251477784731,4,19,20,21.0
Park-Unfav,Domain Adaptation (MMD),54,33,1,112,1.0,0.38219201185566704,0.6287251477784731,0,20,20,20.0
Park-Unfav,Domain Adaptation (MMD),54,34,0,64,0.5,0.723231766747104,0.6287251477784731,1,20,21,19.5
Park-Unfav,Domain Adaptation (MMD),54,35,0,76,0.5,0.7059161016120216,0.6287251477784731,2,20,22,19.0
Park-Unfav,Domain Adaptation (MMD),54,36,0,116,0.5,0.6970250732310462,0.6287251477784731,3,20,23,18.5
Park-Unfav,Domain Adaptation (MMD),54,37,0,120,0.5,0.6465769817660226,0.6287251477784731,4,20,24,18.0
Park-Unfav,Domain Adaptation (MMD),54,38,1,64,1.0,0.32022639403999503,0.6287251477784731,0,21,24,17.0
Park-Unfav,Domain Adaptation (MMD),54,39,0,92,0.5,0.9923255446611623,0.9999999999999772,1,21,25,16.5
Park-Unfav,Domain Adaptation (MMD),54,40,0,108,0.5,0.940073461659015,0.9999999999999772,2,21,26,16.0
Park-Unfav,Domain Adaptation (MMD),54,41,0,72,0.5,0.9094589725114179,0.9999999999999772,3,21,27,15.5
Park-Unfav,Domain Adaptation (MMD),54,42,0,68,0.5,0.9069768943130039,0.9999999999999772,4,21,28,15.0
Park-Unfav,Domain Adaptation (MMD),54,43,1,80,1.0,0.2937328709076216,0.9999999999999772,0,22,28,14.0
Park-Unfav,Domain Adaptation (MMD),54,44,0,96,0.5,0.9052997398934524,0.9999999999999772,1,22,29,13.5
Park-Unfav,Domain Adaptation (MMD),54,45,0,104,0.5,0.8363517489474491,0.9999999999999772,2,22,30,13.0
Park-Unfav,Domain Adaptation (MMD),54,46,0,100,0.5,0.8037200711598143,0.9999999999999772,3,22,31,12.5
Park-Unfav,Domain Adaptation (MMD),54,47,0,88,0.5,0.7735473520678647,0.9999999999999772,4,22,32,12.0
Park-Unfav,Domain Adaptation (MMD),54,48,1,124,1.0,0.285010103730944,0.9999999999999772,0,23,32,11.0
Park-Unfav,Domain Adaptation (MMD),54,49,0,84,0.5,0.714463626856805,0.9179523373701552,1,23,33,10.5
Park-Unfav,Domain Adaptation (MMD),54,50,0,33,0.5,0.5505215102382087,0.9179523373701552,2,23,34,10.0
Park-Unfav,Domain Adaptation (MMD),54,51,0,57,0.5,0.5259134891881441,0.9179523373701552,3,23,35,9.5
Park-Unfav,Domain Adaptation (MMD),54,52,0,5,0.5,0.4950034479529782,0.9179523373701552,4,23,36,9.0
Park-Unfav,Domain Adaptation (MMD),54,53,1,96,1.0,0.27777902359611745,0.9179523373701552,0,24,36,8.0
Park-Unfav,Domain Adaptation (MMD),54,54,0,53,0.5,0.4803369412987835,0.8989079399518919,1,24,37,7.5
Park-Unfav,Domain Adaptation (MMD),54,55,0,13,0.5,0.4415428356748927,0.8989079399518919,2,24,38,7.0
Park-Unfav,Domain Adaptation (MMD),54,56,0,9,0.5,0.4507750762913504,0.8989079399518919,3,24,39,6.5
Park-Unfav,Domain Adaptation (MMD),54,57,0,17,0.5,0.4308114368313696,0.8989079399518919,4,24,40,6.0
Park-Unfav,Domain Adaptation (MMD),54,58,1,116,1.0,0.19459949204160626,0.8989079399518919,0,25,40,5.0
Park-Unfav,Domain Adaptation (MMD),54,59,0,29,0.5,0.40394656864432865,0.9148523866895547,1,25,41,4.5
Park-Unfav,Domain Adaptation (MMD),54,60,0,45,0.5,0.39668381280441894,0.9148523866895547,2,25,42,4.0
Park-Unfav,Domain Adaptation (MMD),54,61,0,21,0.5,0.36861314151713465,0.9148523866895547,3,25,43,3.5
Park-Unfav,Domain Adaptation (MMD),54,62,0,37,0.5,0.3696028377043207,0.9148523866895547,4,25,44,3.0
Park-Unfav,Domain Adaptation (MMD),54,63,1,100,1.0,0.19561758344856695,0.9148523866895547,0,26,44,2.0
Park-Unfav,Domain Adaptation (MMD),54,64,0,188,0.5,0.3881941079406166,0.9251802659721948,1,26,45,1.5
Park-Unfav,Domain Adaptation (MMD),54,65,0,25,0.5,0.3518041605499443,0.9251802659721948,2,26,46,1.0
Park-Unfav,Domain Adaptation (MMD),54,66,0,176,0.5,0.3636631165696071,0.9251802659721948,3,26,47,0.5
Park-Unfav,Domain Adaptation (MMD),54,67,0,140,0.5,0.3073466293167397,0.9251802659721948,4,26,48,0.0
Park-Unfav,Domain Adaptation (MMD),55,1,1,0,1.0,10.788929145318539,0.5,0,3,5,44.5
Park-Unfav,Domain Adaptation (MMD),55,2,0,48,0.5,7.151611002440449,0.5,1,3,6,44.0
Park-Unfav,Domain Adaptation (MMD),55,3,1,192,1.0,5.709002984350793,0.5,0,4,6,43.0
Park-Unfav,Domain Adaptation (MMD),55,4,0,16,0.5,3.6678953717438114,0.5,1,4,7,42.5
Park-Unfav,Domain Adaptation (MMD),55,5,1,48,1.0,4.275827801547089,0.5,0,5,7,41.5
Park-Unfav,Domain Adaptation (MMD),55,6,1,16,1.0,3.1933006149153407,0.5,0,6,7,40.5
Park-Unfav,Domain Adaptation (MMD),55,7,0,12,0.5,3.2112454102873254,0.5,1,6,8,40.0
Park-Unfav,Domain Adaptation (MMD),55,8,1,112,1.0,3.1243344676448883,0.5,0,7,8,39.0
Park-Unfav,Domain Adaptation (MMD),55,9,1,240,1.0,3.462348507346915,0.5,0,8,8,38.0
Park-Unfav,Domain Adaptation (MMD),55,10,0,176,0.5,2.857292519966437,0.5,1,8,9,37.5
Park-Unfav,Domain Adaptation (MMD),55,11,0,60,0.5,2.9248522542471185,0.5,2,8,10,37.0
Park-Unfav,Domain Adaptation (MMD),55,12,0,32,0.5,2.565708689033317,0.5,3,8,11,36.5
Park-Unfav,Domain Adaptation (MMD),55,13,1,32,1.0,2.513500441880228,0.5,0,9,11,35.5
Park-Unfav,Domain Adaptation (MMD),55,14,0,44,0.5,5.103883172695651,1.0,1,9,12,35.0
Park-Unfav,Domain Adaptation (MMD),55,15,0,4,0.5,4.736348059119905,1.0,2,9,13,34.5
Park-Unfav,Domain Adaptation (MMD),55,16,0,28,0.5,4.608117500551529,1.0,3,9,14,34.0
Park-Unfav,Domain Adaptation (MMD),55,17,0,56,0.5,4.449846002792046,1.0,4,9,15,33.5
Park-Unfav,Domain Adaptation (MMD),55,18,1,64,1.0,2.167070281362491,1.0,0,10,15,32.5
Park-Unfav,Domain Adaptation (MMD),55,19,0,52,0.5,4.232492416838937,1.0,1,10,16,32.0
Park-Unfav,Domain Adaptation (MMD),55,20,0,36,0.5,4.2001971260698925,1.0,2,10,17,31.5
Park-Unfav,Domain Adaptation (MMD),55,21,0,20,0.5,4.0174926044407,1.0,3,10,18,31.0
Park-Unfav,Domain Adaptation (MMD),55,22,0,24,0.5,4.0406466801716,1.0,4,10,19,30.5
Park-Unfav,Domain Adaptation (MMD),55,23,1,80,1.0,1.8178679597134222,1.0,0,11,19,29.5
Park-Unfav,Domain Adaptation (MMD),55,24,0,40,0.5,3.8677379603618376,1.0,1,11,20,29.0
Park-Unfav,Domain Adaptation (MMD),55,25,0,76,0.5,3.440128688959366,1.0,2,11,21,28.5
Park-Unfav,Domain Adaptation (MMD),55,26,0,124,0.5,3.118739521903655,1.0,3,11,22,28.0
Park-Unfav,Domain Adaptation (MMD),55,27,0,68,0.5,2.999032570948434,1.0,4,11,23,27.5
Park-Unfav,Domain Adaptation (MMD),55,28,1,96,1.0,1.6705743113027918,1.0,0,12,23,26.5
Park-Unfav,Domain Adaptation (MMD),55,29,0,120,0.5,2.838471526275407,1.0,1,12,24,26.0
Park-Unfav,Domain Adaptation (MMD),55,30,0,116,0.5,2.786702845497521,1.0,2,12,25,25.5
Park-Unfav,Domain Adaptation (MMD),55,31,0,108,0.5,2.802416509621793,1.0,3,12,26,25.0
Park-Unfav,Domain Adaptation (MMD),55,32,0,92,0.5,2.722850988860369,1.0,4,12,27,24.5
Park-Unfav,Domain Adaptation (MMD),55,33,1,52,1.0,1.0774520790133906,1.0,0,13,27,23.5
Park-Unfav,Domain Adaptation (MMD),55,34,0,72,0.5,1.6130812296394266,0.6264757367703355,1,13,28,23.0
Park-Unfav,Domain Adaptation (MMD),55,35,0,84,0.5,1.5380527240147788,0.6264757367703355,2,13,29,22.5
Park-Unfav,Domain Adaptation (MMD),55,36,0,88,0.5,1.4964912499855803,0.6264757367703355,3,13,30,22.0
Park-Unfav,Domain Adaptation (MMD),55,37,0,100,0.5,1.5085363353670316,0.6264757367703355,4,13,31,21.5
Park-Unfav,Domain Adaptation (MMD),55,38,1,176,1.0,1.1041230125014359,0.6264757367703355,0,14,31,20.5
Park-Unfav,Domain Adaptation (MMD),55,39,0,104,0.5,2.3300740230206314,0.9999999999999996,1,14,32,20.0
Park-Unfav,Domain Adaptation (MMD),55,40,0,140,0.5,2.115132206372698,0.9999999999999996,2,14,33,19.5
Park-Unfav,Domain Adaptation (MMD),55,41,0,1,0.5,1.9688366687698062,0.9999999999999996,3,14,34,19.0
Park-Unfav,Domain Adaptation (MMD),55,42,0,188,0.5,1.930830272272567,0.9999999999999996,4,14,35,18.5
Park-Unfav,Domain Adaptation (MMD),55,43,1,128,1.0,0.9739166740011515,0.9999999999999996,0,15,35,17.5
Park-Unfav,Domain Adaptation (MMD),55,44,0,49,0.5,1.9357668401955306,0.9999999999999996,1,15,36,17.0
Park-Unfav,Domain Adaptation (MMD),55,45,0,33,0.5,1.8216969990459129,0.9999999999999996,2,15,37,16.5
Park-Unfav,Domain Adaptation (MMD),55,46,0,13,0.5,2.043400541633477,0.9999999999999996,3,15,38,16.0
Park-Unfav,Domain Adaptation (MMD),55,47,0,61,0.5,1.7499446420024434,0.9999999999999996,4,15,39,15.5
Park-Unfav,Domain Adaptation (MMD),55,48,1,160,1.0,0.7646634681660571,0.9999999999999996,0,16,39,14.5
Park-Unfav,Domain Adaptation (MMD),55,49,0,53,0.5,1.6691654095601498,0.9999999999999996,1,16,40,14.0
Park-Unfav,Domain Adaptation (MMD),55,50,0,17,0.5,1.7219590917037062,0.9999999999999996,2,16,41,13.5
Park-Unfav,Domain Adaptation (MMD),55,51,0,5,0.5,1.6662973865565396,0.9999999999999996,3,16,42,13.0
Park-Unfav,Domain Adaptation (MMD),55,52,0,57,0.5,1.6100322742694921,0.9999999999999996,4,16,43,12.5
Park-Unfav,Domain Adaptation (MMD),55,53,1,144,1.0,0.6777224080581811,0.9999999999999996,0,17,43,11.5
Park-Unfav,Domain Adaptation (MMD),55,54,0,45,0.5,1.5658683627424048,0.9999999999999996,1,17,44,11.0
Park-Unfav,Domain Adaptation (MMD),55,55,0,29,0.5,1.5517254167726282,0.9999999999999996,2,17,45,10.5
Park-Unfav,Domain Adaptation (MMD),55,56,0,9,0.5,1.4531113484745795,0.9999999999999996,3,17,46,10.0
Park-Unfav,Domain Adaptation (MMD),55,57,0,37,0.5,1.4636297042691515,0.9999999999999996,4,17,47,9.5
Park-Unfav,Domain Adaptation (MMD),55,58,1,36,1.0,0.6312696684963246,0.9999999999999996,0,18,47,8.5
Park-Unfav,Domain Adaptation (MMD),55,59,0,41,0.5,1.3768546193581108,0.9999999999999997,1,18,48,8.0
Park-Unfav,Domain Adaptation (MMD),55,60,0,21,0.5,1.3679304241864845,0.9999999999999997,2,18,49,7.5
Park-Unfav,Domain Adaptation (MMD),55,61,0,25,0.5,1.3398548742512033,0.9999999999999997,3,18,50,7.0
Park-Unfav,Domain Adaptation (MMD),55,62,0,180,0.5,1.3222330671182194,0.9999999999999997,4,18,51,6.5
Park-Unfav,Domain Adaptation (MMD),55,63,1,20,1.0,0.7279930153727141,0.9999999999999997,0,19,51,5.5
Park-Unfav,Domain Adaptation (MMD),55,64,0,184,0.5,1.1993142873524614,0.9999999999999996,1,19,52,5.0
Park-Unfav,Domain Adaptation (MMD),55,65,0,132,0.5,1.1225297779970116,0.9999999999999996,2,19,53,4.5
Park-Unfav,Domain Adaptation (MMD),55,66,0,172,0.5,1.1360700287562273,0.9999999999999996,3,19,54,4.0
Park-Unfav,Domain Adaptation (MMD),55,67,0,136,0.5,1.0529358571666656,0.9999999999999996,4,19,55,3.5
Park-Unfav,Domain Adaptation (MMD),55,68,1,4,1.0,0.8650470830553179,0.9999999999999996,0,20,55,2.5
Park-Unfav,Domain Adaptation (MMD),55,69,0,156,0.5,1.0422219168658058,0.9999999999999994,1,20,56,2.0
Park-Unfav,Domain Adaptation (MMD),55,70,0,164,0.5,0.9830060253160665,0.9999999999999994,2,20,57,1.5
Park-Unfav,Domain Adaptation (MMD),55,71,0,168,0.5,0.9934557096445651,0.9999999999999994,3,20,58,1.0
Park-Unfav,Domain Adaptation (MMD),55,72,0,148,0.5,0.9632510821177412,0.9999999999999994,4,20,59,0.5
Park-Unfav,Domain Adaptation (MMD),55,73,0,152,0.5,0.9265037606261738,0.9999999999999994,5,20,60,0.0
Park-Unfav,Domain Adaptation (MMD),56,1,1,0,1.0,14.24707959431896,0.5,0,3,5,44.5
Park-Unfav,Domain Adaptation (MMD),56,2,0,31,0.5,4.995461853442692,0.5,1,3,6,44.0
Park-Unfav,Domain Adaptation (MMD),56,3,0,124,0.5,3.87674838930986,0.5,2,3,7,43.5
Park-Unfav,Domain Adaptation (MMD),56,4,1,3,1.0,3.4624078181701967,0.5,0,4,7,42.5
Park-Unfav,Domain Adaptation (MMD),56,5,0,28,0.5,3.204163478157443,0.5,1,4,8,42.0
Park-Unfav,Domain Adaptation (MMD),56,6,1,48,1.0,3.2448450324665266,0.5,0,5,8,41.0
Park-Unfav,Domain Adaptation (MMD),56,7,1,16,1.0,2.8125182479302797,0.5,0,6,8,40.0
Park-Unfav,Domain Adaptation (MMD),56,8,0,4,0.5,2.6927590296223802,0.5,1,6,9,39.5
Park-Unfav,Domain Adaptation (MMD),56,9,0,32,0.5,2.558430431076955,0.5,2,6,10,39.0
Park-Unfav,Domain Adaptation (MMD),56,10,1,32,1.0,2.484005788777406,0.5,0,7,10,38.0
Park-Unfav,Domain Adaptation (MMD),56,11,0,60,0.5,2.4435723576783785,0.5,1,7,11,37.5
Park-Unfav,Domain Adaptation (MMD),56,12,0,20,0.5,2.3236442271952478,0.5,2,7,12,37.0
Park-Unfav,Domain Adaptation (MMD),56,13,0,52,0.5,2.2576400951740396,0.5,3,7,13,36.5
Park-Unfav,Domain Adaptation (MMD),56,14,0,44,0.5,2.1524568626987617,0.5,4,7,14,36.0
Park-Unfav,Domain Adaptation (MMD),56,15,1,64,1.0,1.5514487404747024,0.5,0,8,14,35.0
Park-Unfav,Domain Adaptation (MMD),56,16,0,36,0.5,2.0790300510770376,0.5,1,8,15,34.5
Park-Unfav,Domain Adaptation (MMD),56,17,0,12,0.5,2.051900735338807,0.5,2,8,16,34.0
Park-Unfav,Domain Adaptation (MMD),56,18,0,56,0.5,1.9918265579904146,0.5,3,8,17,33.5
Park-Unfav,Domain Adaptation (MMD),56,19,1,12,1.0,2.1110345234269365,0.5,0,9,17,32.5
Park-Unfav,Domain Adaptation (MMD),56,20,1,4,1.0,2.3276495019878127,0.5,0,10,17,31.5
Park-Unfav,Domain Adaptation (MMD),56,21,1,20,1.0,2.0652941071962467,0.5005251737995022,0,11,17,30.5
Park-Unfav,Domain Adaptation (MMD),56,22,0,40,0.5,1.8578152178253011,0.5063092469728266,1,11,18,30.0
Park-Unfav,Domain Adaptation (MMD),56,23,1,8,1.0,1.8883404297339508,0.5063092469728266,0,12,18,29.0
Park-Unfav,Domain Adaptation (MMD),56,24,0,24,0.5,1.7855003678965709,0.5063092469728266,1,12,19,28.5
Park-Unfav,Domain Adaptation (MMD),56,25,1,36,1.0,1.5583239060323641,0.5063092469728266,0,13,19,27.5
Park-Unfav,Domain Adaptation (MMD),56,26,1,52,1.0,1.386365210896896,0.4424140445594291,0,14,19,26.5
Park-Unfav,Domain Adaptation (MMD),56,27,1,24,1.0,1.4792517903632572,0.34245369027826467,0,15,19,25.5
Park-Unfav,Domain Adaptation (MMD),56,28,1,28,1.0,1.3867970117305954,0.3663513963045346,0,16,19,24.5
Park-Unfav,Domain Adaptation (MMD),56,29,0,76,0.5,1.569928688612749,0.5411705260174537,1,16,20,24.0
Park-Unfav,Domain Adaptation (MMD),56,30,0,112,0.5,1.4868808132702291,0.5411705260174537,2,16,21,23.5
Park-Unfav,Domain Adaptation (MMD),56,31,0,108,0.5,1.414157923831946,0.5411705260174537,3,16,22,23.0
Park-Unfav,Domain Adaptation (MMD),56,32,0,116,0.5,1.3518544170751634,0.5411705260174537,4,16,23,22.5
Park-Unfav,Domain Adaptation (MMD),56,33,1,40,1.0,1.406866494088401,0.5411705260174537,0,17,23,21.5
Park-Unfav,Domain Adaptation (MMD),56,34,1,56,1.0,1.3654019890223235,0.5591921563993189,0,18,23,20.5
Park-Unfav,Domain Adaptation (MMD),56,35,0,68,0.5,1.3516362047850357,0.5673940403966431,1,18,24,20.0
Park-Unfav,Domain Adaptation (MMD),56,36,0,80,0.5,1.3411136079245984,0.5673940403966431,2,18,25,19.5
Park-Unfav,Domain Adaptation (MMD),56,37,0,92,0.5,1.3168083171810905,0.5673940403966431,3,18,26,19.0
Park-Unfav,Domain Adaptation (MMD),56,38,0,120,0.5,1.23523580422313,0.5673940403966431,4,18,27,18.5
Park-Unfav,Domain Adaptation (MMD),56,39,1,44,1.0,0.9202179258589682,0.5673940403966431,0,19,27,17.5
Park-Unfav,Domain Adaptation (MMD),56,40,0,96,0.5,1.3805755981757573,0.6472601444601069,1,19,28,17.0
Park-Unfav,Domain Adaptation (MMD),56,41,0,88,0.5,1.3125358728336167,0.6472601444601069,2,19,29,16.5
Park-Unfav,Domain Adaptation (MMD),56,42,0,104,0.5,1.2951063060452965,0.6472601444601069,3,19,30,16.0
Park-Unfav,Domain Adaptation (MMD),56,43,0,1,0.5,1.3465757795835485,0.6472601444601069,4,19,31,15.5
Park-Unfav,Domain Adaptation (MMD),56,44,1,60,1.0,1.0597701179328252,0.6472601444601069,0,20,31,14.5
Park-Unfav,Domain Adaptation (MMD),56,45,0,84,0.5,1.334509921403401,0.7039914152828401,1,20,32,14.0
Park-Unfav,Domain Adaptation (MMD),56,46,0,100,0.5,1.286469487704752,0.7039914152828401,2,20,33,13.5
Park-Unfav,Domain Adaptation (MMD),56,47,0,61,0.5,1.195069627624644,0.7039914152828401,3,20,34,13.0
Park-Unfav,Domain Adaptation (MMD),56,48,0,188,0.5,1.1270812262712133,0.7039914152828401,4,20,35,12.5
Park-Unfav,Domain Adaptation (MMD),56,49,1,80,1.0,0.3659522286565301,0.7039914152828401,0,21,35,11.5
Park-Unfav,Domain Adaptation (MMD),56,50,0,176,0.5,1.4981109059968265,0.9999999999999812,1,21,36,11.0
Park-Unfav,Domain Adaptation (MMD),56,51,0,13,0.5,1.6531959462134216,0.9999999999999812,2,21,37,10.5
Park-Unfav,Domain Adaptation (MMD),56,52,0,5,0.5,1.515706459686403,0.9999999999999812,3,21,38,10.0
Park-Unfav,Domain Adaptation (MMD),56,53,0,17,0.5,1.4636653640095392,0.9999999999999812,4,21,39,9.5
Park-Unfav,Domain Adaptation (MMD),56,54,1,112,1.0,0.5265932577090378,0.9999999999999812,0,22,39,8.5
Park-Unfav,Domain Adaptation (MMD),56,55,0,49,0.5,1.4328296516364192,0.9999999999999899,1,22,40,8.0
Park-Unfav,Domain Adaptation (MMD),56,56,0,9,0.5,1.3613306585841052,0.9999999999999899,2,22,41,7.5
Park-Unfav,Domain Adaptation (MMD),56,57,0,128,0.5,1.3590843288768812,0.9999999999999899,3,22,42,7.0
Park-Unfav,Domain Adaptation (MMD),56,58,0,45,0.5,1.344804055612564,0.9999999999999899,4,22,43,6.5
Park-Unfav,Domain Adaptation (MMD),56,59,1,96,1.0,0.4958093698128213,0.9999999999999899,0,23,43,5.5
Park-Unfav,Domain Adaptation (MMD),56,60,0,33,0.5,1.2946960331031232,0.9999999999999926,1,23,44,5.0
Park-Unfav,Domain Adaptation (MMD),56,61,0,140,0.5,1.266396039070776,0.9999999999999926,2,23,45,4.5
Park-Unfav,Domain Adaptation (MMD),56,62,0,57,0.5,1.250603807693186,0.9999999999999926,3,23,46,4.0
Park-Unfav,Domain Adaptation (MMD),56,63,0,53,0.5,1.2057959641419147,0.9999999999999926,4,23,47,3.5
Park-Unfav,Domain Adaptation (MMD),56,64,1,68,1.0,0.4405520643475337,0.9999999999999926,0,24,47,2.5
Park-Unfav,Domain Adaptation (MMD),56,65,0,29,0.5,1.2583802739272216,0.9847860849564428,1,24,48,2.0
Park-Unfav,Domain Adaptation (MMD),56,66,0,41,0.5,1.1183364600146797,0.9847860849564428,2,24,49,1.5
Park-Unfav,Domain Adaptation (MMD),56,67,0,21,0.5,1.078323050537479,0.9847860849564428,3,24,50,1.0
Park-Unfav,Domain Adaptation (MMD),56,68,0,37,0.5,1.1093380910820239,0.9847860849564428,4,24,51,0.5
Park-Unfav,Domain Adaptation (MMD),56,69,0,25,0.5,1.0344505810808582,0.9847860849564428,5,24,52,0.0
Park-Unfav,Domain Adaptation (MMD),57,1,1,252,1.0,3.2282825188629216,0.5,0,3,5,44.5
Park-Unfav,Domain Adaptation (MMD),57,2,1,48,1.0,2.192305523142201,0.5,0,4,5,43.5
Park-Unfav,Domain Adaptation (MMD),57,3,0,20,0.5,2.258477943997093,0.5,1,4,6,43.0
Park-Unfav,Domain Adaptation (MMD),57,4,0,32,0.5,1.5932770590052585,0.5,2,4,7,42.5
Park-Unfav,Domain Adaptation (MMD),57,5,0,12,0.5,1.518617784533504,0.5,3,4,8,42.0
Park-Unfav,Domain Adaptation (MMD),57,6,0,44,0.5,1.560206153142011,0.5,4,4,9,41.5
Park-Unfav,Domain Adaptation (MMD),57,7,1,32,1.0,1.2308908191929864,0.5,0,5,9,40.5
Park-Unfav,Domain Adaptation (MMD),57,8,1,12,1.0,1.578723132402446,0.5,0,6,9,39.5
Park-Unfav,Domain Adaptation (MMD),57,9,1,0,1.0,1.8867040002556317,0.5,0,7,9,38.5
Park-Unfav,Domain Adaptation (MMD),57,10,0,36,0.5,1.4511769351289199,0.5,1,7,10,38.0
Park-Unfav,Domain Adaptation (MMD),57,11,1,4,1.0,1.4467280602507586,0.5,0,8,10,37.0
Park-Unfav,Domain Adaptation (MMD),57,12,1,44,1.0,1.5448310042692448,0.5,0,9,10,36.0
Park-Unfav,Domain Adaptation (MMD),57,13,0,204,0.5,2.2667475247741518,0.7991175577031088,1,9,11,35.5
Park-Unfav,Domain Adaptation (MMD),57,14,0,28,0.5,2.1403246032647756,0.7991175577031088,2,9,12,35.0
Park-Unfav,Domain Adaptation (MMD),57,15,0,8,0.5,2.0815235446076916,0.7991175577031088,3,9,13,34.5
Park-Unfav,Domain Adaptation (MMD),57,16,0,60,0.5,1.9957848351799328,0.7991175577031088,4,9,14,34.0
Park-Unfav,Domain Adaptation (MMD),57,17,1,16,1.0,1.3200339980407474,0.7991175577031088,0,10,14,33.0
Park-Unfav,Domain Adaptation (MMD),57,18,0,24,0.5,1.923691424506956,0.7991175577031088,1,10,15,32.5
Park-Unfav,Domain Adaptation (MMD),57,19,0,40,0.5,1.8669465512922427,0.7991175577031088,2,10,16,32.0
Park-Unfav,Domain Adaptation (MMD),57,20,0,56,0.5,1.8010064636083363,0.7991175577031088,3,10,17,31.5
Park-Unfav,Domain Adaptation (MMD),57,21,0,52,0.5,1.8185531131047072,0.7991175577031088,4,10,18,31.0
Park-Unfav,Domain Adaptation (MMD),57,22,1,40,1.0,1.257924795630583,0.7991175577031088,0,11,18,30.0
Park-Unfav,Domain Adaptation (MMD),57,23,0,124,0.5,1.3140930431779976,0.79725440880006,1,11,19,29.5
Park-Unfav,Domain Adaptation (MMD),57,24,0,64,0.5,1.3146789436215063,0.79725440880006,2,11,20,29.0
Park-Unfav,Domain Adaptation (MMD),57,25,0,120,0.5,1.1407214449546768,0.79725440880006,3,11,21,28.5
Park-Unfav,Domain Adaptation (MMD),57,26,1,20,1.0,1.1585119783724434,0.79725440880006,0,12,21,27.5
Park-Unfav,Domain Adaptation (MMD),57,27,1,56,1.0,1.1187231371877235,0.7928075627472402,0,13,21,26.5
Park-Unfav,Domain Adaptation (MMD),57,28,1,24,1.0,1.1059769079546218,0.7491443402360317,0,14,21,25.5
Park-Unfav,Domain Adaptation (MMD),57,29,1,36,1.0,1.0747971848580382,0.7210304746392301,0,15,21,24.5
Park-Unfav,Domain Adaptation (MMD),57,30,0,112,0.5,1.0462017512328192,0.7302414365123596,1,15,22,24.0
Park-Unfav,Domain Adaptation (MMD),57,31,1,8,1.0,1.0554162880218236,0.7302414365123596,0,16,22,23.0
Park-Unfav,Domain Adaptation (MMD),57,32,1,52,1.0,1.0192118849390637,0.6093247443068223,0,17,22,22.0
Park-Unfav,Domain Adaptation (MMD),57,33,1,28,1.0,1.0155349258628554,0.5316404033407994,0,18,22,21.0
Park-Unfav,Domain Adaptation (MMD),57,34,1,60,1.0,0.7817247571376593,0.5842978018789482,0,19,22,20.0
Park-Unfav,Domain Adaptation (MMD),57,35,0,68,0.5,0.8083121649774135,0.6514802453778147,1,19,23,19.5
Park-Unfav,Domain Adaptation (MMD),57,36,0,96,0.5,0.7659983541707154,0.6514802453778147,2,19,24,19.0
Park-Unfav,Domain Adaptation (MMD),57,37,0,76,0.5,0.6956221390628149,0.6514802453778147,3,19,25,18.5
Park-Unfav,Domain Adaptation (MMD),57,38,0,108,0.5,0.6998564038919163,0.6514802453778147,4,19,26,18.0
Park-Unfav,Domain Adaptation (MMD),57,39,1,64,1.0,0.257661066098082,0.6514802453778147,0,20,26,17.0
Park-Unfav,Domain Adaptation (MMD),57,40,0,80,0.5,1.0625429244644866,0.9999999999999823,1,20,27,16.5
Park-Unfav,Domain Adaptation (MMD),57,41,0,92,0.5,1.0294033151529098,0.9999999999999823,2,20,28,16.0
Park-Unfav,Domain Adaptation (MMD),57,42,0,72,0.5,0.9880382316796879,0.9999999999999823,3,20,29,15.5
Park-Unfav,Domain Adaptation (MMD),57,43,0,100,0.5,0.9644701069176538,0.9999999999999823,4,20,30,15.0
Park-Unfav,Domain Adaptation (MMD),57,44,1,80,1.0,0.26983229503679784,0.9999999999999823,0,21,30,14.0
Park-Unfav,Domain Adaptation (MMD),57,45,0,84,0.5,0.8910531235157142,0.9999999999999906,1,21,31,13.5
Park-Unfav,Domain Adaptation (MMD),57,46,0,88,0.5,0.8825198768756051,0.9999999999999906,2,21,32,13.0
Park-Unfav,Domain Adaptation (MMD),57,47,0,1,0.5,0.8561419550651791,0.9999999999999906,3,21,33,12.5
Park-Unfav,Domain Adaptation (MMD),57,48,0,104,0.5,0.8277480078455194,0.9999999999999906,4,21,34,12.0
Park-Unfav,Domain Adaptation (MMD),57,49,1,76,1.0,0.28677204406138124,0.9999999999999906,0,22,34,11.0
Park-Unfav,Domain Adaptation (MMD),57,50,0,49,0.5,0.6780106548938298,0.9004495163841711,1,22,35,10.5
Park-Unfav,Domain Adaptation (MMD),57,51,0,13,0.5,0.6477519039762069,0.9004495163841711,2,22,36,10.0
Park-Unfav,Domain Adaptation (MMD),57,52,0,61,0.5,0.6524176111967788,0.9004495163841711,3,22,37,9.5
Park-Unfav,Domain Adaptation (MMD),57,53,0,176,0.5,0.5957980119293999,0.9004495163841711,4,22,38,9.0
Park-Unfav,Domain Adaptation (MMD),57,54,1,112,1.0,0.21048274624368563,0.9004495163841711,0,23,38,8.0
Park-Unfav,Domain Adaptation (MMD),57,55,0,9,0.5,0.5784770676445498,0.895799665183772,1,23,39,7.5
Park-Unfav,Domain Adaptation (MMD),57,56,0,5,0.5,0.5129848325639337,0.895799665183772,2,23,40,7.0
Park-Unfav,Domain Adaptation (MMD),57,57,0,57,0.5,0.4901226628202102,0.895799665183772,3,23,41,6.5
Park-Unfav,Domain Adaptation (MMD),57,58,0,188,0.5,0.5171142550355323,0.895799665183772,4,23,42,6.0
Park-Unfav,Domain Adaptation (MMD),57,59,1,96,1.0,0.21299194176127,0.895799665183772,0,24,42,5.0
Park-Unfav,Domain Adaptation (MMD),57,60,0,45,0.5,0.47826258058962573,0.8954627677236875,1,24,43,4.5
Park-Unfav,Domain Adaptation (MMD),57,61,0,33,0.5,0.5079972519560834,0.8954627677236875,2,24,44,4.0
Park-Unfav,Domain Adaptation (MMD),57,62,0,53,0.5,0.4458002130218722,0.8954627677236875,3,24,45,3.5
Park-Unfav,Domain Adaptation (MMD),57,63,0,29,0.5,0.42745872723157147,0.8954627677236875,4,24,46,3.0
Park-Unfav,Domain Adaptation (MMD),57,64,1,68,1.0,0.18855003175005952,0.8954627677236875,0,25,46,2.0
Park-Unfav,Domain Adaptation (MMD),57,65,0,17,0.5,0.43179242352734265,0.9079497092033817,1,25,47,1.5
Park-Unfav,Domain Adaptation (MMD),57,66,0,21,0.5,0.35485828359920435,0.9079497092033817,2,25,48,1.0
Park-Unfav,Domain Adaptation (MMD),57,67,0,25,0.5,0.35751687383073516,0.9079497092033817,3,25,49,0.5
Park-Unfav,Domain Adaptation (MMD),57,68,0,41,0.5,0.37517663752652336,0.9079497092033817,4,25,50,0.0
Park-Unfav,Domain Adaptation (MMD),58,1,1,4,1.0,11.215570176052719,0.5,0,3,5,44.5
Park-Unfav,Domain Adaptation (MMD),58,2,1,48,1.0,4.018489025175911,0.5,0,4,5,43.5
Park-Unfav,Domain Adaptation (MMD),58,3,0,12,0.5,3.091021601750386,0.5,1,4,6,43.0
Park-Unfav,Domain Adaptation (MMD),58,4,1,0,1.0,3.182729279388772,0.5,0,5,6,42.0
Park-Unfav,Domain Adaptation (MMD),58,5,0,16,0.5,2.785130169228138,0.5,1,5,7,41.5
Park-Unfav,Domain Adaptation (MMD),58,6,1,60,1.0,2.819419086935337,0.5,0,6,7,40.5
Park-Unfav,Domain Adaptation (MMD),58,7,0,196,0.5,2.3437550185538742,0.5,1,6,8,40.0
Park-Unfav,Domain Adaptation (MMD),58,8,1,32,1.0,2.2426394746326874,0.5,0,7,8,39.0
Park-Unfav,Domain Adaptation (MMD),58,9,0,8,0.5,2.0541366294538523,0.5,1,7,9,38.5
Park-Unfav,Domain Adaptation (MMD),58,10,1,24,1.0,2.010791049552793,0.5,0,8,9,37.5
Park-Unfav,Domain Adaptation (MMD),58,11,1,44,1.0,1.9467352078895301,0.5,0,9,9,36.5
Park-Unfav,Domain Adaptation (MMD),58,12,1,36,1.0,2.0154200545604444,0.5,0,10,9,35.5
Park-Unfav,Domain Adaptation (MMD),58,13,1,12,1.0,2.0121333412484073,0.5,0,11,9,34.5
Park-Unfav,Domain Adaptation (MMD),58,14,1,40,1.0,1.8221290074475602,0.5,0,12,9,33.5
Park-Unfav,Domain Adaptation (MMD),58,15,0,52,0.5,1.7806747067180204,0.5,1,12,10,33.0
Park-Unfav,Domain Adaptation (MMD),58,16,1,20,1.0,1.7475908050303781,0.5,0,13,10,32.0
Park-Unfav,Domain Adaptation (MMD),58,17,1,56,1.0,1.6059347347834934,0.5,0,14,10,31.0
Park-Unfav,Domain Adaptation (MMD),58,18,0,28,0.5,1.5750072183189892,0.5,1,14,11,30.5
Park-Unfav,Domain Adaptation (MMD),58,19,1,16,1.0,1.5549970120481313,0.5,0,15,11,29.5
Park-Unfav,Domain Adaptation (MMD),58,20,0,112,0.5,2.4966490499166323,0.9005520098890648,1,15,12,29.0
Park-Unfav,Domain Adaptation (MMD),58,21,0,124,0.5,2.1661441015709957,0.9005520098890648,2,15,13,28.5
Park-Unfav,Domain Adaptation (MMD),58,22,0,116,0.5,2.0203445824076267,0.9005520098890648,3,15,14,28.0
Park-Unfav,Domain Adaptation (MMD),58,23,0,64,0.5,2.154367954038009,0.9005520098890648,4,15,15,27.5
Park-Unfav,Domain Adaptation (MMD),58,24,1,52,1.0,1.4165927193134602,0.9005520098890648,0,16,15,26.5
Park-Unfav,Domain Adaptation (MMD),58,25,0,76,0.5,1.4318723693618978,0.6881333341191431,1,16,16,26.0
Park-Unfav,Domain Adaptation (MMD),58,26,0,80,0.5,1.4011526582411669,0.6881333341191431,2,16,17,25.5
Park-Unfav,Domain Adaptation (MMD),58,27,0,68,0.5,1.3350191257854211,0.6881333341191431,3,16,18,25.0
Park-Unfav,Domain Adaptation (MMD),58,28,1,8,1.0,1.3066659108753895,0.6881333341191431,0,17,18,24.0
Park-Unfav,Domain Adaptation (MMD),58,29,1,28,1.0,1.3065933921920758,0.4998794208446048,0,18,18,23.0
Park-Unfav,Domain Adaptation (MMD),58,30,0,120,0.5,1.1401751183705884,0.6232552740650718,1,18,19,22.5
Park-Unfav,Domain Adaptation (MMD),58,31,0,96,0.5,1.077361729471968,0.6232552740650718,2,18,20,22.0
Park-Unfav,Domain Adaptation (MMD),58,32,0,92,0.5,1.0815920205268568,0.6232552740650718,3,18,21,21.5
Park-Unfav,Domain Adaptation (MMD),58,33,0,108,0.5,1.0268698124503632,0.6232552740650718,4,18,22,21.0
Park-Unfav,Domain Adaptation (MMD),58,34,1,112,1.0,0.4782147051693023,0.6232552740650718,0,19,22,20.0
Park-Unfav,Domain Adaptation (MMD),58,35,0,72,0.5,1.5609109761810291,0.9999999999999887,1,19,23,19.5
Park-Unfav,Domain Adaptation (MMD),58,36,0,100,0.5,1.56743551257363,0.9999999999999887,2,19,24,19.0
Park-Unfav,Domain Adaptation (MMD),58,37,0,104,0.5,1.4472654326042782,0.9999999999999887,3,19,25,18.5
Park-Unfav,Domain Adaptation (MMD),58,38,0,88,0.5,1.4343458055423186,0.9999999999999887,4,19,26,18.0
Park-Unfav,Domain Adaptation (MMD),58,39,1,96,1.0,0.34396399442755166,0.9999999999999887,0,20,26,17.0
Park-Unfav,Domain Adaptation (MMD),58,40,0,84,0.5,1.426478894117329,0.9999999999999936,1,20,27,16.5
Park-Unfav,Domain Adaptation (MMD),58,41,0,49,0.5,1.2085573719024163,0.9999999999999936,2,20,28,16.0
Park-Unfav,Domain Adaptation (MMD),58,42,0,33,0.5,1.2022483730973432,0.9999999999999936,3,20,29,15.5
Park-Unfav,Domain Adaptation (MMD),58,43,0,13,0.5,1.1671153124902753,0.9999999999999936,4,20,30,15.0
Park-Unfav,Domain Adaptation (MMD),58,44,1,64,1.0,0.4813691107622552,0.9999999999999936,0,21,30,14.0
Park-Unfav,Domain Adaptation (MMD),58,45,0,61,0.5,1.1126051454658255,0.9999999999999951,1,21,31,13.5
Park-Unfav,Domain Adaptation (MMD),58,46,0,53,0.5,1.046411466660749,0.9999999999999951,2,21,32,13.0
Park-Unfav,Domain Adaptation (MMD),58,47,0,1,0.5,1.0912808032936083,0.9999999999999951,3,21,33,12.5
Park-Unfav,Domain Adaptation (MMD),58,48,0,17,0.5,0.9932429978614611,0.9999999999999951,4,21,34,12.0
Park-Unfav,Domain Adaptation (MMD),58,49,1,68,1.0,0.45037239041889493,0.9999999999999951,0,22,34,11.0
Park-Unfav,Domain Adaptation (MMD),58,50,0,29,0.5,0.9674314082688794,0.9810897317686078,1,22,35,10.5
Park-Unfav,Domain Adaptation (MMD),58,51,0,5,0.5,0.9417925153078764,0.9810897317686078,2,22,36,10.0
Park-Unfav,Domain Adaptation (MMD),58,52,0,57,0.5,0.8945066429805506,0.9810897317686078,3,22,37,9.5
Park-Unfav,Domain Adaptation (MMD),58,53,0,176,0.5,0.8863277896368715,0.9810897317686078,4,22,38,9.0
Park-Unfav,Domain Adaptation (MMD),58,54,1,116,1.0,0.40761118266681273,0.9810897317686078,0,23,38,8.0
Park-Unfav,Domain Adaptation (MMD),58,55,0,9,0.5,0.8337702166376815,0.9761660912931295,1,23,39,7.5
Park-Unfav,Domain Adaptation (MMD),58,56,0,45,0.5,0.8182813762228177,0.9761660912931295,2,23,40,7.0
Park-Unfav,Domain Adaptation (MMD),58,57,0,37,0.5,0.7654272827126952,0.9761660912931295,3,23,41,6.5
Park-Unfav,Domain Adaptation (MMD),58,58,0,188,0.5,0.725623681124016,0.9761660912931295,4,23,42,6.0
Park-Unfav,Domain Adaptation (MMD),58,59,1,80,1.0,0.39215939019743273,0.9761660912931295,0,24,42,5.0
Park-Unfav,Domain Adaptation (MMD),58,60,0,41,0.5,0.7280356777039663,0.9748629094156286,1,24,43,4.5
Park-Unfav,Domain Adaptation (MMD),58,61,0,25,0.5,0.7323535955107219,0.9748629094156286,2,24,44,4.0
Park-Unfav,Domain Adaptation (MMD),58,62,0,21,0.5,0.704990847286206,0.9748629094156286,3,24,45,3.5
Park-Unfav,Domain Adaptation (MMD),58,63,0,140,0.5,0.674743638015085,0.9748629094156286,4,24,46,3.0
Park-Unfav,Domain Adaptation (MMD),58,64,1,100,1.0,0.3545920786972434,0.9748629094156286,0,25,46,2.0
Park-Unfav,Domain Adaptation (MMD),58,65,0,160,0.5,0.5768044483873276,0.9719825726790027,1,25,47,1.5
Park-Unfav,Domain Adaptation (MMD),58,66,0,172,0.5,0.5655194263220614,0.9719825726790027,2,25,48,1.0
Park-Unfav,Domain Adaptation (MMD),58,67,0,128,0.5,0.5472115381069025,0.9719825726790027,3,25,49,0.5
Park-Unfav,Domain Adaptation (MMD),58,68,0,180,0.5,0.5280864034562677,0.9719825726790027,4,25,50,0.0
Park-Unfav,Domain Adaptation (MMD),59,1,0,32,0.5,1.9164299768647652,0.5,1,2,6,45.0
Park-Unfav,Domain Adaptation (MMD),59,2,1,0,1.0,1.6181745636261962,0.5,0,3,6,44.0
Park-Unfav,Domain Adaptation (MMD),59,3,1,204,1.0,2.122243160811644,0.5,0,4,6,43.0
Park-Unfav,Domain Adaptation (MMD),59,4,1,3,1.0,1.4900551860535876,0.5,0,5,6,42.0
Park-Unfav,Domain Adaptation (MMD),59,5,0,36,0.5,1.4329479978902162,0.5,1,5,7,41.5
Park-Unfav,Domain Adaptation (MMD),59,6,0,60,0.5,1.5027580295985556,0.5,2,5,8,41.0
Park-Unfav,Domain Adaptation (MMD),59,7,0,12,0.5,1.6085231356980518,0.5,3,5,9,40.5
Park-Unfav,Domain Adaptation (MMD),59,8,0,4,0.5,1.5497610098709211,0.5,4,5,10,40.0
Park-Unfav,Domain Adaptation (MMD),59,9,1,12,1.0,1.336766899387533,0.5,0,6,10,39.0
Park-Unfav,Domain Adaptation (MMD),59,10,0,40,0.5,1.4559655721278135,0.5,1,6,11,38.5
Park-Unfav,Domain Adaptation (MMD),59,11,1,60,1.0,1.6104206476681202,0.5,0,7,11,37.5
Park-Unfav,Domain Adaptation (MMD),59,12,0,28,0.5,1.4843325628346382,0.5,1,7,12,37.0
Park-Unfav,Domain Adaptation (MMD),59,13,1,44,1.0,1.467308492716621,0.5,0,8,12,36.0
Park-Unfav,Domain Adaptation (MMD),59,14,1,48,1.0,1.3778083397562622,0.5,0,9,12,35.0
Park-Unfav,Domain Adaptation (MMD),59,15,0,8,0.5,1.3277894967492248,0.5,1,9,13,34.5
Park-Unfav,Domain Adaptation (MMD),59,16,1,56,1.0,1.3061007881221285,0.5,0,10,13,33.5
Park-Unfav,Domain Adaptation (MMD),59,17,1,40,1.0,1.3767019311359012,0.5,0,11,13,32.5
Park-Unfav,Domain Adaptation (MMD),59,18,1,8,1.0,1.1911995366739347,0.424313277857878,0,12,13,31.5
Park-Unfav,Domain Adaptation (MMD),59,19,0,52,0.5,1.7254995561418949,0.6825923465634007,1,12,14,31.0
Park-Unfav,Domain Adaptation (MMD),59,20,0,20,0.5,1.6702571277761808,0.6825923465634007,2,12,15,30.5
Park-Unfav,Domain Adaptation (MMD),59,21,0,16,0.5,1.5906711512974403,0.6825923465634007,3,12,16,30.0
Park-Unfav,Domain Adaptation (MMD),59,22,0,1,0.5,1.1912376516396577,0.6825923465634007,4,12,17,29.5
Park-Unfav,Domain Adaptation (MMD),59,23,1,28,1.0,1.114399008386337,0.6825923465634007,0,13,17,28.5
Park-Unfav,Domain Adaptation (MMD),59,24,1,32,1.0,1.2121137194250213,0.6925232626341018,0,14,17,27.5
Park-Unfav,Domain Adaptation (MMD),59,25,1,52,1.0,1.2444373752301126,0.624950865737199,0,15,17,26.5
Park-Unfav,Domain Adaptation (MMD),59,26,1,36,1.0,1.1119717394921629,0.5478052123663623,0,16,17,25.5
Park-Unfav,Domain Adaptation (MMD),59,27,1,20,1.0,1.126040858111351,0.5771499064831956,0,17,17,24.5
Park-Unfav,Domain Adaptation (MMD),59,28,0,64,0.5,1.0705443085795787,0.6234917950879004,1,17,18,24.0
Park-Unfav,Domain Adaptation (MMD),59,29,1,16,1.0,0.9508535027589086,0.6234917950879004,0,18,18,23.0
Park-Unfav,Domain Adaptation (MMD),59,30,0,112,0.5,1.0820390841909933,0.7065284921563176,1,18,19,22.5
Park-Unfav,Domain Adaptation (MMD),59,31,0,76,0.5,0.9957271885468648,0.7065284921563176,2,18,20,22.0
Park-Unfav,Domain Adaptation (MMD),59,32,0,116,0.5,1.071351419415415,0.7065284921563176,3,18,21,21.5
Park-Unfav,Domain Adaptation (MMD),59,33,1,4,1.0,0.9519222394406771,0.7065284921563176,0,19,21,20.5
Park-Unfav,Domain Adaptation (MMD),59,34,0,124,0.5,0.8772108554027415,0.6715368309207539,1,19,22,20.0
Park-Unfav,Domain Adaptation (MMD),59,35,0,80,0.5,0.8539820411823505,0.6715368309207539,2,19,23,19.5
Park-Unfav,Domain Adaptation (MMD),59,36,0,120,0.5,0.8086337546568976,0.6715368309207539,3,19,24,19.0
Park-Unfav,Domain Adaptation (MMD),59,37,0,108,0.5,0.8108630415816973,0.6715368309207539,4,19,25,18.5
Park-Unfav,Domain Adaptation (MMD),59,38,1,124,1.0,0.32341126680379656,0.6715368309207539,0,20,25,17.5
Park-Unfav,Domain Adaptation (MMD),59,39,0,68,0.5,1.1690410348378018,0.9999999999999963,1,20,26,17.0
Park-Unfav,Domain Adaptation (MMD),59,40,0,72,0.5,1.1274149824356166,0.9999999999999963,2,20,27,16.5
Park-Unfav,Domain Adaptation (MMD),59,41,0,96,0.5,1.0094799869130253,0.9999999999999963,3,20,28,16.0
Park-Unfav,Domain Adaptation (MMD),59,42,0,13,0.5,1.0363907383658504,0.9999999999999963,4,20,29,15.5
Park-Unfav,Domain Adaptation (MMD),59,43,1,64,1.0,0.22162707724575437,0.9999999999999963,0,21,29,14.5
Park-Unfav,Domain Adaptation (MMD),59,44,0,92,0.5,0.9286585615966895,0.9179523374452316,1,21,30,14.0
Park-Unfav,Domain Adaptation (MMD),59,45,0,104,0.5,0.860874132836857,0.9179523374452316,2,21,31,13.5
Park-Unfav,Domain Adaptation (MMD),59,46,0,100,0.5,0.9025191918998888,0.9179523374452316,3,21,32,13.0
Park-Unfav,Domain Adaptation (MMD),59,47,0,84,0.5,0.8195270587033019,0.9179523374452316,4,21,33,12.5
Park-Unfav,Domain Adaptation (MMD),59,48,1,112,1.0,0.3031645803091193,0.9179523374452316,0,22,33,11.5
Park-Unfav,Domain Adaptation (MMD),59,49,0,88,0.5,0.7983210379039137,0.8989078268220091,1,22,34,11.0
Park-Unfav,Domain Adaptation (MMD),59,50,0,61,0.5,0.6889247984291208,0.8989078268220091,2,22,35,10.5
Park-Unfav,Domain Adaptation (MMD),59,51,0,192,0.5,0.6122796624175451,0.8989078268220091,3,22,36,10.0
Park-Unfav,Domain Adaptation (MMD),59,52,0,5,0.5,0.6142256064361677,0.8989078268220091,4,22,37,9.5
Park-Unfav,Domain Adaptation (MMD),59,53,1,80,1.0,0.2259549957105459,0.8989078268220091,0,23,37,8.5
Park-Unfav,Domain Adaptation (MMD),59,54,0,9,0.5,0.5501011661111762,0.8937983856605982,1,23,38,8.0
Park-Unfav,Domain Adaptation (MMD),59,55,0,45,0.5,0.5328700358221823,0.8937983856605982,2,23,39,7.5
Park-Unfav,Domain Adaptation (MMD),59,56,0,29,0.5,0.5093409459455713,0.8937983856605982,3,23,40,7.0
Park-Unfav,Domain Adaptation (MMD),59,57,0,49,0.5,0.48708629976610346,0.8937983856605982,4,23,41,6.5
Park-Unfav,Domain Adaptation (MMD),59,58,1,96,1.0,0.2592638155665058,0.8937983856605982,0,24,41,5.5
Park-Unfav,Domain Adaptation (MMD),59,59,0,57,0.5,0.4999510736825943,0.8931025682529536,1,24,42,5.0
Park-Unfav,Domain Adaptation (MMD),59,60,0,53,0.5,0.4749742937064957,0.8931025682529536,2,24,43,4.5
Park-Unfav,Domain Adaptation (MMD),59,61,0,17,0.5,0.42271551021944787,0.8931025682529536,3,24,44,4.0
Park-Unfav,Domain Adaptation (MMD),59,62,0,33,0.5,0.43606622177551435,0.8931025682529536,4,24,45,3.5
Park-Unfav,Domain Adaptation (MMD),59,63,1,116,1.0,0.2158313554495474,0.8931025682529536,0,25,45,2.5
Park-Unfav,Domain Adaptation (MMD),59,64,0,25,0.5,0.4026328455308059,0.9055464073512047,1,25,46,2.0
Park-Unfav,Domain Adaptation (MMD),59,65,0,176,0.5,0.4884031135811583,0.9055464073512047,2,25,47,1.5
Park-Unfav,Domain Adaptation (MMD),59,66,0,188,0.5,0.40086193498646855,0.9055464073512047,3,25,48,1.0
Park-Unfav,Domain Adaptation (MMD),59,67,0,21,0.5,0.3950057935582029,0.9055464073512047,4,25,49,0.5
Park-Unfav,Domain Adaptation (MMD),59,68,0,41,0.5,0.3959242010600553,0.9055464073512047,5,25,50,0.0
Park-Unfav,Domain Adaptation (MMD),60,1,1,112,1.0,8.67097578213937,0.5,0,3,5,44.5
Park-Unfav,Domain Adaptation (MMD),60,2,0,48,0.5,3.078402587450017,0.5,1,3,6,44.0
Park-Unfav,Domain Adaptation (MMD),60,3,1,192,1.0,3.553396679967815,0.5,0,4,6,43.0
Park-Unfav,Domain Adaptation (MMD),60,4,0,0,0.5,2.1931556487590935,0.5,1,4,7,42.5
Park-Unfav,Domain Adaptation (MMD),60,5,1,243,1.0,2.1239515257289234,0.5,0,5,7,41.5
Park-Unfav,Domain Adaptation (MMD),60,6,1,0,1.0,2.4514457276634642,0.5,0,6,7,40.5
Park-Unfav,Domain Adaptation (MMD),60,7,0,60,0.5,2.4143731437331977,0.5,1,6,8,40.0
Park-Unfav,Domain Adaptation (MMD),60,8,1,32,1.0,2.1990772597052652,0.5,0,7,8,39.0
Park-Unfav,Domain Adaptation (MMD),60,9,0,52,0.5,2.0676936374326176,0.5,1,7,9,38.5
Park-Unfav,Domain Adaptation (MMD),60,10,0,204,0.5,2.5487609732280814,0.5,2,7,10,38.0
Park-Unfav,Domain Adaptation (MMD),60,11,0,20,0.5,1.9870369906146639,0.5,3,7,11,37.5
Park-Unfav,Domain Adaptation (MMD),60,12,0,16,0.5,1.8541131432667073,0.5,4,7,12,37.0
Park-Unfav,Domain Adaptation (MMD),60,13,1,16,1.0,1.838685817285403,0.5,0,8,12,36.0
Park-Unfav,Domain Adaptation (MMD),60,14,0,28,0.5,1.8528726694804878,0.5,1,8,13,35.5
Park-Unfav,Domain Adaptation (MMD),60,15,0,40,0.5,1.7694956228150447,0.5,2,8,14,35.0
Park-Unfav,Domain Adaptation (MMD),60,16,0,12,0.5,1.7273066904267402,0.5,3,8,15,34.5
Park-Unfav,Domain Adaptation (MMD),60,17,0,8,0.5,1.7263508609335874,0.5,4,8,16,34.0
Park-Unfav,Domain Adaptation (MMD),60,18,1,48,1.0,1.6440887530901243,0.5,0,9,16,33.0
Park-Unfav,Domain Adaptation (MMD),60,19,0,36,0.5,3.3216683979403157,1.0,1,9,17,32.5
Park-Unfav,Domain Adaptation (MMD),60,20,0,44,0.5,3.2427409203288033,1.0,2,9,18,32.0
Park-Unfav,Domain Adaptation (MMD),60,21,0,4,0.5,3.10010521068978,1.0,3,9,19,31.5
Park-Unfav,Domain Adaptation (MMD),60,22,0,56,0.5,3.0856414103627205,1.0,4,9,20,31.0
Park-Unfav,Domain Adaptation (MMD),60,23,1,52,1.0,1.3018675752390174,1.0,0,10,20,30.0
Park-Unfav,Domain Adaptation (MMD),60,24,0,24,0.5,1.832875844841437,0.6161654178943547,1,10,21,29.5
Park-Unfav,Domain Adaptation (MMD),60,25,0,61,0.5,1.4370076880293485,0.6161654178943547,2,10,22,29.0
Park-Unfav,Domain Adaptation (MMD),60,26,0,76,0.5,1.349600607071318,0.6161654178943547,3,10,23,28.5
Park-Unfav,Domain Adaptation (MMD),60,27,0,124,0.5,1.3402250254199848,0.6161654178943547,4,10,24,28.0
Park-Unfav,Domain Adaptation (MMD),60,28,1,96,1.0,1.220880224271542,0.6161654178943547,0,11,24,27.0
Park-Unfav,Domain Adaptation (MMD),60,29,0,116,0.5,1.2232843071397173,0.6161654178943547,1,11,25,26.5
Park-Unfav,Domain Adaptation (MMD),60,30,0,64,0.5,1.2277861970889656,0.6161654178943547,2,11,26,26.0
Park-Unfav,Domain Adaptation (MMD),60,31,0,72,0.5,1.1812656201202631,0.6161654178943547,3,11,27,25.5
Park-Unfav,Domain Adaptation (MMD),60,32,0,108,0.5,1.1598056038343025,0.6161654178943547,4,11,28,25.0
Park-Unfav,Domain Adaptation (MMD),60,33,1,36,1.0,1.0133210008834799,0.6161654178943547,0,12,28,24.0
Park-Unfav,Domain Adaptation (MMD),60,34,0,120,0.5,1.1509286770894687,0.6179611120040751,1,12,29,23.5
Park-Unfav,Domain Adaptation (MMD),60,35,0,68,0.5,1.1056663250672587,0.6179611120040751,2,12,30,23.0
Park-Unfav,Domain Adaptation (MMD),60,36,0,80,0.5,1.0870570678871891,0.6179611120040751,3,12,31,22.5
Park-Unfav,Domain Adaptation (MMD),60,37,0,92,0.5,1.0425646075582033,0.6179611120040751,4,12,32,22.0
Park-Unfav,Domain Adaptation (MMD),60,38,1,20,1.0,0.9908738502398093,0.6179611120040751,0,13,32,21.0
Park-Unfav,Domain Adaptation (MMD),60,39,1,80,1.0,0.9912261465230379,0.5426859746857935,0,14,32,20.0
Park-Unfav,Domain Adaptation (MMD),60,40,0,13,0.5,1.6683361480512038,0.999999999999998,1,14,33,19.5
Park-Unfav,Domain Adaptation (MMD),60,41,0,100,0.5,1.5549736601470534,0.999999999999998,2,14,34,19.0
Park-Unfav,Domain Adaptation (MMD),60,42,0,104,0.5,1.5273151226151915,0.999999999999998,3,14,35,18.5
Park-Unfav,Domain Adaptation (MMD),60,43,0,84,0.5,1.481947933645114,0.999999999999998,4,14,36,18.0
Park-Unfav,Domain Adaptation (MMD),60,44,1,64,1.0,0.887318125853281,0.999999999999998,0,15,36,17.0
Park-Unfav,Domain Adaptation (MMD),60,45,0,49,0.5,1.562508202897032,0.9999999999999988,1,15,37,16.5
Park-Unfav,Domain Adaptation (MMD),60,46,0,88,0.5,1.453829391462752,0.9999999999999988,2,15,38,16.0
Park-Unfav,Domain Adaptation (MMD),60,47,0,1,0.5,1.4054279955479745,0.9999999999999988,3,15,39,15.5
Park-Unfav,Domain Adaptation (MMD),60,48,0,53,0.5,1.2806638646034039,0.9999999999999988,4,15,40,15.0
Park-Unfav,Domain Adaptation (MMD),60,49,1,56,1.0,0.8922981310607319,0.9999999999999988,0,16,40,14.0
Park-Unfav,Domain Adaptation (MMD),60,50,0,29,0.5,1.1858824724777304,0.9999999999999972,1,16,41,13.5
Park-Unfav,Domain Adaptation (MMD),60,51,0,45,0.5,1.1020670436412572,0.9999999999999972,2,16,42,13.0
Park-Unfav,Domain Adaptation (MMD),60,52,0,57,0.5,1.1722008068537153,0.9999999999999972,3,16,43,12.5
Park-Unfav,Domain Adaptation (MMD),60,53,0,17,0.5,1.0850245548622264,0.9999999999999972,4,16,44,12.0
Park-Unfav,Domain Adaptation (MMD),60,54,1,40,1.0,0.7512172035300742,0.9999999999999972,0,17,44,11.0
Park-Unfav,Domain Adaptation (MMD),60,55,0,33,0.5,1.0630275691685875,0.9999999999999961,1,17,45,10.5
Park-Unfav,Domain Adaptation (MMD),60,56,0,9,0.5,0.9926463084173309,0.9999999999999961,2,17,46,10.0
Park-Unfav,Domain Adaptation (MMD),60,57,0,188,0.5,1.0071462855254008,0.9999999999999961,3,17,47,9.5
Park-Unfav,Domain Adaptation (MMD),60,58,0,25,0.5,0.9288258368286438,0.9999999999999961,4,17,48,9.0
Park-Unfav,Domain Adaptation (MMD),60,59,1,116,1.0,0.7333910194841943,0.9999999999999961,0,18,48,8.0
Park-Unfav,Domain Adaptation (MMD),60,60,1,4,1.0,0.9044978261197403,0.9825140744005758,0,19,48,7.0
Park-Unfav,Domain Adaptation (MMD),60,61,0,128,0.5,0.9251846731194737,0.9830305363720948,1,19,49,6.5
Park-Unfav,Domain Adaptation (MMD),60,62,0,37,0.5,0.90682439280639,0.9830305363720948,2,19,50,6.0
Park-Unfav,Domain Adaptation (MMD),60,63,0,41,0.5,0.8689832297418816,0.9830305363720948,3,19,51,5.5
Park-Unfav,Domain Adaptation (MMD),60,64,0,21,0.5,0.7989939348723755,0.9830305363720948,4,19,52,5.0
Park-Unfav,Domain Adaptation (MMD),60,65,1,24,1.0,0.6767046128205945,0.9830305363720948,0,20,52,4.0
Park-Unfav,Domain Adaptation (MMD),60,66,1,60,1.0,0.7808685193768617,0.9834442928907853,0,21,52,3.0
Park-Unfav,Domain Adaptation (MMD),60,67,1,12,1.0,0.9571745421376809,0.9837832098172268,0,22,52,2.0
Park-Unfav,Domain Adaptation (MMD),60,68,1,44,1.0,0.8448263200167548,0.9840659085167983,0,23,52,1.0
Park-Unfav,Domain Adaptation (MMD),60,69,1,8,1.0,0.9608366072815415,0.9843053056236882,0,24,52,0.0
Park-Unfav,Domain Adaptation (MMD),61,1,0,32,0.5,2.513139524457463,0.5,1,2,6,45.0
Park-Unfav,Domain Adaptation (MMD),61,2,1,48,1.0,2.4639757481501965,0.5,0,3,6,44.0
Park-Unfav,Domain Adaptation (MMD),61,3,1,51,1.0,1.5758195447831946,0.5,0,4,6,43.0
Park-Unfav,Domain Adaptation (MMD),61,4,1,60,1.0,2.039021068445522,0.5,0,5,6,42.0
Park-Unfav,Domain Adaptation (MMD),61,5,1,12,1.0,1.801690580417472,0.5,0,6,6,41.0
Park-Unfav,Domain Adaptation (MMD),61,6,0,52,0.5,1.6453144810415525,0.5,1,6,7,40.5
Park-Unfav,Domain Adaptation (MMD),61,7,1,20,1.0,1.7691366863875122,0.5,0,7,7,39.5
Park-Unfav,Domain Adaptation (MMD),61,8,0,8,0.5,1.8514668588175414,0.5,1,7,8,39.0
Park-Unfav,Domain Adaptation (MMD),61,9,1,24,1.0,1.6393269975037197,0.5,0,8,8,38.0
Park-Unfav,Domain Adaptation (MMD),61,10,1,0,1.0,1.593074603942954,0.5,0,9,8,37.0
Park-Unfav,Domain Adaptation (MMD),61,11,0,44,0.5,1.6104571087114197,0.5,1,9,9,36.5
Park-Unfav,Domain Adaptation (MMD),61,12,1,40,1.0,1.4529943227014606,0.5,0,10,9,35.5
Park-Unfav,Domain Adaptation (MMD),61,13,0,4,0.5,1.4032754978677335,0.5,1,10,10,35.0
Park-Unfav,Domain Adaptation (MMD),61,14,0,56,0.5,1.3874347269047445,0.5,2,10,11,34.5
Park-Unfav,Domain Adaptation (MMD),61,15,1,16,1.0,1.384554514446853,0.5,0,11,11,33.5
Park-Unfav,Domain Adaptation (MMD),61,16,1,4,1.0,1.3514096431469371,0.5,0,12,11,32.5
Park-Unfav,Domain Adaptation (MMD),61,17,1,36,1.0,1.3585245443033558,0.5,0,13,11,31.5
Park-Unfav,Domain Adaptation (MMD),61,18,1,8,1.0,1.2433347033656441,0.5,0,14,11,30.5
Park-Unfav,Domain Adaptation (MMD),61,19,0,28,0.5,1.2924504273062642,0.5,1,14,12,30.0
Park-Unfav,Domain Adaptation (MMD),61,20,1,32,1.0,1.2093905482689595,0.5,0,15,12,29.0
Park-Unfav,Domain Adaptation (MMD),61,21,1,28,1.0,1.1464536159556553,0.2248483685855644,0,16,12,28.0
Park-Unfav,Domain Adaptation (MMD),61,22,1,56,1.0,1.1292459111699047,0.565598795995631,0,17,12,27.0
Park-Unfav,Domain Adaptation (MMD),61,23,1,52,1.0,1.0912294159415155,0.5718055817944622,0,18,12,26.0
Park-Unfav,Domain Adaptation (MMD),61,24,1,44,1.0,1.0181473432501502,0.46763849459371953,0,19,12,25.0
Park-Unfav,Domain Adaptation (MMD),61,25,0,13,0.5,0.8334633923989482,0.595241994952403,1,19,13,24.5
Park-Unfav,Domain Adaptation (MMD),61,26,0,61,0.5,0.8395836472930022,0.595241994952403,2,19,14,24.0
Park-Unfav,Domain Adaptation (MMD),61,27,0,64,0.5,0.8821369453188872,0.595241994952403,3,19,15,23.5
Park-Unfav,Domain Adaptation (MMD),61,28,0,68,0.5,0.7655330609119199,0.595241994952403,4,19,16,23.0
Park-Unfav,Domain Adaptation (MMD),61,29,1,124,1.0,0.4258723292691247,0.595241994952403,0,20,16,22.0
Park-Unfav,Domain Adaptation (MMD),61,30,0,76,0.5,0.7537977622501019,0.595241994952403,1,20,17,21.5
Park-Unfav,Domain Adaptation (MMD),61,31,0,112,0.5,0.6926077149260222,0.595241994952403,2,20,18,21.0
Park-Unfav,Domain Adaptation (MMD),61,32,0,96,0.5,0.791460674862421,0.595241994952403,3,20,19,20.5
Park-Unfav,Domain Adaptation (MMD),61,33,0,72,0.5,0.7056186971536179,0.595241994952403,4,20,20,20.0
Park-Unfav,Domain Adaptation (MMD),61,34,1,76,1.0,0.333381769568846,0.595241994952403,0,21,20,19.0
Park-Unfav,Domain Adaptation (MMD),61,35,0,92,0.5,1.0397452665451032,0.9999999999999979,1,21,21,18.5
Park-Unfav,Domain Adaptation (MMD),61,36,0,116,0.5,1.0209547152539173,0.9999999999999979,2,21,22,18.0
Park-Unfav,Domain Adaptation (MMD),61,37,0,120,0.5,1.056704286914207,0.9999999999999979,3,21,23,17.5
Park-Unfav,Domain Adaptation (MMD),61,38,0,100,0.5,1.0089184315267001,0.9999999999999979,4,21,24,17.0
Park-Unfav,Domain Adaptation (MMD),61,39,1,112,1.0,0.286423227089633,0.9999999999999979,0,22,24,16.0
Park-Unfav,Domain Adaptation (MMD),61,40,0,108,0.5,0.8813983041082922,0.9116605891502092,1,22,25,15.5
Park-Unfav,Domain Adaptation (MMD),61,41,0,84,0.5,0.8185480069493936,0.9116605891502092,2,22,26,15.0
Park-Unfav,Domain Adaptation (MMD),61,42,0,88,0.5,0.8110665892199952,0.9116605891502092,3,22,27,14.5
Park-Unfav,Domain Adaptation (MMD),61,43,0,104,0.5,0.8037245078073229,0.9116605891502092,4,22,28,14.0
Park-Unfav,Domain Adaptation (MMD),61,44,1,64,1.0,0.31771693859675354,0.9116605891502092,0,23,28,13.0
Park-Unfav,Domain Adaptation (MMD),61,45,0,1,0.5,0.6874209907817898,0.8885223312865401,1,23,29,12.5
Park-Unfav,Domain Adaptation (MMD),61,46,0,45,0.5,0.6252595046572835,0.8885223312865401,2,23,30,12.0
Park-Unfav,Domain Adaptation (MMD),61,47,0,5,0.5,0.5367647090721113,0.8885223312865401,3,23,31,11.5
Park-Unfav,Domain Adaptation (MMD),61,48,0,140,0.5,0.5031702104427493,0.8885223312865401,4,23,32,11.0
Park-Unfav,Domain Adaptation (MMD),61,49,1,96,1.0,0.2594540596435445,0.8885223312865401,0,24,32,10.0
Park-Unfav,Domain Adaptation (MMD),61,50,0,49,0.5,0.5308527173106666,0.8804061038618037,1,24,33,9.5
Park-Unfav,Domain Adaptation (MMD),61,51,0,57,0.5,0.5040173077617895,0.8804061038618037,2,24,34,9.0
Park-Unfav,Domain Adaptation (MMD),61,52,0,29,0.5,0.5217510048210454,0.8804061038618037,3,24,35,8.5
Park-Unfav,Domain Adaptation (MMD),61,53,0,53,0.5,0.4934144544839802,0.8804061038618037,4,24,36,8.0
Park-Unfav,Domain Adaptation (MMD),61,54,1,116,1.0,0.2236681044319231,0.8804061038618037,0,25,36,7.0
Park-Unfav,Domain Adaptation (MMD),61,55,0,17,0.5,0.4690828185933751,0.8946395541309227,1,25,37,6.5
Park-Unfav,Domain Adaptation (MMD),61,56,0,41,0.5,0.4228294306283856,0.8946395541309227,2,25,38,6.0
Park-Unfav,Domain Adaptation (MMD),61,57,0,128,0.5,0.45135531951344515,0.8946395541309227,3,25,39,5.5
Park-Unfav,Domain Adaptation (MMD),61,58,0,33,0.5,0.4345380260073273,0.8946395541309227,4,25,40,5.0
Park-Unfav,Domain Adaptation (MMD),61,59,1,100,1.0,0.21640477554277915,0.8946395541309227,0,26,40,4.0
Park-Unfav,Domain Adaptation (MMD),61,60,0,9,0.5,0.40782340633041486,0.904276239987758,1,26,41,3.5
Park-Unfav,Domain Adaptation (MMD),61,61,0,21,0.5,0.3936343706912732,0.904276239987758,2,26,42,3.0
Park-Unfav,Domain Adaptation (MMD),61,62,0,37,0.5,0.4010024998207771,0.904276239987758,3,26,43,2.5
Park-Unfav,Domain Adaptation (MMD),61,63,0,176,0.5,0.3781751415620762,0.904276239987758,4,26,44,2.0
Park-Unfav,Domain Adaptation (MMD),61,64,1,120,1.0,0.1943639995955082,0.904276239987758,0,27,44,1.0
Park-Unfav,Domain Adaptation (MMD),61,65,0,25,0.5,0.3580359828765005,0.9066659665882,1,27,45,0.5
Park-Unfav,Domain Adaptation (MMD),61,66,0,188,0.5,0.2970782836658669,0.9066659665882,2,27,46,0.0
