benchmark,model,seed,step,fidelity_chosen,candidate_idx,cost,score_max,alpha,consecutive_lf_count,n_hf_so_far,n_lf_so_far,remaining_budget
FreeSolv,Progressive,42,1,0,144,0.1,13.367485889270585,0.5,1,2,26,45.4
FreeSolv,Progressive,42,2,1,515,1.0,11.388865233403706,0.5,0,3,26,44.4
FreeSolv,Progressive,42,3,0,182,0.1,12.233730178075719,0.5,1,3,27,44.3
FreeSolv,Progressive,42,4,0,49,0.1,12.20782535774017,0.5,2,3,28,44.199999999999996
FreeSolv,Progressive,42,5,0,122,0.1,11.088287411206036,0.5,3,3,29,44.1
FreeSolv,Progressive,42,6,0,266,0.1,11.799071574744232,0.5,4,3,30,44.0
FreeSolv,Progressive,42,7,0,251,0.1,11.042433959909804,0.5,5,3,31,43.9
FreeSolv,Progressive,42,8,0,39,0.1,11.503152551628103,0.5,6,3,32,43.800000000000004
FreeSolv,Progressive,42,9,0,492,0.1,11.093712438294116,0.5,7,3,33,43.7
FreeSolv,Progressive,42,10,0,87,0.1,11.33611847615793,0.5,8,3,34,43.6
FreeSolv,Progressive,42,11,0,91,0.1,12.744560754403626,0.5,9,3,35,43.5
FreeSolv,Progressive,42,12,0,444,0.1,10.141704816817674,0.5,10,3,36,43.4
FreeSolv,Progressive,42,13,0,550,0.1,11.807969446616413,0.5,11,3,37,43.300000000000004
FreeSolv,Progressive,42,14,0,61,0.1,10.113272891946977,0.5,12,3,38,43.2
FreeSolv,Progressive,42,15,0,80,0.1,10.383585036082087,0.5,13,3,39,43.1
FreeSolv,Progressive,42,16,0,595,0.1,9.744836128106238,0.5,14,3,40,43.00000000000001
FreeSolv,Progressive,42,17,0,139,0.1,9.710300226329387,0.5,15,3,41,42.900000000000006
FreeSolv,Progressive,42,18,0,393,0.1,9.539284902128943,0.5,16,3,42,42.800000000000004
FreeSolv,Progressive,42,19,0,206,0.1,9.71540748209105,0.5,17,3,43,42.7
FreeSolv,Progressive,42,20,0,619,0.1,9.25129302373262,0.5,18,3,44,42.6
FreeSolv,Progressive,42,21,0,6,0.1,8.983636419042549,0.5,19,3,45,42.50000000000001
FreeSolv,Progressive,42,22,0,596,0.1,10.539710423974864,0.5,20,3,46,42.400000000000006
FreeSolv,Progressive,42,23,1,542,1.0,4.444431533350921,0.5,0,4,46,41.400000000000006
FreeSolv,Progressive,42,24,0,501,0.1,8.930120483369814,0.5,1,4,47,41.300000000000004
FreeSolv,Progressive,42,25,0,8,0.1,9.262256267724178,0.5,2,4,48,41.20000000000001
FreeSolv,Progressive,42,26,0,41,0.1,9.023704069076087,0.5,3,4,49,41.10000000000001
FreeSolv,Progressive,42,27,0,129,0.1,8.985283346753745,0.5,4,4,50,41.00000000000001
FreeSolv,Progressive,42,28,0,380,0.1,9.222483243215972,0.5,5,4,51,40.900000000000006
FreeSolv,Progressive,42,29,0,269,0.1,8.512762248629858,0.5,6,4,52,40.800000000000004
FreeSolv,Progressive,42,30,0,284,0.1,9.729988838326841,0.5,7,4,53,40.70000000000001
FreeSolv,Progressive,42,31,0,83,0.1,8.653590007941997,0.5,8,4,54,40.60000000000001
FreeSolv,Progressive,42,32,0,96,0.1,8.76586776481458,0.5,9,4,55,40.50000000000001
FreeSolv,Progressive,42,33,0,328,0.1,9.359883206104778,0.5,10,4,56,40.40000000000001
FreeSolv,Progressive,42,34,0,233,0.1,9.347878280234317,0.5,11,4,57,40.30000000000001
FreeSolv,Progressive,42,35,0,286,0.1,8.6603310584691,0.5,12,4,58,40.20000000000001
FreeSolv,Progressive,42,36,0,564,0.1,8.948920538056827,0.5,13,4,59,40.10000000000001
FreeSolv,Progressive,42,37,0,232,0.1,8.562448346930573,0.5,14,4,60,40.00000000000001
FreeSolv,Progressive,42,38,0,258,0.1,9.288247877826356,0.5,15,4,61,39.90000000000001
FreeSolv,Progressive,42,39,0,301,0.1,8.803010836160547,0.5,16,4,62,39.80000000000001
FreeSolv,Progressive,42,40,0,633,0.1,8.44880165177948,0.5,17,4,63,39.70000000000001
FreeSolv,Progressive,42,41,0,502,0.1,8.56317443098337,0.5,18,4,64,39.600000000000016
FreeSolv,Progressive,42,42,0,599,0.1,8.555110893623473,0.5,19,4,65,39.500000000000014
FreeSolv,Progressive,42,43,0,422,0.1,8.746389279355467,0.5,20,4,66,39.40000000000001
FreeSolv,Progressive,42,44,1,447,1.0,4.064202636191986,0.5,0,5,66,38.40000000000001
FreeSolv,Progressive,42,45,0,497,0.1,17.236017296034305,0.9993057415231078,1,5,67,38.30000000000001
FreeSolv,Progressive,42,46,0,572,0.1,17.801518803715094,0.9993057415231078,2,5,68,38.20000000000001
FreeSolv,Progressive,42,47,0,19,0.1,17.041050953051997,0.9993057415231078,3,5,69,38.100000000000016
FreeSolv,Progressive,42,48,0,577,0.1,18.119895653356313,0.9993057415231078,4,5,70,38.000000000000014
FreeSolv,Progressive,42,49,0,589,0.1,17.19690798589439,0.9993057415231078,5,5,71,37.90000000000001
FreeSolv,Progressive,42,50,0,540,0.1,17.83563292521795,0.9993057415231078,6,5,72,37.80000000000002
FreeSolv,Progressive,42,51,0,250,0.1,17.992273582061106,0.9993057415231078,7,5,73,37.70000000000002
FreeSolv,Progressive,42,52,0,505,0.1,17.856929273902153,0.9993057415231078,8,5,74,37.600000000000016
FreeSolv,Progressive,42,53,0,255,0.1,17.69803543891002,0.9993057415231078,9,5,75,37.500000000000014
FreeSolv,Progressive,42,54,0,581,0.1,17.6362818792862,0.9993057415231078,10,5,76,37.40000000000001
FreeSolv,Progressive,42,55,0,533,0.1,17.58507237372175,0.9993057415231078,11,5,77,37.30000000000002
FreeSolv,Progressive,42,56,0,136,0.1,17.345873415586677,0.9993057415231078,12,5,78,37.20000000000002
FreeSolv,Progressive,42,57,0,584,0.1,17.071674646171193,0.9993057415231078,13,5,79,37.100000000000016
FreeSolv,Progressive,42,58,0,159,0.1,16.586984198218207,0.9993057415231078,14,5,80,37.00000000000002
FreeSolv,Progressive,42,59,0,192,0.1,16.10701824879902,0.9993057415231078,15,5,81,36.90000000000002
FreeSolv,Progressive,42,60,0,369,0.1,15.827177344501033,0.9993057415231078,16,5,82,36.80000000000002
FreeSolv,Progressive,42,61,0,339,0.1,15.009089320211077,0.9993057415231078,17,5,83,36.70000000000002
FreeSolv,Progressive,42,62,0,299,0.1,15.650202051056452,0.9993057415231078,18,5,84,36.600000000000016
FreeSolv,Progressive,42,63,0,626,0.1,15.15393488799179,0.9993057415231078,19,5,85,36.50000000000002
FreeSolv,Progressive,42,64,0,105,0.1,14.746191585250019,0.9993057415231078,20,5,86,36.40000000000002
FreeSolv,Progressive,42,65,1,596,1.0,3.39268301140689,0.9993057415231078,0,6,86,35.40000000000002
FreeSolv,Progressive,42,66,0,75,0.1,15.390595758526395,0.9953452668314124,1,6,87,35.30000000000002
FreeSolv,Progressive,42,67,0,410,0.1,15.104401585221282,0.9953452668314124,2,6,88,35.200000000000024
FreeSolv,Progressive,42,68,0,276,0.1,14.436991293813183,0.9953452668314124,3,6,89,35.10000000000002
FreeSolv,Progressive,42,69,0,638,0.1,15.332958871655581,0.9953452668314124,4,6,90,35.00000000000002
FreeSolv,Progressive,42,70,0,191,0.1,14.524912197564369,0.9953452668314124,5,6,91,34.90000000000002
FreeSolv,Progressive,42,71,0,461,0.1,14.39319920858179,0.9953452668314124,6,6,92,34.80000000000002
FreeSolv,Progressive,42,72,0,379,0.1,13.539905699437462,0.9953452668314124,7,6,93,34.700000000000024
FreeSolv,Progressive,42,73,0,66,0.1,13.792116382827887,0.9953452668314124,8,6,94,34.60000000000002
FreeSolv,Progressive,42,74,0,486,0.1,14.20293296803105,0.9953452668314124,9,6,95,34.50000000000002
FreeSolv,Progressive,42,75,0,327,0.1,13.771661076971288,0.9953452668314124,10,6,96,34.40000000000003
FreeSolv,Progressive,42,76,0,337,0.1,14.2926732718452,0.9953452668314124,11,6,97,34.300000000000026
FreeSolv,Progressive,42,77,0,263,0.1,14.008707377708093,0.9953452668314124,12,6,98,34.200000000000024
FreeSolv,Progressive,42,78,0,259,0.1,13.0449766580537,0.9953452668314124,13,6,99,34.10000000000002
FreeSolv,Progressive,42,79,0,31,0.1,13.07098876544996,0.9953452668314124,14,6,100,34.00000000000002
FreeSolv,Progressive,42,80,0,2,0.1,12.868902383131227,0.9953452668314124,15,6,101,33.90000000000003
FreeSolv,Progressive,42,81,0,436,0.1,12.650347245504696,0.9953452668314124,16,6,102,33.800000000000026
FreeSolv,Progressive,42,82,0,279,0.1,12.379705931229768,0.9953452668314124,17,6,103,33.700000000000024
FreeSolv,Progressive,42,83,0,204,0.1,12.010576661676843,0.9953452668314124,18,6,104,33.60000000000002
FreeSolv,Progressive,42,84,0,620,0.1,12.344590122438579,0.9953452668314124,19,6,105,33.50000000000002
FreeSolv,Progressive,42,85,0,148,0.1,12.40620292554205,0.9953452668314124,20,6,106,33.40000000000002
FreeSolv,Progressive,42,86,1,261,1.0,2.2499373175100237,0.9953452668314124,0,7,106,32.40000000000002
FreeSolv,Progressive,42,87,0,517,0.1,11.999297316575221,0.9960406093894026,1,7,107,32.30000000000002
FreeSolv,Progressive,42,88,0,186,0.1,14.27288480464979,0.9960406093894026,2,7,108,32.20000000000002
FreeSolv,Progressive,42,89,0,563,0.1,11.298497400225644,0.9960406093894026,3,7,109,32.100000000000016
FreeSolv,Progressive,42,90,0,53,0.1,10.988998653587947,0.9960406093894026,4,7,110,32.000000000000014
FreeSolv,Progressive,42,91,0,456,0.1,10.610692492132921,0.9960406093894026,5,7,111,31.900000000000013
FreeSolv,Progressive,42,92,0,384,0.1,11.682865517222853,0.9960406093894026,6,7,112,31.80000000000001
FreeSolv,Progressive,42,93,0,193,0.1,10.431537769506804,0.9960406093894026,7,7,113,31.70000000000001
FreeSolv,Progressive,42,94,0,624,0.1,10.87543628856736,0.9960406093894026,8,7,114,31.60000000000001
FreeSolv,Progressive,42,95,0,313,0.1,11.584065617328722,0.9960406093894026,9,7,115,31.500000000000007
FreeSolv,Progressive,42,96,0,257,0.1,11.026501605407212,0.9960406093894026,10,7,116,31.400000000000006
FreeSolv,Progressive,42,97,0,319,0.1,10.453255008171693,0.9960406093894026,11,7,117,31.300000000000004
FreeSolv,Progressive,42,98,0,63,0.1,10.835888952751601,0.9960406093894026,12,7,118,31.200000000000003
FreeSolv,Progressive,42,99,0,597,0.1,9.612207762406952,0.9960406093894026,13,7,119,31.1
FreeSolv,Progressive,42,100,0,592,0.1,10.401441906202706,0.9960406093894026,14,7,120,31.0
FreeSolv,Progressive,42,101,0,147,0.1,9.743672649419475,0.9960406093894026,15,7,121,30.9
FreeSolv,Progressive,42,102,0,413,0.1,9.059796152530966,0.9960406093894026,16,7,122,30.799999999999997
FreeSolv,Progressive,42,103,0,631,0.1,8.36638849722848,0.9960406093894026,17,7,123,30.699999999999996
FreeSolv,Progressive,42,104,0,622,0.1,9.191509321750692,0.9960406093894026,18,7,124,30.599999999999994
FreeSolv,Progressive,42,105,0,377,0.1,9.4447057842142,0.9960406093894026,19,7,125,30.499999999999993
FreeSolv,Progressive,42,106,0,425,0.1,8.76904987381617,0.9960406093894026,20,7,126,30.39999999999999
FreeSolv,Progressive,42,107,1,182,1.0,4.063780392805125,0.9960406093894026,0,8,126,29.39999999999999
FreeSolv,Progressive,42,108,0,282,0.1,8.571680638100657,0.9675555655600442,1,8,127,29.29999999999999
FreeSolv,Progressive,42,109,0,30,0.1,8.198040649573645,0.9675555655600442,2,8,128,29.19999999999999
FreeSolv,Progressive,42,110,0,84,0.1,8.100634738924464,0.9675555655600442,3,8,129,29.099999999999987
FreeSolv,Progressive,42,111,0,437,0.1,8.926095480764637,0.9675555655600442,4,8,130,28.999999999999986
FreeSolv,Progressive,42,112,0,141,0.1,8.473099692651394,0.9675555655600442,5,8,131,28.899999999999984
FreeSolv,Progressive,42,113,0,472,0.1,7.919413483336286,0.9675555655600442,6,8,132,28.799999999999983
FreeSolv,Progressive,42,114,0,140,0.1,8.4193674917194,0.9675555655600442,7,8,133,28.69999999999998
FreeSolv,Progressive,42,115,0,365,0.1,7.978467872706811,0.9675555655600442,8,8,134,28.59999999999998
FreeSolv,Progressive,42,116,0,383,0.1,7.896802945782497,0.9675555655600442,9,8,135,28.49999999999998
FreeSolv,Progressive,42,117,0,351,0.1,7.703868258208922,0.9675555655600442,10,8,136,28.399999999999977
FreeSolv,Progressive,42,118,0,77,0.1,7.1040917669458485,0.9675555655600442,11,8,137,28.299999999999976
FreeSolv,Progressive,42,119,0,289,0.1,7.107138975236179,0.9675555655600442,12,8,138,28.199999999999974
FreeSolv,Progressive,42,120,0,361,0.1,7.936732330683418,0.9675555655600442,13,8,139,28.099999999999973
FreeSolv,Progressive,42,121,0,280,0.1,7.901252457689611,0.9675555655600442,14,8,140,27.99999999999997
FreeSolv,Progressive,42,122,0,126,0.1,8.028205457351953,0.9675555655600442,15,8,141,27.89999999999997
FreeSolv,Progressive,42,123,0,214,0.1,7.0784092083062315,0.9675555655600442,16,8,142,27.79999999999997
FreeSolv,Progressive,42,124,0,10,0.1,7.009020129523012,0.9675555655600442,17,8,143,27.699999999999967
FreeSolv,Progressive,42,125,0,499,0.1,7.018874526578764,0.9675555655600442,18,8,144,27.599999999999966
FreeSolv,Progressive,42,126,0,471,0.1,6.613726181173612,0.9675555655600442,19,8,145,27.499999999999964
FreeSolv,Progressive,42,127,0,238,0.1,7.331987659679087,0.9675555655600442,20,8,146,27.399999999999963
FreeSolv,Progressive,42,128,1,212,1.0,1.646591419562777,0.9675555655600442,0,9,146,26.399999999999963
FreeSolv,Progressive,42,129,0,317,0.1,6.672223228407793,0.9639542614291854,1,9,147,26.29999999999996
FreeSolv,Progressive,42,130,0,128,0.1,6.890871082909154,0.9639542614291854,2,9,148,26.19999999999996
FreeSolv,Progressive,42,131,0,106,0.1,6.663003789368866,0.9639542614291854,3,9,149,26.09999999999996
FreeSolv,Progressive,42,132,0,546,0.1,6.829696001460739,0.9639542614291854,4,9,150,25.999999999999957
FreeSolv,Progressive,42,133,0,608,0.1,6.345126265917485,0.9639542614291854,5,9,151,25.899999999999956
FreeSolv,Progressive,42,134,0,104,0.1,6.495238478186045,0.9639542614291854,6,9,152,25.799999999999955
FreeSolv,Progressive,42,135,0,178,0.1,5.9845997671653,0.9639542614291854,7,9,153,25.699999999999953
FreeSolv,Progressive,42,136,0,85,0.1,6.0007752253659,0.9639542614291854,8,9,154,25.59999999999995
FreeSolv,Progressive,42,137,0,532,0.1,6.125806218811059,0.9639542614291854,9,9,155,25.49999999999995
FreeSolv,Progressive,42,138,0,200,0.1,6.1905577986535825,0.9639542614291854,10,9,156,25.39999999999995
FreeSolv,Progressive,42,139,0,99,0.1,5.610113204845245,0.9639542614291854,11,9,157,25.299999999999947
FreeSolv,Progressive,42,140,0,293,0.1,5.665514872379434,0.9639542614291854,12,9,158,25.199999999999946
FreeSolv,Progressive,42,141,0,86,0.1,6.170010401037791,0.9639542614291854,13,9,159,25.099999999999945
FreeSolv,Progressive,42,142,0,386,0.1,5.548886222373871,0.9639542614291854,14,9,160,24.999999999999943
FreeSolv,Progressive,42,143,0,368,0.1,5.65941899792916,0.9639542614291854,15,9,161,24.89999999999994
FreeSolv,Progressive,42,144,0,524,0.1,5.707093889084565,0.9639542614291854,16,9,162,24.79999999999994
FreeSolv,Progressive,42,145,0,272,0.1,5.152402329419665,0.9639542614291854,17,9,163,24.69999999999994
FreeSolv,Progressive,42,146,0,224,0.1,5.1084546310905,0.9639542614291854,18,9,164,24.599999999999937
FreeSolv,Progressive,42,147,0,558,0.1,5.193612446837948,0.9639542614291854,19,9,165,24.499999999999936
FreeSolv,Progressive,42,148,0,283,0.1,5.019372598765239,0.9639542614291854,20,9,166,24.399999999999935
FreeSolv,Progressive,42,149,1,392,1.0,2.8028954055144952,0.9639542614291854,0,10,166,23.399999999999935
FreeSolv,Progressive,42,150,0,618,0.1,5.479982293351768,0.9477121461269848,1,10,167,23.299999999999933
FreeSolv,Progressive,42,151,0,292,0.1,5.382858198410721,0.9477121461269848,2,10,168,23.199999999999932
FreeSolv,Progressive,42,152,0,340,0.1,4.688289480069002,0.9477121461269848,3,10,169,23.09999999999993
FreeSolv,Progressive,42,153,0,110,0.1,4.890974230171155,0.9477121461269848,4,10,170,22.99999999999993
FreeSolv,Progressive,42,154,0,149,0.1,4.411638252562724,0.9477121461269848,5,10,171,22.899999999999928
FreeSolv,Progressive,42,155,0,509,0.1,4.573547997169108,0.9477121461269848,6,10,172,22.799999999999926
FreeSolv,Progressive,42,156,0,446,0.1,4.475768417549737,0.9477121461269848,7,10,173,22.699999999999925
FreeSolv,Progressive,42,157,0,451,0.1,4.398207593375285,0.9477121461269848,8,10,174,22.599999999999923
FreeSolv,Progressive,42,158,0,166,0.1,4.340066066152968,0.9477121461269848,9,10,175,22.499999999999922
FreeSolv,Progressive,42,159,0,172,0.1,4.3808232913392455,0.9477121461269848,10,10,176,22.39999999999992
FreeSolv,Progressive,42,160,0,398,0.1,4.206885948595802,0.9477121461269848,11,10,177,22.29999999999992
FreeSolv,Progressive,42,161,0,336,0.1,4.0322243915525595,0.9477121461269848,12,10,178,22.199999999999918
FreeSolv,Progressive,42,162,0,54,0.1,4.32977932634772,0.9477121461269848,13,10,179,22.099999999999916
FreeSolv,Progressive,42,163,0,268,0.1,4.4394385573616395,0.9477121461269848,14,10,180,21.999999999999915
FreeSolv,Progressive,42,164,0,37,0.1,4.058668869034136,0.9477121461269848,15,10,181,21.899999999999913
FreeSolv,Progressive,42,165,0,183,0.1,4.06588391829031,0.9477121461269848,16,10,182,21.799999999999912
FreeSolv,Progressive,42,166,0,485,0.1,4.19833585024491,0.9477121461269848,17,10,183,21.69999999999991
FreeSolv,Progressive,42,167,0,119,0.1,3.961640186380614,0.9477121461269848,18,10,184,21.59999999999991
FreeSolv,Progressive,42,168,0,445,0.1,3.824094311349239,0.9477121461269848,19,10,185,21.499999999999908
FreeSolv,Progressive,42,169,0,118,0.1,3.966605258274402,0.9477121461269848,20,10,186,21.399999999999906
FreeSolv,Progressive,42,170,1,39,1.0,1.320923858358475,0.9477121461269848,0,11,186,20.399999999999906
FreeSolv,Progressive,42,171,0,25,0.1,3.692570085982855,0.9542276614837949,1,11,187,20.299999999999905
FreeSolv,Progressive,42,172,0,371,0.1,3.793015315089403,0.9542276614837949,2,11,188,20.199999999999903
FreeSolv,Progressive,42,173,0,432,0.1,4.063795966644603,0.9542276614837949,3,11,189,20.099999999999902
FreeSolv,Progressive,42,174,0,560,0.1,3.774293638043098,0.9542276614837949,4,11,190,19.9999999999999
FreeSolv,Progressive,42,175,0,131,0.1,3.893359887205087,0.9542276614837949,5,11,191,19.8999999999999
FreeSolv,Progressive,42,176,0,161,0.1,3.4839590116097074,0.9542276614837949,6,11,192,19.799999999999898
FreeSolv,Progressive,42,177,0,100,0.1,3.5155841111183843,0.9542276614837949,7,11,193,19.699999999999896
FreeSolv,Progressive,42,178,0,603,0.1,3.481084402335493,0.9542276614837949,8,11,194,19.599999999999895
FreeSolv,Progressive,42,179,0,64,0.1,3.3964711756614316,0.9542276614837949,9,11,195,19.499999999999893
FreeSolv,Progressive,42,180,0,548,0.1,3.1924700431186896,0.9542276614837949,10,11,196,19.399999999999892
FreeSolv,Progressive,42,181,0,300,0.1,3.118697447730171,0.9542276614837949,11,11,197,19.29999999999989
FreeSolv,Progressive,42,182,0,165,0.1,3.230597545779966,0.9542276614837949,12,11,198,19.19999999999989
FreeSolv,Progressive,42,183,0,615,0.1,3.3168885385668467,0.9542276614837949,13,11,199,19.099999999999888
FreeSolv,Progressive,42,184,0,330,0.1,3.7873543064942052,0.9542276614837949,14,11,200,18.999999999999886
FreeSolv,Progressive,42,185,0,473,0.1,2.981761625332065,0.9542276614837949,15,11,201,18.899999999999885
FreeSolv,Progressive,42,186,0,475,0.1,3.049740582122529,0.9542276614837949,16,11,202,18.799999999999883
FreeSolv,Progressive,42,187,0,152,0.1,3.189677179533669,0.9542276614837949,17,11,203,18.699999999999882
FreeSolv,Progressive,42,188,0,174,0.1,3.198280371617382,0.9542276614837949,18,11,204,18.59999999999988
FreeSolv,Progressive,42,189,0,338,0.1,2.8156431454465705,0.9542276614837949,19,11,205,18.49999999999988
FreeSolv,Progressive,42,190,0,320,0.1,2.9421391219573936,0.9542276614837949,20,11,206,18.399999999999878
FreeSolv,Progressive,42,191,1,457,1.0,1.872488636289261,0.9542276614837949,0,12,206,17.399999999999878
FreeSolv,Progressive,42,192,0,399,0.1,2.8508404013631647,0.9541329654739495,1,12,207,17.299999999999876
FreeSolv,Progressive,42,193,0,591,0.1,3.005763689758915,0.9541329654739495,2,12,208,17.199999999999875
FreeSolv,Progressive,42,194,0,357,0.1,2.8089888853424294,0.9541329654739495,3,12,209,17.099999999999874
FreeSolv,Progressive,42,195,0,406,0.1,2.7612811922308533,0.9541329654739495,4,12,210,16.999999999999872
FreeSolv,Progressive,42,196,0,528,0.1,2.6381563076764594,0.9541329654739495,5,12,211,16.89999999999987
FreeSolv,Progressive,42,197,0,464,0.1,2.6387276876871337,0.9541329654739495,6,12,212,16.79999999999987
FreeSolv,Progressive,42,198,0,440,0.1,2.8269146473357876,0.9541329654739495,7,12,213,16.699999999999868
FreeSolv,Progressive,42,199,0,588,0.1,2.333198717230116,0.9541329654739495,8,12,214,16.599999999999866
FreeSolv,Progressive,42,200,0,530,0.1,2.7342855521738394,0.9541329654739495,9,12,215,16.499999999999865
FreeSolv,Progressive,42,201,0,187,0.1,2.4259546236916694,0.9541329654739495,10,12,216,16.399999999999864
FreeSolv,Progressive,42,202,0,315,0.1,2.6034007806527453,0.9541329654739495,11,12,217,16.299999999999862
FreeSolv,Progressive,42,203,0,613,0.1,2.901513884800501,0.9541329654739495,12,12,218,16.19999999999986
FreeSolv,Progressive,42,204,0,325,0.1,2.3859618591507346,0.9541329654739495,13,12,219,16.09999999999986
FreeSolv,Progressive,42,205,0,341,0.1,2.7868952512166247,0.9541329654739495,14,12,220,15.99999999999986
FreeSolv,Progressive,42,206,0,113,0.1,2.424895643439821,0.9541329654739495,15,12,221,15.899999999999858
FreeSolv,Progressive,42,207,0,314,0.1,1.934682316621043,0.9541329654739495,16,12,222,15.799999999999857
FreeSolv,Progressive,42,208,0,366,0.1,2.282218140634965,0.9541329654739495,17,12,223,15.699999999999855
FreeSolv,Progressive,42,209,0,452,0.1,1.986947139582697,0.9541329654739495,18,12,224,15.599999999999854
FreeSolv,Progressive,42,210,0,198,0.1,2.0985560468047257,0.9541329654739495,19,12,225,15.499999999999853
FreeSolv,Progressive,42,211,0,500,0.1,2.4992694715888777,0.9541329654739495,20,12,226,15.399999999999851
FreeSolv,Progressive,42,212,1,492,1.0,1.030569408014256,0.9541329654739495,0,13,226,14.39999999999985
FreeSolv,Progressive,42,213,0,534,0.1,2.1595361419717394,0.9580279901628538,1,13,227,14.29999999999985
FreeSolv,Progressive,42,214,0,335,0.1,2.482205004316926,0.9580279901628538,2,13,228,14.199999999999848
FreeSolv,Progressive,42,215,0,223,0.1,2.1274206748390236,0.9580279901628538,3,13,229,14.099999999999847
FreeSolv,Progressive,42,216,0,43,0.1,2.060588158931126,0.9580279901628538,4,13,230,13.999999999999845
FreeSolv,Progressive,42,217,0,16,0.1,1.97603131321207,0.9580279901628538,5,13,231,13.899999999999844
FreeSolv,Progressive,42,218,0,523,0.1,2.1381345839448476,0.9580279901628538,6,13,232,13.799999999999843
FreeSolv,Progressive,42,219,0,59,0.1,2.195025857984174,0.9580279901628538,7,13,233,13.699999999999841
FreeSolv,Progressive,42,220,0,130,0.1,1.8535403584079313,0.9580279901628538,8,13,234,13.59999999999984
FreeSolv,Progressive,42,221,0,493,0.1,2.0302855578105303,0.9580279901628538,9,13,235,13.499999999999838
FreeSolv,Progressive,42,222,0,405,0.1,2.4718647802843434,0.9580279901628538,10,13,236,13.399999999999837
FreeSolv,Progressive,42,223,0,253,0.1,2.033245402656961,0.9580279901628538,11,13,237,13.299999999999836
FreeSolv,Progressive,42,224,0,496,0.1,1.9759956686009597,0.9580279901628538,12,13,238,13.199999999999834
FreeSolv,Progressive,42,225,0,285,0.1,1.7394273016584494,0.9580279901628538,13,13,239,13.099999999999833
FreeSolv,Progressive,42,226,0,332,0.1,1.812926379171215,0.9580279901628538,14,13,240,12.999999999999831
FreeSolv,Progressive,42,227,0,352,0.1,1.708204120337079,0.9580279901628538,15,13,241,12.89999999999983
FreeSolv,Progressive,42,228,0,175,0.1,2.0703170499377133,0.9580279901628538,16,13,242,12.799999999999828
FreeSolv,Progressive,42,229,0,14,0.1,1.9373420740395133,0.9580279901628538,17,13,243,12.699999999999827
FreeSolv,Progressive,42,230,0,135,0.1,1.7678796115302553,0.9580279901628538,18,13,244,12.599999999999826
FreeSolv,Progressive,42,231,0,216,0.1,1.8231213348748248,0.9580279901628538,19,13,245,12.499999999999824
FreeSolv,Progressive,42,232,0,353,0.1,1.3376280446880289,0.9580279901628538,20,13,246,12.399999999999823
FreeSolv,Progressive,42,233,1,37,1.0,1.1367800560188726,0.9580279901628538,0,14,246,11.399999999999821
FreeSolv,Progressive,42,234,0,562,0.1,1.425405560159852,0.9565556969823712,1,14,247,11.299999999999821
FreeSolv,Progressive,42,235,0,487,0.1,1.4832779860920486,0.9565556969823712,2,14,248,11.19999999999982
FreeSolv,Progressive,42,236,0,506,0.1,1.4377783504721227,0.9565556969823712,3,14,249,11.099999999999818
FreeSolv,Progressive,42,237,0,231,0.1,1.3108182683729601,0.9565556969823712,4,14,250,10.999999999999817
FreeSolv,Progressive,42,238,0,459,0.1,1.3015576993805673,0.9565556969823712,5,14,251,10.899999999999816
FreeSolv,Progressive,42,239,0,60,0.1,1.3652253166589992,0.9565556969823712,6,14,252,10.799999999999814
FreeSolv,Progressive,42,240,0,359,0.1,1.526974747354805,0.9565556969823712,7,14,253,10.699999999999813
FreeSolv,Progressive,42,241,0,632,0.1,1.1640507575030778,0.9565556969823712,8,14,254,10.599999999999811
FreeSolv,Progressive,42,242,0,498,0.1,1.2800792505933822,0.9565556969823712,9,14,255,10.49999999999981
FreeSolv,Progressive,42,243,1,49,1.0,1.471289895081275,0.9565556969823712,0,15,255,9.499999999999808
FreeSolv,Progressive,42,244,0,201,0.1,1.1931982730959074,0.9580128771262182,1,15,256,9.399999999999809
FreeSolv,Progressive,42,245,0,578,0.1,1.1346636811532045,0.9580128771262182,2,15,257,9.299999999999807
FreeSolv,Progressive,42,246,0,22,0.1,1.3195191842858445,0.9580128771262182,3,15,258,9.199999999999806
FreeSolv,Progressive,42,247,1,266,1.0,1.0754042586260177,0.9580128771262182,0,16,258,8.199999999999804
FreeSolv,Progressive,42,248,0,567,0.1,1.0729190160270154,0.959145647642985,1,16,259,8.099999999999804
FreeSolv,Progressive,42,249,0,167,0.1,1.2089451481111515,0.959145647642985,2,16,260,7.999999999999803
FreeSolv,Progressive,42,250,0,246,0.1,1.1558152834760378,0.959145647642985,3,16,261,7.899999999999801
FreeSolv,Progressive,42,251,0,604,0.1,1.0428909921732605,0.959145647642985,4,16,262,7.7999999999998
FreeSolv,Progressive,42,252,1,251,1.0,1.2217008656481276,0.959145647642985,0,17,262,6.799999999999798
FreeSolv,Progressive,42,253,1,87,1.0,0.9981442335116439,0.9601444991149124,0,18,262,5.799999999999798
FreeSolv,Progressive,42,254,1,313,1.0,0.9779523128120203,0.9617747894315062,0,19,262,4.799999999999798
FreeSolv,Progressive,42,255,1,122,1.0,1.0282016565320977,0.9618065115245324,0,20,262,3.799999999999798
FreeSolv,Progressive,42,256,0,443,0.1,1.0126411666829314,0.9622497855522356,1,20,263,3.699999999999798
FreeSolv,Progressive,42,257,1,61,1.0,1.1431920028098934,0.9622497855522356,0,21,263,2.699999999999797
FreeSolv,Progressive,42,258,0,435,0.1,1.0361514412426478,0.9554694789913962,1,21,264,2.5999999999997967
FreeSolv,Progressive,42,259,0,304,0.1,1.331976901798107,0.9554694789913962,2,21,265,2.4999999999997953
FreeSolv,Progressive,42,260,0,194,0.1,1.3434802277535167,0.9554694789913962,3,21,266,2.399999999999794
FreeSolv,Progressive,42,261,1,444,1.0,0.9165717222942196,0.9554694789913962,0,22,266,1.3999999999997925
FreeSolv,Progressive,42,262,0,582,0.1,0.9281085699085069,0.9566408634176428,1,22,267,1.2999999999997924
FreeSolv,Progressive,42,263,0,26,0.1,0.9543115177814295,0.9566408634176428,2,22,268,1.199999999999791
FreeSolv,Progressive,42,264,0,519,0.1,1.0592117339285467,0.9566408634176428,3,22,269,1.0999999999997896
FreeSolv,Progressive,42,265,0,145,0.1,0.8286737497056823,0.9566408634176428,4,22,270,0.9999999999997883
FreeSolv,Progressive,42,266,0,525,0.1,0.8382006205927524,0.9566408634176428,5,22,271,0.8999999999997869
FreeSolv,Progressive,42,267,0,484,0.1,0.9955905955487149,0.9566408634176428,6,22,272,0.7999999999997854
FreeSolv,Progressive,42,268,0,401,0.1,1.057154760093844,0.9566408634176428,7,22,273,0.699999999999784
FreeSolv,Progressive,42,269,0,219,0.1,0.8717824595618119,0.9566408634176428,8,22,274,0.5999999999997826
FreeSolv,Progressive,42,270,0,630,0.1,0.8961618681676139,0.9566408634176428,9,22,275,0.4999999999997812
FreeSolv,Progressive,42,271,0,180,0.1,1.0108018879160459,0.9566408634176428,10,22,276,0.39999999999977975
FreeSolv,Progressive,42,272,0,623,0.1,1.2457825070243556,0.9566408634176428,11,22,277,0.29999999999977833
FreeSolv,Progressive,42,273,0,94,0.1,0.6935473940239004,0.9566408634176428,12,22,278,0.19999999999977688
FreeSolv,Progressive,42,274,0,627,0.1,0.9406881086439546,0.9566408634176428,13,22,279,0.09999999999977546
FreeSolv,Progressive,43,1,0,144,0.1,12.804496211971426,0.5,1,2,26,45.4
FreeSolv,Progressive,43,2,0,251,0.1,9.984676082147894,0.5,2,2,27,45.3
FreeSolv,Progressive,43,3,0,261,0.1,9.795449205281598,0.5,3,2,28,45.199999999999996
FreeSolv,Progressive,43,4,0,39,0.1,11.175243285625637,0.5,4,2,29,45.1
FreeSolv,Progressive,43,5,0,595,0.1,11.195352432915373,0.5,5,2,30,45.0
FreeSolv,Progressive,43,6,1,182,1.0,10.047521033292009,0.5,0,3,30,44.0
FreeSolv,Progressive,43,7,0,492,0.1,9.257062831710844,0.5,1,3,31,43.9
FreeSolv,Progressive,43,8,0,80,0.1,9.756551259539666,0.5,2,3,32,43.800000000000004
FreeSolv,Progressive,43,9,0,631,0.1,9.52305190738195,0.5,3,3,33,43.7
FreeSolv,Progressive,43,10,0,87,0.1,9.379343521701985,0.5,4,3,34,43.6
FreeSolv,Progressive,43,11,0,596,0.1,9.093663481501316,0.5,5,3,35,43.5
FreeSolv,Progressive,43,12,0,250,0.1,9.374627987873941,0.5,6,3,36,43.4
FreeSolv,Progressive,43,13,0,122,0.1,9.34455480880836,0.5,7,3,37,43.300000000000004
FreeSolv,Progressive,43,14,0,206,0.1,8.80496005012076,0.5,8,3,38,43.2
FreeSolv,Progressive,43,15,0,61,0.1,8.105156763816922,0.5,9,3,39,43.1
FreeSolv,Progressive,43,16,0,266,0.1,8.416752991719667,0.5,10,3,40,43.00000000000001
FreeSolv,Progressive,43,17,0,380,0.1,7.9929432228922055,0.5,11,3,41,42.900000000000006
FreeSolv,Progressive,43,18,0,444,0.1,7.750418730215102,0.5,12,3,42,42.800000000000004
FreeSolv,Progressive,43,19,0,550,0.1,7.768383276264157,0.5,13,3,43,42.7
FreeSolv,Progressive,43,20,0,437,0.1,7.948379882590353,0.5,14,3,44,42.6
FreeSolv,Progressive,43,21,0,49,0.1,8.564786849847874,0.5,15,3,45,42.50000000000001
FreeSolv,Progressive,43,22,0,501,0.1,8.187875413301786,0.5,16,3,46,42.400000000000006
FreeSolv,Progressive,43,23,0,139,0.1,7.9596527050294785,0.5,17,3,47,42.300000000000004
FreeSolv,Progressive,43,24,0,393,0.1,8.561156897330095,0.5,18,3,48,42.20000000000001
FreeSolv,Progressive,43,25,0,8,0.1,8.17278554647045,0.5,19,3,49,42.10000000000001
FreeSolv,Progressive,43,26,0,129,0.1,8.27106950723895,0.5,20,3,50,42.00000000000001
FreeSolv,Progressive,43,27,1,542,1.0,6.653254400912289,0.5,0,4,50,41.00000000000001
FreeSolv,Progressive,43,28,0,619,0.1,8.297903571736018,0.5,1,4,51,40.900000000000006
FreeSolv,Progressive,43,29,0,83,0.1,8.132272198173109,0.5,2,4,52,40.800000000000004
FreeSolv,Progressive,43,30,0,6,0.1,8.232232641049967,0.5,3,4,53,40.70000000000001
FreeSolv,Progressive,43,31,0,377,0.1,8.343473351298597,0.5,4,4,54,40.60000000000001
FreeSolv,Progressive,43,32,0,41,0.1,8.039500476941678,0.5,5,4,55,40.50000000000001
FreeSolv,Progressive,43,33,0,328,0.1,8.59444246453454,0.5,6,4,56,40.40000000000001
FreeSolv,Progressive,43,34,0,276,0.1,8.330730481824444,0.5,7,4,57,40.30000000000001
FreeSolv,Progressive,43,35,0,96,0.1,8.01539419842265,0.5,8,4,58,40.20000000000001
FreeSolv,Progressive,43,36,0,286,0.1,8.24285240581076,0.5,9,4,59,40.10000000000001
FreeSolv,Progressive,43,37,0,233,0.1,7.781725083667442,0.5,10,4,60,40.00000000000001
FreeSolv,Progressive,43,38,0,284,0.1,7.877452699300342,0.5,11,4,61,39.90000000000001
FreeSolv,Progressive,43,39,0,301,0.1,7.696243808850727,0.5,12,4,62,39.80000000000001
FreeSolv,Progressive,43,40,0,564,0.1,8.12228781039109,0.5,13,4,63,39.70000000000001
FreeSolv,Progressive,43,41,0,258,0.1,7.939435486140276,0.5,14,4,64,39.600000000000016
FreeSolv,Progressive,43,42,0,193,0.1,7.988380047691264,0.5,15,4,65,39.500000000000014
FreeSolv,Progressive,43,43,0,599,0.1,7.661707613581132,0.5,16,4,66,39.40000000000001
FreeSolv,Progressive,43,44,0,422,0.1,7.604171596151135,0.5,17,4,67,39.30000000000001
FreeSolv,Progressive,43,45,0,497,0.1,7.84632831250432,0.5,18,4,68,39.20000000000001
FreeSolv,Progressive,43,46,0,232,0.1,8.058918674566037,0.5,19,4,69,39.100000000000016
FreeSolv,Progressive,43,47,0,502,0.1,7.920945407541346,0.5,20,4,70,39.000000000000014
FreeSolv,Progressive,43,48,1,511,1.0,6.077919651545094,0.5,0,5,70,38.000000000000014
FreeSolv,Progressive,43,49,0,638,0.1,14.12474042818654,0.9135667556667905,1,5,71,37.90000000000001
FreeSolv,Progressive,43,50,0,269,0.1,14.259482350534196,0.9135667556667905,2,5,72,37.80000000000002
FreeSolv,Progressive,43,51,0,572,0.1,14.390807753321548,0.9135667556667905,3,5,73,37.70000000000002
FreeSolv,Progressive,43,52,0,589,0.1,14.561652449645175,0.9135667556667905,4,5,74,37.600000000000016
FreeSolv,Progressive,43,53,0,577,0.1,14.368079044750452,0.9135667556667905,5,5,75,37.500000000000014
FreeSolv,Progressive,43,54,0,19,0.1,14.209799098986844,0.9135667556667905,6,5,76,37.40000000000001
FreeSolv,Progressive,43,55,0,505,0.1,13.819901326976813,0.9135667556667905,7,5,77,37.30000000000002
FreeSolv,Progressive,43,56,0,581,0.1,13.81802744374857,0.9135667556667905,8,5,78,37.20000000000002
FreeSolv,Progressive,43,57,0,584,0.1,14.572221859328165,0.9135667556667905,9,5,79,37.100000000000016
FreeSolv,Progressive,43,58,0,633,0.1,14.17359910400832,0.9135667556667905,10,5,80,37.00000000000002
FreeSolv,Progressive,43,59,0,255,0.1,14.49227910256874,0.9135667556667905,11,5,81,36.90000000000002
FreeSolv,Progressive,43,60,0,192,0.1,13.810162950541544,0.9135667556667905,12,5,82,36.80000000000002
FreeSolv,Progressive,43,61,0,540,0.1,14.212457958155179,0.9135667556667905,13,5,83,36.70000000000002
FreeSolv,Progressive,43,62,0,299,0.1,14.142447125944258,0.9135667556667905,14,5,84,36.600000000000016
FreeSolv,Progressive,43,63,0,533,0.1,13.68908686979078,0.9135667556667905,15,5,85,36.50000000000002
FreeSolv,Progressive,43,64,0,66,0.1,13.931624560249517,0.9135667556667905,16,5,86,36.40000000000002
FreeSolv,Progressive,43,65,0,339,0.1,13.702356654018983,0.9135667556667905,17,5,87,36.30000000000002
FreeSolv,Progressive,43,66,0,136,0.1,13.494431065568,0.9135667556667905,18,5,88,36.200000000000024
FreeSolv,Progressive,43,67,0,159,0.1,12.946758329964778,0.9135667556667905,19,5,89,36.10000000000002
FreeSolv,Progressive,43,68,0,105,0.1,12.903780596007348,0.9135667556667905,20,5,90,36.00000000000002
FreeSolv,Progressive,43,69,1,245,1.0,5.05316188034971,0.9135667556667905,0,6,90,35.00000000000002
FreeSolv,Progressive,43,70,0,626,0.1,14.171736680650856,0.9831993863133416,1,6,91,34.90000000000002
FreeSolv,Progressive,43,71,0,486,0.1,13.97802370239861,0.9831993863133416,2,6,92,34.80000000000002
FreeSolv,Progressive,43,72,0,369,0.1,14.42266654729131,0.9831993863133416,3,6,93,34.700000000000024
FreeSolv,Progressive,43,73,0,327,0.1,14.255840399644741,0.9831993863133416,4,6,94,34.60000000000002
FreeSolv,Progressive,43,74,0,282,0.1,14.048232844165987,0.9831993863133416,5,6,95,34.50000000000002
FreeSolv,Progressive,43,75,0,410,0.1,14.720292033059067,0.9831993863133416,6,6,96,34.40000000000003
FreeSolv,Progressive,43,76,0,75,0.1,13.702187116905371,0.9831993863133416,7,6,97,34.300000000000026
FreeSolv,Progressive,43,77,0,337,0.1,14.011013725740114,0.9831993863133416,8,6,98,34.200000000000024
FreeSolv,Progressive,43,78,0,436,0.1,12.747671904865072,0.9831993863133416,9,6,99,34.10000000000002
FreeSolv,Progressive,43,79,0,259,0.1,14.123789821788819,0.9831993863133416,10,6,100,34.00000000000002
FreeSolv,Progressive,43,80,0,263,0.1,12.755440776492911,0.9831993863133416,11,6,101,33.90000000000003
FreeSolv,Progressive,43,81,0,31,0.1,13.47261272794426,0.9831993863133416,12,6,102,33.800000000000026
FreeSolv,Progressive,43,82,0,517,0.1,13.085281125329283,0.9831993863133416,13,6,103,33.700000000000024
FreeSolv,Progressive,43,83,0,191,0.1,13.045168852703778,0.9831993863133416,14,6,104,33.60000000000002
FreeSolv,Progressive,43,84,0,485,0.1,12.722102957517018,0.9831993863133416,15,6,105,33.50000000000002
FreeSolv,Progressive,43,85,0,379,0.1,12.444978972194543,0.9831993863133416,16,6,106,33.40000000000002
FreeSolv,Progressive,43,86,0,461,0.1,12.307937055753088,0.9831993863133416,17,6,107,33.30000000000002
FreeSolv,Progressive,43,87,0,2,0.1,11.838134666777435,0.9831993863133416,18,6,108,33.20000000000002
FreeSolv,Progressive,43,88,0,279,0.1,12.173077212903983,0.9831993863133416,19,6,109,33.100000000000016
FreeSolv,Progressive,43,89,0,319,0.1,10.990605006703952,0.9831993863133416,20,6,110,33.000000000000014
FreeSolv,Progressive,43,90,1,515,1.0,5.370309200084794,0.9831993863133416,0,7,110,32.000000000000014
FreeSolv,Progressive,43,91,0,563,0.1,10.960991676706415,0.9472304436046897,1,7,111,31.900000000000013
FreeSolv,Progressive,43,92,0,204,0.1,10.630637786605908,0.9472304436046897,2,7,112,31.80000000000001
FreeSolv,Progressive,43,93,0,624,0.1,11.204885073068652,0.9472304436046897,3,7,113,31.70000000000001
FreeSolv,Progressive,43,94,0,148,0.1,10.360965456691417,0.9472304436046897,4,7,114,31.60000000000001
FreeSolv,Progressive,43,95,0,622,0.1,10.135684223986555,0.9472304436046897,5,7,115,31.500000000000007
FreeSolv,Progressive,43,96,0,597,0.1,9.414687758173931,0.9472304436046897,6,7,116,31.400000000000006
FreeSolv,Progressive,43,97,0,384,0.1,9.621674361073891,0.9472304436046897,7,7,117,31.300000000000004
FreeSolv,Progressive,43,98,0,592,0.1,9.097222747747924,0.9472304436046897,8,7,118,31.200000000000003
FreeSolv,Progressive,43,99,0,425,0.1,8.965171008556384,0.9472304436046897,9,7,119,31.1
FreeSolv,Progressive,43,100,0,147,0.1,9.327697521243556,0.9472304436046897,10,7,120,31.0
FreeSolv,Progressive,43,101,0,456,0.1,9.237470360681359,0.9472304436046897,11,7,121,30.9
FreeSolv,Progressive,43,102,0,620,0.1,8.642355641635685,0.9472304436046897,12,7,122,30.799999999999997
FreeSolv,Progressive,43,103,0,365,0.1,8.258724501328864,0.9472304436046897,13,7,123,30.699999999999996
FreeSolv,Progressive,43,104,0,91,0.1,8.614085928606196,0.9472304436046897,14,7,124,30.599999999999994
FreeSolv,Progressive,43,105,0,214,0.1,8.414717823818258,0.9472304436046897,15,7,125,30.499999999999993
FreeSolv,Progressive,43,106,0,257,0.1,8.458029265412646,0.9472304436046897,16,7,126,30.39999999999999
FreeSolv,Progressive,43,107,0,340,0.1,8.930857029120519,0.9472304436046897,17,7,127,30.29999999999999
FreeSolv,Progressive,43,108,0,413,0.1,8.879639064888677,0.9472304436046897,18,7,128,30.19999999999999
FreeSolv,Progressive,43,109,0,181,0.1,8.222653833825024,0.9472304436046897,19,7,129,30.099999999999987
FreeSolv,Progressive,43,110,0,53,0.1,7.978239942027285,0.9472304436046897,20,7,130,29.999999999999986
FreeSolv,Progressive,43,111,1,261,1.0,2.4520917593380336,0.9472304436046897,0,8,130,28.999999999999986
FreeSolv,Progressive,43,112,0,472,0.1,7.83226171824485,0.9548124292448283,1,8,131,28.899999999999984
FreeSolv,Progressive,43,113,0,84,0.1,7.4154086332780444,0.9548124292448283,2,8,132,28.799999999999983
FreeSolv,Progressive,43,114,0,186,0.1,7.717268909545347,0.9548124292448283,3,8,133,28.69999999999998
FreeSolv,Progressive,43,115,0,77,0.1,7.391166028161423,0.9548124292448283,4,8,134,28.59999999999998
FreeSolv,Progressive,43,116,0,30,0.1,7.06885444094517,0.9548124292448283,5,8,135,28.49999999999998
FreeSolv,Progressive,43,117,0,86,0.1,7.447863711172527,0.9548124292448283,6,8,136,28.399999999999977
FreeSolv,Progressive,43,118,0,499,0.1,7.666419328473354,0.9548124292448283,7,8,137,28.299999999999976
FreeSolv,Progressive,43,119,0,351,0.1,7.510488056556015,0.9548124292448283,8,8,138,28.199999999999974
FreeSolv,Progressive,43,120,0,10,0.1,6.906704002739399,0.9548124292448283,9,8,139,28.099999999999973
FreeSolv,Progressive,43,121,0,289,0.1,6.949454226654109,0.9548124292448283,10,8,140,27.99999999999997
FreeSolv,Progressive,43,122,0,383,0.1,7.253000345665562,0.9548124292448283,11,8,141,27.89999999999997
FreeSolv,Progressive,43,123,0,386,0.1,6.744801803634562,0.9548124292448283,12,8,142,27.79999999999997
FreeSolv,Progressive,43,124,0,546,0.1,6.731074806433301,0.9548124292448283,13,8,143,27.699999999999967
FreeSolv,Progressive,43,125,0,104,0.1,6.6513993865605,0.9548124292448283,14,8,144,27.599999999999966
FreeSolv,Progressive,43,126,0,471,0.1,6.425505019520865,0.9548124292448283,15,8,145,27.499999999999964
FreeSolv,Progressive,43,127,0,63,0.1,6.801854844357951,0.9548124292448283,16,8,146,27.399999999999963
FreeSolv,Progressive,43,128,0,128,0.1,6.062586282368569,0.9548124292448283,17,8,147,27.29999999999996
FreeSolv,Progressive,43,129,0,141,0.1,6.822531025442207,0.9548124292448283,18,8,148,27.19999999999996
FreeSolv,Progressive,43,130,0,368,0.1,7.038558613914776,0.9548124292448283,19,8,149,27.09999999999996
FreeSolv,Progressive,43,131,0,200,0.1,6.011888636780835,0.9548124292448283,20,8,150,26.999999999999957
FreeSolv,Progressive,43,132,1,596,1.0,2.2295074801980848,0.9548124292448283,0,9,150,25.999999999999957
FreeSolv,Progressive,43,133,0,317,0.1,6.356456113640325,0.9488581216812786,1,9,151,25.899999999999956
FreeSolv,Progressive,43,134,0,126,0.1,6.2525996809029065,0.9488581216812786,2,9,152,25.799999999999955
FreeSolv,Progressive,43,135,0,37,0.1,6.658443347858509,0.9488581216812786,3,9,153,25.699999999999953
FreeSolv,Progressive,43,136,0,85,0.1,5.759738168210356,0.9488581216812786,4,9,154,25.59999999999995
FreeSolv,Progressive,43,137,0,532,0.1,5.594851447413376,0.9488581216812786,5,9,155,25.49999999999995
FreeSolv,Progressive,43,138,0,238,0.1,6.470544020024265,0.9488581216812786,6,9,156,25.39999999999995
FreeSolv,Progressive,43,139,0,608,0.1,5.6201983693172695,0.9488581216812786,7,9,157,25.299999999999947
FreeSolv,Progressive,43,140,0,99,0.1,5.609617594646794,0.9488581216812786,8,9,158,25.199999999999946
FreeSolv,Progressive,43,141,0,178,0.1,5.455646298329771,0.9488581216812786,9,9,159,25.099999999999945
FreeSolv,Progressive,43,142,0,361,0.1,5.356763617415135,0.9488581216812786,10,9,160,24.999999999999943
FreeSolv,Progressive,43,143,0,280,0.1,5.772492604083356,0.9488581216812786,11,9,161,24.89999999999994
FreeSolv,Progressive,43,144,0,140,0.1,5.4941164714023705,0.9488581216812786,12,9,162,24.79999999999994
FreeSolv,Progressive,43,145,0,446,0.1,5.373756798951331,0.9488581216812786,13,9,163,24.69999999999994
FreeSolv,Progressive,43,146,0,524,0.1,5.172975520725381,0.9488581216812786,14,9,164,24.599999999999937
FreeSolv,Progressive,43,147,0,106,0.1,4.560166832507025,0.9488581216812786,15,9,165,24.499999999999936
FreeSolv,Progressive,43,148,0,293,0.1,4.657227570283921,0.9488581216812786,16,9,166,24.399999999999935
FreeSolv,Progressive,43,149,0,54,0.1,5.2306369010758935,0.9488581216812786,17,9,167,24.299999999999933
FreeSolv,Progressive,43,150,0,272,0.1,4.701082936054333,0.9488581216812786,18,9,168,24.199999999999932
FreeSolv,Progressive,43,151,0,336,0.1,4.743614696139256,0.9488581216812786,19,9,169,24.09999999999993
FreeSolv,Progressive,43,152,0,558,0.1,4.524519753498917,0.9488581216812786,20,9,170,23.99999999999993
FreeSolv,Progressive,43,153,1,49,1.0,2.0547604315786145,0.9488581216812786,0,10,170,22.99999999999993
FreeSolv,Progressive,43,154,0,560,0.1,4.4494627202361805,0.9517014626979368,1,10,171,22.899999999999928
FreeSolv,Progressive,43,155,0,110,0.1,5.1087925925453535,0.9517014626979368,2,10,172,22.799999999999926
FreeSolv,Progressive,43,156,0,618,0.1,4.299180406505035,0.9517014626979368,3,10,173,22.699999999999925
FreeSolv,Progressive,43,157,0,451,0.1,4.453197758333445,0.9517014626979368,4,10,174,22.599999999999923
FreeSolv,Progressive,43,158,0,292,0.1,4.464582352158272,0.9517014626979368,5,10,175,22.499999999999922
FreeSolv,Progressive,43,159,0,459,0.1,4.264947024124999,0.9517014626979368,6,10,176,22.39999999999992
FreeSolv,Progressive,43,160,0,166,0.1,4.5025952038068775,0.9517014626979368,7,10,177,22.29999999999992
FreeSolv,Progressive,43,161,0,283,0.1,4.096796946884192,0.9517014626979368,8,10,178,22.199999999999918
FreeSolv,Progressive,43,162,0,224,0.1,4.261307671295122,0.9517014626979368,9,10,179,22.099999999999916
FreeSolv,Progressive,43,163,0,357,0.1,3.9808350186994557,0.9517014626979368,10,10,180,21.999999999999915
FreeSolv,Progressive,43,164,0,183,0.1,3.865667871332298,0.9517014626979368,11,10,181,21.899999999999913
FreeSolv,Progressive,43,165,0,131,0.1,4.166437097687587,0.9517014626979368,12,10,182,21.799999999999912
FreeSolv,Progressive,43,166,0,172,0.1,3.529691673981018,0.9517014626979368,13,10,183,21.69999999999991
FreeSolv,Progressive,43,167,0,509,0.1,3.6356135777085954,0.9517014626979368,14,10,184,21.59999999999991
FreeSolv,Progressive,43,168,0,398,0.1,3.462031705922408,0.9517014626979368,15,10,185,21.499999999999908
FreeSolv,Progressive,43,169,0,100,0.1,3.629955668808001,0.9517014626979368,16,10,186,21.399999999999906
FreeSolv,Progressive,43,170,0,445,0.1,3.864566156543666,0.9517014626979368,17,10,187,21.299999999999905
FreeSolv,Progressive,43,171,0,149,0.1,3.3843035454543147,0.9517014626979368,18,10,188,21.199999999999903
FreeSolv,Progressive,43,172,0,268,0.1,3.5822588521173797,0.9517014626979368,19,10,189,21.099999999999902
FreeSolv,Progressive,43,173,0,64,0.1,3.3455837326807947,0.9517014626979368,20,10,190,20.9999999999999
FreeSolv,Progressive,43,174,1,251,1.0,1.4359774263150136,0.9517014626979368,0,11,190,19.9999999999999
FreeSolv,Progressive,43,175,0,300,0.1,3.394104873321338,0.9544201808558993,1,11,191,19.8999999999999
FreeSolv,Progressive,43,176,0,102,0.1,3.3993287378162185,0.9544201808558993,2,11,192,19.799999999999898
FreeSolv,Progressive,43,177,0,119,0.1,3.519096461881668,0.9544201808558993,3,11,193,19.699999999999896
FreeSolv,Progressive,43,178,0,548,0.1,3.2148280770390607,0.9544201808558993,4,11,194,19.599999999999895
FreeSolv,Progressive,43,179,0,165,0.1,3.17862516328047,0.9544201808558993,5,11,195,19.499999999999893
FreeSolv,Progressive,43,180,0,371,0.1,2.779848585608886,0.9544201808558993,6,11,196,19.399999999999892
FreeSolv,Progressive,43,181,0,406,0.1,3.4151722493278447,0.9544201808558993,7,11,197,19.29999999999989
FreeSolv,Progressive,43,182,0,432,0.1,3.8580779808205516,0.9544201808558993,8,11,198,19.19999999999989
FreeSolv,Progressive,43,183,0,603,0.1,2.699230881876649,0.9544201808558993,9,11,199,19.099999999999888
FreeSolv,Progressive,43,184,0,500,0.1,3.0686506428499,0.9544201808558993,10,11,200,18.999999999999886
FreeSolv,Progressive,43,185,0,330,0.1,3.035256240441908,0.9544201808558993,11,11,201,18.899999999999885
FreeSolv,Progressive,43,186,0,338,0.1,3.2833783355146964,0.9544201808558993,12,11,202,18.799999999999883
FreeSolv,Progressive,43,187,0,473,0.1,3.0071732824635244,0.9544201808558993,13,11,203,18.699999999999882
FreeSolv,Progressive,43,188,0,174,0.1,2.7838731926011664,0.9544201808558993,14,11,204,18.59999999999988
FreeSolv,Progressive,43,189,0,496,0.1,2.8437409249905845,0.9544201808558993,15,11,205,18.49999999999988
FreeSolv,Progressive,43,190,0,588,0.1,2.826212769083316,0.9544201808558993,16,11,206,18.399999999999878
FreeSolv,Progressive,43,191,0,615,0.1,2.5953334762351457,0.9544201808558993,17,11,207,18.299999999999876
FreeSolv,Progressive,43,192,0,440,0.1,2.989656995796717,0.9544201808558993,18,11,208,18.199999999999875
FreeSolv,Progressive,43,193,0,16,0.1,2.612374760603842,0.9544201808558993,19,11,209,18.099999999999874
FreeSolv,Progressive,43,194,0,118,0.1,2.4162591530482453,0.9544201808558993,20,11,210,17.999999999999872
FreeSolv,Progressive,43,195,1,156,1.0,2.571499337673514,0.9544201808558993,0,12,210,16.999999999999872
FreeSolv,Progressive,43,196,0,152,0.1,3.1630382165913264,0.9544201808558993,1,12,211,16.89999999999987
FreeSolv,Progressive,43,197,0,399,0.1,2.609989366083426,0.9544201808558993,2,12,212,16.79999999999987
FreeSolv,Progressive,43,198,0,475,0.1,2.6629192954829977,0.9544201808558993,3,12,213,16.699999999999868
FreeSolv,Progressive,43,199,0,528,0.1,2.373288139924751,0.9544201808558993,4,12,214,16.599999999999866
FreeSolv,Progressive,43,200,0,613,0.1,2.3179243220483254,0.9544201808558993,5,12,215,16.499999999999865
FreeSolv,Progressive,43,201,0,452,0.1,2.4684479671608752,0.9544201808558993,6,12,216,16.399999999999864
FreeSolv,Progressive,43,202,0,25,0.1,2.3018130671939674,0.9544201808558993,7,12,217,16.299999999999862
FreeSolv,Progressive,43,203,0,530,0.1,2.2915853720631865,0.9544201808558993,8,12,218,16.19999999999986
FreeSolv,Progressive,43,204,0,591,0.1,2.5005738294155955,0.9544201808558993,9,12,219,16.09999999999986
FreeSolv,Progressive,43,205,0,161,0.1,2.4308370408778277,0.9544201808558993,10,12,220,15.99999999999986
FreeSolv,Progressive,43,206,0,341,0.1,2.324122540749408,0.9544201808558993,11,12,221,15.899999999999858
FreeSolv,Progressive,43,207,0,366,0.1,2.9166966744152014,0.9544201808558993,12,12,222,15.799999999999857
FreeSolv,Progressive,43,208,0,314,0.1,2.0851105803651673,0.9544201808558993,13,12,223,15.699999999999855
FreeSolv,Progressive,43,209,0,325,0.1,2.178919490636413,0.9544201808558993,14,12,224,15.599999999999854
FreeSolv,Progressive,43,210,0,578,0.1,2.229401730938205,0.9544201808558993,15,12,225,15.499999999999853
FreeSolv,Progressive,43,211,0,219,0.1,1.9767896424462872,0.9544201808558993,16,12,226,15.399999999999851
FreeSolv,Progressive,43,212,0,187,0.1,1.9286490000720096,0.9544201808558993,17,12,227,15.29999999999985
FreeSolv,Progressive,43,213,0,113,0.1,2.2750976963380682,0.9544201808558993,18,12,228,15.199999999999848
FreeSolv,Progressive,43,214,0,315,0.1,2.086475828961053,0.9544201808558993,19,12,229,15.099999999999847
FreeSolv,Progressive,43,215,0,335,0.1,1.7568482929034361,0.9544201808558993,20,12,230,14.999999999999845
FreeSolv,Progressive,43,216,1,580,1.0,1.3127579037462933,0.9544201808558993,0,13,230,13.999999999999844
FreeSolv,Progressive,43,217,0,345,0.1,2.227174673552591,0.9562444553559869,1,13,231,13.899999999999844
FreeSolv,Progressive,43,218,0,353,0.1,1.8490941816385782,0.9562444553559869,2,13,232,13.799999999999843
FreeSolv,Progressive,43,219,0,534,0.1,1.993182303965182,0.9562444553559869,3,13,233,13.699999999999841
FreeSolv,Progressive,43,220,0,43,0.1,2.0766528258365424,0.9562444553559869,4,13,234,13.59999999999984
FreeSolv,Progressive,43,221,0,59,0.1,1.6975237217655987,0.9562444553559869,5,13,235,13.499999999999838
FreeSolv,Progressive,43,222,0,285,0.1,1.7955893262587468,0.9562444553559869,6,13,236,13.399999999999837
FreeSolv,Progressive,43,223,0,463,0.1,1.8986079016070183,0.9562444553559869,7,13,237,13.299999999999836
FreeSolv,Progressive,43,224,0,506,0.1,1.8367881638750982,0.9562444553559869,8,13,238,13.199999999999834
FreeSolv,Progressive,43,225,0,14,0.1,1.5910699972718618,0.9562444553559869,9,13,239,13.099999999999833
FreeSolv,Progressive,43,226,0,223,0.1,1.7724476707969261,0.9562444553559869,10,13,240,12.999999999999831
FreeSolv,Progressive,43,227,0,175,0.1,1.7697049246331238,0.9562444553559869,11,13,241,12.89999999999983
FreeSolv,Progressive,43,228,0,130,0.1,1.618145983345804,0.9562444553559869,12,13,242,12.799999999999828
FreeSolv,Progressive,43,229,0,253,0.1,1.8167226793519735,0.9562444553559869,13,13,243,12.699999999999827
FreeSolv,Progressive,43,230,0,194,0.1,1.3438492909154591,0.9562444553559869,14,13,244,12.599999999999826
FreeSolv,Progressive,43,231,0,167,0.1,1.7505379599346353,0.9562444553559869,15,13,245,12.499999999999824
FreeSolv,Progressive,43,232,0,135,0.1,1.4719297307484098,0.9562444553559869,16,13,246,12.399999999999823
FreeSolv,Progressive,43,233,0,519,0.1,1.479153785776265,0.9562444553559869,17,13,247,12.299999999999821
FreeSolv,Progressive,43,234,0,484,0.1,2.2110033577642145,0.9562444553559869,18,13,248,12.19999999999982
FreeSolv,Progressive,43,235,0,443,0.1,1.269745200261767,0.9562444553559869,19,13,249,12.099999999999818
FreeSolv,Progressive,43,236,0,487,0.1,1.3225920774545763,0.9562444553559869,20,13,250,11.999999999999817
FreeSolv,Progressive,43,237,1,39,1.0,1.1376260973113403,0.9562444553559869,0,14,250,10.999999999999815
FreeSolv,Progressive,43,238,0,464,0.1,1.126223060060172,0.9602141242226602,1,14,251,10.899999999999816
FreeSolv,Progressive,43,239,0,354,0.1,1.4087313945136208,0.9602141242226602,2,14,252,10.799999999999814
FreeSolv,Progressive,43,240,0,180,0.1,1.1577063524655387,0.9602141242226602,3,14,253,10.699999999999813
FreeSolv,Progressive,43,241,0,246,0.1,1.3688746080367398,0.9602141242226602,4,14,254,10.599999999999811
FreeSolv,Progressive,43,242,0,352,0.1,1.2373272376168745,0.9602141242226602,5,14,255,10.49999999999981
FreeSolv,Progressive,43,243,0,94,0.1,1.1472078969176691,0.9602141242226602,6,14,256,10.399999999999809
FreeSolv,Progressive,43,244,0,435,0.1,1.3318116123796144,0.9602141242226602,7,14,257,10.299999999999807
FreeSolv,Progressive,43,245,0,304,0.1,1.15414484667413,0.9602141242226602,8,14,258,10.199999999999806
FreeSolv,Progressive,43,246,0,26,0.1,1.1553836961797448,0.9602141242226602,9,14,259,10.099999999999804
FreeSolv,Progressive,43,247,0,231,0.1,1.1949831514429223,0.9602141242226602,10,14,260,9.999999999999803
FreeSolv,Progressive,43,248,0,115,0.1,1.1693187789795143,0.9602141242226602,11,14,261,9.899999999999801
FreeSolv,Progressive,43,249,1,104,1.0,1.0805445879831164,0.9602141242226602,0,15,261,8.8999999999998
FreeSolv,Progressive,43,250,0,222,0.1,1.3455322501358637,0.9588442695811865,1,15,262,8.7999999999998
FreeSolv,Progressive,43,251,1,492,1.0,1.185654134252601,0.9588442695811865,0,16,262,7.799999999999798
FreeSolv,Progressive,43,252,0,216,0.1,1.2297274649473593,0.96157570043328,1,16,263,7.699999999999799
FreeSolv,Progressive,43,253,1,87,1.0,0.9772321586082694,0.96157570043328,0,17,263,6.699999999999797
FreeSolv,Progressive,43,254,0,604,0.1,1.1384239297860308,0.9635061151531442,1,17,264,6.599999999999797
FreeSolv,Progressive,43,255,0,632,0.1,0.9417424202504099,0.9635061151531442,2,17,265,6.499999999999796
FreeSolv,Progressive,43,256,1,91,1.0,1.2312846260451142,0.9635061151531442,0,18,265,5.499999999999794
FreeSolv,Progressive,43,257,0,562,0.1,0.9651198376132806,0.9619673078526901,1,18,266,5.399999999999794
FreeSolv,Progressive,43,258,0,582,0.1,0.9048672770341748,0.9619673078526901,2,18,267,5.299999999999793
FreeSolv,Progressive,43,259,0,567,0.1,0.9376022312072727,0.9619673078526901,3,18,268,5.1999999999997915
FreeSolv,Progressive,43,260,1,61,1.0,0.869817535076211,0.9619673078526901,0,19,268,4.19999999999979
FreeSolv,Progressive,43,261,1,80,1.0,0.7859489737529689,0.9551931238275827,0,20,268,3.1999999999997897
FreeSolv,Progressive,43,262,0,271,0.1,1.0094879643191925,0.9547201982187077,1,20,269,3.0999999999997896
FreeSolv,Progressive,43,263,0,67,0.1,0.84197847774241,0.9547201982187077,2,20,270,2.999999999999788
FreeSolv,Progressive,43,264,0,145,0.1,1.0107283357528827,0.9547201982187077,3,20,271,2.8999999999997867
FreeSolv,Progressive,43,265,0,60,0.1,1.092910959226815,0.9547201982187077,4,20,272,2.7999999999997853
FreeSolv,Progressive,43,266,0,22,0.1,0.9305684676393047,0.9547201982187077,5,20,273,2.699999999999784
FreeSolv,Progressive,43,267,0,343,0.1,1.001982937680991,0.9547201982187077,6,20,274,2.5999999999997825
FreeSolv,Progressive,43,268,0,198,0.1,0.8327698037175376,0.9547201982187077,7,20,275,2.499999999999781
FreeSolv,Progressive,43,269,1,212,1.0,0.8122411146219518,0.9547201982187077,0,21,275,1.4999999999997797
FreeSolv,Progressive,43,270,1,595,1.0,0.7357670572273372,0.9533374237471068,0,22,275,0.49999999999977973
FreeSolv,Progressive,43,271,0,201,0.1,0.7483654623460223,0.9535602621943459,1,22,276,0.39999999999977975
FreeSolv,Progressive,43,272,0,290,0.1,0.6716996088474472,0.9535602621943459,2,22,277,0.29999999999977833
FreeSolv,Progressive,43,273,0,311,0.1,0.6547024638821928,0.9535602621943459,3,22,278,0.19999999999977688
FreeSolv,Progressive,43,274,0,627,0.1,0.8579518389692182,0.9535602621943459,4,22,279,0.09999999999977546
FreeSolv,Progressive,44,1,0,251,0.1,14.26769602591643,0.5,1,2,26,45.4
FreeSolv,Progressive,44,2,0,61,0.1,11.382391147729448,0.5,2,2,27,45.3
FreeSolv,Progressive,44,3,0,144,0.1,10.4735863155494,0.5,3,2,28,45.199999999999996
FreeSolv,Progressive,44,4,0,266,0.1,8.59067443381143,0.5,4,2,29,45.1
FreeSolv,Progressive,44,5,1,515,1.0,9.26589522936634,0.5,0,3,29,44.1
FreeSolv,Progressive,44,6,0,550,0.1,8.832887396794458,0.5,1,3,30,44.0
FreeSolv,Progressive,44,7,0,139,0.1,8.849492829391938,0.5,2,3,31,43.9
FreeSolv,Progressive,44,8,0,437,0.1,9.570147948621097,0.5,3,3,32,43.800000000000004
FreeSolv,Progressive,44,9,0,596,0.1,8.906725925889326,0.5,4,3,33,43.7
FreeSolv,Progressive,44,10,0,276,0.1,8.63975955672817,0.5,5,3,34,43.6
FreeSolv,Progressive,44,11,0,377,0.1,8.382933041121579,0.5,6,3,35,43.5
FreeSolv,Progressive,44,12,0,499,0.1,7.553605668223142,0.5,7,3,36,43.4
FreeSolv,Progressive,44,13,0,393,0.1,7.987912719347456,0.5,8,3,37,43.300000000000004
FreeSolv,Progressive,44,14,0,261,0.1,8.176342475958613,0.5,9,3,38,43.2
FreeSolv,Progressive,44,15,0,39,0.1,8.299427972541947,0.5,10,3,39,43.1
FreeSolv,Progressive,44,16,0,492,0.1,9.102268924906658,0.5,11,3,40,43.00000000000001
FreeSolv,Progressive,44,17,0,87,0.1,8.652865227120987,0.5,12,3,41,42.900000000000006
FreeSolv,Progressive,44,18,0,444,0.1,9.410700264460157,0.5,13,3,42,42.800000000000004
FreeSolv,Progressive,44,19,0,129,0.1,8.693260267602566,0.5,14,3,43,42.7
FreeSolv,Progressive,44,20,0,8,0.1,9.034073882951464,0.5,15,3,44,42.6
FreeSolv,Progressive,44,21,0,501,0.1,9.04887474115719,0.5,16,3,45,42.50000000000001
FreeSolv,Progressive,44,22,0,619,0.1,8.961360725566161,0.5,17,3,46,42.400000000000006
FreeSolv,Progressive,44,23,0,41,0.1,9.161571276294655,0.5,18,3,47,42.300000000000004
FreeSolv,Progressive,44,24,0,83,0.1,9.251300545533978,0.5,19,3,48,42.20000000000001
FreeSolv,Progressive,44,25,0,80,0.1,9.045565590293366,0.5,20,3,49,42.10000000000001
FreeSolv,Progressive,44,26,1,542,1.0,4.978060135201517,0.5,0,4,49,41.10000000000001
FreeSolv,Progressive,44,27,0,6,0.1,8.308067419926223,0.5,1,4,50,41.00000000000001
FreeSolv,Progressive,44,28,0,96,0.1,9.039859837675538,0.5,2,4,51,40.900000000000006
FreeSolv,Progressive,44,29,0,564,0.1,8.63124686730156,0.5,3,4,52,40.800000000000004
FreeSolv,Progressive,44,30,0,286,0.1,8.993810687583137,0.5,4,4,53,40.70000000000001
FreeSolv,Progressive,44,31,0,233,0.1,8.595176674881056,0.5,5,4,54,40.60000000000001
FreeSolv,Progressive,44,32,0,301,0.1,8.772204355390002,0.5,6,4,55,40.50000000000001
FreeSolv,Progressive,44,33,0,232,0.1,8.708579469042427,0.5,7,4,56,40.40000000000001
FreeSolv,Progressive,44,34,0,599,0.1,8.236209132575683,0.5,8,4,57,40.30000000000001
FreeSolv,Progressive,44,35,0,502,0.1,8.177679737453584,0.5,9,4,58,40.20000000000001
FreeSolv,Progressive,44,36,0,422,0.1,8.315332742107133,0.5,10,4,59,40.10000000000001
FreeSolv,Progressive,44,37,0,269,0.1,8.232264962405115,0.5,11,4,60,40.00000000000001
FreeSolv,Progressive,44,38,0,533,0.1,8.371112407308317,0.5,12,4,61,39.90000000000001
FreeSolv,Progressive,44,39,0,19,0.1,8.3009295033147,0.5,13,4,62,39.80000000000001
FreeSolv,Progressive,44,40,0,328,0.1,8.091050767282342,0.5,14,4,63,39.70000000000001
FreeSolv,Progressive,44,41,0,581,0.1,8.183515313415521,0.5,15,4,64,39.600000000000016
FreeSolv,Progressive,44,42,0,577,0.1,8.475588005439425,0.5,16,4,65,39.500000000000014
FreeSolv,Progressive,44,43,0,313,0.1,8.292947230022879,0.5,17,4,66,39.40000000000001
FreeSolv,Progressive,44,44,0,250,0.1,8.35917727099111,0.5,18,4,67,39.30000000000001
FreeSolv,Progressive,44,45,0,572,0.1,7.52424327864377,0.5,19,4,68,39.20000000000001
FreeSolv,Progressive,44,46,0,589,0.1,8.162020513075525,0.5,20,4,69,39.100000000000016
FreeSolv,Progressive,44,47,1,392,1.0,4.082894874552477,0.5,0,5,69,38.100000000000016
FreeSolv,Progressive,44,48,0,497,0.1,15.565361066406492,0.9753713686124053,1,5,70,38.000000000000014
FreeSolv,Progressive,44,49,0,505,0.1,15.210998549474112,0.9753713686124053,2,5,71,37.90000000000001
FreeSolv,Progressive,44,50,0,255,0.1,15.270300958695906,0.9753713686124053,3,5,72,37.80000000000002
FreeSolv,Progressive,44,51,0,584,0.1,15.75728338118681,0.9753713686124053,4,5,73,37.70000000000002
FreeSolv,Progressive,44,52,0,159,0.1,15.256822767245719,0.9753713686124053,5,5,74,37.600000000000016
FreeSolv,Progressive,44,53,0,626,0.1,15.505361129372574,0.9753713686124053,6,5,75,37.500000000000014
FreeSolv,Progressive,44,54,0,299,0.1,15.195369837109435,0.9753713686124053,7,5,76,37.40000000000001
FreeSolv,Progressive,44,55,0,136,0.1,14.483781052886489,0.9753713686124053,8,5,77,37.30000000000002
FreeSolv,Progressive,44,56,0,540,0.1,14.758492550671965,0.9753713686124053,9,5,78,37.20000000000002
FreeSolv,Progressive,44,57,0,191,0.1,14.499203033999128,0.9753713686124053,10,5,79,37.100000000000016
FreeSolv,Progressive,44,58,0,380,0.1,14.701620264396684,0.9753713686124053,11,5,80,37.00000000000002
FreeSolv,Progressive,44,59,0,192,0.1,13.866553589848381,0.9753713686124053,12,5,81,36.90000000000002
FreeSolv,Progressive,44,60,0,369,0.1,14.329550654043238,0.9753713686124053,13,5,82,36.80000000000002
FreeSolv,Progressive,44,61,0,105,0.1,13.99286891909855,0.9753713686124053,14,5,83,36.70000000000002
FreeSolv,Progressive,44,62,0,75,0.1,14.896846870741655,0.9753713686124053,15,5,84,36.600000000000016
FreeSolv,Progressive,44,63,0,258,0.1,13.951676332065658,0.9753713686124053,16,5,85,36.50000000000002
FreeSolv,Progressive,44,64,0,327,0.1,14.073980149416103,0.9753713686124053,17,5,86,36.40000000000002
FreeSolv,Progressive,44,65,0,410,0.1,12.945902807008087,0.9753713686124053,18,5,87,36.30000000000002
FreeSolv,Progressive,44,66,0,486,0.1,13.076734497060395,0.9753713686124053,19,5,88,36.200000000000024
FreeSolv,Progressive,44,67,0,337,0.1,14.53597086009204,0.9753713686124053,20,5,89,36.10000000000002
FreeSolv,Progressive,44,68,1,261,1.0,2.2760972880121204,0.9753713686124053,0,6,89,35.10000000000002
FreeSolv,Progressive,44,69,0,66,0.1,12.823196683998122,0.9811587121751117,1,6,90,35.00000000000002
FreeSolv,Progressive,44,70,0,259,0.1,12.894382403957557,0.9811587121751117,2,6,91,34.90000000000002
FreeSolv,Progressive,44,71,0,2,0.1,12.495744938960248,0.9811587121751117,3,6,92,34.80000000000002
FreeSolv,Progressive,44,72,0,284,0.1,13.403355479095104,0.9811587121751117,4,6,93,34.700000000000024
FreeSolv,Progressive,44,73,0,436,0.1,13.544123942589422,0.9811587121751117,5,6,94,34.60000000000002
FreeSolv,Progressive,44,74,0,633,0.1,13.442828077423098,0.9811587121751117,6,6,95,34.50000000000002
FreeSolv,Progressive,44,75,0,31,0.1,12.319690366047546,0.9811587121751117,7,6,96,34.40000000000003
FreeSolv,Progressive,44,76,0,485,0.1,12.386306704784232,0.9811587121751117,8,6,97,34.300000000000026
FreeSolv,Progressive,44,77,0,122,0.1,12.568988501410187,0.9811587121751117,9,6,98,34.200000000000024
FreeSolv,Progressive,44,78,0,263,0.1,12.214846465016864,0.9811587121751117,10,6,99,34.10000000000002
FreeSolv,Progressive,44,79,0,624,0.1,12.070444264347106,0.9811587121751117,11,6,100,34.00000000000002
FreeSolv,Progressive,44,80,0,339,0.1,11.925031624138946,0.9811587121751117,12,6,101,33.90000000000003
FreeSolv,Progressive,44,81,0,204,0.1,10.923238226688955,0.9811587121751117,13,6,102,33.800000000000026
FreeSolv,Progressive,44,82,0,379,0.1,10.90487105680214,0.9811587121751117,14,6,103,33.700000000000024
FreeSolv,Progressive,44,83,0,148,0.1,10.752888248622781,0.9811587121751117,15,6,104,33.60000000000002
FreeSolv,Progressive,44,84,0,319,0.1,10.360585293116454,0.9811587121751117,16,6,105,33.50000000000002
FreeSolv,Progressive,44,85,0,638,0.1,9.904097128736149,0.9811587121751117,17,6,106,33.40000000000002
FreeSolv,Progressive,44,86,0,279,0.1,10.414588655304916,0.9811587121751117,18,6,107,33.30000000000002
FreeSolv,Progressive,44,87,0,126,0.1,9.454516927380961,0.9811587121751117,19,6,108,33.20000000000002
FreeSolv,Progressive,44,88,0,461,0.1,10.063505695486665,0.9811587121751117,20,6,109,33.100000000000016
FreeSolv,Progressive,44,89,1,139,1.0,2.225916762991601,0.9811587121751117,0,7,109,32.100000000000016
FreeSolv,Progressive,44,90,0,517,0.1,9.341709674225521,0.9725297436018642,1,7,110,32.000000000000014
FreeSolv,Progressive,44,91,0,563,0.1,8.943595796336686,0.9725297436018642,2,7,111,31.900000000000013
FreeSolv,Progressive,44,92,0,384,0.1,9.690330617819775,0.9725297436018642,3,7,112,31.80000000000001
FreeSolv,Progressive,44,93,0,84,0.1,8.575416862546401,0.9725297436018642,4,7,113,31.70000000000001
FreeSolv,Progressive,44,94,0,597,0.1,8.852870781738448,0.9725297436018642,5,7,114,31.60000000000001
FreeSolv,Progressive,44,95,0,206,0.1,8.781934991359691,0.9725297436018642,6,7,115,31.500000000000007
FreeSolv,Progressive,44,96,0,214,0.1,8.121088717671556,0.9725297436018642,7,7,116,31.400000000000006
FreeSolv,Progressive,44,97,0,147,0.1,8.087247104428993,0.9725297436018642,8,7,117,31.300000000000004
FreeSolv,Progressive,44,98,0,186,0.1,8.328720884206874,0.9725297436018642,9,7,118,31.200000000000003
FreeSolv,Progressive,44,99,0,91,0.1,8.264806768734868,0.9725297436018642,10,7,119,31.1
FreeSolv,Progressive,44,100,0,620,0.1,8.142171332905015,0.9725297436018642,11,7,120,31.0
FreeSolv,Progressive,44,101,0,592,0.1,8.424435574509449,0.9725297436018642,12,7,121,30.9
FreeSolv,Progressive,44,102,0,413,0.1,7.389055290679863,0.9725297436018642,13,7,122,30.799999999999997
FreeSolv,Progressive,44,103,0,257,0.1,7.978730607610627,0.9725297436018642,14,7,123,30.699999999999996
FreeSolv,Progressive,44,104,0,472,0.1,7.223381759076233,0.9725297436018642,15,7,124,30.599999999999994
FreeSolv,Progressive,44,105,0,425,0.1,7.433830996538827,0.9725297436018642,16,7,125,30.499999999999993
FreeSolv,Progressive,44,106,0,365,0.1,7.224970075017379,0.9725297436018642,17,7,126,30.39999999999999
FreeSolv,Progressive,44,107,0,351,0.1,6.685975405560685,0.9725297436018642,18,7,127,30.29999999999999
FreeSolv,Progressive,44,108,0,622,0.1,6.669983963813919,0.9725297436018642,19,7,128,30.19999999999999
FreeSolv,Progressive,44,109,0,54,0.1,6.702518759582568,0.9725297436018642,20,7,129,30.099999999999987
FreeSolv,Progressive,44,110,1,596,1.0,2.135004019726242,0.9725297436018642,0,8,129,29.099999999999987
FreeSolv,Progressive,44,111,0,456,0.1,7.028445181102145,0.939795042152362,1,8,130,28.999999999999986
FreeSolv,Progressive,44,112,0,53,0.1,6.7855439205575125,0.939795042152362,2,8,131,28.899999999999984
FreeSolv,Progressive,44,113,0,104,0.1,7.229038401166015,0.939795042152362,3,8,132,28.799999999999983
FreeSolv,Progressive,44,114,0,289,0.1,6.03127046131685,0.939795042152362,4,8,133,28.69999999999998
FreeSolv,Progressive,44,115,0,86,0.1,5.846288975656632,0.939795042152362,5,8,134,28.59999999999998
FreeSolv,Progressive,44,116,0,631,0.1,6.288794375346926,0.939795042152362,6,8,135,28.49999999999998
FreeSolv,Progressive,44,117,0,30,0.1,5.866155218814408,0.939795042152362,7,8,136,28.399999999999977
FreeSolv,Progressive,44,118,0,340,0.1,6.06115096750357,0.939795042152362,8,8,137,28.299999999999976
FreeSolv,Progressive,44,119,0,471,0.1,6.1783112561079605,0.939795042152362,9,8,138,28.199999999999974
FreeSolv,Progressive,44,120,0,282,0.1,6.0191704207431735,0.939795042152362,10,8,139,28.099999999999973
FreeSolv,Progressive,44,121,0,10,0.1,5.961764322791041,0.939795042152362,11,8,140,27.99999999999997
FreeSolv,Progressive,44,122,0,128,0.1,5.574368643802546,0.939795042152362,12,8,141,27.89999999999997
FreeSolv,Progressive,44,123,0,383,0.1,5.375062312835431,0.939795042152362,13,8,142,27.79999999999997
FreeSolv,Progressive,44,124,0,77,0.1,5.400122876466025,0.939795042152362,14,8,143,27.699999999999967
FreeSolv,Progressive,44,125,0,85,0.1,5.3497457478316175,0.939795042152362,15,8,144,27.599999999999966
FreeSolv,Progressive,44,126,0,200,0.1,5.410799178658202,0.939795042152362,16,8,145,27.499999999999964
FreeSolv,Progressive,44,127,0,63,0.1,5.515033221624684,0.939795042152362,17,8,146,27.399999999999963
FreeSolv,Progressive,44,128,0,361,0.1,5.429207415775954,0.939795042152362,18,8,147,27.29999999999996
FreeSolv,Progressive,44,129,0,181,0.1,5.27313048975338,0.939795042152362,19,8,148,27.19999999999996
FreeSolv,Progressive,44,130,0,532,0.1,5.523968718244918,0.939795042152362,20,8,149,27.09999999999996
FreeSolv,Progressive,44,131,1,405,1.0,2.2688674376394786,0.939795042152362,0,9,149,26.09999999999996
FreeSolv,Progressive,44,132,0,238,0.1,5.012074272810703,0.939795042152362,1,9,150,25.999999999999957
FreeSolv,Progressive,44,133,0,546,0.1,5.243857468508846,0.939795042152362,2,9,151,25.899999999999956
FreeSolv,Progressive,44,134,0,140,0.1,5.397507587720479,0.939795042152362,3,9,152,25.799999999999955
FreeSolv,Progressive,44,135,0,317,0.1,5.129474327722869,0.939795042152362,4,9,153,25.699999999999953
FreeSolv,Progressive,44,136,0,106,0.1,5.230009869339006,0.939795042152362,5,9,154,25.59999999999995
FreeSolv,Progressive,44,137,0,141,0.1,5.185165794323795,0.939795042152362,6,9,155,25.49999999999995
FreeSolv,Progressive,44,138,0,99,0.1,4.932930764027687,0.939795042152362,7,9,156,25.39999999999995
FreeSolv,Progressive,44,139,0,524,0.1,4.889985627091959,0.939795042152362,8,9,157,25.299999999999947
FreeSolv,Progressive,44,140,0,608,0.1,4.638187923729958,0.939795042152362,9,9,158,25.199999999999946
FreeSolv,Progressive,44,141,0,272,0.1,4.337456630411534,0.939795042152362,10,9,159,25.099999999999945
FreeSolv,Progressive,44,142,0,224,0.1,4.629574680521753,0.939795042152362,11,9,160,24.999999999999943
FreeSolv,Progressive,44,143,0,368,0.1,4.480846057072233,0.939795042152362,12,9,161,24.89999999999994
FreeSolv,Progressive,44,144,0,110,0.1,4.4207376968242045,0.939795042152362,13,9,162,24.79999999999994
FreeSolv,Progressive,44,145,0,386,0.1,4.602526994801139,0.939795042152362,14,9,163,24.69999999999994
FreeSolv,Progressive,44,146,0,280,0.1,3.7181384448880417,0.939795042152362,15,9,164,24.599999999999937
FreeSolv,Progressive,44,147,0,451,0.1,3.7767003273677258,0.939795042152362,16,9,165,24.499999999999936
FreeSolv,Progressive,44,148,0,131,0.1,4.208072661527034,0.939795042152362,17,9,166,24.399999999999935
FreeSolv,Progressive,44,149,0,618,0.1,3.905041019529708,0.939795042152362,18,9,167,24.299999999999933
FreeSolv,Progressive,44,150,0,183,0.1,3.456158409306256,0.939795042152362,19,9,168,24.199999999999932
FreeSolv,Progressive,44,151,0,64,0.1,3.854130515526102,0.939795042152362,20,9,169,24.09999999999993
FreeSolv,Progressive,44,152,1,39,1.0,1.3845750278468825,0.939795042152362,0,10,169,23.09999999999993
FreeSolv,Progressive,44,153,0,283,0.1,3.7375803675868866,0.948079328657271,1,10,170,22.99999999999993
FreeSolv,Progressive,44,154,0,293,0.1,3.528265953221191,0.948079328657271,2,10,171,22.899999999999928
FreeSolv,Progressive,44,155,0,446,0.1,3.2791838757280267,0.948079328657271,3,10,172,22.799999999999926
FreeSolv,Progressive,44,156,0,558,0.1,3.522966555490382,0.948079328657271,4,10,173,22.699999999999925
FreeSolv,Progressive,44,157,0,178,0.1,3.677026483298298,0.948079328657271,5,10,174,22.599999999999923
FreeSolv,Progressive,44,158,0,336,0.1,3.1945210282058825,0.948079328657271,6,10,175,22.499999999999922
FreeSolv,Progressive,44,159,0,172,0.1,3.224153008442954,0.948079328657271,7,10,176,22.39999999999992
FreeSolv,Progressive,44,160,0,166,0.1,3.3658445548331173,0.948079328657271,8,10,177,22.29999999999992
FreeSolv,Progressive,44,161,0,445,0.1,3.0647250434022664,0.948079328657271,9,10,178,22.199999999999918
FreeSolv,Progressive,44,162,0,509,0.1,3.5119613723664402,0.948079328657271,10,10,179,22.099999999999916
FreeSolv,Progressive,44,163,0,268,0.1,3.270123637766108,0.948079328657271,11,10,180,21.999999999999915
FreeSolv,Progressive,44,164,0,357,0.1,3.0043572860183674,0.948079328657271,12,10,181,21.899999999999913
FreeSolv,Progressive,44,165,0,398,0.1,3.544232906345382,0.948079328657271,13,10,182,21.799999999999912
FreeSolv,Progressive,44,166,0,174,0.1,2.919821400594419,0.948079328657271,14,10,183,21.69999999999991
FreeSolv,Progressive,44,167,0,406,0.1,2.960321361671672,0.948079328657271,15,10,184,21.59999999999991
FreeSolv,Progressive,44,168,0,100,0.1,2.964499050876475,0.948079328657271,16,10,185,21.499999999999908
FreeSolv,Progressive,44,169,0,330,0.1,2.993599460941644,0.948079328657271,17,10,186,21.399999999999906
FreeSolv,Progressive,44,170,0,292,0.1,2.8461099358667252,0.948079328657271,18,10,187,21.299999999999905
FreeSolv,Progressive,44,171,0,459,0.1,2.9080064911410872,0.948079328657271,19,10,188,21.199999999999903
FreeSolv,Progressive,44,172,0,432,0.1,2.9104563582266283,0.948079328657271,20,10,189,21.099999999999902
FreeSolv,Progressive,44,173,1,182,1.0,1.4619098180014058,0.948079328657271,0,11,189,20.099999999999902
FreeSolv,Progressive,44,174,0,300,0.1,2.648660242748697,0.9144874270044072,1,11,190,19.9999999999999
FreeSolv,Progressive,44,175,0,119,0.1,2.6156164480964548,0.9144874270044072,2,11,191,19.8999999999999
FreeSolv,Progressive,44,176,0,560,0.1,2.7048374228887426,0.9144874270044072,3,11,192,19.799999999999898
FreeSolv,Progressive,44,177,0,149,0.1,2.6738172278685277,0.9144874270044072,4,11,193,19.699999999999896
FreeSolv,Progressive,44,178,0,440,0.1,3.094661387803103,0.9144874270044072,5,11,194,19.599999999999895
FreeSolv,Progressive,44,179,0,161,0.1,2.958960752053753,0.9144874270044072,6,11,195,19.499999999999893
FreeSolv,Progressive,44,180,0,165,0.1,2.697868162575743,0.9144874270044072,7,11,196,19.399999999999892
FreeSolv,Progressive,44,181,0,473,0.1,2.653033779853935,0.9144874270044072,8,11,197,19.29999999999989
FreeSolv,Progressive,44,182,0,528,0.1,2.3164930821749508,0.9144874270044072,9,11,198,19.19999999999989
FreeSolv,Progressive,44,183,0,603,0.1,2.2710318201305415,0.9144874270044072,10,11,199,19.099999999999888
FreeSolv,Progressive,44,184,0,371,0.1,2.409768390026158,0.9144874270044072,11,11,200,18.999999999999886
FreeSolv,Progressive,44,185,0,118,0.1,2.3731781536877734,0.9144874270044072,12,11,201,18.899999999999885
FreeSolv,Progressive,44,186,0,102,0.1,2.2668752713124505,0.9144874270044072,13,11,202,18.799999999999883
FreeSolv,Progressive,44,187,0,399,0.1,2.2982128698264934,0.9144874270044072,14,11,203,18.699999999999882
FreeSolv,Progressive,44,188,0,338,0.1,2.089572040141533,0.9144874270044072,15,11,204,18.59999999999988
FreeSolv,Progressive,44,189,0,345,0.1,2.010723660443147,0.9144874270044072,16,11,205,18.49999999999988
FreeSolv,Progressive,44,190,0,523,0.1,2.05319797763265,0.9144874270044072,17,11,206,18.399999999999878
FreeSolv,Progressive,44,191,0,500,0.1,2.406496987633612,0.9144874270044072,18,11,207,18.299999999999876
FreeSolv,Progressive,44,192,0,332,0.1,2.1545261351715403,0.9144874270044072,19,11,208,18.199999999999875
FreeSolv,Progressive,44,193,0,548,0.1,1.8860613747561883,0.9144874270044072,20,11,209,18.099999999999874
FreeSolv,Progressive,44,194,1,492,1.0,1.3183977499857076,0.9144874270044072,0,12,209,17.099999999999874
FreeSolv,Progressive,44,195,0,493,0.1,2.214496718969652,0.9215035235885473,1,12,210,16.999999999999872
FreeSolv,Progressive,44,196,0,341,0.1,2.212759123808531,0.9215035235885473,2,12,211,16.89999999999987
FreeSolv,Progressive,44,197,0,37,0.1,1.9983982010720482,0.9215035235885473,3,12,212,16.79999999999987
FreeSolv,Progressive,44,198,0,320,0.1,1.7865083802076656,0.9215035235885473,4,12,213,16.699999999999868
FreeSolv,Progressive,44,199,0,475,0.1,1.7189254909819045,0.9215035235885473,5,12,214,16.599999999999866
FreeSolv,Progressive,44,200,0,314,0.1,1.6236694134067953,0.9215035235885473,6,12,215,16.499999999999865
FreeSolv,Progressive,44,201,0,496,0.1,1.9393445582146323,0.9215035235885473,7,12,216,16.399999999999864
FreeSolv,Progressive,44,202,0,588,0.1,1.656552072144415,0.9215035235885473,8,12,217,16.299999999999862
FreeSolv,Progressive,44,203,0,613,0.1,1.8175391663006681,0.9215035235885473,9,12,218,16.19999999999986
FreeSolv,Progressive,44,204,0,530,0.1,1.566272912958794,0.9215035235885473,10,12,219,16.09999999999986
FreeSolv,Progressive,44,205,0,212,0.1,1.8926808143118883,0.9215035235885473,11,12,220,15.99999999999986
FreeSolv,Progressive,44,206,0,591,0.1,1.6158666927078376,0.9215035235885473,12,12,221,15.899999999999858
FreeSolv,Progressive,44,207,0,443,0.1,1.6073289340327581,0.9215035235885473,13,12,222,15.799999999999857
FreeSolv,Progressive,44,208,0,452,0.1,1.717062962574329,0.9215035235885473,14,12,223,15.699999999999855
FreeSolv,Progressive,44,209,1,373,1.0,1.8076380614456224,0.9215035235885473,0,13,223,14.699999999999854
FreeSolv,Progressive,44,210,0,113,0.1,1.8872662411805,0.9301808576908467,1,13,224,14.599999999999854
FreeSolv,Progressive,44,211,0,25,0.1,1.8273833723111292,0.9301808576908467,2,13,225,14.499999999999853
FreeSolv,Progressive,44,212,0,315,0.1,1.7318892733230273,0.9301808576908467,3,13,226,14.399999999999851
FreeSolv,Progressive,44,213,0,59,0.1,1.973967005135247,0.9301808576908467,4,13,227,14.29999999999985
FreeSolv,Progressive,44,214,0,615,0.1,1.4671426103908727,0.9301808576908467,5,13,228,14.199999999999848
FreeSolv,Progressive,44,215,0,152,0.1,1.6119129590517283,0.9301808576908467,6,13,229,14.099999999999847
FreeSolv,Progressive,44,216,0,578,0.1,1.5149343669430473,0.9301808576908467,7,13,230,13.999999999999845
FreeSolv,Progressive,44,217,0,325,0.1,1.5006602467337216,0.9301808576908467,8,13,231,13.899999999999844
FreeSolv,Progressive,44,218,0,335,0.1,1.7139036321277141,0.9301808576908467,9,13,232,13.799999999999843
FreeSolv,Progressive,44,219,0,187,0.1,1.5973136067281146,0.9301808576908467,10,13,233,13.699999999999841
FreeSolv,Progressive,44,220,0,484,0.1,1.5030355648742857,0.9301808576908467,11,13,234,13.59999999999984
FreeSolv,Progressive,44,221,0,534,0.1,1.2754535703442855,0.9301808576908467,12,13,235,13.499999999999838
FreeSolv,Progressive,44,222,0,285,0.1,1.6483886453435752,0.9301808576908467,13,13,236,13.399999999999837
FreeSolv,Progressive,44,223,0,16,0.1,1.4801806042307704,0.9301808576908467,14,13,237,13.299999999999836
FreeSolv,Progressive,44,224,0,353,0.1,1.398010708299084,0.9301808576908467,15,13,238,13.199999999999834
FreeSolv,Progressive,44,225,0,194,0.1,1.4263008025285941,0.9301808576908467,16,13,239,13.099999999999833
FreeSolv,Progressive,44,226,0,223,0.1,1.1631615145041267,0.9301808576908467,17,13,240,12.999999999999831
FreeSolv,Progressive,44,227,0,519,0.1,1.3253591603362398,0.9301808576908467,18,13,241,12.89999999999983
FreeSolv,Progressive,44,228,0,14,0.1,1.164232293084544,0.9301808576908467,19,13,242,12.799999999999828
FreeSolv,Progressive,44,229,0,180,0.1,1.1838436573191464,0.9301808576908467,20,13,243,12.699999999999827
FreeSolv,Progressive,44,230,1,87,1.0,0.9586898953024476,0.9301808576908467,0,14,243,11.699999999999825
FreeSolv,Progressive,44,231,0,219,0.1,1.3568188750233796,0.934759624081251,1,14,244,11.599999999999826
FreeSolv,Progressive,44,232,0,43,0.1,1.2901344878179535,0.934759624081251,2,14,245,11.499999999999824
FreeSolv,Progressive,44,233,0,253,0.1,1.131818886388034,0.934759624081251,3,14,246,11.399999999999823
FreeSolv,Progressive,44,234,0,175,0.1,1.5805199416718745,0.934759624081251,4,14,247,11.299999999999821
FreeSolv,Progressive,44,235,1,251,1.0,1.4695334460112757,0.934759624081251,0,15,247,10.29999999999982
FreeSolv,Progressive,44,236,0,216,0.1,0.9986319879015602,0.9357868394072134,1,15,248,10.19999999999982
FreeSolv,Progressive,44,237,1,91,1.0,1.2601427458702466,0.9357868394072134,0,16,248,9.199999999999818
FreeSolv,Progressive,44,238,0,167,0.1,1.0510606821588306,0.9365331409895228,1,16,249,9.099999999999818
FreeSolv,Progressive,44,239,0,135,0.1,0.9913814933274185,0.9365331409895228,2,16,250,8.999999999999817
FreeSolv,Progressive,44,240,0,487,0.1,1.2586360334705922,0.9365331409895228,3,16,251,8.899999999999816
FreeSolv,Progressive,44,241,0,506,0.1,0.9648862365209468,0.9365331409895228,4,16,252,8.799999999999814
FreeSolv,Progressive,44,242,1,444,1.0,0.9156320302277381,0.9365331409895228,0,17,252,7.799999999999812
FreeSolv,Progressive,44,243,0,562,0.1,1.146405633237313,0.9394701219025604,1,17,253,7.699999999999813
FreeSolv,Progressive,44,244,1,501,1.0,1.2424623563536537,0.9394701219025604,0,18,253,6.699999999999811
FreeSolv,Progressive,44,245,0,226,0.1,1.0321411552776172,0.940853162655106,1,18,254,6.599999999999811
FreeSolv,Progressive,44,246,1,266,1.0,1.101955924473484,0.940853162655106,0,19,254,5.59999999999981
FreeSolv,Progressive,44,247,0,231,0.1,1.0249309531244228,0.9414305927556703,1,19,255,5.49999999999981
FreeSolv,Progressive,44,248,0,246,0.1,0.7808307562291413,0.9414305927556703,2,19,256,5.3999999999998085
FreeSolv,Progressive,44,249,0,354,0.1,1.2534480573464806,0.9414305927556703,3,19,257,5.299999999999807
FreeSolv,Progressive,44,250,0,60,0.1,1.006616665287174,0.9414305927556703,4,19,258,5.199999999999806
FreeSolv,Progressive,44,251,0,130,0.1,0.7635603522964021,0.9414305927556703,5,19,259,5.099999999999804
FreeSolv,Progressive,44,252,0,145,0.1,0.8062037403719441,0.9414305927556703,6,19,260,4.999999999999803
FreeSolv,Progressive,44,253,0,42,0.1,0.8098170503533033,0.9414305927556703,7,19,261,4.899999999999801
FreeSolv,Progressive,44,254,0,115,0.1,0.8661668793765711,0.9414305927556703,8,19,262,4.7999999999998
FreeSolv,Progressive,44,255,0,304,0.1,0.8500205652046262,0.9414305927556703,9,19,263,4.699999999999799
FreeSolv,Progressive,44,256,0,366,0.1,0.9202011874049596,0.9414305927556703,10,19,264,4.599999999999797
FreeSolv,Progressive,44,257,1,41,1.0,0.7595442840414309,0.9414305927556703,0,20,264,3.5999999999997954
FreeSolv,Progressive,44,258,0,464,0.1,0.8001941552212273,0.9424418740237293,1,20,265,3.4999999999997953
FreeSolv,Progressive,44,259,0,94,0.1,0.8430282094088957,0.9424418740237293,2,20,266,3.399999999999794
FreeSolv,Progressive,44,260,1,80,1.0,0.772825911091447,0.9424418740237293,0,21,266,2.3999999999997925
FreeSolv,Progressive,44,261,0,343,0.1,0.9066690974368514,0.9423631577532893,1,21,267,2.2999999999997924
FreeSolv,Progressive,44,262,0,67,0.1,0.7343519662216993,0.9423631577532893,2,21,268,2.199999999999791
FreeSolv,Progressive,44,263,0,582,0.1,0.8876767778909591,0.9423631577532893,3,21,269,2.0999999999997896
FreeSolv,Progressive,44,264,1,393,1.0,0.792277544537451,0.9423631577532893,0,22,269,1.0999999999997883
FreeSolv,Progressive,44,265,0,352,0.1,1.0184772143517196,0.9424570395654779,1,22,270,0.9999999999997883
FreeSolv,Progressive,44,266,0,604,0.1,0.6042700821398044,0.9424570395654779,2,22,271,0.8999999999997869
FreeSolv,Progressive,44,267,0,359,0.1,1.1053713688434312,0.9424570395654779,3,22,272,0.7999999999997854
FreeSolv,Progressive,44,268,0,275,0.1,0.7697858802045661,0.9424570395654779,4,22,273,0.699999999999784
FreeSolv,Progressive,44,269,0,28,0.1,0.7407406681622956,0.9424570395654779,5,22,274,0.5999999999997826
FreeSolv,Progressive,44,270,0,222,0.1,0.6204844849682836,0.9424570395654779,6,22,275,0.4999999999997812
FreeSolv,Progressive,44,271,0,26,0.1,0.6247680085849291,0.9424570395654779,7,22,276,0.39999999999977975
FreeSolv,Progressive,44,272,0,412,0.1,0.604948778859124,0.9424570395654779,8,22,277,0.29999999999977833
FreeSolv,Progressive,44,273,0,408,0.1,0.532699387219872,0.9424570395654779,9,22,278,0.19999999999977688
FreeSolv,Progressive,44,274,0,435,0.1,0.6185202925964898,0.9424570395654779,10,22,279,0.09999999999977546
FreeSolv,Progressive,45,1,0,492,0.1,12.101190986483711,0.5,1,2,26,45.4
FreeSolv,Progressive,45,2,0,39,0.1,12.600362489985603,0.5,2,2,27,45.3
FreeSolv,Progressive,45,3,0,266,0.1,13.349835737244279,0.5,3,2,28,45.199999999999996
FreeSolv,Progressive,45,4,0,87,0.1,11.870983941960693,0.5,4,2,29,45.1
FreeSolv,Progressive,45,5,0,550,0.1,11.55865095606209,0.5,5,2,30,45.0
FreeSolv,Progressive,45,6,0,595,0.1,12.084262652322598,0.5,6,2,31,44.9
FreeSolv,Progressive,45,7,0,49,0.1,12.835579078226306,0.5,7,2,32,44.800000000000004
FreeSolv,Progressive,45,8,0,251,0.1,11.688556409154941,0.5,8,2,33,44.7
FreeSolv,Progressive,45,9,0,444,0.1,11.16728403294288,0.5,9,2,34,44.6
FreeSolv,Progressive,45,10,0,129,0.1,10.188106597543744,0.5,10,2,35,44.5
FreeSolv,Progressive,45,11,0,139,0.1,12.107159885782606,0.5,11,2,36,44.4
FreeSolv,Progressive,45,12,0,276,0.1,10.894568343333114,0.5,12,2,37,44.300000000000004
FreeSolv,Progressive,45,13,0,91,0.1,11.190986763954811,0.5,13,2,38,44.2
FreeSolv,Progressive,45,14,0,41,0.1,10.307729141822977,0.5,14,2,39,44.1
FreeSolv,Progressive,45,15,0,619,0.1,10.391031719032126,0.5,15,2,40,44.00000000000001
FreeSolv,Progressive,45,16,0,393,0.1,10.115546567627266,0.5,16,2,41,43.900000000000006
FreeSolv,Progressive,45,17,0,501,0.1,10.581148738242174,0.5,17,2,42,43.800000000000004
FreeSolv,Progressive,45,18,0,8,0.1,10.23001828263473,0.5,18,2,43,43.7
FreeSolv,Progressive,45,19,0,313,0.1,11.103328253972998,0.5,19,2,44,43.6
FreeSolv,Progressive,45,20,0,6,0.1,9.29222701444838,0.5,20,2,45,43.50000000000001
FreeSolv,Progressive,45,21,1,515,1.0,7.610626351315613,0.5,0,3,45,42.50000000000001
FreeSolv,Progressive,45,22,0,83,0.1,9.737724155788179,0.5,1,3,46,42.400000000000006
FreeSolv,Progressive,45,23,0,122,0.1,9.347773923784892,0.5,2,3,47,42.300000000000004
FreeSolv,Progressive,45,24,0,301,0.1,9.459346976894073,0.5,3,3,48,42.20000000000001
FreeSolv,Progressive,45,25,0,80,0.1,9.317302570274176,0.5,4,3,49,42.10000000000001
FreeSolv,Progressive,45,26,0,96,0.1,9.235181850627107,0.5,5,3,50,42.00000000000001
FreeSolv,Progressive,45,27,0,286,0.1,9.149521916483476,0.5,6,3,51,41.900000000000006
FreeSolv,Progressive,45,28,0,269,0.1,9.144314891092518,0.5,7,3,52,41.800000000000004
FreeSolv,Progressive,45,29,0,232,0.1,9.448265706327726,0.5,8,3,53,41.70000000000001
FreeSolv,Progressive,45,30,0,599,0.1,9.06875450014383,0.5,9,3,54,41.60000000000001
FreeSolv,Progressive,45,31,0,502,0.1,9.013787814707385,0.5,10,3,55,41.50000000000001
FreeSolv,Progressive,45,32,0,233,0.1,8.929741305053906,0.5,11,3,56,41.40000000000001
FreeSolv,Progressive,45,33,0,422,0.1,8.565265900206231,0.5,12,3,57,41.30000000000001
FreeSolv,Progressive,45,34,0,19,0.1,8.432533289968243,0.5,13,3,58,41.20000000000001
FreeSolv,Progressive,45,35,0,328,0.1,9.134494108543402,0.5,14,3,59,41.10000000000001
FreeSolv,Progressive,45,36,0,589,0.1,8.666492365480835,0.5,15,3,60,41.00000000000001
FreeSolv,Progressive,45,37,0,497,0.1,8.781480950030023,0.5,16,3,61,40.90000000000001
FreeSolv,Progressive,45,38,0,255,0.1,8.608141719562536,0.5,17,3,62,40.80000000000001
FreeSolv,Progressive,45,39,0,564,0.1,8.601683286369223,0.5,18,3,63,40.70000000000001
FreeSolv,Progressive,45,40,0,577,0.1,8.858288999923426,0.5,19,3,64,40.600000000000016
FreeSolv,Progressive,45,41,0,572,0.1,8.911194781254279,0.5,20,3,65,40.500000000000014
FreeSolv,Progressive,45,42,1,542,1.0,5.444279439382687,0.5,0,4,65,39.500000000000014
FreeSolv,Progressive,45,43,0,581,0.1,8.661495126950058,0.5,1,4,66,39.40000000000001
FreeSolv,Progressive,45,44,0,505,0.1,8.747708231289524,0.5,2,4,67,39.30000000000001
FreeSolv,Progressive,45,45,0,584,0.1,8.925638873272604,0.5,3,4,68,39.20000000000001
FreeSolv,Progressive,45,46,0,250,0.1,8.71435139633459,0.5,4,4,69,39.100000000000016
FreeSolv,Progressive,45,47,0,540,0.1,8.44473934479682,0.5,5,4,70,39.000000000000014
FreeSolv,Progressive,45,48,0,136,0.1,8.46158515904135,0.5,6,4,71,38.90000000000001
FreeSolv,Progressive,45,49,0,533,0.1,8.323995172626166,0.5,7,4,72,38.80000000000002
FreeSolv,Progressive,45,50,0,380,0.1,8.113069951105153,0.5,8,4,73,38.70000000000002
FreeSolv,Progressive,45,51,0,299,0.1,7.944880729887644,0.5,9,4,74,38.600000000000016
FreeSolv,Progressive,45,52,0,258,0.1,8.273076779944631,0.5,10,4,75,38.500000000000014
FreeSolv,Progressive,45,53,0,192,0.1,8.323967246369888,0.5,11,4,76,38.40000000000001
FreeSolv,Progressive,45,54,0,327,0.1,8.221244748610893,0.5,12,4,77,38.30000000000002
FreeSolv,Progressive,45,55,0,284,0.1,7.971823719041462,0.5,13,4,78,38.20000000000002
FreeSolv,Progressive,45,56,0,159,0.1,8.311583453928536,0.5,14,4,79,38.100000000000016
FreeSolv,Progressive,45,57,0,486,0.1,7.579665869878915,0.5,15,4,80,38.00000000000002
FreeSolv,Progressive,45,58,0,626,0.1,8.010823682708256,0.5,16,4,81,37.90000000000002
FreeSolv,Progressive,45,59,0,105,0.1,7.4808481448362425,0.5,17,4,82,37.80000000000002
FreeSolv,Progressive,45,60,0,499,0.1,7.6719102906569745,0.5,18,4,83,37.70000000000002
FreeSolv,Progressive,45,61,0,410,0.1,7.349739352140389,0.5,19,4,84,37.600000000000016
FreeSolv,Progressive,45,62,0,337,0.1,7.4156892656137385,0.5,20,4,85,37.50000000000002
FreeSolv,Progressive,45,63,1,405,1.0,3.956335048982676,0.5,0,5,85,36.50000000000002
FreeSolv,Progressive,45,64,0,369,0.1,14.362077518795346,0.9919684286614651,1,5,86,36.40000000000002
FreeSolv,Progressive,45,65,0,75,0.1,14.612908324207465,0.9919684286614651,2,5,87,36.30000000000002
FreeSolv,Progressive,45,66,0,436,0.1,14.59515386153477,0.9919684286614651,3,5,88,36.200000000000024
FreeSolv,Progressive,45,67,0,633,0.1,14.239859516147519,0.9919684286614651,4,5,89,36.10000000000002
FreeSolv,Progressive,45,68,0,191,0.1,13.6694648097775,0.9919684286614651,5,5,90,36.00000000000002
FreeSolv,Progressive,45,69,0,66,0.1,13.859495624709767,0.9919684286614651,6,5,91,35.90000000000002
FreeSolv,Progressive,45,70,0,339,0.1,13.738307937702224,0.9919684286614651,7,5,92,35.80000000000002
FreeSolv,Progressive,45,71,0,263,0.1,13.319518976878745,0.9919684286614651,8,5,93,35.700000000000024
FreeSolv,Progressive,45,72,0,31,0.1,13.071040759413137,0.9919684286614651,9,5,94,35.60000000000002
FreeSolv,Progressive,45,73,0,2,0.1,13.383114846862151,0.9919684286614651,10,5,95,35.50000000000002
FreeSolv,Progressive,45,74,0,638,0.1,12.72751230332808,0.9919684286614651,11,5,96,35.40000000000003
FreeSolv,Progressive,45,75,0,148,0.1,12.560120128962451,0.9919684286614651,12,5,97,35.300000000000026
FreeSolv,Progressive,45,76,0,379,0.1,12.520650801569506,0.9919684286614651,13,5,98,35.200000000000024
FreeSolv,Progressive,45,77,0,279,0.1,12.939331941626566,0.9919684286614651,14,5,99,35.10000000000002
FreeSolv,Progressive,45,78,0,319,0.1,12.282050291606547,0.9919684286614651,15,5,100,35.00000000000002
FreeSolv,Progressive,45,79,0,214,0.1,11.95344118931499,0.9919684286614651,16,5,101,34.90000000000003
FreeSolv,Progressive,45,80,0,517,0.1,11.216173450075008,0.9919684286614651,17,5,102,34.800000000000026
FreeSolv,Progressive,45,81,0,204,0.1,11.308427211195017,0.9919684286614651,18,5,103,34.700000000000024
FreeSolv,Progressive,45,82,0,563,0.1,10.90658998761425,0.9919684286614651,19,5,104,34.60000000000003
FreeSolv,Progressive,45,83,0,259,0.1,11.417342470918829,0.9919684286614651,20,5,105,34.50000000000003
FreeSolv,Progressive,45,84,1,447,1.0,2.8837162445691815,0.9919684286614651,0,6,105,33.50000000000003
FreeSolv,Progressive,45,85,0,461,0.1,11.266943097661938,0.9976329014139963,1,6,106,33.40000000000003
FreeSolv,Progressive,45,86,0,485,0.1,14.280922937868894,0.9976329014139963,2,6,107,33.300000000000026
FreeSolv,Progressive,45,87,0,624,0.1,11.04482406593289,0.9976329014139963,3,6,108,33.200000000000024
FreeSolv,Progressive,45,88,0,257,0.1,10.879993404344988,0.9976329014139963,4,6,109,33.10000000000002
FreeSolv,Progressive,45,89,0,84,0.1,10.1384653543896,0.9976329014139963,5,6,110,33.00000000000002
FreeSolv,Progressive,45,90,0,147,0.1,10.482723425930423,0.9976329014139963,6,6,111,32.90000000000002
FreeSolv,Progressive,45,91,0,413,0.1,9.913416641894997,0.9976329014139963,7,6,112,32.80000000000002
FreeSolv,Progressive,45,92,0,597,0.1,10.042420028388262,0.9976329014139963,8,6,113,32.70000000000002
FreeSolv,Progressive,45,93,0,86,0.1,10.042436169145985,0.9976329014139963,9,6,114,32.600000000000016
FreeSolv,Progressive,45,94,0,61,0.1,10.926638942042066,0.9976329014139963,10,6,115,32.500000000000014
FreeSolv,Progressive,45,95,0,620,0.1,10.178729482086283,0.9976329014139963,11,6,116,32.40000000000001
FreeSolv,Progressive,45,96,0,622,0.1,9.657410687274432,0.9976329014139963,12,6,117,32.30000000000001
FreeSolv,Progressive,45,97,0,365,0.1,8.793161811693045,0.9976329014139963,13,6,118,32.20000000000001
FreeSolv,Progressive,45,98,0,186,0.1,9.037293635647918,0.9976329014139963,14,6,119,32.10000000000001
FreeSolv,Progressive,45,99,0,384,0.1,9.521687271318013,0.9976329014139963,15,6,120,32.00000000000001
FreeSolv,Progressive,45,100,0,437,0.1,8.431279466039616,0.9976329014139963,16,6,121,31.900000000000006
FreeSolv,Progressive,45,101,0,546,0.1,9.234228056997381,0.9976329014139963,17,6,122,31.800000000000004
FreeSolv,Progressive,45,102,0,53,0.1,8.602976534486544,0.9976329014139963,18,6,123,31.700000000000003
FreeSolv,Progressive,45,103,0,282,0.1,8.633858335297267,0.9976329014139963,19,6,124,31.6
FreeSolv,Progressive,45,104,0,592,0.1,8.258198085535703,0.9976329014139963,20,6,125,31.5
FreeSolv,Progressive,45,105,1,261,1.0,3.323602156849986,0.9976329014139963,0,7,125,30.5
FreeSolv,Progressive,45,106,0,351,0.1,8.568717019529352,0.9979881222754542,1,7,126,30.4
FreeSolv,Progressive,45,107,0,472,0.1,8.393259445411703,0.9979881222754542,2,7,127,30.299999999999997
FreeSolv,Progressive,45,108,0,289,0.1,7.9184713781259894,0.9979881222754542,3,7,128,30.199999999999996
FreeSolv,Progressive,45,109,0,471,0.1,7.687905069682119,0.9979881222754542,4,7,129,30.099999999999994
FreeSolv,Progressive,45,110,0,383,0.1,7.61767313850657,0.9979881222754542,5,7,130,29.999999999999993
FreeSolv,Progressive,45,111,0,377,0.1,7.795627086427076,0.9979881222754542,6,7,131,29.89999999999999
FreeSolv,Progressive,45,112,0,126,0.1,8.059950249409052,0.9979881222754542,7,7,132,29.79999999999999
FreeSolv,Progressive,45,113,0,280,0.1,8.464358206612802,0.9979881222754542,8,7,133,29.69999999999999
FreeSolv,Progressive,45,114,0,317,0.1,8.05258064007049,0.9979881222754542,9,7,134,29.599999999999987
FreeSolv,Progressive,45,115,0,425,0.1,7.621067707729581,0.9979881222754542,10,7,135,29.499999999999986
FreeSolv,Progressive,45,116,0,85,0.1,7.04363726150328,0.9979881222754542,11,7,136,29.399999999999984
FreeSolv,Progressive,45,117,0,77,0.1,7.148941180447609,0.9979881222754542,12,7,137,29.299999999999983
FreeSolv,Progressive,45,118,0,10,0.1,6.810034709489044,0.9979881222754542,13,7,138,29.19999999999998
FreeSolv,Progressive,45,119,0,104,0.1,7.819897303994043,0.9979881222754542,14,7,139,29.09999999999998
FreeSolv,Progressive,45,120,0,200,0.1,7.21688044092979,0.9979881222754542,15,7,140,28.99999999999998
FreeSolv,Progressive,45,121,0,272,0.1,6.4707232593424076,0.9979881222754542,16,7,141,28.899999999999977
FreeSolv,Progressive,45,122,0,524,0.1,6.351040528954807,0.9979881222754542,17,7,142,28.799999999999976
FreeSolv,Progressive,45,123,0,206,0.1,6.389381270864525,0.9979881222754542,18,7,143,28.699999999999974
FreeSolv,Progressive,45,124,0,361,0.1,6.565212068804615,0.9979881222754542,19,7,144,28.599999999999973
FreeSolv,Progressive,45,125,0,532,0.1,6.591912345339718,0.9979881222754542,20,7,145,28.49999999999997
FreeSolv,Progressive,45,126,1,182,1.0,2.474405562645652,0.9979881222754542,0,8,145,27.49999999999997
FreeSolv,Progressive,45,127,0,99,0.1,5.973102814097915,0.9712361370547877,1,8,146,27.39999999999997
FreeSolv,Progressive,45,128,0,110,0.1,6.183543585175727,0.9712361370547877,2,8,147,27.29999999999997
FreeSolv,Progressive,45,129,0,238,0.1,5.795834426263592,0.9712361370547877,3,8,148,27.199999999999967
FreeSolv,Progressive,45,130,0,30,0.1,6.000682781469671,0.9712361370547877,4,8,149,27.099999999999966
FreeSolv,Progressive,45,131,0,100,0.1,5.602544333051216,0.9712361370547877,5,8,150,26.999999999999964
FreeSolv,Progressive,45,132,0,357,0.1,5.439580019230526,0.9712361370547877,6,8,151,26.899999999999963
FreeSolv,Progressive,45,133,0,386,0.1,6.026129645100263,0.9712361370547877,7,8,152,26.79999999999996
FreeSolv,Progressive,45,134,0,141,0.1,5.235872526653754,0.9712361370547877,8,8,153,26.69999999999996
FreeSolv,Progressive,45,135,0,128,0.1,5.15544379975796,0.9712361370547877,9,8,154,26.59999999999996
FreeSolv,Progressive,45,136,0,451,0.1,5.631938677565144,0.9712361370547877,10,8,155,26.499999999999957
FreeSolv,Progressive,45,137,0,131,0.1,5.281495308382727,0.9712361370547877,11,8,156,26.399999999999956
FreeSolv,Progressive,45,138,0,37,0.1,5.07219997930022,0.9712361370547877,12,8,157,26.299999999999955
FreeSolv,Progressive,45,139,0,64,0.1,4.814505856866787,0.9712361370547877,13,8,158,26.199999999999953
FreeSolv,Progressive,45,140,0,63,0.1,5.212728791837213,0.9712361370547877,14,8,159,26.09999999999995
FreeSolv,Progressive,45,141,0,608,0.1,4.849875675737481,0.9712361370547877,15,8,160,25.99999999999995
FreeSolv,Progressive,45,142,0,106,0.1,4.8994625474023,0.9712361370547877,16,8,161,25.89999999999995
FreeSolv,Progressive,45,143,0,618,0.1,4.677941533947253,0.9712361370547877,17,8,162,25.799999999999947
FreeSolv,Progressive,45,144,0,368,0.1,4.715020150618031,0.9712361370547877,18,8,163,25.699999999999946
FreeSolv,Progressive,45,145,0,336,0.1,4.350599926460205,0.9712361370547877,19,8,164,25.599999999999945
FreeSolv,Progressive,45,146,0,406,0.1,4.264802409055652,0.9712361370547877,20,8,165,25.499999999999943
FreeSolv,Progressive,45,147,1,328,1.0,2.273476431927526,0.9712361370547877,0,9,165,24.499999999999943
FreeSolv,Progressive,45,148,0,445,0.1,4.373998674037915,0.9740222309858951,1,9,166,24.39999999999994
FreeSolv,Progressive,45,149,0,558,0.1,4.171707013253249,0.9740222309858951,2,9,167,24.29999999999994
FreeSolv,Progressive,45,150,0,172,0.1,4.680733816650954,0.9740222309858951,3,9,168,24.19999999999994
FreeSolv,Progressive,45,151,0,398,0.1,4.4504338674824195,0.9740222309858951,4,9,169,24.099999999999937
FreeSolv,Progressive,45,152,0,446,0.1,4.021452918253735,0.9740222309858951,5,9,170,23.999999999999936
FreeSolv,Progressive,45,153,0,178,0.1,4.432863059467301,0.9740222309858951,6,9,171,23.899999999999935
FreeSolv,Progressive,45,154,0,54,0.1,3.9225967010162033,0.9740222309858951,7,9,172,23.799999999999933
FreeSolv,Progressive,45,155,0,456,0.1,4.650093899279992,0.9740222309858951,8,9,173,23.699999999999932
FreeSolv,Progressive,45,156,0,283,0.1,3.8616216485657753,0.9740222309858951,9,9,174,23.59999999999993
FreeSolv,Progressive,45,157,0,560,0.1,3.8088906370570452,0.9740222309858951,10,9,175,23.49999999999993
FreeSolv,Progressive,45,158,0,183,0.1,3.7425675513848025,0.9740222309858951,11,9,176,23.399999999999928
FreeSolv,Progressive,45,159,0,459,0.1,3.6372137652290473,0.9740222309858951,12,9,177,23.299999999999926
FreeSolv,Progressive,45,160,0,293,0.1,4.12021432974148,0.9740222309858951,13,9,178,23.199999999999925
FreeSolv,Progressive,45,161,0,371,0.1,3.5733427301094305,0.9740222309858951,14,9,179,23.099999999999923
FreeSolv,Progressive,45,162,0,165,0.1,3.452782711769738,0.9740222309858951,15,9,180,22.999999999999922
FreeSolv,Progressive,45,163,0,631,0.1,3.822821336295915,0.9740222309858951,16,9,181,22.89999999999992
FreeSolv,Progressive,45,164,0,330,0.1,3.3888375396164454,0.9740222309858951,17,9,182,22.79999999999992
FreeSolv,Progressive,45,165,0,268,0.1,3.226769145375199,0.9740222309858951,18,9,183,22.699999999999918
FreeSolv,Progressive,45,166,0,300,0.1,3.726356282976263,0.9740222309858951,19,9,184,22.599999999999916
FreeSolv,Progressive,45,167,0,119,0.1,3.1553174020686146,0.9740222309858951,20,9,185,22.499999999999915
FreeSolv,Progressive,45,168,1,49,1.0,2.395953337955788,0.9740222309858951,0,10,185,21.499999999999915
FreeSolv,Progressive,45,169,0,149,0.1,3.034532161465862,0.9738772166227325,1,10,186,21.399999999999913
FreeSolv,Progressive,45,170,0,473,0.1,3.039084547323463,0.9738772166227325,2,10,187,21.299999999999912
FreeSolv,Progressive,45,171,1,360,1.0,3.845291687296362,0.9738772166227325,0,11,187,20.299999999999912
FreeSolv,Progressive,45,172,0,292,0.1,4.304647324961209,0.9568201271063959,1,11,188,20.19999999999991
FreeSolv,Progressive,45,173,1,596,1.0,4.79505457708225,0.9568201271063959,0,12,188,19.19999999999991
FreeSolv,Progressive,45,174,0,166,0.1,3.819537361037366,0.9503820577513391,1,12,189,19.09999999999991
FreeSolv,Progressive,45,175,0,174,0.1,3.8429667709966098,0.9503820577513391,2,12,190,18.999999999999908
FreeSolv,Progressive,45,176,0,345,0.1,3.7287289809955912,0.9503820577513391,3,12,191,18.899999999999906
FreeSolv,Progressive,45,177,0,181,0.1,4.17312544625994,0.9503820577513391,4,12,192,18.799999999999905
FreeSolv,Progressive,45,178,0,140,0.1,3.974374967394274,0.9503820577513391,5,12,193,18.699999999999903
FreeSolv,Progressive,45,179,0,224,0.1,4.250260930911314,0.9503820577513391,6,12,194,18.599999999999902
FreeSolv,Progressive,45,180,0,528,0.1,4.325762990990691,0.9503820577513391,7,12,195,18.4999999999999
FreeSolv,Progressive,45,181,0,440,0.1,3.354561015835803,0.9503820577513391,8,12,196,18.3999999999999
FreeSolv,Progressive,45,182,0,320,0.1,4.2940953382259694,0.9503820577513391,9,12,197,18.299999999999898
FreeSolv,Progressive,45,183,0,509,0.1,3.7629821009370668,0.9503820577513391,10,12,198,18.199999999999896
FreeSolv,Progressive,45,184,0,603,0.1,3.8458641313750745,0.9503820577513391,11,12,199,18.099999999999895
FreeSolv,Progressive,45,185,0,399,0.1,3.3294211159200553,0.9503820577513391,12,12,200,17.999999999999893
FreeSolv,Progressive,45,186,0,588,0.1,3.1472821880064954,0.9503820577513391,13,12,201,17.899999999999892
FreeSolv,Progressive,45,187,0,591,0.1,3.7526778769972746,0.9503820577513391,14,12,202,17.79999999999989
FreeSolv,Progressive,45,188,0,102,0.1,3.20231464727511,0.9503820577513391,15,12,203,17.69999999999989
FreeSolv,Progressive,45,189,0,500,0.1,3.3118781993814506,0.9503820577513391,16,12,204,17.599999999999888
FreeSolv,Progressive,45,190,0,548,0.1,3.163765221321455,0.9503820577513391,17,12,205,17.499999999999886
FreeSolv,Progressive,45,191,0,452,0.1,3.2009509750593383,0.9503820577513391,18,12,206,17.399999999999885
FreeSolv,Progressive,45,192,0,496,0.1,3.1142400429875776,0.9503820577513391,19,12,207,17.299999999999883
FreeSolv,Progressive,45,193,0,615,0.1,3.9759295413213622,0.9503820577513391,20,12,208,17.199999999999882
FreeSolv,Progressive,45,194,1,266,1.0,1.568943622424702,0.9503820577513391,0,13,208,16.199999999999882
FreeSolv,Progressive,45,195,0,340,0.1,3.053607824285594,0.9523615730700715,1,13,209,16.09999999999988
FreeSolv,Progressive,45,196,0,118,0.1,3.010135803420427,0.9523615730700715,2,13,210,15.999999999999881
FreeSolv,Progressive,45,197,0,475,0.1,3.0901840593476626,0.9523615730700715,3,13,211,15.89999999999988
FreeSolv,Progressive,45,198,0,432,0.1,2.976107194140835,0.9523615730700715,4,13,212,15.799999999999878
FreeSolv,Progressive,45,199,0,613,0.1,3.0763440998144143,0.9523615730700715,5,13,213,15.699999999999877
FreeSolv,Progressive,45,200,0,161,0.1,3.024310451850727,0.9523615730700715,6,13,214,15.599999999999875
FreeSolv,Progressive,45,201,0,314,0.1,2.861137446921829,0.9523615730700715,7,13,215,15.499999999999874
FreeSolv,Progressive,45,202,0,338,0.1,2.977652234363033,0.9523615730700715,8,13,216,15.399999999999872
FreeSolv,Progressive,45,203,0,16,0.1,2.8058315615601486,0.9523615730700715,9,13,217,15.299999999999871
FreeSolv,Progressive,45,204,0,341,0.1,2.8606775374043396,0.9523615730700715,10,13,218,15.19999999999987
FreeSolv,Progressive,45,205,0,152,0.1,2.686304251746663,0.9523615730700715,11,13,219,15.099999999999868
FreeSolv,Progressive,45,206,0,578,0.1,2.6720359668532243,0.9523615730700715,12,13,220,14.999999999999867
FreeSolv,Progressive,45,207,0,530,0.1,2.505548691551096,0.9523615730700715,13,13,221,14.899999999999865
FreeSolv,Progressive,45,208,0,25,0.1,2.659670323827018,0.9523615730700715,14,13,222,14.799999999999864
FreeSolv,Progressive,45,209,0,60,0.1,2.707039259562195,0.9523615730700715,15,13,223,14.699999999999863
FreeSolv,Progressive,45,210,1,245,1.0,2.316981491604478,0.9523615730700715,0,14,223,13.69999999999986
FreeSolv,Progressive,45,211,0,113,0.1,2.5855150916274887,0.9449859087771816,1,14,224,13.599999999999861
FreeSolv,Progressive,45,212,0,194,0.1,2.6389718912410154,0.9449859087771816,2,14,225,13.49999999999986
FreeSolv,Progressive,45,213,0,325,0.1,2.69220600680678,0.9449859087771816,3,14,226,13.399999999999858
FreeSolv,Progressive,45,214,0,353,0.1,2.433148962279336,0.9449859087771816,4,14,227,13.299999999999857
FreeSolv,Progressive,45,215,0,335,0.1,2.654793262385965,0.9449859087771816,5,14,228,13.199999999999855
FreeSolv,Progressive,45,216,0,315,0.1,2.5366715983396273,0.9449859087771816,6,14,229,13.099999999999854
FreeSolv,Progressive,45,217,0,59,0.1,2.456897926836427,0.9449859087771816,7,14,230,12.999999999999853
FreeSolv,Progressive,45,218,0,443,0.1,2.5331832361929063,0.9449859087771816,8,14,231,12.899999999999851
FreeSolv,Progressive,45,219,0,366,0.1,2.5651750821877064,0.9449859087771816,9,14,232,12.79999999999985
FreeSolv,Progressive,45,220,0,167,0.1,2.2237186824592525,0.9449859087771816,10,14,233,12.699999999999848
FreeSolv,Progressive,45,221,0,285,0.1,2.4607289383718167,0.9449859087771816,11,14,234,12.599999999999847
FreeSolv,Progressive,45,222,0,222,0.1,2.1113589462038718,0.9449859087771816,12,14,235,12.499999999999845
FreeSolv,Progressive,45,223,0,463,0.1,2.662825596392045,0.9449859087771816,13,14,236,12.399999999999844
FreeSolv,Progressive,45,224,0,187,0.1,1.921840691422461,0.9449859087771816,14,14,237,12.299999999999843
FreeSolv,Progressive,45,225,0,175,0.1,2.2381478727427266,0.9449859087771816,15,14,238,12.199999999999841
FreeSolv,Progressive,45,226,0,534,0.1,2.318149144653755,0.9449859087771816,16,14,239,12.09999999999984
FreeSolv,Progressive,45,227,0,246,0.1,2.135492253881033,0.9449859087771816,17,14,240,11.999999999999838
FreeSolv,Progressive,45,228,0,219,0.1,2.2389225004704536,0.9449859087771816,18,14,241,11.899999999999837
FreeSolv,Progressive,45,229,0,135,0.1,2.0827994209264764,0.9449859087771816,19,14,242,11.799999999999836
FreeSolv,Progressive,45,230,0,14,0.1,2.0300260339691376,0.9449859087771816,20,14,243,11.699999999999834
FreeSolv,Progressive,45,231,1,550,1.0,1.6109227156809058,0.9449859087771816,0,15,243,10.699999999999832
FreeSolv,Progressive,45,232,0,253,0.1,2.0428871963231288,0.9470106839212176,1,15,244,10.599999999999833
FreeSolv,Progressive,45,233,0,180,0.1,2.0012137976080884,0.9470106839212176,2,15,245,10.499999999999831
FreeSolv,Progressive,45,234,0,43,0.1,1.876221545886368,0.9470106839212176,3,15,246,10.39999999999983
FreeSolv,Progressive,45,235,0,216,0.1,2.300158610007754,0.9470106839212176,4,15,247,10.299999999999828
FreeSolv,Progressive,45,236,0,223,0.1,1.8844915500500163,0.9470106839212176,5,15,248,10.199999999999827
FreeSolv,Progressive,45,237,0,519,0.1,1.7135897714761177,0.9470106839212176,6,15,249,10.099999999999826
FreeSolv,Progressive,45,238,0,487,0.1,1.9468563181594818,0.9470106839212176,7,15,250,9.999999999999824
FreeSolv,Progressive,45,239,0,304,0.1,1.746003680151992,0.9470106839212176,8,15,251,9.899999999999823
FreeSolv,Progressive,45,240,1,160,1.0,3.1193647220453724,0.9470106839212176,0,16,251,8.899999999999821
FreeSolv,Progressive,45,241,0,94,0.1,2.0912542260283926,0.9474664416502612,1,16,252,8.799999999999821
FreeSolv,Progressive,45,242,0,115,0.1,1.859819224429003,0.9474664416502612,2,16,253,8.69999999999982
FreeSolv,Progressive,45,243,0,506,0.1,1.8423952272146473,0.9474664416502612,3,16,254,8.599999999999818
FreeSolv,Progressive,45,244,0,562,0.1,1.8393668805719832,0.9474664416502612,4,16,255,8.499999999999817
FreeSolv,Progressive,45,245,1,251,1.0,1.644788158849153,0.9474664416502612,0,17,255,7.499999999999815
FreeSolv,Progressive,45,246,0,354,0.1,1.6105751845830507,0.9496028450985985,1,17,256,7.399999999999816
FreeSolv,Progressive,45,247,0,401,0.1,1.5615006504082498,0.9496028450985985,2,17,257,7.299999999999814
FreeSolv,Progressive,45,248,0,67,0.1,1.6340297591790927,0.9496028450985985,3,17,258,7.199999999999813
FreeSolv,Progressive,45,249,0,435,0.1,1.6894885196109615,0.9496028450985985,4,17,259,7.099999999999811
FreeSolv,Progressive,45,250,1,444,1.0,1.555080142287605,0.9496028450985985,0,18,259,6.09999999999981
FreeSolv,Progressive,45,251,0,145,0.1,1.3962945256358827,0.9517187126983266,1,18,260,5.99999999999981
FreeSolv,Progressive,45,252,0,604,0.1,1.7047232850464094,0.9517187126983266,2,18,261,5.8999999999998085
FreeSolv,Progressive,45,253,0,26,0.1,1.786291237348602,0.9517187126983266,3,18,262,5.799999999999807
FreeSolv,Progressive,45,254,0,632,0.1,1.5975556718586872,0.9517187126983266,4,18,263,5.699999999999806
FreeSolv,Progressive,45,255,0,352,0.1,1.676013753479364,0.9517187126983266,5,18,264,5.599999999999804
FreeSolv,Progressive,45,256,0,343,0.1,1.5888604695067303,0.9517187126983266,6,18,265,5.499999999999803
FreeSolv,Progressive,45,257,0,226,0.1,1.4508819621624194,0.9517187126983266,7,18,266,5.399999999999801
FreeSolv,Progressive,45,258,0,231,0.1,1.3006104763207909,0.9517187126983266,8,18,267,5.2999999999998
FreeSolv,Progressive,45,259,1,212,1.0,1.6929749598203536,0.9517187126983266,0,19,267,4.299999999999798
FreeSolv,Progressive,45,260,0,582,0.1,1.3444544077043779,0.9508116729511946,1,19,268,4.199999999999799
FreeSolv,Progressive,45,261,1,39,1.0,1.2764919558862018,0.9508116729511946,0,20,268,3.199999999999797
FreeSolv,Progressive,45,262,0,489,0.1,1.3119712746077745,0.952864519902622,1,20,269,3.0999999999997967
FreeSolv,Progressive,45,263,0,464,0.1,1.4986567390467411,0.952864519902622,2,20,270,2.9999999999997953
FreeSolv,Progressive,45,264,1,61,1.0,1.3852048761390348,0.952864519902622,0,21,270,1.999999999999794
FreeSolv,Progressive,45,265,0,130,0.1,1.3167477067109328,0.9506675928752701,1,21,271,1.8999999999997939
FreeSolv,Progressive,45,266,0,201,0.1,1.2597603189441064,0.9506675928752701,2,21,272,1.7999999999997924
FreeSolv,Progressive,45,267,0,28,0.1,1.074599315223611,0.9506675928752701,3,21,273,1.699999999999791
FreeSolv,Progressive,45,268,1,492,1.0,1.2308123677598282,0.9506675928752701,0,22,273,0.6999999999997897
FreeSolv,Progressive,45,269,0,271,0.1,1.2207035102803376,0.9521172045398192,1,22,274,0.5999999999997897
FreeSolv,Progressive,45,270,0,453,0.1,1.1231223466484985,0.9521172045398192,2,22,275,0.4999999999997883
FreeSolv,Progressive,45,271,0,484,0.1,1.4521040689948044,0.9521172045398192,3,22,276,0.39999999999978686
FreeSolv,Progressive,45,272,0,168,0.1,1.0744281156967685,0.9521172045398192,4,22,277,0.29999999999978544
FreeSolv,Progressive,45,273,0,22,0.1,1.5759368728492664,0.9521172045398192,5,22,278,0.199999999999784
FreeSolv,Progressive,45,274,0,72,0.1,1.0010663220961358,0.9521172045398192,6,22,279,0.09999999999978257
FreeSolv,Progressive,46,1,0,39,0.1,10.246607094215793,0.5,1,2,26,45.4
FreeSolv,Progressive,46,2,1,144,1.0,11.739545967477635,0.5,0,3,26,44.4
FreeSolv,Progressive,46,3,0,139,0.1,11.507542813397286,0.5,1,3,27,44.3
FreeSolv,Progressive,46,4,0,266,0.1,10.9099302195878,0.5,2,3,28,44.199999999999996
FreeSolv,Progressive,46,5,0,206,0.1,11.146945592975126,0.5,3,3,29,44.1
FreeSolv,Progressive,46,6,0,550,0.1,10.33459620387148,0.5,4,3,30,44.0
FreeSolv,Progressive,46,7,0,492,0.1,9.69281343888595,0.5,5,3,31,43.9
FreeSolv,Progressive,46,8,0,49,0.1,11.575022028385417,0.5,6,3,32,43.800000000000004
FreeSolv,Progressive,46,9,0,87,0.1,9.72608395407003,0.5,7,3,33,43.7
FreeSolv,Progressive,46,10,0,595,0.1,10.18521707710327,0.5,8,3,34,43.6
FreeSolv,Progressive,46,11,0,251,0.1,10.055521132879877,0.5,9,3,35,43.5
FreeSolv,Progressive,46,12,0,444,0.1,9.536444352141435,0.5,10,3,36,43.4
FreeSolv,Progressive,46,13,0,437,0.1,10.057575471082426,0.5,11,3,37,43.300000000000004
FreeSolv,Progressive,46,14,0,129,0.1,9.218074595780932,0.5,12,3,38,43.2
FreeSolv,Progressive,46,15,0,83,0.1,10.127153548957333,0.5,13,3,39,43.1
FreeSolv,Progressive,46,16,0,619,0.1,9.626252973049391,0.5,14,3,40,43.00000000000001
FreeSolv,Progressive,46,17,0,328,0.1,10.117446673168114,0.5,15,3,41,42.900000000000006
FreeSolv,Progressive,46,18,0,233,0.1,10.256111978391585,0.5,16,3,42,42.800000000000004
FreeSolv,Progressive,46,19,0,96,0.1,10.016192427589136,0.5,17,3,43,42.7
FreeSolv,Progressive,46,20,0,284,0.1,9.946045290506534,0.5,18,3,44,42.6
FreeSolv,Progressive,46,21,0,258,0.1,9.539987210378584,0.5,19,3,45,42.50000000000001
FreeSolv,Progressive,46,22,0,91,0.1,9.750694244232267,0.5,20,3,46,42.400000000000006
FreeSolv,Progressive,46,23,1,515,1.0,7.368399462393517,0.5,0,4,46,41.400000000000006
FreeSolv,Progressive,46,24,0,232,0.1,9.19590428384722,0.5,1,4,47,41.300000000000004
FreeSolv,Progressive,46,25,0,393,0.1,9.211693297942933,0.5,2,4,48,41.20000000000001
FreeSolv,Progressive,46,26,0,286,0.1,9.101455282439531,0.5,3,4,49,41.10000000000001
FreeSolv,Progressive,46,27,0,6,0.1,8.872421874029735,0.5,4,4,50,41.00000000000001
FreeSolv,Progressive,46,28,0,8,0.1,8.646045749871758,0.5,5,4,51,40.900000000000006
FreeSolv,Progressive,46,29,0,599,0.1,8.655067438905956,0.5,6,4,52,40.800000000000004
FreeSolv,Progressive,46,30,0,41,0.1,8.514352859927929,0.5,7,4,53,40.70000000000001
FreeSolv,Progressive,46,31,0,122,0.1,8.693744096176749,0.5,8,4,54,40.60000000000001
FreeSolv,Progressive,46,32,0,501,0.1,8.52151618305376,0.5,9,4,55,40.50000000000001
FreeSolv,Progressive,46,33,0,422,0.1,8.816800519463875,0.5,10,4,56,40.40000000000001
FreeSolv,Progressive,46,34,0,301,0.1,8.740606656569682,0.5,11,4,57,40.30000000000001
FreeSolv,Progressive,46,35,0,589,0.1,8.49434546782336,0.5,12,4,58,40.20000000000001
FreeSolv,Progressive,46,36,0,502,0.1,8.765554399115864,0.5,13,4,59,40.10000000000001
FreeSolv,Progressive,46,37,0,19,0.1,8.364390947352742,0.5,14,4,60,40.00000000000001
FreeSolv,Progressive,46,38,0,564,0.1,8.588712223207088,0.5,15,4,61,39.90000000000001
FreeSolv,Progressive,46,39,0,80,0.1,8.764333192026143,0.5,16,4,62,39.80000000000001
FreeSolv,Progressive,46,40,0,276,0.1,8.556688449027805,0.5,17,4,63,39.70000000000001
FreeSolv,Progressive,46,41,0,269,0.1,8.488803780342,0.5,18,4,64,39.600000000000016
FreeSolv,Progressive,46,42,0,497,0.1,8.322372132078879,0.5,19,4,65,39.500000000000014
FreeSolv,Progressive,46,43,0,533,0.1,8.666224595020138,0.5,20,4,66,39.40000000000001
FreeSolv,Progressive,46,44,1,542,1.0,5.891394198704401,0.5,0,5,66,38.40000000000001
FreeSolv,Progressive,46,45,0,572,0.1,8.604821702655231,0.5,1,5,67,38.30000000000001
FreeSolv,Progressive,46,46,0,577,0.1,8.53946858265326,0.5,2,5,68,38.20000000000001
FreeSolv,Progressive,46,47,0,505,0.1,8.235891455556503,0.5,3,5,69,38.100000000000016
FreeSolv,Progressive,46,48,0,159,0.1,8.575744664356066,0.5,4,5,70,38.000000000000014
FreeSolv,Progressive,46,49,0,626,0.1,8.357917311464302,0.5,5,5,71,37.90000000000001
FreeSolv,Progressive,46,50,0,255,0.1,8.350139018749866,0.5,6,5,72,37.80000000000002
FreeSolv,Progressive,46,51,0,584,0.1,8.750691650512822,0.5,7,5,73,37.70000000000002
FreeSolv,Progressive,46,52,0,380,0.1,8.184389718141365,0.5,8,5,74,37.600000000000016
FreeSolv,Progressive,46,53,0,192,0.1,8.379013057665738,0.5,9,5,75,37.500000000000014
FreeSolv,Progressive,46,54,0,299,0.1,7.555678067508047,0.5,10,5,76,37.40000000000001
FreeSolv,Progressive,46,55,0,136,0.1,8.063418910542621,0.5,11,5,77,37.30000000000002
FreeSolv,Progressive,46,56,0,633,0.1,8.622452701510479,0.5,12,5,78,37.20000000000002
FreeSolv,Progressive,46,57,0,327,0.1,8.27239380643781,0.5,13,5,79,37.100000000000016
FreeSolv,Progressive,46,58,0,75,0.1,8.215496986299303,0.5,14,5,80,37.00000000000002
FreeSolv,Progressive,46,59,0,339,0.1,7.5457353983252595,0.5,15,5,81,36.90000000000002
FreeSolv,Progressive,46,60,0,337,0.1,7.648337815041282,0.5,16,5,82,36.80000000000002
FreeSolv,Progressive,46,61,0,581,0.1,7.397780840473763,0.5,17,5,83,36.70000000000002
FreeSolv,Progressive,46,62,0,410,0.1,7.218002034309652,0.5,18,5,84,36.600000000000016
FreeSolv,Progressive,46,63,0,250,0.1,7.589081472325834,0.5,19,5,85,36.50000000000002
FreeSolv,Progressive,46,64,0,540,0.1,7.450105004438257,0.5,20,5,86,36.40000000000002
FreeSolv,Progressive,46,65,1,360,1.0,4.748013260179337,0.5,0,6,86,35.40000000000002
FreeSolv,Progressive,46,66,0,105,0.1,15.959506455171368,0.9932291824012041,1,6,87,35.30000000000002
FreeSolv,Progressive,46,67,0,486,0.1,16.486447687293264,0.9932291824012041,2,6,88,35.200000000000024
FreeSolv,Progressive,46,68,0,436,0.1,16.118816873206026,0.9932291824012041,3,6,89,35.10000000000002
FreeSolv,Progressive,46,69,0,369,0.1,15.790281137758141,0.9932291824012041,4,6,90,35.00000000000002
FreeSolv,Progressive,46,70,0,263,0.1,15.914864403677486,0.9932291824012041,5,6,91,34.90000000000002
FreeSolv,Progressive,46,71,0,638,0.1,15.709824500468462,0.9932291824012041,6,6,92,34.80000000000002
FreeSolv,Progressive,46,72,0,2,0.1,15.399102846300512,0.9932291824012041,7,6,93,34.700000000000024
FreeSolv,Progressive,46,73,0,66,0.1,15.674103324157938,0.9932291824012041,8,6,94,34.60000000000002
FreeSolv,Progressive,46,74,0,279,0.1,16.32234827993979,0.9932291824012041,9,6,95,34.50000000000002
FreeSolv,Progressive,46,75,0,31,0.1,15.573123402198483,0.9932291824012041,10,6,96,34.40000000000003
FreeSolv,Progressive,46,76,0,191,0.1,15.192809153905582,0.9932291824012041,11,6,97,34.300000000000026
FreeSolv,Progressive,46,77,0,148,0.1,14.207929634822097,0.9932291824012041,12,6,98,34.200000000000024
FreeSolv,Progressive,46,78,0,379,0.1,14.920907826479219,0.9932291824012041,13,6,99,34.10000000000002
FreeSolv,Progressive,46,79,0,461,0.1,14.280462251963769,0.9932291824012041,14,6,100,34.00000000000002
FreeSolv,Progressive,46,80,0,620,0.1,14.528012719761438,0.9932291824012041,15,6,101,33.90000000000003
FreeSolv,Progressive,46,81,0,204,0.1,13.337647039026859,0.9932291824012041,16,6,102,33.800000000000026
FreeSolv,Progressive,46,82,0,624,0.1,14.008630842353075,0.9932291824012041,17,6,103,33.700000000000024
FreeSolv,Progressive,46,83,0,517,0.1,13.090947709873056,0.9932291824012041,18,6,104,33.60000000000002
FreeSolv,Progressive,46,84,0,61,0.1,13.322792907687857,0.9932291824012041,19,6,105,33.50000000000002
FreeSolv,Progressive,46,85,0,597,0.1,12.149181168284565,0.9932291824012041,20,6,106,33.40000000000002
FreeSolv,Progressive,46,86,1,193,1.0,4.173211688241908,0.9932291824012041,0,7,106,32.40000000000002
FreeSolv,Progressive,46,87,0,413,0.1,12.733672844918345,0.9932291824012041,1,7,107,32.30000000000002
FreeSolv,Progressive,46,88,0,319,0.1,12.242313788917198,0.9932291824012041,2,7,108,32.20000000000002
FreeSolv,Progressive,46,89,0,259,0.1,12.436073218952961,0.9932291824012041,3,7,109,32.100000000000016
FreeSolv,Progressive,46,90,0,53,0.1,11.485692891047128,0.9932291824012041,4,7,110,32.000000000000014
FreeSolv,Progressive,46,91,0,563,0.1,11.907877368994841,0.9932291824012041,5,7,111,31.900000000000013
FreeSolv,Progressive,46,92,0,147,0.1,11.704610199823785,0.9932291824012041,6,7,112,31.80000000000001
FreeSolv,Progressive,46,93,0,313,0.1,10.772173366246896,0.9932291824012041,7,7,113,31.70000000000001
FreeSolv,Progressive,46,94,0,186,0.1,12.031490583409093,0.9932291824012041,8,7,114,31.60000000000001
FreeSolv,Progressive,46,95,0,84,0.1,10.595081591934917,0.9932291824012041,9,7,115,31.500000000000007
FreeSolv,Progressive,46,96,0,472,0.1,10.822968088516912,0.9932291824012041,10,7,116,31.400000000000006
FreeSolv,Progressive,46,97,0,77,0.1,10.1326789319321,0.9932291824012041,11,7,117,31.300000000000004
FreeSolv,Progressive,46,98,0,365,0.1,10.76200741553123,0.9932291824012041,12,7,118,31.200000000000003
FreeSolv,Progressive,46,99,0,351,0.1,10.743666631951708,0.9932291824012041,13,7,119,31.1
FreeSolv,Progressive,46,100,0,383,0.1,10.031984047855046,0.9932291824012041,14,7,120,31.0
FreeSolv,Progressive,46,101,0,126,0.1,10.01453644349745,0.9932291824012041,15,7,121,30.9
FreeSolv,Progressive,46,102,0,622,0.1,10.316491122305314,0.9932291824012041,16,7,122,30.799999999999997
FreeSolv,Progressive,46,103,0,592,0.1,9.66276109033136,0.9932291824012041,17,7,123,30.699999999999996
FreeSolv,Progressive,46,104,0,181,0.1,9.346852805369084,0.9932291824012041,18,7,124,30.599999999999994
FreeSolv,Progressive,46,105,0,198,0.1,9.88172387316344,0.9932291824012041,19,7,125,30.499999999999993
FreeSolv,Progressive,46,106,0,257,0.1,10.101989278735008,0.9932291824012041,20,7,126,30.39999999999999
FreeSolv,Progressive,46,107,1,596,1.0,4.933147643941509,0.9932291824012041,0,8,126,29.39999999999999
FreeSolv,Progressive,46,108,0,384,0.1,9.776110195936909,0.9765147796456537,1,8,127,29.29999999999999
FreeSolv,Progressive,46,109,0,282,0.1,8.87919018596802,0.9765147796456537,2,8,128,29.19999999999999
FreeSolv,Progressive,46,110,0,471,0.1,8.937395648056587,0.9765147796456537,3,8,129,29.099999999999987
FreeSolv,Progressive,46,111,0,425,0.1,8.430996989019583,0.9765147796456537,4,8,130,28.999999999999986
FreeSolv,Progressive,46,112,0,289,0.1,8.457323569717454,0.9765147796456537,5,8,131,28.899999999999984
FreeSolv,Progressive,46,113,0,456,0.1,8.991251745795298,0.9765147796456537,6,8,132,28.799999999999983
FreeSolv,Progressive,46,114,0,10,0.1,8.739052990754987,0.9765147796456537,7,8,133,28.69999999999998
FreeSolv,Progressive,46,115,0,546,0.1,8.23748230893664,0.9765147796456537,8,8,134,28.59999999999998
FreeSolv,Progressive,46,116,0,86,0.1,8.356530384930185,0.9765147796456537,9,8,135,28.49999999999998
FreeSolv,Progressive,46,117,0,63,0.1,7.819544183539735,0.9765147796456537,10,8,136,28.399999999999977
FreeSolv,Progressive,46,118,0,85,0.1,7.918779841452364,0.9765147796456537,11,8,137,28.299999999999976
FreeSolv,Progressive,46,119,0,104,0.1,8.68011017924121,0.9765147796456537,12,8,138,28.199999999999974
FreeSolv,Progressive,46,120,0,200,0.1,7.290466570940206,0.9765147796456537,13,8,139,28.099999999999973
FreeSolv,Progressive,46,121,0,317,0.1,7.463211562489645,0.9765147796456537,14,8,140,27.99999999999997
FreeSolv,Progressive,46,122,0,377,0.1,7.576800014492032,0.9765147796456537,15,8,141,27.89999999999997
FreeSolv,Progressive,46,123,0,99,0.1,7.262750471002014,0.9765147796456537,16,8,142,27.79999999999997
FreeSolv,Progressive,46,124,0,532,0.1,7.15988094747731,0.9765147796456537,17,8,143,27.699999999999967
FreeSolv,Progressive,46,125,0,280,0.1,7.3598590113694184,0.9765147796456537,18,8,144,27.599999999999966
FreeSolv,Progressive,46,126,0,178,0.1,6.987367620606243,0.9765147796456537,19,8,145,27.499999999999964
FreeSolv,Progressive,46,127,0,272,0.1,7.792319500603229,0.9765147796456537,20,8,146,27.399999999999963
FreeSolv,Progressive,46,128,1,122,1.0,1.7412379746982911,0.9765147796456537,0,9,146,26.399999999999963
FreeSolv,Progressive,46,129,0,524,0.1,7.084918944252518,0.9787323792803932,1,9,147,26.29999999999996
FreeSolv,Progressive,46,130,0,214,0.1,7.066823914785645,0.9787323792803932,2,9,148,26.19999999999996
FreeSolv,Progressive,46,131,0,30,0.1,6.756126952643462,0.9787323792803932,3,9,149,26.09999999999996
FreeSolv,Progressive,46,132,0,499,0.1,6.909970194873036,0.9787323792803932,4,9,150,25.999999999999957
FreeSolv,Progressive,46,133,0,361,0.1,6.553168260462014,0.9787323792803932,5,9,151,25.899999999999956
FreeSolv,Progressive,46,134,0,238,0.1,6.632365881502261,0.9787323792803932,6,9,152,25.799999999999955
FreeSolv,Progressive,46,135,0,110,0.1,6.72627033925179,0.9787323792803932,7,9,153,25.699999999999953
FreeSolv,Progressive,46,136,0,451,0.1,6.479671786878876,0.9787323792803932,8,9,154,25.59999999999995
FreeSolv,Progressive,46,137,0,141,0.1,6.11773300622358,0.9787323792803932,9,9,155,25.49999999999995
FreeSolv,Progressive,46,138,0,128,0.1,6.6726805767935735,0.9787323792803932,10,9,156,25.39999999999995
FreeSolv,Progressive,46,139,0,386,0.1,7.588723451044723,0.9787323792803932,11,9,157,25.299999999999947
FreeSolv,Progressive,46,140,0,368,0.1,6.409637080780331,0.9787323792803932,12,9,158,25.199999999999946
FreeSolv,Progressive,46,141,0,608,0.1,6.0794338116485,0.9787323792803932,13,9,159,25.099999999999945
FreeSolv,Progressive,46,142,0,140,0.1,6.151888901394461,0.9787323792803932,14,9,160,24.999999999999943
FreeSolv,Progressive,46,143,0,631,0.1,6.137126569705217,0.9787323792803932,15,9,161,24.89999999999994
FreeSolv,Progressive,46,144,0,106,0.1,5.431985345653848,0.9787323792803932,16,9,162,24.79999999999994
FreeSolv,Progressive,46,145,0,131,0.1,5.275086552386714,0.9787323792803932,17,9,163,24.69999999999994
FreeSolv,Progressive,46,146,0,485,0.1,5.2961244467545425,0.9787323792803932,18,9,164,24.599999999999937
FreeSolv,Progressive,46,147,0,166,0.1,5.108372271223329,0.9787323792803932,19,9,165,24.499999999999936
FreeSolv,Progressive,46,148,0,558,0.1,5.314042069844147,0.9787323792803932,20,9,166,24.399999999999935
FreeSolv,Progressive,46,149,1,49,1.0,1.8856926218497785,0.9787323792803932,0,10,166,23.399999999999935
FreeSolv,Progressive,46,150,0,37,0.1,5.186986777436481,0.9801998977023627,1,10,167,23.299999999999933
FreeSolv,Progressive,46,151,0,293,0.1,5.346376024567021,0.9801998977023627,2,10,168,23.199999999999932
FreeSolv,Progressive,46,152,0,172,0.1,5.119529598094082,0.9801998977023627,3,10,169,23.09999999999993
FreeSolv,Progressive,46,153,0,64,0.1,4.854116184883397,0.9801998977023627,4,10,170,22.99999999999993
FreeSolv,Progressive,46,154,0,183,0.1,4.892446007157893,0.9801998977023627,5,10,171,22.899999999999928
FreeSolv,Progressive,46,155,0,445,0.1,4.963115301730756,0.9801998977023627,6,10,172,22.799999999999926
FreeSolv,Progressive,46,156,0,336,0.1,5.275531448656584,0.9801998977023627,7,10,173,22.699999999999925
FreeSolv,Progressive,46,157,0,224,0.1,5.062377752039424,0.9801998977023627,8,10,174,22.599999999999923
FreeSolv,Progressive,46,158,0,618,0.1,4.7756676148931065,0.9801998977023627,9,10,175,22.499999999999922
FreeSolv,Progressive,46,159,0,54,0.1,4.872953310947272,0.9801998977023627,10,10,176,22.39999999999992
FreeSolv,Progressive,46,160,0,509,0.1,4.4681944791592105,0.9801998977023627,11,10,177,22.29999999999992
FreeSolv,Progressive,46,161,0,119,0.1,4.822404420186688,0.9801998977023627,12,10,178,22.199999999999918
FreeSolv,Progressive,46,162,0,268,0.1,4.35654312276846,0.9801998977023627,13,10,179,22.099999999999916
FreeSolv,Progressive,46,163,0,165,0.1,4.1773545056624135,0.9801998977023627,14,10,180,21.999999999999915
FreeSolv,Progressive,46,164,0,432,0.1,4.292286389004132,0.9801998977023627,15,10,181,21.899999999999913
FreeSolv,Progressive,46,165,0,149,0.1,3.914129669852703,0.9801998977023627,16,10,182,21.799999999999912
FreeSolv,Progressive,46,166,0,560,0.1,4.184382920933125,0.9801998977023627,17,10,183,21.69999999999991
FreeSolv,Progressive,46,167,0,100,0.1,4.289307925137866,0.9801998977023627,18,10,184,21.59999999999991
FreeSolv,Progressive,46,168,0,283,0.1,3.7739344289077597,0.9801998977023627,19,10,185,21.499999999999908
FreeSolv,Progressive,46,169,0,406,0.1,4.005944244475422,0.9801998977023627,20,10,186,21.399999999999906
FreeSolv,Progressive,46,170,1,261,1.0,1.726593841626294,0.9801998977023627,0,11,186,20.399999999999906
FreeSolv,Progressive,46,171,0,330,0.1,3.9487890873333473,0.9794795799067153,1,11,187,20.299999999999905
FreeSolv,Progressive,46,172,0,398,0.1,3.7408922594350216,0.9794795799067153,2,11,188,20.199999999999903
FreeSolv,Progressive,46,173,0,102,0.1,3.9721321585133667,0.9794795799067153,3,11,189,20.099999999999902
FreeSolv,Progressive,46,174,0,174,0.1,3.6798627162679973,0.9794795799067153,4,11,190,19.9999999999999
FreeSolv,Progressive,46,175,0,118,0.1,3.945569760862794,0.9794795799067153,5,11,191,19.8999999999999
FreeSolv,Progressive,46,176,0,300,0.1,3.6694836822732526,0.9794795799067153,6,11,192,19.799999999999898
FreeSolv,Progressive,46,177,0,371,0.1,3.5342966021229696,0.9794795799067153,7,11,193,19.699999999999896
FreeSolv,Progressive,46,178,0,473,0.1,3.8998471965672223,0.9794795799067153,8,11,194,19.599999999999895
FreeSolv,Progressive,46,179,0,496,0.1,3.658648402725714,0.9794795799067153,9,11,195,19.499999999999893
FreeSolv,Progressive,46,180,0,161,0.1,3.6210616245494895,0.9794795799067153,10,11,196,19.399999999999892
FreeSolv,Progressive,46,181,0,357,0.1,3.651729943835099,0.9794795799067153,11,11,197,19.29999999999989
FreeSolv,Progressive,46,182,0,528,0.1,3.4432730675489758,0.9794795799067153,12,11,198,19.19999999999989
FreeSolv,Progressive,46,183,0,25,0.1,3.634137713658642,0.9794795799067153,13,11,199,19.099999999999888
FreeSolv,Progressive,46,184,0,615,0.1,3.6099837561484205,0.9794795799067153,14,11,200,18.999999999999886
FreeSolv,Progressive,46,185,0,399,0.1,3.2291054899106677,0.9794795799067153,15,11,201,18.899999999999885
FreeSolv,Progressive,46,186,0,500,0.1,3.4171803639672373,0.9794795799067153,16,11,202,18.799999999999883
FreeSolv,Progressive,46,187,0,603,0.1,3.473524505481121,0.9794795799067153,17,11,203,18.699999999999882
FreeSolv,Progressive,46,188,0,475,0.1,3.131669457222085,0.9794795799067153,18,11,204,18.59999999999988
FreeSolv,Progressive,46,189,0,440,0.1,3.324431428022988,0.9794795799067153,19,11,205,18.49999999999988
FreeSolv,Progressive,46,190,0,588,0.1,2.8395021600029113,0.9794795799067153,20,11,206,18.399999999999878
FreeSolv,Progressive,46,191,1,75,1.0,1.9174126419833428,0.9794795799067153,0,12,206,17.399999999999878
FreeSolv,Progressive,46,192,0,338,0.1,3.358307986595085,0.9787011579475654,1,12,207,17.299999999999876
FreeSolv,Progressive,46,193,0,548,0.1,3.2445315406069932,0.9787011579475654,2,12,208,17.199999999999875
FreeSolv,Progressive,46,194,0,292,0.1,3.7873379742176336,0.9787011579475654,3,12,209,17.099999999999874
FreeSolv,Progressive,46,195,0,578,0.1,2.9016520406347,0.9787011579475654,4,12,210,16.999999999999872
FreeSolv,Progressive,46,196,0,152,0.1,3.871533112097693,0.9787011579475654,5,12,211,16.89999999999987
FreeSolv,Progressive,46,197,0,613,0.1,2.6761020132299893,0.9787011579475654,6,12,212,16.79999999999987
FreeSolv,Progressive,46,198,0,353,0.1,2.6683577394112734,0.9787011579475654,7,12,213,16.699999999999868
FreeSolv,Progressive,46,199,0,452,0.1,2.865414190816485,0.9787011579475654,8,12,214,16.599999999999866
FreeSolv,Progressive,46,200,0,314,0.1,2.84114275051936,0.9787011579475654,9,12,215,16.499999999999865
FreeSolv,Progressive,46,201,0,341,0.1,2.7986395738255876,0.9787011579475654,10,12,216,16.399999999999864
FreeSolv,Progressive,46,202,0,530,0.1,2.801531395143376,0.9787011579475654,11,12,217,16.299999999999862
FreeSolv,Progressive,46,203,0,194,0.1,2.257470583895918,0.9787011579475654,12,12,218,16.19999999999986
FreeSolv,Progressive,46,204,0,591,0.1,3.009804362968108,0.9787011579475654,13,12,219,16.09999999999986
FreeSolv,Progressive,46,205,0,315,0.1,3.3394880032465926,0.9787011579475654,14,12,220,15.99999999999986
FreeSolv,Progressive,46,206,0,16,0.1,2.350863547030256,0.9787011579475654,15,12,221,15.899999999999858
FreeSolv,Progressive,46,207,0,352,0.1,2.488247766655314,0.9787011579475654,16,12,222,15.799999999999857
FreeSolv,Progressive,46,208,0,320,0.1,2.4525484110396976,0.9787011579475654,17,12,223,15.699999999999855
FreeSolv,Progressive,46,209,0,366,0.1,2.338560443750128,0.9787011579475654,18,12,224,15.599999999999854
FreeSolv,Progressive,46,210,0,113,0.1,2.6471358520289088,0.9787011579475654,19,12,225,15.499999999999853
FreeSolv,Progressive,46,211,0,325,0.1,2.557232802975027,0.9787011579475654,20,12,226,15.399999999999851
FreeSolv,Progressive,46,212,1,120,1.0,1.9054893031089724,0.9787011579475654,0,13,226,14.39999999999985
FreeSolv,Progressive,46,213,0,175,0.1,2.6393945195295796,0.9787011579475654,1,13,227,14.29999999999985
FreeSolv,Progressive,46,214,0,187,0.1,2.3825860509658097,0.9787011579475654,2,13,228,14.199999999999848
FreeSolv,Progressive,46,215,0,534,0.1,2.420879117476985,0.9787011579475654,3,13,229,14.099999999999847
FreeSolv,Progressive,46,216,0,484,0.1,2.1968851023669123,0.9787011579475654,4,13,230,13.999999999999845
FreeSolv,Progressive,46,217,0,26,0.1,2.412994767757732,0.9787011579475654,5,13,231,13.899999999999844
FreeSolv,Progressive,46,218,0,335,0.1,2.514290017370758,0.9787011579475654,6,13,232,13.799999999999843
FreeSolv,Progressive,46,219,0,43,0.1,2.1330038044871475,0.9787011579475654,7,13,233,13.699999999999841
FreeSolv,Progressive,46,220,0,332,0.1,2.273636510809649,0.9787011579475654,8,13,234,13.59999999999984
FreeSolv,Progressive,46,221,0,285,0.1,2.6891285649941965,0.9787011579475654,9,13,235,13.499999999999838
FreeSolv,Progressive,46,222,0,459,0.1,2.3534087720379704,0.9787011579475654,10,13,236,13.399999999999837
FreeSolv,Progressive,46,223,0,14,0.1,2.340585092518164,0.9787011579475654,11,13,237,13.299999999999836
FreeSolv,Progressive,46,224,0,340,0.1,1.9784207600430153,0.9787011579475654,12,13,238,13.199999999999834
FreeSolv,Progressive,46,225,0,223,0.1,1.958412906149935,0.9787011579475654,13,13,239,13.099999999999833
FreeSolv,Progressive,46,226,0,253,0.1,1.8618444784187098,0.9787011579475654,14,13,240,12.999999999999831
FreeSolv,Progressive,46,227,0,135,0.1,2.5645706803538673,0.9787011579475654,15,13,241,12.89999999999983
FreeSolv,Progressive,46,228,0,219,0.1,1.8335614511821459,0.9787011579475654,16,13,242,12.799999999999828
FreeSolv,Progressive,46,229,1,276,1.0,1.951585602003707,0.9787011579475654,0,14,242,11.799999999999827
FreeSolv,Progressive,46,230,0,345,0.1,2.0026159202248515,0.9786551423783171,1,14,243,11.699999999999827
FreeSolv,Progressive,46,231,0,487,0.1,1.7847276607600628,0.9786551423783171,2,14,244,11.599999999999826
FreeSolv,Progressive,46,232,0,506,0.1,2.0933189020995564,0.9786551423783171,3,14,245,11.499999999999824
FreeSolv,Progressive,46,233,0,59,0.1,1.4324850998619867,0.9786551423783171,4,14,246,11.399999999999823
FreeSolv,Progressive,46,234,0,130,0.1,1.459446970873636,0.9786551423783171,5,14,247,11.299999999999821
FreeSolv,Progressive,46,235,0,443,0.1,1.6722852187093091,0.9786551423783171,6,14,248,11.19999999999982
FreeSolv,Progressive,46,236,0,180,0.1,1.5633938471226467,0.9786551423783171,7,14,249,11.099999999999818
FreeSolv,Progressive,46,237,0,94,0.1,1.7744437139478988,0.9786551423783171,8,14,250,10.999999999999817
FreeSolv,Progressive,46,238,0,167,0.1,1.8928491215944927,0.9786551423783171,9,14,251,10.899999999999816
FreeSolv,Progressive,46,239,0,231,0.1,1.3684506504335765,0.9786551423783171,10,14,252,10.799999999999814
FreeSolv,Progressive,46,240,0,216,0.1,1.8094559960890035,0.9786551423783171,11,14,253,10.699999999999813
FreeSolv,Progressive,46,241,0,115,0.1,1.5514930000516993,0.9786551423783171,12,14,254,10.599999999999811
FreeSolv,Progressive,46,242,0,519,0.1,1.5553842472041637,0.9786551423783171,13,14,255,10.49999999999981
FreeSolv,Progressive,46,243,0,273,0.1,1.3734195477826376,0.9786551423783171,14,14,256,10.399999999999809
FreeSolv,Progressive,46,244,0,567,0.1,1.213399415506551,0.9786551423783171,15,14,257,10.299999999999807
FreeSolv,Progressive,46,245,1,582,1.0,1.8372600103339094,0.9786551423783171,0,15,257,9.299999999999805
FreeSolv,Progressive,46,246,0,354,0.1,1.381806054115003,0.9786551423783171,1,15,258,9.199999999999806
FreeSolv,Progressive,46,247,0,343,0.1,1.4499900390557088,0.9786551423783171,2,15,259,9.099999999999804
FreeSolv,Progressive,46,248,1,182,1.0,1.3686944570283313,0.9786551423783171,0,16,259,8.099999999999802
FreeSolv,Progressive,46,249,0,604,0.1,1.1978104409790145,0.967680733924169,1,16,260,7.999999999999803
FreeSolv,Progressive,46,250,0,67,0.1,1.3032775331618918,0.967680733924169,2,16,261,7.899999999999801
FreeSolv,Progressive,46,251,0,145,0.1,1.1518095975220477,0.967680733924169,3,16,262,7.7999999999998
FreeSolv,Progressive,46,252,0,304,0.1,1.5209365397542967,0.967680733924169,4,16,263,7.699999999999799
FreeSolv,Progressive,46,253,0,632,0.1,1.3408414847061836,0.967680733924169,5,16,264,7.599999999999797
FreeSolv,Progressive,46,254,1,251,1.0,1.333755645012649,0.967680733924169,0,17,264,6.599999999999795
FreeSolv,Progressive,46,255,1,266,1.0,1.18317353289275,0.9685318399239472,0,18,264,5.599999999999795
FreeSolv,Progressive,46,256,0,22,0.1,1.1421333621562075,0.9689879577199993,1,18,265,5.499999999999796
FreeSolv,Progressive,46,257,0,605,0.1,1.6916244078957439,0.9689879577199993,2,18,266,5.399999999999794
FreeSolv,Progressive,46,258,0,464,0.1,1.1531949186717367,0.9689879577199993,3,18,267,5.299999999999793
FreeSolv,Progressive,46,259,1,83,1.0,0.9959210958261766,0.9689879577199993,0,19,267,4.299999999999791
FreeSolv,Progressive,46,260,0,311,0.1,1.1802404372864213,0.9693033067551744,1,19,268,4.1999999999997915
FreeSolv,Progressive,46,261,1,129,1.0,1.1906709197605956,0.9693033067551744,0,20,268,3.1999999999997897
FreeSolv,Progressive,46,262,0,453,0.1,1.2124146991494282,0.9697152931631196,1,20,269,3.0999999999997896
FreeSolv,Progressive,46,263,0,271,0.1,1.0341739445420877,0.9697152931631196,2,20,270,2.999999999999788
FreeSolv,Progressive,46,264,1,492,1.0,1.0936212710862026,0.9697152931631196,0,21,270,1.9999999999997868
FreeSolv,Progressive,46,265,0,429,0.1,1.0981833444740412,0.9702826421288975,1,21,271,1.8999999999997867
FreeSolv,Progressive,46,266,1,39,1.0,1.1003082041677206,0.9702826421288975,0,22,271,0.8999999999997854
FreeSolv,Progressive,46,267,0,222,0.1,0.9573508821897745,0.9708772614869469,1,22,272,0.7999999999997854
FreeSolv,Progressive,46,268,0,246,0.1,1.0978549193878107,0.9708772614869469,2,22,273,0.699999999999784
FreeSolv,Progressive,46,269,0,489,0.1,0.9238412525117954,0.9708772614869469,3,22,274,0.5999999999997826
FreeSolv,Progressive,46,270,0,333,0.1,0.9481423481863291,0.9708772614869469,4,22,275,0.4999999999997812
FreeSolv,Progressive,46,271,0,435,0.1,0.9547249498477945,0.9708772614869469,5,22,276,0.39999999999977975
FreeSolv,Progressive,46,272,0,290,0.1,0.8542620899954787,0.9708772614869469,6,22,277,0.29999999999977833
FreeSolv,Progressive,46,273,0,4,0.1,1.0777106899237743,0.9708772614869469,7,22,278,0.19999999999977688
FreeSolv,Progressive,46,274,0,287,0.1,0.937998723118725,0.9708772614869469,8,22,279,0.09999999999977546
FreeSolv,Progressive,47,1,0,550,0.1,13.517949298400925,0.5,1,2,26,45.4
FreeSolv,Progressive,47,2,1,515,1.0,14.815810931174173,0.5,0,3,26,44.4
FreeSolv,Progressive,47,3,0,266,0.1,13.302349827007736,0.5,1,3,27,44.3
FreeSolv,Progressive,47,4,0,39,0.1,11.561077287073362,0.5,2,3,28,44.199999999999996
FreeSolv,Progressive,47,5,0,492,0.1,12.356624171674925,0.5,3,3,29,44.1
FreeSolv,Progressive,47,6,0,87,0.1,12.408203656644487,0.5,4,3,30,44.0
FreeSolv,Progressive,47,7,0,444,0.1,13.23809831343285,0.5,5,3,31,43.9
FreeSolv,Progressive,47,8,0,129,0.1,11.88855229700714,0.5,6,3,32,43.800000000000004
FreeSolv,Progressive,47,9,0,139,0.1,12.582182390702663,0.5,7,3,33,43.7
FreeSolv,Progressive,47,10,0,284,0.1,13.545776681170217,0.5,8,3,34,43.6
FreeSolv,Progressive,47,11,0,91,0.1,13.079677998902781,0.5,9,3,35,43.5
FreeSolv,Progressive,47,12,0,425,0.1,12.030940297864223,0.5,10,3,36,43.4
FreeSolv,Progressive,47,13,0,619,0.1,10.811764038952271,0.5,11,3,37,43.300000000000004
FreeSolv,Progressive,47,14,0,83,0.1,12.268412006437726,0.5,12,3,38,43.2
FreeSolv,Progressive,47,15,0,41,0.1,11.578467724654372,0.5,13,3,39,43.1
FreeSolv,Progressive,47,16,0,328,0.1,11.47242165388333,0.5,14,3,40,43.00000000000001
FreeSolv,Progressive,47,17,0,80,0.1,10.649959202912697,0.5,15,3,41,42.900000000000006
FreeSolv,Progressive,47,18,0,233,0.1,10.766428373974811,0.5,16,3,42,42.800000000000004
FreeSolv,Progressive,47,19,0,96,0.1,10.898241652934434,0.5,17,3,43,42.7
FreeSolv,Progressive,47,20,0,258,0.1,10.994065716262623,0.5,18,3,44,42.6
FreeSolv,Progressive,47,21,0,6,0.1,10.725855336999292,0.5,19,3,45,42.50000000000001
FreeSolv,Progressive,47,22,0,49,0.1,10.652782172060444,0.5,20,3,46,42.400000000000006
FreeSolv,Progressive,47,23,1,542,1.0,6.025891894022842,0.5,0,4,46,41.400000000000006
FreeSolv,Progressive,47,24,0,299,0.1,10.571971148014647,0.5,1,4,47,41.300000000000004
FreeSolv,Progressive,47,25,0,599,0.1,10.072090479299828,0.5,2,4,48,41.20000000000001
FreeSolv,Progressive,47,26,0,301,0.1,10.383788579005202,0.5,3,4,49,41.10000000000001
FreeSolv,Progressive,47,27,0,66,0.1,10.674921437970388,0.5,4,4,50,41.00000000000001
FreeSolv,Progressive,47,28,0,75,0.1,10.826934642269592,0.5,5,4,51,40.900000000000006
FreeSolv,Progressive,47,29,0,577,0.1,10.103132244003028,0.5,6,4,52,40.800000000000004
FreeSolv,Progressive,47,30,0,564,0.1,10.29862186283193,0.5,7,4,53,40.70000000000001
FreeSolv,Progressive,47,31,0,502,0.1,10.15078412673932,0.5,8,4,54,40.60000000000001
FreeSolv,Progressive,47,32,0,595,0.1,10.173719260116826,0.5,9,4,55,40.50000000000001
FreeSolv,Progressive,47,33,0,497,0.1,9.908071342267288,0.5,10,4,56,40.40000000000001
FreeSolv,Progressive,47,34,0,422,0.1,9.96596968713147,0.5,11,4,57,40.30000000000001
FreeSolv,Progressive,47,35,0,589,0.1,9.627354911469327,0.5,12,4,58,40.20000000000001
FreeSolv,Progressive,47,36,0,250,0.1,9.831628386822983,0.5,13,4,59,40.10000000000001
FreeSolv,Progressive,47,37,0,584,0.1,9.97497425707167,0.5,14,4,60,40.00000000000001
FreeSolv,Progressive,47,38,0,19,0.1,9.532880613662622,0.5,15,4,61,39.90000000000001
FreeSolv,Progressive,47,39,0,501,0.1,9.820519239543998,0.5,16,4,62,39.80000000000001
FreeSolv,Progressive,47,40,0,269,0.1,9.518947787865752,0.5,17,4,63,39.70000000000001
FreeSolv,Progressive,47,41,0,393,0.1,9.856135051162823,0.5,18,4,64,39.600000000000016
FreeSolv,Progressive,47,42,0,255,0.1,9.54860284458702,0.5,19,4,65,39.500000000000014
FreeSolv,Progressive,47,43,0,122,0.1,9.529322295660734,0.5,20,4,66,39.40000000000001
FreeSolv,Progressive,47,44,1,447,1.0,4.429273052215192,0.5,0,5,66,38.40000000000001
FreeSolv,Progressive,47,45,0,191,0.1,19.74907652309184,0.9993057415231078,1,5,67,38.30000000000001
FreeSolv,Progressive,47,46,0,572,0.1,19.990983555582247,0.9993057415231078,2,5,68,38.20000000000001
FreeSolv,Progressive,47,47,0,192,0.1,19.78982184947993,0.9993057415231078,3,5,69,38.100000000000016
FreeSolv,Progressive,47,48,0,327,0.1,19.733097448141027,0.9993057415231078,4,5,70,38.000000000000014
FreeSolv,Progressive,47,49,0,313,0.1,19.461306099877714,0.9993057415231078,5,5,71,37.90000000000001
FreeSolv,Progressive,47,50,0,505,0.1,18.778830187368577,0.9993057415231078,6,5,72,37.80000000000002
FreeSolv,Progressive,47,51,0,159,0.1,18.461777100464516,0.9993057415231078,7,5,73,37.70000000000002
FreeSolv,Progressive,47,52,0,581,0.1,18.3635367126589,0.9993057415231078,8,5,74,37.600000000000016
FreeSolv,Progressive,47,53,0,30,0.1,19.58735178502954,0.9993057415231078,9,5,75,37.500000000000014
FreeSolv,Progressive,47,54,0,105,0.1,17.8828862104805,0.9993057415231078,10,5,76,37.40000000000001
FreeSolv,Progressive,47,55,0,486,0.1,18.379777045613857,0.9993057415231078,11,5,77,37.30000000000002
FreeSolv,Progressive,47,56,0,540,0.1,18.266344091712103,0.9993057415231078,12,5,78,37.20000000000002
FreeSolv,Progressive,47,57,0,136,0.1,17.872215673901987,0.9993057415231078,13,5,79,37.100000000000016
FreeSolv,Progressive,47,58,0,626,0.1,17.676412282974095,0.9993057415231078,14,5,80,37.00000000000002
FreeSolv,Progressive,47,59,0,251,0.1,18.701458571617856,0.9993057415231078,15,5,81,36.90000000000002
FreeSolv,Progressive,47,60,0,232,0.1,17.324174616997208,0.9993057415231078,16,5,82,36.80000000000002
FreeSolv,Progressive,47,61,0,276,0.1,17.542987247247446,0.9993057415231078,17,5,83,36.70000000000002
FreeSolv,Progressive,47,62,0,410,0.1,17.6968166852427,0.9993057415231078,18,5,84,36.600000000000016
FreeSolv,Progressive,47,63,0,31,0.1,16.64822723448813,0.9993057415231078,19,5,85,36.50000000000002
FreeSolv,Progressive,47,64,0,286,0.1,16.575346712829287,0.9993057415231078,20,5,86,36.40000000000002
FreeSolv,Progressive,47,65,1,193,1.0,3.4371185494174172,0.9993057415231078,0,6,86,35.40000000000002
FreeSolv,Progressive,47,66,0,337,0.1,17.478228399123584,0.9993057415231078,1,6,87,35.30000000000002
FreeSolv,Progressive,47,67,0,436,0.1,16.245138520245735,0.9993057415231078,2,6,88,35.200000000000024
FreeSolv,Progressive,47,68,0,263,0.1,16.748631491893942,0.9993057415231078,3,6,89,35.10000000000002
FreeSolv,Progressive,47,69,0,533,0.1,17.004924458485284,0.9993057415231078,4,6,90,35.00000000000002
FreeSolv,Progressive,47,70,0,380,0.1,15.637083398193377,0.9993057415231078,5,6,91,34.90000000000002
FreeSolv,Progressive,47,71,0,633,0.1,16.023882042297785,0.9993057415231078,6,6,92,34.80000000000002
FreeSolv,Progressive,47,72,0,148,0.1,15.972799012959861,0.9993057415231078,7,6,93,34.700000000000024
FreeSolv,Progressive,47,73,0,2,0.1,15.331731094728237,0.9993057415231078,8,6,94,34.60000000000002
FreeSolv,Progressive,47,74,0,384,0.1,15.234579329754958,0.9993057415231078,9,6,95,34.50000000000002
FreeSolv,Progressive,47,75,0,279,0.1,15.393936502994169,0.9993057415231078,10,6,96,34.40000000000003
FreeSolv,Progressive,47,76,0,8,0.1,14.91022702231674,0.9993057415231078,11,6,97,34.300000000000026
FreeSolv,Progressive,47,77,0,369,0.1,14.21654592990933,0.9993057415231078,12,6,98,34.200000000000024
FreeSolv,Progressive,47,78,0,339,0.1,14.228073508941286,0.9993057415231078,13,6,99,34.10000000000002
FreeSolv,Progressive,47,79,0,204,0.1,13.93217436877236,0.9993057415231078,14,6,100,34.00000000000002
FreeSolv,Progressive,47,80,0,624,0.1,13.424616065155499,0.9993057415231078,15,6,101,33.90000000000003
FreeSolv,Progressive,47,81,0,379,0.1,12.867663035268176,0.9993057415231078,16,6,102,33.800000000000026
FreeSolv,Progressive,47,82,0,461,0.1,12.322255913212276,0.9993057415231078,17,6,103,33.700000000000024
FreeSolv,Progressive,47,83,0,61,0.1,14.076523108560394,0.9993057415231078,18,6,104,33.60000000000002
FreeSolv,Progressive,47,84,0,398,0.1,11.687719140959874,0.9993057415231078,19,6,105,33.50000000000002
FreeSolv,Progressive,47,85,0,413,0.1,12.13151422861718,0.9993057415231078,20,6,106,33.40000000000002
FreeSolv,Progressive,47,86,1,182,1.0,2.7119677606170622,0.9993057415231078,0,7,106,32.40000000000002
FreeSolv,Progressive,47,87,0,620,0.1,11.965656818690055,0.9710278472897184,1,7,107,32.30000000000002
FreeSolv,Progressive,47,88,0,638,0.1,11.672279232069638,0.9710278472897184,2,7,108,32.20000000000002
FreeSolv,Progressive,47,89,0,63,0.1,10.944247132745454,0.9710278472897184,3,7,109,32.100000000000016
FreeSolv,Progressive,47,90,0,259,0.1,11.251580139560959,0.9710278472897184,4,7,110,32.000000000000014
FreeSolv,Progressive,47,91,0,319,0.1,11.228923558482197,0.9710278472897184,5,7,111,31.900000000000013
FreeSolv,Progressive,47,92,0,53,0.1,11.204643988138063,0.9710278472897184,6,7,112,31.80000000000001
FreeSolv,Progressive,47,93,0,106,0.1,11.64614721990001,0.9710278472897184,7,7,113,31.70000000000001
FreeSolv,Progressive,47,94,0,563,0.1,10.511243264071611,0.9710278472897184,8,7,114,31.60000000000001
FreeSolv,Progressive,47,95,0,186,0.1,11.11788119612336,0.9710278472897184,9,7,115,31.500000000000007
FreeSolv,Progressive,47,96,0,517,0.1,10.251730021774561,0.9710278472897184,10,7,116,31.400000000000006
FreeSolv,Progressive,47,97,0,340,0.1,9.941222960546682,0.9710278472897184,11,7,117,31.300000000000004
FreeSolv,Progressive,47,98,0,622,0.1,10.023608497887345,0.9710278472897184,12,7,118,31.200000000000003
FreeSolv,Progressive,47,99,0,126,0.1,9.596882715123417,0.9710278472897184,13,7,119,31.1
FreeSolv,Progressive,47,100,0,84,0.1,9.089009684678928,0.9710278472897184,14,7,120,31.0
FreeSolv,Progressive,47,101,0,618,0.1,9.112200855155029,0.9710278472897184,15,7,121,30.9
FreeSolv,Progressive,47,102,0,597,0.1,8.675322199198876,0.9710278472897184,16,7,122,30.799999999999997
FreeSolv,Progressive,47,103,0,147,0.1,8.708767080358925,0.9710278472897184,17,7,123,30.699999999999996
FreeSolv,Progressive,47,104,0,351,0.1,8.107169629650196,0.9710278472897184,18,7,124,30.599999999999994
FreeSolv,Progressive,47,105,0,472,0.1,8.87579691667475,0.9710278472897184,19,7,125,30.499999999999993
FreeSolv,Progressive,47,106,0,386,0.1,8.5204046231107,0.9710278472897184,20,7,126,30.39999999999999
FreeSolv,Progressive,47,107,1,160,1.0,2.835064092226622,0.9710278472897184,0,8,126,29.39999999999999
FreeSolv,Progressive,47,108,0,365,0.1,8.777425870382027,0.9718741979095001,1,8,127,29.29999999999999
FreeSolv,Progressive,47,109,0,546,0.1,8.429999131959585,0.9718741979095001,2,8,128,29.19999999999999
FreeSolv,Progressive,47,110,0,485,0.1,7.879385820316679,0.9718741979095001,3,8,129,29.099999999999987
FreeSolv,Progressive,47,111,0,317,0.1,8.189176715361565,0.9718741979095001,4,8,130,28.999999999999986
FreeSolv,Progressive,47,112,0,283,0.1,7.986818593032057,0.9718741979095001,5,8,131,28.899999999999984
FreeSolv,Progressive,47,113,0,257,0.1,7.863557761934207,0.9718741979095001,6,8,132,28.799999999999983
FreeSolv,Progressive,47,114,0,86,0.1,7.8993080600841665,0.9718741979095001,7,8,133,28.69999999999998
FreeSolv,Progressive,47,115,0,178,0.1,7.430747937694234,0.9718741979095001,8,8,134,28.59999999999998
FreeSolv,Progressive,47,116,0,293,0.1,7.175795565892772,0.9718741979095001,9,8,135,28.49999999999998
FreeSolv,Progressive,47,117,0,471,0.1,7.266247240143043,0.9718741979095001,10,8,136,28.399999999999977
FreeSolv,Progressive,47,118,0,200,0.1,6.820446272534435,0.9718741979095001,11,8,137,28.299999999999976
FreeSolv,Progressive,47,119,0,592,0.1,7.815423772311308,0.9718741979095001,12,8,138,28.199999999999974
FreeSolv,Progressive,47,120,0,289,0.1,6.9298030131956905,0.9718741979095001,13,8,139,28.099999999999973
FreeSolv,Progressive,47,121,0,206,0.1,7.629152193516126,0.9718741979095001,14,8,140,27.99999999999997
FreeSolv,Progressive,47,122,0,524,0.1,6.991292587116092,0.9718741979095001,15,8,141,27.89999999999997
FreeSolv,Progressive,47,123,0,85,0.1,6.8095416252532885,0.9718741979095001,16,8,142,27.79999999999997
FreeSolv,Progressive,47,124,0,214,0.1,6.938630181101562,0.9718741979095001,17,8,143,27.699999999999967
FreeSolv,Progressive,47,125,0,437,0.1,6.7092915802787765,0.9718741979095001,18,8,144,27.599999999999966
FreeSolv,Progressive,47,126,0,383,0.1,6.6634178546631615,0.9718741979095001,19,8,145,27.499999999999964
FreeSolv,Progressive,47,127,0,10,0.1,7.072191948150028,0.9718741979095001,20,8,146,27.399999999999963
FreeSolv,Progressive,47,128,1,596,1.0,2.241018958004371,0.9718741979095001,0,9,146,26.399999999999963
FreeSolv,Progressive,47,129,0,282,0.1,6.477982877080056,0.9718741979095001,1,9,147,26.29999999999996
FreeSolv,Progressive,47,130,0,119,0.1,6.32919682074687,0.9718741979095001,2,9,148,26.19999999999996
FreeSolv,Progressive,47,131,0,77,0.1,6.801964509235058,0.9718741979095001,3,9,149,26.09999999999996
FreeSolv,Progressive,47,132,0,532,0.1,6.4084866185897456,0.9718741979095001,4,9,150,25.999999999999957
FreeSolv,Progressive,47,133,0,149,0.1,6.335401115493647,0.9718741979095001,5,9,151,25.899999999999956
FreeSolv,Progressive,47,134,0,99,0.1,6.477215950898632,0.9718741979095001,6,9,152,25.799999999999955
FreeSolv,Progressive,47,135,0,560,0.1,5.729448531701356,0.9718741979095001,7,9,153,25.699999999999953
FreeSolv,Progressive,47,136,0,141,0.1,6.587985999915957,0.9718741979095001,8,9,154,25.59999999999995
FreeSolv,Progressive,47,137,0,128,0.1,5.7578777317383745,0.9718741979095001,9,9,155,25.49999999999995
FreeSolv,Progressive,47,138,0,608,0.1,6.463696467183398,0.9718741979095001,10,9,156,25.39999999999995
FreeSolv,Progressive,47,139,0,377,0.1,6.194213219037752,0.9718741979095001,11,9,157,25.299999999999947
FreeSolv,Progressive,47,140,0,456,0.1,7.057553021458058,0.9718741979095001,12,9,158,25.199999999999946
FreeSolv,Progressive,47,141,0,238,0.1,5.9029687591537945,0.9718741979095001,13,9,159,25.099999999999945
FreeSolv,Progressive,47,142,0,272,0.1,5.899457425184741,0.9718741979095001,14,9,160,24.999999999999943
FreeSolv,Progressive,47,143,0,104,0.1,6.895266208202413,0.9718741979095001,15,9,161,24.89999999999994
FreeSolv,Progressive,47,144,0,110,0.1,5.473094607436056,0.9718741979095001,16,9,162,24.79999999999994
FreeSolv,Progressive,47,145,0,499,0.1,5.959145984532048,0.9718741979095001,17,9,163,24.69999999999994
FreeSolv,Progressive,47,146,0,292,0.1,5.46635660282676,0.9718741979095001,18,9,164,24.599999999999937
FreeSolv,Progressive,47,147,0,165,0.1,5.334369042262091,0.9718741979095001,19,9,165,24.499999999999936
FreeSolv,Progressive,47,148,0,371,0.1,5.15649828630848,0.9718741979095001,20,9,166,24.399999999999935
FreeSolv,Progressive,47,149,1,360,1.0,1.9885980511959425,0.9718741979095001,0,10,166,23.399999999999935
FreeSolv,Progressive,47,150,0,368,0.1,6.160469598618867,0.9427491350285137,1,10,167,23.299999999999933
FreeSolv,Progressive,47,151,0,268,0.1,5.849908996272309,0.9427491350285137,2,10,168,23.199999999999932
FreeSolv,Progressive,47,152,0,451,0.1,5.90225382313444,0.9427491350285137,3,10,169,23.09999999999993
FreeSolv,Progressive,47,153,0,631,0.1,5.63305745001168,0.9427491350285137,4,10,170,22.99999999999993
FreeSolv,Progressive,47,154,0,361,0.1,5.630115930653809,0.9427491350285137,5,10,171,22.899999999999928
FreeSolv,Progressive,47,155,0,509,0.1,5.506493609609692,0.9427491350285137,6,10,172,22.799999999999926
FreeSolv,Progressive,47,156,0,280,0.1,6.237591799949974,0.9427491350285137,7,10,173,22.699999999999925
FreeSolv,Progressive,47,157,0,166,0.1,5.398190203360181,0.9427491350285137,8,10,174,22.599999999999923
FreeSolv,Progressive,47,158,0,144,0.1,5.7034007612035795,0.9427491350285137,9,10,175,22.499999999999922
FreeSolv,Progressive,47,159,0,140,0.1,5.601881477918678,0.9427491350285137,10,10,176,22.39999999999992
FreeSolv,Progressive,47,160,0,588,0.1,5.169958815966578,0.9427491350285137,11,10,177,22.29999999999992
FreeSolv,Progressive,47,161,0,445,0.1,5.356839447566768,0.9427491350285137,12,10,178,22.199999999999918
FreeSolv,Progressive,47,162,0,172,0.1,5.219966099191919,0.9427491350285137,13,10,179,22.099999999999916
FreeSolv,Progressive,47,163,0,224,0.1,5.664206060693091,0.9427491350285137,14,10,180,21.999999999999915
FreeSolv,Progressive,47,164,0,603,0.1,4.83437409469989,0.9427491350285137,15,10,181,21.899999999999913
FreeSolv,Progressive,47,165,0,223,0.1,5.0970215999355855,0.9427491350285137,16,10,182,21.799999999999912
FreeSolv,Progressive,47,166,0,131,0.1,4.530062982557358,0.9427491350285137,17,10,183,21.69999999999991
FreeSolv,Progressive,47,167,0,399,0.1,4.512900849196211,0.9427491350285137,18,10,184,21.59999999999991
FreeSolv,Progressive,47,168,0,100,0.1,4.397665597226779,0.9427491350285137,19,10,185,21.499999999999908
FreeSolv,Progressive,47,169,0,198,0.1,4.806929484677512,0.9427491350285137,20,10,186,21.399999999999906
FreeSolv,Progressive,47,170,1,49,1.0,1.7452029989815556,0.9427491350285137,0,11,186,20.399999999999906
FreeSolv,Progressive,47,171,0,320,0.1,4.235640458739794,0.953077780707929,1,11,187,20.299999999999905
FreeSolv,Progressive,47,172,0,183,0.1,4.399101142678293,0.953077780707929,2,11,188,20.199999999999903
FreeSolv,Progressive,47,173,0,613,0.1,4.479386842321165,0.953077780707929,3,11,189,20.099999999999902
FreeSolv,Progressive,47,174,0,64,0.1,4.645917626409131,0.953077780707929,4,11,190,19.9999999999999
FreeSolv,Progressive,47,175,0,446,0.1,4.354610410642314,0.953077780707929,5,11,191,19.8999999999999
FreeSolv,Progressive,47,176,0,54,0.1,4.704451864146358,0.953077780707929,6,11,192,19.799999999999898
FreeSolv,Progressive,47,177,0,336,0.1,5.067524862043857,0.953077780707929,7,11,193,19.699999999999896
FreeSolv,Progressive,47,178,0,406,0.1,4.037051893214212,0.953077780707929,8,11,194,19.599999999999895
FreeSolv,Progressive,47,179,0,37,0.1,4.464332587111197,0.953077780707929,9,11,195,19.499999999999893
FreeSolv,Progressive,47,180,0,174,0.1,5.042871014906774,0.953077780707929,10,11,196,19.399999999999892
FreeSolv,Progressive,47,181,0,558,0.1,4.2757571865531245,0.953077780707929,11,11,197,19.29999999999989
FreeSolv,Progressive,47,182,0,315,0.1,4.439709913505608,0.953077780707929,12,11,198,19.19999999999989
FreeSolv,Progressive,47,183,0,591,0.1,4.238643646003601,0.953077780707929,13,11,199,19.099999999999888
FreeSolv,Progressive,47,184,0,341,0.1,3.9411999815009815,0.953077780707929,14,11,200,18.999999999999886
FreeSolv,Progressive,47,185,0,25,0.1,4.155190354691536,0.953077780707929,15,11,201,18.899999999999885
FreeSolv,Progressive,47,186,0,357,0.1,4.218720906460097,0.953077780707929,16,11,202,18.799999999999883
FreeSolv,Progressive,47,187,0,156,0.1,3.623652765606263,0.953077780707929,17,11,203,18.699999999999882
FreeSolv,Progressive,47,188,0,330,0.1,4.211381010471127,0.953077780707929,18,11,204,18.59999999999988
FreeSolv,Progressive,47,189,0,528,0.1,4.203727996734503,0.953077780707929,19,11,205,18.49999999999988
FreeSolv,Progressive,47,190,0,300,0.1,3.8357002031445973,0.953077780707929,20,11,206,18.399999999999878
FreeSolv,Progressive,47,191,1,139,1.0,1.4511496716849497,0.953077780707929,0,12,206,17.399999999999878
FreeSolv,Progressive,47,192,0,102,0.1,3.957174231237379,0.955399574711203,1,12,207,17.299999999999876
FreeSolv,Progressive,47,193,0,440,0.1,3.563700672415208,0.955399574711203,2,12,208,17.199999999999875
FreeSolv,Progressive,47,194,0,432,0.1,3.8528458249043553,0.955399574711203,3,12,209,17.099999999999874
FreeSolv,Progressive,47,195,0,473,0.1,4.153409372179522,0.955399574711203,4,12,210,16.999999999999872
FreeSolv,Progressive,47,196,0,325,0.1,3.7100500786115655,0.955399574711203,5,12,211,16.89999999999987
FreeSolv,Progressive,47,197,0,452,0.1,3.3903673588081245,0.955399574711203,6,12,212,16.79999999999987
FreeSolv,Progressive,47,198,0,118,0.1,3.44547927890442,0.955399574711203,7,12,213,16.699999999999868
FreeSolv,Progressive,47,199,0,338,0.1,3.7674545254380436,0.955399574711203,8,12,214,16.599999999999866
FreeSolv,Progressive,47,200,0,16,0.1,3.3529621257817253,0.955399574711203,9,12,215,16.499999999999865
FreeSolv,Progressive,47,201,0,314,0.1,3.3233759248734533,0.955399574711203,10,12,216,16.399999999999864
FreeSolv,Progressive,47,202,0,161,0.1,3.236930928610815,0.955399574711203,11,12,217,16.299999999999862
FreeSolv,Progressive,47,203,0,548,0.1,3.492251518522899,0.955399574711203,12,12,218,16.19999999999986
FreeSolv,Progressive,47,204,0,113,0.1,3.2798358328481183,0.955399574711203,13,12,219,16.09999999999986
FreeSolv,Progressive,47,205,0,475,0.1,3.470584642151221,0.955399574711203,14,12,220,15.99999999999986
FreeSolv,Progressive,47,206,0,530,0.1,3.435142030169224,0.955399574711203,15,12,221,15.899999999999858
FreeSolv,Progressive,47,207,0,152,0.1,2.508880034337083,0.955399574711203,16,12,222,15.799999999999857
FreeSolv,Progressive,47,208,0,175,0.1,2.6770580431490325,0.955399574711203,17,12,223,15.699999999999855
FreeSolv,Progressive,47,209,0,187,0.1,2.5630213551768843,0.955399574711203,18,12,224,15.599999999999854
FreeSolv,Progressive,47,210,0,335,0.1,2.9906652529816937,0.955399574711203,19,12,225,15.499999999999853
FreeSolv,Progressive,47,211,0,181,0.1,2.678774994844928,0.955399574711203,20,12,226,15.399999999999851
FreeSolv,Progressive,47,212,1,261,1.0,0.8915436577966793,0.955399574711203,0,13,226,14.39999999999985
FreeSolv,Progressive,47,213,0,14,0.1,2.645795397243124,0.9598532683783318,1,13,227,14.29999999999985
FreeSolv,Progressive,47,214,0,534,0.1,2.358311464382596,0.9598532683783318,2,13,228,14.199999999999848
FreeSolv,Progressive,47,215,0,285,0.1,2.402837359845261,0.9598532683783318,3,13,229,14.099999999999847
FreeSolv,Progressive,47,216,0,500,0.1,2.949972252483114,0.9598532683783318,4,13,230,13.999999999999845
FreeSolv,Progressive,47,217,0,496,0.1,2.4652948582052034,0.9598532683783318,5,13,231,13.899999999999844
FreeSolv,Progressive,47,218,0,253,0.1,2.3772816755621453,0.9598532683783318,6,13,232,13.799999999999843
FreeSolv,Progressive,47,219,0,59,0.1,2.3331490778556097,0.9598532683783318,7,13,233,13.699999999999841
FreeSolv,Progressive,47,220,0,201,0.1,2.5582091572928745,0.9598532683783318,8,13,234,13.59999999999984
FreeSolv,Progressive,47,221,0,43,0.1,2.1709532703061942,0.9598532683783318,9,13,235,13.499999999999838
FreeSolv,Progressive,47,222,0,332,0.1,2.912600546607394,0.9598532683783318,10,13,236,13.399999999999837
FreeSolv,Progressive,47,223,0,222,0.1,2.28202145687335,0.9598532683783318,11,13,237,13.299999999999836
FreeSolv,Progressive,47,224,0,615,0.1,2.331148322897725,0.9598532683783318,12,13,238,13.199999999999834
FreeSolv,Progressive,47,225,0,459,0.1,2.824785313082123,0.9598532683783318,13,13,239,13.099999999999833
FreeSolv,Progressive,47,226,0,353,0.1,1.9613452522237689,0.9598532683783318,14,13,240,12.999999999999831
FreeSolv,Progressive,47,227,0,578,0.1,2.1320506606524883,0.9598532683783318,15,13,241,12.89999999999983
FreeSolv,Progressive,47,228,0,443,0.1,2.3368141020408295,0.9598532683783318,16,13,242,12.799999999999828
FreeSolv,Progressive,47,229,0,401,0.1,2.693728221299768,0.9598532683783318,17,13,243,12.699999999999827
FreeSolv,Progressive,47,230,0,216,0.1,1.927151534743196,0.9598532683783318,18,13,244,12.599999999999826
FreeSolv,Progressive,47,231,0,366,0.1,2.168296261153156,0.9598532683783318,19,13,245,12.499999999999824
FreeSolv,Progressive,47,232,0,194,0.1,2.034044422771877,0.9598532683783318,20,13,246,12.399999999999823
FreeSolv,Progressive,47,233,1,550,1.0,1.0986693796145426,0.9598532683783318,0,14,246,11.399999999999821
FreeSolv,Progressive,47,234,0,632,0.1,1.9971999686339559,0.961646320023397,1,14,247,11.299999999999821
FreeSolv,Progressive,47,235,0,219,0.1,2.3286099448696533,0.961646320023397,2,14,248,11.19999999999982
FreeSolv,Progressive,47,236,0,180,0.1,2.1364750200959826,0.961646320023397,3,14,249,11.099999999999818
FreeSolv,Progressive,47,237,0,94,0.1,1.7510091209581264,0.961646320023397,4,14,250,10.999999999999817
FreeSolv,Progressive,47,238,0,167,0.1,1.7304410332614686,0.961646320023397,5,14,251,10.899999999999816
FreeSolv,Progressive,47,239,0,352,0.1,1.8270451221736683,0.961646320023397,6,14,252,10.799999999999814
FreeSolv,Progressive,47,240,0,464,0.1,1.9380440233313772,0.961646320023397,7,14,253,10.699999999999813
FreeSolv,Progressive,47,241,0,487,0.1,2.665167709388579,0.961646320023397,8,14,254,10.599999999999811
FreeSolv,Progressive,47,242,0,484,0.1,1.914485391028854,0.961646320023397,9,14,255,10.49999999999981
FreeSolv,Progressive,47,243,0,345,0.1,1.9677523482462078,0.961646320023397,10,14,256,10.399999999999809
FreeSolv,Progressive,47,244,0,506,0.1,2.107084351080506,0.961646320023397,11,14,257,10.299999999999807
FreeSolv,Progressive,47,245,0,115,0.1,1.9295317601108974,0.961646320023397,12,14,258,10.199999999999806
FreeSolv,Progressive,47,246,0,354,0.1,1.8482400215158914,0.961646320023397,13,14,259,10.099999999999804
FreeSolv,Progressive,47,247,0,246,0.1,1.6888525870334465,0.961646320023397,14,14,260,9.999999999999803
FreeSolv,Progressive,47,248,0,604,0.1,1.8533770438030717,0.961646320023397,15,14,261,9.899999999999801
FreeSolv,Progressive,47,249,0,145,0.1,1.9269376978396504,0.961646320023397,16,14,262,9.7999999999998
FreeSolv,Progressive,47,250,0,453,0.1,1.4656083941664626,0.961646320023397,17,14,263,9.699999999999799
FreeSolv,Progressive,47,251,0,304,0.1,2.019009887225952,0.961646320023397,18,14,264,9.599999999999797
FreeSolv,Progressive,47,252,0,67,0.1,1.5696208762666148,0.961646320023397,19,14,265,9.499999999999796
FreeSolv,Progressive,47,253,0,273,0.1,1.7792351584732051,0.961646320023397,20,14,266,9.399999999999794
FreeSolv,Progressive,47,254,1,39,1.0,1.449813098705104,0.961646320023397,0,15,266,8.399999999999793
FreeSolv,Progressive,47,255,1,251,1.0,1.9252975962120864,0.963968740583207,0,16,266,7.3999999999997925
FreeSolv,Progressive,47,256,0,630,0.1,1.55740056997764,0.9649564465884148,1,16,267,7.299999999999793
FreeSolv,Progressive,47,257,1,444,1.0,1.3778313706691767,0.9649564465884148,0,17,267,6.299999999999791
FreeSolv,Progressive,47,258,0,51,0.1,1.4513667054814927,0.9661518148875313,1,17,268,6.1999999999997915
FreeSolv,Progressive,47,259,0,519,0.1,1.538484536693192,0.9661518148875313,2,17,269,6.09999999999979
FreeSolv,Progressive,47,260,0,481,0.1,1.3426963924293192,0.9661518148875313,3,17,270,5.999999999999789
FreeSolv,Progressive,47,261,0,130,0.1,1.5703081613186938,0.9661518148875313,4,17,271,5.899999999999787
FreeSolv,Progressive,47,262,0,231,0.1,1.372463351994417,0.9661518148875313,5,17,272,5.799999999999786
FreeSolv,Progressive,47,263,0,26,0.1,1.284169867013814,0.9661518148875313,6,17,273,5.699999999999784
FreeSolv,Progressive,47,264,0,311,0.1,1.3411861732441355,0.9661518148875313,7,17,274,5.599999999999783
FreeSolv,Progressive,47,265,1,83,1.0,1.4492453921251627,0.9661518148875313,0,18,274,4.599999999999781
FreeSolv,Progressive,47,266,1,492,1.0,1.321989079236471,0.9669766048242029,0,19,274,3.599999999999781
FreeSolv,Progressive,47,267,0,168,0.1,1.8353708153730846,0.9679068444667951,1,19,275,3.499999999999781
FreeSolv,Progressive,47,268,0,343,0.1,1.2207230640903368,0.9679068444667951,2,19,276,3.3999999999997796
FreeSolv,Progressive,47,269,0,454,0.1,1.4481505700502577,0.9679068444667951,3,19,277,3.299999999999778
FreeSolv,Progressive,47,270,0,567,0.1,1.4622806354069964,0.9679068444667951,4,19,278,3.199999999999777
FreeSolv,Progressive,47,271,1,266,1.0,1.527334250079039,0.9679068444667951,0,20,278,2.1999999999997755
FreeSolv,Progressive,47,272,0,271,0.1,1.2494580985194566,0.968245680893181,1,20,279,2.0999999999997754
FreeSolv,Progressive,47,273,1,91,1.0,1.3348939705315086,0.968245680893181,0,21,279,1.099999999999774
FreeSolv,Progressive,47,274,1,122,1.0,1.4790538733913043,0.9682423752123935,0,22,279,0.09999999999977405
FreeSolv,Progressive,48,1,0,266,0.1,13.148832526688397,0.5,1,2,26,45.4
FreeSolv,Progressive,48,2,0,125,0.1,11.257166443465337,0.5,2,2,27,45.3
FreeSolv,Progressive,48,3,0,550,0.1,10.361638780560307,0.5,3,2,28,45.199999999999996
FreeSolv,Progressive,48,4,0,8,0.1,9.414953485052145,0.5,4,2,29,45.1
FreeSolv,Progressive,48,5,0,139,0.1,9.031761633868989,0.5,5,2,30,45.0
FreeSolv,Progressive,48,6,0,39,0.1,9.719469572791645,0.5,6,2,31,44.9
FreeSolv,Progressive,48,7,0,492,0.1,10.176781147694877,0.5,7,2,32,44.800000000000004
FreeSolv,Progressive,48,8,0,595,0.1,10.241251819641679,0.5,8,2,33,44.7
FreeSolv,Progressive,48,9,0,87,0.1,9.630067258854224,0.5,9,2,34,44.6
FreeSolv,Progressive,48,10,0,444,0.1,9.635644344276036,0.5,10,2,35,44.5
FreeSolv,Progressive,48,11,0,80,0.1,9.647293872306903,0.5,11,2,36,44.4
FreeSolv,Progressive,48,12,0,619,0.1,9.878602431362156,0.5,12,2,37,44.300000000000004
FreeSolv,Progressive,48,13,0,144,0.1,9.853690450704233,0.5,13,2,38,44.2
FreeSolv,Progressive,48,14,0,49,0.1,9.520925867952807,0.5,14,2,39,44.1
FreeSolv,Progressive,48,15,0,129,0.1,9.361200102514658,0.5,15,2,40,44.00000000000001
FreeSolv,Progressive,48,16,0,393,0.1,9.768414909061548,0.5,16,2,41,43.900000000000006
FreeSolv,Progressive,48,17,0,286,0.1,9.338376757150607,0.5,17,2,42,43.800000000000004
FreeSolv,Progressive,48,18,0,83,0.1,9.19754254683473,0.5,18,2,43,43.7
FreeSolv,Progressive,48,19,0,41,0.1,10.03860913666859,0.5,19,2,44,43.6
FreeSolv,Progressive,48,20,0,577,0.1,9.937443139599763,0.5,20,2,45,43.50000000000001
FreeSolv,Progressive,48,21,1,261,1.0,8.055690711949289,0.5,0,3,45,42.50000000000001
FreeSolv,Progressive,48,22,0,564,0.1,9.47519229182363,0.5,1,3,46,42.400000000000006
FreeSolv,Progressive,48,23,0,232,0.1,9.409761148683401,0.5,2,3,47,42.300000000000004
FreeSolv,Progressive,48,24,0,96,0.1,9.191172101478141,0.5,3,3,48,42.20000000000001
FreeSolv,Progressive,48,25,0,584,0.1,10.074598434347275,0.5,4,3,49,42.10000000000001
FreeSolv,Progressive,48,26,0,6,0.1,9.65710687156305,0.5,5,3,50,42.00000000000001
FreeSolv,Progressive,48,27,0,251,0.1,9.901186099868816,0.5,6,3,51,41.900000000000006
FreeSolv,Progressive,48,28,0,501,0.1,9.685249086294382,0.5,7,3,52,41.800000000000004
FreeSolv,Progressive,48,29,0,497,0.1,9.172255054348009,0.5,8,3,53,41.70000000000001
FreeSolv,Progressive,48,30,0,250,0.1,9.136705448641932,0.5,9,3,54,41.60000000000001
FreeSolv,Progressive,48,31,0,75,0.1,9.06221639215576,0.5,10,3,55,41.50000000000001
FreeSolv,Progressive,48,32,0,599,0.1,8.856767678197718,0.5,11,3,56,41.40000000000001
FreeSolv,Progressive,48,33,0,276,0.1,8.947268298615855,0.5,12,3,57,41.30000000000001
FreeSolv,Progressive,48,34,0,233,0.1,8.855527605839507,0.5,13,3,58,41.20000000000001
FreeSolv,Progressive,48,35,0,572,0.1,8.49180563561769,0.5,14,3,59,41.10000000000001
FreeSolv,Progressive,48,36,0,301,0.1,8.468218210424055,0.5,15,3,60,41.00000000000001
FreeSolv,Progressive,48,37,0,269,0.1,8.413448065034643,0.5,16,3,61,40.90000000000001
FreeSolv,Progressive,48,38,0,540,0.1,8.677019565838071,0.5,17,3,62,40.80000000000001
FreeSolv,Progressive,48,39,0,19,0.1,8.465138438467639,0.5,18,3,63,40.70000000000001
FreeSolv,Progressive,48,40,0,581,0.1,8.456105911941387,0.5,19,3,64,40.600000000000016
FreeSolv,Progressive,48,41,0,192,0.1,8.489392514250746,0.5,20,3,65,40.500000000000014
FreeSolv,Progressive,48,42,1,21,1.0,4.373440281603756,0.5,0,4,65,39.500000000000014
FreeSolv,Progressive,48,43,0,505,0.1,8.350636937598843,0.5,1,4,66,39.40000000000001
FreeSolv,Progressive,48,44,0,422,0.1,8.618513433567516,0.5,2,4,67,39.30000000000001
FreeSolv,Progressive,48,45,0,502,0.1,8.369052207491126,0.5,3,4,68,39.20000000000001
FreeSolv,Progressive,48,46,0,533,0.1,8.395832061375224,0.5,4,4,69,39.100000000000016
FreeSolv,Progressive,48,47,0,255,0.1,8.31343504303772,0.5,5,4,70,39.000000000000014
FreeSolv,Progressive,48,48,0,136,0.1,8.304556897498852,0.5,6,4,71,38.90000000000001
FreeSolv,Progressive,48,49,0,633,0.1,8.397705538014533,0.5,7,4,72,38.80000000000002
FreeSolv,Progressive,48,50,0,589,0.1,8.085661396086152,0.5,8,4,73,38.70000000000002
FreeSolv,Progressive,48,51,0,299,0.1,7.731193071723885,0.5,9,4,74,38.600000000000016
FreeSolv,Progressive,48,52,0,328,0.1,7.7022524779733565,0.5,10,4,75,38.500000000000014
FreeSolv,Progressive,48,53,0,327,0.1,7.598386938066703,0.5,11,4,76,38.40000000000001
FreeSolv,Progressive,48,54,0,410,0.1,7.39398359411086,0.5,12,4,77,38.30000000000002
FreeSolv,Progressive,48,55,0,337,0.1,7.669033665631595,0.5,13,4,78,38.20000000000002
FreeSolv,Progressive,48,56,0,105,0.1,7.672437928857528,0.5,14,4,79,38.100000000000016
FreeSolv,Progressive,48,57,0,284,0.1,7.5681891660275635,0.5,15,4,80,38.00000000000002
FreeSolv,Progressive,48,58,0,436,0.1,7.354656324707621,0.5,16,4,81,37.90000000000002
FreeSolv,Progressive,48,59,0,313,0.1,8.26193861227516,0.5,17,4,82,37.80000000000002
FreeSolv,Progressive,48,60,0,626,0.1,7.786603420676365,0.5,18,4,83,37.70000000000002
FreeSolv,Progressive,48,61,0,258,0.1,7.5373430797118095,0.5,19,4,84,37.600000000000016
FreeSolv,Progressive,48,62,0,159,0.1,7.171534989328226,0.5,20,4,85,37.50000000000002
FreeSolv,Progressive,48,63,1,515,1.0,3.7520787323750002,0.5,0,5,85,36.50000000000002
FreeSolv,Progressive,48,64,0,486,0.1,14.137286250327401,0.9991590290857925,1,5,86,36.40000000000002
FreeSolv,Progressive,48,65,0,369,0.1,14.2121019248362,0.9991590290857925,2,5,87,36.30000000000002
FreeSolv,Progressive,48,66,0,279,0.1,15.309086738624792,0.9991590290857925,3,5,88,36.200000000000024
FreeSolv,Progressive,48,67,0,31,0.1,13.293362116145632,0.9991590290857925,4,5,89,36.10000000000002
FreeSolv,Progressive,48,68,0,2,0.1,13.104469816569333,0.9991590290857925,5,5,90,36.00000000000002
FreeSolv,Progressive,48,69,0,191,0.1,13.3793387752118,0.9991590290857925,6,5,91,35.90000000000002
FreeSolv,Progressive,48,70,0,66,0.1,13.768624777311581,0.9991590290857925,7,5,92,35.80000000000002
FreeSolv,Progressive,48,71,0,263,0.1,12.518086201132684,0.9991590290857925,8,5,93,35.700000000000024
FreeSolv,Progressive,48,72,0,380,0.1,12.499118800697744,0.9991590290857925,9,5,94,35.60000000000002
FreeSolv,Progressive,48,73,0,259,0.1,13.383571789157173,0.9991590290857925,10,5,95,35.50000000000002
FreeSolv,Progressive,48,74,0,339,0.1,12.104261492735832,0.9991590290857925,11,5,96,35.40000000000003
FreeSolv,Progressive,48,75,0,122,0.1,12.474344753129142,0.9991590290857925,12,5,97,35.300000000000026
FreeSolv,Progressive,48,76,0,148,0.1,12.731117176478875,0.9991590290857925,13,5,98,35.200000000000024
FreeSolv,Progressive,48,77,0,461,0.1,10.972027087238422,0.9991590290857925,14,5,99,35.10000000000002
FreeSolv,Progressive,48,78,0,624,0.1,12.026095917765431,0.9991590290857925,15,5,100,35.00000000000002
FreeSolv,Progressive,48,79,0,204,0.1,10.865255710789212,0.9991590290857925,16,5,101,34.90000000000003
FreeSolv,Progressive,48,80,0,620,0.1,10.18649872764188,0.9991590290857925,17,5,102,34.800000000000026
FreeSolv,Progressive,48,81,0,257,0.1,10.979530880051515,0.9991590290857925,18,5,103,34.700000000000024
FreeSolv,Progressive,48,82,0,53,0.1,9.992983275127196,0.9991590290857925,19,5,104,34.60000000000003
FreeSolv,Progressive,48,83,0,413,0.1,9.718519176479218,0.9991590290857925,20,5,105,34.50000000000003
FreeSolv,Progressive,48,84,1,182,1.0,2.7407722188229133,0.9991590290857925,0,6,105,33.50000000000003
FreeSolv,Progressive,48,85,0,456,0.1,9.066122270315976,0.8740943535759398,1,6,106,33.40000000000003
FreeSolv,Progressive,48,86,0,379,0.1,8.804356622100746,0.8740943535759398,2,6,107,33.300000000000026
FreeSolv,Progressive,48,87,0,319,0.1,8.229680450553333,0.8740943535759398,3,6,108,33.200000000000024
FreeSolv,Progressive,48,88,0,425,0.1,8.429512585748258,0.8740943535759398,4,6,109,33.10000000000002
FreeSolv,Progressive,48,89,0,638,0.1,8.815987989892545,0.8740943535759398,5,6,110,33.00000000000002
FreeSolv,Progressive,48,90,0,563,0.1,7.810640499413719,0.8740943535759398,6,6,111,32.90000000000002
FreeSolv,Progressive,48,91,0,517,0.1,7.864038105432206,0.8740943535759398,7,6,112,32.80000000000002
FreeSolv,Progressive,48,92,0,340,0.1,8.536063302212543,0.8740943535759398,8,6,113,32.70000000000002
FreeSolv,Progressive,48,93,0,91,0.1,9.235751735876503,0.8740943535759398,9,6,114,32.600000000000016
FreeSolv,Progressive,48,94,0,61,0.1,8.590636846664626,0.8740943535759398,10,6,115,32.500000000000014
FreeSolv,Progressive,48,95,0,597,0.1,6.97805361797103,0.8740943535759398,11,6,116,32.40000000000001
FreeSolv,Progressive,48,96,0,485,0.1,7.261833883279429,0.8740943535759398,12,6,117,32.30000000000001
FreeSolv,Progressive,48,97,0,351,0.1,7.368253996940648,0.8740943535759398,13,6,118,32.20000000000001
FreeSolv,Progressive,48,98,0,384,0.1,7.772851773135378,0.8740943535759398,14,6,119,32.10000000000001
FreeSolv,Progressive,48,99,0,206,0.1,6.365913629142795,0.8740943535759398,15,6,120,32.00000000000001
FreeSolv,Progressive,48,100,0,84,0.1,6.181135030555996,0.8740943535759398,16,6,121,31.900000000000006
FreeSolv,Progressive,48,101,0,106,0.1,5.9283765548017335,0.8740943535759398,17,6,122,31.800000000000004
FreeSolv,Progressive,48,102,0,214,0.1,6.7318827091222415,0.8740943535759398,18,6,123,31.700000000000003
FreeSolv,Progressive,48,103,0,398,0.1,6.034931003702574,0.8740943535759398,19,6,124,31.6
FreeSolv,Progressive,48,104,0,365,0.1,6.025906438478071,0.8740943535759398,20,6,125,31.5
FreeSolv,Progressive,48,105,1,542,1.0,3.1602649298760417,0.8740943535759398,0,7,125,30.5
FreeSolv,Progressive,48,106,0,622,0.1,6.853605947556245,0.8858427018043686,1,7,126,30.4
FreeSolv,Progressive,48,107,0,147,0.1,6.676115423789613,0.8858427018043686,2,7,127,30.299999999999997
FreeSolv,Progressive,48,108,0,592,0.1,6.065861530654018,0.8858427018043686,3,7,128,30.199999999999996
FreeSolv,Progressive,48,109,0,499,0.1,6.572701706793188,0.8858427018043686,4,7,129,30.099999999999994
FreeSolv,Progressive,48,110,0,472,0.1,5.70810743241852,0.8858427018043686,5,7,130,29.999999999999993
FreeSolv,Progressive,48,111,0,383,0.1,5.743391208223021,0.8858427018043686,6,7,131,29.89999999999999
FreeSolv,Progressive,48,112,0,140,0.1,5.64712347816411,0.8858427018043686,7,7,132,29.79999999999999
FreeSolv,Progressive,48,113,0,437,0.1,5.731119850545047,0.8858427018043686,8,7,133,29.69999999999999
FreeSolv,Progressive,48,114,0,282,0.1,5.768903370198177,0.8858427018043686,9,7,134,29.599999999999987
FreeSolv,Progressive,48,115,0,77,0.1,5.681494994845969,0.8858427018043686,10,7,135,29.499999999999986
FreeSolv,Progressive,48,116,0,317,0.1,5.488663328164245,0.8858427018043686,11,7,136,29.399999999999984
FreeSolv,Progressive,48,117,0,126,0.1,5.4410360375558415,0.8858427018043686,12,7,137,29.299999999999983
FreeSolv,Progressive,48,118,0,63,0.1,5.527156208438755,0.8858427018043686,13,7,138,29.19999999999998
FreeSolv,Progressive,48,119,0,86,0.1,5.183341974381765,0.8858427018043686,14,7,139,29.09999999999998
FreeSolv,Progressive,48,120,0,186,0.1,5.836351226483646,0.8858427018043686,15,7,140,28.99999999999998
FreeSolv,Progressive,48,121,0,546,0.1,4.910360080161338,0.8858427018043686,16,7,141,28.899999999999977
FreeSolv,Progressive,48,122,0,85,0.1,4.760347959531788,0.8858427018043686,17,7,142,28.799999999999976
FreeSolv,Progressive,48,123,0,10,0.1,5.10976429955557,0.8858427018043686,18,7,143,28.699999999999974
FreeSolv,Progressive,48,124,0,289,0.1,4.909925806273593,0.8858427018043686,19,7,144,28.599999999999973
FreeSolv,Progressive,48,125,0,386,0.1,4.859627918437133,0.8858427018043686,20,7,145,28.49999999999997
FreeSolv,Progressive,48,126,1,457,1.0,1.8523214759139197,0.8858427018043686,0,8,145,27.49999999999997
FreeSolv,Progressive,48,127,0,471,0.1,4.825801023729322,0.8829717709720841,1,8,146,27.39999999999997
FreeSolv,Progressive,48,128,0,377,0.1,4.868856814937921,0.8829717709720841,2,8,147,27.29999999999997
FreeSolv,Progressive,48,129,0,181,0.1,4.919295475573681,0.8829717709720841,3,8,148,27.199999999999967
FreeSolv,Progressive,48,130,0,272,0.1,4.39286963168873,0.8829717709720841,4,8,149,27.099999999999966
FreeSolv,Progressive,48,131,0,200,0.1,4.5209287505413975,0.8829717709720841,5,8,150,26.999999999999964
FreeSolv,Progressive,48,132,0,631,0.1,4.238831750319526,0.8829717709720841,6,8,151,26.899999999999963
FreeSolv,Progressive,48,133,0,99,0.1,4.549475732465818,0.8829717709720841,7,8,152,26.79999999999996
FreeSolv,Progressive,48,134,0,128,0.1,4.203268317713054,0.8829717709720841,8,8,153,26.69999999999996
FreeSolv,Progressive,48,135,0,532,0.1,4.336356837065476,0.8829717709720841,9,8,154,26.59999999999996
FreeSolv,Progressive,48,136,0,238,0.1,4.195501908359624,0.8829717709720841,10,8,155,26.499999999999957
FreeSolv,Progressive,48,137,0,30,0.1,4.408526882092533,0.8829717709720841,11,8,156,26.399999999999956
FreeSolv,Progressive,48,138,0,608,0.1,4.168971179175106,0.8829717709720841,12,8,157,26.299999999999955
FreeSolv,Progressive,48,139,0,141,0.1,4.4123365382626085,0.8829717709720841,13,8,158,26.199999999999953
FreeSolv,Progressive,48,140,0,524,0.1,3.7884114415393326,0.8829717709720841,14,8,159,26.09999999999995
FreeSolv,Progressive,48,141,0,293,0.1,3.714453974493902,0.8829717709720841,15,8,160,25.99999999999995
FreeSolv,Progressive,48,142,0,361,0.1,3.9779944117932544,0.8829717709720841,16,8,161,25.89999999999995
FreeSolv,Progressive,48,143,0,178,0.1,4.150817227129583,0.8829717709720841,17,8,162,25.799999999999947
FreeSolv,Progressive,48,144,0,110,0.1,3.87211925207146,0.8829717709720841,18,8,163,25.699999999999946
FreeSolv,Progressive,48,145,0,368,0.1,3.593569101393209,0.8829717709720841,19,8,164,25.599999999999945
FreeSolv,Progressive,48,146,0,64,0.1,4.2601700958753765,0.8829717709720841,20,8,165,25.499999999999943
FreeSolv,Progressive,48,147,1,392,1.0,1.9401405105886589,0.8829717709720841,0,9,165,24.499999999999943
FreeSolv,Progressive,48,148,0,509,0.1,3.497124693748045,0.8638583732645183,1,9,166,24.39999999999994
FreeSolv,Progressive,48,149,0,451,0.1,3.620188545509702,0.8638583732645183,2,9,167,24.29999999999994
FreeSolv,Progressive,48,150,0,224,0.1,3.268914285296252,0.8638583732645183,3,9,168,24.19999999999994
FreeSolv,Progressive,48,151,0,166,0.1,3.4527909254964255,0.8638583732645183,4,9,169,24.099999999999937
FreeSolv,Progressive,48,152,0,405,0.1,3.6245330541893974,0.8638583732645183,5,9,170,23.999999999999936
FreeSolv,Progressive,48,153,0,131,0.1,3.144243406148887,0.8638583732645183,6,9,171,23.899999999999935
FreeSolv,Progressive,48,154,0,618,0.1,3.1798972074515586,0.8638583732645183,7,9,172,23.799999999999933
FreeSolv,Progressive,48,155,0,336,0.1,3.2947542752545598,0.8638583732645183,8,9,173,23.699999999999932
FreeSolv,Progressive,48,156,0,54,0.1,3.7652169504623365,0.8638583732645183,9,9,174,23.59999999999993
FreeSolv,Progressive,48,157,0,283,0.1,3.243705139324893,0.8638583732645183,10,9,175,23.49999999999993
FreeSolv,Progressive,48,158,0,489,0.1,3.432926789706824,0.8638583732645183,11,9,176,23.399999999999928
FreeSolv,Progressive,48,159,0,172,0.1,3.197494256613778,0.8638583732645183,12,9,177,23.299999999999926
FreeSolv,Progressive,48,160,0,102,0.1,2.929567807317273,0.8638583732645183,13,9,178,23.199999999999925
FreeSolv,Progressive,48,161,0,119,0.1,2.908498671563786,0.8638583732645183,14,9,179,23.099999999999923
FreeSolv,Progressive,48,162,0,100,0.1,2.9830867251601165,0.8638583732645183,15,9,180,22.999999999999922
FreeSolv,Progressive,48,163,0,149,0.1,2.5398541942853834,0.8638583732645183,16,9,181,22.89999999999992
FreeSolv,Progressive,48,164,0,60,0.1,2.6826367152142065,0.8638583732645183,17,9,182,22.79999999999992
FreeSolv,Progressive,48,165,0,558,0.1,2.613446256239905,0.8638583732645183,18,9,183,22.699999999999918
FreeSolv,Progressive,48,166,0,560,0.1,2.6435911747805307,0.8638583732645183,19,9,184,22.599999999999916
FreeSolv,Progressive,48,167,0,445,0.1,2.6930502009633064,0.8638583732645183,20,9,185,22.499999999999915
FreeSolv,Progressive,48,168,1,266,1.0,1.2524641839352317,0.8638583732645183,0,10,185,21.499999999999915
FreeSolv,Progressive,48,169,0,280,0.1,2.8354768267053476,0.8749440215811118,1,10,186,21.399999999999913
FreeSolv,Progressive,48,170,0,183,0.1,2.9197894223961263,0.8749440215811118,2,10,187,21.299999999999912
FreeSolv,Progressive,48,171,0,118,0.1,2.3538900445010387,0.8749440215811118,3,10,188,21.19999999999991
FreeSolv,Progressive,48,172,0,432,0.1,2.7422206180800495,0.8749440215811118,4,10,189,21.09999999999991
FreeSolv,Progressive,48,173,0,268,0.1,2.642766414021787,0.8749440215811118,5,10,190,20.999999999999908
FreeSolv,Progressive,48,174,0,371,0.1,2.4273116108281796,0.8749440215811118,6,10,191,20.899999999999906
FreeSolv,Progressive,48,175,0,174,0.1,2.526955532531631,0.8749440215811118,7,10,192,20.799999999999905
FreeSolv,Progressive,48,176,0,338,0.1,2.451287357485262,0.8749440215811118,8,10,193,20.699999999999903
FreeSolv,Progressive,48,177,0,165,0.1,2.2543554250386637,0.8749440215811118,9,10,194,20.599999999999902
FreeSolv,Progressive,48,178,0,603,0.1,2.1552625028024863,0.8749440215811118,10,10,195,20.4999999999999
FreeSolv,Progressive,48,179,0,161,0.1,2.193962050457855,0.8749440215811118,11,10,196,20.3999999999999
FreeSolv,Progressive,48,180,0,475,0.1,2.031066766951279,0.8749440215811118,12,10,197,20.299999999999898
FreeSolv,Progressive,48,181,0,330,0.1,2.22784297764167,0.8749440215811118,13,10,198,20.199999999999896
FreeSolv,Progressive,48,182,0,300,0.1,2.206196103716176,0.8749440215811118,14,10,199,20.099999999999895
FreeSolv,Progressive,48,183,0,212,0.1,2.528072564994307,0.8749440215811118,15,10,200,19.999999999999893
FreeSolv,Progressive,48,184,0,292,0.1,2.805150909296239,0.8749440215811118,16,10,201,19.899999999999892
FreeSolv,Progressive,48,185,1,120,1.0,2.206940049649929,0.8749440215811118,0,11,201,18.899999999999892
FreeSolv,Progressive,48,186,0,406,0.1,2.333472289296795,0.8749440215811118,1,11,202,18.79999999999989
FreeSolv,Progressive,48,187,0,399,0.1,2.309255812490941,0.8749440215811118,2,11,203,18.69999999999989
FreeSolv,Progressive,48,188,0,528,0.1,2.228743459064053,0.8749440215811118,3,11,204,18.599999999999888
FreeSolv,Progressive,48,189,0,548,0.1,1.977238064824211,0.8749440215811118,4,11,205,18.499999999999886
FreeSolv,Progressive,48,190,0,591,0.1,2.22453003029321,0.8749440215811118,5,11,206,18.399999999999885
FreeSolv,Progressive,48,191,0,473,0.1,2.1635538431032573,0.8749440215811118,6,11,207,18.299999999999883
FreeSolv,Progressive,48,192,0,37,0.1,2.1364972047578266,0.8749440215811118,7,11,208,18.199999999999882
FreeSolv,Progressive,48,193,0,530,0.1,1.8379914663521895,0.8749440215811118,8,11,209,18.09999999999988
FreeSolv,Progressive,48,194,0,440,0.1,2.01614165562724,0.8749440215811118,9,11,210,17.99999999999988
FreeSolv,Progressive,48,195,0,25,0.1,1.8841312425125185,0.8749440215811118,10,11,211,17.899999999999878
FreeSolv,Progressive,48,196,0,325,0.1,2.1089698981913068,0.8749440215811118,11,11,212,17.799999999999876
FreeSolv,Progressive,48,197,0,320,0.1,2.0629069768988186,0.8749440215811118,12,11,213,17.699999999999875
FreeSolv,Progressive,48,198,0,496,0.1,1.9894205835218504,0.8749440215811118,13,11,214,17.599999999999874
FreeSolv,Progressive,48,199,0,588,0.1,1.871216443423535,0.8749440215811118,14,11,215,17.499999999999872
FreeSolv,Progressive,48,200,0,16,0.1,1.8336892799652253,0.8749440215811118,15,11,216,17.39999999999987
FreeSolv,Progressive,48,201,0,459,0.1,1.799900976027603,0.8749440215811118,16,11,217,17.29999999999987
FreeSolv,Progressive,48,202,0,315,0.1,1.7106244115099192,0.8749440215811118,17,11,218,17.199999999999868
FreeSolv,Progressive,48,203,0,152,0.1,2.1252364839653413,0.8749440215811118,18,11,219,17.099999999999866
FreeSolv,Progressive,48,204,0,304,0.1,1.9279904640049252,0.8749440215811118,19,11,220,16.999999999999865
FreeSolv,Progressive,48,205,0,452,0.1,1.8070066826882993,0.8749440215811118,20,11,221,16.899999999999864
FreeSolv,Progressive,48,206,1,49,1.0,1.6034192484583383,0.8749440215811118,0,12,221,15.899999999999864
FreeSolv,Progressive,48,207,0,500,0.1,1.9660018858165447,0.8856073366330288,1,12,222,15.799999999999864
FreeSolv,Progressive,48,208,0,357,0.1,1.804759636862412,0.8856073366330288,2,12,223,15.699999999999863
FreeSolv,Progressive,48,209,0,314,0.1,1.6244919061313712,0.8856073366330288,3,12,224,15.599999999999861
FreeSolv,Progressive,48,210,0,613,0.1,1.4762916125034908,0.8856073366330288,4,12,225,15.49999999999986
FreeSolv,Progressive,48,211,0,341,0.1,1.7911080250450446,0.8856073366330288,5,12,226,15.399999999999858
FreeSolv,Progressive,48,212,0,187,0.1,1.540969169369967,0.8856073366330288,6,12,227,15.299999999999857
FreeSolv,Progressive,48,213,0,113,0.1,1.3459174551314386,0.8856073366330288,7,12,228,15.199999999999855
FreeSolv,Progressive,48,214,0,332,0.1,1.6678107704970253,0.8856073366330288,8,12,229,15.099999999999854
FreeSolv,Progressive,48,215,0,615,0.1,1.4312532671791773,0.8856073366330288,9,12,230,14.999999999999853
FreeSolv,Progressive,48,216,0,345,0.1,1.4415933796873652,0.8856073366330288,10,12,231,14.899999999999851
FreeSolv,Progressive,48,217,0,578,0.1,1.584125790806153,0.8856073366330288,11,12,232,14.79999999999985
FreeSolv,Progressive,48,218,0,335,0.1,1.6159234519025067,0.8856073366330288,12,12,233,14.699999999999848
FreeSolv,Progressive,48,219,0,175,0.1,1.278729915601148,0.8856073366330288,13,12,234,14.599999999999847
FreeSolv,Progressive,48,220,0,534,0.1,1.3572870168999902,0.8856073366330288,14,12,235,14.499999999999845
FreeSolv,Progressive,48,221,0,353,0.1,1.087952783453312,0.8856073366330288,15,12,236,14.399999999999844
FreeSolv,Progressive,48,222,0,285,0.1,1.2390801181716802,0.8856073366330288,16,12,237,14.299999999999843
FreeSolv,Progressive,48,223,0,484,0.1,1.2877991184147388,0.8856073366330288,17,12,238,14.199999999999841
FreeSolv,Progressive,48,224,1,284,1.0,1.2878727280410773,0.8856073366330288,0,13,238,13.19999999999984
FreeSolv,Progressive,48,225,0,194,0.1,1.2930552722088842,0.8930489760361026,1,13,239,13.09999999999984
FreeSolv,Progressive,48,226,1,39,1.0,1.1858110185899946,0.8930489760361026,0,14,239,12.099999999999838
FreeSolv,Progressive,48,227,1,550,1.0,1.28749822771042,0.9013355331144769,0,15,239,11.099999999999838
FreeSolv,Progressive,48,228,0,443,0.1,1.2122188430759422,0.9033129093265305,1,15,240,10.999999999999838
FreeSolv,Progressive,48,229,0,59,0.1,1.233258366817635,0.9033129093265305,2,15,241,10.899999999999837
FreeSolv,Progressive,48,230,0,506,0.1,1.1567484801153618,0.9033129093265305,3,15,242,10.799999999999836
FreeSolv,Progressive,48,231,0,43,0.1,1.3015867968597954,0.9033129093265305,4,15,243,10.699999999999834
FreeSolv,Progressive,48,232,0,14,0.1,1.2007231814467962,0.9033129093265305,5,15,244,10.599999999999833
FreeSolv,Progressive,48,233,1,492,1.0,1.230346540131525,0.9033129093265305,0,16,244,9.599999999999831
FreeSolv,Progressive,48,234,0,253,0.1,1.3834114671183106,0.9081808269522553,1,16,245,9.499999999999831
FreeSolv,Progressive,48,235,0,219,0.1,1.0985052010231293,0.9081808269522553,2,16,246,9.39999999999983
FreeSolv,Progressive,48,236,0,167,0.1,1.2083093470467492,0.9081808269522553,3,16,247,9.299999999999828
FreeSolv,Progressive,48,237,0,487,0.1,1.1701859237829335,0.9081808269522553,4,16,248,9.199999999999827
FreeSolv,Progressive,48,238,0,135,0.1,1.3347815830887015,0.9081808269522553,5,16,249,9.099999999999826
FreeSolv,Progressive,48,239,1,444,1.0,1.01171335962785,0.9081808269522553,0,17,249,8.099999999999824
FreeSolv,Progressive,48,240,0,223,0.1,1.1649256410782236,0.9113604775271991,1,17,250,7.999999999999824
FreeSolv,Progressive,48,241,0,180,0.1,1.1723838168356322,0.9113604775271991,2,17,251,7.899999999999823
FreeSolv,Progressive,48,242,0,271,0.1,1.0136136690821207,0.9113604775271991,3,17,252,7.799999999999821
FreeSolv,Progressive,48,243,1,251,1.0,1.0445007413489396,0.9113604775271991,0,18,252,6.7999999999998195
FreeSolv,Progressive,48,244,1,87,1.0,0.9634453023031491,0.9122133399193441,0,19,252,5.7999999999998195
FreeSolv,Progressive,48,245,0,130,0.1,0.9958836797347221,0.9147489569867789,1,19,253,5.69999999999982
FreeSolv,Progressive,48,246,0,216,0.1,1.1431766375570334,0.9147489569867789,2,19,254,5.5999999999998185
FreeSolv,Progressive,48,247,1,328,1.0,0.9554740733216313,0.9147489569867789,0,20,254,4.599999999999817
FreeSolv,Progressive,48,248,0,354,0.1,1.1730817870384278,0.9157809556936058,1,20,255,4.499999999999817
FreeSolv,Progressive,48,249,0,519,0.1,0.9681573669586776,0.9157809556936058,2,20,256,4.399999999999816
FreeSolv,Progressive,48,250,0,222,0.1,1.0404219372004107,0.9157809556936058,3,20,257,4.299999999999814
FreeSolv,Progressive,48,251,0,94,0.1,0.9856441323421328,0.9157809556936058,4,20,258,4.199999999999813
FreeSolv,Progressive,48,252,1,619,1.0,0.9482427406015481,0.9157809556936058,0,21,258,3.199999999999811
FreeSolv,Progressive,48,253,0,366,0.1,0.9746904501858313,0.9170586423715866,1,21,259,3.099999999999811
FreeSolv,Progressive,48,254,0,26,0.1,0.9377152077435781,0.9170586423715866,2,21,260,2.9999999999998095
FreeSolv,Progressive,48,255,1,83,1.0,0.8675484872344821,0.9170586423715866,0,22,260,1.9999999999998082
FreeSolv,Progressive,48,256,0,115,0.1,0.934563893771535,0.9181159172266776,1,22,261,1.899999999999808
FreeSolv,Progressive,48,257,1,129,1.0,0.8311046652859162,0.9181159172266776,0,23,261,0.8999999999998067
FreeSolv,Progressive,48,258,0,562,0.1,1.0236073647508896,0.919240676091957,1,23,262,0.7999999999998068
FreeSolv,Progressive,48,259,0,198,0.1,0.8483780388681872,0.919240676091957,2,23,263,0.6999999999998053
FreeSolv,Progressive,48,260,0,246,0.1,0.7201187352426319,0.919240676091957,3,23,264,0.5999999999998039
FreeSolv,Progressive,48,261,0,231,0.1,1.0100523105880714,0.919240676091957,4,23,265,0.4999999999998025
FreeSolv,Progressive,48,262,0,453,0.1,0.8227953620782252,0.919240676091957,5,23,266,0.39999999999980107
FreeSolv,Progressive,48,263,0,145,0.1,0.7739015684453577,0.919240676091957,6,23,267,0.29999999999979965
FreeSolv,Progressive,48,264,0,343,0.1,0.613867436172027,0.919240676091957,7,23,268,0.1999999999997982
FreeSolv,Progressive,48,265,0,632,0.1,0.5309676274960613,0.919240676091957,8,23,269,0.09999999999979678
FreeSolv,Progressive,49,1,0,144,0.1,11.936570379045378,0.5,1,2,26,45.4
FreeSolv,Progressive,49,2,0,251,0.1,10.592617574689136,0.5,2,2,27,45.3
FreeSolv,Progressive,49,3,0,437,0.1,8.840850579412715,0.5,3,2,28,45.199999999999996
FreeSolv,Progressive,49,4,1,515,1.0,10.025000618707079,0.5,0,3,28,44.2
FreeSolv,Progressive,49,5,0,139,0.1,10.05076460253056,0.5,1,3,29,44.1
FreeSolv,Progressive,49,6,0,550,0.1,9.815199716152785,0.5,2,3,30,44.0
FreeSolv,Progressive,49,7,0,206,0.1,9.36934919335797,0.5,3,3,31,43.9
FreeSolv,Progressive,49,8,0,377,0.1,8.955413940097502,0.5,4,3,32,43.800000000000004
FreeSolv,Progressive,49,9,0,122,0.1,9.24233021677096,0.5,5,3,33,43.7
FreeSolv,Progressive,49,10,0,266,0.1,8.85268441658804,0.5,6,3,34,43.6
FreeSolv,Progressive,49,11,0,499,0.1,8.895482393740545,0.5,7,3,35,43.5
FreeSolv,Progressive,49,12,0,61,0.1,8.821640858061425,0.5,8,3,36,43.4
FreeSolv,Progressive,49,13,0,8,0.1,7.828074424844957,0.5,9,3,37,43.300000000000004
FreeSolv,Progressive,49,14,0,393,0.1,8.013254990588878,0.5,10,3,38,43.2
FreeSolv,Progressive,49,15,0,232,0.1,7.828680987546621,0.5,11,3,39,43.1
FreeSolv,Progressive,49,16,0,286,0.1,8.036596757817302,0.5,12,3,40,43.00000000000001
FreeSolv,Progressive,49,17,0,276,0.1,7.554092733905302,0.5,13,3,41,42.900000000000006
FreeSolv,Progressive,49,18,0,284,0.1,8.172475599006587,0.5,14,3,42,42.800000000000004
FreeSolv,Progressive,49,19,0,328,0.1,7.3224206320802265,0.5,15,3,43,42.7
FreeSolv,Progressive,49,20,0,258,0.1,7.561947717899337,0.5,16,3,44,42.6
FreeSolv,Progressive,49,21,0,91,0.1,8.189219758679968,0.5,17,3,45,42.50000000000001
FreeSolv,Progressive,49,22,0,626,0.1,7.456921063672721,0.5,18,3,46,42.400000000000006
FreeSolv,Progressive,49,23,0,619,0.1,7.6662961664542655,0.5,19,3,47,42.300000000000004
FreeSolv,Progressive,49,24,0,96,0.1,7.881415496353667,0.5,20,3,48,42.20000000000001
FreeSolv,Progressive,49,25,1,542,1.0,3.6351346969584366,0.5,0,4,48,41.20000000000001
FreeSolv,Progressive,49,26,0,75,0.1,8.023776230534864,0.5,1,4,49,41.10000000000001
FreeSolv,Progressive,49,27,0,261,0.1,7.86818903748117,0.5,2,4,50,41.00000000000001
FreeSolv,Progressive,49,28,0,39,0.1,8.334910918895478,0.5,3,4,51,40.900000000000006
FreeSolv,Progressive,49,29,0,492,0.1,8.733769508128299,0.5,4,4,52,40.800000000000004
FreeSolv,Progressive,49,30,0,87,0.1,8.640060604690738,0.5,5,4,53,40.70000000000001
FreeSolv,Progressive,49,31,0,444,0.1,8.581875007271313,0.5,6,4,54,40.60000000000001
FreeSolv,Progressive,49,32,0,129,0.1,8.829905727564142,0.5,7,4,55,40.50000000000001
FreeSolv,Progressive,49,33,0,83,0.1,8.296264695148624,0.5,8,4,56,40.40000000000001
FreeSolv,Progressive,49,34,0,6,0.1,8.327142013803725,0.5,9,4,57,40.30000000000001
FreeSolv,Progressive,49,35,0,233,0.1,8.382992193180463,0.5,10,4,58,40.20000000000001
FreeSolv,Progressive,49,36,0,501,0.1,8.122427267499893,0.5,11,4,59,40.10000000000001
FreeSolv,Progressive,49,37,0,502,0.1,7.625068533468499,0.5,12,4,60,40.00000000000001
FreeSolv,Progressive,49,38,0,41,0.1,8.102815037138159,0.5,13,4,61,39.90000000000001
FreeSolv,Progressive,49,39,0,533,0.1,8.192902732881395,0.5,14,4,62,39.80000000000001
FreeSolv,Progressive,49,40,0,269,0.1,7.838773644340362,0.5,15,4,63,39.70000000000001
FreeSolv,Progressive,49,41,0,80,0.1,7.791212503505822,0.5,16,4,64,39.600000000000016
FreeSolv,Progressive,49,42,0,380,0.1,7.64299938850463,0.5,17,4,65,39.500000000000014
FreeSolv,Progressive,49,43,0,599,0.1,7.614441763918309,0.5,18,4,66,39.40000000000001
FreeSolv,Progressive,49,44,0,301,0.1,7.921404471127056,0.5,19,4,67,39.30000000000001
FreeSolv,Progressive,49,45,0,422,0.1,7.758246764041945,0.5,20,4,68,39.20000000000001
FreeSolv,Progressive,49,46,1,120,1.0,3.442809859915064,0.5,0,5,68,38.20000000000002
FreeSolv,Progressive,49,47,0,564,0.1,7.881844272397114,0.5,1,5,69,38.100000000000016
FreeSolv,Progressive,49,48,0,572,0.1,7.83854337964309,0.5,2,5,70,38.000000000000014
FreeSolv,Progressive,49,49,0,589,0.1,7.87995780469416,0.5,3,5,71,37.90000000000001
FreeSolv,Progressive,49,50,0,497,0.1,8.313611314647382,0.5,4,5,72,37.80000000000002
FreeSolv,Progressive,49,51,0,577,0.1,8.317404679738335,0.5,5,5,73,37.70000000000002
FreeSolv,Progressive,49,52,0,255,0.1,7.911914176000332,0.5,6,5,74,37.600000000000016
FreeSolv,Progressive,49,53,0,19,0.1,7.741770234205295,0.5,7,5,75,37.500000000000014
FreeSolv,Progressive,49,54,0,250,0.1,7.998188822802794,0.5,8,5,76,37.40000000000001
FreeSolv,Progressive,49,55,0,584,0.1,8.010463422779297,0.5,9,5,77,37.30000000000002
FreeSolv,Progressive,49,56,0,540,0.1,7.8353662423406645,0.5,10,5,78,37.20000000000002
FreeSolv,Progressive,49,57,0,505,0.1,7.905089694603702,0.5,11,5,79,37.100000000000016
FreeSolv,Progressive,49,58,0,581,0.1,7.815828505385764,0.5,12,5,80,37.00000000000002
FreeSolv,Progressive,49,59,0,136,0.1,7.6467255292112375,0.5,13,5,81,36.90000000000002
FreeSolv,Progressive,49,60,0,192,0.1,7.486549573761203,0.5,14,5,82,36.80000000000002
FreeSolv,Progressive,49,61,0,159,0.1,7.677383506012225,0.5,15,5,83,36.70000000000002
FreeSolv,Progressive,49,62,0,299,0.1,7.616521137057979,0.5,16,5,84,36.600000000000016
FreeSolv,Progressive,49,63,0,633,0.1,7.169053920050268,0.5,17,5,85,36.50000000000002
FreeSolv,Progressive,49,64,0,339,0.1,7.016844168311867,0.5,18,5,86,36.40000000000002
FreeSolv,Progressive,49,65,0,105,0.1,6.840574518021758,0.5,19,5,87,36.30000000000002
FreeSolv,Progressive,49,66,0,327,0.1,6.839763589906851,0.5,20,5,88,36.200000000000024
FreeSolv,Progressive,49,67,1,392,1.0,2.9389955334597495,0.5,0,6,88,35.200000000000024
FreeSolv,Progressive,49,68,0,191,0.1,13.942887349062538,0.9753713686124053,1,6,89,35.10000000000002
FreeSolv,Progressive,49,69,0,66,0.1,13.244235102991398,0.9753713686124053,2,6,90,35.00000000000002
FreeSolv,Progressive,49,70,0,486,0.1,13.567640999129235,0.9753713686124053,3,6,91,34.90000000000002
FreeSolv,Progressive,49,71,0,410,0.1,13.093231734109109,0.9753713686124053,4,6,92,34.80000000000002
FreeSolv,Progressive,49,72,0,263,0.1,12.884980327172947,0.9753713686124053,5,6,93,34.700000000000024
FreeSolv,Progressive,49,73,0,337,0.1,13.725216169989926,0.9753713686124053,6,6,94,34.60000000000002
FreeSolv,Progressive,49,74,0,436,0.1,12.92365202903146,0.9753713686124053,7,6,95,34.50000000000002
FreeSolv,Progressive,49,75,0,279,0.1,13.26194059846039,0.9753713686124053,8,6,96,34.40000000000003
FreeSolv,Progressive,49,76,0,31,0.1,12.611941437339437,0.9753713686124053,9,6,97,34.300000000000026
FreeSolv,Progressive,49,77,0,461,0.1,12.986577843024559,0.9753713686124053,10,6,98,34.200000000000024
FreeSolv,Progressive,49,78,0,369,0.1,12.36472319141858,0.9753713686124053,11,6,99,34.10000000000002
FreeSolv,Progressive,49,79,0,2,0.1,11.670593458101806,0.9753713686124053,12,6,100,34.00000000000002
FreeSolv,Progressive,49,80,0,148,0.1,11.611953776601492,0.9753713686124053,13,6,101,33.90000000000003
FreeSolv,Progressive,49,81,0,204,0.1,11.779771864913908,0.9753713686124053,14,6,102,33.800000000000026
FreeSolv,Progressive,49,82,0,638,0.1,11.363310566007796,0.9753713686124053,15,6,103,33.700000000000024
FreeSolv,Progressive,49,83,0,379,0.1,11.111653939645855,0.9753713686124053,16,6,104,33.60000000000002
FreeSolv,Progressive,49,84,0,624,0.1,11.219353470380971,0.9753713686124053,17,6,105,33.50000000000002
FreeSolv,Progressive,49,85,0,620,0.1,10.458989916282931,0.9753713686124053,18,6,106,33.40000000000002
FreeSolv,Progressive,49,86,0,53,0.1,10.603308510649816,0.9753713686124053,19,6,107,33.30000000000002
FreeSolv,Progressive,49,87,0,517,0.1,10.507843017789792,0.9753713686124053,20,6,108,33.20000000000002
FreeSolv,Progressive,49,88,1,457,1.0,3.1585888082644837,0.9753713686124053,0,7,108,32.20000000000002
FreeSolv,Progressive,49,89,0,319,0.1,9.937304431702904,0.9753713686124053,1,7,109,32.100000000000016
FreeSolv,Progressive,49,90,0,259,0.1,9.524327849718189,0.9753713686124053,2,7,110,32.000000000000014
FreeSolv,Progressive,49,91,0,563,0.1,9.12626396743896,0.9753713686124053,3,7,111,31.900000000000013
FreeSolv,Progressive,49,92,0,313,0.1,9.568910616527699,0.9753713686124053,4,7,112,31.80000000000001
FreeSolv,Progressive,49,93,0,413,0.1,9.374503806401414,0.9753713686124053,5,7,113,31.70000000000001
FreeSolv,Progressive,49,94,0,597,0.1,9.03738693854745,0.9753713686124053,6,7,114,31.60000000000001
FreeSolv,Progressive,49,95,0,147,0.1,8.882701886155589,0.9753713686124053,7,7,115,31.500000000000007
FreeSolv,Progressive,49,96,0,84,0.1,8.689868807162904,0.9753713686124053,8,7,116,31.400000000000006
FreeSolv,Progressive,49,97,0,425,0.1,8.732826618859054,0.9753713686124053,9,7,117,31.300000000000004
FreeSolv,Progressive,49,98,0,282,0.1,8.796300269840765,0.9753713686124053,10,7,118,31.200000000000003
FreeSolv,Progressive,49,99,0,456,0.1,7.972252210196787,0.9753713686124053,11,7,119,31.1
FreeSolv,Progressive,49,100,0,257,0.1,8.458769332051315,0.9753713686124053,12,7,120,31.0
FreeSolv,Progressive,49,101,0,126,0.1,8.152546181723977,0.9753713686124053,13,7,121,30.9
FreeSolv,Progressive,49,102,0,592,0.1,7.834672921209799,0.9753713686124053,14,7,122,30.799999999999997
FreeSolv,Progressive,49,103,0,622,0.1,7.933461520395803,0.9753713686124053,15,7,123,30.699999999999996
FreeSolv,Progressive,49,104,0,384,0.1,8.655524888156583,0.9753713686124053,16,7,124,30.599999999999994
FreeSolv,Progressive,49,105,0,214,0.1,8.845562613232314,0.9753713686124053,17,7,125,30.499999999999993
FreeSolv,Progressive,49,106,0,365,0.1,7.407196826712294,0.9753713686124053,18,7,126,30.39999999999999
FreeSolv,Progressive,49,107,0,186,0.1,7.658573332566143,0.9753713686124053,19,7,127,30.29999999999999
FreeSolv,Progressive,49,108,0,472,0.1,7.485179180816855,0.9753713686124053,20,7,128,30.19999999999999
FreeSolv,Progressive,49,109,1,284,1.0,3.4412669375083356,0.9753713686124053,0,8,128,29.19999999999999
FreeSolv,Progressive,49,110,0,351,0.1,7.0445426951652905,0.9787555423310605,1,8,129,29.099999999999987
FreeSolv,Progressive,49,111,0,63,0.1,8.20022930103998,0.9787555423310605,2,8,130,28.999999999999986
FreeSolv,Progressive,49,112,0,86,0.1,6.725340345266658,0.9787555423310605,3,8,131,28.899999999999984
FreeSolv,Progressive,49,113,0,546,0.1,6.762216258585004,0.9787555423310605,4,8,132,28.799999999999983
FreeSolv,Progressive,49,114,0,383,0.1,6.953342117895611,0.9787555423310605,5,8,133,28.69999999999998
FreeSolv,Progressive,49,115,0,289,0.1,6.6727809356634005,0.9787555423310605,6,8,134,28.59999999999998
FreeSolv,Progressive,49,116,0,104,0.1,7.572199280314493,0.9787555423310605,7,8,135,28.49999999999998
FreeSolv,Progressive,49,117,0,77,0.1,6.79164901288404,0.9787555423310605,8,8,136,28.399999999999977
FreeSolv,Progressive,49,118,0,141,0.1,6.595238503782112,0.9787555423310605,9,8,137,28.299999999999976
FreeSolv,Progressive,49,119,0,361,0.1,6.916270452864326,0.9787555423310605,10,8,138,28.199999999999974
FreeSolv,Progressive,49,120,0,128,0.1,6.4696871533841875,0.9787555423310605,11,8,139,28.099999999999973
FreeSolv,Progressive,49,121,0,471,0.1,6.366343450654527,0.9787555423310605,12,8,140,27.99999999999997
FreeSolv,Progressive,49,122,0,608,0.1,6.081333561343436,0.9787555423310605,13,8,141,27.89999999999997
FreeSolv,Progressive,49,123,0,532,0.1,6.577021490493699,0.9787555423310605,14,8,142,27.79999999999997
FreeSolv,Progressive,49,124,0,10,0.1,6.411745508047627,0.9787555423310605,15,8,143,27.699999999999967
FreeSolv,Progressive,49,125,0,317,0.1,6.552626786709987,0.9787555423310605,16,8,144,27.599999999999966
FreeSolv,Progressive,49,126,0,280,0.1,6.354944865659515,0.9787555423310605,17,8,145,27.499999999999964
FreeSolv,Progressive,49,127,0,368,0.1,5.97097858621884,0.9787555423310605,18,8,146,27.399999999999963
FreeSolv,Progressive,49,128,0,524,0.1,6.008038955257829,0.9787555423310605,19,8,147,27.29999999999996
FreeSolv,Progressive,49,129,0,446,0.1,5.711861603014985,0.9787555423310605,20,8,148,27.19999999999996
FreeSolv,Progressive,49,130,1,596,1.0,2.067070586326961,0.9787555423310605,0,9,148,26.19999999999996
FreeSolv,Progressive,49,131,0,85,0.1,5.756450822250659,0.9386770314189901,1,9,149,26.09999999999996
FreeSolv,Progressive,49,132,0,200,0.1,5.588676428207317,0.9386770314189901,2,9,150,25.999999999999957
FreeSolv,Progressive,49,133,0,238,0.1,5.610401114327499,0.9386770314189901,3,9,151,25.899999999999956
FreeSolv,Progressive,49,134,0,99,0.1,5.385382931938374,0.9386770314189901,4,9,152,25.799999999999955
FreeSolv,Progressive,49,135,0,198,0.1,6.103157034584911,0.9386770314189901,5,9,153,25.699999999999953
FreeSolv,Progressive,49,136,0,30,0.1,5.826941956668186,0.9386770314189901,6,9,154,25.59999999999995
FreeSolv,Progressive,49,137,0,272,0.1,4.661559209827548,0.9386770314189901,7,9,155,25.49999999999995
FreeSolv,Progressive,49,138,0,131,0.1,4.451951119200041,0.9386770314189901,8,9,156,25.39999999999995
FreeSolv,Progressive,49,139,0,106,0.1,5.13814765010771,0.9386770314189901,9,9,157,25.299999999999947
FreeSolv,Progressive,49,140,0,110,0.1,5.089901040757672,0.9386770314189901,10,9,158,25.199999999999946
FreeSolv,Progressive,49,141,0,293,0.1,4.43210702262838,0.9386770314189901,11,9,159,25.099999999999945
FreeSolv,Progressive,49,142,0,631,0.1,4.549402385818479,0.9386770314189901,12,9,160,24.999999999999943
FreeSolv,Progressive,49,143,0,140,0.1,4.671262737457676,0.9386770314189901,13,9,161,24.89999999999994
FreeSolv,Progressive,49,144,0,386,0.1,4.747894536424427,0.9386770314189901,14,9,162,24.79999999999994
FreeSolv,Progressive,49,145,0,224,0.1,4.417577714391658,0.9386770314189901,15,9,163,24.69999999999994
FreeSolv,Progressive,49,146,0,451,0.1,4.12864578687821,0.9386770314189901,16,9,164,24.599999999999937
FreeSolv,Progressive,49,147,0,336,0.1,4.121659897993159,0.9386770314189901,17,9,165,24.499999999999936
FreeSolv,Progressive,49,148,0,485,0.1,4.399600852476833,0.9386770314189901,18,9,166,24.399999999999935
FreeSolv,Progressive,49,149,0,618,0.1,3.973873279108616,0.9386770314189901,19,9,167,24.299999999999933
FreeSolv,Progressive,49,150,0,398,0.1,3.9650773190583655,0.9386770314189901,20,9,168,24.199999999999932
FreeSolv,Progressive,49,151,1,261,1.0,1.7845070146304685,0.9386770314189901,0,10,168,23.199999999999932
FreeSolv,Progressive,49,152,0,181,0.1,4.188235376909665,0.9512563187076779,1,10,169,23.09999999999993
FreeSolv,Progressive,49,153,0,283,0.1,3.6498729536819035,0.9512563187076779,2,10,170,22.99999999999993
FreeSolv,Progressive,49,154,0,172,0.1,3.9016106746288353,0.9512563187076779,3,10,171,22.899999999999928
FreeSolv,Progressive,49,155,0,100,0.1,3.4194880398260845,0.9512563187076779,4,10,172,22.799999999999926
FreeSolv,Progressive,49,156,0,54,0.1,4.154094314556223,0.9512563187076779,5,10,173,22.699999999999925
FreeSolv,Progressive,49,157,0,445,0.1,3.2420725099808325,0.9512563187076779,6,10,174,22.599999999999923
FreeSolv,Progressive,49,158,0,64,0.1,3.422372557565745,0.9512563187076779,7,10,175,22.499999999999922
FreeSolv,Progressive,49,159,0,166,0.1,3.439939669808112,0.9512563187076779,8,10,176,22.39999999999992
FreeSolv,Progressive,49,160,0,183,0.1,3.5507596441713662,0.9512563187076779,9,10,177,22.29999999999992
FreeSolv,Progressive,49,161,0,558,0.1,3.4839178445031527,0.9512563187076779,10,10,178,22.199999999999918
FreeSolv,Progressive,49,162,0,178,0.1,3.402743300803959,0.9512563187076779,11,10,179,22.099999999999916
FreeSolv,Progressive,49,163,0,102,0.1,3.484110075717576,0.9512563187076779,12,10,180,21.999999999999915
FreeSolv,Progressive,49,164,0,509,0.1,3.3483478806747913,0.9512563187076779,13,10,181,21.899999999999913
FreeSolv,Progressive,49,165,0,371,0.1,2.96662464940471,0.9512563187076779,14,10,182,21.799999999999912
FreeSolv,Progressive,49,166,0,406,0.1,3.039919485303039,0.9512563187076779,15,10,183,21.69999999999991
FreeSolv,Progressive,49,167,0,149,0.1,3.1317341978263036,0.9512563187076779,16,10,184,21.59999999999991
FreeSolv,Progressive,49,168,0,268,0.1,3.092047096949287,0.9512563187076779,17,10,185,21.499999999999908
FreeSolv,Progressive,49,169,0,119,0.1,2.837910442630276,0.9512563187076779,18,10,186,21.399999999999906
FreeSolv,Progressive,49,170,0,37,0.1,3.854729116627388,0.9512563187076779,19,10,187,21.299999999999905
FreeSolv,Progressive,49,171,0,432,0.1,3.555624062143171,0.9512563187076779,20,10,188,21.199999999999903
FreeSolv,Progressive,49,172,1,550,1.0,1.6308288928278516,0.9512563187076779,0,11,188,20.199999999999903
FreeSolv,Progressive,49,173,0,118,0.1,3.21085932790924,0.9532812539731469,1,11,189,20.099999999999902
FreeSolv,Progressive,49,174,0,405,0.1,2.823097469163261,0.9532812539731469,2,11,190,19.9999999999999
FreeSolv,Progressive,49,175,0,161,0.1,2.92269075676785,0.9532812539731469,3,11,191,19.8999999999999
FreeSolv,Progressive,49,176,0,330,0.1,3.205436954154791,0.9532812539731469,4,11,192,19.799999999999898
FreeSolv,Progressive,49,177,0,560,0.1,3.1896728043918547,0.9532812539731469,5,11,193,19.699999999999896
FreeSolv,Progressive,49,178,0,165,0.1,2.741447320953332,0.9532812539731469,6,11,194,19.599999999999895
FreeSolv,Progressive,49,179,0,292,0.1,3.2236682791328164,0.9532812539731469,7,11,195,19.499999999999893
FreeSolv,Progressive,49,180,0,300,0.1,3.034166136082858,0.9532812539731469,8,11,196,19.399999999999892
FreeSolv,Progressive,49,181,0,475,0.1,2.9331614081021007,0.9532812539731469,9,11,197,19.29999999999989
FreeSolv,Progressive,49,182,0,603,0.1,2.8530389065607107,0.9532812539731469,10,11,198,19.19999999999989
FreeSolv,Progressive,49,183,0,496,0.1,2.9415705051377747,0.9532812539731469,11,11,199,19.099999999999888
FreeSolv,Progressive,49,184,0,613,0.1,2.7222582912374294,0.9532812539731469,12,11,200,18.999999999999886
FreeSolv,Progressive,49,185,0,366,0.1,2.5689235219591593,0.9532812539731469,13,11,201,18.899999999999885
FreeSolv,Progressive,49,186,0,591,0.1,2.6346710906362767,0.9532812539731469,14,11,202,18.799999999999883
FreeSolv,Progressive,49,187,0,473,0.1,2.649884436794275,0.9532812539731469,15,11,203,18.699999999999882
FreeSolv,Progressive,49,188,0,548,0.1,2.669367418377143,0.9532812539731469,16,11,204,18.59999999999988
FreeSolv,Progressive,49,189,0,528,0.1,2.411883802692678,0.9532812539731469,17,11,205,18.49999999999988
FreeSolv,Progressive,49,190,0,399,0.1,2.1863856247480413,0.9532812539731469,18,11,206,18.399999999999878
FreeSolv,Progressive,49,191,0,174,0.1,2.167090986846102,0.9532812539731469,19,11,207,18.299999999999876
FreeSolv,Progressive,49,192,0,332,0.1,2.4018732163791663,0.9532812539731469,20,11,208,18.199999999999875
FreeSolv,Progressive,49,193,1,39,1.0,1.288795252137513,0.9532812539731469,0,12,208,17.199999999999875
FreeSolv,Progressive,49,194,0,440,0.1,2.316746974681019,0.9581957418633729,1,12,209,17.099999999999874
FreeSolv,Progressive,49,195,0,314,0.1,2.089772807247122,0.9581957418633729,2,12,210,16.999999999999872
FreeSolv,Progressive,49,196,0,25,0.1,1.9729910770770531,0.9581957418633729,3,12,211,16.89999999999987
FreeSolv,Progressive,49,197,0,357,0.1,2.506015977776198,0.9581957418633729,4,12,212,16.79999999999987
FreeSolv,Progressive,49,198,0,320,0.1,2.7628480649959872,0.9581957418633729,5,12,213,16.699999999999868
FreeSolv,Progressive,49,199,0,588,0.1,2.010033129034342,0.9581957418633729,6,12,214,16.599999999999866
FreeSolv,Progressive,49,200,0,452,0.1,2.0261204954204617,0.9581957418633729,7,12,215,16.499999999999865
FreeSolv,Progressive,49,201,0,338,0.1,2.7991537890258993,0.9581957418633729,8,12,216,16.399999999999864
FreeSolv,Progressive,49,202,0,152,0.1,2.213888174508146,0.9581957418633729,9,12,217,16.299999999999862
FreeSolv,Progressive,49,203,0,353,0.1,1.9621284666035332,0.9581957418633729,10,12,218,16.19999999999986
FreeSolv,Progressive,49,204,0,16,0.1,1.9409672289688842,0.9581957418633729,11,12,219,16.09999999999986
FreeSolv,Progressive,49,205,0,341,0.1,1.764640435825355,0.9581957418633729,12,12,220,15.99999999999986
FreeSolv,Progressive,49,206,0,530,0.1,1.6310748247565303,0.9581957418633729,13,12,221,15.899999999999858
FreeSolv,Progressive,49,207,0,315,0.1,1.939383754996721,0.9581957418633729,14,12,222,15.799999999999857
FreeSolv,Progressive,49,208,0,113,0.1,1.8546030068560855,0.9581957418633729,15,12,223,15.699999999999855
FreeSolv,Progressive,49,209,0,325,0.1,1.5900703595325631,0.9581957418633729,16,12,224,15.599999999999854
FreeSolv,Progressive,49,210,0,60,0.1,2.1937764128522375,0.9581957418633729,17,12,225,15.499999999999853
FreeSolv,Progressive,49,211,0,500,0.1,1.5896347228211145,0.9581957418633729,18,12,226,15.399999999999851
FreeSolv,Progressive,49,212,0,187,0.1,1.4328723639178231,0.9581957418633729,19,12,227,15.29999999999985
FreeSolv,Progressive,49,213,0,335,0.1,1.8345495186412,0.9581957418633729,20,12,228,15.199999999999848
FreeSolv,Progressive,49,214,1,49,1.0,1.3217616502235328,0.9581957418633729,0,13,228,14.199999999999847
FreeSolv,Progressive,49,215,0,223,0.1,1.4910738851661338,0.9598783969680197,1,13,229,14.099999999999847
FreeSolv,Progressive,49,216,0,615,0.1,1.9744564539023806,0.9598783969680197,2,13,230,13.999999999999845
FreeSolv,Progressive,49,217,0,534,0.1,1.8550212250671676,0.9598783969680197,3,13,231,13.899999999999844
FreeSolv,Progressive,49,218,0,43,0.1,1.6855591363229385,0.9598783969680197,4,13,232,13.799999999999843
FreeSolv,Progressive,49,219,0,253,0.1,1.3140531201868304,0.9598783969680197,5,13,233,13.699999999999841
FreeSolv,Progressive,49,220,0,578,0.1,1.8162939642718159,0.9598783969680197,6,13,234,13.59999999999984
FreeSolv,Progressive,49,221,1,182,1.0,1.652032964246441,0.9598783969680197,0,14,234,12.599999999999838
FreeSolv,Progressive,49,222,0,340,0.1,1.7470267445462706,0.9259354936142948,1,14,235,12.499999999999838
FreeSolv,Progressive,49,223,0,443,0.1,1.564676869123986,0.9259354936142948,2,14,236,12.399999999999837
FreeSolv,Progressive,49,224,0,14,0.1,1.666968716559868,0.9259354936142948,3,14,237,12.299999999999836
FreeSolv,Progressive,49,225,0,484,0.1,1.624684167206149,0.9259354936142948,4,14,238,12.199999999999834
FreeSolv,Progressive,49,226,0,359,0.1,1.3915096229346957,0.9259354936142948,5,14,239,12.099999999999833
FreeSolv,Progressive,49,227,0,487,0.1,1.730365774139087,0.9259354936142948,6,14,240,11.999999999999831
FreeSolv,Progressive,49,228,0,285,0.1,1.416343237995528,0.9259354936142948,7,14,241,11.89999999999983
FreeSolv,Progressive,49,229,0,175,0.1,1.497949361282146,0.9259354936142948,8,14,242,11.799999999999828
FreeSolv,Progressive,49,230,0,59,0.1,1.6304413666150992,0.9259354936142948,9,14,243,11.699999999999827
FreeSolv,Progressive,49,231,0,459,0.1,1.2071780639044742,0.9259354936142948,10,14,244,11.599999999999826
FreeSolv,Progressive,49,232,1,122,1.0,1.159119305070499,0.9259354936142948,0,15,244,10.599999999999824
FreeSolv,Progressive,49,233,0,212,0.1,1.3036568660031966,0.9275435980943199,1,15,245,10.499999999999824
FreeSolv,Progressive,49,234,0,135,0.1,1.2836067586818962,0.9275435980943199,2,15,246,10.399999999999823
FreeSolv,Progressive,49,235,1,492,1.0,1.1995990122436582,0.9275435980943199,0,16,246,9.399999999999821
FreeSolv,Progressive,49,236,0,194,0.1,1.161300855612527,0.9308176402383282,1,16,247,9.299999999999821
FreeSolv,Progressive,49,237,0,506,0.1,1.3281218598843416,0.9308176402383282,2,16,248,9.19999999999982
FreeSolv,Progressive,49,238,0,219,0.1,1.3005031979070358,0.9308176402383282,3,16,249,9.099999999999818
FreeSolv,Progressive,49,239,0,180,0.1,1.2684655445662165,0.9308176402383282,4,16,250,8.999999999999817
FreeSolv,Progressive,49,240,0,167,0.1,1.2264323134830895,0.9308176402383282,5,16,251,8.899999999999816
FreeSolv,Progressive,49,241,0,352,0.1,1.544454172815905,0.9308176402383282,6,16,252,8.799999999999814
FreeSolv,Progressive,49,242,1,444,1.0,1.1429225272197097,0.9308176402383282,0,17,252,7.799999999999812
FreeSolv,Progressive,49,243,1,266,1.0,1.2156946279822587,0.9327264164283408,0,18,252,6.799999999999812
FreeSolv,Progressive,49,244,0,94,0.1,0.9984145347049169,0.9330479887637756,1,18,253,6.699999999999813
FreeSolv,Progressive,49,245,0,519,0.1,1.1885276404204523,0.9330479887637756,2,18,254,6.599999999999811
FreeSolv,Progressive,49,246,1,87,1.0,0.973175543003961,0.9330479887637756,0,19,254,5.59999999999981
FreeSolv,Progressive,49,247,1,139,1.0,1.1089448573088985,0.934756828840259,0,20,254,4.59999999999981
FreeSolv,Progressive,49,248,0,304,0.1,1.122204910065213,0.9300889467024686,1,20,255,4.49999999999981
FreeSolv,Progressive,49,249,0,216,0.1,0.937785514264248,0.9300889467024686,2,20,256,4.3999999999998085
FreeSolv,Progressive,49,250,0,435,0.1,1.0050112022907398,0.9300889467024686,3,20,257,4.299999999999807
FreeSolv,Progressive,49,251,1,360,1.0,1.8427216656333663,0.9300889467024686,0,21,257,3.2999999999998053
FreeSolv,Progressive,49,252,1,162,1.0,1.905848190522804,0.9720214115810004,0,22,257,2.2999999999998053
FreeSolv,Progressive,49,253,0,115,0.1,1.4599635189370512,0.9720214115810004,1,22,258,2.1999999999998052
FreeSolv,Progressive,49,254,0,26,0.1,1.4419475833242883,0.9720214115810004,2,22,259,2.099999999999804
FreeSolv,Progressive,49,255,0,345,0.1,1.5735289493941853,0.9720214115810004,3,22,260,1.9999999999998024
FreeSolv,Progressive,49,256,1,251,1.0,1.314937977519862,0.9720214115810004,0,23,260,0.999999999999801
FreeSolv,Progressive,49,257,0,130,0.1,1.4418894960648365,0.9721697102362514,1,23,261,0.8999999999998011
FreeSolv,Progressive,49,258,0,562,0.1,1.3157161163591649,0.9721697102362514,2,23,262,0.7999999999997996
FreeSolv,Progressive,49,259,0,246,0.1,1.424569106769907,0.9721697102362514,3,23,263,0.6999999999997982
FreeSolv,Progressive,49,260,0,290,0.1,1.655562248319389,0.9721697102362514,4,23,264,0.5999999999997968
FreeSolv,Progressive,49,261,0,343,0.1,1.1715257375490638,0.9721697102362514,5,23,265,0.4999999999997954
FreeSolv,Progressive,49,262,0,67,0.1,1.2179513160385025,0.9721697102362514,6,23,266,0.39999999999979396
FreeSolv,Progressive,49,263,0,4,0.1,1.1293245002116665,0.9721697102362514,7,23,267,0.29999999999979254
FreeSolv,Progressive,49,264,0,22,0.1,1.2028233953080396,0.9721697102362514,8,23,268,0.1999999999997911
FreeSolv,Progressive,49,265,0,354,0.1,1.52242295570156,0.9721697102362514,9,23,269,0.09999999999978967
FreeSolv,Progressive,50,1,0,144,0.1,12.116437012159128,0.5,1,2,26,45.4
FreeSolv,Progressive,50,2,1,515,1.0,10.127785072372985,0.5,0,3,26,44.4
FreeSolv,Progressive,50,3,0,437,0.1,9.496879041342014,0.5,1,3,27,44.3
FreeSolv,Progressive,50,4,0,251,0.1,10.963494395363327,0.5,2,3,28,44.199999999999996
FreeSolv,Progressive,50,5,0,550,0.1,9.034094174071491,0.5,3,3,29,44.1
FreeSolv,Progressive,50,6,0,266,0.1,10.755095604149913,0.5,4,3,30,44.0
FreeSolv,Progressive,50,7,0,139,0.1,9.904475871601989,0.5,5,3,31,43.9
FreeSolv,Progressive,50,8,0,377,0.1,10.333841252214395,0.5,6,3,32,43.800000000000004
FreeSolv,Progressive,50,9,0,261,0.1,9.71149487040442,0.5,7,3,33,43.7
FreeSolv,Progressive,50,10,0,39,0.1,10.663861097477092,0.5,8,3,34,43.6
FreeSolv,Progressive,50,11,0,492,0.1,10.940301946020577,0.5,9,3,35,43.5
FreeSolv,Progressive,50,12,0,87,0.1,10.149155119755692,0.5,10,3,36,43.4
FreeSolv,Progressive,50,13,0,393,0.1,11.175868430169364,0.5,11,3,37,43.300000000000004
FreeSolv,Progressive,50,14,0,595,0.1,10.888362976165281,0.5,12,3,38,43.2
FreeSolv,Progressive,50,15,0,8,0.1,10.05978428621483,0.5,13,3,39,43.1
FreeSolv,Progressive,50,16,0,444,0.1,9.814103863111232,0.5,14,3,40,43.00000000000001
FreeSolv,Progressive,50,17,0,80,0.1,9.647886621035006,0.5,15,3,41,42.900000000000006
FreeSolv,Progressive,50,18,0,501,0.1,9.235089757661791,0.5,16,3,42,42.800000000000004
FreeSolv,Progressive,50,19,0,286,0.1,9.786679904332793,0.5,17,3,43,42.7
FreeSolv,Progressive,50,20,0,250,0.1,9.834698183641075,0.5,18,3,44,42.6
FreeSolv,Progressive,50,21,0,380,0.1,9.025070165790716,0.5,19,3,45,42.50000000000001
FreeSolv,Progressive,50,22,0,206,0.1,9.108070167765934,0.5,20,3,46,42.400000000000006
FreeSolv,Progressive,50,23,1,542,1.0,6.328871906624677,0.5,0,4,46,41.400000000000006
FreeSolv,Progressive,50,24,0,232,0.1,8.49749166473909,0.5,1,4,47,41.300000000000004
FreeSolv,Progressive,50,25,0,533,0.1,8.691037544826134,0.5,2,4,48,41.20000000000001
FreeSolv,Progressive,50,26,0,619,0.1,8.70250719252005,0.5,3,4,49,41.10000000000001
FreeSolv,Progressive,50,27,0,129,0.1,8.561674948721674,0.5,4,4,50,41.00000000000001
FreeSolv,Progressive,50,28,0,83,0.1,8.579542469973035,0.5,5,4,51,40.900000000000006
FreeSolv,Progressive,50,29,0,6,0.1,8.822167968163726,0.5,6,4,52,40.800000000000004
FreeSolv,Progressive,50,30,0,96,0.1,8.399888705861917,0.5,7,4,53,40.70000000000001
FreeSolv,Progressive,50,31,0,269,0.1,8.589298835330013,0.5,8,4,54,40.60000000000001
FreeSolv,Progressive,50,32,0,233,0.1,8.510762532936146,0.5,9,4,55,40.50000000000001
FreeSolv,Progressive,50,33,0,41,0.1,8.796350487663391,0.5,10,4,56,40.40000000000001
FreeSolv,Progressive,50,34,0,502,0.1,8.526683200574158,0.5,11,4,57,40.30000000000001
FreeSolv,Progressive,50,35,0,328,0.1,8.871505044128408,0.5,12,4,58,40.20000000000001
FreeSolv,Progressive,50,36,0,301,0.1,8.50131935523983,0.5,13,4,59,40.10000000000001
FreeSolv,Progressive,50,37,0,599,0.1,8.765969531163622,0.5,14,4,60,40.00000000000001
FreeSolv,Progressive,50,38,0,284,0.1,8.690891806043068,0.5,15,4,61,39.90000000000001
FreeSolv,Progressive,50,39,0,258,0.1,8.823603378922583,0.5,16,4,62,39.80000000000001
FreeSolv,Progressive,50,40,0,422,0.1,8.704157065457943,0.5,17,4,63,39.70000000000001
FreeSolv,Progressive,50,41,0,497,0.1,8.59975459561822,0.5,18,4,64,39.600000000000016
FreeSolv,Progressive,50,42,0,577,0.1,8.703871582741286,0.5,19,4,65,39.500000000000014
FreeSolv,Progressive,50,43,0,564,0.1,8.345332338538364,0.5,20,4,66,39.40000000000001
FreeSolv,Progressive,50,44,1,457,1.0,3.9115648022823204,0.5,0,5,66,38.40000000000001
FreeSolv,Progressive,50,45,0,572,0.1,16.853418818968915,0.9933991561272538,1,5,67,38.30000000000001
FreeSolv,Progressive,50,46,0,589,0.1,16.956905674714232,0.9933991561272538,2,5,68,38.20000000000001
FreeSolv,Progressive,50,47,0,505,0.1,15.939152178820079,0.9933991561272538,3,5,69,38.100000000000016
FreeSolv,Progressive,50,48,0,259,0.1,16.709047592926957,0.9933991561272538,4,5,70,38.000000000000014
FreeSolv,Progressive,50,49,0,122,0.1,16.489899495720387,0.9933991561272538,5,5,71,37.90000000000001
FreeSolv,Progressive,50,50,0,255,0.1,15.921993992110828,0.9933991561272538,6,5,72,37.80000000000002
FreeSolv,Progressive,50,51,0,19,0.1,16.197571931102964,0.9933991561272538,7,5,73,37.70000000000002
FreeSolv,Progressive,50,52,0,136,0.1,15.733463062907811,0.9933991561272538,8,5,74,37.600000000000016
FreeSolv,Progressive,50,53,0,581,0.1,16.95381462517436,0.9933991561272538,9,5,75,37.500000000000014
FreeSolv,Progressive,50,54,0,159,0.1,15.804298201325318,0.9933991561272538,10,5,76,37.40000000000001
FreeSolv,Progressive,50,55,0,75,0.1,16.404305241322533,0.9933991561272538,11,5,77,37.30000000000002
FreeSolv,Progressive,50,56,0,540,0.1,15.217110427497454,0.9933991561272538,12,5,78,37.20000000000002
FreeSolv,Progressive,50,57,0,584,0.1,14.47583858780732,0.9933991561272538,13,5,79,37.100000000000016
FreeSolv,Progressive,50,58,0,192,0.1,15.070949558899889,0.9933991561272538,14,5,80,37.00000000000002
FreeSolv,Progressive,50,59,0,638,0.1,14.875115901025225,0.9933991561272538,15,5,81,36.90000000000002
FreeSolv,Progressive,50,60,0,379,0.1,14.782398679662464,0.9933991561272538,16,5,82,36.80000000000002
FreeSolv,Progressive,50,61,0,633,0.1,14.599237273081124,0.9933991561272538,17,5,83,36.70000000000002
FreeSolv,Progressive,50,62,0,299,0.1,14.669357201810797,0.9933991561272538,18,5,84,36.600000000000016
FreeSolv,Progressive,50,63,0,276,0.1,15.308044630881504,0.9933991561272538,19,5,85,36.50000000000002
FreeSolv,Progressive,50,64,0,626,0.1,14.84021313599791,0.9933991561272538,20,5,86,36.40000000000002
FreeSolv,Progressive,50,65,1,392,1.0,3.8479457105878483,0.9933991561272538,0,6,86,35.40000000000002
FreeSolv,Progressive,50,66,0,339,0.1,13.892078274582348,0.9756587795293548,1,6,87,35.30000000000002
FreeSolv,Progressive,50,67,0,105,0.1,13.78311307073973,0.9756587795293548,2,6,88,35.200000000000024
FreeSolv,Progressive,50,68,0,369,0.1,13.859020042582646,0.9756587795293548,3,6,89,35.10000000000002
FreeSolv,Progressive,50,69,0,66,0.1,13.206110460113049,0.9756587795293548,4,6,90,35.00000000000002
FreeSolv,Progressive,50,70,0,410,0.1,13.168553831377139,0.9756587795293548,5,6,91,34.90000000000002
FreeSolv,Progressive,50,71,0,327,0.1,13.093223724420161,0.9756587795293548,6,6,92,34.80000000000002
FreeSolv,Progressive,50,72,0,486,0.1,12.750554764809392,0.9756587795293548,7,6,93,34.700000000000024
FreeSolv,Progressive,50,73,0,191,0.1,12.479869027139047,0.9756587795293548,8,6,94,34.60000000000002
FreeSolv,Progressive,50,74,0,337,0.1,13.087133826771709,0.9756587795293548,9,6,95,34.50000000000002
FreeSolv,Progressive,50,75,0,31,0.1,12.47997642835028,0.9756587795293548,10,6,96,34.40000000000003
FreeSolv,Progressive,50,76,0,2,0.1,12.536400109696753,0.9756587795293548,11,6,97,34.300000000000026
FreeSolv,Progressive,50,77,0,384,0.1,12.419046538543842,0.9756587795293548,12,6,98,34.200000000000024
FreeSolv,Progressive,50,78,0,263,0.1,12.586060402766517,0.9756587795293548,13,6,99,34.10000000000002
FreeSolv,Progressive,50,79,0,319,0.1,12.608574237442983,0.9756587795293548,14,6,100,34.00000000000002
FreeSolv,Progressive,50,80,0,517,0.1,12.4980481771633,0.9756587795293548,15,6,101,33.90000000000003
FreeSolv,Progressive,50,81,0,91,0.1,12.80848268865219,0.9756587795293548,16,6,102,33.800000000000026
FreeSolv,Progressive,50,82,0,436,0.1,12.025998088062988,0.9756587795293548,17,6,103,33.700000000000024
FreeSolv,Progressive,50,83,0,279,0.1,12.602609259191201,0.9756587795293548,18,6,104,33.60000000000002
FreeSolv,Progressive,50,84,0,204,0.1,11.543720047498631,0.9756587795293548,19,6,105,33.50000000000002
FreeSolv,Progressive,50,85,0,313,0.1,12.061091870729081,0.9756587795293548,20,6,106,33.40000000000002
FreeSolv,Progressive,50,86,1,182,1.0,2.798096734038306,0.9756587795293548,0,7,106,32.40000000000002
FreeSolv,Progressive,50,87,0,461,0.1,11.312279070169366,0.9137931848496573,1,7,107,32.30000000000002
FreeSolv,Progressive,50,88,0,148,0.1,9.881320821045234,0.9137931848496573,2,7,108,32.20000000000002
FreeSolv,Progressive,50,89,0,620,0.1,9.757657471661378,0.9137931848496573,3,7,109,32.100000000000016
FreeSolv,Progressive,50,90,0,563,0.1,9.828357378024172,0.9137931848496573,4,7,110,32.000000000000014
FreeSolv,Progressive,50,91,0,597,0.1,9.583233263366044,0.9137931848496573,5,7,111,31.900000000000013
FreeSolv,Progressive,50,92,0,624,0.1,9.797146842505809,0.9137931848496573,6,7,112,31.80000000000001
FreeSolv,Progressive,50,93,0,413,0.1,9.016927316553042,0.9137931848496573,7,7,113,31.70000000000001
FreeSolv,Progressive,50,94,0,84,0.1,9.554664712306527,0.9137931848496573,8,7,114,31.60000000000001
FreeSolv,Progressive,50,95,0,53,0.1,9.340321205679981,0.9137931848496573,9,7,115,31.500000000000007
FreeSolv,Progressive,50,96,0,622,0.1,8.862825218414763,0.9137931848496573,10,7,116,31.400000000000006
FreeSolv,Progressive,50,97,0,546,0.1,8.280511744120046,0.9137931848496573,11,7,117,31.300000000000004
FreeSolv,Progressive,50,98,0,147,0.1,8.20834968020004,0.9137931848496573,12,7,118,31.200000000000003
FreeSolv,Progressive,50,99,0,186,0.1,8.171275798492474,0.9137931848496573,13,7,119,31.1
FreeSolv,Progressive,50,100,0,499,0.1,7.995877625718628,0.9137931848496573,14,7,120,31.0
FreeSolv,Progressive,50,101,0,592,0.1,7.99569283112134,0.9137931848496573,15,7,121,30.9
FreeSolv,Progressive,50,102,0,351,0.1,7.446312362196313,0.9137931848496573,16,7,122,30.799999999999997
FreeSolv,Progressive,50,103,0,472,0.1,7.778825725868367,0.9137931848496573,17,7,123,30.699999999999996
FreeSolv,Progressive,50,104,0,61,0.1,8.075749318658707,0.9137931848496573,18,7,124,30.599999999999994
FreeSolv,Progressive,50,105,0,126,0.1,7.1630876284053375,0.9137931848496573,19,7,125,30.499999999999993
FreeSolv,Progressive,50,106,0,456,0.1,7.655751107163091,0.9137931848496573,20,7,126,30.39999999999999
FreeSolv,Progressive,50,107,1,284,1.0,1.5949906587787497,0.9137931848496573,0,8,126,29.39999999999999
FreeSolv,Progressive,50,108,0,383,0.1,7.566358474361402,0.9315059859461756,1,8,127,29.29999999999999
FreeSolv,Progressive,50,109,0,361,0.1,7.784820840983779,0.9315059859461756,2,8,128,29.19999999999999
FreeSolv,Progressive,50,110,0,365,0.1,7.26186058633006,0.9315059859461756,3,8,129,29.099999999999987
FreeSolv,Progressive,50,111,0,257,0.1,7.079923977410561,0.9315059859461756,4,8,130,28.999999999999986
FreeSolv,Progressive,50,112,0,77,0.1,7.601035861649872,0.9315059859461756,5,8,131,28.899999999999984
FreeSolv,Progressive,50,113,0,425,0.1,6.738589236203496,0.9315059859461756,6,8,132,28.799999999999983
FreeSolv,Progressive,50,114,0,289,0.1,6.9433453598150585,0.9315059859461756,7,8,133,28.69999999999998
FreeSolv,Progressive,50,115,0,99,0.1,7.207244793863788,0.9315059859461756,8,8,134,28.59999999999998
FreeSolv,Progressive,50,116,0,200,0.1,7.140627696295739,0.9315059859461756,9,8,135,28.49999999999998
FreeSolv,Progressive,50,117,0,282,0.1,6.573910257207132,0.9315059859461756,10,8,136,28.399999999999977
FreeSolv,Progressive,50,118,0,214,0.1,6.734029437840051,0.9315059859461756,11,8,137,28.299999999999976
FreeSolv,Progressive,50,119,0,10,0.1,6.594253333889671,0.9315059859461756,12,8,138,28.199999999999974
FreeSolv,Progressive,50,120,0,86,0.1,6.665275041929506,0.9315059859461756,13,8,139,28.099999999999973
FreeSolv,Progressive,50,121,0,471,0.1,6.3640806072945955,0.9315059859461756,14,8,140,27.99999999999997
FreeSolv,Progressive,50,122,0,340,0.1,6.961842897903785,0.9315059859461756,15,8,141,27.89999999999997
FreeSolv,Progressive,50,123,0,63,0.1,6.812449228736293,0.9315059859461756,16,8,142,27.79999999999997
FreeSolv,Progressive,50,124,0,104,0.1,6.24393574801848,0.9315059859461756,17,8,143,27.699999999999967
FreeSolv,Progressive,50,125,0,317,0.1,6.802161868801254,0.9315059859461756,18,8,144,27.599999999999966
FreeSolv,Progressive,50,126,0,141,0.1,6.523872059405484,0.9315059859461756,19,8,145,27.499999999999964
FreeSolv,Progressive,50,127,0,181,0.1,8.779194943514884,0.9315059859461756,20,8,146,27.399999999999963
FreeSolv,Progressive,50,128,1,266,1.0,1.869988369458579,0.9315059859461756,0,9,146,26.399999999999963
FreeSolv,Progressive,50,129,0,85,0.1,6.130191467411291,0.9366264536733949,1,9,147,26.29999999999996
FreeSolv,Progressive,50,130,0,532,0.1,6.05144891670206,0.9366264536733949,2,9,148,26.19999999999996
FreeSolv,Progressive,50,131,0,128,0.1,5.928055618731691,0.9366264536733949,3,9,149,26.09999999999996
FreeSolv,Progressive,50,132,0,30,0.1,6.139790679205159,0.9366264536733949,4,9,150,25.999999999999957
FreeSolv,Progressive,50,133,0,238,0.1,5.645559052666324,0.9366264536733949,5,9,151,25.899999999999956
FreeSolv,Progressive,50,134,0,272,0.1,5.490179788308944,0.9366264536733949,6,9,152,25.799999999999955
FreeSolv,Progressive,50,135,0,608,0.1,5.354457106187527,0.9366264536733949,7,9,153,25.699999999999953
FreeSolv,Progressive,50,136,0,524,0.1,6.192105519520044,0.9366264536733949,8,9,154,25.59999999999995
FreeSolv,Progressive,50,137,0,451,0.1,5.3788241712495894,0.9366264536733949,9,9,155,25.49999999999995
FreeSolv,Progressive,50,138,0,110,0.1,4.989218446236395,0.9366264536733949,10,9,156,25.39999999999995
FreeSolv,Progressive,50,139,0,140,0.1,5.253544349047752,0.9366264536733949,11,9,157,25.299999999999947
FreeSolv,Progressive,50,140,0,368,0.1,4.850744339403332,0.9366264536733949,12,9,158,25.199999999999946
FreeSolv,Progressive,50,141,0,178,0.1,4.855321544543088,0.9366264536733949,13,9,159,25.099999999999945
FreeSolv,Progressive,50,142,0,459,0.1,6.206675590211082,0.9366264536733949,14,9,160,24.999999999999943
FreeSolv,Progressive,50,143,0,106,0.1,4.300232386034172,0.9366264536733949,15,9,161,24.89999999999994
FreeSolv,Progressive,50,144,0,631,0.1,4.9506852298897055,0.9366264536733949,16,9,162,24.79999999999994
FreeSolv,Progressive,50,145,0,558,0.1,4.471954985970205,0.9366264536733949,17,9,163,24.69999999999994
FreeSolv,Progressive,50,146,0,386,0.1,4.649542523819992,0.9366264536733949,18,9,164,24.599999999999937
FreeSolv,Progressive,50,147,0,509,0.1,4.007426858742527,0.9366264536733949,19,9,165,24.499999999999936
FreeSolv,Progressive,50,148,0,268,0.1,3.959890678020031,0.9366264536733949,20,9,166,24.399999999999935
FreeSolv,Progressive,50,149,1,49,1.0,1.7169626065607435,0.9366264536733949,0,10,166,23.399999999999935
FreeSolv,Progressive,50,150,0,445,0.1,4.117589633005632,0.9414864968309075,1,10,167,23.299999999999933
FreeSolv,Progressive,50,151,0,174,0.1,4.48022012211547,0.9414864968309075,2,10,168,23.199999999999932
FreeSolv,Progressive,50,152,0,224,0.1,4.551653759906018,0.9414864968309075,3,10,169,23.09999999999993
FreeSolv,Progressive,50,153,0,100,0.1,4.189897380474133,0.9414864968309075,4,10,170,22.99999999999993
FreeSolv,Progressive,50,154,0,131,0.1,4.1334324273361185,0.9414864968309075,5,10,171,22.899999999999928
FreeSolv,Progressive,50,155,0,280,0.1,3.6984831827046762,0.9414864968309075,6,10,172,22.799999999999926
FreeSolv,Progressive,50,156,0,500,0.1,3.9160503167607965,0.9414864968309075,7,10,173,22.699999999999925
FreeSolv,Progressive,50,157,0,405,0.1,5.025517507579296,0.9414864968309075,8,10,174,22.599999999999923
FreeSolv,Progressive,50,158,0,446,0.1,4.0447636323604685,0.9414864968309075,9,10,175,22.499999999999922
FreeSolv,Progressive,50,159,0,618,0.1,3.8856670470747776,0.9414864968309075,10,10,176,22.39999999999992
FreeSolv,Progressive,50,160,0,183,0.1,3.8074119385575,0.9414864968309075,11,10,177,22.29999999999992
FreeSolv,Progressive,50,161,0,172,0.1,3.7306747940487073,0.9414864968309075,12,10,178,22.199999999999918
FreeSolv,Progressive,50,162,0,330,0.1,3.7891321176029185,0.9414864968309075,13,10,179,22.099999999999916
FreeSolv,Progressive,50,163,0,166,0.1,3.7189065680390554,0.9414864968309075,14,10,180,21.999999999999915
FreeSolv,Progressive,50,164,0,293,0.1,3.6541453510040576,0.9414864968309075,15,10,181,21.899999999999913
FreeSolv,Progressive,50,165,0,119,0.1,4.0251059920025325,0.9414864968309075,16,10,182,21.799999999999912
FreeSolv,Progressive,50,166,0,283,0.1,3.6173028330151125,0.9414864968309075,17,10,183,21.69999999999991
FreeSolv,Progressive,50,167,0,336,0.1,3.6484248412694145,0.9414864968309075,18,10,184,21.59999999999991
FreeSolv,Progressive,50,168,0,292,0.1,3.513906131725728,0.9414864968309075,19,10,185,21.499999999999908
FreeSolv,Progressive,50,169,0,406,0.1,3.168900498005546,0.9414864968309075,20,10,186,21.399999999999906
FreeSolv,Progressive,50,170,1,193,1.0,1.388866003603449,0.9414864968309075,0,11,186,20.399999999999906
FreeSolv,Progressive,50,171,0,149,0.1,3.025825459124561,0.935715481686845,1,11,187,20.299999999999905
FreeSolv,Progressive,50,172,0,398,0.1,3.0568133586517976,0.935715481686845,2,11,188,20.199999999999903
FreeSolv,Progressive,50,173,0,54,0.1,3.3076637977803505,0.935715481686845,3,11,189,20.099999999999902
FreeSolv,Progressive,50,174,0,102,0.1,3.5064683400174155,0.935715481686845,4,11,190,19.9999999999999
FreeSolv,Progressive,50,175,0,615,0.1,3.1567082646343048,0.935715481686845,5,11,191,19.8999999999999
FreeSolv,Progressive,50,176,0,432,0.1,3.271645759000564,0.935715481686845,6,11,192,19.799999999999898
FreeSolv,Progressive,50,177,0,118,0.1,3.770226148310903,0.935715481686845,7,11,193,19.699999999999896
FreeSolv,Progressive,50,178,0,560,0.1,3.4588423735321463,0.935715481686845,8,11,194,19.599999999999895
FreeSolv,Progressive,50,179,0,198,0.1,3.6374708105855955,0.935715481686845,9,11,195,19.499999999999893
FreeSolv,Progressive,50,180,0,161,0.1,3.1199279923515544,0.935715481686845,10,11,196,19.399999999999892
FreeSolv,Progressive,50,181,0,338,0.1,2.906101074895414,0.935715481686845,11,11,197,19.29999999999989
FreeSolv,Progressive,50,182,0,591,0.1,3.1213716646144407,0.935715481686845,12,11,198,19.19999999999989
FreeSolv,Progressive,50,183,0,603,0.1,2.950831129783801,0.935715481686845,13,11,199,19.099999999999888
FreeSolv,Progressive,50,184,0,473,0.1,2.8076428117443677,0.935715481686845,14,11,200,18.999999999999886
FreeSolv,Progressive,50,185,0,371,0.1,2.873040924143227,0.935715481686845,15,11,201,18.899999999999885
FreeSolv,Progressive,50,186,0,548,0.1,2.7968009165737917,0.935715481686845,16,11,202,18.799999999999883
FreeSolv,Progressive,50,187,0,165,0.1,2.7211652436743576,0.935715481686845,17,11,203,18.699999999999882
FreeSolv,Progressive,50,188,0,37,0.1,3.0350385326712583,0.935715481686845,18,11,204,18.59999999999988
FreeSolv,Progressive,50,189,0,399,0.1,2.637761367780839,0.935715481686845,19,11,205,18.49999999999988
FreeSolv,Progressive,50,190,0,300,0.1,2.7236128282365457,0.935715481686845,20,11,206,18.399999999999878
FreeSolv,Progressive,50,191,1,261,1.0,1.3451114816524625,0.935715481686845,0,12,206,17.399999999999878
FreeSolv,Progressive,50,192,0,440,0.1,2.6183272847551318,0.9427833937361628,1,12,207,17.299999999999876
FreeSolv,Progressive,50,193,0,357,0.1,2.4741519290609215,0.9427833937361628,2,12,208,17.199999999999875
FreeSolv,Progressive,50,194,0,475,0.1,2.468307500500142,0.9427833937361628,3,12,209,17.099999999999874
FreeSolv,Progressive,50,195,0,528,0.1,2.5413566077848375,0.9427833937361628,4,12,210,16.999999999999872
FreeSolv,Progressive,50,196,0,64,0.1,2.230499932999933,0.9427833937361628,5,12,211,16.89999999999987
FreeSolv,Progressive,50,197,0,452,0.1,2.6646522841285303,0.9427833937361628,6,12,212,16.79999999999987
FreeSolv,Progressive,50,198,0,530,0.1,2.2611982979944893,0.9427833937361628,7,12,213,16.699999999999868
FreeSolv,Progressive,50,199,0,314,0.1,2.1929943426607887,0.9427833937361628,8,12,214,16.599999999999866
FreeSolv,Progressive,50,200,0,25,0.1,2.144797883005752,0.9427833937361628,9,12,215,16.499999999999865
FreeSolv,Progressive,50,201,0,484,0.1,1.9355055578882607,0.9427833937361628,10,12,216,16.399999999999864
FreeSolv,Progressive,50,202,0,496,0.1,2.1517128973856234,0.9427833937361628,11,12,217,16.299999999999862
FreeSolv,Progressive,50,203,0,588,0.1,1.9720609962561522,0.9427833937361628,12,12,218,16.19999999999986
FreeSolv,Progressive,50,204,0,315,0.1,2.5148204744507527,0.9427833937361628,13,12,219,16.09999999999986
FreeSolv,Progressive,50,205,0,152,0.1,2.405478451386514,0.9427833937361628,14,12,220,15.99999999999986
FreeSolv,Progressive,50,206,0,320,0.1,2.114027161742652,0.9427833937361628,15,12,221,15.899999999999858
FreeSolv,Progressive,50,207,0,325,0.1,2.6381374166686453,0.9427833937361628,16,12,222,15.799999999999857
FreeSolv,Progressive,50,208,0,16,0.1,2.3634799649979024,0.9427833937361628,17,12,223,15.699999999999855
FreeSolv,Progressive,50,209,0,341,0.1,1.9778007865351157,0.9427833937361628,18,12,224,15.599999999999854
FreeSolv,Progressive,50,210,0,613,0.1,1.9906169584793016,0.9427833937361628,19,12,225,15.499999999999853
FreeSolv,Progressive,50,211,0,113,0.1,1.8436956741044743,0.9427833937361628,20,12,226,15.399999999999851
FreeSolv,Progressive,50,212,1,39,1.0,1.3993147225745308,0.9427833937361628,0,13,226,14.39999999999985
FreeSolv,Progressive,50,213,0,187,0.1,1.9648319670983765,0.9474123183221776,1,13,227,14.29999999999985
FreeSolv,Progressive,50,214,0,443,0.1,1.8895491075242243,0.9474123183221776,2,13,228,14.199999999999848
FreeSolv,Progressive,50,215,0,353,0.1,1.673499199517199,0.9474123183221776,3,13,229,14.099999999999847
FreeSolv,Progressive,50,216,0,60,0.1,1.865737126096732,0.9474123183221776,4,13,230,13.999999999999845
FreeSolv,Progressive,50,217,0,366,0.1,1.4517742518769146,0.9474123183221776,5,13,231,13.899999999999844
FreeSolv,Progressive,50,218,1,210,1.0,2.163285304233005,0.9474123183221776,0,14,231,12.899999999999842
FreeSolv,Progressive,50,219,0,578,0.1,2.5165058344806477,0.9474123183221776,1,14,232,12.799999999999843
FreeSolv,Progressive,50,220,0,332,0.1,2.0895227237581904,0.9474123183221776,2,14,233,12.699999999999841
FreeSolv,Progressive,50,221,0,534,0.1,1.9849959531450279,0.9474123183221776,3,14,234,12.59999999999984
FreeSolv,Progressive,50,222,0,335,0.1,1.8986016282237,0.9474123183221776,4,14,235,12.499999999999838
FreeSolv,Progressive,50,223,0,285,0.1,1.8311245042824005,0.9474123183221776,5,14,236,12.399999999999837
FreeSolv,Progressive,50,224,0,253,0.1,1.960476349958077,0.9474123183221776,6,14,237,12.299999999999836
FreeSolv,Progressive,50,225,0,14,0.1,1.772998696796324,0.9474123183221776,7,14,238,12.199999999999834
FreeSolv,Progressive,50,226,0,212,0.1,2.0511031159472837,0.9474123183221776,8,14,239,12.099999999999833
FreeSolv,Progressive,50,227,0,43,0.1,1.8127404210170033,0.9474123183221776,9,14,240,11.999999999999831
FreeSolv,Progressive,50,228,1,596,1.0,1.7997900410819505,0.9474123183221776,0,15,240,10.99999999999983
FreeSolv,Progressive,50,229,0,194,0.1,1.86704184304786,0.92541308583354,1,15,241,10.89999999999983
FreeSolv,Progressive,50,230,0,485,0.1,1.7128279811499139,0.92541308583354,2,15,242,10.799999999999828
FreeSolv,Progressive,50,231,0,175,0.1,1.812462466680192,0.92541308583354,3,15,243,10.699999999999827
FreeSolv,Progressive,50,232,0,219,0.1,1.8117064543856916,0.92541308583354,4,15,244,10.599999999999826
FreeSolv,Progressive,50,233,0,180,0.1,1.336400658094379,0.92541308583354,5,15,245,10.499999999999824
FreeSolv,Progressive,50,234,0,216,0.1,1.6528093268614443,0.92541308583354,6,15,246,10.399999999999823
FreeSolv,Progressive,50,235,0,223,0.1,1.5477191561040071,0.92541308583354,7,15,247,10.299999999999821
FreeSolv,Progressive,50,236,0,135,0.1,1.8449924971699105,0.92541308583354,8,15,248,10.19999999999982
FreeSolv,Progressive,50,237,1,360,1.0,1.8428785961136698,0.92541308583354,0,16,248,9.199999999999818
FreeSolv,Progressive,50,238,0,59,0.1,2.033786493460358,0.9696610499779277,1,16,249,9.099999999999818
FreeSolv,Progressive,50,239,0,487,0.1,2.0876013065824357,0.9696610499779277,2,16,250,8.999999999999817
FreeSolv,Progressive,50,240,0,506,0.1,2.8175926817390797,0.9696610499779277,3,16,251,8.899999999999816
FreeSolv,Progressive,50,241,0,35,0.1,2.142942312838383,0.9696610499779277,4,16,252,8.799999999999814
FreeSolv,Progressive,50,242,0,435,0.1,2.0385456987270447,0.9696610499779277,5,16,253,8.699999999999813
FreeSolv,Progressive,50,243,0,246,0.1,2.0474153489546363,0.9696610499779277,6,16,254,8.599999999999811
FreeSolv,Progressive,50,244,0,167,0.1,2.3504909724565404,0.9696610499779277,7,16,255,8.49999999999981
FreeSolv,Progressive,50,245,0,115,0.1,2.1194661127649725,0.9696610499779277,8,16,256,8.399999999999809
FreeSolv,Progressive,50,246,0,94,0.1,1.750186387967953,0.9696610499779277,9,16,257,8.299999999999807
FreeSolv,Progressive,50,247,0,26,0.1,1.8372676580022855,0.9696610499779277,10,16,258,8.199999999999806
FreeSolv,Progressive,50,248,0,352,0.1,1.8378144097892959,0.9696610499779277,11,16,259,8.099999999999804
FreeSolv,Progressive,50,249,1,162,1.0,2.37483120191179,0.9696610499779277,0,17,259,7.0999999999998025
FreeSolv,Progressive,50,250,0,354,0.1,2.1143042054189234,0.9696610499779277,1,17,260,6.999999999999803
FreeSolv,Progressive,50,251,0,464,0.1,1.669299134882019,0.9696610499779277,2,17,261,6.899999999999801
FreeSolv,Progressive,50,252,0,304,0.1,2.0054574382035364,0.9696610499779277,3,17,262,6.7999999999998
FreeSolv,Progressive,50,253,0,67,0.1,1.7826638262882388,0.9696610499779277,4,17,263,6.699999999999799
FreeSolv,Progressive,50,254,0,519,0.1,1.7658190155087357,0.9696610499779277,5,17,264,6.599999999999797
FreeSolv,Progressive,50,255,0,359,0.1,1.9114745864971863,0.9696610499779277,6,17,265,6.499999999999796
FreeSolv,Progressive,50,256,0,632,0.1,1.6024459884436173,0.9696610499779277,7,17,266,6.399999999999794
FreeSolv,Progressive,50,257,0,231,0.1,1.6462249733271956,0.9696610499779277,8,17,267,6.299999999999793
FreeSolv,Progressive,50,258,0,130,0.1,1.6365410917273866,0.9696610499779277,9,17,268,6.1999999999997915
FreeSolv,Progressive,50,259,0,55,0.1,1.7137341922109721,0.9696610499779277,10,17,269,6.09999999999979
FreeSolv,Progressive,50,260,1,550,1.0,1.5510021834943664,0.9696610499779277,0,18,269,5.099999999999788
FreeSolv,Progressive,50,261,1,61,1.0,1.6831614601548468,0.9701024702296056,0,19,269,4.099999999999788
FreeSolv,Progressive,50,262,0,345,0.1,1.3879692225073719,0.9636347494858176,1,19,270,3.999999999999788
FreeSolv,Progressive,50,263,1,492,1.0,1.3969956724910593,0.9636347494858176,0,20,270,2.999999999999787
FreeSolv,Progressive,50,264,0,4,0.1,1.441628236906818,0.9644239637102155,1,20,271,2.8999999999997867
FreeSolv,Progressive,50,265,0,145,0.1,1.5468306170289587,0.9644239637102155,2,20,272,2.7999999999997853
FreeSolv,Progressive,50,266,0,489,0.1,1.5455025716592108,0.9644239637102155,3,20,273,2.699999999999784
FreeSolv,Progressive,50,267,0,604,0.1,1.3849187549282143,0.9644239637102155,4,20,274,2.5999999999997825
FreeSolv,Progressive,50,268,1,122,1.0,1.5911212045364562,0.9644239637102155,0,21,274,1.5999999999997812
FreeSolv,Progressive,50,269,0,201,0.1,1.4690267116434532,0.965278498528502,1,21,275,1.499999999999781
FreeSolv,Progressive,50,270,0,343,0.1,1.3707962878054185,0.965278498528502,2,21,276,1.3999999999997796
FreeSolv,Progressive,50,271,1,251,1.0,1.657114620526635,0.965278498528502,0,22,276,0.3999999999997783
FreeSolv,Progressive,50,272,0,562,0.1,1.789901283364062,0.9657162443025262,1,22,277,0.29999999999977833
FreeSolv,Progressive,50,273,0,453,0.1,1.1733274062006256,0.9657162443025262,2,22,278,0.19999999999977688
FreeSolv,Progressive,50,274,0,567,0.1,1.1971946856394795,0.9657162443025262,3,22,279,0.09999999999977546
FreeSolv,Progressive,51,1,0,144,0.1,13.066739662051667,0.5,1,2,26,45.4
FreeSolv,Progressive,51,2,1,515,1.0,11.708858556643206,0.5,0,3,26,44.4
FreeSolv,Progressive,51,3,0,251,0.1,11.600809595503373,0.5,1,3,27,44.3
FreeSolv,Progressive,51,4,0,377,0.1,10.748172162348029,0.5,2,3,28,44.199999999999996
FreeSolv,Progressive,51,5,0,122,0.1,9.436827971675914,0.5,3,3,29,44.1
FreeSolv,Progressive,51,6,0,437,0.1,10.280043312786226,0.5,4,3,30,44.0
FreeSolv,Progressive,51,7,0,206,0.1,9.689139303263623,0.5,5,3,31,43.9
FreeSolv,Progressive,51,8,0,550,0.1,9.982994214330612,0.5,6,3,32,43.800000000000004
FreeSolv,Progressive,51,9,0,139,0.1,10.89729071543342,0.5,7,3,33,43.7
FreeSolv,Progressive,51,10,0,266,0.1,9.976451984493394,0.5,8,3,34,43.6
FreeSolv,Progressive,51,11,0,276,0.1,9.275473570348733,0.5,9,3,35,43.5
FreeSolv,Progressive,51,12,0,328,0.1,8.822553899731373,0.5,10,3,36,43.4
FreeSolv,Progressive,51,13,0,282,0.1,8.66025523794534,0.5,11,3,37,43.300000000000004
FreeSolv,Progressive,51,14,0,446,0.1,8.73735685124372,0.5,12,3,38,43.2
FreeSolv,Progressive,51,15,0,619,0.1,9.010646478321137,0.5,13,3,39,43.1
FreeSolv,Progressive,51,16,0,8,0.1,9.840608902205329,0.5,14,3,40,43.00000000000001
FreeSolv,Progressive,51,17,0,393,0.1,9.477976908737507,0.5,15,3,41,42.900000000000006
FreeSolv,Progressive,51,18,0,232,0.1,9.196282217480851,0.5,16,3,42,42.800000000000004
FreeSolv,Progressive,51,19,0,258,0.1,9.272671485380673,0.5,17,3,43,42.7
FreeSolv,Progressive,51,20,0,284,0.1,9.41800069799878,0.5,18,3,44,42.6
FreeSolv,Progressive,51,21,0,286,0.1,8.914711731630861,0.5,19,3,45,42.50000000000001
FreeSolv,Progressive,51,22,0,96,0.1,9.435245770862302,0.5,20,3,46,42.400000000000006
FreeSolv,Progressive,51,23,1,441,1.0,6.008963845319142,0.5,0,4,46,41.400000000000006
FreeSolv,Progressive,51,24,0,91,0.1,9.160294573902998,0.5,1,4,47,41.300000000000004
FreeSolv,Progressive,51,25,0,75,0.1,8.723478256032365,0.5,2,4,48,41.20000000000001
FreeSolv,Progressive,51,26,0,233,0.1,8.121906529278435,0.5,3,4,49,41.10000000000001
FreeSolv,Progressive,51,27,0,83,0.1,8.97022938051654,0.5,4,4,50,41.00000000000001
FreeSolv,Progressive,51,28,0,261,0.1,10.26561044961467,0.5,5,4,51,40.900000000000006
FreeSolv,Progressive,51,29,0,39,0.1,9.711303219027121,0.5,6,4,52,40.800000000000004
FreeSolv,Progressive,51,30,0,492,0.1,10.363285754034145,0.5,7,4,53,40.70000000000001
FreeSolv,Progressive,51,31,0,87,0.1,10.147321360686876,0.5,8,4,54,40.60000000000001
FreeSolv,Progressive,51,32,0,444,0.1,9.81611003129272,0.5,9,4,55,40.50000000000001
FreeSolv,Progressive,51,33,0,129,0.1,9.328810586698607,0.5,10,4,56,40.40000000000001
FreeSolv,Progressive,51,34,0,6,0.1,9.063771999019853,0.5,11,4,57,40.30000000000001
FreeSolv,Progressive,51,35,0,41,0.1,8.48850795136363,0.5,12,4,58,40.20000000000001
FreeSolv,Progressive,51,36,0,501,0.1,9.298181212967998,0.5,13,4,59,40.10000000000001
FreeSolv,Progressive,51,37,0,269,0.1,8.789810730916235,0.5,14,4,60,40.00000000000001
FreeSolv,Progressive,51,38,0,301,0.1,9.410041524419515,0.5,15,4,61,39.90000000000001
FreeSolv,Progressive,51,39,0,564,0.1,8.99580721163836,0.5,16,4,62,39.80000000000001
FreeSolv,Progressive,51,40,0,502,0.1,9.0426900249884,0.5,17,4,63,39.70000000000001
FreeSolv,Progressive,51,41,0,80,0.1,9.506554580407089,0.5,18,4,64,39.600000000000016
FreeSolv,Progressive,51,42,0,599,0.1,9.277169060505935,0.5,19,4,65,39.500000000000014
FreeSolv,Progressive,51,43,0,422,0.1,8.511288736238596,0.5,20,4,66,39.40000000000001
FreeSolv,Progressive,51,44,1,596,1.0,3.4172321727688564,0.5,0,5,66,38.40000000000001
FreeSolv,Progressive,51,45,0,572,0.1,16.796131894774415,0.97773355319758,1,5,67,38.30000000000001
FreeSolv,Progressive,51,46,0,533,0.1,16.682940617642767,0.97773355319758,2,5,68,38.20000000000001
FreeSolv,Progressive,51,47,0,497,0.1,16.774816393943553,0.97773355319758,3,5,69,38.100000000000016
FreeSolv,Progressive,51,48,0,19,0.1,16.70012679148405,0.97773355319758,4,5,70,38.000000000000014
FreeSolv,Progressive,51,49,0,505,0.1,16.632293413619557,0.97773355319758,5,5,71,37.90000000000001
FreeSolv,Progressive,51,50,0,540,0.1,17.208548554833815,0.97773355319758,6,5,72,37.80000000000002
FreeSolv,Progressive,51,51,0,255,0.1,17.239227707374543,0.97773355319758,7,5,73,37.70000000000002
FreeSolv,Progressive,51,52,0,577,0.1,17.136795453438044,0.97773355319758,8,5,74,37.600000000000016
FreeSolv,Progressive,51,53,0,589,0.1,16.99350447103212,0.97773355319758,9,5,75,37.500000000000014
FreeSolv,Progressive,51,54,0,159,0.1,16.107511626278637,0.97773355319758,10,5,76,37.40000000000001
FreeSolv,Progressive,51,55,0,380,0.1,16.48800339503402,0.97773355319758,11,5,77,37.30000000000002
FreeSolv,Progressive,51,56,0,584,0.1,16.759948990903812,0.97773355319758,12,5,78,37.20000000000002
FreeSolv,Progressive,51,57,0,136,0.1,16.137190924355227,0.97773355319758,13,5,79,37.100000000000016
FreeSolv,Progressive,51,58,0,581,0.1,16.713706255789376,0.97773355319758,14,5,80,37.00000000000002
FreeSolv,Progressive,51,59,0,299,0.1,15.570304016897886,0.97773355319758,15,5,81,36.90000000000002
FreeSolv,Progressive,51,60,0,192,0.1,15.814917899792592,0.97773355319758,16,5,82,36.80000000000002
FreeSolv,Progressive,51,61,0,250,0.1,14.638557106523475,0.97773355319758,17,5,83,36.70000000000002
FreeSolv,Progressive,51,62,0,633,0.1,15.922728080540715,0.97773355319758,18,5,84,36.600000000000016
FreeSolv,Progressive,51,63,0,626,0.1,15.466718710953625,0.97773355319758,19,5,85,36.50000000000002
FreeSolv,Progressive,51,64,0,339,0.1,14.599186199960336,0.97773355319758,20,5,86,36.40000000000002
FreeSolv,Progressive,51,65,1,447,1.0,3.1602941628862244,0.97773355319758,0,6,86,35.40000000000002
FreeSolv,Progressive,51,66,0,66,0.1,14.993720386525226,0.9902714326443319,1,6,87,35.30000000000002
FreeSolv,Progressive,51,67,0,105,0.1,15.602981280901268,0.9902714326443319,2,6,88,35.200000000000024
FreeSolv,Progressive,51,68,0,638,0.1,14.646793306026364,0.9902714326443319,3,6,89,35.10000000000002
FreeSolv,Progressive,51,69,0,486,0.1,15.2684161742776,0.9902714326443319,4,6,90,35.00000000000002
FreeSolv,Progressive,51,70,0,327,0.1,15.045999855092004,0.9902714326443319,5,6,91,34.90000000000002
FreeSolv,Progressive,51,71,0,410,0.1,14.978751454533782,0.9902714326443319,6,6,92,34.80000000000002
FreeSolv,Progressive,51,72,0,263,0.1,14.839575792050782,0.9902714326443319,7,6,93,34.700000000000024
FreeSolv,Progressive,51,73,0,337,0.1,15.530944041590198,0.9902714326443319,8,6,94,34.60000000000002
FreeSolv,Progressive,51,74,0,191,0.1,15.396354836679233,0.9902714326443319,9,6,95,34.50000000000002
FreeSolv,Progressive,51,75,0,31,0.1,14.877964256679379,0.9902714326443319,10,6,96,34.40000000000003
FreeSolv,Progressive,51,76,0,436,0.1,14.14981154102397,0.9902714326443319,11,6,97,34.300000000000026
FreeSolv,Progressive,51,77,0,369,0.1,14.947200432986715,0.9902714326443319,12,6,98,34.200000000000024
FreeSolv,Progressive,51,78,0,2,0.1,14.396062967905756,0.9902714326443319,13,6,99,34.10000000000002
FreeSolv,Progressive,51,79,0,461,0.1,13.491218781237576,0.9902714326443319,14,6,100,34.00000000000002
FreeSolv,Progressive,51,80,0,259,0.1,13.80795448550422,0.9902714326443319,15,6,101,33.90000000000003
FreeSolv,Progressive,51,81,0,148,0.1,13.939148543331617,0.9902714326443319,16,6,102,33.800000000000026
FreeSolv,Progressive,51,82,0,279,0.1,13.61580751213965,0.9902714326443319,17,6,103,33.700000000000024
FreeSolv,Progressive,51,83,0,379,0.1,12.17249609163722,0.9902714326443319,18,6,104,33.60000000000002
FreeSolv,Progressive,51,84,0,204,0.1,13.228587794517845,0.9902714326443319,19,6,105,33.50000000000002
FreeSolv,Progressive,51,85,0,104,0.1,12.608092251485987,0.9902714326443319,20,6,106,33.40000000000002
FreeSolv,Progressive,51,86,1,542,1.0,1.9806807592957014,0.9902714326443319,0,7,106,32.40000000000002
FreeSolv,Progressive,51,87,0,319,0.1,12.47782743704684,0.9897337283266707,1,7,107,32.30000000000002
FreeSolv,Progressive,51,88,0,620,0.1,12.456354940631705,0.9897337283266707,2,7,108,32.20000000000002
FreeSolv,Progressive,51,89,0,517,0.1,11.827790258738537,0.9897337283266707,3,7,109,32.100000000000016
FreeSolv,Progressive,51,90,0,425,0.1,12.644111201305122,0.9897337283266707,4,7,110,32.000000000000014
FreeSolv,Progressive,51,91,0,413,0.1,11.589579041983093,0.9897337283266707,5,7,111,31.900000000000013
FreeSolv,Progressive,51,92,0,563,0.1,11.625770316844408,0.9897337283266707,6,7,112,31.80000000000001
FreeSolv,Progressive,51,93,0,624,0.1,11.962975852751775,0.9897337283266707,7,7,113,31.70000000000001
FreeSolv,Progressive,51,94,0,186,0.1,11.24959445366779,0.9897337283266707,8,7,114,31.60000000000001
FreeSolv,Progressive,51,95,0,53,0.1,10.928483556828958,0.9897337283266707,9,7,115,31.500000000000007
FreeSolv,Progressive,51,96,0,351,0.1,10.057356768154898,0.9897337283266707,10,7,116,31.400000000000006
FreeSolv,Progressive,51,97,0,597,0.1,10.22687407126805,0.9897337283266707,11,7,117,31.300000000000004
FreeSolv,Progressive,51,98,0,384,0.1,10.452476290478169,0.9897337283266707,12,7,118,31.200000000000003
FreeSolv,Progressive,51,99,0,84,0.1,9.881679736492126,0.9897337283266707,13,7,119,31.1
FreeSolv,Progressive,51,100,0,126,0.1,10.155631883305869,0.9897337283266707,14,7,120,31.0
FreeSolv,Progressive,51,101,0,365,0.1,9.478621118158948,0.9897337283266707,15,7,121,30.9
FreeSolv,Progressive,51,102,0,61,0.1,10.518096947330497,0.9897337283266707,16,7,122,30.799999999999997
FreeSolv,Progressive,51,103,0,456,0.1,9.838821432035543,0.9897337283266707,17,7,123,30.699999999999996
FreeSolv,Progressive,51,104,0,30,0.1,9.11869620525792,0.9897337283266707,18,7,124,30.599999999999994
FreeSolv,Progressive,51,105,0,147,0.1,9.987935943518261,0.9897337283266707,19,7,125,30.499999999999993
FreeSolv,Progressive,51,106,0,257,0.1,8.830696082565298,0.9897337283266707,20,7,126,30.39999999999999
FreeSolv,Progressive,51,107,1,261,1.0,2.911367780833605,0.9897337283266707,0,8,126,29.39999999999999
FreeSolv,Progressive,51,108,0,313,0.1,9.922372857615832,0.9923479171444858,1,8,127,29.29999999999999
FreeSolv,Progressive,51,109,0,472,0.1,9.155421747890223,0.9923479171444858,2,8,128,29.19999999999999
FreeSolv,Progressive,51,110,0,289,0.1,9.20818137875539,0.9923479171444858,3,8,129,29.099999999999987
FreeSolv,Progressive,51,111,0,622,0.1,9.492741975848332,0.9923479171444858,4,8,130,28.999999999999986
FreeSolv,Progressive,51,112,0,10,0.1,8.60534052984919,0.9923479171444858,5,8,131,28.899999999999984
FreeSolv,Progressive,51,113,0,383,0.1,9.126713862285145,0.9923479171444858,6,8,132,28.799999999999983
FreeSolv,Progressive,51,114,0,592,0.1,8.365623467005465,0.9923479171444858,7,8,133,28.69999999999998
FreeSolv,Progressive,51,115,0,140,0.1,8.397226170679533,0.9923479171444858,8,8,134,28.59999999999998
FreeSolv,Progressive,51,116,0,471,0.1,7.675228277011167,0.9923479171444858,9,8,135,28.49999999999998
FreeSolv,Progressive,51,117,0,546,0.1,7.730642788988591,0.9923479171444858,10,8,136,28.399999999999977
FreeSolv,Progressive,51,118,0,77,0.1,7.661213192517617,0.9923479171444858,11,8,137,28.299999999999976
FreeSolv,Progressive,51,119,0,317,0.1,7.644875489592387,0.9923479171444858,12,8,138,28.199999999999974
FreeSolv,Progressive,51,120,0,238,0.1,7.2934483239494226,0.9923479171444858,13,8,139,28.099999999999973
FreeSolv,Progressive,51,121,0,85,0.1,7.439096564823509,0.9923479171444858,14,8,140,27.99999999999997
FreeSolv,Progressive,51,122,0,214,0.1,7.657506480552874,0.9923479171444858,15,8,141,27.89999999999997
FreeSolv,Progressive,51,123,0,499,0.1,7.255698643167305,0.9923479171444858,16,8,142,27.79999999999997
FreeSolv,Progressive,51,124,0,532,0.1,7.489002981750783,0.9923479171444858,17,8,143,27.699999999999967
FreeSolv,Progressive,51,125,0,200,0.1,7.190944753400264,0.9923479171444858,18,8,144,27.599999999999966
FreeSolv,Progressive,51,126,0,86,0.1,7.371622233362426,0.9923479171444858,19,8,145,27.499999999999964
FreeSolv,Progressive,51,127,0,141,0.1,7.5600508460039695,0.9923479171444858,20,8,146,27.399999999999963
FreeSolv,Progressive,51,128,1,313,1.0,1.862461565336321,0.9923479171444858,0,9,146,26.399999999999963
FreeSolv,Progressive,51,129,0,99,0.1,7.053084099501334,0.9921795773830673,1,9,147,26.29999999999996
FreeSolv,Progressive,51,130,0,272,0.1,6.59342635816259,0.9921795773830673,2,9,148,26.19999999999996
FreeSolv,Progressive,51,131,0,128,0.1,6.6700306083763765,0.9921795773830673,3,9,149,26.09999999999996
FreeSolv,Progressive,51,132,0,63,0.1,6.530517811016489,0.9921795773830673,4,9,150,25.999999999999957
FreeSolv,Progressive,51,133,0,608,0.1,6.57184901388499,0.9921795773830673,5,9,151,25.899999999999956
FreeSolv,Progressive,51,134,0,181,0.1,6.855021896667829,0.9921795773830673,6,9,152,25.799999999999955
FreeSolv,Progressive,51,135,0,361,0.1,6.579445182458721,0.9921795773830673,7,9,153,25.699999999999953
FreeSolv,Progressive,51,136,0,457,0.1,6.616933057167304,0.9921795773830673,8,9,154,25.59999999999995
FreeSolv,Progressive,51,137,0,368,0.1,6.777819604559136,0.9921795773830673,9,9,155,25.49999999999995
FreeSolv,Progressive,51,138,0,280,0.1,6.700835131811169,0.9921795773830673,10,9,156,25.39999999999995
FreeSolv,Progressive,51,139,0,631,0.1,5.8693348699159635,0.9921795773830673,11,9,157,25.299999999999947
FreeSolv,Progressive,51,140,0,524,0.1,5.9967753759924465,0.9921795773830673,12,9,158,25.199999999999946
FreeSolv,Progressive,51,141,0,172,0.1,5.255192345333227,0.9921795773830673,13,9,159,25.099999999999945
FreeSolv,Progressive,51,142,0,110,0.1,5.67696764226268,0.9921795773830673,14,9,160,24.999999999999943
FreeSolv,Progressive,51,143,0,106,0.1,5.606727121949075,0.9921795773830673,15,9,161,24.89999999999994
FreeSolv,Progressive,51,144,0,485,0.1,5.5624114536955105,0.9921795773830673,16,9,162,24.79999999999994
FreeSolv,Progressive,51,145,0,178,0.1,5.523310526741219,0.9921795773830673,17,9,163,24.69999999999994
FreeSolv,Progressive,51,146,0,451,0.1,5.362984242488068,0.9921795773830673,18,9,164,24.599999999999937
FreeSolv,Progressive,51,147,0,166,0.1,5.137019455652456,0.9921795773830673,19,9,165,24.499999999999936
FreeSolv,Progressive,51,148,0,293,0.1,5.056216377572566,0.9921795773830673,20,9,166,24.399999999999935
FreeSolv,Progressive,51,149,1,266,1.0,1.742443812736795,0.9921795773830673,0,10,166,23.399999999999935
FreeSolv,Progressive,51,150,0,618,0.1,5.075035724735383,0.9926645231767232,1,10,167,23.299999999999933
FreeSolv,Progressive,51,151,0,386,0.1,5.207733420186565,0.9926645231767232,2,10,168,23.199999999999932
FreeSolv,Progressive,51,152,0,224,0.1,5.045333466054035,0.9926645231767232,3,10,169,23.09999999999993
FreeSolv,Progressive,51,153,0,558,0.1,4.688060942240322,0.9926645231767232,4,10,170,22.99999999999993
FreeSolv,Progressive,51,154,0,183,0.1,5.280739243130778,0.9926645231767232,5,10,171,22.899999999999928
FreeSolv,Progressive,51,155,0,54,0.1,5.13590269397399,0.9926645231767232,6,10,172,22.799999999999926
FreeSolv,Progressive,51,156,0,283,0.1,4.558624848384157,0.9926645231767232,7,10,173,22.699999999999925
FreeSolv,Progressive,51,157,0,292,0.1,4.9404238453280644,0.9926645231767232,8,10,174,22.599999999999923
FreeSolv,Progressive,51,158,0,445,0.1,4.652533752435837,0.9926645231767232,9,10,175,22.499999999999922
FreeSolv,Progressive,51,159,0,102,0.1,5.168817841581628,0.9926645231767232,10,10,176,22.39999999999992
FreeSolv,Progressive,51,160,0,398,0.1,4.411330746552718,0.9926645231767232,11,10,177,22.29999999999992
FreeSolv,Progressive,51,161,0,118,0.1,4.524629499337595,0.9926645231767232,12,10,178,22.199999999999918
FreeSolv,Progressive,51,162,0,432,0.1,4.79067476543398,0.9926645231767232,13,10,179,22.099999999999916
FreeSolv,Progressive,51,163,0,268,0.1,3.8467504117215423,0.9926645231767232,14,10,180,21.999999999999915
FreeSolv,Progressive,51,164,0,340,0.1,4.547890468755922,0.9926645231767232,15,10,181,21.899999999999913
FreeSolv,Progressive,51,165,0,336,0.1,3.8622361782281622,0.9926645231767232,16,10,182,21.799999999999912
FreeSolv,Progressive,51,166,0,463,0.1,4.416415133706808,0.9926645231767232,17,10,183,21.69999999999991
FreeSolv,Progressive,51,167,0,100,0.1,4.676010676422281,0.9926645231767232,18,10,184,21.59999999999991
FreeSolv,Progressive,51,168,0,149,0.1,3.9264596247953096,0.9926645231767232,19,10,185,21.499999999999908
FreeSolv,Progressive,51,169,0,330,0.1,4.028285454610123,0.9926645231767232,20,10,186,21.399999999999906
FreeSolv,Progressive,51,170,1,182,1.0,1.9177183824291881,0.9926645231767232,0,11,186,20.399999999999906
FreeSolv,Progressive,51,171,0,131,0.1,3.9345721355473793,0.9711720411697136,1,11,187,20.299999999999905
FreeSolv,Progressive,51,172,0,37,0.1,4.558648934532112,0.9711720411697136,2,11,188,20.199999999999903
FreeSolv,Progressive,51,173,0,198,0.1,4.323294589828307,0.9711720411697136,3,11,189,20.099999999999902
FreeSolv,Progressive,51,174,0,406,0.1,3.9393166516740674,0.9711720411697136,4,11,190,19.9999999999999
FreeSolv,Progressive,51,175,0,440,0.1,3.8915731336988166,0.9711720411697136,5,11,191,19.8999999999999
FreeSolv,Progressive,51,176,0,509,0.1,3.7088852579433245,0.9711720411697136,6,11,192,19.799999999999898
FreeSolv,Progressive,51,177,0,60,0.1,3.5511099510223,0.9711720411697136,7,11,193,19.699999999999896
FreeSolv,Progressive,51,178,0,64,0.1,3.590916227631714,0.9711720411697136,8,11,194,19.599999999999895
FreeSolv,Progressive,51,179,0,300,0.1,3.554875924790785,0.9711720411697136,9,11,195,19.499999999999893
FreeSolv,Progressive,51,180,0,161,0.1,3.6214606230045208,0.9711720411697136,10,11,196,19.399999999999892
FreeSolv,Progressive,51,181,0,475,0.1,3.2334221598073856,0.9711720411697136,11,11,197,19.29999999999989
FreeSolv,Progressive,51,182,0,119,0.1,3.4709573959135174,0.9711720411697136,12,11,198,19.19999999999989
FreeSolv,Progressive,51,183,0,560,0.1,3.6042234248588354,0.9711720411697136,13,11,199,19.099999999999888
FreeSolv,Progressive,51,184,0,473,0.1,3.5024274466006053,0.9711720411697136,14,11,200,18.999999999999886
FreeSolv,Progressive,51,185,0,314,0.1,3.022803981747464,0.9711720411697136,15,11,201,18.899999999999885
FreeSolv,Progressive,51,186,0,165,0.1,3.376230026868338,0.9711720411697136,16,11,202,18.799999999999883
FreeSolv,Progressive,51,187,0,528,0.1,3.0490209080890853,0.9711720411697136,17,11,203,18.699999999999882
FreeSolv,Progressive,51,188,0,603,0.1,2.904009421218,0.9711720411697136,18,11,204,18.59999999999988
FreeSolv,Progressive,51,189,0,59,0.1,3.5078910193918635,0.9711720411697136,19,11,205,18.49999999999988
FreeSolv,Progressive,51,190,0,371,0.1,3.0549195834127922,0.9711720411697136,20,11,206,18.399999999999878
FreeSolv,Progressive,51,191,1,457,1.0,2.56474741537577,0.9711720411697136,0,12,206,17.399999999999878
FreeSolv,Progressive,51,192,0,548,0.1,3.1347547396201163,0.9710849008891856,1,12,207,17.299999999999876
FreeSolv,Progressive,51,193,0,338,0.1,2.587683698221268,0.9710849008891856,2,12,208,17.199999999999875
FreeSolv,Progressive,51,194,0,452,0.1,2.614709998674352,0.9710849008891856,3,12,209,17.099999999999874
FreeSolv,Progressive,51,195,0,405,0.1,3.1250812980658935,0.9710849008891856,4,12,210,16.999999999999872
FreeSolv,Progressive,51,196,0,315,0.1,2.932093793210092,0.9710849008891856,5,12,211,16.89999999999987
FreeSolv,Progressive,51,197,0,399,0.1,2.926040016443231,0.9710849008891856,6,12,212,16.79999999999987
FreeSolv,Progressive,51,198,0,320,0.1,2.7662038249729024,0.9710849008891856,7,12,213,16.699999999999868
FreeSolv,Progressive,51,199,0,16,0.1,2.8245293724412033,0.9710849008891856,8,12,214,16.599999999999866
FreeSolv,Progressive,51,200,0,530,0.1,2.8704957566413003,0.9710849008891856,9,12,215,16.499999999999865
FreeSolv,Progressive,51,201,0,591,0.1,2.2090141638681335,0.9710849008891856,10,12,216,16.399999999999864
FreeSolv,Progressive,51,202,0,152,0.1,2.4390056395952406,0.9710849008891856,11,12,217,16.299999999999862
FreeSolv,Progressive,51,203,0,25,0.1,2.571037222343434,0.9710849008891856,12,12,218,16.19999999999986
FreeSolv,Progressive,51,204,0,187,0.1,2.2389126170342863,0.9710849008891856,13,12,219,16.09999999999986
FreeSolv,Progressive,51,205,0,341,0.1,2.6907317248145737,0.9710849008891856,14,12,220,15.99999999999986
FreeSolv,Progressive,51,206,0,588,0.1,2.5542404439337765,0.9710849008891856,15,12,221,15.899999999999858
FreeSolv,Progressive,51,207,0,613,0.1,2.400120810098669,0.9710849008891856,16,12,222,15.799999999999857
FreeSolv,Progressive,51,208,0,325,0.1,2.309579000773314,0.9710849008891856,17,12,223,15.699999999999855
FreeSolv,Progressive,51,209,0,174,0.1,2.0675632553088117,0.9710849008891856,18,12,224,15.599999999999854
FreeSolv,Progressive,51,210,0,496,0.1,2.1473107230381285,0.9710849008891856,19,12,225,15.499999999999853
FreeSolv,Progressive,51,211,0,615,0.1,1.9149260528968461,0.9710849008891856,20,12,226,15.399999999999851
FreeSolv,Progressive,51,212,1,39,1.0,1.320224321436283,0.9710849008891856,0,13,226,14.39999999999985
FreeSolv,Progressive,51,213,0,113,0.1,2.560247406022645,0.9736548614897768,1,13,227,14.29999999999985
FreeSolv,Progressive,51,214,0,534,0.1,1.9302332273353402,0.9736548614897768,2,13,228,14.199999999999848
FreeSolv,Progressive,51,215,0,335,0.1,2.337899287707438,0.9736548614897768,3,13,229,14.099999999999847
FreeSolv,Progressive,51,216,0,357,0.1,2.3084499360699584,0.9736548614897768,4,13,230,13.999999999999845
FreeSolv,Progressive,51,217,0,14,0.1,1.819775325673519,0.9736548614897768,5,13,231,13.899999999999844
FreeSolv,Progressive,51,218,0,285,0.1,2.0812314420883853,0.9736548614897768,6,13,232,13.799999999999843
FreeSolv,Progressive,51,219,0,175,0.1,2.12494242518225,0.9736548614897768,7,13,233,13.699999999999841
FreeSolv,Progressive,51,220,0,500,0.1,1.8755408012916692,0.9736548614897768,8,13,234,13.59999999999984
FreeSolv,Progressive,51,221,0,253,0.1,2.0081290335603055,0.9736548614897768,9,13,235,13.499999999999838
FreeSolv,Progressive,51,222,0,43,0.1,2.009791341875018,0.9736548614897768,10,13,236,13.399999999999837
FreeSolv,Progressive,51,223,0,578,0.1,1.744067810774655,0.9736548614897768,11,13,237,13.299999999999836
FreeSolv,Progressive,51,224,0,345,0.1,1.7814189597737728,0.9736548614897768,12,13,238,13.199999999999834
FreeSolv,Progressive,51,225,0,130,0.1,1.6530534167216862,0.9736548614897768,13,13,239,13.099999999999833
FreeSolv,Progressive,51,226,0,216,0.1,1.5898371297149776,0.9736548614897768,14,13,240,12.999999999999831
FreeSolv,Progressive,51,227,0,135,0.1,1.7152240433739292,0.9736548614897768,15,13,241,12.89999999999983
FreeSolv,Progressive,51,228,0,194,0.1,1.586392205713974,0.9736548614897768,16,13,242,12.799999999999828
FreeSolv,Progressive,51,229,0,484,0.1,1.546528803845553,0.9736548614897768,17,13,243,12.699999999999827
FreeSolv,Progressive,51,230,0,223,0.1,1.6483194592113772,0.9736548614897768,18,13,244,12.599999999999826
FreeSolv,Progressive,51,231,0,459,0.1,1.7331313164791424,0.9736548614897768,19,13,245,12.499999999999824
FreeSolv,Progressive,51,232,0,212,0.1,1.7101839912977412,0.9736548614897768,20,13,246,12.399999999999823
FreeSolv,Progressive,51,233,1,492,1.0,1.2299313283918143,0.9736548614897768,0,14,246,11.399999999999821
FreeSolv,Progressive,51,234,0,443,0.1,1.4821246908391845,0.9754851780096137,1,14,247,11.299999999999821
FreeSolv,Progressive,51,235,0,219,0.1,1.5051819381922,0.9754851780096137,2,14,248,11.19999999999982
FreeSolv,Progressive,51,236,0,167,0.1,1.6587184851218721,0.9754851780096137,3,14,249,11.099999999999818
FreeSolv,Progressive,51,237,0,366,0.1,1.655327770063365,0.9754851780096137,4,14,250,10.999999999999817
FreeSolv,Progressive,51,238,0,180,0.1,1.2025517949376736,0.9754851780096137,5,14,251,10.899999999999816
FreeSolv,Progressive,51,239,0,353,0.1,1.464430903900196,0.9754851780096137,6,14,252,10.799999999999814
FreeSolv,Progressive,51,240,0,26,0.1,1.6250358035533274,0.9754851780096137,7,14,253,10.699999999999813
FreeSolv,Progressive,51,241,0,94,0.1,1.5039160262473361,0.9754851780096137,8,14,254,10.599999999999811
FreeSolv,Progressive,51,242,0,332,0.1,1.4200048266245848,0.9754851780096137,9,14,255,10.49999999999981
FreeSolv,Progressive,51,243,0,246,0.1,1.460136093988627,0.9754851780096137,10,14,256,10.399999999999809
FreeSolv,Progressive,51,244,0,487,0.1,1.2031944933482503,0.9754851780096137,11,14,257,10.299999999999807
FreeSolv,Progressive,51,245,0,506,0.1,1.7585949535949452,0.9754851780096137,12,14,258,10.199999999999806
FreeSolv,Progressive,51,246,0,115,0.1,1.293562389218265,0.9754851780096137,13,14,259,10.099999999999804
FreeSolv,Progressive,51,247,1,49,1.0,1.258213366674195,0.9754851780096137,0,15,259,9.099999999999802
FreeSolv,Progressive,51,248,0,231,0.1,1.372107021682394,0.9755058941540302,1,15,260,8.999999999999803
FreeSolv,Progressive,51,249,0,22,0.1,1.2062343345641433,0.9755058941540302,2,15,261,8.899999999999801
FreeSolv,Progressive,51,250,0,304,0.1,1.123524123604394,0.9755058941540302,3,15,262,8.7999999999998
FreeSolv,Progressive,51,251,0,352,0.1,1.6788522270070119,0.9755058941540302,4,15,263,8.699999999999799
FreeSolv,Progressive,51,252,0,354,0.1,1.2020836414775034,0.9755058941540302,5,15,264,8.599999999999797
FreeSolv,Progressive,51,253,0,168,0.1,1.0791946473478045,0.9755058941540302,6,15,265,8.499999999999796
FreeSolv,Progressive,51,254,0,67,0.1,1.1665579917229014,0.9755058941540302,7,15,266,8.399999999999794
FreeSolv,Progressive,51,255,0,519,0.1,1.205062154780697,0.9755058941540302,8,15,267,8.299999999999793
FreeSolv,Progressive,51,256,1,61,1.0,1.307066995122641,0.9755058941540302,0,16,267,7.299999999999791
FreeSolv,Progressive,51,257,0,464,0.1,1.054498408146226,0.9682594516210585,1,16,268,7.1999999999997915
FreeSolv,Progressive,51,258,0,632,0.1,1.0767791606729964,0.9682594516210585,2,16,269,7.09999999999979
FreeSolv,Progressive,51,259,0,523,0.1,1.2131757649887644,0.9682594516210585,3,16,270,6.999999999999789
FreeSolv,Progressive,51,260,1,251,1.0,0.9928986179865815,0.9682594516210585,0,17,270,5.999999999999787
FreeSolv,Progressive,51,261,0,562,0.1,1.055325508057053,0.9690644791250171,1,17,271,5.899999999999787
FreeSolv,Progressive,51,262,0,145,0.1,1.0279748288447736,0.9690644791250171,2,17,272,5.799999999999786
FreeSolv,Progressive,51,263,1,328,1.0,1.1409215985366845,0.9690644791250171,0,18,272,4.799999999999784
FreeSolv,Progressive,51,264,0,508,0.1,1.281471147204531,0.9696260747983924,1,18,273,4.699999999999784
FreeSolv,Progressive,51,265,1,87,1.0,1.0859015341512759,0.9696260747983924,0,19,273,3.6999999999997826
FreeSolv,Progressive,51,266,1,444,1.0,1.090424883025984,0.9706478612012626,0,20,273,2.6999999999997826
FreeSolv,Progressive,51,267,1,122,1.0,0.9770329776155112,0.9714123379026465,0,21,273,1.6999999999997826
FreeSolv,Progressive,51,268,1,129,1.0,1.0583753006602565,0.9714637921238093,0,22,273,0.6999999999997826
FreeSolv,Progressive,51,269,0,453,0.1,0.9319599556678193,0.9719423185129399,1,22,274,0.5999999999997826
FreeSolv,Progressive,51,270,0,201,0.1,0.8133746726035007,0.9719423185129399,2,22,275,0.4999999999997812
FreeSolv,Progressive,51,271,0,222,0.1,1.0241699651142366,0.9719423185129399,3,22,276,0.39999999999977975
FreeSolv,Progressive,51,272,0,504,0.1,0.891674793770734,0.9719423185129399,4,22,277,0.29999999999977833
FreeSolv,Progressive,51,273,0,604,0.1,1.374280840981096,0.9719423185129399,5,22,278,0.19999999999977688
FreeSolv,Progressive,51,274,0,582,0.1,1.1482087001223673,0.9719423185129399,6,22,279,0.09999999999977546
FreeSolv,Progressive,52,1,0,251,0.1,12.131436806787192,0.5,1,2,26,45.4
FreeSolv,Progressive,52,2,0,39,0.1,12.569231311793358,0.5,2,2,27,45.3
FreeSolv,Progressive,52,3,0,49,0.1,12.348713698301472,0.5,3,2,28,45.199999999999996
FreeSolv,Progressive,52,4,0,91,0.1,13.656992263858625,0.5,4,2,29,45.1
FreeSolv,Progressive,52,5,0,492,0.1,12.431036886043826,0.5,5,2,30,45.0
FreeSolv,Progressive,52,6,0,87,0.1,12.361159861724397,0.5,6,2,31,44.9
FreeSolv,Progressive,52,7,0,444,0.1,12.441021757355548,0.5,7,2,32,44.800000000000004
FreeSolv,Progressive,52,8,0,129,0.1,11.748958675440546,0.5,8,2,33,44.7
FreeSolv,Progressive,52,9,0,80,0.1,11.486973773094821,0.5,9,2,34,44.6
FreeSolv,Progressive,52,10,0,619,0.1,12.223139520620746,0.5,10,2,35,44.5
FreeSolv,Progressive,52,11,0,550,0.1,12.14435050608655,0.5,11,2,36,44.4
FreeSolv,Progressive,52,12,0,266,0.1,12.589423889821049,0.5,12,2,37,44.300000000000004
FreeSolv,Progressive,52,13,0,83,0.1,11.40897629873857,0.5,13,2,38,44.2
FreeSolv,Progressive,52,14,0,139,0.1,11.099363538768712,0.5,14,2,39,44.1
FreeSolv,Progressive,52,15,0,328,0.1,12.06376292304751,0.5,15,2,40,44.00000000000001
FreeSolv,Progressive,52,16,0,258,0.1,11.40283986776188,0.5,16,2,41,43.900000000000006
FreeSolv,Progressive,52,17,0,6,0.1,11.462611125209987,0.5,17,2,42,43.800000000000004
FreeSolv,Progressive,52,18,0,233,0.1,11.459317123566592,0.5,18,2,43,43.7
FreeSolv,Progressive,52,19,1,515,1.0,13.097560313916997,0.5,0,3,43,42.7
FreeSolv,Progressive,52,20,0,193,0.1,12.04514373545741,0.5,1,3,44,42.6
FreeSolv,Progressive,52,21,0,96,0.1,11.479257523697818,0.5,2,3,45,42.50000000000001
FreeSolv,Progressive,52,22,0,595,0.1,10.838977703412974,0.5,3,3,46,42.400000000000006
FreeSolv,Progressive,52,23,0,122,0.1,10.17479966831156,0.5,4,3,47,42.300000000000004
FreeSolv,Progressive,52,24,0,186,0.1,10.76192890012138,0.5,5,3,48,42.20000000000001
FreeSolv,Progressive,52,25,0,486,0.1,10.046490951458672,0.5,6,3,49,42.10000000000001
FreeSolv,Progressive,52,26,0,599,0.1,10.387837722796757,0.5,7,3,50,42.00000000000001
FreeSolv,Progressive,52,27,0,301,0.1,10.068151453287957,0.5,8,3,51,41.900000000000006
FreeSolv,Progressive,52,28,0,369,0.1,10.137615374602019,0.5,9,3,52,41.800000000000004
FreeSolv,Progressive,52,29,0,422,0.1,9.630418907491208,0.5,10,3,53,41.70000000000001
FreeSolv,Progressive,52,30,0,41,0.1,9.888755943099802,0.5,11,3,54,41.60000000000001
FreeSolv,Progressive,52,31,0,502,0.1,9.632072748486888,0.5,12,3,55,41.50000000000001
FreeSolv,Progressive,52,32,0,19,0.1,10.062466645312874,0.5,13,3,56,41.40000000000001
FreeSolv,Progressive,52,33,0,299,0.1,9.847909077311165,0.5,14,3,57,41.30000000000001
FreeSolv,Progressive,52,34,0,564,0.1,10.00978961861508,0.5,15,3,58,41.20000000000001
FreeSolv,Progressive,52,35,0,497,0.1,9.971579707388926,0.5,16,3,59,41.10000000000001
FreeSolv,Progressive,52,36,0,589,0.1,9.93123177966001,0.5,17,3,60,41.00000000000001
FreeSolv,Progressive,52,37,0,577,0.1,9.966699363155103,0.5,18,3,61,40.90000000000001
FreeSolv,Progressive,52,38,0,255,0.1,9.709375650596993,0.5,19,3,62,40.80000000000001
FreeSolv,Progressive,52,39,0,584,0.1,10.08532408275527,0.5,20,3,63,40.70000000000001
FreeSolv,Progressive,52,40,1,542,1.0,4.638646068329001,0.5,0,4,63,39.70000000000002
FreeSolv,Progressive,52,41,0,191,0.1,9.453572354888069,0.5,1,4,64,39.600000000000016
FreeSolv,Progressive,52,42,0,393,0.1,9.499580512778051,0.5,2,4,65,39.500000000000014
FreeSolv,Progressive,52,43,0,572,0.1,9.936574818172366,0.5,3,4,66,39.40000000000001
FreeSolv,Progressive,52,44,0,269,0.1,9.407289554556252,0.5,4,4,67,39.30000000000001
FreeSolv,Progressive,52,45,0,284,0.1,9.539923095592094,0.5,5,4,68,39.20000000000001
FreeSolv,Progressive,52,46,0,250,0.1,9.565727238099903,0.5,6,4,69,39.100000000000016
FreeSolv,Progressive,52,47,0,505,0.1,9.256621363662573,0.5,7,4,70,39.000000000000014
FreeSolv,Progressive,52,48,0,192,0.1,9.054534535029248,0.5,8,4,71,38.90000000000001
FreeSolv,Progressive,52,49,0,136,0.1,9.107498247508309,0.5,9,4,72,38.80000000000002
FreeSolv,Progressive,52,50,0,327,0.1,9.147525270013736,0.5,10,4,73,38.70000000000002
FreeSolv,Progressive,52,51,0,276,0.1,9.136950117880408,0.5,11,4,74,38.600000000000016
FreeSolv,Progressive,52,52,0,581,0.1,9.045589893826815,0.5,12,4,75,38.500000000000014
FreeSolv,Progressive,52,53,0,159,0.1,9.05925520121933,0.5,13,4,76,38.40000000000001
FreeSolv,Progressive,52,54,0,540,0.1,9.004869929717701,0.5,14,4,77,38.30000000000002
FreeSolv,Progressive,52,55,0,380,0.1,8.86702038419201,0.5,15,4,78,38.20000000000002
FreeSolv,Progressive,52,56,0,66,0.1,8.415747614084625,0.5,16,4,79,38.100000000000016
FreeSolv,Progressive,52,57,0,501,0.1,8.606033417610583,0.5,17,4,80,38.00000000000002
FreeSolv,Progressive,52,58,0,410,0.1,9.01528408037632,0.5,18,4,81,37.90000000000002
FreeSolv,Progressive,52,59,0,633,0.1,8.949607725000984,0.5,19,4,82,37.80000000000002
FreeSolv,Progressive,52,60,0,105,0.1,8.39464905794521,0.5,20,4,83,37.70000000000002
FreeSolv,Progressive,52,61,1,261,1.0,3.7768133699874378,0.5,0,5,83,36.70000000000002
FreeSolv,Progressive,52,62,0,337,0.1,16.78792704716572,0.9984632191451346,1,5,84,36.600000000000016
FreeSolv,Progressive,52,63,0,31,0.1,15.568511251612744,0.9984632191451346,2,5,85,36.50000000000002
FreeSolv,Progressive,52,64,0,8,0.1,16.447131420448095,0.9984632191451346,3,5,86,36.40000000000002
FreeSolv,Progressive,52,65,0,286,0.1,16.177325502223532,0.9984632191451346,4,5,87,36.30000000000002
FreeSolv,Progressive,52,66,0,436,0.1,16.56383327454692,0.9984632191451346,5,5,88,36.200000000000024
FreeSolv,Progressive,52,67,0,232,0.1,15.962336069881712,0.9984632191451346,6,5,89,36.10000000000002
FreeSolv,Progressive,52,68,0,626,0.1,15.854417797062736,0.9984632191451346,7,5,90,36.00000000000002
FreeSolv,Progressive,52,69,0,263,0.1,15.30485511310337,0.9984632191451346,8,5,91,35.90000000000002
FreeSolv,Progressive,52,70,0,279,0.1,15.942359154798824,0.9984632191451346,9,5,92,35.80000000000002
FreeSolv,Progressive,52,71,0,339,0.1,15.215644076991552,0.9984632191451346,10,5,93,35.700000000000024
FreeSolv,Progressive,52,72,0,75,0.1,15.097669962750379,0.9984632191451346,11,5,94,35.60000000000002
FreeSolv,Progressive,52,73,0,259,0.1,15.47313387002367,0.9984632191451346,12,5,95,35.50000000000002
FreeSolv,Progressive,52,74,0,379,0.1,14.171488348792801,0.9984632191451346,13,5,96,35.40000000000003
FreeSolv,Progressive,52,75,0,533,0.1,14.053539600068023,0.9984632191451346,14,5,97,35.300000000000026
FreeSolv,Progressive,52,76,0,2,0.1,13.752576979834878,0.9984632191451346,15,5,98,35.200000000000024
FreeSolv,Progressive,52,77,0,148,0.1,14.254877108072344,0.9984632191451346,16,5,99,35.10000000000002
FreeSolv,Progressive,52,78,0,204,0.1,13.535909425454763,0.9984632191451346,17,5,100,35.00000000000002
FreeSolv,Progressive,52,79,0,461,0.1,13.29681433691797,0.9984632191451346,18,5,101,34.90000000000003
FreeSolv,Progressive,52,80,0,384,0.1,13.247759807031516,0.9984632191451346,19,5,102,34.800000000000026
FreeSolv,Progressive,52,81,0,638,0.1,12.400223850598001,0.9984632191451346,20,5,103,34.700000000000024
FreeSolv,Progressive,52,82,1,596,1.0,3.9223139872288213,0.9984632191451346,0,6,103,33.70000000000003
FreeSolv,Progressive,52,83,0,319,0.1,11.941463878517332,0.9878318305638133,1,6,104,33.60000000000003
FreeSolv,Progressive,52,84,0,563,0.1,12.297716215122815,0.9878318305638133,2,6,105,33.50000000000002
FreeSolv,Progressive,52,85,0,425,0.1,11.34876435895337,0.9878318305638133,3,6,106,33.40000000000003
FreeSolv,Progressive,52,86,0,620,0.1,11.80734008832756,0.9878318305638133,4,6,107,33.30000000000002
FreeSolv,Progressive,52,87,0,53,0.1,11.51484886193649,0.9878318305638133,5,6,108,33.200000000000024
FreeSolv,Progressive,52,88,0,61,0.1,11.645172494626857,0.9878318305638133,6,6,109,33.100000000000016
FreeSolv,Progressive,52,89,0,624,0.1,12.351186916801073,0.9878318305638133,7,6,110,33.00000000000002
FreeSolv,Progressive,52,90,0,517,0.1,11.354546055662261,0.9878318305638133,8,6,111,32.90000000000001
FreeSolv,Progressive,52,91,0,413,0.1,10.817977403156315,0.9878318305638133,9,6,112,32.80000000000002
FreeSolv,Progressive,52,92,0,313,0.1,10.435483385464618,0.9878318305638133,10,6,113,32.70000000000001
FreeSolv,Progressive,52,93,0,63,0.1,10.68704050636717,0.9878318305638133,11,6,114,32.600000000000016
FreeSolv,Progressive,52,94,0,398,0.1,9.858894723865054,0.9878318305638133,12,6,115,32.50000000000001
FreeSolv,Progressive,52,95,0,622,0.1,9.581108861934325,0.9878318305638133,13,6,116,32.40000000000001
FreeSolv,Progressive,52,96,0,365,0.1,10.45314701496853,0.9878318305638133,14,6,117,32.300000000000004
FreeSolv,Progressive,52,97,0,546,0.1,9.942623050368189,0.9878318305638133,15,6,118,32.20000000000001
FreeSolv,Progressive,52,98,0,147,0.1,10.228998146777439,0.9878318305638133,16,6,119,32.1
FreeSolv,Progressive,52,99,0,463,0.1,10.396335767287782,0.9878318305638133,17,6,120,32.00000000000001
FreeSolv,Progressive,52,100,0,597,0.1,9.506080401974527,0.9878318305638133,18,6,121,31.9
FreeSolv,Progressive,52,101,0,206,0.1,9.368572949268398,0.9878318305638133,19,6,122,31.8
FreeSolv,Progressive,52,102,0,86,0.1,9.84448460142163,0.9878318305638133,20,6,123,31.7
FreeSolv,Progressive,52,103,1,212,1.0,3.0920598598636477,0.9878318305638133,0,7,123,30.7
FreeSolv,Progressive,52,104,0,472,0.1,8.625720315946083,0.9849250380787091,1,7,124,30.599999999999998
FreeSolv,Progressive,52,105,0,351,0.1,8.808120143858554,0.9849250380787091,2,7,125,30.499999999999996
FreeSolv,Progressive,52,106,0,471,0.1,8.630216501491258,0.9849250380787091,3,7,126,30.399999999999995
FreeSolv,Progressive,52,107,0,84,0.1,9.028641041715426,0.9849250380787091,4,7,127,30.299999999999994
FreeSolv,Progressive,52,108,0,30,0.1,9.052079531352371,0.9849250380787091,5,7,128,30.199999999999992
FreeSolv,Progressive,52,109,0,126,0.1,8.641189126898473,0.9849250380787091,6,7,129,30.09999999999999
FreeSolv,Progressive,52,110,0,289,0.1,7.898626827905124,0.9849250380787091,7,7,130,29.99999999999999
FreeSolv,Progressive,52,111,0,214,0.1,9.382931679945198,0.9849250380787091,8,7,131,29.899999999999988
FreeSolv,Progressive,52,112,0,257,0.1,8.553525125163967,0.9849250380787091,9,7,132,29.799999999999986
FreeSolv,Progressive,52,113,0,592,0.1,8.505977425230434,0.9849250380787091,10,7,133,29.699999999999985
FreeSolv,Progressive,52,114,0,104,0.1,8.314004521527863,0.9849250380787091,11,7,134,29.599999999999984
FreeSolv,Progressive,52,115,0,499,0.1,7.928945539933115,0.9849250380787091,12,7,135,29.499999999999982
FreeSolv,Progressive,52,116,0,282,0.1,7.875900491689569,0.9849250380787091,13,7,136,29.39999999999998
FreeSolv,Progressive,52,117,0,317,0.1,8.0140187550476,0.9849250380787091,14,7,137,29.29999999999998
FreeSolv,Progressive,52,118,0,85,0.1,7.401668490162191,0.9849250380787091,15,7,138,29.199999999999978
FreeSolv,Progressive,52,119,0,437,0.1,7.669605597999346,0.9849250380787091,16,7,139,29.099999999999977
FreeSolv,Progressive,52,120,0,10,0.1,7.642278109461915,0.9849250380787091,17,7,140,28.999999999999975
FreeSolv,Progressive,52,121,0,361,0.1,7.3940902608908585,0.9849250380787091,18,7,141,28.899999999999974
FreeSolv,Progressive,52,122,0,272,0.1,7.44661584286406,0.9849250380787091,19,7,142,28.799999999999972
FreeSolv,Progressive,52,123,0,383,0.1,7.46117117327392,0.9849250380787091,20,7,143,28.69999999999997
FreeSolv,Progressive,52,124,1,210,1.0,3.641804432960577,0.9849250380787091,0,8,143,27.69999999999997
FreeSolv,Progressive,52,125,0,106,0.1,8.128434081375195,0.9849250380787091,1,8,144,27.59999999999997
FreeSolv,Progressive,52,126,0,200,0.1,7.504022295313428,0.9849250380787091,2,8,145,27.499999999999968
FreeSolv,Progressive,52,127,0,99,0.1,7.399156279759292,0.9849250380787091,3,8,146,27.399999999999967
FreeSolv,Progressive,52,128,0,77,0.1,7.208580011792838,0.9849250380787091,4,8,147,27.299999999999965
FreeSolv,Progressive,52,129,0,110,0.1,7.262490850642023,0.9849250380787091,5,8,148,27.199999999999964
FreeSolv,Progressive,52,130,0,377,0.1,7.659334256589014,0.9849250380787091,6,8,149,27.099999999999962
FreeSolv,Progressive,52,131,0,532,0.1,7.379599362806806,0.9849250380787091,7,8,150,26.99999999999996
FreeSolv,Progressive,52,132,0,524,0.1,6.855827718956325,0.9849250380787091,8,8,151,26.89999999999996
FreeSolv,Progressive,52,133,0,456,0.1,6.731220284611926,0.9849250380787091,9,8,152,26.799999999999958
FreeSolv,Progressive,52,134,0,618,0.1,6.54217027758846,0.9849250380787091,10,8,153,26.699999999999957
FreeSolv,Progressive,52,135,0,451,0.1,6.849308142995254,0.9849250380787091,11,8,154,26.599999999999955
FreeSolv,Progressive,52,136,0,128,0.1,6.643421069492642,0.9849250380787091,12,8,155,26.499999999999954
FreeSolv,Progressive,52,137,0,386,0.1,7.292727062251109,0.9849250380787091,13,8,156,26.399999999999952
FreeSolv,Progressive,52,138,0,141,0.1,7.253469827967055,0.9849250380787091,14,8,157,26.29999999999995
FreeSolv,Progressive,52,139,0,100,0.1,6.585015524134557,0.9849250380787091,15,8,158,26.19999999999995
FreeSolv,Progressive,52,140,0,238,0.1,6.803776218039414,0.9849250380787091,16,8,159,26.099999999999948
FreeSolv,Progressive,52,141,0,608,0.1,6.786886206957233,0.9849250380787091,17,8,160,25.999999999999947
FreeSolv,Progressive,52,142,0,280,0.1,6.332351370877074,0.9849250380787091,18,8,161,25.899999999999945
FreeSolv,Progressive,52,143,0,178,0.1,6.015916825611558,0.9849250380787091,19,8,162,25.799999999999944
FreeSolv,Progressive,52,144,0,368,0.1,5.593825664533814,0.9849250380787091,20,8,163,25.699999999999942
FreeSolv,Progressive,52,145,1,182,1.0,3.785760218794762,0.9849250380787091,0,9,163,24.699999999999942
FreeSolv,Progressive,52,146,0,631,0.1,5.2932591832727045,0.8729231251717169,1,9,164,24.59999999999994
FreeSolv,Progressive,52,147,0,293,0.1,4.89918661399466,0.8729231251717169,2,9,165,24.49999999999994
FreeSolv,Progressive,52,148,0,37,0.1,5.039815899494782,0.8729231251717169,3,9,166,24.399999999999938
FreeSolv,Progressive,52,149,0,119,0.1,4.77940307311521,0.8729231251717169,4,9,167,24.299999999999937
FreeSolv,Progressive,52,150,0,283,0.1,4.636056307970427,0.8729231251717169,5,9,168,24.199999999999935
FreeSolv,Progressive,52,151,0,181,0.1,5.095439792891516,0.8729231251717169,6,9,169,24.099999999999934
FreeSolv,Progressive,52,152,0,172,0.1,4.699343660061188,0.8729231251717169,7,9,170,23.999999999999932
FreeSolv,Progressive,52,153,0,140,0.1,5.0170020744157595,0.8729231251717169,8,9,171,23.89999999999993
FreeSolv,Progressive,52,154,0,224,0.1,5.243850767507597,0.8729231251717169,9,9,172,23.79999999999993
FreeSolv,Progressive,52,155,0,330,0.1,4.438032431963077,0.8729231251717169,10,9,173,23.69999999999993
FreeSolv,Progressive,52,156,0,64,0.1,4.3823352638061355,0.8729231251717169,11,9,174,23.599999999999927
FreeSolv,Progressive,52,157,0,54,0.1,4.549424691110541,0.8729231251717169,12,9,175,23.499999999999925
FreeSolv,Progressive,52,158,0,131,0.1,4.660927762522003,0.8729231251717169,13,9,176,23.399999999999924
FreeSolv,Progressive,52,159,0,149,0.1,3.960107386786316,0.8729231251717169,14,9,177,23.299999999999923
FreeSolv,Progressive,52,160,0,336,0.1,4.743433811667715,0.8729231251717169,15,9,178,23.19999999999992
FreeSolv,Progressive,52,161,0,485,0.1,4.986414722828611,0.8729231251717169,16,9,179,23.09999999999992
FreeSolv,Progressive,52,162,0,446,0.1,4.529864050984244,0.8729231251717169,17,9,180,22.99999999999992
FreeSolv,Progressive,52,163,0,165,0.1,4.71178462338157,0.8729231251717169,18,9,181,22.899999999999917
FreeSolv,Progressive,52,164,0,445,0.1,4.396605272786454,0.8729231251717169,19,9,182,22.799999999999915
FreeSolv,Progressive,52,165,0,509,0.1,4.190309355577268,0.8729231251717169,20,9,183,22.699999999999914
FreeSolv,Progressive,52,166,1,39,1.0,1.4234006438944715,0.8729231251717169,0,10,183,21.699999999999914
FreeSolv,Progressive,52,167,0,268,0.1,4.026655283680288,0.8936782851073405,1,10,184,21.599999999999913
FreeSolv,Progressive,52,168,0,166,0.1,4.318823025614998,0.8936782851073405,2,10,185,21.49999999999991
FreeSolv,Progressive,52,169,0,432,0.1,4.1344715117316655,0.8936782851073405,3,10,186,21.39999999999991
FreeSolv,Progressive,52,170,0,183,0.1,4.049807317411537,0.8936782851073405,4,10,187,21.29999999999991
FreeSolv,Progressive,52,171,0,558,0.1,3.8636615144111612,0.8936782851073405,5,10,188,21.199999999999907
FreeSolv,Progressive,52,172,0,406,0.1,4.027360291748409,0.8936782851073405,6,10,189,21.099999999999905
FreeSolv,Progressive,52,173,0,560,0.1,3.8743784528078073,0.8936782851073405,7,10,190,20.999999999999904
FreeSolv,Progressive,52,174,0,371,0.1,3.781802192508447,0.8936782851073405,8,10,191,20.899999999999903
FreeSolv,Progressive,52,175,0,528,0.1,3.748845291217105,0.8936782851073405,9,10,192,20.7999999999999
FreeSolv,Progressive,52,176,0,500,0.1,3.438531941792511,0.8936782851073405,10,10,193,20.6999999999999
FreeSolv,Progressive,52,177,0,473,0.1,3.541662666359046,0.8936782851073405,11,10,194,20.5999999999999
FreeSolv,Progressive,52,178,0,102,0.1,3.762107730107224,0.8936782851073405,12,10,195,20.499999999999897
FreeSolv,Progressive,52,179,0,615,0.1,4.62216209298742,0.8936782851073405,13,10,196,20.399999999999896
FreeSolv,Progressive,52,180,0,496,0.1,3.7236744171533953,0.8936782851073405,14,10,197,20.299999999999894
FreeSolv,Progressive,52,181,0,399,0.1,3.2217927218133102,0.8936782851073405,15,10,198,20.199999999999893
FreeSolv,Progressive,52,182,0,357,0.1,3.3961538875209065,0.8936782851073405,16,10,199,20.09999999999989
FreeSolv,Progressive,52,183,0,591,0.1,3.605748833201681,0.8936782851073405,17,10,200,19.99999999999989
FreeSolv,Progressive,52,184,0,300,0.1,3.714304286644077,0.8936782851073405,18,10,201,19.89999999999989
FreeSolv,Progressive,52,185,0,613,0.1,3.209569195818039,0.8936782851073405,19,10,202,19.799999999999887
FreeSolv,Progressive,52,186,0,440,0.1,3.52567182050905,0.8936782851073405,20,10,203,19.699999999999886
FreeSolv,Progressive,52,187,1,328,1.0,2.114701729782262,0.8936782851073405,0,11,203,18.699999999999886
FreeSolv,Progressive,52,188,0,603,0.1,3.3081011153673705,0.8996639380392846,1,11,204,18.599999999999884
FreeSolv,Progressive,52,189,0,118,0.1,3.208403511826836,0.8996639380392846,2,11,205,18.499999999999883
FreeSolv,Progressive,52,190,0,161,0.1,3.7305499092578795,0.8996639380392846,3,11,206,18.39999999999988
FreeSolv,Progressive,52,191,0,548,0.1,2.8446681050953697,0.8996639380392846,4,11,207,18.29999999999988
FreeSolv,Progressive,52,192,0,475,0.1,3.2841849896183763,0.8996639380392846,5,11,208,18.19999999999988
FreeSolv,Progressive,52,193,0,341,0.1,3.057346626722242,0.8996639380392846,6,11,209,18.099999999999877
FreeSolv,Progressive,52,194,0,315,0.1,3.0424031613015132,0.8996639380392846,7,11,210,17.999999999999876
FreeSolv,Progressive,52,195,0,25,0.1,2.981725462872521,0.8996639380392846,8,11,211,17.899999999999878
FreeSolv,Progressive,52,196,0,443,0.1,3.162747469218961,0.8996639380392846,9,11,212,17.799999999999876
FreeSolv,Progressive,52,197,0,452,0.1,2.8247217918122374,0.8996639380392846,10,11,213,17.699999999999875
FreeSolv,Progressive,52,198,0,578,0.1,3.1501943008539306,0.8996639380392846,11,11,214,17.599999999999874
FreeSolv,Progressive,52,199,0,174,0.1,3.0570707859876443,0.8996639380392846,12,11,215,17.499999999999872
FreeSolv,Progressive,52,200,0,459,0.1,2.9272851358417706,0.8996639380392846,13,11,216,17.39999999999987
FreeSolv,Progressive,52,201,0,320,0.1,3.034147731526852,0.8996639380392846,14,11,217,17.29999999999987
FreeSolv,Progressive,52,202,0,588,0.1,2.4433858376100948,0.8996639380392846,15,11,218,17.199999999999868
FreeSolv,Progressive,52,203,0,338,0.1,2.6001318230913633,0.8996639380392846,16,11,219,17.099999999999866
FreeSolv,Progressive,52,204,0,16,0.1,2.243693885293199,0.8996639380392846,17,11,220,16.999999999999865
FreeSolv,Progressive,52,205,0,314,0.1,2.270230111232479,0.8996639380392846,18,11,221,16.899999999999864
FreeSolv,Progressive,52,206,0,325,0.1,3.0975558196765434,0.8996639380392846,19,11,222,16.799999999999862
FreeSolv,Progressive,52,207,0,113,0.1,2.4142209492954514,0.8996639380392846,20,11,223,16.69999999999986
FreeSolv,Progressive,52,208,1,266,1.0,1.44533039572307,0.8996639380392846,0,12,223,15.69999999999986
FreeSolv,Progressive,52,209,0,152,0.1,2.477137707839838,0.9017365203690331,1,12,224,15.599999999999861
FreeSolv,Progressive,52,210,0,530,0.1,2.405411773890191,0.9017365203690331,2,12,225,15.49999999999986
FreeSolv,Progressive,52,211,1,146,1.0,2.8133014843770185,0.9017365203690331,0,13,225,14.499999999999858
FreeSolv,Progressive,52,212,0,22,0.1,2.711907994301446,0.9017365203690331,1,13,226,14.399999999999858
FreeSolv,Progressive,52,213,0,187,0.1,2.355866076995922,0.9017365203690331,2,13,227,14.299999999999857
FreeSolv,Progressive,52,214,0,335,0.1,2.581807251460194,0.9017365203690331,3,13,228,14.199999999999855
FreeSolv,Progressive,52,215,0,484,0.1,2.3136343448892496,0.9017365203690331,4,13,229,14.099999999999854
FreeSolv,Progressive,52,216,1,160,1.0,2.228925202583511,0.9017365203690331,0,14,229,13.099999999999852
FreeSolv,Progressive,52,217,0,366,0.1,2.184924223025069,0.9344144817244173,1,14,230,12.999999999999853
FreeSolv,Progressive,52,218,0,534,0.1,2.171243913390827,0.9344144817244173,2,14,231,12.899999999999851
FreeSolv,Progressive,52,219,0,487,0.1,2.0647103414503256,0.9344144817244173,3,14,232,12.79999999999985
FreeSolv,Progressive,52,220,0,156,0.1,2.187273235072861,0.9344144817244173,4,14,233,12.699999999999848
FreeSolv,Progressive,52,221,0,14,0.1,2.401220595686764,0.9344144817244173,5,14,234,12.599999999999847
FreeSolv,Progressive,52,222,0,285,0.1,2.1953787910917133,0.9344144817244173,6,14,235,12.499999999999845
FreeSolv,Progressive,52,223,0,194,0.1,2.1348091737962136,0.9344144817244173,7,14,236,12.399999999999844
FreeSolv,Progressive,52,224,0,223,0.1,2.1333244497421697,0.9344144817244173,8,14,237,12.299999999999843
FreeSolv,Progressive,52,225,0,219,0.1,1.9688465507212989,0.9344144817244173,9,14,238,12.199999999999841
FreeSolv,Progressive,52,226,0,175,0.1,2.4273811909562757,0.9344144817244173,10,14,239,12.09999999999984
FreeSolv,Progressive,52,227,0,135,0.1,2.46396054116459,0.9344144817244173,11,14,240,11.999999999999838
FreeSolv,Progressive,52,228,0,253,0.1,1.8003028533351855,0.9344144817244173,12,14,241,11.899999999999837
FreeSolv,Progressive,52,229,0,43,0.1,2.051882191290169,0.9344144817244173,13,14,242,11.799999999999836
FreeSolv,Progressive,52,230,0,273,0.1,2.2507482265061607,0.9344144817244173,14,14,243,11.699999999999834
FreeSolv,Progressive,52,231,0,352,0.1,1.8754296353390012,0.9344144817244173,15,14,244,11.599999999999833
FreeSolv,Progressive,52,232,0,167,0.1,1.8045175587551734,0.9344144817244173,16,14,245,11.499999999999831
FreeSolv,Progressive,52,233,0,180,0.1,1.9613503826225522,0.9344144817244173,17,14,246,11.39999999999983
FreeSolv,Progressive,52,234,0,59,0.1,2.2938112712029843,0.9344144817244173,18,14,247,11.299999999999828
FreeSolv,Progressive,52,235,0,220,0.1,1.843083897028568,0.9344144817244173,19,14,248,11.199999999999827
FreeSolv,Progressive,52,236,0,353,0.1,1.686267071168285,0.9344144817244173,20,14,249,11.099999999999826
FreeSolv,Progressive,52,237,1,61,1.0,1.1929598048407226,0.9344144817244173,0,15,249,10.099999999999824
FreeSolv,Progressive,52,238,0,506,0.1,1.7363553644314125,0.9160151756083244,1,15,250,9.999999999999824
FreeSolv,Progressive,52,239,0,94,0.1,1.4701979910456797,0.9160151756083244,2,15,251,9.899999999999823
FreeSolv,Progressive,52,240,0,145,0.1,1.4093540041245396,0.9160151756083244,3,15,252,9.799999999999821
FreeSolv,Progressive,52,241,0,435,0.1,1.4699403935227846,0.9160151756083244,4,15,253,9.69999999999982
FreeSolv,Progressive,52,242,1,49,1.0,1.717996834935298,0.9160151756083244,0,16,253,8.699999999999818
FreeSolv,Progressive,52,243,0,115,0.1,1.5324413863013242,0.9203434661935381,1,16,254,8.599999999999818
FreeSolv,Progressive,52,244,0,231,0.1,1.565273776209995,0.9203434661935381,2,16,255,8.499999999999817
FreeSolv,Progressive,52,245,0,464,0.1,1.3920698275646537,0.9203434661935381,3,16,256,8.399999999999816
FreeSolv,Progressive,52,246,0,340,0.1,1.2941327567880718,0.9203434661935381,4,16,257,8.299999999999814
FreeSolv,Progressive,52,247,0,292,0.1,1.3313823230719364,0.9203434661935381,5,16,258,8.199999999999813
FreeSolv,Progressive,52,248,0,216,0.1,1.4301798650475284,0.9203434661935381,6,16,259,8.099999999999811
FreeSolv,Progressive,52,249,1,550,1.0,1.3277537319844934,0.9203434661935381,0,17,259,7.09999999999981
FreeSolv,Progressive,52,250,0,354,0.1,1.4692583551515705,0.9210373019005399,1,17,260,6.99999999999981
FreeSolv,Progressive,52,251,0,363,0.1,1.7487872529813098,0.9210373019005399,2,17,261,6.8999999999998085
FreeSolv,Progressive,52,252,0,26,0.1,1.442995075711302,0.9210373019005399,3,17,262,6.799999999999807
FreeSolv,Progressive,52,253,0,290,0.1,1.1912494711487764,0.9210373019005399,4,17,263,6.699999999999806
FreeSolv,Progressive,52,254,1,492,1.0,1.0785397507315078,0.9210373019005399,0,18,263,5.699999999999804
FreeSolv,Progressive,52,255,0,67,0.1,1.3128911807913608,0.9252860932399737,1,18,264,5.599999999999804
FreeSolv,Progressive,52,256,0,519,0.1,1.4204109233571771,0.9252860932399737,2,18,265,5.499999999999803
FreeSolv,Progressive,52,257,0,138,0.1,1.448357361555086,0.9252860932399737,3,18,266,5.399999999999801
FreeSolv,Progressive,52,258,0,453,0.1,1.2996588302887158,0.9252860932399737,4,18,267,5.2999999999998
FreeSolv,Progressive,52,259,0,130,0.1,1.06253389230683,0.9252860932399737,5,18,268,5.199999999999799
FreeSolv,Progressive,52,260,0,604,0.1,1.399722566812103,0.9252860932399737,6,18,269,5.099999999999797
FreeSolv,Progressive,52,261,1,87,1.0,1.0391627879413792,0.9252860932399737,0,19,269,4.099999999999795
FreeSolv,Progressive,52,262,0,287,0.1,1.1988975099101224,0.9281891161577798,1,19,270,3.9999999999997953
FreeSolv,Progressive,52,263,0,304,0.1,1.2465207701758032,0.9281891161577798,2,19,271,3.899999999999794
FreeSolv,Progressive,52,264,0,168,0.1,1.2290677218417685,0.9281891161577798,3,19,272,3.7999999999997924
FreeSolv,Progressive,52,265,1,313,1.0,1.279937679726527,0.9281891161577798,0,20,272,2.799999999999791
FreeSolv,Progressive,52,266,0,491,0.1,1.1373828880916135,0.9298199947429131,1,20,273,2.699999999999791
FreeSolv,Progressive,52,267,0,42,0.1,1.2047165566770845,0.9298199947429131,2,20,274,2.5999999999997896
FreeSolv,Progressive,52,268,0,246,0.1,1.0101279769528322,0.9298199947429131,3,20,275,2.499999999999788
FreeSolv,Progressive,52,269,0,481,0.1,1.1329145900999842,0.9298199947429131,4,20,276,2.3999999999997867
FreeSolv,Progressive,52,270,0,222,0.1,1.178188658823433,0.9298199947429131,5,20,277,2.2999999999997853
FreeSolv,Progressive,52,271,0,271,0.1,0.991594239493494,0.9298199947429131,6,20,278,2.199999999999784
FreeSolv,Progressive,52,272,1,122,1.0,1.0184129717404424,0.9298199947429131,0,21,278,1.1999999999997826
FreeSolv,Progressive,52,273,0,401,0.1,1.017364702842622,0.9309655974814776,1,21,279,1.0999999999997825
FreeSolv,Progressive,52,274,1,444,1.0,1.040326951716148,0.9309655974814776,0,22,279,0.09999999999978115
FreeSolv,Progressive,53,1,0,144,0.1,13.546600549217269,0.5,1,2,26,45.4
FreeSolv,Progressive,53,2,1,515,1.0,12.19771701600744,0.5,0,3,26,44.4
FreeSolv,Progressive,53,3,0,437,0.1,10.124091029819208,0.5,1,3,27,44.3
FreeSolv,Progressive,53,4,0,251,0.1,10.247255136134907,0.5,2,3,28,44.199999999999996
FreeSolv,Progressive,53,5,0,49,0.1,10.71583945476815,0.5,3,3,29,44.1
FreeSolv,Progressive,53,6,0,631,0.1,10.36487800229661,0.5,4,3,30,44.0
FreeSolv,Progressive,53,7,0,91,0.1,10.505300331462614,0.5,5,3,31,43.9
FreeSolv,Progressive,53,8,0,122,0.1,9.29617081049018,0.5,6,3,32,43.800000000000004
FreeSolv,Progressive,53,9,0,499,0.1,9.601039820383175,0.5,7,3,33,43.7
FreeSolv,Progressive,53,10,0,550,0.1,8.792546909563818,0.5,8,3,34,43.6
FreeSolv,Progressive,53,11,0,61,0.1,8.484896091019824,0.5,9,3,35,43.5
FreeSolv,Progressive,53,12,0,377,0.1,8.700434461179036,0.5,10,3,36,43.4
FreeSolv,Progressive,53,13,0,276,0.1,7.9848852559091865,0.5,11,3,37,43.300000000000004
FreeSolv,Progressive,53,14,0,139,0.1,8.390937220202778,0.5,12,3,38,43.2
FreeSolv,Progressive,53,15,0,266,0.1,8.622672224261994,0.5,13,3,39,43.1
FreeSolv,Progressive,53,16,0,292,0.1,7.443499095086337,0.5,14,3,40,43.00000000000001
FreeSolv,Progressive,53,17,0,284,0.1,8.403256977870962,0.5,15,3,41,42.900000000000006
FreeSolv,Progressive,53,18,0,193,0.1,8.207194701922402,0.5,16,3,42,42.800000000000004
FreeSolv,Progressive,53,19,0,261,0.1,8.882976053835486,0.5,17,3,43,42.7
FreeSolv,Progressive,53,20,0,39,0.1,8.814411657254016,0.5,18,3,44,42.6
FreeSolv,Progressive,53,21,0,492,0.1,9.650867482032554,0.5,19,3,45,42.50000000000001
FreeSolv,Progressive,53,22,0,87,0.1,9.22316260376292,0.5,20,3,46,42.400000000000006
FreeSolv,Progressive,53,23,1,292,1.0,4.3587157511506085,0.5,0,4,46,41.400000000000006
FreeSolv,Progressive,53,24,0,444,0.1,9.57682288356712,0.5,1,4,47,41.300000000000004
FreeSolv,Progressive,53,25,0,595,0.1,9.000011526767917,0.5,2,4,48,41.20000000000001
FreeSolv,Progressive,53,26,0,41,0.1,8.384325275635778,0.5,3,4,49,41.10000000000001
FreeSolv,Progressive,53,27,0,129,0.1,9.126630750877958,0.5,4,4,50,41.00000000000001
FreeSolv,Progressive,53,28,0,80,0.1,8.673017099806852,0.5,5,4,51,40.900000000000006
FreeSolv,Progressive,53,29,0,83,0.1,8.970913540827032,0.5,6,4,52,40.800000000000004
FreeSolv,Progressive,53,30,0,619,0.1,8.731346245996344,0.5,7,4,53,40.70000000000001
FreeSolv,Progressive,53,31,0,328,0.1,8.828229401627375,0.5,8,4,54,40.60000000000001
FreeSolv,Progressive,53,32,0,233,0.1,8.557403870730244,0.5,9,4,55,40.50000000000001
FreeSolv,Progressive,53,33,0,96,0.1,8.34725420530997,0.5,10,4,56,40.40000000000001
FreeSolv,Progressive,53,34,0,380,0.1,8.3790675603883,0.5,11,4,57,40.30000000000001
FreeSolv,Progressive,53,35,0,258,0.1,8.12376849040746,0.5,12,4,58,40.20000000000001
FreeSolv,Progressive,53,36,0,6,0.1,8.47204040530218,0.5,13,4,59,40.10000000000001
FreeSolv,Progressive,53,37,0,599,0.1,7.703748403003816,0.5,14,4,60,40.00000000000001
FreeSolv,Progressive,53,38,0,564,0.1,8.221165492724886,0.5,15,4,61,39.90000000000001
FreeSolv,Progressive,53,39,0,501,0.1,8.124859736110734,0.5,16,4,62,39.80000000000001
FreeSolv,Progressive,53,40,0,393,0.1,8.850395979867173,0.5,17,4,63,39.70000000000001
FreeSolv,Progressive,53,41,0,502,0.1,8.150877743803264,0.5,18,4,64,39.600000000000016
FreeSolv,Progressive,53,42,0,8,0.1,8.535036190394779,0.5,19,4,65,39.500000000000014
FreeSolv,Progressive,53,43,0,301,0.1,8.211877977879496,0.5,20,4,66,39.40000000000001
FreeSolv,Progressive,53,44,1,160,1.0,3.198270398054775,0.5,0,5,66,38.40000000000001
FreeSolv,Progressive,53,45,0,269,0.1,16.072124176958063,0.9985021518004579,1,5,67,38.30000000000001
FreeSolv,Progressive,53,46,0,286,0.1,16.882644183417277,0.9985021518004579,2,5,68,38.20000000000001
FreeSolv,Progressive,53,47,0,232,0.1,15.68778791599646,0.9985021518004579,3,5,69,38.100000000000016
FreeSolv,Progressive,53,48,0,422,0.1,16.37775683741057,0.9985021518004579,4,5,70,38.000000000000014
FreeSolv,Progressive,53,49,0,497,0.1,15.500597502706128,0.9985021518004579,5,5,71,37.90000000000001
FreeSolv,Progressive,53,50,0,577,0.1,15.94929752391906,0.9985021518004579,6,5,72,37.80000000000002
FreeSolv,Progressive,53,51,0,250,0.1,16.55426095554791,0.9985021518004579,7,5,73,37.70000000000002
FreeSolv,Progressive,53,52,0,572,0.1,15.656805397227235,0.9985021518004579,8,5,74,37.600000000000016
FreeSolv,Progressive,53,53,0,19,0.1,15.969102635967852,0.9985021518004579,9,5,75,37.500000000000014
FreeSolv,Progressive,53,54,0,633,0.1,15.411374741160587,0.9985021518004579,10,5,76,37.40000000000001
FreeSolv,Progressive,53,55,0,589,0.1,15.7135082047279,0.9985021518004579,11,5,77,37.30000000000002
FreeSolv,Progressive,53,56,0,584,0.1,15.71401881043546,0.9985021518004579,12,5,78,37.20000000000002
FreeSolv,Progressive,53,57,0,505,0.1,15.194560967968808,0.9985021518004579,13,5,79,37.100000000000016
FreeSolv,Progressive,53,58,0,255,0.1,15.84447868864428,0.9985021518004579,14,5,80,37.00000000000002
FreeSolv,Progressive,53,59,0,581,0.1,15.29059457432605,0.9985021518004579,15,5,81,36.90000000000002
FreeSolv,Progressive,53,60,0,136,0.1,15.355464117120853,0.9985021518004579,16,5,82,36.80000000000002
FreeSolv,Progressive,53,61,0,540,0.1,15.13700326122513,0.9985021518004579,17,5,83,36.70000000000002
FreeSolv,Progressive,53,62,0,299,0.1,16.157493726304832,0.9985021518004579,18,5,84,36.600000000000016
FreeSolv,Progressive,53,63,0,533,0.1,14.646979815646853,0.9985021518004579,19,5,85,36.50000000000002
FreeSolv,Progressive,53,64,0,192,0.1,15.570693443584087,0.9985021518004579,20,5,86,36.40000000000002
FreeSolv,Progressive,53,65,1,193,1.0,2.515960153673387,0.9985021518004579,0,6,86,35.40000000000002
FreeSolv,Progressive,53,66,0,638,0.1,15.077225041643008,0.9981364287459391,1,6,87,35.30000000000002
FreeSolv,Progressive,53,67,0,159,0.1,14.149648868591173,0.9981364287459391,2,6,88,35.200000000000024
FreeSolv,Progressive,53,68,0,626,0.1,14.40882932974493,0.9981364287459391,3,6,89,35.10000000000002
FreeSolv,Progressive,53,69,0,105,0.1,14.268667218498171,0.9981364287459391,4,6,90,35.00000000000002
FreeSolv,Progressive,53,70,0,410,0.1,14.24381522147094,0.9981364287459391,5,6,91,34.90000000000002
FreeSolv,Progressive,53,71,0,339,0.1,13.751825781156745,0.9981364287459391,6,6,92,34.80000000000002
FreeSolv,Progressive,53,72,0,461,0.1,12.995924033150114,0.9981364287459391,7,6,93,34.700000000000024
FreeSolv,Progressive,53,73,0,369,0.1,13.297319997032224,0.9981364287459391,8,6,94,34.60000000000002
FreeSolv,Progressive,53,74,0,486,0.1,13.781198400604127,0.9981364287459391,9,6,95,34.50000000000002
FreeSolv,Progressive,53,75,0,327,0.1,13.183340503356249,0.9981364287459391,10,6,96,34.40000000000003
FreeSolv,Progressive,53,76,0,66,0.1,13.063623871240901,0.9981364287459391,11,6,97,34.300000000000026
FreeSolv,Progressive,53,77,0,337,0.1,13.390584974128183,0.9981364287459391,12,6,98,34.200000000000024
FreeSolv,Progressive,53,78,0,75,0.1,13.85918373393971,0.9981364287459391,13,6,99,34.10000000000002
FreeSolv,Progressive,53,79,0,191,0.1,14.096122613732597,0.9981364287459391,14,6,100,34.00000000000002
FreeSolv,Progressive,53,80,0,31,0.1,12.547213027921222,0.9981364287459391,15,6,101,33.90000000000003
FreeSolv,Progressive,53,81,0,279,0.1,13.647592585985864,0.9981364287459391,16,6,102,33.800000000000026
FreeSolv,Progressive,53,82,0,379,0.1,11.99942126607164,0.9981364287459391,17,6,103,33.700000000000024
FreeSolv,Progressive,53,83,0,517,0.1,12.344247837192421,0.9981364287459391,18,6,104,33.60000000000002
FreeSolv,Progressive,53,84,0,282,0.1,12.518627329509448,0.9981364287459391,19,6,105,33.50000000000002
FreeSolv,Progressive,53,85,0,259,0.1,12.063834159845168,0.9981364287459391,20,6,106,33.40000000000002
FreeSolv,Progressive,53,86,1,261,1.0,2.048523148130693,0.9981364287459391,0,7,106,32.40000000000002
FreeSolv,Progressive,53,87,0,2,0.1,11.75580282151962,0.9978518360757817,1,7,107,32.30000000000002
FreeSolv,Progressive,53,88,0,263,0.1,11.32411368813234,0.9978518360757817,2,7,108,32.20000000000002
FreeSolv,Progressive,53,89,0,436,0.1,12.609907178459864,0.9978518360757817,3,7,109,32.100000000000016
FreeSolv,Progressive,53,90,0,563,0.1,11.412492946462018,0.9978518360757817,4,7,110,32.000000000000014
FreeSolv,Progressive,53,91,0,620,0.1,10.824280664671326,0.9978518360757817,5,7,111,31.900000000000013
FreeSolv,Progressive,53,92,0,148,0.1,10.255583472589251,0.9978518360757817,6,7,112,31.80000000000001
FreeSolv,Progressive,53,93,0,597,0.1,10.276455296366468,0.9978518360757817,7,7,113,31.70000000000001
FreeSolv,Progressive,53,94,0,319,0.1,10.537739521696826,0.9978518360757817,8,7,114,31.60000000000001
FreeSolv,Progressive,53,95,0,186,0.1,10.609588262769122,0.9978518360757817,9,7,115,31.500000000000007
FreeSolv,Progressive,53,96,0,624,0.1,10.41053422539228,0.9978518360757817,10,7,116,31.400000000000006
FreeSolv,Progressive,53,97,0,313,0.1,12.361318112068515,0.9978518360757817,11,7,117,31.300000000000004
FreeSolv,Progressive,53,98,0,592,0.1,10.132313557900758,0.9978518360757817,12,7,118,31.200000000000003
FreeSolv,Progressive,53,99,0,53,0.1,9.945001592271902,0.9978518360757817,13,7,119,31.1
FreeSolv,Progressive,53,100,0,384,0.1,9.383581375136187,0.9978518360757817,14,7,120,31.0
FreeSolv,Progressive,53,101,0,413,0.1,9.211630107259655,0.9978518360757817,15,7,121,30.9
FreeSolv,Progressive,53,102,0,204,0.1,9.775643495089048,0.9978518360757817,16,7,122,30.799999999999997
FreeSolv,Progressive,53,103,0,84,0.1,8.664735567675567,0.9978518360757817,17,7,123,30.699999999999996
FreeSolv,Progressive,53,104,0,77,0.1,8.874586879923974,0.9978518360757817,18,7,124,30.599999999999994
FreeSolv,Progressive,53,105,0,257,0.1,9.593984894941675,0.9978518360757817,19,7,125,30.499999999999993
FreeSolv,Progressive,53,106,0,206,0.1,8.88728458893157,0.9978518360757817,20,7,126,30.39999999999999
FreeSolv,Progressive,53,107,1,405,1.0,3.7591447655508405,0.9978518360757817,0,8,126,29.39999999999999
FreeSolv,Progressive,53,108,0,456,0.1,8.256070337493814,0.9903505092018176,1,8,127,29.29999999999999
FreeSolv,Progressive,53,109,0,147,0.1,8.042360455946273,0.9903505092018176,2,8,128,29.19999999999999
FreeSolv,Progressive,53,110,0,140,0.1,8.428914642030502,0.9903505092018176,3,8,129,29.099999999999987
FreeSolv,Progressive,53,111,0,472,0.1,8.211700455641399,0.9903505092018176,4,8,130,28.999999999999986
FreeSolv,Progressive,53,112,0,425,0.1,8.115297397256395,0.9903505092018176,5,8,131,28.899999999999984
FreeSolv,Progressive,53,113,0,351,0.1,7.789319246400155,0.9903505092018176,6,8,132,28.799999999999983
FreeSolv,Progressive,53,114,0,10,0.1,7.8786095679264765,0.9903505092018176,7,8,133,28.69999999999998
FreeSolv,Progressive,53,115,0,63,0.1,8.046370391161227,0.9903505092018176,8,8,134,28.59999999999998
FreeSolv,Progressive,53,116,0,128,0.1,7.521549835044044,0.9903505092018176,9,8,135,28.49999999999998
FreeSolv,Progressive,53,117,0,365,0.1,7.625312871016512,0.9903505092018176,10,8,136,28.399999999999977
FreeSolv,Progressive,53,118,0,30,0.1,7.19423660714838,0.9903505092018176,11,8,137,28.299999999999976
FreeSolv,Progressive,53,119,0,608,0.1,7.492193466208903,0.9903505092018176,12,8,138,28.199999999999974
FreeSolv,Progressive,53,120,0,141,0.1,7.244335726184846,0.9903505092018176,13,8,139,28.099999999999973
FreeSolv,Progressive,53,121,0,238,0.1,7.1356689597278145,0.9903505092018176,14,8,140,27.99999999999997
FreeSolv,Progressive,53,122,0,289,0.1,7.28942711877518,0.9903505092018176,15,8,141,27.89999999999997
FreeSolv,Progressive,53,123,0,622,0.1,7.260360395774695,0.9903505092018176,16,8,142,27.79999999999997
FreeSolv,Progressive,53,124,0,383,0.1,7.177906866765056,0.9903505092018176,17,8,143,27.699999999999967
FreeSolv,Progressive,53,125,0,104,0.1,7.303244207376603,0.9903505092018176,18,8,144,27.599999999999966
FreeSolv,Progressive,53,126,0,368,0.1,6.916328700167583,0.9903505092018176,19,8,145,27.499999999999964
FreeSolv,Progressive,53,127,0,532,0.1,7.209074030545242,0.9903505092018176,20,8,146,27.399999999999963
FreeSolv,Progressive,53,128,1,360,1.0,2.930057660634316,0.9903505092018176,0,9,146,26.399999999999963
FreeSolv,Progressive,53,129,0,361,0.1,8.194874326550742,0.9762718743443747,1,9,147,26.29999999999996
FreeSolv,Progressive,53,130,0,317,0.1,8.534750246451024,0.9762718743443747,2,9,148,26.19999999999996
FreeSolv,Progressive,53,131,0,126,0.1,7.431006015215116,0.9762718743443747,3,9,149,26.09999999999996
FreeSolv,Progressive,53,132,0,181,0.1,7.7434379364022385,0.9762718743443747,4,9,150,25.999999999999957
FreeSolv,Progressive,53,133,0,37,0.1,8.125285723504371,0.9762718743443747,5,9,151,25.899999999999956
FreeSolv,Progressive,53,134,0,214,0.1,7.5062555114062075,0.9762718743443747,6,9,152,25.799999999999955
FreeSolv,Progressive,53,135,0,99,0.1,7.583608482131714,0.9762718743443747,7,9,153,25.699999999999953
FreeSolv,Progressive,53,136,0,280,0.1,7.180101705949702,0.9762718743443747,8,9,154,25.59999999999995
FreeSolv,Progressive,53,137,0,224,0.1,7.069765109498341,0.9762718743443747,9,9,155,25.49999999999995
FreeSolv,Progressive,53,138,0,200,0.1,7.419706024090111,0.9762718743443747,10,9,156,25.39999999999995
FreeSolv,Progressive,53,139,0,546,0.1,7.75447175151127,0.9762718743443747,11,9,157,25.299999999999947
FreeSolv,Progressive,53,140,0,471,0.1,7.269641467379554,0.9762718743443747,12,9,158,25.199999999999946
FreeSolv,Progressive,53,141,0,386,0.1,7.846145974880672,0.9762718743443747,13,9,159,25.099999999999945
FreeSolv,Progressive,53,142,0,86,0.1,7.083449254072208,0.9762718743443747,14,9,160,24.999999999999943
FreeSolv,Progressive,53,143,0,524,0.1,6.950696450965614,0.9762718743443747,15,9,161,24.89999999999994
FreeSolv,Progressive,53,144,0,85,0.1,6.541078860442324,0.9762718743443747,16,9,162,24.79999999999994
FreeSolv,Progressive,53,145,0,432,0.1,6.819731355458976,0.9762718743443747,17,9,163,24.69999999999994
FreeSolv,Progressive,53,146,0,166,0.1,5.739734146064555,0.9762718743443747,18,9,164,24.599999999999937
FreeSolv,Progressive,53,147,0,106,0.1,6.255706789010917,0.9762718743443747,19,9,165,24.499999999999936
FreeSolv,Progressive,53,148,0,485,0.1,6.129839565483739,0.9762718743443747,20,9,166,24.399999999999935
FreeSolv,Progressive,53,149,1,251,1.0,1.7975233986519479,0.9762718743443747,0,10,166,23.399999999999935
FreeSolv,Progressive,53,150,0,272,0.1,6.387412243811785,0.9772452118112933,1,10,167,23.299999999999933
FreeSolv,Progressive,53,151,0,558,0.1,6.562249840381044,0.9772452118112933,2,10,168,23.199999999999932
FreeSolv,Progressive,53,152,0,183,0.1,6.026556231903524,0.9772452118112933,3,10,169,23.09999999999993
FreeSolv,Progressive,53,153,0,110,0.1,5.7950137755038975,0.9772452118112933,4,10,170,22.99999999999993
FreeSolv,Progressive,53,154,0,618,0.1,6.389347406646498,0.9772452118112933,5,10,171,22.899999999999928
FreeSolv,Progressive,53,155,0,451,0.1,6.126601005687077,0.9772452118112933,6,10,172,22.799999999999926
FreeSolv,Progressive,53,156,0,131,0.1,5.288084600863803,0.9772452118112933,7,10,173,22.699999999999925
FreeSolv,Progressive,53,157,0,25,0.1,5.478818897205711,0.9772452118112933,8,10,174,22.599999999999923
FreeSolv,Progressive,53,158,0,446,0.1,5.672235180499145,0.9772452118112933,9,10,175,22.499999999999922
FreeSolv,Progressive,53,159,0,509,0.1,5.350766376669795,0.9772452118112933,10,10,176,22.39999999999992
FreeSolv,Progressive,53,160,0,283,0.1,5.058202974968326,0.9772452118112933,11,10,177,22.29999999999992
FreeSolv,Progressive,53,161,0,178,0.1,5.413336378372762,0.9772452118112933,12,10,178,22.199999999999918
FreeSolv,Progressive,53,162,0,54,0.1,5.083423732451435,0.9772452118112933,13,10,179,22.099999999999916
FreeSolv,Progressive,53,163,0,149,0.1,5.370851811819753,0.9772452118112933,14,10,180,21.999999999999915
FreeSolv,Progressive,53,164,0,293,0.1,4.951444866847958,0.9772452118112933,15,10,181,21.899999999999913
FreeSolv,Progressive,53,165,0,300,0.1,4.6599917570839535,0.9772452118112933,16,10,182,21.799999999999912
FreeSolv,Progressive,53,166,0,118,0.1,4.89945305899373,0.9772452118112933,17,10,183,21.69999999999991
FreeSolv,Progressive,53,167,0,268,0.1,4.420661408449267,0.9772452118112933,18,10,184,21.59999999999991
FreeSolv,Progressive,53,168,0,172,0.1,4.5148890617150945,0.9772452118112933,19,10,185,21.499999999999908
FreeSolv,Progressive,53,169,0,336,0.1,4.508723594601501,0.9772452118112933,20,10,186,21.399999999999906
FreeSolv,Progressive,53,170,1,182,1.0,2.4843786425582364,0.9772452118112933,0,11,186,20.399999999999906
FreeSolv,Progressive,53,171,0,102,0.1,4.705671870123182,0.9640879045797663,1,11,187,20.299999999999905
FreeSolv,Progressive,53,172,0,445,0.1,4.377662150640651,0.9640879045797663,2,11,188,20.199999999999903
FreeSolv,Progressive,53,173,0,560,0.1,4.387225712894424,0.9640879045797663,3,11,189,20.099999999999902
FreeSolv,Progressive,53,174,0,548,0.1,3.900730800462092,0.9640879045797663,4,11,190,19.9999999999999
FreeSolv,Progressive,53,175,0,338,0.1,4.099116174111371,0.9640879045797663,5,11,191,19.8999999999999
FreeSolv,Progressive,53,176,0,473,0.1,3.8890066931839926,0.9640879045797663,6,11,192,19.799999999999898
FreeSolv,Progressive,53,177,0,615,0.1,4.72499377132702,0.9640879045797663,7,11,193,19.699999999999896
FreeSolv,Progressive,53,178,0,119,0.1,3.8785872441274187,0.9640879045797663,8,11,194,19.599999999999895
FreeSolv,Progressive,53,179,0,398,0.1,3.9957794432335025,0.9640879045797663,9,11,195,19.499999999999893
FreeSolv,Progressive,53,180,0,340,0.1,4.454028812614561,0.9640879045797663,10,11,196,19.399999999999892
FreeSolv,Progressive,53,181,0,332,0.1,4.040484203540621,0.9640879045797663,11,11,197,19.29999999999989
FreeSolv,Progressive,53,182,0,100,0.1,4.148548764677716,0.9640879045797663,12,11,198,19.19999999999989
FreeSolv,Progressive,53,183,0,165,0.1,3.9334344512592057,0.9640879045797663,13,11,199,19.099999999999888
FreeSolv,Progressive,53,184,0,603,0.1,3.7074122804056344,0.9640879045797663,14,11,200,18.999999999999886
FreeSolv,Progressive,53,185,0,161,0.1,4.569712766595987,0.9640879045797663,15,11,201,18.899999999999885
FreeSolv,Progressive,53,186,0,371,0.1,3.564344460180572,0.9640879045797663,16,11,202,18.799999999999883
FreeSolv,Progressive,53,187,0,530,0.1,3.795933853643989,0.9640879045797663,17,11,203,18.699999999999882
FreeSolv,Progressive,53,188,0,174,0.1,3.324465474043617,0.9640879045797663,18,11,204,18.59999999999988
FreeSolv,Progressive,53,189,0,475,0.1,3.191144569978881,0.9640879045797663,19,11,205,18.49999999999988
FreeSolv,Progressive,53,190,0,330,0.1,3.4684774558012226,0.9640879045797663,20,11,206,18.399999999999878
FreeSolv,Progressive,53,191,1,550,1.0,2.643254741630858,0.9640879045797663,0,12,206,17.399999999999878
FreeSolv,Progressive,53,192,0,187,0.1,3.8506829947478525,0.9652859766159162,1,12,207,17.299999999999876
FreeSolv,Progressive,53,193,0,399,0.1,3.174687837550638,0.9652859766159162,2,12,208,17.199999999999875
FreeSolv,Progressive,53,194,0,588,0.1,3.3693625574507107,0.9652859766159162,3,12,209,17.099999999999874
FreeSolv,Progressive,53,195,0,579,0.1,3.052874515595284,0.9652859766159162,4,12,210,16.999999999999872
FreeSolv,Progressive,53,196,0,406,0.1,3.5766296907480952,0.9652859766159162,5,12,211,16.89999999999987
FreeSolv,Progressive,53,197,0,152,0.1,2.9478355119870803,0.9652859766159162,6,12,212,16.79999999999987
FreeSolv,Progressive,53,198,0,64,0.1,2.8386162338337195,0.9652859766159162,7,12,213,16.699999999999868
FreeSolv,Progressive,53,199,0,314,0.1,2.857519605322719,0.9652859766159162,8,12,214,16.599999999999866
FreeSolv,Progressive,53,200,0,440,0.1,2.716350766617999,0.9652859766159162,9,12,215,16.499999999999865
FreeSolv,Progressive,53,201,0,357,0.1,2.8001660415296104,0.9652859766159162,10,12,216,16.399999999999864
FreeSolv,Progressive,53,202,0,320,0.1,3.036454385731561,0.9652859766159162,11,12,217,16.299999999999862
FreeSolv,Progressive,53,203,0,591,0.1,3.0176428819375927,0.9652859766159162,12,12,218,16.19999999999986
FreeSolv,Progressive,53,204,0,528,0.1,2.645217709268926,0.9652859766159162,13,12,219,16.09999999999986
FreeSolv,Progressive,53,205,0,500,0.1,3.08361966981631,0.9652859766159162,14,12,220,15.99999999999986
FreeSolv,Progressive,53,206,0,325,0.1,3.4778648940954824,0.9652859766159162,15,12,221,15.899999999999858
FreeSolv,Progressive,53,207,0,613,0.1,2.5509830217404925,0.9652859766159162,16,12,222,15.799999999999857
FreeSolv,Progressive,53,208,0,452,0.1,2.5323919317572168,0.9652859766159162,17,12,223,15.699999999999855
FreeSolv,Progressive,53,209,0,315,0.1,2.680069257152015,0.9652859766159162,18,12,224,15.599999999999854
FreeSolv,Progressive,53,210,0,113,0.1,2.6200661540537444,0.9652859766159162,19,12,225,15.499999999999853
FreeSolv,Progressive,53,211,0,16,0.1,2.541735628443647,0.9652859766159162,20,12,226,15.399999999999851
FreeSolv,Progressive,53,212,1,120,1.0,1.6907810769652358,0.9652859766159162,0,13,226,14.39999999999985
FreeSolv,Progressive,53,213,0,59,0.1,2.698086323275764,0.931993132619114,1,13,227,14.29999999999985
FreeSolv,Progressive,53,214,0,341,0.1,2.46963004531943,0.931993132619114,2,13,228,14.199999999999848
FreeSolv,Progressive,53,215,0,534,0.1,2.1328947060741,0.931993132619114,3,13,229,14.099999999999847
FreeSolv,Progressive,53,216,0,335,0.1,3.130855116440622,0.931993132619114,4,13,230,13.999999999999845
FreeSolv,Progressive,53,217,0,253,0.1,2.330120655887451,0.931993132619114,5,13,231,13.899999999999844
FreeSolv,Progressive,53,218,1,596,1.0,2.366754795833222,0.931993132619114,0,14,231,12.899999999999842
FreeSolv,Progressive,53,219,0,43,0.1,2.3414928498586187,0.9271926736777821,1,14,232,12.799999999999843
FreeSolv,Progressive,53,220,0,496,0.1,2.512050848408405,0.9271926736777821,2,14,233,12.699999999999841
FreeSolv,Progressive,53,221,0,130,0.1,2.8385637269119406,0.9271926736777821,3,14,234,12.59999999999984
FreeSolv,Progressive,53,222,0,285,0.1,2.300436575371044,0.9271926736777821,4,14,235,12.499999999999838
FreeSolv,Progressive,53,223,0,14,0.1,2.0532962149135945,0.9271926736777821,5,14,236,12.399999999999837
FreeSolv,Progressive,53,224,0,216,0.1,2.3020137419544264,0.9271926736777821,6,14,237,12.299999999999836
FreeSolv,Progressive,53,225,0,459,0.1,2.438350881518186,0.9271926736777821,7,14,238,12.199999999999834
FreeSolv,Progressive,53,226,0,366,0.1,2.546972659010406,0.9271926736777821,8,14,239,12.099999999999833
FreeSolv,Progressive,53,227,0,175,0.1,2.183570022521811,0.9271926736777821,9,14,240,11.999999999999831
FreeSolv,Progressive,53,228,0,223,0.1,2.204499162670538,0.9271926736777821,10,14,241,11.89999999999983
FreeSolv,Progressive,53,229,0,246,0.1,2.0746785842425477,0.9271926736777821,11,14,242,11.799999999999828
FreeSolv,Progressive,53,230,0,578,0.1,1.92481465718373,0.9271926736777821,12,14,243,11.699999999999827
FreeSolv,Progressive,53,231,0,506,0.1,1.9241733971317303,0.9271926736777821,13,14,244,11.599999999999826
FreeSolv,Progressive,53,232,0,135,0.1,2.035164889883209,0.9271926736777821,14,14,245,11.499999999999824
FreeSolv,Progressive,53,233,0,487,0.1,2.604738545047516,0.9271926736777821,15,14,246,11.399999999999823
FreeSolv,Progressive,53,234,0,353,0.1,1.81299824153247,0.9271926736777821,16,14,247,11.299999999999821
FreeSolv,Progressive,53,235,0,194,0.1,1.6867559021532748,0.9271926736777821,17,14,248,11.19999999999982
FreeSolv,Progressive,53,236,0,464,0.1,2.217653792713757,0.9271926736777821,18,14,249,11.099999999999818
FreeSolv,Progressive,53,237,0,231,0.1,1.7172271717641303,0.9271926736777821,19,14,250,10.999999999999817
FreeSolv,Progressive,53,238,0,167,0.1,1.6602849763398932,0.9271926736777821,20,14,251,10.899999999999816
FreeSolv,Progressive,53,239,1,39,1.0,1.2358003006511604,0.9271926736777821,0,15,251,9.899999999999814
FreeSolv,Progressive,53,240,0,26,0.1,1.6056097433189034,0.9323195045692215,1,15,252,9.799999999999814
FreeSolv,Progressive,53,241,0,354,0.1,1.7104091332574356,0.9323195045692215,2,15,253,9.699999999999813
FreeSolv,Progressive,53,242,0,443,0.1,2.0560950376690856,0.9323195045692215,3,15,254,9.599999999999811
FreeSolv,Progressive,53,243,1,83,1.0,1.4995354148093378,0.9323195045692215,0,16,254,8.59999999999981
FreeSolv,Progressive,53,244,0,219,0.1,1.917648476083911,0.9350763453753355,1,16,255,8.49999999999981
FreeSolv,Progressive,53,245,0,582,0.1,1.4013191902553774,0.9350763453753355,2,16,256,8.399999999999809
FreeSolv,Progressive,53,246,0,562,0.1,1.5883062196064819,0.9350763453753355,3,16,257,8.299999999999807
FreeSolv,Progressive,53,247,0,352,0.1,1.871180746763994,0.9350763453753355,4,16,258,8.199999999999806
FreeSolv,Progressive,53,248,0,484,0.1,1.5022393802235756,0.9350763453753355,5,16,259,8.099999999999804
FreeSolv,Progressive,53,249,0,363,0.1,1.436036176891284,0.9350763453753355,6,16,260,7.999999999999803
FreeSolv,Progressive,53,250,0,632,0.1,1.3786426389671929,0.9350763453753355,7,16,261,7.899999999999801
FreeSolv,Progressive,53,251,0,304,0.1,2.0110785473353623,0.9350763453753355,8,16,262,7.7999999999998
FreeSolv,Progressive,53,252,0,180,0.1,1.5023822966389246,0.9350763453753355,9,16,263,7.699999999999799
FreeSolv,Progressive,53,253,0,481,0.1,2.0872365614824546,0.9350763453753355,10,16,264,7.599999999999797
FreeSolv,Progressive,53,254,1,492,1.0,1.347057142540868,0.9350763453753355,0,17,264,6.599999999999795
FreeSolv,Progressive,53,255,0,519,0.1,1.3862308895810875,0.9380129549553997,1,17,265,6.499999999999796
FreeSolv,Progressive,53,256,0,145,0.1,1.3882095088750106,0.9380129549553997,2,17,266,6.399999999999794
FreeSolv,Progressive,53,257,0,115,0.1,1.3683330012654429,0.9380129549553997,3,17,267,6.299999999999793
FreeSolv,Progressive,53,258,0,435,0.1,1.811551549348474,0.9380129549553997,4,17,268,6.1999999999997915
FreeSolv,Progressive,53,259,1,258,1.0,1.433558779679334,0.9380129549553997,0,18,268,5.19999999999979
FreeSolv,Progressive,53,260,1,206,1.0,1.5554480885794124,0.9388431332843759,0,19,268,4.19999999999979
FreeSolv,Progressive,53,261,0,94,0.1,1.1989871463001944,0.9377876271198373,1,19,269,4.09999999999979
FreeSolv,Progressive,53,262,0,604,0.1,1.4630142374386823,0.9377876271198373,2,19,270,3.999999999999788
FreeSolv,Progressive,53,263,0,567,0.1,1.3262379899656476,0.9377876271198373,3,19,271,3.8999999999997867
FreeSolv,Progressive,53,264,0,22,0.1,1.5795864724725368,0.9377876271198373,4,19,272,3.7999999999997853
FreeSolv,Progressive,53,265,1,87,1.0,1.2283354742003145,0.9377876271198373,0,20,272,2.799999999999784
FreeSolv,Progressive,53,266,0,273,0.1,1.2075955524105078,0.9397460800149448,1,20,273,2.699999999999784
FreeSolv,Progressive,53,267,0,275,0.1,1.0837861570374479,0.9397460800149448,2,20,274,2.5999999999997825
FreeSolv,Progressive,53,268,0,401,0.1,1.1610044867024734,0.9397460800149448,3,20,275,2.499999999999781
FreeSolv,Progressive,53,269,0,504,0.1,1.3148375087809319,0.9397460800149448,4,20,276,2.3999999999997796
FreeSolv,Progressive,53,270,0,42,0.1,1.397728944020982,0.9397460800149448,5,20,277,2.299999999999778
FreeSolv,Progressive,53,271,0,222,0.1,1.105824451976614,0.9397460800149448,6,20,278,2.199999999999777
FreeSolv,Progressive,53,272,0,343,0.1,1.3138786204590513,0.9397460800149448,7,20,279,2.0999999999997754
FreeSolv,Progressive,53,273,0,201,0.1,1.043610799916016,0.9397460800149448,8,20,280,1.999999999999774
FreeSolv,Progressive,53,274,1,266,1.0,1.323068202202345,0.9397460800149448,0,21,280,0.9999999999997726
FreeSolv,Progressive,53,275,0,345,0.1,0.8742752314053152,0.940606150938589,1,21,281,0.8999999999997726
FreeSolv,Progressive,53,276,0,271,0.1,1.11453258902393,0.940606150938589,2,21,282,0.7999999999997712
FreeSolv,Progressive,53,277,0,538,0.1,1.0185527173691997,0.940606150938589,3,21,283,0.6999999999997698
FreeSolv,Progressive,53,278,0,4,0.1,0.9814784252307255,0.940606150938589,4,21,284,0.5999999999997684
FreeSolv,Progressive,53,279,0,168,0.1,1.2252865859547402,0.940606150938589,5,21,285,0.49999999999976696
FreeSolv,Progressive,53,280,0,627,0.1,0.9884739817384904,0.940606150938589,6,21,286,0.39999999999976554
FreeSolv,Progressive,53,281,0,72,0.1,0.7994841211824208,0.940606150938589,7,21,287,0.2999999999997641
FreeSolv,Progressive,53,282,0,605,0.1,1.1140975434583915,0.940606150938589,8,21,288,0.19999999999976267
FreeSolv,Progressive,53,283,0,164,0.1,0.9545823575930158,0.940606150938589,9,21,289,0.09999999999976125
FreeSolv,Progressive,54,1,0,251,0.1,9.772625367992317,0.5,1,2,26,45.4
FreeSolv,Progressive,54,2,0,49,0.1,9.975504776708267,0.5,2,2,27,45.3
FreeSolv,Progressive,54,3,0,437,0.1,10.764496344150935,0.5,3,2,28,45.199999999999996
FreeSolv,Progressive,54,4,0,122,0.1,10.001153853967068,0.5,4,2,29,45.1
FreeSolv,Progressive,54,5,0,61,0.1,9.695565401925546,0.5,5,2,30,45.0
FreeSolv,Progressive,54,6,0,206,0.1,9.654237220144966,0.5,6,2,31,44.9
FreeSolv,Progressive,54,7,0,499,0.1,9.265808336887982,0.5,7,2,32,44.800000000000004
FreeSolv,Progressive,54,8,1,515,1.0,8.603551758987399,0.5,0,3,32,43.800000000000004
FreeSolv,Progressive,54,9,0,139,0.1,9.121187175956637,0.5,1,3,33,43.7
FreeSolv,Progressive,54,10,0,193,0.1,9.126751855329065,0.5,2,3,34,43.6
FreeSolv,Progressive,54,11,0,276,0.1,8.917795044444281,0.5,3,3,35,43.5
FreeSolv,Progressive,54,12,0,377,0.1,8.410690886130192,0.5,4,3,36,43.4
FreeSolv,Progressive,54,13,0,631,0.1,8.213993380567226,0.5,5,3,37,43.300000000000004
FreeSolv,Progressive,54,14,0,266,0.1,9.973804229179702,0.5,6,3,38,43.2
FreeSolv,Progressive,54,15,0,550,0.1,9.000868408101065,0.5,7,3,39,43.1
FreeSolv,Progressive,54,16,0,261,0.1,8.72890526012979,0.5,8,3,40,43.00000000000001
FreeSolv,Progressive,54,17,0,39,0.1,9.547144523835943,0.5,9,3,41,42.900000000000006
FreeSolv,Progressive,54,18,0,492,0.1,11.355224307896613,0.5,10,3,42,42.800000000000004
FreeSolv,Progressive,54,19,0,87,0.1,11.380566949133426,0.5,11,3,43,42.7
FreeSolv,Progressive,54,20,0,444,0.1,10.839396384839263,0.5,12,3,44,42.6
FreeSolv,Progressive,54,21,0,595,0.1,10.176689234389315,0.5,13,3,45,42.50000000000001
FreeSolv,Progressive,54,22,0,41,0.1,9.523827926495956,0.5,14,3,46,42.400000000000006
FreeSolv,Progressive,54,23,0,80,0.1,9.27487174893674,0.5,15,3,47,42.300000000000004
FreeSolv,Progressive,54,24,0,129,0.1,9.410004680896773,0.5,16,3,48,42.20000000000001
FreeSolv,Progressive,54,25,0,83,0.1,9.66065509786008,0.5,17,3,49,42.10000000000001
FreeSolv,Progressive,54,26,0,619,0.1,9.312758744608667,0.5,18,3,50,42.00000000000001
FreeSolv,Progressive,54,27,0,6,0.1,8.928466462843103,0.5,19,3,51,41.900000000000006
FreeSolv,Progressive,54,28,0,96,0.1,9.035762362446164,0.5,20,3,52,41.800000000000004
FreeSolv,Progressive,54,29,1,542,1.0,4.571639805064119,0.5,0,4,52,40.80000000000001
FreeSolv,Progressive,54,30,0,233,0.1,9.044833447148207,0.5,1,4,53,40.70000000000001
FreeSolv,Progressive,54,31,0,393,0.1,9.172910842316588,0.5,2,4,54,40.60000000000001
FreeSolv,Progressive,54,32,0,301,0.1,9.159221542961742,0.5,3,4,55,40.50000000000001
FreeSolv,Progressive,54,33,0,269,0.1,9.013358292561119,0.5,4,4,56,40.40000000000001
FreeSolv,Progressive,54,34,0,599,0.1,9.165329726140499,0.5,5,4,57,40.30000000000001
FreeSolv,Progressive,54,35,0,328,0.1,8.715961473871532,0.5,6,4,58,40.20000000000001
FreeSolv,Progressive,54,36,0,422,0.1,9.112510912780591,0.5,7,4,59,40.10000000000001
FreeSolv,Progressive,54,37,0,502,0.1,8.911034742635115,0.5,8,4,60,40.00000000000001
FreeSolv,Progressive,54,38,0,564,0.1,8.982429309599722,0.5,9,4,61,39.90000000000001
FreeSolv,Progressive,54,39,0,19,0.1,8.846700809409692,0.5,10,4,62,39.80000000000001
FreeSolv,Progressive,54,40,0,497,0.1,9.110140797522334,0.5,11,4,63,39.70000000000001
FreeSolv,Progressive,54,41,0,380,0.1,9.214821770165763,0.5,12,4,64,39.600000000000016
FreeSolv,Progressive,54,42,0,589,0.1,8.675578944329427,0.5,13,4,65,39.500000000000014
FreeSolv,Progressive,54,43,0,577,0.1,9.068437212196235,0.5,14,4,66,39.40000000000001
FreeSolv,Progressive,54,44,0,572,0.1,8.977992683290298,0.5,15,4,67,39.30000000000001
FreeSolv,Progressive,54,45,0,581,0.1,8.921483942411625,0.5,16,4,68,39.20000000000001
FreeSolv,Progressive,54,46,0,501,0.1,8.975036308981883,0.5,17,4,69,39.100000000000016
FreeSolv,Progressive,54,47,0,8,0.1,8.756968291362229,0.5,18,4,70,39.000000000000014
FreeSolv,Progressive,54,48,0,286,0.1,8.728007486978958,0.5,19,4,71,38.90000000000001
FreeSolv,Progressive,54,49,0,584,0.1,8.788655759797669,0.5,20,4,72,38.80000000000002
FreeSolv,Progressive,54,50,1,447,1.0,3.63141574813293,0.5,0,5,72,37.80000000000002
FreeSolv,Progressive,54,51,0,232,0.1,18.01722776596494,0.9993057415231078,1,5,73,37.70000000000002
FreeSolv,Progressive,54,52,0,250,0.1,18.19744653378277,0.9993057415231078,2,5,74,37.600000000000016
FreeSolv,Progressive,54,53,0,540,0.1,17.472161144041696,0.9993057415231078,3,5,75,37.500000000000014
FreeSolv,Progressive,54,54,0,255,0.1,17.948743307495477,0.9993057415231078,4,5,76,37.40000000000001
FreeSolv,Progressive,54,55,0,505,0.1,17.698813229827874,0.9993057415231078,5,5,77,37.30000000000002
FreeSolv,Progressive,54,56,0,258,0.1,17.386344011676915,0.9993057415231078,6,5,78,37.20000000000002
FreeSolv,Progressive,54,57,0,136,0.1,17.103524246647847,0.9993057415231078,7,5,79,37.100000000000016
FreeSolv,Progressive,54,58,0,159,0.1,16.507189347410044,0.9993057415231078,8,5,80,37.00000000000002
FreeSolv,Progressive,54,59,0,192,0.1,16.76572698314029,0.9993057415231078,9,5,81,36.90000000000002
FreeSolv,Progressive,54,60,0,299,0.1,17.30545706220523,0.9993057415231078,10,5,82,36.80000000000002
FreeSolv,Progressive,54,61,0,533,0.1,16.616628301877043,0.9993057415231078,11,5,83,36.70000000000002
FreeSolv,Progressive,54,62,0,191,0.1,16.121476723978468,0.9993057415231078,12,5,84,36.600000000000016
FreeSolv,Progressive,54,63,0,633,0.1,16.893964685830746,0.9993057415231078,13,5,85,36.50000000000002
FreeSolv,Progressive,54,64,0,66,0.1,16.156077583543844,0.9993057415231078,14,5,86,36.40000000000002
FreeSolv,Progressive,54,65,0,284,0.1,17.089582790995443,0.9993057415231078,15,5,87,36.30000000000002
FreeSolv,Progressive,54,66,0,410,0.1,15.848835718171774,0.9993057415231078,16,5,88,36.200000000000024
FreeSolv,Progressive,54,67,0,339,0.1,16.514565091903293,0.9993057415231078,17,5,89,36.10000000000002
FreeSolv,Progressive,54,68,0,186,0.1,16.214259461414155,0.9993057415231078,18,5,90,36.00000000000002
FreeSolv,Progressive,54,69,0,105,0.1,15.490058891811184,0.9993057415231078,19,5,91,35.90000000000002
FreeSolv,Progressive,54,70,0,327,0.1,15.097978191490418,0.9993057415231078,20,5,92,35.80000000000002
FreeSolv,Progressive,54,71,1,182,1.0,3.6259030088729953,0.9993057415231078,0,6,92,34.800000000000026
FreeSolv,Progressive,54,72,0,337,0.1,15.002855559269438,0.9710278472897184,1,6,93,34.700000000000024
FreeSolv,Progressive,54,73,0,91,0.1,15.523738987121268,0.9710278472897184,2,6,94,34.60000000000002
FreeSolv,Progressive,54,74,0,626,0.1,14.62473297244045,0.9710278472897184,3,6,95,34.50000000000002
FreeSolv,Progressive,54,75,0,75,0.1,14.488210761562064,0.9710278472897184,4,6,96,34.40000000000003
FreeSolv,Progressive,54,76,0,638,0.1,14.39111219251884,0.9710278472897184,5,6,97,34.300000000000026
FreeSolv,Progressive,54,77,0,486,0.1,13.86267849255196,0.9710278472897184,6,6,98,34.200000000000024
FreeSolv,Progressive,54,78,0,31,0.1,13.703587834953579,0.9710278472897184,7,6,99,34.10000000000002
FreeSolv,Progressive,54,79,0,436,0.1,13.493592457434078,0.9710278472897184,8,6,100,34.00000000000002
FreeSolv,Progressive,54,80,0,369,0.1,13.085719144315924,0.9710278472897184,9,6,101,33.90000000000003
FreeSolv,Progressive,54,81,0,2,0.1,13.438239640834734,0.9710278472897184,10,6,102,33.800000000000026
FreeSolv,Progressive,54,82,0,279,0.1,13.544237649270933,0.9710278472897184,11,6,103,33.700000000000024
FreeSolv,Progressive,54,83,0,263,0.1,13.077563801217435,0.9710278472897184,12,6,104,33.60000000000002
FreeSolv,Progressive,54,84,0,313,0.1,12.309277487327517,0.9710278472897184,13,6,105,33.50000000000002
FreeSolv,Progressive,54,85,0,379,0.1,12.55857177764948,0.9710278472897184,14,6,106,33.40000000000002
FreeSolv,Progressive,54,86,0,259,0.1,13.065234841989346,0.9710278472897184,15,6,107,33.30000000000002
FreeSolv,Progressive,54,87,0,384,0.1,12.175156218011688,0.9710278472897184,16,6,108,33.20000000000002
FreeSolv,Progressive,54,88,0,461,0.1,11.766506863748383,0.9710278472897184,17,6,109,33.100000000000016
FreeSolv,Progressive,54,89,0,148,0.1,11.988112471158027,0.9710278472897184,18,6,110,33.000000000000014
FreeSolv,Progressive,54,90,0,620,0.1,11.650241921877406,0.9710278472897184,19,6,111,32.90000000000001
FreeSolv,Progressive,54,91,0,319,0.1,11.604628471247588,0.9710278472897184,20,6,112,32.80000000000001
FreeSolv,Progressive,54,92,1,193,1.0,2.2251595468480536,0.9710278472897184,0,7,112,31.80000000000001
FreeSolv,Progressive,54,93,0,204,0.1,11.007372591311865,0.9697607996985244,1,7,113,31.70000000000001
FreeSolv,Progressive,54,94,0,563,0.1,10.637635980737366,0.9697607996985244,2,7,114,31.60000000000001
FreeSolv,Progressive,54,95,0,592,0.1,10.734144806003718,0.9697607996985244,3,7,115,31.500000000000007
FreeSolv,Progressive,54,96,0,53,0.1,9.876406488949895,0.9697607996985244,4,7,116,31.400000000000006
FreeSolv,Progressive,54,97,0,425,0.1,10.155207365118798,0.9697607996985244,5,7,117,31.300000000000004
FreeSolv,Progressive,54,98,0,413,0.1,10.1446584722174,0.9697607996985244,6,7,118,31.200000000000003
FreeSolv,Progressive,54,99,0,517,0.1,10.260842006669172,0.9697607996985244,7,7,119,31.1
FreeSolv,Progressive,54,100,0,257,0.1,9.510330211547625,0.9697607996985244,8,7,120,31.0
FreeSolv,Progressive,54,101,0,597,0.1,9.701659717283404,0.9697607996985244,9,7,121,30.9
FreeSolv,Progressive,54,102,0,147,0.1,9.918788967643207,0.9697607996985244,10,7,122,30.799999999999997
FreeSolv,Progressive,54,103,0,456,0.1,8.752852113251816,0.9697607996985244,11,7,123,30.699999999999996
FreeSolv,Progressive,54,104,0,472,0.1,9.158480482097637,0.9697607996985244,12,7,124,30.599999999999994
FreeSolv,Progressive,54,105,0,624,0.1,9.60220432809916,0.9697607996985244,13,7,125,30.499999999999993
FreeSolv,Progressive,54,106,0,84,0.1,9.136715987501635,0.9697607996985244,14,7,126,30.39999999999999
FreeSolv,Progressive,54,107,0,282,0.1,8.86720956114453,0.9697607996985244,15,7,127,30.29999999999999
FreeSolv,Progressive,54,108,0,622,0.1,8.848737885078911,0.9697607996985244,16,7,128,30.19999999999999
FreeSolv,Progressive,54,109,0,63,0.1,8.387424210258482,0.9697607996985244,17,7,129,30.099999999999987
FreeSolv,Progressive,54,110,0,351,0.1,8.319509761936686,0.9697607996985244,18,7,130,29.999999999999986
FreeSolv,Progressive,54,111,0,30,0.1,7.888931625656542,0.9697607996985244,19,7,131,29.899999999999984
FreeSolv,Progressive,54,112,0,365,0.1,7.9947109099175355,0.9697607996985244,20,7,132,29.799999999999983
FreeSolv,Progressive,54,113,1,396,1.0,2.716122454228586,0.9697607996985244,0,8,132,28.799999999999983
FreeSolv,Progressive,54,114,0,214,0.1,8.417157602163215,0.9697607996985244,1,8,133,28.69999999999998
FreeSolv,Progressive,54,115,0,77,0.1,7.651404591222995,0.9697607996985244,2,8,134,28.59999999999998
FreeSolv,Progressive,54,116,0,383,0.1,7.91422232704678,0.9697607996985244,3,8,135,28.49999999999998
FreeSolv,Progressive,54,117,0,546,0.1,7.784293322219666,0.9697607996985244,4,8,136,28.399999999999977
FreeSolv,Progressive,54,118,0,289,0.1,7.88803916085379,0.9697607996985244,5,8,137,28.299999999999976
FreeSolv,Progressive,54,119,0,280,0.1,7.379489364950534,0.9697607996985244,6,8,138,28.199999999999974
FreeSolv,Progressive,54,120,0,10,0.1,7.320658262444895,0.9697607996985244,7,8,139,28.099999999999973
FreeSolv,Progressive,54,121,0,141,0.1,7.373948997139126,0.9697607996985244,8,8,140,27.99999999999997
FreeSolv,Progressive,54,122,0,272,0.1,7.402790331443063,0.9697607996985244,9,8,141,27.89999999999997
FreeSolv,Progressive,54,123,0,368,0.1,7.26351657933291,0.9697607996985244,10,8,142,27.79999999999997
FreeSolv,Progressive,54,124,0,140,0.1,7.0487429293591095,0.9697607996985244,11,8,143,27.699999999999967
FreeSolv,Progressive,54,125,0,386,0.1,7.442082253686679,0.9697607996985244,12,8,144,27.599999999999966
FreeSolv,Progressive,54,126,0,317,0.1,7.193867395313724,0.9697607996985244,13,8,145,27.499999999999964
FreeSolv,Progressive,54,127,0,471,0.1,6.978872691113893,0.9697607996985244,14,8,146,27.399999999999963
FreeSolv,Progressive,54,128,0,126,0.1,7.132485909808276,0.9697607996985244,15,8,147,27.29999999999996
FreeSolv,Progressive,54,129,0,560,0.1,6.713576246785786,0.9697607996985244,16,8,148,27.19999999999996
FreeSolv,Progressive,54,130,0,128,0.1,6.855005983150823,0.9697607996985244,17,8,149,27.09999999999996
FreeSolv,Progressive,54,131,0,99,0.1,6.39920569784497,0.9697607996985244,18,8,150,26.999999999999957
FreeSolv,Progressive,54,132,0,238,0.1,6.929605682456925,0.9697607996985244,19,8,151,26.899999999999956
FreeSolv,Progressive,54,133,0,608,0.1,6.493487887624131,0.9697607996985244,20,8,152,26.799999999999955
FreeSolv,Progressive,54,134,1,49,1.0,1.7284922655363535,0.9697607996985244,0,9,152,25.799999999999955
FreeSolv,Progressive,54,135,0,104,0.1,6.645447008474564,0.9704572759325647,1,9,153,25.699999999999953
FreeSolv,Progressive,54,136,0,106,0.1,6.230231952791973,0.9704572759325647,2,9,154,25.59999999999995
FreeSolv,Progressive,54,137,0,85,0.1,6.2944789670968,0.9704572759325647,3,9,155,25.49999999999995
FreeSolv,Progressive,54,138,0,532,0.1,6.333465177187636,0.9704572759325647,4,9,156,25.39999999999995
FreeSolv,Progressive,54,139,0,178,0.1,6.325752499960576,0.9704572759325647,5,9,157,25.299999999999947
FreeSolv,Progressive,54,140,0,200,0.1,5.942769001960335,0.9704572759325647,6,9,158,25.199999999999946
FreeSolv,Progressive,54,141,0,86,0.1,5.830371819901159,0.9704572759325647,7,9,159,25.099999999999945
FreeSolv,Progressive,54,142,0,361,0.1,6.176583197089488,0.9704572759325647,8,9,160,24.999999999999943
FreeSolv,Progressive,54,143,0,524,0.1,5.77465429359267,0.9704572759325647,9,9,161,24.89999999999994
FreeSolv,Progressive,54,144,0,110,0.1,6.005812639258246,0.9704572759325647,10,9,162,24.79999999999994
FreeSolv,Progressive,54,145,0,451,0.1,5.188560628609766,0.9704572759325647,11,9,163,24.69999999999994
FreeSolv,Progressive,54,146,0,618,0.1,5.485608294955293,0.9704572759325647,12,9,164,24.599999999999937
FreeSolv,Progressive,54,147,0,293,0.1,5.1381294510776385,0.9704572759325647,13,9,165,24.499999999999936
FreeSolv,Progressive,54,148,0,485,0.1,5.711720962118492,0.9704572759325647,14,9,166,24.399999999999935
FreeSolv,Progressive,54,149,0,166,0.1,5.025107163652656,0.9704572759325647,15,9,167,24.299999999999933
FreeSolv,Progressive,54,150,0,398,0.1,4.7021156078261335,0.9704572759325647,16,9,168,24.199999999999932
FreeSolv,Progressive,54,151,0,224,0.1,4.993564049046721,0.9704572759325647,17,9,169,24.09999999999993
FreeSolv,Progressive,54,152,0,54,0.1,4.709232300537631,0.9704572759325647,18,9,170,23.99999999999993
FreeSolv,Progressive,54,153,0,172,0.1,4.6139423138788676,0.9704572759325647,19,9,171,23.899999999999928
FreeSolv,Progressive,54,154,0,558,0.1,4.7590015352288475,0.9704572759325647,20,9,172,23.799999999999926
FreeSolv,Progressive,54,155,1,212,1.0,2.0402457080173484,0.9704572759325647,0,10,172,22.799999999999926
FreeSolv,Progressive,54,156,0,283,0.1,4.615127478271896,0.9663262238232655,1,10,173,22.699999999999925
FreeSolv,Progressive,54,157,0,509,0.1,4.055360518845276,0.9663262238232655,2,10,174,22.599999999999923
FreeSolv,Progressive,54,158,0,432,0.1,4.697219556830274,0.9663262238232655,3,10,175,22.499999999999922
FreeSolv,Progressive,54,159,0,446,0.1,4.688448851280287,0.9663262238232655,4,10,176,22.39999999999992
FreeSolv,Progressive,54,160,0,181,0.1,4.535820703426763,0.9663262238232655,5,10,177,22.29999999999992
FreeSolv,Progressive,54,161,0,118,0.1,4.198431403610907,0.9663262238232655,6,10,178,22.199999999999918
FreeSolv,Progressive,54,162,0,37,0.1,4.584962663720067,0.9663262238232655,7,10,179,22.099999999999916
FreeSolv,Progressive,54,163,0,336,0.1,4.788130445921092,0.9663262238232655,8,10,180,21.999999999999915
FreeSolv,Progressive,54,164,0,268,0.1,4.455642574244798,0.9663262238232655,9,10,181,21.899999999999913
FreeSolv,Progressive,54,165,0,42,0.1,4.593068409531948,0.9663262238232655,10,10,182,21.799999999999912
FreeSolv,Progressive,54,166,0,445,0.1,4.490086090752641,0.9663262238232655,11,10,183,21.69999999999991
FreeSolv,Progressive,54,167,0,292,0.1,4.55692967077198,0.9663262238232655,12,10,184,21.59999999999991
FreeSolv,Progressive,54,168,0,102,0.1,4.20452145260035,0.9663262238232655,13,10,185,21.499999999999908
FreeSolv,Progressive,54,169,0,149,0.1,3.844812139945624,0.9663262238232655,14,10,186,21.399999999999906
FreeSolv,Progressive,54,170,0,357,0.1,3.885882755057927,0.9663262238232655,15,10,187,21.299999999999905
FreeSolv,Progressive,54,171,0,131,0.1,3.7346139615559113,0.9663262238232655,16,10,188,21.199999999999903
FreeSolv,Progressive,54,172,0,119,0.1,3.7284753158939976,0.9663262238232655,17,10,189,21.099999999999902
FreeSolv,Progressive,54,173,0,100,0.1,3.623183362610052,0.9663262238232655,18,10,190,20.9999999999999
FreeSolv,Progressive,54,174,0,183,0.1,3.955913384746401,0.9663262238232655,19,10,191,20.8999999999999
FreeSolv,Progressive,54,175,0,64,0.1,3.4292504045190673,0.9663262238232655,20,10,192,20.799999999999898
FreeSolv,Progressive,54,176,1,261,1.0,1.146025669729734,0.9663262238232655,0,11,192,19.799999999999898
FreeSolv,Progressive,54,177,0,371,0.1,3.484597700047094,0.9697608348797105,1,11,193,19.699999999999896
FreeSolv,Progressive,54,178,0,161,0.1,3.46559779031736,0.9697608348797105,2,11,194,19.599999999999895
FreeSolv,Progressive,54,179,0,330,0.1,3.492838632699194,0.9697608348797105,3,11,195,19.499999999999893
FreeSolv,Progressive,54,180,0,406,0.1,3.262088904858178,0.9697608348797105,4,11,196,19.399999999999892
FreeSolv,Progressive,54,181,0,165,0.1,3.1047633841104103,0.9697608348797105,5,11,197,19.29999999999989
FreeSolv,Progressive,54,182,0,399,0.1,3.101085662800418,0.9697608348797105,6,11,198,19.19999999999989
FreeSolv,Progressive,54,183,0,548,0.1,3.0947479831678812,0.9697608348797105,7,11,199,19.099999999999888
FreeSolv,Progressive,54,184,0,603,0.1,3.4153120622742708,0.9697608348797105,8,11,200,18.999999999999886
FreeSolv,Progressive,54,185,0,300,0.1,3.089912239124984,0.9697608348797105,9,11,201,18.899999999999885
FreeSolv,Progressive,54,186,0,338,0.1,3.0319274870829673,0.9697608348797105,10,11,202,18.799999999999883
FreeSolv,Progressive,54,187,0,345,0.1,3.3468218144624164,0.9697608348797105,11,11,203,18.699999999999882
FreeSolv,Progressive,54,188,0,473,0.1,2.8260119447877323,0.9697608348797105,12,11,204,18.59999999999988
FreeSolv,Progressive,54,189,0,320,0.1,2.849246462646252,0.9697608348797105,13,11,205,18.49999999999988
FreeSolv,Progressive,54,190,0,528,0.1,2.953245776840783,0.9697608348797105,14,11,206,18.399999999999878
FreeSolv,Progressive,54,191,0,25,0.1,3.19161647709366,0.9697608348797105,15,11,207,18.299999999999876
FreeSolv,Progressive,54,192,0,440,0.1,2.754760494503418,0.9697608348797105,16,11,208,18.199999999999875
FreeSolv,Progressive,54,193,0,475,0.1,2.6753799301388157,0.9697608348797105,17,11,209,18.099999999999874
FreeSolv,Progressive,54,194,0,174,0.1,2.5213398528525697,0.9697608348797105,18,11,210,17.999999999999872
FreeSolv,Progressive,54,195,0,315,0.1,3.14304379551818,0.9697608348797105,19,11,211,17.89999999999987
FreeSolv,Progressive,54,196,0,496,0.1,2.533330211995764,0.9697608348797105,20,11,212,17.79999999999987
FreeSolv,Progressive,54,197,1,266,1.0,2.3395023849835175,0.9697608348797105,0,12,212,16.79999999999987
FreeSolv,Progressive,54,198,0,615,0.1,2.674354299190599,0.970688843847199,1,12,213,16.699999999999868
FreeSolv,Progressive,54,199,0,500,0.1,3.0267419756372984,0.970688843847199,2,12,214,16.599999999999866
FreeSolv,Progressive,54,200,0,591,0.1,2.6884466773436246,0.970688843847199,3,12,215,16.499999999999865
FreeSolv,Progressive,54,201,0,314,0.1,2.5300967809465336,0.970688843847199,4,12,216,16.399999999999864
FreeSolv,Progressive,54,202,0,588,0.1,2.6960958636157155,0.970688843847199,5,12,217,16.299999999999862
FreeSolv,Progressive,54,203,0,613,0.1,2.517156031702091,0.970688843847199,6,12,218,16.19999999999986
FreeSolv,Progressive,54,204,0,366,0.1,2.576633502591864,0.970688843847199,7,12,219,16.09999999999986
FreeSolv,Progressive,54,205,0,452,0.1,2.2603277030697155,0.970688843847199,8,12,220,15.99999999999986
FreeSolv,Progressive,54,206,0,325,0.1,2.2410096143397764,0.970688843847199,9,12,221,15.899999999999858
FreeSolv,Progressive,54,207,0,530,0.1,2.5829498462608034,0.970688843847199,10,12,222,15.799999999999857
FreeSolv,Progressive,54,208,0,353,0.1,2.219920915182363,0.970688843847199,11,12,223,15.699999999999855
FreeSolv,Progressive,54,209,0,340,0.1,2.234408052577875,0.970688843847199,12,12,224,15.599999999999854
FreeSolv,Progressive,54,210,0,152,0.1,2.696813679697092,0.970688843847199,13,12,225,15.499999999999853
FreeSolv,Progressive,54,211,0,341,0.1,2.0186666403436546,0.970688843847199,14,12,226,15.399999999999851
FreeSolv,Progressive,54,212,0,113,0.1,2.3319063556293664,0.970688843847199,15,12,227,15.29999999999985
FreeSolv,Progressive,54,213,0,187,0.1,2.0525365569476595,0.970688843847199,16,12,228,15.199999999999848
FreeSolv,Progressive,54,214,0,223,0.1,1.8601639068266946,0.970688843847199,17,12,229,15.099999999999847
FreeSolv,Progressive,54,215,0,484,0.1,1.8771193061022629,0.970688843847199,18,12,230,14.999999999999845
FreeSolv,Progressive,54,216,0,578,0.1,2.0009238100985396,0.970688843847199,19,12,231,14.899999999999844
FreeSolv,Progressive,54,217,0,219,0.1,1.927793836127768,0.970688843847199,20,12,232,14.799999999999843
FreeSolv,Progressive,54,218,1,492,1.0,1.3732053671710018,0.970688843847199,0,13,232,13.79999999999984
FreeSolv,Progressive,54,219,0,194,0.1,1.7626399900647516,0.9723526346988546,1,13,233,13.699999999999841
FreeSolv,Progressive,54,220,0,167,0.1,1.9888929187105213,0.9723526346988546,2,13,234,13.59999999999984
FreeSolv,Progressive,54,221,0,335,0.1,1.7875196374145086,0.9723526346988546,3,13,235,13.499999999999838
FreeSolv,Progressive,54,222,0,26,0.1,2.152720510777561,0.9723526346988546,4,13,236,13.399999999999837
FreeSolv,Progressive,54,223,0,222,0.1,1.843906844359826,0.9723526346988546,5,13,237,13.299999999999836
FreeSolv,Progressive,54,224,0,443,0.1,1.8144157970829007,0.9723526346988546,6,13,238,13.199999999999834
FreeSolv,Progressive,54,225,1,596,1.0,1.787460045493737,0.9723526346988546,0,14,238,12.199999999999832
FreeSolv,Progressive,54,226,0,16,0.1,1.8151382689329283,0.9698733024572466,1,14,239,12.099999999999833
FreeSolv,Progressive,54,227,0,180,0.1,1.6544969311652207,0.9698733024572466,2,14,240,11.999999999999831
FreeSolv,Progressive,54,228,0,534,0.1,1.619061127198,0.9698733024572466,3,14,241,11.89999999999983
FreeSolv,Progressive,54,229,0,43,0.1,1.6135577475809875,0.9698733024572466,4,14,242,11.799999999999828
FreeSolv,Progressive,54,230,0,459,0.1,2.0475358585705346,0.9698733024572466,5,14,243,11.699999999999827
FreeSolv,Progressive,54,231,0,285,0.1,1.4789236339768992,0.9698733024572466,6,14,244,11.599999999999826
FreeSolv,Progressive,54,232,0,175,0.1,1.481733719907128,0.9698733024572466,7,14,245,11.499999999999824
FreeSolv,Progressive,54,233,0,14,0.1,1.6723682440497445,0.9698733024572466,8,14,246,11.399999999999823
FreeSolv,Progressive,54,234,0,352,0.1,1.8388938468067768,0.9698733024572466,9,14,247,11.299999999999821
FreeSolv,Progressive,54,235,0,253,0.1,1.7714808204477284,0.9698733024572466,10,14,248,11.19999999999982
FreeSolv,Progressive,54,236,0,562,0.1,1.3324083269091702,0.9698733024572466,11,14,249,11.099999999999818
FreeSolv,Progressive,54,237,0,311,0.1,1.489926131681139,0.9698733024572466,12,14,250,10.999999999999817
FreeSolv,Progressive,54,238,0,304,0.1,1.6136663657666117,0.9698733024572466,13,14,251,10.899999999999816
FreeSolv,Progressive,54,239,0,115,0.1,1.227286556315272,0.9698733024572466,14,14,252,10.799999999999814
FreeSolv,Progressive,54,240,0,519,0.1,1.3513037065969031,0.9698733024572466,15,14,253,10.699999999999813
FreeSolv,Progressive,54,241,1,39,1.0,1.3485974309338478,0.9698733024572466,0,15,253,9.699999999999811
FreeSolv,Progressive,54,242,0,94,0.1,1.3318907698011009,0.9715149280829753,1,15,254,9.599999999999811
FreeSolv,Progressive,54,243,0,343,0.1,1.3385716618313006,0.9715149280829753,2,15,255,9.49999999999981
FreeSolv,Progressive,54,244,1,139,1.0,1.4067798927882982,0.9715149280829753,0,16,255,8.499999999999808
FreeSolv,Progressive,54,245,0,59,0.1,1.1958588345304455,0.9686504390344826,1,16,256,8.399999999999809
FreeSolv,Progressive,54,246,0,216,0.1,1.275897620878779,0.9686504390344826,2,16,257,8.299999999999807
FreeSolv,Progressive,54,247,0,435,0.1,1.2550688909757435,0.9686504390344826,3,16,258,8.199999999999806
FreeSolv,Progressive,54,248,0,627,0.1,1.2206067460424075,0.9686504390344826,4,16,259,8.099999999999804
FreeSolv,Progressive,54,249,0,135,0.1,1.3330541240243765,0.9686504390344826,5,16,260,7.999999999999803
FreeSolv,Progressive,54,250,0,487,0.1,1.165005836691124,0.9686504390344826,6,16,261,7.899999999999801
FreeSolv,Progressive,54,251,0,246,0.1,1.267617788202531,0.9686504390344826,7,16,262,7.7999999999998
FreeSolv,Progressive,54,252,0,130,0.1,1.3748163464232517,0.9686504390344826,8,16,263,7.699999999999799
FreeSolv,Progressive,54,253,0,506,0.1,1.22434401890356,0.9686504390344826,9,16,264,7.599999999999797
FreeSolv,Progressive,54,254,1,87,1.0,1.0788058958304432,0.9686504390344826,0,17,264,6.599999999999795
FreeSolv,Progressive,54,255,1,444,1.0,1.1063018364510138,0.9696823805407648,0,18,264,5.599999999999795
FreeSolv,Progressive,54,256,0,28,0.1,0.9612481148417942,0.9704651881870464,1,18,265,5.499999999999796
FreeSolv,Progressive,54,257,1,457,1.0,1.2105329905431976,0.9704651881870464,0,19,265,4.499999999999794
FreeSolv,Progressive,54,258,1,129,1.0,1.0238240501036857,0.9704651881870464,0,20,265,3.499999999999794
FreeSolv,Progressive,54,259,0,354,0.1,1.0065050863246103,0.9710429336760698,1,20,266,3.399999999999794
FreeSolv,Progressive,54,260,0,464,0.1,0.9911840722719403,0.9710429336760698,2,20,267,3.2999999999997924
FreeSolv,Progressive,54,261,0,198,0.1,1.1043767915655396,0.9710429336760698,3,20,268,3.199999999999791
FreeSolv,Progressive,54,262,0,231,0.1,0.9786101952960925,0.9710429336760698,4,20,269,3.0999999999997896
FreeSolv,Progressive,54,263,0,632,0.1,0.963539876072799,0.9710429336760698,5,20,270,2.999999999999788
FreeSolv,Progressive,54,264,1,550,1.0,1.0049667212915083,0.9710429336760698,0,21,270,1.9999999999997868
FreeSolv,Progressive,54,265,0,401,0.1,0.9085020539792882,0.9711527005482894,1,21,271,1.8999999999997867
FreeSolv,Progressive,54,266,0,332,0.1,1.2407453051408812,0.9711527005482894,2,21,272,1.7999999999997853
FreeSolv,Progressive,54,267,0,67,0.1,1.0581161327642483,0.9711527005482894,3,21,273,1.699999999999784
FreeSolv,Progressive,54,268,0,604,0.1,1.1393010201352594,0.9711527005482894,4,21,274,1.5999999999997825
FreeSolv,Progressive,54,269,0,145,0.1,0.9772943913206065,0.9711527005482894,5,21,275,1.499999999999781
FreeSolv,Progressive,54,270,1,83,1.0,0.8717062870351646,0.9711527005482894,0,22,275,0.49999999999977973
FreeSolv,Progressive,54,271,0,453,0.1,0.8269864177060038,0.9715281654740245,1,22,276,0.39999999999977975
FreeSolv,Progressive,54,272,0,201,0.1,0.8006353084259773,0.9715281654740245,2,22,277,0.29999999999977833
FreeSolv,Progressive,54,273,0,4,0.1,0.6679532978869976,0.9715281654740245,3,22,278,0.19999999999977688
FreeSolv,Progressive,54,274,0,168,0.1,0.6656720073053827,0.9715281654740245,4,22,279,0.09999999999977546
FreeSolv,Progressive,55,1,0,144,0.1,13.732983073174054,0.5,1,2,26,45.4
FreeSolv,Progressive,55,2,0,223,0.1,13.446817685561077,0.5,2,2,27,45.3
FreeSolv,Progressive,55,3,0,91,0.1,9.022065238048295,0.5,3,2,28,45.199999999999996
FreeSolv,Progressive,55,4,1,515,1.0,10.681056088310081,0.5,0,3,28,44.2
FreeSolv,Progressive,55,5,0,61,0.1,9.406093223754139,0.5,1,3,29,44.1
FreeSolv,Progressive,55,6,0,251,0.1,6.650534128017913,0.5,2,3,30,44.0
FreeSolv,Progressive,55,7,0,266,0.1,8.657172538338889,0.5,3,3,31,43.9
FreeSolv,Progressive,55,8,0,139,0.1,8.34305133069782,0.5,4,3,32,43.800000000000004
FreeSolv,Progressive,55,9,0,550,0.1,9.926919913347966,0.5,5,3,33,43.7
FreeSolv,Progressive,55,10,0,393,0.1,9.258239352977629,0.5,6,3,34,43.6
FreeSolv,Progressive,55,11,0,8,0.1,9.135004257925997,0.5,7,3,35,43.5
FreeSolv,Progressive,55,12,0,49,0.1,9.149435836530943,0.5,8,3,36,43.4
FreeSolv,Progressive,55,13,0,619,0.1,8.767470767247524,0.5,9,3,37,43.300000000000004
FreeSolv,Progressive,55,14,0,261,0.1,10.052781507765784,0.5,10,3,38,43.2
FreeSolv,Progressive,55,15,0,39,0.1,9.875099865540426,0.5,11,3,39,43.1
FreeSolv,Progressive,55,16,0,492,0.1,10.337618837352917,0.5,12,3,40,43.00000000000001
FreeSolv,Progressive,55,17,0,87,0.1,10.62478154809112,0.5,13,3,41,42.900000000000006
FreeSolv,Progressive,55,18,0,444,0.1,10.121494327448408,0.5,14,3,42,42.800000000000004
FreeSolv,Progressive,55,19,0,595,0.1,10.363235631729784,0.5,15,3,43,42.7
FreeSolv,Progressive,55,20,0,80,0.1,9.229299618773648,0.5,16,3,44,42.6
FreeSolv,Progressive,55,21,0,129,0.1,9.403626097923027,0.5,17,3,45,42.50000000000001
FreeSolv,Progressive,55,22,0,501,0.1,9.692367924443124,0.5,18,3,46,42.400000000000006
FreeSolv,Progressive,55,23,0,269,0.1,9.889689815057498,0.5,19,3,47,42.300000000000004
FreeSolv,Progressive,55,24,0,83,0.1,9.383306728516603,0.5,20,3,48,42.20000000000001
FreeSolv,Progressive,55,25,1,360,1.0,4.3422830915212565,0.5,0,4,48,41.20000000000001
FreeSolv,Progressive,55,26,0,41,0.1,10.811386092662042,0.5,1,4,49,41.10000000000001
FreeSolv,Progressive,55,27,0,286,0.1,10.732128382801795,0.5,2,4,50,41.00000000000001
FreeSolv,Progressive,55,28,0,6,0.1,10.960770455172412,0.5,3,4,51,40.900000000000006
FreeSolv,Progressive,55,29,0,301,0.1,10.548608798604029,0.5,4,4,52,40.800000000000004
FreeSolv,Progressive,55,30,0,502,0.1,10.55445436412992,0.5,5,4,53,40.70000000000001
FreeSolv,Progressive,55,31,0,96,0.1,10.692412401085582,0.5,6,4,54,40.60000000000001
FreeSolv,Progressive,55,32,0,233,0.1,10.76380500927043,0.5,7,4,55,40.50000000000001
FreeSolv,Progressive,55,33,0,564,0.1,10.684697502048031,0.5,8,4,56,40.40000000000001
FreeSolv,Progressive,55,34,0,577,0.1,10.968044598460006,0.5,9,4,57,40.30000000000001
FreeSolv,Progressive,55,35,0,599,0.1,10.697988019888093,0.5,10,4,58,40.20000000000001
FreeSolv,Progressive,55,36,0,540,0.1,10.859755216264858,0.5,11,4,59,40.10000000000001
FreeSolv,Progressive,55,37,0,232,0.1,10.826297446980998,0.5,12,4,60,40.00000000000001
FreeSolv,Progressive,55,38,0,19,0.1,10.578883582240906,0.5,13,4,61,39.90000000000001
FreeSolv,Progressive,55,39,0,250,0.1,10.859615695005566,0.5,14,4,62,39.80000000000001
FreeSolv,Progressive,55,40,0,422,0.1,10.427968557112196,0.5,15,4,63,39.70000000000001
FreeSolv,Progressive,55,41,0,497,0.1,10.475455662590623,0.5,16,4,64,39.600000000000016
FreeSolv,Progressive,55,42,0,581,0.1,10.365793386179924,0.5,17,4,65,39.500000000000014
FreeSolv,Progressive,55,43,0,533,0.1,10.265070358888321,0.5,18,4,66,39.40000000000001
FreeSolv,Progressive,55,44,0,572,0.1,10.575746310403595,0.5,19,4,67,39.30000000000001
FreeSolv,Progressive,55,45,0,136,0.1,10.267453007253163,0.5,20,4,68,39.20000000000001
FreeSolv,Progressive,55,46,1,621,1.0,4.417893631805458,0.5,0,5,68,38.20000000000002
FreeSolv,Progressive,55,47,0,505,0.1,9.994751463419462,0.5,1,5,69,38.100000000000016
FreeSolv,Progressive,55,48,0,328,0.1,9.925910797946084,0.5,2,5,70,38.000000000000014
FreeSolv,Progressive,55,49,0,255,0.1,9.822521093785333,0.5,3,5,71,37.90000000000001
FreeSolv,Progressive,55,50,0,284,0.1,10.32381518727067,0.5,4,5,72,37.80000000000002
FreeSolv,Progressive,55,51,0,380,0.1,9.750734905159304,0.5,5,5,73,37.70000000000002
FreeSolv,Progressive,55,52,0,258,0.1,9.85204544785062,0.5,6,5,74,37.600000000000016
FreeSolv,Progressive,55,53,0,299,0.1,10.158098578276173,0.5,7,5,75,37.500000000000014
FreeSolv,Progressive,55,54,0,584,0.1,9.98777150103125,0.5,8,5,76,37.40000000000001
FreeSolv,Progressive,55,55,0,589,0.1,9.767181956985027,0.5,9,5,77,37.30000000000002
FreeSolv,Progressive,55,56,0,159,0.1,9.630946809901154,0.5,10,5,78,37.20000000000002
FreeSolv,Progressive,55,57,0,626,0.1,9.608490647421318,0.5,11,5,79,37.100000000000016
FreeSolv,Progressive,55,58,0,192,0.1,9.209339747913338,0.5,12,5,80,37.00000000000002
FreeSolv,Progressive,55,59,0,75,0.1,9.385924138570944,0.5,13,5,81,36.90000000000002
FreeSolv,Progressive,55,60,0,633,0.1,8.986303053419226,0.5,14,5,82,36.80000000000002
FreeSolv,Progressive,55,61,0,105,0.1,8.971062397859466,0.5,15,5,83,36.70000000000002
FreeSolv,Progressive,55,62,0,410,0.1,8.599761495437058,0.5,16,5,84,36.600000000000016
FreeSolv,Progressive,55,63,0,122,0.1,8.728575106251785,0.5,17,5,85,36.50000000000002
FreeSolv,Progressive,55,64,0,191,0.1,8.428201837548631,0.5,18,5,86,36.40000000000002
FreeSolv,Progressive,55,65,0,369,0.1,8.70662593127163,0.5,19,5,87,36.30000000000002
FreeSolv,Progressive,55,66,0,276,0.1,8.632398510849072,0.5,20,5,88,36.200000000000024
FreeSolv,Progressive,55,67,1,292,1.0,5.884634667290326,0.5,0,6,88,35.200000000000024
FreeSolv,Progressive,55,68,0,327,0.1,8.43250085473403,0.5,1,6,89,35.10000000000002
FreeSolv,Progressive,55,69,0,486,0.1,8.465273933376418,0.5,2,6,90,35.00000000000002
FreeSolv,Progressive,55,70,0,379,0.1,8.12103893281683,0.5,3,6,91,34.90000000000002
FreeSolv,Progressive,55,71,0,66,0.1,8.203195770996034,0.5,4,6,92,34.80000000000002
FreeSolv,Progressive,55,72,0,337,0.1,7.996138189889237,0.5,5,6,93,34.700000000000024
FreeSolv,Progressive,55,73,0,193,0.1,10.235667584995888,0.5,6,6,94,34.60000000000002
FreeSolv,Progressive,55,74,0,339,0.1,8.006749467751778,0.5,7,6,95,34.50000000000002
FreeSolv,Progressive,55,75,0,259,0.1,7.671281921650006,0.5,8,6,96,34.40000000000003
FreeSolv,Progressive,55,76,0,425,0.1,7.6315223252482705,0.5,9,6,97,34.300000000000026
FreeSolv,Progressive,55,77,0,436,0.1,7.579000053541668,0.5,10,6,98,34.200000000000024
FreeSolv,Progressive,55,78,0,638,0.1,7.812388826147183,0.5,11,6,99,34.10000000000002
FreeSolv,Progressive,55,79,0,2,0.1,7.644660909646086,0.5,12,6,100,34.00000000000002
FreeSolv,Progressive,55,80,0,31,0.1,7.823799025528661,0.5,13,6,101,33.90000000000003
FreeSolv,Progressive,55,81,0,263,0.1,7.535314130233464,0.5,14,6,102,33.800000000000026
FreeSolv,Progressive,55,82,0,517,0.1,7.0201653983649885,0.5,15,6,103,33.700000000000024
FreeSolv,Progressive,55,83,0,279,0.1,7.142422190297331,0.5,16,6,104,33.60000000000002
FreeSolv,Progressive,55,84,0,204,0.1,7.1905326506286045,0.5,17,6,105,33.50000000000002
FreeSolv,Progressive,55,85,0,148,0.1,6.826770035550702,0.5,18,6,106,33.40000000000002
FreeSolv,Progressive,55,86,0,620,0.1,6.814076469164456,0.5,19,6,107,33.30000000000002
FreeSolv,Progressive,55,87,0,384,0.1,6.542662440359283,0.5,20,6,108,33.20000000000002
FreeSolv,Progressive,55,88,1,596,1.0,2.892806325878185,0.5,0,7,108,32.20000000000002
FreeSolv,Progressive,55,89,0,319,0.1,6.284327642640505,0.5,1,7,109,32.100000000000016
FreeSolv,Progressive,55,90,0,563,0.1,6.26847651661486,0.5,2,7,110,32.000000000000014
FreeSolv,Progressive,55,91,0,413,0.1,6.406276079732514,0.5,3,7,111,31.900000000000013
FreeSolv,Progressive,55,92,0,313,0.1,6.417425718718322,0.5,4,7,112,31.80000000000001
FreeSolv,Progressive,55,93,0,624,0.1,6.1669017828424995,0.5,5,7,113,31.70000000000001
FreeSolv,Progressive,55,94,0,30,0.1,5.936732686825934,0.5,6,7,114,31.60000000000001
FreeSolv,Progressive,55,95,0,53,0.1,6.084045924250057,0.5,7,7,115,31.500000000000007
FreeSolv,Progressive,55,96,0,84,0.1,5.675988006645462,0.5,8,7,116,31.400000000000006
FreeSolv,Progressive,55,97,0,214,0.1,6.1831175464339045,0.5,9,7,117,31.300000000000004
FreeSolv,Progressive,55,98,0,622,0.1,5.875100227291168,0.5,10,7,118,31.200000000000003
FreeSolv,Progressive,55,99,0,597,0.1,5.40569020703544,0.5,11,7,119,31.1
FreeSolv,Progressive,55,100,0,499,0.1,5.626346030334135,0.5,12,7,120,31.0
FreeSolv,Progressive,55,101,0,437,0.1,5.429349019077214,0.5,13,7,121,30.9
FreeSolv,Progressive,55,102,0,147,0.1,5.636649381128012,0.5,14,7,122,30.799999999999997
FreeSolv,Progressive,55,103,0,472,0.1,5.163861957773285,0.5,15,7,123,30.699999999999996
FreeSolv,Progressive,55,104,0,257,0.1,5.439113539758451,0.5,16,7,124,30.599999999999994
FreeSolv,Progressive,55,105,0,592,0.1,5.374579238618715,0.5,17,7,125,30.499999999999993
FreeSolv,Progressive,55,106,0,282,0.1,5.095029427604145,0.5,18,7,126,30.39999999999999
FreeSolv,Progressive,55,107,0,351,0.1,5.01375261677084,0.5,19,7,127,30.29999999999999
FreeSolv,Progressive,55,108,0,104,0.1,5.042507258695896,0.5,20,7,128,30.19999999999999
FreeSolv,Progressive,55,109,1,91,1.0,3.141002617864179,0.5,0,8,128,29.19999999999999
FreeSolv,Progressive,55,110,0,365,0.1,9.904044271177666,0.9995286919826473,1,8,129,29.099999999999987
FreeSolv,Progressive,55,111,0,86,0.1,10.0581969569956,0.9995286919826473,2,8,130,28.999999999999986
FreeSolv,Progressive,55,112,0,186,0.1,10.251683614845831,0.9995286919826473,3,8,131,28.899999999999984
FreeSolv,Progressive,55,113,0,63,0.1,9.83357379037432,0.9995286919826473,4,8,132,28.799999999999983
FreeSolv,Progressive,55,114,0,206,0.1,10.032721630984877,0.9995286919826473,5,8,133,28.69999999999998
FreeSolv,Progressive,55,115,0,383,0.1,9.299971965155788,0.9995286919826473,6,8,134,28.59999999999998
FreeSolv,Progressive,55,116,0,289,0.1,8.837728604574274,0.9995286919826473,7,8,135,28.49999999999998
FreeSolv,Progressive,55,117,0,126,0.1,9.36326102522178,0.9995286919826473,8,8,136,28.399999999999977
FreeSolv,Progressive,55,118,0,77,0.1,9.202782929528762,0.9995286919826473,9,8,137,28.299999999999976
FreeSolv,Progressive,55,119,0,272,0.1,8.849741155837872,0.9995286919826473,10,8,138,28.199999999999974
FreeSolv,Progressive,55,120,0,317,0.1,8.972179692092725,0.9995286919826473,11,8,139,28.099999999999973
FreeSolv,Progressive,55,121,0,546,0.1,8.369669756665449,0.9995286919826473,12,8,140,27.99999999999997
FreeSolv,Progressive,55,122,0,471,0.1,8.598511932669881,0.9995286919826473,13,8,141,27.89999999999997
FreeSolv,Progressive,55,123,0,377,0.1,8.5524284222741,0.9995286919826473,14,8,142,27.79999999999997
FreeSolv,Progressive,55,124,0,37,0.1,8.227702079444047,0.9995286919826473,15,8,143,27.699999999999967
FreeSolv,Progressive,55,125,0,386,0.1,8.801799333163864,0.9995286919826473,16,8,144,27.599999999999966
FreeSolv,Progressive,55,126,0,85,0.1,7.891404898836781,0.9995286919826473,17,8,145,27.499999999999964
FreeSolv,Progressive,55,127,0,618,0.1,8.43346436289351,0.9995286919826473,18,8,146,27.399999999999963
FreeSolv,Progressive,55,128,0,10,0.1,8.026470843875058,0.9995286919826473,19,8,147,27.29999999999996
FreeSolv,Progressive,55,129,0,280,0.1,7.879565939384233,0.9995286919826473,20,8,148,27.19999999999996
FreeSolv,Progressive,55,130,1,251,1.0,1.5059057050279732,0.9995286919826473,0,9,148,26.19999999999996
FreeSolv,Progressive,55,131,0,361,0.1,8.44974541811687,0.9995806716871649,1,9,149,26.09999999999996
FreeSolv,Progressive,55,132,0,485,0.1,7.811441368552379,0.9995806716871649,2,9,150,25.999999999999957
FreeSolv,Progressive,55,133,0,524,0.1,8.078777512732287,0.9995806716871649,3,9,151,25.899999999999956
FreeSolv,Progressive,55,134,0,200,0.1,7.419541935037783,0.9995806716871649,4,9,152,25.799999999999955
FreeSolv,Progressive,55,135,0,128,0.1,7.315182641236504,0.9995806716871649,5,9,153,25.699999999999953
FreeSolv,Progressive,55,136,0,238,0.1,7.57726341524362,0.9995806716871649,6,9,154,25.59999999999995
FreeSolv,Progressive,55,137,0,532,0.1,6.942514951282741,0.9995806716871649,7,9,155,25.49999999999995
FreeSolv,Progressive,55,138,0,141,0.1,7.356760940477042,0.9995806716871649,8,9,156,25.39999999999995
FreeSolv,Progressive,55,139,0,608,0.1,7.397417272051744,0.9995806716871649,9,9,157,25.299999999999947
FreeSolv,Progressive,55,140,0,106,0.1,7.336018496368968,0.9995806716871649,10,9,158,25.199999999999946
FreeSolv,Progressive,55,141,0,99,0.1,7.091833464342459,0.9995806716871649,11,9,159,25.099999999999945
FreeSolv,Progressive,55,142,0,283,0.1,6.438157833380487,0.9995806716871649,12,9,160,24.999999999999943
FreeSolv,Progressive,55,143,0,110,0.1,6.348757502173832,0.9995806716871649,13,9,161,24.89999999999994
FreeSolv,Progressive,55,144,0,451,0.1,6.0859804553480865,0.9995806716871649,14,9,162,24.79999999999994
FreeSolv,Progressive,55,145,0,178,0.1,6.1775888958101755,0.9995806716871649,15,9,163,24.69999999999994
FreeSolv,Progressive,55,146,0,398,0.1,6.079457289761064,0.9995806716871649,16,9,164,24.599999999999937
FreeSolv,Progressive,55,147,0,456,0.1,6.21397331507057,0.9995806716871649,17,9,165,24.499999999999936
FreeSolv,Progressive,55,148,0,368,0.1,6.02797109562964,0.9995806716871649,18,9,166,24.399999999999935
FreeSolv,Progressive,55,149,0,293,0.1,5.689541940397734,0.9995806716871649,19,9,167,24.299999999999933
FreeSolv,Progressive,55,150,0,446,0.1,5.7299090380425675,0.9995806716871649,20,9,168,24.199999999999932
FreeSolv,Progressive,55,151,1,400,1.0,1.6709670393410043,0.9995806716871649,0,10,168,23.199999999999932
FreeSolv,Progressive,55,152,0,166,0.1,5.477523904992889,0.9995806716871649,1,10,169,23.09999999999993
FreeSolv,Progressive,55,153,0,631,0.1,7.369232615777694,0.9995806716871649,2,10,170,22.99999999999993
FreeSolv,Progressive,55,154,0,172,0.1,5.4467556576700265,0.9995806716871649,3,10,171,22.899999999999928
FreeSolv,Progressive,55,155,0,64,0.1,6.120886447688838,0.9995806716871649,4,10,172,22.799999999999926
FreeSolv,Progressive,55,156,0,336,0.1,5.7845239306836245,0.9995806716871649,5,10,173,22.699999999999925
FreeSolv,Progressive,55,157,0,149,0.1,5.61619109166531,0.9995806716871649,6,10,174,22.599999999999923
FreeSolv,Progressive,55,158,0,558,0.1,5.359639100246026,0.9995806716871649,7,10,175,22.499999999999922
FreeSolv,Progressive,55,159,0,102,0.1,5.241504559042281,0.9995806716871649,8,10,176,22.39999999999992
FreeSolv,Progressive,55,160,0,131,0.1,5.007894600735249,0.9995806716871649,9,10,177,22.29999999999992
FreeSolv,Progressive,55,161,0,359,0.1,8.572589675177577,0.9995806716871649,10,10,178,22.199999999999918
FreeSolv,Progressive,55,162,0,183,0.1,5.408209573190932,0.9995806716871649,11,10,179,22.099999999999916
FreeSolv,Progressive,55,163,0,445,0.1,5.2631689576560925,0.9995806716871649,12,10,180,21.999999999999915
FreeSolv,Progressive,55,164,0,268,0.1,4.804035782215366,0.9995806716871649,13,10,181,21.899999999999913
FreeSolv,Progressive,55,165,0,54,0.1,4.910594434570077,0.9995806716871649,14,10,182,21.799999999999912
FreeSolv,Progressive,55,166,0,140,0.1,5.141958281622469,0.9995806716871649,15,10,183,21.69999999999991
FreeSolv,Progressive,55,167,0,560,0.1,4.939669970243532,0.9995806716871649,16,10,184,21.59999999999991
FreeSolv,Progressive,55,168,0,357,0.1,4.602562866252373,0.9995806716871649,17,10,185,21.499999999999908
FreeSolv,Progressive,55,169,0,224,0.1,5.015048432443843,0.9995806716871649,18,10,186,21.399999999999906
FreeSolv,Progressive,55,170,0,100,0.1,5.089214926663576,0.9995806716871649,19,10,187,21.299999999999905
FreeSolv,Progressive,55,171,0,509,0.1,4.326792865850995,0.9995806716871649,20,10,188,21.199999999999903
FreeSolv,Progressive,55,172,1,122,1.0,1.3174194959312064,0.9995806716871649,0,11,188,20.199999999999903
FreeSolv,Progressive,55,173,0,615,0.1,4.278283110992713,0.9995926291249246,1,11,189,20.099999999999902
FreeSolv,Progressive,55,174,0,119,0.1,4.572686594546885,0.9995926291249246,2,11,190,19.9999999999999
FreeSolv,Progressive,55,175,0,371,0.1,4.152631783000534,0.9995926291249246,3,11,191,19.8999999999999
FreeSolv,Progressive,55,176,0,300,0.1,4.380553847365098,0.9995926291249246,4,11,192,19.799999999999898
FreeSolv,Progressive,55,177,0,165,0.1,4.184171054893602,0.9995926291249246,5,11,193,19.699999999999896
FreeSolv,Progressive,55,178,0,432,0.1,4.473607303364133,0.9995926291249246,6,11,194,19.599999999999895
FreeSolv,Progressive,55,179,0,330,0.1,4.48108486293091,0.9995926291249246,7,11,195,19.499999999999893
FreeSolv,Progressive,55,180,0,603,0.1,4.177868143903198,0.9995926291249246,8,11,196,19.399999999999892
FreeSolv,Progressive,55,181,0,320,0.1,4.077299562753871,0.9995926291249246,9,11,197,19.29999999999989
FreeSolv,Progressive,55,182,0,399,0.1,3.9420331074420853,0.9995926291249246,10,11,198,19.19999999999989
FreeSolv,Progressive,55,183,0,473,0.1,4.020682620653943,0.9995926291249246,11,11,199,19.099999999999888
FreeSolv,Progressive,55,184,0,613,0.1,3.8767900893941207,0.9995926291249246,12,11,200,18.999999999999886
FreeSolv,Progressive,55,185,0,548,0.1,3.7988414173885303,0.9995926291249246,13,11,201,18.899999999999885
FreeSolv,Progressive,55,186,0,338,0.1,3.444762905980681,0.9995926291249246,14,11,202,18.799999999999883
FreeSolv,Progressive,55,187,0,588,0.1,3.7427397886602547,0.9995926291249246,15,11,203,18.699999999999882
FreeSolv,Progressive,55,188,0,174,0.1,3.352648489971922,0.9995926291249246,16,11,204,18.59999999999988
FreeSolv,Progressive,55,189,0,406,0.1,4.189683154526478,0.9995926291249246,17,11,205,18.49999999999988
FreeSolv,Progressive,55,190,0,475,0.1,3.327693423877181,0.9995926291249246,18,11,206,18.399999999999878
FreeSolv,Progressive,55,191,0,528,0.1,3.5642892768787062,0.9995926291249246,19,11,207,18.299999999999876
FreeSolv,Progressive,55,192,0,440,0.1,3.3012186594735753,0.9995926291249246,20,11,208,18.199999999999875
FreeSolv,Progressive,55,193,1,49,1.0,1.352619446442622,0.9995926291249246,0,12,208,17.199999999999875
FreeSolv,Progressive,55,194,0,118,0.1,3.2141179579077908,0.9996135132146645,1,12,209,17.099999999999874
FreeSolv,Progressive,55,195,0,16,0.1,3.3662988248149093,0.9996135132146645,2,12,210,16.999999999999872
FreeSolv,Progressive,55,196,0,315,0.1,3.1197346724981383,0.9996135132146645,3,12,211,16.89999999999987
FreeSolv,Progressive,55,197,0,161,0.1,3.5479849647139865,0.9996135132146645,4,12,212,16.79999999999987
FreeSolv,Progressive,55,198,0,314,0.1,2.937303244051578,0.9996135132146645,5,12,213,16.699999999999868
FreeSolv,Progressive,55,199,0,500,0.1,2.8797289065326597,0.9996135132146645,6,12,214,16.599999999999866
FreeSolv,Progressive,55,200,0,340,0.1,2.8257802730430868,0.9996135132146645,7,12,215,16.499999999999865
FreeSolv,Progressive,55,201,0,25,0.1,3.555215400546579,0.9996135132146645,8,12,216,16.399999999999864
FreeSolv,Progressive,55,202,0,452,0.1,2.6180910774960666,0.9996135132146645,9,12,217,16.299999999999862
FreeSolv,Progressive,55,203,0,591,0.1,2.729419590379113,0.9996135132146645,10,12,218,16.19999999999986
FreeSolv,Progressive,55,204,0,530,0.1,3.358103935546713,0.9996135132146645,11,12,219,16.09999999999986
FreeSolv,Progressive,55,205,0,496,0.1,3.054602122477915,0.9996135132146645,12,12,220,15.99999999999986
FreeSolv,Progressive,55,206,0,353,0.1,2.7033621281745743,0.9996135132146645,13,12,221,15.899999999999858
FreeSolv,Progressive,55,207,0,152,0.1,2.8629829599422685,0.9996135132146645,14,12,222,15.799999999999857
FreeSolv,Progressive,55,208,0,187,0.1,2.9864091458832096,0.9996135132146645,15,12,223,15.699999999999855
FreeSolv,Progressive,55,209,0,341,0.1,2.9827377903560404,0.9996135132146645,16,12,224,15.599999999999854
FreeSolv,Progressive,55,210,0,113,0.1,2.854102341899894,0.9996135132146645,17,12,225,15.499999999999853
FreeSolv,Progressive,55,211,0,325,0.1,3.0049580745855975,0.9996135132146645,18,12,226,15.399999999999851
FreeSolv,Progressive,55,212,0,335,0.1,2.596700650964773,0.9996135132146645,19,12,227,15.29999999999985
FreeSolv,Progressive,55,213,0,534,0.1,2.3787420480168007,0.9996135132146645,20,12,228,15.199999999999848
FreeSolv,Progressive,55,214,1,61,1.0,1.1354681466505356,0.9996135132146645,0,13,228,14.199999999999847
FreeSolv,Progressive,55,215,0,366,0.1,3.0387962542052414,0.991801681736573,1,13,229,14.099999999999847
FreeSolv,Progressive,55,216,0,285,0.1,2.602720001039827,0.991801681736573,2,13,230,13.999999999999845
FreeSolv,Progressive,55,217,0,506,0.1,2.491772055653063,0.991801681736573,3,13,231,13.899999999999844
FreeSolv,Progressive,55,218,0,43,0.1,2.49716308046979,0.991801681736573,4,13,232,13.799999999999843
FreeSolv,Progressive,55,219,0,201,0.1,2.2052579896854025,0.991801681736573,5,13,233,13.699999999999841
FreeSolv,Progressive,55,220,0,175,0.1,2.4547647859273223,0.991801681736573,6,13,234,13.59999999999984
FreeSolv,Progressive,55,221,0,181,0.1,2.9157517813510005,0.991801681736573,7,13,235,13.499999999999838
FreeSolv,Progressive,55,222,0,401,0.1,2.617572256137864,0.991801681736573,8,13,236,13.399999999999837
FreeSolv,Progressive,55,223,0,135,0.1,2.2094809330109766,0.991801681736573,9,13,237,13.299999999999836
FreeSolv,Progressive,55,224,0,443,0.1,2.795536954296523,0.991801681736573,10,13,238,13.199999999999834
FreeSolv,Progressive,55,225,0,579,0.1,2.4653457796755975,0.991801681736573,11,13,239,13.099999999999833
FreeSolv,Progressive,55,226,0,463,0.1,2.350919725876119,0.991801681736573,12,13,240,12.999999999999831
FreeSolv,Progressive,55,227,0,253,0.1,2.305303910998978,0.991801681736573,13,13,241,12.89999999999983
FreeSolv,Progressive,55,228,0,459,0.1,2.1784693578050764,0.991801681736573,14,13,242,12.799999999999828
FreeSolv,Progressive,55,229,0,59,0.1,2.1878616200211205,0.991801681736573,15,13,243,12.699999999999827
FreeSolv,Progressive,55,230,0,578,0.1,2.001699827413605,0.991801681736573,16,13,244,12.599999999999826
FreeSolv,Progressive,55,231,0,487,0.1,2.090809889947296,0.991801681736573,17,13,245,12.499999999999824
FreeSolv,Progressive,55,232,0,14,0.1,1.8378535598523156,0.991801681736573,18,13,246,12.399999999999823
FreeSolv,Progressive,55,233,0,428,0.1,1.7505402142514066,0.991801681736573,19,13,247,12.299999999999821
FreeSolv,Progressive,55,234,0,198,0.1,2.397432845444285,0.991801681736573,20,13,248,12.19999999999982
FreeSolv,Progressive,55,235,1,261,1.0,0.8987454187897603,0.991801681736573,0,14,248,11.199999999999818
FreeSolv,Progressive,55,236,0,464,0.1,1.8376625257567296,0.9906322950320526,1,14,249,11.099999999999818
FreeSolv,Progressive,55,237,0,194,0.1,1.543152283581725,0.9906322950320526,2,14,250,10.999999999999817
FreeSolv,Progressive,55,238,0,246,0.1,1.9167578631989004,0.9906322950320526,3,14,251,10.899999999999816
FreeSolv,Progressive,55,239,0,219,0.1,1.8429532356985492,0.9906322950320526,4,14,252,10.799999999999814
FreeSolv,Progressive,55,240,0,167,0.1,1.8777493116834434,0.9906322950320526,5,14,253,10.699999999999813
FreeSolv,Progressive,55,241,0,180,0.1,1.9215935148316725,0.9906322950320526,6,14,254,10.599999999999811
FreeSolv,Progressive,55,242,0,352,0.1,2.2197606182187344,0.9906322950320526,7,14,255,10.49999999999981
FreeSolv,Progressive,55,243,0,354,0.1,1.7263908415430278,0.9906322950320526,8,14,256,10.399999999999809
FreeSolv,Progressive,55,244,0,231,0.1,1.8163760755358045,0.9906322950320526,9,14,257,10.299999999999807
FreeSolv,Progressive,55,245,0,604,0.1,1.388571332788413,0.9906322950320526,10,14,258,10.199999999999806
FreeSolv,Progressive,55,246,0,519,0.1,1.7908105886385868,0.9906322950320526,11,14,259,10.099999999999804
FreeSolv,Progressive,55,247,0,216,0.1,1.644723521375632,0.9906322950320526,12,14,260,9.999999999999803
FreeSolv,Progressive,55,248,0,632,0.1,1.5146175186190836,0.9906322950320526,13,14,261,9.899999999999801
FreeSolv,Progressive,55,249,1,457,1.0,1.8865319348586211,0.9906322950320526,0,15,261,8.8999999999998
FreeSolv,Progressive,55,250,0,345,0.1,1.3182148212828606,0.9906322950320526,1,15,262,8.7999999999998
FreeSolv,Progressive,55,251,0,26,0.1,1.5507423406265113,0.9906322950320526,2,15,263,8.699999999999799
FreeSolv,Progressive,55,252,0,484,0.1,1.6270677209186384,0.9906322950320526,3,15,264,8.599999999999797
FreeSolv,Progressive,55,253,0,567,0.1,1.3823948126664016,0.9906322950320526,4,15,265,8.499999999999796
FreeSolv,Progressive,55,254,0,630,0.1,1.2206362246799312,0.9906322950320526,5,15,266,8.399999999999794
FreeSolv,Progressive,55,255,0,130,0.1,1.6195272203093198,0.9906322950320526,6,15,267,8.299999999999793
FreeSolv,Progressive,55,256,0,156,0.1,1.3829055592606758,0.9906322950320526,7,15,268,8.199999999999791
FreeSolv,Progressive,55,257,0,76,0.1,1.5317133160641874,0.9906322950320526,8,15,269,8.09999999999979
FreeSolv,Progressive,55,258,1,39,1.0,1.4180852300641698,0.9906322950320526,0,16,269,7.099999999999788
FreeSolv,Progressive,55,259,0,94,0.1,1.395939843334849,0.9900790236266124,1,16,270,6.999999999999789
FreeSolv,Progressive,55,260,0,67,0.1,1.3683219696812314,0.9900790236266124,2,16,271,6.899999999999787
FreeSolv,Progressive,55,261,0,145,0.1,1.4604455654567738,0.9900790236266124,3,16,272,6.799999999999786
FreeSolv,Progressive,55,262,0,115,0.1,1.5248528265291263,0.9900790236266124,4,16,273,6.699999999999784
FreeSolv,Progressive,55,263,0,435,0.1,1.0972926067224034,0.9900790236266124,5,16,274,6.599999999999783
FreeSolv,Progressive,55,264,0,304,0.1,1.5070419733433684,0.9900790236266124,6,16,275,6.4999999999997815
FreeSolv,Progressive,55,265,0,22,0.1,1.0828987346974215,0.9900790236266124,7,16,276,6.39999999999978
FreeSolv,Progressive,55,266,0,271,0.1,1.2749419005149802,0.9900790236266124,8,16,277,6.299999999999779
FreeSolv,Progressive,55,267,1,492,1.0,1.2721056655918443,0.9900790236266124,0,17,277,5.299999999999777
FreeSolv,Progressive,55,268,0,4,0.1,1.1351007217627924,0.9895904920255248,1,17,278,5.199999999999777
FreeSolv,Progressive,55,269,0,538,0.1,1.2798327307252828,0.9895904920255248,2,17,279,5.099999999999776
FreeSolv,Progressive,55,270,1,87,1.0,1.110743864636383,0.9895904920255248,0,18,279,4.099999999999774
FreeSolv,Progressive,55,271,0,605,0.1,1.2064431452543252,0.9892242794686906,1,18,280,3.999999999999774
FreeSolv,Progressive,55,272,0,453,0.1,0.9377548835996772,0.9892242794686906,2,18,281,3.8999999999997725
FreeSolv,Progressive,55,273,0,639,0.1,1.4972438930601988,0.9892242794686906,3,18,282,3.799999999999771
FreeSolv,Progressive,55,274,1,269,1.0,1.3875523639008234,0.9892242794686906,0,19,282,2.79999999999977
FreeSolv,Progressive,55,275,0,562,0.1,1.0625839974889988,0.9891285685738239,1,19,283,2.6999999999997697
FreeSolv,Progressive,55,276,1,41,1.0,1.0816378023116962,0.9891285685738239,0,20,283,1.6999999999997684
FreeSolv,Progressive,55,277,1,444,1.0,1.1984074635984656,0.9878765582941506,0,21,283,0.6999999999997684
FreeSolv,Progressive,55,278,0,168,0.1,1.0506596476717827,0.9876524110188896,1,21,284,0.5999999999997684
FreeSolv,Progressive,55,279,0,454,0.1,1.0367077872451231,0.9876524110188896,2,21,285,0.49999999999976696
FreeSolv,Progressive,55,280,0,222,0.1,1.1172979543262522,0.9876524110188896,3,21,286,0.39999999999976554
FreeSolv,Progressive,55,281,0,273,0.1,1.24905482606233,0.9876524110188896,4,21,287,0.2999999999997641
FreeSolv,Progressive,55,282,0,627,0.1,1.053792338472432,0.9876524110188896,5,21,288,0.19999999999976267
FreeSolv,Progressive,55,283,0,582,0.1,1.220767912893081,0.9876524110188896,6,21,289,0.09999999999976125
FreeSolv,Progressive,56,1,0,182,0.1,18.71563456730642,0.5,1,2,26,45.4
FreeSolv,Progressive,56,2,0,144,0.1,15.88451895288764,0.5,2,2,27,45.3
FreeSolv,Progressive,56,3,0,437,0.1,10.854292825532845,0.5,3,2,28,45.199999999999996
FreeSolv,Progressive,56,4,0,91,0.1,11.52122125104932,0.5,4,2,29,45.1
FreeSolv,Progressive,56,5,0,251,0.1,9.556827271441195,0.5,5,2,30,45.0
FreeSolv,Progressive,56,6,1,515,1.0,10.322298855209077,0.5,0,3,30,44.0
FreeSolv,Progressive,56,7,0,139,0.1,9.540718772213294,0.5,1,3,31,43.9
FreeSolv,Progressive,56,8,0,550,0.1,9.989002559554574,0.5,2,3,32,43.800000000000004
FreeSolv,Progressive,56,9,0,266,0.1,9.909699201125903,0.5,3,3,33,43.7
FreeSolv,Progressive,56,10,0,377,0.1,10.391642182996566,0.5,4,3,34,43.6
FreeSolv,Progressive,56,11,0,122,0.1,9.184475362834137,0.5,5,3,35,43.5
FreeSolv,Progressive,56,12,0,276,0.1,9.642091547432038,0.5,6,3,36,43.4
FreeSolv,Progressive,56,13,0,206,0.1,9.232772920234904,0.5,7,3,37,43.300000000000004
FreeSolv,Progressive,56,14,0,393,0.1,8.269042098319437,0.5,8,3,38,43.2
FreeSolv,Progressive,56,15,0,8,0.1,9.658574196193552,0.5,9,3,39,43.1
FreeSolv,Progressive,56,16,0,232,0.1,8.391603079442307,0.5,10,3,40,43.00000000000001
FreeSolv,Progressive,56,17,0,286,0.1,8.735002040786624,0.5,11,3,41,42.900000000000006
FreeSolv,Progressive,56,18,0,446,0.1,8.613716645294808,0.5,12,3,42,42.800000000000004
FreeSolv,Progressive,56,19,0,619,0.1,8.513769837374578,0.5,13,3,43,42.7
FreeSolv,Progressive,56,20,0,96,0.1,8.329433326324105,0.5,14,3,44,42.6
FreeSolv,Progressive,56,21,0,328,0.1,9.020727358881732,0.5,15,3,45,42.50000000000001
FreeSolv,Progressive,56,22,0,83,0.1,9.261858634167863,0.5,16,3,46,42.400000000000006
FreeSolv,Progressive,56,23,0,261,0.1,11.063267536810752,0.5,17,3,47,42.300000000000004
FreeSolv,Progressive,56,24,0,39,0.1,11.102193121349302,0.5,18,3,48,42.20000000000001
FreeSolv,Progressive,56,25,0,492,0.1,10.407150374037077,0.5,19,3,49,42.10000000000001
FreeSolv,Progressive,56,26,0,87,0.1,10.138233591773545,0.5,20,3,50,42.00000000000001
FreeSolv,Progressive,56,27,1,542,1.0,6.445274036843557,0.5,0,4,50,41.00000000000001
FreeSolv,Progressive,56,28,0,284,0.1,10.93551045472239,0.5,1,4,51,40.900000000000006
FreeSolv,Progressive,56,29,0,444,0.1,9.870267556351493,0.5,2,4,52,40.800000000000004
FreeSolv,Progressive,56,30,0,129,0.1,9.949262514309492,0.5,3,4,53,40.70000000000001
FreeSolv,Progressive,56,31,0,501,0.1,9.48765617683659,0.5,4,4,54,40.60000000000001
FreeSolv,Progressive,56,32,0,80,0.1,9.616900061497672,0.5,5,4,55,40.50000000000001
FreeSolv,Progressive,56,33,0,233,0.1,9.431804555229741,0.5,6,4,56,40.40000000000001
FreeSolv,Progressive,56,34,0,6,0.1,9.305296351008826,0.5,7,4,57,40.30000000000001
FreeSolv,Progressive,56,35,0,502,0.1,9.083599567337513,0.5,8,4,58,40.20000000000001
FreeSolv,Progressive,56,36,0,258,0.1,9.649546359067305,0.5,9,4,59,40.10000000000001
FreeSolv,Progressive,56,37,0,41,0.1,9.137394915290459,0.5,10,4,60,40.00000000000001
FreeSolv,Progressive,56,38,0,599,0.1,9.057691819645534,0.5,11,4,61,39.90000000000001
FreeSolv,Progressive,56,39,0,301,0.1,9.149828803520956,0.5,12,4,62,39.80000000000001
FreeSolv,Progressive,56,40,0,589,0.1,9.02107588359271,0.5,13,4,63,39.70000000000001
FreeSolv,Progressive,56,41,0,422,0.1,9.105871383565253,0.5,14,4,64,39.600000000000016
FreeSolv,Progressive,56,42,0,250,0.1,9.279003219614502,0.5,15,4,65,39.500000000000014
FreeSolv,Progressive,56,43,0,380,0.1,8.60714039454638,0.5,16,4,66,39.40000000000001
FreeSolv,Progressive,56,44,0,497,0.1,8.635254026378995,0.5,17,4,67,39.30000000000001
FreeSolv,Progressive,56,45,0,269,0.1,8.711829870451535,0.5,18,4,68,39.20000000000001
FreeSolv,Progressive,56,46,0,564,0.1,8.8602661994867,0.5,19,4,69,39.100000000000016
FreeSolv,Progressive,56,47,0,577,0.1,8.693577694951541,0.5,20,4,70,39.000000000000014
FreeSolv,Progressive,56,48,1,457,1.0,4.667884636260496,0.5,0,5,70,38.000000000000014
FreeSolv,Progressive,56,49,0,259,0.1,8.364082415581855,0.5,1,5,71,37.90000000000001
FreeSolv,Progressive,56,50,0,572,0.1,8.452434399800218,0.5,2,5,72,37.80000000000002
FreeSolv,Progressive,56,51,0,255,0.1,8.548032046679298,0.5,3,5,73,37.70000000000002
FreeSolv,Progressive,56,52,0,505,0.1,8.619650892833338,0.5,4,5,74,37.600000000000016
FreeSolv,Progressive,56,53,0,193,0.1,8.14335766489276,0.5,5,5,75,37.500000000000014
FreeSolv,Progressive,56,54,0,19,0.1,8.62036472178842,0.5,6,5,76,37.40000000000001
FreeSolv,Progressive,56,55,0,584,0.1,8.453826991803496,0.5,7,5,77,37.30000000000002
FreeSolv,Progressive,56,56,0,533,0.1,8.643904961658519,0.5,8,5,78,37.20000000000002
FreeSolv,Progressive,56,57,0,136,0.1,8.772349971390888,0.5,9,5,79,37.100000000000016
FreeSolv,Progressive,56,58,0,581,0.1,8.352898544517897,0.5,10,5,80,37.00000000000002
FreeSolv,Progressive,56,59,0,159,0.1,8.176050003469157,0.5,11,5,81,36.90000000000002
FreeSolv,Progressive,56,60,0,540,0.1,8.66153389472422,0.5,12,5,82,36.80000000000002
FreeSolv,Progressive,56,61,0,626,0.1,8.168490567252771,0.5,13,5,83,36.70000000000002
FreeSolv,Progressive,56,62,0,192,0.1,8.00653310012907,0.5,14,5,84,36.600000000000016
FreeSolv,Progressive,56,63,0,369,0.1,7.830424399173399,0.5,15,5,85,36.50000000000002
FreeSolv,Progressive,56,64,0,633,0.1,7.945808350443844,0.5,16,5,86,36.40000000000002
FreeSolv,Progressive,56,65,0,379,0.1,7.553509465192205,0.5,17,5,87,36.30000000000002
FreeSolv,Progressive,56,66,0,638,0.1,7.468739193316864,0.5,18,5,88,36.200000000000024
FreeSolv,Progressive,56,67,0,299,0.1,8.00928321768033,0.5,19,5,89,36.10000000000002
FreeSolv,Progressive,56,68,0,486,0.1,7.45698426082604,0.5,20,5,90,36.00000000000002
FreeSolv,Progressive,56,69,1,261,1.0,2.489441813719833,0.5,0,6,90,35.00000000000002
FreeSolv,Progressive,56,70,0,337,0.1,15.37478015979326,0.9984632191451346,1,6,91,34.90000000000002
FreeSolv,Progressive,56,71,0,327,0.1,15.923285385754294,0.9984632191451346,2,6,92,34.80000000000002
FreeSolv,Progressive,56,72,0,624,0.1,14.20590232661834,0.9984632191451346,3,6,93,34.700000000000024
FreeSolv,Progressive,56,73,0,105,0.1,14.171299858378037,0.9984632191451346,4,6,94,34.60000000000002
FreeSolv,Progressive,56,74,0,339,0.1,15.105423244559264,0.9984632191451346,5,6,95,34.50000000000002
FreeSolv,Progressive,56,75,0,263,0.1,14.250694412936062,0.9984632191451346,6,6,96,34.40000000000003
FreeSolv,Progressive,56,76,0,66,0.1,15.359187196006296,0.9984632191451346,7,6,97,34.300000000000026
FreeSolv,Progressive,56,77,0,461,0.1,14.497923306228238,0.9984632191451346,8,6,98,34.200000000000024
FreeSolv,Progressive,56,78,0,410,0.1,14.351771623547064,0.9984632191451346,9,6,99,34.10000000000002
FreeSolv,Progressive,56,79,0,279,0.1,13.979306432702263,0.9984632191451346,10,6,100,34.00000000000002
FreeSolv,Progressive,56,80,0,84,0.1,12.670078308730739,0.9984632191451346,11,6,101,33.90000000000003
FreeSolv,Progressive,56,81,0,75,0.1,13.855200696061873,0.9984632191451346,12,6,102,33.800000000000026
FreeSolv,Progressive,56,82,0,436,0.1,13.568591833679879,0.9984632191451346,13,6,103,33.700000000000024
FreeSolv,Progressive,56,83,0,2,0.1,13.089169668588404,0.9984632191451346,14,6,104,33.60000000000002
FreeSolv,Progressive,56,84,0,104,0.1,13.596134971264936,0.9984632191451346,15,6,105,33.50000000000002
FreeSolv,Progressive,56,85,0,191,0.1,12.909870908425148,0.9984632191451346,16,6,106,33.40000000000002
FreeSolv,Progressive,56,86,0,31,0.1,12.766380556255408,0.9984632191451346,17,6,107,33.30000000000002
FreeSolv,Progressive,56,87,0,563,0.1,12.601449586330554,0.9984632191451346,18,6,108,33.20000000000002
FreeSolv,Progressive,56,88,0,319,0.1,12.958081896345288,0.9984632191451346,19,6,109,33.100000000000016
FreeSolv,Progressive,56,89,0,620,0.1,11.884342577729385,0.9984632191451346,20,6,110,33.000000000000014
FreeSolv,Progressive,56,90,1,193,1.0,2.403167062815801,0.9984632191451346,0,7,110,32.000000000000014
FreeSolv,Progressive,56,91,0,148,0.1,11.46970119456746,0.9981724616678412,1,7,111,31.900000000000013
FreeSolv,Progressive,56,92,0,413,0.1,10.96143481613127,0.9981724616678412,2,7,112,31.80000000000001
FreeSolv,Progressive,56,93,0,204,0.1,11.519939442522418,0.9981724616678412,3,7,113,31.70000000000001
FreeSolv,Progressive,56,94,0,126,0.1,11.154035384111404,0.9981724616678412,4,7,114,31.60000000000001
FreeSolv,Progressive,56,95,0,53,0.1,10.873929390251567,0.9981724616678412,5,7,115,31.500000000000007
FreeSolv,Progressive,56,96,0,517,0.1,10.939708653499125,0.9981724616678412,6,7,116,31.400000000000006
FreeSolv,Progressive,56,97,0,597,0.1,10.251803004880205,0.9981724616678412,7,7,117,31.300000000000004
FreeSolv,Progressive,56,98,0,622,0.1,10.781574501505373,0.9981724616678412,8,7,118,31.200000000000003
FreeSolv,Progressive,56,99,0,425,0.1,10.252921956500273,0.9981724616678412,9,7,119,31.1
FreeSolv,Progressive,56,100,0,181,0.1,10.915843210853266,0.9981724616678412,10,7,120,31.0
FreeSolv,Progressive,56,101,0,61,0.1,9.735170306476434,0.9981724616678412,11,7,121,30.9
FreeSolv,Progressive,56,102,0,456,0.1,11.017544838930041,0.9981724616678412,12,7,122,30.799999999999997
FreeSolv,Progressive,56,103,0,289,0.1,9.288684175896154,0.9981724616678412,13,7,123,30.699999999999996
FreeSolv,Progressive,56,104,0,351,0.1,9.668042853680422,0.9981724616678412,14,7,124,30.599999999999994
FreeSolv,Progressive,56,105,0,317,0.1,9.232151821374336,0.9981724616678412,15,7,125,30.499999999999993
FreeSolv,Progressive,56,106,0,147,0.1,9.23826784918373,0.9981724616678412,16,7,126,30.39999999999999
FreeSolv,Progressive,56,107,0,365,0.1,9.397816894881611,0.9981724616678412,17,7,127,30.29999999999999
FreeSolv,Progressive,56,108,0,280,0.1,8.64952266056584,0.9981724616678412,18,7,128,30.19999999999999
FreeSolv,Progressive,56,109,0,546,0.1,9.141653528164401,0.9981724616678412,19,7,129,30.099999999999987
FreeSolv,Progressive,56,110,0,471,0.1,8.545248587777477,0.9981724616678412,20,7,130,29.999999999999986
FreeSolv,Progressive,56,111,1,160,1.0,2.1427072235509215,0.9981724616678412,0,8,130,28.999999999999986
FreeSolv,Progressive,56,112,0,472,0.1,8.72005801076925,0.9989921315289099,1,8,131,28.899999999999984
FreeSolv,Progressive,56,113,0,282,0.1,8.666552168701548,0.9989921315289099,2,8,132,28.799999999999983
FreeSolv,Progressive,56,114,0,592,0.1,8.661942409769768,0.9989921315289099,3,8,133,28.69999999999998
FreeSolv,Progressive,56,115,0,10,0.1,8.278196631715256,0.9989921315289099,4,8,134,28.59999999999998
FreeSolv,Progressive,56,116,0,86,0.1,8.624876838769705,0.9989921315289099,5,8,135,28.49999999999998
FreeSolv,Progressive,56,117,0,384,0.1,8.135637386054837,0.9989921315289099,6,8,136,28.399999999999977
FreeSolv,Progressive,56,118,0,524,0.1,7.862497767762973,0.9989921315289099,7,8,137,28.299999999999976
FreeSolv,Progressive,56,119,0,214,0.1,8.761728519001432,0.9989921315289099,8,8,138,28.199999999999974
FreeSolv,Progressive,56,120,0,257,0.1,8.079508512545509,0.9989921315289099,9,8,139,28.099999999999973
FreeSolv,Progressive,56,121,0,383,0.1,7.864146382794151,0.9989921315289099,10,8,140,27.99999999999997
FreeSolv,Progressive,56,122,0,361,0.1,7.697680039157434,0.9989921315289099,11,8,141,27.89999999999997
FreeSolv,Progressive,56,123,0,272,0.1,8.227480996960313,0.9989921315289099,12,8,142,27.79999999999997
FreeSolv,Progressive,56,124,0,532,0.1,7.9497907562757515,0.9989921315289099,13,8,143,27.699999999999967
FreeSolv,Progressive,56,125,0,200,0.1,7.392945846000634,0.9989921315289099,14,8,144,27.599999999999966
FreeSolv,Progressive,56,126,0,85,0.1,6.914611262713315,0.9989921315289099,15,8,145,27.499999999999964
FreeSolv,Progressive,56,127,0,77,0.1,7.208254537962586,0.9989921315289099,16,8,146,27.399999999999963
FreeSolv,Progressive,56,128,0,99,0.1,7.066514668019687,0.9989921315289099,17,8,147,27.29999999999996
FreeSolv,Progressive,56,129,0,110,0.1,7.102811593089593,0.9989921315289099,18,8,148,27.19999999999996
FreeSolv,Progressive,56,130,0,37,0.1,6.611001476074387,0.9989921315289099,19,8,149,27.09999999999996
FreeSolv,Progressive,56,131,0,238,0.1,7.140255541228152,0.9989921315289099,20,8,150,26.999999999999957
FreeSolv,Progressive,56,132,1,596,1.0,3.058886028317655,0.9989921315289099,0,9,150,25.999999999999957
FreeSolv,Progressive,56,133,0,186,0.1,6.996525050832248,0.987143925224547,1,9,151,25.899999999999956
FreeSolv,Progressive,56,134,0,499,0.1,6.9014389437635675,0.987143925224547,2,9,152,25.799999999999955
FreeSolv,Progressive,56,135,0,451,0.1,5.952171736053011,0.987143925224547,3,9,153,25.699999999999953
FreeSolv,Progressive,56,136,0,141,0.1,6.583676094610752,0.987143925224547,4,9,154,25.59999999999995
FreeSolv,Progressive,56,137,0,128,0.1,5.9695212985088935,0.987143925224547,5,9,155,25.49999999999995
FreeSolv,Progressive,56,138,0,608,0.1,6.109336004353247,0.987143925224547,6,9,156,25.39999999999995
FreeSolv,Progressive,56,139,0,100,0.1,5.732326182903217,0.987143925224547,7,9,157,25.299999999999947
FreeSolv,Progressive,56,140,0,386,0.1,6.119420243260971,0.987143925224547,8,9,158,25.199999999999946
FreeSolv,Progressive,56,141,0,368,0.1,5.845945982177805,0.987143925224547,9,9,159,25.099999999999945
FreeSolv,Progressive,56,142,0,558,0.1,5.767852123890906,0.987143925224547,10,9,160,24.999999999999943
FreeSolv,Progressive,56,143,0,63,0.1,5.378233749921362,0.987143925224547,11,9,161,24.89999999999994
FreeSolv,Progressive,56,144,0,631,0.1,5.0007908370404515,0.987143925224547,12,9,162,24.79999999999994
FreeSolv,Progressive,56,145,0,459,0.1,5.549142325794669,0.987143925224547,13,9,163,24.69999999999994
FreeSolv,Progressive,56,146,0,30,0.1,5.570671916012675,0.987143925224547,14,9,164,24.599999999999937
FreeSolv,Progressive,56,147,0,445,0.1,4.673311211130487,0.987143925224547,15,9,165,24.499999999999936
FreeSolv,Progressive,56,148,0,406,0.1,4.796754832558671,0.987143925224547,16,9,166,24.399999999999935
FreeSolv,Progressive,56,149,0,140,0.1,4.990406403304392,0.987143925224547,17,9,167,24.299999999999933
FreeSolv,Progressive,56,150,0,178,0.1,5.175805609499183,0.987143925224547,18,9,168,24.199999999999932
FreeSolv,Progressive,56,151,0,183,0.1,4.920699452975006,0.987143925224547,19,9,169,24.09999999999993
FreeSolv,Progressive,56,152,0,106,0.1,4.873348103850138,0.987143925224547,20,9,170,23.99999999999993
FreeSolv,Progressive,56,153,1,210,1.0,1.8431905374682993,0.987143925224547,0,10,170,22.99999999999993
FreeSolv,Progressive,56,154,0,330,0.1,5.0806517661539425,0.987143925224547,1,10,171,22.899999999999928
FreeSolv,Progressive,56,155,0,224,0.1,5.0169523856444975,0.987143925224547,2,10,172,22.799999999999926
FreeSolv,Progressive,56,156,0,292,0.1,5.593142422394597,0.987143925224547,3,10,173,22.699999999999925
FreeSolv,Progressive,56,157,0,131,0.1,5.452535738895716,0.987143925224547,4,10,174,22.599999999999923
FreeSolv,Progressive,56,158,0,300,0.1,4.85174161198625,0.987143925224547,5,10,175,22.499999999999922
FreeSolv,Progressive,56,159,0,64,0.1,5.676162447984245,0.987143925224547,6,10,176,22.39999999999992
FreeSolv,Progressive,56,160,0,618,0.1,4.8822580732219825,0.987143925224547,7,10,177,22.29999999999992
FreeSolv,Progressive,56,161,0,283,0.1,4.839159554844746,0.987143925224547,8,10,178,22.199999999999918
FreeSolv,Progressive,56,162,0,172,0.1,4.648732464516265,0.987143925224547,9,10,179,22.099999999999916
FreeSolv,Progressive,56,163,0,293,0.1,4.2996904253987465,0.987143925224547,10,10,180,21.999999999999915
FreeSolv,Progressive,56,164,0,313,0.1,4.629851827204332,0.987143925224547,11,10,181,21.899999999999913
FreeSolv,Progressive,56,165,0,336,0.1,4.208358428608471,0.987143925224547,12,10,182,21.799999999999912
FreeSolv,Progressive,56,166,0,528,0.1,4.351442882542789,0.987143925224547,13,10,183,21.69999999999991
FreeSolv,Progressive,56,167,0,174,0.1,4.3434194164633615,0.987143925224547,14,10,184,21.59999999999991
FreeSolv,Progressive,56,168,0,440,0.1,4.210370759952875,0.987143925224547,15,10,185,21.499999999999908
FreeSolv,Progressive,56,169,0,25,0.1,4.552062001990385,0.987143925224547,16,10,186,21.399999999999906
FreeSolv,Progressive,56,170,0,398,0.1,4.355404204760405,0.987143925224547,17,10,187,21.299999999999905
FreeSolv,Progressive,56,171,0,500,0.1,5.016506424886093,0.987143925224547,18,10,188,21.199999999999903
FreeSolv,Progressive,56,172,0,473,0.1,4.172297732578257,0.987143925224547,19,10,189,21.099999999999902
FreeSolv,Progressive,56,173,0,452,0.1,3.5229746412538634,0.987143925224547,20,10,190,20.9999999999999
FreeSolv,Progressive,56,174,1,182,1.0,2.1446449818168833,0.987143925224547,0,11,190,19.9999999999999
FreeSolv,Progressive,56,175,0,212,0.1,3.783699191543385,0.9216315758263595,1,11,191,19.8999999999999
FreeSolv,Progressive,56,176,0,149,0.1,3.3895448070572245,0.9216315758263595,2,11,192,19.799999999999898
FreeSolv,Progressive,56,177,0,119,0.1,3.2200362657869364,0.9216315758263595,3,11,193,19.699999999999896
FreeSolv,Progressive,56,178,0,560,0.1,3.7683376818494674,0.9216315758263595,4,11,194,19.599999999999895
FreeSolv,Progressive,56,179,0,166,0.1,3.47168357785698,0.9216315758263595,5,11,195,19.499999999999893
FreeSolv,Progressive,56,180,0,509,0.1,3.2711533087355664,0.9216315758263595,6,11,196,19.399999999999892
FreeSolv,Progressive,56,181,0,268,0.1,3.708094455720173,0.9216315758263595,7,11,197,19.29999999999989
FreeSolv,Progressive,56,182,0,102,0.1,4.311555759851553,0.9216315758263595,8,11,198,19.19999999999989
FreeSolv,Progressive,56,183,0,165,0.1,3.4361053426184007,0.9216315758263595,9,11,199,19.099999999999888
FreeSolv,Progressive,56,184,0,496,0.1,3.4713701148186136,0.9216315758263595,10,11,200,18.999999999999886
FreeSolv,Progressive,56,185,0,475,0.1,3.103111183262171,0.9216315758263595,11,11,201,18.899999999999885
FreeSolv,Progressive,56,186,0,578,0.1,3.2618163490545835,0.9216315758263595,12,11,202,18.799999999999883
FreeSolv,Progressive,56,187,0,548,0.1,3.2276417573772602,0.9216315758263595,13,11,203,18.699999999999882
FreeSolv,Progressive,56,188,0,432,0.1,3.20904628302682,0.9216315758263595,14,11,204,18.59999999999988
FreeSolv,Progressive,56,189,0,314,0.1,3.015631275802423,0.9216315758263595,15,11,205,18.49999999999988
FreeSolv,Progressive,56,190,0,357,0.1,3.1295479317448787,0.9216315758263595,16,11,206,18.399999999999878
FreeSolv,Progressive,56,191,0,371,0.1,2.874041661183846,0.9216315758263595,17,11,207,18.299999999999876
FreeSolv,Progressive,56,192,0,118,0.1,3.221678480524824,0.9216315758263595,18,11,208,18.199999999999875
FreeSolv,Progressive,56,193,0,399,0.1,2.7576756904425705,0.9216315758263595,19,11,209,18.099999999999874
FreeSolv,Progressive,56,194,0,591,0.1,3.0893016398182853,0.9216315758263595,20,11,210,17.999999999999872
FreeSolv,Progressive,56,195,1,49,1.0,1.7820885413604455,0.9216315758263595,0,12,210,16.999999999999872
FreeSolv,Progressive,56,196,0,615,0.1,3.1339497643751195,0.9294934217244479,1,12,211,16.89999999999987
FreeSolv,Progressive,56,197,0,603,0.1,2.8850513246416356,0.9294934217244479,2,12,212,16.79999999999987
FreeSolv,Progressive,56,198,0,59,0.1,3.208690311611531,0.9294934217244479,3,12,213,16.699999999999868
FreeSolv,Progressive,56,199,0,366,0.1,3.013909883338704,0.9294934217244479,4,12,214,16.599999999999866
FreeSolv,Progressive,56,200,0,315,0.1,2.847488138356158,0.9294934217244479,5,12,215,16.499999999999865
FreeSolv,Progressive,56,201,0,588,0.1,2.4772635844385107,0.9294934217244479,6,12,216,16.399999999999864
FreeSolv,Progressive,56,202,0,443,0.1,2.4902133711032306,0.9294934217244479,7,12,217,16.299999999999862
FreeSolv,Progressive,56,203,1,550,1.0,2.7696635738067052,0.9294934217244479,0,13,217,15.299999999999862
FreeSolv,Progressive,56,204,0,613,0.1,2.614311979082989,0.9326744522901974,1,13,218,15.199999999999863
FreeSolv,Progressive,56,205,0,341,0.1,2.333180798635759,0.9326744522901974,2,13,219,15.099999999999861
FreeSolv,Progressive,56,206,0,325,0.1,2.6141915731262726,0.9326744522901974,3,13,220,14.99999999999986
FreeSolv,Progressive,56,207,0,320,0.1,2.5639283849468364,0.9326744522901974,4,13,221,14.899999999999858
FreeSolv,Progressive,56,208,0,54,0.1,2.4686092838465314,0.9326744522901974,5,13,222,14.799999999999857
FreeSolv,Progressive,56,209,0,161,0.1,2.703185749116177,0.9326744522901974,6,13,223,14.699999999999855
FreeSolv,Progressive,56,210,0,338,0.1,2.4166349319213505,0.9326744522901974,7,13,224,14.599999999999854
FreeSolv,Progressive,56,211,0,167,0.1,2.2629490721898935,0.9326744522901974,8,13,225,14.499999999999853
FreeSolv,Progressive,56,212,0,194,0.1,2.2185685195856677,0.9326744522901974,9,13,226,14.399999999999851
FreeSolv,Progressive,56,213,0,530,0.1,2.4048836995199645,0.9326744522901974,10,13,227,14.29999999999985
FreeSolv,Progressive,56,214,0,152,0.1,2.8920301740392897,0.9326744522901974,11,13,228,14.199999999999848
FreeSolv,Progressive,56,215,0,113,0.1,2.5371931218103905,0.9326744522901974,12,13,229,14.099999999999847
FreeSolv,Progressive,56,216,0,485,0.1,2.492669163517275,0.9326744522901974,13,13,230,13.999999999999845
FreeSolv,Progressive,56,217,0,187,0.1,2.0810279761334316,0.9326744522901974,14,13,231,13.899999999999844
FreeSolv,Progressive,56,218,0,231,0.1,2.5893285733858864,0.9326744522901974,15,13,232,13.799999999999843
FreeSolv,Progressive,56,219,0,16,0.1,2.284333107972143,0.9326744522901974,16,13,233,13.699999999999841
FreeSolv,Progressive,56,220,0,463,0.1,2.9745672301917803,0.9326744522901974,17,13,234,13.59999999999984
FreeSolv,Progressive,56,221,0,219,0.1,2.048477533526205,0.9326744522901974,18,13,235,13.499999999999838
FreeSolv,Progressive,56,222,0,180,0.1,2.18595790399171,0.9326744522901974,19,13,236,13.399999999999837
FreeSolv,Progressive,56,223,0,130,0.1,1.8677130986755404,0.9326744522901974,20,13,237,13.299999999999836
FreeSolv,Progressive,56,224,1,39,1.0,1.3254968177992161,0.9326744522901974,0,14,237,12.299999999999834
FreeSolv,Progressive,56,225,0,14,0.1,1.8827893493851993,0.9393592314915771,1,14,238,12.199999999999834
FreeSolv,Progressive,56,226,0,353,0.1,1.9611080662968579,0.9393592314915771,2,14,239,12.099999999999833
FreeSolv,Progressive,56,227,0,26,0.1,1.995263245986398,0.9393592314915771,3,14,240,11.999999999999831
FreeSolv,Progressive,56,228,0,94,0.1,1.813057648997465,0.9393592314915771,4,14,241,11.89999999999983
FreeSolv,Progressive,56,229,0,223,0.1,1.5943470382784588,0.9393592314915771,5,14,242,11.799999999999828
FreeSolv,Progressive,56,230,0,352,0.1,1.7874976302523118,0.9393592314915771,6,14,243,11.699999999999827
FreeSolv,Progressive,56,231,0,534,0.1,1.7993054909188473,0.9393592314915771,7,14,244,11.599999999999826
FreeSolv,Progressive,56,232,0,519,0.1,1.5672011953465836,0.9393592314915771,8,14,245,11.499999999999824
FreeSolv,Progressive,56,233,0,335,0.1,1.9583179658365975,0.9393592314915771,9,14,246,11.399999999999823
FreeSolv,Progressive,56,234,0,285,0.1,1.5463416917932795,0.9393592314915771,10,14,247,11.299999999999821
FreeSolv,Progressive,56,235,0,340,0.1,1.6295661894067994,0.9393592314915771,11,14,248,11.19999999999982
FreeSolv,Progressive,56,236,0,175,0.1,1.6486659933903063,0.9393592314915771,12,14,249,11.099999999999818
FreeSolv,Progressive,56,237,0,464,0.1,1.544478413005162,0.9393592314915771,13,14,250,10.999999999999817
FreeSolv,Progressive,56,238,0,222,0.1,1.5616019693713241,0.9393592314915771,14,14,251,10.899999999999816
FreeSolv,Progressive,56,239,0,43,0.1,1.4908039853658124,0.9393592314915771,15,14,252,10.799999999999814
FreeSolv,Progressive,56,240,0,253,0.1,1.5174132767389414,0.9393592314915771,16,14,253,10.699999999999813
FreeSolv,Progressive,56,241,0,271,0.1,1.4842541713631865,0.9393592314915771,17,14,254,10.599999999999811
FreeSolv,Progressive,56,242,1,122,1.0,1.4071816898065415,0.9393592314915771,0,15,254,9.59999999999981
FreeSolv,Progressive,56,243,0,435,0.1,1.458250947311629,0.9409663691396145,1,15,255,9.49999999999981
FreeSolv,Progressive,56,244,0,67,0.1,1.4127129699535053,0.9409663691396145,2,15,256,9.399999999999809
FreeSolv,Progressive,56,245,1,61,1.0,1.3820663670030147,0.9409663691396145,0,16,256,8.399999999999807
FreeSolv,Progressive,56,246,0,304,0.1,1.5104632946133112,0.9251081770456556,1,16,257,8.299999999999807
FreeSolv,Progressive,56,247,0,487,0.1,1.9389055446801586,0.9251081770456556,2,16,258,8.199999999999806
FreeSolv,Progressive,56,248,0,562,0.1,1.6392916758848013,0.9251081770456556,3,16,259,8.099999999999804
FreeSolv,Progressive,56,249,1,492,1.0,1.263422643021023,0.9251081770456556,0,17,259,7.0999999999998025
FreeSolv,Progressive,56,250,0,506,0.1,1.6201381749803583,0.9291183606714151,1,17,260,6.999999999999803
FreeSolv,Progressive,56,251,0,115,0.1,1.3340910745836583,0.9291183606714151,2,17,261,6.899999999999801
FreeSolv,Progressive,56,252,0,345,0.1,1.4625401149480939,0.9291183606714151,3,17,262,6.7999999999998
FreeSolv,Progressive,56,253,0,135,0.1,1.3981849736311796,0.9291183606714151,4,17,263,6.699999999999799
FreeSolv,Progressive,56,254,1,87,1.0,1.2288813033417774,0.9291183606714151,0,18,263,5.699999999999797
FreeSolv,Progressive,56,255,0,273,0.1,1.4138052028302752,0.9317871316043203,1,18,264,5.599999999999797
FreeSolv,Progressive,56,256,1,266,1.0,1.4290244517465802,0.9317871316043203,0,19,264,4.599999999999795
FreeSolv,Progressive,56,257,0,567,0.1,1.0562060405255285,0.9319663896390263,1,19,265,4.499999999999796
FreeSolv,Progressive,56,258,0,22,0.1,1.2089466756972305,0.9319663896390263,2,19,266,4.399999999999794
FreeSolv,Progressive,56,259,0,145,0.1,1.2514057903306548,0.9319663896390263,3,19,267,4.299999999999793
FreeSolv,Progressive,56,260,0,198,0.1,1.2802320929931204,0.9319663896390263,4,19,268,4.1999999999997915
FreeSolv,Progressive,56,261,0,47,0.1,1.0720887764183862,0.9319663896390263,5,19,269,4.09999999999979
FreeSolv,Progressive,56,262,0,343,0.1,0.9937371171819727,0.9319663896390263,6,19,270,3.999999999999788
FreeSolv,Progressive,56,263,0,354,0.1,1.1678144587186639,0.9319663896390263,7,19,271,3.8999999999997867
FreeSolv,Progressive,56,264,0,489,0.1,1.0207126235976387,0.9319663896390263,8,19,272,3.7999999999997853
FreeSolv,Progressive,56,265,1,212,1.0,1.1688086387369223,0.9319663896390263,0,20,272,2.799999999999784
FreeSolv,Progressive,56,266,0,453,0.1,1.3579803969292452,0.9293743729673549,1,20,273,2.699999999999784
FreeSolv,Progressive,56,267,0,604,0.1,1.1520636052555022,0.9293743729673549,2,20,274,2.5999999999997825
FreeSolv,Progressive,56,268,1,444,1.0,0.9527814759407789,0.9293743729673549,0,21,274,1.5999999999997812
FreeSolv,Progressive,56,269,0,408,0.1,1.0544720449500955,0.9311781495602887,1,21,275,1.499999999999781
FreeSolv,Progressive,56,270,0,290,0.1,1.0439857742033571,0.9311781495602887,2,21,276,1.3999999999997796
FreeSolv,Progressive,56,271,0,168,0.1,1.1372357690143027,0.9311781495602887,3,21,277,1.2999999999997782
FreeSolv,Progressive,56,272,1,251,1.0,1.0068607743165212,0.9311781495602887,0,22,277,0.2999999999997769
FreeSolv,Progressive,56,273,0,4,0.1,1.0172608839361748,0.931884318197472,1,22,278,0.19999999999977688
FreeSolv,Progressive,56,274,0,275,0.1,1.0871329033742259,0.931884318197472,2,22,279,0.09999999999977546
FreeSolv,Progressive,57,1,0,251,0.1,12.68035884670383,0.5,1,2,26,45.4
FreeSolv,Progressive,57,2,0,266,0.1,13.61983395781496,0.5,2,2,27,45.3
FreeSolv,Progressive,57,3,0,223,0.1,12.624655628091094,0.5,3,2,28,45.199999999999996
FreeSolv,Progressive,57,4,0,39,0.1,10.874408768113959,0.5,4,2,29,45.1
FreeSolv,Progressive,57,5,1,515,1.0,12.263050565773753,0.5,0,3,29,44.1
FreeSolv,Progressive,57,6,0,49,0.1,12.48042737465608,0.5,1,3,30,44.0
FreeSolv,Progressive,57,7,0,492,0.1,11.994870951681182,0.5,2,3,31,43.9
FreeSolv,Progressive,57,8,0,87,0.1,11.651490556507397,0.5,3,3,32,43.800000000000004
FreeSolv,Progressive,57,9,0,444,0.1,11.617989029073856,0.5,4,3,33,43.7
FreeSolv,Progressive,57,10,0,595,0.1,12.561946285558193,0.5,5,3,34,43.6
FreeSolv,Progressive,57,11,0,550,0.1,12.048129637251918,0.5,6,3,35,43.5
FreeSolv,Progressive,57,12,0,206,0.1,11.227193215241478,0.5,7,3,36,43.4
FreeSolv,Progressive,57,13,0,139,0.1,10.999222599173493,0.5,8,3,37,43.300000000000004
FreeSolv,Progressive,57,14,0,437,0.1,10.140671883386952,0.5,9,3,38,43.2
FreeSolv,Progressive,57,15,0,619,0.1,10.265908070627784,0.5,10,3,39,43.1
FreeSolv,Progressive,57,16,0,393,0.1,10.061947663869612,0.5,11,3,40,43.00000000000001
FreeSolv,Progressive,57,17,0,122,0.1,10.599194074751521,0.5,12,3,41,42.900000000000006
FreeSolv,Progressive,57,18,0,129,0.1,10.12577462872919,0.5,13,3,42,42.800000000000004
FreeSolv,Progressive,57,19,0,83,0.1,9.919710308315889,0.5,14,3,43,42.7
FreeSolv,Progressive,57,20,0,6,0.1,9.985293425869287,0.5,15,3,44,42.6
FreeSolv,Progressive,57,21,0,96,0.1,9.689592193952985,0.5,16,3,45,42.50000000000001
FreeSolv,Progressive,57,22,0,80,0.1,9.966506111417827,0.5,17,3,46,42.400000000000006
FreeSolv,Progressive,57,23,0,301,0.1,9.795116108033794,0.5,18,3,47,42.300000000000004
FreeSolv,Progressive,57,24,0,233,0.1,9.778034129652855,0.5,19,3,48,42.20000000000001
FreeSolv,Progressive,57,25,0,328,0.1,9.661433239796093,0.5,20,3,49,42.10000000000001
FreeSolv,Progressive,57,26,1,542,1.0,4.958246110392171,0.5,0,4,49,41.10000000000001
FreeSolv,Progressive,57,27,0,258,0.1,9.720671464240635,0.5,1,4,50,41.00000000000001
FreeSolv,Progressive,57,28,0,284,0.1,9.965388728035666,0.5,2,4,51,40.900000000000006
FreeSolv,Progressive,57,29,0,276,0.1,9.40806227316199,0.5,3,4,52,40.800000000000004
FreeSolv,Progressive,57,30,0,599,0.1,9.042533018101752,0.5,4,4,53,40.70000000000001
FreeSolv,Progressive,57,31,0,380,0.1,9.039229035215511,0.5,5,4,54,40.60000000000001
FreeSolv,Progressive,57,32,0,269,0.1,8.874311024036254,0.5,6,4,55,40.50000000000001
FreeSolv,Progressive,57,33,0,91,0.1,9.801607712839528,0.5,7,4,56,40.40000000000001
FreeSolv,Progressive,57,34,0,41,0.1,9.331330822207473,0.5,8,4,57,40.30000000000001
FreeSolv,Progressive,57,35,0,502,0.1,9.176728785960725,0.5,9,4,58,40.20000000000001
FreeSolv,Progressive,57,36,0,422,0.1,8.549399054311401,0.5,10,4,59,40.10000000000001
FreeSolv,Progressive,57,37,0,8,0.1,9.07988133776132,0.5,11,4,60,40.00000000000001
FreeSolv,Progressive,57,38,0,589,0.1,8.450700530039976,0.5,12,4,61,39.90000000000001
FreeSolv,Progressive,57,39,0,286,0.1,8.494587027722048,0.5,13,4,62,39.80000000000001
FreeSolv,Progressive,57,40,0,564,0.1,8.455979903560179,0.5,14,4,63,39.70000000000001
FreeSolv,Progressive,57,41,0,19,0.1,8.984120103439217,0.5,15,4,64,39.600000000000016
FreeSolv,Progressive,57,42,0,497,0.1,8.459826160874393,0.5,16,4,65,39.500000000000014
FreeSolv,Progressive,57,43,0,501,0.1,8.808304914551163,0.5,17,4,66,39.40000000000001
FreeSolv,Progressive,57,44,0,572,0.1,8.580859593659937,0.5,18,4,67,39.30000000000001
FreeSolv,Progressive,57,45,0,250,0.1,8.926937894022515,0.5,19,4,68,39.20000000000001
FreeSolv,Progressive,57,46,0,255,0.1,8.525393812124037,0.5,20,4,69,39.100000000000016
FreeSolv,Progressive,57,47,1,360,1.0,4.30373961119867,0.5,0,5,69,38.100000000000016
FreeSolv,Progressive,57,48,0,232,0.1,19.513947006427017,0.9932291824012041,1,5,70,38.000000000000014
FreeSolv,Progressive,57,49,0,581,0.1,19.425074505811597,0.9932291824012041,2,5,71,37.90000000000001
FreeSolv,Progressive,57,50,0,577,0.1,18.580982249621336,0.9932291824012041,3,5,72,37.80000000000002
FreeSolv,Progressive,57,51,0,505,0.1,19.068272435369675,0.9932291824012041,4,5,73,37.70000000000002
FreeSolv,Progressive,57,52,0,159,0.1,19.67538108447574,0.9932291824012041,5,5,74,37.600000000000016
FreeSolv,Progressive,57,53,0,540,0.1,19.372133287756697,0.9932291824012041,6,5,75,37.500000000000014
FreeSolv,Progressive,57,54,0,299,0.1,18.351479239429622,0.9932291824012041,7,5,76,37.40000000000001
FreeSolv,Progressive,57,55,0,584,0.1,18.462457785917227,0.9932291824012041,8,5,77,37.30000000000002
FreeSolv,Progressive,57,56,0,136,0.1,19.11738520856524,0.9932291824012041,9,5,78,37.20000000000002
FreeSolv,Progressive,57,57,0,192,0.1,17.612858350970768,0.9932291824012041,10,5,79,37.100000000000016
FreeSolv,Progressive,57,58,0,533,0.1,17.73941149013592,0.9932291824012041,11,5,80,37.00000000000002
FreeSolv,Progressive,57,59,0,369,0.1,18.06215326942615,0.9932291824012041,12,5,81,36.90000000000002
FreeSolv,Progressive,57,60,0,638,0.1,18.10382655746589,0.9932291824012041,13,5,82,36.80000000000002
FreeSolv,Progressive,57,61,0,105,0.1,16.8316375752768,0.9932291824012041,14,5,83,36.70000000000002
FreeSolv,Progressive,57,62,0,191,0.1,16.958989832133593,0.9932291824012041,15,5,84,36.600000000000016
FreeSolv,Progressive,57,63,0,66,0.1,17.122507905304325,0.9932291824012041,16,5,85,36.50000000000002
FreeSolv,Progressive,57,64,0,633,0.1,16.616010163441963,0.9932291824012041,17,5,86,36.40000000000002
FreeSolv,Progressive,57,65,0,626,0.1,16.960370786679427,0.9932291824012041,18,5,87,36.30000000000002
FreeSolv,Progressive,57,66,0,313,0.1,19.143358065918868,0.9932291824012041,19,5,88,36.200000000000024
FreeSolv,Progressive,57,67,0,75,0.1,17.58675325890569,0.9932291824012041,20,5,89,36.10000000000002
FreeSolv,Progressive,57,68,1,596,1.0,3.604413257342328,0.9932291824012041,0,6,89,35.10000000000002
FreeSolv,Progressive,57,69,0,379,0.1,15.486821880923417,0.9932291824012041,1,6,90,35.00000000000002
FreeSolv,Progressive,57,70,0,486,0.1,15.951464957256013,0.9932291824012041,2,6,91,34.90000000000002
FreeSolv,Progressive,57,71,0,410,0.1,16.00414803836444,0.9932291824012041,3,6,92,34.80000000000002
FreeSolv,Progressive,57,72,0,327,0.1,15.336873159255694,0.9932291824012041,4,6,93,34.700000000000024
FreeSolv,Progressive,57,73,0,337,0.1,14.815626197408157,0.9932291824012041,5,6,94,34.60000000000002
FreeSolv,Progressive,57,74,0,31,0.1,14.748428018761354,0.9932291824012041,6,6,95,34.50000000000002
FreeSolv,Progressive,57,75,0,263,0.1,15.218850016439244,0.9932291824012041,7,6,96,34.40000000000003
FreeSolv,Progressive,57,76,0,436,0.1,15.386549606377619,0.9932291824012041,8,6,97,34.300000000000026
FreeSolv,Progressive,57,77,0,517,0.1,15.066521118972304,0.9932291824012041,9,6,98,34.200000000000024
FreeSolv,Progressive,57,78,0,2,0.1,14.904616318840848,0.9932291824012041,10,6,99,34.10000000000002
FreeSolv,Progressive,57,79,0,259,0.1,14.60805213692591,0.9932291824012041,11,6,100,34.00000000000002
FreeSolv,Progressive,57,80,0,148,0.1,14.343766285045858,0.9932291824012041,12,6,101,33.90000000000003
FreeSolv,Progressive,57,81,0,624,0.1,14.42947110645512,0.9932291824012041,13,6,102,33.800000000000026
FreeSolv,Progressive,57,82,0,339,0.1,14.335347938735485,0.9932291824012041,14,6,103,33.700000000000024
FreeSolv,Progressive,57,83,0,319,0.1,14.125773219938333,0.9932291824012041,15,6,104,33.60000000000002
FreeSolv,Progressive,57,84,0,204,0.1,13.722343876223725,0.9932291824012041,16,6,105,33.50000000000002
FreeSolv,Progressive,57,85,0,279,0.1,14.870467705669125,0.9932291824012041,17,6,106,33.40000000000002
FreeSolv,Progressive,57,86,0,61,0.1,14.49207989463528,0.9932291824012041,18,6,107,33.30000000000002
FreeSolv,Progressive,57,87,0,280,0.1,12.634748692110156,0.9932291824012041,19,6,108,33.20000000000002
FreeSolv,Progressive,57,88,0,186,0.1,12.661433289101529,0.9932291824012041,20,6,109,33.100000000000016
FreeSolv,Progressive,57,89,1,120,1.0,2.201771069617447,0.9932291824012041,0,7,109,32.100000000000016
FreeSolv,Progressive,57,90,0,425,0.1,11.742880521510294,0.9122430014253584,1,7,110,32.000000000000014
FreeSolv,Progressive,57,91,0,563,0.1,11.821462627948836,0.9122430014253584,2,7,111,31.900000000000013
FreeSolv,Progressive,57,92,0,86,0.1,11.688762904655327,0.9122430014253584,3,7,112,31.80000000000001
FreeSolv,Progressive,57,93,0,622,0.1,11.339653815659446,0.9122430014253584,4,7,113,31.70000000000001
FreeSolv,Progressive,57,94,0,384,0.1,11.443480476705725,0.9122430014253584,5,7,114,31.60000000000001
FreeSolv,Progressive,57,95,0,461,0.1,11.67936144775136,0.9122430014253584,6,7,115,31.500000000000007
FreeSolv,Progressive,57,96,0,84,0.1,11.211343079952613,0.9122430014253584,7,7,116,31.400000000000006
FreeSolv,Progressive,57,97,0,620,0.1,11.09749034834263,0.9122430014253584,8,7,117,31.300000000000004
FreeSolv,Progressive,57,98,0,147,0.1,10.517417796190395,0.9122430014253584,9,7,118,31.200000000000003
FreeSolv,Progressive,57,99,0,214,0.1,10.550066229725294,0.9122430014253584,10,7,119,31.1
FreeSolv,Progressive,57,100,0,597,0.1,10.358208511448714,0.9122430014253584,11,7,120,31.0
FreeSolv,Progressive,57,101,0,365,0.1,10.723392797846216,0.9122430014253584,12,7,121,30.9
FreeSolv,Progressive,57,102,0,592,0.1,11.145711628100862,0.9122430014253584,13,7,122,30.799999999999997
FreeSolv,Progressive,57,103,0,282,0.1,10.84860584579816,0.9122430014253584,14,7,123,30.699999999999996
FreeSolv,Progressive,57,104,0,472,0.1,9.747329917866223,0.9122430014253584,15,7,124,30.599999999999994
FreeSolv,Progressive,57,105,0,289,0.1,9.841560166290913,0.9122430014253584,16,7,125,30.499999999999993
FreeSolv,Progressive,57,106,0,377,0.1,9.672965674470959,0.9122430014253584,17,7,126,30.39999999999999
FreeSolv,Progressive,57,107,0,30,0.1,9.64984672230925,0.9122430014253584,18,7,127,30.29999999999999
FreeSolv,Progressive,57,108,0,257,0.1,9.601851441841784,0.9122430014253584,19,7,128,30.19999999999999
FreeSolv,Progressive,57,109,0,413,0.1,9.558430852920829,0.9122430014253584,20,7,129,30.099999999999987
FreeSolv,Progressive,57,110,1,193,1.0,5.417773430210199,0.9122430014253584,0,8,129,29.099999999999987
FreeSolv,Progressive,57,111,0,53,0.1,9.643766238632974,0.9240546185876622,1,8,130,28.999999999999986
FreeSolv,Progressive,57,112,0,351,0.1,9.306795204945404,0.9240546185876622,2,8,131,28.899999999999984
FreeSolv,Progressive,57,113,0,546,0.1,9.4236513873245,0.9240546185876622,3,8,132,28.799999999999983
FreeSolv,Progressive,57,114,0,471,0.1,8.658310008637613,0.9240546185876622,4,8,133,28.69999999999998
FreeSolv,Progressive,57,115,0,383,0.1,8.715472037299335,0.9240546185876622,5,8,134,28.59999999999998
FreeSolv,Progressive,57,116,0,126,0.1,9.230001472685066,0.9240546185876622,6,8,135,28.49999999999998
FreeSolv,Progressive,57,117,0,361,0.1,8.955689572044442,0.9240546185876622,7,8,136,28.399999999999977
FreeSolv,Progressive,57,118,0,77,0.1,8.771453793244653,0.9240546185876622,8,8,137,28.299999999999976
FreeSolv,Progressive,57,119,0,181,0.1,8.498446404922952,0.9240546185876622,9,8,138,28.199999999999974
FreeSolv,Progressive,57,120,0,104,0.1,8.56827496054197,0.9240546185876622,10,8,139,28.099999999999973
FreeSolv,Progressive,57,121,0,10,0.1,8.781862808648722,0.9240546185876622,11,8,140,27.99999999999997
FreeSolv,Progressive,57,122,0,85,0.1,8.332758108439888,0.9240546185876622,12,8,141,27.89999999999997
FreeSolv,Progressive,57,123,0,532,0.1,8.122091760635591,0.9240546185876622,13,8,142,27.79999999999997
FreeSolv,Progressive,57,124,0,200,0.1,8.164349076522646,0.9240546185876622,14,8,143,27.699999999999967
FreeSolv,Progressive,57,125,0,238,0.1,8.176797575912053,0.9240546185876622,15,8,144,27.599999999999966
FreeSolv,Progressive,57,126,0,485,0.1,7.771418652417091,0.9240546185876622,16,8,145,27.499999999999964
FreeSolv,Progressive,57,127,0,63,0.1,7.971215591804081,0.9240546185876622,17,8,146,27.399999999999963
FreeSolv,Progressive,57,128,0,317,0.1,7.627345334311246,0.9240546185876622,18,8,147,27.29999999999996
FreeSolv,Progressive,57,129,0,456,0.1,7.883128308237208,0.9240546185876622,19,8,148,27.19999999999996
FreeSolv,Progressive,57,130,0,524,0.1,8.012484172781114,0.9240546185876622,20,8,149,27.09999999999996
FreeSolv,Progressive,57,131,1,182,1.0,3.3317676181406184,0.9240546185876622,0,9,149,26.09999999999996
FreeSolv,Progressive,57,132,0,140,0.1,7.379409713935235,0.9139693057028856,1,9,150,25.999999999999957
FreeSolv,Progressive,57,133,0,128,0.1,7.232921828884314,0.9139693057028856,2,9,151,25.899999999999956
FreeSolv,Progressive,57,134,0,608,0.1,7.787019870250808,0.9139693057028856,3,9,152,25.799999999999955
FreeSolv,Progressive,57,135,0,368,0.1,6.512032906220117,0.9139693057028856,4,9,153,25.699999999999953
FreeSolv,Progressive,57,136,0,272,0.1,6.862972476104471,0.9139693057028856,5,9,154,25.59999999999995
FreeSolv,Progressive,57,137,0,499,0.1,7.128969930339067,0.9139693057028856,6,9,155,25.49999999999995
FreeSolv,Progressive,57,138,0,386,0.1,6.918563155789681,0.9139693057028856,7,9,156,25.39999999999995
FreeSolv,Progressive,57,139,0,141,0.1,7.173814364140749,0.9139693057028856,8,9,157,25.299999999999947
FreeSolv,Progressive,57,140,0,99,0.1,6.490620668880964,0.9139693057028856,9,9,158,25.199999999999946
FreeSolv,Progressive,57,141,0,110,0.1,6.55664375238771,0.9139693057028856,10,9,159,25.099999999999945
FreeSolv,Progressive,57,142,0,106,0.1,6.113161232794498,0.9139693057028856,11,9,160,24.999999999999943
FreeSolv,Progressive,57,143,0,178,0.1,6.0653500300768055,0.9139693057028856,12,9,161,24.89999999999994
FreeSolv,Progressive,57,144,0,37,0.1,6.860148562359109,0.9139693057028856,13,9,162,24.79999999999994
FreeSolv,Progressive,57,145,0,451,0.1,5.997955299011087,0.9139693057028856,14,9,163,24.69999999999994
FreeSolv,Progressive,57,146,0,631,0.1,5.881833600102547,0.9139693057028856,15,9,164,24.599999999999937
FreeSolv,Progressive,57,147,0,446,0.1,5.776376319196053,0.9139693057028856,16,9,165,24.499999999999936
FreeSolv,Progressive,57,148,0,618,0.1,5.980297382443216,0.9139693057028856,17,9,166,24.399999999999935
FreeSolv,Progressive,57,149,0,119,0.1,5.7771855356694,0.9139693057028856,18,9,167,24.299999999999933
FreeSolv,Progressive,57,150,0,558,0.1,5.477849029127433,0.9139693057028856,19,9,168,24.199999999999932
FreeSolv,Progressive,57,151,0,224,0.1,6.02688226226987,0.9139693057028856,20,9,169,24.09999999999993
FreeSolv,Progressive,57,152,1,251,1.0,2.350347346978446,0.9139693057028856,0,10,169,23.09999999999993
FreeSolv,Progressive,57,153,0,54,0.1,5.867470867039843,0.9237173954188493,1,10,170,22.99999999999993
FreeSolv,Progressive,57,154,0,560,0.1,5.525949125807365,0.9237173954188493,2,10,171,22.899999999999928
FreeSolv,Progressive,57,155,0,100,0.1,5.403199592499728,0.9237173954188493,3,10,172,22.799999999999926
FreeSolv,Progressive,57,156,0,268,0.1,5.468498714439352,0.9237173954188493,4,10,173,22.699999999999925
FreeSolv,Progressive,57,157,0,445,0.1,4.932456394241666,0.9237173954188493,5,10,174,22.599999999999923
FreeSolv,Progressive,57,158,0,149,0.1,5.200160123004984,0.9237173954188493,6,10,175,22.499999999999922
FreeSolv,Progressive,57,159,0,283,0.1,4.937164559525297,0.9237173954188493,7,10,176,22.39999999999992
FreeSolv,Progressive,57,160,0,131,0.1,4.9686689480817625,0.9237173954188493,8,10,177,22.29999999999992
FreeSolv,Progressive,57,161,0,330,0.1,5.003738110804255,0.9237173954188493,9,10,178,22.199999999999918
FreeSolv,Progressive,57,162,0,500,0.1,4.968077086096068,0.9237173954188493,10,10,179,22.099999999999916
FreeSolv,Progressive,57,163,0,300,0.1,4.99636025654688,0.9237173954188493,11,10,180,21.999999999999915
FreeSolv,Progressive,57,164,0,340,0.1,5.476060818510004,0.9237173954188493,12,10,181,21.899999999999913
FreeSolv,Progressive,57,165,0,406,0.1,5.02209936660619,0.9237173954188493,13,10,182,21.799999999999912
FreeSolv,Progressive,57,166,0,509,0.1,4.872709059436568,0.9237173954188493,14,10,183,21.69999999999991
FreeSolv,Progressive,57,167,0,473,0.1,4.719150538138528,0.9237173954188493,15,10,184,21.59999999999991
FreeSolv,Progressive,57,168,0,398,0.1,4.267270600564994,0.9237173954188493,16,10,185,21.499999999999908
FreeSolv,Progressive,57,169,0,174,0.1,4.747058465523281,0.9237173954188493,17,10,186,21.399999999999906
FreeSolv,Progressive,57,170,0,292,0.1,4.670792967424661,0.9237173954188493,18,10,187,21.299999999999905
FreeSolv,Progressive,57,171,0,293,0.1,4.6871148046114355,0.9237173954188493,19,10,188,21.199999999999903
FreeSolv,Progressive,57,172,0,64,0.1,4.405506757291586,0.9237173954188493,20,10,189,21.099999999999902
FreeSolv,Progressive,57,173,1,122,1.0,1.3905458835282087,0.9237173954188493,0,11,189,20.099999999999902
FreeSolv,Progressive,57,174,0,440,0.1,4.614526183347081,0.9309569263543841,1,11,190,19.9999999999999
FreeSolv,Progressive,57,175,0,496,0.1,4.751183235871851,0.9309569263543841,2,11,191,19.8999999999999
FreeSolv,Progressive,57,176,0,528,0.1,4.745552732480188,0.9309569263543841,3,11,192,19.799999999999898
FreeSolv,Progressive,57,177,0,183,0.1,4.703971415430795,0.9309569263543841,4,11,193,19.699999999999896
FreeSolv,Progressive,57,178,0,172,0.1,4.064156545710736,0.9309569263543841,5,11,194,19.599999999999895
FreeSolv,Progressive,57,179,0,336,0.1,4.535601289830139,0.9309569263543841,6,11,195,19.499999999999893
FreeSolv,Progressive,57,180,0,165,0.1,4.149054089109247,0.9309569263543841,7,11,196,19.399999999999892
FreeSolv,Progressive,57,181,0,166,0.1,4.746953628847646,0.9309569263543841,8,11,197,19.29999999999989
FreeSolv,Progressive,57,182,0,371,0.1,3.9118055063766355,0.9309569263543841,9,11,198,19.19999999999989
FreeSolv,Progressive,57,183,0,432,0.1,4.535100986183591,0.9309569263543841,10,11,199,19.099999999999888
FreeSolv,Progressive,57,184,0,603,0.1,3.7869665001431216,0.9309569263543841,11,11,200,18.999999999999886
FreeSolv,Progressive,57,185,0,399,0.1,3.498547336898954,0.9309569263543841,12,11,201,18.899999999999885
FreeSolv,Progressive,57,186,0,548,0.1,3.5319737644398512,0.9309569263543841,13,11,202,18.799999999999883
FreeSolv,Progressive,57,187,0,118,0.1,3.6752396129921014,0.9309569263543841,14,11,203,18.699999999999882
FreeSolv,Progressive,57,188,0,366,0.1,3.5970472768394206,0.9309569263543841,15,11,204,18.59999999999988
FreeSolv,Progressive,57,189,0,591,0.1,3.3688664957485,0.9309569263543841,16,11,205,18.49999999999988
FreeSolv,Progressive,57,190,0,320,0.1,3.5759801324401677,0.9309569263543841,17,11,206,18.399999999999878
FreeSolv,Progressive,57,191,0,475,0.1,3.7692399059107498,0.9309569263543841,18,11,207,18.299999999999876
FreeSolv,Progressive,57,192,0,578,0.1,3.5131034826407026,0.9309569263543841,19,11,208,18.199999999999875
FreeSolv,Progressive,57,193,0,102,0.1,3.7731399197226065,0.9309569263543841,20,11,209,18.099999999999874
FreeSolv,Progressive,57,194,1,261,1.0,1.864374544397248,0.9309569263543841,0,12,209,17.099999999999874
FreeSolv,Progressive,57,195,0,452,0.1,3.546459732762387,0.936434259845485,1,12,210,16.999999999999872
FreeSolv,Progressive,57,196,0,338,0.1,3.2273983559938744,0.936434259845485,2,12,211,16.89999999999987
FreeSolv,Progressive,57,197,0,588,0.1,3.1593471270888154,0.936434259845485,3,12,212,16.79999999999987
FreeSolv,Progressive,57,198,0,161,0.1,3.38191295907589,0.936434259845485,4,12,213,16.699999999999868
FreeSolv,Progressive,57,199,0,16,0.1,3.1240711702769985,0.936434259845485,5,12,214,16.599999999999866
FreeSolv,Progressive,57,200,0,357,0.1,3.3837665604251153,0.936434259845485,6,12,215,16.499999999999865
FreeSolv,Progressive,57,201,0,530,0.1,3.277313430222335,0.936434259845485,7,12,216,16.399999999999864
FreeSolv,Progressive,57,202,0,314,0.1,2.781754120707689,0.936434259845485,8,12,217,16.299999999999862
FreeSolv,Progressive,57,203,0,613,0.1,2.9769632743356453,0.936434259845485,9,12,218,16.19999999999986
FreeSolv,Progressive,57,204,0,325,0.1,3.0036035016750477,0.936434259845485,10,12,219,16.09999999999986
FreeSolv,Progressive,57,205,0,25,0.1,2.560219660187583,0.936434259845485,11,12,220,15.99999999999986
FreeSolv,Progressive,57,206,0,443,0.1,2.9714693875074274,0.936434259845485,12,12,221,15.899999999999858
FreeSolv,Progressive,57,207,0,152,0.1,2.8966019463739503,0.936434259845485,13,12,222,15.799999999999857
FreeSolv,Progressive,57,208,0,219,0.1,2.8958079183533156,0.936434259845485,14,12,223,15.699999999999855
FreeSolv,Progressive,57,209,0,194,0.1,3.0182578958666255,0.936434259845485,15,12,224,15.599999999999854
FreeSolv,Progressive,57,210,0,459,0.1,2.984091926568039,0.936434259845485,16,12,225,15.499999999999853
FreeSolv,Progressive,57,211,0,26,0.1,2.900425707946806,0.936434259845485,17,12,226,15.399999999999851
FreeSolv,Progressive,57,212,0,341,0.1,2.927489570396925,0.936434259845485,18,12,227,15.29999999999985
FreeSolv,Progressive,57,213,0,180,0.1,2.5568147291545085,0.936434259845485,19,12,228,15.199999999999848
FreeSolv,Progressive,57,214,0,352,0.1,2.843827273739976,0.936434259845485,20,12,229,15.099999999999847
FreeSolv,Progressive,57,215,1,139,1.0,1.8483345680067425,0.936434259845485,0,13,229,14.099999999999845
FreeSolv,Progressive,57,216,0,113,0.1,2.705170249739144,0.9367621458204758,1,13,230,13.999999999999845
FreeSolv,Progressive,57,217,0,534,0.1,2.8064688418423436,0.9367621458204758,2,13,231,13.899999999999844
FreeSolv,Progressive,57,218,0,484,0.1,2.46859787935341,0.9367621458204758,3,13,232,13.799999999999843
FreeSolv,Progressive,57,219,0,332,0.1,2.672471257298384,0.9367621458204758,4,13,233,13.699999999999841
FreeSolv,Progressive,57,220,0,353,0.1,2.3828803736808126,0.9367621458204758,5,13,234,13.59999999999984
FreeSolv,Progressive,57,221,0,506,0.1,2.49435804276677,0.9367621458204758,6,13,235,13.499999999999838
FreeSolv,Progressive,57,222,0,187,0.1,2.373329394719233,0.9367621458204758,7,13,236,13.399999999999837
FreeSolv,Progressive,57,223,0,315,0.1,2.2804058215897527,0.9367621458204758,8,13,237,13.299999999999836
FreeSolv,Progressive,57,224,0,335,0.1,2.149189167545541,0.9367621458204758,9,13,238,13.199999999999834
FreeSolv,Progressive,57,225,0,615,0.1,2.1162589274038335,0.9367621458204758,10,13,239,13.099999999999833
FreeSolv,Progressive,57,226,0,135,0.1,2.470828492512972,0.9367621458204758,11,13,240,12.999999999999831
FreeSolv,Progressive,57,227,0,43,0.1,2.162147229196784,0.9367621458204758,12,13,241,12.89999999999983
FreeSolv,Progressive,57,228,1,457,1.0,2.387446623532914,0.9367621458204758,0,14,241,11.899999999999828
FreeSolv,Progressive,57,229,0,14,0.1,2.134314985872411,0.9367621458204758,1,14,242,11.799999999999828
FreeSolv,Progressive,57,230,0,487,0.1,2.1230886359356513,0.9367621458204758,2,14,243,11.699999999999827
FreeSolv,Progressive,57,231,0,285,0.1,2.109680356351981,0.9367621458204758,3,14,244,11.599999999999826
FreeSolv,Progressive,57,232,0,253,0.1,2.225206570827915,0.9367621458204758,4,14,245,11.499999999999824
FreeSolv,Progressive,57,233,0,401,0.1,2.603769518235644,0.9367621458204758,5,14,246,11.399999999999823
FreeSolv,Progressive,57,234,0,175,0.1,2.0932281758131253,0.9367621458204758,6,14,247,11.299999999999821
FreeSolv,Progressive,57,235,0,22,0.1,1.8971627181835105,0.9367621458204758,7,14,248,11.19999999999982
FreeSolv,Progressive,57,236,0,167,0.1,1.922521478795759,0.9367621458204758,8,14,249,11.099999999999818
FreeSolv,Progressive,57,237,0,345,0.1,2.166211859312031,0.9367621458204758,9,14,250,10.999999999999817
FreeSolv,Progressive,57,238,0,60,0.1,2.1185527495711463,0.9367621458204758,10,14,251,10.899999999999816
FreeSolv,Progressive,57,239,0,216,0.1,1.8208839194689908,0.9367621458204758,11,14,252,10.799999999999814
FreeSolv,Progressive,57,240,1,266,1.0,1.7875021251914205,0.9367621458204758,0,15,252,9.799999999999812
FreeSolv,Progressive,57,241,0,59,0.1,1.81956489804086,0.9384191892357036,1,15,253,9.699999999999813
FreeSolv,Progressive,57,242,0,354,0.1,1.7841641067498664,0.9384191892357036,2,15,254,9.599999999999811
FreeSolv,Progressive,57,243,0,604,0.1,1.5272733203151057,0.9384191892357036,3,15,255,9.49999999999981
FreeSolv,Progressive,57,244,0,246,0.1,2.0728395123018806,0.9384191892357036,4,15,256,9.399999999999809
FreeSolv,Progressive,57,245,0,222,0.1,1.837748667481971,0.9384191892357036,5,15,257,9.299999999999807
FreeSolv,Progressive,57,246,0,273,0.1,1.9612987071921868,0.9384191892357036,6,15,258,9.199999999999806
FreeSolv,Progressive,57,247,0,115,0.1,1.5864513592279599,0.9384191892357036,7,15,259,9.099999999999804
FreeSolv,Progressive,57,248,0,304,0.1,1.6325654231098308,0.9384191892357036,8,15,260,8.999999999999803
FreeSolv,Progressive,57,249,0,94,0.1,1.677640464915267,0.9384191892357036,9,15,261,8.899999999999801
FreeSolv,Progressive,57,250,0,231,0.1,1.736860794595402,0.9384191892357036,10,15,262,8.7999999999998
FreeSolv,Progressive,57,251,0,519,0.1,1.8779270509760404,0.9384191892357036,11,15,263,8.699999999999799
FreeSolv,Progressive,57,252,0,201,0.1,1.4140600715215317,0.9384191892357036,12,15,264,8.599999999999797
FreeSolv,Progressive,57,253,0,67,0.1,1.3013402239676888,0.9384191892357036,13,15,265,8.499999999999796
FreeSolv,Progressive,57,254,0,428,0.1,1.4853488542243078,0.9384191892357036,14,15,266,8.399999999999794
FreeSolv,Progressive,57,255,0,435,0.1,1.2706267386364802,0.9384191892357036,15,15,267,8.299999999999793
FreeSolv,Progressive,57,256,0,311,0.1,1.3516258868664979,0.9384191892357036,16,15,268,8.199999999999791
FreeSolv,Progressive,57,257,0,343,0.1,1.3642966882987744,0.9384191892357036,17,15,269,8.09999999999979
FreeSolv,Progressive,57,258,1,75,1.0,1.3444710220962623,0.9384191892357036,0,16,269,7.099999999999788
FreeSolv,Progressive,57,259,0,145,0.1,1.3467978462952874,0.9386384931170461,1,16,270,6.999999999999789
FreeSolv,Progressive,57,260,0,562,0.1,1.380626760324124,0.9386384931170461,2,16,271,6.899999999999787
FreeSolv,Progressive,57,261,1,49,1.0,1.3956846860193213,0.9386384931170461,0,17,271,5.899999999999785
FreeSolv,Progressive,57,262,0,582,0.1,1.423630205401899,0.9405196191433178,1,17,272,5.799999999999786
FreeSolv,Progressive,57,263,0,198,0.1,1.3018497004624854,0.9405196191433178,2,17,273,5.699999999999784
FreeSolv,Progressive,57,264,0,630,0.1,1.2806234522209738,0.9405196191433178,3,17,274,5.599999999999783
FreeSolv,Progressive,57,265,0,464,0.1,1.2909467437379307,0.9405196191433178,4,17,275,5.4999999999997815
FreeSolv,Progressive,57,266,0,632,0.1,1.373541345081049,0.9405196191433178,5,17,276,5.39999999999978
FreeSolv,Progressive,57,267,0,290,0.1,1.2465359491131462,0.9405196191433178,6,17,277,5.299999999999779
FreeSolv,Progressive,57,268,0,130,0.1,1.075034311693464,0.9405196191433178,7,17,278,5.199999999999777
FreeSolv,Progressive,57,269,0,28,0.1,1.1474843691702539,0.9405196191433178,8,17,279,5.099999999999776
FreeSolv,Progressive,57,270,0,374,0.1,1.2580252315299973,0.9405196191433178,9,17,280,4.999999999999774
FreeSolv,Progressive,57,271,0,168,0.1,1.2849184858211944,0.9405196191433178,10,17,281,4.899999999999773
FreeSolv,Progressive,57,272,0,4,0.1,1.0409572885763396,0.9405196191433178,11,17,282,4.799999999999772
FreeSolv,Progressive,57,273,1,276,1.0,1.0666913590752656,0.9405196191433178,0,18,282,3.79999999999977
FreeSolv,Progressive,57,274,0,72,0.1,1.176037584432384,0.9407718572592051,1,18,283,3.6999999999997697
FreeSolv,Progressive,57,275,0,605,0.1,1.3705464652759685,0.9407718572592051,2,18,284,3.5999999999997683
FreeSolv,Progressive,57,276,1,144,1.0,1.088313363585624,0.9407718572592051,0,19,284,2.599999999999767
FreeSolv,Progressive,57,277,1,39,1.0,1.1123904270642668,0.9402022104507569,0,20,284,1.599999999999767
FreeSolv,Progressive,57,278,1,501,1.0,0.8795364325785612,0.9420585684934087,0,21,284,0.5999999999997669
FreeSolv,Progressive,57,279,0,491,0.1,1.092217895787389,0.9431166824971652,1,21,285,0.49999999999976696
FreeSolv,Progressive,57,280,0,453,0.1,0.9995464339224248,0.9431166824971652,2,21,286,0.39999999999976554
FreeSolv,Progressive,57,281,0,627,0.1,0.9030177541804888,0.9431166824971652,3,21,287,0.2999999999997641
FreeSolv,Progressive,57,282,0,111,0.1,1.0925257182539079,0.9431166824971652,4,21,288,0.19999999999976267
FreeSolv,Progressive,57,283,0,271,0.1,0.9894772336805586,0.9431166824971652,5,21,289,0.09999999999976125
FreeSolv,Progressive,58,1,0,223,0.1,19.192893595002793,0.5,1,2,26,45.4
FreeSolv,Progressive,58,2,0,91,0.1,14.67520118682507,0.5,2,2,27,45.3
FreeSolv,Progressive,58,3,0,266,0.1,10.612643706396904,0.5,3,2,28,45.199999999999996
FreeSolv,Progressive,58,4,0,251,0.1,10.973669764553362,0.5,4,2,29,45.1
FreeSolv,Progressive,58,5,0,39,0.1,9.94040363619686,0.5,5,2,30,45.0
FreeSolv,Progressive,58,6,0,492,0.1,10.769669053659179,0.5,6,2,31,44.9
FreeSolv,Progressive,58,7,0,87,0.1,10.615788512941231,0.5,7,2,32,44.800000000000004
FreeSolv,Progressive,58,8,0,595,0.1,10.797534349510514,0.5,8,2,33,44.7
FreeSolv,Progressive,58,9,0,122,0.1,11.115048191274019,0.5,9,2,34,44.6
FreeSolv,Progressive,58,10,0,49,0.1,10.904547984311437,0.5,10,2,35,44.5
FreeSolv,Progressive,58,11,0,61,0.1,11.56285052956417,0.5,11,2,36,44.4
FreeSolv,Progressive,58,12,0,444,0.1,11.028599787469384,0.5,12,2,37,44.300000000000004
FreeSolv,Progressive,58,13,0,41,0.1,10.170815000658655,0.5,13,2,38,44.2
FreeSolv,Progressive,58,14,0,550,0.1,10.754495400805576,0.5,14,2,39,44.1
FreeSolv,Progressive,58,15,0,129,0.1,10.301435353223264,0.5,15,2,40,44.00000000000001
FreeSolv,Progressive,58,16,0,80,0.1,10.318641917789101,0.5,16,2,41,43.900000000000006
FreeSolv,Progressive,58,17,0,83,0.1,10.115924801580674,0.5,17,2,42,43.800000000000004
FreeSolv,Progressive,58,18,0,619,0.1,10.856684655548943,0.5,18,2,43,43.7
FreeSolv,Progressive,58,19,0,564,0.1,10.141566811096622,0.5,19,2,44,43.6
FreeSolv,Progressive,58,20,0,6,0.1,10.31232153211533,0.5,20,2,45,43.50000000000001
FreeSolv,Progressive,58,21,1,515,1.0,5.70890004115452,0.5,0,3,45,42.50000000000001
FreeSolv,Progressive,58,22,0,139,0.1,10.17044223524514,0.5,1,3,46,42.400000000000006
FreeSolv,Progressive,58,23,0,284,0.1,10.45426716116658,0.5,2,3,47,42.300000000000004
FreeSolv,Progressive,58,24,0,233,0.1,10.026543375585662,0.5,3,3,48,42.20000000000001
FreeSolv,Progressive,58,25,0,328,0.1,10.439118154924012,0.5,4,3,49,42.10000000000001
FreeSolv,Progressive,58,26,0,96,0.1,10.440949962232095,0.5,5,3,50,42.00000000000001
FreeSolv,Progressive,58,27,0,258,0.1,10.74936364950816,0.5,6,3,51,41.900000000000006
FreeSolv,Progressive,58,28,0,301,0.1,9.911064033832437,0.5,7,3,52,41.800000000000004
FreeSolv,Progressive,58,29,0,599,0.1,10.036141509545786,0.5,8,3,53,41.70000000000001
FreeSolv,Progressive,58,30,0,502,0.1,9.88616244339256,0.5,9,3,54,41.60000000000001
FreeSolv,Progressive,58,31,0,437,0.1,10.242805315164372,0.5,10,3,55,41.50000000000001
FreeSolv,Progressive,58,32,0,422,0.1,9.655258385294506,0.5,11,3,56,41.40000000000001
FreeSolv,Progressive,58,33,0,269,0.1,9.859090885652183,0.5,12,3,57,41.30000000000001
FreeSolv,Progressive,58,34,0,276,0.1,9.564021723467038,0.5,13,3,58,41.20000000000001
FreeSolv,Progressive,58,35,0,577,0.1,9.9244085059548,0.5,14,3,59,41.10000000000001
FreeSolv,Progressive,58,36,0,501,0.1,10.10397408301245,0.5,15,3,60,41.00000000000001
FreeSolv,Progressive,58,37,0,497,0.1,9.244681228386487,0.5,16,3,61,40.90000000000001
FreeSolv,Progressive,58,38,0,584,0.1,9.877679327309757,0.5,17,3,62,40.80000000000001
FreeSolv,Progressive,58,39,0,633,0.1,9.560134522421219,0.5,18,3,63,40.70000000000001
FreeSolv,Progressive,58,40,0,572,0.1,9.567542189399814,0.5,19,3,64,40.600000000000016
FreeSolv,Progressive,58,41,0,19,0.1,9.55435897302196,0.5,20,3,65,40.500000000000014
FreeSolv,Progressive,58,42,1,405,1.0,4.808193106483072,0.5,0,4,65,39.500000000000014
FreeSolv,Progressive,58,43,0,380,0.1,9.200156665061641,0.5,1,4,66,39.40000000000001
FreeSolv,Progressive,58,44,0,540,0.1,9.29792890114058,0.5,2,4,67,39.30000000000001
FreeSolv,Progressive,58,45,0,581,0.1,9.093996495994272,0.5,3,4,68,39.20000000000001
FreeSolv,Progressive,58,46,0,393,0.1,9.64144169488368,0.5,4,4,69,39.100000000000016
FreeSolv,Progressive,58,47,0,589,0.1,9.36174803911277,0.5,5,4,70,39.000000000000014
FreeSolv,Progressive,58,48,0,255,0.1,8.955275152947397,0.5,6,4,71,38.90000000000001
FreeSolv,Progressive,58,49,0,505,0.1,9.111526626510624,0.5,7,4,72,38.80000000000002
FreeSolv,Progressive,58,50,0,299,0.1,8.97400391249844,0.5,8,4,73,38.70000000000002
FreeSolv,Progressive,58,51,0,136,0.1,8.920012595539648,0.5,9,4,74,38.600000000000016
FreeSolv,Progressive,58,52,0,192,0.1,8.991896745251093,0.5,10,4,75,38.500000000000014
FreeSolv,Progressive,58,53,0,286,0.1,8.58218923546051,0.5,11,4,76,38.40000000000001
FreeSolv,Progressive,58,54,0,8,0.1,8.685987279346538,0.5,12,4,77,38.30000000000002
FreeSolv,Progressive,58,55,0,191,0.1,8.756492257756156,0.5,13,4,78,38.20000000000002
FreeSolv,Progressive,58,56,0,232,0.1,8.641096053859938,0.5,14,4,79,38.100000000000016
FreeSolv,Progressive,58,57,0,66,0.1,9.141052918176387,0.5,15,4,80,38.00000000000002
FreeSolv,Progressive,58,58,0,105,0.1,8.388855756848622,0.5,16,4,81,37.90000000000002
FreeSolv,Progressive,58,59,0,339,0.1,8.184937541647376,0.5,17,4,82,37.80000000000002
FreeSolv,Progressive,58,60,0,461,0.1,8.245748026011858,0.5,18,4,83,37.70000000000002
FreeSolv,Progressive,58,61,0,410,0.1,8.213024100961697,0.5,19,4,84,37.600000000000016
FreeSolv,Progressive,58,62,0,250,0.1,8.59134728969154,0.5,20,4,85,37.50000000000002
FreeSolv,Progressive,58,63,1,160,1.0,4.148057019196611,0.5,0,5,85,36.50000000000002
FreeSolv,Progressive,58,64,0,486,0.1,16.0504886390115,0.9910182848524626,1,5,86,36.40000000000002
FreeSolv,Progressive,58,65,0,425,0.1,15.841006436198573,0.9910182848524626,2,5,87,36.30000000000002
FreeSolv,Progressive,58,66,0,638,0.1,15.309874650889448,0.9910182848524626,3,5,88,36.200000000000024
FreeSolv,Progressive,58,67,0,159,0.1,16.00963341992421,0.9910182848524626,4,5,89,36.10000000000002
FreeSolv,Progressive,58,68,0,533,0.1,15.932965868728278,0.9910182848524626,5,5,90,36.00000000000002
FreeSolv,Progressive,58,69,0,193,0.1,15.06467642678584,0.9910182848524626,6,5,91,35.90000000000002
FreeSolv,Progressive,58,70,0,379,0.1,14.18811578308647,0.9910182848524626,7,5,92,35.80000000000002
FreeSolv,Progressive,58,71,0,337,0.1,14.119810833601,0.9910182848524626,8,5,93,35.700000000000024
FreeSolv,Progressive,58,72,0,626,0.1,14.60135265187118,0.9910182848524626,9,5,94,35.60000000000002
FreeSolv,Progressive,58,73,0,327,0.1,14.849840181087608,0.9910182848524626,10,5,95,35.50000000000002
FreeSolv,Progressive,58,74,0,75,0.1,13.997278981096743,0.9910182848524626,11,5,96,35.40000000000003
FreeSolv,Progressive,58,75,0,279,0.1,14.002073554235276,0.9910182848524626,12,5,97,35.300000000000026
FreeSolv,Progressive,58,76,0,436,0.1,13.620468134098402,0.9910182848524626,13,5,98,35.200000000000024
FreeSolv,Progressive,58,77,0,31,0.1,13.407668747439955,0.9910182848524626,14,5,99,35.10000000000002
FreeSolv,Progressive,58,78,0,2,0.1,13.122854570902648,0.9910182848524626,15,5,100,35.00000000000002
FreeSolv,Progressive,58,79,0,369,0.1,13.237814095039685,0.9910182848524626,16,5,101,34.90000000000003
FreeSolv,Progressive,58,80,0,263,0.1,12.262923097254854,0.9910182848524626,17,5,102,34.800000000000026
FreeSolv,Progressive,58,81,0,259,0.1,12.415493880516452,0.9910182848524626,18,5,103,34.700000000000024
FreeSolv,Progressive,58,82,0,313,0.1,13.967313895645761,0.9910182848524626,19,5,104,34.60000000000003
FreeSolv,Progressive,58,83,0,620,0.1,12.795498931951972,0.9910182848524626,20,5,105,34.50000000000003
FreeSolv,Progressive,58,84,1,542,1.0,4.503954055506213,0.9910182848524626,0,6,105,33.50000000000003
FreeSolv,Progressive,58,85,0,563,0.1,11.835007592703821,0.9897170253142449,1,6,106,33.40000000000003
FreeSolv,Progressive,58,86,0,148,0.1,12.109680697657748,0.9897170253142449,2,6,107,33.300000000000026
FreeSolv,Progressive,58,87,0,319,0.1,11.55021437602097,0.9897170253142449,3,6,108,33.200000000000024
FreeSolv,Progressive,58,88,0,204,0.1,10.912996752705928,0.9897170253142449,4,6,109,33.10000000000002
FreeSolv,Progressive,58,89,0,30,0.1,10.88528664229311,0.9897170253142449,5,6,110,33.00000000000002
FreeSolv,Progressive,58,90,0,186,0.1,11.022317853812277,0.9897170253142449,6,6,111,32.90000000000002
FreeSolv,Progressive,58,91,0,517,0.1,11.070888725063988,0.9897170253142449,7,6,112,32.80000000000002
FreeSolv,Progressive,58,92,0,624,0.1,10.65257982431354,0.9897170253142449,8,6,113,32.70000000000002
FreeSolv,Progressive,58,93,0,53,0.1,10.518459984469192,0.9897170253142449,9,6,114,32.600000000000016
FreeSolv,Progressive,58,94,0,384,0.1,9.762873008112853,0.9897170253142449,10,6,115,32.500000000000014
FreeSolv,Progressive,58,95,0,413,0.1,9.90863450053139,0.9897170253142449,11,6,116,32.40000000000001
FreeSolv,Progressive,58,96,0,597,0.1,9.705264553597255,0.9897170253142449,12,6,117,32.30000000000001
FreeSolv,Progressive,58,97,0,282,0.1,10.366620492312572,0.9897170253142449,13,6,118,32.20000000000001
FreeSolv,Progressive,58,98,0,147,0.1,9.978876246603724,0.9897170253142449,14,6,119,32.10000000000001
FreeSolv,Progressive,58,99,0,592,0.1,10.00450618495696,0.9897170253142449,15,6,120,32.00000000000001
FreeSolv,Progressive,58,100,0,84,0.1,8.830224351083787,0.9897170253142449,16,6,121,31.900000000000006
FreeSolv,Progressive,58,101,0,377,0.1,9.235796074756669,0.9897170253142449,17,6,122,31.800000000000004
FreeSolv,Progressive,58,102,0,104,0.1,9.093891786161342,0.9897170253142449,18,6,123,31.700000000000003
FreeSolv,Progressive,58,103,0,622,0.1,9.067032671912694,0.9897170253142449,19,6,124,31.6
FreeSolv,Progressive,58,104,0,206,0.1,8.60996832845084,0.9897170253142449,20,6,125,31.5
FreeSolv,Progressive,58,105,1,442,1.0,3.230294189004402,0.9897170253142449,0,7,125,30.5
FreeSolv,Progressive,58,106,0,472,0.1,8.266356670433574,0.9777035493745955,1,7,126,30.4
FreeSolv,Progressive,58,107,0,351,0.1,8.659985434641284,0.9777035493745955,2,7,127,30.299999999999997
FreeSolv,Progressive,58,108,0,383,0.1,8.266841943783572,0.9777035493745955,3,7,128,30.199999999999996
FreeSolv,Progressive,58,109,0,63,0.1,9.041650475813233,0.9777035493745955,4,7,129,30.099999999999994
FreeSolv,Progressive,58,110,0,257,0.1,8.328672883927926,0.9777035493745955,5,7,130,29.999999999999993
FreeSolv,Progressive,58,111,0,214,0.1,7.865896116485468,0.9777035493745955,6,7,131,29.89999999999999
FreeSolv,Progressive,58,112,0,365,0.1,8.043975334312735,0.9777035493745955,7,7,132,29.79999999999999
FreeSolv,Progressive,58,113,0,499,0.1,7.418496388237726,0.9777035493745955,8,7,133,29.69999999999999
FreeSolv,Progressive,58,114,0,106,0.1,7.941391683240539,0.9777035493745955,9,7,134,29.599999999999987
FreeSolv,Progressive,58,115,0,289,0.1,7.852163315309344,0.9777035493745955,10,7,135,29.499999999999986
FreeSolv,Progressive,58,116,0,126,0.1,7.830614623734746,0.9777035493745955,11,7,136,29.399999999999984
FreeSolv,Progressive,58,117,0,37,0.1,8.812484550265207,0.9777035493745955,12,7,137,29.299999999999983
FreeSolv,Progressive,58,118,0,631,0.1,7.655134104962857,0.9777035493745955,13,7,138,29.19999999999998
FreeSolv,Progressive,58,119,0,361,0.1,7.660267016323424,0.9777035493745955,14,7,139,29.09999999999998
FreeSolv,Progressive,58,120,0,77,0.1,7.531638106381095,0.9777035493745955,15,7,140,28.99999999999998
FreeSolv,Progressive,58,121,0,238,0.1,7.403170025949005,0.9777035493745955,16,7,141,28.899999999999977
FreeSolv,Progressive,58,122,0,471,0.1,6.854389638996417,0.9777035493745955,17,7,142,28.799999999999976
FreeSolv,Progressive,58,123,0,532,0.1,6.997016137363916,0.9777035493745955,18,7,143,28.699999999999974
FreeSolv,Progressive,58,124,0,141,0.1,7.00659531102621,0.9777035493745955,19,7,144,28.599999999999973
FreeSolv,Progressive,58,125,0,99,0.1,7.185683194599148,0.9777035493745955,20,7,145,28.49999999999997
FreeSolv,Progressive,58,126,1,261,1.0,2.0794912958770677,0.9777035493745955,0,8,145,27.49999999999997
FreeSolv,Progressive,58,127,0,10,0.1,7.177627637401574,0.9856819430525924,1,8,146,27.39999999999997
FreeSolv,Progressive,58,128,0,272,0.1,6.6535452841867935,0.9856819430525924,2,8,147,27.29999999999997
FreeSolv,Progressive,58,129,0,280,0.1,6.690872803309018,0.9856819430525924,3,8,148,27.199999999999967
FreeSolv,Progressive,58,130,0,85,0.1,6.465292336469779,0.9856819430525924,4,8,149,27.099999999999966
FreeSolv,Progressive,58,131,0,200,0.1,6.754655346255017,0.9856819430525924,5,8,150,26.999999999999964
FreeSolv,Progressive,58,132,0,546,0.1,6.38417236730598,0.9856819430525924,6,8,151,26.899999999999963
FreeSolv,Progressive,58,133,0,317,0.1,6.548589602902416,0.9856819430525924,7,8,152,26.79999999999996
FreeSolv,Progressive,58,134,0,128,0.1,6.539951652215715,0.9856819430525924,8,8,153,26.69999999999996
FreeSolv,Progressive,58,135,0,368,0.1,5.764967798768642,0.9856819430525924,9,8,154,26.59999999999996
FreeSolv,Progressive,58,136,0,608,0.1,6.1843290244651765,0.9856819430525924,10,8,155,26.499999999999957
FreeSolv,Progressive,58,137,0,456,0.1,6.9855020639456304,0.9856819430525924,11,8,156,26.399999999999956
FreeSolv,Progressive,58,138,0,386,0.1,6.029989171366164,0.9856819430525924,12,8,157,26.299999999999955
FreeSolv,Progressive,58,139,0,102,0.1,6.101491314784631,0.9856819430525924,13,8,158,26.199999999999953
FreeSolv,Progressive,58,140,0,178,0.1,5.6360307847594155,0.9856819430525924,14,8,159,26.09999999999995
FreeSolv,Progressive,58,141,0,618,0.1,5.974819741700431,0.9856819430525924,15,8,160,25.99999999999995
FreeSolv,Progressive,58,142,0,86,0.1,5.219062548897016,0.9856819430525924,16,8,161,25.89999999999995
FreeSolv,Progressive,58,143,0,524,0.1,5.5699753988115415,0.9856819430525924,17,8,162,25.799999999999947
FreeSolv,Progressive,58,144,0,166,0.1,5.355449844909595,0.9856819430525924,18,8,163,25.699999999999946
FreeSolv,Progressive,58,145,0,293,0.1,5.31758373309176,0.9856819430525924,19,8,164,25.599999999999945
FreeSolv,Progressive,58,146,0,110,0.1,5.395323973177753,0.9856819430525924,20,8,165,25.499999999999943
FreeSolv,Progressive,58,147,1,596,1.0,2.515766851229084,0.9856819430525924,0,9,165,24.499999999999943
FreeSolv,Progressive,58,148,0,485,0.1,4.951429283560882,0.9856819430525924,1,9,166,24.39999999999994
FreeSolv,Progressive,58,149,0,283,0.1,5.177873236611366,0.9856819430525924,2,9,167,24.29999999999994
FreeSolv,Progressive,58,150,0,140,0.1,5.196649527170615,0.9856819430525924,3,9,168,24.19999999999994
FreeSolv,Progressive,58,151,0,446,0.1,4.869388580682571,0.9856819430525924,4,9,169,24.099999999999937
FreeSolv,Progressive,58,152,0,149,0.1,4.812929209342844,0.9856819430525924,5,9,170,23.999999999999936
FreeSolv,Progressive,58,153,0,54,0.1,4.4147758090352305,0.9856819430525924,6,9,171,23.899999999999935
FreeSolv,Progressive,58,154,0,131,0.1,4.503320617647892,0.9856819430525924,7,9,172,23.799999999999933
FreeSolv,Progressive,58,155,0,463,0.1,6.6812787382944565,0.9856819430525924,8,9,173,23.699999999999932
FreeSolv,Progressive,58,156,0,451,0.1,4.95289184656421,0.9856819430525924,9,9,174,23.59999999999993
FreeSolv,Progressive,58,157,0,558,0.1,4.924847574851598,0.9856819430525924,10,9,175,23.49999999999993
FreeSolv,Progressive,58,158,0,560,0.1,4.373737868800232,0.9856819430525924,11,9,176,23.399999999999928
FreeSolv,Progressive,58,159,0,398,0.1,4.41415687090206,0.9856819430525924,12,9,177,23.299999999999926
FreeSolv,Progressive,58,160,0,336,0.1,4.443960022626056,0.9856819430525924,13,9,178,23.199999999999925
FreeSolv,Progressive,58,161,0,183,0.1,4.164538851823479,0.9856819430525924,14,9,179,23.099999999999923
FreeSolv,Progressive,58,162,0,340,0.1,4.402749939709218,0.9856819430525924,15,9,180,22.999999999999922
FreeSolv,Progressive,58,163,0,172,0.1,4.337857203306529,0.9856819430525924,16,9,181,22.89999999999992
FreeSolv,Progressive,58,164,0,181,0.1,4.161076434639082,0.9856819430525924,17,9,182,22.79999999999992
FreeSolv,Progressive,58,165,0,509,0.1,3.8723233978832203,0.9856819430525924,18,9,183,22.699999999999918
FreeSolv,Progressive,58,166,0,119,0.1,4.021104075461819,0.9856819430525924,19,9,184,22.599999999999916
FreeSolv,Progressive,58,167,0,224,0.1,4.112681357877205,0.9856819430525924,20,9,185,22.499999999999915
FreeSolv,Progressive,58,168,1,39,1.0,1.4358076017341006,0.9856819430525924,0,10,185,21.499999999999915
FreeSolv,Progressive,58,169,0,268,0.1,4.163440306125776,0.9885460633967745,1,10,186,21.399999999999913
FreeSolv,Progressive,58,170,0,390,0.1,3.6114066938343816,0.9885460633967745,2,10,187,21.299999999999912
FreeSolv,Progressive,58,171,0,25,0.1,3.6884347546512766,0.9885460633967745,3,10,188,21.19999999999991
FreeSolv,Progressive,58,172,0,118,0.1,3.5082186308414056,0.9885460633967745,4,10,189,21.09999999999991
FreeSolv,Progressive,58,173,0,445,0.1,3.3075739825831443,0.9885460633967745,5,10,190,20.999999999999908
FreeSolv,Progressive,58,174,0,603,0.1,3.7372869278251395,0.9885460633967745,6,10,191,20.899999999999906
FreeSolv,Progressive,58,175,0,100,0.1,3.710705145839353,0.9885460633967745,7,10,192,20.799999999999905
FreeSolv,Progressive,58,176,0,64,0.1,3.82528940584562,0.9885460633967745,8,10,193,20.699999999999903
FreeSolv,Progressive,58,177,0,371,0.1,3.5973977809039757,0.9885460633967745,9,10,194,20.599999999999902
FreeSolv,Progressive,58,178,0,330,0.1,3.4822779127330263,0.9885460633967745,10,10,195,20.4999999999999
FreeSolv,Progressive,58,179,0,432,0.1,3.2875126272182746,0.9885460633967745,11,10,196,20.3999999999999
FreeSolv,Progressive,58,180,0,292,0.1,3.4161874245314086,0.9885460633967745,12,10,197,20.299999999999898
FreeSolv,Progressive,58,181,0,406,0.1,3.5433729517039056,0.9885460633967745,13,10,198,20.199999999999896
FreeSolv,Progressive,58,182,0,300,0.1,3.277997477943473,0.9885460633967745,14,10,199,20.099999999999895
FreeSolv,Progressive,58,183,0,165,0.1,3.665031820257749,0.9885460633967745,15,10,200,19.999999999999893
FreeSolv,Progressive,58,184,0,399,0.1,2.9725176876023163,0.9885460633967745,16,10,201,19.899999999999892
FreeSolv,Progressive,58,185,0,473,0.1,2.9860041219287226,0.9885460633967745,17,10,202,19.79999999999989
FreeSolv,Progressive,58,186,0,357,0.1,3.1174317370751856,0.9885460633967745,18,10,203,19.69999999999989
FreeSolv,Progressive,58,187,0,548,0.1,2.8246621843681763,0.9885460633967745,19,10,204,19.599999999999888
FreeSolv,Progressive,58,188,0,161,0.1,2.744848688220048,0.9885460633967745,20,10,205,19.499999999999886
FreeSolv,Progressive,58,189,1,392,1.0,1.2713656864529075,0.9885460633967745,0,11,205,18.499999999999886
FreeSolv,Progressive,58,190,0,588,0.1,2.6631052238021637,0.9565832362350801,1,11,206,18.399999999999885
FreeSolv,Progressive,58,191,0,320,0.1,2.8716759787885704,0.9565832362350801,2,11,207,18.299999999999883
FreeSolv,Progressive,58,192,0,475,0.1,2.8239180780000765,0.9565832362350801,3,11,208,18.199999999999882
FreeSolv,Progressive,58,193,0,338,0.1,2.9750957776567675,0.9565832362350801,4,11,209,18.09999999999988
FreeSolv,Progressive,58,194,0,613,0.1,2.52781497287182,0.9565832362350801,5,11,210,17.99999999999988
FreeSolv,Progressive,58,195,0,530,0.1,3.0136199118330786,0.9565832362350801,6,11,211,17.899999999999878
FreeSolv,Progressive,58,196,0,152,0.1,3.0408902207716317,0.9565832362350801,7,11,212,17.799999999999876
FreeSolv,Progressive,58,197,0,174,0.1,2.6980151767680107,0.9565832362350801,8,11,213,17.699999999999875
FreeSolv,Progressive,58,198,0,187,0.1,2.432233754601748,0.9565832362350801,9,11,214,17.599999999999874
FreeSolv,Progressive,58,199,0,16,0.1,2.3528216213428466,0.9565832362350801,10,11,215,17.499999999999872
FreeSolv,Progressive,58,200,0,528,0.1,2.550225550501898,0.9565832362350801,11,11,216,17.39999999999987
FreeSolv,Progressive,58,201,0,315,0.1,2.683398097658808,0.9565832362350801,12,11,217,17.29999999999987
FreeSolv,Progressive,58,202,0,440,0.1,2.205838228767497,0.9565832362350801,13,11,218,17.199999999999868
FreeSolv,Progressive,58,203,0,341,0.1,2.286168026164639,0.9565832362350801,14,11,219,17.099999999999866
FreeSolv,Progressive,58,204,0,591,0.1,2.409711939471791,0.9565832362350801,15,11,220,16.999999999999865
FreeSolv,Progressive,58,205,0,325,0.1,2.4723036456919614,0.9565832362350801,16,11,221,16.899999999999864
FreeSolv,Progressive,58,206,0,464,0.1,2.5283926324441635,0.9565832362350801,17,11,222,16.799999999999862
FreeSolv,Progressive,58,207,1,284,1.0,3.0634098339279183,0.9565832362350801,0,12,222,15.799999999999862
FreeSolv,Progressive,58,208,0,314,0.1,2.139462041798782,0.9610545403296282,1,12,223,15.699999999999863
FreeSolv,Progressive,58,209,0,130,0.1,1.8389563927369539,0.9610545403296282,2,12,224,15.599999999999861
FreeSolv,Progressive,58,210,0,113,0.1,2.0757214464443963,0.9610545403296282,3,12,225,15.49999999999986
FreeSolv,Progressive,58,211,0,615,0.1,3.203755655891871,0.9610545403296282,4,12,226,15.399999999999858
FreeSolv,Progressive,58,212,0,452,0.1,1.8459542317225035,0.9610545403296282,5,12,227,15.299999999999857
FreeSolv,Progressive,58,213,0,500,0.1,2.106160900022718,0.9610545403296282,6,12,228,15.199999999999855
FreeSolv,Progressive,58,214,0,246,0.1,2.0874242817502693,0.9610545403296282,7,12,229,15.099999999999854
FreeSolv,Progressive,58,215,0,534,0.1,1.9719913080289244,0.9610545403296282,8,12,230,14.999999999999853
FreeSolv,Progressive,58,216,0,59,0.1,1.9493759327734534,0.9610545403296282,9,12,231,14.899999999999851
FreeSolv,Progressive,58,217,0,459,0.1,1.5748351047250855,0.9610545403296282,10,12,232,14.79999999999985
FreeSolv,Progressive,58,218,0,335,0.1,1.7728740171943758,0.9610545403296282,11,12,233,14.699999999999848
FreeSolv,Progressive,58,219,0,496,0.1,2.461149834683036,0.9610545403296282,12,12,234,14.599999999999847
FreeSolv,Progressive,58,220,0,43,0.1,1.772669961382815,0.9610545403296282,13,12,235,14.499999999999845
FreeSolv,Progressive,58,221,0,201,0.1,1.703646165514624,0.9610545403296282,14,12,236,14.399999999999844
FreeSolv,Progressive,58,222,0,578,0.1,1.731779995603094,0.9610545403296282,15,12,237,14.299999999999843
FreeSolv,Progressive,58,223,0,285,0.1,1.7458671215672612,0.9610545403296282,16,12,238,14.199999999999841
FreeSolv,Progressive,58,224,1,139,1.0,1.6858234997857233,0.9610545403296282,0,13,238,13.19999999999984
FreeSolv,Progressive,58,225,0,366,0.1,1.789648805119733,0.9595042736700574,1,13,239,13.09999999999984
FreeSolv,Progressive,58,226,0,14,0.1,1.7519649525246244,0.9595042736700574,2,13,240,12.999999999999838
FreeSolv,Progressive,58,227,0,353,0.1,1.7374100266532255,0.9595042736700574,3,13,241,12.899999999999837
FreeSolv,Progressive,58,228,0,484,0.1,1.5426644933770446,0.9595042736700574,4,13,242,12.799999999999836
FreeSolv,Progressive,58,229,0,175,0.1,1.778795134631184,0.9595042736700574,5,13,243,12.699999999999834
FreeSolv,Progressive,58,230,0,408,0.1,1.7913300801903147,0.9595042736700574,6,13,244,12.599999999999833
FreeSolv,Progressive,58,231,0,253,0.1,1.5159958625672925,0.9595042736700574,7,13,245,12.499999999999831
FreeSolv,Progressive,58,232,0,135,0.1,1.5293272810245597,0.9595042736700574,8,13,246,12.39999999999983
FreeSolv,Progressive,58,233,0,487,0.1,1.3467745877845652,0.9595042736700574,9,13,247,12.299999999999828
FreeSolv,Progressive,58,234,0,506,0.1,1.3696237553291992,0.9595042736700574,10,13,248,12.199999999999827
FreeSolv,Progressive,58,235,0,219,0.1,1.372496451048734,0.9595042736700574,11,13,249,12.099999999999826
FreeSolv,Progressive,58,236,0,194,0.1,1.4756914285991096,0.9595042736700574,12,13,250,11.999999999999824
FreeSolv,Progressive,58,237,0,354,0.1,1.507361033719757,0.9595042736700574,13,13,251,11.899999999999823
FreeSolv,Progressive,58,238,0,216,0.1,1.318542232341483,0.9595042736700574,14,13,252,11.799999999999821
FreeSolv,Progressive,58,239,0,443,0.1,1.3098621128608396,0.9595042736700574,15,13,253,11.69999999999982
FreeSolv,Progressive,58,240,0,180,0.1,1.4913296578749953,0.9595042736700574,16,13,254,11.599999999999818
FreeSolv,Progressive,58,241,0,363,0.1,1.5587786476720082,0.9595042736700574,17,13,255,11.499999999999817
FreeSolv,Progressive,58,242,0,519,0.1,1.3717910963869708,0.9595042736700574,18,13,256,11.399999999999816
FreeSolv,Progressive,58,243,0,401,0.1,1.3213518695526723,0.9595042736700574,19,13,257,11.299999999999814
FreeSolv,Progressive,58,244,0,167,0.1,1.2672523009846015,0.9595042736700574,20,13,258,11.199999999999813
FreeSolv,Progressive,58,245,1,492,1.0,1.1283637642686908,0.9595042736700574,0,14,258,10.199999999999811
FreeSolv,Progressive,58,246,0,304,0.1,1.341569753309075,0.9628393736264247,1,14,259,10.099999999999811
FreeSolv,Progressive,58,247,1,595,1.0,1.141457186285784,0.9628393736264247,0,15,259,9.09999999999981
FreeSolv,Progressive,58,248,1,49,1.0,1.4511376257033006,0.9633027421458888,0,16,259,8.09999999999981
FreeSolv,Progressive,58,249,0,231,0.1,1.210498019448761,0.9640704703429396,1,16,260,7.99999999999981
FreeSolv,Progressive,58,250,0,94,0.1,1.2617262113905336,0.9640704703429396,2,16,261,7.8999999999998085
FreeSolv,Progressive,58,251,1,444,1.0,1.1990235129736524,0.9640704703429396,0,17,261,6.899999999999807
FreeSolv,Progressive,58,252,0,604,0.1,1.35720481594262,0.9656105955032122,1,17,262,6.799999999999807
FreeSolv,Progressive,58,253,0,26,0.1,1.577457963331453,0.9656105955032122,2,17,263,6.699999999999806
FreeSolv,Progressive,58,254,1,619,1.0,1.0582330424996964,0.9656105955032122,0,18,263,5.699999999999804
FreeSolv,Progressive,58,255,1,122,1.0,1.2935134965770854,0.9666852594856143,0,19,263,4.699999999999804
FreeSolv,Progressive,58,256,1,251,1.0,1.3054054755970967,0.9668282339705654,0,20,263,3.699999999999804
FreeSolv,Progressive,58,257,1,129,1.0,1.0804748485323061,0.9672618592100845,0,21,263,2.699999999999804
FreeSolv,Progressive,58,258,0,352,0.1,1.0906772856663443,0.9679030527189342,1,21,264,2.599999999999804
FreeSolv,Progressive,58,259,0,562,0.1,1.4105125263257234,0.9679030527189342,2,21,265,2.4999999999998024
FreeSolv,Progressive,58,260,1,266,1.0,1.1244989346366512,0.9679030527189342,0,22,265,1.499999999999801
FreeSolv,Progressive,58,261,0,345,0.1,1.3261754051598407,0.9680743922643349,1,22,266,1.399999999999801
FreeSolv,Progressive,58,262,1,87,1.0,1.0715385667430568,0.9680743922643349,0,23,266,0.3999999999997996
FreeSolv,Progressive,58,263,0,632,0.1,1.042434456398618,0.968770043480001,1,23,267,0.29999999999979965
FreeSolv,Progressive,58,264,0,35,0.1,1.1621331795040997,0.968770043480001,2,23,268,0.1999999999997982
FreeSolv,Progressive,58,265,0,567,0.1,0.958639542915777,0.968770043480001,3,23,269,0.09999999999979678
FreeSolv,Progressive,59,1,0,251,0.1,10.204830297469638,0.5,1,2,26,45.4
FreeSolv,Progressive,59,2,0,144,0.1,8.813544096779099,0.5,2,2,27,45.3
FreeSolv,Progressive,59,3,0,49,0.1,8.35454406029695,0.5,3,2,28,45.199999999999996
FreeSolv,Progressive,59,4,0,437,0.1,9.317386279290574,0.5,4,2,29,45.1
FreeSolv,Progressive,59,5,0,122,0.1,9.243670235725371,0.5,5,2,30,45.0
FreeSolv,Progressive,59,6,0,550,0.1,10.475993119968587,0.5,6,2,31,44.9
FreeSolv,Progressive,59,7,0,266,0.1,9.90405431603764,0.5,7,2,32,44.800000000000004
FreeSolv,Progressive,59,8,0,206,0.1,8.671348644646926,0.5,8,2,33,44.7
FreeSolv,Progressive,59,9,0,276,0.1,8.297683667897692,0.5,9,2,34,44.6
FreeSolv,Progressive,59,10,0,61,0.1,8.802809985339929,0.5,10,2,35,44.5
FreeSolv,Progressive,59,11,0,284,0.1,7.93970514217869,0.5,11,2,36,44.4
FreeSolv,Progressive,59,12,0,377,0.1,8.512340992850191,0.5,12,2,37,44.300000000000004
FreeSolv,Progressive,59,13,0,328,0.1,7.564278023082179,0.5,13,2,38,44.2
FreeSolv,Progressive,59,14,0,446,0.1,8.416384262875553,0.5,14,2,39,44.1
FreeSolv,Progressive,59,15,0,619,0.1,7.910274481280945,0.5,15,2,40,44.00000000000001
FreeSolv,Progressive,59,16,0,258,0.1,8.376925237263936,0.5,16,2,41,43.900000000000006
FreeSolv,Progressive,59,17,0,193,0.1,8.18242216319577,0.5,17,2,42,43.800000000000004
FreeSolv,Progressive,59,18,0,233,0.1,8.007430081177926,0.5,18,2,43,43.7
FreeSolv,Progressive,59,19,0,261,0.1,8.840159612557473,0.5,19,2,44,43.6
FreeSolv,Progressive,59,20,0,393,0.1,8.77482671521931,0.5,20,2,45,43.50000000000001
FreeSolv,Progressive,59,21,1,515,1.0,3.1704212834815992,0.5,0,3,45,42.50000000000001
FreeSolv,Progressive,59,22,0,39,0.1,8.82190544946545,0.5,1,3,46,42.400000000000006
FreeSolv,Progressive,59,23,0,492,0.1,10.439935122740025,0.5,2,3,47,42.300000000000004
FreeSolv,Progressive,59,24,0,87,0.1,9.84411052632136,0.5,3,3,48,42.20000000000001
FreeSolv,Progressive,59,25,0,444,0.1,9.141911533969607,0.5,4,3,49,42.10000000000001
FreeSolv,Progressive,59,26,0,129,0.1,9.290172348963228,0.5,5,3,50,42.00000000000001
FreeSolv,Progressive,59,27,0,8,0.1,8.899034794805964,0.5,6,3,51,41.900000000000006
FreeSolv,Progressive,59,28,0,83,0.1,9.245031058667497,0.5,7,3,52,41.800000000000004
FreeSolv,Progressive,59,29,0,41,0.1,8.444580683501323,0.5,8,3,53,41.70000000000001
FreeSolv,Progressive,59,30,0,96,0.1,8.422859900072892,0.5,9,3,54,41.60000000000001
FreeSolv,Progressive,59,31,0,6,0.1,8.75287849504689,0.5,10,3,55,41.50000000000001
FreeSolv,Progressive,59,32,0,501,0.1,8.309421173049483,0.5,11,3,56,41.40000000000001
FreeSolv,Progressive,59,33,0,564,0.1,8.381288758062704,0.5,12,3,57,41.30000000000001
FreeSolv,Progressive,59,34,0,286,0.1,8.586564141396892,0.5,13,3,58,41.20000000000001
FreeSolv,Progressive,59,35,0,80,0.1,8.203634394067585,0.5,14,3,59,41.10000000000001
FreeSolv,Progressive,59,36,0,502,0.1,7.735654386204384,0.5,15,3,60,41.00000000000001
FreeSolv,Progressive,59,37,0,313,0.1,9.303648168873748,0.5,16,3,61,40.90000000000001
FreeSolv,Progressive,59,38,0,232,0.1,7.996889785254304,0.5,17,3,62,40.80000000000001
FreeSolv,Progressive,59,39,0,599,0.1,7.8595908425980765,0.5,18,3,63,40.70000000000001
FreeSolv,Progressive,59,40,0,301,0.1,7.771242770157893,0.5,19,3,64,40.600000000000016
FreeSolv,Progressive,59,41,0,269,0.1,7.741869185884949,0.5,20,3,65,40.500000000000014
FreeSolv,Progressive,59,42,1,542,1.0,5.147275809748929,0.5,0,4,65,39.500000000000014
FreeSolv,Progressive,59,43,0,422,0.1,7.595716929167142,0.5,1,4,66,39.40000000000001
FreeSolv,Progressive,59,44,0,19,0.1,7.499655488268291,0.5,2,4,67,39.30000000000001
FreeSolv,Progressive,59,45,0,589,0.1,7.667651031661673,0.5,3,4,68,39.20000000000001
FreeSolv,Progressive,59,46,0,577,0.1,7.525732564176406,0.5,4,4,69,39.100000000000016
FreeSolv,Progressive,59,47,0,497,0.1,7.5103403558023825,0.5,5,4,70,39.000000000000014
FreeSolv,Progressive,59,48,0,255,0.1,7.603106666852796,0.5,6,4,71,38.90000000000001
FreeSolv,Progressive,59,49,0,533,0.1,7.428867959804235,0.5,7,4,72,38.80000000000002
FreeSolv,Progressive,59,50,0,159,0.1,7.4150855793879185,0.5,8,4,73,38.70000000000002
FreeSolv,Progressive,59,51,0,584,0.1,7.7771471139997645,0.5,9,4,74,38.600000000000016
FreeSolv,Progressive,59,52,0,581,0.1,7.227153013153798,0.5,10,4,75,38.500000000000014
FreeSolv,Progressive,59,53,0,380,0.1,7.532432642304578,0.5,11,4,76,38.40000000000001
FreeSolv,Progressive,59,54,0,505,0.1,7.4928375476436075,0.5,12,4,77,38.30000000000002
FreeSolv,Progressive,59,55,0,572,0.1,7.530246519060509,0.5,13,4,78,38.20000000000002
FreeSolv,Progressive,59,56,0,626,0.1,7.334769574517925,0.5,14,4,79,38.100000000000016
FreeSolv,Progressive,59,57,0,250,0.1,7.2756981237830685,0.5,15,4,80,38.00000000000002
FreeSolv,Progressive,59,58,0,299,0.1,6.899061371961183,0.5,16,4,81,37.90000000000002
FreeSolv,Progressive,59,59,0,192,0.1,7.344464734215543,0.5,17,4,82,37.80000000000002
FreeSolv,Progressive,59,60,0,191,0.1,7.139241982010638,0.5,18,4,83,37.70000000000002
FreeSolv,Progressive,59,61,0,136,0.1,6.728554693483788,0.5,19,4,84,37.600000000000016
FreeSolv,Progressive,59,62,0,105,0.1,6.783680096858397,0.5,20,4,85,37.50000000000002
FreeSolv,Progressive,59,63,1,373,1.0,3.793047791097079,0.5,0,5,85,36.50000000000002
FreeSolv,Progressive,59,64,0,540,0.1,7.447605943843696,0.5,1,5,86,36.40000000000002
FreeSolv,Progressive,59,65,0,75,0.1,6.908655656440157,0.5,2,5,87,36.30000000000002
FreeSolv,Progressive,59,66,0,638,0.1,6.38542131263496,0.5,3,5,88,36.200000000000024
FreeSolv,Progressive,59,67,0,410,0.1,6.290474575965381,0.5,4,5,89,36.10000000000002
FreeSolv,Progressive,59,68,0,486,0.1,6.4714516000763895,0.5,5,5,90,36.00000000000002
FreeSolv,Progressive,59,69,0,66,0.1,6.510514353980971,0.5,6,5,91,35.90000000000002
FreeSolv,Progressive,59,70,0,369,0.1,6.4517216507030195,0.5,7,5,92,35.80000000000002
FreeSolv,Progressive,59,71,0,327,0.1,6.061821374826533,0.5,8,5,93,35.700000000000024
FreeSolv,Progressive,59,72,0,337,0.1,6.104508692339505,0.5,9,5,94,35.60000000000002
FreeSolv,Progressive,59,73,0,263,0.1,6.339443312916546,0.5,10,5,95,35.50000000000002
FreeSolv,Progressive,59,74,0,31,0.1,5.983078580979606,0.5,11,5,96,35.40000000000003
FreeSolv,Progressive,59,75,0,633,0.1,6.521556519309365,0.5,12,5,97,35.300000000000026
FreeSolv,Progressive,59,76,0,436,0.1,6.073860717553072,0.5,13,5,98,35.200000000000024
FreeSolv,Progressive,59,77,0,2,0.1,5.756575085061312,0.5,14,5,99,35.10000000000002
FreeSolv,Progressive,59,78,0,282,0.1,5.651306807491263,0.5,15,5,100,35.00000000000002
FreeSolv,Progressive,59,79,0,319,0.1,5.683617166154003,0.5,16,5,101,34.90000000000003
FreeSolv,Progressive,59,80,0,485,0.1,5.830478634986426,0.5,17,5,102,34.800000000000026
FreeSolv,Progressive,59,81,0,379,0.1,5.643992173029895,0.5,18,5,103,34.700000000000024
FreeSolv,Progressive,59,82,0,204,0.1,5.28499746719131,0.5,19,5,104,34.60000000000003
FreeSolv,Progressive,59,83,0,624,0.1,5.320121655274812,0.5,20,5,105,34.50000000000003
FreeSolv,Progressive,59,84,1,210,1.0,2.8992850216853663,0.5,0,6,105,33.50000000000003
FreeSolv,Progressive,59,85,0,339,0.1,11.228578088126962,0.9996262633332663,1,6,106,33.40000000000003
FreeSolv,Progressive,59,86,0,259,0.1,10.877965895333203,0.9996262633332663,2,6,107,33.300000000000026
FreeSolv,Progressive,59,87,0,148,0.1,10.828473405873979,0.9996262633332663,3,6,108,33.200000000000024
FreeSolv,Progressive,59,88,0,279,0.1,10.768600152797653,0.9996262633332663,4,6,109,33.10000000000002
FreeSolv,Progressive,59,89,0,461,0.1,10.45180157854917,0.9996262633332663,5,6,110,33.00000000000002
FreeSolv,Progressive,59,90,0,384,0.1,11.071847622493195,0.9996262633332663,6,6,111,32.90000000000002
FreeSolv,Progressive,59,91,0,563,0.1,10.58387207866839,0.9996262633332663,7,6,112,32.80000000000002
FreeSolv,Progressive,59,92,0,517,0.1,10.49999544481578,0.9996262633332663,8,6,113,32.70000000000002
FreeSolv,Progressive,59,93,0,91,0.1,10.222353989843207,0.9996262633332663,9,6,114,32.600000000000016
FreeSolv,Progressive,59,94,0,257,0.1,9.179481879910936,0.9996262633332663,10,6,115,32.500000000000014
FreeSolv,Progressive,59,95,0,425,0.1,8.968305568376836,0.9996262633332663,11,6,116,32.40000000000001
FreeSolv,Progressive,59,96,0,597,0.1,9.626008812241215,0.9996262633332663,12,6,117,32.30000000000001
FreeSolv,Progressive,59,97,0,620,0.1,9.188252400343973,0.9996262633332663,13,6,118,32.20000000000001
FreeSolv,Progressive,59,98,0,84,0.1,8.615299159353164,0.9996262633332663,14,6,119,32.10000000000001
FreeSolv,Progressive,59,99,0,214,0.1,9.193184248033093,0.9996262633332663,15,6,120,32.00000000000001
FreeSolv,Progressive,59,100,0,147,0.1,8.78035215845824,0.9996262633332663,16,6,121,31.900000000000006
FreeSolv,Progressive,59,101,0,413,0.1,8.660014001685745,0.9996262633332663,17,6,122,31.800000000000004
FreeSolv,Progressive,59,102,0,186,0.1,9.361092032308841,0.9996262633332663,18,6,123,31.700000000000003
FreeSolv,Progressive,59,103,0,53,0.1,8.927554135723557,0.9996262633332663,19,6,124,31.6
FreeSolv,Progressive,59,104,0,365,0.1,8.147773474254025,0.9996262633332663,20,6,125,31.5
FreeSolv,Progressive,59,105,1,596,1.0,3.030989165891252,0.9996262633332663,0,7,125,30.5
FreeSolv,Progressive,59,106,0,472,0.1,8.277006715814698,0.9913053321394053,1,7,126,30.4
FreeSolv,Progressive,59,107,0,456,0.1,8.487719244201397,0.9913053321394053,2,7,127,30.299999999999997
FreeSolv,Progressive,59,108,0,592,0.1,8.329055439602406,0.9913053321394053,3,7,128,30.199999999999996
FreeSolv,Progressive,59,109,0,289,0.1,7.449284527388131,0.9913053321394053,4,7,129,30.099999999999994
FreeSolv,Progressive,59,110,0,280,0.1,7.411118446530203,0.9913053321394053,5,7,130,29.999999999999993
FreeSolv,Progressive,59,111,0,499,0.1,7.4538209658899754,0.9913053321394053,6,7,131,29.89999999999999
FreeSolv,Progressive,59,112,0,622,0.1,7.618669602388397,0.9913053321394053,7,7,132,29.79999999999999
FreeSolv,Progressive,59,113,0,77,0.1,8.267270863796062,0.9913053321394053,8,7,133,29.69999999999999
FreeSolv,Progressive,59,114,0,351,0.1,7.039405891919392,0.9913053321394053,9,7,134,29.599999999999987
FreeSolv,Progressive,59,115,0,86,0.1,6.686988183176463,0.9913053321394053,10,7,135,29.499999999999986
FreeSolv,Progressive,59,116,0,471,0.1,6.6283635604690305,0.9913053321394053,11,7,136,29.399999999999984
FreeSolv,Progressive,59,117,0,546,0.1,7.184901445190266,0.9913053321394053,12,7,137,29.299999999999983
FreeSolv,Progressive,59,118,0,63,0.1,7.305279029510837,0.9913053321394053,13,7,138,29.19999999999998
FreeSolv,Progressive,59,119,0,128,0.1,6.717132426430388,0.9913053321394053,14,7,139,29.09999999999998
FreeSolv,Progressive,59,120,0,317,0.1,6.6528454906339425,0.9913053321394053,15,7,140,28.99999999999998
FreeSolv,Progressive,59,121,0,361,0.1,7.090044674871947,0.9913053321394053,16,7,141,28.899999999999977
FreeSolv,Progressive,59,122,0,383,0.1,6.741098414842407,0.9913053321394053,17,7,142,28.799999999999976
FreeSolv,Progressive,59,123,0,10,0.1,6.220653603933749,0.9913053321394053,18,7,143,28.699999999999974
FreeSolv,Progressive,59,124,0,181,0.1,7.520635195011726,0.9913053321394053,19,7,144,28.599999999999973
FreeSolv,Progressive,59,125,0,608,0.1,6.1515277730672295,0.9913053321394053,20,7,145,28.49999999999997
FreeSolv,Progressive,59,126,1,181,1.0,2.1085037105969997,0.9913053321394053,0,8,145,27.49999999999997
FreeSolv,Progressive,59,127,0,200,0.1,5.902761099991314,0.9654640362488467,1,8,146,27.39999999999997
FreeSolv,Progressive,59,128,0,141,0.1,6.063592849807596,0.9654640362488467,2,8,147,27.29999999999997
FreeSolv,Progressive,59,129,0,30,0.1,6.0048185234130935,0.9654640362488467,3,8,148,27.199999999999967
FreeSolv,Progressive,59,130,0,532,0.1,5.773840712271627,0.9654640362488467,4,8,149,27.099999999999966
FreeSolv,Progressive,59,131,0,345,0.1,5.9918784544134995,0.9654640362488467,5,8,150,26.999999999999964
FreeSolv,Progressive,59,132,0,99,0.1,6.0963852456722005,0.9654640362488467,6,8,151,26.899999999999963
FreeSolv,Progressive,59,133,0,85,0.1,5.924303446912107,0.9654640362488467,7,8,152,26.79999999999996
FreeSolv,Progressive,59,134,0,368,0.1,6.194752203909033,0.9654640362488467,8,8,153,26.69999999999996
FreeSolv,Progressive,59,135,0,238,0.1,5.976199464751733,0.9654640362488467,9,8,154,26.59999999999996
FreeSolv,Progressive,59,136,0,140,0.1,5.363885654689133,0.9654640362488467,10,8,155,26.499999999999957
FreeSolv,Progressive,59,137,0,524,0.1,5.583471957473183,0.9654640362488467,11,8,156,26.399999999999956
FreeSolv,Progressive,59,138,0,126,0.1,5.653803546646716,0.9654640362488467,12,8,157,26.299999999999955
FreeSolv,Progressive,59,139,0,272,0.1,5.6893044817398035,0.9654640362488467,13,8,158,26.199999999999953
FreeSolv,Progressive,59,140,0,631,0.1,5.130649746510246,0.9654640362488467,14,8,159,26.09999999999995
FreeSolv,Progressive,59,141,0,293,0.1,4.676607037383067,0.9654640362488467,15,8,160,25.99999999999995
FreeSolv,Progressive,59,142,0,110,0.1,4.752428747713122,0.9654640362488467,16,8,161,25.89999999999995
FreeSolv,Progressive,59,143,0,336,0.1,4.356892280934155,0.9654640362488467,17,8,162,25.799999999999947
FreeSolv,Progressive,59,144,0,224,0.1,4.970126836024494,0.9654640362488467,18,8,163,25.699999999999946
FreeSolv,Progressive,59,145,0,451,0.1,4.752206174617665,0.9654640362488467,19,8,164,25.599999999999945
FreeSolv,Progressive,59,146,0,386,0.1,4.987436701037729,0.9654640362488467,20,8,165,25.499999999999943
FreeSolv,Progressive,59,147,1,457,1.0,1.952924405397873,0.9654640362488467,0,9,165,24.499999999999943
FreeSolv,Progressive,59,148,0,558,0.1,4.731771785727635,0.966673466112611,1,9,166,24.39999999999994
FreeSolv,Progressive,59,149,0,178,0.1,4.714997651816129,0.966673466112611,2,9,167,24.29999999999994
FreeSolv,Progressive,59,150,0,268,0.1,4.206806364881433,0.966673466112611,3,9,168,24.19999999999994
FreeSolv,Progressive,59,151,0,292,0.1,4.683984104405303,0.966673466112611,4,9,169,24.099999999999937
FreeSolv,Progressive,59,152,0,106,0.1,4.049374361835856,0.966673466112611,5,9,170,23.999999999999936
FreeSolv,Progressive,59,153,0,131,0.1,3.8668795404118237,0.966673466112611,6,9,171,23.899999999999935
FreeSolv,Progressive,59,154,0,64,0.1,4.081281972103824,0.966673466112611,7,9,172,23.799999999999933
FreeSolv,Progressive,59,155,0,166,0.1,3.8174439634569177,0.966673466112611,8,9,173,23.699999999999932
FreeSolv,Progressive,59,156,0,618,0.1,3.889412577826772,0.966673466112611,9,9,174,23.59999999999993
FreeSolv,Progressive,59,157,0,172,0.1,3.630605006836908,0.966673466112611,10,9,175,23.49999999999993
FreeSolv,Progressive,59,158,0,183,0.1,3.6964744950746806,0.966673466112611,11,9,176,23.399999999999928
FreeSolv,Progressive,59,159,0,283,0.1,3.5450948368635573,0.966673466112611,12,9,177,23.299999999999926
FreeSolv,Progressive,59,160,0,357,0.1,3.8491646931819243,0.966673466112611,13,9,178,23.199999999999925
FreeSolv,Progressive,59,161,0,54,0.1,4.078609301772261,0.966673466112611,14,9,179,23.099999999999923
FreeSolv,Progressive,59,162,0,398,0.1,3.0617279421964803,0.966673466112611,15,9,180,22.999999999999922
FreeSolv,Progressive,59,163,0,174,0.1,3.756458984150047,0.966673466112611,16,9,181,22.89999999999992
FreeSolv,Progressive,59,164,0,118,0.1,3.2271911067016035,0.966673466112611,17,9,182,22.79999999999992
FreeSolv,Progressive,59,165,0,445,0.1,3.4767928630523204,0.966673466112611,18,9,183,22.699999999999918
FreeSolv,Progressive,59,166,0,100,0.1,4.136120973767536,0.966673466112611,19,9,184,22.599999999999916
FreeSolv,Progressive,59,167,0,523,0.1,3.8764573389686445,0.966673466112611,20,9,185,22.499999999999915
FreeSolv,Progressive,59,168,1,261,1.0,1.5634834387805219,0.966673466112611,0,10,185,21.499999999999915
FreeSolv,Progressive,59,169,0,509,0.1,3.286398132282328,0.9729054088576873,1,10,186,21.399999999999913
FreeSolv,Progressive,59,170,0,330,0.1,3.189462012240059,0.9729054088576873,2,10,187,21.299999999999912
FreeSolv,Progressive,59,171,0,149,0.1,3.2574346063861417,0.9729054088576873,3,10,188,21.19999999999991
FreeSolv,Progressive,59,172,0,37,0.1,4.028479562507925,0.9729054088576873,4,10,189,21.09999999999991
FreeSolv,Progressive,59,173,0,432,0.1,3.281605622595914,0.9729054088576873,5,10,190,20.999999999999908
FreeSolv,Progressive,59,174,0,560,0.1,3.2330509161801433,0.9729054088576873,6,10,191,20.899999999999906
FreeSolv,Progressive,59,175,0,473,0.1,2.9434001345919034,0.9729054088576873,7,10,192,20.799999999999905
FreeSolv,Progressive,59,176,0,300,0.1,3.158715907968562,0.9729054088576873,8,10,193,20.699999999999903
FreeSolv,Progressive,59,177,0,405,0.1,3.3265619260637673,0.9729054088576873,9,10,194,20.599999999999902
FreeSolv,Progressive,59,178,0,406,0.1,3.0510052079287147,0.9729054088576873,10,10,195,20.4999999999999
FreeSolv,Progressive,59,179,0,119,0.1,2.9366753418272977,0.9729054088576873,11,10,196,20.3999999999999
FreeSolv,Progressive,59,180,0,371,0.1,2.8257469491809997,0.9729054088576873,12,10,197,20.299999999999898
FreeSolv,Progressive,59,181,0,500,0.1,3.163229461098737,0.9729054088576873,13,10,198,20.199999999999896
FreeSolv,Progressive,59,182,0,165,0.1,2.83670046932372,0.9729054088576873,14,10,199,20.099999999999895
FreeSolv,Progressive,59,183,0,528,0.1,3.0135956326018536,0.9729054088576873,15,10,200,19.999999999999893
FreeSolv,Progressive,59,184,0,603,0.1,2.803819801793012,0.9729054088576873,16,10,201,19.899999999999892
FreeSolv,Progressive,59,185,0,399,0.1,2.6008238753792567,0.9729054088576873,17,10,202,19.79999999999989
FreeSolv,Progressive,59,186,0,341,0.1,2.922899457807993,0.9729054088576873,18,10,203,19.69999999999989
FreeSolv,Progressive,59,187,0,332,0.1,3.303004201803271,0.9729054088576873,19,10,204,19.599999999999888
FreeSolv,Progressive,59,188,0,496,0.1,2.6996520274441473,0.9729054088576873,20,10,205,19.499999999999886
FreeSolv,Progressive,59,189,1,313,1.0,1.4648326478681062,0.9729054088576873,0,11,205,18.499999999999886
FreeSolv,Progressive,59,190,0,440,0.1,2.550627836063817,0.9730017278856571,1,11,206,18.399999999999885
FreeSolv,Progressive,59,191,0,161,0.1,2.437015312991075,0.9730017278856571,2,11,207,18.299999999999883
FreeSolv,Progressive,59,192,0,548,0.1,2.629483133307443,0.9730017278856571,3,11,208,18.199999999999882
FreeSolv,Progressive,59,193,0,588,0.1,2.4911386229821724,0.9730017278856571,4,11,209,18.09999999999988
FreeSolv,Progressive,59,194,0,340,0.1,2.5213890311860903,0.9730017278856571,5,11,210,17.99999999999988
FreeSolv,Progressive,59,195,0,338,0.1,1.949320032715323,0.9730017278856571,6,11,211,17.899999999999878
FreeSolv,Progressive,59,196,0,212,0.1,2.7339834051516267,0.9730017278856571,7,11,212,17.799999999999876
FreeSolv,Progressive,59,197,0,475,0.1,2.2036998901902165,0.9730017278856571,8,11,213,17.699999999999875
FreeSolv,Progressive,59,198,0,102,0.1,2.3105713677466113,0.9730017278856571,9,11,214,17.599999999999874
FreeSolv,Progressive,59,199,0,591,0.1,3.226389252992933,0.9730017278856571,10,11,215,17.499999999999872
FreeSolv,Progressive,59,200,0,613,0.1,2.337789919753984,0.9730017278856571,11,11,216,17.39999999999987
FreeSolv,Progressive,59,201,0,530,0.1,2.2693994139051776,0.9730017278856571,12,11,217,17.29999999999987
FreeSolv,Progressive,59,202,0,198,0.1,1.923989465081623,0.9730017278856571,13,11,218,17.199999999999868
FreeSolv,Progressive,59,203,0,314,0.1,1.9065081449144654,0.9730017278856571,14,11,219,17.099999999999866
FreeSolv,Progressive,59,204,0,452,0.1,2.197176837477283,0.9730017278856571,15,11,220,16.999999999999865
FreeSolv,Progressive,59,205,0,320,0.1,2.167892555723193,0.9730017278856571,16,11,221,16.899999999999864
FreeSolv,Progressive,59,206,0,578,0.1,2.1203139390159236,0.9730017278856571,17,11,222,16.799999999999862
FreeSolv,Progressive,59,207,0,113,0.1,1.8677687641954825,0.9730017278856571,18,11,223,16.69999999999986
FreeSolv,Progressive,59,208,0,25,0.1,1.7070989768896188,0.9730017278856571,19,11,224,16.59999999999986
FreeSolv,Progressive,59,209,0,615,0.1,1.858566461307029,0.9730017278856571,20,11,225,16.499999999999858
FreeSolv,Progressive,59,210,1,39,1.0,1.224325394989276,0.9730017278856571,0,12,225,15.499999999999858
FreeSolv,Progressive,59,211,1,360,1.0,2.180993284906872,0.976110142074482,0,13,225,14.499999999999858
FreeSolv,Progressive,59,212,0,152,0.1,2.0691497314321765,0.9712169591310721,1,13,226,14.399999999999858
FreeSolv,Progressive,59,213,0,459,0.1,2.5687240547135772,0.9712169591310721,2,13,227,14.299999999999857
FreeSolv,Progressive,59,214,0,16,0.1,2.2842212645583433,0.9712169591310721,3,13,228,14.199999999999855
FreeSolv,Progressive,59,215,0,167,0.1,2.217774448603726,0.9712169591310721,4,13,229,14.099999999999854
FreeSolv,Progressive,59,216,0,187,0.1,2.356497551939506,0.9712169591310721,5,13,230,13.999999999999853
FreeSolv,Progressive,59,217,0,325,0.1,2.6279049676925115,0.9712169591310721,6,13,231,13.899999999999851
FreeSolv,Progressive,59,218,0,315,0.1,2.28109559460056,0.9712169591310721,7,13,232,13.79999999999985
FreeSolv,Progressive,59,219,0,335,0.1,2.0147778267030816,0.9712169591310721,8,13,233,13.699999999999848
FreeSolv,Progressive,59,220,0,353,0.1,2.347142050042101,0.9712169591310721,9,13,234,13.599999999999847
FreeSolv,Progressive,59,221,0,59,0.1,2.239074136297267,0.9712169591310721,10,13,235,13.499999999999845
FreeSolv,Progressive,59,222,0,534,0.1,2.22944566936286,0.9712169591310721,11,13,236,13.399999999999844
FreeSolv,Progressive,59,223,0,443,0.1,2.1247249859789408,0.9712169591310721,12,13,237,13.299999999999843
FreeSolv,Progressive,59,224,0,222,0.1,2.29392305057516,0.9712169591310721,13,13,238,13.199999999999841
FreeSolv,Progressive,59,225,0,285,0.1,2.0503084391831092,0.9712169591310721,14,13,239,13.09999999999984
FreeSolv,Progressive,59,226,0,231,0.1,2.390376379450222,0.9712169591310721,15,13,240,12.999999999999838
FreeSolv,Progressive,59,227,0,14,0.1,2.068888785670867,0.9712169591310721,16,13,241,12.899999999999837
FreeSolv,Progressive,59,228,0,223,0.1,2.1982772686038863,0.9712169591310721,17,13,242,12.799999999999836
FreeSolv,Progressive,59,229,1,441,1.0,2.1922258513657713,0.9712169591310721,0,14,242,11.799999999999834
FreeSolv,Progressive,59,230,1,49,1.0,3.4671904394168056,0.9705853183748516,0,15,242,10.799999999999834
FreeSolv,Progressive,59,231,0,43,0.1,2.022546584635041,0.9728343597701843,1,15,243,10.699999999999834
FreeSolv,Progressive,59,232,0,366,0.1,2.274551025077449,0.9728343597701843,2,15,244,10.599999999999833
FreeSolv,Progressive,59,233,0,194,0.1,2.3033009612406516,0.9728343597701843,3,15,245,10.499999999999831
FreeSolv,Progressive,59,234,0,253,0.1,2.0257588660131356,0.9728343597701843,4,15,246,10.39999999999983
FreeSolv,Progressive,59,235,0,175,0.1,2.0960073691414385,0.9728343597701843,5,15,247,10.299999999999828
FreeSolv,Progressive,59,236,0,219,0.1,2.1763301846443763,0.9728343597701843,6,15,248,10.199999999999827
FreeSolv,Progressive,59,237,0,216,0.1,2.109613623109655,0.9728343597701843,7,15,249,10.099999999999826
FreeSolv,Progressive,59,238,0,304,0.1,1.775964446772313,0.9728343597701843,8,15,250,9.999999999999824
FreeSolv,Progressive,59,239,0,180,0.1,1.6097740085746108,0.9728343597701843,9,15,251,9.899999999999823
FreeSolv,Progressive,59,240,0,484,0.1,1.5925710785085618,0.9728343597701843,10,15,252,9.799999999999821
FreeSolv,Progressive,59,241,1,251,1.0,2.121787142816404,0.9728343597701843,0,16,252,8.79999999999982
FreeSolv,Progressive,59,242,0,135,0.1,1.9238945661512148,0.9740186414875912,1,16,253,8.69999999999982
FreeSolv,Progressive,59,243,0,487,0.1,2.1364133479689085,0.9740186414875912,2,16,254,8.599999999999818
FreeSolv,Progressive,59,244,0,519,0.1,1.9695153106164802,0.9740186414875912,3,16,255,8.499999999999817
FreeSolv,Progressive,59,245,0,506,0.1,2.037357659379501,0.9740186414875912,4,16,256,8.399999999999816
FreeSolv,Progressive,59,246,0,435,0.1,1.5233817290669542,0.9740186414875912,5,16,257,8.299999999999814
FreeSolv,Progressive,59,247,0,94,0.1,2.0165261729152864,0.9740186414875912,6,16,258,8.199999999999813
FreeSolv,Progressive,59,248,0,115,0.1,1.7821721727575308,0.9740186414875912,7,16,259,8.099999999999811
FreeSolv,Progressive,59,249,0,343,0.1,1.7459087361813803,0.9740186414875912,8,16,260,7.99999999999981
FreeSolv,Progressive,59,250,0,26,0.1,1.543063293706412,0.9740186414875912,9,16,261,7.8999999999998085
FreeSolv,Progressive,59,251,1,266,1.0,1.4369742791846842,0.9740186414875912,0,17,261,6.899999999999807
FreeSolv,Progressive,59,252,1,182,1.0,1.513801977222211,0.9747193339893747,0,18,261,5.899999999999807
FreeSolv,Progressive,59,253,1,61,1.0,1.4643499644294635,0.9680547659308751,0,19,261,4.899999999999807
FreeSolv,Progressive,59,254,0,246,0.1,1.6824405506153501,0.9640154974407321,1,19,262,4.799999999999807
FreeSolv,Progressive,59,255,0,632,0.1,1.2948329631942912,0.9640154974407321,2,19,263,4.699999999999806
FreeSolv,Progressive,59,256,0,226,0.1,1.4314828072123205,0.9640154974407321,3,19,264,4.599999999999804
FreeSolv,Progressive,59,257,0,464,0.1,1.2743992895442637,0.9640154974407321,4,19,265,4.499999999999803
FreeSolv,Progressive,59,258,1,328,1.0,1.4729851152303768,0.9640154974407321,0,20,265,3.499999999999801
FreeSolv,Progressive,59,259,0,156,0.1,1.1923704802931243,0.9647294237730785,1,20,266,3.399999999999801
FreeSolv,Progressive,59,260,0,352,0.1,1.6795446203051574,0.9647294237730785,2,20,267,3.2999999999997995
FreeSolv,Progressive,59,261,0,354,0.1,1.308561382938979,0.9647294237730785,3,20,268,3.199999999999798
FreeSolv,Progressive,59,262,0,604,0.1,1.4060156881707127,0.9647294237730785,4,20,269,3.0999999999997967
FreeSolv,Progressive,59,263,0,145,0.1,1.1955011388398464,0.9647294237730785,5,20,270,2.9999999999997953
FreeSolv,Progressive,59,264,1,492,1.0,1.0755734768542475,0.9647294237730785,0,21,270,1.999999999999794
FreeSolv,Progressive,59,265,0,130,0.1,1.0491637731853287,0.9658797815391056,1,21,271,1.8999999999997939
FreeSolv,Progressive,59,266,0,453,0.1,1.382021850483274,0.9658797815391056,2,21,272,1.7999999999997924
FreeSolv,Progressive,59,267,1,122,1.0,1.229495707962815,0.9658797815391056,0,22,272,0.7999999999997911
FreeSolv,Progressive,59,268,0,67,0.1,1.1984737425580387,0.9667507839090704,1,22,273,0.6999999999997911
FreeSolv,Progressive,59,269,0,362,0.1,0.9410950297732408,0.9667507839090704,2,22,274,0.5999999999997897
FreeSolv,Progressive,59,270,0,42,0.1,1.224824415529433,0.9667507839090704,3,22,275,0.4999999999997883
FreeSolv,Progressive,59,271,0,22,0.1,1.0610894979182277,0.9667507839090704,4,22,276,0.39999999999978686
FreeSolv,Progressive,59,272,0,168,0.1,1.2423623575363496,0.9667507839090704,5,22,277,0.29999999999978544
FreeSolv,Progressive,59,273,0,201,0.1,0.9086773231539955,0.9667507839090704,6,22,278,0.199999999999784
FreeSolv,Progressive,59,274,0,582,0.1,1.4441585166586561,0.9667507839090704,7,22,279,0.09999999999978257
FreeSolv,Progressive,60,1,0,251,0.1,14.861849534991409,0.5,1,2,26,45.4
FreeSolv,Progressive,60,2,0,266,0.1,12.546010969545836,0.5,2,2,27,45.3
FreeSolv,Progressive,60,3,0,550,0.1,11.222649921767793,0.5,3,2,28,45.199999999999996
FreeSolv,Progressive,60,4,0,425,0.1,10.958994122275977,0.5,4,2,29,45.1
FreeSolv,Progressive,60,5,0,49,0.1,12.522516551011785,0.5,5,2,30,45.0
FreeSolv,Progressive,60,6,0,122,0.1,10.5724978034347,0.5,6,2,31,44.9
FreeSolv,Progressive,60,7,0,91,0.1,11.343885324891607,0.5,7,2,32,44.800000000000004
FreeSolv,Progressive,60,8,0,61,0.1,9.91581094212042,0.5,8,2,33,44.7
FreeSolv,Progressive,60,9,0,139,0.1,9.179808465184923,0.5,9,2,34,44.6
FreeSolv,Progressive,60,10,1,515,1.0,10.043462866621965,0.5,0,3,34,43.6
FreeSolv,Progressive,60,11,0,276,0.1,8.868191005415342,0.5,1,3,35,43.5
FreeSolv,Progressive,60,12,0,223,0.1,9.258759895392178,0.5,2,3,36,43.4
FreeSolv,Progressive,60,13,0,261,0.1,8.759038303128577,0.5,3,3,37,43.300000000000004
FreeSolv,Progressive,60,14,0,492,0.1,9.67751029971436,0.5,4,3,38,43.2
FreeSolv,Progressive,60,15,0,39,0.1,10.442304403784465,0.5,5,3,39,43.1
FreeSolv,Progressive,60,16,0,87,0.1,10.4167649720449,0.5,6,3,40,43.00000000000001
FreeSolv,Progressive,60,17,0,444,0.1,9.6687855569697,0.5,7,3,41,42.900000000000006
FreeSolv,Progressive,60,18,0,41,0.1,10.205662766826961,0.5,8,3,42,42.800000000000004
FreeSolv,Progressive,60,19,0,129,0.1,10.07076642558376,0.5,9,3,43,42.7
FreeSolv,Progressive,60,20,0,595,0.1,10.562181188941173,0.5,10,3,44,42.6
FreeSolv,Progressive,60,21,0,619,0.1,9.60263712697222,0.5,11,3,45,42.50000000000001
FreeSolv,Progressive,60,22,0,83,0.1,9.695682698058823,0.5,12,3,46,42.400000000000006
FreeSolv,Progressive,60,23,0,564,0.1,9.66673763490116,0.5,13,3,47,42.300000000000004
FreeSolv,Progressive,60,24,0,572,0.1,10.09285341987455,0.5,14,3,48,42.20000000000001
FreeSolv,Progressive,60,25,0,577,0.1,9.708634890166087,0.5,15,3,49,42.10000000000001
FreeSolv,Progressive,60,26,0,497,0.1,9.931021130445304,0.5,16,3,50,42.00000000000001
FreeSolv,Progressive,60,27,0,80,0.1,9.878651143380667,0.5,17,3,51,41.900000000000006
FreeSolv,Progressive,60,28,0,8,0.1,11.18175563029133,0.5,18,3,52,41.800000000000004
FreeSolv,Progressive,60,29,0,6,0.1,9.806384516776303,0.5,19,3,53,41.70000000000001
FreeSolv,Progressive,60,30,0,584,0.1,9.847720449404763,0.5,20,3,54,41.60000000000001
FreeSolv,Progressive,60,31,1,182,1.0,4.901596238428475,0.5,0,4,54,40.60000000000001
FreeSolv,Progressive,60,32,0,501,0.1,10.04306570348156,0.5,1,4,55,40.50000000000001
FreeSolv,Progressive,60,33,0,393,0.1,9.738301942192354,0.5,2,4,56,40.40000000000001
FreeSolv,Progressive,60,34,0,269,0.1,9.588987945524337,0.5,3,4,57,40.30000000000001
FreeSolv,Progressive,60,35,0,301,0.1,9.56161905532728,0.5,4,4,58,40.20000000000001
FreeSolv,Progressive,60,36,0,502,0.1,9.518838466615993,0.5,5,4,59,40.10000000000001
FreeSolv,Progressive,60,37,0,286,0.1,9.716251655990579,0.5,6,4,60,40.00000000000001
FreeSolv,Progressive,60,38,0,540,0.1,9.365169708389892,0.5,7,4,61,39.90000000000001
FreeSolv,Progressive,60,39,0,250,0.1,10.027273653851749,0.5,8,4,62,39.80000000000001
FreeSolv,Progressive,60,40,0,232,0.1,9.585146486348414,0.5,9,4,63,39.70000000000001
FreeSolv,Progressive,60,41,0,505,0.1,9.202395302246076,0.5,10,4,64,39.600000000000016
FreeSolv,Progressive,60,42,0,136,0.1,9.089468718821891,0.5,11,4,65,39.500000000000014
FreeSolv,Progressive,60,43,0,19,0.1,9.444145966567602,0.5,12,4,66,39.40000000000001
FreeSolv,Progressive,60,44,0,533,0.1,9.011235802234818,0.5,13,4,67,39.30000000000001
FreeSolv,Progressive,60,45,1,542,1.0,9.485499927669352,0.5,0,5,67,38.30000000000001
FreeSolv,Progressive,60,46,0,599,0.1,14.823054221474834,0.8485223492336236,1,5,68,38.20000000000001
FreeSolv,Progressive,60,47,0,581,0.1,15.34905095311446,0.8485223492336236,2,5,69,38.100000000000016
FreeSolv,Progressive,60,48,0,192,0.1,14.963712465545415,0.8485223492336236,3,5,70,38.000000000000014
FreeSolv,Progressive,60,49,0,255,0.1,14.73797549447769,0.8485223492336236,4,5,71,37.90000000000001
FreeSolv,Progressive,60,50,0,422,0.1,14.439662353167542,0.8485223492336236,5,5,72,37.80000000000002
FreeSolv,Progressive,60,51,0,96,0.1,14.86476709153656,0.8485223492336236,6,5,73,37.70000000000002
FreeSolv,Progressive,60,52,0,75,0.1,14.368531286966286,0.8485223492336236,7,5,74,37.600000000000016
FreeSolv,Progressive,60,53,0,589,0.1,13.636651419650399,0.8485223492336236,8,5,75,37.500000000000014
FreeSolv,Progressive,60,54,0,380,0.1,14.350782200371858,0.8485223492336236,9,5,76,37.40000000000001
FreeSolv,Progressive,60,55,0,233,0.1,13.679231845247427,0.8485223492336236,10,5,77,37.30000000000002
FreeSolv,Progressive,60,56,0,299,0.1,13.835927644575946,0.8485223492336236,11,5,78,37.20000000000002
FreeSolv,Progressive,60,57,0,410,0.1,13.563606972697771,0.8485223492336236,12,5,79,37.100000000000016
FreeSolv,Progressive,60,58,0,633,0.1,14.138145866567495,0.8485223492336236,13,5,80,37.00000000000002
FreeSolv,Progressive,60,59,0,159,0.1,12.763193368533187,0.8485223492336236,14,5,81,36.90000000000002
FreeSolv,Progressive,60,60,0,328,0.1,12.554963610530923,0.8485223492336236,15,5,82,36.80000000000002
FreeSolv,Progressive,60,61,0,258,0.1,13.585050989275441,0.8485223492336236,16,5,83,36.70000000000002
FreeSolv,Progressive,60,62,0,259,0.1,13.163689745214725,0.8485223492336236,17,5,84,36.600000000000016
FreeSolv,Progressive,60,63,0,327,0.1,13.727838714357373,0.8485223492336236,18,5,85,36.50000000000002
FreeSolv,Progressive,60,64,0,191,0.1,12.028456965467768,0.8485223492336236,19,5,86,36.40000000000002
FreeSolv,Progressive,60,65,0,337,0.1,12.569321897240743,0.8485223492336236,20,5,87,36.30000000000002
FreeSolv,Progressive,60,66,1,363,1.0,3.1757574195129843,0.8485223492336236,0,6,87,35.300000000000026
FreeSolv,Progressive,60,67,0,105,0.1,12.589307040965135,0.8205056302512453,1,6,88,35.200000000000024
FreeSolv,Progressive,60,68,0,626,0.1,11.912751687170797,0.8205056302512453,2,6,89,35.10000000000002
FreeSolv,Progressive,60,69,0,486,0.1,11.350457044840105,0.8205056302512453,3,6,90,35.00000000000002
FreeSolv,Progressive,60,70,0,339,0.1,12.547320667269991,0.8205056302512453,4,6,91,34.90000000000002
FreeSolv,Progressive,60,71,0,2,0.1,10.897994564283717,0.8205056302512453,5,6,92,34.80000000000002
FreeSolv,Progressive,60,72,0,436,0.1,11.168885199042204,0.8205056302512453,6,6,93,34.700000000000024
FreeSolv,Progressive,60,73,0,263,0.1,11.681668924464294,0.8205056302512453,7,6,94,34.60000000000002
FreeSolv,Progressive,60,74,0,31,0.1,11.27014535602794,0.8205056302512453,8,6,95,34.50000000000002
FreeSolv,Progressive,60,75,0,279,0.1,11.313282551423708,0.8205056302512453,9,6,96,34.40000000000003
FreeSolv,Progressive,60,76,0,461,0.1,10.964149501190278,0.8205056302512453,10,6,97,34.300000000000026
FreeSolv,Progressive,60,77,0,284,0.1,10.598867746357842,0.8205056302512453,11,6,98,34.200000000000024
FreeSolv,Progressive,60,78,0,369,0.1,10.651724118817809,0.8205056302512453,12,6,99,34.10000000000002
FreeSolv,Progressive,60,79,0,620,0.1,10.302424439293393,0.8205056302512453,13,6,100,34.00000000000002
FreeSolv,Progressive,60,80,0,66,0.1,10.576420430477267,0.8205056302512453,14,6,101,33.90000000000003
FreeSolv,Progressive,60,81,0,204,0.1,9.686296373605032,0.8205056302512453,15,6,102,33.800000000000026
FreeSolv,Progressive,60,82,0,148,0.1,10.189118864379788,0.8205056302512453,16,6,103,33.700000000000024
FreeSolv,Progressive,60,83,0,379,0.1,9.370633292595155,0.8205056302512453,17,6,104,33.60000000000002
FreeSolv,Progressive,60,84,0,624,0.1,9.8796398083206,0.8205056302512453,18,6,105,33.50000000000002
FreeSolv,Progressive,60,85,0,104,0.1,9.94712381249612,0.8205056302512453,19,6,106,33.40000000000002
FreeSolv,Progressive,60,86,0,53,0.1,8.882032932514331,0.8205056302512453,20,6,107,33.30000000000002
FreeSolv,Progressive,60,87,1,49,1.0,2.654296280539116,0.8205056302512453,0,7,107,32.30000000000002
FreeSolv,Progressive,60,88,0,638,0.1,9.123244603471953,0.858415301363772,1,7,108,32.20000000000002
FreeSolv,Progressive,60,89,0,384,0.1,9.67161170955773,0.858415301363772,2,7,109,32.100000000000016
FreeSolv,Progressive,60,90,0,622,0.1,9.286407438688702,0.858415301363772,3,7,110,32.000000000000014
FreeSolv,Progressive,60,91,0,517,0.1,8.705391380269745,0.858415301363772,4,7,111,31.900000000000013
FreeSolv,Progressive,60,92,0,319,0.1,8.835350490816106,0.858415301363772,5,7,112,31.80000000000001
FreeSolv,Progressive,60,93,0,413,0.1,8.252325583607611,0.858415301363772,6,7,113,31.70000000000001
FreeSolv,Progressive,60,94,0,563,0.1,8.49598337329835,0.858415301363772,7,7,114,31.60000000000001
FreeSolv,Progressive,60,95,0,398,0.1,7.761883037747577,0.858415301363772,8,7,115,31.500000000000007
FreeSolv,Progressive,60,96,0,313,0.1,10.139582872820805,0.858415301363772,9,7,116,31.400000000000006
FreeSolv,Progressive,60,97,0,147,0.1,7.9912012935862915,0.858415301363772,10,7,117,31.300000000000004
FreeSolv,Progressive,60,98,0,597,0.1,8.046473293206528,0.858415301363772,11,7,118,31.200000000000003
FreeSolv,Progressive,60,99,0,84,0.1,7.427897045658358,0.858415301363772,12,7,119,31.1
FreeSolv,Progressive,60,100,0,126,0.1,7.900725634653945,0.858415301363772,13,7,120,31.0
FreeSolv,Progressive,60,101,0,365,0.1,7.179378499723994,0.858415301363772,14,7,121,30.9
FreeSolv,Progressive,60,102,0,283,0.1,7.271189381620795,0.858415301363772,15,7,122,30.799999999999997
FreeSolv,Progressive,60,103,0,383,0.1,6.968284439913359,0.858415301363772,16,7,123,30.699999999999996
FreeSolv,Progressive,60,104,0,546,0.1,6.923203751985591,0.858415301363772,17,7,124,30.599999999999994
FreeSolv,Progressive,60,105,0,472,0.1,6.753257153583661,0.858415301363772,18,7,125,30.499999999999993
FreeSolv,Progressive,60,106,0,317,0.1,6.7434050116114435,0.858415301363772,19,7,126,30.39999999999999
FreeSolv,Progressive,60,107,0,289,0.1,6.467049259388444,0.858415301363772,20,7,127,30.29999999999999
FreeSolv,Progressive,60,108,1,261,1.0,2.5816548742395513,0.858415301363772,0,8,127,29.29999999999999
FreeSolv,Progressive,60,109,0,30,0.1,6.489462582517041,0.884107298469275,1,8,128,29.19999999999999
FreeSolv,Progressive,60,110,0,86,0.1,6.975690637664891,0.884107298469275,2,8,129,29.099999999999987
FreeSolv,Progressive,60,111,0,592,0.1,6.5436910705664575,0.884107298469275,3,8,130,28.999999999999986
FreeSolv,Progressive,60,112,0,214,0.1,6.697869632837263,0.884107298469275,4,8,131,28.899999999999984
FreeSolv,Progressive,60,113,0,257,0.1,6.7859704731575095,0.884107298469275,5,8,132,28.799999999999983
FreeSolv,Progressive,60,114,0,499,0.1,6.516389192808242,0.884107298469275,6,8,133,28.69999999999998
FreeSolv,Progressive,60,115,0,85,0.1,6.305222734781779,0.884107298469275,7,8,134,28.59999999999998
FreeSolv,Progressive,60,116,0,77,0.1,6.468131479584712,0.884107298469275,8,8,135,28.49999999999998
FreeSolv,Progressive,60,117,0,282,0.1,6.290876569905591,0.884107298469275,9,8,136,28.399999999999977
FreeSolv,Progressive,60,118,0,200,0.1,6.281691267595693,0.884107298469275,10,8,137,28.299999999999976
FreeSolv,Progressive,60,119,0,280,0.1,6.107412256276222,0.884107298469275,11,8,138,28.199999999999974
FreeSolv,Progressive,60,120,0,272,0.1,6.166191429656139,0.884107298469275,12,8,139,28.099999999999973
FreeSolv,Progressive,60,121,0,351,0.1,5.949936188083093,0.884107298469275,13,8,140,27.99999999999997
FreeSolv,Progressive,60,122,0,193,0.1,6.2303340031499355,0.884107298469275,14,8,141,27.89999999999997
FreeSolv,Progressive,60,123,0,471,0.1,5.779680560427647,0.884107298469275,15,8,142,27.79999999999997
FreeSolv,Progressive,60,124,0,110,0.1,5.591925418359272,0.884107298469275,16,8,143,27.699999999999967
FreeSolv,Progressive,60,125,0,141,0.1,5.613449327368281,0.884107298469275,17,8,144,27.599999999999966
FreeSolv,Progressive,60,126,0,206,0.1,5.320380883834625,0.884107298469275,18,8,145,27.499999999999964
FreeSolv,Progressive,60,127,0,106,0.1,5.028064037924304,0.884107298469275,19,8,146,27.399999999999963
FreeSolv,Progressive,60,128,0,25,0.1,5.322944206083291,0.884107298469275,20,8,147,27.29999999999996
FreeSolv,Progressive,60,129,1,266,1.0,2.0636506567114017,0.884107298469275,0,9,147,26.29999999999996
FreeSolv,Progressive,60,130,0,532,0.1,5.4882201158047215,0.8869627493628853,1,9,148,26.19999999999996
FreeSolv,Progressive,60,131,0,99,0.1,5.0977677790651565,0.8869627493628853,2,9,149,26.09999999999996
FreeSolv,Progressive,60,132,0,10,0.1,5.010491928447395,0.8869627493628853,3,9,150,25.999999999999957
FreeSolv,Progressive,60,133,0,437,0.1,4.976219756026452,0.8869627493628853,4,9,151,25.899999999999956
FreeSolv,Progressive,60,134,0,238,0.1,4.9645952664612745,0.8869627493628853,5,9,152,25.799999999999955
FreeSolv,Progressive,60,135,0,186,0.1,4.909241054460443,0.8869627493628853,6,9,153,25.699999999999953
FreeSolv,Progressive,60,136,0,524,0.1,4.9829640251547875,0.8869627493628853,7,9,154,25.59999999999995
FreeSolv,Progressive,60,137,0,64,0.1,4.977168304723931,0.8869627493628853,8,9,155,25.49999999999995
FreeSolv,Progressive,60,138,0,361,0.1,4.94913942006036,0.8869627493628853,9,9,156,25.39999999999995
FreeSolv,Progressive,60,139,0,451,0.1,4.533722556738389,0.8869627493628853,10,9,157,25.299999999999947
FreeSolv,Progressive,60,140,0,377,0.1,4.765695078828934,0.8869627493628853,11,9,158,25.199999999999946
FreeSolv,Progressive,60,141,0,131,0.1,4.331043065071249,0.8869627493628853,12,9,159,25.099999999999945
FreeSolv,Progressive,60,142,0,390,0.1,4.848697599850576,0.8869627493628853,13,9,160,24.999999999999943
FreeSolv,Progressive,60,143,0,63,0.1,4.625076865538526,0.8869627493628853,14,9,161,24.89999999999994
FreeSolv,Progressive,60,144,0,386,0.1,4.449943042948004,0.8869627493628853,15,9,162,24.79999999999994
FreeSolv,Progressive,60,145,0,292,0.1,5.581770440489677,0.8869627493628853,16,9,163,24.69999999999994
FreeSolv,Progressive,60,146,0,100,0.1,4.001530764460684,0.8869627493628853,17,9,164,24.599999999999937
FreeSolv,Progressive,60,147,0,336,0.1,3.8999129921084945,0.8869627493628853,18,9,165,24.499999999999936
FreeSolv,Progressive,60,148,0,618,0.1,4.005555782380713,0.8869627493628853,19,9,166,24.399999999999935
FreeSolv,Progressive,60,149,0,128,0.1,4.092356976367773,0.8869627493628853,20,9,167,24.299999999999933
FreeSolv,Progressive,60,150,1,212,1.0,1.566548275150561,0.8869627493628853,0,10,167,23.299999999999933
FreeSolv,Progressive,60,151,0,102,0.1,3.8986858262921036,0.8770917860761176,1,10,168,23.199999999999932
FreeSolv,Progressive,60,152,0,172,0.1,3.5286374963888134,0.8770917860761176,2,10,169,23.09999999999993
FreeSolv,Progressive,60,153,0,178,0.1,3.7980553957418404,0.8770917860761176,3,10,170,22.99999999999993
FreeSolv,Progressive,60,154,0,608,0.1,3.704882206179408,0.8770917860761176,4,10,171,22.899999999999928
FreeSolv,Progressive,60,155,0,293,0.1,3.3181473326932043,0.8770917860761176,5,10,172,22.799999999999926
FreeSolv,Progressive,60,156,0,330,0.1,3.521556380449611,0.8770917860761176,6,10,173,22.699999999999925
FreeSolv,Progressive,60,157,0,406,0.1,3.041800035954894,0.8770917860761176,7,10,174,22.599999999999923
FreeSolv,Progressive,60,158,0,119,0.1,3.429771177358607,0.8770917860761176,8,10,175,22.499999999999922
FreeSolv,Progressive,60,159,0,528,0.1,3.2719953818881518,0.8770917860761176,9,10,176,22.39999999999992
FreeSolv,Progressive,60,160,0,37,0.1,3.4787454631364243,0.8770917860761176,10,10,177,22.29999999999992
FreeSolv,Progressive,60,161,0,456,0.1,3.4986388737504797,0.8770917860761176,11,10,178,22.199999999999918
FreeSolv,Progressive,60,162,0,371,0.1,2.9859650879433635,0.8770917860761176,12,10,179,22.099999999999916
FreeSolv,Progressive,60,163,0,368,0.1,3.335352971209272,0.8770917860761176,13,10,180,21.999999999999915
FreeSolv,Progressive,60,164,0,149,0.1,3.013158555909655,0.8770917860761176,14,10,181,21.899999999999913
FreeSolv,Progressive,60,165,0,445,0.1,3.110419412193746,0.8770917860761176,15,10,182,21.799999999999912
FreeSolv,Progressive,60,166,0,399,0.1,2.807969479150635,0.8770917860761176,16,10,183,21.69999999999991
FreeSolv,Progressive,60,167,0,211,0.1,3.0163841558384066,0.8770917860761176,17,10,184,21.59999999999991
FreeSolv,Progressive,60,168,0,558,0.1,3.080237868646048,0.8770917860761176,18,10,185,21.499999999999908
FreeSolv,Progressive,60,169,0,446,0.1,3.514274858012547,0.8770917860761176,19,10,186,21.399999999999906
FreeSolv,Progressive,60,170,0,54,0.1,3.04748345347478,0.8770917860761176,20,10,187,21.299999999999905
FreeSolv,Progressive,60,171,1,160,1.0,1.8575291315408644,0.8770917860761176,0,11,187,20.299999999999905
FreeSolv,Progressive,60,172,0,631,0.1,3.3164774034497557,0.9248528984820912,1,11,188,20.199999999999903
FreeSolv,Progressive,60,173,0,166,0.1,3.2407286453218545,0.9248528984820912,2,11,189,20.099999999999902
FreeSolv,Progressive,60,174,0,560,0.1,2.954371830800238,0.9248528984820912,3,11,190,19.9999999999999
FreeSolv,Progressive,60,175,0,140,0.1,3.8351920862641875,0.9248528984820912,4,11,191,19.8999999999999
FreeSolv,Progressive,60,176,0,224,0.1,2.7802376353039286,0.9248528984820912,5,11,192,19.799999999999898
FreeSolv,Progressive,60,177,0,268,0.1,3.3498870503066285,0.9248528984820912,6,11,193,19.699999999999896
FreeSolv,Progressive,60,178,0,509,0.1,2.883726316322311,0.9248528984820912,7,11,194,19.599999999999895
FreeSolv,Progressive,60,179,0,183,0.1,2.9606484828111856,0.9248528984820912,8,11,195,19.499999999999893
FreeSolv,Progressive,60,180,0,165,0.1,2.842481048801986,0.9248528984820912,9,11,196,19.399999999999892
FreeSolv,Progressive,60,181,0,603,0.1,2.6635411560320326,0.9248528984820912,10,11,197,19.29999999999989
FreeSolv,Progressive,60,182,0,300,0.1,2.5697414705832675,0.9248528984820912,11,11,198,19.19999999999989
FreeSolv,Progressive,60,183,0,473,0.1,2.571475944801226,0.9248528984820912,12,11,199,19.099999999999888
FreeSolv,Progressive,60,184,0,613,0.1,2.7534514736703395,0.9248528984820912,13,11,200,18.999999999999886
FreeSolv,Progressive,60,185,0,320,0.1,2.4067612260705595,0.9248528984820912,14,11,201,18.899999999999885
FreeSolv,Progressive,60,186,0,174,0.1,2.1912589926411083,0.9248528984820912,15,11,202,18.799999999999883
FreeSolv,Progressive,60,187,0,16,0.1,2.344873941770189,0.9248528984820912,16,11,203,18.699999999999882
FreeSolv,Progressive,60,188,0,475,0.1,2.530804998692534,0.9248528984820912,17,11,204,18.59999999999988
FreeSolv,Progressive,60,189,0,440,0.1,2.137104592907122,0.9248528984820912,18,11,205,18.49999999999988
FreeSolv,Progressive,60,190,0,432,0.1,2.2916824267804534,0.9248528984820912,19,11,206,18.399999999999878
FreeSolv,Progressive,60,191,0,315,0.1,2.8182148715776165,0.9248528984820912,20,11,207,18.299999999999876
FreeSolv,Progressive,60,192,1,284,1.0,1.4180444185720567,0.9248528984820912,0,12,207,17.299999999999876
FreeSolv,Progressive,60,193,0,548,0.1,2.354370462019975,0.9293501905383134,1,12,208,17.199999999999875
FreeSolv,Progressive,60,194,0,588,0.1,2.2534822104232193,0.9293501905383134,2,12,209,17.099999999999874
FreeSolv,Progressive,60,195,0,314,0.1,2.21793725461967,0.9293501905383134,3,12,210,16.999999999999872
FreeSolv,Progressive,60,196,0,118,0.1,1.9172189118354102,0.9293501905383134,4,12,211,16.89999999999987
FreeSolv,Progressive,60,197,0,161,0.1,2.222304142641832,0.9293501905383134,5,12,212,16.79999999999987
FreeSolv,Progressive,60,198,0,452,0.1,2.3558592081317546,0.9293501905383134,6,12,213,16.699999999999868
FreeSolv,Progressive,60,199,0,464,0.1,1.8686760230856398,0.9293501905383134,7,12,214,16.599999999999866
FreeSolv,Progressive,60,200,0,591,0.1,2.2131779460551937,0.9293501905383134,8,12,215,16.499999999999865
FreeSolv,Progressive,60,201,0,113,0.1,2.1138636829242508,0.9293501905383134,9,12,216,16.399999999999864
FreeSolv,Progressive,60,202,0,325,0.1,1.665890573178848,0.9293501905383134,10,12,217,16.299999999999862
FreeSolv,Progressive,60,203,0,359,0.1,1.6522193035304777,0.9293501905383134,11,12,218,16.19999999999986
FreeSolv,Progressive,60,204,0,366,0.1,1.7719666448941946,0.9293501905383134,12,12,219,16.09999999999986
FreeSolv,Progressive,60,205,0,357,0.1,1.5674755976375483,0.9293501905383134,13,12,220,15.99999999999986
FreeSolv,Progressive,60,206,0,500,0.1,1.9899937918881117,0.9293501905383134,14,12,221,15.899999999999858
FreeSolv,Progressive,60,207,0,338,0.1,1.6068693608394882,0.9293501905383134,15,12,222,15.799999999999857
FreeSolv,Progressive,60,208,1,360,1.0,1.7092660808311004,0.9293501905383134,0,13,222,14.799999999999855
FreeSolv,Progressive,60,209,1,442,1.0,4.629226208409527,0.9653684414059981,0,14,222,13.799999999999855
FreeSolv,Progressive,60,210,1,596,1.0,2.5821899591906092,0.9441616574652693,0,15,222,12.799999999999855
FreeSolv,Progressive,60,211,0,201,0.1,2.4255674849532105,0.9441616574652693,1,15,223,12.699999999999855
FreeSolv,Progressive,60,212,0,341,0.1,2.326566734249973,0.9441616574652693,2,15,224,12.599999999999854
FreeSolv,Progressive,60,213,0,59,0.1,2.3899467679081057,0.9441616574652693,3,15,225,12.499999999999853
FreeSolv,Progressive,60,214,0,530,0.1,2.3703652016576364,0.9441616574652693,4,15,226,12.399999999999851
FreeSolv,Progressive,60,215,0,340,0.1,2.1389921563940675,0.9441616574652693,5,15,227,12.29999999999985
FreeSolv,Progressive,60,216,0,152,0.1,2.3741218627044627,0.9441616574652693,6,15,228,12.199999999999848
FreeSolv,Progressive,60,217,0,335,0.1,2.498169955818345,0.9441616574652693,7,15,229,12.099999999999847
FreeSolv,Progressive,60,218,0,615,0.1,2.7003736328374766,0.9441616574652693,8,15,230,11.999999999999845
FreeSolv,Progressive,60,219,0,175,0.1,2.1113322054690356,0.9441616574652693,9,15,231,11.899999999999844
FreeSolv,Progressive,60,220,0,187,0.1,2.153383977432979,0.9441616574652693,10,15,232,11.799999999999843
FreeSolv,Progressive,60,221,0,534,0.1,2.1666840908604605,0.9441616574652693,11,15,233,11.699999999999841
FreeSolv,Progressive,60,222,0,285,0.1,1.9413158807316517,0.9441616574652693,12,15,234,11.59999999999984
FreeSolv,Progressive,60,223,0,43,0.1,2.246505161612815,0.9441616574652693,13,15,235,11.499999999999838
FreeSolv,Progressive,60,224,0,181,0.1,2.197092487874015,0.9441616574652693,14,15,236,11.399999999999837
FreeSolv,Progressive,60,225,1,139,1.0,2.0672814022171364,0.9441616574652693,0,16,236,10.399999999999835
FreeSolv,Progressive,60,226,0,485,0.1,2.2782210000463166,0.9426695029625096,1,16,237,10.299999999999836
FreeSolv,Progressive,60,227,0,135,0.1,2.475807565610567,0.9426695029625096,2,16,238,10.199999999999834
FreeSolv,Progressive,60,228,0,496,0.1,2.280453484980179,0.9426695029625096,3,16,239,10.099999999999833
FreeSolv,Progressive,60,229,0,253,0.1,2.107579286509016,0.9426695029625096,4,16,240,9.999999999999831
FreeSolv,Progressive,60,230,0,443,0.1,1.985247846504904,0.9426695029625096,5,16,241,9.89999999999983
FreeSolv,Progressive,60,231,0,14,0.1,2.082172390331819,0.9426695029625096,6,16,242,9.799999999999828
FreeSolv,Progressive,60,232,0,578,0.1,1.8050362226297392,0.9426695029625096,7,16,243,9.699999999999827
FreeSolv,Progressive,60,233,0,130,0.1,1.7187104662554786,0.9426695029625096,8,16,244,9.599999999999826
FreeSolv,Progressive,60,234,0,231,0.1,1.8826759748420308,0.9426695029625096,9,16,245,9.499999999999824
FreeSolv,Progressive,60,235,0,487,0.1,1.8762933870003198,0.9426695029625096,10,16,246,9.399999999999823
FreeSolv,Progressive,60,236,0,194,0.1,2.094488994167965,0.9426695029625096,11,16,247,9.299999999999821
FreeSolv,Progressive,60,237,0,216,0.1,1.6241905803595196,0.9426695029625096,12,16,248,9.19999999999982
FreeSolv,Progressive,60,238,0,167,0.1,1.9676699537604148,0.9426695029625096,13,16,249,9.099999999999818
FreeSolv,Progressive,60,239,0,506,0.1,1.7330780017271086,0.9426695029625096,14,16,250,8.999999999999817
FreeSolv,Progressive,60,240,0,459,0.1,1.7258453267479623,0.9426695029625096,15,16,251,8.899999999999816
FreeSolv,Progressive,60,241,0,579,0.1,1.899956971522109,0.9426695029625096,16,16,252,8.799999999999814
FreeSolv,Progressive,60,242,0,354,0.1,1.8271598277253471,0.9426695029625096,17,16,253,8.699999999999813
FreeSolv,Progressive,60,243,0,428,0.1,1.5577591740033219,0.9426695029625096,18,16,254,8.599999999999811
FreeSolv,Progressive,60,244,0,352,0.1,1.6973662164852434,0.9426695029625096,19,16,255,8.49999999999981
FreeSolv,Progressive,60,245,1,258,1.0,1.6789940434460175,0.9426695029625096,0,17,255,7.499999999999808
FreeSolv,Progressive,60,246,0,435,0.1,1.4700950325932145,0.9432538704426444,1,17,256,7.3999999999998085
FreeSolv,Progressive,60,247,0,353,0.1,1.5469470806574528,0.9432538704426444,2,17,257,7.299999999999807
FreeSolv,Progressive,60,248,0,198,0.1,1.4009585582823931,0.9432538704426444,3,17,258,7.199999999999806
FreeSolv,Progressive,60,249,0,145,0.1,1.3470152948957541,0.9432538704426444,4,17,259,7.099999999999804
FreeSolv,Progressive,60,250,0,453,0.1,1.4557031727513492,0.9432538704426444,5,17,260,6.999999999999803
FreeSolv,Progressive,60,251,0,401,0.1,1.4157201414789489,0.9432538704426444,6,17,261,6.899999999999801
FreeSolv,Progressive,60,252,0,180,0.1,1.342102154176778,0.9432538704426444,7,17,262,6.7999999999998
FreeSolv,Progressive,60,253,0,219,0.1,1.5190685311836267,0.9432538704426444,8,17,263,6.699999999999799
FreeSolv,Progressive,60,254,0,604,0.1,1.4113055116581068,0.9432538704426444,9,17,264,6.599999999999797
FreeSolv,Progressive,60,255,1,122,1.0,1.532908823577025,0.9432538704426444,0,18,264,5.599999999999795
FreeSolv,Progressive,60,256,1,328,1.0,1.3216076572847977,0.9452146672543871,0,19,264,4.599999999999795
FreeSolv,Progressive,60,257,1,550,1.0,1.220689912921138,0.9461128819931595,0,20,264,3.5999999999997954
FreeSolv,Progressive,60,258,0,246,0.1,1.427308525967126,0.9467447661322996,1,20,265,3.4999999999997953
FreeSolv,Progressive,60,259,0,484,0.1,1.4195520760803388,0.9467447661322996,2,20,266,3.399999999999794
FreeSolv,Progressive,60,260,0,271,0.1,1.3068653178556073,0.9467447661322996,3,20,267,3.2999999999997924
FreeSolv,Progressive,60,261,0,94,0.1,1.0848255265088964,0.9467447661322996,4,20,268,3.199999999999791
FreeSolv,Progressive,60,262,0,26,0.1,1.2234209435491283,0.9467447661322996,5,20,269,3.0999999999997896
FreeSolv,Progressive,60,263,0,115,0.1,1.4298990701449543,0.9467447661322996,6,20,270,2.999999999999788
FreeSolv,Progressive,60,264,0,4,0.1,1.3076398934783369,0.9467447661322996,7,20,271,2.8999999999997867
FreeSolv,Progressive,60,265,1,251,1.0,1.2761295925915896,0.9467447661322996,0,21,271,1.8999999999997854
FreeSolv,Progressive,60,266,0,519,0.1,1.1462420709664773,0.9475706736857982,1,21,272,1.7999999999997853
FreeSolv,Progressive,60,267,0,374,0.1,1.4739118721476825,0.9475706736857982,2,21,273,1.699999999999784
FreeSolv,Progressive,60,268,0,67,0.1,1.3882330966995071,0.9475706736857982,3,21,274,1.5999999999997825
FreeSolv,Progressive,60,269,0,290,0.1,1.632474441289018,0.9475706736857982,4,21,275,1.499999999999781
FreeSolv,Progressive,60,270,0,632,0.1,1.146306294037835,0.9475706736857982,5,21,276,1.3999999999997796
FreeSolv,Progressive,60,271,0,304,0.1,1.1775050674529361,0.9475706736857982,6,21,277,1.2999999999997782
FreeSolv,Progressive,60,272,0,567,0.1,1.0557241965835162,0.9475706736857982,7,21,278,1.1999999999997768
FreeSolv,Progressive,60,273,0,630,0.1,0.958017412703885,0.9475706736857982,8,21,279,1.0999999999997754
FreeSolv,Progressive,60,274,0,275,0.1,1.0580921010750173,0.9475706736857982,9,21,280,0.9999999999997741
FreeSolv,Progressive,60,275,0,538,0.1,1.2303509557869936,0.9475706736857982,10,21,281,0.8999999999997726
FreeSolv,Progressive,60,276,0,22,0.1,0.86605352451418,0.9475706736857982,11,21,282,0.7999999999997712
FreeSolv,Progressive,60,277,0,343,0.1,0.9053182683247469,0.9475706736857982,12,21,283,0.6999999999997698
FreeSolv,Progressive,60,278,0,562,0.1,1.2030826125220562,0.9475706736857982,13,21,284,0.5999999999997684
FreeSolv,Progressive,60,279,0,491,0.1,1.014632872389976,0.9475706736857982,14,21,285,0.49999999999976696
FreeSolv,Progressive,60,280,0,287,0.1,0.880414730997322,0.9475706736857982,15,21,286,0.39999999999976554
FreeSolv,Progressive,60,281,0,47,0.1,0.9649797854137632,0.9475706736857982,16,21,287,0.2999999999997641
FreeSolv,Progressive,60,282,0,463,0.1,0.8792306599627511,0.9475706736857982,17,21,288,0.19999999999976267
FreeSolv,Progressive,60,283,0,229,0.1,1.0540882109329988,0.9475706736857982,18,21,289,0.09999999999976125
FreeSolv,Progressive,61,1,0,223,0.1,12.027186126378703,0.5,1,2,26,45.4
FreeSolv,Progressive,61,2,0,251,0.1,10.916652231120047,0.5,2,2,27,45.3
FreeSolv,Progressive,61,3,1,515,1.0,10.469979573240272,0.5,0,3,27,44.3
FreeSolv,Progressive,61,4,0,261,0.1,9.861373166461322,0.5,1,3,28,44.199999999999996
FreeSolv,Progressive,61,5,0,49,0.1,12.54209337427072,0.5,2,3,29,44.1
FreeSolv,Progressive,61,6,0,39,0.1,11.700340081607656,0.5,3,3,30,44.0
FreeSolv,Progressive,61,7,0,595,0.1,11.402123752721902,0.5,4,3,31,43.9
FreeSolv,Progressive,61,8,0,266,0.1,11.787718769090155,0.5,5,3,32,43.800000000000004
FreeSolv,Progressive,61,9,0,550,0.1,11.540912807230656,0.5,6,3,33,43.7
FreeSolv,Progressive,61,10,0,122,0.1,11.403458098339637,0.5,7,3,34,43.6
FreeSolv,Progressive,61,11,0,61,0.1,11.072700931201608,0.5,8,3,35,43.5
FreeSolv,Progressive,61,12,0,492,0.1,10.29010962660891,0.5,9,3,36,43.4
FreeSolv,Progressive,61,13,0,206,0.1,11.792343560265142,0.5,10,3,37,43.300000000000004
FreeSolv,Progressive,61,14,0,87,0.1,9.699121506465499,0.5,11,3,38,43.2
FreeSolv,Progressive,61,15,0,444,0.1,10.14282884138766,0.5,12,3,39,43.1
FreeSolv,Progressive,61,16,0,619,0.1,10.526200813561442,0.5,13,3,40,43.00000000000001
FreeSolv,Progressive,61,17,0,139,0.1,10.240996235022479,0.5,14,3,41,42.900000000000006
FreeSolv,Progressive,61,18,0,129,0.1,10.322562631673064,0.5,15,3,42,42.800000000000004
FreeSolv,Progressive,61,19,0,80,0.1,9.617509301430772,0.5,16,3,43,42.7
FreeSolv,Progressive,61,20,0,83,0.1,9.574421665796997,0.5,17,3,44,42.6
FreeSolv,Progressive,61,21,0,437,0.1,9.984963035097323,0.5,18,3,45,42.50000000000001
FreeSolv,Progressive,61,22,0,91,0.1,9.64281593709061,0.5,19,3,46,42.400000000000006
FreeSolv,Progressive,61,23,0,393,0.1,9.708050419639727,0.5,20,3,47,42.300000000000004
FreeSolv,Progressive,61,24,1,360,1.0,4.566347837277201,0.5,0,4,47,41.30000000000001
FreeSolv,Progressive,61,25,0,6,0.1,10.804686578007479,0.5,1,4,48,41.20000000000001
FreeSolv,Progressive,61,26,0,8,0.1,11.078462714124042,0.5,2,4,49,41.10000000000001
FreeSolv,Progressive,61,27,0,96,0.1,10.856263233076202,0.5,3,4,50,41.00000000000001
FreeSolv,Progressive,61,28,0,599,0.1,11.024350373757711,0.5,4,4,51,40.900000000000006
FreeSolv,Progressive,61,29,0,328,0.1,10.618182787609628,0.5,5,4,52,40.800000000000004
FreeSolv,Progressive,61,30,0,233,0.1,10.75623235212741,0.5,6,4,53,40.70000000000001
FreeSolv,Progressive,61,31,0,301,0.1,10.396861416978217,0.5,7,4,54,40.60000000000001
FreeSolv,Progressive,61,32,0,276,0.1,10.422815872451627,0.5,8,4,55,40.50000000000001
FreeSolv,Progressive,61,33,0,269,0.1,10.557372997314035,0.5,9,4,56,40.40000000000001
FreeSolv,Progressive,61,34,0,502,0.1,10.06451318582942,0.5,10,4,57,40.30000000000001
FreeSolv,Progressive,61,35,0,258,0.1,10.235544087603023,0.5,11,4,58,40.20000000000001
FreeSolv,Progressive,61,36,0,286,0.1,9.998010961809138,0.5,12,4,59,40.10000000000001
FreeSolv,Progressive,61,37,0,422,0.1,10.004716647005642,0.5,13,4,60,40.00000000000001
FreeSolv,Progressive,61,38,0,19,0.1,9.800303241082204,0.5,14,4,61,39.90000000000001
FreeSolv,Progressive,61,39,0,284,0.1,10.073564101703779,0.5,15,4,62,39.80000000000001
FreeSolv,Progressive,61,40,0,41,0.1,9.670129470098678,0.5,16,4,63,39.70000000000001
FreeSolv,Progressive,61,41,0,501,0.1,9.82555826394513,0.5,17,4,64,39.600000000000016
FreeSolv,Progressive,61,42,0,589,0.1,9.991936675368665,0.5,18,4,65,39.500000000000014
FreeSolv,Progressive,61,43,0,497,0.1,9.645258686588157,0.5,19,4,66,39.40000000000001
FreeSolv,Progressive,61,44,0,299,0.1,10.279279471527586,0.5,20,4,67,39.30000000000001
FreeSolv,Progressive,61,45,1,457,1.0,4.770968065222646,0.5,0,5,67,38.30000000000001
FreeSolv,Progressive,61,46,0,232,0.1,19.16751213319878,0.9993582780767115,1,5,68,38.20000000000001
FreeSolv,Progressive,61,47,0,159,0.1,19.18099848723344,0.9993582780767115,2,5,69,38.100000000000016
FreeSolv,Progressive,61,48,0,255,0.1,18.47634883493343,0.9993582780767115,3,5,70,38.000000000000014
FreeSolv,Progressive,61,49,0,564,0.1,18.99040850732473,0.9993582780767115,4,5,71,37.90000000000001
FreeSolv,Progressive,61,50,0,581,0.1,18.862392676290835,0.9993582780767115,5,5,72,37.80000000000002
FreeSolv,Progressive,61,51,0,577,0.1,18.849764237327282,0.9993582780767115,6,5,73,37.70000000000002
FreeSolv,Progressive,61,52,0,572,0.1,18.91932755551527,0.9993582780767115,7,5,74,37.600000000000016
FreeSolv,Progressive,61,53,0,505,0.1,18.70124269971339,0.9993582780767115,8,5,75,37.500000000000014
FreeSolv,Progressive,61,54,0,540,0.1,19.48768899813303,0.9993582780767115,9,5,76,37.40000000000001
FreeSolv,Progressive,61,55,0,136,0.1,18.351530663142654,0.9993582780767115,10,5,77,37.30000000000002
FreeSolv,Progressive,61,56,0,191,0.1,18.078347846635562,0.9993582780767115,11,5,78,37.20000000000002
FreeSolv,Progressive,61,57,0,584,0.1,18.611711154951685,0.9993582780767115,12,5,79,37.100000000000016
FreeSolv,Progressive,61,58,0,66,0.1,17.760308267006415,0.9993582780767115,13,5,80,37.00000000000002
FreeSolv,Progressive,61,59,0,380,0.1,18.133470587286634,0.9993582780767115,14,5,81,36.90000000000002
FreeSolv,Progressive,61,60,0,105,0.1,17.551162127098497,0.9993582780767115,15,5,82,36.80000000000002
FreeSolv,Progressive,61,61,0,369,0.1,17.59085910086447,0.9993582780767115,16,5,83,36.70000000000002
FreeSolv,Progressive,61,62,0,533,0.1,17.906904866531782,0.9993582780767115,17,5,84,36.600000000000016
FreeSolv,Progressive,61,63,0,192,0.1,17.952294551762165,0.9993582780767115,18,5,85,36.50000000000002
FreeSolv,Progressive,61,64,0,626,0.1,16.112243617051856,0.9993582780767115,19,5,86,36.40000000000002
FreeSolv,Progressive,61,65,0,633,0.1,17.016353605560546,0.9993582780767115,20,5,87,36.30000000000002
FreeSolv,Progressive,61,66,1,596,1.0,5.286396072082883,0.9993582780767115,0,6,87,35.300000000000026
FreeSolv,Progressive,61,67,0,486,0.1,17.05940843275951,0.9993582780767115,1,6,88,35.200000000000024
FreeSolv,Progressive,61,68,0,410,0.1,16.970300344006137,0.9993582780767115,2,6,89,35.10000000000002
FreeSolv,Progressive,61,69,0,592,0.1,16.122598158734704,0.9993582780767115,3,6,90,35.00000000000002
FreeSolv,Progressive,61,70,0,75,0.1,16.49934690948792,0.9993582780767115,4,6,91,34.90000000000002
FreeSolv,Progressive,61,71,0,327,0.1,15.422576309585232,0.9993582780767115,5,6,92,34.80000000000002
FreeSolv,Progressive,61,72,0,337,0.1,15.35698663700425,0.9993582780767115,6,6,93,34.700000000000024
FreeSolv,Progressive,61,73,0,250,0.1,16.124826368354377,0.9993582780767115,7,6,94,34.60000000000002
FreeSolv,Progressive,61,74,0,638,0.1,15.960568510075177,0.9993582780767115,8,6,95,34.50000000000002
FreeSolv,Progressive,61,75,0,279,0.1,15.455560164647956,0.9993582780767115,9,6,96,34.40000000000003
FreeSolv,Progressive,61,76,0,313,0.1,15.20289041189474,0.9993582780767115,10,6,97,34.300000000000026
FreeSolv,Progressive,61,77,0,31,0.1,14.7031285205778,0.9993582780767115,11,6,98,34.200000000000024
FreeSolv,Progressive,61,78,0,263,0.1,14.629716331179214,0.9993582780767115,12,6,99,34.10000000000002
FreeSolv,Progressive,61,79,0,384,0.1,14.810456735169376,0.9993582780767115,13,6,100,34.00000000000002
FreeSolv,Progressive,61,80,0,379,0.1,14.935712995134395,0.9993582780767115,14,6,101,33.90000000000003
FreeSolv,Progressive,61,81,0,186,0.1,14.462659838527863,0.9993582780767115,15,6,102,33.800000000000026
FreeSolv,Progressive,61,82,0,339,0.1,14.362155710304497,0.9993582780767115,16,6,103,33.700000000000024
FreeSolv,Progressive,61,83,0,436,0.1,14.23517434191478,0.9993582780767115,17,6,104,33.60000000000002
FreeSolv,Progressive,61,84,0,2,0.1,14.511310529714889,0.9993582780767115,18,6,105,33.50000000000002
FreeSolv,Progressive,61,85,0,259,0.1,13.71212582133869,0.9993582780767115,19,6,106,33.40000000000002
FreeSolv,Progressive,61,86,0,204,0.1,13.67454199764027,0.9993582780767115,20,6,107,33.30000000000002
FreeSolv,Progressive,61,87,1,193,1.0,3.1019059327913867,0.9993582780767115,0,7,107,32.30000000000002
FreeSolv,Progressive,61,88,0,148,0.1,13.027720980763418,0.9983739178039639,1,7,108,32.20000000000002
FreeSolv,Progressive,61,89,0,461,0.1,12.905297182612962,0.9983739178039639,2,7,109,32.100000000000016
FreeSolv,Progressive,61,90,0,319,0.1,12.64176797870671,0.9983739178039639,3,7,110,32.000000000000014
FreeSolv,Progressive,61,91,0,517,0.1,12.678481221326342,0.9983739178039639,4,7,111,31.900000000000013
FreeSolv,Progressive,61,92,0,282,0.1,12.906105363820725,0.9983739178039639,5,7,112,31.80000000000001
FreeSolv,Progressive,61,93,0,563,0.1,12.521078447693288,0.9983739178039639,6,7,113,31.70000000000001
FreeSolv,Progressive,61,94,0,620,0.1,11.963956959474547,0.9983739178039639,7,7,114,31.60000000000001
FreeSolv,Progressive,61,95,0,597,0.1,11.301327808766018,0.9983739178039639,8,7,115,31.500000000000007
FreeSolv,Progressive,61,96,0,425,0.1,12.222291052618482,0.9983739178039639,9,7,116,31.400000000000006
FreeSolv,Progressive,61,97,0,624,0.1,11.569073684920804,0.9983739178039639,10,7,117,31.300000000000004
FreeSolv,Progressive,61,98,0,147,0.1,11.100696204922823,0.9983739178039639,11,7,118,31.200000000000003
FreeSolv,Progressive,61,99,0,84,0.1,11.142709185236416,0.9983739178039639,12,7,119,31.1
FreeSolv,Progressive,61,100,0,351,0.1,10.846724177703727,0.9983739178039639,13,7,120,31.0
FreeSolv,Progressive,61,101,0,86,0.1,10.707092796053116,0.9983739178039639,14,7,121,30.9
FreeSolv,Progressive,61,102,0,413,0.1,10.805385027908455,0.9983739178039639,15,7,122,30.799999999999997
FreeSolv,Progressive,61,103,0,53,0.1,11.006084742541091,0.9983739178039639,16,7,123,30.699999999999996
FreeSolv,Progressive,61,104,0,257,0.1,10.584486023044231,0.9983739178039639,17,7,124,30.599999999999994
FreeSolv,Progressive,61,105,0,456,0.1,11.711720817055712,0.9983739178039639,18,7,125,30.499999999999993
FreeSolv,Progressive,61,106,0,472,0.1,9.721528775568364,0.9983739178039639,19,7,126,30.39999999999999
FreeSolv,Progressive,61,107,0,485,0.1,9.821970401892335,0.9983739178039639,20,7,127,30.29999999999999
FreeSolv,Progressive,61,108,1,120,1.0,1.9867923063385518,0.9983739178039639,0,8,127,29.29999999999999
FreeSolv,Progressive,61,109,0,30,0.1,9.337956499712014,0.9267757016086096,1,8,128,29.19999999999999
FreeSolv,Progressive,61,110,0,405,0.1,9.33547376203998,0.9267757016086096,2,8,129,29.099999999999987
FreeSolv,Progressive,61,111,0,622,0.1,9.62579593532444,0.9267757016086096,3,8,130,28.999999999999986
FreeSolv,Progressive,61,112,0,377,0.1,9.08965488815788,0.9267757016086096,4,8,131,28.899999999999984
FreeSolv,Progressive,61,113,0,126,0.1,9.688796821906958,0.9267757016086096,5,8,132,28.799999999999983
FreeSolv,Progressive,61,114,0,365,0.1,8.699120892982922,0.9267757016086096,6,8,133,28.69999999999998
FreeSolv,Progressive,61,115,0,63,0.1,9.097888611380174,0.9267757016086096,7,8,134,28.59999999999998
FreeSolv,Progressive,61,116,0,214,0.1,8.491772078527795,0.9267757016086096,8,8,135,28.49999999999998
FreeSolv,Progressive,61,117,0,471,0.1,8.356942884196764,0.9267757016086096,9,8,136,28.399999999999977
FreeSolv,Progressive,61,118,0,499,0.1,8.692944278391055,0.9267757016086096,10,8,137,28.299999999999976
FreeSolv,Progressive,61,119,0,106,0.1,8.119037722131056,0.9267757016086096,11,8,138,28.199999999999974
FreeSolv,Progressive,61,120,0,546,0.1,8.447212229474458,0.9267757016086096,12,8,139,28.099999999999973
FreeSolv,Progressive,61,121,0,140,0.1,9.258607285802771,0.9267757016086096,13,8,140,27.99999999999997
FreeSolv,Progressive,61,122,0,361,0.1,8.262883558865562,0.9267757016086096,14,8,141,27.89999999999997
FreeSolv,Progressive,61,123,0,104,0.1,8.269992868852349,0.9267757016086096,15,8,142,27.79999999999997
FreeSolv,Progressive,61,124,0,77,0.1,8.07030938401513,0.9267757016086096,16,8,143,27.699999999999967
FreeSolv,Progressive,61,125,0,289,0.1,8.354928024626576,0.9267757016086096,17,8,144,27.599999999999966
FreeSolv,Progressive,61,126,0,317,0.1,7.284385520986072,0.9267757016086096,18,8,145,27.499999999999964
FreeSolv,Progressive,61,127,0,524,0.1,7.929490063406785,0.9267757016086096,19,8,146,27.399999999999963
FreeSolv,Progressive,61,128,0,85,0.1,7.86258699970285,0.9267757016086096,20,8,147,27.29999999999996
FreeSolv,Progressive,61,129,1,122,1.0,1.8422794035146763,0.9267757016086096,0,9,147,26.29999999999996
FreeSolv,Progressive,61,130,0,10,0.1,7.800457739818138,0.937715895067576,1,9,148,26.19999999999996
FreeSolv,Progressive,61,131,0,128,0.1,7.771587695995253,0.937715895067576,2,9,149,26.09999999999996
FreeSolv,Progressive,61,132,0,383,0.1,8.18706833887974,0.937715895067576,3,9,150,25.999999999999957
FreeSolv,Progressive,61,133,0,99,0.1,7.370455012311035,0.937715895067576,4,9,151,25.899999999999956
FreeSolv,Progressive,61,134,0,631,0.1,7.5521796001151325,0.937715895067576,5,9,152,25.799999999999955
FreeSolv,Progressive,61,135,0,386,0.1,6.958820648827093,0.937715895067576,6,9,153,25.699999999999953
FreeSolv,Progressive,61,136,0,141,0.1,7.287295573934709,0.937715895067576,7,9,154,25.59999999999995
FreeSolv,Progressive,61,137,0,608,0.1,7.4705995684300905,0.937715895067576,8,9,155,25.49999999999995
FreeSolv,Progressive,61,138,0,280,0.1,7.539619404048746,0.937715895067576,9,9,156,25.39999999999995
FreeSolv,Progressive,61,139,0,292,0.1,7.004792271538932,0.937715895067576,10,9,157,25.299999999999947
FreeSolv,Progressive,61,140,0,238,0.1,6.921044746112802,0.937715895067576,11,9,158,25.199999999999946
FreeSolv,Progressive,61,141,0,200,0.1,6.984740215847573,0.937715895067576,12,9,159,25.099999999999945
FreeSolv,Progressive,61,142,0,532,0.1,6.609284835514454,0.937715895067576,13,9,160,24.999999999999943
FreeSolv,Progressive,61,143,0,293,0.1,6.830567427870939,0.937715895067576,14,9,161,24.89999999999994
FreeSolv,Progressive,61,144,0,368,0.1,7.138501338299042,0.937715895067576,15,9,162,24.79999999999994
FreeSolv,Progressive,61,145,0,272,0.1,6.144142946596978,0.937715895067576,16,9,163,24.69999999999994
FreeSolv,Progressive,61,146,0,560,0.1,6.516385018514326,0.937715895067576,17,9,164,24.599999999999937
FreeSolv,Progressive,61,147,0,110,0.1,6.115534194383822,0.937715895067576,18,9,165,24.499999999999936
FreeSolv,Progressive,61,148,0,618,0.1,6.03748145116988,0.937715895067576,19,9,166,24.399999999999935
FreeSolv,Progressive,61,149,0,224,0.1,6.06247286660059,0.937715895067576,20,9,167,24.299999999999933
FreeSolv,Progressive,61,150,1,542,1.0,3.9112317656752076,0.937715895067576,0,10,167,23.299999999999933
FreeSolv,Progressive,61,151,0,451,0.1,6.03876447024827,0.9375669660201228,1,10,168,23.199999999999932
FreeSolv,Progressive,61,152,0,446,0.1,5.840902051085075,0.9375669660201228,2,10,169,23.09999999999993
FreeSolv,Progressive,61,153,0,283,0.1,5.714035687721367,0.9375669660201228,3,10,170,22.99999999999993
FreeSolv,Progressive,61,154,0,445,0.1,5.427751564031171,0.9375669660201228,4,10,171,22.899999999999928
FreeSolv,Progressive,61,155,0,178,0.1,5.970743619825156,0.9375669660201228,5,10,172,22.799999999999926
FreeSolv,Progressive,61,156,0,558,0.1,5.612803770760529,0.9375669660201228,6,10,173,22.699999999999925
FreeSolv,Progressive,61,157,0,172,0.1,5.054341796764692,0.9375669660201228,7,10,174,22.599999999999923
FreeSolv,Progressive,61,158,0,181,0.1,5.540411569310565,0.9375669660201228,8,10,175,22.499999999999922
FreeSolv,Progressive,61,159,0,166,0.1,5.04078177302042,0.9375669660201228,9,10,176,22.39999999999992
FreeSolv,Progressive,61,160,0,183,0.1,5.01854804576279,0.9375669660201228,10,10,177,22.29999999999992
FreeSolv,Progressive,61,161,0,268,0.1,5.489182422265447,0.9375669660201228,11,10,178,22.199999999999918
FreeSolv,Progressive,61,162,0,25,0.1,4.953406280987964,0.9375669660201228,12,10,179,22.099999999999916
FreeSolv,Progressive,61,163,0,149,0.1,5.044683459345541,0.9375669660201228,13,10,180,21.999999999999915
FreeSolv,Progressive,61,164,0,432,0.1,5.077990803921902,0.9375669660201228,14,10,181,21.899999999999913
FreeSolv,Progressive,61,165,0,509,0.1,5.020976776055386,0.9375669660201228,15,10,182,21.799999999999912
FreeSolv,Progressive,61,166,0,398,0.1,4.819410932329937,0.9375669660201228,16,10,183,21.69999999999991
FreeSolv,Progressive,61,167,0,338,0.1,4.6892679837026625,0.9375669660201228,17,10,184,21.59999999999991
FreeSolv,Progressive,61,168,0,119,0.1,4.794122685056913,0.9375669660201228,18,10,185,21.499999999999908
FreeSolv,Progressive,61,169,0,118,0.1,4.843939852896584,0.9375669660201228,19,10,186,21.399999999999906
FreeSolv,Progressive,61,170,0,161,0.1,4.487872076191877,0.9375669660201228,20,10,187,21.299999999999905
FreeSolv,Progressive,61,171,1,182,1.0,1.3956298017938424,0.9375669660201228,0,11,187,20.299999999999905
FreeSolv,Progressive,61,172,0,357,0.1,4.804460362139225,0.9265928283066237,1,11,188,20.199999999999903
FreeSolv,Progressive,61,173,0,473,0.1,4.426130066311865,0.9265928283066237,2,11,189,20.099999999999902
FreeSolv,Progressive,61,174,0,165,0.1,4.113636395180148,0.9265928283066237,3,11,190,19.9999999999999
FreeSolv,Progressive,61,175,0,100,0.1,4.449245369149024,0.9265928283066237,4,11,191,19.8999999999999
FreeSolv,Progressive,61,176,0,336,0.1,4.661047088008169,0.9265928283066237,5,11,192,19.799999999999898
FreeSolv,Progressive,61,177,0,131,0.1,4.282325324011362,0.9265928283066237,6,11,193,19.699999999999896
FreeSolv,Progressive,61,178,0,64,0.1,4.158796687513069,0.9265928283066237,7,11,194,19.599999999999895
FreeSolv,Progressive,61,179,0,102,0.1,4.076998117293944,0.9265928283066237,8,11,195,19.499999999999893
FreeSolv,Progressive,61,180,0,300,0.1,4.064388206724137,0.9265928283066237,9,11,196,19.399999999999892
FreeSolv,Progressive,61,181,0,371,0.1,4.080676293941976,0.9265928283066237,10,11,197,19.29999999999989
FreeSolv,Progressive,61,182,0,54,0.1,4.2873533048359675,0.9265928283066237,11,11,198,19.19999999999989
FreeSolv,Progressive,61,183,0,330,0.1,3.8920370679324914,0.9265928283066237,12,11,199,19.099999999999888
FreeSolv,Progressive,61,184,0,406,0.1,4.222128651962998,0.9265928283066237,13,11,200,18.999999999999886
FreeSolv,Progressive,61,185,0,603,0.1,3.760027166215732,0.9265928283066237,14,11,201,18.899999999999885
FreeSolv,Progressive,61,186,0,500,0.1,3.8770390483538657,0.9265928283066237,15,11,202,18.799999999999883
FreeSolv,Progressive,61,187,0,174,0.1,3.4967851991532575,0.9265928283066237,16,11,203,18.699999999999882
FreeSolv,Progressive,61,188,0,579,0.1,4.450902997445579,0.9265928283066237,17,11,204,18.59999999999988
FreeSolv,Progressive,61,189,0,152,0.1,3.9410963866570174,0.9265928283066237,18,11,205,18.49999999999988
FreeSolv,Progressive,61,190,0,528,0.1,3.697696663526775,0.9265928283066237,19,11,206,18.399999999999878
FreeSolv,Progressive,61,191,0,399,0.1,3.6493059358371207,0.9265928283066237,20,11,207,18.299999999999876
FreeSolv,Progressive,61,192,1,261,1.0,1.3800567536994586,0.9265928283066237,0,12,207,17.299999999999876
FreeSolv,Progressive,61,193,0,440,0.1,3.9020405942237377,0.9335216279188249,1,12,208,17.199999999999875
FreeSolv,Progressive,61,194,0,496,0.1,4.027213851843337,0.9335216279188249,2,12,209,17.099999999999874
FreeSolv,Progressive,61,195,0,548,0.1,3.593936829817018,0.9335216279188249,3,12,210,16.999999999999872
FreeSolv,Progressive,61,196,0,591,0.1,3.445350966877377,0.9335216279188249,4,12,211,16.89999999999987
FreeSolv,Progressive,61,197,0,475,0.1,3.251526162576413,0.9335216279188249,5,12,212,16.79999999999987
FreeSolv,Progressive,61,198,0,463,0.1,3.799052017258656,0.9335216279188249,6,12,213,16.699999999999868
FreeSolv,Progressive,61,199,0,325,0.1,3.2540350395746622,0.9335216279188249,7,12,214,16.599999999999866
FreeSolv,Progressive,61,200,0,588,0.1,3.2577734487921686,0.9335216279188249,8,12,215,16.499999999999865
FreeSolv,Progressive,61,201,0,452,0.1,3.1024850109584814,0.9335216279188249,9,12,216,16.399999999999864
FreeSolv,Progressive,61,202,0,340,0.1,3.2845829922061425,0.9335216279188249,10,12,217,16.299999999999862
FreeSolv,Progressive,61,203,0,16,0.1,2.988204105000976,0.9335216279188249,11,12,218,16.19999999999986
FreeSolv,Progressive,61,204,0,530,0.1,2.976565022761487,0.9335216279188249,12,12,219,16.09999999999986
FreeSolv,Progressive,61,205,0,314,0.1,3.021398346130962,0.9335216279188249,13,12,220,15.99999999999986
FreeSolv,Progressive,61,206,0,578,0.1,3.016473893794812,0.9335216279188249,14,12,221,15.899999999999858
FreeSolv,Progressive,61,207,0,615,0.1,3.6016897064220212,0.9335216279188249,15,12,222,15.799999999999857
FreeSolv,Progressive,61,208,0,613,0.1,2.904341802692605,0.9335216279188249,16,12,223,15.699999999999855
FreeSolv,Progressive,61,209,0,320,0.1,2.697385668711455,0.9335216279188249,17,12,224,15.599999999999854
FreeSolv,Progressive,61,210,0,353,0.1,2.7133874360884294,0.9335216279188249,18,12,225,15.499999999999853
FreeSolv,Progressive,61,211,0,366,0.1,3.1094350437028364,0.9335216279188249,19,12,226,15.399999999999851
FreeSolv,Progressive,61,212,0,534,0.1,3.100913500542191,0.9335216279188249,20,12,227,15.29999999999985
FreeSolv,Progressive,61,213,1,139,1.0,1.3979743363103245,0.9335216279188249,0,13,227,14.299999999999848
FreeSolv,Progressive,61,214,0,194,0.1,2.632840793143312,0.934471608802786,1,13,228,14.199999999999848
FreeSolv,Progressive,61,215,0,187,0.1,2.701794114637152,0.934471608802786,2,13,229,14.099999999999847
FreeSolv,Progressive,61,216,0,341,0.1,2.6602278879002466,0.934471608802786,3,13,230,13.999999999999845
FreeSolv,Progressive,61,217,0,443,0.1,3.07589138027885,0.934471608802786,4,13,231,13.899999999999844
FreeSolv,Progressive,61,218,0,401,0.1,2.636398081528611,0.934471608802786,5,13,232,13.799999999999843
FreeSolv,Progressive,61,219,0,219,0.1,2.724411821345254,0.934471608802786,6,13,233,13.699999999999841
FreeSolv,Progressive,61,220,0,459,0.1,2.677889682677062,0.934471608802786,7,13,234,13.59999999999984
FreeSolv,Progressive,61,221,0,113,0.1,2.5403537471298407,0.934471608802786,8,13,235,13.499999999999838
FreeSolv,Progressive,61,222,0,315,0.1,2.587752630299201,0.934471608802786,9,13,236,13.399999999999837
FreeSolv,Progressive,61,223,0,484,0.1,2.2879196833898803,0.934471608802786,10,13,237,13.299999999999836
FreeSolv,Progressive,61,224,0,59,0.1,2.569550450103569,0.934471608802786,11,13,238,13.199999999999834
FreeSolv,Progressive,61,225,0,335,0.1,2.278563985270844,0.934471608802786,12,13,239,13.099999999999833
FreeSolv,Progressive,61,226,0,167,0.1,2.251474017955215,0.934471608802786,13,13,240,12.999999999999831
FreeSolv,Progressive,61,227,0,180,0.1,2.0462891791227302,0.934471608802786,14,13,241,12.89999999999983
FreeSolv,Progressive,61,228,0,222,0.1,2.190205855251013,0.934471608802786,15,13,242,12.799999999999828
FreeSolv,Progressive,61,229,0,198,0.1,2.035860310886959,0.934471608802786,16,13,243,12.699999999999827
FreeSolv,Progressive,61,230,0,253,0.1,2.1941446486805183,0.934471608802786,17,13,244,12.599999999999826
FreeSolv,Progressive,61,231,0,304,0.1,2.1907989771802403,0.934471608802786,18,13,245,12.499999999999824
FreeSolv,Progressive,61,232,0,352,0.1,2.1254763543956603,0.934471608802786,19,13,246,12.399999999999823
FreeSolv,Progressive,61,233,0,26,0.1,2.0891179673921103,0.934471608802786,20,13,247,12.299999999999821
FreeSolv,Progressive,61,234,1,251,1.0,1.197513606961079,0.934471608802786,0,14,247,11.29999999999982
FreeSolv,Progressive,61,235,0,285,0.1,2.110875270637566,0.9368359035282512,1,14,248,11.19999999999982
FreeSolv,Progressive,61,236,0,175,0.1,1.9842047918903722,0.9368359035282512,2,14,249,11.099999999999818
FreeSolv,Progressive,61,237,0,14,0.1,2.135205749056108,0.9368359035282512,3,14,250,10.999999999999817
FreeSolv,Progressive,61,238,0,519,0.1,1.8287033081903592,0.9368359035282512,4,14,251,10.899999999999816
FreeSolv,Progressive,61,239,0,43,0.1,1.9590310815284961,0.9368359035282512,5,14,252,10.799999999999814
FreeSolv,Progressive,61,240,0,135,0.1,2.157507920597642,0.9368359035282512,6,14,253,10.699999999999813
FreeSolv,Progressive,61,241,0,115,0.1,1.8983612699482324,0.9368359035282512,7,14,254,10.599999999999811
FreeSolv,Progressive,61,242,0,130,0.1,1.6232266246356468,0.9368359035282512,8,14,255,10.49999999999981
FreeSolv,Progressive,61,243,0,94,0.1,1.862194211380644,0.9368359035282512,9,14,256,10.399999999999809
FreeSolv,Progressive,61,244,0,506,0.1,1.9701686704593309,0.9368359035282512,10,14,257,10.299999999999807
FreeSolv,Progressive,61,245,0,487,0.1,2.0487117685448513,0.9368359035282512,11,14,258,10.199999999999806
FreeSolv,Progressive,61,246,0,632,0.1,1.867925159791986,0.9368359035282512,12,14,259,10.099999999999804
FreeSolv,Progressive,61,247,0,562,0.1,1.8903796615940887,0.9368359035282512,13,14,260,9.999999999999803
FreeSolv,Progressive,61,248,0,201,0.1,1.6199814178856158,0.9368359035282512,14,14,261,9.899999999999801
FreeSolv,Progressive,61,249,0,231,0.1,1.511290179339219,0.9368359035282512,15,14,262,9.7999999999998
FreeSolv,Progressive,61,250,0,216,0.1,1.8207281545419234,0.9368359035282512,16,14,263,9.699999999999799
FreeSolv,Progressive,61,251,0,329,0.1,2.238091057292897,0.9368359035282512,17,14,264,9.599999999999797
FreeSolv,Progressive,61,252,0,246,0.1,1.660335656138663,0.9368359035282512,18,14,265,9.499999999999796
FreeSolv,Progressive,61,253,1,39,1.0,1.441507934316574,0.9368359035282512,0,15,265,8.499999999999794
FreeSolv,Progressive,61,254,0,72,0.1,1.4250363084482627,0.9399474980647596,1,15,266,8.399999999999794
FreeSolv,Progressive,61,255,0,435,0.1,1.654297474692505,0.9399474980647596,2,15,267,8.299999999999793
FreeSolv,Progressive,61,256,1,266,1.0,1.7801433497629218,0.9399474980647596,0,16,267,7.299999999999791
FreeSolv,Progressive,61,257,0,604,0.1,1.71639253765176,0.941092534690875,1,16,268,7.1999999999997915
FreeSolv,Progressive,61,258,0,67,0.1,1.3981151749296654,0.941092534690875,2,16,269,7.09999999999979
FreeSolv,Progressive,61,259,0,332,0.1,1.6549531398257957,0.941092534690875,3,16,270,6.999999999999789
FreeSolv,Progressive,61,260,0,273,0.1,1.7956972930271515,0.941092534690875,4,16,271,6.899999999999787
FreeSolv,Progressive,61,261,0,354,0.1,1.416497285499914,0.941092534690875,5,16,272,6.799999999999786
FreeSolv,Progressive,61,262,0,60,0.1,1.5382267526346916,0.941092534690875,6,16,273,6.699999999999784
FreeSolv,Progressive,61,263,0,627,0.1,1.2562744150594642,0.941092534690875,7,16,274,6.599999999999783
FreeSolv,Progressive,61,264,0,582,0.1,1.3440853111491158,0.941092534690875,8,16,275,6.4999999999997815
FreeSolv,Progressive,61,265,0,392,0.1,1.4185704687264866,0.941092534690875,9,16,276,6.39999999999978
FreeSolv,Progressive,61,266,0,508,0.1,1.4187945007571807,0.941092534690875,10,16,277,6.299999999999779
FreeSolv,Progressive,61,267,1,492,1.0,1.349648561032501,0.941092534690875,0,17,277,5.299999999999777
FreeSolv,Progressive,61,268,1,276,1.0,1.2521770005759871,0.9430369120899358,0,18,277,4.299999999999777
FreeSolv,Progressive,61,269,1,49,1.0,1.1573855131462008,0.9432091284565498,0,19,277,3.299999999999777
FreeSolv,Progressive,61,270,0,345,0.1,1.332770238841296,0.9443295228448355,1,19,278,3.199999999999777
FreeSolv,Progressive,61,271,0,630,0.1,1.4409230787957823,0.9443295228448355,2,19,279,3.0999999999997754
FreeSolv,Progressive,61,272,1,577,1.0,1.6443250446814504,0.9443295228448355,0,20,279,2.099999999999774
FreeSolv,Progressive,61,273,0,343,0.1,1.432157847109628,0.9446457458430932,1,20,280,1.999999999999774
FreeSolv,Progressive,61,274,0,605,0.1,1.3902269129262836,0.9446457458430932,2,20,281,1.8999999999997725
FreeSolv,Progressive,61,275,0,156,0.1,1.566121038788133,0.9446457458430932,3,20,282,1.7999999999997711
FreeSolv,Progressive,61,276,0,464,0.1,1.4665625129132698,0.9446457458430932,4,20,283,1.6999999999997697
FreeSolv,Progressive,61,277,0,145,0.1,1.2563937731275505,0.9446457458430932,5,20,284,1.5999999999997683
FreeSolv,Progressive,61,278,0,22,0.1,1.372878265383163,0.9446457458430932,6,20,285,1.4999999999997669
FreeSolv,Progressive,61,279,0,28,0.1,1.154911380330699,0.9446457458430932,7,20,286,1.3999999999997654
FreeSolv,Progressive,61,280,1,91,1.0,1.4875211148591188,0.9446457458430932,0,21,286,0.3999999999997641
FreeSolv,Progressive,61,281,0,168,0.1,1.047394703717044,0.9447009916422042,1,21,287,0.2999999999997641
FreeSolv,Progressive,61,282,0,271,0.1,0.9336807107169295,0.9447009916422042,2,21,288,0.19999999999976267
FreeSolv,Progressive,61,283,0,373,0.1,1.0418372294349483,0.9447009916422042,3,21,289,0.09999999999976125
