benchmark,model,seed,step,fidelity_chosen,candidate_idx,cost,score_max,alpha,consecutive_lf_count,n_hf_so_far,n_lf_so_far,remaining_budget
COFs,DNGO-Joint,42,1,1,522,1.0,12.8482255602191,0.5,0,3,23,25.505
COFs,DNGO-Joint,42,2,1,45,1.0,2.478192326223735,0.5,0,4,23,24.505
COFs,DNGO-Joint,42,3,1,237,1.0,2.1872960236266885,0.5,0,5,23,23.505
COFs,DNGO-Joint,42,4,0,319,0.065,4.2945639662292265,0.9185157218790608,1,5,24,23.439999999999998
COFs,DNGO-Joint,42,5,0,105,0.065,13.890158854748657,0.9185157218790608,2,5,25,23.374999999999996
COFs,DNGO-Joint,42,6,0,521,0.065,7.139136251722438,0.9185157218790608,3,5,26,23.31
COFs,DNGO-Joint,42,7,0,523,0.065,11.641528019606291,0.9185157218790608,4,5,27,23.244999999999997
COFs,DNGO-Joint,42,8,0,463,0.065,7.140980294507432,0.9185157218790608,5,5,28,23.179999999999996
COFs,DNGO-Joint,42,9,0,504,0.065,11.29295772891961,0.9185157218790608,6,5,29,23.115
COFs,DNGO-Joint,42,10,0,10,0.065,2.577889885312762,0.9185157218790608,7,5,30,23.049999999999997
COFs,DNGO-Joint,42,11,1,319,1.0,2.1255117388856237,0.9185157218790608,0,6,30,22.049999999999997
COFs,DNGO-Joint,42,12,1,336,1.0,2.127296732614631,0.9335861027579143,0,7,30,21.049999999999997
COFs,DNGO-Joint,42,13,1,223,1.0,2.4808284114398944,0.975074829241713,0,8,30,20.049999999999997
COFs,DNGO-Joint,42,14,1,9,1.0,1.6725313340038435,0.9788833670062893,0,9,30,19.049999999999997
COFs,DNGO-Joint,42,15,1,0,1.0,2.235600630302981,0.9808265423846341,0,10,30,18.049999999999997
COFs,DNGO-Joint,42,16,1,523,1.0,1.9867523334398105,0.9838371599723779,0,11,30,17.049999999999997
COFs,DNGO-Joint,42,17,0,212,0.065,2.161655707307668,0.9615681968597015,1,11,31,16.984999999999996
COFs,DNGO-Joint,42,18,1,189,1.0,1.9187363397342856,0.9615681968597015,0,12,31,15.985
COFs,DNGO-Joint,42,19,0,234,0.065,2.3171161972547942,0.9645267582289008,1,12,32,15.919999999999998
COFs,DNGO-Joint,42,20,0,526,0.065,2.960731392901101,0.9645267582289008,2,12,33,15.854999999999999
COFs,DNGO-Joint,42,21,0,14,0.065,6.080454586343744,0.9645267582289008,3,12,34,15.79
COFs,DNGO-Joint,42,22,0,500,0.065,4.14896581469066,0.9645267582289008,4,12,35,15.725
COFs,DNGO-Joint,42,23,0,196,0.065,2.6102780899973426,0.9645267582289008,5,12,36,15.66
COFs,DNGO-Joint,42,24,0,375,0.065,1.8764399502787477,0.9645267582289008,6,12,37,15.595
COFs,DNGO-Joint,42,25,0,376,0.065,34.421426121363176,0.9645267582289008,7,12,38,15.530000000000001
COFs,DNGO-Joint,42,26,0,486,0.065,13.44427130890938,0.9645267582289008,8,12,39,15.465000000000002
COFs,DNGO-Joint,42,27,0,173,0.065,4.602088059777255,0.9645267582289008,9,12,40,15.400000000000002
COFs,DNGO-Joint,42,28,0,338,0.065,2.861525053297176,0.9645267582289008,10,12,41,15.335000000000003
COFs,DNGO-Joint,42,29,0,477,0.065,3.91853041844977,0.9645267582289008,11,12,42,15.270000000000003
COFs,DNGO-Joint,42,30,0,41,0.065,2.1884311171624775,0.9645267582289008,12,12,43,15.205000000000004
COFs,DNGO-Joint,42,31,0,83,0.065,2.8971544607600332,0.9645267582289008,13,12,44,15.140000000000004
COFs,DNGO-Joint,42,32,0,149,0.065,8.224929168964085,0.9645267582289008,14,12,45,15.075000000000005
COFs,DNGO-Joint,42,33,0,130,0.065,1.4917256447118472,0.9645267582289008,15,12,46,15.010000000000005
COFs,DNGO-Joint,42,34,0,542,0.065,1.835655269300091,0.9645267582289008,16,12,47,14.945000000000006
COFs,DNGO-Joint,42,35,0,515,0.065,1.7199970212982945,0.9645267582289008,17,12,48,14.880000000000006
COFs,DNGO-Joint,42,36,1,375,1.0,1.6832351625810955,0.9645267582289008,0,13,48,13.880000000000006
COFs,DNGO-Joint,42,37,1,376,1.0,1.778896816521611,0.9687253475297746,0,14,48,12.880000000000006
COFs,DNGO-Joint,42,38,0,519,0.065,2.5246730317045474,0.9715625124951555,1,14,49,12.815000000000007
COFs,DNGO-Joint,42,39,1,486,1.0,1.782882057804941,0.9715625124951555,0,15,49,11.815000000000005
COFs,DNGO-Joint,42,40,1,500,1.0,1.45848590349979,0.9706326647691859,0,16,49,10.815000000000005
COFs,DNGO-Joint,42,41,1,212,1.0,1.551876925295134,0.9727763243347586,0,17,49,9.815000000000005
COFs,DNGO-Joint,42,42,0,71,0.065,1.8174360500770155,0.9718764355239002,1,17,50,9.750000000000005
COFs,DNGO-Joint,42,43,1,73,1.0,1.7193831024045885,0.9718764355239002,0,18,50,8.750000000000004
COFs,DNGO-Joint,42,44,0,527,0.065,1.3376088867281952,0.9731427912928466,1,18,51,8.685000000000004
COFs,DNGO-Joint,42,45,0,392,0.065,1.6282261072407385,0.9731427912928466,2,18,52,8.620000000000003
COFs,DNGO-Joint,42,46,0,370,0.065,1.1079029734999,0.9731427912928466,3,18,53,8.555000000000001
COFs,DNGO-Joint,42,47,0,464,0.065,1.1915979471896299,0.9731427912928466,4,18,54,8.49
COFs,DNGO-Joint,42,48,0,325,0.065,1.3208492548393809,0.9731427912928466,5,18,55,8.424999999999999
COFs,DNGO-Joint,42,49,1,463,1.0,1.0070041613992247,0.9731427912928466,0,19,55,7.424999999999997
COFs,DNGO-Joint,42,50,0,201,0.065,0.8287356669176533,0.9732291089990581,1,19,56,7.359999999999997
COFs,DNGO-Joint,42,51,0,135,0.065,0.8244197491968366,0.9732291089990581,2,19,57,7.2949999999999955
COFs,DNGO-Joint,42,52,1,98,1.0,0.9609362571586806,0.9732291089990581,0,20,57,6.294999999999995
COFs,DNGO-Joint,42,53,0,217,0.065,0.593858353108266,0.9759866995871427,1,20,58,6.229999999999994
COFs,DNGO-Joint,42,54,0,199,0.065,0.7166117698538613,0.9759866995871427,2,20,59,6.164999999999993
COFs,DNGO-Joint,42,55,0,198,0.065,1.4483228717547219,0.9759866995871427,3,20,60,6.099999999999992
COFs,DNGO-Joint,42,56,1,224,1.0,0.5055580957811014,0.9759866995871427,0,21,60,5.099999999999991
COFs,DNGO-Joint,42,57,0,3,0.065,1.2565457967413063,0.9767619800940281,1,21,61,5.03499999999999
COFs,DNGO-Joint,42,58,1,302,1.0,0.7941115840166815,0.9767619800940281,0,22,61,4.0349999999999895
COFs,DNGO-Joint,42,59,1,504,1.0,0.4624669129041603,0.9776739076301135,0,23,61,3.0349999999999895
COFs,DNGO-Joint,42,60,1,527,1.0,0.3473553441363846,0.9785537198446748,0,24,61,2.0349999999999895
COFs,DNGO-Joint,42,61,0,11,0.065,0.45636750134699866,0.978775501293651,1,24,62,1.9699999999999895
COFs,DNGO-Joint,42,62,0,301,0.065,0.6221502540955428,0.978775501293651,2,24,63,1.9049999999999883
COFs,DNGO-Joint,42,63,0,588,0.065,0.8896203483985676,0.978775501293651,3,24,64,1.839999999999987
COFs,DNGO-Joint,42,64,0,333,0.065,0.4310943514879448,0.978775501293651,4,24,65,1.7749999999999857
COFs,DNGO-Joint,42,65,0,155,0.065,0.6637426028389071,0.978775501293651,5,24,66,1.7099999999999844
COFs,DNGO-Joint,42,66,0,482,0.065,0.5017734452837437,0.978775501293651,6,24,67,1.6449999999999831
COFs,DNGO-Joint,42,67,1,521,1.0,0.36529079778625284,0.978775501293651,0,25,67,0.6449999999999818
COFs,DNGO-Joint,42,68,0,337,0.065,0.3413007164376894,0.97808586466985,1,25,68,0.5799999999999819
COFs,DNGO-Joint,42,69,0,262,0.065,0.32109836335777064,0.97808586466985,2,25,69,0.5149999999999806
COFs,DNGO-Joint,42,70,0,332,0.065,0.48777898547949405,0.97808586466985,3,25,70,0.44999999999997925
COFs,DNGO-Joint,42,71,0,287,0.065,0.6421853524825116,0.97808586466985,4,25,71,0.38499999999997797
COFs,DNGO-Joint,42,72,0,334,0.065,0.7084240170271603,0.97808586466985,5,25,72,0.3199999999999767
COFs,DNGO-Joint,42,73,0,428,0.065,0.34705009821052035,0.97808586466985,6,25,73,0.2549999999999754
COFs,DNGO-Joint,42,74,0,303,0.065,0.7165497286393947,0.97808586466985,7,25,74,0.18999999999997413
COFs,DNGO-Joint,42,75,0,232,0.065,0.2944358069873068,0.97808586466985,8,25,75,0.12499999999997286
COFs,DNGO-Joint,42,76,0,553,0.065,0.2244268939367662,0.97808586466985,9,25,76,0.059999999999971576
COFs,DNGO-Joint,43,1,0,523,0.065,6.041749556809485,0.5,1,2,24,26.439999999999998
COFs,DNGO-Joint,43,2,0,196,0.065,3.3385785809150352,0.5,2,2,25,26.375
COFs,DNGO-Joint,43,3,1,523,1.0,2.712184852508112,0.5,0,3,25,25.375
COFs,DNGO-Joint,43,4,1,504,1.0,3.112134850292131,0.5,0,4,25,24.375
COFs,DNGO-Joint,43,5,1,522,1.0,3.6599342687585645,0.5,0,5,25,23.375
COFs,DNGO-Joint,43,6,0,583,0.065,4.036931488044544,0.5,1,5,26,23.31
COFs,DNGO-Joint,43,7,1,71,1.0,2.8966626205824393,0.5,0,6,26,22.31
COFs,DNGO-Joint,43,8,1,237,1.0,2.904897588592369,0.5,0,7,26,21.31
COFs,DNGO-Joint,43,9,1,223,1.0,2.7649826514684284,0.11281915114702545,0,8,26,20.31
COFs,DNGO-Joint,43,10,0,48,0.065,4.593685599990122,0.8877843040468899,1,8,27,20.244999999999997
COFs,DNGO-Joint,43,11,1,336,1.0,2.4863753039796737,0.8877843040468899,0,9,27,19.244999999999997
COFs,DNGO-Joint,43,12,1,319,1.0,1.5648709525245763,0.9433366602387481,0,10,27,18.244999999999997
COFs,DNGO-Joint,43,13,0,212,0.065,1.9684523840773136,0.9433366602387481,1,10,28,18.179999999999996
COFs,DNGO-Joint,43,14,0,105,0.065,3.7929009608604822,0.9433366602387481,2,10,29,18.115
COFs,DNGO-Joint,43,15,1,212,1.0,2.4404372309560416,0.9433366602387481,0,11,29,17.115000000000002
COFs,DNGO-Joint,43,16,1,189,1.0,2.815237019197423,0.9359397084344225,0,12,29,16.115000000000002
COFs,DNGO-Joint,43,17,0,234,0.065,2.4988080734452667,0.9477447015116605,1,12,30,16.05
COFs,DNGO-Joint,43,18,0,526,0.065,3.306244541351175,0.9477447015116605,2,12,31,15.985000000000001
COFs,DNGO-Joint,43,19,0,14,0.065,11.01992868572109,0.9477447015116605,3,12,32,15.920000000000002
COFs,DNGO-Joint,43,20,0,149,0.065,3.429146006803663,0.9477447015116605,4,12,33,15.855000000000002
COFs,DNGO-Joint,43,21,0,500,0.065,2.9741552742437185,0.9477447015116605,5,12,34,15.790000000000003
COFs,DNGO-Joint,43,22,0,83,0.065,3.1407395504508138,0.9477447015116605,6,12,35,15.725000000000003
COFs,DNGO-Joint,43,23,0,524,0.065,2.5194025362515453,0.9477447015116605,7,12,36,15.660000000000004
COFs,DNGO-Joint,43,24,1,98,1.0,1.323894731619311,0.9477447015116605,0,13,36,14.660000000000004
COFs,DNGO-Joint,43,25,1,10,1.0,1.447807609917205,0.9594034587250478,0,14,36,13.660000000000004
COFs,DNGO-Joint,43,26,0,482,0.065,0.8672821000580506,0.9594034587250478,1,14,37,13.595000000000004
COFs,DNGO-Joint,43,27,1,500,1.0,1.8268050374022815,0.9594034587250478,0,15,37,12.595000000000002
COFs,DNGO-Joint,43,28,0,463,0.065,2.049430369100885,0.9621831472283934,1,15,38,12.530000000000003
COFs,DNGO-Joint,43,29,1,463,1.0,0.9370805093945145,0.9621831472283934,0,16,38,11.530000000000001
COFs,DNGO-Joint,43,30,0,588,0.065,0.9123292552014617,0.9615598298921593,1,16,39,11.465000000000002
COFs,DNGO-Joint,43,31,1,79,1.0,1.1483969887595666,0.9615598298921593,0,17,39,10.465
COFs,DNGO-Joint,43,32,0,301,0.065,0.5313605928625069,0.9602992540353299,1,17,40,10.4
COFs,DNGO-Joint,43,33,1,149,1.0,0.6596055536041745,0.9602992540353299,0,18,40,9.399999999999999
COFs,DNGO-Joint,43,34,0,41,0.065,0.6844199044297498,0.9611431320747253,1,18,41,9.334999999999999
COFs,DNGO-Joint,43,35,0,3,0.065,0.3086955247707425,0.9611431320747253,2,18,42,9.269999999999998
COFs,DNGO-Joint,43,36,0,375,0.065,0.49754255046070955,0.9611431320747253,3,18,43,9.204999999999997
COFs,DNGO-Joint,43,37,0,376,0.065,29.455470658286217,0.9611431320747253,4,18,44,9.139999999999995
COFs,DNGO-Joint,43,38,0,486,0.065,4.715183211528394,0.9611431320747253,5,18,45,9.074999999999994
COFs,DNGO-Joint,43,39,0,338,0.065,4.107763712692188,0.9611431320747253,6,18,46,9.009999999999993
COFs,DNGO-Joint,43,40,0,172,0.065,1.5071023315602807,0.9611431320747253,7,18,47,8.944999999999991
COFs,DNGO-Joint,43,41,1,375,1.0,0.9199241416233293,0.9611431320747253,0,19,47,7.94499999999999
COFs,DNGO-Joint,43,42,0,527,0.065,1.9133869822028458,0.9674116683278788,1,19,48,7.879999999999989
COFs,DNGO-Joint,43,43,0,65,0.065,1.8698669567946373,0.9674116683278788,2,19,49,7.814999999999988
COFs,DNGO-Joint,43,44,1,376,1.0,1.5701657543019354,0.9674116683278788,0,20,49,6.814999999999987
COFs,DNGO-Joint,43,45,1,486,1.0,1.256970070663479,0.971313666482262,0,21,49,5.814999999999987
COFs,DNGO-Joint,43,46,1,302,1.0,0.9505897582478264,0.9702147367347185,0,22,49,4.814999999999987
COFs,DNGO-Joint,43,47,0,123,0.065,4.341271323754558,0.9720317424874046,1,22,50,4.749999999999987
COFs,DNGO-Joint,43,48,0,515,0.065,1.0576974601176883,0.9720317424874046,2,22,51,4.684999999999985
COFs,DNGO-Joint,43,49,0,155,0.065,1.3023744260319947,0.9720317424874046,3,22,52,4.619999999999984
COFs,DNGO-Joint,43,50,0,217,0.065,0.8426273364630522,0.9720317424874046,4,22,53,4.554999999999983
COFs,DNGO-Joint,43,51,0,333,0.065,1.2047750797430496,0.9720317424874046,5,22,54,4.489999999999982
COFs,DNGO-Joint,43,52,0,332,0.065,0.659580985236782,0.9720317424874046,6,22,55,4.42499999999998
COFs,DNGO-Joint,43,53,0,334,0.065,0.8479650454292748,0.9720317424874046,7,22,56,4.359999999999979
COFs,DNGO-Joint,43,54,0,542,0.065,2.3326427889369774,0.9720317424874046,8,22,57,4.294999999999978
COFs,DNGO-Joint,43,55,0,464,0.065,0.8376250643217167,0.9720317424874046,9,22,58,4.2299999999999764
COFs,DNGO-Joint,43,56,0,428,0.065,0.6416863428747385,0.9720317424874046,10,22,59,4.164999999999975
COFs,DNGO-Joint,43,57,1,224,1.0,0.44328514540159003,0.9720317424874046,0,23,59,3.1649999999999743
COFs,DNGO-Joint,43,58,0,519,0.065,1.2137326602687668,0.9730823477240182,1,23,60,3.0999999999999743
COFs,DNGO-Joint,43,59,1,583,1.0,0.42222498712224943,0.9730823477240182,0,24,60,2.099999999999973
COFs,DNGO-Joint,43,60,0,78,0.065,0.4802177145740895,0.9742577490010574,1,24,61,2.034999999999973
COFs,DNGO-Joint,43,61,0,17,0.065,0.8752584229377326,0.9742577490010574,2,24,62,1.9699999999999718
COFs,DNGO-Joint,43,62,0,337,0.065,0.5334188531734305,0.9742577490010574,3,24,63,1.9049999999999705
COFs,DNGO-Joint,43,63,1,45,1.0,0.664663689614162,0.9742577490010574,0,25,63,0.9049999999999692
COFs,DNGO-Joint,43,64,0,135,0.065,0.654296898870776,0.9741941191960258,1,25,64,0.8399999999999692
COFs,DNGO-Joint,43,65,0,316,0.065,0.7426297802713779,0.9741941191960258,2,25,65,0.7749999999999679
COFs,DNGO-Joint,43,66,0,70,0.065,0.6510332770735573,0.9741941191960258,3,25,66,0.7099999999999667
COFs,DNGO-Joint,43,67,0,80,0.065,0.36910626424714565,0.9741941191960258,4,25,67,0.6449999999999654
COFs,DNGO-Joint,43,68,0,270,0.065,0.8131437064519595,0.9741941191960258,5,25,68,0.5799999999999641
COFs,DNGO-Joint,43,69,0,201,0.065,0.5601759529471351,0.9741941191960258,6,25,69,0.5149999999999628
COFs,DNGO-Joint,43,70,0,263,0.065,0.30176506113221213,0.9741941191960258,7,25,70,0.4499999999999615
COFs,DNGO-Joint,43,71,0,11,0.065,0.8983797434807385,0.9741941191960258,8,25,71,0.3849999999999602
COFs,DNGO-Joint,43,72,0,202,0.065,0.3448175411618145,0.9741941191960258,9,25,72,0.31999999999995893
COFs,DNGO-Joint,43,73,0,6,0.065,0.4923484377703764,0.9741941191960258,10,25,73,0.25499999999995765
COFs,DNGO-Joint,43,74,0,247,0.065,0.4828010290380571,0.9741941191960258,11,25,74,0.18999999999995637
COFs,DNGO-Joint,43,75,0,133,0.065,0.5513468232314518,0.9741941191960258,12,25,75,0.12499999999995509
COFs,DNGO-Joint,43,76,0,262,0.065,0.20438815807896765,0.9741941191960258,13,25,76,0.05999999999995381
COFs,DNGO-Joint,44,1,1,237,1.0,12.467987967957127,0.5,0,3,23,25.505
COFs,DNGO-Joint,44,2,0,523,0.065,13.212946386848282,0.5,1,3,24,25.439999999999998
COFs,DNGO-Joint,44,3,0,504,0.065,9.865634152618412,0.5,2,3,25,25.374999999999996
COFs,DNGO-Joint,44,4,0,583,0.065,5.128440591823935,0.5,3,3,26,25.31
COFs,DNGO-Joint,44,5,0,463,0.065,4.672248755341779,0.5,4,3,27,25.244999999999997
COFs,DNGO-Joint,44,6,1,98,1.0,3.2123292628402598,0.5,0,4,27,24.244999999999997
COFs,DNGO-Joint,44,7,0,319,0.065,4.202530674283446,0.5,1,4,28,24.179999999999996
COFs,DNGO-Joint,44,8,1,523,1.0,3.2644083913942272,0.5,0,5,28,23.18
COFs,DNGO-Joint,44,9,0,105,0.065,5.959917140850657,0.9387856004156533,1,5,29,23.115
COFs,DNGO-Joint,44,10,0,71,0.065,5.281556206934689,0.9387856004156533,2,5,30,23.049999999999997
COFs,DNGO-Joint,44,11,0,3,0.065,1.8782242465359809,0.9387856004156533,3,5,31,22.984999999999996
COFs,DNGO-Joint,44,12,1,336,1.0,2.17117546242328,0.9387856004156533,0,6,31,21.984999999999996
COFs,DNGO-Joint,44,13,1,71,1.0,1.6063954139446754,0.9563867783658315,0,7,31,20.984999999999996
COFs,DNGO-Joint,44,14,1,45,1.0,1.8939760122277103,0.955954532419085,0,8,31,19.984999999999996
COFs,DNGO-Joint,44,15,1,223,1.0,1.2749357251217237,0.9552061088048853,0,9,31,18.984999999999996
COFs,DNGO-Joint,44,16,1,504,1.0,1.0470923590119638,0.9569422538248651,0,10,31,17.984999999999996
COFs,DNGO-Joint,44,17,1,319,1.0,1.3761663818227288,0.960131649279311,0,11,31,16.984999999999996
COFs,DNGO-Joint,44,18,0,10,0.065,1.3930563291949674,0.9673192299789614,1,11,32,16.919999999999995
COFs,DNGO-Joint,44,19,1,10,1.0,1.4286539172158024,0.9673192299789614,0,12,32,15.919999999999995
COFs,DNGO-Joint,44,20,1,522,1.0,1.0300694479565207,0.967182456139292,0,13,32,14.919999999999996
COFs,DNGO-Joint,44,21,0,519,0.065,1.1390001707755808,0.9657059507146202,1,13,33,14.854999999999997
COFs,DNGO-Joint,44,22,1,189,1.0,1.2826657410463527,0.9657059507146202,0,14,33,13.854999999999997
COFs,DNGO-Joint,44,23,0,212,0.065,0.9743957421123763,0.9674917864605385,1,14,34,13.789999999999997
COFs,DNGO-Joint,44,24,1,79,1.0,1.0905791115535604,0.9674917864605385,0,15,34,12.789999999999996
COFs,DNGO-Joint,44,25,0,14,0.065,0.9850190705121147,0.9663198998124283,1,15,35,12.724999999999996
COFs,DNGO-Joint,44,26,0,149,0.065,3.121444079702875,0.9663198998124283,2,15,36,12.659999999999995
COFs,DNGO-Joint,44,27,0,234,0.065,0.6415867726801474,0.9663198998124283,3,15,37,12.594999999999994
COFs,DNGO-Joint,44,28,0,526,0.065,3.2150723012906113,0.9663198998124283,4,15,38,12.529999999999992
COFs,DNGO-Joint,44,29,1,212,1.0,0.662439901267653,0.9663198998124283,0,16,38,11.52999999999999
COFs,DNGO-Joint,44,30,0,196,0.065,0.9271153039073426,0.9660783215995836,1,16,39,11.464999999999991
COFs,DNGO-Joint,44,31,0,500,0.065,0.7291066178955398,0.9660783215995836,2,16,40,11.39999999999999
COFs,DNGO-Joint,44,32,0,134,0.065,0.5462115693742592,0.9660783215995836,3,16,41,11.334999999999988
COFs,DNGO-Joint,44,33,1,521,1.0,0.612598555866732,0.9660783215995836,0,17,41,10.334999999999987
COFs,DNGO-Joint,44,34,1,500,1.0,0.5604957213288304,0.965277787902015,0,18,41,9.334999999999987
COFs,DNGO-Joint,44,35,1,149,1.0,0.5025231514867765,0.9671445273719134,0,19,41,8.334999999999987
COFs,DNGO-Joint,44,36,1,9,1.0,0.5377167289244382,0.9678661746440584,0,20,41,7.334999999999987
COFs,DNGO-Joint,44,37,0,588,0.065,0.5963868602234981,0.9686010568821287,1,20,42,7.269999999999986
COFs,DNGO-Joint,44,38,1,105,1.0,0.3406977341559929,0.9686010568821287,0,21,42,6.269999999999985
COFs,DNGO-Joint,44,39,0,375,0.065,1.806810785090267,0.9688575819600342,1,21,43,6.204999999999985
COFs,DNGO-Joint,44,40,0,376,0.065,30.95926781302544,0.9688575819600342,2,21,44,6.139999999999984
COFs,DNGO-Joint,44,41,0,486,0.065,7.881036295226705,0.9688575819600342,3,21,45,6.074999999999982
COFs,DNGO-Joint,44,42,0,477,0.065,5.401813227882344,0.9688575819600342,4,21,46,6.009999999999981
COFs,DNGO-Joint,44,43,0,527,0.065,2.065390466206501,0.9688575819600342,5,21,47,5.94499999999998
COFs,DNGO-Joint,44,44,0,83,0.065,2.117194603037753,0.9688575819600342,6,21,48,5.879999999999979
COFs,DNGO-Joint,44,45,0,338,0.065,2.555411802780725,0.9688575819600342,7,21,49,5.814999999999977
COFs,DNGO-Joint,44,46,1,376,1.0,1.2319190538773839,0.9688575819600342,0,22,49,4.814999999999976
COFs,DNGO-Joint,44,47,0,41,0.065,2.5765373832222176,0.9729868972135365,1,22,50,4.749999999999976
COFs,DNGO-Joint,44,48,0,176,0.065,2.4381249051169847,0.9729868972135365,2,22,51,4.684999999999975
COFs,DNGO-Joint,44,49,0,515,0.065,1.927472105931515,0.9729868972135365,3,22,52,4.6199999999999735
COFs,DNGO-Joint,44,50,0,542,0.065,2.2735941383715534,0.9729868972135365,4,22,53,4.554999999999972
COFs,DNGO-Joint,44,51,1,375,1.0,2.3581336021038375,0.9729868972135365,0,23,53,3.5549999999999713
COFs,DNGO-Joint,44,52,1,486,1.0,1.4676617816746687,0.9759540947215147,0,24,53,2.5549999999999713
COFs,DNGO-Joint,44,53,0,170,0.065,1.4965282841553218,0.9748369125393586,1,24,54,2.4899999999999713
COFs,DNGO-Joint,44,54,0,135,0.065,1.247131382977358,0.9748369125393586,2,24,55,2.42499999999997
COFs,DNGO-Joint,44,55,0,464,0.065,0.9556672446386278,0.9748369125393586,3,24,56,2.359999999999969
COFs,DNGO-Joint,44,56,1,302,1.0,0.6787599088540468,0.9748369125393586,0,25,56,1.3599999999999675
COFs,DNGO-Joint,44,57,0,405,0.065,1.1932881869302054,0.9759359126900254,1,25,57,1.2949999999999675
COFs,DNGO-Joint,44,58,0,333,0.065,0.7538157135573863,0.9759359126900254,2,25,58,1.2299999999999662
COFs,DNGO-Joint,44,59,0,155,0.065,1.0586254121584138,0.9759359126900254,3,25,59,1.164999999999965
COFs,DNGO-Joint,44,60,0,201,0.065,0.5947036992790808,0.9759359126900254,4,25,60,1.0999999999999637
COFs,DNGO-Joint,44,61,0,301,0.065,0.6194275870571979,0.9759359126900254,5,25,61,1.0349999999999624
COFs,DNGO-Joint,44,62,0,524,0.065,0.6858383111681445,0.9759359126900254,6,25,62,0.9699999999999611
COFs,DNGO-Joint,44,63,0,337,0.065,0.5349110567737508,0.9759359126900254,7,25,63,0.9049999999999598
COFs,DNGO-Joint,44,64,0,332,0.065,0.4437321574058614,0.9759359126900254,8,25,64,0.8399999999999586
COFs,DNGO-Joint,44,65,0,334,0.065,0.7157827984434219,0.9759359126900254,9,25,65,0.7749999999999573
COFs,DNGO-Joint,44,66,0,303,0.065,0.4781324853295596,0.9759359126900254,10,25,66,0.709999999999956
COFs,DNGO-Joint,44,67,0,6,0.065,1.1674743906539033,0.9759359126900254,11,25,67,0.6449999999999547
COFs,DNGO-Joint,44,68,0,428,0.065,0.31924100545462225,0.9759359126900254,12,25,68,0.5799999999999534
COFs,DNGO-Joint,44,69,0,72,0.065,0.6148124485536082,0.9759359126900254,13,25,69,0.5149999999999522
COFs,DNGO-Joint,44,70,0,130,0.065,0.48750303507888265,0.9759359126900254,14,25,70,0.44999999999995083
COFs,DNGO-Joint,44,71,0,44,0.065,0.26852086927978747,0.9759359126900254,15,25,71,0.38499999999994955
COFs,DNGO-Joint,44,72,0,78,0.065,0.4959365130518764,0.9759359126900254,16,25,72,0.31999999999994827
COFs,DNGO-Joint,44,73,0,17,0.065,0.8553231457811143,0.9759359126900254,17,25,73,0.254999999999947
COFs,DNGO-Joint,44,74,0,263,0.065,0.47745890018038456,0.9759359126900254,18,25,74,0.1899999999999457
COFs,DNGO-Joint,44,75,0,80,0.065,0.8300707060455222,0.9759359126900254,19,25,75,0.12499999999994443
COFs,DNGO-Joint,44,76,0,270,0.065,1.46818255266397,0.9759359126900254,20,25,76,0.059999999999943154
COFs,DNGO-Joint,45,1,1,522,1.0,6.777930103257655,0.5,0,3,23,25.505
COFs,DNGO-Joint,45,2,1,73,1.0,2.497651297124069,0.5,0,4,23,24.505
COFs,DNGO-Joint,45,3,0,196,0.065,2.690805985229389,0.5,1,4,24,24.439999999999998
COFs,DNGO-Joint,45,4,1,9,1.0,2.1427699224959067,0.5,0,5,24,23.439999999999998
COFs,DNGO-Joint,45,5,1,338,1.0,1.9061610890052945,0.9999822441385771,0,6,24,22.439999999999998
COFs,DNGO-Joint,45,6,0,498,0.065,3.8472763696087795,0.9999822441385771,1,6,25,22.374999999999996
COFs,DNGO-Joint,45,7,1,223,1.0,2.2918908855716866,0.9999822441385771,0,7,25,21.375
COFs,DNGO-Joint,45,8,0,500,0.065,1.6643214165603355,0.999983643827783,1,7,26,21.31
COFs,DNGO-Joint,45,9,0,212,0.065,2.0559728547096467,0.999983643827783,2,7,27,21.245
COFs,DNGO-Joint,45,10,0,486,0.065,2.7970302675502556,0.999983643827783,3,7,28,21.18
COFs,DNGO-Joint,45,11,0,319,0.065,7.075549508739411,0.999983643827783,4,7,29,21.115
COFs,DNGO-Joint,45,12,0,135,0.065,9.239518185320023,0.999983643827783,5,7,30,21.05
COFs,DNGO-Joint,45,13,0,523,0.065,4.44379207779648,0.999983643827783,6,7,31,20.985000000000003
COFs,DNGO-Joint,45,14,0,583,0.065,2.667835870334728,0.999983643827783,7,7,32,20.92
COFs,DNGO-Joint,45,15,0,234,0.065,3.614805795072186,0.999983643827783,8,7,33,20.855
COFs,DNGO-Joint,45,16,0,526,0.065,2.5706624460095653,0.999983643827783,9,7,34,20.790000000000003
COFs,DNGO-Joint,45,17,0,14,0.065,4.124677353313738,0.999983643827783,10,7,35,20.725000000000005
COFs,DNGO-Joint,45,18,0,105,0.065,4.284170430661711,0.999983643827783,11,7,36,20.660000000000004
COFs,DNGO-Joint,45,19,0,376,0.065,4.325111980693568,0.999983643827783,12,7,37,20.595000000000002
COFs,DNGO-Joint,45,20,0,375,0.065,31.561103880958846,0.999983643827783,13,7,38,20.530000000000005
COFs,DNGO-Joint,45,21,0,392,0.065,6.428280329810025,0.999983643827783,14,7,39,20.465000000000007
COFs,DNGO-Joint,45,22,0,172,0.065,2.5969612602322223,0.999983643827783,15,7,40,20.400000000000006
COFs,DNGO-Joint,45,23,0,477,0.065,5.275683753447466,0.999983643827783,16,7,41,20.335000000000004
COFs,DNGO-Joint,45,24,0,83,0.065,5.745194085482931,0.999983643827783,17,7,42,20.270000000000007
COFs,DNGO-Joint,45,25,0,515,0.065,2.6078175389369744,0.999983643827783,18,7,43,20.20500000000001
COFs,DNGO-Joint,45,26,0,70,0.065,5.916957641606068,0.999983643827783,19,7,44,20.140000000000008
COFs,DNGO-Joint,45,27,1,319,1.0,2.4903332024183085,0.999983643827783,0,8,44,19.140000000000008
COFs,DNGO-Joint,45,28,1,98,1.0,1.868770644956507,0.9843378014432259,0,9,44,18.140000000000008
COFs,DNGO-Joint,45,29,0,524,0.065,2.0505501121001304,0.9882309240742064,1,9,45,18.075000000000006
COFs,DNGO-Joint,45,30,0,482,0.065,1.9180372873681635,0.9882309240742064,2,9,46,18.01000000000001
COFs,DNGO-Joint,45,31,0,527,0.065,1.5392883396644008,0.9882309240742064,3,9,47,17.94500000000001
COFs,DNGO-Joint,45,32,1,523,1.0,2.2852942039496456,0.9882309240742064,0,10,47,16.94500000000001
COFs,DNGO-Joint,45,33,1,500,1.0,1.7354689847614986,0.973718927445715,0,11,47,15.945000000000011
COFs,DNGO-Joint,45,34,1,48,1.0,1.7607022437079585,0.9758688390193067,0,12,47,14.945000000000011
COFs,DNGO-Joint,45,35,0,542,0.065,1.4773081456876729,0.9758688390193067,1,12,48,14.880000000000011
COFs,DNGO-Joint,45,36,0,588,0.065,6.108063088664018,0.9758688390193067,2,12,49,14.815000000000012
COFs,DNGO-Joint,45,37,0,333,0.065,0.8763450462306417,0.9758688390193067,3,12,50,14.750000000000012
COFs,DNGO-Joint,45,38,1,237,1.0,1.084735725087113,0.9758688390193067,0,13,50,13.750000000000012
COFs,DNGO-Joint,45,39,1,0,1.0,1.27800499577976,0.9632433627869408,0,14,50,12.750000000000014
COFs,DNGO-Joint,45,40,0,325,0.065,1.6556035874095487,0.9672069959916175,1,14,51,12.685000000000015
COFs,DNGO-Joint,45,41,0,155,0.065,1.303753240982709,0.9672069959916175,2,14,52,12.620000000000013
COFs,DNGO-Joint,45,42,0,6,0.065,1.5936205966575705,0.9672069959916175,3,14,53,12.555000000000012
COFs,DNGO-Joint,45,43,1,189,1.0,1.1646916228756061,0.9672069959916175,0,15,53,11.55500000000001
COFs,DNGO-Joint,45,44,0,149,0.065,2.5656939444690003,0.9687872977142048,1,15,54,11.49000000000001
COFs,DNGO-Joint,45,45,0,130,0.065,1.1476850401849976,0.9687872977142048,2,15,55,11.42500000000001
COFs,DNGO-Joint,45,46,0,41,0.065,1.5107403329107871,0.9687872977142048,3,15,56,11.360000000000008
COFs,DNGO-Joint,45,47,0,71,0.065,0.7429121101157476,0.9687872977142048,4,15,57,11.295000000000007
COFs,DNGO-Joint,45,48,0,217,0.065,0.632926803045138,0.9687872977142048,5,15,58,11.230000000000006
COFs,DNGO-Joint,45,49,1,282,1.0,0.6448816185052764,0.9687872977142048,0,16,58,10.230000000000004
COFs,DNGO-Joint,45,50,0,332,0.065,0.5062202482523753,0.9687872977142048,1,16,59,10.165000000000004
COFs,DNGO-Joint,45,51,0,334,0.065,0.8838242776348165,0.9687872977142048,2,16,60,10.100000000000003
COFs,DNGO-Joint,45,52,1,583,1.0,0.41511840739177774,0.9687872977142048,0,17,60,9.100000000000001
COFs,DNGO-Joint,45,53,1,212,1.0,0.646028155059893,0.9701947687308614,0,18,60,8.100000000000001
COFs,DNGO-Joint,45,54,0,201,0.065,0.4802459782403551,0.9695584617162921,1,18,61,8.035000000000002
COFs,DNGO-Joint,45,55,1,375,1.0,0.4822655235365476,0.9695584617162921,0,19,61,7.035
COFs,DNGO-Joint,45,56,1,376,1.0,1.494938292216276,0.9734930989016458,0,20,61,6.035
COFs,DNGO-Joint,45,57,1,206,1.0,0.8361228691909726,0.9761245981398367,0,21,61,5.035
COFs,DNGO-Joint,45,58,0,553,0.065,0.7673054018981234,0.9761245981398367,1,21,62,4.97
COFs,DNGO-Joint,45,59,0,287,0.065,0.7435906556130418,0.9761245981398367,2,21,63,4.9049999999999985
COFs,DNGO-Joint,45,60,1,79,1.0,0.7233484139650812,0.9761245981398367,0,22,63,3.9049999999999976
COFs,DNGO-Joint,45,61,1,486,1.0,0.4167495202676469,0.975665470582264,0,23,63,2.9049999999999976
COFs,DNGO-Joint,45,62,1,302,1.0,0.6214845467801551,0.9746967338119032,0,24,63,1.9049999999999976
COFs,DNGO-Joint,45,63,1,25,1.0,0.4395927602884431,0.9760245479942993,0,25,63,0.9049999999999976
COFs,DNGO-Joint,45,64,0,72,0.065,0.45865676777915715,0.9767802494378952,1,25,64,0.8399999999999976
COFs,DNGO-Joint,45,65,0,301,0.065,0.29981509538234785,0.9767802494378952,2,25,65,0.7749999999999964
COFs,DNGO-Joint,45,66,0,519,0.065,0.40538611147119136,0.9767802494378952,3,25,66,0.7099999999999951
COFs,DNGO-Joint,45,67,0,311,0.065,0.34782235571732584,0.9767802494378952,4,25,67,0.6449999999999938
COFs,DNGO-Joint,45,68,0,127,0.065,0.17845845554919634,0.9767802494378952,5,25,68,0.5799999999999925
COFs,DNGO-Joint,45,69,0,337,0.065,0.36763941026902064,0.9767802494378952,6,25,69,0.5149999999999912
COFs,DNGO-Joint,45,70,0,78,0.065,0.22524052838350603,0.9767802494378952,7,25,70,0.4499999999999899
COFs,DNGO-Joint,45,71,0,535,0.065,0.6484654676072779,0.9767802494378952,8,25,71,0.38499999999998863
COFs,DNGO-Joint,45,72,0,65,0.065,0.24644302538699717,0.9767802494378952,9,25,72,0.31999999999998735
COFs,DNGO-Joint,45,73,0,270,0.065,0.23286968901036545,0.9767802494378952,10,25,73,0.25499999999998607
COFs,DNGO-Joint,45,74,0,263,0.065,0.36225390512760935,0.9767802494378952,11,25,74,0.1899999999999848
COFs,DNGO-Joint,45,75,0,80,0.065,0.8484080125559649,0.9767802494378952,12,25,75,0.12499999999998351
COFs,DNGO-Joint,45,76,0,367,0.065,1.2142650854027748,0.9767802494378952,13,25,76,0.059999999999982234
COFs,DNGO-Joint,46,1,1,522,1.0,6.716389596769197,0.5,0,3,23,25.505
COFs,DNGO-Joint,46,2,0,196,0.065,4.302830831762859,0.5,1,3,24,25.439999999999998
COFs,DNGO-Joint,46,3,1,71,1.0,2.3278475781121406,0.5,0,4,24,24.439999999999998
COFs,DNGO-Joint,46,4,1,523,1.0,1.8807287639767114,0.5,0,5,24,23.439999999999998
COFs,DNGO-Joint,46,5,1,9,1.0,2.551608577428821,0.5,0,6,24,22.439999999999998
COFs,DNGO-Joint,46,6,1,223,1.0,1.4252262795169253,0.5,0,7,24,21.439999999999998
COFs,DNGO-Joint,46,7,0,486,0.065,3.789412036518902,0.9999914501105011,1,7,25,21.374999999999996
COFs,DNGO-Joint,46,8,0,500,0.065,3.785073967255254,0.9999914501105011,2,7,26,21.31
COFs,DNGO-Joint,46,9,0,316,0.065,3.3991023889547924,0.9999914501105011,3,7,27,21.245
COFs,DNGO-Joint,46,10,0,212,0.065,3.014942952276861,0.9999914501105011,4,7,28,21.18
COFs,DNGO-Joint,46,11,0,234,0.065,4.410683800416573,0.9999914501105011,5,7,29,21.115
COFs,DNGO-Joint,46,12,0,83,0.065,5.020787729299743,0.9999914501105011,6,7,30,21.05
COFs,DNGO-Joint,46,13,0,282,0.065,6.5158597202131725,0.9999914501105011,7,7,31,20.985000000000003
COFs,DNGO-Joint,46,14,0,319,0.065,20.031070616112785,0.9999914501105011,8,7,32,20.92
COFs,DNGO-Joint,46,15,0,542,0.065,10.880461328259202,0.9999914501105011,9,7,33,20.855
COFs,DNGO-Joint,46,16,0,105,0.065,5.466067986093322,0.9999914501105011,10,7,34,20.790000000000003
COFs,DNGO-Joint,46,17,0,14,0.065,6.17903887861515,0.9999914501105011,11,7,35,20.725000000000005
COFs,DNGO-Joint,46,18,0,375,0.065,3.7437097815943936,0.9999914501105011,12,7,36,20.660000000000004
COFs,DNGO-Joint,46,19,0,376,0.065,34.42916715807196,0.9999914501105011,13,7,37,20.595000000000002
COFs,DNGO-Joint,46,20,0,65,0.065,8.763459291959734,0.9999914501105011,14,7,38,20.530000000000005
COFs,DNGO-Joint,46,21,0,498,0.065,5.046967439383032,0.9999914501105011,15,7,39,20.465000000000007
COFs,DNGO-Joint,46,22,1,135,1.0,2.3239858125508377,0.9999914501105011,0,8,39,19.465000000000007
COFs,DNGO-Joint,46,23,1,375,1.0,1.7975562090669508,0.9986289348695025,0,9,39,18.465000000000007
COFs,DNGO-Joint,46,24,0,583,0.065,9.760935461568625,0.983302926540634,1,9,40,18.400000000000006
COFs,DNGO-Joint,46,25,1,338,1.0,2.50534735600608,0.983302926540634,0,10,40,17.400000000000006
COFs,DNGO-Joint,46,26,1,486,1.0,2.3052016483784907,0.983302926540634,0,11,40,16.400000000000006
COFs,DNGO-Joint,46,27,0,297,0.065,5.179796660697466,0.9804722221661463,1,11,41,16.335000000000004
COFs,DNGO-Joint,46,28,0,535,0.065,1.390218575095866,0.9804722221661463,2,11,42,16.270000000000007
COFs,DNGO-Joint,46,29,1,237,1.0,1.296108936975344,0.9804722221661463,0,12,42,15.27000000000001
COFs,DNGO-Joint,46,30,1,319,1.0,3.11460164698568,0.9730208674940766,0,13,42,14.270000000000008
COFs,DNGO-Joint,46,31,1,376,1.0,1.5035525773075888,0.9766305582565741,0,14,42,13.270000000000008
COFs,DNGO-Joint,46,32,0,515,0.065,2.388423201481892,0.9799133973426893,1,14,43,13.20500000000001
COFs,DNGO-Joint,46,33,1,0,1.0,2.067883327540537,0.9799133973426893,0,15,43,12.205000000000009
COFs,DNGO-Joint,46,34,1,583,1.0,1.595092431318536,0.9846921402399577,0,16,43,11.205000000000009
COFs,DNGO-Joint,46,35,0,520,0.065,1.415073127667174,0.9866471910652511,1,16,44,11.14000000000001
COFs,DNGO-Joint,46,36,1,98,1.0,1.387010944406629,0.9866471910652511,0,17,44,10.140000000000008
COFs,DNGO-Joint,46,37,0,335,0.065,1.084085438491673,0.9889065205929852,1,17,45,10.075000000000008
COFs,DNGO-Joint,46,38,1,212,1.0,1.023831338930764,0.9889065205929852,0,18,45,9.075000000000006
COFs,DNGO-Joint,46,39,1,224,1.0,2.5063596138346114,0.9885902254756308,0,19,45,8.075000000000006
COFs,DNGO-Joint,46,40,0,598,0.065,2.5773991410803587,0.989207836559556,1,19,46,8.010000000000007
COFs,DNGO-Joint,46,41,0,78,0.065,0.9137778391425091,0.989207836559556,2,19,47,7.945000000000005
COFs,DNGO-Joint,46,42,0,236,0.065,2.3935697381029657,0.989207836559556,3,19,48,7.8800000000000034
COFs,DNGO-Joint,46,43,1,504,1.0,0.9281236329613229,0.989207836559556,0,20,48,6.880000000000003
COFs,DNGO-Joint,46,44,0,270,0.065,0.8956713196839892,0.989207836559556,1,20,49,6.815000000000002
COFs,DNGO-Joint,46,45,0,22,0.065,0.7652718119484377,0.989207836559556,2,20,50,6.750000000000001
COFs,DNGO-Joint,46,46,0,80,0.065,0.5567719081601622,0.989207836559556,3,20,51,6.685
COFs,DNGO-Joint,46,47,0,463,0.065,1.9848650412296998,0.989207836559556,4,20,52,6.619999999999998
COFs,DNGO-Joint,46,48,0,122,0.065,1.0240052372026154,0.989207836559556,5,20,53,6.554999999999997
COFs,DNGO-Joint,46,49,0,527,0.065,0.8572649427538832,0.989207836559556,6,20,54,6.489999999999996
COFs,DNGO-Joint,46,50,0,155,0.065,1.7479390185918928,0.989207836559556,7,20,55,6.4249999999999945
COFs,DNGO-Joint,46,51,0,200,0.065,1.0525689415090227,0.989207836559556,8,20,56,6.359999999999993
COFs,DNGO-Joint,46,52,0,429,0.065,11.11118640136847,0.989207836559556,9,20,57,6.294999999999992
COFs,DNGO-Joint,46,53,0,284,0.065,5.583047624663209,0.989207836559556,10,20,58,6.229999999999991
COFs,DNGO-Joint,46,54,0,283,0.065,1.642112483666289,0.989207836559556,11,20,59,6.164999999999989
COFs,DNGO-Joint,46,55,0,392,0.065,1.5144535492625704,0.989207836559556,12,20,60,6.099999999999988
COFs,DNGO-Joint,46,56,0,50,0.065,1.936435387102233,0.989207836559556,13,20,61,6.034999999999987
COFs,DNGO-Joint,46,57,0,3,0.065,9.805823717585602,0.989207836559556,14,20,62,5.9699999999999855
COFs,DNGO-Joint,46,58,0,41,0.065,1.3188155578101668,0.989207836559556,15,20,63,5.904999999999984
COFs,DNGO-Joint,46,59,0,286,0.065,1.0786937997880057,0.989207836559556,16,20,64,5.839999999999983
COFs,DNGO-Joint,46,60,0,171,0.065,3.6489800415963765,0.989207836559556,17,20,65,5.774999999999982
COFs,DNGO-Joint,46,61,0,206,0.065,3.039407868671917,0.989207836559556,18,20,66,5.70999999999998
COFs,DNGO-Joint,46,62,0,524,0.065,1.2789060116094733,0.989207836559556,19,20,67,5.644999999999979
COFs,DNGO-Joint,46,63,0,428,0.065,1.1659011027652932,0.989207836559556,20,20,68,5.579999999999978
COFs,DNGO-Joint,46,64,0,18,0.065,2.5287517071622583,0.989207836559556,21,20,69,5.514999999999977
COFs,DNGO-Joint,46,65,0,149,0.065,2.04062097955055,0.989207836559556,22,20,70,5.449999999999975
COFs,DNGO-Joint,46,66,0,133,0.065,1.543538409394192,0.989207836559556,23,20,71,5.384999999999974
COFs,DNGO-Joint,46,67,0,202,0.065,0.725112876897523,0.989207836559556,24,20,72,5.319999999999973
COFs,DNGO-Joint,46,68,0,232,0.065,0.6673193655498377,0.989207836559556,25,20,73,5.2549999999999715
COFs,DNGO-Joint,46,69,0,332,0.065,0.8087185937053483,0.989207836559556,26,20,74,5.18999999999997
COFs,DNGO-Joint,46,70,1,429,1.0,0.8591842648687449,0.989207836559556,0,21,74,4.189999999999969
COFs,DNGO-Joint,46,71,0,333,0.065,1.0843959476285396,0.9892336978498417,1,21,75,4.124999999999969
COFs,DNGO-Joint,46,72,0,553,0.065,0.691295267578657,0.9892336978498417,2,21,76,4.059999999999968
COFs,DNGO-Joint,46,73,0,263,0.065,0.7705016159109725,0.9892336978498417,3,21,77,3.994999999999967
COFs,DNGO-Joint,46,74,0,337,0.065,1.2486740991991372,0.9892336978498417,4,21,78,3.9299999999999655
COFs,DNGO-Joint,46,75,0,318,0.065,2.588283311516562,0.9892336978498417,5,21,79,3.8649999999999642
COFs,DNGO-Joint,46,76,0,269,0.065,0.703920507748267,0.9892336978498417,6,21,80,3.799999999999963
COFs,DNGO-Joint,46,77,0,574,0.065,0.7475086512803052,0.9892336978498417,7,21,81,3.7349999999999617
COFs,DNGO-Joint,46,78,0,596,0.065,1.4695896620119642,0.9892336978498417,8,21,82,3.6699999999999604
COFs,DNGO-Joint,46,79,0,560,0.065,0.5560117943442706,0.9892336978498417,9,21,83,3.604999999999959
COFs,DNGO-Joint,46,80,1,45,1.0,1.1916133878869068,0.9892336978498417,0,22,83,2.604999999999958
COFs,DNGO-Joint,46,81,0,248,0.065,0.8701519727958927,0.9892609617161439,1,22,84,2.539999999999958
COFs,DNGO-Joint,46,82,1,78,1.0,0.48950680641839495,0.9892609617161439,0,23,84,1.5399999999999565
COFs,DNGO-Joint,46,83,0,10,0.065,0.5678504331914812,0.987877499821526,1,23,85,1.4749999999999566
COFs,DNGO-Joint,46,84,0,482,0.065,0.9462119674518286,0.987877499821526,2,23,86,1.4099999999999553
COFs,DNGO-Joint,46,85,0,201,0.065,0.4154114108940513,0.987877499821526,3,23,87,1.344999999999954
COFs,DNGO-Joint,46,86,0,11,0.065,0.5329596862254611,0.987877499821526,4,23,88,1.2799999999999527
COFs,DNGO-Joint,46,87,0,450,0.065,0.7459567383401874,0.987877499821526,5,23,89,1.2149999999999515
COFs,DNGO-Joint,46,88,0,262,0.065,0.5057183183279754,0.987877499821526,6,23,90,1.1499999999999502
COFs,DNGO-Joint,46,89,0,464,0.065,0.5170485710797689,0.987877499821526,7,23,91,1.084999999999949
COFs,DNGO-Joint,46,90,0,6,0.065,1.9889382071270918,0.987877499821526,8,23,92,1.0199999999999476
COFs,DNGO-Joint,46,91,1,200,1.0,0.45655121686275046,0.987877499821526,0,24,92,0.019999999999946283
COFs,DNGO-Joint,47,1,1,237,1.0,12.218720374593241,0.5,0,3,23,25.505
COFs,DNGO-Joint,47,2,0,523,0.065,4.224356195363581,0.5,1,3,24,25.439999999999998
COFs,DNGO-Joint,47,3,0,463,0.065,6.768969564955402,0.5,2,3,25,25.374999999999996
COFs,DNGO-Joint,47,4,1,523,1.0,2.6648516777874853,0.5,0,4,25,24.375
COFs,DNGO-Joint,47,5,1,9,1.0,2.913648522704258,0.5,0,5,25,23.375
COFs,DNGO-Joint,47,6,1,500,1.0,2.9867727470712095,0.890241206118506,0,6,25,22.375
COFs,DNGO-Joint,47,7,0,3,0.065,2.8895745620331756,0.890241206118506,1,6,26,22.31
COFs,DNGO-Joint,47,8,0,524,0.065,3.6944859798444813,0.890241206118506,2,6,27,22.244999999999997
COFs,DNGO-Joint,47,9,0,319,0.065,3.400654207880694,0.890241206118506,3,6,28,22.179999999999996
COFs,DNGO-Joint,47,10,1,319,1.0,2.0453206646303714,0.890241206118506,0,7,28,21.18
COFs,DNGO-Joint,47,11,0,212,0.065,2.080301649626484,0.8951116931215729,1,7,29,21.115
COFs,DNGO-Joint,47,12,1,504,1.0,1.9480048670025818,0.8951116931215729,0,8,29,20.115
COFs,DNGO-Joint,47,13,0,519,0.065,3.344773692260837,0.9433912066738306,1,8,30,20.049999999999997
COFs,DNGO-Joint,47,14,0,10,0.065,8.503538378478687,0.9433912066738306,2,8,31,19.984999999999996
COFs,DNGO-Joint,47,15,0,234,0.065,1.7078271686504607,0.9433912066738306,3,8,32,19.919999999999998
COFs,DNGO-Joint,47,16,0,526,0.065,2.4053825852513957,0.9433912066738306,4,8,33,19.855
COFs,DNGO-Joint,47,17,0,301,0.065,10.08590739724474,0.9433912066738306,5,8,34,19.79
COFs,DNGO-Joint,47,18,0,149,0.065,13.277696924841186,0.9433912066738306,6,8,35,19.724999999999998
COFs,DNGO-Joint,47,19,0,14,0.065,8.278453698181853,0.9433912066738306,7,8,36,19.66
COFs,DNGO-Joint,47,20,1,223,1.0,1.8555265969266779,0.9433912066738306,0,9,36,18.660000000000004
COFs,DNGO-Joint,47,21,1,10,1.0,1.5574785737094274,0.9524523424950192,0,10,36,17.660000000000004
COFs,DNGO-Joint,47,22,1,98,1.0,1.3037460197862785,0.9543586771947478,0,11,36,16.660000000000004
COFs,DNGO-Joint,47,23,1,189,1.0,1.672318634678017,0.9640287019497745,0,12,36,15.660000000000004
COFs,DNGO-Joint,47,24,1,336,1.0,0.9904046456976627,0.9663347581813505,0,13,36,14.660000000000002
COFs,DNGO-Joint,47,25,0,41,0.065,2.2041174431503863,0.9695656024293636,1,13,37,14.595000000000002
COFs,DNGO-Joint,47,26,1,212,1.0,1.064352823333824,0.9695656024293636,0,14,37,13.595000000000002
COFs,DNGO-Joint,47,27,0,196,0.065,1.2673675204262418,0.9702091265383493,1,14,38,13.530000000000003
COFs,DNGO-Joint,47,28,1,522,1.0,0.7447995226321134,0.9702091265383493,0,15,38,12.530000000000001
COFs,DNGO-Joint,47,29,0,486,0.065,1.4238453530479762,0.9678597192780345,1,15,39,12.465000000000002
COFs,DNGO-Joint,47,30,0,83,0.065,1.5957930816675576,0.9678597192780345,2,15,40,12.4
COFs,DNGO-Joint,47,31,0,376,0.065,4.232256982700209,0.9678597192780345,3,15,41,12.334999999999999
COFs,DNGO-Joint,47,32,0,375,0.065,30.277799024955783,0.9678597192780345,4,15,42,12.269999999999998
COFs,DNGO-Joint,47,33,0,477,0.065,3.8609754537163785,0.9678597192780345,5,15,43,12.204999999999997
COFs,DNGO-Joint,47,34,0,44,0.065,4.302180127542997,0.9678597192780345,6,15,44,12.139999999999995
COFs,DNGO-Joint,47,35,0,338,0.065,4.189449211141839,0.9678597192780345,7,15,45,12.074999999999994
COFs,DNGO-Joint,47,36,0,542,0.065,2.210367544313322,0.9678597192780345,8,15,46,12.009999999999993
COFs,DNGO-Joint,47,37,0,172,0.065,3.399954155067085,0.9678597192780345,9,15,47,11.944999999999991
COFs,DNGO-Joint,47,38,1,375,1.0,1.5629224562373225,0.9678597192780345,0,16,47,10.94499999999999
COFs,DNGO-Joint,47,39,1,376,1.0,1.823159652609033,0.9718418742256965,0,17,47,9.94499999999999
COFs,DNGO-Joint,47,40,0,527,0.065,1.3512313629490198,0.9744983480904144,1,17,48,9.87999999999999
COFs,DNGO-Joint,47,41,0,482,0.065,2.0550038207919616,0.9744983480904144,2,17,49,9.814999999999989
COFs,DNGO-Joint,47,42,0,122,0.065,3.992375076725106,0.9744983480904144,3,17,50,9.749999999999988
COFs,DNGO-Joint,47,43,0,333,0.065,1.0505837945287075,0.9744983480904144,4,17,51,9.684999999999986
COFs,DNGO-Joint,47,44,0,515,0.065,2.4404246734856367,0.9744983480904144,5,17,52,9.619999999999985
COFs,DNGO-Joint,47,45,0,155,0.065,1.4078971274140715,0.9744983480904144,6,17,53,9.554999999999984
COFs,DNGO-Joint,47,46,0,78,0.065,1.2059912811751246,0.9744983480904144,7,17,54,9.489999999999982
COFs,DNGO-Joint,47,47,0,22,0.065,1.5748400436896366,0.9744983480904144,8,17,55,9.424999999999981
COFs,DNGO-Joint,47,48,0,337,0.065,1.6315928899690713,0.9744983480904144,9,17,56,9.35999999999998
COFs,DNGO-Joint,47,49,0,105,0.065,2.162273185075817,0.9744983480904144,10,17,57,9.294999999999979
COFs,DNGO-Joint,47,50,1,486,1.0,0.9943821115197251,0.9744983480904144,0,18,57,8.294999999999977
COFs,DNGO-Joint,47,51,0,17,0.065,0.720115962926298,0.973564283232859,1,18,58,8.229999999999977
COFs,DNGO-Joint,47,52,0,588,0.065,0.8273560732940238,0.973564283232859,2,18,59,8.164999999999976
COFs,DNGO-Joint,47,53,0,332,0.065,0.8504698377308663,0.973564283232859,3,18,60,8.099999999999975
COFs,DNGO-Joint,47,54,0,176,0.065,1.4447789275280258,0.973564283232859,4,18,61,8.034999999999973
COFs,DNGO-Joint,47,55,0,130,0.065,1.127472853920879,0.973564283232859,5,18,62,7.969999999999971
COFs,DNGO-Joint,47,56,0,334,0.065,0.9044169450045577,0.973564283232859,6,18,63,7.90499999999997
COFs,DNGO-Joint,47,57,0,263,0.065,0.6847955729194204,0.973564283232859,7,18,64,7.839999999999969
COFs,DNGO-Joint,47,58,0,270,0.065,3.0435618443351693,0.973564283232859,8,18,65,7.7749999999999675
COFs,DNGO-Joint,47,59,0,269,0.065,1.7366440217646295,0.973564283232859,9,18,66,7.709999999999966
COFs,DNGO-Joint,47,60,0,6,0.065,1.5572638143080262,0.973564283232859,10,18,67,7.644999999999965
COFs,DNGO-Joint,47,61,0,80,0.065,1.5179439593687858,0.973564283232859,11,18,68,7.579999999999964
COFs,DNGO-Joint,47,62,0,318,0.065,1.6350561877377834,0.973564283232859,12,18,69,7.514999999999962
COFs,DNGO-Joint,47,63,0,206,0.065,1.2613107207934844,0.973564283232859,13,18,70,7.449999999999961
COFs,DNGO-Joint,47,64,0,247,0.065,0.7392966309303329,0.973564283232859,14,18,71,7.38499999999996
COFs,DNGO-Joint,47,65,1,463,1.0,0.6222456006595742,0.973564283232859,0,19,71,6.384999999999959
COFs,DNGO-Joint,47,66,1,78,1.0,0.6172347794773916,0.9736148038701808,0,20,71,5.384999999999959
COFs,DNGO-Joint,47,67,1,45,1.0,0.6738449011220755,0.9729773683526785,0,21,71,4.384999999999959
COFs,DNGO-Joint,47,68,0,201,0.065,0.7387335127243372,0.9730763223363885,1,21,72,4.3199999999999585
COFs,DNGO-Joint,47,69,0,72,0.065,0.922877331261932,0.9730763223363885,2,21,73,4.254999999999957
COFs,DNGO-Joint,47,70,0,11,0.065,0.703804023174401,0.9730763223363885,3,21,74,4.189999999999956
COFs,DNGO-Joint,47,71,0,262,0.065,0.3853978364829944,0.9730763223363885,4,21,75,4.124999999999955
COFs,DNGO-Joint,47,72,0,428,0.065,0.6374508493231577,0.9730763223363885,5,21,76,4.059999999999953
COFs,DNGO-Joint,47,73,0,287,0.065,0.5037793286075369,0.9730763223363885,6,21,77,3.9949999999999526
COFs,DNGO-Joint,47,74,1,80,1.0,0.36363035186751824,0.9730763223363885,0,22,77,2.9949999999999513
COFs,DNGO-Joint,47,75,1,73,1.0,0.5568799801669937,0.973091329004938,0,23,77,1.9949999999999513
COFs,DNGO-Joint,47,76,0,200,0.065,0.27975156117096683,0.9740483248331325,1,23,78,1.9299999999999513
COFs,DNGO-Joint,47,77,0,429,0.065,5.41849258063687,0.9740483248331325,2,23,79,1.86499999999995
COFs,DNGO-Joint,47,78,0,284,0.065,2.358848917106057,0.9740483248331325,3,23,80,1.7999999999999488
COFs,DNGO-Joint,47,79,0,283,0.065,0.9446136783618382,0.9740483248331325,4,23,81,1.7349999999999475
COFs,DNGO-Joint,47,80,0,50,0.065,1.1341560756974634,0.9740483248331325,5,23,82,1.6699999999999462
COFs,DNGO-Joint,47,81,0,560,0.065,1.0592283858152487,0.9740483248331325,6,23,83,1.604999999999945
COFs,DNGO-Joint,47,82,1,521,1.0,0.39631311358262766,0.9740483248331325,0,24,83,0.6049999999999436
COFs,DNGO-Joint,47,83,0,535,0.065,0.9786477294930518,0.9729518481380731,1,24,84,0.5399999999999436
COFs,DNGO-Joint,47,84,0,18,0.065,0.37953225678250124,0.9729518481380731,2,24,85,0.4749999999999423
COFs,DNGO-Joint,47,85,0,596,0.065,0.45223089823436297,0.9729518481380731,3,24,86,0.409999999999941
COFs,DNGO-Joint,47,86,0,574,0.065,0.2522129964334657,0.9729518481380731,4,24,87,0.34499999999993974
COFs,DNGO-Joint,47,87,0,5,0.065,0.8506432174591286,0.9729518481380731,5,24,88,0.27999999999993846
COFs,DNGO-Joint,47,88,0,71,0.065,1.7977448056217198,0.9729518481380731,6,24,89,0.21499999999993719
COFs,DNGO-Joint,47,89,0,286,0.065,0.3242980086213233,0.9729518481380731,7,24,90,0.1499999999999359
COFs,DNGO-Joint,47,90,0,39,0.065,0.18377799577156648,0.9729518481380731,8,24,91,0.08499999999993463
COFs,DNGO-Joint,47,91,0,134,0.065,0.340986655679754,0.9729518481380731,9,24,92,0.01999999999993335
COFs,DNGO-Joint,48,1,1,237,1.0,10.387883941667377,0.5,0,3,23,25.505
COFs,DNGO-Joint,48,2,0,523,0.065,9.972675960506622,0.5,1,3,24,25.439999999999998
COFs,DNGO-Joint,48,3,0,583,0.065,11.037006487382817,0.5,2,3,25,25.374999999999996
COFs,DNGO-Joint,48,4,0,588,0.065,6.533656428812647,0.5,3,3,26,25.31
COFs,DNGO-Joint,48,5,0,3,0.065,5.3172821707702305,0.5,4,3,27,25.244999999999997
COFs,DNGO-Joint,48,6,0,463,0.065,4.281848487083528,0.5,5,3,28,25.179999999999996
COFs,DNGO-Joint,48,7,0,318,0.065,2.999678285849963,0.5,6,3,29,25.115
COFs,DNGO-Joint,48,8,1,71,1.0,2.360640183039085,0.5,0,4,29,24.115
COFs,DNGO-Joint,48,9,1,98,1.0,1.6708724298007405,0.5,0,5,29,23.115
COFs,DNGO-Joint,48,10,1,463,1.0,1.5446213100327126,0.5,0,6,29,22.115
COFs,DNGO-Joint,48,11,0,319,0.065,4.051729987249872,0.9999451862924802,1,6,30,22.049999999999997
COFs,DNGO-Joint,48,12,1,9,1.0,2.906340641790777,0.9999451862924802,0,7,30,21.049999999999997
COFs,DNGO-Joint,48,13,0,105,0.065,6.47157655946316,0.9998702076746936,1,7,31,20.984999999999996
COFs,DNGO-Joint,48,14,1,523,1.0,2.2750552608979318,0.9998702076746936,0,8,31,19.985
COFs,DNGO-Joint,48,15,0,212,0.065,2.345083898218906,0.9476143713227404,1,8,32,19.919999999999998
COFs,DNGO-Joint,48,16,0,10,0.065,1.7079981746461668,0.9476143713227404,2,8,33,19.854999999999997
COFs,DNGO-Joint,48,17,0,370,0.065,2.12507098678662,0.9476143713227404,3,8,34,19.789999999999996
COFs,DNGO-Joint,48,18,0,234,0.065,2.5248709145437473,0.9476143713227404,4,8,35,19.724999999999998
COFs,DNGO-Joint,48,19,0,526,0.065,2.506229313546906,0.9476143713227404,5,8,36,19.66
COFs,DNGO-Joint,48,20,0,14,0.065,3.440805628154831,0.9476143713227404,6,8,37,19.595
COFs,DNGO-Joint,48,21,0,135,0.065,2.024129819647477,0.9476143713227404,7,8,38,19.529999999999998
COFs,DNGO-Joint,48,22,1,583,1.0,1.3588617379739236,0.9476143713227404,0,9,38,18.53
COFs,DNGO-Joint,48,23,1,319,1.0,1.796391401820969,0.9534842548946202,0,10,38,17.53
COFs,DNGO-Joint,48,24,0,500,0.065,4.552911883929979,0.960963319978326,1,10,39,17.465
COFs,DNGO-Joint,48,25,0,149,0.065,1.6211178232827061,0.960963319978326,2,10,40,17.400000000000002
COFs,DNGO-Joint,48,26,0,196,0.065,1.3206532929876025,0.960963319978326,3,10,41,17.335
COFs,DNGO-Joint,48,27,1,45,1.0,1.7200542829220442,0.960963319978326,0,11,41,16.335
COFs,DNGO-Joint,48,28,0,16,0.065,1.369914990818115,0.9612286811756124,1,11,42,16.27
COFs,DNGO-Joint,48,29,1,336,1.0,1.182075784070241,0.9612286811756124,0,12,42,15.270000000000003
COFs,DNGO-Joint,48,30,1,212,1.0,0.8812317012988669,0.9663226830445787,0,13,42,14.270000000000003
COFs,DNGO-Joint,48,31,1,223,1.0,0.7234030758920205,0.9668002036132364,0,14,42,13.270000000000003
COFs,DNGO-Joint,48,32,1,522,1.0,0.7422209498876011,0.9680685358934629,0,15,42,12.270000000000003
COFs,DNGO-Joint,48,33,0,494,0.065,0.7193368679128445,0.9652830863067577,1,15,43,12.205000000000004
COFs,DNGO-Joint,48,34,0,515,0.065,0.7574227165947777,0.9652830863067577,2,15,44,12.140000000000002
COFs,DNGO-Joint,48,35,1,519,1.0,0.6495887190781913,0.9652830863067577,0,16,44,11.14
COFs,DNGO-Joint,48,36,1,500,1.0,0.6703123231235781,0.9652830863067577,0,17,44,10.14
COFs,DNGO-Joint,48,37,1,149,1.0,0.4938273707595222,0.9672018592326248,0,18,44,9.14
COFs,DNGO-Joint,48,38,0,41,0.065,0.4263237374496086,0.9678491272994463,1,18,45,9.075000000000001
COFs,DNGO-Joint,48,39,1,521,1.0,0.5222810737030754,0.9678491272994463,0,19,45,8.075
COFs,DNGO-Joint,48,40,1,189,1.0,0.6126777576851592,0.9670905867602899,0,20,45,7.074999999999999
COFs,DNGO-Joint,48,41,0,486,0.065,0.7471070787322486,0.9685230364565726,1,20,46,7.009999999999999
COFs,DNGO-Joint,48,42,0,316,0.065,0.9818299672328586,0.9685230364565726,2,20,47,6.944999999999998
COFs,DNGO-Joint,48,43,0,375,0.065,1.5442307377132678,0.9685230364565726,3,20,48,6.879999999999996
COFs,DNGO-Joint,48,44,0,376,0.065,29.008405796448876,0.9685230364565726,4,20,49,6.814999999999995
COFs,DNGO-Joint,48,45,0,477,0.065,9.73379678564052,0.9685230364565726,5,20,50,6.749999999999994
COFs,DNGO-Joint,48,46,0,338,0.065,2.9544972506593425,0.9685230364565726,6,20,51,6.6849999999999925
COFs,DNGO-Joint,48,47,0,527,0.065,1.3194026133189833,0.9685230364565726,7,20,52,6.619999999999991
COFs,DNGO-Joint,48,48,0,83,0.065,1.8004492021823078,0.9685230364565726,8,20,53,6.55499999999999
COFs,DNGO-Joint,48,49,1,376,1.0,1.4710904031383776,0.9685230364565726,0,21,53,5.554999999999989
COFs,DNGO-Joint,48,50,1,375,1.0,2.158992522788917,0.9725479790374353,0,22,53,4.554999999999989
COFs,DNGO-Joint,48,51,0,542,0.065,1.8833669115649525,0.9754254255824671,1,22,54,4.489999999999989
COFs,DNGO-Joint,48,52,1,486,1.0,1.2074814002246128,0.9754254255824671,0,23,54,3.489999999999988
COFs,DNGO-Joint,48,53,0,70,0.065,6.137073899733948,0.974330812292913,1,23,55,3.424999999999988
COFs,DNGO-Joint,48,54,0,122,0.065,1.1107836926695258,0.974330812292913,2,23,56,3.3599999999999866
COFs,DNGO-Joint,48,55,0,130,0.065,1.1796835446416314,0.974330812292913,3,23,57,3.2949999999999853
COFs,DNGO-Joint,48,56,0,155,0.065,1.0287412634520985,0.974330812292913,4,23,58,3.229999999999984
COFs,DNGO-Joint,48,57,0,78,0.065,0.7205755342452786,0.974330812292913,5,23,59,3.1649999999999827
COFs,DNGO-Joint,48,58,1,302,1.0,1.0288958692065977,0.974330812292913,0,24,59,2.1649999999999814
COFs,DNGO-Joint,48,59,0,270,0.065,1.4497324331827868,0.9755966153484135,1,24,60,2.0999999999999814
COFs,DNGO-Joint,48,60,0,49,0.065,2.380508716799236,0.9755966153484135,2,24,61,2.03499999999998
COFs,DNGO-Joint,48,61,0,535,0.065,1.1281238409011531,0.9755966153484135,3,24,62,1.9699999999999789
COFs,DNGO-Joint,48,62,0,333,0.065,0.8041886901031344,0.9755966153484135,4,24,63,1.9049999999999776
COFs,DNGO-Joint,48,63,0,6,0.065,1.1593805467135174,0.9755966153484135,5,24,64,1.8399999999999763
COFs,DNGO-Joint,48,64,0,201,0.065,0.8937654039654308,0.9755966153484135,6,24,65,1.774999999999975
COFs,DNGO-Joint,48,65,0,337,0.065,0.7501556252869799,0.9755966153484135,7,24,66,1.7099999999999738
COFs,DNGO-Joint,48,66,0,80,0.065,0.41857672341809476,0.9755966153484135,8,24,67,1.6449999999999725
COFs,DNGO-Joint,48,67,0,263,0.065,0.727346408397252,0.9755966153484135,9,24,68,1.5799999999999712
COFs,DNGO-Joint,48,68,0,262,0.065,0.9750113916941096,0.9755966153484135,10,24,69,1.51499999999997
COFs,DNGO-Joint,48,69,0,508,0.065,0.940909245233998,0.9755966153484135,11,24,70,1.4499999999999686
COFs,DNGO-Joint,48,70,0,206,0.065,6.096183365425961,0.9755966153484135,12,24,71,1.3849999999999674
COFs,DNGO-Joint,48,71,0,11,0.065,1.7211733498592245,0.9755966153484135,13,24,72,1.319999999999966
COFs,DNGO-Joint,48,72,0,247,0.065,0.6991262351268237,0.9755966153484135,14,24,73,1.2549999999999648
COFs,DNGO-Joint,48,73,0,332,0.065,0.7233971489482353,0.9755966153484135,15,24,74,1.1899999999999635
COFs,DNGO-Joint,48,74,1,78,1.0,0.5706661896464751,0.9755966153484135,0,25,74,0.1899999999999622
COFs,DNGO-Joint,48,75,0,450,0.065,0.6004477338770113,0.9749167680637609,1,25,75,0.1249999999999622
COFs,DNGO-Joint,48,76,0,269,0.065,0.48639655440231744,0.9749167680637609,2,25,76,0.05999999999996092
COFs,DNGO-Joint,49,1,1,237,1.0,13.356604275994496,0.5,0,3,23,25.505
COFs,DNGO-Joint,49,2,0,504,0.065,6.848926968572435,0.5,1,3,24,25.439999999999998
COFs,DNGO-Joint,49,3,0,521,0.065,3.708118512192029,0.5,2,3,25,25.374999999999996
COFs,DNGO-Joint,49,4,0,523,0.065,6.071682755819387,0.5,3,3,26,25.31
COFs,DNGO-Joint,49,5,0,583,0.065,11.184980160170916,0.5,4,3,27,25.244999999999997
COFs,DNGO-Joint,49,6,1,523,1.0,1.9563508225264639,0.5,0,4,27,24.244999999999997
COFs,DNGO-Joint,49,7,0,319,0.065,1.9771764885379461,0.5,1,4,28,24.179999999999996
COFs,DNGO-Joint,49,8,1,71,1.0,2.473886543386871,0.5,0,5,28,23.18
COFs,DNGO-Joint,49,9,1,319,1.0,3.156501789021513,0.5,0,6,28,22.18
COFs,DNGO-Joint,49,10,0,212,0.065,3.480950444365555,0.9831338759294218,1,6,29,22.115
COFs,DNGO-Joint,49,11,0,10,0.065,3.9216287402347008,0.9831338759294218,2,6,30,22.049999999999997
COFs,DNGO-Joint,49,12,0,105,0.065,2.332984526847888,0.9831338759294218,3,6,31,21.984999999999996
COFs,DNGO-Joint,49,13,0,463,0.065,2.45863948837328,0.9831338759294218,4,6,32,21.919999999999998
COFs,DNGO-Joint,49,14,0,500,0.065,2.6207538690191603,0.9831338759294218,5,6,33,21.854999999999997
COFs,DNGO-Joint,49,15,1,9,1.0,2.7206736278864323,0.9831338759294218,0,7,33,20.854999999999997
COFs,DNGO-Joint,49,16,1,45,1.0,1.9245908957254887,0.8951116931215729,0,8,33,19.854999999999997
COFs,DNGO-Joint,49,17,1,223,1.0,1.9924683227782873,0.920224175144582,0,9,33,18.854999999999997
COFs,DNGO-Joint,49,18,0,234,0.065,2.389675154002984,0.9404907973041142,1,9,34,18.789999999999996
COFs,DNGO-Joint,49,19,0,526,0.065,2.9852552572976965,0.9404907973041142,2,9,35,18.724999999999998
COFs,DNGO-Joint,49,20,0,149,0.065,4.621422448624703,0.9404907973041142,3,9,36,18.66
COFs,DNGO-Joint,49,21,0,14,0.065,5.342781200559873,0.9404907973041142,4,9,37,18.595
COFs,DNGO-Joint,49,22,1,212,1.0,1.4934207262454473,0.9404907973041142,0,10,37,17.595
COFs,DNGO-Joint,49,23,1,302,1.0,1.193742624091608,0.9382670139647569,0,11,37,16.595
COFs,DNGO-Joint,49,24,0,588,0.065,1.0789351125777062,0.9520665784957395,1,11,38,16.529999999999998
COFs,DNGO-Joint,49,25,1,105,1.0,1.039306869167091,0.9520665784957395,0,12,38,15.530000000000001
COFs,DNGO-Joint,49,26,1,336,1.0,0.9467208697941167,0.9553220378939771,0,13,38,14.530000000000001
COFs,DNGO-Joint,49,27,1,521,1.0,0.8488136281181531,0.9631066813244391,0,14,38,13.530000000000001
COFs,DNGO-Joint,49,28,1,98,1.0,1.4645886931295748,0.962730755275248,0,15,38,12.530000000000001
COFs,DNGO-Joint,49,29,0,83,0.065,1.503758549560258,0.968559242959514,1,15,39,12.465000000000002
COFs,DNGO-Joint,49,30,1,522,1.0,0.9909049230867752,0.968559242959514,0,16,39,11.465
COFs,DNGO-Joint,49,31,1,504,1.0,1.0981051172306526,0.9646473644168353,0,17,39,10.465
COFs,DNGO-Joint,49,32,0,41,0.065,1.9645503101531838,0.9672927373015835,1,17,40,10.4
COFs,DNGO-Joint,49,33,0,3,0.065,1.1306723230830644,0.9672927373015835,2,17,41,10.334999999999999
COFs,DNGO-Joint,49,34,1,0,1.0,2.2089344692989283,0.9672927373015835,0,18,41,9.334999999999997
COFs,DNGO-Joint,49,35,0,196,0.065,0.6190591260977293,0.9697230018961531,1,18,42,9.269999999999998
COFs,DNGO-Joint,49,36,1,73,1.0,0.5075110835960199,0.9697230018961531,0,19,42,8.269999999999996
COFs,DNGO-Joint,49,37,0,519,0.065,1.1213835009299031,0.970422340562953,1,19,43,8.204999999999997
COFs,DNGO-Joint,49,38,1,500,1.0,0.5935989439284826,0.970422340562953,0,20,43,7.204999999999995
COFs,DNGO-Joint,49,39,0,318,0.065,0.6886497758560446,0.971397682745067,1,20,44,7.139999999999994
COFs,DNGO-Joint,49,40,1,583,1.0,0.31569848718303306,0.971397682745067,0,21,44,6.1399999999999935
COFs,DNGO-Joint,49,41,1,463,1.0,0.36141808130332087,0.9723240846728418,0,22,44,5.1399999999999935
COFs,DNGO-Joint,49,42,0,524,0.065,0.34400857521113004,0.97206370379341,1,22,45,5.074999999999993
COFs,DNGO-Joint,49,43,1,224,1.0,0.21941815121831265,0.97206370379341,0,23,45,4.074999999999992
COFs,DNGO-Joint,49,44,1,79,1.0,0.2391054989933501,0.9725786717950863,0,24,45,3.074999999999992
COFs,DNGO-Joint,49,45,1,3,1.0,0.15826836634911423,0.9723060861594244,0,25,45,2.074999999999992
COFs,DNGO-Joint,49,46,0,116,0.065,0.3293282105659979,0.9714161265643786,1,25,46,2.0099999999999922
COFs,DNGO-Joint,49,47,0,301,0.065,0.22184715106019567,0.9714161265643786,2,25,47,1.944999999999991
COFs,DNGO-Joint,49,48,1,318,1.0,0.17400031736129273,0.9714161265643786,0,26,47,0.9449999999999896
COFs,DNGO-Joint,49,49,0,11,0.065,0.1070778799520026,0.9717799724605801,1,26,48,0.8799999999999897
COFs,DNGO-Joint,49,50,0,310,0.065,0.10407931389806072,0.9717799724605801,2,26,49,0.8149999999999884
COFs,DNGO-Joint,49,51,0,134,0.065,0.06520119625400887,0.9717799724605801,3,26,50,0.7499999999999871
COFs,DNGO-Joint,49,52,0,486,0.065,0.07392064438786347,0.9717799724605801,4,26,51,0.6849999999999858
COFs,DNGO-Joint,49,53,0,527,0.065,0.3089096171401388,0.9717799724605801,5,26,52,0.6199999999999846
COFs,DNGO-Joint,49,54,0,155,0.065,1.0960362031809794,0.9717799724605801,6,26,53,0.5549999999999833
COFs,DNGO-Joint,49,55,0,375,0.065,0.765055803923291,0.9717799724605801,7,26,54,0.48999999999998195
COFs,DNGO-Joint,49,56,0,376,0.065,28.058117943986254,0.9717799724605801,8,26,55,0.42499999999998067
COFs,DNGO-Joint,49,57,0,65,0.065,1.8224181617103326,0.9717799724605801,9,26,56,0.3599999999999794
COFs,DNGO-Joint,49,58,0,338,0.065,2.935096478113264,0.9717799724605801,10,26,57,0.2949999999999781
COFs,DNGO-Joint,49,59,0,333,0.065,0.7134587535324971,0.9717799724605801,11,26,58,0.22999999999997683
COFs,DNGO-Joint,49,60,0,337,0.065,0.8632287425154841,0.9717799724605801,12,26,59,0.16499999999997556
COFs,DNGO-Joint,49,61,0,325,0.065,0.5126645462686161,0.9717799724605801,13,26,60,0.09999999999997428
COFs,DNGO-Joint,49,62,0,172,0.065,0.4800142458200046,0.9717799724605801,14,26,61,0.034999999999973
COFs,DNGO-Joint,50,1,1,522,1.0,5.183631278536857,0.5,0,3,23,25.505
COFs,DNGO-Joint,50,2,0,196,0.065,4.122064020236402,0.5,1,3,24,25.439999999999998
COFs,DNGO-Joint,50,3,1,73,1.0,2.176261510666626,0.5,0,4,24,24.439999999999998
COFs,DNGO-Joint,50,4,0,523,0.065,2.153778944306898,0.5,1,4,25,24.374999999999996
COFs,DNGO-Joint,50,5,1,523,1.0,1.9966294895529744,0.5,0,5,25,23.375
COFs,DNGO-Joint,50,6,0,583,0.065,2.711049702956033,0.9943699967650137,1,5,26,23.31
COFs,DNGO-Joint,50,7,1,504,1.0,2.6717263274021876,0.9943699967650137,0,6,26,22.31
COFs,DNGO-Joint,50,8,0,3,0.065,2.4300451336266415,0.9948812559128075,1,6,27,22.244999999999997
COFs,DNGO-Joint,50,9,0,319,0.065,3.1330178490158085,0.9948812559128075,2,6,28,22.179999999999996
COFs,DNGO-Joint,50,10,0,212,0.065,2.1744017409027943,0.9948812559128075,3,6,29,22.115
COFs,DNGO-Joint,50,11,0,463,0.065,8.010172117996126,0.9948812559128075,4,6,30,22.049999999999997
COFs,DNGO-Joint,50,12,1,237,1.0,2.724719575470009,0.9948812559128075,0,7,30,21.049999999999997
COFs,DNGO-Joint,50,13,0,149,0.065,4.647275331538414,0.9373062102899543,1,7,31,20.984999999999996
COFs,DNGO-Joint,50,14,1,223,1.0,2.5545768270341407,0.9373062102899543,0,8,31,19.985
COFs,DNGO-Joint,50,15,0,526,0.065,5.478603136288302,0.9462232824181039,1,8,32,19.919999999999998
COFs,DNGO-Joint,50,16,0,301,0.065,3.065193130460511,0.9462232824181039,2,8,33,19.854999999999997
COFs,DNGO-Joint,50,17,1,45,1.0,2.4693552188864234,0.9462232824181039,0,9,33,18.854999999999997
COFs,DNGO-Joint,50,18,1,302,1.0,1.9868810333070446,0.9467281152035342,0,10,33,17.854999999999997
COFs,DNGO-Joint,50,19,1,319,1.0,1.8417554291766534,0.9535668523107821,0,11,33,16.854999999999997
COFs,DNGO-Joint,50,20,1,79,1.0,2.0456307071551114,0.9581716865319687,0,12,33,15.854999999999997
COFs,DNGO-Joint,50,21,0,524,0.065,2.0890200378288357,0.9565554592521749,1,12,34,15.79
COFs,DNGO-Joint,50,22,0,83,0.065,1.2287139863287435,0.9565554592521749,2,12,35,15.725
COFs,DNGO-Joint,50,23,0,62,0.065,2.5559484464060573,0.9565554592521749,3,12,36,15.66
COFs,DNGO-Joint,50,24,1,212,1.0,1.1846496440908336,0.9565554592521749,0,13,36,14.66
COFs,DNGO-Joint,50,25,1,135,1.0,1.260828415248015,0.9552364474667333,0,14,36,13.66
COFs,DNGO-Joint,50,26,1,463,1.0,1.3265411860031464,0.9571247009950612,0,15,36,12.66
COFs,DNGO-Joint,50,27,1,189,1.0,0.7549206009200893,0.9579248587390985,0,16,36,11.66
COFs,DNGO-Joint,50,28,0,500,0.065,0.9092871464567315,0.9610564303239442,1,16,37,11.595
COFs,DNGO-Joint,50,29,1,0,1.0,0.7602405634969924,0.9610564303239442,0,17,37,10.594999999999999
COFs,DNGO-Joint,50,30,0,71,0.065,0.44576938148200074,0.964731780917258,1,17,38,10.53
COFs,DNGO-Joint,50,31,1,98,1.0,0.4929921197957614,0.964731780917258,0,18,38,9.529999999999998
COFs,DNGO-Joint,50,32,1,500,1.0,0.46315982905345154,0.968427436624214,0,19,38,8.529999999999998
COFs,DNGO-Joint,50,33,1,9,1.0,0.4069456484948146,0.9695412848257541,0,20,38,7.529999999999998
COFs,DNGO-Joint,50,34,0,105,0.065,0.45586586502092874,0.9699903049904915,1,20,39,7.464999999999997
COFs,DNGO-Joint,50,35,0,318,0.065,0.647296269780701,0.9699903049904915,2,20,40,7.399999999999996
COFs,DNGO-Joint,50,36,1,195,1.0,0.40868095016628025,0.9699903049904915,0,21,40,6.399999999999995
COFs,DNGO-Joint,50,37,0,14,0.065,0.16184546168474986,0.9699903049904915,1,21,41,6.334999999999995
COFs,DNGO-Joint,50,38,1,583,1.0,0.18120006058383198,0.9699903049904915,0,22,41,5.334999999999994
COFs,DNGO-Joint,50,39,0,519,0.065,0.14452752342856648,0.9709471654586768,1,22,42,5.269999999999993
COFs,DNGO-Joint,50,40,0,72,0.065,0.16221279919438458,0.9709471654586768,2,22,43,5.204999999999992
COFs,DNGO-Joint,50,41,0,515,0.065,0.18875803745821315,0.9709471654586768,3,22,44,5.139999999999991
COFs,DNGO-Joint,50,42,0,176,0.065,0.49949316912631303,0.9709471654586768,4,22,45,5.0749999999999895
COFs,DNGO-Joint,50,43,1,224,1.0,0.22734217646629118,0.9709471654586768,0,23,45,4.074999999999989
COFs,DNGO-Joint,50,44,1,3,1.0,0.14867495547746112,0.9714908833700673,0,24,45,3.0749999999999886
COFs,DNGO-Joint,50,45,0,421,0.065,0.22208700211083196,0.9702686738960131,1,24,46,3.0099999999999887
COFs,DNGO-Joint,50,46,1,336,1.0,0.09416237170467451,0.9702686738960131,0,25,46,2.0099999999999874
COFs,DNGO-Joint,50,47,0,543,0.065,0.16228788485517587,0.9717176508360377,1,25,47,1.9449999999999874
COFs,DNGO-Joint,50,48,0,356,0.065,0.06939578437900999,0.9717176508360377,2,25,48,1.8799999999999861
COFs,DNGO-Joint,50,49,1,14,1.0,0.07100053094541248,0.9717176508360377,0,26,48,0.8799999999999848
COFs,DNGO-Joint,50,50,0,13,0.065,0.08581339720395248,0.9716192023845454,1,26,49,0.8149999999999848
COFs,DNGO-Joint,50,51,0,18,0.065,0.064718722647942,0.9716192023845454,2,26,50,0.7499999999999836
COFs,DNGO-Joint,50,52,0,287,0.065,0.07658527983474395,0.9716192023845454,3,26,51,0.6849999999999823
COFs,DNGO-Joint,50,53,0,464,0.065,0.055614250567263476,0.9716192023845454,4,26,52,0.619999999999981
COFs,DNGO-Joint,50,54,0,520,0.065,0.04342496556301995,0.9716192023845454,5,26,53,0.5549999999999797
COFs,DNGO-Joint,50,55,0,134,0.065,0.09088206194310161,0.9716192023845454,6,26,54,0.4899999999999784
COFs,DNGO-Joint,50,56,0,10,0.065,0.06029630268428232,0.9716192023845454,7,26,55,0.4249999999999771
COFs,DNGO-Joint,50,57,0,310,0.065,0.03747747183495872,0.9716192023845454,8,26,56,0.35999999999997584
COFs,DNGO-Joint,50,58,0,6,0.065,0.047396345869261766,0.9716192023845454,9,26,57,0.29499999999997456
COFs,DNGO-Joint,50,59,0,477,0.065,0.060643372291326325,0.9716192023845454,10,26,58,0.22999999999997328
COFs,DNGO-Joint,50,60,0,41,0.065,0.03629836522598188,0.9716192023845454,11,26,59,0.164999999999972
COFs,DNGO-Joint,50,61,0,11,0.065,0.027013249562045587,0.9716192023845454,12,26,60,0.09999999999997072
COFs,DNGO-Joint,50,62,0,303,0.065,0.027281334238633395,0.9716192023845454,13,26,61,0.034999999999969444
COFs,DNGO-Joint,51,1,1,319,1.0,14.28549115510771,0.5,0,3,23,25.505
COFs,DNGO-Joint,51,2,0,135,0.065,5.342247335652108,0.5,1,3,24,25.439999999999998
COFs,DNGO-Joint,51,3,0,237,0.065,6.21785012751653,0.5,2,3,25,25.374999999999996
COFs,DNGO-Joint,51,4,0,521,0.065,10.687960836572756,0.5,3,3,26,25.31
COFs,DNGO-Joint,51,5,0,523,0.065,8.653721527594538,0.5,4,3,27,25.244999999999997
COFs,DNGO-Joint,51,6,0,196,0.065,9.382594884160616,0.5,5,3,28,25.179999999999996
COFs,DNGO-Joint,51,7,1,98,1.0,4.782231915469221,0.5,0,4,28,24.18
COFs,DNGO-Joint,51,8,1,71,1.0,3.402219710336502,0.5,0,5,28,23.18
COFs,DNGO-Joint,51,9,1,318,1.0,2.1165884975457008,0.5,0,6,28,22.18
COFs,DNGO-Joint,51,10,1,45,1.0,2.223312640589554,0.5,0,7,28,21.18
COFs,DNGO-Joint,51,11,0,212,0.065,2.69447625871634,0.9996308653306919,1,7,29,21.115
COFs,DNGO-Joint,51,12,0,10,0.065,3.7559411875956052,0.9996308653306919,2,7,30,21.049999999999997
COFs,DNGO-Joint,51,13,0,48,0.065,1.8611236287375388,0.9996308653306919,3,7,31,20.984999999999996
COFs,DNGO-Joint,51,14,0,41,0.065,2.1843199301782565,0.9996308653306919,4,7,32,20.919999999999998
COFs,DNGO-Joint,51,15,0,515,0.065,1.494724330860209,0.9996308653306919,5,7,33,20.855
COFs,DNGO-Joint,51,16,1,463,1.0,1.3232978423378092,0.9996308653306919,0,8,33,19.855
COFs,DNGO-Joint,51,17,1,523,1.0,1.422210839946602,0.9996308653306919,0,9,33,18.855
COFs,DNGO-Joint,51,18,0,429,0.065,2.7636079253386963,0.9629100317755306,1,9,34,18.79
COFs,DNGO-Joint,51,19,0,301,0.065,2.403728326329949,0.9629100317755306,2,9,35,18.724999999999998
COFs,DNGO-Joint,51,20,0,234,0.065,1.9968316473929129,0.9629100317755306,3,9,36,18.66
COFs,DNGO-Joint,51,21,0,200,0.065,1.7988880709408759,0.9629100317755306,4,9,37,18.595000000000002
COFs,DNGO-Joint,51,22,0,526,0.065,7.630530065435399,0.9629100317755306,5,9,38,18.53
COFs,DNGO-Joint,51,23,0,14,0.065,9.535175939952635,0.9629100317755306,6,9,39,18.465
COFs,DNGO-Joint,51,24,0,11,0.065,2.810041716886273,0.9629100317755306,7,9,40,18.400000000000002
COFs,DNGO-Joint,51,25,0,486,0.065,9.75382509397419,0.9629100317755306,8,9,41,18.335000000000004
COFs,DNGO-Joint,51,26,0,542,0.065,7.595159694335748,0.9629100317755306,9,9,42,18.270000000000003
COFs,DNGO-Joint,51,27,0,284,0.065,8.55484877432913,0.9629100317755306,10,9,43,18.205000000000002
COFs,DNGO-Joint,51,28,0,3,0.065,6.26012315472979,0.9629100317755306,11,9,44,18.140000000000004
COFs,DNGO-Joint,51,29,1,336,1.0,1.6526749387157813,0.9629100317755306,0,10,44,17.140000000000008
COFs,DNGO-Joint,51,30,0,206,0.065,2.2665766192570334,0.9718717337052233,1,10,45,17.075000000000006
COFs,DNGO-Joint,51,31,0,149,0.065,6.588037505988823,0.9718717337052233,2,10,46,17.010000000000005
COFs,DNGO-Joint,51,32,0,287,0.065,1.4615952448509404,0.9718717337052233,3,10,47,16.945000000000004
COFs,DNGO-Joint,51,33,1,522,1.0,1.2242247037788878,0.9718717337052233,0,11,47,15.945000000000007
COFs,DNGO-Joint,51,34,1,223,1.0,1.3951582161062144,0.9732925644355384,0,12,47,14.945000000000007
COFs,DNGO-Joint,51,35,0,464,0.065,1.0697325729647196,0.9744900028510066,1,12,48,14.880000000000008
COFs,DNGO-Joint,51,36,0,588,0.065,2.885735070033913,0.9744900028510066,2,12,49,14.815000000000008
COFs,DNGO-Joint,51,37,0,367,0.065,1.3136594206264023,0.9744900028510066,3,12,50,14.750000000000009
COFs,DNGO-Joint,51,38,0,519,0.065,1.9363247398800758,0.9744900028510066,4,12,51,14.68500000000001
COFs,DNGO-Joint,51,39,0,83,0.065,1.0002810852358275,0.9744900028510066,5,12,52,14.62000000000001
COFs,DNGO-Joint,51,40,1,9,1.0,0.8884585552808999,0.9744900028510066,0,13,52,13.62000000000001
COFs,DNGO-Joint,51,41,1,73,1.0,0.6800923223895345,0.9751857042598076,0,14,52,12.620000000000012
COFs,DNGO-Joint,51,42,0,78,0.065,0.8182109487987523,0.9758874876466761,1,14,53,12.555000000000012
COFs,DNGO-Joint,51,43,0,80,0.065,0.7118140583803964,0.9758874876466761,2,14,54,12.49000000000001
COFs,DNGO-Joint,51,44,1,521,1.0,0.7404831075069629,0.9758874876466761,0,15,54,11.490000000000009
COFs,DNGO-Joint,51,45,0,105,0.065,0.854816776317142,0.9667105851210634,1,15,55,11.42500000000001
COFs,DNGO-Joint,51,46,0,22,0.065,0.7707400698271744,0.9667105851210634,2,15,56,11.360000000000008
COFs,DNGO-Joint,51,47,0,376,0.065,0.6788090524573704,0.9667105851210634,3,15,57,11.295000000000007
COFs,DNGO-Joint,51,48,0,375,0.065,28.614218272112684,0.9667105851210634,4,15,58,11.230000000000006
COFs,DNGO-Joint,51,49,0,65,0.065,13.492392698758477,0.9667105851210634,5,15,59,11.165000000000004
COFs,DNGO-Joint,51,50,0,338,0.065,1.4696004655887234,0.9667105851210634,6,15,60,11.100000000000003
COFs,DNGO-Joint,51,51,0,527,0.065,1.5413211477127804,0.9667105851210634,7,15,61,11.035000000000002
COFs,DNGO-Joint,51,52,0,270,0.065,1.5634715681703728,0.9667105851210634,8,15,62,10.97
COFs,DNGO-Joint,51,53,0,217,0.065,1.3071929698164357,0.9667105851210634,9,15,63,10.905
COFs,DNGO-Joint,51,54,1,0,1.0,1.2398561408486326,0.9667105851210634,0,16,63,9.904999999999998
COFs,DNGO-Joint,51,55,0,283,0.065,0.799665165545222,0.969766303536278,1,16,64,9.839999999999998
COFs,DNGO-Joint,51,56,0,50,0.065,0.8045225461242969,0.969766303536278,2,16,65,9.774999999999997
COFs,DNGO-Joint,51,57,0,332,0.065,1.4915261795421757,0.969766303536278,3,16,66,9.709999999999996
COFs,DNGO-Joint,51,58,0,500,0.065,3.3391938675382162,0.969766303536278,4,16,67,9.644999999999994
COFs,DNGO-Joint,51,59,0,333,0.065,1.2354105616031772,0.969766303536278,5,16,68,9.579999999999993
COFs,DNGO-Joint,51,60,0,493,0.065,3.1657072686958525,0.969766303536278,6,16,69,9.514999999999992
COFs,DNGO-Joint,51,61,1,376,1.0,1.0398864357437645,0.969766303536278,0,17,69,8.51499999999999
COFs,DNGO-Joint,51,62,1,375,1.0,1.5940953405432872,0.9730334560033721,0,18,69,7.51499999999999
COFs,DNGO-Joint,51,63,1,237,1.0,1.0132129246913586,0.9755911480865582,0,19,69,6.51499999999999
COFs,DNGO-Joint,51,64,1,212,1.0,1.5244675362902256,0.9734774683585352,0,20,69,5.51499999999999
COFs,DNGO-Joint,51,65,0,535,0.065,0.8642758197532271,0.9731080815982185,1,20,70,5.4499999999999895
COFs,DNGO-Joint,51,66,0,155,0.065,1.1001400139517017,0.9731080815982185,2,20,71,5.384999999999988
COFs,DNGO-Joint,51,67,0,263,0.065,1.3647684788292997,0.9731080815982185,3,20,72,5.319999999999987
COFs,DNGO-Joint,51,68,0,6,0.065,3.3182665073028774,0.9731080815982185,4,20,73,5.254999999999986
COFs,DNGO-Joint,51,69,0,337,0.065,1.3782621548668639,0.9731080815982185,5,20,74,5.189999999999984
COFs,DNGO-Joint,51,70,1,300,1.0,1.3023740392559267,0.9731080815982185,0,21,74,4.1899999999999835
COFs,DNGO-Joint,51,71,0,247,0.065,0.8009951515140797,0.9731080815982185,1,21,75,4.124999999999983
COFs,DNGO-Joint,51,72,1,78,1.0,1.047257061502932,0.9731080815982185,0,22,75,3.1249999999999822
COFs,DNGO-Joint,51,73,0,596,0.065,0.6862283674558324,0.9722069537521322,1,22,76,3.0599999999999823
COFs,DNGO-Joint,51,74,0,151,0.065,1.405734286766033,0.9722069537521322,2,22,77,2.994999999999981
COFs,DNGO-Joint,51,75,0,334,0.065,0.7052587430461255,0.9722069537521322,3,22,78,2.9299999999999797
COFs,DNGO-Joint,51,76,0,560,0.065,1.0032054844419032,0.9722069537521322,4,22,79,2.8649999999999785
COFs,DNGO-Joint,51,77,0,134,0.065,0.5255229123822958,0.9722069537521322,5,22,80,2.799999999999977
COFs,DNGO-Joint,51,78,1,200,1.0,0.6471633576995708,0.9722069537521322,0,23,80,1.7999999999999758
COFs,DNGO-Joint,51,79,0,428,0.065,1.0187578757710891,0.9730110541382146,1,23,81,1.734999999999976
COFs,DNGO-Joint,51,80,0,18,0.065,1.1173559574656737,0.9730110541382146,2,23,82,1.6699999999999746
COFs,DNGO-Joint,51,81,1,234,1.0,0.9034689796946749,0.9730110541382146,0,24,82,0.6699999999999733
COFs,DNGO-Joint,51,82,0,72,0.065,0.5714636919682485,0.9716279226607905,1,24,83,0.6049999999999733
COFs,DNGO-Joint,51,83,0,574,0.065,0.3749797009159635,0.9716279226607905,2,24,84,0.5399999999999721
COFs,DNGO-Joint,51,84,0,286,0.065,0.40729135405819555,0.9716279226607905,3,24,85,0.4749999999999707
COFs,DNGO-Joint,51,85,0,201,0.065,0.4046666521964867,0.9716279226607905,4,24,86,0.40999999999996944
COFs,DNGO-Joint,51,86,0,325,0.065,0.2880799076658706,0.9716279226607905,5,24,87,0.34499999999996817
COFs,DNGO-Joint,51,87,0,262,0.065,0.2399416788094208,0.9716279226607905,6,24,88,0.2799999999999669
COFs,DNGO-Joint,51,88,0,525,0.065,0.4396275728446022,0.9716279226607905,7,24,89,0.2149999999999656
COFs,DNGO-Joint,51,89,0,116,0.065,0.6183023027957939,0.9716279226607905,8,24,90,0.14999999999996433
COFs,DNGO-Joint,51,90,0,44,0.065,0.7943799452340609,0.9716279226607905,9,24,91,0.08499999999996305
COFs,DNGO-Joint,51,91,0,133,0.065,0.19551861544697796,0.9716279226607905,10,24,92,0.01999999999996177
COFs,DNGO-Joint,52,1,1,237,1.0,10.5761233718101,0.5,0,3,23,25.505
COFs,DNGO-Joint,52,2,0,523,0.065,8.364263998463498,0.5,1,3,24,25.439999999999998
COFs,DNGO-Joint,52,3,0,463,0.065,8.383762498936523,0.5,2,3,25,25.374999999999996
COFs,DNGO-Joint,52,4,0,583,0.065,14.431656076793734,0.5,3,3,26,25.31
COFs,DNGO-Joint,52,5,0,282,0.065,3.1687146889521336,0.5,4,3,27,25.244999999999997
COFs,DNGO-Joint,52,6,1,45,1.0,3.7226809446649365,0.5,0,4,27,24.244999999999997
COFs,DNGO-Joint,52,7,1,523,1.0,2.396987436207523,0.5,0,5,27,23.244999999999997
COFs,DNGO-Joint,52,8,0,504,0.065,3.335525978818419,0.8385958341079611,1,5,28,23.179999999999996
COFs,DNGO-Joint,52,9,0,155,0.065,3.2377335229979396,0.8385958341079611,2,5,29,23.115
COFs,DNGO-Joint,52,10,0,196,0.065,2.8035151147692603,0.8385958341079611,3,5,30,23.049999999999997
COFs,DNGO-Joint,52,11,1,73,1.0,2.0002021558598755,0.8385958341079611,0,6,30,22.049999999999997
COFs,DNGO-Joint,52,12,1,223,1.0,2.2623146640101615,0.9139212214472513,0,7,30,21.049999999999997
COFs,DNGO-Joint,52,13,1,189,1.0,1.1438573713261446,0.9323723013211734,0,8,30,20.049999999999997
COFs,DNGO-Joint,52,14,1,262,1.0,1.4046616379731112,0.9435113093284456,0,9,30,19.049999999999997
COFs,DNGO-Joint,52,15,1,336,1.0,1.9124529631908955,0.9435113093284456,0,10,30,18.049999999999997
COFs,DNGO-Joint,52,16,1,0,1.0,1.6356994979522632,0.9535992448482012,0,11,30,17.049999999999997
COFs,DNGO-Joint,52,17,0,325,0.065,1.446494279515501,0.9583615211681823,1,11,31,16.984999999999996
COFs,DNGO-Joint,52,18,0,3,0.065,2.8418831601549055,0.9583615211681823,2,11,32,16.919999999999998
COFs,DNGO-Joint,52,19,1,500,1.0,0.9978638123464951,0.9583615211681823,0,12,32,15.919999999999998
COFs,DNGO-Joint,52,20,0,519,0.065,0.7902958768865317,0.960004071915793,1,12,33,15.854999999999999
COFs,DNGO-Joint,52,21,0,332,0.065,0.7399219434168786,0.960004071915793,2,12,34,15.79
COFs,DNGO-Joint,52,22,0,334,0.065,1.0560529707373454,0.960004071915793,3,12,35,15.725
COFs,DNGO-Joint,52,23,1,504,1.0,0.7670249482705329,0.960004071915793,0,13,35,14.725
COFs,DNGO-Joint,52,24,0,335,0.065,0.9036431241817763,0.9618244955042673,1,13,36,14.66
COFs,DNGO-Joint,52,25,0,428,0.065,0.7358208995394365,0.9618244955042673,2,13,37,14.595
COFs,DNGO-Joint,52,26,1,98,1.0,0.4798051213792389,0.9618244955042673,0,14,37,13.595
COFs,DNGO-Joint,52,27,0,486,0.065,0.9033213233332913,0.9648808271817477,1,14,38,13.53
COFs,DNGO-Joint,52,28,0,149,0.065,1.98509365857756,0.9648808271817477,2,14,39,13.464999999999998
COFs,DNGO-Joint,52,29,0,542,0.065,0.7094840376618085,0.9648808271817477,3,14,40,13.399999999999997
COFs,DNGO-Joint,52,30,0,527,0.065,0.6358989414327262,0.9648808271817477,4,14,41,13.334999999999996
COFs,DNGO-Joint,52,31,0,71,0.065,0.7045703911021847,0.9648808271817477,5,14,42,13.269999999999994
COFs,DNGO-Joint,52,32,0,105,0.065,0.446507918430393,0.9648808271817477,6,14,43,13.204999999999993
COFs,DNGO-Joint,52,33,1,522,1.0,0.5224630944780189,0.9648808271817477,0,15,43,12.204999999999991
COFs,DNGO-Joint,52,34,0,212,0.065,0.5122259326655721,0.9675909509224054,1,15,44,12.139999999999992
COFs,DNGO-Joint,52,35,0,464,0.065,0.6779389407132588,0.9675909509224054,2,15,45,12.07499999999999
COFs,DNGO-Joint,52,36,0,376,0.065,1.050247211833082,0.9675909509224054,3,15,46,12.00999999999999
COFs,DNGO-Joint,52,37,0,375,0.065,24.836353029301534,0.9675909509224054,4,15,47,11.944999999999988
COFs,DNGO-Joint,52,38,0,338,0.065,2.078007452044555,0.9675909509224054,5,15,48,11.879999999999987
COFs,DNGO-Joint,52,39,0,515,0.065,1.618370045897948,0.9675909509224054,6,15,49,11.814999999999985
COFs,DNGO-Joint,52,40,0,477,0.065,6.8746881386151015,0.9675909509224054,7,15,50,11.749999999999984
COFs,DNGO-Joint,52,41,0,319,0.065,0.9477357368755447,0.9675909509224054,8,15,51,11.684999999999983
COFs,DNGO-Joint,52,42,0,135,0.065,1.1272108712994475,0.9675909509224054,9,15,52,11.619999999999981
COFs,DNGO-Joint,52,43,0,134,0.065,1.0235095683708677,0.9675909509224054,10,15,53,11.55499999999998
COFs,DNGO-Joint,52,44,1,376,1.0,0.8063592170382432,0.9675909509224054,0,16,53,10.554999999999978
COFs,DNGO-Joint,52,45,1,375,1.0,1.4252690830636525,0.9726630395318696,0,17,53,9.554999999999978
COFs,DNGO-Joint,52,46,0,316,0.065,2.671722423529935,0.9762107273590246,1,17,54,9.489999999999979
COFs,DNGO-Joint,52,47,1,319,1.0,1.2406160141666571,0.9762107273590246,0,18,54,8.489999999999977
COFs,DNGO-Joint,52,48,1,302,1.0,1.102143084872643,0.9781051003524956,0,19,54,7.489999999999977
COFs,DNGO-Joint,52,49,0,41,0.065,1.3635911338190694,0.9789728037247718,1,19,55,7.424999999999977
COFs,DNGO-Joint,52,50,1,212,1.0,1.7157968361911307,0.9789728037247718,0,20,55,6.424999999999976
COFs,DNGO-Joint,52,51,0,337,0.065,0.7243739729390118,0.978655100025814,1,20,56,6.3599999999999755
COFs,DNGO-Joint,52,52,0,10,0.065,0.7361586966374943,0.978655100025814,2,20,57,6.294999999999974
COFs,DNGO-Joint,52,53,0,303,0.065,1.670705238684542,0.978655100025814,3,20,58,6.229999999999973
COFs,DNGO-Joint,52,54,0,95,0.065,0.8177219460024823,0.978655100025814,4,20,59,6.164999999999972
COFs,DNGO-Joint,52,55,0,201,0.065,0.7851975334190343,0.978655100025814,5,20,60,6.09999999999997
COFs,DNGO-Joint,52,56,0,232,0.065,0.5171742745588022,0.978655100025814,6,20,61,6.034999999999969
COFs,DNGO-Joint,52,57,1,521,1.0,0.445194089820651,0.978655100025814,0,21,61,5.034999999999968
COFs,DNGO-Joint,52,58,1,83,1.0,0.43778888568080543,0.9778816599391873,0,22,61,4.034999999999968
COFs,DNGO-Joint,52,59,0,524,0.065,0.6485133256493903,0.9778816599391873,1,22,62,3.969999999999968
COFs,DNGO-Joint,52,60,0,59,0.065,0.38375674058584486,0.9778816599391873,2,22,63,3.904999999999967
COFs,DNGO-Joint,52,61,0,78,0.065,0.3933201477452436,0.9778816599391873,3,22,64,3.8399999999999657
COFs,DNGO-Joint,52,62,0,263,0.065,0.7058403444268562,0.9778816599391873,4,22,65,3.7749999999999644
COFs,DNGO-Joint,52,63,0,270,0.065,2.130676868903645,0.9778816599391873,5,22,66,3.709999999999963
COFs,DNGO-Joint,52,64,0,80,0.065,0.8031755014018473,0.9778816599391873,6,22,67,3.644999999999962
COFs,DNGO-Joint,52,65,0,247,0.065,0.4392628100212913,0.9778816599391873,7,22,68,3.5799999999999605
COFs,DNGO-Joint,52,66,0,206,0.065,1.5993443546250379,0.9778816599391873,8,22,69,3.5149999999999593
COFs,DNGO-Joint,52,67,0,269,0.065,0.4538257526486016,0.9778816599391873,9,22,70,3.449999999999958
COFs,DNGO-Joint,52,68,0,11,0.065,0.3554359489806104,0.9778816599391873,10,22,71,3.3849999999999567
COFs,DNGO-Joint,52,69,1,25,1.0,0.4384903823423143,0.9778816599391873,0,23,71,2.3849999999999554
COFs,DNGO-Joint,52,70,0,5,0.065,2.1173266512370335,0.9784998384771075,1,23,72,2.3199999999999554
COFs,DNGO-Joint,52,71,0,7,0.065,0.37117447653888197,0.9784998384771075,2,23,73,2.254999999999954
COFs,DNGO-Joint,52,72,0,596,0.065,0.3146687022295079,0.9784998384771075,3,23,74,2.189999999999953
COFs,DNGO-Joint,52,73,1,498,1.0,0.6790279364859513,0.9784998384771075,0,24,74,1.1899999999999515
COFs,DNGO-Joint,52,74,0,65,0.065,0.4113668148093181,0.9784998384771075,1,24,75,1.1249999999999516
COFs,DNGO-Joint,52,75,0,283,0.065,0.27804643387227496,0.9784998384771075,2,24,76,1.0599999999999503
COFs,DNGO-Joint,52,76,0,429,0.065,0.5665553747014426,0.9784998384771075,3,24,77,0.994999999999949
COFs,DNGO-Joint,52,77,0,310,0.065,0.8959142258391463,0.9784998384771075,4,24,78,0.9299999999999478
COFs,DNGO-Joint,52,78,0,18,0.065,0.5157760567672138,0.9784998384771075,5,24,79,0.8649999999999465
COFs,DNGO-Joint,52,79,0,284,0.065,0.681231819598733,0.9784998384771075,6,24,80,0.7999999999999452
COFs,DNGO-Joint,52,80,0,574,0.065,0.47850123096042607,0.9784998384771075,7,24,81,0.7349999999999439
COFs,DNGO-Joint,52,81,0,560,0.065,1.0460631109144771,0.9784998384771075,8,24,82,0.6699999999999426
COFs,DNGO-Joint,52,82,0,50,0.065,0.5393239273014918,0.9784998384771075,9,24,83,0.6049999999999414
COFs,DNGO-Joint,52,83,0,200,0.065,0.45990658352852937,0.9784998384771075,10,24,84,0.5399999999999401
COFs,DNGO-Joint,52,84,0,234,0.065,2.659276586635584,0.9784998384771075,11,24,85,0.47499999999993875
COFs,DNGO-Joint,52,85,0,535,0.065,1.1375492397983842,0.9784998384771075,12,24,86,0.40999999999993747
COFs,DNGO-Joint,52,86,0,286,0.065,0.7959416086012742,0.9784998384771075,13,24,87,0.3449999999999362
COFs,DNGO-Joint,52,87,0,520,0.065,0.3153049246672574,0.9784998384771075,14,24,88,0.2799999999999349
COFs,DNGO-Joint,52,88,0,526,0.065,0.2692124491112243,0.9784998384771075,15,24,89,0.21499999999993363
COFs,DNGO-Joint,52,89,0,14,0.065,0.28629584263869173,0.9784998384771075,16,24,90,0.14999999999993235
COFs,DNGO-Joint,52,90,0,44,0.065,0.3041413845251231,0.9784998384771075,17,24,91,0.08499999999993108
COFs,DNGO-Joint,52,91,0,493,0.065,0.18613468418810786,0.9784998384771075,18,24,92,0.019999999999929796
COFs,DNGO-Joint,53,1,1,237,1.0,12.733353410906199,0.5,0,3,23,25.505
COFs,DNGO-Joint,53,2,0,523,0.065,12.25102836432344,0.5,1,3,24,25.439999999999998
COFs,DNGO-Joint,53,3,0,583,0.065,11.15491926571131,0.5,2,3,25,25.374999999999996
COFs,DNGO-Joint,53,4,0,0,0.065,11.035873492134245,0.5,3,3,26,25.31
COFs,DNGO-Joint,53,5,1,45,1.0,3.3597192842683268,0.5,0,4,26,24.31
COFs,DNGO-Joint,53,6,1,73,1.0,3.088749930021234,0.5,0,5,26,23.31
COFs,DNGO-Joint,53,7,1,523,1.0,1.966372136470355,0.5,0,6,26,22.31
COFs,DNGO-Joint,53,8,0,504,0.065,6.581653449885797,0.8385958341079611,1,6,27,22.244999999999997
COFs,DNGO-Joint,53,9,0,319,0.065,6.569573677533683,0.8385958341079611,2,6,28,22.179999999999996
COFs,DNGO-Joint,53,10,0,318,0.065,18.81225352049802,0.8385958341079611,3,6,29,22.115
COFs,DNGO-Joint,53,11,0,135,0.065,6.6000395563269585,0.8385958341079611,4,6,30,22.049999999999997
COFs,DNGO-Joint,53,12,0,72,0.065,5.046691323308675,0.8385958341079611,5,6,31,21.984999999999996
COFs,DNGO-Joint,53,13,0,3,0.065,2.021180620852276,0.8385958341079611,6,6,32,21.919999999999998
COFs,DNGO-Joint,53,14,1,319,1.0,2.2335868123487668,0.8385958341079611,0,7,32,20.919999999999998
COFs,DNGO-Joint,53,15,0,519,0.065,2.928065100161849,0.8460565257849403,1,7,33,20.854999999999997
COFs,DNGO-Joint,53,16,0,212,0.065,1.6449662903609041,0.8460565257849403,2,7,34,20.789999999999996
COFs,DNGO-Joint,53,17,1,79,1.0,2.625414002869088,0.8460565257849403,0,8,34,19.79
COFs,DNGO-Joint,53,18,1,212,1.0,1.7252264870945815,0.8772703578533514,0,9,34,18.79
COFs,DNGO-Joint,53,19,0,105,0.065,2.9584840680141657,0.8700531206172186,1,9,35,18.724999999999998
COFs,DNGO-Joint,53,20,1,463,1.0,1.518623829595825,0.8700531206172186,0,10,35,17.725
COFs,DNGO-Joint,53,21,1,98,1.0,1.3119112571774165,0.9102381307135603,0,11,35,16.725
COFs,DNGO-Joint,53,22,0,234,0.065,1.9340058467071144,0.9493272288454875,1,11,36,16.66
COFs,DNGO-Joint,53,23,0,526,0.065,2.429290362553884,0.9493272288454875,2,11,37,16.595
COFs,DNGO-Joint,53,24,0,14,0.065,6.681066624041128,0.9493272288454875,3,11,38,16.529999999999998
COFs,DNGO-Joint,53,25,0,149,0.065,2.5862781939593216,0.9493272288454875,4,11,39,16.465
COFs,DNGO-Joint,53,26,1,522,1.0,1.1415543364867646,0.9493272288454875,0,12,39,15.465000000000003
COFs,DNGO-Joint,53,27,0,500,0.065,5.928564265002679,0.9426179849654517,1,12,40,15.400000000000002
COFs,DNGO-Joint,53,28,1,521,1.0,0.750064648070343,0.9426179849654517,0,13,40,14.400000000000002
COFs,DNGO-Joint,53,29,1,223,1.0,1.4818250939523026,0.9393058113974004,0,14,40,13.400000000000002
COFs,DNGO-Joint,53,30,1,0,1.0,1.8137723033780102,0.9475334558294666,0,15,40,12.400000000000002
COFs,DNGO-Joint,53,31,0,486,0.065,2.2331909703812194,0.9568198681924797,1,15,41,12.335000000000003
COFs,DNGO-Joint,53,32,0,527,0.065,1.8122347977034838,0.9568198681924797,2,15,42,12.270000000000001
COFs,DNGO-Joint,53,33,0,375,0.065,4.648234817250033,0.9568198681924797,3,15,43,12.205
COFs,DNGO-Joint,53,34,0,376,0.065,30.69848966340435,0.9568198681924797,4,15,44,12.139999999999999
COFs,DNGO-Joint,53,35,0,172,0.065,5.299705005257033,0.9568198681924797,5,15,45,12.074999999999998
COFs,DNGO-Joint,53,36,0,515,0.065,3.598428467014272,0.9568198681924797,6,15,46,12.009999999999996
COFs,DNGO-Joint,53,37,0,477,0.065,6.374553934799497,0.9568198681924797,7,15,47,11.944999999999995
COFs,DNGO-Joint,53,38,0,338,0.065,4.642235522307874,0.9568198681924797,8,15,48,11.879999999999994
COFs,DNGO-Joint,53,39,0,542,0.065,1.9298750296377565,0.9568198681924797,9,15,49,11.814999999999992
COFs,DNGO-Joint,53,40,0,83,0.065,3.602676779245872,0.9568198681924797,10,15,50,11.749999999999991
COFs,DNGO-Joint,53,41,1,375,1.0,1.4538577831160393,0.9568198681924797,0,16,50,10.74999999999999
COFs,DNGO-Joint,53,42,1,376,1.0,2.297676429970457,0.9617995725054033,0,17,50,9.74999999999999
COFs,DNGO-Joint,53,43,0,196,0.065,2.671859179869426,0.9651278212582955,1,17,51,9.68499999999999
COFs,DNGO-Joint,53,44,0,130,0.065,3.4411675959021997,0.9651278212582955,2,17,52,9.619999999999989
COFs,DNGO-Joint,53,45,1,504,1.0,1.7782751523305835,0.9651278212582955,0,18,52,8.619999999999987
COFs,DNGO-Joint,53,46,1,336,1.0,1.233285406818683,0.9692414537921519,0,19,52,7.619999999999987
COFs,DNGO-Joint,53,47,1,486,1.0,1.0528699781955708,0.9729378202639417,0,20,52,6.619999999999987
COFs,DNGO-Joint,53,48,0,471,0.065,1.3193333969348409,0.9717288007642482,1,20,53,6.554999999999986
COFs,DNGO-Joint,53,49,0,464,0.065,1.211635156696839,0.9717288007642482,2,20,54,6.489999999999985
COFs,DNGO-Joint,53,50,0,524,0.065,0.7767844336210818,0.9717288007642482,3,20,55,6.424999999999984
COFs,DNGO-Joint,53,51,0,392,0.065,1.7394807926631026,0.9717288007642482,4,20,56,6.359999999999983
COFs,DNGO-Joint,53,52,0,6,0.065,0.866526993531602,0.9717288007642482,5,20,57,6.294999999999981
COFs,DNGO-Joint,53,53,0,325,0.065,1.1337004615730524,0.9717288007642482,6,20,58,6.22999999999998
COFs,DNGO-Joint,53,54,0,41,0.065,0.7427733178180129,0.9717288007642482,7,20,59,6.164999999999979
COFs,DNGO-Joint,53,55,0,155,0.065,0.7774398602812067,0.9717288007642482,8,20,60,6.099999999999977
COFs,DNGO-Joint,53,56,1,500,1.0,0.6590192228889646,0.9717288007642482,0,21,60,5.0999999999999766
COFs,DNGO-Joint,53,57,0,122,0.065,0.481853445936244,0.9734089240844327,1,21,61,5.034999999999976
COFs,DNGO-Joint,53,58,1,527,1.0,0.6500564597661018,0.9734089240844327,0,22,61,4.034999999999975
COFs,DNGO-Joint,53,59,1,189,1.0,0.6072092174117987,0.9734836316915838,0,23,61,3.0349999999999753
COFs,DNGO-Joint,53,60,0,543,0.065,0.5210329879683794,0.9748289472866369,1,23,62,2.9699999999999753
COFs,DNGO-Joint,53,61,0,303,0.065,0.6935239050394069,0.9748289472866369,2,23,63,2.904999999999974
COFs,DNGO-Joint,53,62,0,232,0.065,0.4143761945331259,0.9748289472866369,3,23,64,2.8399999999999728
COFs,DNGO-Joint,53,63,1,9,1.0,0.4118285041313894,0.9748289472866369,0,24,64,1.8399999999999714
COFs,DNGO-Joint,53,64,0,333,0.065,0.3898171885837821,0.9755231290570346,1,24,65,1.7749999999999715
COFs,DNGO-Joint,53,65,0,334,0.065,0.47663836880197485,0.9755231290570346,2,24,66,1.7099999999999702
COFs,DNGO-Joint,53,66,0,201,0.065,0.6519140455048658,0.9755231290570346,3,24,67,1.644999999999969
COFs,DNGO-Joint,53,67,0,332,0.065,0.4696179142056415,0.9755231290570346,4,24,68,1.5799999999999677
COFs,DNGO-Joint,53,68,0,553,0.065,0.3355025326096378,0.9755231290570346,5,24,69,1.5149999999999664
COFs,DNGO-Joint,53,69,1,333,1.0,0.4134999659718742,0.9755231290570346,0,25,69,0.514999999999965
COFs,DNGO-Joint,53,70,0,520,0.065,0.24739465574648187,0.9749496545846823,1,25,70,0.44999999999996504
COFs,DNGO-Joint,53,71,0,588,0.065,0.21291622711444483,0.9749496545846823,2,25,71,0.38499999999996376
COFs,DNGO-Joint,53,72,0,199,0.065,0.34933835869505214,0.9749496545846823,3,25,72,0.3199999999999625
COFs,DNGO-Joint,53,73,0,127,0.065,0.3158719727407135,0.9749496545846823,4,25,73,0.2549999999999612
COFs,DNGO-Joint,53,74,0,585,0.065,0.1799847703725102,0.9749496545846823,5,25,74,0.18999999999995992
COFs,DNGO-Joint,53,75,0,337,0.065,0.25456519122878646,0.9749496545846823,6,25,75,0.12499999999995864
COFs,DNGO-Joint,53,76,0,78,0.065,0.6675413806446207,0.9749496545846823,7,25,76,0.059999999999957365
COFs,DNGO-Joint,54,1,1,237,1.0,6.102549509892697,0.5,0,3,23,25.505
COFs,DNGO-Joint,54,2,0,521,0.065,3.469831038934208,0.5,1,3,24,25.439999999999998
COFs,DNGO-Joint,54,3,0,523,0.065,5.326896534945349,0.5,2,3,25,25.374999999999996
COFs,DNGO-Joint,54,4,0,196,0.065,7.878745819559361,0.5,3,3,26,25.31
COFs,DNGO-Joint,54,5,1,213,1.0,2.253700461738342,0.5,0,4,26,24.31
COFs,DNGO-Joint,54,6,1,98,1.0,3.3169181186331445,0.5,0,5,26,23.31
COFs,DNGO-Joint,54,7,0,500,0.065,4.019512352342116,0.5,1,5,27,23.244999999999997
COFs,DNGO-Joint,54,8,1,9,1.0,3.1176213274709585,0.5,0,6,27,22.244999999999997
COFs,DNGO-Joint,54,9,1,71,1.0,2.448074016706565,0.9999686898539446,0,7,27,21.244999999999997
COFs,DNGO-Joint,54,10,0,515,0.065,1.9781944472801336,0.9999686898539446,1,7,28,21.179999999999996
COFs,DNGO-Joint,54,11,0,498,0.065,1.2768224126252483,0.9999686898539446,2,7,29,21.115
COFs,DNGO-Joint,54,12,0,319,0.065,2.256588966286312,0.9999686898539446,3,7,30,21.049999999999997
COFs,DNGO-Joint,54,13,0,212,0.065,2.1475789308740607,0.9999686898539446,4,7,31,20.984999999999996
COFs,DNGO-Joint,54,14,1,500,1.0,1.099812841039551,0.9999686898539446,0,8,31,19.985
COFs,DNGO-Joint,54,15,0,149,0.065,3.69325413883805,0.999963797103121,1,8,32,19.919999999999998
COFs,DNGO-Joint,54,16,0,301,0.065,3.0414241839052973,0.999963797103121,2,8,33,19.855
COFs,DNGO-Joint,54,17,1,223,1.0,0.9842921590596896,0.999963797103121,0,9,33,18.855
COFs,DNGO-Joint,54,18,1,463,1.0,0.7163720281644834,0.9999644019907229,0,10,33,17.855
COFs,DNGO-Joint,54,19,0,10,0.065,0.9289105372957284,0.9999644019907229,1,10,34,17.79
COFs,DNGO-Joint,54,20,1,336,1.0,0.8296782674945571,0.9999644019907229,0,11,34,16.79
COFs,DNGO-Joint,54,21,0,171,0.065,0.5582958712792033,0.9999589739323117,1,11,35,16.724999999999998
COFs,DNGO-Joint,54,22,0,234,0.065,0.5055895466191929,0.9999589739323117,2,11,36,16.66
COFs,DNGO-Joint,54,23,0,526,0.065,2.2315323703954197,0.9999589739323117,3,11,37,16.595000000000002
COFs,DNGO-Joint,54,24,0,486,0.065,3.3427995408797453,0.9999589739323117,4,11,38,16.53
COFs,DNGO-Joint,54,25,0,41,0.065,3.0398540874970377,0.9999589739323117,5,11,39,16.465
COFs,DNGO-Joint,54,26,0,375,0.065,2.382385975930191,0.9999589739323117,6,11,40,16.400000000000002
COFs,DNGO-Joint,54,27,0,376,0.065,30.946626697576292,0.9999589739323117,7,11,41,16.335000000000004
COFs,DNGO-Joint,54,28,0,65,0.065,3.8039362378896904,0.9999589739323117,8,11,42,16.270000000000003
COFs,DNGO-Joint,54,29,0,338,0.065,1.517268547560996,0.9999589739323117,9,11,43,16.205000000000002
COFs,DNGO-Joint,54,30,0,14,0.065,2.2813572585567616,0.9999589739323117,10,11,44,16.140000000000004
COFs,DNGO-Joint,54,31,0,95,0.065,2.355252858337188,0.9999589739323117,11,11,45,16.075000000000006
COFs,DNGO-Joint,54,32,0,83,0.065,1.3955525794022197,0.9999589739323117,12,11,46,16.010000000000005
COFs,DNGO-Joint,54,33,0,527,0.065,0.7740580793326824,0.9999589739323117,13,11,47,15.945000000000006
COFs,DNGO-Joint,54,34,0,217,0.065,1.273963712040491,0.9999589739323117,14,11,48,15.880000000000008
COFs,DNGO-Joint,54,35,0,333,0.065,1.0634970186740669,0.9999589739323117,15,11,49,15.815000000000008
COFs,DNGO-Joint,54,36,0,17,0.065,2.0896974678120936,0.9999589739323117,16,11,50,15.750000000000009
COFs,DNGO-Joint,54,37,0,78,0.065,1.3538525411597644,0.9999589739323117,17,11,51,15.68500000000001
COFs,DNGO-Joint,54,38,0,334,0.065,1.4029800334046147,0.9999589739323117,18,11,52,15.62000000000001
COFs,DNGO-Joint,54,39,0,542,0.065,1.2530024280125094,0.9999589739323117,19,11,53,15.55500000000001
COFs,DNGO-Joint,54,40,0,201,0.065,0.9390474470356962,0.9999589739323117,20,11,54,15.49000000000001
COFs,DNGO-Joint,54,41,0,337,0.065,1.0134256588352317,0.9999589739323117,21,11,55,15.425000000000011
COFs,DNGO-Joint,54,42,0,415,0.065,0.8807136681365169,0.9999589739323117,22,11,56,15.360000000000012
COFs,DNGO-Joint,54,43,0,105,0.065,1.0742368275041314,0.9999589739323117,23,11,57,15.295000000000012
COFs,DNGO-Joint,54,44,0,6,0.065,0.4977200126251002,0.9999589739323117,24,11,58,15.230000000000013
COFs,DNGO-Joint,54,45,1,553,1.0,0.8197475230320934,0.9999589739323117,0,12,58,14.230000000000013
COFs,DNGO-Joint,54,46,0,332,0.065,0.5525198285080439,0.9999589739323117,1,12,59,14.165000000000013
COFs,DNGO-Joint,54,47,0,155,0.065,0.4862813141483896,0.9999589739323117,2,12,60,14.100000000000014
COFs,DNGO-Joint,54,48,0,3,0.065,0.4675479793605944,0.9999589739323117,3,12,61,14.035000000000014
COFs,DNGO-Joint,54,49,1,224,1.0,0.5948075268430535,0.9999589739323117,0,13,61,13.035000000000014
COFs,DNGO-Joint,54,50,0,176,0.065,2.531681980837241,0.999956457110839,1,13,62,12.970000000000015
COFs,DNGO-Joint,54,51,0,535,0.065,0.49539001244131786,0.999956457110839,2,13,63,12.905000000000014
COFs,DNGO-Joint,54,52,0,519,0.065,0.30634704276461105,0.999956457110839,3,13,64,12.840000000000012
COFs,DNGO-Joint,54,53,0,482,0.065,0.32298796479371844,0.999956457110839,4,13,65,12.775000000000011
COFs,DNGO-Joint,54,54,0,270,0.065,0.8954157459288125,0.999956457110839,5,13,66,12.71000000000001
COFs,DNGO-Joint,54,55,1,375,1.0,0.5680313983553389,0.999956457110839,0,14,66,11.710000000000008
COFs,DNGO-Joint,54,56,1,376,1.0,1.1730430029459291,0.9981599155930223,0,15,66,10.710000000000008
COFs,DNGO-Joint,54,57,1,41,1.0,1.1679657526085736,0.9982050327623561,0,16,66,9.710000000000008
COFs,DNGO-Joint,54,58,0,318,0.065,0.6316932309818512,0.9980084768576032,1,16,67,9.645000000000008
COFs,DNGO-Joint,54,59,1,234,1.0,0.6981204291385479,0.9980084768576032,0,17,67,8.645000000000007
COFs,DNGO-Joint,54,60,0,316,0.065,0.8875753291418558,0.9976402000696132,1,17,68,8.580000000000007
COFs,DNGO-Joint,54,61,1,486,1.0,0.6760821270562083,0.9976402000696132,0,18,68,7.580000000000005
COFs,DNGO-Joint,54,62,0,130,0.065,0.5638424311514755,0.9942426784061907,1,18,69,7.515000000000005
COFs,DNGO-Joint,54,63,1,302,1.0,0.600356909894356,0.9942426784061907,0,19,69,6.515000000000004
COFs,DNGO-Joint,54,64,1,212,1.0,0.30809495560386535,0.9945364214763486,0,20,69,5.515000000000004
COFs,DNGO-Joint,54,65,1,319,1.0,0.4846463489425554,0.9947871099048006,0,21,69,4.515000000000004
COFs,DNGO-Joint,54,66,1,105,1.0,0.4071072853383856,0.9951045831917819,0,22,69,3.515000000000004
COFs,DNGO-Joint,54,67,0,263,0.065,0.49763154120444586,0.9951433296050982,1,22,70,3.450000000000004
COFs,DNGO-Joint,54,68,0,247,0.065,1.2458037409824847,0.9951433296050982,2,22,71,3.385000000000003
COFs,DNGO-Joint,54,69,0,325,0.065,0.3333861986639027,0.9951433296050982,3,22,72,3.3200000000000016
COFs,DNGO-Joint,54,70,0,206,0.065,0.742551881638467,0.9951433296050982,4,22,73,3.2550000000000003
COFs,DNGO-Joint,54,71,0,262,0.065,0.41431916944601643,0.9951433296050982,5,22,74,3.189999999999999
COFs,DNGO-Joint,54,72,0,11,0.065,0.40310193661105015,0.9951433296050982,6,22,75,3.124999999999998
COFs,DNGO-Joint,54,73,0,80,0.065,0.7121598283945413,0.9951433296050982,7,22,76,3.0599999999999965
COFs,DNGO-Joint,54,74,0,588,0.065,0.8679477105829634,0.9951433296050982,8,22,77,2.994999999999995
COFs,DNGO-Joint,54,75,0,200,0.065,0.2764104588118782,0.9951433296050982,9,22,78,2.929999999999994
COFs,DNGO-Joint,54,76,0,429,0.065,25.140203302554117,0.9951433296050982,10,22,79,2.8649999999999927
COFs,DNGO-Joint,54,77,0,284,0.065,3.7394209702852237,0.9951433296050982,11,22,80,2.7999999999999914
COFs,DNGO-Joint,54,78,0,283,0.065,1.2500447275796829,0.9951433296050982,12,22,81,2.73499999999999
COFs,DNGO-Joint,54,79,0,50,0.065,0.9920906036528293,0.9951433296050982,13,22,82,2.669999999999989
COFs,DNGO-Joint,54,80,0,560,0.065,0.6852377089352246,0.9951433296050982,14,22,83,2.6049999999999875
COFs,DNGO-Joint,54,81,0,428,0.065,0.4094306178067549,0.9951433296050982,15,22,84,2.5399999999999863
COFs,DNGO-Joint,54,82,0,5,0.065,0.34911666156393867,0.9951433296050982,16,22,85,2.474999999999985
COFs,DNGO-Joint,54,83,0,596,0.065,0.39731447362413963,0.9951433296050982,17,22,86,2.4099999999999837
COFs,DNGO-Joint,54,84,1,523,1.0,1.2567957709281095,0.9951433296050982,0,23,86,1.4099999999999824
COFs,DNGO-Joint,54,85,0,172,0.065,0.31813800210268256,0.9766512906514015,1,23,87,1.3449999999999824
COFs,DNGO-Joint,54,86,1,200,1.0,0.3462145205734418,0.9766512906514015,0,24,87,0.3449999999999811
COFs,DNGO-Joint,54,87,0,464,0.065,0.29619067056458526,0.9775129045840906,1,24,88,0.2799999999999811
COFs,DNGO-Joint,54,88,0,116,0.065,0.21446867566615802,0.9775129045840906,2,24,89,0.21499999999997982
COFs,DNGO-Joint,54,89,0,286,0.065,0.1783064800255702,0.9775129045840906,3,24,90,0.14999999999997854
COFs,DNGO-Joint,54,90,0,168,0.065,0.6534643901389086,0.9775129045840906,4,24,91,0.08499999999997726
COFs,DNGO-Joint,54,91,0,22,0.065,0.25286144331818294,0.9775129045840906,5,24,92,0.01999999999997598
COFs,DNGO-Joint,55,1,1,319,1.0,14.455326252884575,0.5,0,3,23,25.505
COFs,DNGO-Joint,55,2,0,523,0.065,4.978974164770873,0.5,1,3,24,25.439999999999998
COFs,DNGO-Joint,55,3,0,463,0.065,11.588364330433366,0.5,2,3,25,25.374999999999996
COFs,DNGO-Joint,55,4,1,71,1.0,3.517028310383631,0.5,0,4,25,24.375
COFs,DNGO-Joint,55,5,1,98,1.0,2.8232765490646803,0.5,0,5,25,23.375
COFs,DNGO-Joint,55,6,1,523,1.0,3.051743069780102,0.5,0,6,25,22.375
COFs,DNGO-Joint,55,7,0,105,0.065,3.8561573533810938,0.963893475595565,1,6,26,22.31
COFs,DNGO-Joint,55,8,0,519,0.065,3.6234022876408676,0.963893475595565,2,6,27,22.244999999999997
COFs,DNGO-Joint,55,9,1,522,1.0,2.10554626452587,0.963893475595565,0,7,27,21.244999999999997
COFs,DNGO-Joint,55,10,0,10,0.065,4.118476003414862,0.9641406611254726,1,7,28,21.179999999999996
COFs,DNGO-Joint,55,11,1,237,1.0,1.906646834224738,0.9641406611254726,0,8,28,20.18
COFs,DNGO-Joint,55,12,1,463,1.0,2.1809995947059226,0.9641406611254726,0,9,28,19.18
COFs,DNGO-Joint,55,13,1,9,1.0,2.5821894749102094,0.9635821200625199,0,10,28,18.18
COFs,DNGO-Joint,55,14,1,583,1.0,2.520066927454954,0.9677518811890117,0,11,28,17.18
COFs,DNGO-Joint,55,15,1,223,1.0,2.111516521500138,0.9721087676894519,0,12,28,16.18
COFs,DNGO-Joint,55,16,1,500,1.0,1.847698991700807,0.973451784710212,0,13,28,15.18
COFs,DNGO-Joint,55,17,1,0,1.0,2.437995851147198,0.973451784710212,0,14,28,14.179999999999998
COFs,DNGO-Joint,55,18,0,3,0.065,1.3510316118082184,0.9761589540901816,1,14,29,14.114999999999998
COFs,DNGO-Joint,55,19,0,524,0.065,0.7873179973942043,0.9761589540901816,2,14,30,14.049999999999999
COFs,DNGO-Joint,55,20,1,336,1.0,0.9500966700696818,0.9761589540901816,0,15,30,13.049999999999999
COFs,DNGO-Joint,55,21,1,224,1.0,0.7644185492235303,0.9781358200555123,0,16,30,12.049999999999997
COFs,DNGO-Joint,55,22,1,105,1.0,0.36334576359900383,0.9785510211008508,0,17,30,11.049999999999997
COFs,DNGO-Joint,55,23,0,405,0.065,0.5116870338100541,0.9778547453980899,1,17,31,10.984999999999998
COFs,DNGO-Joint,55,24,0,421,0.065,0.3743386281648413,0.9778547453980899,2,17,32,10.919999999999996
COFs,DNGO-Joint,55,25,1,45,1.0,0.2912102858139376,0.9778547453980899,0,18,32,9.919999999999995
COFs,DNGO-Joint,55,26,0,135,0.065,0.3878155369920106,0.9768946970981776,1,18,33,9.854999999999995
COFs,DNGO-Joint,55,27,1,521,1.0,0.21290102685980095,0.9768946970981776,0,19,33,8.854999999999993
COFs,DNGO-Joint,55,28,1,73,1.0,0.1890180272111467,0.9705576663747885,0,20,33,7.854999999999993
COFs,DNGO-Joint,55,29,1,282,1.0,0.252486810478188,0.9710042520957868,0,21,33,6.854999999999993
COFs,DNGO-Joint,55,30,1,212,1.0,0.35725707426779274,0.9710042520957868,0,22,33,5.854999999999993
COFs,DNGO-Joint,55,31,1,149,1.0,0.21661079382083137,0.9710042520957868,0,23,33,4.854999999999993
COFs,DNGO-Joint,55,32,1,83,1.0,0.20025779063694782,0.9710042520957868,0,24,33,3.8549999999999933
COFs,DNGO-Joint,55,33,1,504,1.0,0.45541867699907734,0.9710042520957868,0,25,33,2.8549999999999933
COFs,DNGO-Joint,55,34,0,301,0.065,0.19322331125539036,0.9720529455650264,1,25,34,2.7899999999999934
COFs,DNGO-Joint,55,35,0,585,0.065,0.1350194669131392,0.9720529455650264,2,25,35,2.724999999999992
COFs,DNGO-Joint,55,36,0,515,0.065,0.18040571584672527,0.9720529455650264,3,25,36,2.659999999999991
COFs,DNGO-Joint,55,37,0,16,0.065,0.12480344083017432,0.9720529455650264,4,25,37,2.5949999999999895
COFs,DNGO-Joint,55,38,0,514,0.065,0.08456725379789679,0.9720529455650264,5,25,38,2.5299999999999883
COFs,DNGO-Joint,55,39,1,79,1.0,0.20673843816832005,0.9720529455650264,0,26,38,1.529999999999987
COFs,DNGO-Joint,55,40,1,196,1.0,0.07934041939176728,0.9710956399429747,0,27,38,0.5299999999999869
COFs,DNGO-Joint,55,41,0,520,0.065,0.12017969948913712,0.9710956399429747,1,27,39,0.4649999999999869
COFs,DNGO-Joint,55,42,0,70,0.065,0.08419954465132479,0.9710956399429747,2,27,40,0.39999999999998564
COFs,DNGO-Joint,55,43,0,526,0.065,0.08906600617527194,0.9710956399429747,3,27,41,0.33499999999998437
COFs,DNGO-Joint,55,44,0,464,0.065,0.0828322995143151,0.9710956399429747,4,27,42,0.2699999999999831
COFs,DNGO-Joint,55,45,0,470,0.065,0.0738217997388011,0.9710956399429747,5,27,43,0.2049999999999818
COFs,DNGO-Joint,55,46,0,72,0.065,0.22728457951447947,0.9710956399429747,6,27,44,0.13999999999998053
COFs,DNGO-Joint,55,47,0,6,0.065,0.12334188001404024,0.9710956399429747,7,27,45,0.07499999999997925
COFs,DNGO-Joint,55,48,0,287,0.065,0.06212923503423551,0.9710956399429747,8,27,46,0.009999999999977971
COFs,DNGO-Joint,56,1,0,504,0.065,4.779085503317515,0.5,1,2,24,26.439999999999998
COFs,DNGO-Joint,56,2,1,522,1.0,7.049970080423519,0.5,0,3,24,25.44
COFs,DNGO-Joint,56,3,1,71,1.0,3.236948109171733,0.5,0,4,24,24.439999999999998
COFs,DNGO-Joint,56,4,0,523,0.065,2.518831340577397,0.5,1,4,25,24.374999999999996
COFs,DNGO-Joint,56,5,0,583,0.065,4.981544295231284,0.5,2,4,26,24.31
COFs,DNGO-Joint,56,6,0,463,0.065,9.16218290308444,0.5,3,4,27,24.244999999999997
COFs,DNGO-Joint,56,7,1,98,1.0,3.062867851705143,0.5,0,5,27,23.244999999999997
COFs,DNGO-Joint,56,8,1,504,1.0,2.2191231727311744,0.5,0,6,27,22.244999999999997
COFs,DNGO-Joint,56,9,0,319,0.065,1.79426502691505,0.9991375564339382,1,6,28,22.179999999999996
COFs,DNGO-Joint,56,10,0,212,0.065,3.221970928562882,0.9991375564339382,2,6,29,22.115
COFs,DNGO-Joint,56,11,0,105,0.065,6.878246575430373,0.9991375564339382,3,6,30,22.049999999999997
COFs,DNGO-Joint,56,12,1,237,1.0,2.3726197310886006,0.9991375564339382,0,7,30,21.049999999999997
COFs,DNGO-Joint,56,13,0,524,0.065,2.2627625780515896,0.9773309415578318,1,7,31,20.984999999999996
COFs,DNGO-Joint,56,14,1,9,1.0,3.1141835835097034,0.9773309415578318,0,8,31,19.985
COFs,DNGO-Joint,56,15,1,523,1.0,1.6480971957009942,0.9781195214036812,0,9,31,18.985
COFs,DNGO-Joint,56,16,0,10,0.065,1.9171603689735215,0.956475249853426,1,9,32,18.919999999999998
COFs,DNGO-Joint,56,17,0,3,0.065,1.9650592214534737,0.956475249853426,2,9,33,18.854999999999997
COFs,DNGO-Joint,56,18,1,336,1.0,1.2708253662217492,0.956475249853426,0,10,33,17.854999999999997
COFs,DNGO-Joint,56,19,1,319,1.0,1.329123782759493,0.9632728479129787,0,11,33,16.854999999999997
COFs,DNGO-Joint,56,20,0,234,0.065,1.6009383841447524,0.9661167870689874,1,11,34,16.789999999999996
COFs,DNGO-Joint,56,21,0,526,0.065,3.181464758157723,0.9661167870689874,2,11,35,16.724999999999998
COFs,DNGO-Joint,56,22,0,14,0.065,7.760996288877381,0.9661167870689874,3,11,36,16.66
COFs,DNGO-Joint,56,23,0,41,0.065,2.3193734814133835,0.9661167870689874,4,11,37,16.595
COFs,DNGO-Joint,56,24,0,500,0.065,4.052238637427866,0.9661167870689874,5,11,38,16.529999999999998
COFs,DNGO-Joint,56,25,0,149,0.065,2.186151408707168,0.9661167870689874,6,11,39,16.465
COFs,DNGO-Joint,56,26,1,223,1.0,1.7939059330065033,0.9661167870689874,0,12,39,15.465000000000003
COFs,DNGO-Joint,56,27,0,585,0.065,0.8136393950710545,0.967378053051894,1,12,40,15.400000000000002
COFs,DNGO-Joint,56,28,1,500,1.0,1.3421384384604396,0.967378053051894,0,13,40,14.400000000000002
COFs,DNGO-Joint,56,29,1,212,1.0,0.9936045039692789,0.9691246896338773,0,14,40,13.400000000000002
COFs,DNGO-Joint,56,30,1,0,1.0,0.9426376279884663,0.9679634011594133,0,15,40,12.400000000000002
COFs,DNGO-Joint,56,31,0,196,0.065,0.9768664630133114,0.9705085083207355,1,15,41,12.335000000000003
COFs,DNGO-Joint,56,32,1,189,1.0,1.4270531462061105,0.9705085083207355,0,16,41,11.335
COFs,DNGO-Joint,56,33,0,48,0.065,1.0217329327731752,0.9715738786159914,1,16,42,11.270000000000001
COFs,DNGO-Joint,56,34,1,234,1.0,0.5460244263162959,0.9715738786159914,0,17,42,10.27
COFs,DNGO-Joint,56,35,1,463,1.0,0.8302747980474392,0.9698806347851214,0,18,42,9.27
COFs,DNGO-Joint,56,36,0,486,0.065,1.1770789833804383,0.969601673466071,1,18,43,9.205
COFs,DNGO-Joint,56,37,0,83,0.065,2.369232157323589,0.969601673466071,2,18,44,9.139999999999999
COFs,DNGO-Joint,56,38,0,527,0.065,1.1827281809368784,0.969601673466071,3,18,45,9.074999999999998
COFs,DNGO-Joint,56,39,0,375,0.065,5.044526597550412,0.969601673466071,4,18,46,9.009999999999996
COFs,DNGO-Joint,56,40,0,376,0.065,29.621039956581004,0.969601673466071,5,18,47,8.944999999999995
COFs,DNGO-Joint,56,41,1,376,1.0,2.336798160744533,0.969601673466071,0,19,47,7.944999999999993
COFs,DNGO-Joint,56,42,0,338,0.065,4.33857977084549,0.9735786790717179,1,19,48,7.879999999999993
COFs,DNGO-Joint,56,43,0,325,0.065,2.185825044057031,0.9735786790717179,2,19,49,7.8149999999999915
COFs,DNGO-Joint,56,44,1,375,1.0,2.013165056670604,0.9735786790717179,0,20,49,6.814999999999991
COFs,DNGO-Joint,56,45,0,340,0.065,3.093766243190465,0.9763902457397273,1,20,50,6.74999999999999
COFs,DNGO-Joint,56,46,0,542,0.065,1.7092849561373338,0.9763902457397273,2,20,51,6.684999999999989
COFs,DNGO-Joint,56,47,0,464,0.065,1.7053801713379482,0.9763902457397273,3,20,52,6.619999999999988
COFs,DNGO-Joint,56,48,0,515,0.065,2.809857982748996,0.9763902457397273,4,20,53,6.554999999999986
COFs,DNGO-Joint,56,49,0,95,0.065,1.1286875870151414,0.9763902457397273,5,20,54,6.489999999999985
COFs,DNGO-Joint,56,50,0,553,0.065,1.1784235904859903,0.9763902457397273,6,20,55,6.424999999999984
COFs,DNGO-Joint,56,51,0,65,0.065,1.18934340400469,0.9763902457397273,7,20,56,6.359999999999983
COFs,DNGO-Joint,56,52,0,155,0.065,1.4809230282403858,0.9763902457397273,8,20,57,6.294999999999981
COFs,DNGO-Joint,56,53,1,486,1.0,0.912602143263928,0.9763902457397273,0,21,57,5.29499999999998
COFs,DNGO-Joint,56,54,0,333,0.065,1.073278107847191,0.975421815510858,1,21,58,5.22999999999998
COFs,DNGO-Joint,56,55,0,135,0.065,1.5009267704938498,0.975421815510858,2,21,59,5.164999999999979
COFs,DNGO-Joint,56,56,0,588,0.065,1.836042499974689,0.975421815510858,3,21,60,5.099999999999977
COFs,DNGO-Joint,56,57,0,392,0.065,1.0937992390271294,0.975421815510858,4,21,61,5.034999999999976
COFs,DNGO-Joint,56,58,1,302,1.0,1.0798873531086595,0.975421815510858,0,22,61,4.034999999999975
COFs,DNGO-Joint,56,59,0,519,0.065,1.2940881207649262,0.9765378555766009,1,22,62,3.9699999999999753
COFs,DNGO-Joint,56,60,1,583,1.0,0.5827238110131296,0.9765378555766009,0,23,62,2.969999999999974
COFs,DNGO-Joint,56,61,1,520,1.0,0.6130466304793796,0.9774351402579072,0,24,62,1.969999999999974
COFs,DNGO-Joint,56,62,1,105,1.0,0.8252332372973408,0.9774575971772544,0,25,62,0.969999999999974
COFs,DNGO-Joint,56,63,0,427,0.065,1.290726164357184,0.9775629619829357,1,25,63,0.904999999999974
COFs,DNGO-Joint,56,64,0,332,0.065,0.5098575236425561,0.9775629619829357,2,25,64,0.8399999999999728
COFs,DNGO-Joint,56,65,0,337,0.065,0.49022901367241983,0.9775629619829357,3,25,65,0.7749999999999715
COFs,DNGO-Joint,56,66,0,498,0.065,0.7078947670936143,0.9775629619829357,4,25,66,0.7099999999999702
COFs,DNGO-Joint,56,67,0,78,0.065,0.7310705176336155,0.9775629619829357,5,25,67,0.6449999999999689
COFs,DNGO-Joint,56,68,0,6,0.065,1.1785851704143044,0.9775629619829357,6,25,68,0.5799999999999677
COFs,DNGO-Joint,56,69,0,201,0.065,0.7315231854841616,0.9775629619829357,7,25,69,0.5149999999999664
COFs,DNGO-Joint,56,70,0,80,0.065,0.5039100014983703,0.9775629619829357,8,25,70,0.44999999999996504
COFs,DNGO-Joint,56,71,0,270,0.065,0.7486204629025004,0.9775629619829357,9,25,71,0.38499999999996376
COFs,DNGO-Joint,56,72,0,263,0.065,0.5795457406576688,0.9775629619829357,10,25,72,0.3199999999999625
COFs,DNGO-Joint,56,73,0,247,0.065,0.5408319834728381,0.9775629619829357,11,25,73,0.2549999999999612
COFs,DNGO-Joint,56,74,0,364,0.065,0.382526713569342,0.9775629619829357,12,25,74,0.18999999999995992
COFs,DNGO-Joint,56,75,0,141,0.065,1.8301081130985626,0.9775629619829357,13,25,75,0.12499999999995864
COFs,DNGO-Joint,56,76,0,122,0.065,0.7724504965149949,0.9775629619829357,14,25,76,0.059999999999957365
COFs,DNGO-Joint,57,1,1,237,1.0,14.942697106689677,0.5,0,3,23,25.505
COFs,DNGO-Joint,57,2,0,521,0.065,2.454738707490776,0.5,1,3,24,25.439999999999998
COFs,DNGO-Joint,57,3,0,0,0.065,8.480617988573584,0.5,2,3,25,25.374999999999996
COFs,DNGO-Joint,57,4,0,523,0.065,4.492368674635586,0.5,3,3,26,25.31
COFs,DNGO-Joint,57,5,0,463,0.065,4.257025694601817,0.5,4,3,27,25.244999999999997
COFs,DNGO-Joint,57,6,1,336,1.0,2.8071891822914092,0.5,0,4,27,24.244999999999997
COFs,DNGO-Joint,57,7,1,523,1.0,3.9245626763995927,0.5,0,5,27,23.244999999999997
COFs,DNGO-Joint,57,8,0,520,0.065,3.5236746578311915,0.9315457262546819,1,5,28,23.179999999999996
COFs,DNGO-Joint,57,9,0,500,0.065,3.7061120442792395,0.9315457262546819,2,5,29,23.115
COFs,DNGO-Joint,57,10,1,45,1.0,2.594886450271023,0.9315457262546819,0,6,29,22.115
COFs,DNGO-Joint,57,11,1,71,1.0,2.376481703317642,0.9360450047659732,0,7,29,21.115
COFs,DNGO-Joint,57,12,0,212,0.065,1.095573581025498,0.9360450047659732,1,7,30,21.049999999999997
COFs,DNGO-Joint,57,13,0,319,0.065,3.543125806464349,0.9360450047659732,2,7,31,20.984999999999996
COFs,DNGO-Joint,57,14,0,105,0.065,5.7753980097799555,0.9360450047659732,3,7,32,20.919999999999998
COFs,DNGO-Joint,57,15,0,282,0.065,3.83258331242812,0.9360450047659732,4,7,33,20.855
COFs,DNGO-Joint,57,16,1,319,1.0,2.3552643201004564,0.9360450047659732,0,8,33,19.855
COFs,DNGO-Joint,57,17,1,212,1.0,1.4344703005576924,0.9422958840506778,0,9,33,18.855
COFs,DNGO-Joint,57,18,1,223,1.0,1.6875273496997565,0.9388733792579781,0,10,33,17.855
COFs,DNGO-Joint,57,19,1,79,1.0,1.0131283766014452,0.9503575149570307,0,11,33,16.855
COFs,DNGO-Joint,57,20,0,3,0.065,1.8180998136962387,0.9501436881852049,1,11,34,16.79
COFs,DNGO-Joint,57,21,0,149,0.065,1.0957656804706257,0.9501436881852049,2,11,35,16.724999999999998
COFs,DNGO-Joint,57,22,1,10,1.0,1.216227798821612,0.9501436881852049,0,12,35,15.725000000000001
COFs,DNGO-Joint,57,23,0,519,0.065,0.6920286340448057,0.9501436881852049,1,12,36,15.660000000000002
COFs,DNGO-Joint,57,24,1,522,1.0,0.7669815857287654,0.9501436881852049,0,13,36,14.660000000000002
COFs,DNGO-Joint,57,25,1,98,1.0,0.6899421375871253,0.9438067536368357,0,14,36,13.660000000000002
COFs,DNGO-Joint,57,26,1,189,1.0,1.1521242405028633,0.958437165186433,0,15,36,12.660000000000004
COFs,DNGO-Joint,57,27,0,195,0.065,0.5750063146987717,0.9623138256291953,1,15,37,12.595000000000004
COFs,DNGO-Joint,57,28,1,9,1.0,0.721629272182349,0.9623138256291953,0,16,37,11.595000000000002
COFs,DNGO-Joint,57,29,1,500,1.0,0.5281024400662564,0.9640374845435581,0,17,37,10.595000000000002
COFs,DNGO-Joint,57,30,1,521,1.0,0.508987883830684,0.9662765525816391,0,18,37,9.595000000000002
COFs,DNGO-Joint,57,31,0,47,0.065,0.6038552950502643,0.9653036449945681,1,18,38,9.530000000000003
COFs,DNGO-Joint,57,32,1,520,1.0,0.6133129116708369,0.9653036449945681,0,19,38,8.530000000000001
COFs,DNGO-Joint,57,33,1,504,1.0,0.3357117936260223,0.9656743977582197,0,20,38,7.530000000000001
COFs,DNGO-Joint,57,34,1,149,1.0,0.5849129767005397,0.9679186802241806,0,21,38,6.530000000000001
COFs,DNGO-Joint,57,35,1,463,1.0,0.3090328612606297,0.9685507611640942,0,22,38,5.530000000000001
COFs,DNGO-Joint,57,36,0,14,0.065,0.3931262983491102,0.9684852550944195,1,22,39,5.465000000000001
COFs,DNGO-Joint,57,37,0,196,0.065,0.4797870051477519,0.9684852550944195,2,22,40,5.3999999999999995
COFs,DNGO-Joint,57,38,0,135,0.065,0.5017449019850722,0.9684852550944195,3,22,41,5.334999999999998
COFs,DNGO-Joint,57,39,0,515,0.065,0.246388653592423,0.9684852550944195,4,22,42,5.269999999999997
COFs,DNGO-Joint,57,40,0,72,0.065,0.23279855536704355,0.9684852550944195,5,22,43,5.204999999999996
COFs,DNGO-Joint,57,41,0,83,0.065,0.4542744730482364,0.9684852550944195,6,22,44,5.139999999999994
COFs,DNGO-Joint,57,42,1,583,1.0,0.15848171034118164,0.9684852550944195,0,23,44,4.1399999999999935
COFs,DNGO-Joint,57,43,0,301,0.065,0.16998607525677922,0.9697560192220568,1,23,45,4.074999999999993
COFs,DNGO-Joint,57,44,1,135,1.0,0.251806683076895,0.9697560192220568,0,24,45,3.074999999999992
COFs,DNGO-Joint,57,45,1,224,1.0,0.20806056929722483,0.9699411864215063,0,25,45,2.074999999999992
COFs,DNGO-Joint,57,46,1,3,1.0,0.1546908727599402,0.9706472722312365,0,26,45,1.0749999999999922
COFs,DNGO-Joint,57,47,0,234,0.065,0.11320877077826834,0.9697190713157308,1,26,46,1.0099999999999922
COFs,DNGO-Joint,57,48,1,234,1.0,0.2075722278239207,0.9697190713157308,0,27,46,0.009999999999990905
COFs,DNGO-Joint,58,1,1,237,1.0,13.446358625257773,0.5,0,3,23,25.505
COFs,DNGO-Joint,58,2,0,523,0.065,10.564742266533223,0.5,1,3,24,25.439999999999998
COFs,DNGO-Joint,58,3,0,463,0.065,12.939268352000015,0.5,2,3,25,25.374999999999996
COFs,DNGO-Joint,58,4,0,583,0.065,5.59417606811114,0.5,3,3,26,25.31
COFs,DNGO-Joint,58,5,0,604,0.065,5.810942877822264,0.5,4,3,27,25.244999999999997
COFs,DNGO-Joint,58,6,1,522,1.0,2.347434051712366,0.5,0,4,27,24.244999999999997
COFs,DNGO-Joint,58,7,1,73,1.0,2.4922932677189444,0.5,0,5,27,23.244999999999997
COFs,DNGO-Joint,58,8,1,223,1.0,1.8087989869156413,0.948252791399242,0,6,27,22.244999999999997
COFs,DNGO-Joint,58,9,1,9,1.0,1.9654259000908376,0.9632748892414278,0,7,27,21.244999999999997
COFs,DNGO-Joint,58,10,1,45,1.0,1.850168625651836,0.9683586691091594,0,8,27,20.244999999999997
COFs,DNGO-Joint,58,11,0,3,0.065,2.088761000876499,0.9687065851972763,1,8,28,20.179999999999996
COFs,DNGO-Joint,58,12,1,338,1.0,1.4606889228915116,0.9687065851972763,0,9,28,19.18
COFs,DNGO-Joint,58,13,1,500,1.0,2.0694349159265943,0.9687065851972763,0,10,28,18.18
COFs,DNGO-Joint,58,14,1,98,1.0,1.854725943652265,0.9687065851972763,0,11,28,17.18
COFs,DNGO-Joint,58,15,1,0,1.0,1.9023281686637583,0.9768854421527386,0,12,28,16.18
COFs,DNGO-Joint,58,16,0,519,0.065,2.2966945287820497,0.9794148011043068,1,12,29,16.115
COFs,DNGO-Joint,58,17,1,523,1.0,1.2146915966689644,0.9794148011043068,0,13,29,15.114999999999998
COFs,DNGO-Joint,58,18,0,319,0.065,0.6488513261802008,0.9604299410042373,1,13,30,15.049999999999999
COFs,DNGO-Joint,58,19,0,135,0.065,4.6090213151826855,0.9604299410042373,2,13,31,14.985
COFs,DNGO-Joint,58,20,0,212,0.065,1.7023140716421337,0.9604299410042373,3,13,32,14.92
COFs,DNGO-Joint,58,21,1,189,1.0,2.4185524092056756,0.9604299410042373,0,14,32,13.92
COFs,DNGO-Joint,58,22,0,10,0.065,2.7882399853845348,0.9623739592998939,1,14,33,13.855000000000002
COFs,DNGO-Joint,58,23,1,319,1.0,1.7057193233672763,0.9623739592998939,0,15,33,12.855
COFs,DNGO-Joint,58,24,0,301,0.065,1.5391170984963316,0.9667975991867633,1,15,34,12.790000000000001
COFs,DNGO-Joint,58,25,0,234,0.065,1.657598447060157,0.9667975991867633,2,15,35,12.725
COFs,DNGO-Joint,58,26,0,526,0.065,3.4268927537685405,0.9667975991867633,3,15,36,12.659999999999998
COFs,DNGO-Joint,58,27,0,14,0.065,3.8928479908583227,0.9667975991867633,4,15,37,12.594999999999997
COFs,DNGO-Joint,58,28,0,149,0.065,2.3776792811259027,0.9667975991867633,5,15,38,12.529999999999996
COFs,DNGO-Joint,58,29,0,486,0.065,0.7551601229010955,0.9667975991867633,6,15,39,12.464999999999995
COFs,DNGO-Joint,58,30,0,376,0.065,1.6321381857403956,0.9667975991867633,7,15,40,12.399999999999993
COFs,DNGO-Joint,58,31,0,375,0.065,28.7317238127335,0.9667975991867633,8,15,41,12.334999999999992
COFs,DNGO-Joint,58,32,0,527,0.065,2.0373808704789513,0.9667975991867633,9,15,42,12.26999999999999
COFs,DNGO-Joint,58,33,0,553,0.065,4.638240019479289,0.9667975991867633,10,15,43,12.20499999999999
COFs,DNGO-Joint,58,34,0,477,0.065,3.3103722739280528,0.9667975991867633,11,15,44,12.139999999999988
COFs,DNGO-Joint,58,35,0,542,0.065,1.4915122405009476,0.9667975991867633,12,15,45,12.074999999999987
COFs,DNGO-Joint,58,36,0,196,0.065,1.9896376053838534,0.9667975991867633,13,15,46,12.009999999999986
COFs,DNGO-Joint,58,37,0,392,0.065,2.5275249591819544,0.9667975991867633,14,15,47,11.944999999999984
COFs,DNGO-Joint,58,38,0,41,0.065,3.1493883183937963,0.9667975991867633,15,15,48,11.879999999999983
COFs,DNGO-Joint,58,39,0,515,0.065,2.456905950470591,0.9667975991867633,16,15,49,11.814999999999982
COFs,DNGO-Joint,58,40,0,325,0.065,1.2632353596372174,0.9667975991867633,17,15,50,11.74999999999998
COFs,DNGO-Joint,58,41,1,212,1.0,1.2614144370100269,0.9667975991867633,0,16,50,10.749999999999979
COFs,DNGO-Joint,58,42,1,463,1.0,1.4535153110497243,0.9659286981096489,0,17,50,9.749999999999979
COFs,DNGO-Joint,58,43,0,83,0.065,0.8296318555588824,0.9658263166060238,1,17,51,9.68499999999998
COFs,DNGO-Joint,58,44,0,155,0.065,1.0269137985267531,0.9658263166060238,2,17,52,9.619999999999978
COFs,DNGO-Joint,58,45,0,78,0.065,0.7335249848239184,0.9658263166060238,3,17,53,9.554999999999977
COFs,DNGO-Joint,58,46,0,80,0.065,1.2515373194993804,0.9658263166060238,4,17,54,9.489999999999975
COFs,DNGO-Joint,58,47,0,88,0.065,1.4002187692665204,0.9658263166060238,5,17,55,9.424999999999974
COFs,DNGO-Joint,58,48,0,588,0.065,1.1187099889580723,0.9658263166060238,6,17,56,9.359999999999973
COFs,DNGO-Joint,58,49,0,270,0.065,2.551178033089064,0.9658263166060238,7,17,57,9.294999999999972
COFs,DNGO-Joint,58,50,0,105,0.065,1.783142557458759,0.9658263166060238,8,17,58,9.22999999999997
COFs,DNGO-Joint,58,51,0,134,0.065,1.2487112654598416,0.9658263166060238,9,17,59,9.164999999999969
COFs,DNGO-Joint,58,52,0,263,0.065,0.779552063987556,0.9658263166060238,10,17,60,9.099999999999968
COFs,DNGO-Joint,58,53,0,337,0.065,1.791815156628444,0.9658263166060238,11,17,61,9.034999999999966
COFs,DNGO-Joint,58,54,0,247,0.065,0.9361081424205216,0.9658263166060238,12,17,62,8.969999999999965
COFs,DNGO-Joint,58,55,0,201,0.065,0.7778642244239012,0.9658263166060238,13,17,63,8.904999999999964
COFs,DNGO-Joint,58,56,1,376,1.0,0.6037545448216337,0.9658263166060238,0,18,63,7.904999999999962
COFs,DNGO-Joint,58,57,1,375,1.0,1.5962437614257343,0.9701970416198648,0,19,63,6.904999999999962
COFs,DNGO-Joint,58,58,0,171,0.065,4.3353301956120225,0.9732806440371569,1,19,64,6.839999999999962
COFs,DNGO-Joint,58,59,1,486,1.0,2.359140687926817,0.9732806440371569,0,20,64,5.839999999999961
COFs,DNGO-Joint,58,60,1,78,1.0,0.5023491694677362,0.9721787068176436,0,21,64,4.839999999999961
COFs,DNGO-Joint,58,61,0,62,0.065,0.6123307891272295,0.9714628923794522,1,21,65,4.77499999999996
COFs,DNGO-Joint,58,62,0,287,0.065,0.7451811860450104,0.9714628923794522,2,21,66,4.709999999999959
COFs,DNGO-Joint,58,63,0,464,0.065,0.5281439081651875,0.9714628923794522,3,21,67,4.644999999999958
COFs,DNGO-Joint,58,64,0,310,0.065,0.47376154374515245,0.9714628923794522,4,21,68,4.5799999999999566
COFs,DNGO-Joint,58,65,0,524,0.065,0.5110754309522569,0.9714628923794522,5,21,69,4.514999999999955
COFs,DNGO-Joint,58,66,1,521,1.0,0.506527372305223,0.9714628923794522,0,22,69,3.5149999999999544
COFs,DNGO-Joint,58,67,0,72,0.065,0.6828173747093076,0.9700482413585519,1,22,70,3.4499999999999544
COFs,DNGO-Joint,58,68,1,498,1.0,0.662722161886445,0.9700482413585519,0,23,70,2.449999999999953
COFs,DNGO-Joint,58,69,0,269,0.065,0.41288536411794774,0.9700482413585519,1,23,71,2.384999999999953
COFs,DNGO-Joint,58,70,1,302,1.0,0.9182918586866824,0.9700482413585519,0,24,71,1.3849999999999518
COFs,DNGO-Joint,58,71,0,157,0.065,0.3882251470221521,0.9720935783310937,1,24,72,1.3199999999999519
COFs,DNGO-Joint,58,72,1,80,1.0,0.4844936241380393,0.9720935783310937,0,25,72,0.31999999999995055
COFs,DNGO-Joint,58,73,0,206,0.065,0.35715705218352856,0.9721244116958743,1,25,73,0.25499999999995054
COFs,DNGO-Joint,58,74,0,71,0.065,0.4149204745109958,0.9721244116958743,2,25,74,0.18999999999994927
COFs,DNGO-Joint,58,75,0,122,0.065,0.47015348626058995,0.9721244116958743,3,25,75,0.12499999999994799
COFs,DNGO-Joint,58,76,0,6,0.065,0.30885615111650166,0.9721244116958743,4,25,76,0.05999999999994671
COFs,DNGO-Joint,59,1,1,522,1.0,4.778373015517537,0.5,0,3,23,25.505
COFs,DNGO-Joint,59,2,0,504,0.065,3.722837450868887,0.5,1,3,24,25.439999999999998
COFs,DNGO-Joint,59,3,0,583,0.065,3.7222073072498567,0.5,2,3,25,25.374999999999996
COFs,DNGO-Joint,59,4,1,71,1.0,2.3910666364891386,0.5,0,4,25,24.375
COFs,DNGO-Joint,59,5,1,523,1.0,1.7707542465893744,0.5,0,5,25,23.375
COFs,DNGO-Joint,59,6,1,9,1.0,1.7581142593813626,0.5,0,6,25,22.375
COFs,DNGO-Joint,59,7,1,318,1.0,1.5933247602069744,0.5,0,7,25,21.375
COFs,DNGO-Joint,59,8,0,83,0.065,2.0171907260334625,0.9998697422733402,1,7,26,21.31
COFs,DNGO-Joint,59,9,0,500,0.065,1.9165353439767967,0.9998697422733402,2,7,27,21.245
COFs,DNGO-Joint,59,10,1,223,1.0,1.5815250320729566,0.9998697422733402,0,8,27,20.245
COFs,DNGO-Joint,59,11,1,338,1.0,1.0412077973341736,0.9998748695094292,0,9,27,19.245
COFs,DNGO-Joint,59,12,0,319,0.065,2.8358847307263577,0.9998748695094292,1,9,28,19.18
COFs,DNGO-Joint,59,13,0,463,0.065,14.931798004581873,0.9998748695094292,2,9,29,19.115
COFs,DNGO-Joint,59,14,0,105,0.065,3.644903868771905,0.9998748695094292,3,9,30,19.05
COFs,DNGO-Joint,59,15,0,212,0.065,2.0034652161725317,0.9998748695094292,4,9,31,18.985000000000003
COFs,DNGO-Joint,59,16,0,70,0.065,1.5321127433013635,0.9998748695094292,5,9,32,18.92
COFs,DNGO-Joint,59,17,1,525,1.0,1.2225308900552654,0.9998748695094292,0,10,32,17.92
COFs,DNGO-Joint,59,18,0,234,0.065,1.6339848059426203,0.9996495186321713,1,10,33,17.855
COFs,DNGO-Joint,59,19,0,526,0.065,3.91735810078591,0.9996495186321713,2,10,34,17.790000000000003
COFs,DNGO-Joint,59,20,0,14,0.065,7.382744805657547,0.9996495186321713,3,10,35,17.725000000000005
COFs,DNGO-Joint,59,21,0,170,0.065,3.9719617090113504,0.9996495186321713,4,10,36,17.660000000000004
COFs,DNGO-Joint,59,22,0,149,0.065,1.9478786843612,0.9996495186321713,5,10,37,17.595000000000002
COFs,DNGO-Joint,59,23,1,237,1.0,0.9572528779760501,0.9996495186321713,0,11,37,16.595000000000006
COFs,DNGO-Joint,59,24,0,196,0.065,2.092463582169804,0.9721138310867076,1,11,38,16.530000000000005
COFs,DNGO-Joint,59,25,1,319,1.0,1.7168181056511551,0.9721138310867076,0,12,38,15.530000000000008
COFs,DNGO-Joint,59,26,1,0,1.0,2.26812275251324,0.9797050017498847,0,13,38,14.530000000000006
COFs,DNGO-Joint,59,27,1,189,1.0,3.0950051349395875,0.9830808524531377,0,14,38,13.530000000000006
COFs,DNGO-Joint,59,28,1,98,1.0,2.5519499702751602,0.9842607941932242,0,15,38,12.530000000000008
COFs,DNGO-Joint,59,29,0,135,0.065,1.244205117040847,0.9863850506970006,1,15,39,12.465000000000009
COFs,DNGO-Joint,59,30,0,588,0.065,1.2042052842586752,0.9863850506970006,2,15,40,12.400000000000007
COFs,DNGO-Joint,59,31,0,6,0.065,1.0302321287058367,0.9863850506970006,3,15,41,12.335000000000006
COFs,DNGO-Joint,59,32,0,301,0.065,1.2122603705986352,0.9863850506970006,4,15,42,12.270000000000005
COFs,DNGO-Joint,59,33,1,500,1.0,1.399398975018129,0.9863850506970006,0,16,42,11.270000000000003
COFs,DNGO-Joint,59,34,0,486,0.065,1.462931296188207,0.9868373609796727,1,16,43,11.205000000000004
COFs,DNGO-Joint,59,35,0,375,0.065,4.581392969300811,0.9868373609796727,2,16,44,11.140000000000002
COFs,DNGO-Joint,59,36,0,376,0.065,36.7780544600541,0.9868373609796727,3,16,45,11.075000000000001
COFs,DNGO-Joint,59,37,0,65,0.065,2.189266601897411,0.9868373609796727,4,16,46,11.01
COFs,DNGO-Joint,59,38,0,515,0.065,2.270608906560182,0.9868373609796727,5,16,47,10.944999999999999
COFs,DNGO-Joint,59,39,0,527,0.065,1.7762475688714785,0.9868373609796727,6,16,48,10.879999999999997
COFs,DNGO-Joint,59,40,0,17,0.065,2.788479117315884,0.9868373609796727,7,16,49,10.814999999999996
COFs,DNGO-Joint,59,41,0,333,0.065,1.7501377518714636,0.9868373609796727,8,16,50,10.749999999999995
COFs,DNGO-Joint,59,42,0,325,0.065,1.6756172940407885,0.9868373609796727,9,16,51,10.684999999999993
COFs,DNGO-Joint,59,43,1,463,1.0,1.4573532261722058,0.9868373609796727,0,17,51,9.684999999999992
COFs,DNGO-Joint,59,44,0,155,0.065,2.3226732977041564,0.9863450360159338,1,17,52,9.619999999999992
COFs,DNGO-Joint,59,45,0,41,0.065,1.3124206795570144,0.9863450360159338,2,17,53,9.55499999999999
COFs,DNGO-Joint,59,46,0,494,0.065,1.0560730318210627,0.9863450360159338,3,17,54,9.48999999999999
COFs,DNGO-Joint,59,47,0,303,0.065,1.1583163299235097,0.9863450360159338,4,17,55,9.424999999999988
COFs,DNGO-Joint,59,48,1,212,1.0,0.8999443886211487,0.9863450360159338,0,18,55,8.424999999999986
COFs,DNGO-Joint,59,49,1,375,1.0,1.0759466161200317,0.9873922881111177,0,19,55,7.4249999999999865
COFs,DNGO-Joint,59,50,1,376,1.0,1.7438780769807893,0.9900378324171297,0,20,55,6.4249999999999865
COFs,DNGO-Joint,59,51,0,498,0.065,2.154772450840148,0.9915369371230375,1,20,56,6.359999999999986
COFs,DNGO-Joint,59,52,0,464,0.065,1.4512621635466052,0.9915369371230375,2,20,57,6.294999999999985
COFs,DNGO-Joint,59,53,1,486,1.0,1.191831996323635,0.9915369371230375,0,21,57,5.294999999999984
COFs,DNGO-Joint,59,54,0,392,0.065,1.8470430626603458,0.9897678957283498,1,21,58,5.2299999999999836
COFs,DNGO-Joint,59,55,0,519,0.065,0.9324582978739557,0.9897678957283498,2,21,59,5.164999999999982
COFs,DNGO-Joint,59,56,1,504,1.0,1.0786926817354257,0.9897678957283498,0,22,59,4.164999999999981
COFs,DNGO-Joint,59,57,0,334,0.065,1.1554967092278465,0.9903231283023399,1,22,60,4.099999999999981
COFs,DNGO-Joint,59,58,0,542,0.065,1.3730627901706813,0.9903231283023399,2,22,61,4.03499999999998
COFs,DNGO-Joint,59,59,0,201,0.065,0.7555075673498135,0.9903231283023399,3,22,62,3.969999999999979
COFs,DNGO-Joint,59,60,0,524,0.065,1.1805543222531443,0.9903231283023399,4,22,63,3.9049999999999776
COFs,DNGO-Joint,59,61,0,332,0.065,0.6587217221514462,0.9903231283023399,5,22,64,3.8399999999999763
COFs,DNGO-Joint,59,62,0,468,0.065,0.8789197079213943,0.9903231283023399,6,22,65,3.774999999999975
COFs,DNGO-Joint,59,63,0,72,0.065,0.42145078101951866,0.9903231283023399,7,22,66,3.7099999999999738
COFs,DNGO-Joint,59,64,0,217,0.065,0.3364878315920964,0.9903231283023399,8,22,67,3.6449999999999725
COFs,DNGO-Joint,59,65,1,498,1.0,0.4291351422828238,0.9903231283023399,0,23,67,2.644999999999971
COFs,DNGO-Joint,59,66,0,78,0.065,0.37077520373441103,0.9906208940658384,1,23,68,2.579999999999971
COFs,DNGO-Joint,59,67,0,337,0.065,0.8291362760857408,0.9906208940658384,2,23,69,2.51499999999997
COFs,DNGO-Joint,59,68,0,263,0.065,0.4899617966235869,0.9906208940658384,3,23,70,2.4499999999999686
COFs,DNGO-Joint,59,69,0,270,0.065,2.549991726734194,0.9906208940658384,4,23,71,2.3849999999999674
COFs,DNGO-Joint,59,70,0,3,0.065,1.0546732471921236,0.9906208940658384,5,23,72,2.319999999999966
COFs,DNGO-Joint,59,71,0,247,0.065,0.6519576237558536,0.9906208940658384,6,23,73,2.254999999999965
COFs,DNGO-Joint,59,72,0,80,0.065,0.6060090016579205,0.9906208940658384,7,23,74,2.1899999999999635
COFs,DNGO-Joint,59,73,0,262,0.065,0.48649555011665213,0.9906208940658384,8,23,75,2.1249999999999623
COFs,DNGO-Joint,59,74,0,206,0.065,0.9837052855944828,0.9906208940658384,9,23,76,2.059999999999961
COFs,DNGO-Joint,59,75,0,553,0.065,0.9576584174566392,0.9906208940658384,10,23,77,1.9949999999999597
COFs,DNGO-Joint,59,76,0,31,0.065,0.8892263758258978,0.9906208940658384,11,23,78,1.9299999999999584
COFs,DNGO-Joint,59,77,0,11,0.065,0.8037244622246321,0.9906208940658384,12,23,79,1.8649999999999571
COFs,DNGO-Joint,59,78,1,78,1.0,0.4722934315818317,0.9906208940658384,0,24,79,0.8649999999999558
COFs,DNGO-Joint,59,79,0,269,0.065,0.4151837353566889,0.9894651153126557,1,24,80,0.7999999999999559
COFs,DNGO-Joint,59,80,0,287,0.065,0.9014199169504468,0.9894651153126557,2,24,81,0.7349999999999546
COFs,DNGO-Joint,59,81,0,482,0.065,0.4303769633560527,0.9894651153126557,3,24,82,0.6699999999999533
COFs,DNGO-Joint,59,82,0,284,0.065,0.23674072933643683,0.9894651153126557,4,24,83,0.604999999999952
COFs,DNGO-Joint,59,83,0,429,0.065,0.43205592802056564,0.9894651153126557,5,24,84,0.5399999999999507
COFs,DNGO-Joint,59,84,0,181,0.065,0.5252556870457519,0.9894651153126557,6,24,85,0.4749999999999494
COFs,DNGO-Joint,59,85,0,200,0.065,0.4867126489623817,0.9894651153126557,7,24,86,0.40999999999994813
COFs,DNGO-Joint,59,86,0,283,0.065,1.2965547619107185,0.9894651153126557,8,24,87,0.34499999999994685
COFs,DNGO-Joint,59,87,0,50,0.065,0.8301963678725697,0.9894651153126557,9,24,88,0.27999999999994557
COFs,DNGO-Joint,59,88,0,535,0.065,0.8732791727520774,0.9894651153126557,10,24,89,0.2149999999999443
COFs,DNGO-Joint,59,89,0,236,0.065,0.8109355512892318,0.9894651153126557,11,24,90,0.149999999999943
COFs,DNGO-Joint,59,90,0,18,0.065,0.42589779044458326,0.9894651153126557,12,24,91,0.08499999999994173
COFs,DNGO-Joint,59,91,0,450,0.065,0.45439387726762437,0.9894651153126557,13,24,92,0.019999999999940454
COFs,DNGO-Joint,60,1,1,522,1.0,4.977661303417305,0.5,0,3,23,25.505
COFs,DNGO-Joint,60,2,0,583,0.065,4.405518965581792,0.5,1,3,24,25.439999999999998
COFs,DNGO-Joint,60,3,1,237,1.0,2.628297549556728,0.5,0,4,24,24.439999999999998
COFs,DNGO-Joint,60,4,1,583,1.0,1.7936083801872964,0.5,0,5,24,23.439999999999998
COFs,DNGO-Joint,60,5,1,71,1.0,3.9499376105250663,0.9581056073047587,0,6,24,22.439999999999998
COFs,DNGO-Joint,60,6,0,504,0.065,10.029192876010905,0.9581056073047587,1,6,25,22.374999999999996
COFs,DNGO-Joint,60,7,1,98,1.0,5.3447549919006025,0.9581056073047587,0,7,25,21.375
COFs,DNGO-Joint,60,8,0,463,0.065,8.176132672331152,0.976563395583901,1,7,26,21.31
COFs,DNGO-Joint,60,9,1,223,1.0,2.770887002526274,0.976563395583901,0,8,26,20.310000000000002
COFs,DNGO-Joint,60,10,1,0,1.0,4.183355652407149,0.9776489688066856,0,9,26,19.310000000000002
COFs,DNGO-Joint,60,11,1,336,1.0,4.553583453831258,0.980216415484876,0,10,26,18.310000000000002
COFs,DNGO-Joint,60,12,0,212,0.065,1.5856171468881386,0.9820961682626987,1,10,27,18.245
COFs,DNGO-Joint,60,13,0,319,0.065,5.898213680224451,0.9820961682626987,2,10,28,18.18
COFs,DNGO-Joint,60,14,0,135,0.065,13.136342790097697,0.9820961682626987,3,10,29,18.115
COFs,DNGO-Joint,60,15,0,105,0.065,2.9961091176103176,0.9820961682626987,4,10,30,18.05
COFs,DNGO-Joint,60,16,0,234,0.065,4.181235036987649,0.9820961682626987,5,10,31,17.985000000000003
COFs,DNGO-Joint,60,17,0,526,0.065,5.714895851404363,0.9820961682626987,6,10,32,17.92
COFs,DNGO-Joint,60,18,0,14,0.065,10.885838199575822,0.9820961682626987,7,10,33,17.855
COFs,DNGO-Joint,60,19,0,83,0.065,5.635815771959273,0.9820961682626987,8,10,34,17.790000000000003
COFs,DNGO-Joint,60,20,0,196,0.065,2.2588284795381695,0.9820961682626987,9,10,35,17.725000000000005
COFs,DNGO-Joint,60,21,0,523,0.065,6.525251667122306,0.9820961682626987,10,10,36,17.660000000000004
COFs,DNGO-Joint,60,22,0,149,0.065,1.7382645664294973,0.9820961682626987,11,10,37,17.595000000000002
COFs,DNGO-Joint,60,23,1,79,1.0,1.9871901543607158,0.9820961682626987,0,11,37,16.595000000000006
COFs,DNGO-Joint,60,24,0,3,0.065,1.4422046669178454,0.9818658532049268,1,11,38,16.530000000000005
COFs,DNGO-Joint,60,25,1,504,1.0,1.8149992519869271,0.9818658532049268,0,12,38,15.530000000000008
COFs,DNGO-Joint,60,26,1,500,1.0,1.21201028059083,0.9826700458624202,0,13,38,14.530000000000006
COFs,DNGO-Joint,60,27,0,524,0.065,0.8040956876025463,0.9826700458624202,1,13,39,14.465000000000007
COFs,DNGO-Joint,60,28,1,523,1.0,1.250360598767637,0.9826700458624202,0,14,39,13.465000000000007
COFs,DNGO-Joint,60,29,1,319,1.0,1.183310002968622,0.9657006446389567,0,15,39,12.465000000000007
COFs,DNGO-Joint,60,30,1,189,1.0,1.0208668625669413,0.9697606400435435,0,16,39,11.465000000000007
COFs,DNGO-Joint,60,31,0,519,0.065,0.8358638107822509,0.9708502804979247,1,16,40,11.400000000000007
COFs,DNGO-Joint,60,32,1,212,1.0,0.9055179583734296,0.9708502804979247,0,17,40,10.400000000000006
COFs,DNGO-Joint,60,33,1,463,1.0,0.7169691855302394,0.9704167345990414,0,18,40,9.400000000000006
COFs,DNGO-Joint,60,34,1,224,1.0,0.44637710519143603,0.9700506063730487,0,19,40,8.400000000000006
COFs,DNGO-Joint,60,35,1,9,1.0,0.414843939845599,0.9708630783633455,0,20,40,7.400000000000006
COFs,DNGO-Joint,60,36,0,588,0.065,0.6639983054464644,0.9712562096083204,1,20,41,7.335000000000005
COFs,DNGO-Joint,60,37,0,301,0.065,0.26965710349901006,0.9712562096083204,2,20,42,7.270000000000004
COFs,DNGO-Joint,60,38,1,45,1.0,0.4310491445623037,0.9712562096083204,0,21,42,6.270000000000003
COFs,DNGO-Joint,60,39,1,296,1.0,0.3607033505463899,0.971093159876194,0,22,42,5.270000000000003
COFs,DNGO-Joint,60,40,0,515,0.065,0.33576568957131553,0.971093159876194,1,22,43,5.205000000000003
COFs,DNGO-Joint,60,41,0,248,0.065,0.3004343105341548,0.971093159876194,2,22,44,5.1400000000000015
COFs,DNGO-Joint,60,42,0,287,0.065,0.20445221517079581,0.971093159876194,3,22,45,5.075
COFs,DNGO-Joint,60,43,1,105,1.0,0.27136173365506555,0.971093159876194,0,23,45,4.074999999999999
COFs,DNGO-Joint,60,44,0,72,0.065,0.20494565916306204,0.9711103068830947,1,23,46,4.009999999999999
COFs,DNGO-Joint,60,45,1,302,1.0,0.21158696963868484,0.9711103068830947,0,24,46,3.009999999999998
COFs,DNGO-Joint,60,46,0,421,0.065,0.19868009416387378,0.9719601180453097,1,24,47,2.944999999999998
COFs,DNGO-Joint,60,47,0,375,0.065,0.13650921048601458,0.9719601180453097,2,24,48,2.879999999999997
COFs,DNGO-Joint,60,48,0,376,0.065,29.04112991482227,0.9719601180453097,3,24,49,2.8149999999999955
COFs,DNGO-Joint,60,49,0,477,0.065,3.338530804852882,0.9719601180453097,4,24,50,2.7499999999999942
COFs,DNGO-Joint,60,50,0,486,0.065,2.081377760277782,0.9719601180453097,5,24,51,2.684999999999993
COFs,DNGO-Joint,60,51,0,338,0.065,1.1546737533253595,0.9719601180453097,6,24,52,2.6199999999999917
COFs,DNGO-Joint,60,52,1,375,1.0,1.49326902269321,0.9719601180453097,0,25,52,1.6199999999999903
COFs,DNGO-Joint,60,53,0,494,0.065,3.0589951150588996,0.9760472037822766,1,25,53,1.5549999999999904
COFs,DNGO-Joint,60,54,1,376,1.0,1.6618529207328852,0.9760472037822766,0,26,53,0.5549999999999891
COFs,DNGO-Joint,60,55,0,6,0.065,2.472987746782257,0.9787907465303551,1,26,54,0.48999999999998906
COFs,DNGO-Joint,60,56,0,464,0.065,0.9738297937773459,0.9787907465303551,2,26,55,0.4249999999999878
COFs,DNGO-Joint,60,57,0,527,0.065,0.7661012669793205,0.9787907465303551,3,26,56,0.3599999999999865
COFs,DNGO-Joint,60,58,0,325,0.065,2.3033413166836647,0.9787907465303551,4,26,57,0.2949999999999852
COFs,DNGO-Joint,60,59,0,170,0.065,3.067843492955443,0.9787907465303551,5,26,58,0.22999999999998394
COFs,DNGO-Joint,60,60,0,155,0.065,0.5953093154396721,0.9787907465303551,6,26,59,0.16499999999998266
COFs,DNGO-Joint,60,61,0,41,0.065,0.8973219729619174,0.9787907465303551,7,26,60,0.09999999999998138
COFs,DNGO-Joint,60,62,0,392,0.065,0.5913062556406721,0.9787907465303551,8,26,61,0.0349999999999801
COFs,DNGO-Joint,61,1,1,319,1.0,8.95866762318459,0.5,0,3,23,25.505
COFs,DNGO-Joint,61,2,0,523,0.065,6.0127722812859705,0.5,1,3,24,25.439999999999998
COFs,DNGO-Joint,61,3,0,463,0.065,14.320458703574861,0.5,2,3,25,25.374999999999996
COFs,DNGO-Joint,61,4,0,504,0.065,17.434131729669073,0.5,3,3,26,25.31
COFs,DNGO-Joint,61,5,1,98,1.0,3.166637278739082,0.5,0,4,26,24.31
COFs,DNGO-Joint,61,6,1,523,1.0,3.5546528880577757,0.5,0,5,26,23.31
COFs,DNGO-Joint,61,7,0,519,0.065,4.999876094010276,0.963893475595565,1,5,27,23.244999999999997
COFs,DNGO-Joint,61,8,0,10,0.065,4.550241608462007,0.963893475595565,2,5,28,23.179999999999996
COFs,DNGO-Joint,61,9,1,189,1.0,2.8367868501729703,0.963893475595565,0,6,28,22.18
COFs,DNGO-Joint,61,10,1,463,1.0,2.6304734237674925,0.9705479931191674,0,7,28,21.18
COFs,DNGO-Joint,61,11,1,45,1.0,3.0925872568079416,0.9683483596911733,0,8,28,20.18
COFs,DNGO-Joint,61,12,1,9,1.0,2.2669445517573505,0.967298865270164,0,9,28,19.18
COFs,DNGO-Joint,61,13,1,71,1.0,1.7001818180599613,0.9687595328467257,0,10,28,18.18
COFs,DNGO-Joint,61,14,1,504,1.0,1.522492471123417,0.9687595328467257,0,11,28,17.18
COFs,DNGO-Joint,61,15,0,192,0.065,1.4075453612045197,0.9713210373646507,1,11,29,17.115
COFs,DNGO-Joint,61,16,1,522,1.0,1.1743522804461826,0.9713210373646507,0,12,29,16.115
COFs,DNGO-Joint,61,17,1,302,1.0,1.2325885878223268,0.9735371912118188,0,13,29,15.114999999999998
COFs,DNGO-Joint,61,18,0,524,0.065,1.2010495665852396,0.9752184029907847,1,13,30,15.049999999999999
COFs,DNGO-Joint,61,19,1,223,1.0,0.9253887036659458,0.9752184029907847,0,14,30,14.049999999999999
COFs,DNGO-Joint,61,20,0,3,0.065,0.8285155760280952,0.9756791722662149,1,14,31,13.985
COFs,DNGO-Joint,61,21,0,135,0.065,0.9408711277788435,0.9756791722662149,2,14,32,13.92
COFs,DNGO-Joint,61,22,1,3,1.0,0.43474760143783564,0.9756791722662149,0,15,32,12.919999999999998
COFs,DNGO-Joint,61,23,1,521,1.0,0.5724809405972342,0.9704604573687093,0,16,32,11.919999999999998
COFs,DNGO-Joint,61,24,1,336,1.0,0.3653604748285608,0.9648412406728281,0,17,32,10.919999999999998
COFs,DNGO-Joint,61,25,0,405,0.065,0.39560163720574026,0.9677486568370718,1,17,33,10.854999999999999
COFs,DNGO-Joint,61,26,0,301,0.065,0.4441857528703681,0.9677486568370718,2,17,34,10.789999999999997
COFs,DNGO-Joint,61,27,1,318,1.0,0.5383609025274381,0.9677486568370718,0,18,34,9.789999999999996
COFs,DNGO-Joint,61,28,1,0,1.0,0.6215432207202298,0.9683514924704894,0,19,34,8.789999999999996
COFs,DNGO-Joint,61,29,1,524,1.0,0.2674855979310039,0.9700448273522977,0,20,34,7.789999999999996
COFs,DNGO-Joint,61,30,1,79,1.0,0.22579416201175462,0.9692456464767614,0,21,34,6.789999999999996
COFs,DNGO-Joint,61,31,1,73,1.0,0.15138307567204612,0.9685478252811474,0,22,34,5.789999999999996
COFs,DNGO-Joint,61,32,1,500,1.0,0.1698207745829614,0.9689764883819078,0,23,34,4.789999999999996
COFs,DNGO-Joint,61,33,1,135,1.0,0.10967754463827939,0.9689764883819078,0,24,34,3.7899999999999956
COFs,DNGO-Joint,61,34,1,224,1.0,0.18223666827332485,0.9689709456346072,0,25,34,2.7899999999999956
COFs,DNGO-Joint,61,35,1,10,1.0,0.0962337388603437,0.9694810688799282,0,26,34,1.7899999999999956
COFs,DNGO-Joint,61,36,1,519,1.0,0.07202290535557859,0.9693236011392341,0,27,34,0.7899999999999956
COFs,DNGO-Joint,61,37,0,464,0.065,0.04411645893782747,0.9694002522657813,1,27,35,0.7249999999999956
COFs,DNGO-Joint,61,38,0,588,0.065,0.0878107296261881,0.9694002522657813,2,27,36,0.6599999999999944
COFs,DNGO-Joint,61,39,0,370,0.065,0.0755020079339364,0.9694002522657813,3,27,37,0.5949999999999931
COFs,DNGO-Joint,61,40,0,6,0.065,0.0312363018904562,0.9694002522657813,4,27,38,0.5299999999999918
COFs,DNGO-Joint,61,41,0,212,0.065,0.037402568446944985,0.9694002522657813,5,27,39,0.4649999999999905
COFs,DNGO-Joint,61,42,0,14,0.065,0.587599120321651,0.9694002522657813,6,27,40,0.3999999999999892
COFs,DNGO-Joint,61,43,0,237,0.065,0.43883055966994033,0.9694002522657813,7,27,41,0.3349999999999879
COFs,DNGO-Joint,61,44,0,149,0.065,0.4575912803991069,0.9694002522657813,8,27,42,0.26999999999998664
COFs,DNGO-Joint,61,45,0,234,0.065,0.16977775472162782,0.9694002522657813,9,27,43,0.20499999999998536
COFs,DNGO-Joint,61,46,0,526,0.065,1.4374114005324627,0.9694002522657813,10,27,44,0.13999999999998408
COFs,DNGO-Joint,61,47,0,196,0.065,0.3554473555488231,0.9694002522657813,11,27,45,0.0749999999999828
COFs,DNGO-Joint,61,48,0,83,0.065,0.46714118605876104,0.9694002522657813,12,27,46,0.009999999999981524
