benchmark,model,seed,step,fidelity_chosen,candidate_idx,cost,score_max,alpha,consecutive_lf_count,n_hf_so_far,n_lf_so_far,remaining_budget
Polarizability,Sequential,42,1,0,1133,0.167,0.4363751862931062,0.5,1,2,9,26.497
Polarizability,Sequential,42,2,1,1131,1.0,0.42295886165372415,0.5,0,3,9,25.497
Polarizability,Sequential,42,3,0,140,0.167,0.3970318144672975,0.5,1,3,10,25.33
Polarizability,Sequential,42,4,0,1130,0.167,0.2934986324400951,0.5,2,3,11,25.162999999999997
Polarizability,Sequential,42,5,0,1132,0.167,0.2811011637996825,0.5,3,3,12,24.996
Polarizability,Sequential,42,6,1,944,1.0,0.27840454766482825,0.5,0,4,12,23.996000000000002
Polarizability,Sequential,42,7,0,921,0.167,0.264827437249757,0.5,1,4,13,23.829
Polarizability,Sequential,42,8,0,1129,0.167,0.2136198539717785,0.5,2,4,14,23.662
Polarizability,Sequential,42,9,0,1127,0.167,0.18230370345471103,0.5,3,4,15,23.494999999999997
Polarizability,Sequential,42,10,1,549,1.0,0.1636952383733146,0.5,0,5,15,22.495
Polarizability,Sequential,42,11,0,1040,0.167,0.15094080333070886,0.5,1,5,16,22.328
Polarizability,Sequential,42,12,1,622,1.0,0.1445913685145714,0.5,0,6,16,21.328000000000003
Polarizability,Sequential,42,13,0,1117,0.167,0.1259530237404534,0.5,1,6,17,21.161
Polarizability,Sequential,42,14,1,1129,1.0,0.13140436430167501,0.5,0,7,17,20.161
Polarizability,Sequential,42,15,0,1128,0.167,0.2657869297366415,0.9999869125078111,1,7,18,19.994
Polarizability,Sequential,42,16,0,1125,0.167,0.19417145156677149,0.9999869125078111,2,7,19,19.826999999999998
Polarizability,Sequential,42,17,0,1118,0.167,0.15910049359716172,0.9999869125078111,3,7,20,19.66
Polarizability,Sequential,42,18,0,1124,0.167,0.1545242338617451,0.9999869125078111,4,7,21,19.493000000000002
Polarizability,Sequential,42,19,1,1133,1.0,0.14618300305803478,0.9999869125078111,0,8,21,18.493000000000002
Polarizability,Sequential,42,20,0,1103,0.167,0.13437485308678068,0.9991159128671447,1,8,22,18.326
Polarizability,Sequential,42,21,0,1120,0.167,0.11690513927700379,0.9991159128671447,2,8,23,18.159
Polarizability,Sequential,42,22,0,1109,0.167,0.11044476598296606,0.9991159128671447,3,8,24,17.992
Polarizability,Sequential,42,23,0,1108,0.167,0.10613991817758767,0.9991159128671447,4,8,25,17.825000000000003
Polarizability,Sequential,42,24,0,1115,0.167,0.10333118494915511,0.9991159128671447,5,8,26,17.658
Polarizability,Sequential,42,25,0,1091,0.167,0.08204575532924767,0.9991159128671447,6,8,27,17.491
Polarizability,Sequential,42,26,0,1106,0.167,0.0733184470367332,0.9991159128671447,7,8,28,17.324
Polarizability,Sequential,42,27,1,1130,1.0,0.07347870808297571,0.9991159128671447,0,9,28,16.324000000000005
Polarizability,Sequential,42,28,1,1065,1.0,0.08955568227381201,0.998924825430616,0,10,28,15.324000000000005
Polarizability,Sequential,42,29,1,924,1.0,0.11120134580015331,0.9985815422184761,0,11,28,14.324000000000003
Polarizability,Sequential,42,30,0,1119,0.167,0.05877295363562292,0.9985815422184761,1,11,29,14.157000000000004
Polarizability,Sequential,42,31,0,1116,0.167,0.06144341451720203,0.9985815422184761,2,11,30,13.990000000000004
Polarizability,Sequential,42,32,1,1132,1.0,0.05529338057853111,0.9985815422184761,0,12,30,12.990000000000002
Polarizability,Sequential,42,33,0,1123,0.167,0.05866412757610949,0.9886370995754259,1,12,31,12.823000000000002
Polarizability,Sequential,42,34,0,1121,0.167,0.05835891418827745,0.9886370995754259,2,12,32,12.656
Polarizability,Sequential,42,35,0,1122,0.167,0.043793206903437853,0.9886370995754259,3,12,33,12.488999999999999
Polarizability,Sequential,42,36,0,1114,0.167,0.03975653178909478,0.9886370995754259,4,12,34,12.321999999999997
Polarizability,Sequential,42,37,0,1097,0.167,0.03913048084111822,0.9886370995754259,5,12,35,12.154999999999996
Polarizability,Sequential,42,38,1,1126,1.0,0.03546448171832068,0.9886370995754259,0,13,35,11.154999999999994
Polarizability,Sequential,42,39,0,330,0.167,0.03891680348084315,0.9884390113781852,1,13,36,10.987999999999994
Polarizability,Sequential,42,40,0,1112,0.167,0.03589600278885098,0.9884390113781852,2,13,37,10.820999999999993
Polarizability,Sequential,42,41,0,1096,0.167,0.032315266709285285,0.9884390113781852,3,13,38,10.653999999999991
Polarizability,Sequential,42,42,1,1127,1.0,0.03352946760221002,0.9884390113781852,0,14,38,9.65399999999999
Polarizability,Sequential,42,43,0,1105,0.167,0.029045304989520838,0.9883608097530155,1,14,39,9.48699999999999
Polarizability,Sequential,42,44,0,1031,0.167,0.027138876058754376,0.9883608097530155,2,14,40,9.319999999999988
Polarizability,Sequential,42,45,1,1117,1.0,0.022833159234797173,0.9883608097530155,0,15,40,8.319999999999986
Polarizability,Sequential,42,46,0,1107,0.167,0.021770355210372294,0.9883164439156082,1,15,41,8.152999999999986
Polarizability,Sequential,42,47,1,1125,1.0,0.02030214911924816,0.9883164439156082,0,16,41,7.1529999999999845
Polarizability,Sequential,42,48,1,1091,1.0,0.02332415555932664,0.9882655261906427,0,17,41,6.1529999999999845
Polarizability,Sequential,42,49,0,1113,0.167,0.019152413450460096,0.9880706193976216,1,17,42,5.985999999999985
Polarizability,Sequential,42,50,1,1128,1.0,0.019362707017824464,0.9880706193976216,0,18,42,4.985999999999983
Polarizability,Sequential,42,51,1,1109,1.0,0.018082818711140543,0.9875206958012134,0,19,42,3.985999999999983
Polarizability,Sequential,42,52,1,1103,1.0,0.01656330882299173,0.9871263431953022,0,20,42,2.985999999999983
Polarizability,Sequential,42,53,0,1102,0.167,0.01562304089285143,0.9867086294125335,1,20,43,2.818999999999983
Polarizability,Sequential,42,54,0,1025,0.167,0.016772966167208987,0.9867086294125335,2,20,44,2.6519999999999815
Polarizability,Sequential,42,55,1,1121,1.0,0.014251970882804513,0.9867086294125335,0,21,44,1.6519999999999797
Polarizability,Sequential,42,56,0,1090,0.167,0.013863970617677378,0.9865403605529558,1,21,45,1.4849999999999797
Polarizability,Sequential,42,57,1,1118,1.0,0.013223233435918497,0.9865403605529558,0,22,45,0.4849999999999781
Polarizability,Sequential,42,58,0,1110,0.167,0.012145787641413965,0.9865389696228455,1,22,46,0.3179999999999781
Polarizability,Sequential,42,59,0,1104,0.167,0.011237472417593857,0.9865389696228455,2,22,47,0.15099999999997651
Polarizability,Sequential,43,1,1,1131,1.0,0.6133238702012828,0.5,0,3,8,25.664
Polarizability,Sequential,43,2,0,1129,0.167,0.3376124655260595,0.5,1,3,9,25.497
Polarizability,Sequential,43,3,0,1130,0.167,0.30123115343696255,0.5,2,3,10,25.33
Polarizability,Sequential,43,4,0,1040,0.167,0.31436714254922715,0.5,3,3,11,25.162999999999997
Polarizability,Sequential,43,5,0,1132,0.167,0.2675699561779497,0.5,4,3,12,24.996
Polarizability,Sequential,43,6,0,1126,0.167,0.2196860411110309,0.5,5,3,13,24.829
Polarizability,Sequential,43,7,0,300,0.167,0.39770494008552926,0.5,6,3,14,24.662
Polarizability,Sequential,43,8,0,1127,0.167,0.17686924927394482,0.5,7,3,15,24.494999999999997
Polarizability,Sequential,43,9,1,1133,1.0,0.15311725867451842,0.5,0,4,15,23.495
Polarizability,Sequential,43,10,0,1128,0.167,0.16018743910508554,0.5,1,4,16,23.328
Polarizability,Sequential,43,11,0,1117,0.167,0.14149663231934553,0.5,2,4,17,23.161
Polarizability,Sequential,43,12,0,1125,0.167,0.12543545194768338,0.5,3,4,18,22.994
Polarizability,Sequential,43,13,1,921,1.0,0.17059386701092819,0.5,0,5,18,21.994
Polarizability,Sequential,43,14,1,257,1.0,0.10624929363851712,0.5,0,6,18,20.994
Polarizability,Sequential,43,15,0,1103,0.167,0.17374652485053624,0.9966109235631696,1,6,19,20.826999999999998
Polarizability,Sequential,43,16,0,1124,0.167,0.15818348472128077,0.9966109235631696,2,6,20,20.66
Polarizability,Sequential,43,17,0,1118,0.167,0.14814559377750847,0.9966109235631696,3,6,21,20.493000000000002
Polarizability,Sequential,43,18,0,1109,0.167,0.1329351692024927,0.9966109235631696,4,6,22,20.326
Polarizability,Sequential,43,19,0,924,0.167,0.20619995743785455,0.9966109235631696,5,6,23,20.159
Polarizability,Sequential,43,20,0,1115,0.167,0.11330033480692785,0.9966109235631696,6,6,24,19.992
Polarizability,Sequential,43,21,1,1129,1.0,0.13135707940558392,0.9966109235631696,0,7,24,18.992000000000004
Polarizability,Sequential,43,22,0,1120,0.167,0.09924404737819399,0.9953183763609655,1,7,25,18.825000000000003
Polarizability,Sequential,43,23,0,1108,0.167,0.09041786143873368,0.9953183763609655,2,7,26,18.658
Polarizability,Sequential,43,24,0,1091,0.167,0.13388922610099524,0.9953183763609655,3,7,27,18.491
Polarizability,Sequential,43,25,1,330,1.0,0.08561722534664312,0.9953183763609655,0,8,27,17.491000000000003
Polarizability,Sequential,43,26,0,1106,0.167,0.07331474078359759,0.9966579162120898,1,8,28,17.324
Polarizability,Sequential,43,27,0,1121,0.167,0.06614922598605819,0.9966579162120898,2,8,29,17.157000000000004
Polarizability,Sequential,43,28,1,1130,1.0,0.0643145099265564,0.9966579162120898,0,9,29,16.157000000000004
Polarizability,Sequential,43,29,0,1123,0.167,0.0666675095374724,0.9966544506140356,1,9,30,15.990000000000004
Polarizability,Sequential,43,30,1,300,1.0,0.06976755657113899,0.9966544506140356,0,10,30,14.990000000000004
Polarizability,Sequential,43,31,0,1116,0.167,0.06524794591372095,0.9974444739214027,1,10,31,14.823000000000004
Polarizability,Sequential,43,32,0,1119,0.167,0.06042872174704103,0.9974444739214027,2,10,32,14.656000000000004
Polarizability,Sequential,43,33,1,1132,1.0,0.05595511405413728,0.9974444739214027,0,11,32,13.656000000000004
Polarizability,Sequential,43,34,1,944,1.0,0.05552477369129011,0.9904595752515412,0,12,32,12.656000000000006
Polarizability,Sequential,43,35,1,1052,1.0,0.05370178103187974,0.9904595752515412,0,13,32,11.656000000000006
Polarizability,Sequential,43,36,0,1122,0.167,0.04715262443328665,0.9904595752515412,1,13,33,11.489000000000006
Polarizability,Sequential,43,37,0,1114,0.167,0.04901351210866696,0.9904595752515412,2,13,34,11.322000000000005
Polarizability,Sequential,43,38,0,1096,0.167,0.041320937637121545,0.9904595752515412,3,13,35,11.155000000000003
Polarizability,Sequential,43,39,1,1126,1.0,0.037119652954415105,0.9904595752515412,0,14,35,10.155000000000001
Polarizability,Sequential,43,40,0,1105,0.167,0.03293059611343312,0.9905466796217476,1,14,36,9.988000000000001
Polarizability,Sequential,43,41,0,1112,0.167,0.030428939889610894,0.9905466796217476,2,14,37,9.821
Polarizability,Sequential,43,42,1,1117,1.0,0.02904157785838038,0.9905466796217476,0,15,37,8.820999999999998
Polarizability,Sequential,43,43,0,1031,0.167,0.02567517318742097,0.9906125706434327,1,15,38,8.653999999999998
Polarizability,Sequential,43,44,1,1091,1.0,0.02309168053811579,0.9906125706434327,0,16,38,7.653999999999996
Polarizability,Sequential,43,45,1,1127,1.0,0.0271255634135495,0.9895124701307924,0,17,38,6.653999999999996
Polarizability,Sequential,43,46,0,1097,0.167,0.02226138073161337,0.9895789736375344,1,17,39,6.4869999999999965
Polarizability,Sequential,43,47,0,1107,0.167,0.02114018881145671,0.9895789736375344,2,17,40,6.319999999999995
Polarizability,Sequential,43,48,1,1065,1.0,0.022771659992030957,0.9895789736375344,0,18,40,5.319999999999993
Polarizability,Sequential,43,49,0,1113,0.167,0.020945323762159553,0.9893053239583148,1,18,41,5.152999999999993
Polarizability,Sequential,43,50,1,1125,1.0,0.020162556523960283,0.9893053239583148,0,19,41,4.152999999999992
Polarizability,Sequential,43,51,1,1128,1.0,0.01911633703147409,0.9893158592669059,0,20,41,3.1529999999999916
Polarizability,Sequential,43,52,0,1110,0.167,0.01586615224818358,0.9891793129476666,1,20,42,2.9859999999999918
Polarizability,Sequential,43,53,1,1103,1.0,0.016829936321814738,0.9891793129476666,0,21,42,1.98599999999999
Polarizability,Sequential,43,54,0,1102,0.167,0.016119912401328977,0.9890322100866439,1,21,43,1.81899999999999
Polarizability,Sequential,43,55,0,1025,0.167,0.014448260727227812,0.9890322100866439,2,21,44,1.6519999999999884
Polarizability,Sequential,43,56,0,1104,0.167,0.012412434386319927,0.9890322100866439,3,21,45,1.4849999999999868
Polarizability,Sequential,43,57,1,1109,1.0,0.012960690034213775,0.9890322100866439,0,22,45,0.4849999999999852
Polarizability,Sequential,43,58,0,1032,0.167,0.011085511020630165,0.9889632834122578,1,22,46,0.3179999999999852
Polarizability,Sequential,43,59,0,1069,0.167,0.010276965042337726,0.9889632834122578,2,22,47,0.15099999999998362
Polarizability,Sequential,44,1,0,1133,0.167,0.4980394505420239,0.5,1,2,9,26.497
Polarizability,Sequential,44,2,0,1126,0.167,0.2847216702487621,0.5,2,2,10,26.33
Polarizability,Sequential,44,3,1,1133,1.0,0.25492808625337665,0.5,0,3,10,25.33
Polarizability,Sequential,44,4,0,924,0.167,0.19870597870998383,0.5,1,3,11,25.162999999999997
Polarizability,Sequential,44,5,0,1124,0.167,0.14586555192144315,0.5,2,3,12,24.996
Polarizability,Sequential,44,6,1,1028,1.0,0.13885309896822734,0.5,0,4,12,23.996000000000002
Polarizability,Sequential,44,7,1,303,1.0,0.13317689386405024,0.5,0,5,12,22.996000000000002
Polarizability,Sequential,44,8,0,1115,0.167,0.1335740183087224,0.5,1,5,13,22.829
Polarizability,Sequential,44,9,0,1131,0.167,0.24075830771728363,0.5,2,5,14,22.662
Polarizability,Sequential,44,10,0,1130,0.167,0.2666641098032657,0.5,3,5,15,22.494999999999997
Polarizability,Sequential,44,11,0,1132,0.167,0.23142571598956774,0.5,4,5,16,22.328
Polarizability,Sequential,44,12,0,1127,0.167,0.1621052111127678,0.5,5,5,17,22.161
Polarizability,Sequential,44,13,0,1117,0.167,0.13168382548786375,0.5,6,5,18,21.994
Polarizability,Sequential,44,14,0,1128,0.167,0.11493209681560353,0.5,7,5,19,21.826999999999998
Polarizability,Sequential,44,15,1,1131,1.0,0.12795888398120614,0.5,0,6,19,20.827
Polarizability,Sequential,44,16,0,1125,0.167,0.08906177172208495,0.5,1,6,20,20.66
Polarizability,Sequential,44,17,1,300,1.0,0.10842893530215945,0.5,0,7,20,19.660000000000004
Polarizability,Sequential,44,18,0,1118,0.167,0.1443859590136224,0.998885075593806,1,7,21,19.493000000000002
Polarizability,Sequential,44,19,0,1103,0.167,0.12943809369261625,0.998885075593806,2,7,22,19.326
Polarizability,Sequential,44,20,0,1120,0.167,0.1172031449884795,0.998885075593806,3,7,23,19.159
Polarizability,Sequential,44,21,1,1052,1.0,0.11859143895812803,0.998885075593806,0,8,23,18.159000000000002
Polarizability,Sequential,44,22,0,1109,0.167,0.09749022805629926,0.998885075593806,1,8,24,17.992
Polarizability,Sequential,44,23,0,1121,0.167,0.09329117599358855,0.998885075593806,2,8,25,17.825000000000003
Polarizability,Sequential,44,24,0,1108,0.167,0.07926444193986217,0.998885075593806,3,8,26,17.658
Polarizability,Sequential,44,25,0,1106,0.167,0.06999609346899886,0.998885075593806,4,8,27,17.491
Polarizability,Sequential,44,26,0,1116,0.167,0.06317199854941606,0.998885075593806,5,8,28,17.324
Polarizability,Sequential,44,27,1,257,1.0,0.06906637626622242,0.998885075593806,0,9,28,16.324000000000005
Polarizability,Sequential,44,28,1,1130,1.0,0.061342686290701706,0.998885075593806,0,10,28,15.324000000000005
Polarizability,Sequential,44,29,0,1119,0.167,0.056440010619809,0.9985934226050035,1,10,29,15.157000000000004
Polarizability,Sequential,44,30,1,1132,1.0,0.04714721718625816,0.9985934226050035,0,11,29,14.157000000000004
Polarizability,Sequential,44,31,0,1123,0.167,0.0515129056336068,0.9861646360230042,1,11,30,13.990000000000004
Polarizability,Sequential,44,32,0,1122,0.167,0.04222171837995393,0.9861646360230042,2,11,31,13.823000000000002
Polarizability,Sequential,44,33,0,1091,0.167,0.042898460401769534,0.9861646360230042,3,11,32,13.656
Polarizability,Sequential,44,34,1,1126,1.0,0.04205685000831948,0.9861646360230042,0,12,32,12.655999999999999
Polarizability,Sequential,44,35,0,1112,0.167,0.037929971053009874,0.986141076503127,1,12,33,12.488999999999999
Polarizability,Sequential,44,36,1,1065,1.0,0.06052222690376177,0.986141076503127,0,13,33,11.488999999999997
Polarizability,Sequential,44,37,0,1105,0.167,0.033058190192489886,0.9873312302461772,1,13,34,11.321999999999997
Polarizability,Sequential,44,38,1,1127,1.0,0.026089707206605285,0.9873312302461772,0,14,34,10.321999999999996
Polarizability,Sequential,44,39,1,1117,1.0,0.026640991600251136,0.9873152195036581,0,15,34,9.321999999999996
Polarizability,Sequential,44,40,0,1096,0.167,0.02359244790979758,0.987317693603927,1,15,35,9.154999999999996
Polarizability,Sequential,44,41,1,1115,1.0,0.0240719218124813,0.987317693603927,0,16,35,8.154999999999994
Polarizability,Sequential,44,42,1,1091,1.0,0.02421450182054565,0.9872139383871558,0,17,35,7.154999999999994
Polarizability,Sequential,44,43,1,1128,1.0,0.020552657406780604,0.9865265973793963,0,18,35,6.154999999999994
Polarizability,Sequential,44,44,0,1114,0.167,0.020923176300364006,0.986110844968421,1,18,36,5.987999999999994
Polarizability,Sequential,44,45,0,1031,0.167,0.01798277181102238,0.986110844968421,2,18,37,5.820999999999993
Polarizability,Sequential,44,46,0,1107,0.167,0.016330900976544882,0.986110844968421,3,18,38,5.653999999999991
Polarizability,Sequential,44,47,0,1097,0.167,0.016248842606870584,0.986110844968421,4,18,39,5.486999999999989
Polarizability,Sequential,44,48,1,1109,1.0,0.014619637597839803,0.986110844968421,0,19,39,4.486999999999988
Polarizability,Sequential,44,49,0,549,0.167,0.03162195151117491,0.9858375625201931,1,19,40,4.319999999999988
Polarizability,Sequential,44,50,1,1125,1.0,0.018007210360943667,0.9858375625201931,0,20,40,3.319999999999986
Polarizability,Sequential,44,51,1,1124,1.0,0.014048378353056092,0.9858333226341726,0,21,40,2.319999999999986
Polarizability,Sequential,44,52,0,1113,0.167,0.0126949979944265,0.9857777846210091,1,21,41,2.1529999999999863
Polarizability,Sequential,44,53,1,1118,1.0,0.012955701489008837,0.9857777846210091,0,22,41,1.1529999999999845
Polarizability,Sequential,44,54,1,1103,1.0,0.012849163435272377,0.9857829340530505,0,23,41,0.15299999999998448
Polarizability,Sequential,45,1,1,1133,1.0,0.3284850713369632,0.5,0,3,8,25.664
Polarizability,Sequential,45,2,0,1129,0.167,0.23617078551055262,0.5,1,3,9,25.497
Polarizability,Sequential,45,3,0,1115,0.167,0.21045537357200617,0.5,2,3,10,25.33
Polarizability,Sequential,45,4,0,1131,0.167,0.35470203750851476,0.5,3,3,11,25.162999999999997
Polarizability,Sequential,45,5,0,1130,0.167,0.2830771574871103,0.5,4,3,12,24.996
Polarizability,Sequential,45,6,0,1132,0.167,0.25957875361075144,0.5,5,3,13,24.829
Polarizability,Sequential,45,7,0,140,0.167,0.22598818737064832,0.5,6,3,14,24.662
Polarizability,Sequential,45,8,1,1028,1.0,0.17245988758946798,0.5,0,4,14,23.662
Polarizability,Sequential,45,9,0,1127,0.167,0.16123679475108582,0.5,1,4,15,23.494999999999997
Polarizability,Sequential,45,10,0,1126,0.167,0.1512408461484805,0.5,2,4,16,23.328
Polarizability,Sequential,45,11,0,1117,0.167,0.1279646696549763,0.5,3,4,17,23.161
Polarizability,Sequential,45,12,1,1131,1.0,0.12425766904760277,0.5,0,5,17,22.161
Polarizability,Sequential,45,13,0,1128,0.167,0.11131275741046313,0.5,1,5,18,21.994
Polarizability,Sequential,45,14,1,1129,1.0,0.10155172160751774,0.5,0,6,18,20.994
Polarizability,Sequential,45,15,0,1125,0.167,0.1636908310077559,0.997961125346705,1,6,19,20.826999999999998
Polarizability,Sequential,45,16,0,1118,0.167,0.1313174601146307,0.997961125346705,2,6,20,20.66
Polarizability,Sequential,45,17,0,1121,0.167,0.13145582787574212,0.997961125346705,3,6,21,20.493000000000002
Polarizability,Sequential,45,18,0,1103,0.167,0.11129600002649462,0.997961125346705,4,6,22,20.326
Polarizability,Sequential,45,19,1,921,1.0,0.1495505703658856,0.997961125346705,0,7,22,19.326
Polarizability,Sequential,45,20,0,1124,0.167,0.10118393619189345,0.9980415910621455,1,7,23,19.159
Polarizability,Sequential,45,21,0,1120,0.167,0.09556699863074825,0.9980415910621455,2,7,24,18.992
Polarizability,Sequential,45,22,0,1109,0.167,0.06963458471755492,0.9980415910621455,3,7,25,18.825000000000003
Polarizability,Sequential,45,23,0,1108,0.167,0.0674928820508858,0.9980415910621455,4,7,26,18.658
Polarizability,Sequential,45,24,1,622,1.0,0.07693695020717568,0.9980415910621455,0,8,26,17.658
Polarizability,Sequential,45,25,1,1130,1.0,0.06468009040786846,0.999063254823706,0,9,26,16.658
Polarizability,Sequential,45,26,0,1119,0.167,0.06269208536435256,0.9989382743035405,1,9,27,16.491
Polarizability,Sequential,45,27,0,1106,0.167,0.060101076131189216,0.9989382743035405,2,9,28,16.324
Polarizability,Sequential,45,28,0,1116,0.167,0.05338411404695611,0.9989382743035405,3,9,29,16.157000000000004
Polarizability,Sequential,45,29,1,300,1.0,0.07560689416150754,0.9989382743035405,0,10,29,15.157000000000004
Polarizability,Sequential,45,30,1,1132,1.0,0.04759765795195497,0.9984376887725438,0,11,29,14.157000000000004
Polarizability,Sequential,45,31,1,1065,1.0,0.05357933525981791,0.9914759711178914,0,12,29,13.157000000000004
Polarizability,Sequential,45,32,0,1123,0.167,0.048672635057180676,0.9910803766219288,1,12,30,12.990000000000004
Polarizability,Sequential,45,33,0,1112,0.167,0.04413380756108408,0.9910803766219288,2,12,31,12.823000000000002
Polarizability,Sequential,45,34,0,1122,0.167,0.040501267676909224,0.9910803766219288,3,12,32,12.656
Polarizability,Sequential,45,35,0,1091,0.167,0.03407471268579036,0.9910803766219288,4,12,33,12.488999999999999
Polarizability,Sequential,45,36,0,1067,0.167,0.037340057545324816,0.9910803766219288,5,12,34,12.321999999999997
Polarizability,Sequential,45,37,1,1126,1.0,0.04140225838783366,0.9910803766219288,0,13,34,11.321999999999996
Polarizability,Sequential,45,38,0,1097,0.167,0.028672594592499455,0.9911647362141162,1,13,35,11.154999999999996
Polarizability,Sequential,45,39,1,1127,1.0,0.0268015107789839,0.9911647362141162,0,14,35,10.154999999999994
Polarizability,Sequential,45,40,0,1096,0.167,0.025756762740692635,0.9912570102284586,1,14,36,9.987999999999994
Polarizability,Sequential,45,41,1,1091,1.0,0.027083933884924034,0.9912570102284586,0,15,36,8.987999999999992
Polarizability,Sequential,45,42,0,1105,0.167,0.021523038812043094,0.9906916632450049,1,15,37,8.820999999999993
Polarizability,Sequential,45,43,0,1031,0.167,0.019489365213197878,0.9906916632450049,2,15,38,8.653999999999991
Polarizability,Sequential,45,44,1,1117,1.0,0.025567592563892086,0.9906916632450049,0,16,38,7.653999999999989
Polarizability,Sequential,45,45,0,1114,0.167,0.017597731614792916,0.9907788277798752,1,16,39,7.486999999999989
Polarizability,Sequential,45,46,0,1107,0.167,0.016517167149364007,0.9907788277798752,2,16,40,7.319999999999988
Polarizability,Sequential,45,47,1,1128,1.0,0.019908054238905182,0.9907788277798752,0,17,40,6.319999999999986
Polarizability,Sequential,45,48,1,1109,1.0,0.016618005535406905,0.9905589210421535,0,18,40,5.319999999999986
Polarizability,Sequential,45,49,0,1113,0.167,0.015133750296754834,0.9904131023352085,1,18,41,5.152999999999986
Polarizability,Sequential,45,50,1,1125,1.0,0.015050947526262994,0.9904131023352085,0,19,41,4.1529999999999845
Polarizability,Sequential,45,51,0,1104,0.167,0.013012392652936612,0.9904138463080076,1,19,42,3.9859999999999847
Polarizability,Sequential,45,52,1,1103,1.0,0.012940104297979184,0.9904138463080076,0,20,42,2.985999999999983
Polarizability,Sequential,45,53,0,1110,0.167,0.010472563680051568,0.9902226914161506,1,20,43,2.818999999999983
Polarizability,Sequential,45,54,1,1115,1.0,0.009945302786358225,0.9902226914161506,0,21,43,1.8189999999999813
Polarizability,Sequential,45,55,0,1090,0.167,0.010993555613445071,0.9901216223992827,1,21,44,1.6519999999999813
Polarizability,Sequential,45,56,1,1118,1.0,0.009630618770219378,0.9901216223992827,0,22,44,0.6519999999999797
Polarizability,Sequential,45,57,0,1025,0.167,0.00869995080098522,0.9901525089233439,1,22,45,0.48499999999997967
Polarizability,Sequential,45,58,0,1069,0.167,0.007861588030847995,0.9901525089233439,2,22,46,0.3179999999999781
Polarizability,Sequential,45,59,0,1111,0.167,0.006480100657966421,0.9901525089233439,3,22,47,0.15099999999997651
Polarizability,Sequential,46,1,0,1130,0.167,0.3685811038507855,0.5,1,2,9,26.497
Polarizability,Sequential,46,2,0,1132,0.167,0.3139815823346335,0.5,2,2,10,26.33
Polarizability,Sequential,46,3,0,1117,0.167,0.2022724027001625,0.5,3,2,11,26.162999999999997
Polarizability,Sequential,46,4,0,1127,0.167,0.17412886950271952,0.5,4,2,12,25.996
Polarizability,Sequential,46,5,0,1040,0.167,0.17987727928037728,0.5,5,2,13,25.829
Polarizability,Sequential,46,6,0,1129,0.167,0.2109414543378641,0.5,6,2,14,25.662
Polarizability,Sequential,46,7,0,1126,0.167,0.16662506947444575,0.5,7,2,15,25.494999999999997
Polarizability,Sequential,46,8,0,1128,0.167,0.12143967817829424,0.5,8,2,16,25.328
Polarizability,Sequential,46,9,0,14,0.167,0.10556435667249192,0.5,9,2,17,25.161
Polarizability,Sequential,46,10,1,1129,1.0,0.1303210271878739,0.5,0,3,17,24.161
Polarizability,Sequential,46,11,1,944,1.0,0.17060829923113188,0.5,0,4,17,23.161
Polarizability,Sequential,46,12,1,296,1.0,0.14333005550376743,0.5,0,5,17,22.161
Polarizability,Sequential,46,13,1,1131,1.0,0.09567331717289732,0.5,0,6,17,21.161
Polarizability,Sequential,46,14,0,1125,0.167,0.19444657876058766,0.9999833607348355,1,6,18,20.994
Polarizability,Sequential,46,15,0,1120,0.167,0.15263672487316032,0.9999833607348355,2,6,19,20.826999999999998
Polarizability,Sequential,46,16,0,1124,0.167,0.1357187086837446,0.9999833607348355,3,6,20,20.66
Polarizability,Sequential,46,17,0,1115,0.167,0.11541741908386119,0.9999833607348355,4,6,21,20.493000000000002
Polarizability,Sequential,46,18,0,1118,0.167,0.09604069624939435,0.9999833607348355,5,6,22,20.326
Polarizability,Sequential,46,19,1,71,1.0,0.10108175702848887,0.9999833607348355,0,7,22,19.326
Polarizability,Sequential,46,20,0,1103,0.167,0.10466876199985385,0.9896307026491916,1,7,23,19.159
Polarizability,Sequential,46,21,0,1119,0.167,0.09904997733111784,0.9896307026491916,2,7,24,18.992
Polarizability,Sequential,46,22,0,1109,0.167,0.09022648373581361,0.9896307026491916,3,7,25,18.825000000000003
Polarizability,Sequential,46,23,0,1108,0.167,0.08776412479230285,0.9896307026491916,4,7,26,18.658
Polarizability,Sequential,46,24,0,1116,0.167,0.07932643252646614,0.9896307026491916,5,7,27,18.491
Polarizability,Sequential,46,25,0,1123,0.167,0.07248941393589224,0.9896307026491916,6,7,28,18.324
Polarizability,Sequential,46,26,1,921,1.0,0.07796558428492104,0.9896307026491916,0,8,28,17.324000000000005
Polarizability,Sequential,46,27,1,1130,1.0,0.06790080620063531,0.9897951765857832,0,9,28,16.324000000000005
Polarizability,Sequential,46,28,0,1106,0.167,0.06130701723166029,0.9917821289346703,1,9,29,16.157000000000004
Polarizability,Sequential,46,29,0,1091,0.167,0.0515210644786242,0.9917821289346703,2,9,30,15.990000000000004
Polarizability,Sequential,46,30,1,1052,1.0,0.06407802707995029,0.9917821289346703,0,10,30,14.990000000000004
Polarizability,Sequential,46,31,0,1121,0.167,0.06209183886110721,0.9917821289346703,1,10,31,14.823000000000004
Polarizability,Sequential,46,32,1,1132,1.0,0.051884883299576155,0.9917821289346703,0,11,31,13.823000000000004
Polarizability,Sequential,46,33,0,1122,0.167,0.04517749614083561,0.9865138266368427,1,11,32,13.656000000000004
Polarizability,Sequential,46,34,1,1065,1.0,0.054186950373865145,0.9865138266368427,0,12,32,12.656000000000002
Polarizability,Sequential,46,35,0,1105,0.167,0.0377080558807041,0.9861371800158459,1,12,33,12.489000000000003
Polarizability,Sequential,46,36,0,1096,0.167,0.03377685890721905,0.9861371800158459,2,12,34,12.322000000000001
Polarizability,Sequential,46,37,1,1126,1.0,0.03408079065325992,0.9861371800158459,0,13,34,11.322
Polarizability,Sequential,46,38,1,1117,1.0,0.02869028800970185,0.9864717303601663,0,14,34,10.322
Polarizability,Sequential,46,39,1,300,1.0,0.03911401002198743,0.9867802423727627,0,15,34,9.322
Polarizability,Sequential,46,40,0,1067,0.167,0.029644407835435524,0.9884140560355289,1,15,35,9.155
Polarizability,Sequential,46,41,0,1114,0.167,0.02880021233328237,0.9884140560355289,2,15,36,8.987999999999998
Polarizability,Sequential,46,42,0,1112,0.167,0.027370195007480683,0.9884140560355289,3,15,37,8.820999999999996
Polarizability,Sequential,46,43,1,1127,1.0,0.026031949554860496,0.9884140560355289,0,16,37,7.820999999999994
Polarizability,Sequential,46,44,0,1097,0.167,0.024569176560336307,0.9886984817924648,1,16,38,7.653999999999995
Polarizability,Sequential,46,45,0,1113,0.167,0.023767083371858264,0.9886984817924648,2,16,39,7.486999999999993
Polarizability,Sequential,46,46,0,1107,0.167,0.022083730863618374,0.9886984817924648,3,16,40,7.319999999999991
Polarizability,Sequential,46,47,0,1090,0.167,0.02158269725687214,0.9886984817924648,4,16,41,7.15299999999999
Polarizability,Sequential,46,48,1,1128,1.0,0.02046727864080044,0.9886984817924648,0,17,41,6.152999999999988
Polarizability,Sequential,46,49,0,1110,0.167,0.016257504538146464,0.9887032801318131,1,17,42,5.985999999999988
Polarizability,Sequential,46,50,0,1025,0.167,0.01847338539980768,0.9887032801318131,2,17,43,5.818999999999987
Polarizability,Sequential,46,51,1,1109,1.0,0.01843464532521704,0.9887032801318131,0,18,43,4.818999999999985
Polarizability,Sequential,46,52,1,1103,1.0,0.01774820328929687,0.9887243891557764,0,19,43,3.818999999999985
Polarizability,Sequential,46,53,0,1028,0.167,0.021379780552188383,0.9886361786323954,1,19,44,3.651999999999985
Polarizability,Sequential,46,54,1,1125,1.0,0.017180141166304577,0.9886361786323954,0,20,44,2.6519999999999833
Polarizability,Sequential,46,55,0,1104,0.167,0.014024469453952134,0.9886942739335249,1,20,45,2.4849999999999834
Polarizability,Sequential,46,56,1,1118,1.0,0.013445229104799401,0.9886942739335249,0,21,45,1.4849999999999817
Polarizability,Sequential,46,57,1,1124,1.0,0.013223603497436783,0.9887916392339288,0,22,45,0.48499999999998167
Polarizability,Sequential,46,58,0,1031,0.167,0.010626887081696805,0.9888136966550296,1,22,46,0.31799999999998163
Polarizability,Sequential,46,59,0,1069,0.167,0.010296852598338216,0.9888136966550296,2,22,47,0.15099999999998007
Polarizability,Sequential,47,1,1,1131,1.0,0.5097588454448412,0.5,0,3,8,25.664
Polarizability,Sequential,47,2,0,921,0.167,0.37624529863970635,0.5,1,3,9,25.497
Polarizability,Sequential,47,3,0,1129,0.167,0.3803975770229989,0.5,2,3,10,25.33
Polarizability,Sequential,47,4,0,1130,0.167,0.29672745888404806,0.5,3,3,11,25.162999999999997
Polarizability,Sequential,47,5,0,1132,0.167,0.2815475048324758,0.5,4,3,12,24.996
Polarizability,Sequential,47,6,0,1126,0.167,0.21497037422358525,0.5,5,3,13,24.829
Polarizability,Sequential,47,7,0,1117,0.167,0.23227511427335543,0.5,6,3,14,24.662
Polarizability,Sequential,47,8,1,944,1.0,0.2325480348080538,0.5,0,4,14,23.662
Polarizability,Sequential,47,9,1,1133,1.0,0.19444936389516318,0.5,0,5,14,22.662
Polarizability,Sequential,47,10,0,1127,0.167,0.35933192126155067,0.9965686049387992,1,5,15,22.494999999999997
Polarizability,Sequential,47,11,0,1128,0.167,0.27461666526188794,0.9965686049387992,2,5,16,22.328
Polarizability,Sequential,47,12,0,1121,0.167,0.2652758961455338,0.9965686049387992,3,5,17,22.161
Polarizability,Sequential,47,13,0,1125,0.167,0.22361681072705122,0.9965686049387992,4,5,18,21.994
Polarizability,Sequential,47,14,0,257,0.167,0.3318791752798291,0.9965686049387992,5,5,19,21.826999999999998
Polarizability,Sequential,47,15,0,1124,0.167,0.1650574446449915,0.9965686049387992,6,5,20,21.66
Polarizability,Sequential,47,16,0,1118,0.167,0.15354318580764365,0.9965686049387992,7,5,21,21.493000000000002
Polarizability,Sequential,47,17,0,1067,0.167,0.17852037324205125,0.9965686049387992,8,5,22,21.326
Polarizability,Sequential,47,18,0,1115,0.167,0.12451767744244675,0.9965686049387992,9,5,23,21.159
Polarizability,Sequential,47,19,0,1103,0.167,0.12479967133675113,0.9965686049387992,10,5,24,20.992
Polarizability,Sequential,47,20,0,1120,0.167,0.11654811138031228,0.9965686049387992,11,5,25,20.825000000000003
Polarizability,Sequential,47,21,1,924,1.0,0.09850313938443599,0.9965686049387992,0,6,25,19.825000000000003
Polarizability,Sequential,47,22,0,1109,0.167,0.08899219644457486,0.9965686049387992,1,6,26,19.658
Polarizability,Sequential,47,23,1,1129,1.0,0.09762932256420512,0.9965686049387992,0,7,26,18.658
Polarizability,Sequential,47,24,1,303,1.0,0.09575225618763376,0.9951303991941616,0,8,26,17.658
Polarizability,Sequential,47,25,0,1108,0.167,0.08171406025820799,0.9923327775685197,1,8,27,17.491
Polarizability,Sequential,47,26,0,1106,0.167,0.07009672747004546,0.9923327775685197,2,8,28,17.324
Polarizability,Sequential,47,27,0,1119,0.167,0.06842740031525711,0.9923327775685197,3,8,29,17.157000000000004
Polarizability,Sequential,47,28,1,1130,1.0,0.06257692106215834,0.9923327775685197,0,9,29,16.157000000000004
Polarizability,Sequential,47,29,1,549,1.0,0.08074061193476005,0.9927802463604775,0,10,29,15.157000000000004
Polarizability,Sequential,47,30,0,1116,0.167,0.06360263491411702,0.9927802463604775,1,10,30,14.990000000000004
Polarizability,Sequential,47,31,1,955,1.0,0.057416093739634785,0.9927802463604775,0,11,30,13.990000000000004
Polarizability,Sequential,47,32,0,1123,0.167,0.051106272950745074,0.9927802463604775,1,11,31,13.823000000000002
Polarizability,Sequential,47,33,1,1132,1.0,0.0513330516808117,0.9927802463604775,0,12,31,12.823
Polarizability,Sequential,47,34,0,1122,0.167,0.045315749319625946,0.984354636249209,1,12,32,12.656
Polarizability,Sequential,47,35,0,1112,0.167,0.03890784656080751,0.984354636249209,2,12,33,12.488999999999999
Polarizability,Sequential,47,36,0,1028,0.167,0.0468583983578895,0.984354636249209,3,12,34,12.321999999999997
Polarizability,Sequential,47,37,0,1091,0.167,0.042225184670197015,0.984354636249209,4,12,35,12.154999999999996
Polarizability,Sequential,47,38,1,1126,1.0,0.04469063715785537,0.984354636249209,0,13,35,11.154999999999994
Polarizability,Sequential,47,39,0,1105,0.167,0.03063388200092446,0.9843940006129549,1,13,36,10.987999999999994
Polarizability,Sequential,47,40,1,1127,1.0,0.027508484594782258,0.9843940006129549,0,14,36,9.987999999999992
Polarizability,Sequential,47,41,0,1031,0.167,0.026708066669885525,0.9843992099755112,1,14,37,9.820999999999993
Polarizability,Sequential,47,42,0,1025,0.167,0.0244531759480775,0.9843992099755112,2,14,38,9.653999999999991
Polarizability,Sequential,47,43,0,1114,0.167,0.024796458409528047,0.9843992099755112,3,14,39,9.48699999999999
Polarizability,Sequential,47,44,1,1117,1.0,0.02333006090558426,0.9843992099755112,0,15,39,8.486999999999988
Polarizability,Sequential,47,45,1,1125,1.0,0.023626952281222052,0.9844046058726719,0,16,39,7.486999999999988
Polarizability,Sequential,47,46,0,1096,0.167,0.020636026009859035,0.9843863059003666,1,16,40,7.319999999999988
Polarizability,Sequential,47,47,0,1107,0.167,0.019645136407481306,0.9843863059003666,2,16,41,7.152999999999986
Polarizability,Sequential,47,48,1,1128,1.0,0.018273293126089545,0.9843863059003666,0,17,41,6.1529999999999845
Polarizability,Sequential,47,49,0,1110,0.167,0.017444576598963417,0.9842662911839865,1,17,42,5.985999999999985
Polarizability,Sequential,47,50,1,1091,1.0,0.020008812848388298,0.9842662911839865,0,18,42,4.985999999999983
Polarizability,Sequential,47,51,0,1090,0.167,0.014977352169711203,0.9828002498338425,1,18,43,4.818999999999983
Polarizability,Sequential,47,52,1,1109,1.0,0.01484613713615967,0.9828002498338425,0,19,43,3.8189999999999813
Polarizability,Sequential,47,53,0,1113,0.167,0.014303532519850023,0.9826991484154377,1,19,44,3.6519999999999815
Polarizability,Sequential,47,54,0,1104,0.167,0.012516038812613508,0.9826991484154377,2,19,45,3.48499999999998
Polarizability,Sequential,47,55,1,1124,1.0,0.01278397633984004,0.9826991484154377,0,20,45,2.484999999999978
Polarizability,Sequential,47,56,1,1118,1.0,0.011653224089839723,0.9827190904902334,0,21,45,1.4849999999999781
Polarizability,Sequential,47,57,1,1103,1.0,0.013105722659465517,0.9827024038744606,0,22,45,0.4849999999999781
Polarizability,Sequential,47,58,0,1097,0.167,0.010496364807575476,0.9827012686719425,1,22,46,0.3179999999999781
Polarizability,Sequential,47,59,0,1032,0.167,0.009108155928561876,0.9827012686719425,2,22,47,0.15099999999997651
Polarizability,Sequential,48,1,0,1130,0.167,0.3766942665744758,0.5,1,2,9,26.497
Polarizability,Sequential,48,2,0,1132,0.167,0.32965934946520364,0.5,2,2,10,26.33
Polarizability,Sequential,48,3,0,924,0.167,0.23938873832942067,0.5,3,2,11,26.162999999999997
Polarizability,Sequential,48,4,0,1127,0.167,0.20731116308821718,0.5,4,2,12,25.996
Polarizability,Sequential,48,5,0,1117,0.167,0.17906844258764368,0.5,5,2,13,25.829
Polarizability,Sequential,48,6,0,1129,0.167,0.27078640269748366,0.5,6,2,14,25.662
Polarizability,Sequential,48,7,0,1126,0.167,0.19926031175649805,0.5,7,2,15,25.494999999999997
Polarizability,Sequential,48,8,0,1128,0.167,0.15122491467128563,0.5,8,2,16,25.328
Polarizability,Sequential,48,9,0,1125,0.167,0.11198448996429498,0.5,9,2,17,25.161
Polarizability,Sequential,48,10,0,257,0.167,0.1257841303622015,0.5,10,2,18,24.994
Polarizability,Sequential,48,11,0,1120,0.167,0.08274075216271658,0.5,11,2,19,24.826999999999998
Polarizability,Sequential,48,12,1,1131,1.0,0.05876055956281559,0.5,0,3,19,23.827
Polarizability,Sequential,48,13,1,330,1.0,0.1377997198640925,0.5,0,4,19,22.827
Polarizability,Sequential,48,14,1,549,1.0,0.20131045568903863,0.5,0,5,19,21.827
Polarizability,Sequential,48,15,1,955,1.0,0.11784135990948745,0.5,0,6,19,20.827
Polarizability,Sequential,48,16,1,1129,1.0,0.11363598446824505,0.5,0,7,19,19.827
Polarizability,Sequential,48,17,1,1065,1.0,0.09925427835660108,0.5,0,8,19,18.827
Polarizability,Sequential,48,18,0,1103,0.167,0.14641545766962297,0.9999524390490465,1,8,20,18.66
Polarizability,Sequential,48,19,0,1118,0.167,0.12429620838470085,0.9999524390490465,2,8,21,18.493000000000002
Polarizability,Sequential,48,20,0,1124,0.167,0.11803419335190979,0.9999524390490465,3,8,22,18.326
Polarizability,Sequential,48,21,0,1109,0.167,0.0863962216228606,0.9999524390490465,4,8,23,18.159
Polarizability,Sequential,48,22,0,1115,0.167,0.10679324350780328,0.9999524390490465,5,8,24,17.992
Polarizability,Sequential,48,23,0,1108,0.167,0.08756088310722039,0.9999524390490465,6,8,25,17.825000000000003
Polarizability,Sequential,48,24,0,1106,0.167,0.07810722837745211,0.9999524390490465,7,8,26,17.658
Polarizability,Sequential,48,25,0,1119,0.167,0.0648377760480276,0.9999524390490465,8,8,27,17.491
Polarizability,Sequential,48,26,1,1130,1.0,0.06570446775318874,0.9999524390490465,0,9,27,16.491000000000003
Polarizability,Sequential,48,27,1,921,1.0,0.07457833359628943,0.9998923368674799,0,10,27,15.491000000000003
Polarizability,Sequential,48,28,0,1116,0.167,0.06416720877249349,0.9998923368674799,1,10,28,15.324000000000003
Polarizability,Sequential,48,29,1,140,1.0,0.0670954567713245,0.9998923368674799,0,11,28,14.324000000000003
Polarizability,Sequential,48,30,0,1121,0.167,0.05469054142905887,0.9998923368674799,1,11,29,14.157000000000004
Polarizability,Sequential,48,31,1,1126,1.0,0.04544634679113021,0.9998923368674799,0,12,29,13.157000000000004
Polarizability,Sequential,48,32,1,1132,1.0,0.04542289609005304,0.9997901684408993,0,13,29,12.157000000000004
Polarizability,Sequential,48,33,0,1091,0.167,0.042346208007579655,0.9801184962480693,1,13,30,11.990000000000004
Polarizability,Sequential,48,34,0,1122,0.167,0.04365215428530075,0.9801184962480693,2,13,31,11.823000000000002
Polarizability,Sequential,48,35,0,1123,0.167,0.0403114478377649,0.9801184962480693,3,13,32,11.656
Polarizability,Sequential,48,36,1,1028,1.0,0.03451309507237549,0.9801184962480693,0,14,32,10.655999999999999
Polarizability,Sequential,48,37,0,1105,0.167,0.030965249403544674,0.9801184962480693,1,14,33,10.488999999999999
Polarizability,Sequential,48,38,1,1127,1.0,0.028670789431216023,0.9801184962480693,0,15,33,9.488999999999997
Polarizability,Sequential,48,39,0,1112,0.167,0.026691206316037077,0.9794138916664543,1,15,34,9.321999999999997
Polarizability,Sequential,48,40,1,1117,1.0,0.024752817139558063,0.9794138916664543,0,16,34,8.321999999999996
Polarizability,Sequential,48,41,1,1115,1.0,0.024925433929871406,0.9789358189487303,0,17,34,7.321999999999996
Polarizability,Sequential,48,42,0,1031,0.167,0.02252670201389637,0.9786565182536773,1,17,35,7.154999999999996
Polarizability,Sequential,48,43,1,1128,1.0,0.019580033062357186,0.9786565182536773,0,18,35,6.154999999999994
Polarizability,Sequential,48,44,1,1125,1.0,0.020364504634325944,0.9771989474512738,0,19,35,5.154999999999994
Polarizability,Sequential,48,45,0,1025,0.167,0.01752223494256186,0.9773164638179442,1,19,36,4.987999999999994
Polarizability,Sequential,48,46,0,1067,0.167,0.01726925578580052,0.9773164638179442,2,19,37,4.820999999999993
Polarizability,Sequential,48,47,0,1113,0.167,0.015278442596456016,0.9773164638179442,3,19,38,4.653999999999991
Polarizability,Sequential,48,48,1,1109,1.0,0.016820773713375606,0.9773164638179442,0,20,38,3.6539999999999893
Polarizability,Sequential,48,49,1,1121,1.0,0.014007267629125839,0.976468992413423,0,21,38,2.6539999999999893
Polarizability,Sequential,48,50,1,1124,1.0,0.013318657402949054,0.977155182985426,0,22,38,1.6539999999999893
Polarizability,Sequential,48,51,0,1110,0.167,0.012417122119264776,0.9771397695185325,1,22,39,1.4869999999999892
Polarizability,Sequential,48,52,1,1091,1.0,0.012757856225515542,0.9771397695185325,0,23,39,0.48699999999998766
Polarizability,Sequential,48,53,0,1090,0.167,0.011784630848550259,0.9765688680415644,1,23,40,0.3199999999999876
Polarizability,Sequential,48,54,0,1114,0.167,0.011495914484102,0.9765688680415644,2,23,41,0.15299999999998606
Polarizability,Sequential,49,1,0,1129,0.167,0.3481050758322263,0.5,1,2,9,26.497
Polarizability,Sequential,49,2,1,1133,1.0,0.30987464791937275,0.5,0,3,9,25.497
Polarizability,Sequential,49,3,0,924,0.167,0.3157999314574473,0.5,1,3,10,25.33
Polarizability,Sequential,49,4,0,1131,0.167,0.24207977058791819,0.5,2,3,11,25.162999999999997
Polarizability,Sequential,49,5,0,1130,0.167,0.2937383053887559,0.5,3,3,12,24.996
Polarizability,Sequential,49,6,0,1132,0.167,0.263272847431374,0.5,4,3,13,24.829
Polarizability,Sequential,49,7,0,1126,0.167,0.19858685990732236,0.5,5,3,14,24.662
Polarizability,Sequential,49,8,1,944,1.0,0.1981562975759734,0.5,0,4,14,23.662
Polarizability,Sequential,49,9,0,1127,0.167,0.17686573881193277,0.5,1,4,15,23.494999999999997
Polarizability,Sequential,49,10,1,330,1.0,0.14181785065815683,0.5,0,5,15,22.495
Polarizability,Sequential,49,11,0,1128,0.167,0.12992944737378104,0.5,1,5,16,22.328
Polarizability,Sequential,49,12,0,1117,0.167,0.10630589128760051,0.5,2,5,17,22.161
Polarizability,Sequential,49,13,1,1131,1.0,0.14344372303960784,0.5,0,6,17,21.161
Polarizability,Sequential,49,14,1,1052,1.0,0.10879708697348797,0.5,0,7,17,20.161
Polarizability,Sequential,49,15,0,1125,0.167,0.10120325757095355,0.5,1,7,18,19.994
Polarizability,Sequential,49,16,0,1115,0.167,0.08992526745416557,0.5,2,7,19,19.826999999999998
Polarizability,Sequential,49,17,1,1129,1.0,0.10773471935053824,0.5,0,8,19,18.827
Polarizability,Sequential,49,18,0,1118,0.167,0.1429699553919772,0.997961125346705,1,8,20,18.66
Polarizability,Sequential,49,19,0,1124,0.167,0.1284241774252894,0.997961125346705,2,8,21,18.493000000000002
Polarizability,Sequential,49,20,0,1103,0.167,0.11809124117094513,0.997961125346705,3,8,22,18.326
Polarizability,Sequential,49,21,0,549,0.167,0.13727813236899591,0.997961125346705,4,8,23,18.159
Polarizability,Sequential,49,22,0,1109,0.167,0.10639313063941197,0.997961125346705,5,8,24,17.992
Polarizability,Sequential,49,23,0,1121,0.167,0.09222141798223328,0.997961125346705,6,8,25,17.825000000000003
Polarizability,Sequential,49,24,1,257,1.0,0.09750082278022212,0.997961125346705,0,9,25,16.825000000000003
Polarizability,Sequential,49,25,0,1120,0.167,0.07815129482575206,0.9953183763609655,1,9,26,16.658
Polarizability,Sequential,49,26,0,1108,0.167,0.07433791877778173,0.9953183763609655,2,9,27,16.491
Polarizability,Sequential,49,27,0,1106,0.167,0.06116987115585755,0.9953183763609655,3,9,28,16.324
Polarizability,Sequential,49,28,1,1130,1.0,0.05735422012369077,0.9953183763609655,0,10,28,15.324000000000005
Polarizability,Sequential,49,29,0,1091,0.167,0.06021894845498933,0.9950180655825932,1,10,29,15.157000000000004
Polarizability,Sequential,49,30,0,1119,0.167,0.05493588691795441,0.9950180655825932,2,10,30,14.990000000000004
Polarizability,Sequential,49,31,1,1132,1.0,0.051128785433606896,0.9950180655825932,0,11,30,13.990000000000004
Polarizability,Sequential,49,32,0,1116,0.167,0.04893870716291939,0.9687464085804002,1,11,31,13.823000000000002
Polarizability,Sequential,49,33,1,1126,1.0,0.04855636054665477,0.9687464085804002,0,12,31,12.823
Polarizability,Sequential,49,34,0,1123,0.167,0.04408898285204287,0.9691997000873925,1,12,32,12.656
Polarizability,Sequential,49,35,1,1065,1.0,0.0852742788184496,0.9691997000873925,0,13,32,11.655999999999999
Polarizability,Sequential,49,36,0,1122,0.167,0.04031651351679114,0.9779476709452736,1,13,33,11.488999999999999
Polarizability,Sequential,49,37,0,1105,0.167,0.032288505955985466,0.9779476709452736,2,13,34,11.321999999999997
Polarizability,Sequential,49,38,1,1127,1.0,0.034342455822869246,0.9779476709452736,0,14,34,10.321999999999996
Polarizability,Sequential,49,39,0,1112,0.167,0.029227961765412626,0.9779394547561703,1,14,35,10.154999999999996
Polarizability,Sequential,49,40,1,1115,1.0,0.02349051997048182,0.9779394547561703,0,15,35,9.154999999999994
Polarizability,Sequential,49,41,1,1117,1.0,0.02297331271059843,0.9783579442042117,0,16,35,8.154999999999994
Polarizability,Sequential,49,42,0,1025,0.167,0.021139798927868745,0.9783671654955621,1,16,36,7.987999999999994
Polarizability,Sequential,49,43,1,1128,1.0,0.02331272183842248,0.9783671654955621,0,17,36,6.987999999999992
Polarizability,Sequential,49,44,0,1031,0.167,0.0189245056447626,0.9780038335649289,1,17,37,6.820999999999993
Polarizability,Sequential,49,45,1,1125,1.0,0.018242509402285195,0.9780038335649289,0,18,37,5.820999999999991
Polarizability,Sequential,49,46,0,1113,0.167,0.01613250488239085,0.9781272783059485,1,18,38,5.653999999999991
Polarizability,Sequential,49,47,1,1118,1.0,0.014851944843501698,0.9781272783059485,0,19,38,4.653999999999989
Polarizability,Sequential,49,48,1,1121,1.0,0.016361801262541012,0.9781364237146781,0,20,38,3.6539999999999893
Polarizability,Sequential,49,49,0,1096,0.167,0.015598988453546214,0.9787471473186786,1,20,39,3.4869999999999894
Polarizability,Sequential,49,50,1,1103,1.0,0.014561999652180933,0.9787471473186786,0,21,39,2.4869999999999877
Polarizability,Sequential,49,51,1,1091,1.0,0.015298373332105174,0.9787717195169137,0,22,39,1.4869999999999877
Polarizability,Sequential,49,52,0,1067,0.167,0.015569829431680636,0.9776473569383869,1,22,40,1.3199999999999876
Polarizability,Sequential,49,53,0,1090,0.167,0.011377973866826685,0.9776473569383869,2,22,41,1.152999999999986
Polarizability,Sequential,49,54,1,1124,1.0,0.012017732527125034,0.9776473569383869,0,23,41,0.15299999999998448
Polarizability,Sequential,50,1,1,1131,1.0,0.3087636384959392,0.5,0,3,8,25.664
Polarizability,Sequential,50,2,0,1040,0.167,0.3093753606199733,0.5,1,3,9,25.497
Polarizability,Sequential,50,3,0,1129,0.167,0.42645408936800805,0.5,2,3,10,25.33
Polarizability,Sequential,50,4,0,1130,0.167,0.2903289561742064,0.5,3,3,11,25.162999999999997
Polarizability,Sequential,50,5,0,1132,0.167,0.2634241721088398,0.5,4,3,12,24.996
Polarizability,Sequential,50,6,1,1065,1.0,0.2537688791178734,0.5,0,4,12,23.996000000000002
Polarizability,Sequential,50,7,0,1126,0.167,0.18368718600968245,0.5,1,4,13,23.829
Polarizability,Sequential,50,8,1,549,1.0,0.19287980019500378,0.5,0,5,13,22.829
Polarizability,Sequential,50,9,0,1117,0.167,0.19625499367091176,0.5,1,5,14,22.662
Polarizability,Sequential,50,10,0,921,0.167,0.17292644724364192,0.5,2,5,15,22.494999999999997
Polarizability,Sequential,50,11,0,1127,0.167,0.14964387991897052,0.5,3,5,16,22.328
Polarizability,Sequential,50,12,1,921,1.0,0.1377926191715833,0.5,0,6,16,21.328000000000003
Polarizability,Sequential,50,13,0,1128,0.167,0.245983237178186,0.9958335187006362,1,6,17,21.161
Polarizability,Sequential,50,14,0,1125,0.167,0.1965187032859325,0.9958335187006362,2,6,18,20.994
Polarizability,Sequential,50,15,0,1103,0.167,0.16826240853552124,0.9958335187006362,3,6,19,20.826999999999998
Polarizability,Sequential,50,16,0,1118,0.167,0.13781182959925523,0.9958335187006362,4,6,20,20.66
Polarizability,Sequential,50,17,0,257,0.167,0.1418316980280336,0.9958335187006362,5,6,21,20.493000000000002
Polarizability,Sequential,50,18,0,1124,0.167,0.12252884539097093,0.9958335187006362,6,6,22,20.326
Polarizability,Sequential,50,19,1,1133,1.0,0.12477142618728664,0.9958335187006362,0,7,22,19.326
Polarizability,Sequential,50,20,0,1115,0.167,0.1074024440830908,0.9973953590171265,1,7,23,19.159
Polarizability,Sequential,50,21,0,1120,0.167,0.1047240917850535,0.9973953590171265,2,7,24,18.992
Polarizability,Sequential,50,22,0,1109,0.167,0.09132081452500192,0.9973953590171265,3,7,25,18.825000000000003
Polarizability,Sequential,50,23,1,1129,1.0,0.1121331591452266,0.9973953590171265,0,8,25,17.825000000000003
Polarizability,Sequential,50,24,0,1108,0.167,0.07891173926507025,0.9974569486500262,1,8,26,17.658
Polarizability,Sequential,50,25,1,1130,1.0,0.0713031604177291,0.9974569486500262,0,9,26,16.658
Polarizability,Sequential,50,26,0,1091,0.167,0.07984708956155828,0.9974338610938907,1,9,27,16.491
Polarizability,Sequential,50,27,0,1106,0.167,0.06713409152942273,0.9974338610938907,2,9,28,16.324
Polarizability,Sequential,50,28,1,955,1.0,0.06082992616026045,0.9974338610938907,0,10,28,15.324000000000005
Polarizability,Sequential,50,29,1,1132,1.0,0.05858523195357834,0.9974338610938907,0,11,28,14.324000000000003
Polarizability,Sequential,50,30,1,944,1.0,0.06352359659140276,0.9839480316462541,0,12,28,13.324000000000003
Polarizability,Sequential,50,31,0,1116,0.167,0.05572718764857458,0.979648195305784,1,12,29,13.157000000000005
Polarizability,Sequential,50,32,0,1119,0.167,0.0550678471784285,0.979648195305784,2,12,30,12.990000000000004
Polarizability,Sequential,50,33,0,1121,0.167,0.04821511765547739,0.979648195305784,3,12,31,12.823000000000002
Polarizability,Sequential,50,34,1,257,1.0,0.07266004056175329,0.979648195305784,0,13,31,11.823
Polarizability,Sequential,50,35,0,1123,0.167,0.039389895140571056,0.9804490544625029,1,13,32,11.656
Polarizability,Sequential,50,36,1,1126,1.0,0.042120723887800984,0.9804490544625029,0,14,32,10.655999999999999
Polarizability,Sequential,50,37,0,1067,0.167,0.03943955541516521,0.9806649442027281,1,14,33,10.488999999999999
Polarizability,Sequential,50,38,0,1122,0.167,0.033152585198617,0.9806649442027281,2,14,34,10.321999999999997
Polarizability,Sequential,50,39,0,1031,0.167,0.027315532407800013,0.9806649442027281,3,14,35,10.154999999999996
Polarizability,Sequential,50,40,0,1105,0.167,0.027415147461330062,0.9806649442027281,4,14,36,9.987999999999994
Polarizability,Sequential,50,41,1,1127,1.0,0.02611412525058899,0.9806649442027281,0,15,36,8.987999999999992
Polarizability,Sequential,50,42,0,1114,0.167,0.02523078332537279,0.9808051245259506,1,15,37,8.820999999999993
Polarizability,Sequential,50,43,0,1096,0.167,0.02508981741230131,0.9808051245259506,2,15,38,8.653999999999991
Polarizability,Sequential,50,44,1,1117,1.0,0.021730090235337694,0.9808051245259506,0,16,38,7.653999999999989
Polarizability,Sequential,50,45,0,1112,0.167,0.02013569380052654,0.9809325335723531,1,16,39,7.486999999999989
Polarizability,Sequential,50,46,1,1128,1.0,0.020296330319229193,0.9809325335723531,0,17,39,6.486999999999988
Polarizability,Sequential,50,47,0,1028,0.167,0.01918359874915408,0.9808861419007776,1,17,40,6.319999999999988
Polarizability,Sequential,50,48,0,1097,0.167,0.01701201290475477,0.9808861419007776,2,17,41,6.152999999999986
Polarizability,Sequential,50,49,1,1125,1.0,0.018816813395171786,0.9808861419007776,0,18,41,5.1529999999999845
Polarizability,Sequential,50,50,0,1107,0.167,0.014812375650605643,0.9808339139118557,1,18,42,4.985999999999985
Polarizability,Sequential,50,51,1,1115,1.0,0.014211420378351908,0.9808339139118557,0,19,42,3.985999999999983
Polarizability,Sequential,50,52,1,1091,1.0,0.017041804257341524,0.9809116407123364,0,20,42,2.985999999999983
Polarizability,Sequential,50,53,1,1109,1.0,0.013508356349057032,0.9792397743050039,0,21,42,1.985999999999983
Polarizability,Sequential,50,54,1,1103,1.0,0.014128563340134126,0.9791968715080459,0,22,42,0.9859999999999829
Polarizability,Sequential,50,55,0,1113,0.167,0.011947361358299208,0.9791600289371496,1,22,43,0.8189999999999829
Polarizability,Sequential,50,56,0,1090,0.167,0.013672442247886408,0.9791600289371496,2,22,44,0.6519999999999813
Polarizability,Sequential,50,57,0,1102,0.167,0.009531225460502033,0.9791600289371496,3,22,45,0.48499999999997967
Polarizability,Sequential,50,58,0,1104,0.167,0.008809476253867531,0.9791600289371496,4,22,46,0.3179999999999781
Polarizability,Sequential,50,59,0,1110,0.167,0.00898224295232623,0.9791600289371496,5,22,47,0.15099999999997651
Polarizability,Sequential,51,1,0,1130,0.167,0.378140923416125,0.5,1,2,9,26.497
Polarizability,Sequential,51,2,0,1132,0.167,0.326923486388204,0.5,2,2,10,26.33
Polarizability,Sequential,51,3,0,1127,0.167,0.21486629229674128,0.5,3,2,11,26.162999999999997
Polarizability,Sequential,51,4,0,1129,0.167,0.1900845301572252,0.5,4,2,12,25.996
Polarizability,Sequential,51,5,0,1040,0.167,0.31810650628674464,0.5,5,2,13,25.829
Polarizability,Sequential,51,6,0,1126,0.167,0.17584629785839842,0.5,6,2,14,25.662
Polarizability,Sequential,51,7,0,1117,0.167,0.150777604568987,0.5,7,2,15,25.494999999999997
Polarizability,Sequential,51,8,0,1128,0.167,0.13548472756269017,0.5,8,2,16,25.328
Polarizability,Sequential,51,9,0,257,0.167,0.11360757156129939,0.5,9,2,17,25.161
Polarizability,Sequential,51,10,0,1125,0.167,0.09608437825045912,0.5,10,2,18,24.994
Polarizability,Sequential,51,11,1,1129,1.0,0.10059817769179609,0.5,0,3,18,23.994
Polarizability,Sequential,51,12,1,944,1.0,0.17010633068541336,0.5,0,4,18,22.994
Polarizability,Sequential,51,13,1,955,1.0,0.14807451169184913,0.5,0,5,18,21.994
Polarizability,Sequential,51,14,1,1131,1.0,0.10930432419830076,0.5,0,6,18,20.994
Polarizability,Sequential,51,15,0,1103,0.167,0.13642940947482868,0.9999833607348355,1,6,19,20.826999999999998
Polarizability,Sequential,51,16,0,1120,0.167,0.13151633135300073,0.9999833607348355,2,6,20,20.66
Polarizability,Sequential,51,17,0,1124,0.167,0.1128801002018201,0.9999833607348355,3,6,21,20.493000000000002
Polarizability,Sequential,51,18,1,257,1.0,0.09818020041234378,0.9999833607348355,0,7,21,19.493000000000002
Polarizability,Sequential,51,19,0,1118,0.167,0.09059578548691807,0.9989528321322947,1,7,22,19.326
Polarizability,Sequential,51,20,0,1115,0.167,0.07659042076500863,0.9989528321322947,2,7,23,19.159
Polarizability,Sequential,51,21,0,1119,0.167,0.06993472686428368,0.9989528321322947,3,7,24,18.992
Polarizability,Sequential,51,22,1,921,1.0,0.06275464765462832,0.9989528321322947,0,8,24,17.992000000000004
Polarizability,Sequential,51,23,0,1109,0.167,0.05882423766885659,0.9920586373700506,1,8,25,17.825000000000003
Polarizability,Sequential,51,24,0,1108,0.167,0.0631375970580532,0.9920586373700506,2,8,26,17.658
Polarizability,Sequential,51,25,1,300,1.0,0.07678097924798073,0.9920586373700506,0,9,26,16.658
Polarizability,Sequential,51,26,0,1106,0.167,0.054567076293600116,0.9930373809237483,1,9,27,16.491
Polarizability,Sequential,51,27,1,1130,1.0,0.05388274070298194,0.9930373809237483,0,10,27,15.491000000000003
Polarizability,Sequential,51,28,0,1116,0.167,0.049740453784201895,0.9948353465601636,1,10,28,15.324000000000003
Polarizability,Sequential,51,29,1,1132,1.0,0.045584507238860913,0.9948353465601636,0,11,28,14.324000000000003
Polarizability,Sequential,51,30,1,1065,1.0,0.062192196715218584,0.9896986379016866,0,12,28,13.324000000000003
Polarizability,Sequential,51,31,0,1123,0.167,0.039348833514242454,0.9851242381147772,1,12,29,13.157000000000005
Polarizability,Sequential,51,32,0,1121,0.167,0.04487300282113009,0.9851242381147772,2,12,30,12.990000000000004
Polarizability,Sequential,51,33,0,1091,0.167,0.052066006337025475,0.9851242381147772,3,12,31,12.823000000000002
Polarizability,Sequential,51,34,1,1126,1.0,0.03709376328117492,0.9851242381147772,0,13,31,11.823
Polarizability,Sequential,51,35,0,1122,0.167,0.031127423431950442,0.9856001701368338,1,13,32,11.656
Polarizability,Sequential,51,36,1,1040,1.0,0.03204144262690422,0.9856001701368338,0,14,32,10.655999999999999
Polarizability,Sequential,51,37,1,1127,1.0,0.0259890754737455,0.9861028292482922,0,15,32,9.655999999999999
Polarizability,Sequential,51,38,0,1105,0.167,0.02373877872158951,0.9865451035013068,1,15,33,9.488999999999999
Polarizability,Sequential,51,39,1,1117,1.0,0.023458672522768585,0.9865451035013068,0,16,33,8.488999999999997
Polarizability,Sequential,51,40,0,1114,0.167,0.021459142809679303,0.9869209661346775,1,16,34,8.321999999999997
Polarizability,Sequential,51,41,0,1096,0.167,0.026770365134899915,0.9869209661346775,2,16,35,8.154999999999996
Polarizability,Sequential,51,42,1,1125,1.0,0.019056009035249413,0.9869209661346775,0,17,35,7.154999999999994
Polarizability,Sequential,51,43,1,1128,1.0,0.017038178127878473,0.9870243878546358,0,18,35,6.154999999999994
Polarizability,Sequential,51,44,0,1028,0.167,0.01903401190752019,0.9870037934269201,1,18,36,5.987999999999994
Polarizability,Sequential,51,45,0,1097,0.167,0.016329548635275637,0.9870037934269201,2,18,37,5.820999999999993
Polarizability,Sequential,51,46,0,1031,0.167,0.015210049414724628,0.9870037934269201,3,18,38,5.653999999999991
Polarizability,Sequential,51,47,0,1112,0.167,0.014484390909258885,0.9870037934269201,4,18,39,5.486999999999989
Polarizability,Sequential,51,48,0,1067,0.167,0.014190709945206555,0.9870037934269201,5,18,40,5.319999999999988
Polarizability,Sequential,51,49,1,1103,1.0,0.012900591342104424,0.9870037934269201,0,19,40,4.319999999999986
Polarizability,Sequential,51,50,1,1124,1.0,0.013112177804565025,0.986944244247374,0,20,40,3.319999999999986
Polarizability,Sequential,51,51,0,1113,0.167,0.011072529287456567,0.9869940633260008,1,20,41,3.1529999999999863
Polarizability,Sequential,51,52,0,1107,0.167,0.01125799130402232,0.9869940633260008,2,20,42,2.9859999999999847
Polarizability,Sequential,51,53,1,1118,1.0,0.010070791041544087,0.9869940633260008,0,21,42,1.985999999999983
Polarizability,Sequential,51,54,0,1102,0.167,0.008920778777202827,0.9871141730459116,1,21,43,1.8189999999999829
Polarizability,Sequential,51,55,1,1091,1.0,0.010549950413151758,0.9871141730459116,0,22,43,0.8189999999999813
Polarizability,Sequential,51,56,0,1090,0.167,0.008375280645080932,0.9857774024158339,1,22,44,0.6519999999999813
Polarizability,Sequential,51,57,0,1110,0.167,0.008301308865292288,0.9857774024158339,2,22,45,0.48499999999997967
Polarizability,Sequential,51,58,0,1025,0.167,0.006860693662737133,0.9857774024158339,3,22,46,0.3179999999999781
Polarizability,Sequential,51,59,0,1104,0.167,0.00699569623437765,0.9857774024158339,4,22,47,0.15099999999997651
Polarizability,Sequential,52,1,0,1130,0.167,0.3925337563817526,0.5,1,2,9,26.497
Polarizability,Sequential,52,2,0,921,0.167,0.36351655106911795,0.5,2,2,10,26.33
Polarizability,Sequential,52,3,0,1132,0.167,0.322231747187382,0.5,3,2,11,26.162999999999997
Polarizability,Sequential,52,4,0,1129,0.167,0.23710424523803322,0.5,4,2,12,25.996
Polarizability,Sequential,52,5,0,1117,0.167,0.21841626691800736,0.5,5,2,13,25.829
Polarizability,Sequential,52,6,0,1126,0.167,0.19936743141966515,0.5,6,2,14,25.662
Polarizability,Sequential,52,7,0,1128,0.167,0.19433201008410353,0.5,7,2,15,25.494999999999997
Polarizability,Sequential,52,8,0,1127,0.167,0.15571565440041132,0.5,8,2,16,25.328
Polarizability,Sequential,52,9,0,1125,0.167,0.11970439980145811,0.5,9,2,17,25.161
Polarizability,Sequential,52,10,0,140,0.167,0.1264993155052623,0.5,10,2,18,24.994
Polarizability,Sequential,52,11,0,1120,0.167,0.09498909684349204,0.5,11,2,19,24.826999999999998
Polarizability,Sequential,52,12,1,1129,1.0,0.07351275826911226,0.5,0,3,19,23.827
Polarizability,Sequential,52,13,1,1028,1.0,0.19657756321461142,0.5,0,4,19,22.827
Polarizability,Sequential,52,14,1,303,1.0,0.18001943171162527,0.5,0,5,19,21.827
Polarizability,Sequential,52,15,1,1131,1.0,0.08328336459765419,0.5,0,6,19,20.827
Polarizability,Sequential,52,16,1,921,1.0,0.1847562647542424,0.9999907265993535,0,7,19,19.827
Polarizability,Sequential,52,17,0,1115,0.167,0.1434015229386191,0.9997838746055298,1,7,20,19.66
Polarizability,Sequential,52,18,0,1124,0.167,0.12452488829323398,0.9997838746055298,2,7,21,19.493000000000002
Polarizability,Sequential,52,19,0,1103,0.167,0.11294005332657471,0.9997838746055298,3,7,22,19.326
Polarizability,Sequential,52,20,0,1118,0.167,0.10791739414063344,0.9997838746055298,4,7,23,19.159
Polarizability,Sequential,52,21,0,1109,0.167,0.09238838424926904,0.9997838746055298,5,7,24,18.992
Polarizability,Sequential,52,22,0,1108,0.167,0.08467273992549887,0.9997838746055298,6,7,25,18.825000000000003
Polarizability,Sequential,52,23,1,1052,1.0,0.08486145264952402,0.9997838746055298,0,8,25,17.825000000000003
Polarizability,Sequential,52,24,0,1121,0.167,0.0829558878759188,0.9997838746055298,1,8,26,17.658
Polarizability,Sequential,52,25,0,1116,0.167,0.07104383614764738,0.9997838746055298,2,8,27,17.491
Polarizability,Sequential,52,26,0,1119,0.167,0.06092997219750951,0.9997838746055298,3,8,28,17.324
Polarizability,Sequential,52,27,0,1106,0.167,0.05688086974425355,0.9997838746055298,4,8,29,17.157000000000004
Polarizability,Sequential,52,28,1,1130,1.0,0.06111295262152117,0.9997838746055298,0,9,29,16.157000000000004
Polarizability,Sequential,52,29,1,300,1.0,0.052375392059728174,0.9998157444254335,0,10,29,15.157000000000004
Polarizability,Sequential,52,30,0,1123,0.167,0.050123650501641505,0.9998157444254335,1,10,30,14.990000000000004
Polarizability,Sequential,52,31,1,1132,1.0,0.04944103400122148,0.9998157444254335,0,11,30,13.990000000000004
Polarizability,Sequential,52,32,1,1065,1.0,0.057646226890504026,0.9916679887011806,0,12,30,12.990000000000002
Polarizability,Sequential,52,33,0,1122,0.167,0.04674553335022982,0.9918636547660756,1,12,31,12.823000000000002
Polarizability,Sequential,52,34,0,1091,0.167,0.04609770765899732,0.9918636547660756,2,12,32,12.656
Polarizability,Sequential,52,35,1,1126,1.0,0.04028423011084984,0.9918636547660756,0,13,32,11.655999999999999
Polarizability,Sequential,52,36,0,1105,0.167,0.038652528360458904,0.9916350783177464,1,13,33,11.488999999999999
Polarizability,Sequential,52,37,0,1112,0.167,0.03355625153954338,0.9916350783177464,2,13,34,11.321999999999997
Polarizability,Sequential,52,38,1,1127,1.0,0.02923155877475453,0.9916350783177464,0,14,34,10.321999999999996
Polarizability,Sequential,52,39,1,1117,1.0,0.028172022402007176,0.9915721663790515,0,15,34,9.321999999999996
Polarizability,Sequential,52,40,0,549,0.167,0.03743373428378591,0.9915531162028882,1,15,35,9.154999999999996
Polarizability,Sequential,52,41,0,1113,0.167,0.024120953430773275,0.9915531162028882,2,15,36,8.987999999999994
Polarizability,Sequential,52,42,0,1067,0.167,0.022989132940545585,0.9915531162028882,3,15,37,8.820999999999993
Polarizability,Sequential,52,43,1,1128,1.0,0.0231081030302471,0.9915531162028882,0,16,37,7.820999999999991
Polarizability,Sequential,52,44,0,1096,0.167,0.020048152801697257,0.9910078915202302,1,16,38,7.653999999999991
Polarizability,Sequential,52,45,0,1114,0.167,0.021221901597457238,0.9910078915202302,2,16,39,7.486999999999989
Polarizability,Sequential,52,46,0,1025,0.167,0.02280073584462726,0.9910078915202302,3,16,40,7.319999999999988
Polarizability,Sequential,52,47,0,1090,0.167,0.018131006336920018,0.9910078915202302,4,16,41,7.152999999999986
Polarizability,Sequential,52,48,1,1115,1.0,0.018064548606150373,0.9910078915202302,0,17,41,6.1529999999999845
Polarizability,Sequential,52,49,1,1091,1.0,0.023199770443096512,0.9906936862477523,0,18,41,5.1529999999999845
Polarizability,Sequential,52,50,0,1110,0.167,0.014600947476212123,0.9901335000105064,1,18,42,4.985999999999985
Polarizability,Sequential,52,51,1,1125,1.0,0.014975024469677203,0.9901335000105064,0,19,42,3.985999999999983
Polarizability,Sequential,52,52,1,1109,1.0,0.012629620738089157,0.9900742015170858,0,20,42,2.985999999999983
Polarizability,Sequential,52,53,1,1103,1.0,0.013282639737357743,0.9897375265203419,0,21,42,1.985999999999983
Polarizability,Sequential,52,54,0,1107,0.167,0.013836323914769848,0.9893460756208637,1,21,43,1.8189999999999829
Polarizability,Sequential,52,55,1,1124,1.0,0.01207052977488374,0.9893460756208637,0,22,43,0.8189999999999813
Polarizability,Sequential,52,56,0,1102,0.167,0.01032808423249098,0.9892463272451999,1,22,44,0.6519999999999813
Polarizability,Sequential,52,57,0,1104,0.167,0.009732163756858876,0.9892463272451999,2,22,45,0.48499999999997967
Polarizability,Sequential,52,58,0,1031,0.167,0.009940879423833537,0.9892463272451999,3,22,46,0.3179999999999781
Polarizability,Sequential,52,59,0,1069,0.167,0.007528190040859652,0.9892463272451999,4,22,47,0.15099999999997651
Polarizability,Sequential,53,1,1,1131,1.0,0.35134503789269617,0.5,0,3,8,25.664
Polarizability,Sequential,53,2,0,1130,0.167,0.34993798104696655,0.5,1,3,9,25.497
Polarizability,Sequential,53,3,0,1133,0.167,0.4702171685748596,0.5,2,3,10,25.33
Polarizability,Sequential,53,4,0,1129,0.167,0.2762207890692473,0.5,3,3,11,25.162999999999997
Polarizability,Sequential,53,5,0,1132,0.167,0.26431245246070784,0.5,4,3,12,24.996
Polarizability,Sequential,53,6,0,140,0.167,0.2893001212815564,0.5,5,3,13,24.829
Polarizability,Sequential,53,7,0,1040,0.167,0.2658710368699975,0.5,6,3,14,24.662
Polarizability,Sequential,53,8,1,1028,1.0,0.18042080666236363,0.5,0,4,14,23.662
Polarizability,Sequential,53,9,1,549,1.0,0.20238618235182754,0.5,0,5,14,22.662
Polarizability,Sequential,53,10,0,1126,0.167,0.15286274662702456,0.5,1,5,15,22.494999999999997
Polarizability,Sequential,53,11,1,622,1.0,0.16749343109945591,0.5,0,6,15,21.495
Polarizability,Sequential,53,12,0,1127,0.167,0.2812545084024843,0.9888317531525858,1,6,16,21.328
Polarizability,Sequential,53,13,0,1128,0.167,0.22784782653691055,0.9888317531525858,2,6,17,21.161
Polarizability,Sequential,53,14,0,1117,0.167,0.20991318497561176,0.9888317531525858,3,6,18,20.994
Polarizability,Sequential,53,15,0,1125,0.167,0.17154843042932538,0.9888317531525858,4,6,19,20.826999999999998
Polarizability,Sequential,53,16,1,1065,1.0,0.14761611396498306,0.9888317531525858,0,7,19,19.827
Polarizability,Sequential,53,17,1,1129,1.0,0.14776389625593878,0.9817575735338233,0,8,19,18.827
Polarizability,Sequential,53,18,1,1133,1.0,0.13640819290985132,0.9877466773366977,0,9,19,17.827
Polarizability,Sequential,53,19,0,1124,0.167,0.14446828533459566,0.9913039573306839,1,9,20,17.66
Polarizability,Sequential,53,20,0,1118,0.167,0.130315296048296,0.9913039573306839,2,9,21,17.493000000000002
Polarizability,Sequential,53,21,0,1103,0.167,0.12256481442405506,0.9913039573306839,3,9,22,17.326
Polarizability,Sequential,53,22,0,1109,0.167,0.10871089025072952,0.9913039573306839,4,9,23,17.159
Polarizability,Sequential,53,23,0,1115,0.167,0.09814727674320324,0.9913039573306839,5,9,24,16.992
Polarizability,Sequential,53,24,0,1120,0.167,0.09239217988643793,0.9913039573306839,6,9,25,16.825000000000003
Polarizability,Sequential,53,25,0,1108,0.167,0.08638124374522915,0.9913039573306839,7,9,26,16.658
Polarizability,Sequential,53,26,0,300,0.167,0.07643707925932697,0.9913039573306839,8,9,27,16.491
Polarizability,Sequential,53,27,0,1091,0.167,0.0735380719867488,0.9913039573306839,9,9,28,16.324
Polarizability,Sequential,53,28,1,1130,1.0,0.0712026075211978,0.9913039573306839,0,10,28,15.324000000000005
Polarizability,Sequential,53,29,1,286,1.0,0.09033115106757726,0.9921950295071708,0,11,28,14.324000000000003
Polarizability,Sequential,53,30,0,1106,0.167,0.07020991040395604,0.9921950295071708,1,11,29,14.157000000000004
Polarizability,Sequential,53,31,0,1121,0.167,0.06659707941333061,0.9921950295071708,2,11,30,13.990000000000004
Polarizability,Sequential,53,32,1,921,1.0,0.06871098306678777,0.9921950295071708,0,12,30,12.990000000000002
Polarizability,Sequential,53,33,0,1119,0.167,0.058442652973711,0.9927727009364959,1,12,31,12.823000000000002
Polarizability,Sequential,53,34,0,1116,0.167,0.05888781684747454,0.9927727009364959,2,12,32,12.656
Polarizability,Sequential,53,35,0,1123,0.167,0.05585599482235909,0.9927727009364959,3,12,33,12.488999999999999
Polarizability,Sequential,53,36,1,1132,1.0,0.053360599750632946,0.9927727009364959,0,13,33,11.488999999999997
Polarizability,Sequential,53,37,0,1096,0.167,0.04317026108629769,0.98616554441144,1,13,34,11.321999999999997
Polarizability,Sequential,53,38,0,1122,0.167,0.04205415697438975,0.98616554441144,2,13,35,11.154999999999996
Polarizability,Sequential,53,39,1,1126,1.0,0.038277687600573596,0.98616554441144,0,14,35,10.154999999999994
Polarizability,Sequential,53,40,0,1105,0.167,0.03595824860286134,0.9863356871422,1,14,36,9.987999999999994
Polarizability,Sequential,53,41,0,1114,0.167,0.030655921107984985,0.9863356871422,2,14,37,9.820999999999993
Polarizability,Sequential,53,42,0,1112,0.167,0.029191190587706323,0.9863356871422,3,14,38,9.653999999999991
Polarizability,Sequential,53,43,0,1067,0.167,0.026917013376192376,0.9863356871422,4,14,39,9.48699999999999
Polarizability,Sequential,53,44,1,1127,1.0,0.027987076173301095,0.9863356871422,0,15,39,8.486999999999988
Polarizability,Sequential,53,45,0,1097,0.167,0.024828087791220713,0.9864770968631412,1,15,40,8.319999999999988
Polarizability,Sequential,53,46,1,1117,1.0,0.023254253119789528,0.9864770968631412,0,16,40,7.319999999999986
Polarizability,Sequential,53,47,0,1113,0.167,0.021797348111421033,0.986605510654551,1,16,41,7.152999999999986
Polarizability,Sequential,53,48,1,1128,1.0,0.02368935371480254,0.986605510654551,0,17,41,6.1529999999999845
Polarizability,Sequential,53,49,0,1090,0.167,0.02297376343425818,0.9864850501818306,1,17,42,5.985999999999985
Polarizability,Sequential,53,50,0,1107,0.167,0.01801942725885451,0.9864850501818306,2,17,43,5.818999999999983
Polarizability,Sequential,53,51,0,1031,0.167,0.01733296479311235,0.9864850501818306,3,17,44,5.6519999999999815
Polarizability,Sequential,53,52,0,944,0.167,0.019065908556945513,0.9864850501818306,4,17,45,5.48499999999998
Polarizability,Sequential,53,53,0,1025,0.167,0.017401981835428446,0.9864850501818306,5,17,46,5.317999999999978
Polarizability,Sequential,53,54,1,1125,1.0,0.016636338642382495,0.9864850501818306,0,18,46,4.3179999999999765
Polarizability,Sequential,53,55,1,1109,1.0,0.016543550799014595,0.9864872690038359,0,19,46,3.3179999999999765
Polarizability,Sequential,53,56,0,1104,0.167,0.013905772392395306,0.9864106698645742,1,19,47,3.1509999999999767
Polarizability,Sequential,53,57,0,1110,0.167,0.014760953935961295,0.9864106698645742,2,19,48,2.983999999999975
Polarizability,Sequential,53,58,1,1124,1.0,0.01203263440962523,0.9864106698645742,0,20,48,1.9839999999999733
Polarizability,Sequential,53,59,1,1103,1.0,0.013365014481355443,0.9864019778890636,0,21,48,0.9839999999999733
Polarizability,Sequential,53,60,0,1102,0.167,0.010585794912035849,0.9863039511046254,1,21,49,0.8169999999999733
Polarizability,Sequential,53,61,0,1032,0.167,0.010965878837642896,0.9863039511046254,2,21,50,0.6499999999999717
Polarizability,Sequential,53,62,0,1069,0.167,0.00895491443910817,0.9863039511046254,3,21,51,0.4829999999999701
Polarizability,Sequential,53,63,0,1111,0.167,0.00751537827985945,0.9863039511046254,4,21,52,0.31599999999996853
Polarizability,Sequential,53,64,0,1086,0.167,0.006875578013773993,0.9863039511046254,5,21,53,0.14899999999996696
Polarizability,Sequential,54,1,1,1130,1.0,0.19681812842703805,0.5,0,3,8,25.664
Polarizability,Sequential,54,2,0,140,0.167,0.2267179625225103,0.5,1,3,9,25.497
Polarizability,Sequential,54,3,0,1132,0.167,0.26620401003135463,0.5,2,3,10,25.33
Polarizability,Sequential,54,4,0,1121,0.167,0.3178042981000077,0.5,3,3,11,25.162999999999997
Polarizability,Sequential,54,5,0,1129,0.167,0.3644722516454827,0.5,4,3,12,24.996
Polarizability,Sequential,54,6,0,1127,0.167,0.24571934898490602,0.5,5,3,13,24.829
Polarizability,Sequential,54,7,1,1065,1.0,0.18900738647772786,0.5,0,4,13,23.829
Polarizability,Sequential,54,8,1,944,1.0,0.19889311723587494,0.5,0,5,13,22.829
Polarizability,Sequential,54,9,1,71,1.0,0.16077636323583283,0.5,0,6,13,21.829
Polarizability,Sequential,54,10,0,1128,0.167,0.288768888838741,0.9343553958969364,1,6,14,21.662
Polarizability,Sequential,54,11,0,1126,0.167,0.28156135804367005,0.9343553958969364,2,6,15,21.494999999999997
Polarizability,Sequential,54,12,0,1117,0.167,0.23315410088570543,0.9343553958969364,3,6,16,21.328
Polarizability,Sequential,54,13,0,1125,0.167,0.1703423615300701,0.9343553958969364,4,6,17,21.161
Polarizability,Sequential,54,14,0,1115,0.167,0.1565446306259527,0.9343553958969364,5,6,18,20.994
Polarizability,Sequential,54,15,0,1118,0.167,0.14280238950661192,0.9343553958969364,6,6,19,20.826999999999998
Polarizability,Sequential,54,16,1,1133,1.0,0.1387002642543401,0.9343553958969364,0,7,19,19.827
Polarizability,Sequential,54,17,0,1120,0.167,0.1423055542060258,0.9880876421495827,1,7,20,19.66
Polarizability,Sequential,54,18,0,1103,0.167,0.12496243861728082,0.9880876421495827,2,7,21,19.493000000000002
Polarizability,Sequential,54,19,0,1124,0.167,0.11058961419562319,0.9880876421495827,3,7,22,19.326
Polarizability,Sequential,54,20,0,1119,0.167,0.09269008454583257,0.9880876421495827,4,7,23,19.159
Polarizability,Sequential,54,21,1,921,1.0,0.1097405094067307,0.9880876421495827,0,8,23,18.159000000000002
Polarizability,Sequential,54,22,1,955,1.0,0.08484631099570672,0.9880844290037926,0,9,23,17.159000000000002
Polarizability,Sequential,54,23,0,1109,0.167,0.08211012998130722,0.9880844290037926,1,9,24,16.992
Polarizability,Sequential,54,24,0,1108,0.167,0.06996529252907746,0.9880844290037926,2,9,25,16.825000000000003
Polarizability,Sequential,54,25,0,1116,0.167,0.065446026584228,0.9880844290037926,3,9,26,16.658
Polarizability,Sequential,54,26,1,1129,1.0,0.05535017653004372,0.9880844290037926,0,10,26,15.658000000000001
Polarizability,Sequential,54,27,0,1106,0.167,0.05568770562979033,0.9899778783221228,1,10,27,15.491000000000003
Polarizability,Sequential,54,28,1,300,1.0,0.06231003845126455,0.9899778783221228,0,11,27,14.491000000000003
Polarizability,Sequential,54,29,1,1132,1.0,0.04745520325783867,0.990195094552376,0,12,27,13.491000000000003
Polarizability,Sequential,54,30,1,1126,1.0,0.04843581808150782,0.9855389787166192,0,13,27,12.491000000000003
Polarizability,Sequential,54,31,0,1123,0.167,0.04797642672629186,0.986333996809675,1,13,28,12.324000000000003
Polarizability,Sequential,54,32,0,1112,0.167,0.04273321455006163,0.986333996809675,2,13,29,12.157000000000002
Polarizability,Sequential,54,33,0,1091,0.167,0.04501816035291399,0.986333996809675,3,13,30,11.99
Polarizability,Sequential,54,34,0,330,0.167,0.06080259232496866,0.986333996809675,4,13,31,11.822999999999999
Polarizability,Sequential,54,35,0,1122,0.167,0.04567070156448609,0.986333996809675,5,13,32,11.655999999999997
Polarizability,Sequential,54,36,1,1127,1.0,0.031850468242737996,0.986333996809675,0,14,32,10.655999999999995
Polarizability,Sequential,54,37,1,1040,1.0,0.02983778847562197,0.9868999222541333,0,15,32,9.655999999999995
Polarizability,Sequential,54,38,0,1067,0.167,0.03036042149381021,0.9868999222541333,1,15,33,9.488999999999995
Polarizability,Sequential,54,39,0,1028,0.167,0.03582931968375421,0.9868999222541333,2,15,34,9.321999999999994
Polarizability,Sequential,54,40,0,1105,0.167,0.028195072395993462,0.9868999222541333,3,15,35,9.154999999999992
Polarizability,Sequential,54,41,0,1031,0.167,0.02607447162959181,0.9868999222541333,4,15,36,8.98799999999999
Polarizability,Sequential,54,42,0,1096,0.167,0.02451228953558946,0.9868999222541333,5,15,37,8.820999999999989
Polarizability,Sequential,54,43,0,1113,0.167,0.022966740014327282,0.9868999222541333,6,15,38,8.653999999999987
Polarizability,Sequential,54,44,1,1117,1.0,0.024765114160368473,0.9868999222541333,0,16,38,7.653999999999986
Polarizability,Sequential,54,45,0,1114,0.167,0.022064972199395124,0.9873480267892522,1,16,39,7.486999999999986
Polarizability,Sequential,54,46,1,1125,1.0,0.02521388991783812,0.9873480267892522,0,17,39,6.486999999999984
Polarizability,Sequential,54,47,1,1128,1.0,0.020257329983246176,0.9875000460847786,0,18,39,5.486999999999984
Polarizability,Sequential,54,48,0,1107,0.167,0.019269541751925395,0.9876315344068817,1,18,40,5.319999999999984
Polarizability,Sequential,54,49,0,1097,0.167,0.016781758744639337,0.9876315344068817,2,18,41,5.152999999999983
Polarizability,Sequential,54,50,0,1090,0.167,0.01620480549142478,0.9876315344068817,3,18,42,4.985999999999981
Polarizability,Sequential,54,51,1,1103,1.0,0.016072784775005317,0.9876315344068817,0,19,42,3.9859999999999793
Polarizability,Sequential,54,52,0,1104,0.167,0.013858844523013808,0.9875862216012048,1,19,43,3.8189999999999795
Polarizability,Sequential,54,53,0,1110,0.167,0.013234963434529989,0.9875862216012048,2,19,44,3.651999999999978
Polarizability,Sequential,54,54,0,1025,0.167,0.013381637244052362,0.9875862216012048,3,19,45,3.4849999999999763
Polarizability,Sequential,54,55,1,1115,1.0,0.012192252732520618,0.9875862216012048,0,20,45,2.4849999999999746
Polarizability,Sequential,54,56,1,1109,1.0,0.011574319837174298,0.9875646366437395,0,21,45,1.4849999999999746
Polarizability,Sequential,54,57,1,1118,1.0,0.01161907968628904,0.9876684137668353,0,22,45,0.48499999999997456
Polarizability,Sequential,54,58,0,1111,0.167,0.009216160295104683,0.9877823374855902,1,22,46,0.3179999999999745
Polarizability,Sequential,54,59,0,1069,0.167,0.009569681798032924,0.9877823374855902,2,22,47,0.15099999999997296
Polarizability,Sequential,55,1,1,1130,1.0,0.24770915868394852,0.5,0,3,8,25.664
Polarizability,Sequential,55,2,0,1132,0.167,0.2755789467981054,0.5,1,3,9,25.497
Polarizability,Sequential,55,3,0,1117,0.167,0.3742088311836749,0.5,2,3,10,25.33
Polarizability,Sequential,55,4,0,1040,0.167,0.3206804891600632,0.5,3,3,11,25.162999999999997
Polarizability,Sequential,55,5,0,1129,0.167,0.41263696567564684,0.5,4,3,12,24.996
Polarizability,Sequential,55,6,0,1128,0.167,0.24889802003542663,0.5,5,3,13,24.829
Polarizability,Sequential,55,7,1,944,1.0,0.2334104041921748,0.5,0,4,13,23.829
Polarizability,Sequential,55,8,1,1133,1.0,0.17204695775031897,0.5,0,5,13,22.829
Polarizability,Sequential,55,9,0,1126,0.167,0.17872268724943324,0.5,1,5,14,22.662
Polarizability,Sequential,55,10,0,1127,0.167,0.16480866576048114,0.5,2,5,15,22.494999999999997
Polarizability,Sequential,55,11,1,303,1.0,0.1702514211937068,0.5,0,6,15,21.495
Polarizability,Sequential,55,12,1,921,1.0,0.12245149685504303,0.5,0,7,15,20.495
Polarizability,Sequential,55,13,0,1125,0.167,0.19255004452184363,0.991739786472011,1,7,16,20.328
Polarizability,Sequential,55,14,0,1103,0.167,0.17151608162556298,0.991739786472011,2,7,17,20.161
Polarizability,Sequential,55,15,0,1118,0.167,0.15168988426610952,0.991739786472011,3,7,18,19.994
Polarizability,Sequential,55,16,0,1120,0.167,0.13684455933097733,0.991739786472011,4,7,19,19.826999999999998
Polarizability,Sequential,55,17,0,1124,0.167,0.11635791528433194,0.991739786472011,5,7,20,19.66
Polarizability,Sequential,55,18,0,1091,0.167,0.10896186619561407,0.991739786472011,6,7,21,19.493000000000002
Polarizability,Sequential,55,19,0,1115,0.167,0.10177384852352696,0.991739786472011,7,7,22,19.326
Polarizability,Sequential,55,20,0,1108,0.167,0.08087879261927147,0.991739786472011,8,7,23,19.159
Polarizability,Sequential,55,21,0,1109,0.167,0.09046249631995425,0.991739786472011,9,7,24,18.992
Polarizability,Sequential,55,22,1,1129,1.0,0.11924761272695293,0.991739786472011,0,8,24,17.992000000000004
Polarizability,Sequential,55,23,0,140,0.167,0.07701506275881065,0.9915465437184445,1,8,25,17.825000000000003
Polarizability,Sequential,55,24,1,622,1.0,0.10956965474088198,0.9915465437184445,0,9,25,16.825000000000003
Polarizability,Sequential,55,25,1,1065,1.0,0.07595979692715961,0.9907166971422243,0,10,25,15.825000000000003
Polarizability,Sequential,55,26,0,1119,0.167,0.06736169199354712,0.9871756371143505,1,10,26,15.658000000000003
Polarizability,Sequential,55,27,0,1106,0.167,0.056773865343261974,0.9871756371143505,2,10,27,15.491000000000003
Polarizability,Sequential,55,28,0,1116,0.167,0.05542846950790679,0.9871756371143505,3,10,28,15.324000000000003
Polarizability,Sequential,55,29,0,1123,0.167,0.049642089328376306,0.9871756371143505,4,10,29,15.157000000000004
Polarizability,Sequential,55,30,1,1132,1.0,0.05025446378676198,0.9871756371143505,0,11,29,14.157000000000004
Polarizability,Sequential,55,31,0,1122,0.167,0.03705606675124988,0.9810887771744063,1,11,30,13.990000000000004
Polarizability,Sequential,55,32,1,300,1.0,0.0416766597928377,0.9810887771744063,0,12,30,12.990000000000002
Polarizability,Sequential,55,33,1,1126,1.0,0.04499296335545824,0.9841432884883201,0,13,30,11.990000000000002
Polarizability,Sequential,55,34,0,1121,0.167,0.037463809662569444,0.984970676146562,1,13,31,11.823000000000002
Polarizability,Sequential,55,35,0,1105,0.167,0.027963127828762587,0.984970676146562,2,13,32,11.656
Polarizability,Sequential,55,36,0,1067,0.167,0.029374596008544633,0.984970676146562,3,13,33,11.488999999999999
Polarizability,Sequential,55,37,1,1127,1.0,0.029691275726846128,0.984970676146562,0,14,33,10.488999999999997
Polarizability,Sequential,55,38,0,1114,0.167,0.027762217127337722,0.9855706951482097,1,14,34,10.321999999999997
Polarizability,Sequential,55,39,1,1117,1.0,0.023604847190493432,0.9855706951482097,0,15,34,9.321999999999996
Polarizability,Sequential,55,40,0,1096,0.167,0.024621006738610722,0.9860508434975274,1,15,35,9.154999999999996
Polarizability,Sequential,55,41,0,1107,0.167,0.020766563204516034,0.9860508434975274,2,15,36,8.987999999999994
Polarizability,Sequential,55,42,0,1112,0.167,0.019766622869484468,0.9860508434975274,3,15,37,8.820999999999993
Polarizability,Sequential,55,43,1,1125,1.0,0.019821641790105933,0.9860508434975274,0,16,37,7.820999999999991
Polarizability,Sequential,55,44,1,1128,1.0,0.019393459507472642,0.9861949195868103,0,17,37,6.820999999999991
Polarizability,Sequential,55,45,0,1097,0.167,0.01718085551999844,0.9862889367957652,1,17,38,6.653999999999991
Polarizability,Sequential,55,46,0,1113,0.167,0.016358276163583128,0.9862889367957652,2,17,39,6.486999999999989
Polarizability,Sequential,55,47,1,1091,1.0,0.021157273094085355,0.9862889367957652,0,18,39,5.486999999999988
Polarizability,Sequential,55,48,0,1090,0.167,0.01637147076006548,0.9853350052061124,1,18,40,5.319999999999988
Polarizability,Sequential,55,49,1,1103,1.0,0.012824337607459706,0.9853350052061124,0,19,40,4.319999999999986
Polarizability,Sequential,55,50,1,1118,1.0,0.012158635762911658,0.9852291929709103,0,20,40,3.319999999999986
Polarizability,Sequential,55,51,1,1109,1.0,0.01342155260171983,0.9854012941521119,0,21,40,2.319999999999986
Polarizability,Sequential,55,52,0,1031,0.167,0.011672349286965408,0.9854391474486508,1,21,41,2.1529999999999863
Polarizability,Sequential,55,53,0,549,0.167,0.01050371273032124,0.9854391474486508,2,21,42,1.9859999999999844
Polarizability,Sequential,55,54,1,1124,1.0,0.010358477663850361,0.9854391474486508,0,22,42,0.9859999999999829
Polarizability,Sequential,55,55,0,1104,0.167,0.011401141367895938,0.9854780244526958,1,22,43,0.8189999999999829
Polarizability,Sequential,55,56,0,1069,0.167,0.009135451195907815,0.9854780244526958,2,22,44,0.6519999999999813
Polarizability,Sequential,55,57,0,1110,0.167,0.00800803210803703,0.9854780244526958,3,22,45,0.48499999999997967
Polarizability,Sequential,55,58,0,1032,0.167,0.007699894444066484,0.9854780244526958,4,22,46,0.3179999999999781
Polarizability,Sequential,55,59,0,1025,0.167,0.006665406646980779,0.9854780244526958,5,22,47,0.15099999999997651
Polarizability,Sequential,56,1,1,1130,1.0,0.21411013269086074,0.5,0,3,8,25.664
Polarizability,Sequential,56,2,0,1115,0.167,0.2229463876437267,0.5,1,3,9,25.497
Polarizability,Sequential,56,3,0,1132,0.167,0.31353253753514676,0.5,2,3,10,25.33
Polarizability,Sequential,56,4,0,1127,0.167,0.3058925278610089,0.5,3,3,11,25.162999999999997
Polarizability,Sequential,56,5,0,921,0.167,0.3164404336220653,0.5,4,3,12,24.996
Polarizability,Sequential,56,6,0,1040,0.167,0.19447740781456246,0.5,5,3,13,24.829
Polarizability,Sequential,56,7,0,1129,0.167,0.24329135405880034,0.5,6,3,14,24.662
Polarizability,Sequential,56,8,1,549,1.0,0.23238153882522516,0.5,0,4,14,23.662
Polarizability,Sequential,56,9,1,944,1.0,0.22639647729571674,0.5,0,5,14,22.662
Polarizability,Sequential,56,10,0,1128,0.167,0.146497378884475,0.5,1,5,15,22.494999999999997
Polarizability,Sequential,56,11,0,1117,0.167,0.13408550812943323,0.5,2,5,16,22.328
Polarizability,Sequential,56,12,1,1129,1.0,0.12637330335746974,0.5,0,6,16,21.328000000000003
Polarizability,Sequential,56,13,0,1126,0.167,0.13406792235009665,0.5,1,6,17,21.161
Polarizability,Sequential,56,14,1,1052,1.0,0.11357672600869678,0.5,0,7,17,20.161
Polarizability,Sequential,56,15,1,1133,1.0,0.12619773891299824,0.5,0,8,17,19.161
Polarizability,Sequential,56,16,1,921,1.0,0.09658856863870281,0.5,0,9,17,18.161
Polarizability,Sequential,56,17,0,1125,0.167,0.1554601761061908,0.998763067453805,1,9,18,17.994
Polarizability,Sequential,56,18,0,1118,0.167,0.14046361811039612,0.998763067453805,2,9,19,17.826999999999998
Polarizability,Sequential,56,19,0,1120,0.167,0.12416091048084196,0.998763067453805,3,9,20,17.66
Polarizability,Sequential,56,20,0,1103,0.167,0.11282028709382536,0.998763067453805,4,9,21,17.493000000000002
Polarizability,Sequential,56,21,0,1124,0.167,0.09459940491176237,0.998763067453805,5,9,22,17.326
Polarizability,Sequential,56,22,1,1065,1.0,0.08246223931990368,0.998763067453805,0,10,22,16.326
Polarizability,Sequential,56,23,0,1109,0.167,0.08412557306307031,0.9975628517915283,1,10,23,16.159
Polarizability,Sequential,56,24,0,1108,0.167,0.07192759819041271,0.9975628517915283,2,10,24,15.992000000000003
Polarizability,Sequential,56,25,0,1119,0.167,0.06169496938230331,0.9975628517915283,3,10,25,15.825000000000003
Polarizability,Sequential,56,26,0,1091,0.167,0.09235623210343691,0.9975628517915283,4,10,26,15.658000000000003
Polarizability,Sequential,56,27,0,1106,0.167,0.059279797308276566,0.9975628517915283,5,10,27,15.491000000000003
Polarizability,Sequential,56,28,1,1132,1.0,0.04703723975948867,0.9975628517915283,0,11,27,14.491000000000003
Polarizability,Sequential,56,29,1,286,1.0,0.06248022575014363,0.9828825433982269,0,12,27,13.491000000000003
Polarizability,Sequential,56,30,0,1116,0.167,0.05469669900234523,0.9828825433982269,1,12,28,13.324000000000003
Polarizability,Sequential,56,31,1,257,1.0,0.09807240455179818,0.9828825433982269,0,13,28,12.324000000000002
Polarizability,Sequential,56,32,0,1067,0.167,0.03831718020311871,0.9802470811024888,1,13,29,12.157000000000002
Polarizability,Sequential,56,33,0,1123,0.167,0.037190427425179355,0.9802470811024888,2,13,30,11.99
Polarizability,Sequential,56,34,1,1126,1.0,0.041663982109401775,0.9802470811024888,0,14,30,10.989999999999998
Polarizability,Sequential,56,35,0,1105,0.167,0.031806917083435055,0.9805127817835437,1,14,31,10.822999999999999
Polarizability,Sequential,56,36,0,1121,0.167,0.03920836138637473,0.9805127817835437,2,14,32,10.655999999999997
Polarizability,Sequential,56,37,0,1096,0.167,0.03301227556979149,0.9805127817835437,3,14,33,10.488999999999995
Polarizability,Sequential,56,38,0,1122,0.167,0.030968237602821674,0.9805127817835437,4,14,34,10.321999999999994
Polarizability,Sequential,56,39,1,1127,1.0,0.02359298678451493,0.9805127817835437,0,15,34,9.321999999999992
Polarizability,Sequential,56,40,1,1109,1.0,0.02000234569629486,0.9807396610966597,0,16,34,8.321999999999992
Polarizability,Sequential,56,41,1,1117,1.0,0.023534334924132864,0.9805040919854918,0,17,34,7.321999999999992
Polarizability,Sequential,56,42,1,1103,1.0,0.019253121177337913,0.9806926367166523,0,18,34,6.321999999999992
Polarizability,Sequential,56,43,1,1128,1.0,0.018118144148677837,0.9804700371058576,0,19,34,5.321999999999992
Polarizability,Sequential,56,44,0,1090,0.167,0.019372041965653095,0.9802781462041414,1,19,35,5.154999999999992
Polarizability,Sequential,56,45,0,1114,0.167,0.017455175879795226,0.9802781462041414,2,19,36,4.987999999999991
Polarizability,Sequential,56,46,0,1031,0.167,0.01821439727187495,0.9802781462041414,3,19,37,4.820999999999989
Polarizability,Sequential,56,47,0,1112,0.167,0.016133428311255905,0.9802781462041414,4,19,38,4.6539999999999875
Polarizability,Sequential,56,48,0,1097,0.167,0.014859164637051048,0.9802781462041414,5,19,39,4.486999999999986
Polarizability,Sequential,56,49,1,1125,1.0,0.012671830198191215,0.9802781462041414,0,20,39,3.486999999999984
Polarizability,Sequential,56,50,0,1107,0.167,0.012463216666255062,0.9802732149073307,1,20,40,3.3199999999999843
Polarizability,Sequential,56,51,0,1113,0.167,0.012471570387365086,0.9802732149073307,2,20,41,3.1529999999999827
Polarizability,Sequential,56,52,1,1091,1.0,0.018204472155710257,0.9802732149073307,0,21,41,2.152999999999981
Polarizability,Sequential,56,53,1,1118,1.0,0.010311006148859641,0.9789376458598157,0,22,41,1.152999999999981
Polarizability,Sequential,56,54,1,1124,1.0,0.010735505095590122,0.9789860170133649,0,23,41,0.15299999999998093
Polarizability,Sequential,57,1,1,1129,1.0,0.5380529158904498,0.5,0,3,8,25.664
Polarizability,Sequential,57,2,0,1126,0.167,0.3172875655147401,0.5,1,3,9,25.497
Polarizability,Sequential,57,3,0,921,0.167,0.312006310476817,0.5,2,3,10,25.33
Polarizability,Sequential,57,4,0,1131,0.167,0.2792519060999078,0.5,3,3,11,25.162999999999997
Polarizability,Sequential,57,5,0,257,0.167,0.2745369035324924,0.5,4,3,12,24.996
Polarizability,Sequential,57,6,0,1130,0.167,0.250171027577167,0.5,5,3,13,24.829
Polarizability,Sequential,57,7,0,1132,0.167,0.23535674024055403,0.5,6,3,14,24.662
Polarizability,Sequential,57,8,1,1131,1.0,0.17718836321197343,0.5,0,4,14,23.662
Polarizability,Sequential,57,9,0,1127,0.167,0.1688020463087371,0.5,1,4,15,23.494999999999997
Polarizability,Sequential,57,10,1,1133,1.0,0.21757566909515583,0.5,0,5,15,22.495
Polarizability,Sequential,57,11,1,330,1.0,0.15415279589291442,0.5,0,6,15,21.495
Polarizability,Sequential,57,12,0,1125,0.167,0.15126521916810304,0.5,1,6,16,21.328
Polarizability,Sequential,57,13,1,622,1.0,0.14963724091419714,0.5,0,7,16,20.328000000000003
Polarizability,Sequential,57,14,0,1128,0.167,0.28771895151057936,0.9992470502224178,1,7,17,20.161
Polarizability,Sequential,57,15,0,1117,0.167,0.23975225925040636,0.9992470502224178,2,7,18,19.994
Polarizability,Sequential,57,16,0,1121,0.167,0.20020121774702065,0.9992470502224178,3,7,19,19.826999999999998
Polarizability,Sequential,57,17,0,1124,0.167,0.18595996609067203,0.9992470502224178,4,7,20,19.66
Polarizability,Sequential,57,18,0,1118,0.167,0.15561027256936516,0.9992470502224178,5,7,21,19.493000000000002
Polarizability,Sequential,57,19,0,1115,0.167,0.1498350530177572,0.9992470502224178,6,7,22,19.326
Polarizability,Sequential,57,20,0,1120,0.167,0.1420275644233443,0.9992470502224178,7,7,23,19.159
Polarizability,Sequential,57,21,0,1103,0.167,0.12661872702591107,0.9992470502224178,8,7,24,18.992
Polarizability,Sequential,57,22,0,1109,0.167,0.11110624020670062,0.9992470502224178,9,7,25,18.825000000000003
Polarizability,Sequential,57,23,0,1108,0.167,0.09019349541300281,0.9992470502224178,10,7,26,18.658
Polarizability,Sequential,57,24,0,1091,0.167,0.09644668641467113,0.9992470502224178,11,7,27,18.491
Polarizability,Sequential,57,25,1,1130,1.0,0.06757585997167437,0.9992470502224178,0,8,27,17.491000000000003
Polarizability,Sequential,57,26,0,1106,0.167,0.08082218939713041,0.9989588791777319,1,8,28,17.324
Polarizability,Sequential,57,27,0,1116,0.167,0.06842309358027783,0.9989588791777319,2,8,29,17.157000000000004
Polarizability,Sequential,57,28,1,549,1.0,0.07318030617159893,0.9989588791777319,0,9,29,16.157000000000004
Polarizability,Sequential,57,29,0,1119,0.167,0.07400474622726914,0.9989588791777319,1,9,30,15.990000000000004
Polarizability,Sequential,57,30,0,1122,0.167,0.05954836109940763,0.9989588791777319,2,9,31,15.823000000000004
Polarizability,Sequential,57,31,0,1123,0.167,0.05546830419373402,0.9989588791777319,3,9,32,15.656000000000004
Polarizability,Sequential,57,32,1,1132,1.0,0.05083247458425553,0.9989588791777319,0,10,32,14.656000000000004
Polarizability,Sequential,57,33,1,1126,1.0,0.05216383255714705,0.9848383468047223,0,11,32,13.656000000000004
Polarizability,Sequential,57,34,1,1065,1.0,0.06467591631557,0.9845839376099039,0,12,32,12.656000000000006
Polarizability,Sequential,57,35,0,1105,0.167,0.04244168385394928,0.9885309140692634,1,12,33,12.489000000000006
Polarizability,Sequential,57,36,1,921,1.0,0.03794731769112859,0.9885309140692634,0,13,33,11.489000000000004
Polarizability,Sequential,57,37,0,1112,0.167,0.03981296942455865,0.9894479925400256,1,13,34,11.322000000000005
Polarizability,Sequential,57,38,0,1090,0.167,0.031816631675370875,0.9894479925400256,2,13,35,11.155000000000003
Polarizability,Sequential,57,39,1,1121,1.0,0.0347451583420969,0.9894479925400256,0,14,35,10.155000000000001
Polarizability,Sequential,57,40,1,1127,1.0,0.028042764379340515,0.9890549698374108,0,15,35,9.155000000000001
Polarizability,Sequential,57,41,1,1125,1.0,0.029370439701694506,0.9891219759075922,0,16,35,8.155000000000001
Polarizability,Sequential,57,42,0,1031,0.167,0.024529854287220883,0.9890910668282842,1,16,36,7.988000000000001
Polarizability,Sequential,57,43,1,1117,1.0,0.027565919691027743,0.9890910668282842,0,17,36,6.9879999999999995
Polarizability,Sequential,57,44,0,1067,0.167,0.026375489459866477,0.9891654401989591,1,17,37,6.821
Polarizability,Sequential,57,45,0,1096,0.167,0.023393286077232695,0.9891654401989591,2,17,38,6.653999999999998
Polarizability,Sequential,57,46,0,1110,0.167,0.020420345387920716,0.9891654401989591,3,17,39,6.4869999999999965
Polarizability,Sequential,57,47,1,1128,1.0,0.018924293325394283,0.9891654401989591,0,18,39,5.486999999999995
Polarizability,Sequential,57,48,0,1114,0.167,0.01831860813106449,0.9888656453302394,1,18,40,5.319999999999995
Polarizability,Sequential,57,49,0,1107,0.167,0.017069068984115164,0.9888656453302394,2,18,41,5.152999999999993
Polarizability,Sequential,57,50,1,1115,1.0,0.018425236299525943,0.9888656453302394,0,19,41,4.152999999999992
Polarizability,Sequential,57,51,0,1028,0.167,0.018341207312862866,0.988688103302941,1,19,42,3.9859999999999918
Polarizability,Sequential,57,52,0,1113,0.167,0.015710751447682823,0.988688103302941,2,19,43,3.81899999999999
Polarizability,Sequential,57,53,0,1025,0.167,0.01763620661973073,0.988688103302941,3,19,44,3.6519999999999886
Polarizability,Sequential,57,54,0,1102,0.167,0.01248827539466722,0.988688103302941,4,19,45,3.484999999999987
Polarizability,Sequential,57,55,1,1109,1.0,0.014095389050221688,0.988688103302941,0,20,45,2.484999999999985
Polarizability,Sequential,57,56,1,1028,1.0,0.012725792665838571,0.9885174482313223,0,21,45,1.4849999999999852
Polarizability,Sequential,57,57,1,1124,1.0,0.013049921119297307,0.986052467195026,0,22,45,0.4849999999999852
Polarizability,Sequential,57,58,0,1104,0.167,0.010685048693234396,0.9860528725868529,1,22,46,0.3179999999999852
Polarizability,Sequential,57,59,0,1097,0.167,0.009916669678994803,0.9860528725868529,2,22,47,0.15099999999998362
Polarizability,Sequential,58,1,0,1130,0.167,0.40303113021062714,0.5,1,2,9,26.497
Polarizability,Sequential,58,2,0,1132,0.167,0.35685899700267154,0.5,2,2,10,26.33
Polarizability,Sequential,58,3,0,286,0.167,0.3981975533075102,0.5,3,2,11,26.162999999999997
Polarizability,Sequential,58,4,0,1129,0.167,0.30141106828078945,0.5,4,2,12,25.996
Polarizability,Sequential,58,5,0,1126,0.167,0.25639894149282877,0.5,5,2,13,25.829
Polarizability,Sequential,58,6,0,1128,0.167,0.2273196613851664,0.5,6,2,14,25.662
Polarizability,Sequential,58,7,0,1127,0.167,0.18926644496611805,0.5,7,2,15,25.494999999999997
Polarizability,Sequential,58,8,0,921,0.167,0.20864718468366603,0.5,8,2,16,25.328
Polarizability,Sequential,58,9,1,1129,1.0,0.15890769159695853,0.5,0,3,16,24.328000000000003
Polarizability,Sequential,58,10,1,330,1.0,0.17112110540149678,0.5,0,4,16,23.328000000000003
Polarizability,Sequential,58,11,1,921,1.0,0.15213172974910036,0.5,0,5,16,22.328000000000003
Polarizability,Sequential,58,12,0,1117,0.167,0.1398778017749067,0.5,1,5,17,22.161
Polarizability,Sequential,58,13,0,1125,0.167,0.13161069662404998,0.5,2,5,18,21.994
Polarizability,Sequential,58,14,1,1131,1.0,0.10645805062595974,0.5,0,6,18,20.994
Polarizability,Sequential,58,15,0,1120,0.167,0.18565791004839508,0.9999886369122079,1,6,19,20.826999999999998
Polarizability,Sequential,58,16,0,1103,0.167,0.17712404598511405,0.9999886369122079,2,6,20,20.66
Polarizability,Sequential,58,17,0,1115,0.167,0.16689252097047286,0.9999886369122079,3,6,21,20.493000000000002
Polarizability,Sequential,58,18,0,1109,0.167,0.1736634386935994,0.9999886369122079,4,6,22,20.326
Polarizability,Sequential,58,19,0,1124,0.167,0.1563028246039885,0.9999886369122079,5,6,23,20.159
Polarizability,Sequential,58,20,0,1118,0.167,0.1524459816617881,0.9999886369122079,6,6,24,19.992
Polarizability,Sequential,58,21,0,1108,0.167,0.11331557761146716,0.9999886369122079,7,6,25,19.825000000000003
Polarizability,Sequential,58,22,0,1091,0.167,0.12245505168269513,0.9999886369122079,8,6,26,19.658
Polarizability,Sequential,58,23,0,1106,0.167,0.08781369986859258,0.9999886369122079,9,6,27,19.491
Polarizability,Sequential,58,24,0,1119,0.167,0.08036175730226078,0.9999886369122079,10,6,28,19.324
Polarizability,Sequential,58,25,0,1121,0.167,0.09700405962356486,0.9999886369122079,11,6,29,19.157000000000004
Polarizability,Sequential,58,26,1,955,1.0,0.13468350014996092,0.9999886369122079,0,7,29,18.157000000000004
Polarizability,Sequential,58,27,1,1130,1.0,0.0705023935501996,0.9999886369122079,0,8,29,17.157000000000004
Polarizability,Sequential,58,28,0,1116,0.167,0.07142996034062914,0.9999892422145185,1,8,30,16.990000000000002
Polarizability,Sequential,58,29,0,1123,0.167,0.05965797175269852,0.9999892422145185,2,8,31,16.823
Polarizability,Sequential,58,30,1,300,1.0,0.07446100897159726,0.9999892422145185,0,9,31,15.823000000000004
Polarizability,Sequential,58,31,0,1122,0.167,0.05978320079607362,0.9997955415433082,1,9,32,15.656000000000004
Polarizability,Sequential,58,32,1,1132,1.0,0.054376254640258075,0.9997955415433082,0,10,32,14.656000000000004
Polarizability,Sequential,58,33,0,1112,0.167,0.04903832815540251,0.9919618871228972,1,10,33,14.489000000000004
Polarizability,Sequential,58,34,1,944,1.0,0.061634677240062635,0.9919618871228972,0,11,33,13.489000000000004
Polarizability,Sequential,58,35,1,140,1.0,0.06013937101980528,0.9895213602653858,0,12,33,12.489000000000004
Polarizability,Sequential,58,36,1,1065,1.0,0.04433914074864383,0.9895213602653858,0,13,33,11.489000000000004
Polarizability,Sequential,58,37,0,1028,0.167,0.0460746431053995,0.985764238591553,1,13,34,11.322000000000005
Polarizability,Sequential,58,38,1,1126,1.0,0.04343272124780724,0.985764238591553,0,14,34,10.322000000000003
Polarizability,Sequential,58,39,0,1031,0.167,0.03644345124000585,0.9860635647159885,1,14,35,10.155000000000003
Polarizability,Sequential,58,40,0,1096,0.167,0.03791190472806251,0.9860635647159885,2,14,36,9.988000000000001
Polarizability,Sequential,58,41,1,1117,1.0,0.03747597423822662,0.9860635647159885,0,15,36,8.988
Polarizability,Sequential,58,42,0,1105,0.167,0.0336312513791768,0.9863625749439308,1,15,37,8.821
Polarizability,Sequential,58,43,1,1127,1.0,0.028648857285491117,0.9863625749439308,0,16,37,7.820999999999998
Polarizability,Sequential,58,44,0,1114,0.167,0.029277346679120807,0.98657552675788,1,16,38,7.653999999999998
Polarizability,Sequential,58,45,0,1090,0.167,0.02656357254233935,0.98657552675788,2,16,39,7.4869999999999965
Polarizability,Sequential,58,46,1,1125,1.0,0.026773321749988983,0.98657552675788,0,17,39,6.486999999999995
Polarizability,Sequential,58,47,0,1025,0.167,0.026202561585816603,0.9866167676746912,1,17,40,6.319999999999995
Polarizability,Sequential,58,48,1,1128,1.0,0.02237341360648306,0.9866167676746912,0,18,40,5.319999999999993
Polarizability,Sequential,58,49,0,1107,0.167,0.02109774872887107,0.9864364592628747,1,18,41,5.152999999999993
Polarizability,Sequential,58,50,0,1067,0.167,0.026736439066846418,0.9864364592628747,2,18,42,4.985999999999992
Polarizability,Sequential,58,51,0,1113,0.167,0.02112433882809963,0.9864364592628747,3,18,43,4.81899999999999
Polarizability,Sequential,58,52,1,1109,1.0,0.02069004261901128,0.9864364592628747,0,19,43,3.8189999999999884
Polarizability,Sequential,58,53,1,1103,1.0,0.017771341479142513,0.9863471887151063,0,20,43,2.8189999999999884
Polarizability,Sequential,58,54,0,1097,0.167,0.01838558068791451,0.9862474091889062,1,20,44,2.6519999999999886
Polarizability,Sequential,58,55,1,1121,1.0,0.023757169590555717,0.9862474091889062,0,21,44,1.6519999999999868
Polarizability,Sequential,58,56,0,1104,0.167,0.015208439427596364,0.9862643478942562,1,21,45,1.4849999999999868
Polarizability,Sequential,58,57,0,1110,0.167,0.015120278826273174,0.9862643478942562,2,21,46,1.3179999999999852
Polarizability,Sequential,58,58,0,1102,0.167,0.013554418167476477,0.9862643478942562,3,21,47,1.1509999999999836
Polarizability,Sequential,58,59,1,1124,1.0,0.013054669303231521,0.9862643478942562,0,22,47,0.15099999999998204
Polarizability,Sequential,59,1,1,1131,1.0,0.3896851105074711,0.5,0,3,8,25.664
Polarizability,Sequential,59,2,0,1040,0.167,0.3503012138590948,0.5,1,3,9,25.497
Polarizability,Sequential,59,3,0,1129,0.167,0.46005198880354425,0.5,2,3,10,25.33
Polarizability,Sequential,59,4,0,1130,0.167,0.2690585171534144,0.5,3,3,11,25.162999999999997
Polarizability,Sequential,59,5,0,1132,0.167,0.2604605872843965,0.5,4,3,12,24.996
Polarizability,Sequential,59,6,0,1117,0.167,0.23325310176101996,0.5,5,3,13,24.829
Polarizability,Sequential,59,7,1,1028,1.0,0.2008998020481426,0.5,0,4,13,23.829
Polarizability,Sequential,59,8,0,1126,0.167,0.1755011745392996,0.5,1,4,14,23.662
Polarizability,Sequential,59,9,1,622,1.0,0.1551140937710312,0.5,0,5,14,22.662
Polarizability,Sequential,59,10,0,1127,0.167,0.1528800049370242,0.5,1,5,15,22.494999999999997
Polarizability,Sequential,59,11,0,257,0.167,0.14800035125957997,0.5,2,5,16,22.328
Polarizability,Sequential,59,12,0,1128,0.167,0.11762951395293685,0.5,3,5,17,22.161
Polarizability,Sequential,59,13,1,1065,1.0,0.13279787374717877,0.5,0,6,17,21.161
Polarizability,Sequential,59,14,0,1125,0.167,0.18398641870028357,0.9983587957148776,1,6,18,20.994
Polarizability,Sequential,59,15,0,1109,0.167,0.15390722437217327,0.9983587957148776,2,6,19,20.826999999999998
Polarizability,Sequential,59,16,0,1103,0.167,0.14413375081787488,0.9983587957148776,3,6,20,20.66
Polarizability,Sequential,59,17,0,924,0.167,0.19263907837948746,0.9983587957148776,4,6,21,20.493000000000002
Polarizability,Sequential,59,18,0,1118,0.167,0.13265917595897056,0.9983587957148776,5,6,22,20.326
Polarizability,Sequential,59,19,0,1124,0.167,0.12480394812714145,0.9983587957148776,6,6,23,20.159
Polarizability,Sequential,59,20,1,257,1.0,0.09759999925389368,0.9983587957148776,0,7,23,19.159000000000002
Polarizability,Sequential,59,21,0,1115,0.167,0.10194902305945766,0.9888096944264491,1,7,24,18.992
Polarizability,Sequential,59,22,1,1133,1.0,0.10937357727198929,0.9888096944264491,0,8,24,17.992000000000004
Polarizability,Sequential,59,23,1,1129,1.0,0.09345499527130173,0.9940320134298525,0,9,24,16.992000000000004
Polarizability,Sequential,59,24,0,1120,0.167,0.08999037039945948,0.994457080958191,1,9,25,16.825000000000003
Polarizability,Sequential,59,25,0,1108,0.167,0.08481029651168559,0.994457080958191,2,9,26,16.658
Polarizability,Sequential,59,26,1,1130,1.0,0.07089053732186865,0.994457080958191,0,10,26,15.658000000000001
Polarizability,Sequential,59,27,0,1091,0.167,0.07198614621458471,0.9948731422035504,1,10,27,15.491000000000003
Polarizability,Sequential,59,28,0,1106,0.167,0.06619816833322005,0.9948731422035504,2,10,28,15.324000000000003
Polarizability,Sequential,59,29,0,1121,0.167,0.05865609090869784,0.9948731422035504,3,10,29,15.157000000000004
Polarizability,Sequential,59,30,1,1132,1.0,0.05540750518966805,0.9948731422035504,0,11,29,14.157000000000004
Polarizability,Sequential,59,31,0,1119,0.167,0.053024580021250906,0.9861212461055072,1,11,30,13.990000000000004
Polarizability,Sequential,59,32,0,1116,0.167,0.051402644844185635,0.9861212461055072,2,11,31,13.823000000000002
Polarizability,Sequential,59,33,0,549,0.167,0.052277277820543706,0.9861212461055072,3,11,32,13.656
Polarizability,Sequential,59,34,1,1126,1.0,0.041959465517829725,0.9861212461055072,0,12,32,12.655999999999999
Polarizability,Sequential,59,35,1,549,1.0,0.04818993855195132,0.9861557691524261,0,13,32,11.655999999999999
Polarizability,Sequential,59,36,0,1123,0.167,0.046093980272010816,0.9879340788518075,1,13,33,11.488999999999999
Polarizability,Sequential,59,37,0,1122,0.167,0.036549200370655205,0.9879340788518075,2,13,34,11.321999999999997
Polarizability,Sequential,59,38,1,1127,1.0,0.03271780303620706,0.9879340788518075,0,14,34,10.321999999999996
Polarizability,Sequential,59,39,0,1112,0.167,0.02723523481153996,0.9880525273528317,1,14,35,10.154999999999996
Polarizability,Sequential,59,40,1,1117,1.0,0.02716262687274535,0.9880525273528317,0,15,35,9.154999999999994
Polarizability,Sequential,59,41,0,1114,0.167,0.027144081886841257,0.9881611582199288,1,15,36,8.987999999999994
Polarizability,Sequential,59,42,0,1096,0.167,0.032303700080173935,0.9881611582199288,2,15,37,8.820999999999993
Polarizability,Sequential,59,43,0,1105,0.167,0.026325694898518066,0.9881611582199288,3,15,38,8.653999999999991
Polarizability,Sequential,59,44,1,1125,1.0,0.022658709858781365,0.9881611582199288,0,16,38,7.653999999999989
Polarizability,Sequential,59,45,0,1067,0.167,0.021636586888356433,0.9881647294576388,1,16,39,7.486999999999989
Polarizability,Sequential,59,46,0,1097,0.167,0.018193671952243126,0.9881647294576388,2,16,40,7.319999999999988
Polarizability,Sequential,59,47,1,1128,1.0,0.01845904509350528,0.9881647294576388,0,17,40,6.319999999999986
Polarizability,Sequential,59,48,0,1031,0.167,0.01754822987349996,0.9880197092645759,1,17,41,6.152999999999986
Polarizability,Sequential,59,49,1,1121,1.0,0.01688374676499902,0.9880197092645759,0,18,41,5.1529999999999845
Polarizability,Sequential,59,50,0,1113,0.167,0.014794610716010811,0.987988002814995,1,18,42,4.985999999999985
Polarizability,Sequential,59,51,1,1091,1.0,0.01577386442229735,0.987988002814995,0,19,42,3.985999999999983
Polarizability,Sequential,59,52,0,1025,0.167,0.013024247523653226,0.9871420605058593,1,19,43,3.818999999999983
Polarizability,Sequential,59,53,1,1118,1.0,0.013658309460986034,0.9871420605058593,0,20,43,2.8189999999999813
Polarizability,Sequential,59,54,0,1107,0.167,0.012424853386246782,0.9871790524920812,1,20,44,2.6519999999999815
Polarizability,Sequential,59,55,1,1103,1.0,0.015959551702620055,0.9871790524920812,0,21,44,1.6519999999999797
Polarizability,Sequential,59,56,1,1109,1.0,0.011498982504663312,0.987004789955306,0,22,44,0.6519999999999797
Polarizability,Sequential,59,57,0,1104,0.167,0.010057383152249442,0.986919009375001,1,22,45,0.48499999999997967
Polarizability,Sequential,59,58,0,1110,0.167,0.00989258325675627,0.986919009375001,2,22,46,0.3179999999999781
Polarizability,Sequential,59,59,0,1069,0.167,0.008865582593793988,0.986919009375001,3,22,47,0.15099999999997651
Polarizability,Sequential,60,1,1,1133,1.0,0.40020329659328513,0.5,0,3,8,25.664
Polarizability,Sequential,60,2,0,1130,0.167,0.3237778666156678,0.5,1,3,9,25.497
Polarizability,Sequential,60,3,0,1129,0.167,0.2880110455003646,0.5,2,3,10,25.33
Polarizability,Sequential,60,4,0,1132,0.167,0.29762798467376694,0.5,3,3,11,25.162999999999997
Polarizability,Sequential,60,5,0,1126,0.167,0.23490504850581245,0.5,4,3,12,24.996
Polarizability,Sequential,60,6,0,1127,0.167,0.20328261376352003,0.5,5,3,13,24.829
Polarizability,Sequential,60,7,0,924,0.167,0.29537005977978803,0.5,6,3,14,24.662
Polarizability,Sequential,60,8,1,944,1.0,0.21305485877145489,0.5,0,4,14,23.662
Polarizability,Sequential,60,9,1,1131,1.0,0.17368685199033307,0.5,0,5,14,22.662
Polarizability,Sequential,60,10,0,1121,0.167,0.3437571623105363,0.9965686049387992,1,5,15,22.494999999999997
Polarizability,Sequential,60,11,0,1117,0.167,0.31459108195625446,0.9965686049387992,2,5,16,22.328
Polarizability,Sequential,60,12,0,1128,0.167,0.25261670101834194,0.9965686049387992,3,5,17,22.161
Polarizability,Sequential,60,13,0,1125,0.167,0.2015241662238549,0.9965686049387992,4,5,18,21.994
Polarizability,Sequential,60,14,0,257,0.167,0.23054985676019935,0.9965686049387992,5,5,19,21.826999999999998
Polarizability,Sequential,60,15,0,1118,0.167,0.15098950829017402,0.9965686049387992,6,5,20,21.66
Polarizability,Sequential,60,16,0,1124,0.167,0.1476467329687001,0.9965686049387992,7,5,21,21.493000000000002
Polarizability,Sequential,60,17,0,1115,0.167,0.12467719176601748,0.9965686049387992,8,5,22,21.326
Polarizability,Sequential,60,18,0,1103,0.167,0.11668348270018075,0.9965686049387992,9,5,23,21.159
Polarizability,Sequential,60,19,0,1120,0.167,0.10798012518111062,0.9965686049387992,10,5,24,20.992
Polarizability,Sequential,60,20,1,1129,1.0,0.10741185969739729,0.9965686049387992,0,6,24,19.992000000000004
Polarizability,Sequential,60,21,0,1109,0.167,0.08445607408988601,0.9951303991941616,1,6,25,19.825000000000003
Polarizability,Sequential,60,22,1,300,1.0,0.08453798837887329,0.9951303991941616,0,7,25,18.825000000000003
Polarizability,Sequential,60,23,0,1108,0.167,0.08753942411419736,0.9953032157320941,1,7,26,18.658
Polarizability,Sequential,60,24,0,1106,0.167,0.06683100281462345,0.9953032157320941,2,7,27,18.491
Polarizability,Sequential,60,25,0,1091,0.167,0.06704630239949758,0.9953032157320941,3,7,28,18.324
Polarizability,Sequential,60,26,1,955,1.0,0.07589535282774518,0.9953032157320941,0,8,28,17.324000000000005
Polarizability,Sequential,60,27,0,1119,0.167,0.056598114470073325,0.9953032157320941,1,8,29,17.157000000000004
Polarizability,Sequential,60,28,1,257,1.0,0.06557813482192444,0.9953032157320941,0,9,29,16.157000000000004
Polarizability,Sequential,60,29,1,1130,1.0,0.056575756260370806,0.9955554946605253,0,10,29,15.157000000000004
Polarizability,Sequential,60,30,1,1132,1.0,0.05149857348305486,0.9958384743211601,0,11,29,14.157000000000004
Polarizability,Sequential,60,31,0,1116,0.167,0.05459329985747929,0.9880024137125553,1,11,30,13.990000000000004
Polarizability,Sequential,60,32,0,1123,0.167,0.04659350961473131,0.9880024137125553,2,11,31,13.823000000000002
Polarizability,Sequential,60,33,0,1112,0.167,0.03878087539787,0.9880024137125553,3,11,32,13.656
Polarizability,Sequential,60,34,1,1126,1.0,0.04753068732123372,0.9880024137125553,0,12,32,12.655999999999999
Polarizability,Sequential,60,35,1,1065,1.0,0.04781989736324106,0.9880512048957748,0,13,32,11.655999999999999
Polarizability,Sequential,60,36,0,1122,0.167,0.037635355681446915,0.9845492160271695,1,13,33,11.488999999999999
Polarizability,Sequential,60,37,0,1114,0.167,0.029975568745972687,0.9845492160271695,2,13,34,11.321999999999997
Polarizability,Sequential,60,38,0,1097,0.167,0.033157026487672124,0.9845492160271695,3,13,35,11.154999999999996
Polarizability,Sequential,60,39,0,1105,0.167,0.02648127969801635,0.9845492160271695,4,13,36,10.987999999999994
Polarizability,Sequential,60,40,1,1117,1.0,0.026778343427224773,0.9845492160271695,0,14,36,9.987999999999992
Polarizability,Sequential,60,41,0,1096,0.167,0.024145042978131602,0.9847045491698146,1,14,37,9.820999999999993
Polarizability,Sequential,60,42,1,1127,1.0,0.025008210351494115,0.9847045491698146,0,15,37,8.82099999999999
Polarizability,Sequential,60,43,1,1128,1.0,0.018830557781363458,0.9848223224529985,0,16,37,7.820999999999991
Polarizability,Sequential,60,44,0,1067,0.167,0.019113407631858644,0.9848201246834231,1,16,38,7.653999999999991
Polarizability,Sequential,60,45,0,549,0.167,0.020009574581747347,0.9848201246834231,2,16,39,7.486999999999989
Polarizability,Sequential,60,46,1,1103,1.0,0.01880941739203757,0.9848201246834231,0,17,39,6.486999999999988
Polarizability,Sequential,60,47,0,1028,0.167,0.018187080535822027,0.9848118752733898,1,17,40,6.319999999999988
Polarizability,Sequential,60,48,0,1025,0.167,0.01809710463538713,0.9848118752733898,2,17,41,6.152999999999986
Polarizability,Sequential,60,49,0,1107,0.167,0.01592797384893466,0.9848118752733898,3,17,42,5.985999999999985
Polarizability,Sequential,60,50,0,1031,0.167,0.016625171652529372,0.9848118752733898,4,17,43,5.818999999999983
Polarizability,Sequential,60,51,1,1091,1.0,0.019209989167224786,0.9848118752733898,0,18,43,4.818999999999981
Polarizability,Sequential,60,52,1,1125,1.0,0.016509852618712073,0.983261372286581,0,19,43,3.8189999999999813
Polarizability,Sequential,60,53,0,1113,0.167,0.014659955579838825,0.9832470242405646,1,19,44,3.6519999999999815
Polarizability,Sequential,60,54,1,1109,1.0,0.013450876488320933,0.9832470242405646,0,20,44,2.6519999999999797
Polarizability,Sequential,60,55,1,1124,1.0,0.012541989583519177,0.9832361545777905,0,21,44,1.6519999999999797
Polarizability,Sequential,60,56,0,1110,0.167,0.010971644522077818,0.9832379988572364,1,21,45,1.4849999999999797
Polarizability,Sequential,60,57,1,1118,1.0,0.0107710083978255,0.9832379988572364,0,22,45,0.4849999999999781
Polarizability,Sequential,60,58,0,1104,0.167,0.009636486934958355,0.9832535494802787,1,22,46,0.3179999999999781
Polarizability,Sequential,60,59,0,1069,0.167,0.008984822577054477,0.9832535494802787,2,22,47,0.15099999999997651
Polarizability,Sequential,61,1,1,1133,1.0,0.4280922244580091,0.5,0,3,8,25.664
Polarizability,Sequential,61,2,0,924,0.167,0.3316730179735568,0.5,1,3,9,25.497
Polarizability,Sequential,61,3,0,1130,0.167,0.3049841948452226,0.5,2,3,10,25.33
Polarizability,Sequential,61,4,0,1129,0.167,0.3050556123632805,0.5,3,3,11,25.162999999999997
Polarizability,Sequential,61,5,0,1132,0.167,0.28339726628814066,0.5,4,3,12,24.996
Polarizability,Sequential,61,6,0,1128,0.167,0.2141380265639002,0.5,5,3,13,24.829
Polarizability,Sequential,61,7,0,1126,0.167,0.18985338764937382,0.5,6,3,14,24.662
Polarizability,Sequential,61,8,0,1127,0.167,0.16427601499287325,0.5,7,3,15,24.494999999999997
Polarizability,Sequential,61,9,1,944,1.0,0.1724654804325978,0.5,0,4,15,23.495
Polarizability,Sequential,61,10,1,1131,1.0,0.1783362608305232,0.5,0,5,15,22.495
Polarizability,Sequential,61,11,0,1121,0.167,0.220962172879202,0.9965686049387992,1,5,16,22.328
Polarizability,Sequential,61,12,0,1117,0.167,0.292910395713706,0.9965686049387992,2,5,17,22.161
Polarizability,Sequential,61,13,0,1125,0.167,0.20230969002594196,0.9965686049387992,3,5,18,21.994
Polarizability,Sequential,61,14,0,257,0.167,0.214501018519237,0.9965686049387992,4,5,19,21.826999999999998
Polarizability,Sequential,61,15,0,1124,0.167,0.15336152565840508,0.9965686049387992,5,5,20,21.66
Polarizability,Sequential,61,16,1,300,1.0,0.14015204278519366,0.9965686049387992,0,6,20,20.660000000000004
Polarizability,Sequential,61,17,0,1118,0.167,0.13872590604514093,0.9965686049387992,1,6,21,20.493000000000002
Polarizability,Sequential,61,18,0,1115,0.167,0.12954208151059443,0.9965686049387992,2,6,22,20.326
Polarizability,Sequential,61,19,0,1103,0.167,0.11839581399811747,0.9965686049387992,3,6,23,20.159
Polarizability,Sequential,61,20,0,1109,0.167,0.10285913960744109,0.9965686049387992,4,6,24,19.992
Polarizability,Sequential,61,21,0,1120,0.167,0.09469156091625615,0.9965686049387992,5,6,25,19.825000000000003
Polarizability,Sequential,61,22,1,1129,1.0,0.10419503766189202,0.9965686049387992,0,7,25,18.825000000000003
Polarizability,Sequential,61,23,1,622,1.0,0.09230107784457303,0.9951303991941616,0,8,25,17.825000000000003
Polarizability,Sequential,61,24,0,1108,0.167,0.07854396501991605,0.9910448680415668,1,8,26,17.658
Polarizability,Sequential,61,25,0,1091,0.167,0.06662172091153865,0.9910448680415668,2,8,27,17.491
Polarizability,Sequential,61,26,1,140,1.0,0.09066288905055908,0.9910448680415668,0,9,27,16.491000000000003
Polarizability,Sequential,61,27,0,1106,0.167,0.06155331709850687,0.9910448680415668,1,9,28,16.324
Polarizability,Sequential,61,28,0,1116,0.167,0.0541485851130705,0.9910448680415668,2,9,29,16.157000000000004
Polarizability,Sequential,61,29,1,1130,1.0,0.057210656638285555,0.9910448680415668,0,10,29,15.157000000000004
Polarizability,Sequential,61,30,1,1132,1.0,0.051981002435417735,0.9916486845084729,0,11,29,14.157000000000004
Polarizability,Sequential,61,31,0,1119,0.167,0.05238460409000689,0.9823831030390098,1,11,30,13.990000000000004
Polarizability,Sequential,61,32,0,1123,0.167,0.04710088108991595,0.9823831030390098,2,11,31,13.823000000000002
Polarizability,Sequential,61,33,0,1122,0.167,0.044232137506226836,0.9823831030390098,3,11,32,13.656
Polarizability,Sequential,61,34,1,1065,1.0,0.04543759006690319,0.9823831030390098,0,12,32,12.655999999999999
Polarizability,Sequential,61,35,1,1126,1.0,0.04977101806120741,0.982585290894407,0,13,32,11.655999999999999
Polarizability,Sequential,61,36,0,1112,0.167,0.0381147740541767,0.9827078137642283,1,13,33,11.488999999999999
Polarizability,Sequential,61,37,0,1028,0.167,0.030794631491250023,0.9827078137642283,2,13,34,11.321999999999997
Polarizability,Sequential,61,38,0,1096,0.167,0.033824968427374834,0.9827078137642283,3,13,35,11.154999999999996
Polarizability,Sequential,61,39,1,1127,1.0,0.0329738409977623,0.9827078137642283,0,14,35,10.154999999999994
Polarizability,Sequential,61,40,0,1105,0.167,0.02550460618160671,0.9828061125760756,1,14,36,9.987999999999994
Polarizability,Sequential,61,41,1,1040,1.0,0.02475565163922796,0.9828061125760756,0,15,36,8.987999999999992
Polarizability,Sequential,61,42,1,1128,1.0,0.020398137092702814,0.9828061125760756,0,16,36,7.987999999999992
Polarizability,Sequential,61,43,0,1114,0.167,0.024049932411419127,0.9826690994628678,1,16,37,7.820999999999993
Polarizability,Sequential,61,44,1,1117,1.0,0.022043140729205775,0.9826690994628678,0,17,37,6.820999999999991
Polarizability,Sequential,61,45,0,1031,0.167,0.02206081831784169,0.9827461871682976,1,17,38,6.653999999999991
Polarizability,Sequential,61,46,1,1125,1.0,0.02159993500919167,0.9827461871682976,0,18,38,5.653999999999989
Polarizability,Sequential,61,47,0,1097,0.167,0.021430899589079677,0.9827435808437585,1,18,39,5.486999999999989
Polarizability,Sequential,61,48,0,1067,0.167,0.021462713556243507,0.9827435808437585,2,18,40,5.319999999999988
Polarizability,Sequential,61,49,1,1103,1.0,0.015429515380244493,0.9827435808437585,0,19,40,4.319999999999986
Polarizability,Sequential,61,50,0,1025,0.167,0.01553727320611009,0.9826686858955415,1,19,41,4.152999999999986
Polarizability,Sequential,61,51,0,1113,0.167,0.01551142804596438,0.9826686858955415,2,19,42,3.9859999999999847
Polarizability,Sequential,61,52,0,1107,0.167,0.01432357539021105,0.9826686858955415,3,19,43,3.818999999999983
Polarizability,Sequential,61,53,1,1109,1.0,0.012871342299039537,0.9826686858955415,0,20,43,2.8189999999999813
Polarizability,Sequential,61,54,0,1110,0.167,0.011571910601034947,0.9825943057548264,1,20,44,2.6519999999999815
Polarizability,Sequential,61,55,0,1090,0.167,0.012725662872506913,0.9825943057548264,2,20,45,2.48499999999998
Polarizability,Sequential,61,56,1,1124,1.0,0.012159817652512134,0.9825943057548264,0,21,45,1.4849999999999781
Polarizability,Sequential,61,57,1,1115,1.0,0.010358193782745145,0.9825958186559546,0,22,45,0.4849999999999781
Polarizability,Sequential,61,58,0,1032,0.167,0.008659922778417553,0.9826414629007924,1,22,46,0.3179999999999781
Polarizability,Sequential,61,59,0,1104,0.167,0.008937144795230764,0.9826414629007924,2,22,47,0.15099999999997651
