benchmark,model,seed,step,fidelity_chosen,candidate_idx,cost,score_max,alpha,consecutive_lf_count,n_hf_so_far,n_lf_so_far,remaining_budget
Polarizability,DNGO-Joint,42,1,0,1133,0.167,0.433329629872251,0.5,1,2,9,26.497
Polarizability,DNGO-Joint,42,2,1,1131,1.0,0.4184347288816995,0.5,0,3,9,25.497
Polarizability,DNGO-Joint,42,3,0,140,0.167,0.38364003909485106,0.5,1,3,10,25.33
Polarizability,DNGO-Joint,42,4,0,1130,0.167,0.29108174946172194,0.5,2,3,11,25.162999999999997
Polarizability,DNGO-Joint,42,5,0,1132,0.167,0.2808306825887549,0.5,3,3,12,24.996
Polarizability,DNGO-Joint,42,6,1,944,1.0,0.2566661596459203,0.5,0,4,12,23.996000000000002
Polarizability,DNGO-Joint,42,7,0,1129,0.167,0.24337762394910217,0.5,1,4,13,23.829
Polarizability,DNGO-Joint,42,8,1,549,1.0,0.20860057736983223,0.5,0,5,13,22.829
Polarizability,DNGO-Joint,42,9,0,1127,0.167,0.19025776054077378,0.5,1,5,14,22.662
Polarizability,DNGO-Joint,42,10,0,921,0.167,0.15882810372211809,0.5,2,5,15,22.494999999999997
Polarizability,DNGO-Joint,42,11,0,1115,0.167,0.14478302571804033,0.5,3,5,16,22.328
Polarizability,DNGO-Joint,42,12,1,622,1.0,0.13826381506455704,0.5,0,6,16,21.328000000000003
Polarizability,DNGO-Joint,42,13,0,1117,0.167,0.12624504842656362,0.5,1,6,17,21.161
Polarizability,DNGO-Joint,42,14,1,1129,1.0,0.14383934259205303,0.5,0,7,17,20.161
Polarizability,DNGO-Joint,42,15,0,1128,0.167,0.26405723358639543,0.9999869125078111,1,7,18,19.994
Polarizability,DNGO-Joint,42,16,0,1125,0.167,0.17612898829051526,0.9999869125078111,2,7,19,19.826999999999998
Polarizability,DNGO-Joint,42,17,0,1118,0.167,0.15679129105901904,0.9999869125078111,3,7,20,19.66
Polarizability,DNGO-Joint,42,18,0,1124,0.167,0.14277545109752662,0.9999869125078111,4,7,21,19.493000000000002
Polarizability,DNGO-Joint,42,19,1,1133,1.0,0.14372108293244062,0.9999869125078111,0,8,21,18.493000000000002
Polarizability,DNGO-Joint,42,20,0,1120,0.167,0.13457878226275455,0.9991159128671447,1,8,22,18.326
Polarizability,DNGO-Joint,42,21,0,1103,0.167,0.12756116848858684,0.9991159128671447,2,8,23,18.159
Polarizability,DNGO-Joint,42,22,0,1109,0.167,0.10789488228415098,0.9991159128671447,3,8,24,17.992
Polarizability,DNGO-Joint,42,23,0,1108,0.167,0.10384051387318063,0.9991159128671447,4,8,25,17.825000000000003
Polarizability,DNGO-Joint,42,24,0,1121,0.167,0.10206940745518762,0.9991159128671447,5,8,26,17.658
Polarizability,DNGO-Joint,42,25,0,1091,0.167,0.09098645329476765,0.9991159128671447,6,8,27,17.491
Polarizability,DNGO-Joint,42,26,0,1106,0.167,0.06913448388217247,0.9991159128671447,7,8,28,17.324
Polarizability,DNGO-Joint,42,27,1,1130,1.0,0.07055588267368931,0.9991159128671447,0,9,28,16.324000000000005
Polarizability,DNGO-Joint,42,28,1,1065,1.0,0.09159698298916807,0.998924825430616,0,10,28,15.324000000000005
Polarizability,DNGO-Joint,42,29,1,924,1.0,0.08843227908570979,0.9985815422184761,0,11,28,14.324000000000003
Polarizability,DNGO-Joint,42,30,0,1119,0.167,0.05625372586801365,0.9985815422184761,1,11,29,14.157000000000004
Polarizability,DNGO-Joint,42,31,0,1116,0.167,0.05906762061315205,0.9985815422184761,2,11,30,13.990000000000004
Polarizability,DNGO-Joint,42,32,1,1132,1.0,0.0506386163260269,0.9985815422184761,0,12,30,12.990000000000002
Polarizability,DNGO-Joint,42,33,0,1123,0.167,0.058209292126951966,0.9886370995754259,1,12,31,12.823000000000002
Polarizability,DNGO-Joint,42,34,0,1112,0.167,0.048582354169640865,0.9886370995754259,2,12,32,12.656
Polarizability,DNGO-Joint,42,35,0,1122,0.167,0.04694378727864356,0.9886370995754259,3,12,33,12.488999999999999
Polarizability,DNGO-Joint,42,36,1,1126,1.0,0.04041119265702944,0.9886370995754259,0,13,33,11.488999999999997
Polarizability,DNGO-Joint,42,37,0,1097,0.167,0.03486505508100029,0.9884390113781852,1,13,34,11.321999999999997
Polarizability,DNGO-Joint,42,38,0,1096,0.167,0.031833112066532394,0.9884390113781852,2,13,35,11.154999999999996
Polarizability,DNGO-Joint,42,39,0,330,0.167,0.036387655939748145,0.9884390113781852,3,13,36,10.987999999999994
Polarizability,DNGO-Joint,42,40,0,1105,0.167,0.034651124971556216,0.9884390113781852,4,13,37,10.820999999999993
Polarizability,DNGO-Joint,42,41,0,1114,0.167,0.02851075112652246,0.9884390113781852,5,13,38,10.653999999999991
Polarizability,DNGO-Joint,42,42,1,1127,1.0,0.03292881441421498,0.9884390113781852,0,14,38,9.65399999999999
Polarizability,DNGO-Joint,42,43,1,1117,1.0,0.026646952399679402,0.9883608097530155,0,15,38,8.65399999999999
Polarizability,DNGO-Joint,42,44,0,1031,0.167,0.025646119695534573,0.9883164439156082,1,15,39,8.48699999999999
Polarizability,DNGO-Joint,42,45,0,1113,0.167,0.022838228236379366,0.9883164439156082,2,15,40,8.319999999999988
Polarizability,DNGO-Joint,42,46,0,1107,0.167,0.021844802966610125,0.9883164439156082,3,15,41,8.152999999999986
Polarizability,DNGO-Joint,42,47,1,1103,1.0,0.020123086429137182,0.9883164439156082,0,16,41,7.1529999999999845
Polarizability,DNGO-Joint,42,48,1,1091,1.0,0.02512508519146653,0.9878336796174355,0,17,41,6.1529999999999845
Polarizability,DNGO-Joint,42,49,1,1128,1.0,0.017557195606011315,0.9875623571058656,0,18,41,5.1529999999999845
Polarizability,DNGO-Joint,42,50,0,1090,0.167,0.01807765785852701,0.9870746420733143,1,18,42,4.985999999999985
Polarizability,DNGO-Joint,42,51,0,1110,0.167,0.01586221133301844,0.9870746420733143,2,18,43,4.818999999999983
Polarizability,DNGO-Joint,42,52,0,1102,0.167,0.01583204388430974,0.9870746420733143,3,18,44,4.6519999999999815
Polarizability,DNGO-Joint,42,53,1,1118,1.0,0.015130502598983707,0.9870746420733143,0,19,44,3.6519999999999797
Polarizability,DNGO-Joint,42,54,1,1125,1.0,0.01773862307621732,0.9870505384799073,0,20,44,2.6519999999999797
Polarizability,DNGO-Joint,42,55,1,1109,1.0,0.016995857227027233,0.9870184909509222,0,21,44,1.6519999999999797
Polarizability,DNGO-Joint,42,56,0,1104,0.167,0.013141313105923492,0.9866986280160776,1,21,45,1.4849999999999797
Polarizability,DNGO-Joint,42,57,0,1032,0.167,0.011470986517378132,0.9866986280160776,2,21,46,1.317999999999978
Polarizability,DNGO-Joint,42,58,0,1025,0.167,0.014795070656265218,0.9866986280160776,3,21,47,1.1509999999999765
Polarizability,DNGO-Joint,42,59,0,1069,0.167,0.010190719637686097,0.9866986280160776,4,21,48,0.9839999999999749
Polarizability,DNGO-Joint,42,60,0,1111,0.167,0.008582758305677065,0.9866986280160776,5,21,49,0.8169999999999733
Polarizability,DNGO-Joint,42,61,0,1086,0.167,0.006262141868934898,0.9866986280160776,6,21,50,0.6499999999999717
Polarizability,DNGO-Joint,42,62,0,1089,0.167,0.005931601956905139,0.9866986280160776,7,21,51,0.4829999999999701
Polarizability,DNGO-Joint,42,63,0,1067,0.167,0.006123414955693503,0.9866986280160776,8,21,52,0.31599999999996853
Polarizability,DNGO-Joint,42,64,0,1076,0.167,0.00537242133506112,0.9866986280160776,9,21,53,0.14899999999996696
Polarizability,DNGO-Joint,43,1,1,1131,1.0,0.6440860894389795,0.5,0,3,8,25.664
Polarizability,DNGO-Joint,43,2,0,1129,0.167,0.3293580036168624,0.5,1,3,9,25.497
Polarizability,DNGO-Joint,43,3,0,1130,0.167,0.2987943472962854,0.5,2,3,10,25.33
Polarizability,DNGO-Joint,43,4,0,1040,0.167,0.31082558240343566,0.5,3,3,11,25.162999999999997
Polarizability,DNGO-Joint,43,5,0,1132,0.167,0.26773336815010756,0.5,4,3,12,24.996
Polarizability,DNGO-Joint,43,6,0,300,0.167,0.29318404037939416,0.5,5,3,13,24.829
Polarizability,DNGO-Joint,43,7,0,1126,0.167,0.2255312906508628,0.5,6,3,14,24.662
Polarizability,DNGO-Joint,43,8,0,1127,0.167,0.18359114115977315,0.5,7,3,15,24.494999999999997
Polarizability,DNGO-Joint,43,9,1,1133,1.0,0.19637044802918047,0.5,0,4,15,23.495
Polarizability,DNGO-Joint,43,10,0,1128,0.167,0.1596692867888101,0.5,1,4,16,23.328
Polarizability,DNGO-Joint,43,11,1,257,1.0,0.15205371391821354,0.5,0,5,16,22.328000000000003
Polarizability,DNGO-Joint,43,12,0,1117,0.167,0.2614888723721153,0.9966109235631696,1,5,17,22.161
Polarizability,DNGO-Joint,43,13,0,1125,0.167,0.21821858581949746,0.9966109235631696,2,5,18,21.994
Polarizability,DNGO-Joint,43,14,0,921,0.167,0.25123269759215383,0.9966109235631696,3,5,19,21.826999999999998
Polarizability,DNGO-Joint,43,15,0,1124,0.167,0.17095294198846553,0.9966109235631696,4,5,20,21.66
Polarizability,DNGO-Joint,43,16,0,1118,0.167,0.16064750661197508,0.9966109235631696,5,5,21,21.493000000000002
Polarizability,DNGO-Joint,43,17,0,1103,0.167,0.15726651772504013,0.9966109235631696,6,5,22,21.326
Polarizability,DNGO-Joint,43,18,0,1120,0.167,0.12521581782985786,0.9966109235631696,7,5,23,21.159
Polarizability,DNGO-Joint,43,19,1,921,1.0,0.14842392918421404,0.9966109235631696,0,6,23,20.159000000000002
Polarizability,DNGO-Joint,43,20,0,1115,0.167,0.10970493825487292,0.9961894644393644,1,6,24,19.992
Polarizability,DNGO-Joint,43,21,0,1091,0.167,0.1334640934032509,0.9961894644393644,2,6,25,19.825000000000003
Polarizability,DNGO-Joint,43,22,0,1109,0.167,0.10635214463140294,0.9961894644393644,3,6,26,19.658
Polarizability,DNGO-Joint,43,23,0,1108,0.167,0.08695420715519418,0.9961894644393644,4,6,27,19.491
Polarizability,DNGO-Joint,43,24,1,1067,1.0,0.08060430256417382,0.9961894644393644,0,7,27,18.491000000000003
Polarizability,DNGO-Joint,43,25,1,1129,1.0,0.08410587025432215,0.9961894644393644,0,8,27,17.491000000000003
Polarizability,DNGO-Joint,43,26,1,1091,1.0,0.07356947023011481,0.9958805017826969,0,9,27,16.491000000000003
Polarizability,DNGO-Joint,43,27,0,1106,0.167,0.06397191981047409,0.9900400069786628,1,9,28,16.324
Polarizability,DNGO-Joint,43,28,1,1130,1.0,0.06028588980467733,0.9900400069786628,0,10,28,15.324000000000005
Polarizability,DNGO-Joint,43,29,0,1121,0.167,0.0624923804355083,0.9910861488972488,1,10,29,15.157000000000004
Polarizability,DNGO-Joint,43,30,1,300,1.0,0.07400513490339704,0.9910861488972488,0,11,29,14.157000000000004
Polarizability,DNGO-Joint,43,31,0,1116,0.167,0.057782357705100804,0.9946348799486286,1,11,30,13.990000000000004
Polarizability,DNGO-Joint,43,32,0,1119,0.167,0.05199091374298257,0.9946348799486286,2,11,31,13.823000000000002
Polarizability,DNGO-Joint,43,33,1,1132,1.0,0.05340480736454708,0.9946348799486286,0,12,31,12.823
Polarizability,DNGO-Joint,43,34,0,1123,0.167,0.053179910542422014,0.9874787474768706,1,12,32,12.656
Polarizability,DNGO-Joint,43,35,0,1114,0.167,0.046738997033636764,0.9874787474768706,2,12,33,12.488999999999999
Polarizability,DNGO-Joint,43,36,0,1122,0.167,0.04009443021547309,0.9874787474768706,3,12,34,12.321999999999997
Polarizability,DNGO-Joint,43,37,0,944,0.167,0.041922142630721825,0.9874787474768706,4,12,35,12.154999999999996
Polarizability,DNGO-Joint,43,38,1,1052,1.0,0.042494312598432435,0.9874787474768706,0,13,35,11.154999999999994
Polarizability,DNGO-Joint,43,39,0,1096,0.167,0.03627314099113034,0.9874787474768706,1,13,36,10.987999999999994
Polarizability,DNGO-Joint,43,40,1,1126,1.0,0.03572034737393862,0.9874787474768706,0,14,36,9.987999999999992
Polarizability,DNGO-Joint,43,41,0,1105,0.167,0.03057404463715154,0.9875531684573057,1,14,37,9.820999999999993
Polarizability,DNGO-Joint,43,42,1,1117,1.0,0.028996794832598427,0.9875531684573057,0,15,37,8.82099999999999
Polarizability,DNGO-Joint,43,43,0,1112,0.167,0.02691192747064425,0.9876317418856139,1,15,38,8.653999999999991
Polarizability,DNGO-Joint,43,44,0,1031,0.167,0.022847430359753937,0.9876317418856139,2,15,39,8.48699999999999
Polarizability,DNGO-Joint,43,45,1,1127,1.0,0.02475624487777666,0.9876317418856139,0,16,39,7.486999999999988
Polarizability,DNGO-Joint,43,46,1,1028,1.0,0.04472889950916624,0.9876875245869444,0,17,39,6.486999999999988
Polarizability,DNGO-Joint,43,47,0,1102,0.167,0.021095211176726032,0.9877237069997015,1,17,40,6.319999999999988
Polarizability,DNGO-Joint,43,48,1,1128,1.0,0.019510146557767533,0.9877237069997015,0,18,40,5.319999999999986
Polarizability,DNGO-Joint,43,49,0,1113,0.167,0.01889328447703998,0.9876673262635147,1,18,41,5.152999999999986
Polarizability,DNGO-Joint,43,50,1,1125,1.0,0.018060639740121898,0.9876673262635147,0,19,41,4.1529999999999845
Polarizability,DNGO-Joint,43,51,0,1107,0.167,0.016072459934810938,0.9876286315618279,1,19,42,3.9859999999999847
Polarizability,DNGO-Joint,43,52,1,1103,1.0,0.016002612535451544,0.9876286315618279,0,20,42,2.985999999999983
Polarizability,DNGO-Joint,43,53,0,1025,0.167,0.014323749830883106,0.9876111669179019,1,20,43,2.818999999999983
Polarizability,DNGO-Joint,43,54,0,1097,0.167,0.014018134759258652,0.9876111669179019,2,20,44,2.6519999999999815
Polarizability,DNGO-Joint,43,55,0,1104,0.167,0.012608796409241329,0.9876111669179019,3,20,45,2.48499999999998
Polarizability,DNGO-Joint,43,56,0,1110,0.167,0.011477937061901899,0.9876111669179019,4,20,46,2.3179999999999783
Polarizability,DNGO-Joint,43,57,1,1109,1.0,0.01125628711962454,0.9876111669179019,0,21,46,1.3179999999999765
Polarizability,DNGO-Joint,43,58,1,1118,1.0,0.010464149490371017,0.9875942825232537,0,22,46,0.3179999999999765
Polarizability,DNGO-Joint,43,59,0,1032,0.167,0.009836329206679425,0.987582143141533,1,22,47,0.15099999999997651
Polarizability,DNGO-Joint,44,1,0,1133,0.167,0.47880622435075637,0.5,1,2,9,26.497
Polarizability,DNGO-Joint,44,2,0,1126,0.167,0.2807482459726242,0.5,2,2,10,26.33
Polarizability,DNGO-Joint,44,3,1,1133,1.0,0.23507792111411646,0.5,0,3,10,25.33
Polarizability,DNGO-Joint,44,4,0,924,0.167,0.18718929054181355,0.5,1,3,11,25.162999999999997
Polarizability,DNGO-Joint,44,5,0,1124,0.167,0.14461624099634485,0.5,2,3,12,24.996
Polarizability,DNGO-Joint,44,6,1,1028,1.0,0.1674267978674029,0.5,0,4,12,23.996000000000002
Polarizability,DNGO-Joint,44,7,1,1091,1.0,0.14155411216015595,0.5,0,5,12,22.996000000000002
Polarizability,DNGO-Joint,44,8,1,303,1.0,0.12635129037964393,0.5,0,6,12,21.996000000000002
Polarizability,DNGO-Joint,44,9,0,1131,0.167,0.12606764188963512,0.5,1,6,13,21.829
Polarizability,DNGO-Joint,44,10,0,1130,0.167,0.2612570160269878,0.5,2,6,14,21.662
Polarizability,DNGO-Joint,44,11,0,1132,0.167,0.22897575614451807,0.5,3,6,15,21.494999999999997
Polarizability,DNGO-Joint,44,12,0,1127,0.167,0.1644986691422148,0.5,4,6,16,21.328
Polarizability,DNGO-Joint,44,13,0,1117,0.167,0.12969458026854078,0.5,5,6,17,21.161
Polarizability,DNGO-Joint,44,14,0,1128,0.167,0.11501228646794091,0.5,6,6,18,20.994
Polarizability,DNGO-Joint,44,15,1,1131,1.0,0.1474650757751778,0.5,0,7,18,19.994
Polarizability,DNGO-Joint,44,16,1,1130,1.0,0.09357962020492534,0.5,0,8,18,18.994
Polarizability,DNGO-Joint,44,17,0,1125,0.167,0.1850840410285016,0.9941197767330169,1,8,19,18.826999999999998
Polarizability,DNGO-Joint,44,18,0,1118,0.167,0.14225490312336792,0.9941197767330169,2,8,20,18.66
Polarizability,DNGO-Joint,44,19,0,1115,0.167,0.137450186345833,0.9941197767330169,3,8,21,18.493000000000002
Polarizability,DNGO-Joint,44,20,0,1103,0.167,0.12132711532939565,0.9941197767330169,4,8,22,18.326
Polarizability,DNGO-Joint,44,21,1,1052,1.0,0.14239760863627451,0.9941197767330169,0,9,22,17.326
Polarizability,DNGO-Joint,44,22,0,1120,0.167,0.0966402876630789,0.9941197767330169,1,9,23,17.159
Polarizability,DNGO-Joint,44,23,0,1109,0.167,0.09175816595205802,0.9941197767330169,2,9,24,16.992
Polarizability,DNGO-Joint,44,24,0,1121,0.167,0.10333739706729521,0.9941197767330169,3,9,25,16.825000000000003
Polarizability,DNGO-Joint,44,25,1,300,1.0,0.07556665929831553,0.9941197767330169,0,10,25,15.825000000000003
Polarizability,DNGO-Joint,44,26,0,1108,0.167,0.0856876038218065,0.9985934226050035,1,10,26,15.658000000000003
Polarizability,DNGO-Joint,44,27,1,140,1.0,0.08488647212501342,0.9985934226050035,0,11,26,14.658000000000003
Polarizability,DNGO-Joint,44,28,0,1106,0.167,0.06585511015154369,0.9985934226050035,1,11,27,14.491000000000003
Polarizability,DNGO-Joint,44,29,0,1116,0.167,0.05668544488136599,0.9985934226050035,2,11,28,14.324000000000003
Polarizability,DNGO-Joint,44,30,1,1065,1.0,0.05457942207659716,0.9985934226050035,0,12,28,13.324000000000003
Polarizability,DNGO-Joint,44,31,0,1119,0.167,0.05001910397041526,0.9957751927360277,1,12,29,13.157000000000005
Polarizability,DNGO-Joint,44,32,1,1132,1.0,0.05115478004722209,0.9957751927360277,0,13,29,12.157000000000004
Polarizability,DNGO-Joint,44,33,0,1123,0.167,0.04901685341827284,0.9874306144309611,1,13,30,11.990000000000004
Polarizability,DNGO-Joint,44,34,1,1126,1.0,0.043960341998780496,0.9874306144309611,0,14,30,10.990000000000002
Polarizability,DNGO-Joint,44,35,0,1112,0.167,0.04128618904411942,0.9873312302461772,1,14,31,10.823000000000002
Polarizability,DNGO-Joint,44,36,0,1122,0.167,0.038077920694122164,0.9873312302461772,2,14,32,10.656
Polarizability,DNGO-Joint,44,37,0,1105,0.167,0.0358522493311542,0.9873312302461772,3,14,33,10.488999999999999
Polarizability,DNGO-Joint,44,38,1,1117,1.0,0.029092722634807416,0.9873312302461772,0,15,33,9.488999999999997
Polarizability,DNGO-Joint,44,39,1,1127,1.0,0.02912915069033299,0.9873317736200988,0,16,33,8.488999999999997
Polarizability,DNGO-Joint,44,40,1,1128,1.0,0.023138598328098316,0.987317693603927,0,17,33,7.488999999999997
Polarizability,DNGO-Joint,44,41,0,1113,0.167,0.020807040132328494,0.9869156370188151,1,17,34,7.321999999999997
Polarizability,DNGO-Joint,44,42,0,1090,0.167,0.023274422533160893,0.9869156370188151,2,17,35,7.154999999999996
Polarizability,DNGO-Joint,44,43,0,1025,0.167,0.022024094853841675,0.9869156370188151,3,17,36,6.987999999999994
Polarizability,DNGO-Joint,44,44,1,1125,1.0,0.018262448297218487,0.9869156370188151,0,18,36,5.987999999999992
Polarizability,DNGO-Joint,44,45,0,549,0.167,0.019516228668852397,0.9869251410692093,1,18,37,5.820999999999993
Polarizability,DNGO-Joint,44,46,0,1031,0.167,0.016669207529560956,0.9869251410692093,2,18,38,5.653999999999991
Polarizability,DNGO-Joint,44,47,0,1110,0.167,0.016126332699880123,0.9869251410692093,3,18,39,5.486999999999989
Polarizability,DNGO-Joint,44,48,1,1109,1.0,0.01480776258337492,0.9869251410692093,0,19,39,4.486999999999988
Polarizability,DNGO-Joint,44,49,0,1104,0.167,0.013340874415659239,0.986688755527642,1,19,40,4.319999999999988
Polarizability,DNGO-Joint,44,50,1,1124,1.0,0.013425830770015183,0.986688755527642,0,20,40,3.319999999999986
Polarizability,DNGO-Joint,44,51,1,1103,1.0,0.011575060759621125,0.9866694576142315,0,21,40,2.319999999999986
Polarizability,DNGO-Joint,44,52,1,1118,1.0,0.01086722167474826,0.9865255448842037,0,22,40,1.319999999999986
Polarizability,DNGO-Joint,44,53,1,1115,1.0,0.01242412399717479,0.98652517974963,0,23,40,0.3199999999999861
Polarizability,DNGO-Joint,44,54,0,1032,0.167,0.009873120557309989,0.9865354874972873,1,23,41,0.15299999999998606
Polarizability,DNGO-Joint,45,1,1,1133,1.0,0.37443139693725225,0.5,0,3,8,25.664
Polarizability,DNGO-Joint,45,2,0,1129,0.167,0.22825890655310563,0.5,1,3,9,25.497
Polarizability,DNGO-Joint,45,3,0,1115,0.167,0.2092742675411842,0.5,2,3,10,25.33
Polarizability,DNGO-Joint,45,4,0,1131,0.167,0.49982185753689784,0.5,3,3,11,25.162999999999997
Polarizability,DNGO-Joint,45,5,0,1130,0.167,0.28314320247039143,0.5,4,3,12,24.996
Polarizability,DNGO-Joint,45,6,0,1132,0.167,0.25981803588785873,0.5,5,3,13,24.829
Polarizability,DNGO-Joint,45,7,0,140,0.167,0.21297335034496576,0.5,6,3,14,24.662
Polarizability,DNGO-Joint,45,8,1,1028,1.0,0.19839211798051204,0.5,0,4,14,23.662
Polarizability,DNGO-Joint,45,9,0,1127,0.167,0.16901247470731365,0.5,1,4,15,23.494999999999997
Polarizability,DNGO-Joint,45,10,0,1126,0.167,0.14944953323385465,0.5,2,4,16,23.328
Polarizability,DNGO-Joint,45,11,0,1117,0.167,0.12570303901751334,0.5,3,4,17,23.161
Polarizability,DNGO-Joint,45,12,1,1131,1.0,0.11964640116041389,0.5,0,5,17,22.161
Polarizability,DNGO-Joint,45,13,0,1128,0.167,0.11266245940958385,0.5,1,5,18,21.994
Polarizability,DNGO-Joint,45,14,1,300,1.0,0.11441640719693291,0.5,0,6,18,20.994
Polarizability,DNGO-Joint,45,15,0,1125,0.167,0.16599470627832308,0.998885075593806,1,6,19,20.826999999999998
Polarizability,DNGO-Joint,45,16,0,1118,0.167,0.13755794529159543,0.998885075593806,2,6,20,20.66
Polarizability,DNGO-Joint,45,17,0,1121,0.167,0.13376994169970302,0.998885075593806,3,6,21,20.493000000000002
Polarizability,DNGO-Joint,45,18,0,1120,0.167,0.11492756602711235,0.998885075593806,4,6,22,20.326
Polarizability,DNGO-Joint,45,19,1,921,1.0,0.12265738586338615,0.998885075593806,0,7,22,19.326
Polarizability,DNGO-Joint,45,20,0,1103,0.167,0.11504721257637165,0.9987418530487762,1,7,23,19.159
Polarizability,DNGO-Joint,45,21,0,1124,0.167,0.0981685220344764,0.9987418530487762,2,7,24,18.992
Polarizability,DNGO-Joint,45,22,0,1109,0.167,0.07427102358578976,0.9987418530487762,3,7,25,18.825000000000003
Polarizability,DNGO-Joint,45,23,0,1108,0.167,0.07254651398272456,0.9987418530487762,4,7,26,18.658
Polarizability,DNGO-Joint,45,24,1,1129,1.0,0.08565135058125987,0.9987418530487762,0,8,26,17.658
Polarizability,DNGO-Joint,45,25,1,1130,1.0,0.061968843935117465,0.9986339857794728,0,9,26,16.658
Polarizability,DNGO-Joint,45,26,1,1065,1.0,0.0705328952141856,0.9986128939027219,0,10,26,15.658000000000001
Polarizability,DNGO-Joint,45,27,0,1106,0.167,0.06224062177676422,0.9963291189568452,1,10,27,15.491000000000003
Polarizability,DNGO-Joint,45,28,0,1119,0.167,0.056187357233825105,0.9963291189568452,2,10,28,15.324000000000003
Polarizability,DNGO-Joint,45,29,1,955,1.0,0.08799880778474552,0.9963291189568452,0,11,28,14.324000000000003
Polarizability,DNGO-Joint,45,30,0,1116,0.167,0.05475048394229115,0.9963291189568452,1,11,29,14.157000000000004
Polarizability,DNGO-Joint,45,31,0,1091,0.167,0.05190186262513521,0.9963291189568452,2,11,30,13.990000000000004
Polarizability,DNGO-Joint,45,32,0,1123,0.167,0.047938247189364604,0.9963291189568452,3,11,31,13.823000000000002
Polarizability,DNGO-Joint,45,33,1,1132,1.0,0.04726968309768128,0.9963291189568452,0,12,31,12.823
Polarizability,DNGO-Joint,45,34,0,1122,0.167,0.039671271629513144,0.9889249475692462,1,12,32,12.656
Polarizability,DNGO-Joint,45,35,1,1126,1.0,0.0323391570234805,0.9889249475692462,0,13,32,11.655999999999999
Polarizability,DNGO-Joint,45,36,0,1112,0.167,0.03667831646107424,0.9889416215919922,1,13,33,11.488999999999999
Polarizability,DNGO-Joint,45,37,0,1067,0.167,0.02525878210493363,0.9889416215919922,2,13,34,11.321999999999997
Polarizability,DNGO-Joint,45,38,0,1096,0.167,0.028526008157011874,0.9889416215919922,3,13,35,11.154999999999996
Polarizability,DNGO-Joint,45,39,1,1127,1.0,0.02431311674457147,0.9889416215919922,0,14,35,10.154999999999994
Polarizability,DNGO-Joint,45,40,0,1105,0.167,0.022333057545171845,0.9889852082401217,1,14,36,9.987999999999994
Polarizability,DNGO-Joint,45,41,1,1091,1.0,0.029589436289293385,0.9889852082401217,0,15,36,8.987999999999992
Polarizability,DNGO-Joint,45,42,0,1114,0.167,0.018678543939767384,0.9882855483995779,1,15,37,8.820999999999993
Polarizability,DNGO-Joint,45,43,1,1117,1.0,0.017838743885951858,0.9882855483995779,0,16,37,7.820999999999991
Polarizability,DNGO-Joint,45,44,1,1128,1.0,0.019030754321456483,0.9883332835310763,0,17,37,6.820999999999991
Polarizability,DNGO-Joint,45,45,0,1113,0.167,0.01687444558166433,0.9880130331294954,1,17,38,6.653999999999991
Polarizability,DNGO-Joint,45,46,0,1107,0.167,0.015689132583041103,0.9880130331294954,2,17,39,6.486999999999989
Polarizability,DNGO-Joint,45,47,0,549,0.167,0.015113738916314458,0.9880130331294954,3,17,40,6.319999999999988
Polarizability,DNGO-Joint,45,48,0,1097,0.167,0.015234635587037988,0.9880130331294954,4,17,41,6.152999999999986
Polarizability,DNGO-Joint,45,49,1,1109,1.0,0.015142867806329091,0.9880130331294954,0,18,41,5.1529999999999845
Polarizability,DNGO-Joint,45,50,1,1125,1.0,0.014455742671841881,0.9878022751576873,0,19,41,4.1529999999999845
Polarizability,DNGO-Joint,45,51,0,1104,0.167,0.012841031872502497,0.9877979780319132,1,19,42,3.9859999999999847
Polarizability,DNGO-Joint,45,52,1,1103,1.0,0.013802450895473634,0.9877979780319132,0,20,42,2.985999999999983
Polarizability,DNGO-Joint,45,53,0,1031,0.167,0.012067921617471718,0.987597607023578,1,20,43,2.818999999999983
Polarizability,DNGO-Joint,45,54,0,1025,0.167,0.010408255222354978,0.987597607023578,2,20,44,2.6519999999999815
Polarizability,DNGO-Joint,45,55,1,1115,1.0,0.011461426372839763,0.987597607023578,0,21,44,1.6519999999999797
Polarizability,DNGO-Joint,45,56,1,1118,1.0,0.009798807940972192,0.9875277226766197,0,22,44,0.6519999999999797
Polarizability,DNGO-Joint,45,57,0,1110,0.167,0.00927672921732659,0.9875418479992306,1,22,45,0.48499999999997967
Polarizability,DNGO-Joint,45,58,0,1102,0.167,0.008086662199058946,0.9875418479992306,2,22,46,0.3179999999999781
Polarizability,DNGO-Joint,45,59,0,1090,0.167,0.007927779728629286,0.9875418479992306,3,22,47,0.15099999999997651
Polarizability,DNGO-Joint,46,1,0,1130,0.167,0.3664671747705532,0.5,1,2,9,26.497
Polarizability,DNGO-Joint,46,2,0,1132,0.167,0.31343388436166114,0.5,2,2,10,26.33
Polarizability,DNGO-Joint,46,3,0,1117,0.167,0.20370658294630883,0.5,3,2,11,26.162999999999997
Polarizability,DNGO-Joint,46,4,0,1128,0.167,0.1769398137090908,0.5,4,2,12,25.996
Polarizability,DNGO-Joint,46,5,0,1040,0.167,0.2384092916344176,0.5,5,2,13,25.829
Polarizability,DNGO-Joint,46,6,0,1129,0.167,0.2757313460405829,0.5,6,2,14,25.662
Polarizability,DNGO-Joint,46,7,0,1126,0.167,0.16707623090089968,0.5,7,2,15,25.494999999999997
Polarizability,DNGO-Joint,46,8,0,1127,0.167,0.12811010862263383,0.5,8,2,16,25.328
Polarizability,DNGO-Joint,46,9,0,14,0.167,0.09808770132844045,0.5,9,2,17,25.161
Polarizability,DNGO-Joint,46,10,1,1129,1.0,0.12859227732486384,0.5,0,3,17,24.161
Polarizability,DNGO-Joint,46,11,1,944,1.0,0.18740504038577532,0.5,0,4,17,23.161
Polarizability,DNGO-Joint,46,12,1,17,1.0,0.14270410537684047,0.5,0,5,17,22.161
Polarizability,DNGO-Joint,46,13,1,330,1.0,0.11112155183634462,0.5,0,6,17,21.161
Polarizability,DNGO-Joint,46,14,0,1125,0.167,0.1085914454516452,0.5,1,6,18,20.994
Polarizability,DNGO-Joint,46,15,1,1131,1.0,0.12749162640608674,0.5,0,7,18,19.994
Polarizability,DNGO-Joint,46,16,0,1124,0.167,0.16104799853328533,0.9999833607348355,1,7,19,19.826999999999998
Polarizability,DNGO-Joint,46,17,0,1120,0.167,0.15675043153013568,0.9999833607348355,2,7,20,19.66
Polarizability,DNGO-Joint,46,18,0,1118,0.167,0.12509149162593705,0.9999833607348355,3,7,21,19.493000000000002
Polarizability,DNGO-Joint,46,19,0,1115,0.167,0.1398812682994085,0.9999833607348355,4,7,22,19.326
Polarizability,DNGO-Joint,46,20,0,1103,0.167,0.11207542757324368,0.9999833607348355,5,7,23,19.159
Polarizability,DNGO-Joint,46,21,0,1109,0.167,0.10194871631935983,0.9999833607348355,6,7,24,18.992
Polarizability,DNGO-Joint,46,22,1,549,1.0,0.09987555348142886,0.9999833607348355,0,8,24,17.992000000000004
Polarizability,DNGO-Joint,46,23,0,1108,0.167,0.09628561823881207,0.9999833607348355,1,8,25,17.825000000000003
Polarizability,DNGO-Joint,46,24,0,1116,0.167,0.08412223155928607,0.9999833607348355,2,8,26,17.658
Polarizability,DNGO-Joint,46,25,0,1091,0.167,0.09426200264657825,0.9999833607348355,3,8,27,17.491
Polarizability,DNGO-Joint,46,26,0,1123,0.167,0.07729187007954554,0.9999833607348355,4,8,28,17.324
Polarizability,DNGO-Joint,46,27,0,1106,0.167,0.06474072292550807,0.9999833607348355,5,8,29,17.157000000000004
Polarizability,DNGO-Joint,46,28,0,1119,0.167,0.05852519237172692,0.9999833607348355,6,8,30,16.990000000000002
Polarizability,DNGO-Joint,46,29,1,622,1.0,0.054809179574516864,0.9999833607348355,0,9,30,15.990000000000002
Polarizability,DNGO-Joint,46,30,0,1105,0.167,0.05364994569213625,0.9882298883132878,1,9,31,15.823000000000004
Polarizability,DNGO-Joint,46,31,0,1121,0.167,0.062085133387039526,0.9882298883132878,2,9,32,15.656000000000004
Polarizability,DNGO-Joint,46,32,1,1130,1.0,0.04898146574911949,0.9882298883132878,0,10,32,14.656000000000004
Polarizability,DNGO-Joint,46,33,0,1122,0.167,0.0457348611271169,0.9907575015795003,1,10,33,14.489000000000004
Polarizability,DNGO-Joint,46,34,1,921,1.0,0.05430983060159074,0.9907575015795003,0,11,33,13.489000000000004
Polarizability,DNGO-Joint,46,35,1,1065,1.0,0.04821023182957619,0.991279796568739,0,12,33,12.489000000000004
Polarizability,DNGO-Joint,46,36,1,1132,1.0,0.045210775697678285,0.9881090309727119,0,13,33,11.489000000000004
Polarizability,DNGO-Joint,46,37,0,1096,0.167,0.03766249687901501,0.9839786192900274,1,13,34,11.322000000000005
Polarizability,DNGO-Joint,46,38,1,1126,1.0,0.03421488808481224,0.9839786192900274,0,14,34,10.322000000000003
Polarizability,DNGO-Joint,46,39,0,1112,0.167,0.0318843426835625,0.9842894107728078,1,14,35,10.155000000000003
Polarizability,DNGO-Joint,46,40,1,1117,1.0,0.032841522149517285,0.9842894107728078,0,15,35,9.155000000000001
Polarizability,DNGO-Joint,46,41,0,1028,0.167,0.03201158468241532,0.9846091061425426,1,15,36,8.988000000000001
Polarizability,DNGO-Joint,46,42,0,1114,0.167,0.030363108768422353,0.9846091061425426,2,15,37,8.821
Polarizability,DNGO-Joint,46,43,0,1113,0.167,0.026732541959334586,0.9846091061425426,3,15,38,8.653999999999998
Polarizability,DNGO-Joint,46,44,0,1107,0.167,0.02565982957383934,0.9846091061425426,4,15,39,8.486999999999997
Polarizability,DNGO-Joint,46,45,1,1127,1.0,0.024260692920343052,0.9846091061425426,0,16,39,7.486999999999995
Polarizability,DNGO-Joint,46,46,0,1097,0.167,0.022598118452897168,0.9848341594867012,1,16,40,7.319999999999995
Polarizability,DNGO-Joint,46,47,0,1090,0.167,0.02219084932831703,0.9848341594867012,2,16,41,7.152999999999993
Polarizability,DNGO-Joint,46,48,1,1128,1.0,0.02019748847775578,0.9848341594867012,0,17,41,6.152999999999992
Polarizability,DNGO-Joint,46,49,0,1110,0.167,0.017561936359256177,0.9846320666561663,1,17,42,5.985999999999992
Polarizability,DNGO-Joint,46,50,0,1025,0.167,0.02078629981081155,0.9846320666561663,2,17,43,5.81899999999999
Polarizability,DNGO-Joint,46,51,1,1103,1.0,0.018578826718818615,0.9846320666561663,0,18,43,4.818999999999988
Polarizability,DNGO-Joint,46,52,1,1109,1.0,0.017749721542986416,0.9844379473101176,0,19,43,3.8189999999999884
Polarizability,DNGO-Joint,46,53,0,1067,0.167,0.01641484033855983,0.9843535478340175,1,19,44,3.6519999999999886
Polarizability,DNGO-Joint,46,54,1,1125,1.0,0.01644698472054089,0.9843535478340175,0,20,44,2.651999999999987
Polarizability,DNGO-Joint,46,55,0,1102,0.167,0.015168763162481808,0.9843762020697907,1,20,45,2.484999999999987
Polarizability,DNGO-Joint,46,56,0,1104,0.167,0.013708291165188718,0.9843762020697907,2,20,46,2.3179999999999854
Polarizability,DNGO-Joint,46,57,1,1124,1.0,0.011897689169035518,0.9843762020697907,0,21,46,1.3179999999999836
Polarizability,DNGO-Joint,46,58,0,1031,0.167,0.010758676475278074,0.9843685298684165,1,21,47,1.1509999999999836
Polarizability,DNGO-Joint,46,59,0,1069,0.167,0.010529531215925552,0.9843685298684165,2,21,48,0.983999999999982
Polarizability,DNGO-Joint,46,60,0,1111,0.167,0.00861720899142157,0.9843685298684165,3,21,49,0.8169999999999804
Polarizability,DNGO-Joint,46,61,0,1032,0.167,0.007631630893748597,0.9843685298684165,4,21,50,0.6499999999999788
Polarizability,DNGO-Joint,46,62,0,1100,0.167,0.006297173047876432,0.9843685298684165,5,21,51,0.4829999999999772
Polarizability,DNGO-Joint,46,63,0,1099,0.167,0.006046167220621382,0.9843685298684165,6,21,52,0.31599999999997563
Polarizability,DNGO-Joint,46,64,0,1086,0.167,0.005874718910608639,0.9843685298684165,7,21,53,0.14899999999997407
Polarizability,DNGO-Joint,47,1,1,1133,1.0,0.482677260923849,0.5,0,3,8,25.664
Polarizability,DNGO-Joint,47,2,0,921,0.167,0.3934890532371129,0.5,1,3,9,25.497
Polarizability,DNGO-Joint,47,3,0,1129,0.167,0.3934181581048293,0.5,2,3,10,25.33
Polarizability,DNGO-Joint,47,4,0,1130,0.167,0.320669876065724,0.5,3,3,11,25.162999999999997
Polarizability,DNGO-Joint,47,5,0,1132,0.167,0.2993339312712854,0.5,4,3,12,24.996
Polarizability,DNGO-Joint,47,6,0,1126,0.167,0.2260600757167845,0.5,5,3,13,24.829
Polarizability,DNGO-Joint,47,7,0,1117,0.167,0.24352954526996143,0.5,6,3,14,24.662
Polarizability,DNGO-Joint,47,8,1,944,1.0,0.20515671792518703,0.5,0,4,14,23.662
Polarizability,DNGO-Joint,47,9,0,1127,0.167,0.18723712780216922,0.5,1,4,15,23.494999999999997
Polarizability,DNGO-Joint,47,10,0,1128,0.167,0.14334666921773898,0.5,2,4,16,23.328
Polarizability,DNGO-Joint,47,11,0,257,0.167,0.12275949343978834,0.5,3,4,17,23.161
Polarizability,DNGO-Joint,47,12,0,1121,0.167,0.12105203684865375,0.5,4,4,18,22.994
Polarizability,DNGO-Joint,47,13,1,303,1.0,0.11095385337506465,0.5,0,5,18,21.994
Polarizability,DNGO-Joint,47,14,0,1125,0.167,0.2168337653471774,0.992082516116048,1,5,19,21.826999999999998
Polarizability,DNGO-Joint,47,15,0,1124,0.167,0.1685869617814256,0.992082516116048,2,5,20,21.66
Polarizability,DNGO-Joint,47,16,0,1118,0.167,0.15777997191916032,0.992082516116048,3,5,21,21.493000000000002
Polarizability,DNGO-Joint,47,17,0,1067,0.167,0.17554037898451882,0.992082516116048,4,5,22,21.326
Polarizability,DNGO-Joint,47,18,0,1103,0.167,0.1283925836647085,0.992082516116048,5,5,23,21.159
Polarizability,DNGO-Joint,47,19,0,1120,0.167,0.12628703915812983,0.992082516116048,6,5,24,20.992
Polarizability,DNGO-Joint,47,20,1,1131,1.0,0.11720515508804638,0.992082516116048,0,6,24,19.992000000000004
Polarizability,DNGO-Joint,47,21,0,1115,0.167,0.1155500812165541,0.992149691765896,1,6,25,19.825000000000003
Polarizability,DNGO-Joint,47,22,0,1109,0.167,0.09640737196645312,0.992149691765896,2,6,26,19.658
Polarizability,DNGO-Joint,47,23,1,622,1.0,0.12696774447154102,0.992149691765896,0,7,26,18.658
Polarizability,DNGO-Joint,47,24,1,1129,1.0,0.09626564969262509,0.9922679238249882,0,8,26,17.658
Polarizability,DNGO-Joint,47,25,0,1108,0.167,0.08746407748335655,0.9928750858323875,1,8,27,17.491
Polarizability,DNGO-Joint,47,26,0,1106,0.167,0.07340549093908373,0.9928750858323875,2,8,28,17.324
Polarizability,DNGO-Joint,47,27,0,1116,0.167,0.06813031876439773,0.9928750858323875,3,8,29,17.157000000000004
Polarizability,DNGO-Joint,47,28,0,1091,0.167,0.059893210192591355,0.9928750858323875,4,8,30,16.990000000000002
Polarizability,DNGO-Joint,47,29,1,921,1.0,0.07755380566040275,0.9928750858323875,0,9,30,15.990000000000002
Polarizability,DNGO-Joint,47,30,0,1119,0.167,0.056556296850763126,0.9930610431570012,1,9,31,15.823000000000004
Polarizability,DNGO-Joint,47,31,1,1130,1.0,0.06184129861725517,0.9930610431570012,0,10,31,14.823000000000004
Polarizability,DNGO-Joint,47,32,1,300,1.0,0.06976291388799838,0.9938022203515988,0,11,31,13.823000000000004
Polarizability,DNGO-Joint,47,33,0,1123,0.167,0.05722897907066059,0.9945608685003348,1,11,32,13.656000000000004
Polarizability,DNGO-Joint,47,34,0,1122,0.167,0.04906237054339279,0.9945608685003348,2,11,33,13.489000000000003
Polarizability,DNGO-Joint,47,35,1,1132,1.0,0.04932547007555437,0.9945608685003348,0,12,33,12.489
Polarizability,DNGO-Joint,47,36,0,1028,0.167,0.05328564542278999,0.9898000310181367,1,12,34,12.322000000000001
Polarizability,DNGO-Joint,47,37,0,1105,0.167,0.043241040200495455,0.9898000310181367,2,12,35,12.155
Polarizability,DNGO-Joint,47,38,1,1126,1.0,0.04667499062257998,0.9898000310181367,0,13,35,11.154999999999998
Polarizability,DNGO-Joint,47,39,0,1112,0.167,0.03709795489759118,0.9900550222432133,1,13,36,10.987999999999998
Polarizability,DNGO-Joint,47,40,0,1031,0.167,0.029465341846630848,0.9900550222432133,2,13,37,10.820999999999996
Polarizability,DNGO-Joint,47,41,1,1091,1.0,0.02810372759302087,0.9900550222432133,0,14,37,9.820999999999994
Polarizability,DNGO-Joint,47,42,0,1025,0.167,0.028938050192317762,0.9891720032155561,1,14,38,9.653999999999995
Polarizability,DNGO-Joint,47,43,0,1114,0.167,0.028542880828233263,0.9891720032155561,2,14,39,9.486999999999993
Polarizability,DNGO-Joint,47,44,1,1127,1.0,0.02805774661053547,0.9891720032155561,0,15,39,8.486999999999991
Polarizability,DNGO-Joint,47,45,1,1125,1.0,0.02404319912376881,0.9893811381732134,0,16,39,7.486999999999991
Polarizability,DNGO-Joint,47,46,0,1096,0.167,0.025625023339758694,0.9894403920957977,1,16,40,7.319999999999991
Polarizability,DNGO-Joint,47,47,0,1107,0.167,0.022211952273823325,0.9894403920957977,2,16,41,7.15299999999999
Polarizability,DNGO-Joint,47,48,1,1117,1.0,0.024323657176985668,0.9894403920957977,0,17,41,6.152999999999988
Polarizability,DNGO-Joint,47,49,1,1128,1.0,0.023517072233991923,0.9896087396437722,0,18,41,5.152999999999988
Polarizability,DNGO-Joint,47,50,0,1113,0.167,0.02001748131040561,0.9895937473472399,1,18,42,4.985999999999988
Polarizability,DNGO-Joint,47,51,0,1090,0.167,0.017714071598468252,0.9895937473472399,2,18,43,4.818999999999987
Polarizability,DNGO-Joint,47,52,0,549,0.167,0.016349983484321248,0.9895937473472399,3,18,44,4.651999999999985
Polarizability,DNGO-Joint,47,53,0,1104,0.167,0.015318913096617325,0.9895937473472399,4,18,45,4.4849999999999834
Polarizability,DNGO-Joint,47,54,0,1110,0.167,0.01564631787874052,0.9895937473472399,5,18,46,4.317999999999982
Polarizability,DNGO-Joint,47,55,1,1109,1.0,0.013317477577379618,0.9895937473472399,0,19,46,3.31799999999998
Polarizability,DNGO-Joint,47,56,0,1102,0.167,0.014627553619996804,0.9895968809182956,1,19,47,3.1509999999999803
Polarizability,DNGO-Joint,47,57,1,1103,1.0,0.014636158391400936,0.9895968809182956,0,20,47,2.1509999999999785
Polarizability,DNGO-Joint,47,58,1,1118,1.0,0.012964874830098054,0.9895413900175543,0,21,47,1.1509999999999785
Polarizability,DNGO-Joint,47,59,1,1124,1.0,0.012508272725873723,0.9895903623904632,0,22,47,0.15099999999997848
Polarizability,DNGO-Joint,48,1,0,1130,0.167,0.38943408813342056,0.5,1,2,9,26.497
Polarizability,DNGO-Joint,48,2,0,1132,0.167,0.3455056972966833,0.5,2,2,10,26.33
Polarizability,DNGO-Joint,48,3,0,1117,0.167,0.245236181953662,0.5,3,2,11,26.162999999999997
Polarizability,DNGO-Joint,48,4,0,1128,0.167,0.22816091111581427,0.5,4,2,12,25.996
Polarizability,DNGO-Joint,48,5,0,921,0.167,0.1883209208209243,0.5,5,2,13,25.829
Polarizability,DNGO-Joint,48,6,0,1129,0.167,0.31304749776788127,0.5,6,2,14,25.662
Polarizability,DNGO-Joint,48,7,0,1126,0.167,0.20824158816028046,0.5,7,2,15,25.494999999999997
Polarizability,DNGO-Joint,48,8,0,1127,0.167,0.16343443663920826,0.5,8,2,16,25.328
Polarizability,DNGO-Joint,48,9,0,1103,0.167,0.1260796157017439,0.5,9,2,17,25.161
Polarizability,DNGO-Joint,48,10,1,1129,1.0,0.11057550561750823,0.5,0,3,17,24.161
Polarizability,DNGO-Joint,48,11,1,303,1.0,0.12499160205008078,0.5,0,4,17,23.161
Polarizability,DNGO-Joint,48,12,1,921,1.0,0.14099947098479182,0.5,0,5,17,22.161
Polarizability,DNGO-Joint,48,13,0,1125,0.167,0.2175183284976913,0.9997237381236362,1,5,18,21.994
Polarizability,DNGO-Joint,48,14,0,1118,0.167,0.18222637773711173,0.9997237381236362,2,5,19,21.826999999999998
Polarizability,DNGO-Joint,48,15,0,1115,0.167,0.20751259833500696,0.9997237381236362,3,5,20,21.66
Polarizability,DNGO-Joint,48,16,0,1120,0.167,0.1698582860201235,0.9997237381236362,4,5,21,21.493000000000002
Polarizability,DNGO-Joint,48,17,0,257,0.167,0.20504004345628885,0.9997237381236362,5,5,22,21.326
Polarizability,DNGO-Joint,48,18,0,1124,0.167,0.13035844193818485,0.9997237381236362,6,5,23,21.159
Polarizability,DNGO-Joint,48,19,1,1131,1.0,0.19907685652760476,0.9997237381236362,0,6,23,20.159000000000002
Polarizability,DNGO-Joint,48,20,0,1109,0.167,0.11936869159812794,0.9997838746055298,1,6,24,19.992
Polarizability,DNGO-Joint,48,21,0,1108,0.167,0.10209245211724363,0.9997838746055298,2,6,25,19.825000000000003
Polarizability,DNGO-Joint,48,22,0,1116,0.167,0.08889437636471674,0.9997838746055298,3,6,26,19.658
Polarizability,DNGO-Joint,48,23,1,140,1.0,0.13280534317367465,0.9997838746055298,0,7,26,18.658
Polarizability,DNGO-Joint,48,24,0,1106,0.167,0.08367530666834029,0.9997838746055298,1,7,27,18.491
Polarizability,DNGO-Joint,48,25,0,1091,0.167,0.0808895721395259,0.9997838746055298,2,7,28,18.324
Polarizability,DNGO-Joint,48,26,0,1119,0.167,0.06609808185250517,0.9997838746055298,3,7,29,18.157000000000004
Polarizability,DNGO-Joint,48,27,1,1130,1.0,0.057811502666344605,0.9997838746055298,0,8,29,17.157000000000004
Polarizability,DNGO-Joint,48,28,0,1121,0.167,0.07203385924353962,0.9998157444254335,1,8,30,16.990000000000002
Polarizability,DNGO-Joint,48,29,1,300,1.0,0.09250576352191091,0.9998157444254335,0,9,30,15.990000000000002
Polarizability,DNGO-Joint,48,30,1,1091,1.0,0.05916559347669163,0.9991178682623143,0,10,30,14.990000000000004
Polarizability,DNGO-Joint,48,31,1,1132,1.0,0.050860111958352265,0.9975450046383206,0,11,30,13.990000000000004
Polarizability,DNGO-Joint,48,32,0,1122,0.167,0.05678224567328532,0.9929843183854816,1,11,31,13.823000000000002
Polarizability,DNGO-Joint,48,33,1,955,1.0,0.06478925477341427,0.9929843183854816,0,12,31,12.823
Polarizability,DNGO-Joint,48,34,1,1126,1.0,0.05379216196179847,0.9929843183854816,0,13,31,11.823
Polarizability,DNGO-Joint,48,35,0,1123,0.167,0.04566925828120774,0.9928522434277178,1,13,32,11.656
Polarizability,DNGO-Joint,48,36,0,1112,0.167,0.039155285199539584,0.9928522434277178,2,13,33,11.488999999999999
Polarizability,DNGO-Joint,48,37,1,1065,1.0,0.04818475902627614,0.9928522434277178,0,14,33,10.488999999999997
Polarizability,DNGO-Joint,48,38,0,1105,0.167,0.034456881520899874,0.9922203311174594,1,14,34,10.321999999999997
Polarizability,DNGO-Joint,48,39,0,1031,0.167,0.030979714880465102,0.9922203311174594,2,14,35,10.154999999999996
Polarizability,DNGO-Joint,48,40,1,1117,1.0,0.029748320284328104,0.9922203311174594,0,15,35,9.154999999999994
Polarizability,DNGO-Joint,48,41,0,1114,0.167,0.026918039910576206,0.9922757601608547,1,15,36,8.987999999999994
Polarizability,DNGO-Joint,48,42,1,1127,1.0,0.027823929556327308,0.9922757601608547,0,16,36,7.987999999999992
Polarizability,DNGO-Joint,48,43,0,1025,0.167,0.026458218694350537,0.9923039110619214,1,16,37,7.820999999999993
Polarizability,DNGO-Joint,48,44,0,1067,0.167,0.03225844091132486,0.9923039110619214,2,16,38,7.653999999999991
Polarizability,DNGO-Joint,48,45,0,1096,0.167,0.025101391240326204,0.9923039110619214,3,16,39,7.486999999999989
Polarizability,DNGO-Joint,48,46,1,1128,1.0,0.02131667469490147,0.9923039110619214,0,17,39,6.486999999999988
Polarizability,DNGO-Joint,48,47,0,1107,0.167,0.02176798305541383,0.9919177560021448,1,17,40,6.319999999999988
Polarizability,DNGO-Joint,48,48,1,1109,1.0,0.024013163162023878,0.9919177560021448,0,18,40,5.319999999999986
Polarizability,DNGO-Joint,48,49,0,1090,0.167,0.02032346685058786,0.9916708307894864,1,18,41,5.152999999999986
Polarizability,DNGO-Joint,48,50,0,1113,0.167,0.019994338409217903,0.9916708307894864,2,18,42,4.985999999999985
Polarizability,DNGO-Joint,48,51,0,1028,0.167,0.018173136763889687,0.9916708307894864,3,18,43,4.818999999999983
Polarizability,DNGO-Joint,48,52,1,944,1.0,0.03238365408363608,0.9916708307894864,0,19,43,3.8189999999999813
Polarizability,DNGO-Joint,48,53,0,1069,0.167,0.015267026787864131,0.9877789335338927,1,19,44,3.6519999999999815
Polarizability,DNGO-Joint,48,54,1,1125,1.0,0.01853798044977497,0.9877789335338927,0,20,44,2.6519999999999797
Polarizability,DNGO-Joint,48,55,0,1110,0.167,0.014490716674551428,0.9878373575881136,1,20,45,2.48499999999998
Polarizability,DNGO-Joint,48,56,1,1124,1.0,0.01352324166280499,0.9878373575881136,0,21,45,1.4849999999999781
Polarizability,DNGO-Joint,48,57,0,1104,0.167,0.0134329366148593,0.9878479224845328,1,21,46,1.317999999999978
Polarizability,DNGO-Joint,48,58,1,1115,1.0,0.014733037458913502,0.9878479224845328,0,22,46,0.3179999999999765
Polarizability,DNGO-Joint,48,59,0,1102,0.167,0.011442173401178134,0.9877742711244104,1,22,47,0.15099999999997651
Polarizability,DNGO-Joint,49,1,1,1129,1.0,0.3462481011663288,0.5,0,3,8,25.664
Polarizability,DNGO-Joint,49,2,0,1126,0.167,0.2625784478953295,0.5,1,3,9,25.497
Polarizability,DNGO-Joint,49,3,0,924,0.167,0.2659810448506527,0.5,2,3,10,25.33
Polarizability,DNGO-Joint,49,4,0,1131,0.167,0.20370659992977183,0.5,3,3,11,25.162999999999997
Polarizability,DNGO-Joint,49,5,0,1130,0.167,0.25821216817168385,0.5,4,3,12,24.996
Polarizability,DNGO-Joint,49,6,0,1132,0.167,0.23846740416501114,0.5,5,3,13,24.829
Polarizability,DNGO-Joint,49,7,1,1131,1.0,0.1938992540206147,0.5,0,4,13,23.829
Polarizability,DNGO-Joint,49,8,1,1028,1.0,0.24606715888170327,0.5,0,5,13,22.829
Polarizability,DNGO-Joint,49,9,0,1127,0.167,0.17251880790375515,0.5,1,5,14,22.662
Polarizability,DNGO-Joint,49,10,1,1133,1.0,0.1413054711108719,0.5,0,6,14,21.662
Polarizability,DNGO-Joint,49,11,0,1125,0.167,0.26353636436996625,0.9970596638739945,1,6,15,21.494999999999997
Polarizability,DNGO-Joint,49,12,0,1128,0.167,0.26144142307747376,0.9970596638739945,2,6,16,21.328
Polarizability,DNGO-Joint,49,13,0,1117,0.167,0.20677580858131747,0.9970596638739945,3,6,17,21.161
Polarizability,DNGO-Joint,49,14,0,1121,0.167,0.16660171861059517,0.9970596638739945,4,6,18,20.994
Polarizability,DNGO-Joint,49,15,0,1124,0.167,0.15886456868131463,0.9970596638739945,5,6,19,20.826999999999998
Polarizability,DNGO-Joint,49,16,0,1103,0.167,0.147607261734311,0.9970596638739945,6,6,20,20.66
Polarizability,DNGO-Joint,49,17,0,1118,0.167,0.12284992046492908,0.9970596638739945,7,6,21,20.493000000000002
Polarizability,DNGO-Joint,49,18,0,1115,0.167,0.11031656955416529,0.9970596638739945,8,6,22,20.326
Polarizability,DNGO-Joint,49,19,0,1120,0.167,0.09844457925134255,0.9970596638739945,9,6,23,20.159
Polarizability,DNGO-Joint,49,20,0,549,0.167,0.12682760073133625,0.9970596638739945,10,6,24,19.992
Polarizability,DNGO-Joint,49,21,1,330,1.0,0.11686406350068847,0.9970596638739945,0,7,24,18.992000000000004
Polarizability,DNGO-Joint,49,22,0,1109,0.167,0.10837269453547169,0.9970596638739945,1,7,25,18.825000000000003
Polarizability,DNGO-Joint,49,23,1,955,1.0,0.11135511060163214,0.9970596638739945,0,8,25,17.825000000000003
Polarizability,DNGO-Joint,49,24,0,1091,0.167,0.09902361081245263,0.9970596638739945,1,8,26,17.658
Polarizability,DNGO-Joint,49,25,0,1108,0.167,0.07424795105653388,0.9970596638739945,2,8,27,17.491
Polarizability,DNGO-Joint,49,26,0,1106,0.167,0.06331371616123885,0.9970596638739945,3,8,28,17.324
Polarizability,DNGO-Joint,49,27,0,1116,0.167,0.05314880473342287,0.9970596638739945,4,8,29,17.157000000000004
Polarizability,DNGO-Joint,49,28,1,1130,1.0,0.05444017711655122,0.9970596638739945,0,9,29,16.157000000000004
Polarizability,DNGO-Joint,49,29,1,257,1.0,0.06321898807149656,0.9964539342796368,0,10,29,15.157000000000004
Polarizability,DNGO-Joint,49,30,0,1119,0.167,0.050552132956031545,0.9973175526659238,1,10,30,14.990000000000004
Polarizability,DNGO-Joint,49,31,1,1132,1.0,0.053294154758152135,0.9973175526659238,0,11,30,13.990000000000004
Polarizability,DNGO-Joint,49,32,0,1123,0.167,0.046928320539255,0.9838411876677706,1,11,31,13.823000000000002
Polarizability,DNGO-Joint,49,33,1,1126,1.0,0.047440585927695615,0.9838411876677706,0,12,31,12.823
Polarizability,DNGO-Joint,49,34,0,1122,0.167,0.04010215094349292,0.9837453953563665,1,12,32,12.656
Polarizability,DNGO-Joint,49,35,1,1065,1.0,0.09707326851438906,0.9837453953563665,0,13,32,11.655999999999999
Polarizability,DNGO-Joint,49,36,0,1105,0.167,0.03507857490441271,0.9794731605110559,1,13,33,11.488999999999999
Polarizability,DNGO-Joint,49,37,0,1112,0.167,0.03082516891041686,0.9794731605110559,2,13,34,11.321999999999997
Polarizability,DNGO-Joint,49,38,1,775,1.0,0.0376302669671815,0.9794731605110559,0,14,34,10.321999999999996
Polarizability,DNGO-Joint,49,39,1,1117,1.0,0.025089677412601444,0.9794731605110559,0,15,34,9.321999999999996
Polarizability,DNGO-Joint,49,40,0,1096,0.167,0.02172800229507254,0.9795921032754584,1,15,35,9.154999999999996
Polarizability,DNGO-Joint,49,41,1,1127,1.0,0.02638819929468452,0.9795921032754584,0,16,35,8.154999999999994
Polarizability,DNGO-Joint,49,42,0,1025,0.167,0.021608502407693166,0.9796742406988609,1,16,36,7.987999999999994
Polarizability,DNGO-Joint,49,43,1,1128,1.0,0.023272797209595707,0.9796742406988609,0,17,36,6.987999999999992
Polarizability,DNGO-Joint,49,44,0,1114,0.167,0.019070386243566086,0.9795427105911753,1,17,37,6.820999999999993
Polarizability,DNGO-Joint,49,45,1,1125,1.0,0.0180718593803208,0.9795427105911753,0,18,37,5.820999999999991
Polarizability,DNGO-Joint,49,46,0,1113,0.167,0.017401286875061456,0.9795048873736449,1,18,38,5.653999999999991
Polarizability,DNGO-Joint,49,47,0,944,0.167,0.015773080214903524,0.9795048873736449,2,18,39,5.486999999999989
Polarizability,DNGO-Joint,49,48,0,1090,0.167,0.016691757475745087,0.9795048873736449,3,18,40,5.319999999999988
Polarizability,DNGO-Joint,49,49,1,1109,1.0,0.016257369018232312,0.9795048873736449,0,19,40,4.319999999999986
Polarizability,DNGO-Joint,49,50,1,1118,1.0,0.016755770799441592,0.9794343866635736,0,20,40,3.319999999999986
Polarizability,DNGO-Joint,49,51,1,1091,1.0,0.01732314574709603,0.9793925659872892,0,21,40,2.319999999999986
Polarizability,DNGO-Joint,49,52,0,1067,0.167,0.017405287529397732,0.977676392568764,1,21,41,2.1529999999999863
Polarizability,DNGO-Joint,49,53,0,1031,0.167,0.013557876914626841,0.977676392568764,2,21,42,1.9859999999999844
Polarizability,DNGO-Joint,49,54,1,1124,1.0,0.014116552033107369,0.977676392568764,0,22,42,0.9859999999999829
Polarizability,DNGO-Joint,49,55,0,1107,0.167,0.01237297774276604,0.9776824519080438,1,22,43,0.8189999999999829
Polarizability,DNGO-Joint,49,56,0,1110,0.167,0.010442882034676335,0.9776824519080438,2,22,44,0.6519999999999813
Polarizability,DNGO-Joint,49,57,0,1102,0.167,0.010917119595288835,0.9776824519080438,3,22,45,0.48499999999997967
Polarizability,DNGO-Joint,49,58,0,1097,0.167,0.00930164785723461,0.9776824519080438,4,22,46,0.3179999999999781
Polarizability,DNGO-Joint,49,59,0,1104,0.167,0.008611655920842764,0.9776824519080438,5,22,47,0.15099999999997651
Polarizability,DNGO-Joint,50,1,1,1131,1.0,0.3541001866927054,0.5,0,3,8,25.664
Polarizability,DNGO-Joint,50,2,0,1040,0.167,0.3034924189319172,0.5,1,3,9,25.497
Polarizability,DNGO-Joint,50,3,0,1129,0.167,0.4223842668871891,0.5,2,3,10,25.33
Polarizability,DNGO-Joint,50,4,0,1130,0.167,0.2880716906996637,0.5,3,3,11,25.162999999999997
Polarizability,DNGO-Joint,50,5,0,1132,0.167,0.26303439203032863,0.5,4,3,12,24.996
Polarizability,DNGO-Joint,50,6,0,1117,0.167,0.2567841734672359,0.5,5,3,13,24.829
Polarizability,DNGO-Joint,50,7,0,1126,0.167,0.19332488273526915,0.5,6,3,14,24.662
Polarizability,DNGO-Joint,50,8,1,549,1.0,0.22052777791983807,0.5,0,4,14,23.662
Polarizability,DNGO-Joint,50,9,0,1127,0.167,0.160132983685909,0.5,1,4,15,23.494999999999997
Polarizability,DNGO-Joint,50,10,0,921,0.167,0.1743429346464559,0.5,2,4,16,23.328
Polarizability,DNGO-Joint,50,11,1,1065,1.0,0.15579926649754988,0.5,0,5,16,22.328000000000003
Polarizability,DNGO-Joint,50,12,1,921,1.0,0.14263431899499207,0.5,0,6,16,21.328000000000003
Polarizability,DNGO-Joint,50,13,0,1128,0.167,0.2439783967501144,0.9958335187006362,1,6,17,21.161
Polarizability,DNGO-Joint,50,14,0,1125,0.167,0.19450492592243376,0.9958335187006362,2,6,18,20.994
Polarizability,DNGO-Joint,50,15,0,1103,0.167,0.16113889468977546,0.9958335187006362,3,6,19,20.826999999999998
Polarizability,DNGO-Joint,50,16,1,1133,1.0,0.1552403045724336,0.9958335187006362,0,7,19,19.827
Polarizability,DNGO-Joint,50,17,0,1118,0.167,0.15440291287460606,0.9973953590171265,1,7,20,19.66
Polarizability,DNGO-Joint,50,18,0,1124,0.167,0.13518392321600056,0.9973953590171265,2,7,21,19.493000000000002
Polarizability,DNGO-Joint,50,19,0,1109,0.167,0.1147048007076522,0.9973953590171265,3,7,22,19.326
Polarizability,DNGO-Joint,50,20,0,257,0.167,0.12962198724156668,0.9973953590171265,4,7,23,19.159
Polarizability,DNGO-Joint,50,21,0,1115,0.167,0.10880497263995441,0.9973953590171265,5,7,24,18.992
Polarizability,DNGO-Joint,50,22,0,1120,0.167,0.09638726701328106,0.9973953590171265,6,7,25,18.825000000000003
Polarizability,DNGO-Joint,50,23,1,1129,1.0,0.11001053352382784,0.9973953590171265,0,8,25,17.825000000000003
Polarizability,DNGO-Joint,50,24,0,1108,0.167,0.07936511472650774,0.9974569486500262,1,8,26,17.658
Polarizability,DNGO-Joint,50,25,1,1130,1.0,0.0708066464567482,0.9974569486500262,0,9,26,16.658
Polarizability,DNGO-Joint,50,26,0,1091,0.167,0.08758391745148875,0.9974338610938907,1,9,27,16.491
Polarizability,DNGO-Joint,50,27,0,1106,0.167,0.06652217069640816,0.9974338610938907,2,9,28,16.324
Polarizability,DNGO-Joint,50,28,1,955,1.0,0.06653769820024662,0.9974338610938907,0,10,28,15.324000000000005
Polarizability,DNGO-Joint,50,29,1,1132,1.0,0.05775580821939015,0.9974338610938907,0,11,28,14.324000000000003
Polarizability,DNGO-Joint,50,30,1,1028,1.0,0.05659320586059463,0.9839480316462541,0,12,28,13.324000000000003
Polarizability,DNGO-Joint,50,31,0,1116,0.167,0.05516130606162853,0.9839480316462541,1,12,29,13.157000000000005
Polarizability,DNGO-Joint,50,32,0,1119,0.167,0.05159548742594345,0.9839480316462541,2,12,30,12.990000000000004
Polarizability,DNGO-Joint,50,33,0,1121,0.167,0.0480845772987821,0.9839480316462541,3,12,31,12.823000000000002
Polarizability,DNGO-Joint,50,34,1,257,1.0,0.05626073755183257,0.9839480316462541,0,13,31,11.823
Polarizability,DNGO-Joint,50,35,0,1123,0.167,0.04154989591355172,0.9826513960341797,1,13,32,11.656
Polarizability,DNGO-Joint,50,36,1,1126,1.0,0.039053956634076244,0.9826513960341797,0,14,32,10.655999999999999
Polarizability,DNGO-Joint,50,37,0,1067,0.167,0.03417576164495488,0.9826776250649268,1,14,33,10.488999999999999
Polarizability,DNGO-Joint,50,38,0,1122,0.167,0.033755420458608444,0.9826776250649268,2,14,34,10.321999999999997
Polarizability,DNGO-Joint,50,39,0,1105,0.167,0.027062293816498672,0.9826776250649268,3,14,35,10.154999999999996
Polarizability,DNGO-Joint,50,40,0,1096,0.167,0.026839567355923837,0.9826776250649268,4,14,36,9.987999999999994
Polarizability,DNGO-Joint,50,41,1,1127,1.0,0.028450672433854282,0.9826776250649268,0,15,36,8.987999999999992
Polarizability,DNGO-Joint,50,42,0,1114,0.167,0.023936021447879038,0.9827172922947415,1,15,37,8.820999999999993
Polarizability,DNGO-Joint,50,43,0,1112,0.167,0.01996539086768373,0.9827172922947415,2,15,38,8.653999999999991
Polarizability,DNGO-Joint,50,44,1,1117,1.0,0.02217991064648086,0.9827172922947415,0,16,38,7.653999999999989
Polarizability,DNGO-Joint,50,45,0,1097,0.167,0.01809299973980743,0.9827606877842641,1,16,39,7.486999999999989
Polarizability,DNGO-Joint,50,46,1,1091,1.0,0.024261365859136824,0.9827606877842641,0,17,39,6.486999999999988
Polarizability,DNGO-Joint,50,47,1,1109,1.0,0.01730819920554981,0.9819283090260313,0,18,39,5.486999999999988
Polarizability,DNGO-Joint,50,48,1,1128,1.0,0.016108312993099838,0.9816401613015119,0,19,39,4.486999999999988
Polarizability,DNGO-Joint,50,49,1,1125,1.0,0.018155374354401753,0.9813211557661098,0,20,39,3.4869999999999877
Polarizability,DNGO-Joint,50,50,0,1090,0.167,0.014417422845259925,0.9813367589813865,1,20,40,3.319999999999988
Polarizability,DNGO-Joint,50,51,0,1025,0.167,0.01413501110158628,0.9813367589813865,2,20,41,3.1529999999999863
Polarizability,DNGO-Joint,50,52,0,1113,0.167,0.013658952909576572,0.9813367589813865,3,20,42,2.9859999999999847
Polarizability,DNGO-Joint,50,53,1,1118,1.0,0.012338517701677057,0.9813367589813865,0,21,42,1.985999999999983
Polarizability,DNGO-Joint,50,54,1,1103,1.0,0.013631715722185696,0.9813386723072265,0,22,42,0.9859999999999829
Polarizability,DNGO-Joint,50,55,0,1031,0.167,0.011818634329054237,0.9811806751904516,1,22,43,0.8189999999999829
Polarizability,DNGO-Joint,50,56,0,1107,0.167,0.010621530249198262,0.9811806751904516,2,22,44,0.6519999999999813
Polarizability,DNGO-Joint,50,57,0,1102,0.167,0.00971713615835545,0.9811806751904516,3,22,45,0.48499999999997967
Polarizability,DNGO-Joint,50,58,0,1104,0.167,0.00845257734759683,0.9811806751904516,4,22,46,0.3179999999999781
Polarizability,DNGO-Joint,50,59,0,1110,0.167,0.00847884990946474,0.9811806751904516,5,22,47,0.15099999999997651
Polarizability,DNGO-Joint,51,1,0,1130,0.167,0.37680505202284176,0.5,1,2,9,26.497
Polarizability,DNGO-Joint,51,2,0,1132,0.167,0.32647292008249273,0.5,2,2,10,26.33
Polarizability,DNGO-Joint,51,3,0,1127,0.167,0.21816627812529882,0.5,3,2,11,26.162999999999997
Polarizability,DNGO-Joint,51,4,0,1129,0.167,0.21548768059641007,0.5,4,2,12,25.996
Polarizability,DNGO-Joint,51,5,0,1040,0.167,0.3124345846152788,0.5,5,2,13,25.829
Polarizability,DNGO-Joint,51,6,0,1126,0.167,0.17499439092257266,0.5,6,2,14,25.662
Polarizability,DNGO-Joint,51,7,0,1128,0.167,0.14210136437198467,0.5,7,2,15,25.494999999999997
Polarizability,DNGO-Joint,51,8,0,1117,0.167,0.15300071885744138,0.5,8,2,16,25.328
Polarizability,DNGO-Joint,51,9,0,257,0.167,0.11006174422134658,0.5,9,2,17,25.161
Polarizability,DNGO-Joint,51,10,0,1125,0.167,0.09545937966005608,0.5,10,2,18,24.994
Polarizability,DNGO-Joint,51,11,1,1129,1.0,0.10567319549396967,0.5,0,3,18,23.994
Polarizability,DNGO-Joint,51,12,1,944,1.0,0.16945323327615816,0.5,0,4,18,22.994
Polarizability,DNGO-Joint,51,13,1,1130,1.0,0.1476233401090875,0.5,0,5,18,21.994
Polarizability,DNGO-Joint,51,14,1,955,1.0,0.14257388290458362,0.9998451454248989,0,6,18,20.994
Polarizability,DNGO-Joint,51,15,0,1103,0.167,0.13513714225062146,0.9998451454248989,1,6,19,20.826999999999998
Polarizability,DNGO-Joint,51,16,0,1120,0.167,0.12964058561773242,0.9998451454248989,2,6,20,20.66
Polarizability,DNGO-Joint,51,17,0,1124,0.167,0.12055444299159518,0.9998451454248989,3,6,21,20.493000000000002
Polarizability,DNGO-Joint,51,18,1,140,1.0,0.09874351161714495,0.9998451454248989,0,7,21,19.493000000000002
Polarizability,DNGO-Joint,51,19,0,1118,0.167,0.090756993945343,0.9998451454248989,1,7,22,19.326
Polarizability,DNGO-Joint,51,20,0,1115,0.167,0.08087089744056948,0.9998451454248989,2,7,23,19.159
Polarizability,DNGO-Joint,51,21,1,1065,1.0,0.07281075001802559,0.9998451454248989,0,8,23,18.159000000000002
Polarizability,DNGO-Joint,51,22,1,1131,1.0,0.06945299657660894,0.9799956951784434,0,9,23,17.159000000000002
Polarizability,DNGO-Joint,51,23,0,1109,0.167,0.07074013834325367,0.9831629385523217,1,9,24,16.992
Polarizability,DNGO-Joint,51,24,0,1108,0.167,0.07448729994138824,0.9831629385523217,2,9,25,16.825000000000003
Polarizability,DNGO-Joint,51,25,1,549,1.0,0.06089636405940535,0.9831629385523217,0,10,25,15.825000000000003
Polarizability,DNGO-Joint,51,26,1,924,1.0,0.07325468349196639,0.9831629385523217,0,11,25,14.825000000000003
Polarizability,DNGO-Joint,51,27,0,1106,0.167,0.05392918879487614,0.9831629385523217,1,11,26,14.658000000000003
Polarizability,DNGO-Joint,51,28,0,1116,0.167,0.0450545978942895,0.9831629385523217,2,11,27,14.491000000000003
Polarizability,DNGO-Joint,51,29,1,1132,1.0,0.04643785432584754,0.9831629385523217,0,12,27,13.491000000000003
Polarizability,DNGO-Joint,51,30,0,1123,0.167,0.04298330853589256,0.9766244529251685,1,12,28,13.324000000000003
Polarizability,DNGO-Joint,51,31,0,1105,0.167,0.042799628515242424,0.9766244529251685,2,12,29,13.157000000000002
Polarizability,DNGO-Joint,51,32,0,1121,0.167,0.044679647820546155,0.9766244529251685,3,12,30,12.99
Polarizability,DNGO-Joint,51,33,0,1091,0.167,0.059086297692400945,0.9766244529251685,4,12,31,12.822999999999999
Polarizability,DNGO-Joint,51,34,1,1126,1.0,0.03455945161678631,0.9766244529251685,0,13,31,11.822999999999997
Polarizability,DNGO-Joint,51,35,0,1119,0.167,0.032255418774069525,0.9765669033244144,1,13,32,11.655999999999997
Polarizability,DNGO-Joint,51,36,1,286,1.0,0.03796629835443592,0.9765669033244144,0,14,32,10.655999999999995
Polarizability,DNGO-Joint,51,37,0,1122,0.167,0.030777452301534582,0.9765669033244144,1,14,33,10.488999999999995
Polarizability,DNGO-Joint,51,38,0,1096,0.167,0.024804298297291933,0.9765669033244144,2,14,34,10.321999999999994
Polarizability,DNGO-Joint,51,39,1,1109,1.0,0.024657493602264803,0.9765669033244144,0,15,34,9.321999999999992
Polarizability,DNGO-Joint,51,40,0,1114,0.167,0.022356591609872294,0.9761772443805219,1,15,35,9.154999999999992
Polarizability,DNGO-Joint,51,41,1,1127,1.0,0.022861155229327447,0.9761772443805219,0,16,35,8.15499999999999
Polarizability,DNGO-Joint,51,42,1,1117,1.0,0.023602468301626635,0.9762369693574119,0,17,35,7.1549999999999905
Polarizability,DNGO-Joint,51,43,0,1028,0.167,0.019459920571927424,0.9763058063060449,1,17,36,6.987999999999991
Polarizability,DNGO-Joint,51,44,0,1112,0.167,0.018168973099119058,0.9763058063060449,2,17,37,6.820999999999989
Polarizability,DNGO-Joint,51,45,0,1097,0.167,0.01662875510840957,0.9763058063060449,3,17,38,6.6539999999999875
Polarizability,DNGO-Joint,51,46,0,1107,0.167,0.01502352507205965,0.9763058063060449,4,17,39,6.486999999999986
Polarizability,DNGO-Joint,51,47,1,1125,1.0,0.01638755514490721,0.9763058063060449,0,18,39,5.486999999999984
Polarizability,DNGO-Joint,51,48,0,1067,0.167,0.01679552800027364,0.976340351101419,1,18,40,5.319999999999984
Polarizability,DNGO-Joint,51,49,1,1128,1.0,0.014351186373717087,0.976340351101419,0,19,40,4.3199999999999825
Polarizability,DNGO-Joint,51,50,1,1103,1.0,0.014866655598211063,0.9758960683718104,0,20,40,3.3199999999999825
Polarizability,DNGO-Joint,51,51,0,1025,0.167,0.012958415842880343,0.9759672078515339,1,20,41,3.1529999999999827
Polarizability,DNGO-Joint,51,52,0,1113,0.167,0.012598331844620827,0.9759672078515339,2,20,42,2.985999999999981
Polarizability,DNGO-Joint,51,53,0,1110,0.167,0.01111559727003493,0.9759672078515339,3,20,43,2.8189999999999795
Polarizability,DNGO-Joint,51,54,0,1102,0.167,0.010932618412174912,0.9759672078515339,4,20,44,2.651999999999978
Polarizability,DNGO-Joint,51,55,1,1091,1.0,0.010502313379084284,0.9759672078515339,0,21,44,1.6519999999999762
Polarizability,DNGO-Joint,51,56,1,1124,1.0,0.01055889948146567,0.9739411182277249,0,22,44,0.6519999999999762
Polarizability,DNGO-Joint,51,57,0,1031,0.167,0.008847895097318904,0.9739315464873314,1,22,45,0.4849999999999761
Polarizability,DNGO-Joint,51,58,0,1104,0.167,0.007914715711629022,0.9739315464873314,2,22,46,0.3179999999999745
Polarizability,DNGO-Joint,51,59,0,1069,0.167,0.006583100297248348,0.9739315464873314,3,22,47,0.15099999999997296
Polarizability,DNGO-Joint,52,1,0,1130,0.167,0.39149940373844194,0.5,1,2,9,26.497
Polarizability,DNGO-Joint,52,2,0,1132,0.167,0.3468299138850736,0.5,2,2,10,26.33
Polarizability,DNGO-Joint,52,3,0,1129,0.167,0.24982091796094164,0.5,3,2,11,26.162999999999997
Polarizability,DNGO-Joint,52,4,0,1127,0.167,0.21923921216741651,0.5,4,2,12,25.996
Polarizability,DNGO-Joint,52,5,0,924,0.167,0.21157047482588062,0.5,5,2,13,25.829
Polarizability,DNGO-Joint,52,6,0,1126,0.167,0.2008389297375623,0.5,6,2,14,25.662
Polarizability,DNGO-Joint,52,7,0,1117,0.167,0.16583238197941488,0.5,7,2,15,25.494999999999997
Polarizability,DNGO-Joint,52,8,0,1128,0.167,0.15817070525051008,0.5,8,2,16,25.328
Polarizability,DNGO-Joint,52,9,0,1125,0.167,0.11622554872733379,0.5,9,2,17,25.161
Polarizability,DNGO-Joint,52,10,0,140,0.167,0.11698638420489715,0.5,10,2,18,24.994
Polarizability,DNGO-Joint,52,11,1,1129,1.0,0.08687232601167494,0.5,0,3,18,23.994
Polarizability,DNGO-Joint,52,12,1,330,1.0,0.18741904895899075,0.5,0,4,18,22.994
Polarizability,DNGO-Joint,52,13,1,944,1.0,0.17086650509256202,0.5,0,5,18,21.994
Polarizability,DNGO-Joint,52,14,1,921,1.0,0.11164681067138972,0.5,0,6,18,20.994
Polarizability,DNGO-Joint,52,15,1,1131,1.0,0.08758563824089338,0.5,0,7,18,19.994
Polarizability,DNGO-Joint,52,16,0,1120,0.167,0.16564347741552704,0.9999833607348355,1,7,19,19.826999999999998
Polarizability,DNGO-Joint,52,17,0,1109,0.167,0.14411787786772115,0.9999833607348355,2,7,20,19.66
Polarizability,DNGO-Joint,52,18,0,1124,0.167,0.1442118241840184,0.9999833607348355,3,7,21,19.493000000000002
Polarizability,DNGO-Joint,52,19,0,1115,0.167,0.12745215987501773,0.9999833607348355,4,7,22,19.326
Polarizability,DNGO-Joint,52,20,0,1103,0.167,0.11465381424215276,0.9999833607348355,5,7,23,19.159
Polarizability,DNGO-Joint,52,21,0,1118,0.167,0.10727605504097115,0.9999833607348355,6,7,24,18.992
Polarizability,DNGO-Joint,52,22,1,300,1.0,0.11663227379180664,0.9999833607348355,0,8,24,17.992000000000004
Polarizability,DNGO-Joint,52,23,0,1108,0.167,0.10125048031925339,0.9999833607348355,1,8,25,17.825000000000003
Polarizability,DNGO-Joint,52,24,0,549,0.167,0.0857820005060455,0.9999833607348355,2,8,26,17.658
Polarizability,DNGO-Joint,52,25,1,955,1.0,0.1301403008137917,0.9999833607348355,0,9,26,16.658
Polarizability,DNGO-Joint,52,26,0,1121,0.167,0.07752541873795049,0.9999833607348355,1,9,27,16.491
Polarizability,DNGO-Joint,52,27,0,1106,0.167,0.06664132925632109,0.9999833607348355,2,9,28,16.324
Polarizability,DNGO-Joint,52,28,0,1116,0.167,0.06282995640910291,0.9999833607348355,3,9,29,16.157000000000004
Polarizability,DNGO-Joint,52,29,0,1123,0.167,0.0558531225760879,0.9999833607348355,4,9,30,15.990000000000004
Polarizability,DNGO-Joint,52,30,0,1119,0.167,0.05171168355387623,0.9999833607348355,5,9,31,15.823000000000004
Polarizability,DNGO-Joint,52,31,1,1130,1.0,0.05107941792374439,0.9999833607348355,0,10,31,14.823000000000004
Polarizability,DNGO-Joint,52,32,1,1065,1.0,0.062100498706677484,0.9998500125629575,0,11,31,13.823000000000004
Polarizability,DNGO-Joint,52,33,1,1132,1.0,0.05400027970925437,0.9831629385523217,0,12,31,12.823000000000004
Polarizability,DNGO-Joint,52,34,0,1105,0.167,0.05020748618771232,0.9766244529251685,1,12,32,12.656000000000004
Polarizability,DNGO-Joint,52,35,1,1126,1.0,0.043445943910531505,0.9766244529251685,0,13,32,11.656000000000002
Polarizability,DNGO-Joint,52,36,0,1122,0.167,0.04145783290462271,0.9765669033244144,1,13,33,11.489000000000003
Polarizability,DNGO-Joint,52,37,0,1112,0.167,0.03429679052459474,0.9765669033244144,2,13,34,11.322000000000001
Polarizability,DNGO-Joint,52,38,1,1127,1.0,0.02974771179117775,0.9765669033244144,0,14,34,10.322
Polarizability,DNGO-Joint,52,39,1,1117,1.0,0.03107977437775844,0.9766020158863339,0,15,34,9.322
Polarizability,DNGO-Joint,52,40,0,1025,0.167,0.030484988175145923,0.9766532055080667,1,15,35,9.155
Polarizability,DNGO-Joint,52,41,0,1091,0.167,0.03749275549841653,0.9766532055080667,2,15,36,8.987999999999998
Polarizability,DNGO-Joint,52,42,0,1028,0.167,0.025911364853134455,0.9766532055080667,3,15,37,8.820999999999996
Polarizability,DNGO-Joint,52,43,1,1040,1.0,0.02823396814053092,0.9766532055080667,0,16,37,7.820999999999994
Polarizability,DNGO-Joint,52,44,0,1113,0.167,0.02288583895086505,0.9766532055080667,1,16,38,7.653999999999995
Polarizability,DNGO-Joint,52,45,0,1114,0.167,0.022353831872953117,0.9766532055080667,2,16,39,7.486999999999993
Polarizability,DNGO-Joint,52,46,0,1096,0.167,0.019061457385748746,0.9766532055080667,3,16,40,7.319999999999991
Polarizability,DNGO-Joint,52,47,0,1090,0.167,0.019086696612927407,0.9766532055080667,4,16,41,7.15299999999999
Polarizability,DNGO-Joint,52,48,1,1128,1.0,0.019714538060862312,0.9766532055080667,0,17,41,6.152999999999988
Polarizability,DNGO-Joint,52,49,0,1107,0.167,0.017614012757671788,0.9761326128526768,1,17,42,5.985999999999988
Polarizability,DNGO-Joint,52,50,1,1125,1.0,0.016778992723280463,0.9761326128526768,0,18,42,4.985999999999986
Polarizability,DNGO-Joint,52,51,0,1110,0.167,0.014016420808327379,0.9761706336941293,1,18,43,4.818999999999987
Polarizability,DNGO-Joint,52,52,0,1067,0.167,0.01419000498576289,0.9761706336941293,2,18,44,4.651999999999985
Polarizability,DNGO-Joint,52,53,1,1124,1.0,0.012994083382621743,0.9761706336941293,0,19,44,3.6519999999999833
Polarizability,DNGO-Joint,52,54,0,1102,0.167,0.014464373578916499,0.9762088868176709,1,19,45,3.4849999999999834
Polarizability,DNGO-Joint,52,55,1,1103,1.0,0.011325126767550948,0.9762088868176709,0,20,45,2.4849999999999817
Polarizability,DNGO-Joint,52,56,1,1118,1.0,0.0118863291327321,0.976233471825855,0,21,45,1.4849999999999817
Polarizability,DNGO-Joint,52,57,0,1104,0.167,0.010417838085136688,0.9762334860839977,1,21,46,1.3179999999999816
Polarizability,DNGO-Joint,52,58,1,1091,1.0,0.012358916131030372,0.9762334860839977,0,22,46,0.3179999999999801
Polarizability,DNGO-Joint,52,59,0,1031,0.167,0.009373330226408814,0.9742622266645902,1,22,47,0.15099999999998007
Polarizability,DNGO-Joint,53,1,1,1131,1.0,0.3450257996021629,0.5,0,3,8,25.664
Polarizability,DNGO-Joint,53,2,0,1130,0.167,0.3479234613652218,0.5,1,3,9,25.497
Polarizability,DNGO-Joint,53,3,0,1133,0.167,0.46599392098934433,0.5,2,3,10,25.33
Polarizability,DNGO-Joint,53,4,0,1132,0.167,0.2713147282785388,0.5,3,3,11,25.162999999999997
Polarizability,DNGO-Joint,53,5,0,1129,0.167,0.35069067638505336,0.5,4,3,12,24.996
Polarizability,DNGO-Joint,53,6,0,140,0.167,0.27877113018642075,0.5,5,3,13,24.829
Polarizability,DNGO-Joint,53,7,0,1040,0.167,0.2642198947847236,0.5,6,3,14,24.662
Polarizability,DNGO-Joint,53,8,0,1126,0.167,0.1756928667483419,0.5,7,3,15,24.494999999999997
Polarizability,DNGO-Joint,53,9,1,944,1.0,0.2541489279521352,0.5,0,4,15,23.495
Polarizability,DNGO-Joint,53,10,1,167,1.0,0.18618667391803317,0.5,0,5,15,22.495
Polarizability,DNGO-Joint,53,11,0,1127,0.167,0.15458568150354357,0.5,1,5,16,22.328
Polarizability,DNGO-Joint,53,12,1,1133,1.0,0.17473243354029522,0.5,0,6,16,21.328000000000003
Polarizability,DNGO-Joint,53,13,0,1128,0.167,0.1306384441190229,0.5,1,6,17,21.161
Polarizability,DNGO-Joint,53,14,0,1117,0.167,0.11899364353436052,0.5,2,6,18,20.994
Polarizability,DNGO-Joint,53,15,1,622,1.0,0.11353505333578018,0.5,0,7,18,19.994
Polarizability,DNGO-Joint,53,16,0,1125,0.167,0.19621069387065093,0.9992470502224178,1,7,19,19.826999999999998
Polarizability,DNGO-Joint,53,17,0,1118,0.167,0.1565180919963292,0.9992470502224178,2,7,20,19.66
Polarizability,DNGO-Joint,53,18,0,1124,0.167,0.15212196659628152,0.9992470502224178,3,7,21,19.493000000000002
Polarizability,DNGO-Joint,53,19,0,1109,0.167,0.1325040020110272,0.9992470502224178,4,7,22,19.326
Polarizability,DNGO-Joint,53,20,0,1103,0.167,0.1385787744159651,0.9992470502224178,5,7,23,19.159
Polarizability,DNGO-Joint,53,21,0,549,0.167,0.13760004703262907,0.9992470502224178,6,7,24,18.992
Polarizability,DNGO-Joint,53,22,0,1115,0.167,0.10930031028940813,0.9992470502224178,7,7,25,18.825000000000003
Polarizability,DNGO-Joint,53,23,0,1120,0.167,0.09585010997678714,0.9992470502224178,8,7,26,18.658
Polarizability,DNGO-Joint,53,24,0,1108,0.167,0.08677462450891675,0.9992470502224178,9,7,27,18.491
Polarizability,DNGO-Joint,53,25,0,1106,0.167,0.07788185926647011,0.9992470502224178,10,7,28,18.324
Polarizability,DNGO-Joint,53,26,1,1129,1.0,0.08685309736095842,0.9992470502224178,0,8,28,17.324000000000005
Polarizability,DNGO-Joint,53,27,0,1091,0.167,0.07591131062553548,0.9991159128671447,1,8,29,17.157000000000004
Polarizability,DNGO-Joint,53,28,1,1130,1.0,0.06525642307002638,0.9991159128671447,0,9,29,16.157000000000004
Polarizability,DNGO-Joint,53,29,0,1116,0.167,0.06230826587960072,0.998924825430616,1,9,30,15.990000000000004
Polarizability,DNGO-Joint,53,30,1,1040,1.0,0.060979407168458316,0.998924825430616,0,10,30,14.990000000000004
Polarizability,DNGO-Joint,53,31,0,1121,0.167,0.05656072880174567,0.9987287085177781,1,10,31,14.823000000000004
Polarizability,DNGO-Joint,53,32,1,921,1.0,0.06512227028759392,0.9987287085177781,0,11,31,13.823000000000004
Polarizability,DNGO-Joint,53,33,1,1065,1.0,0.052744248722202916,0.9988459343017444,0,12,31,12.823000000000004
Polarizability,DNGO-Joint,53,34,0,1123,0.167,0.04923333349639566,0.997750467919293,1,12,32,12.656000000000004
Polarizability,DNGO-Joint,53,35,1,1132,1.0,0.05062344854206575,0.997750467919293,0,13,32,11.656000000000002
Polarizability,DNGO-Joint,53,36,0,1119,0.167,0.049884964120256906,0.989893538611736,1,13,33,11.489000000000003
Polarizability,DNGO-Joint,53,37,0,1096,0.167,0.03947708954783576,0.989893538611736,2,13,34,11.322000000000001
Polarizability,DNGO-Joint,53,38,0,1122,0.167,0.03748149830022661,0.989893538611736,3,13,35,11.155
Polarizability,DNGO-Joint,53,39,0,1105,0.167,0.03202624529208527,0.989893538611736,4,13,36,10.987999999999998
Polarizability,DNGO-Joint,53,40,1,1126,1.0,0.03683640154546151,0.989893538611736,0,14,36,9.987999999999996
Polarizability,DNGO-Joint,53,41,0,1112,0.167,0.027105588157131134,0.9899461852862156,1,14,37,9.820999999999996
Polarizability,DNGO-Joint,53,42,1,1127,1.0,0.022990562151924174,0.9899461852862156,0,15,37,8.820999999999994
Polarizability,DNGO-Joint,53,43,1,1125,1.0,0.02262742182611005,0.99001949602822,0,16,37,7.820999999999994
Polarizability,DNGO-Joint,53,44,1,1117,1.0,0.022825016935074577,0.9900062124123348,0,17,37,6.820999999999994
Polarizability,DNGO-Joint,53,45,0,1114,0.167,0.021444293784636675,0.9900799400834713,1,17,38,6.653999999999995
Polarizability,DNGO-Joint,53,46,0,1025,0.167,0.01960158650848192,0.9900799400834713,2,17,39,6.486999999999993
Polarizability,DNGO-Joint,53,47,0,1067,0.167,0.019811511463262568,0.9900799400834713,3,17,40,6.319999999999991
Polarizability,DNGO-Joint,53,48,1,1128,1.0,0.02159263474290299,0.9900799400834713,0,18,40,5.31999999999999
Polarizability,DNGO-Joint,53,49,0,1097,0.167,0.018176077465852567,0.9898427851777379,1,18,41,5.15299999999999
Polarizability,DNGO-Joint,53,50,0,1107,0.167,0.016900909171415412,0.9898427851777379,2,18,42,4.985999999999988
Polarizability,DNGO-Joint,53,51,0,1090,0.167,0.01665478576137611,0.9898427851777379,3,18,43,4.818999999999987
Polarizability,DNGO-Joint,53,52,0,1031,0.167,0.016182537884256894,0.9898427851777379,4,18,44,4.651999999999985
Polarizability,DNGO-Joint,53,53,0,1113,0.167,0.01416026715605511,0.9898427851777379,5,18,45,4.4849999999999834
Polarizability,DNGO-Joint,53,54,0,1110,0.167,0.01195725329045643,0.9898427851777379,6,18,46,4.317999999999982
Polarizability,DNGO-Joint,53,55,1,1103,1.0,0.014673520748890043,0.9898427851777379,0,19,46,3.31799999999998
Polarizability,DNGO-Joint,53,56,0,1102,0.167,0.01063100005443883,0.9896099935817239,1,19,47,3.1509999999999803
Polarizability,DNGO-Joint,53,57,1,1118,1.0,0.010598438665726524,0.9896099935817239,0,20,47,2.1509999999999785
Polarizability,DNGO-Joint,53,58,1,1109,1.0,0.014382495266310483,0.9896288415756039,0,21,47,1.1509999999999785
Polarizability,DNGO-Joint,53,59,1,1124,1.0,0.010013235233763594,0.989494453787125,0,22,47,0.15099999999997848
Polarizability,DNGO-Joint,54,1,1,1130,1.0,0.19146372806978298,0.5,0,3,8,25.664
Polarizability,DNGO-Joint,54,2,0,140,0.167,0.21472565153201856,0.5,1,3,9,25.497
Polarizability,DNGO-Joint,54,3,0,1132,0.167,0.2506380229588182,0.5,2,3,10,25.33
Polarizability,DNGO-Joint,54,4,0,1121,0.167,0.31189047214840393,0.5,3,3,11,25.162999999999997
Polarizability,DNGO-Joint,54,5,0,1129,0.167,0.3624137633304715,0.5,4,3,12,24.996
Polarizability,DNGO-Joint,54,6,0,1127,0.167,0.24647389028712438,0.5,5,3,13,24.829
Polarizability,DNGO-Joint,54,7,1,1133,1.0,0.18082360260832853,0.5,0,4,13,23.829
Polarizability,DNGO-Joint,54,8,1,1028,1.0,0.24024767765430086,0.5,0,5,13,22.829
Polarizability,DNGO-Joint,54,9,1,71,1.0,0.1634287489859341,0.5,0,6,13,21.829
Polarizability,DNGO-Joint,54,10,0,1126,0.167,0.16787229398541684,0.5,1,6,14,21.662
Polarizability,DNGO-Joint,54,11,0,1128,0.167,0.15848231519899297,0.5,2,6,15,21.494999999999997
Polarizability,DNGO-Joint,54,12,0,1117,0.167,0.13987552756172156,0.5,3,6,16,21.328
Polarizability,DNGO-Joint,54,13,0,1125,0.167,0.09867930280637492,0.5,4,6,17,21.161
Polarizability,DNGO-Joint,54,14,1,754,1.0,0.12237703828761277,0.5,0,7,17,20.161
Polarizability,DNGO-Joint,54,15,1,1065,1.0,0.12376869117154511,0.5,0,8,17,19.161
Polarizability,DNGO-Joint,54,16,0,1115,0.167,0.18063636375475212,0.9992521261128394,1,8,18,18.994
Polarizability,DNGO-Joint,54,17,0,1118,0.167,0.14682342419184763,0.9992521261128394,2,8,19,18.826999999999998
Polarizability,DNGO-Joint,54,18,0,1120,0.167,0.13456516926681025,0.9992521261128394,3,8,20,18.66
Polarizability,DNGO-Joint,54,19,0,1103,0.167,0.12794422740262604,0.9992521261128394,4,8,21,18.493000000000002
Polarizability,DNGO-Joint,54,20,0,1124,0.167,0.11398099342109658,0.9992521261128394,5,8,22,18.326
Polarizability,DNGO-Joint,54,21,0,1109,0.167,0.08682808303357457,0.9992521261128394,6,8,23,18.159
Polarizability,DNGO-Joint,54,22,1,1129,1.0,0.08824320744354411,0.9992521261128394,0,9,23,17.159000000000002
Polarizability,DNGO-Joint,54,23,0,1108,0.167,0.07822737014637594,0.9992891424593001,1,9,24,16.992
Polarizability,DNGO-Joint,54,24,1,921,1.0,0.10141035789575334,0.9992891424593001,0,10,24,15.992000000000004
Polarizability,DNGO-Joint,54,25,0,1116,0.167,0.0677780182899864,0.9987309089930562,1,10,25,15.825000000000003
Polarizability,DNGO-Joint,54,26,0,1119,0.167,0.06657288443744322,0.9987309089930562,2,10,26,15.658000000000003
Polarizability,DNGO-Joint,54,27,0,1091,0.167,0.05857668584053199,0.9987309089930562,3,10,27,15.491000000000003
Polarizability,DNGO-Joint,54,28,1,300,1.0,0.06930745527641412,0.9987309089930562,0,11,27,14.491000000000003
Polarizability,DNGO-Joint,54,29,0,1106,0.167,0.055992917847219735,0.9966966394242008,1,11,28,14.324000000000003
Polarizability,DNGO-Joint,54,30,0,549,0.167,0.05039763359731417,0.9966966394242008,2,11,29,14.157000000000004
Polarizability,DNGO-Joint,54,31,1,1132,1.0,0.05043366519567877,0.9966966394242008,0,12,29,13.157000000000004
Polarizability,DNGO-Joint,54,32,0,1123,0.167,0.05076962971854172,0.9910604596065617,1,12,30,12.990000000000004
Polarizability,DNGO-Joint,54,33,0,1122,0.167,0.04327277886625718,0.9910604596065617,2,12,31,12.823000000000002
Polarizability,DNGO-Joint,54,34,0,330,0.167,0.04665606233348103,0.9910604596065617,3,12,32,12.656
Polarizability,DNGO-Joint,54,35,1,1126,1.0,0.04140780575035363,0.9910604596065617,0,13,32,11.655999999999999
Polarizability,DNGO-Joint,54,36,0,1105,0.167,0.036560489927157644,0.9913553699960204,1,13,33,11.488999999999999
Polarizability,DNGO-Joint,54,37,0,1112,0.167,0.033937315944330644,0.9913553699960204,2,13,34,11.321999999999997
Polarizability,DNGO-Joint,54,38,1,1040,1.0,0.04572944607150266,0.9913553699960204,0,14,34,10.321999999999996
Polarizability,DNGO-Joint,54,39,0,1096,0.167,0.026850698164420077,0.9913553699960204,1,14,35,10.154999999999996
Polarizability,DNGO-Joint,54,40,0,1113,0.167,0.025274104775978315,0.9913553699960204,2,14,36,9.987999999999994
Polarizability,DNGO-Joint,54,41,0,1114,0.167,0.024291850163627417,0.9913553699960204,3,14,37,9.820999999999993
Polarizability,DNGO-Joint,54,42,1,1127,1.0,0.02712848885273275,0.9913553699960204,0,15,37,8.82099999999999
Polarizability,DNGO-Joint,54,43,1,1109,1.0,0.021723131292561454,0.9916050684072623,0,16,37,7.820999999999991
Polarizability,DNGO-Joint,54,44,1,1117,1.0,0.023985584799731202,0.9915384267098651,0,17,37,6.820999999999991
Polarizability,DNGO-Joint,54,45,0,1107,0.167,0.020896639319496747,0.9917245539647878,1,17,38,6.653999999999991
Polarizability,DNGO-Joint,54,46,1,1125,1.0,0.024858183489784844,0.9917245539647878,0,18,38,5.653999999999989
Polarizability,DNGO-Joint,54,47,0,1067,0.167,0.021717763708247465,0.9917627201355248,1,18,39,5.486999999999989
Polarizability,DNGO-Joint,54,48,0,1025,0.167,0.01826509100020103,0.9917627201355248,2,18,40,5.319999999999988
Polarizability,DNGO-Joint,54,49,0,1104,0.167,0.015904951566271266,0.9917627201355248,3,18,41,5.152999999999986
Polarizability,DNGO-Joint,54,50,1,1128,1.0,0.01730152730502412,0.9917627201355248,0,19,41,4.1529999999999845
Polarizability,DNGO-Joint,54,51,1,1103,1.0,0.01540508950550095,0.9916739152223509,0,20,41,3.1529999999999845
Polarizability,DNGO-Joint,54,52,0,1097,0.167,0.014060934744613769,0.991509143499188,1,20,42,2.9859999999999847
Polarizability,DNGO-Joint,54,53,0,1110,0.167,0.013448795191223708,0.991509143499188,2,20,43,2.818999999999983
Polarizability,DNGO-Joint,54,54,0,1090,0.167,0.012311435214623466,0.991509143499188,3,20,44,2.6519999999999815
Polarizability,DNGO-Joint,54,55,0,1031,0.167,0.012928685358325379,0.991509143499188,4,20,45,2.48499999999998
Polarizability,DNGO-Joint,54,56,1,1115,1.0,0.012688926653941841,0.991509143499188,0,21,45,1.4849999999999781
Polarizability,DNGO-Joint,54,57,1,1118,1.0,0.01132631290495932,0.9914106808035426,0,22,45,0.4849999999999781
Polarizability,DNGO-Joint,54,58,0,1111,0.167,0.009704663667797523,0.9914757292682671,1,22,46,0.3179999999999781
Polarizability,DNGO-Joint,54,59,0,1069,0.167,0.009401206203033568,0.9914757292682671,2,22,47,0.15099999999997651
Polarizability,DNGO-Joint,55,1,1,1130,1.0,0.2389759163857538,0.5,0,3,8,25.664
Polarizability,DNGO-Joint,55,2,0,1040,0.167,0.26573686157329374,0.5,1,3,9,25.497
Polarizability,DNGO-Joint,55,3,0,1129,0.167,0.266929244644492,0.5,2,3,10,25.33
Polarizability,DNGO-Joint,55,4,0,1126,0.167,0.18659706385083139,0.5,3,3,11,25.162999999999997
Polarizability,DNGO-Joint,55,5,0,140,0.167,0.26854973682013883,0.5,4,3,12,24.996
Polarizability,DNGO-Joint,55,6,1,944,1.0,0.18947352570359693,0.5,0,4,12,23.996000000000002
Polarizability,DNGO-Joint,55,7,1,167,1.0,0.12209392076605281,0.5,0,5,12,22.996000000000002
Polarizability,DNGO-Joint,55,8,0,1124,0.167,0.1229024705683901,0.5,1,5,13,22.829
Polarizability,DNGO-Joint,55,9,1,1065,1.0,0.1234124995663984,0.5,0,6,13,21.829
Polarizability,DNGO-Joint,55,10,1,1132,1.0,0.09981393033433326,0.5,0,7,13,20.829
Polarizability,DNGO-Joint,55,11,0,1127,0.167,0.11073374061575693,0.5,1,7,14,20.662
Polarizability,DNGO-Joint,55,12,0,1128,0.167,0.1535556699185588,0.5,2,7,15,20.494999999999997
Polarizability,DNGO-Joint,55,13,1,1133,1.0,0.1479532458069815,0.5,0,8,15,19.495
Polarizability,DNGO-Joint,55,14,0,1117,0.167,0.2578775265886035,0.9806096049312797,1,8,16,19.328
Polarizability,DNGO-Joint,55,15,0,1125,0.167,0.20580536158395807,0.9806096049312797,2,8,17,19.161
Polarizability,DNGO-Joint,55,16,0,1118,0.167,0.17637620681790464,0.9806096049312797,3,8,18,18.994
Polarizability,DNGO-Joint,55,17,0,1103,0.167,0.16548612554900669,0.9806096049312797,4,8,19,18.826999999999998
Polarizability,DNGO-Joint,55,18,0,1120,0.167,0.13821934344263828,0.9806096049312797,5,8,20,18.66
Polarizability,DNGO-Joint,55,19,0,1115,0.167,0.1437908891302251,0.9806096049312797,6,8,21,18.493000000000002
Polarizability,DNGO-Joint,55,20,1,1040,1.0,0.10348932571786762,0.9806096049312797,0,9,21,17.493000000000002
Polarizability,DNGO-Joint,55,21,0,1109,0.167,0.10880829057699162,0.9812573706483487,1,9,22,17.326
Polarizability,DNGO-Joint,55,22,1,1129,1.0,0.10653470218105347,0.9812573706483487,0,10,22,16.326
Polarizability,DNGO-Joint,55,23,0,1108,0.167,0.09785751420000714,0.9841515552308104,1,10,23,16.159
Polarizability,DNGO-Joint,55,24,1,921,1.0,0.09633299542875198,0.9841515552308104,0,11,23,15.159000000000002
Polarizability,DNGO-Joint,55,25,0,1106,0.167,0.08524814627953971,0.9851507947086707,1,11,24,14.992000000000003
Polarizability,DNGO-Joint,55,26,0,1119,0.167,0.07738499912559528,0.9851507947086707,2,11,25,14.825000000000003
Polarizability,DNGO-Joint,55,27,1,622,1.0,0.07995962979234356,0.9851507947086707,0,12,25,13.825000000000003
Polarizability,DNGO-Joint,55,28,0,1116,0.167,0.08008253661275672,0.9873646020533123,1,12,26,13.658000000000003
Polarizability,DNGO-Joint,55,29,0,1123,0.167,0.06755998175024999,0.9873646020533123,2,12,27,13.491000000000001
Polarizability,DNGO-Joint,55,30,0,1121,0.167,0.05689169463019514,0.9873646020533123,3,12,28,13.324
Polarizability,DNGO-Joint,55,31,0,1122,0.167,0.048033121781858125,0.9873646020533123,4,12,29,13.156999999999998
Polarizability,DNGO-Joint,55,32,0,1091,0.167,0.062067449472717404,0.9873646020533123,5,12,30,12.989999999999997
Polarizability,DNGO-Joint,55,33,1,1126,1.0,0.04063922368612095,0.9873646020533123,0,13,30,11.989999999999995
Polarizability,DNGO-Joint,55,34,1,1091,1.0,0.0425010564355717,0.9883147400968921,0,14,30,10.989999999999995
Polarizability,DNGO-Joint,55,35,0,1105,0.167,0.034399094833714866,0.9858534001762074,1,14,31,10.822999999999995
Polarizability,DNGO-Joint,55,36,0,1031,0.167,0.03510295143110747,0.9858534001762074,2,14,32,10.655999999999993
Polarizability,DNGO-Joint,55,37,0,1112,0.167,0.03056911653991498,0.9858534001762074,3,14,33,10.488999999999992
Polarizability,DNGO-Joint,55,38,0,1090,0.167,0.03174349804915496,0.9858534001762074,4,14,34,10.32199999999999
Polarizability,DNGO-Joint,55,39,0,1113,0.167,0.026797624742180157,0.9858534001762074,5,14,35,10.154999999999989
Polarizability,DNGO-Joint,55,40,0,1114,0.167,0.023334198508349845,0.9858534001762074,6,14,36,9.987999999999987
Polarizability,DNGO-Joint,55,41,0,1096,0.167,0.03104597512926952,0.9858534001762074,7,14,37,9.820999999999986
Polarizability,DNGO-Joint,55,42,0,1067,0.167,0.02275168395878584,0.9858534001762074,8,14,38,9.653999999999984
Polarizability,DNGO-Joint,55,43,0,1028,0.167,0.02196696800238395,0.9858534001762074,9,14,39,9.486999999999982
Polarizability,DNGO-Joint,55,44,0,1110,0.167,0.020392703720791543,0.9858534001762074,10,14,40,9.31999999999998
Polarizability,DNGO-Joint,55,45,0,1107,0.167,0.020601746100117058,0.9858534001762074,11,14,41,9.15299999999998
Polarizability,DNGO-Joint,55,46,1,1117,1.0,0.01879577109507692,0.9858534001762074,0,15,41,8.152999999999977
Polarizability,DNGO-Joint,55,47,0,1097,0.167,0.0182011503757205,0.9866805414958377,1,15,42,7.985999999999978
Polarizability,DNGO-Joint,55,48,1,1127,1.0,0.018589723462656596,0.9866805414958377,0,16,42,6.985999999999976
Polarizability,DNGO-Joint,55,49,0,1102,0.167,0.015866277022661513,0.9872783377925142,1,16,43,6.818999999999976
Polarizability,DNGO-Joint,55,50,0,1025,0.167,0.015703281795825034,0.9872783377925142,2,16,44,6.651999999999974
Polarizability,DNGO-Joint,55,51,0,1104,0.167,0.014134914091707805,0.9872783377925142,3,16,45,6.484999999999973
Polarizability,DNGO-Joint,55,52,1,1109,1.0,0.012419289398177592,0.9872783377925142,0,17,45,5.484999999999971
Polarizability,DNGO-Joint,55,53,1,1125,1.0,0.014494453874179164,0.9876714707371496,0,18,45,4.484999999999971
Polarizability,DNGO-Joint,55,54,1,1128,1.0,0.011531280524772893,0.9877705746358896,0,19,45,3.484999999999971
Polarizability,DNGO-Joint,55,55,0,1032,0.167,0.012332595161303736,0.9881010302652963,1,19,46,3.317999999999971
Polarizability,DNGO-Joint,55,56,0,1069,0.167,0.010963016209191823,0.9881010302652963,2,19,47,3.1509999999999696
Polarizability,DNGO-Joint,55,57,1,1103,1.0,0.011764292984677044,0.9881010302652963,0,20,47,2.150999999999968
Polarizability,DNGO-Joint,55,58,1,330,1.0,0.0207224757428274,0.9881097263148398,0,21,47,1.1509999999999678
Polarizability,DNGO-Joint,55,59,1,1118,1.0,0.0096032592682853,0.9881097263148398,0,22,47,0.15099999999996783
Polarizability,DNGO-Joint,56,1,1,1130,1.0,0.21067799976912074,0.5,0,3,8,25.664
Polarizability,DNGO-Joint,56,2,0,1115,0.167,0.21948370562136205,0.5,1,3,9,25.497
Polarizability,DNGO-Joint,56,3,0,921,0.167,0.3167097171642539,0.5,2,3,10,25.33
Polarizability,DNGO-Joint,56,4,0,1132,0.167,0.35040441992510307,0.5,3,3,11,25.162999999999997
Polarizability,DNGO-Joint,56,5,0,1127,0.167,0.2888698125273505,0.5,4,3,12,24.996
Polarizability,DNGO-Joint,56,6,1,944,1.0,0.19122931434660864,0.5,0,4,12,23.996000000000002
Polarizability,DNGO-Joint,56,7,0,1040,0.167,0.2061444853736592,0.5,1,4,13,23.829
Polarizability,DNGO-Joint,56,8,0,1129,0.167,0.23314937252740014,0.5,2,4,14,23.662
Polarizability,DNGO-Joint,56,9,0,1128,0.167,0.14375536876457093,0.5,3,4,15,23.494999999999997
Polarizability,DNGO-Joint,56,10,1,549,1.0,0.21273460482581197,0.5,0,5,15,22.495
Polarizability,DNGO-Joint,56,11,0,1117,0.167,0.13383197409110625,0.5,1,5,16,22.328
Polarizability,DNGO-Joint,56,12,1,1129,1.0,0.1321817148078488,0.5,0,6,16,21.328000000000003
Polarizability,DNGO-Joint,56,13,0,1126,0.167,0.13003081726657956,0.5,1,6,17,21.161
Polarizability,DNGO-Joint,56,14,1,1133,1.0,0.12973051434344093,0.5,0,7,17,20.161
Polarizability,DNGO-Joint,56,15,1,257,1.0,0.1021256949138294,0.5,0,8,17,19.161
Polarizability,DNGO-Joint,56,16,0,1125,0.167,0.15558498845808139,0.9967036459970255,1,8,18,18.994
Polarizability,DNGO-Joint,56,17,0,1118,0.167,0.1273766676582264,0.9967036459970255,2,8,19,18.826999999999998
Polarizability,DNGO-Joint,56,18,0,1103,0.167,0.14031731095779304,0.9967036459970255,3,8,20,18.66
Polarizability,DNGO-Joint,56,19,1,622,1.0,0.15072600099560696,0.9967036459970255,0,9,20,17.660000000000004
Polarizability,DNGO-Joint,56,20,0,1120,0.167,0.11786427910623828,0.9962480446421326,1,9,21,17.493000000000002
Polarizability,DNGO-Joint,56,21,0,1124,0.167,0.09767178378517083,0.9962480446421326,2,9,22,17.326
Polarizability,DNGO-Joint,56,22,0,1109,0.167,0.0813124136667044,0.9962480446421326,3,9,23,17.159
Polarizability,DNGO-Joint,56,23,0,1108,0.167,0.06942191640339056,0.9962480446421326,4,9,24,16.992
Polarizability,DNGO-Joint,56,24,0,1091,0.167,0.09620530613400137,0.9962480446421326,5,9,25,16.825000000000003
Polarizability,DNGO-Joint,56,25,1,921,1.0,0.08037294101070486,0.9962480446421326,0,10,25,15.825000000000003
Polarizability,DNGO-Joint,56,26,0,1106,0.167,0.05773589229235171,0.9965771698429664,1,10,26,15.658000000000003
Polarizability,DNGO-Joint,56,27,0,1119,0.167,0.054384025303662896,0.9965771698429664,2,10,27,15.491000000000003
Polarizability,DNGO-Joint,56,28,1,1132,1.0,0.04717029594511399,0.9965771698429664,0,11,27,14.491000000000003
Polarizability,DNGO-Joint,56,29,1,286,1.0,0.06445993042721346,0.9854178695992905,0,12,27,13.491000000000003
Polarizability,DNGO-Joint,56,30,0,1116,0.167,0.05471645293956875,0.9854178695992905,1,12,28,13.324000000000003
Polarizability,DNGO-Joint,56,31,1,1126,1.0,0.044272367560035615,0.9854178695992905,0,13,28,12.324000000000002
Polarizability,DNGO-Joint,56,32,1,1065,1.0,0.0522263834658261,0.9856991216112846,0,14,28,11.324000000000002
Polarizability,DNGO-Joint,56,33,0,1067,0.167,0.040186448865185444,0.9856143537657023,1,14,29,11.157000000000002
Polarizability,DNGO-Joint,56,34,0,1123,0.167,0.04161919403265784,0.9856143537657023,2,14,30,10.99
Polarizability,DNGO-Joint,56,35,0,1105,0.167,0.03844445810754229,0.9856143537657023,3,14,31,10.822999999999999
Polarizability,DNGO-Joint,56,36,0,1121,0.167,0.04355419929284947,0.9856143537657023,4,14,32,10.655999999999997
Polarizability,DNGO-Joint,56,37,0,1096,0.167,0.039738910275477185,0.9856143537657023,5,14,33,10.488999999999995
Polarizability,DNGO-Joint,56,38,0,1122,0.167,0.03256661057165685,0.9856143537657023,6,14,34,10.321999999999994
Polarizability,DNGO-Joint,56,39,0,1112,0.167,0.022141683907315253,0.9856143537657023,7,14,35,10.154999999999992
Polarizability,DNGO-Joint,56,40,1,1127,1.0,0.020959335426866427,0.9856143537657023,0,15,35,9.15499999999999
Polarizability,DNGO-Joint,56,41,1,1125,1.0,0.021494456092396946,0.9859680064506856,0,16,35,8.15499999999999
Polarizability,DNGO-Joint,56,42,1,1117,1.0,0.02128452175110839,0.9860326266437474,0,17,35,7.1549999999999905
Polarizability,DNGO-Joint,56,43,0,1090,0.167,0.019655724497455895,0.9863019949427856,1,17,36,6.987999999999991
Polarizability,DNGO-Joint,56,44,1,1128,1.0,0.017269340910832397,0.9863019949427856,0,18,36,5.987999999999989
Polarizability,DNGO-Joint,56,45,0,1114,0.167,0.017600408320860978,0.9861703527998693,1,18,37,5.820999999999989
Polarizability,DNGO-Joint,56,46,0,1031,0.167,0.017876990747471195,0.9861703527998693,2,18,38,5.6539999999999875
Polarizability,DNGO-Joint,56,47,0,1107,0.167,0.01636072983800456,0.9861703527998693,3,18,39,5.486999999999986
Polarizability,DNGO-Joint,56,48,0,1097,0.167,0.015614773706848991,0.9861703527998693,4,18,40,5.319999999999984
Polarizability,DNGO-Joint,56,49,0,1025,0.167,0.01333021675110285,0.9861703527998693,5,18,41,5.152999999999983
Polarizability,DNGO-Joint,56,50,1,1109,1.0,0.012695226288484976,0.9861703527998693,0,19,41,4.152999999999981
Polarizability,DNGO-Joint,56,51,0,1113,0.167,0.012632604686253773,0.9860886370346218,1,19,42,3.985999999999981
Polarizability,DNGO-Joint,56,52,1,1091,1.0,0.011271357370436025,0.9860886370346218,0,20,42,2.9859999999999793
Polarizability,DNGO-Joint,56,53,1,1103,1.0,0.011711279359447598,0.9851744077349278,0,21,42,1.9859999999999793
Polarizability,DNGO-Joint,56,54,1,1124,1.0,0.00937978168790857,0.9849202850004702,0,22,42,0.9859999999999793
Polarizability,DNGO-Joint,56,55,0,1110,0.167,0.009448232147648075,0.9848984702371005,1,22,43,0.8189999999999793
Polarizability,DNGO-Joint,56,56,0,1104,0.167,0.008268918087324195,0.9848984702371005,2,22,44,0.6519999999999777
Polarizability,DNGO-Joint,56,57,0,1102,0.167,0.0072589606627294365,0.9848984702371005,3,22,45,0.4849999999999761
Polarizability,DNGO-Joint,56,58,0,1069,0.167,0.007052577516529287,0.9848984702371005,4,22,46,0.3179999999999745
Polarizability,DNGO-Joint,56,59,0,1032,0.167,0.0061710948828640165,0.9848984702371005,5,22,47,0.15099999999997296
Polarizability,DNGO-Joint,57,1,1,1129,1.0,0.49669773762479225,0.5,0,3,8,25.664
Polarizability,DNGO-Joint,57,2,0,1126,0.167,0.3200162110510616,0.5,1,3,9,25.497
Polarizability,DNGO-Joint,57,3,0,921,0.167,0.3298024464289131,0.5,2,3,10,25.33
Polarizability,DNGO-Joint,57,4,0,1131,0.167,0.2868089670605455,0.5,3,3,11,25.162999999999997
Polarizability,DNGO-Joint,57,5,0,1130,0.167,0.28290684928710563,0.5,4,3,12,24.996
Polarizability,DNGO-Joint,57,6,0,1132,0.167,0.258486173500113,0.5,5,3,13,24.829
Polarizability,DNGO-Joint,57,7,1,1133,1.0,0.21814823303709174,0.5,0,4,13,23.829
Polarizability,DNGO-Joint,57,8,0,1127,0.167,0.2048827230097932,0.5,1,4,14,23.662
Polarizability,DNGO-Joint,57,9,0,1117,0.167,0.17343873499210286,0.5,2,4,15,23.494999999999997
Polarizability,DNGO-Joint,57,10,1,1131,1.0,0.20470638168719754,0.5,0,5,15,22.495
Polarizability,DNGO-Joint,57,11,0,257,0.167,0.17555723899435693,0.5,1,5,16,22.328
Polarizability,DNGO-Joint,57,12,0,1125,0.167,0.15458386059170148,0.5,2,5,17,22.161
Polarizability,DNGO-Joint,57,13,0,1128,0.167,0.13886830579230297,0.5,3,5,18,21.994
Polarizability,DNGO-Joint,57,14,1,921,1.0,0.1214420112747641,0.5,0,6,18,20.994
Polarizability,DNGO-Joint,57,15,0,1115,0.167,0.22283351520485906,0.9984283833425103,1,6,19,20.826999999999998
Polarizability,DNGO-Joint,57,16,0,1118,0.167,0.17258644642596452,0.9984283833425103,2,6,20,20.66
Polarizability,DNGO-Joint,57,17,0,1124,0.167,0.16193164876994035,0.9984283833425103,3,6,21,20.493000000000002
Polarizability,DNGO-Joint,57,18,0,1103,0.167,0.1371859362347755,0.9984283833425103,4,6,22,20.326
Polarizability,DNGO-Joint,57,19,0,1120,0.167,0.13496698951273625,0.9984283833425103,5,6,23,20.159
Polarizability,DNGO-Joint,57,20,0,1109,0.167,0.11051319744354776,0.9984283833425103,6,6,24,19.992
Polarizability,DNGO-Joint,57,21,0,1121,0.167,0.10357893543576681,0.9984283833425103,7,6,25,19.825000000000003
Polarizability,DNGO-Joint,57,22,0,1108,0.167,0.08860179887331437,0.9984283833425103,8,6,26,19.658
Polarizability,DNGO-Joint,57,23,1,71,1.0,0.1043424838418841,0.9984283833425103,0,7,26,18.658
Polarizability,DNGO-Joint,57,24,0,1091,0.167,0.15544124906378354,0.999329590588917,1,7,27,18.491
Polarizability,DNGO-Joint,57,25,1,1052,1.0,0.14004987066207347,0.999329590588917,0,8,27,17.491000000000003
Polarizability,DNGO-Joint,57,26,0,1123,0.167,0.0908237027943336,0.999329590588917,1,8,28,17.324
Polarizability,DNGO-Joint,57,27,0,1106,0.167,0.07897213924810216,0.999329590588917,2,8,29,17.157000000000004
Polarizability,DNGO-Joint,57,28,0,1122,0.167,0.07190306936086124,0.999329590588917,3,8,30,16.990000000000002
Polarizability,DNGO-Joint,57,29,1,1065,1.0,0.07728467979568508,0.999329590588917,0,9,30,15.990000000000002
Polarizability,DNGO-Joint,57,30,0,1116,0.167,0.06646007587641643,0.9986554599650851,1,9,31,15.823000000000004
Polarizability,DNGO-Joint,57,31,1,300,1.0,0.0832597041053776,0.9986554599650851,0,10,31,14.823000000000004
Polarizability,DNGO-Joint,57,32,0,1105,0.167,0.06089448165870664,0.9967048427203227,1,10,32,14.656000000000004
Polarizability,DNGO-Joint,57,33,0,1119,0.167,0.058558948144246885,0.9967048427203227,2,10,33,14.489000000000004
Polarizability,DNGO-Joint,57,34,1,1130,1.0,0.056905879123416374,0.9967048427203227,0,11,33,13.489000000000004
Polarizability,DNGO-Joint,57,35,1,1132,1.0,0.05118006683491401,0.997152108235141,0,12,33,12.489000000000004
Polarizability,DNGO-Joint,57,36,0,1112,0.167,0.04435666430528546,0.9920929606401312,1,12,34,12.322000000000005
Polarizability,DNGO-Joint,57,37,0,1113,0.167,0.03632562161612619,0.9920929606401312,2,12,35,12.155000000000003
Polarizability,DNGO-Joint,57,38,1,944,1.0,0.06652258597350817,0.9920929606401312,0,13,35,11.155000000000001
Polarizability,DNGO-Joint,57,39,0,1096,0.167,0.03588105642237302,0.9874992274477152,1,13,36,10.988000000000001
Polarizability,DNGO-Joint,57,40,1,1126,1.0,0.0366529502043116,0.9874992274477152,0,14,36,9.988
Polarizability,DNGO-Joint,57,41,0,1025,0.167,0.034592714333579806,0.9879083185232426,1,14,37,9.821
Polarizability,DNGO-Joint,57,42,1,1127,1.0,0.028601442213475152,0.9879083185232426,0,15,37,8.820999999999998
Polarizability,DNGO-Joint,57,43,0,1090,0.167,0.030107187975130803,0.988216513526431,1,15,38,8.653999999999998
Polarizability,DNGO-Joint,57,44,0,1067,0.167,0.0289898836939638,0.988216513526431,2,15,39,8.486999999999997
Polarizability,DNGO-Joint,57,45,1,1117,1.0,0.026707707905053314,0.988216513526431,0,16,39,7.486999999999995
Polarizability,DNGO-Joint,57,46,0,1110,0.167,0.024762840922673026,0.9884741972000196,1,16,40,7.319999999999995
Polarizability,DNGO-Joint,57,47,1,1121,1.0,0.03599179260216617,0.9884741972000196,0,17,40,6.319999999999993
Polarizability,DNGO-Joint,57,48,0,1031,0.167,0.02185604163720093,0.988413333324039,1,17,41,6.152999999999993
Polarizability,DNGO-Joint,57,49,1,1125,1.0,0.019481968464413912,0.988413333324039,0,18,41,5.152999999999992
Polarizability,DNGO-Joint,57,50,1,1115,1.0,0.02075410397964597,0.988485391944993,0,19,41,4.152999999999992
Polarizability,DNGO-Joint,57,51,0,1028,0.167,0.02076211276582888,0.9884495615732942,1,19,42,3.9859999999999918
Polarizability,DNGO-Joint,57,52,0,1114,0.167,0.021428860611582962,0.9884495615732942,2,19,43,3.81899999999999
Polarizability,DNGO-Joint,57,53,0,1107,0.167,0.019364519547251723,0.9884495615732942,3,19,44,3.6519999999999886
Polarizability,DNGO-Joint,57,54,1,1128,1.0,0.01985737523947484,0.9884495615732942,0,20,44,2.651999999999987
Polarizability,DNGO-Joint,57,55,0,1102,0.167,0.017710062210363763,0.988510737251149,1,20,45,2.484999999999987
Polarizability,DNGO-Joint,57,56,0,549,0.167,0.019267911671784495,0.988510737251149,2,20,46,2.3179999999999854
Polarizability,DNGO-Joint,57,57,1,1109,1.0,0.016203562234817663,0.988510737251149,0,21,46,1.3179999999999836
Polarizability,DNGO-Joint,57,58,1,1103,1.0,0.015673367114746095,0.988561703865024,0,22,46,0.31799999999998363
Polarizability,DNGO-Joint,57,59,0,1104,0.167,0.015087258628678397,0.9885157007855218,1,22,47,0.15099999999998362
Polarizability,DNGO-Joint,58,1,0,1130,0.167,0.4007733300058673,0.5,1,2,9,26.497
Polarizability,DNGO-Joint,58,2,0,1132,0.167,0.35659415367991126,0.5,2,2,10,26.33
Polarizability,DNGO-Joint,58,3,0,286,0.167,0.5085583203927598,0.5,3,2,11,26.162999999999997
Polarizability,DNGO-Joint,58,4,0,1129,0.167,0.335037513568025,0.5,4,2,12,25.996
Polarizability,DNGO-Joint,58,5,0,1127,0.167,0.2569061571874388,0.5,5,2,13,25.829
Polarizability,DNGO-Joint,58,6,0,1126,0.167,0.2311842899456553,0.5,6,2,14,25.662
Polarizability,DNGO-Joint,58,7,0,1128,0.167,0.17862414236576363,0.5,7,2,15,25.494999999999997
Polarizability,DNGO-Joint,58,8,0,921,0.167,0.20510292135885178,0.5,8,2,16,25.328
Polarizability,DNGO-Joint,58,9,0,1117,0.167,0.1440549630083915,0.5,9,2,17,25.161
Polarizability,DNGO-Joint,58,10,0,1125,0.167,0.1311779465494735,0.5,10,2,18,24.994
Polarizability,DNGO-Joint,58,11,1,1129,1.0,0.10963371307108737,0.5,0,3,18,23.994
Polarizability,DNGO-Joint,58,12,1,330,1.0,0.12848970981847987,0.5,0,4,18,22.994
Polarizability,DNGO-Joint,58,13,0,1115,0.167,0.11507009011166851,0.5,1,4,19,22.826999999999998
Polarizability,DNGO-Joint,58,14,1,921,1.0,0.11507497149662357,0.5,0,5,19,21.827
Polarizability,DNGO-Joint,58,15,1,1131,1.0,0.1446976766090009,0.5,0,6,19,20.827
Polarizability,DNGO-Joint,58,16,0,1118,0.167,0.17839493174666268,0.9999886369122079,1,6,20,20.66
Polarizability,DNGO-Joint,58,17,0,1103,0.167,0.17823890509061074,0.9999886369122079,2,6,21,20.493000000000002
Polarizability,DNGO-Joint,58,18,0,1109,0.167,0.15933105831754518,0.9999886369122079,3,6,22,20.326
Polarizability,DNGO-Joint,58,19,0,1124,0.167,0.15957554909474098,0.9999886369122079,4,6,23,20.159
Polarizability,DNGO-Joint,58,20,0,1120,0.167,0.12025906398424949,0.9999886369122079,5,6,24,19.992
Polarizability,DNGO-Joint,58,21,0,1091,0.167,0.1271556132360153,0.9999886369122079,6,6,25,19.825000000000003
Polarizability,DNGO-Joint,58,22,0,1108,0.167,0.11640258030338572,0.9999886369122079,7,6,26,19.658
Polarizability,DNGO-Joint,58,23,1,1028,1.0,0.09774880759142139,0.9999886369122079,0,7,26,18.658
Polarizability,DNGO-Joint,58,24,0,1106,0.167,0.08003009849563004,0.9999886369122079,1,7,27,18.491
Polarizability,DNGO-Joint,58,25,0,1121,0.167,0.09151787209141768,0.9999886369122079,2,7,28,18.324
Polarizability,DNGO-Joint,58,26,1,955,1.0,0.11017626534523219,0.9999886369122079,0,8,28,17.324000000000005
Polarizability,DNGO-Joint,58,27,1,1130,1.0,0.06616197545734148,0.9999886369122079,0,9,28,16.324000000000005
Polarizability,DNGO-Joint,58,28,0,1119,0.167,0.07171908392683422,0.9999892422145185,1,9,29,16.157000000000004
Polarizability,DNGO-Joint,58,29,0,1116,0.167,0.06473713373685581,0.9999892422145185,2,9,30,15.990000000000004
Polarizability,DNGO-Joint,58,30,1,1132,1.0,0.06167344199487931,0.9999892422145185,0,10,30,14.990000000000004
Polarizability,DNGO-Joint,58,31,1,257,1.0,0.07506030702486509,0.9802222087891765,0,11,30,13.990000000000004
Polarizability,DNGO-Joint,58,32,0,1122,0.167,0.05405266805560867,0.9802222087891765,1,11,31,13.823000000000002
Polarizability,DNGO-Joint,58,33,1,300,1.0,0.05293074494891156,0.9802222087891765,0,12,31,12.823
Polarizability,DNGO-Joint,58,34,0,1123,0.167,0.05752753803472044,0.9919618871228972,1,12,32,12.656
Polarizability,DNGO-Joint,58,35,0,1112,0.167,0.04592143972212356,0.9919618871228972,2,12,33,12.488999999999999
Polarizability,DNGO-Joint,58,36,1,1065,1.0,0.058248246009376003,0.9919618871228972,0,13,33,11.488999999999997
Polarizability,DNGO-Joint,58,37,1,1126,1.0,0.04083900503936186,0.9904530706060473,0,14,33,10.488999999999997
Polarizability,DNGO-Joint,58,38,0,1105,0.167,0.04337566313794823,0.9902996739028941,1,14,34,10.321999999999997
Polarizability,DNGO-Joint,58,39,0,1114,0.167,0.03505118478830268,0.9902996739028941,2,14,35,10.154999999999996
Polarizability,DNGO-Joint,58,40,0,1096,0.167,0.0471591088370974,0.9902996739028941,3,14,36,9.987999999999994
Polarizability,DNGO-Joint,58,41,1,1117,1.0,0.03610176583730607,0.9902996739028941,0,15,36,8.987999999999992
Polarizability,DNGO-Joint,58,42,0,1025,0.167,0.02920936721874109,0.9903146603328549,1,15,37,8.820999999999993
Polarizability,DNGO-Joint,58,43,0,1107,0.167,0.026566010297397993,0.9903146603328549,2,15,38,8.653999999999991
Polarizability,DNGO-Joint,58,44,1,1127,1.0,0.028113821343981785,0.9903146603328549,0,16,38,7.653999999999989
Polarizability,DNGO-Joint,58,45,0,1090,0.167,0.025358354326475697,0.9903060883706527,1,16,39,7.486999999999989
Polarizability,DNGO-Joint,58,46,1,1103,1.0,0.026654069370297115,0.9903060883706527,0,17,39,6.486999999999988
Polarizability,DNGO-Joint,58,47,0,1113,0.167,0.02270033966211428,0.989900243293471,1,17,40,6.319999999999988
Polarizability,DNGO-Joint,58,48,1,1128,1.0,0.020166764061837435,0.989900243293471,0,18,40,5.319999999999986
Polarizability,DNGO-Joint,58,49,0,1031,0.167,0.02055153572835521,0.9894824519552162,1,18,41,5.152999999999986
Polarizability,DNGO-Joint,58,50,0,1067,0.167,0.02640839496343165,0.9894824519552162,2,18,42,4.985999999999985
Polarizability,DNGO-Joint,58,51,1,1109,1.0,0.01886456517281044,0.9894824519552162,0,19,42,3.985999999999983
Polarizability,DNGO-Joint,58,52,0,1097,0.167,0.017508324897692846,0.989226039722056,1,19,43,3.818999999999983
Polarizability,DNGO-Joint,58,53,1,1125,1.0,0.017031713144677843,0.989226039722056,0,20,43,2.8189999999999813
Polarizability,DNGO-Joint,58,54,1,1115,1.0,0.017178029311842757,0.989222993299766,0,21,43,1.8189999999999813
Polarizability,DNGO-Joint,58,55,1,1118,1.0,0.016955960454607802,0.9891219889751293,0,22,43,0.8189999999999813
Polarizability,DNGO-Joint,58,56,0,1104,0.167,0.01454670235467713,0.9891497048727358,1,22,44,0.6519999999999813
Polarizability,DNGO-Joint,58,57,0,1110,0.167,0.014596639157925622,0.9891497048727358,2,22,45,0.48499999999997967
Polarizability,DNGO-Joint,58,58,0,1102,0.167,0.013200857382880505,0.9891497048727358,3,22,46,0.3179999999999781
Polarizability,DNGO-Joint,58,59,0,1032,0.167,0.01104597377850342,0.9891497048727358,4,22,47,0.15099999999997651
Polarizability,DNGO-Joint,59,1,1,1131,1.0,0.41510856978078225,0.5,0,3,8,25.664
Polarizability,DNGO-Joint,59,2,0,1040,0.167,0.34164810797000944,0.5,1,3,9,25.497
Polarizability,DNGO-Joint,59,3,0,1129,0.167,0.457740447738178,0.5,2,3,10,25.33
Polarizability,DNGO-Joint,59,4,0,1130,0.167,0.26715586160007293,0.5,3,3,11,25.162999999999997
Polarizability,DNGO-Joint,59,5,0,1132,0.167,0.2601075649641995,0.5,4,3,12,24.996
Polarizability,DNGO-Joint,59,6,0,1117,0.167,0.24437165783199058,0.5,5,3,13,24.829
Polarizability,DNGO-Joint,59,7,1,1028,1.0,0.19554110029421262,0.5,0,4,13,23.829
Polarizability,DNGO-Joint,59,8,0,1126,0.167,0.17759609468131135,0.5,1,4,14,23.662
Polarizability,DNGO-Joint,59,9,0,1127,0.167,0.14125609969931088,0.5,2,4,15,23.494999999999997
Polarizability,DNGO-Joint,59,10,1,1133,1.0,0.15702591512107217,0.5,0,5,15,22.495
Polarizability,DNGO-Joint,59,11,0,257,0.167,0.14153556841092035,0.5,1,5,16,22.328
Polarizability,DNGO-Joint,59,12,0,1128,0.167,0.12550474480770427,0.5,2,5,17,22.161
Polarizability,DNGO-Joint,59,13,1,1129,1.0,0.09888259479742746,0.5,0,6,17,21.161
Polarizability,DNGO-Joint,59,14,0,1125,0.167,0.19766691420490579,0.997961125346705,1,6,18,20.994
Polarizability,DNGO-Joint,59,15,0,1103,0.167,0.16468513952509742,0.997961125346705,2,6,19,20.826999999999998
Polarizability,DNGO-Joint,59,16,0,1118,0.167,0.14431085618299566,0.997961125346705,3,6,20,20.66
Polarizability,DNGO-Joint,59,17,0,1124,0.167,0.13473731723904644,0.997961125346705,4,6,21,20.493000000000002
Polarizability,DNGO-Joint,59,18,0,1109,0.167,0.11403149359263003,0.997961125346705,5,6,22,20.326
Polarizability,DNGO-Joint,59,19,0,924,0.167,0.18270367151514633,0.997961125346705,6,6,23,20.159
Polarizability,DNGO-Joint,59,20,1,1065,1.0,0.10396028260426302,0.997961125346705,0,7,23,19.159000000000002
Polarizability,DNGO-Joint,59,21,0,1115,0.167,0.1134000247053302,0.9994028650573129,1,7,24,18.992
Polarizability,DNGO-Joint,59,22,0,1120,0.167,0.08591007341479424,0.9994028650573129,2,7,25,18.825000000000003
Polarizability,DNGO-Joint,59,23,0,1108,0.167,0.08034586798602013,0.9994028650573129,3,7,26,18.658
Polarizability,DNGO-Joint,59,24,0,1091,0.167,0.06937439827631614,0.9994028650573129,4,7,27,18.491
Polarizability,DNGO-Joint,59,25,1,955,1.0,0.08921832820757433,0.9994028650573129,0,8,27,17.491000000000003
Polarizability,DNGO-Joint,59,26,1,1130,1.0,0.06623106750593075,0.9994028650573129,0,9,27,16.491000000000003
Polarizability,DNGO-Joint,59,27,0,1106,0.167,0.06430942540751468,0.9990895756228274,1,9,28,16.324
Polarizability,DNGO-Joint,59,28,0,1116,0.167,0.054145010729511486,0.9990895756228274,2,9,29,16.157000000000004
Polarizability,DNGO-Joint,59,29,0,1121,0.167,0.05512309870884982,0.9990895756228274,3,9,30,15.990000000000004
Polarizability,DNGO-Joint,59,30,1,257,1.0,0.06771805161146716,0.9990895756228274,0,10,30,14.990000000000004
Polarizability,DNGO-Joint,59,31,0,1119,0.167,0.04503566455028375,0.9918766856393177,1,10,31,14.823000000000004
Polarizability,DNGO-Joint,59,32,0,1123,0.167,0.04298904879839413,0.9918766856393177,2,10,32,14.656000000000004
Polarizability,DNGO-Joint,59,33,1,1132,1.0,0.048490118506191573,0.9918766856393177,0,11,32,13.656000000000004
Polarizability,DNGO-Joint,59,34,1,1126,1.0,0.03805631650124049,0.9780168303788034,0,12,32,12.656000000000006
Polarizability,DNGO-Joint,59,35,1,549,1.0,0.058787251807649585,0.9779476709452736,0,13,32,11.656000000000006
Polarizability,DNGO-Joint,59,36,0,1096,0.167,0.032923974757178245,0.9779476709452736,1,13,33,11.489000000000006
Polarizability,DNGO-Joint,59,37,0,1105,0.167,0.034864609488296616,0.9779476709452736,2,13,34,11.322000000000005
Polarizability,DNGO-Joint,59,38,0,1122,0.167,0.03377222241051112,0.9779476709452736,3,13,35,11.155000000000003
Polarizability,DNGO-Joint,59,39,1,1127,1.0,0.02674207961545704,0.9779476709452736,0,14,35,10.155000000000001
Polarizability,DNGO-Joint,59,40,1,1117,1.0,0.023997453041127603,0.9779394547561703,0,15,35,9.155000000000001
Polarizability,DNGO-Joint,59,41,0,1114,0.167,0.020639780640204868,0.9779369610279229,1,15,36,8.988000000000001
Polarizability,DNGO-Joint,59,42,0,1112,0.167,0.019379175807431412,0.9779369610279229,2,15,37,8.821
Polarizability,DNGO-Joint,59,43,1,1128,1.0,0.019815966107232685,0.9779369610279229,0,16,37,7.820999999999998
Polarizability,DNGO-Joint,59,44,0,1090,0.167,0.01931925525430992,0.9775185661683928,1,16,38,7.653999999999998
Polarizability,DNGO-Joint,59,45,0,1097,0.167,0.017189629590274955,0.9775185661683928,2,16,39,7.4869999999999965
Polarizability,DNGO-Joint,59,46,1,1125,1.0,0.021937943658413186,0.9775185661683928,0,17,39,6.486999999999995
Polarizability,DNGO-Joint,59,47,0,1107,0.167,0.014690052895819003,0.9777026198577198,1,17,40,6.319999999999995
Polarizability,DNGO-Joint,59,48,1,1115,1.0,0.01451442266426814,0.9777026198577198,0,18,40,5.319999999999993
Polarizability,DNGO-Joint,59,49,1,1118,1.0,0.012997869349547497,0.9781272783059485,0,19,40,4.319999999999993
Polarizability,DNGO-Joint,59,50,0,1113,0.167,0.012592658030612451,0.9781364237146781,1,19,41,4.152999999999993
Polarizability,DNGO-Joint,59,51,1,1091,1.0,0.015067480958975123,0.9781364237146781,0,20,41,3.1529999999999916
Polarizability,DNGO-Joint,59,52,0,1025,0.167,0.011787348802118791,0.9773698273005428,1,20,42,2.9859999999999918
Polarizability,DNGO-Joint,59,53,0,1031,0.167,0.01021545527437654,0.9773698273005428,2,20,43,2.81899999999999
Polarizability,DNGO-Joint,59,54,1,1124,1.0,0.010518373251936053,0.9773698273005428,0,21,43,1.8189999999999884
Polarizability,DNGO-Joint,59,55,1,1109,1.0,0.01237190767354748,0.9773883612581625,0,22,43,0.8189999999999884
Polarizability,DNGO-Joint,59,56,0,1067,0.167,0.009550486217098694,0.977118688503946,1,22,44,0.6519999999999884
Polarizability,DNGO-Joint,59,57,0,1104,0.167,0.008229555569290895,0.977118688503946,2,22,45,0.4849999999999868
Polarizability,DNGO-Joint,59,58,0,1102,0.167,0.009011348332037691,0.977118688503946,3,22,46,0.3179999999999852
Polarizability,DNGO-Joint,59,59,0,1110,0.167,0.007479986174543166,0.977118688503946,4,22,47,0.15099999999998362
Polarizability,DNGO-Joint,60,1,1,1133,1.0,0.40404298313558445,0.5,0,3,8,25.664
Polarizability,DNGO-Joint,60,2,0,1130,0.167,0.3224961125760966,0.5,1,3,9,25.497
Polarizability,DNGO-Joint,60,3,0,1132,0.167,0.28420411191834416,0.5,2,3,10,25.33
Polarizability,DNGO-Joint,60,4,0,1129,0.167,0.283668561410447,0.5,3,3,11,25.162999999999997
Polarizability,DNGO-Joint,60,5,0,1126,0.167,0.23320996862179194,0.5,4,3,12,24.996
Polarizability,DNGO-Joint,60,6,0,1127,0.167,0.2133655985922486,0.5,5,3,13,24.829
Polarizability,DNGO-Joint,60,7,0,924,0.167,0.26360974204581317,0.5,6,3,14,24.662
Polarizability,DNGO-Joint,60,8,1,944,1.0,0.21081122905622457,0.5,0,4,14,23.662
Polarizability,DNGO-Joint,60,9,1,1131,1.0,0.1849042860825878,0.5,0,5,14,22.662
Polarizability,DNGO-Joint,60,10,0,1121,0.167,0.33383484660750923,0.9965686049387992,1,5,15,22.494999999999997
Polarizability,DNGO-Joint,60,11,0,1117,0.167,0.3218567286659408,0.9965686049387992,2,5,16,22.328
Polarizability,DNGO-Joint,60,12,0,1128,0.167,0.2518082328550083,0.9965686049387992,3,5,17,22.161
Polarizability,DNGO-Joint,60,13,0,1125,0.167,0.19974157642672474,0.9965686049387992,4,5,18,21.994
Polarizability,DNGO-Joint,60,14,0,257,0.167,0.21824063192612864,0.9965686049387992,5,5,19,21.826999999999998
Polarizability,DNGO-Joint,60,15,0,1103,0.167,0.14941616486650094,0.9965686049387992,6,5,20,21.66
Polarizability,DNGO-Joint,60,16,0,1124,0.167,0.13784095657094655,0.9965686049387992,7,5,21,21.493000000000002
Polarizability,DNGO-Joint,60,17,0,1118,0.167,0.13462715149824783,0.9965686049387992,8,5,22,21.326
Polarizability,DNGO-Joint,60,18,0,1115,0.167,0.11446296913683343,0.9965686049387992,9,5,23,21.159
Polarizability,DNGO-Joint,60,19,1,1129,1.0,0.10968728368689216,0.9965686049387992,0,6,23,20.159000000000002
Polarizability,DNGO-Joint,60,20,0,1120,0.167,0.10276645493231652,0.9951303991941616,1,6,24,19.992
Polarizability,DNGO-Joint,60,21,0,1109,0.167,0.08417969023611847,0.9951303991941616,2,6,25,19.825000000000003
Polarizability,DNGO-Joint,60,22,1,300,1.0,0.07947290717430959,0.9951303991941616,0,7,25,18.825000000000003
Polarizability,DNGO-Joint,60,23,0,1108,0.167,0.08761428647048515,0.9953032157320941,1,7,26,18.658
Polarizability,DNGO-Joint,60,24,1,257,1.0,0.06946746108059548,0.9953032157320941,0,8,26,17.658
Polarizability,DNGO-Joint,60,25,0,1091,0.167,0.07038915086868994,0.9955554946605253,1,8,27,17.491
Polarizability,DNGO-Joint,60,26,1,955,1.0,0.0860020464469289,0.9955554946605253,0,9,27,16.491000000000003
Polarizability,DNGO-Joint,60,27,0,1106,0.167,0.05963317737356392,0.9955554946605253,1,9,28,16.324
Polarizability,DNGO-Joint,60,28,0,549,0.167,0.0595960579340894,0.9955554946605253,2,9,29,16.157000000000004
Polarizability,DNGO-Joint,60,29,1,1130,1.0,0.058309911751971824,0.9955554946605253,0,10,29,15.157000000000004
Polarizability,DNGO-Joint,60,30,0,1119,0.167,0.05158263514821884,0.9958384743211601,1,10,30,14.990000000000004
Polarizability,DNGO-Joint,60,31,0,1116,0.167,0.05392197461425137,0.9958384743211601,2,10,31,14.823000000000004
Polarizability,DNGO-Joint,60,32,0,1123,0.167,0.047775726068918264,0.9958384743211601,3,10,32,14.656000000000004
Polarizability,DNGO-Joint,60,33,1,1132,1.0,0.04830454127204992,0.9958384743211601,0,11,32,13.656000000000004
Polarizability,DNGO-Joint,60,34,1,1065,1.0,0.05855115792864328,0.9880024137125553,0,12,32,12.656000000000006
Polarizability,DNGO-Joint,60,35,0,1028,0.167,0.04353710359781897,0.9843281040675951,1,12,33,12.489000000000006
Polarizability,DNGO-Joint,60,36,0,1122,0.167,0.043111735848879625,0.9843281040675951,2,12,34,12.322000000000005
Polarizability,DNGO-Joint,60,37,1,1126,1.0,0.036811468925682975,0.9843281040675951,0,13,34,11.322000000000003
Polarizability,DNGO-Joint,60,38,0,1105,0.167,0.036284679173291305,0.9845492160271695,1,13,35,11.155000000000003
Polarizability,DNGO-Joint,60,39,0,1112,0.167,0.03170520050720087,0.9845492160271695,2,13,36,10.988000000000001
Polarizability,DNGO-Joint,60,40,1,1117,1.0,0.02947760854449575,0.9845492160271695,0,14,36,9.988
Polarizability,DNGO-Joint,60,41,0,1096,0.167,0.02838977321944869,0.9847045491698146,1,14,37,9.821
Polarizability,DNGO-Joint,60,42,1,1127,1.0,0.025912870234996513,0.9847045491698146,0,15,37,8.820999999999998
Polarizability,DNGO-Joint,60,43,1,1091,1.0,0.03188235011248694,0.9848223224529985,0,16,37,7.820999999999998
Polarizability,DNGO-Joint,60,44,1,1128,1.0,0.02106788731977601,0.9833405313232185,0,17,37,6.820999999999998
Polarizability,DNGO-Joint,60,45,0,1031,0.167,0.02057750723651889,0.983302942598239,1,17,38,6.653999999999998
Polarizability,DNGO-Joint,60,46,0,1114,0.167,0.019078900394179057,0.983302942598239,2,17,39,6.4869999999999965
Polarizability,DNGO-Joint,60,47,1,1103,1.0,0.020079498040145083,0.983302942598239,0,18,39,5.486999999999995
Polarizability,DNGO-Joint,60,48,0,1107,0.167,0.017979429179888567,0.983261372286581,1,18,40,5.319999999999995
Polarizability,DNGO-Joint,60,49,0,1097,0.167,0.019239164747503066,0.983261372286581,2,18,41,5.152999999999993
Polarizability,DNGO-Joint,60,50,0,1113,0.167,0.014986961491089273,0.983261372286581,3,18,42,4.985999999999992
Polarizability,DNGO-Joint,60,51,0,1067,0.167,0.015336920499300492,0.983261372286581,4,18,43,4.81899999999999
Polarizability,DNGO-Joint,60,52,1,1125,1.0,0.014652388277741027,0.983261372286581,0,19,43,3.8189999999999884
Polarizability,DNGO-Joint,60,53,0,1104,0.167,0.013072612411806964,0.9832470242405646,1,19,44,3.6519999999999886
Polarizability,DNGO-Joint,60,54,1,1109,1.0,0.012833055472055724,0.9832470242405646,0,20,44,2.651999999999987
Polarizability,DNGO-Joint,60,55,1,1124,1.0,0.01178436045959209,0.9832361545777905,0,21,44,1.6519999999999868
Polarizability,DNGO-Joint,60,56,0,1025,0.167,0.010867754922569372,0.9832379988572364,1,21,45,1.4849999999999868
Polarizability,DNGO-Joint,60,57,0,1110,0.167,0.010685091596708293,0.9832379988572364,2,21,46,1.3179999999999852
Polarizability,DNGO-Joint,60,58,1,1118,1.0,0.011474548275639679,0.9832379988572364,0,22,46,0.31799999999998363
Polarizability,DNGO-Joint,60,59,0,1102,0.167,0.008828724919579185,0.9832535494802787,1,22,47,0.15099999999998362
Polarizability,DNGO-Joint,61,1,1,1133,1.0,0.4371953126787998,0.5,0,3,8,25.664
Polarizability,DNGO-Joint,61,2,0,924,0.167,0.31647967357744866,0.5,1,3,9,25.497
Polarizability,DNGO-Joint,61,3,0,1130,0.167,0.3034261611579319,0.5,2,3,10,25.33
Polarizability,DNGO-Joint,61,4,0,1129,0.167,0.29381545263745557,0.5,3,3,11,25.162999999999997
Polarizability,DNGO-Joint,61,5,0,1132,0.167,0.2829052174446246,0.5,4,3,12,24.996
Polarizability,DNGO-Joint,61,6,0,1128,0.167,0.22303275940853207,0.5,5,3,13,24.829
Polarizability,DNGO-Joint,61,7,0,1126,0.167,0.1881793513748598,0.5,6,3,14,24.662
Polarizability,DNGO-Joint,61,8,1,1131,1.0,0.1782235647464262,0.5,0,4,14,23.662
Polarizability,DNGO-Joint,61,9,1,944,1.0,0.18067718311687503,0.5,0,5,14,22.662
Polarizability,DNGO-Joint,61,10,0,1127,0.167,0.29756953621292503,0.9965686049387992,1,5,15,22.494999999999997
Polarizability,DNGO-Joint,61,11,0,1125,0.167,0.21701575576962928,0.9965686049387992,2,5,16,22.328
Polarizability,DNGO-Joint,61,12,0,1117,0.167,0.3082925847474597,0.9965686049387992,3,5,17,22.161
Polarizability,DNGO-Joint,61,13,0,1118,0.167,0.1775409876288486,0.9965686049387992,4,5,18,21.994
Polarizability,DNGO-Joint,61,14,0,257,0.167,0.21926994698410987,0.9965686049387992,5,5,19,21.826999999999998
Polarizability,DNGO-Joint,61,15,0,1109,0.167,0.15770653183131536,0.9965686049387992,6,5,20,21.66
Polarizability,DNGO-Joint,61,16,1,300,1.0,0.15473799658250548,0.9965686049387992,0,6,20,20.660000000000004
Polarizability,DNGO-Joint,61,17,0,1115,0.167,0.16116944017594956,0.9965686049387992,1,6,21,20.493000000000002
Polarizability,DNGO-Joint,61,18,0,1103,0.167,0.13463326973780668,0.9965686049387992,2,6,22,20.326
Polarizability,DNGO-Joint,61,19,0,1124,0.167,0.12052752330552365,0.9965686049387992,3,6,23,20.159
Polarizability,DNGO-Joint,61,20,0,1121,0.167,0.12788909341754937,0.9965686049387992,4,6,24,19.992
Polarizability,DNGO-Joint,61,21,0,1120,0.167,0.09195681121587888,0.9965686049387992,5,6,25,19.825000000000003
Polarizability,DNGO-Joint,61,22,1,1129,1.0,0.10863165820799082,0.9965686049387992,0,7,25,18.825000000000003
Polarizability,DNGO-Joint,61,23,1,622,1.0,0.08517475501565668,0.9951303991941616,0,8,25,17.825000000000003
Polarizability,DNGO-Joint,61,24,0,1108,0.167,0.0784331266189143,0.9910448680415668,1,8,26,17.658
Polarizability,DNGO-Joint,61,25,0,1091,0.167,0.07342369190261262,0.9910448680415668,2,8,27,17.491
Polarizability,DNGO-Joint,61,26,1,257,1.0,0.09629959731026295,0.9910448680415668,0,9,27,16.491000000000003
Polarizability,DNGO-Joint,61,27,0,1106,0.167,0.061605276683632595,0.9911775091657589,1,9,28,16.324
Polarizability,DNGO-Joint,61,28,1,1065,1.0,0.0625995459577595,0.9911775091657589,0,10,28,15.324000000000005
Polarizability,DNGO-Joint,61,29,1,1130,1.0,0.06004323702645525,0.9872587405310557,0,11,28,14.324000000000003
Polarizability,DNGO-Joint,61,30,0,1116,0.167,0.05220777446669257,0.9887621245360475,1,11,29,14.157000000000004
Polarizability,DNGO-Joint,61,31,1,1126,1.0,0.050314820138675054,0.9887621245360475,0,12,29,13.157000000000004
Polarizability,DNGO-Joint,61,32,0,1119,0.167,0.04827577625430216,0.9888920637573909,1,12,30,12.990000000000004
Polarizability,DNGO-Joint,61,33,1,1132,1.0,0.052039288109064975,0.9888920637573909,0,13,30,11.990000000000002
Polarizability,DNGO-Joint,61,34,0,1123,0.167,0.044463690548856835,0.9825669158677552,1,13,31,11.823000000000002
Polarizability,DNGO-Joint,61,35,0,1096,0.167,0.0432266137500835,0.9825669158677552,2,13,32,11.656
Polarizability,DNGO-Joint,61,36,0,1122,0.167,0.03786708005654236,0.9825669158677552,3,13,33,11.488999999999999
Polarizability,DNGO-Joint,61,37,0,1112,0.167,0.030464629401181446,0.9825669158677552,4,13,34,11.321999999999997
Polarizability,DNGO-Joint,61,38,0,1105,0.167,0.028306064048468287,0.9825669158677552,5,13,35,11.154999999999996
Polarizability,DNGO-Joint,61,39,1,1127,1.0,0.030675343803120966,0.9825669158677552,0,14,35,10.154999999999994
Polarizability,DNGO-Joint,61,40,0,1031,0.167,0.02195132955139386,0.9827355250027706,1,14,36,9.987999999999994
Polarizability,DNGO-Joint,61,41,0,1114,0.167,0.022231239832663095,0.9827355250027706,2,14,37,9.820999999999993
Polarizability,DNGO-Joint,61,42,0,1028,0.167,0.02243538166464396,0.9827355250027706,3,14,38,9.653999999999991
Polarizability,DNGO-Joint,61,43,1,1115,1.0,0.025129936507336005,0.9827355250027706,0,15,38,8.65399999999999
Polarizability,DNGO-Joint,61,44,1,1117,1.0,0.022543903262056166,0.9827354148438552,0,16,38,7.653999999999989
Polarizability,DNGO-Joint,61,45,0,1097,0.167,0.019537316085827063,0.9828930272369016,1,16,39,7.486999999999989
Polarizability,DNGO-Joint,61,46,1,1125,1.0,0.017253050576122392,0.9828930272369016,0,17,39,6.486999999999988
Polarizability,DNGO-Joint,61,47,0,1107,0.167,0.016571145804034012,0.9828829412378299,1,17,40,6.319999999999988
Polarizability,DNGO-Joint,61,48,0,1067,0.167,0.020481696886833857,0.9828829412378299,2,17,41,6.152999999999986
Polarizability,DNGO-Joint,61,49,1,1128,1.0,0.018893507590805235,0.9828829412378299,0,18,41,5.1529999999999845
Polarizability,DNGO-Joint,61,50,1,1109,1.0,0.015652622164623355,0.9828582435306373,0,19,41,4.1529999999999845
Polarizability,DNGO-Joint,61,51,0,1113,0.167,0.01502163585069702,0.982848414123513,1,19,42,3.9859999999999847
Polarizability,DNGO-Joint,61,52,0,1090,0.167,0.014192226771763497,0.982848414123513,2,19,43,3.818999999999983
Polarizability,DNGO-Joint,61,53,0,1025,0.167,0.015044515607054044,0.982848414123513,3,19,44,3.6519999999999815
Polarizability,DNGO-Joint,61,54,1,1103,1.0,0.011801036472693531,0.982848414123513,0,20,44,2.6519999999999797
Polarizability,DNGO-Joint,61,55,0,1110,0.167,0.011826592090215195,0.9828158117355236,1,20,45,2.48499999999998
Polarizability,DNGO-Joint,61,56,1,1040,1.0,0.015202822503100927,0.9828158117355236,0,21,45,1.4849999999999781
Polarizability,DNGO-Joint,61,57,1,1124,1.0,0.011018565929336976,0.9828158117355236,0,22,45,0.4849999999999781
Polarizability,DNGO-Joint,61,58,0,1104,0.167,0.008464435271519416,0.9828155928016035,1,22,46,0.3179999999999781
Polarizability,DNGO-Joint,61,59,0,1102,0.167,0.007995349654175496,0.9828155928016035,2,22,47,0.15099999999997651
