benchmark,model,seed,step,fidelity_chosen,candidate_idx,cost,score_max,alpha,consecutive_lf_count,n_hf_so_far,n_lf_so_far,remaining_budget
Branin-Fav,DNGO-Joint,42,1,0,39,0.1,150.28970781349344,0.5,1,2,26,45.4
Branin-Fav,DNGO-Joint,42,2,0,1850,0.1,122.55056945357128,0.5,2,2,27,45.3
Branin-Fav,DNGO-Joint,42,3,0,49,0.1,110.80721217080986,0.5,3,2,28,45.199999999999996
Branin-Fav,DNGO-Joint,42,4,0,99,0.1,108.94409583105241,0.5,4,2,29,45.1
Branin-Fav,DNGO-Joint,42,5,0,48,0.1,109.72221812222311,0.5,5,2,30,45.0
Branin-Fav,DNGO-Joint,42,6,0,46,0.1,108.01870037999211,0.5,6,2,31,44.9
Branin-Fav,DNGO-Joint,42,7,0,47,0.1,106.38324398448768,0.5,7,2,32,44.800000000000004
Branin-Fav,DNGO-Joint,42,8,0,45,0.1,104.70894741440142,0.5,8,2,33,44.7
Branin-Fav,DNGO-Joint,42,9,0,43,0.1,104.8698807228077,0.5,9,2,34,44.6
Branin-Fav,DNGO-Joint,42,10,0,98,0.1,102.42324507260837,0.5,10,2,35,44.5
Branin-Fav,DNGO-Joint,42,11,0,149,0.1,103.6508462738828,0.5,11,2,36,44.4
Branin-Fav,DNGO-Joint,42,12,0,148,0.1,101.05662476581412,0.5,12,2,37,44.300000000000004
Branin-Fav,DNGO-Joint,42,13,0,97,0.1,99.78830121866707,0.5,13,2,38,44.2
Branin-Fav,DNGO-Joint,42,14,0,199,0.1,99.6645261210319,0.5,14,2,39,44.1
Branin-Fav,DNGO-Joint,42,15,0,249,0.1,100.71798779095404,0.5,15,2,40,44.00000000000001
Branin-Fav,DNGO-Joint,42,16,0,198,0.1,97.50994045132717,0.5,16,2,41,43.900000000000006
Branin-Fav,DNGO-Joint,42,17,0,299,0.1,99.9350783152989,0.5,17,2,42,43.800000000000004
Branin-Fav,DNGO-Joint,42,18,0,147,0.1,96.03552165946759,0.5,18,2,43,43.7
Branin-Fav,DNGO-Joint,42,19,0,248,0.1,94.20327861158054,0.5,19,2,44,43.6
Branin-Fav,DNGO-Joint,42,20,0,349,0.1,93.93500183394607,0.5,20,2,45,43.50000000000001
Branin-Fav,DNGO-Joint,42,21,1,2450,1.0,37.16318262150219,0.5,0,3,45,42.50000000000001
Branin-Fav,DNGO-Joint,42,22,0,298,0.1,91.93943143185444,0.5,1,3,46,42.400000000000006
Branin-Fav,DNGO-Joint,42,23,0,399,0.1,94.44054855102574,0.5,2,3,47,42.300000000000004
Branin-Fav,DNGO-Joint,42,24,0,348,0.1,90.81991767245725,0.5,3,3,48,42.20000000000001
Branin-Fav,DNGO-Joint,42,25,0,96,0.1,91.30371005038872,0.5,4,3,49,42.10000000000001
Branin-Fav,DNGO-Joint,42,26,0,197,0.1,90.10363900295361,0.5,5,3,50,42.00000000000001
Branin-Fav,DNGO-Joint,42,27,0,449,0.1,87.70695581308037,0.5,6,3,51,41.900000000000006
Branin-Fav,DNGO-Joint,42,28,0,499,0.1,88.43996632085397,0.5,7,3,52,41.800000000000004
Branin-Fav,DNGO-Joint,42,29,0,146,0.1,86.94353610287133,0.5,8,3,53,41.70000000000001
Branin-Fav,DNGO-Joint,42,30,0,247,0.1,86.25611351248979,0.5,9,3,54,41.60000000000001
Branin-Fav,DNGO-Joint,42,31,0,95,0.1,85.16045890565931,0.5,10,3,55,41.50000000000001
Branin-Fav,DNGO-Joint,42,32,0,196,0.1,83.9647539292343,0.5,11,3,56,41.40000000000001
Branin-Fav,DNGO-Joint,42,33,0,297,0.1,82.88774632951029,0.5,12,3,57,41.30000000000001
Branin-Fav,DNGO-Joint,42,34,0,145,0.1,83.25532904890687,0.5,13,3,58,41.20000000000001
Branin-Fav,DNGO-Joint,42,35,0,398,0.1,83.51690548244373,0.5,14,3,59,41.10000000000001
Branin-Fav,DNGO-Joint,42,36,0,347,0.1,81.97997504985703,0.5,15,3,60,41.00000000000001
Branin-Fav,DNGO-Joint,42,37,0,549,0.1,81.11805543763015,0.5,16,3,61,40.90000000000001
Branin-Fav,DNGO-Joint,42,38,0,246,0.1,81.23366380894227,0.5,17,3,62,40.80000000000001
Branin-Fav,DNGO-Joint,42,39,0,448,0.1,79.80093016076762,0.5,18,3,63,40.70000000000001
Branin-Fav,DNGO-Joint,42,40,0,195,0.1,79.32645122008847,0.5,19,3,64,40.600000000000016
Branin-Fav,DNGO-Joint,42,41,0,44,0.1,79.56090916945189,0.5,20,3,65,40.500000000000014
Branin-Fav,DNGO-Joint,42,42,1,0,1.0,41.55044789848988,0.5,0,4,65,39.500000000000014
Branin-Fav,DNGO-Joint,42,43,0,296,0.1,102.83143980595914,0.5,1,4,66,39.40000000000001
Branin-Fav,DNGO-Joint,42,44,0,245,0.1,101.82899800228046,0.5,2,4,67,39.30000000000001
Branin-Fav,DNGO-Joint,42,45,0,94,0.1,101.32294050084363,0.5,3,4,68,39.20000000000001
Branin-Fav,DNGO-Joint,42,46,0,346,0.1,101.22024780073619,0.5,4,4,69,39.100000000000016
Branin-Fav,DNGO-Joint,42,47,0,31,0.1,99.59795561817859,0.5,5,4,70,39.000000000000014
Branin-Fav,DNGO-Joint,42,48,0,498,0.1,97.57324960227196,0.5,6,4,71,38.90000000000001
Branin-Fav,DNGO-Joint,42,49,0,397,0.1,96.43956923419393,0.5,7,4,72,38.80000000000002
Branin-Fav,DNGO-Joint,42,50,0,144,0.1,99.18678531527566,0.5,8,4,73,38.70000000000002
Branin-Fav,DNGO-Joint,42,51,0,295,0.1,97.47064846111509,0.5,9,4,74,38.600000000000016
Branin-Fav,DNGO-Joint,42,52,0,93,0.1,96.6571034519811,0.5,10,4,75,38.500000000000014
Branin-Fav,DNGO-Joint,42,53,0,194,0.1,95.22856978557158,0.5,11,4,76,38.40000000000001
Branin-Fav,DNGO-Joint,42,54,0,447,0.1,94.38811923006237,0.5,12,4,77,38.30000000000002
Branin-Fav,DNGO-Joint,42,55,0,30,0.1,95.33195032602798,0.5,13,4,78,38.20000000000002
Branin-Fav,DNGO-Joint,42,56,0,396,0.1,92.55491496790732,0.5,14,4,79,38.100000000000016
Branin-Fav,DNGO-Joint,42,57,0,345,0.1,91.29695906291708,0.5,15,4,80,38.00000000000002
Branin-Fav,DNGO-Joint,42,58,0,42,0.1,92.76470260996534,0.5,16,4,81,37.90000000000002
Branin-Fav,DNGO-Joint,42,59,0,244,0.1,91.14690290216586,0.5,17,4,82,37.80000000000002
Branin-Fav,DNGO-Joint,42,60,0,143,0.1,89.74448532728964,0.5,18,4,83,37.70000000000002
Branin-Fav,DNGO-Joint,42,61,0,599,0.1,87.91144209027084,0.5,19,4,84,37.600000000000016
Branin-Fav,DNGO-Joint,42,62,0,294,0.1,86.46630189777692,0.5,20,4,85,37.50000000000002
Branin-Fav,DNGO-Joint,42,63,1,949,1.0,39.567221792752164,0.5,0,5,85,36.50000000000002
Branin-Fav,DNGO-Joint,42,64,0,243,0.1,88.10700316366872,0.5,1,5,86,36.40000000000002
Branin-Fav,DNGO-Joint,42,65,0,344,0.1,87.1792143583585,0.5,2,5,87,36.30000000000002
Branin-Fav,DNGO-Joint,42,66,0,193,0.1,84.61270603841567,0.5,3,5,88,36.200000000000024
Branin-Fav,DNGO-Joint,42,67,0,33,0.1,86.82902631015381,0.5,4,5,89,36.10000000000002
Branin-Fav,DNGO-Joint,42,68,0,548,0.1,85.05893876990172,0.5,5,5,90,36.00000000000002
Branin-Fav,DNGO-Joint,42,69,0,446,0.1,83.50693631642919,0.5,6,5,91,35.90000000000002
Branin-Fav,DNGO-Joint,42,70,0,497,0.1,82.85508014467945,0.5,7,5,92,35.80000000000002
Branin-Fav,DNGO-Joint,42,71,0,395,0.1,81.34159931486583,0.5,8,5,93,35.700000000000024
Branin-Fav,DNGO-Joint,42,72,0,41,0.1,81.95765060824006,0.5,9,5,94,35.60000000000002
Branin-Fav,DNGO-Joint,42,73,0,496,0.1,81.05307450085895,0.5,10,5,95,35.50000000000002
Branin-Fav,DNGO-Joint,42,74,0,547,0.1,79.42703728537789,0.5,11,5,96,35.40000000000003
Branin-Fav,DNGO-Joint,42,75,0,445,0.1,79.32528597443692,0.5,12,5,97,35.300000000000026
Branin-Fav,DNGO-Joint,42,76,0,92,0.1,78.56666732216885,0.5,13,5,98,35.200000000000024
Branin-Fav,DNGO-Joint,42,77,0,649,0.1,78.3314129252208,0.5,14,5,99,35.10000000000002
Branin-Fav,DNGO-Joint,42,78,0,293,0.1,76.39308938219436,0.5,15,5,100,35.00000000000002
Branin-Fav,DNGO-Joint,42,79,0,394,0.1,77.41582849580303,0.5,16,5,101,34.90000000000003
Branin-Fav,DNGO-Joint,42,80,0,598,0.1,76.3775846845548,0.5,17,5,102,34.800000000000026
Branin-Fav,DNGO-Joint,42,81,0,142,0.1,75.28995130809793,0.5,18,5,103,34.700000000000024
Branin-Fav,DNGO-Joint,42,82,0,495,0.1,72.55209396126449,0.5,19,5,104,34.60000000000003
Branin-Fav,DNGO-Joint,42,83,0,597,0.1,74.5819444343951,0.5,20,5,105,34.50000000000003
Branin-Fav,DNGO-Joint,42,84,1,2463,1.0,22.21181262893469,0.5,0,6,105,33.50000000000003
Branin-Fav,DNGO-Joint,42,85,0,343,0.1,72.5675555345928,0.5,1,6,106,33.40000000000003
Branin-Fav,DNGO-Joint,42,86,0,192,0.1,72.12796910493485,0.5,2,6,107,33.300000000000026
Branin-Fav,DNGO-Joint,42,87,0,91,0.1,71.6532587184556,0.5,3,6,108,33.200000000000024
Branin-Fav,DNGO-Joint,42,88,0,32,0.1,71.91854310823014,0.5,4,6,109,33.10000000000002
Branin-Fav,DNGO-Joint,42,89,0,648,0.1,71.57193711920465,0.5,5,6,110,33.00000000000002
Branin-Fav,DNGO-Joint,42,90,0,393,0.1,68.95568656015094,0.5,6,6,111,32.90000000000002
Branin-Fav,DNGO-Joint,42,91,0,699,0.1,69.70596660947756,0.5,7,6,112,32.80000000000002
Branin-Fav,DNGO-Joint,42,92,0,545,0.1,68.12073238533647,0.5,8,6,113,32.70000000000002
Branin-Fav,DNGO-Joint,42,93,0,494,0.1,69.15653912621751,0.5,9,6,114,32.600000000000016
Branin-Fav,DNGO-Joint,42,94,0,596,0.1,67.65861458377027,0.5,10,6,115,32.500000000000014
Branin-Fav,DNGO-Joint,42,95,0,528,0.1,71.22637477589045,0.5,11,6,116,32.40000000000001
Branin-Fav,DNGO-Joint,42,96,0,40,0.1,67.78564458896841,0.5,12,6,117,32.30000000000001
Branin-Fav,DNGO-Joint,42,97,0,647,0.1,64.8262402283046,0.5,13,6,118,32.20000000000001
Branin-Fav,DNGO-Joint,42,98,0,242,0.1,65.68457894965917,0.5,14,6,119,32.10000000000001
Branin-Fav,DNGO-Joint,42,99,0,81,0.1,65.17740817346184,0.5,15,6,120,32.00000000000001
Branin-Fav,DNGO-Joint,42,100,0,29,0.1,65.18733490073672,0.5,16,6,121,31.900000000000006
Branin-Fav,DNGO-Joint,42,101,0,280,0.1,66.75835632490602,0.5,17,6,122,31.800000000000004
Branin-Fav,DNGO-Joint,42,102,0,443,0.1,64.80689557314307,0.5,18,6,123,31.700000000000003
Branin-Fav,DNGO-Joint,42,103,0,479,0.1,70.77539969813331,0.5,19,6,124,31.6
Branin-Fav,DNGO-Joint,42,104,0,382,0.1,65.18027867535261,0.5,20,6,125,31.5
Branin-Fav,DNGO-Joint,42,105,1,749,1.0,16.61715884896541,0.5,0,7,125,30.5
Branin-Fav,DNGO-Joint,42,106,0,332,0.1,63.597751807273205,0.5,1,7,126,30.4
Branin-Fav,DNGO-Joint,42,107,0,80,0.1,62.865570375437414,0.5,2,7,127,30.299999999999997
Branin-Fav,DNGO-Joint,42,108,0,281,0.1,64.80387809441432,0.5,3,7,128,30.199999999999996
Branin-Fav,DNGO-Joint,42,109,0,129,0.1,65.6337714191601,0.5,4,7,129,30.099999999999994
Branin-Fav,DNGO-Joint,42,110,0,529,0.1,67.84193031824877,0.5,5,7,130,29.999999999999993
Branin-Fav,DNGO-Joint,42,111,0,478,0.1,66.49866687308318,0.5,6,7,131,29.89999999999999
Branin-Fav,DNGO-Joint,42,112,0,627,0.1,69.68023877376382,0.5,7,7,132,29.79999999999999
Branin-Fav,DNGO-Joint,42,113,0,480,0.1,66.13294288462266,0.5,8,7,133,29.69999999999999
Branin-Fav,DNGO-Joint,42,114,0,578,0.1,68.17911161115434,0.5,9,7,134,29.599999999999987
Branin-Fav,DNGO-Joint,42,115,0,428,0.1,66.38817671560484,0.5,10,7,135,29.499999999999986
Branin-Fav,DNGO-Joint,42,116,0,577,0.1,72.67825441727177,0.5,11,7,136,29.399999999999984
Branin-Fav,DNGO-Joint,42,117,0,527,0.1,69.7862708082449,0.5,12,7,137,29.299999999999983
Branin-Fav,DNGO-Joint,42,118,0,477,0.1,69.72811263443977,0.5,13,7,138,29.19999999999998
Branin-Fav,DNGO-Joint,42,119,0,429,0.1,68.64180663177378,0.5,14,7,139,29.09999999999998
Branin-Fav,DNGO-Joint,42,120,0,378,0.1,70.11169968976607,0.5,15,7,140,28.99999999999998
Branin-Fav,DNGO-Joint,42,121,0,626,0.1,70.4441917010945,0.5,16,7,141,28.899999999999977
Branin-Fav,DNGO-Joint,42,122,0,628,0.1,70.309530066077,0.5,17,7,142,28.799999999999976
Branin-Fav,DNGO-Joint,42,123,0,677,0.1,70.57125697180898,0.5,18,7,143,28.699999999999974
Branin-Fav,DNGO-Joint,42,124,0,427,0.1,68.70241401451125,0.5,19,7,144,28.599999999999973
Branin-Fav,DNGO-Joint,42,125,0,576,0.1,68.34312497691772,0.5,20,7,145,28.49999999999997
Branin-Fav,DNGO-Joint,42,126,1,999,1.0,17.883803883779215,0.5,0,8,145,27.49999999999997
Branin-Fav,DNGO-Joint,42,127,0,676,0.1,69.84038225048434,0.5,1,8,146,27.39999999999997
Branin-Fav,DNGO-Joint,42,128,0,377,0.1,69.10007031299511,0.5,2,8,147,27.29999999999997
Branin-Fav,DNGO-Joint,42,129,0,526,0.1,70.87205411673126,0.5,3,8,148,27.199999999999967
Branin-Fav,DNGO-Joint,42,130,0,476,0.1,69.69317263123756,0.5,4,8,149,27.099999999999966
Branin-Fav,DNGO-Joint,42,131,0,579,0.1,69.3803845256167,0.5,5,8,150,26.999999999999964
Branin-Fav,DNGO-Joint,42,132,0,625,0.1,70.28775817561447,0.5,6,8,151,26.899999999999963
Branin-Fav,DNGO-Joint,42,133,0,426,0.1,68.66138195817425,0.5,7,8,152,26.79999999999996
Branin-Fav,DNGO-Joint,42,134,0,675,0.1,68.63998068916496,0.5,8,8,153,26.69999999999996
Branin-Fav,DNGO-Joint,42,135,0,575,0.1,68.40938427314008,0.5,9,8,154,26.59999999999996
Branin-Fav,DNGO-Joint,42,136,0,678,0.1,69.75781111912228,0.5,10,8,155,26.499999999999957
Branin-Fav,DNGO-Joint,42,137,0,525,0.1,67.38147686697556,0.5,11,8,156,26.399999999999956
Branin-Fav,DNGO-Joint,42,138,0,26,0.1,69.66930607919707,0.5,12,8,157,26.299999999999955
Branin-Fav,DNGO-Joint,42,139,0,726,0.1,67.23116810747847,0.5,13,8,158,26.199999999999953
Branin-Fav,DNGO-Joint,42,140,0,725,0.1,68.30615768346789,0.5,14,8,159,26.09999999999995
Branin-Fav,DNGO-Joint,42,141,0,724,0.1,69.75010245346705,0.5,15,8,160,25.99999999999995
Branin-Fav,DNGO-Joint,42,142,0,327,0.1,65.49790386518335,0.5,16,8,161,25.89999999999995
Branin-Fav,DNGO-Joint,42,143,0,376,0.1,66.51287400935128,0.5,17,8,162,25.799999999999947
Branin-Fav,DNGO-Joint,42,144,0,277,0.1,67.09581830938002,0.5,18,8,163,25.699999999999946
Branin-Fav,DNGO-Joint,42,145,0,674,0.1,66.18687032426283,0.5,19,8,164,25.599999999999945
Branin-Fav,DNGO-Joint,42,146,0,475,0.1,65.46413961133233,0.5,20,8,165,25.499999999999943
Branin-Fav,DNGO-Joint,42,147,1,799,1.0,14.24818808067701,0.5,0,9,165,24.499999999999943
Branin-Fav,DNGO-Joint,42,148,0,326,0.1,66.63052664718595,0.5,1,9,166,24.39999999999994
Branin-Fav,DNGO-Joint,42,149,0,624,0.1,64.69564454598196,0.5,2,9,167,24.29999999999994
Branin-Fav,DNGO-Joint,42,150,0,328,0.1,65.63715936010101,0.5,3,9,168,24.19999999999994
Branin-Fav,DNGO-Joint,42,151,0,278,0.1,65.14538203757881,0.5,4,9,169,24.099999999999937
Branin-Fav,DNGO-Joint,42,152,0,425,0.1,66.11186316827876,0.5,5,9,170,23.999999999999936
Branin-Fav,DNGO-Joint,42,153,0,276,0.1,64.83858549622065,0.5,6,9,171,23.899999999999935
Branin-Fav,DNGO-Joint,42,154,0,227,0.1,65.96896891949037,0.5,7,9,172,23.799999999999933
Branin-Fav,DNGO-Joint,42,155,0,379,0.1,63.618534952105534,0.5,8,9,173,23.699999999999932
Branin-Fav,DNGO-Joint,42,156,0,375,0.1,63.72569593232822,0.5,9,9,174,23.59999999999993
Branin-Fav,DNGO-Joint,42,157,0,574,0.1,65.57309153075867,0.5,10,9,175,23.49999999999993
Branin-Fav,DNGO-Joint,42,158,0,177,0.1,64.60436526964367,0.5,11,9,176,23.399999999999928
Branin-Fav,DNGO-Joint,42,159,0,27,0.1,66.29582300614285,0.5,12,9,177,23.299999999999926
Branin-Fav,DNGO-Joint,42,160,0,524,0.1,63.53883062906044,0.5,13,9,178,23.199999999999925
Branin-Fav,DNGO-Joint,42,161,0,329,0.1,61.996010891917365,0.5,14,9,179,23.099999999999923
Branin-Fav,DNGO-Joint,42,162,0,77,0.1,63.658142226136576,0.5,15,9,180,22.999999999999922
Branin-Fav,DNGO-Joint,42,163,0,226,0.1,62.73076660215978,0.5,16,9,181,22.89999999999992
Branin-Fav,DNGO-Joint,42,164,0,228,0.1,61.72939900289272,0.5,17,9,182,22.79999999999992
Branin-Fav,DNGO-Joint,42,165,0,127,0.1,62.46303479454962,0.5,18,9,183,22.699999999999918
Branin-Fav,DNGO-Joint,42,166,0,727,0.1,63.53581190176238,0.5,19,9,184,22.599999999999916
Branin-Fav,DNGO-Joint,42,167,0,325,0.1,61.466013201639036,0.5,20,9,185,22.499999999999915
Branin-Fav,DNGO-Joint,42,168,1,2499,1.0,16.688892306040803,0.5,0,10,185,21.499999999999915
Branin-Fav,DNGO-Joint,42,169,0,176,0.1,65.38744476150175,0.5,1,10,186,21.399999999999913
Branin-Fav,DNGO-Joint,42,170,0,76,0.1,65.80154536459838,0.5,2,10,187,21.299999999999912
Branin-Fav,DNGO-Joint,42,171,0,279,0.1,63.03679463507352,0.5,3,10,188,21.19999999999991
Branin-Fav,DNGO-Joint,42,172,0,178,0.1,63.10842087275695,0.5,4,10,189,21.09999999999991
Branin-Fav,DNGO-Joint,42,173,0,629,0.1,62.53047485242244,0.5,5,10,190,20.999999999999908
Branin-Fav,DNGO-Joint,42,174,0,474,0.1,64.2789502719388,0.5,6,10,191,20.899999999999906
Branin-Fav,DNGO-Joint,42,175,0,275,0.1,62.11474476684282,0.5,7,10,192,20.799999999999905
Branin-Fav,DNGO-Joint,42,176,0,28,0.1,62.50460938423308,0.5,8,10,193,20.699999999999903
Branin-Fav,DNGO-Joint,42,177,0,775,0.1,61.91575984818217,0.5,9,10,194,20.599999999999902
Branin-Fav,DNGO-Joint,42,178,0,126,0.1,62.70196384146734,0.5,10,10,195,20.4999999999999
Branin-Fav,DNGO-Joint,42,179,0,128,0.1,62.27040137966148,0.5,11,10,196,20.3999999999999
Branin-Fav,DNGO-Joint,42,180,0,25,0.1,62.99688885448026,0.5,12,10,197,20.299999999999898
Branin-Fav,DNGO-Joint,42,181,0,78,0.1,62.92432559963762,0.5,13,10,198,20.199999999999896
Branin-Fav,DNGO-Joint,42,182,0,776,0.1,60.50705532971255,0.5,14,10,199,20.099999999999895
Branin-Fav,DNGO-Joint,42,183,0,728,0.1,60.47120376423071,0.5,15,10,200,19.999999999999893
Branin-Fav,DNGO-Joint,42,184,0,75,0.1,60.49660097742085,0.5,16,10,201,19.899999999999892
Branin-Fav,DNGO-Joint,42,185,0,225,0.1,59.28561078630218,0.5,17,10,202,19.79999999999989
Branin-Fav,DNGO-Joint,42,186,0,175,0.1,59.611435013320246,0.5,18,10,203,19.69999999999989
Branin-Fav,DNGO-Joint,42,187,0,774,0.1,58.37362484001966,0.5,19,10,204,19.599999999999888
Branin-Fav,DNGO-Joint,42,188,0,229,0.1,58.906733560001186,0.5,20,10,205,19.499999999999886
Branin-Fav,DNGO-Joint,42,189,1,549,1.0,19.440774958456572,0.5,0,11,205,18.499999999999886
Branin-Fav,DNGO-Joint,42,190,0,424,0.1,58.851351999568465,0.5,1,11,206,18.399999999999885
Branin-Fav,DNGO-Joint,42,191,0,179,0.1,57.60656751562807,0.5,2,11,207,18.299999999999883
Branin-Fav,DNGO-Joint,42,192,0,125,0.1,58.315538168806114,0.5,3,11,208,18.199999999999882
Branin-Fav,DNGO-Joint,42,193,0,374,0.1,58.47406824095089,0.5,4,11,209,18.09999999999988
Branin-Fav,DNGO-Joint,42,194,0,673,0.1,59.21465942759431,0.5,5,11,210,17.99999999999988
Branin-Fav,DNGO-Joint,42,195,0,623,0.1,55.21880184651804,0.5,6,11,211,17.899999999999878
Branin-Fav,DNGO-Joint,42,196,0,723,0.1,56.038903083648194,0.5,7,11,212,17.799999999999876
Branin-Fav,DNGO-Joint,42,197,0,380,0.1,56.27120494557097,0.5,8,11,213,17.699999999999875
Branin-Fav,DNGO-Joint,42,198,0,777,0.1,56.301773793053066,0.5,9,11,214,17.599999999999874
Branin-Fav,DNGO-Joint,42,199,0,324,0.1,54.897149426548474,0.5,10,11,215,17.499999999999872
Branin-Fav,DNGO-Joint,42,200,0,573,0.1,54.94898674434682,0.5,11,11,216,17.39999999999987
Branin-Fav,DNGO-Joint,42,201,0,679,0.1,55.694152264736495,0.5,12,11,217,17.29999999999987
Branin-Fav,DNGO-Joint,42,202,0,330,0.1,57.71172146826947,0.5,13,11,218,17.199999999999868
Branin-Fav,DNGO-Joint,42,203,0,430,0.1,54.242579344126526,0.5,14,11,219,17.099999999999866
Branin-Fav,DNGO-Joint,42,204,0,523,0.1,54.05164549107294,0.5,15,11,220,16.999999999999865
Branin-Fav,DNGO-Joint,42,205,0,274,0.1,54.16045312752228,0.5,16,11,221,16.899999999999864
Branin-Fav,DNGO-Joint,42,206,0,773,0.1,55.11226896204653,0.5,17,11,222,16.799999999999862
Branin-Fav,DNGO-Joint,42,207,0,825,0.1,53.39239666231611,0.5,18,11,223,16.69999999999986
Branin-Fav,DNGO-Joint,42,208,0,230,0.1,52.44893646487872,0.5,19,11,224,16.59999999999986
Branin-Fav,DNGO-Joint,42,209,0,24,0.1,53.56327772151013,0.5,20,11,225,16.499999999999858
Branin-Fav,DNGO-Joint,42,210,1,349,1.0,23.444820557151008,0.5,0,12,225,15.499999999999858
Branin-Fav,DNGO-Joint,42,211,0,824,0.1,52.26943771993921,0.5,1,12,226,15.399999999999858
Branin-Fav,DNGO-Joint,42,212,0,180,0.1,52.26192132932597,0.5,2,12,227,15.299999999999857
Branin-Fav,DNGO-Joint,42,213,0,130,0.1,50.66146511529551,0.5,3,12,228,15.199999999999855
Branin-Fav,DNGO-Joint,42,214,0,224,0.1,50.634828041545184,0.5,4,12,229,15.099999999999854
Branin-Fav,DNGO-Joint,42,215,0,530,0.1,50.842080308011276,0.5,5,12,230,14.999999999999853
Branin-Fav,DNGO-Joint,42,216,0,826,0.1,51.29717357213999,0.5,6,12,231,14.899999999999851
Branin-Fav,DNGO-Joint,42,217,0,473,0.1,50.575519694920715,0.5,7,12,232,14.79999999999985
Branin-Fav,DNGO-Joint,42,218,0,580,0.1,50.58779465733546,0.5,8,12,233,14.699999999999848
Branin-Fav,DNGO-Joint,42,219,0,74,0.1,50.430893369075655,0.5,9,12,234,14.599999999999847
Branin-Fav,DNGO-Joint,42,220,0,174,0.1,49.11633881360598,0.5,10,12,235,14.499999999999845
Branin-Fav,DNGO-Joint,42,221,0,423,0.1,48.92265722878315,0.5,11,12,236,14.399999999999844
Branin-Fav,DNGO-Joint,42,222,0,823,0.1,48.4551712238924,0.5,12,12,237,14.299999999999843
Branin-Fav,DNGO-Joint,42,223,0,373,0.1,49.49242074964527,0.5,13,12,238,14.199999999999841
Branin-Fav,DNGO-Joint,42,224,0,124,0.1,48.56348493970058,0.5,14,12,239,14.09999999999984
Branin-Fav,DNGO-Joint,42,225,0,722,0.1,51.023424510947564,0.5,15,12,240,13.999999999999838
Branin-Fav,DNGO-Joint,42,226,0,672,0.1,46.460880443809444,0.5,16,12,241,13.899999999999837
Branin-Fav,DNGO-Joint,42,227,0,874,0.1,47.46695547899613,0.5,17,12,242,13.799999999999836
Branin-Fav,DNGO-Joint,42,228,0,772,0.1,46.36443437501555,0.5,18,12,243,13.699999999999834
Branin-Fav,DNGO-Joint,42,229,0,323,0.1,47.5887096100145,0.5,19,12,244,13.599999999999833
Branin-Fav,DNGO-Joint,42,230,0,622,0.1,47.75716683438862,0.5,20,12,245,13.499999999999831
Branin-Fav,DNGO-Joint,42,231,1,299,1.0,17.009562847585478,0.5,0,13,245,12.49999999999983
Branin-Fav,DNGO-Joint,42,232,0,572,0.1,91.53405450935125,0.9604343094872475,1,13,246,12.39999999999983
Branin-Fav,DNGO-Joint,42,233,0,827,0.1,89.3625691321846,0.9604343094872475,2,13,247,12.299999999999828
Branin-Fav,DNGO-Joint,42,234,0,778,0.1,85.36040102292917,0.9604343094872475,3,13,248,12.199999999999827
Branin-Fav,DNGO-Joint,42,235,0,331,0.1,92.37704397148981,0.9604343094872475,4,13,249,12.099999999999826
Branin-Fav,DNGO-Joint,42,236,0,873,0.1,86.4503178239369,0.9604343094872475,5,13,250,11.999999999999824
Branin-Fav,DNGO-Joint,42,237,0,875,0.1,84.80466441515071,0.9604343094872475,6,13,251,11.899999999999823
Branin-Fav,DNGO-Joint,42,238,0,381,0.1,95.18762283172465,0.9604343094872475,7,13,252,11.799999999999821
Branin-Fav,DNGO-Joint,42,239,0,876,0.1,86.46141187164916,0.9604343094872475,8,13,253,11.69999999999982
Branin-Fav,DNGO-Joint,42,240,0,273,0.1,82.48451632856671,0.9604343094872475,9,13,254,11.599999999999818
Branin-Fav,DNGO-Joint,42,241,0,431,0.1,87.40108579060582,0.9604343094872475,10,13,255,11.499999999999817
Branin-Fav,DNGO-Joint,42,242,0,822,0.1,83.27231069055564,0.9604343094872475,11,13,256,11.399999999999816
Branin-Fav,DNGO-Joint,42,243,0,729,0.1,82.92096107423589,0.9604343094872475,12,13,257,11.299999999999814
Branin-Fav,DNGO-Joint,42,244,0,231,0.1,89.74262412813289,0.9604343094872475,13,13,258,11.199999999999813
Branin-Fav,DNGO-Joint,42,245,0,522,0.1,83.18388776739633,0.9604343094872475,14,13,259,11.099999999999811
Branin-Fav,DNGO-Joint,42,246,0,131,0.1,81.20719060430976,0.9604343094872475,15,13,260,10.99999999999981
Branin-Fav,DNGO-Joint,42,247,0,925,0.1,81.86512362231235,0.9604343094872475,16,13,261,10.899999999999809
Branin-Fav,DNGO-Joint,42,248,0,181,0.1,85.11368394082285,0.9604343094872475,17,13,262,10.799999999999807
Branin-Fav,DNGO-Joint,42,249,0,630,0.1,81.00029596277449,0.9604343094872475,18,13,263,10.699999999999806
Branin-Fav,DNGO-Joint,42,250,0,872,0.1,80.37129475419658,0.9604343094872475,19,13,264,10.599999999999804
Branin-Fav,DNGO-Joint,42,251,0,223,0.1,77.1694485140766,0.9604343094872475,20,13,265,10.499999999999803
Branin-Fav,DNGO-Joint,42,252,1,399,1.0,15.25067396981961,0.9604343094872475,0,14,265,9.499999999999801
Branin-Fav,DNGO-Joint,42,253,0,2400,0.1,75.22089332639862,0.8968204669414442,1,14,266,9.399999999999801
Branin-Fav,DNGO-Joint,42,254,0,292,0.1,74.77262525025304,0.8968204669414442,2,14,267,9.2999999999998
Branin-Fav,DNGO-Joint,42,255,0,23,0.1,72.84730924637951,0.8968204669414442,3,14,268,9.199999999999799
Branin-Fav,DNGO-Joint,42,256,0,924,0.1,72.94326405390281,0.8968204669414442,4,14,269,9.099999999999797
Branin-Fav,DNGO-Joint,42,257,0,472,0.1,74.74000774901423,0.8968204669414442,5,14,270,8.999999999999796
Branin-Fav,DNGO-Joint,42,258,0,481,0.1,71.7780501080705,0.8968204669414442,6,14,271,8.899999999999794
Branin-Fav,DNGO-Joint,42,259,0,771,0.1,72.28261424765662,0.8968204669414442,7,14,272,8.799999999999793
Branin-Fav,DNGO-Joint,42,260,0,698,0.1,72.55210844245376,0.8968204669414442,8,14,273,8.699999999999791
Branin-Fav,DNGO-Joint,42,261,0,721,0.1,69.34362123522891,0.8968204669414442,9,14,274,8.59999999999979
Branin-Fav,DNGO-Joint,42,262,0,342,0.1,69.34694354467966,0.8968204669414442,10,14,275,8.499999999999789
Branin-Fav,DNGO-Joint,42,263,0,923,0.1,69.90390283548776,0.8968204669414442,11,14,276,8.399999999999787
Branin-Fav,DNGO-Joint,42,264,0,821,0.1,68.05839680496258,0.8968204669414442,12,14,277,8.299999999999786
Branin-Fav,DNGO-Joint,42,265,0,141,0.1,68.79049383620497,0.8968204669414442,13,14,278,8.199999999999784
Branin-Fav,DNGO-Joint,42,266,0,877,0.1,68.64950652957465,0.8968204669414442,14,14,279,8.099999999999783
Branin-Fav,DNGO-Joint,42,267,0,922,0.1,67.09086104485421,0.8968204669414442,15,14,280,7.9999999999997815
Branin-Fav,DNGO-Joint,42,268,0,191,0.1,68.64123737744971,0.8968204669414442,16,14,281,7.89999999999978
Branin-Fav,DNGO-Joint,42,269,0,531,0.1,68.92462187581498,0.8968204669414442,17,14,282,7.799999999999779
Branin-Fav,DNGO-Joint,42,270,0,73,0.1,67.59558477522664,0.8968204669414442,18,14,283,7.699999999999777
Branin-Fav,DNGO-Joint,42,271,0,671,0.1,69.33736001317345,0.8968204669414442,19,14,284,7.599999999999776
Branin-Fav,DNGO-Joint,42,272,0,828,0.1,66.93883060155179,0.8968204669414442,20,14,285,7.499999999999774
Branin-Fav,DNGO-Joint,42,273,1,449,1.0,14.780674594691536,0.8968204669414442,0,15,285,6.499999999999773
Branin-Fav,DNGO-Joint,42,274,0,173,0.1,63.585541975146185,0.8695064605915596,1,15,286,6.399999999999773
Branin-Fav,DNGO-Joint,42,275,0,182,0.1,65.67958264444852,0.8695064605915596,2,15,287,6.299999999999772
Branin-Fav,DNGO-Joint,42,276,0,621,0.1,66.99581618947687,0.8695064605915596,3,15,288,6.19999999999977
Branin-Fav,DNGO-Joint,42,277,0,82,0.1,65.78863709697376,0.8695064605915596,4,15,289,6.099999999999769
Branin-Fav,DNGO-Joint,42,278,0,748,0.1,63.66929651507375,0.8695064605915596,5,15,290,5.999999999999767
Branin-Fav,DNGO-Joint,42,279,0,680,0.1,63.572982195406006,0.8695064605915596,6,15,291,5.899999999999766
Branin-Fav,DNGO-Joint,42,280,0,123,0.1,63.001123312091885,0.8695064605915596,7,15,292,5.7999999999997645
Branin-Fav,DNGO-Joint,42,281,0,392,0.1,63.67821789386565,0.8695064605915596,8,15,293,5.699999999999763
Branin-Fav,DNGO-Joint,42,282,0,422,0.1,63.96551307595402,0.8695064605915596,9,15,294,5.599999999999762
Branin-Fav,DNGO-Joint,42,283,0,871,0.1,62.11448176221916,0.8695064605915596,10,15,295,5.49999999999976
Branin-Fav,DNGO-Joint,42,284,0,132,0.1,64.3291487307593,0.8695064605915596,11,15,296,5.399999999999759
Branin-Fav,DNGO-Joint,42,285,0,595,0.1,63.72900578108036,0.8695064605915596,12,15,297,5.299999999999757
Branin-Fav,DNGO-Joint,42,286,0,372,0.1,60.71785712199862,0.8695064605915596,13,15,298,5.199999999999756
Branin-Fav,DNGO-Joint,42,287,0,571,0.1,59.63279546667452,0.8695064605915596,14,15,299,5.0999999999997545
Branin-Fav,DNGO-Joint,42,288,0,241,0.1,60.720204844277305,0.8695064605915596,15,15,300,4.999999999999753
Branin-Fav,DNGO-Joint,42,289,0,779,0.1,60.049194266109964,0.8695064605915596,16,15,301,4.899999999999752
Branin-Fav,DNGO-Joint,42,290,0,544,0.1,60.17792796535042,0.8695064605915596,17,15,302,4.79999999999975
Branin-Fav,DNGO-Joint,42,291,0,646,0.1,57.558952052678094,0.8695064605915596,18,15,303,4.699999999999749
Branin-Fav,DNGO-Joint,42,292,0,581,0.1,59.363545365468845,0.8695064605915596,19,15,304,4.599999999999747
Branin-Fav,DNGO-Joint,42,293,0,493,0.1,57.8413311969811,0.8695064605915596,20,15,305,4.499999999999746
Branin-Fav,DNGO-Joint,42,294,1,499,1.0,12.840864779158684,0.8695064605915596,0,16,305,3.499999999999744
Branin-Fav,DNGO-Joint,42,295,0,90,0.1,62.349462153466106,0.8881658687073509,1,16,306,3.399999999999744
Branin-Fav,DNGO-Joint,42,296,0,232,0.1,62.75763704259752,0.8881658687073509,2,16,307,3.2999999999997427
Branin-Fav,DNGO-Joint,42,297,0,282,0.1,61.72030601573543,0.8881658687073509,3,16,308,3.1999999999997413
Branin-Fav,DNGO-Joint,42,298,0,926,0.1,59.87942269150345,0.8881658687073509,4,16,309,3.09999999999974
Branin-Fav,DNGO-Joint,42,299,0,291,0.1,58.94381085440216,0.8881658687073509,5,16,310,2.9999999999997384
Branin-Fav,DNGO-Joint,42,300,0,2350,0.1,60.05355175787534,0.8881658687073509,6,16,311,2.899999999999737
Branin-Fav,DNGO-Joint,42,301,0,974,0.1,58.400535698179645,0.8881658687073509,7,16,312,2.7999999999997356
Branin-Fav,DNGO-Joint,42,302,0,973,0.1,58.89777977748313,0.8881658687073509,8,16,313,2.699999999999734
Branin-Fav,DNGO-Joint,42,303,0,631,0.1,58.99060255499624,0.8881658687073509,9,16,314,2.5999999999997327
Branin-Fav,DNGO-Joint,42,304,0,442,0.1,57.384945748415504,0.8881658687073509,10,16,315,2.4999999999997313
Branin-Fav,DNGO-Joint,42,305,0,140,0.1,55.987005553325105,0.8881658687073509,11,16,316,2.39999999999973
Branin-Fav,DNGO-Joint,42,306,0,697,0.1,58.5048746129414,0.8881658687073509,12,16,317,2.2999999999997285
Branin-Fav,DNGO-Joint,42,307,0,921,0.1,58.14803564501298,0.8881658687073509,13,16,318,2.199999999999727
Branin-Fav,DNGO-Joint,42,308,0,878,0.1,54.59673891457134,0.8881658687073509,14,16,319,2.0999999999997256
Branin-Fav,DNGO-Joint,42,309,0,975,0.1,55.26957226047646,0.8881658687073509,15,16,320,1.9999999999997242
Branin-Fav,DNGO-Joint,42,310,0,972,0.1,55.668878011917336,0.8881658687073509,16,16,321,1.8999999999997228
Branin-Fav,DNGO-Joint,42,311,0,820,0.1,56.88896054359284,0.8881658687073509,17,16,322,1.7999999999997214
Branin-Fav,DNGO-Joint,42,312,0,432,0.1,57.018960527134844,0.8881658687073509,18,16,323,1.69999999999972
Branin-Fav,DNGO-Joint,42,313,0,521,0.1,57.597378601629465,0.8881658687073509,19,16,324,1.5999999999997185
Branin-Fav,DNGO-Joint,42,314,0,83,0.1,53.56050336309417,0.8881658687073509,20,16,325,1.4999999999997171
Branin-Fav,DNGO-Joint,42,315,1,599,1.0,12.425224423200506,0.8881658687073509,0,17,325,0.4999999999997158
Branin-Fav,DNGO-Joint,42,316,0,849,0.1,48.13096748311969,0.809397785237115,1,17,326,0.3999999999997158
Branin-Fav,DNGO-Joint,42,317,0,190,0.1,47.66924672274001,0.809397785237115,2,17,327,0.2999999999997144
Branin-Fav,DNGO-Joint,42,318,0,322,0.1,48.442479698384275,0.809397785237115,3,17,328,0.19999999999971294
Branin-Fav,DNGO-Joint,42,319,0,594,0.1,47.52848111259255,0.809397785237115,4,17,329,0.09999999999971151
Branin-Fav,DNGO-Joint,43,1,0,2000,0.1,130.089971567099,0.5,1,2,26,45.4
Branin-Fav,DNGO-Joint,43,2,0,499,0.1,124.7069773470375,0.5,2,2,27,45.3
Branin-Fav,DNGO-Joint,43,3,0,349,0.1,119.42789253177155,0.5,3,2,28,45.199999999999996
Branin-Fav,DNGO-Joint,43,4,0,399,0.1,117.2972794383438,0.5,4,2,29,45.1
Branin-Fav,DNGO-Joint,43,5,0,49,0.1,118.78266715143867,0.5,5,2,30,45.0
Branin-Fav,DNGO-Joint,43,6,0,299,0.1,117.56859339690924,0.5,6,2,31,44.9
Branin-Fav,DNGO-Joint,43,7,0,249,0.1,115.86123337950058,0.5,7,2,32,44.800000000000004
Branin-Fav,DNGO-Joint,43,8,0,449,0.1,115.25775314176514,0.5,8,2,33,44.7
Branin-Fav,DNGO-Joint,43,9,0,99,0.1,115.11477812969957,0.5,9,2,34,44.6
Branin-Fav,DNGO-Joint,43,10,0,199,0.1,113.06152833068533,0.5,10,2,35,44.5
Branin-Fav,DNGO-Joint,43,11,0,149,0.1,111.1191846105152,0.5,11,2,36,44.4
Branin-Fav,DNGO-Joint,43,12,0,549,0.1,111.71972700077414,0.5,12,2,37,44.300000000000004
Branin-Fav,DNGO-Joint,43,13,0,198,0.1,109.39312129144515,0.5,13,2,38,44.2
Branin-Fav,DNGO-Joint,43,14,0,48,0.1,106.85616231628974,0.5,14,2,39,44.1
Branin-Fav,DNGO-Joint,43,15,0,98,0.1,106.98478449760977,0.5,15,2,40,44.00000000000001
Branin-Fav,DNGO-Joint,43,16,0,248,0.1,106.49968380285345,0.5,16,2,41,43.900000000000006
Branin-Fav,DNGO-Joint,43,17,0,148,0.1,107.08553582126375,0.5,17,2,42,43.800000000000004
Branin-Fav,DNGO-Joint,43,18,0,441,0.1,106.71090485431198,0.5,18,2,43,43.7
Branin-Fav,DNGO-Joint,43,19,0,47,0.1,103.18486423595488,0.5,19,2,44,43.6
Branin-Fav,DNGO-Joint,43,20,0,29,0.1,102.88739196853311,0.5,20,2,45,43.50000000000001
Branin-Fav,DNGO-Joint,43,21,1,24,1.0,61.612256244144994,0.5,0,3,45,42.50000000000001
Branin-Fav,DNGO-Joint,43,22,0,46,0.1,105.21305816094987,0.5,1,3,46,42.400000000000006
Branin-Fav,DNGO-Joint,43,23,0,97,0.1,100.12128839683017,0.5,2,3,47,42.300000000000004
Branin-Fav,DNGO-Joint,43,24,0,298,0.1,99.05574860404028,0.5,3,3,48,42.20000000000001
Branin-Fav,DNGO-Joint,43,25,0,147,0.1,98.6073142116184,0.5,4,3,49,42.10000000000001
Branin-Fav,DNGO-Joint,43,26,0,28,0.1,97.8855685352358,0.5,5,3,50,42.00000000000001
Branin-Fav,DNGO-Joint,43,27,0,27,0.1,96.93698103470243,0.5,6,3,51,41.900000000000006
Branin-Fav,DNGO-Joint,43,28,0,348,0.1,95.3228486622897,0.5,7,3,52,41.800000000000004
Branin-Fav,DNGO-Joint,43,29,0,398,0.1,96.4077614239056,0.5,8,3,53,41.70000000000001
Branin-Fav,DNGO-Joint,43,30,0,26,0.1,95.46778667657023,0.5,9,3,54,41.60000000000001
Branin-Fav,DNGO-Joint,43,31,0,32,0.1,95.2947657308915,0.5,10,3,55,41.50000000000001
Branin-Fav,DNGO-Joint,43,32,0,197,0.1,93.40175627692669,0.5,11,3,56,41.40000000000001
Branin-Fav,DNGO-Joint,43,33,0,96,0.1,92.36088639102076,0.5,12,3,57,41.30000000000001
Branin-Fav,DNGO-Joint,43,34,0,45,0.1,94.50782316674209,0.5,13,3,58,41.20000000000001
Branin-Fav,DNGO-Joint,43,35,1,0,1.0,100.3534727313376,0.5,0,4,58,40.20000000000001
Branin-Fav,DNGO-Joint,43,36,1,399,1.0,206.77630784656196,0.5,0,5,58,39.20000000000001
Branin-Fav,DNGO-Joint,43,37,0,34,0.1,116.08369453543717,0.5,1,5,59,39.10000000000001
Branin-Fav,DNGO-Joint,43,38,0,247,0.1,111.72182605947935,0.5,2,5,60,39.00000000000001
Branin-Fav,DNGO-Joint,43,39,0,297,0.1,110.96304089730418,0.5,3,5,61,38.90000000000001
Branin-Fav,DNGO-Joint,43,40,0,448,0.1,110.93676690965651,0.5,4,5,62,38.80000000000001
Branin-Fav,DNGO-Joint,43,41,0,498,0.1,109.08845819413109,0.5,5,5,63,38.70000000000001
Branin-Fav,DNGO-Joint,43,42,0,146,0.1,107.52953981176981,0.5,6,5,64,38.600000000000016
Branin-Fav,DNGO-Joint,43,43,0,525,0.1,109.05147029919824,0.5,7,5,65,38.500000000000014
Branin-Fav,DNGO-Joint,43,44,0,25,0.1,112.44040122916023,0.5,8,5,66,38.40000000000001
Branin-Fav,DNGO-Joint,43,45,0,76,0.1,107.42152784516745,0.5,9,5,67,38.30000000000001
Branin-Fav,DNGO-Joint,43,46,0,196,0.1,105.44326808904863,0.5,10,5,68,38.20000000000001
Branin-Fav,DNGO-Joint,43,47,0,397,0.1,104.86720275257143,0.5,11,5,69,38.100000000000016
Branin-Fav,DNGO-Joint,43,48,0,126,0.1,105.52127346709835,0.5,12,5,70,38.000000000000014
Branin-Fav,DNGO-Joint,43,49,0,246,0.1,103.70036948159967,0.5,13,5,71,37.90000000000001
Branin-Fav,DNGO-Joint,43,50,0,77,0.1,102.72496157185003,0.5,14,5,72,37.80000000000002
Branin-Fav,DNGO-Joint,43,51,0,574,0.1,105.76381163474953,0.5,15,5,73,37.70000000000002
Branin-Fav,DNGO-Joint,43,52,0,524,0.1,104.43594308918372,0.5,16,5,74,37.600000000000016
Branin-Fav,DNGO-Joint,43,53,0,623,0.1,103.36724435132435,0.5,17,5,75,37.500000000000014
Branin-Fav,DNGO-Joint,43,54,0,624,0.1,105.31475011910153,0.5,18,5,76,37.40000000000001
Branin-Fav,DNGO-Joint,43,55,0,674,0.1,99.45990915576999,0.5,19,5,77,37.30000000000002
Branin-Fav,DNGO-Joint,43,56,0,95,0.1,99.78336851605215,0.5,20,5,78,37.20000000000002
Branin-Fav,DNGO-Joint,43,57,1,178,1.0,40.569467333684784,0.5,0,6,78,36.20000000000002
Branin-Fav,DNGO-Joint,43,58,0,425,0.1,100.54194074545791,0.5,1,6,79,36.100000000000016
Branin-Fav,DNGO-Joint,43,59,0,78,0.1,97.62869679550869,0.5,2,6,80,36.00000000000002
Branin-Fav,DNGO-Joint,43,60,0,575,0.1,101.11016660136329,0.5,3,6,81,35.90000000000002
Branin-Fav,DNGO-Joint,43,61,0,526,0.1,99.24047338057812,0.5,4,6,82,35.80000000000002
Branin-Fav,DNGO-Joint,43,62,0,475,0.1,98.89843303827081,0.5,5,6,83,35.70000000000002
Branin-Fav,DNGO-Joint,43,63,0,426,0.1,98.35573319518775,0.5,6,6,84,35.600000000000016
Branin-Fav,DNGO-Joint,43,64,0,476,0.1,99.0323212247279,0.5,7,6,85,35.50000000000002
Branin-Fav,DNGO-Joint,43,65,0,576,0.1,97.9598406334821,0.5,8,6,86,35.40000000000002
Branin-Fav,DNGO-Joint,43,66,0,474,0.1,99.1174955743228,0.5,9,6,87,35.30000000000002
Branin-Fav,DNGO-Joint,43,67,0,427,0.1,98.02703138406821,0.5,10,6,88,35.200000000000024
Branin-Fav,DNGO-Joint,43,68,0,376,0.1,96.12825582409447,0.5,11,6,89,35.10000000000002
Branin-Fav,DNGO-Joint,43,69,0,375,0.1,96.66039362007491,0.5,12,6,90,35.00000000000002
Branin-Fav,DNGO-Joint,43,70,0,527,0.1,96.32688608052182,0.5,13,6,91,34.90000000000002
Branin-Fav,DNGO-Joint,43,71,0,377,0.1,96.17203610918662,0.5,14,6,92,34.80000000000002
Branin-Fav,DNGO-Joint,43,72,0,625,0.1,96.10537707704916,0.5,15,6,93,34.700000000000024
Branin-Fav,DNGO-Joint,43,73,0,424,0.1,96.8061733462134,0.5,16,6,94,34.60000000000002
Branin-Fav,DNGO-Joint,43,74,0,477,0.1,94.74970686039867,0.5,17,6,95,34.50000000000002
Branin-Fav,DNGO-Joint,43,75,0,326,0.1,95.67141388618057,0.5,18,6,96,34.40000000000003
Branin-Fav,DNGO-Joint,43,76,0,327,0.1,94.28804987183364,0.5,19,6,97,34.300000000000026
Branin-Fav,DNGO-Joint,43,77,0,276,0.1,94.33765038291344,0.5,20,6,98,34.200000000000024
Branin-Fav,DNGO-Joint,43,78,1,525,1.0,34.26396061036632,0.5,0,7,98,33.200000000000024
Branin-Fav,DNGO-Joint,43,79,0,325,0.1,92.53251773260418,0.5,1,7,99,33.10000000000002
Branin-Fav,DNGO-Joint,43,80,0,277,0.1,92.41654116362096,0.5,2,7,100,33.00000000000002
Branin-Fav,DNGO-Joint,43,81,0,478,0.1,95.44754692172546,0.5,3,7,101,32.90000000000002
Branin-Fav,DNGO-Joint,43,82,0,673,0.1,91.65983650281699,0.5,4,7,102,32.80000000000002
Branin-Fav,DNGO-Joint,43,83,0,226,0.1,91.83955085921284,0.5,5,7,103,32.70000000000002
Branin-Fav,DNGO-Joint,43,84,0,573,0.1,91.92326301235795,0.5,6,7,104,32.600000000000016
Branin-Fav,DNGO-Joint,43,85,0,227,0.1,90.54049285639026,0.5,7,7,105,32.500000000000014
Branin-Fav,DNGO-Joint,43,86,0,723,0.1,88.86507723834721,0.5,8,7,106,32.40000000000001
Branin-Fav,DNGO-Joint,43,87,0,523,0.1,88.94152206448987,0.5,9,7,107,32.30000000000001
Branin-Fav,DNGO-Joint,43,88,0,328,0.1,89.06088249334037,0.5,10,7,108,32.20000000000001
Branin-Fav,DNGO-Joint,43,89,0,374,0.1,88.81250406244371,0.5,11,7,109,32.10000000000001
Branin-Fav,DNGO-Joint,43,90,0,378,0.1,90.14587940741835,0.5,12,7,110,32.00000000000001
Branin-Fav,DNGO-Joint,43,91,0,428,0.1,87.37905807776063,0.5,13,7,111,31.900000000000006
Branin-Fav,DNGO-Joint,43,92,0,278,0.1,87.68106411593074,0.5,14,7,112,31.800000000000004
Branin-Fav,DNGO-Joint,43,93,0,275,0.1,86.94187792714833,0.5,15,7,113,31.700000000000003
Branin-Fav,DNGO-Joint,43,94,0,228,0.1,86.2175763428983,0.5,16,7,114,31.6
Branin-Fav,DNGO-Joint,43,95,0,279,0.1,85.30674124832686,0.5,17,7,115,31.5
Branin-Fav,DNGO-Joint,43,96,0,177,0.1,86.72428235902646,0.5,18,7,116,31.4
Branin-Fav,DNGO-Joint,43,97,0,127,0.1,85.19008976579379,0.5,19,7,117,31.299999999999997
Branin-Fav,DNGO-Joint,43,98,0,577,0.1,86.17861930848005,0.5,20,7,118,31.199999999999996
Branin-Fav,DNGO-Joint,43,99,1,29,1.0,26.479826034611882,0.5,0,8,118,30.199999999999996
Branin-Fav,DNGO-Joint,43,100,0,626,0.1,165.36618476963932,0.9722164425609966,1,8,119,30.099999999999994
Branin-Fav,DNGO-Joint,43,101,0,176,0.1,163.6392136551736,0.9722164425609966,2,8,120,29.999999999999993
Branin-Fav,DNGO-Joint,43,102,0,128,0.1,162.93884850339413,0.9722164425609966,3,8,121,29.89999999999999
Branin-Fav,DNGO-Joint,43,103,0,329,0.1,160.13287846148145,0.9722164425609966,4,8,122,29.79999999999999
Branin-Fav,DNGO-Joint,43,104,0,229,0.1,160.0178236720733,0.9722164425609966,5,8,123,29.69999999999999
Branin-Fav,DNGO-Joint,43,105,0,379,0.1,160.35354924426946,0.9722164425609966,6,8,124,29.599999999999987
Branin-Fav,DNGO-Joint,43,106,0,675,0.1,158.71142895237196,0.9722164425609966,7,8,125,29.499999999999986
Branin-Fav,DNGO-Joint,43,107,0,225,0.1,157.97431644071088,0.9722164425609966,8,8,126,29.399999999999984
Branin-Fav,DNGO-Joint,43,108,0,672,0.1,158.5049879521249,0.9722164425609966,9,8,127,29.299999999999983
Branin-Fav,DNGO-Joint,43,109,0,179,0.1,155.42209164936733,0.9722164425609966,10,8,128,29.19999999999998
Branin-Fav,DNGO-Joint,43,110,0,175,0.1,155.09135846409453,0.9722164425609966,11,8,129,29.09999999999998
Branin-Fav,DNGO-Joint,43,111,0,296,0.1,152.97839582606002,0.9722164425609966,12,8,130,28.99999999999998
Branin-Fav,DNGO-Joint,43,112,0,429,0.1,156.9239642177575,0.9722164425609966,13,8,131,28.899999999999977
Branin-Fav,DNGO-Joint,43,113,0,528,0.1,154.23013572110796,0.9722164425609966,14,8,132,28.799999999999976
Branin-Fav,DNGO-Joint,43,114,0,324,0.1,154.0083510903987,0.9722164425609966,15,8,133,28.699999999999974
Branin-Fav,DNGO-Joint,43,115,0,129,0.1,151.61099750946758,0.9722164425609966,16,8,134,28.599999999999973
Branin-Fav,DNGO-Joint,43,116,0,280,0.1,150.958941315564,0.9722164425609966,17,8,135,28.49999999999997
Branin-Fav,DNGO-Joint,43,117,0,473,0.1,153.3065658093569,0.9722164425609966,18,8,136,28.39999999999997
Branin-Fav,DNGO-Joint,43,118,0,627,0.1,149.78792207260636,0.9722164425609966,19,8,137,28.29999999999997
Branin-Fav,DNGO-Joint,43,119,0,330,0.1,151.47309446551589,0.9722164425609966,20,8,138,28.199999999999967
Branin-Fav,DNGO-Joint,43,120,1,28,1.0,22.224257280542613,0.9722164425609966,0,9,138,27.199999999999967
Branin-Fav,DNGO-Joint,43,121,0,724,0.1,147.4306586133987,0.9686658479246424,1,9,139,27.099999999999966
Branin-Fav,DNGO-Joint,43,122,0,79,0.1,147.5373138062731,0.9686658479246424,2,9,140,26.999999999999964
Branin-Fav,DNGO-Joint,43,123,0,230,0.1,146.5788726905275,0.9686658479246424,3,9,141,26.899999999999963
Branin-Fav,DNGO-Joint,43,124,0,125,0.1,144.1466475958201,0.9686658479246424,4,9,142,26.79999999999996
Branin-Fav,DNGO-Joint,43,125,0,346,0.1,144.7519031529768,0.9686658479246424,5,9,143,26.69999999999996
Branin-Fav,DNGO-Joint,43,126,0,578,0.1,148.12006454274908,0.9686658479246424,6,9,144,26.59999999999996
Branin-Fav,DNGO-Joint,43,127,0,479,0.1,141.8455971515847,0.9686658479246424,7,9,145,26.499999999999957
Branin-Fav,DNGO-Joint,43,128,0,423,0.1,141.68293584594343,0.9686658479246424,8,9,146,26.399999999999956
Branin-Fav,DNGO-Joint,43,129,0,180,0.1,141.2415361651171,0.9686658479246424,9,9,147,26.299999999999955
Branin-Fav,DNGO-Joint,43,130,0,380,0.1,140.03148077886763,0.9686658479246424,10,9,148,26.199999999999953
Branin-Fav,DNGO-Joint,43,131,0,676,0.1,142.87909793479082,0.9686658479246424,11,9,149,26.09999999999995
Branin-Fav,DNGO-Joint,43,132,0,725,0.1,139.23161192227832,0.9686658479246424,12,9,150,25.99999999999995
Branin-Fav,DNGO-Joint,43,133,0,622,0.1,138.90096151737245,0.9686658479246424,13,9,151,25.89999999999995
Branin-Fav,DNGO-Joint,43,134,0,274,0.1,137.1395267118442,0.9686658479246424,14,9,152,25.799999999999947
Branin-Fav,DNGO-Joint,43,135,0,599,0.1,143.41561621082028,0.9686658479246424,15,9,153,25.699999999999946
Branin-Fav,DNGO-Joint,43,136,0,75,0.1,140.39159950870578,0.9686658479246424,16,9,154,25.599999999999945
Branin-Fav,DNGO-Joint,43,137,0,722,0.1,135.2460339600683,0.9686658479246424,17,9,155,25.499999999999943
Branin-Fav,DNGO-Joint,43,138,0,74,0.1,136.96722899429446,0.9686658479246424,18,9,156,25.39999999999994
Branin-Fav,DNGO-Joint,43,139,0,30,0.1,134.4005746694532,0.9686658479246424,19,9,157,25.29999999999994
Branin-Fav,DNGO-Joint,43,140,0,130,0.1,136.23087772562164,0.9686658479246424,20,9,158,25.19999999999994
Branin-Fav,DNGO-Joint,43,141,1,327,1.0,19.715567729173877,0.9686658479246424,0,10,158,24.19999999999994
Branin-Fav,DNGO-Joint,43,142,0,145,0.1,133.87308350803718,0.9718502738993912,1,10,159,24.099999999999937
Branin-Fav,DNGO-Joint,43,143,0,430,0.1,133.05172421235866,0.9718502738993912,2,10,160,23.999999999999936
Branin-Fav,DNGO-Joint,43,144,0,80,0.1,133.1055157345708,0.9718502738993912,3,10,161,23.899999999999935
Branin-Fav,DNGO-Joint,43,145,0,529,0.1,135.8859154830755,0.9718502738993912,4,10,162,23.799999999999933
Branin-Fav,DNGO-Joint,43,146,0,231,0.1,133.1844190004523,0.9718502738993912,5,10,163,23.699999999999932
Branin-Fav,DNGO-Joint,43,147,0,773,0.1,129.62294765555305,0.9718502738993912,6,10,164,23.59999999999993
Branin-Fav,DNGO-Joint,43,148,0,245,0.1,131.75912962065664,0.9718502738993912,7,10,165,23.49999999999993
Branin-Fav,DNGO-Joint,43,149,0,447,0.1,129.38742848555964,0.9718502738993912,8,10,166,23.399999999999928
Branin-Fav,DNGO-Joint,43,150,0,195,0.1,130.25957208114667,0.9718502738993912,9,10,167,23.299999999999926
Branin-Fav,DNGO-Joint,43,151,0,44,0.1,129.39685067533276,0.9718502738993912,10,10,168,23.199999999999925
Branin-Fav,DNGO-Joint,43,152,0,224,0.1,128.13414164528095,0.9718502738993912,11,10,169,23.099999999999923
Branin-Fav,DNGO-Joint,43,153,0,480,0.1,131.25089835355783,0.9718502738993912,12,10,170,22.999999999999922
Branin-Fav,DNGO-Joint,43,154,0,772,0.1,124.33615583874936,0.9718502738993912,13,10,171,22.89999999999992
Branin-Fav,DNGO-Joint,43,155,0,281,0.1,127.90738338327496,0.9718502738993912,14,10,172,22.79999999999992
Branin-Fav,DNGO-Joint,43,156,0,628,0.1,124.81923612444578,0.9718502738993912,15,10,173,22.699999999999918
Branin-Fav,DNGO-Joint,43,157,0,295,0.1,123.50294753854529,0.9718502738993912,16,10,174,22.599999999999916
Branin-Fav,DNGO-Joint,43,158,0,774,0.1,126.04873568037362,0.9718502738993912,17,10,175,22.499999999999915
Branin-Fav,DNGO-Joint,43,159,0,94,0.1,123.87932952552089,0.9718502738993912,18,10,176,22.399999999999913
Branin-Fav,DNGO-Joint,43,160,0,396,0.1,124.27330396867686,0.9718502738993912,19,10,177,22.299999999999912
Branin-Fav,DNGO-Joint,43,161,0,144,0.1,124.58678524907737,0.9718502738993912,20,10,178,22.19999999999991
Branin-Fav,DNGO-Joint,43,162,1,2050,1.0,20.538701230338337,0.9718502738993912,0,11,178,21.19999999999991
Branin-Fav,DNGO-Joint,43,163,0,572,0.1,125.03056299600158,0.9718502738993912,1,11,179,21.09999999999991
Branin-Fav,DNGO-Joint,43,164,0,345,0.1,122.2753302484995,0.9718502738993912,2,11,180,20.999999999999908
Branin-Fav,DNGO-Joint,43,165,0,373,0.1,121.53259085149537,0.9718502738993912,3,11,181,20.899999999999906
Branin-Fav,DNGO-Joint,43,166,0,677,0.1,123.49134620930693,0.9718502738993912,4,11,182,20.799999999999905
Branin-Fav,DNGO-Joint,43,167,0,194,0.1,121.85130486584487,0.9718502738993912,5,11,183,20.699999999999903
Branin-Fav,DNGO-Joint,43,168,0,548,0.1,119.0796530230282,0.9718502738993912,6,11,184,20.599999999999902
Branin-Fav,DNGO-Joint,43,169,0,244,0.1,119.95560544385373,0.9718502738993912,7,11,185,20.4999999999999
Branin-Fav,DNGO-Joint,43,170,0,294,0.1,121.00704440371901,0.9718502738993912,8,11,186,20.3999999999999
Branin-Fav,DNGO-Joint,43,171,0,331,0.1,124.98612790323271,0.9718502738993912,9,11,187,20.299999999999898
Branin-Fav,DNGO-Joint,43,172,0,174,0.1,117.20313897264248,0.9718502738993912,10,11,188,20.199999999999896
Branin-Fav,DNGO-Joint,43,173,0,497,0.1,118.49407753060592,0.9718502738993912,11,11,189,20.099999999999895
Branin-Fav,DNGO-Joint,43,174,0,181,0.1,118.70213916401212,0.9718502738993912,12,11,190,19.999999999999893
Branin-Fav,DNGO-Joint,43,175,0,822,0.1,117.9220676272191,0.9718502738993912,13,11,191,19.899999999999892
Branin-Fav,DNGO-Joint,43,176,0,726,0.1,119.80384779166897,0.9718502738993912,14,11,192,19.79999999999989
Branin-Fav,DNGO-Joint,43,177,0,579,0.1,115.69113813151728,0.9718502738993912,15,11,193,19.69999999999989
Branin-Fav,DNGO-Joint,43,178,0,775,0.1,116.0820148564411,0.9718502738993912,16,11,194,19.599999999999888
Branin-Fav,DNGO-Joint,43,179,0,649,0.1,116.19749936277022,0.9718502738993912,17,11,195,19.499999999999886
Branin-Fav,DNGO-Joint,43,180,0,446,0.1,114.89104420346447,0.9718502738993912,18,11,196,19.399999999999885
Branin-Fav,DNGO-Joint,43,181,0,43,0.1,114.33086021350282,0.9718502738993912,19,11,197,19.299999999999883
Branin-Fav,DNGO-Joint,43,182,0,381,0.1,113.47626137720614,0.9718502738993912,20,11,198,19.199999999999882
Branin-Fav,DNGO-Joint,43,183,1,625,1.0,20.63605687683474,0.9718502738993912,0,12,198,18.199999999999882
Branin-Fav,DNGO-Joint,43,184,0,93,0.1,116.66133574146696,0.9668625650769826,1,12,199,18.09999999999988
Branin-Fav,DNGO-Joint,43,185,0,395,0.1,110.40534998227203,0.9668625650769826,2,12,200,17.99999999999988
Branin-Fav,DNGO-Joint,43,186,0,131,0.1,111.37559235407248,0.9668625650769826,3,12,201,17.899999999999878
Branin-Fav,DNGO-Joint,43,187,0,344,0.1,110.39020190719623,0.9668625650769826,4,12,202,17.799999999999876
Branin-Fav,DNGO-Joint,43,188,0,193,0.1,109.00935525917284,0.9668625650769826,5,12,203,17.699999999999875
Branin-Fav,DNGO-Joint,43,189,0,823,0.1,111.88108467830489,0.9668625650769826,6,12,204,17.599999999999874
Branin-Fav,DNGO-Joint,43,190,0,143,0.1,108.25988047301269,0.9668625650769826,7,12,205,17.499999999999872
Branin-Fav,DNGO-Joint,43,191,0,431,0.1,108.7574043686565,0.9668625650769826,8,12,206,17.39999999999987
Branin-Fav,DNGO-Joint,43,192,0,124,0.1,108.67046216358645,0.9668625650769826,9,12,207,17.29999999999987
Branin-Fav,DNGO-Joint,43,193,0,727,0.1,106.8305247550356,0.9668625650769826,10,12,208,17.199999999999868
Branin-Fav,DNGO-Joint,43,194,0,522,0.1,108.23213679432273,0.9668625650769826,11,12,209,17.099999999999866
Branin-Fav,DNGO-Joint,43,195,0,31,0.1,107.43376477963733,0.9668625650769826,12,12,210,16.999999999999865
Branin-Fav,DNGO-Joint,43,196,0,81,0.1,106.36699909268411,0.9668625650769826,13,12,211,16.899999999999864
Branin-Fav,DNGO-Joint,43,197,0,323,0.1,105.86622201633624,0.9668625650769826,14,12,212,16.799999999999862
Branin-Fav,DNGO-Joint,43,198,0,530,0.1,105.84684862338531,0.9668625650769826,15,12,213,16.69999999999986
Branin-Fav,DNGO-Joint,43,199,0,243,0.1,105.94722459794114,0.9668625650769826,16,12,214,16.59999999999986
Branin-Fav,DNGO-Joint,43,200,0,771,0.1,103.69102312137915,0.9668625650769826,17,12,215,16.499999999999858
Branin-Fav,DNGO-Joint,43,201,0,293,0.1,103.12676940784267,0.9668625650769826,18,12,216,16.399999999999856
Branin-Fav,DNGO-Joint,43,202,0,394,0.1,102.62695826698959,0.9668625650769826,19,12,217,16.299999999999855
Branin-Fav,DNGO-Joint,43,203,0,481,0.1,102.4203295410183,0.9668625650769826,20,12,218,16.199999999999854
Branin-Fav,DNGO-Joint,43,204,1,774,1.0,18.115457667641014,0.9668625650769826,0,13,218,15.199999999999854
Branin-Fav,DNGO-Joint,43,205,0,824,0.1,100.61642768636229,0.9595882094545796,1,13,219,15.099999999999854
Branin-Fav,DNGO-Joint,43,206,0,598,0.1,100.55046401682205,0.9595882094545796,2,13,220,14.999999999999853
Branin-Fav,DNGO-Joint,43,207,0,721,0.1,99.13943782822983,0.9595882094545796,3,13,221,14.899999999999851
Branin-Fav,DNGO-Joint,43,208,0,232,0.1,101.87581268933083,0.9595882094545796,4,13,222,14.79999999999985
Branin-Fav,DNGO-Joint,43,209,0,547,0.1,99.967521489072,0.9595882094545796,5,13,223,14.699999999999848
Branin-Fav,DNGO-Joint,43,210,0,678,0.1,108.36485164674919,0.9595882094545796,6,13,224,14.599999999999847
Branin-Fav,DNGO-Joint,43,211,0,445,0.1,99.23277944154465,0.9595882094545796,7,13,225,14.499999999999845
Branin-Fav,DNGO-Joint,43,212,0,242,0.1,98.15282248017262,0.9595882094545796,8,13,226,14.399999999999844
Branin-Fav,DNGO-Joint,43,213,0,273,0.1,99.9535761268974,0.9595882094545796,9,13,227,14.299999999999843
Branin-Fav,DNGO-Joint,43,214,0,496,0.1,98.08679072734623,0.9595882094545796,10,13,228,14.199999999999841
Branin-Fav,DNGO-Joint,43,215,0,776,0.1,96.08807042200752,0.9595882094545796,11,13,229,14.09999999999984
Branin-Fav,DNGO-Joint,43,216,0,629,0.1,95.90164691943701,0.9595882094545796,12,13,230,13.999999999999838
Branin-Fav,DNGO-Joint,43,217,0,282,0.1,95.49367611424806,0.9595882094545796,13,13,231,13.899999999999837
Branin-Fav,DNGO-Joint,43,218,0,825,0.1,95.73953532409628,0.9595882094545796,14,13,232,13.799999999999836
Branin-Fav,DNGO-Joint,43,219,0,42,0.1,94.52695521574992,0.9595882094545796,15,13,233,13.699999999999834
Branin-Fav,DNGO-Joint,43,220,0,821,0.1,95.63749245438825,0.9595882094545796,16,13,234,13.599999999999833
Branin-Fav,DNGO-Joint,43,221,0,142,0.1,93.23593992675121,0.9595882094545796,17,13,235,13.499999999999831
Branin-Fav,DNGO-Joint,43,222,0,872,0.1,92.62085184771709,0.9595882094545796,18,13,236,13.39999999999983
Branin-Fav,DNGO-Joint,43,223,0,873,0.1,93.51755439522084,0.9595882094545796,19,13,237,13.299999999999828
Branin-Fav,DNGO-Joint,43,224,0,580,0.1,91.46879519205798,0.9595882094545796,20,13,238,13.199999999999827
Branin-Fav,DNGO-Joint,43,225,1,426,1.0,17.307183543627126,0.9595882094545796,0,14,238,12.199999999999825
Branin-Fav,DNGO-Joint,43,226,0,343,0.1,93.17059661685114,0.9682358525389829,1,14,239,12.099999999999826
Branin-Fav,DNGO-Joint,43,227,0,332,0.1,94.02510691203229,0.9682358525389829,2,14,240,11.999999999999824
Branin-Fav,DNGO-Joint,43,228,0,182,0.1,91.1869270010691,0.9682358525389829,3,14,241,11.899999999999823
Branin-Fav,DNGO-Joint,43,229,0,23,0.1,97.87599603798117,0.9682358525389829,4,14,242,11.799999999999821
Branin-Fav,DNGO-Joint,43,230,0,495,0.1,89.35677908199057,0.9682358525389829,5,14,243,11.69999999999982
Branin-Fav,DNGO-Joint,43,231,0,472,0.1,90.52293076177443,0.9682358525389829,6,14,244,11.599999999999818
Branin-Fav,DNGO-Joint,43,232,0,92,0.1,90.26540135817976,0.9682358525389829,7,14,245,11.499999999999817
Branin-Fav,DNGO-Joint,43,233,0,444,0.1,89.85804804389336,0.9682358525389829,8,14,246,11.399999999999816
Branin-Fav,DNGO-Joint,43,234,0,874,0.1,88.99812996934565,0.9682358525389829,9,14,247,11.299999999999814
Branin-Fav,DNGO-Joint,43,235,0,699,0.1,91.89471338266496,0.9682358525389829,10,14,248,11.199999999999813
Branin-Fav,DNGO-Joint,43,236,0,223,0.1,89.08506316405759,0.9682358525389829,11,14,249,11.099999999999811
Branin-Fav,DNGO-Joint,43,237,0,382,0.1,87.87480844865108,0.9682358525389829,12,14,250,10.99999999999981
Branin-Fav,DNGO-Joint,43,238,0,173,0.1,88.34851606503125,0.9682358525389829,13,14,251,10.899999999999809
Branin-Fav,DNGO-Joint,43,239,0,2250,0.1,92.65547666109993,0.9682358525389829,14,14,252,10.799999999999807
Branin-Fav,DNGO-Joint,43,240,0,648,0.1,87.7815487747828,0.9682358525389829,15,14,253,10.699999999999806
Branin-Fav,DNGO-Joint,43,241,0,531,0.1,86.3409814338311,0.9682358525389829,16,14,254,10.599999999999804
Branin-Fav,DNGO-Joint,43,242,0,546,0.1,86.86025540794398,0.9682358525389829,17,14,255,10.499999999999803
Branin-Fav,DNGO-Joint,43,243,0,132,0.1,86.79183461514673,0.9682358525389829,18,14,256,10.399999999999801
Branin-Fav,DNGO-Joint,43,244,0,597,0.1,85.86343160666377,0.9682358525389829,19,14,257,10.2999999999998
Branin-Fav,DNGO-Joint,43,245,0,292,0.1,86.73781410778406,0.9682358525389829,20,14,258,10.199999999999799
Branin-Fav,DNGO-Joint,43,246,1,27,1.0,14.859980829264316,0.9682358525389829,0,15,258,9.199999999999797
Branin-Fav,DNGO-Joint,43,247,0,393,0.1,84.14545989416007,0.9655664472229342,1,15,259,9.099999999999797
Branin-Fav,DNGO-Joint,43,248,0,922,0.1,82.97200698567005,0.9655664472229342,2,15,260,8.999999999999796
Branin-Fav,DNGO-Joint,43,249,0,671,0.1,86.08695163272746,0.9655664472229342,3,15,261,8.899999999999794
Branin-Fav,DNGO-Joint,43,250,0,871,0.1,80.84933503901213,0.9655664472229342,4,15,262,8.799999999999793
Branin-Fav,DNGO-Joint,43,251,0,923,0.1,82.392376122493,0.9655664472229342,5,15,263,8.699999999999791
Branin-Fav,DNGO-Joint,43,252,0,728,0.1,84.86147058181042,0.9655664472229342,6,15,264,8.59999999999979
Branin-Fav,DNGO-Joint,43,253,0,777,0.1,81.72602834920875,0.9655664472229342,7,15,265,8.499999999999789
Branin-Fav,DNGO-Joint,43,254,0,123,0.1,82.47555241636573,0.9655664472229342,8,15,266,8.399999999999787
Branin-Fav,DNGO-Joint,43,255,0,82,0.1,82.34723243680095,0.9655664472229342,9,15,267,8.299999999999786
Branin-Fav,DNGO-Joint,43,256,0,432,0.1,78.93209169788847,0.9655664472229342,10,15,268,8.199999999999784
Branin-Fav,DNGO-Joint,43,257,0,679,0.1,83.95881556217428,0.9655664472229342,11,15,269,8.099999999999783
Branin-Fav,DNGO-Joint,43,258,0,342,0.1,79.82017393439311,0.9655664472229342,12,15,270,7.9999999999997815
Branin-Fav,DNGO-Joint,43,259,0,826,0.1,83.11202096560707,0.9655664472229342,13,15,271,7.89999999999978
Branin-Fav,DNGO-Joint,43,260,0,73,0.1,84.23780657759889,0.9655664472229342,14,15,272,7.799999999999779
Branin-Fav,DNGO-Joint,43,261,0,621,0.1,80.19553771220718,0.9655664472229342,15,15,273,7.699999999999777
Branin-Fav,DNGO-Joint,43,262,0,494,0.1,77.90069793761712,0.9655664472229342,16,15,274,7.599999999999776
Branin-Fav,DNGO-Joint,43,263,0,41,0.1,79.28196452595631,0.9655664472229342,17,15,275,7.499999999999774
Branin-Fav,DNGO-Joint,43,264,0,630,0.1,79.27477735498411,0.9655664472229342,18,15,276,7.399999999999773
Branin-Fav,DNGO-Joint,43,265,0,191,0.1,77.49390763947682,0.9655664472229342,19,15,277,7.299999999999772
Branin-Fav,DNGO-Joint,43,266,0,91,0.1,79.80998102570186,0.9655664472229342,20,15,278,7.19999999999977
Branin-Fav,DNGO-Joint,43,267,1,799,1.0,18.569137703938175,0.9655664472229342,0,16,278,6.199999999999768
Branin-Fav,DNGO-Joint,43,268,0,921,0.1,75.67549084294934,0.9655664472229342,1,16,279,6.099999999999769
Branin-Fav,DNGO-Joint,43,269,0,241,0.1,75.25413836363191,0.9655664472229342,2,16,280,5.999999999999767
Branin-Fav,DNGO-Joint,43,270,0,422,0.1,77.64877037346194,0.9655664472229342,3,16,281,5.899999999999766
Branin-Fav,DNGO-Joint,43,271,0,749,0.1,75.4216390504597,0.9655664472229342,4,16,282,5.7999999999997645
Branin-Fav,DNGO-Joint,43,272,0,971,0.1,75.14531734268692,0.9655664472229342,5,16,283,5.699999999999763
Branin-Fav,DNGO-Joint,43,273,0,545,0.1,75.47805493880094,0.9655664472229342,6,16,284,5.599999999999762
Branin-Fav,DNGO-Joint,43,274,0,283,0.1,78.76945249459962,0.9655664472229342,7,16,285,5.49999999999976
Branin-Fav,DNGO-Joint,43,275,0,443,0.1,75.63474302767247,0.9655664472229342,8,16,286,5.399999999999759
Branin-Fav,DNGO-Joint,43,276,0,392,0.1,72.56654753697298,0.9655664472229342,9,16,287,5.299999999999757
Branin-Fav,DNGO-Joint,43,277,0,875,0.1,72.79771496640873,0.9655664472229342,10,16,288,5.199999999999756
Branin-Fav,DNGO-Joint,43,278,0,482,0.1,72.95229726888174,0.9655664472229342,11,16,289,5.0999999999997545
Branin-Fav,DNGO-Joint,43,279,0,141,0.1,72.95356693607991,0.9655664472229342,12,16,290,4.999999999999753
Branin-Fav,DNGO-Joint,43,280,0,40,0.1,73.21380603366987,0.9655664472229342,13,16,291,4.899999999999752
Branin-Fav,DNGO-Joint,43,281,0,372,0.1,72.16982700934742,0.9655664472229342,14,16,292,4.79999999999975
Branin-Fav,DNGO-Joint,43,282,0,596,0.1,70.08139144439471,0.9655664472229342,15,16,293,4.699999999999749
Branin-Fav,DNGO-Joint,43,283,0,647,0.1,71.10833862966972,0.9655664472229342,16,16,294,4.599999999999747
Branin-Fav,DNGO-Joint,43,284,0,698,0.1,71.37045842414142,0.9655664472229342,17,16,295,4.499999999999746
Branin-Fav,DNGO-Joint,43,285,0,571,0.1,69.54683199137864,0.9655664472229342,18,16,296,4.399999999999745
Branin-Fav,DNGO-Joint,43,286,0,920,0.1,68.41618303183736,0.9655664472229342,19,16,297,4.299999999999743
Branin-Fav,DNGO-Joint,43,287,0,972,0.1,68.8913311910245,0.9655664472229342,20,16,298,4.199999999999742
Branin-Fav,DNGO-Joint,43,288,1,526,1.0,13.99079075507762,0.9655664472229342,0,17,298,3.19999999999974
Branin-Fav,DNGO-Joint,43,289,0,291,0.1,68.89525251633661,0.9690078446441085,1,17,299,3.09999999999974
Branin-Fav,DNGO-Joint,43,290,0,924,0.1,70.64007964918108,0.9690078446441085,2,17,300,2.9999999999997384
Branin-Fav,DNGO-Joint,43,291,0,341,0.1,67.31711313901529,0.9690078446441085,3,17,301,2.899999999999737
Branin-Fav,DNGO-Joint,43,292,0,233,0.1,69.59773655850323,0.9690078446441085,4,17,302,2.7999999999997356
Branin-Fav,DNGO-Joint,43,293,0,778,0.1,66.83738084451869,0.9690078446441085,5,17,303,2.699999999999734
Branin-Fav,DNGO-Joint,43,294,0,33,0.1,66.8712417868294,0.9690078446441085,6,17,304,2.5999999999997327
Branin-Fav,DNGO-Joint,43,295,0,827,0.1,68.6335391607726,0.9690078446441085,7,17,305,2.4999999999997313
Branin-Fav,DNGO-Joint,43,296,0,876,0.1,66.84512637735371,0.9690078446441085,8,17,306,2.39999999999973
Branin-Fav,DNGO-Joint,43,297,0,322,0.1,69.33309803481524,0.9690078446441085,9,17,307,2.2999999999997285
Branin-Fav,DNGO-Joint,43,298,0,90,0.1,66.89915352941735,0.9690078446441085,10,17,308,2.199999999999727
Branin-Fav,DNGO-Joint,43,299,0,870,0.1,64.54084835729519,0.9690078446441085,11,17,309,2.0999999999997256
Branin-Fav,DNGO-Joint,43,300,0,272,0.1,67.033949145818,0.9690078446441085,12,17,310,1.9999999999997242
Branin-Fav,DNGO-Joint,43,301,0,973,0.1,64.31803751224635,0.9690078446441085,13,17,311,1.8999999999997228
Branin-Fav,DNGO-Joint,43,302,0,544,0.1,66.4931186551808,0.9690078446441085,14,17,312,1.7999999999997214
Branin-Fav,DNGO-Joint,43,303,0,680,0.1,65.77247301785586,0.9690078446441085,15,17,313,1.69999999999972
Branin-Fav,DNGO-Joint,43,304,0,493,0.1,63.463285010064155,0.9690078446441085,16,17,314,1.5999999999997185
Branin-Fav,DNGO-Joint,43,305,0,532,0.1,64.66074318774186,0.9690078446441085,17,17,315,1.4999999999997171
Branin-Fav,DNGO-Joint,43,306,0,140,0.1,63.836701154814484,0.9690078446441085,18,17,316,1.3999999999997157
Branin-Fav,DNGO-Joint,43,307,0,925,0.1,63.88105163733678,0.9690078446441085,19,17,317,1.2999999999997143
Branin-Fav,DNGO-Joint,43,308,0,820,0.1,62.11507564172793,0.9690078446441085,20,17,318,1.1999999999997129
Branin-Fav,DNGO-Joint,43,309,1,427,1.0,15.459095262330134,0.9690078446441085,0,18,318,0.19999999999971152
Branin-Fav,DNGO-Joint,43,310,0,970,0.1,63.48634691749158,0.9727142652796309,1,18,319,0.09999999999971151
Branin-Fav,DNGO-Joint,44,1,0,2350,0.1,138.6578663493767,0.5,1,2,26,45.4
Branin-Fav,DNGO-Joint,44,2,0,49,0.1,126.28649013651675,0.5,2,2,27,45.3
Branin-Fav,DNGO-Joint,44,3,0,149,0.1,110.12713687438108,0.5,3,2,28,45.199999999999996
Branin-Fav,DNGO-Joint,44,4,0,99,0.1,114.76083901260739,0.5,4,2,29,45.1
Branin-Fav,DNGO-Joint,44,5,0,199,0.1,116.77093784712224,0.5,5,2,30,45.0
Branin-Fav,DNGO-Joint,44,6,0,249,0.1,114.98143385570914,0.5,6,2,31,44.9
Branin-Fav,DNGO-Joint,44,7,0,299,0.1,114.57661979628364,0.5,7,2,32,44.800000000000004
Branin-Fav,DNGO-Joint,44,8,0,349,0.1,112.80078556329502,0.5,8,2,33,44.7
Branin-Fav,DNGO-Joint,44,9,0,399,0.1,109.62623369897253,0.5,9,2,34,44.6
Branin-Fav,DNGO-Joint,44,10,0,48,0.1,108.94451415916053,0.5,10,2,35,44.5
Branin-Fav,DNGO-Joint,44,11,0,98,0.1,107.11546053503568,0.5,11,2,36,44.4
Branin-Fav,DNGO-Joint,44,12,0,198,0.1,106.45964628950144,0.5,12,2,37,44.300000000000004
Branin-Fav,DNGO-Joint,44,13,0,148,0.1,106.48027853631463,0.5,13,2,38,44.2
Branin-Fav,DNGO-Joint,44,14,0,248,0.1,105.41994409601159,0.5,14,2,39,44.1
Branin-Fav,DNGO-Joint,44,15,0,298,0.1,104.34395669878606,0.5,15,2,40,44.00000000000001
Branin-Fav,DNGO-Joint,44,16,0,449,0.1,106.59240043762574,0.5,16,2,41,43.900000000000006
Branin-Fav,DNGO-Joint,44,17,0,348,0.1,103.04733113739552,0.5,17,2,42,43.800000000000004
Branin-Fav,DNGO-Joint,44,18,0,47,0.1,102.8758463711939,0.5,18,2,43,43.7
Branin-Fav,DNGO-Joint,44,19,0,97,0.1,101.47793061840484,0.5,19,2,44,43.6
Branin-Fav,DNGO-Joint,44,20,0,147,0.1,100.14009571512922,0.5,20,2,45,43.50000000000001
Branin-Fav,DNGO-Joint,44,21,1,249,1.0,39.024811610916984,0.5,0,3,45,42.50000000000001
Branin-Fav,DNGO-Joint,44,22,0,197,0.1,98.84642036672675,0.5,1,3,46,42.400000000000006
Branin-Fav,DNGO-Joint,44,23,0,46,0.1,97.76163031058253,0.5,2,3,47,42.300000000000004
Branin-Fav,DNGO-Joint,44,24,0,398,0.1,97.78543665292689,0.5,3,3,48,42.20000000000001
Branin-Fav,DNGO-Joint,44,25,0,247,0.1,96.91700371792393,0.5,4,3,49,42.10000000000001
Branin-Fav,DNGO-Joint,44,26,0,297,0.1,96.1073377471934,0.5,5,3,50,42.00000000000001
Branin-Fav,DNGO-Joint,44,27,0,96,0.1,94.83520135878778,0.5,6,3,51,41.900000000000006
Branin-Fav,DNGO-Joint,44,28,0,499,0.1,97.16989159574868,0.5,7,3,52,41.800000000000004
Branin-Fav,DNGO-Joint,44,29,0,146,0.1,93.88654338881584,0.5,8,3,53,41.70000000000001
Branin-Fav,DNGO-Joint,44,30,0,45,0.1,92.35449040339911,0.5,9,3,54,41.60000000000001
Branin-Fav,DNGO-Joint,44,31,0,196,0.1,92.58808498624748,0.5,10,3,55,41.50000000000001
Branin-Fav,DNGO-Joint,44,32,0,347,0.1,91.26436382224159,0.5,11,3,56,41.40000000000001
Branin-Fav,DNGO-Joint,44,33,0,448,0.1,91.77141973064302,0.5,12,3,57,41.30000000000001
Branin-Fav,DNGO-Joint,44,34,0,246,0.1,90.17552308914748,0.5,13,3,58,41.20000000000001
Branin-Fav,DNGO-Joint,44,35,0,549,0.1,91.88097551797186,0.5,14,3,59,41.10000000000001
Branin-Fav,DNGO-Joint,44,36,0,95,0.1,88.45185027148621,0.5,15,3,60,41.00000000000001
Branin-Fav,DNGO-Joint,44,37,0,397,0.1,89.89199110013467,0.5,16,3,61,40.90000000000001
Branin-Fav,DNGO-Joint,44,38,0,498,0.1,86.23173253051701,0.5,17,3,62,40.80000000000001
Branin-Fav,DNGO-Joint,44,39,0,145,0.1,87.74969684751719,0.5,18,3,63,40.70000000000001
Branin-Fav,DNGO-Joint,44,40,0,44,0.1,85.42320048230235,0.5,19,3,64,40.600000000000016
Branin-Fav,DNGO-Joint,44,41,0,296,0.1,85.53480868831154,0.5,20,3,65,40.500000000000014
Branin-Fav,DNGO-Joint,44,42,1,2492,1.0,67.69181908281915,0.5,0,4,65,39.500000000000014
Branin-Fav,DNGO-Joint,44,43,0,195,0.1,91.15098095554788,0.5,1,4,66,39.40000000000001
Branin-Fav,DNGO-Joint,44,44,0,94,0.1,91.41163445713087,0.5,2,4,67,39.30000000000001
Branin-Fav,DNGO-Joint,44,45,0,32,0.1,99.84458901972641,0.5,3,4,68,39.20000000000001
Branin-Fav,DNGO-Joint,44,46,0,245,0.1,89.72610391721733,0.5,4,4,69,39.100000000000016
Branin-Fav,DNGO-Joint,44,47,0,43,0.1,88.90528136771263,0.5,5,4,70,39.000000000000014
Branin-Fav,DNGO-Joint,44,48,0,29,0.1,93.18661269239678,0.5,6,4,71,38.90000000000001
Branin-Fav,DNGO-Joint,44,49,0,346,0.1,87.32709189506822,0.5,7,4,72,38.80000000000002
Branin-Fav,DNGO-Joint,44,50,0,599,0.1,87.21273825539785,0.5,8,4,73,38.70000000000002
Branin-Fav,DNGO-Joint,44,51,0,295,0.1,87.3441315039599,0.5,9,4,74,38.600000000000016
Branin-Fav,DNGO-Joint,44,52,0,30,0.1,85.30405278106538,0.5,10,4,75,38.500000000000014
Branin-Fav,DNGO-Joint,44,53,0,447,0.1,86.54802416348822,0.5,11,4,76,38.40000000000001
Branin-Fav,DNGO-Joint,44,54,0,577,0.1,90.79714567585,0.5,12,4,77,38.30000000000002
Branin-Fav,DNGO-Joint,44,55,0,726,0.1,85.99344866669371,0.5,13,4,78,38.20000000000002
Branin-Fav,DNGO-Joint,44,56,0,31,0.1,88.9568670064201,0.5,14,4,79,38.100000000000016
Branin-Fav,DNGO-Joint,44,57,0,28,0.1,86.18228803400055,0.5,15,4,80,38.00000000000002
Branin-Fav,DNGO-Joint,44,58,0,576,0.1,92.10198216933671,0.5,16,4,81,37.90000000000002
Branin-Fav,DNGO-Joint,44,59,0,429,0.1,83.44076642354221,0.5,17,4,82,37.80000000000002
Branin-Fav,DNGO-Joint,44,60,0,526,0.1,89.07007551874018,0.5,18,4,83,37.70000000000002
Branin-Fav,DNGO-Joint,44,61,0,477,0.1,89.91980553042056,0.5,19,4,84,37.600000000000016
Branin-Fav,DNGO-Joint,44,62,0,774,0.1,84.15053294339198,0.5,20,4,85,37.50000000000002
Branin-Fav,DNGO-Joint,44,63,1,26,1.0,37.63985928531884,0.5,0,5,85,36.50000000000002
Branin-Fav,DNGO-Joint,44,64,0,627,0.1,86.98487158643904,0.5,1,5,86,36.40000000000002
Branin-Fav,DNGO-Joint,44,65,0,675,0.1,83.96504742574393,0.5,2,5,87,36.30000000000002
Branin-Fav,DNGO-Joint,44,66,0,626,0.1,85.12117530804723,0.5,3,5,88,36.200000000000024
Branin-Fav,DNGO-Joint,44,67,0,476,0.1,85.89859539272354,0.5,4,5,89,36.10000000000002
Branin-Fav,DNGO-Joint,44,68,0,676,0.1,80.62247775508546,0.5,5,5,90,36.00000000000002
Branin-Fav,DNGO-Joint,44,69,0,527,0.1,85.44550125307907,0.5,6,5,91,35.90000000000002
Branin-Fav,DNGO-Joint,44,70,0,376,0.1,84.33209555015083,0.5,7,5,92,35.80000000000002
Branin-Fav,DNGO-Joint,44,71,0,427,0.1,83.28731713712756,0.5,8,5,93,35.700000000000024
Branin-Fav,DNGO-Joint,44,72,0,279,0.1,85.11408776803492,0.5,9,5,94,35.60000000000002
Branin-Fav,DNGO-Joint,44,73,0,377,0.1,84.40909859683602,0.5,10,5,95,35.50000000000002
Branin-Fav,DNGO-Joint,44,74,0,426,0.1,86.69337998021733,0.5,11,5,96,35.40000000000003
Branin-Fav,DNGO-Joint,44,75,0,524,0.1,85.47023724846352,0.5,12,5,97,35.300000000000026
Branin-Fav,DNGO-Joint,44,76,0,575,0.1,83.49931448755069,0.5,13,5,98,35.200000000000024
Branin-Fav,DNGO-Joint,44,77,0,625,0.1,83.03954897731394,0.5,14,5,99,35.10000000000002
Branin-Fav,DNGO-Joint,44,78,0,27,0.1,85.0385907114376,0.5,15,5,100,35.00000000000002
Branin-Fav,DNGO-Joint,44,79,0,725,0.1,82.78884546101374,0.5,16,5,101,34.90000000000003
Branin-Fav,DNGO-Joint,44,80,0,677,0.1,83.00269220973459,0.5,17,5,102,34.800000000000026
Branin-Fav,DNGO-Joint,44,81,0,327,0.1,80.95462725243033,0.5,18,5,103,34.700000000000024
Branin-Fav,DNGO-Joint,44,82,0,326,0.1,81.86720858626965,0.5,19,5,104,34.60000000000003
Branin-Fav,DNGO-Joint,44,83,0,475,0.1,83.97240558712633,0.5,20,5,105,34.50000000000003
Branin-Fav,DNGO-Joint,44,84,1,99,1.0,21.573841005236098,0.5,0,6,105,33.50000000000003
Branin-Fav,DNGO-Joint,44,85,0,525,0.1,79.22386550583106,0.5,1,6,106,33.40000000000003
Branin-Fav,DNGO-Joint,44,86,0,76,0.1,80.56381219402681,0.5,2,6,107,33.300000000000026
Branin-Fav,DNGO-Joint,44,87,0,674,0.1,78.3870496705211,0.5,3,6,108,33.200000000000024
Branin-Fav,DNGO-Joint,44,88,0,77,0.1,80.53003964068881,0.5,4,6,109,33.10000000000002
Branin-Fav,DNGO-Joint,44,89,0,425,0.1,77.97362159986844,0.5,5,6,110,33.00000000000002
Branin-Fav,DNGO-Joint,44,90,0,126,0.1,78.82636672962744,0.5,6,6,111,32.90000000000002
Branin-Fav,DNGO-Joint,44,91,0,276,0.1,78.38605156925541,0.5,7,6,112,32.80000000000002
Branin-Fav,DNGO-Joint,44,92,0,277,0.1,77.86587049456121,0.5,8,6,113,32.70000000000002
Branin-Fav,DNGO-Joint,44,93,0,375,0.1,79.3236080229895,0.5,9,6,114,32.600000000000016
Branin-Fav,DNGO-Joint,44,94,0,624,0.1,76.97105325310132,0.5,10,6,115,32.500000000000014
Branin-Fav,DNGO-Joint,44,95,0,378,0.1,77.09697191563038,0.5,11,6,116,32.40000000000001
Branin-Fav,DNGO-Joint,44,96,0,226,0.1,79.81993936416734,0.5,12,6,117,32.30000000000001
Branin-Fav,DNGO-Joint,44,97,0,176,0.1,76.68146261579255,0.5,13,6,118,32.20000000000001
Branin-Fav,DNGO-Joint,44,98,0,428,0.1,77.16277453678192,0.5,14,6,119,32.10000000000001
Branin-Fav,DNGO-Joint,44,99,0,574,0.1,76.02695080889418,0.5,15,6,120,32.00000000000001
Branin-Fav,DNGO-Joint,44,100,0,325,0.1,76.53059098028285,0.5,16,6,121,31.900000000000006
Branin-Fav,DNGO-Joint,44,101,0,275,0.1,77.42368283565658,0.5,17,6,122,31.800000000000004
Branin-Fav,DNGO-Joint,44,102,0,25,0.1,76.17580821273283,0.5,18,6,123,31.700000000000003
Branin-Fav,DNGO-Joint,44,103,0,227,0.1,74.27251561143525,0.5,19,6,124,31.6
Branin-Fav,DNGO-Joint,44,104,0,127,0.1,75.23966226450763,0.5,20,6,125,31.5
Branin-Fav,DNGO-Joint,44,105,1,31,1.0,20.99410558972749,0.5,0,7,125,30.5
Branin-Fav,DNGO-Joint,44,106,0,474,0.1,101.12547842443301,0.6670030570698282,1,7,126,30.4
Branin-Fav,DNGO-Joint,44,107,0,724,0.1,96.94832521438454,0.6670030570698282,2,7,127,30.299999999999997
Branin-Fav,DNGO-Joint,44,108,0,328,0.1,97.0760496869577,0.6670030570698282,3,7,128,30.199999999999996
Branin-Fav,DNGO-Joint,44,109,0,177,0.1,97.63780613006932,0.6670030570698282,4,7,129,30.099999999999994
Branin-Fav,DNGO-Joint,44,110,0,673,0.1,95.9427030002096,0.6670030570698282,5,7,130,29.999999999999993
Branin-Fav,DNGO-Joint,44,111,0,78,0.1,95.04394246381129,0.6670030570698282,6,7,131,29.89999999999999
Branin-Fav,DNGO-Joint,44,112,0,623,0.1,95.05342618439275,0.6670030570698282,7,7,132,29.79999999999999
Branin-Fav,DNGO-Joint,44,113,0,128,0.1,93.76755570516195,0.6670030570698282,8,7,133,29.69999999999999
Branin-Fav,DNGO-Joint,44,114,0,424,0.1,94.30841172381444,0.6670030570698282,9,7,134,29.599999999999987
Branin-Fav,DNGO-Joint,44,115,0,478,0.1,95.74646990626538,0.6670030570698282,10,7,135,29.499999999999986
Branin-Fav,DNGO-Joint,44,116,0,278,0.1,92.78340021321814,0.6670030570698282,11,7,136,29.399999999999984
Branin-Fav,DNGO-Joint,44,117,0,225,0.1,92.44253134535344,0.6670030570698282,12,7,137,29.299999999999983
Branin-Fav,DNGO-Joint,44,118,0,528,0.1,92.64479738746797,0.6670030570698282,13,7,138,29.19999999999998
Branin-Fav,DNGO-Joint,44,119,0,175,0.1,92.3728539317693,0.6670030570698282,14,7,139,29.09999999999998
Branin-Fav,DNGO-Joint,44,120,0,374,0.1,94.5131309938349,0.6670030570698282,15,7,140,28.99999999999998
Branin-Fav,DNGO-Joint,44,121,0,578,0.1,91.9958229388533,0.6670030570698282,16,7,141,28.899999999999977
Branin-Fav,DNGO-Joint,44,122,0,228,0.1,91.97017149870173,0.6670030570698282,17,7,142,28.799999999999976
Branin-Fav,DNGO-Joint,44,123,0,178,0.1,91.1746020208078,0.6670030570698282,18,7,143,28.699999999999974
Branin-Fav,DNGO-Joint,44,124,0,628,0.1,91.63876916743558,0.6670030570698282,19,7,144,28.599999999999973
Branin-Fav,DNGO-Joint,44,125,0,573,0.1,91.93322693648881,0.6670030570698282,20,7,145,28.49999999999997
Branin-Fav,DNGO-Joint,44,126,1,526,1.0,21.912346868327464,0.6670030570698282,0,8,145,27.49999999999997
Branin-Fav,DNGO-Joint,44,127,0,79,0.1,94.3780904178112,0.6943678651965407,1,8,146,27.39999999999997
Branin-Fav,DNGO-Joint,44,128,0,723,0.1,92.26554398842491,0.6943678651965407,2,8,147,27.29999999999997
Branin-Fav,DNGO-Joint,44,129,0,229,0.1,90.78586004383536,0.6943678651965407,3,8,148,27.199999999999967
Branin-Fav,DNGO-Joint,44,130,0,80,0.1,94.19006969229926,0.6943678651965407,4,8,149,27.099999999999966
Branin-Fav,DNGO-Joint,44,131,0,75,0.1,94.46781774875068,0.6943678651965407,5,8,150,26.999999999999964
Branin-Fav,DNGO-Joint,44,132,0,125,0.1,91.28412552251967,0.6943678651965407,6,8,151,26.899999999999963
Branin-Fav,DNGO-Joint,44,133,0,324,0.1,89.09284057610968,0.6943678651965407,7,8,152,26.79999999999996
Branin-Fav,DNGO-Joint,44,134,0,523,0.1,89.02862930335249,0.6943678651965407,8,8,153,26.69999999999996
Branin-Fav,DNGO-Joint,44,135,0,379,0.1,89.3190016744557,0.6943678651965407,9,8,154,26.59999999999996
Branin-Fav,DNGO-Joint,44,136,0,179,0.1,88.81639839139385,0.6943678651965407,10,8,155,26.499999999999957
Branin-Fav,DNGO-Joint,44,137,0,329,0.1,88.22627534620896,0.6943678651965407,11,8,156,26.399999999999956
Branin-Fav,DNGO-Joint,44,138,0,129,0.1,89.42786129680225,0.6943678651965407,12,8,157,26.299999999999955
Branin-Fav,DNGO-Joint,44,139,0,775,0.1,87.1797290764427,0.6943678651965407,13,8,158,26.199999999999953
Branin-Fav,DNGO-Joint,44,140,0,473,0.1,86.09173233323901,0.6943678651965407,14,8,159,26.09999999999995
Branin-Fav,DNGO-Joint,44,141,0,727,0.1,86.19567692879373,0.6943678651965407,15,8,160,25.99999999999995
Branin-Fav,DNGO-Joint,44,142,0,230,0.1,86.49788057523419,0.6943678651965407,16,8,161,25.89999999999995
Branin-Fav,DNGO-Joint,44,143,0,24,0.1,85.0208080282006,0.6943678651965407,17,8,162,25.799999999999947
Branin-Fav,DNGO-Joint,44,144,0,776,0.1,88.44153714217757,0.6943678651965407,18,8,163,25.699999999999946
Branin-Fav,DNGO-Joint,44,145,0,678,0.1,83.70824955666595,0.6943678651965407,19,8,164,25.599999999999945
Branin-Fav,DNGO-Joint,44,146,0,479,0.1,83.09362260508418,0.6943678651965407,20,8,165,25.499999999999943
Branin-Fav,DNGO-Joint,44,147,1,27,1.0,17.52182714908272,0.6943678651965407,0,9,165,24.499999999999943
Branin-Fav,DNGO-Joint,44,148,0,274,0.1,81.54735186086225,0.6715774825846047,1,9,166,24.39999999999994
Branin-Fav,DNGO-Joint,44,149,0,773,0.1,80.18077347149404,0.6715774825846047,2,9,167,24.29999999999994
Branin-Fav,DNGO-Joint,44,150,0,130,0.1,80.61184907878797,0.6715774825846047,3,9,168,24.19999999999994
Branin-Fav,DNGO-Joint,44,151,0,672,0.1,80.67705094941098,0.6715774825846047,4,9,169,24.099999999999937
Branin-Fav,DNGO-Joint,44,152,0,823,0.1,80.38770900982144,0.6715774825846047,5,9,170,23.999999999999936
Branin-Fav,DNGO-Joint,44,153,0,529,0.1,78.2280079861777,0.6715774825846047,6,9,171,23.899999999999935
Branin-Fav,DNGO-Joint,44,154,0,777,0.1,80.81819700157578,0.6715774825846047,7,9,172,23.799999999999933
Branin-Fav,DNGO-Joint,44,155,0,74,0.1,78.0304749217814,0.6715774825846047,8,9,173,23.699999999999932
Branin-Fav,DNGO-Joint,44,156,0,280,0.1,78.18908689772043,0.6715774825846047,9,9,174,23.59999999999993
Branin-Fav,DNGO-Joint,44,157,0,423,0.1,77.94171236183587,0.6715774825846047,10,9,175,23.49999999999993
Branin-Fav,DNGO-Joint,44,158,0,180,0.1,76.0555755203977,0.6715774825846047,11,9,176,23.399999999999928
Branin-Fav,DNGO-Joint,44,159,0,824,0.1,76.90869706241003,0.6715774825846047,12,9,177,23.299999999999926
Branin-Fav,DNGO-Joint,44,160,0,224,0.1,75.86566347643738,0.6715774825846047,13,9,178,23.199999999999925
Branin-Fav,DNGO-Joint,44,161,0,81,0.1,75.89833887574717,0.6715774825846047,14,9,179,23.099999999999923
Branin-Fav,DNGO-Joint,44,162,0,579,0.1,74.49368303158333,0.6715774825846047,15,9,180,22.999999999999922
Branin-Fav,DNGO-Joint,44,163,0,722,0.1,74.6059268314231,0.6715774825846047,16,9,181,22.89999999999992
Branin-Fav,DNGO-Joint,44,164,0,825,0.1,73.97194843535425,0.6715774825846047,17,9,182,22.79999999999992
Branin-Fav,DNGO-Joint,44,165,0,174,0.1,73.94658140975591,0.6715774825846047,18,9,183,22.699999999999918
Branin-Fav,DNGO-Joint,44,166,0,548,0.1,73.02254298643021,0.6715774825846047,19,9,184,22.599999999999916
Branin-Fav,DNGO-Joint,44,167,0,330,0.1,73.52123311372516,0.6715774825846047,20,9,185,22.499999999999915
Branin-Fav,DNGO-Joint,44,168,1,2450,1.0,15.543668564826502,0.6715774825846047,0,10,185,21.499999999999915
Branin-Fav,DNGO-Joint,44,169,0,380,0.1,72.6712980611273,0.6715774825846047,1,10,186,21.399999999999913
Branin-Fav,DNGO-Joint,44,170,0,826,0.1,70.50593010021478,0.6715774825846047,2,10,187,21.299999999999912
Branin-Fav,DNGO-Joint,44,171,0,430,0.1,70.7828731258095,0.6715774825846047,3,10,188,21.19999999999991
Branin-Fav,DNGO-Joint,44,172,0,93,0.1,71.49715783976534,0.6715774825846047,4,10,189,21.09999999999991
Branin-Fav,DNGO-Joint,44,173,0,772,0.1,70.66963138936882,0.6715774825846047,5,10,190,20.999999999999908
Branin-Fav,DNGO-Joint,44,174,0,396,0.1,69.83175174135722,0.6715774825846047,6,10,191,20.899999999999906
Branin-Fav,DNGO-Joint,44,175,0,622,0.1,70.30654067278111,0.6715774825846047,7,10,192,20.799999999999905
Branin-Fav,DNGO-Joint,44,176,0,649,0.1,71.94441489197555,0.6715774825846047,8,10,193,20.699999999999903
Branin-Fav,DNGO-Joint,44,177,0,124,0.1,69.51028003415206,0.6715774825846047,9,10,194,20.599999999999902
Branin-Fav,DNGO-Joint,44,178,0,131,0.1,70.09224188094424,0.6715774825846047,10,10,195,20.4999999999999
Branin-Fav,DNGO-Joint,44,179,0,194,0.1,68.12687923824042,0.6715774825846047,11,10,196,20.3999999999999
Branin-Fav,DNGO-Joint,44,180,0,629,0.1,68.40719404548068,0.6715774825846047,12,10,197,20.299999999999898
Branin-Fav,DNGO-Joint,44,181,0,231,0.1,69.82690703195243,0.6715774825846047,13,10,198,20.199999999999896
Branin-Fav,DNGO-Joint,44,182,0,244,0.1,70.24808969119368,0.6715774825846047,14,10,199,20.099999999999895
Branin-Fav,DNGO-Joint,44,183,0,143,0.1,68.61507239658081,0.6715774825846047,15,10,200,19.999999999999893
Branin-Fav,DNGO-Joint,44,184,0,373,0.1,68.1772160401425,0.6715774825846047,16,10,201,19.899999999999892
Branin-Fav,DNGO-Joint,44,185,0,480,0.1,67.4466530037065,0.6715774825846047,17,10,202,19.79999999999989
Branin-Fav,DNGO-Joint,44,186,0,42,0.1,67.01057632829963,0.6715774825846047,18,10,203,19.69999999999989
Branin-Fav,DNGO-Joint,44,187,0,822,0.1,66.05147666771646,0.6715774825846047,19,10,204,19.599999999999888
Branin-Fav,DNGO-Joint,44,188,0,497,0.1,65.10138763138774,0.6715774825846047,20,10,205,19.499999999999886
Branin-Fav,DNGO-Joint,44,189,1,576,1.0,14.685064242501067,0.6715774825846047,0,11,205,18.499999999999886
Branin-Fav,DNGO-Joint,44,190,0,181,0.1,70.16406388465681,0.6973365222379269,1,11,206,18.399999999999885
Branin-Fav,DNGO-Joint,44,191,0,323,0.1,69.64630308120047,0.6973365222379269,2,11,207,18.299999999999883
Branin-Fav,DNGO-Joint,44,192,0,345,0.1,67.55740009148175,0.6973365222379269,3,11,208,18.199999999999882
Branin-Fav,DNGO-Joint,44,193,0,572,0.1,70.72060444518725,0.6973365222379269,4,11,209,18.09999999999988
Branin-Fav,DNGO-Joint,44,194,0,281,0.1,68.44389272581289,0.6973365222379269,5,11,210,17.99999999999988
Branin-Fav,DNGO-Joint,44,195,0,874,0.1,67.2131074439033,0.6973365222379269,6,11,211,17.899999999999878
Branin-Fav,DNGO-Joint,44,196,0,522,0.1,66.2200747280815,0.6973365222379269,7,11,212,17.799999999999876
Branin-Fav,DNGO-Joint,44,197,0,728,0.1,67.19369293692282,0.6973365222379269,8,11,213,17.699999999999875
Branin-Fav,DNGO-Joint,44,198,0,875,0.1,65.9079480119793,0.6973365222379269,9,11,214,17.599999999999874
Branin-Fav,DNGO-Joint,44,199,0,530,0.1,65.4892902460918,0.6973365222379269,10,11,215,17.499999999999872
Branin-Fav,DNGO-Joint,44,200,0,294,0.1,67.8321793160197,0.6973365222379269,11,11,216,17.39999999999987
Branin-Fav,DNGO-Joint,44,201,0,446,0.1,65.33345394222707,0.6973365222379269,12,11,217,17.29999999999987
Branin-Fav,DNGO-Joint,44,202,0,679,0.1,63.81229890258814,0.6973365222379269,13,11,218,17.199999999999868
Branin-Fav,DNGO-Joint,44,203,0,395,0.1,63.71518772927395,0.6973365222379269,14,11,219,17.099999999999866
Branin-Fav,DNGO-Joint,44,204,0,193,0.1,63.91538495651613,0.6973365222379269,15,11,220,16.999999999999865
Branin-Fav,DNGO-Joint,44,205,0,92,0.1,67.96549531975647,0.6973365222379269,16,11,221,16.899999999999864
Branin-Fav,DNGO-Joint,44,206,0,243,0.1,62.67752862576495,0.6973365222379269,17,11,222,16.799999999999862
Branin-Fav,DNGO-Joint,44,207,0,82,0.1,64.32554088864937,0.6973365222379269,18,11,223,16.69999999999986
Branin-Fav,DNGO-Joint,44,208,0,273,0.1,62.1012566522001,0.6973365222379269,19,11,224,16.59999999999986
Branin-Fav,DNGO-Joint,44,209,0,344,0.1,64.39374482651242,0.6973365222379269,20,11,225,16.499999999999858
Branin-Fav,DNGO-Joint,44,210,1,199,1.0,12.924663913088445,0.6973365222379269,0,12,225,15.499999999999858
Branin-Fav,DNGO-Joint,44,211,0,41,0.1,59.42337998265797,0.6558516296900152,1,12,226,15.399999999999858
Branin-Fav,DNGO-Joint,44,212,0,496,0.1,58.1931053103307,0.6558516296900152,2,12,227,15.299999999999857
Branin-Fav,DNGO-Joint,44,213,0,598,0.1,58.560439575131774,0.6558516296900152,3,12,228,15.199999999999855
Branin-Fav,DNGO-Joint,44,214,0,23,0.1,59.3639955846283,0.6558516296900152,4,12,229,15.099999999999854
Branin-Fav,DNGO-Joint,44,215,0,331,0.1,60.86347006022529,0.6558516296900152,5,12,230,14.999999999999853
Branin-Fav,DNGO-Joint,44,216,0,381,0.1,57.78754182287037,0.6558516296900152,6,12,231,14.899999999999851
Branin-Fav,DNGO-Joint,44,217,0,580,0.1,56.44453782347881,0.6558516296900152,7,12,232,14.79999999999985
Branin-Fav,DNGO-Joint,44,218,0,873,0.1,58.89789074431797,0.6558516296900152,8,12,233,14.699999999999848
Branin-Fav,DNGO-Joint,44,219,0,771,0.1,58.184130831712565,0.6558516296900152,9,12,234,14.599999999999847
Branin-Fav,DNGO-Joint,44,220,0,547,0.1,57.49567900199749,0.6558516296900152,10,12,235,14.499999999999845
Branin-Fav,DNGO-Joint,44,221,0,872,0.1,57.06679975475186,0.6558516296900152,11,12,236,14.399999999999844
Branin-Fav,DNGO-Joint,44,222,0,778,0.1,57.081267874355405,0.6558516296900152,12,12,237,14.299999999999843
Branin-Fav,DNGO-Joint,44,223,0,2150,0.1,58.132770978582236,0.6558516296900152,13,12,238,14.199999999999841
Branin-Fav,DNGO-Joint,44,224,0,293,0.1,54.65779060053679,0.6558516296900152,14,12,239,14.09999999999984
Branin-Fav,DNGO-Joint,44,225,0,827,0.1,55.1389636354955,0.6558516296900152,15,12,240,13.999999999999838
Branin-Fav,DNGO-Joint,44,226,0,445,0.1,55.031218201762684,0.6558516296900152,16,12,241,13.899999999999837
Branin-Fav,DNGO-Joint,44,227,0,142,0.1,54.63129737646445,0.6558516296900152,17,12,242,13.799999999999836
Branin-Fav,DNGO-Joint,44,228,0,472,0.1,56.13779739520635,0.6558516296900152,18,12,243,13.699999999999834
Branin-Fav,DNGO-Joint,44,229,0,699,0.1,55.00550369173323,0.6558516296900152,19,12,244,13.599999999999833
Branin-Fav,DNGO-Joint,44,230,0,223,0.1,53.904132792642464,0.6558516296900152,20,12,245,13.499999999999831
Branin-Fav,DNGO-Joint,44,231,1,477,1.0,13.182930138159945,0.6558516296900152,0,13,245,12.49999999999983
Branin-Fav,DNGO-Joint,44,232,0,431,0.1,56.8374720432082,0.6908182737655268,1,13,246,12.39999999999983
Branin-Fav,DNGO-Joint,44,233,0,173,0.1,55.7169662474662,0.6908182737655268,2,13,247,12.299999999999828
Branin-Fav,DNGO-Joint,44,234,0,923,0.1,54.142215017937865,0.6908182737655268,3,13,248,12.199999999999827
Branin-Fav,DNGO-Joint,44,235,0,876,0.1,56.853006936275406,0.6908182737655268,4,13,249,12.099999999999826
Branin-Fav,DNGO-Joint,44,236,0,394,0.1,56.28675342967033,0.6908182737655268,5,13,250,11.999999999999824
Branin-Fav,DNGO-Joint,44,237,0,182,0.1,54.84323019145794,0.6908182737655268,6,13,251,11.899999999999823
Branin-Fav,DNGO-Joint,44,238,0,73,0.1,54.97706949742885,0.6908182737655268,7,13,252,11.799999999999821
Branin-Fav,DNGO-Joint,44,239,0,821,0.1,53.1963875827756,0.6908182737655268,8,13,253,11.69999999999982
Branin-Fav,DNGO-Joint,44,240,0,192,0.1,55.3429341037271,0.6908182737655268,9,13,254,11.599999999999818
Branin-Fav,DNGO-Joint,44,241,0,91,0.1,52.3404653353703,0.6908182737655268,10,13,255,11.499999999999817
Branin-Fav,DNGO-Joint,44,242,0,422,0.1,53.01240259552307,0.6908182737655268,11,13,256,11.399999999999816
Branin-Fav,DNGO-Joint,44,243,0,648,0.1,53.26655080652775,0.6908182737655268,12,13,257,11.299999999999814
Branin-Fav,DNGO-Joint,44,244,0,132,0.1,52.418918469722854,0.6908182737655268,13,13,258,11.199999999999813
Branin-Fav,DNGO-Joint,44,245,0,597,0.1,52.22692124008344,0.6908182737655268,14,13,259,11.099999999999811
Branin-Fav,DNGO-Joint,44,246,0,721,0.1,55.39934653272669,0.6908182737655268,15,13,260,10.99999999999981
Branin-Fav,DNGO-Joint,44,247,0,343,0.1,52.19072990586691,0.6908182737655268,16,13,261,10.899999999999809
Branin-Fav,DNGO-Joint,44,248,0,481,0.1,52.36640216304162,0.6908182737655268,17,13,262,10.799999999999807
Branin-Fav,DNGO-Joint,44,249,0,924,0.1,51.96183405839897,0.6908182737655268,18,13,263,10.699999999999806
Branin-Fav,DNGO-Joint,44,250,0,729,0.1,51.04736712201701,0.6908182737655268,19,13,264,10.599999999999804
Branin-Fav,DNGO-Joint,44,251,0,242,0.1,49.98083510837291,0.6908182737655268,20,13,265,10.499999999999803
Branin-Fav,DNGO-Joint,44,252,1,577,1.0,12.372740892481199,0.6908182737655268,0,14,265,9.499999999999801
Branin-Fav,DNGO-Joint,44,253,0,630,0.1,50.437495027239535,0.6815001523000779,1,14,266,9.399999999999801
Branin-Fav,DNGO-Joint,44,254,0,546,0.1,48.87201804263658,0.6815001523000779,2,14,267,9.2999999999998
Branin-Fav,DNGO-Joint,44,255,0,671,0.1,50.52580413169957,0.6815001523000779,3,14,268,9.199999999999799
Branin-Fav,DNGO-Joint,44,256,0,922,0.1,49.16036250140406,0.6815001523000779,4,14,269,9.099999999999797
Branin-Fav,DNGO-Joint,44,257,0,123,0.1,51.15869139637269,0.6815001523000779,5,14,270,8.999999999999796
Branin-Fav,DNGO-Joint,44,258,0,925,0.1,49.16310191646311,0.6815001523000779,6,14,271,8.899999999999794
Branin-Fav,DNGO-Joint,44,259,0,871,0.1,47.36860295676843,0.6815001523000779,7,14,272,8.799999999999793
Branin-Fav,DNGO-Joint,44,260,0,33,0.1,48.09693101787804,0.6815001523000779,8,14,273,8.699999999999791
Branin-Fav,DNGO-Joint,44,261,0,495,0.1,47.46364439087125,0.6815001523000779,9,14,274,8.59999999999979
Branin-Fav,DNGO-Joint,44,262,0,444,0.1,50.178380119080416,0.6815001523000779,10,14,275,8.499999999999789
Branin-Fav,DNGO-Joint,44,263,0,372,0.1,47.301630721613726,0.6815001523000779,11,14,276,8.399999999999787
Branin-Fav,DNGO-Joint,44,264,0,292,0.1,47.2866357381572,0.6815001523000779,12,14,277,8.299999999999786
Branin-Fav,DNGO-Joint,44,265,0,393,0.1,49.94839192780891,0.6815001523000779,13,14,278,8.199999999999784
Branin-Fav,DNGO-Joint,44,266,0,621,0.1,47.15534039465466,0.6815001523000779,14,14,279,8.099999999999783
Branin-Fav,DNGO-Joint,44,267,0,531,0.1,46.19343207549275,0.6815001523000779,15,14,280,7.9999999999997815
Branin-Fav,DNGO-Joint,44,268,0,232,0.1,46.658736979042196,0.6815001523000779,16,14,281,7.89999999999978
Branin-Fav,DNGO-Joint,44,269,0,545,0.1,45.513184991329126,0.6815001523000779,17,14,282,7.799999999999779
Branin-Fav,DNGO-Joint,44,270,0,282,0.1,51.77997893408598,0.6815001523000779,18,14,283,7.699999999999777
Branin-Fav,DNGO-Joint,44,271,0,322,0.1,47.89172404606148,0.6815001523000779,19,14,284,7.599999999999776
Branin-Fav,DNGO-Joint,44,272,0,141,0.1,45.63122003775729,0.6815001523000779,20,14,285,7.499999999999774
Branin-Fav,DNGO-Joint,44,273,1,427,1.0,10.699441159520568,0.6815001523000779,0,15,285,6.499999999999773
Branin-Fav,DNGO-Joint,44,274,0,749,0.1,46.723610857967735,0.7125091038006842,1,15,286,6.399999999999773
Branin-Fav,DNGO-Joint,44,275,0,571,0.1,45.503461798263686,0.7125091038006842,2,15,287,6.299999999999772
Branin-Fav,DNGO-Joint,44,276,0,921,0.1,45.91837286448982,0.7125091038006842,3,15,288,6.19999999999977
Branin-Fav,DNGO-Joint,44,277,0,680,0.1,47.71952405793156,0.7125091038006842,4,15,289,6.099999999999769
Branin-Fav,DNGO-Joint,44,278,0,494,0.1,46.99605249675162,0.7125091038006842,5,15,290,5.999999999999767
Branin-Fav,DNGO-Joint,44,279,0,877,0.1,46.67718032045778,0.7125091038006842,6,15,291,5.899999999999766
Branin-Fav,DNGO-Joint,44,280,0,828,0.1,47.178652298702346,0.7125091038006842,7,15,292,5.7999999999997645
Branin-Fav,DNGO-Joint,44,281,0,332,0.1,45.54266653825256,0.7125091038006842,8,15,293,5.699999999999763
Branin-Fav,DNGO-Joint,44,282,0,779,0.1,45.52584057624325,0.7125091038006842,9,15,294,5.599999999999762
Branin-Fav,DNGO-Joint,44,283,0,40,0.1,46.315207546347125,0.7125091038006842,10,15,295,5.49999999999976
Branin-Fav,DNGO-Joint,44,284,0,596,0.1,44.747284120871925,0.7125091038006842,11,15,296,5.399999999999759
Branin-Fav,DNGO-Joint,44,285,0,973,0.1,44.086739048520535,0.7125091038006842,12,15,297,5.299999999999757
Branin-Fav,DNGO-Joint,44,286,0,191,0.1,44.59047062717303,0.7125091038006842,13,15,298,5.199999999999756
Branin-Fav,DNGO-Joint,44,287,0,90,0.1,44.322015565479965,0.7125091038006842,14,15,299,5.0999999999997545
Branin-Fav,DNGO-Joint,44,288,0,698,0.1,42.99686669272958,0.7125091038006842,15,15,300,4.999999999999753
Branin-Fav,DNGO-Joint,44,289,0,647,0.1,42.76657943913643,0.7125091038006842,16,15,301,4.899999999999752
Branin-Fav,DNGO-Joint,44,290,0,382,0.1,43.244898670706895,0.7125091038006842,17,15,302,4.79999999999975
Branin-Fav,DNGO-Joint,44,291,0,342,0.1,42.24612005724708,0.7125091038006842,18,15,303,4.699999999999749
Branin-Fav,DNGO-Joint,44,292,0,241,0.1,42.57609248978017,0.7125091038006842,19,15,304,4.599999999999747
Branin-Fav,DNGO-Joint,44,293,0,926,0.1,41.49980027432702,0.7125091038006842,20,15,305,4.499999999999746
Branin-Fav,DNGO-Joint,44,294,1,476,1.0,10.769496577080291,0.7125091038006842,0,16,305,3.499999999999744
Branin-Fav,DNGO-Joint,44,295,0,521,0.1,43.7819695276218,0.73164348572947,1,16,306,3.399999999999744
Branin-Fav,DNGO-Joint,44,296,0,581,0.1,43.93252826141149,0.73164348572947,2,16,307,3.2999999999997427
Branin-Fav,DNGO-Joint,44,297,0,443,0.1,41.93822339871407,0.73164348572947,3,16,308,3.1999999999997413
Branin-Fav,DNGO-Joint,44,298,0,974,0.1,42.73640983422032,0.73164348572947,4,16,309,3.09999999999974
Branin-Fav,DNGO-Joint,44,299,0,820,0.1,42.35690075234846,0.73164348572947,5,16,310,2.9999999999997384
Branin-Fav,DNGO-Joint,44,300,0,140,0.1,41.80199071609758,0.73164348572947,6,16,311,2.899999999999737
Branin-Fav,DNGO-Joint,44,301,0,432,0.1,40.94675341147753,0.73164348572947,7,16,312,2.7999999999997356
Branin-Fav,DNGO-Joint,44,302,0,272,0.1,40.59848678413678,0.73164348572947,8,16,313,2.699999999999734
Branin-Fav,DNGO-Joint,44,303,0,971,0.1,42.23890650214065,0.73164348572947,9,16,314,2.5999999999997327
Branin-Fav,DNGO-Joint,44,304,0,222,0.1,40.61312095509149,0.73164348572947,10,16,315,2.4999999999997313
Branin-Fav,DNGO-Joint,44,305,0,39,0.1,40.298687733118044,0.73164348572947,11,16,316,2.39999999999973
Branin-Fav,DNGO-Joint,44,306,0,870,0.1,41.18860879505571,0.73164348572947,12,16,317,2.2999999999997285
Branin-Fav,DNGO-Joint,44,307,0,291,0.1,39.63658794922788,0.73164348572947,13,16,318,2.199999999999727
Branin-Fav,DNGO-Joint,44,308,0,471,0.1,43.24385831487147,0.73164348572947,14,16,319,2.0999999999997256
Branin-Fav,DNGO-Joint,44,309,0,799,0.1,41.040663475401836,0.73164348572947,15,16,320,1.9999999999997242
Branin-Fav,DNGO-Joint,44,310,0,392,0.1,39.19487865636931,0.73164348572947,16,16,321,1.8999999999997228
Branin-Fav,DNGO-Joint,44,311,0,878,0.1,39.028882940930345,0.73164348572947,17,16,322,1.7999999999997214
Branin-Fav,DNGO-Joint,44,312,0,730,0.1,38.81861687047328,0.73164348572947,18,16,323,1.69999999999972
Branin-Fav,DNGO-Joint,44,313,0,920,0.1,39.106929350938735,0.73164348572947,19,16,324,1.5999999999997185
Branin-Fav,DNGO-Joint,44,314,0,544,0.1,39.37413210535117,0.73164348572947,20,16,325,1.4999999999997171
Branin-Fav,DNGO-Joint,44,315,1,426,1.0,10.808608452763409,0.73164348572947,0,17,325,0.4999999999997158
Branin-Fav,DNGO-Joint,44,316,0,83,0.1,40.31380813786781,0.7485966258027485,1,17,326,0.3999999999997158
Branin-Fav,DNGO-Joint,44,317,0,22,0.1,39.652744339538884,0.7485966258027485,2,17,327,0.2999999999997144
Branin-Fav,DNGO-Joint,44,318,0,770,0.1,39.07926323457992,0.7485966258027485,3,17,328,0.19999999999971294
Branin-Fav,DNGO-Joint,44,319,0,595,0.1,39.95426461328876,0.7485966258027485,4,17,329,0.09999999999971151
Branin-Fav,DNGO-Joint,45,1,0,49,0.1,105.22415275170556,0.5,1,2,26,45.4
Branin-Fav,DNGO-Joint,45,2,0,99,0.1,92.05672182434925,0.5,2,2,27,45.3
Branin-Fav,DNGO-Joint,45,3,0,149,0.1,88.63478841495885,0.5,3,2,28,45.199999999999996
Branin-Fav,DNGO-Joint,45,4,0,199,0.1,84.29391124169399,0.5,4,2,29,45.1
Branin-Fav,DNGO-Joint,45,5,0,29,0.1,83.50449784390088,0.5,5,2,30,45.0
Branin-Fav,DNGO-Joint,45,6,0,48,0.1,82.92290953852908,0.5,6,2,31,44.9
Branin-Fav,DNGO-Joint,45,7,0,30,0.1,83.9567192328722,0.5,7,2,32,44.800000000000004
Branin-Fav,DNGO-Joint,45,8,1,2300,1.0,84.78187675469951,0.5,0,3,32,43.800000000000004
Branin-Fav,DNGO-Joint,45,9,0,249,0.1,79.65596348831602,0.5,1,3,33,43.7
Branin-Fav,DNGO-Joint,45,10,0,98,0.1,78.32255649134413,0.5,2,3,34,43.6
Branin-Fav,DNGO-Joint,45,11,0,31,0.1,76.09854019489012,0.5,3,3,35,43.5
Branin-Fav,DNGO-Joint,45,12,0,299,0.1,76.84481984942973,0.5,4,3,36,43.4
Branin-Fav,DNGO-Joint,45,13,0,47,0.1,75.52985498616927,0.5,5,3,37,43.300000000000004
Branin-Fav,DNGO-Joint,45,14,0,148,0.1,75.58510094461775,0.5,6,3,38,43.2
Branin-Fav,DNGO-Joint,45,15,0,198,0.1,73.41033428183003,0.5,7,3,39,43.1
Branin-Fav,DNGO-Joint,45,16,0,349,0.1,75.36336384182526,0.5,8,3,40,43.00000000000001
Branin-Fav,DNGO-Joint,45,17,0,97,0.1,72.98441841863456,0.5,9,3,41,42.900000000000006
Branin-Fav,DNGO-Joint,45,18,0,248,0.1,71.30923420349518,0.5,10,3,42,42.800000000000004
Branin-Fav,DNGO-Joint,45,19,0,147,0.1,70.63151317805463,0.5,11,3,43,42.7
Branin-Fav,DNGO-Joint,45,20,0,298,0.1,69.02363587741266,0.5,12,3,44,42.6
Branin-Fav,DNGO-Joint,45,21,0,197,0.1,68.39214814669444,0.5,13,3,45,42.50000000000001
Branin-Fav,DNGO-Joint,45,22,0,46,0.1,68.70496449004534,0.5,14,3,46,42.400000000000006
Branin-Fav,DNGO-Joint,45,23,0,33,0.1,69.45945341090385,0.5,15,3,47,42.300000000000004
Branin-Fav,DNGO-Joint,45,24,0,96,0.1,66.24323780523548,0.5,16,3,48,42.20000000000001
Branin-Fav,DNGO-Joint,45,25,0,247,0.1,66.00246624705974,0.5,17,3,49,42.10000000000001
Branin-Fav,DNGO-Joint,45,26,0,399,0.1,66.53437617848714,0.5,18,3,50,42.00000000000001
Branin-Fav,DNGO-Joint,45,27,0,2450,0.1,67.20269460222222,0.5,19,3,51,41.900000000000006
Branin-Fav,DNGO-Joint,45,28,0,348,0.1,64.50786673605282,0.5,20,3,52,41.800000000000004
Branin-Fav,DNGO-Joint,45,29,1,99,1.0,39.10212913969555,0.5,0,4,52,40.80000000000001
Branin-Fav,DNGO-Joint,45,30,0,146,0.1,63.707470693888006,0.5,1,4,53,40.70000000000001
Branin-Fav,DNGO-Joint,45,31,0,45,0.1,63.02207268277487,0.5,2,4,54,40.60000000000001
Branin-Fav,DNGO-Joint,45,32,0,196,0.1,62.95866404778517,0.5,3,4,55,40.50000000000001
Branin-Fav,DNGO-Joint,45,33,0,95,0.1,62.272115057111996,0.5,4,4,56,40.40000000000001
Branin-Fav,DNGO-Joint,45,34,0,297,0.1,61.125585606288006,0.5,5,4,57,40.30000000000001
Branin-Fav,DNGO-Joint,45,35,0,246,0.1,59.8894583136502,0.5,6,4,58,40.20000000000001
Branin-Fav,DNGO-Joint,45,36,0,449,0.1,60.5867201549788,0.5,7,4,59,40.10000000000001
Branin-Fav,DNGO-Joint,45,37,0,145,0.1,60.05062980997451,0.5,8,4,60,40.00000000000001
Branin-Fav,DNGO-Joint,45,38,0,398,0.1,59.70921832044868,0.5,9,4,61,39.90000000000001
Branin-Fav,DNGO-Joint,45,39,0,28,0.1,59.55343463609592,0.5,10,4,62,39.80000000000001
Branin-Fav,DNGO-Joint,45,40,0,44,0.1,56.9499770130036,0.5,11,4,63,39.70000000000001
Branin-Fav,DNGO-Joint,45,41,0,347,0.1,57.4573490509301,0.5,12,4,64,39.600000000000016
Branin-Fav,DNGO-Joint,45,42,0,195,0.1,56.61792462184689,0.5,13,4,65,39.500000000000014
Branin-Fav,DNGO-Joint,45,43,0,94,0.1,60.023347203330964,0.5,14,4,66,39.40000000000001
Branin-Fav,DNGO-Joint,45,44,0,296,0.1,55.44617121710465,0.5,15,4,67,39.30000000000001
Branin-Fav,DNGO-Joint,45,45,0,32,0.1,55.65501056835648,0.5,16,4,68,39.20000000000001
Branin-Fav,DNGO-Joint,45,46,0,245,0.1,55.56315986542771,0.5,17,4,69,39.100000000000016
Branin-Fav,DNGO-Joint,45,47,0,144,0.1,54.347468799692024,0.5,18,4,70,39.000000000000014
Branin-Fav,DNGO-Joint,45,48,0,43,0.1,54.29446948639694,0.5,19,4,71,38.90000000000001
Branin-Fav,DNGO-Joint,45,49,0,499,0.1,53.0829323439641,0.5,20,4,72,38.80000000000002
Branin-Fav,DNGO-Joint,45,50,1,449,1.0,19.074789613230397,0.5,0,5,72,37.80000000000002
Branin-Fav,DNGO-Joint,45,51,0,397,0.1,52.28356488790286,0.5,1,5,73,37.70000000000002
Branin-Fav,DNGO-Joint,45,52,0,448,0.1,52.09568949107439,0.5,2,5,74,37.600000000000016
Branin-Fav,DNGO-Joint,45,53,0,36,0.1,56.537942192653055,0.5,3,5,75,37.500000000000014
Branin-Fav,DNGO-Joint,45,54,0,377,0.1,53.83348431461475,0.5,4,5,76,37.40000000000001
Branin-Fav,DNGO-Joint,45,55,0,426,0.1,59.663876014792955,0.5,5,5,77,37.30000000000002
Branin-Fav,DNGO-Joint,45,56,0,427,0.1,56.97564898983188,0.5,6,5,78,37.20000000000002
Branin-Fav,DNGO-Joint,45,57,0,476,0.1,56.95934350225995,0.5,7,5,79,37.100000000000016
Branin-Fav,DNGO-Joint,45,58,0,475,0.1,60.96495664780713,0.5,8,5,80,37.00000000000002
Branin-Fav,DNGO-Joint,45,59,0,326,0.1,61.94639251062974,0.5,9,5,81,36.90000000000002
Branin-Fav,DNGO-Joint,45,60,0,526,0.1,57.237716644966824,0.5,10,5,82,36.80000000000002
Branin-Fav,DNGO-Joint,45,61,0,376,0.1,60.342011645201744,0.5,11,5,83,36.70000000000002
Branin-Fav,DNGO-Joint,45,62,0,477,0.1,60.82172243849618,0.5,12,5,84,36.600000000000016
Branin-Fav,DNGO-Joint,45,63,0,525,0.1,58.847321814995595,0.5,13,5,85,36.50000000000002
Branin-Fav,DNGO-Joint,45,64,0,574,0.1,58.27756772606552,0.5,14,5,86,36.40000000000002
Branin-Fav,DNGO-Joint,45,65,0,575,0.1,57.55679335093594,0.5,15,5,87,36.30000000000002
Branin-Fav,DNGO-Joint,45,66,0,425,0.1,57.812023793930834,0.5,16,5,88,36.200000000000024
Branin-Fav,DNGO-Joint,45,67,0,428,0.1,58.48028059150157,0.5,17,5,89,36.10000000000002
Branin-Fav,DNGO-Joint,45,68,0,624,0.1,56.04985308003046,0.5,18,5,90,36.00000000000002
Branin-Fav,DNGO-Joint,45,69,0,524,0.1,57.15021253065747,0.5,19,5,91,35.90000000000002
Branin-Fav,DNGO-Joint,45,70,0,625,0.1,53.05981890717611,0.5,20,5,92,35.80000000000002
Branin-Fav,DNGO-Joint,45,71,1,276,1.0,27.321624198146246,0.5,0,6,92,34.800000000000026
Branin-Fav,DNGO-Joint,45,72,0,474,0.1,54.22578697993698,0.5,1,6,93,34.700000000000024
Branin-Fav,DNGO-Joint,45,73,0,327,0.1,55.29138935033746,0.5,2,6,94,34.60000000000002
Branin-Fav,DNGO-Joint,45,74,0,375,0.1,52.59750395233121,0.5,3,6,95,34.50000000000002
Branin-Fav,DNGO-Joint,45,75,0,277,0.1,54.781614910381315,0.5,4,6,96,34.40000000000003
Branin-Fav,DNGO-Joint,45,76,0,325,0.1,53.760226788085475,0.5,5,6,97,34.300000000000026
Branin-Fav,DNGO-Joint,45,77,0,527,0.1,55.412243775729486,0.5,6,6,98,34.200000000000024
Branin-Fav,DNGO-Joint,45,78,0,576,0.1,54.69888597796859,0.5,7,6,99,34.10000000000002
Branin-Fav,DNGO-Joint,45,79,0,378,0.1,54.53993826072489,0.5,8,6,100,34.00000000000002
Branin-Fav,DNGO-Joint,45,80,0,674,0.1,51.582123118559714,0.5,9,6,101,33.90000000000003
Branin-Fav,DNGO-Joint,45,81,0,226,0.1,51.82344592949098,0.5,10,6,102,33.800000000000026
Branin-Fav,DNGO-Joint,45,82,0,227,0.1,51.42489958246033,0.5,11,6,103,33.700000000000024
Branin-Fav,DNGO-Joint,45,83,0,278,0.1,51.439419568541624,0.5,12,6,104,33.60000000000002
Branin-Fav,DNGO-Joint,45,84,0,478,0.1,53.85891402622082,0.5,13,6,105,33.50000000000002
Branin-Fav,DNGO-Joint,45,85,0,328,0.1,51.437687309293686,0.5,14,6,106,33.40000000000002
Branin-Fav,DNGO-Joint,45,86,0,577,0.1,51.095118804997746,0.5,15,6,107,33.30000000000002
Branin-Fav,DNGO-Joint,45,87,0,177,0.1,50.47691571195685,0.5,16,6,108,33.20000000000002
Branin-Fav,DNGO-Joint,45,88,0,275,0.1,51.58190808580408,0.5,17,6,109,33.100000000000016
Branin-Fav,DNGO-Joint,45,89,0,228,0.1,48.895105673898826,0.5,18,6,110,33.000000000000014
Branin-Fav,DNGO-Joint,45,90,0,176,0.1,49.42966587877823,0.5,19,6,111,32.90000000000001
Branin-Fav,DNGO-Joint,45,91,0,127,0.1,49.76654880778661,0.5,20,6,112,32.80000000000001
Branin-Fav,DNGO-Joint,45,92,1,27,1.0,15.353827548557001,0.5,0,7,112,31.80000000000001
Branin-Fav,DNGO-Joint,45,93,0,178,0.1,48.468378276950986,0.5,1,7,113,31.70000000000001
Branin-Fav,DNGO-Joint,45,94,0,126,0.1,50.93702901803797,0.5,2,7,114,31.60000000000001
Branin-Fav,DNGO-Joint,45,95,0,626,0.1,48.93072309479862,0.5,3,7,115,31.500000000000007
Branin-Fav,DNGO-Joint,45,96,0,424,0.1,47.97303546650532,0.5,4,7,116,31.400000000000006
Branin-Fav,DNGO-Joint,45,97,0,528,0.1,49.169380780067556,0.5,5,7,117,31.300000000000004
Branin-Fav,DNGO-Joint,45,98,0,77,0.1,48.176463063091376,0.5,6,7,118,31.200000000000003
Branin-Fav,DNGO-Joint,45,99,0,225,0.1,46.919023443572065,0.5,7,7,119,31.1
Branin-Fav,DNGO-Joint,45,100,0,76,0.1,47.981925802898346,0.5,8,7,120,31.0
Branin-Fav,DNGO-Joint,45,101,0,374,0.1,47.38577676438023,0.5,9,7,121,30.9
Branin-Fav,DNGO-Joint,45,102,0,573,0.1,46.47593492925891,0.5,10,7,122,30.799999999999997
Branin-Fav,DNGO-Joint,45,103,0,26,0.1,46.76831462739353,0.5,11,7,123,30.699999999999996
Branin-Fav,DNGO-Joint,45,104,0,329,0.1,45.0398103642087,0.5,12,7,124,30.599999999999994
Branin-Fav,DNGO-Joint,45,105,0,128,0.1,44.82931921871805,0.5,13,7,125,30.499999999999993
Branin-Fav,DNGO-Joint,45,106,0,623,0.1,44.380116315719725,0.5,14,7,126,30.39999999999999
Branin-Fav,DNGO-Joint,45,107,0,379,0.1,44.9847505532186,0.5,15,7,127,30.29999999999999
Branin-Fav,DNGO-Joint,45,108,0,78,0.1,44.75755655894805,0.5,16,7,128,30.19999999999999
Branin-Fav,DNGO-Joint,45,109,0,175,0.1,44.07242852396729,0.5,17,7,129,30.099999999999987
Branin-Fav,DNGO-Joint,45,110,0,279,0.1,43.86833781589582,0.5,18,7,130,29.999999999999986
Branin-Fav,DNGO-Joint,45,111,0,229,0.1,43.52017126434878,0.5,19,7,131,29.899999999999984
Branin-Fav,DNGO-Joint,45,112,0,429,0.1,42.9383812658754,0.5,20,7,132,29.799999999999983
Branin-Fav,DNGO-Joint,45,113,1,149,1.0,12.661785048465406,0.5,0,8,132,28.799999999999983
Branin-Fav,DNGO-Joint,45,114,0,675,0.1,78.9464576763373,0.9301640887918701,1,8,133,28.69999999999998
Branin-Fav,DNGO-Joint,45,115,0,578,0.1,84.99402616014012,0.9301640887918701,2,8,134,28.59999999999998
Branin-Fav,DNGO-Joint,45,116,0,179,0.1,77.56194139036201,0.9301640887918701,3,8,135,28.49999999999998
Branin-Fav,DNGO-Joint,45,117,0,627,0.1,81.92473155913777,0.9301640887918701,4,8,136,28.399999999999977
Branin-Fav,DNGO-Joint,45,118,0,125,0.1,78.70165782920921,0.9301640887918701,5,8,137,28.299999999999976
Branin-Fav,DNGO-Joint,45,119,0,523,0.1,77.47045684173855,0.9301640887918701,6,8,138,28.199999999999974
Branin-Fav,DNGO-Joint,45,120,0,479,0.1,76.24201304308255,0.9301640887918701,7,8,139,28.099999999999973
Branin-Fav,DNGO-Joint,45,121,0,676,0.1,77.98473714325368,0.9301640887918701,8,8,140,27.99999999999997
Branin-Fav,DNGO-Joint,45,122,0,324,0.1,75.26674892372502,0.9301640887918701,9,8,141,27.89999999999997
Branin-Fav,DNGO-Joint,45,123,0,129,0.1,73.39136707457192,0.9301640887918701,10,8,142,27.79999999999997
Branin-Fav,DNGO-Joint,45,124,0,677,0.1,76.70334268060134,0.9301640887918701,11,8,143,27.699999999999967
Branin-Fav,DNGO-Joint,45,125,0,724,0.1,73.65720599667225,0.9301640887918701,12,8,144,27.599999999999966
Branin-Fav,DNGO-Joint,45,126,0,529,0.1,75.034002896918,0.9301640887918701,13,8,145,27.499999999999964
Branin-Fav,DNGO-Joint,45,127,0,75,0.1,73.41075684211933,0.9301640887918701,14,8,146,27.399999999999963
Branin-Fav,DNGO-Joint,45,128,0,673,0.1,72.00540731102434,0.9301640887918701,15,8,147,27.29999999999996
Branin-Fav,DNGO-Joint,45,129,0,79,0.1,70.87088541709507,0.9301640887918701,16,8,148,27.19999999999996
Branin-Fav,DNGO-Joint,45,130,0,725,0.1,69.18741502814072,0.9301640887918701,17,8,149,27.09999999999996
Branin-Fav,DNGO-Joint,45,131,0,25,0.1,70.27850883905603,0.9301640887918701,18,8,150,26.999999999999957
Branin-Fav,DNGO-Joint,45,132,0,274,0.1,69.91512257416129,0.9301640887918701,19,8,151,26.899999999999956
Branin-Fav,DNGO-Joint,45,133,0,473,0.1,70.39338435906593,0.9301640887918701,20,8,152,26.799999999999955
Branin-Fav,DNGO-Joint,45,134,1,426,1.0,10.973626442875632,0.9301640887918701,0,9,152,25.799999999999955
Branin-Fav,DNGO-Joint,45,135,0,628,0.1,11.816931465139044,0.15812472131520677,1,9,153,25.699999999999953
Branin-Fav,DNGO-Joint,45,136,0,330,0.1,11.283241100773653,0.15812472131520677,2,9,154,25.59999999999995
Branin-Fav,DNGO-Joint,45,137,0,723,0.1,12.194247391481655,0.15812472131520677,3,9,155,25.49999999999995
Branin-Fav,DNGO-Joint,45,138,0,346,0.1,11.551088677571958,0.15812472131520677,4,9,156,25.39999999999995
Branin-Fav,DNGO-Joint,45,139,0,380,0.1,11.399415582949105,0.15812472131520677,5,9,157,25.299999999999947
Branin-Fav,DNGO-Joint,45,140,0,579,0.1,11.162813502783978,0.15812472131520677,6,9,158,25.199999999999946
Branin-Fav,DNGO-Joint,45,141,0,280,0.1,10.832092443362306,0.15812472131520677,7,9,159,25.099999999999945
Branin-Fav,DNGO-Joint,45,142,0,726,0.1,11.073758286467688,0.15812472131520677,8,9,160,24.999999999999943
Branin-Fav,DNGO-Joint,45,143,0,773,0.1,11.089956821702689,0.15812472131520677,9,9,161,24.89999999999994
Branin-Fav,DNGO-Joint,45,144,0,549,0.1,10.84611640474948,0.15812472131520677,10,9,162,24.79999999999994
Branin-Fav,DNGO-Joint,45,145,0,224,0.1,10.585447411793897,0.15812472131520677,11,9,163,24.69999999999994
Branin-Fav,DNGO-Joint,45,146,0,230,0.1,10.92682891094286,0.15812472131520677,12,9,164,24.599999999999937
Branin-Fav,DNGO-Joint,45,147,0,423,0.1,10.444152504278392,0.15812472131520677,13,9,165,24.499999999999936
Branin-Fav,DNGO-Joint,45,148,0,774,0.1,10.563963739611845,0.15812472131520677,14,9,166,24.399999999999935
Branin-Fav,DNGO-Joint,45,149,0,672,0.1,11.071123983190995,0.15812472131520677,15,9,167,24.299999999999933
Branin-Fav,DNGO-Joint,45,150,0,194,0.1,11.128239005000097,0.15812472131520677,16,9,168,24.199999999999932
Branin-Fav,DNGO-Joint,45,151,1,376,1.0,10.500242425741883,0.15812472131520677,0,10,168,23.199999999999932
Branin-Fav,DNGO-Joint,45,152,0,295,0.1,23.776498534595063,0.36828677758131756,1,10,169,23.09999999999993
Branin-Fav,DNGO-Joint,45,153,0,244,0.1,23.61938120411848,0.36828677758131756,2,10,170,22.99999999999993
Branin-Fav,DNGO-Joint,45,154,0,180,0.1,23.568233827848186,0.36828677758131756,3,10,171,22.899999999999928
Branin-Fav,DNGO-Joint,45,155,0,430,0.1,23.913039788899248,0.36828677758131756,4,10,172,22.799999999999926
Branin-Fav,DNGO-Joint,45,156,0,722,0.1,23.82343835920077,0.36828677758131756,5,10,173,22.699999999999925
Branin-Fav,DNGO-Joint,45,157,0,93,0.1,24.180129469937317,0.36828677758131756,6,10,174,22.599999999999923
Branin-Fav,DNGO-Joint,45,158,0,130,0.1,23.012957782870476,0.36828677758131756,7,10,175,22.499999999999922
Branin-Fav,DNGO-Joint,45,159,0,678,0.1,24.2532192347982,0.36828677758131756,8,10,176,22.39999999999992
Branin-Fav,DNGO-Joint,45,160,0,480,0.1,22.96192895615003,0.36828677758131756,9,10,177,22.29999999999992
Branin-Fav,DNGO-Joint,45,161,0,498,0.1,22.702777315998905,0.36828677758131756,10,10,178,22.199999999999918
Branin-Fav,DNGO-Joint,45,162,0,447,0.1,23.693616700256637,0.36828677758131756,11,10,179,22.099999999999916
Branin-Fav,DNGO-Joint,45,163,0,373,0.1,22.86861012179471,0.36828677758131756,12,10,180,21.999999999999915
Branin-Fav,DNGO-Joint,45,164,0,80,0.1,23.420276827766017,0.36828677758131756,13,10,181,21.899999999999913
Branin-Fav,DNGO-Joint,45,165,0,396,0.1,23.01472838997638,0.36828677758131756,14,10,182,21.799999999999912
Branin-Fav,DNGO-Joint,45,166,0,174,0.1,21.924495778785655,0.36828677758131756,15,10,183,21.69999999999991
Branin-Fav,DNGO-Joint,45,167,0,727,0.1,22.801700133621775,0.36828677758131756,16,10,184,21.59999999999991
Branin-Fav,DNGO-Joint,45,168,0,622,0.1,23.20367041950388,0.36828677758131756,17,10,185,21.499999999999908
Branin-Fav,DNGO-Joint,45,169,0,345,0.1,21.74675290817856,0.36828677758131756,18,10,186,21.399999999999906
Branin-Fav,DNGO-Joint,45,170,0,775,0.1,21.571194914341767,0.36828677758131756,19,10,187,21.299999999999905
Branin-Fav,DNGO-Joint,45,171,0,143,0.1,22.355416328373394,0.36828677758131756,20,10,188,21.199999999999903
Branin-Fav,DNGO-Joint,45,172,1,527,1.0,9.80082823506267,0.36828677758131756,0,11,188,20.199999999999903
Branin-Fav,DNGO-Joint,45,173,0,124,0.1,21.189193686234876,0.3761544357412935,1,11,189,20.099999999999902
Branin-Fav,DNGO-Joint,45,174,0,599,0.1,21.266198198342973,0.3761544357412935,2,11,190,19.9999999999999
Branin-Fav,DNGO-Joint,45,175,0,629,0.1,21.242460032519794,0.3761544357412935,3,11,191,19.8999999999999
Branin-Fav,DNGO-Joint,45,176,0,74,0.1,21.454700904459667,0.3761544357412935,4,11,192,19.799999999999898
Branin-Fav,DNGO-Joint,45,177,0,572,0.1,21.63905599932681,0.3761544357412935,5,11,193,19.699999999999896
Branin-Fav,DNGO-Joint,45,178,0,776,0.1,20.999150540057638,0.3761544357412935,6,11,194,19.599999999999895
Branin-Fav,DNGO-Joint,45,179,0,294,0.1,21.665664505490952,0.3761544357412935,7,11,195,19.499999999999893
Branin-Fav,DNGO-Joint,45,180,0,530,0.1,21.4745512696543,0.3761544357412935,8,11,196,19.399999999999892
Branin-Fav,DNGO-Joint,45,181,0,193,0.1,21.182911288053802,0.3761544357412935,9,11,197,19.29999999999989
Branin-Fav,DNGO-Joint,45,182,0,2350,0.1,20.8294389875893,0.3761544357412935,10,11,198,19.19999999999989
Branin-Fav,DNGO-Joint,45,183,0,24,0.1,20.032922623243604,0.3761544357412935,11,11,199,19.099999999999888
Branin-Fav,DNGO-Joint,45,184,0,446,0.1,21.083954951704754,0.3761544357412935,12,11,200,18.999999999999886
Branin-Fav,DNGO-Joint,45,185,0,772,0.1,20.796572280988855,0.3761544357412935,13,11,201,18.899999999999885
Branin-Fav,DNGO-Joint,45,186,0,243,0.1,21.025784498086217,0.3761544357412935,14,11,202,18.799999999999883
Branin-Fav,DNGO-Joint,45,187,0,728,0.1,20.508348446395942,0.3761544357412935,15,11,203,18.699999999999882
Branin-Fav,DNGO-Joint,45,188,0,548,0.1,19.95200869145976,0.3761544357412935,16,11,204,18.59999999999988
Branin-Fav,DNGO-Joint,45,189,0,823,0.1,20.297313857613553,0.3761544357412935,17,11,205,18.49999999999988
Branin-Fav,DNGO-Joint,45,190,0,395,0.1,19.65583361298684,0.3761544357412935,18,11,206,18.399999999999878
Branin-Fav,DNGO-Joint,45,191,0,281,0.1,19.776215019904438,0.3761544357412935,19,11,207,18.299999999999876
Branin-Fav,DNGO-Joint,45,192,0,42,0.1,20.091390717575823,0.3761544357412935,20,11,208,18.199999999999875
Branin-Fav,DNGO-Joint,45,193,1,28,1.0,8.627573885687312,0.3761544357412935,0,12,208,17.199999999999875
Branin-Fav,DNGO-Joint,45,194,0,344,0.1,20.331171930574076,0.3959655536445115,1,12,209,17.099999999999874
Branin-Fav,DNGO-Joint,45,195,0,331,0.1,20.86020986950686,0.3959655536445115,2,12,210,16.999999999999872
Branin-Fav,DNGO-Joint,45,196,0,497,0.1,20.09309707030657,0.3959655536445115,3,12,211,16.89999999999987
Branin-Fav,DNGO-Joint,45,197,0,92,0.1,19.97715368380394,0.3959655536445115,4,12,212,16.79999999999987
Branin-Fav,DNGO-Joint,45,198,0,824,0.1,19.753593873542126,0.3959655536445115,5,12,213,16.699999999999868
Branin-Fav,DNGO-Joint,45,199,0,822,0.1,19.24379994193928,0.3959655536445115,6,12,214,16.599999999999866
Branin-Fav,DNGO-Joint,45,200,0,323,0.1,19.633014462115426,0.3959655536445115,7,12,215,16.499999999999865
Branin-Fav,DNGO-Joint,45,201,0,181,0.1,19.5664210098642,0.3959655536445115,8,12,216,16.399999999999864
Branin-Fav,DNGO-Joint,45,202,0,293,0.1,18.9912654564152,0.3959655536445115,9,12,217,16.299999999999862
Branin-Fav,DNGO-Joint,45,203,0,825,0.1,19.448333802173146,0.3959655536445115,10,12,218,16.19999999999986
Branin-Fav,DNGO-Joint,45,204,0,381,0.1,19.044413341245363,0.3959655536445115,11,12,219,16.09999999999986
Branin-Fav,DNGO-Joint,45,205,0,445,0.1,18.631155155598705,0.3959655536445115,12,12,220,15.99999999999986
Branin-Fav,DNGO-Joint,45,206,0,777,0.1,18.47403562148461,0.3959655536445115,13,12,221,15.899999999999858
Branin-Fav,DNGO-Joint,45,207,0,522,0.1,18.629992281856723,0.3959655536445115,14,12,222,15.799999999999857
Branin-Fav,DNGO-Joint,45,208,0,131,0.1,19.038714595220867,0.3959655536445115,15,12,223,15.699999999999855
Branin-Fav,DNGO-Joint,45,209,0,273,0.1,18.63609743996282,0.3959655536445115,16,12,224,15.599999999999854
Branin-Fav,DNGO-Joint,45,210,0,580,0.1,18.498328139911838,0.3959655536445115,17,12,225,15.499999999999853
Branin-Fav,DNGO-Joint,45,211,0,679,0.1,17.675971278999228,0.3959655536445115,18,12,226,15.399999999999851
Branin-Fav,DNGO-Joint,45,212,0,192,0.1,17.6009496462391,0.3959655536445115,19,12,227,15.29999999999985
Branin-Fav,DNGO-Joint,45,213,0,242,0.1,17.10673581718526,0.3959655536445115,20,12,228,15.199999999999848
Branin-Fav,DNGO-Joint,45,214,1,477,1.0,8.864202158602158,0.3959655536445115,0,13,228,14.199999999999847
Branin-Fav,DNGO-Joint,45,215,0,598,0.1,20.753180701282325,0.4486302187290705,1,13,229,14.099999999999847
Branin-Fav,DNGO-Joint,45,216,0,431,0.1,19.549995170297194,0.4486302187290705,2,13,230,13.999999999999845
Branin-Fav,DNGO-Joint,45,217,0,547,0.1,20.42701071698951,0.4486302187290705,3,13,231,13.899999999999844
Branin-Fav,DNGO-Joint,45,218,0,81,0.1,20.289566147203928,0.4486302187290705,4,13,232,13.799999999999843
Branin-Fav,DNGO-Joint,45,219,0,872,0.1,19.472950966767304,0.4486302187290705,5,13,233,13.699999999999841
Branin-Fav,DNGO-Joint,45,220,0,394,0.1,19.283783326850028,0.4486302187290705,6,13,234,13.59999999999984
Branin-Fav,DNGO-Joint,45,221,0,496,0.1,18.94685985049821,0.4486302187290705,7,13,235,13.499999999999838
Branin-Fav,DNGO-Joint,45,222,0,472,0.1,19.14767289901875,0.4486302187290705,8,13,236,13.399999999999837
Branin-Fav,DNGO-Joint,45,223,0,223,0.1,18.51806274854945,0.4486302187290705,9,13,237,13.299999999999836
Branin-Fav,DNGO-Joint,45,224,0,826,0.1,19.147480815004773,0.4486302187290705,10,13,238,13.199999999999834
Branin-Fav,DNGO-Joint,45,225,0,873,0.1,19.013606648955665,0.4486302187290705,11,13,239,13.099999999999833
Branin-Fav,DNGO-Joint,45,226,0,343,0.1,18.742169350326243,0.4486302187290705,12,13,240,12.999999999999831
Branin-Fav,DNGO-Joint,45,227,0,874,0.1,18.02314978589821,0.4486302187290705,13,13,241,12.89999999999983
Branin-Fav,DNGO-Joint,45,228,0,821,0.1,17.766144632347103,0.4486302187290705,14,13,242,12.799999999999828
Branin-Fav,DNGO-Joint,45,229,0,41,0.1,17.75935914396886,0.4486302187290705,15,13,243,12.699999999999827
Branin-Fav,DNGO-Joint,45,230,0,771,0.1,17.25093239093379,0.4486302187290705,16,13,244,12.599999999999826
Branin-Fav,DNGO-Joint,45,231,0,141,0.1,17.353877227723952,0.4486302187290705,17,13,245,12.499999999999824
Branin-Fav,DNGO-Joint,45,232,0,778,0.1,17.015510009775653,0.4486302187290705,18,13,246,12.399999999999823
Branin-Fav,DNGO-Joint,45,233,0,546,0.1,17.5837067445881,0.4486302187290705,19,13,247,12.299999999999821
Branin-Fav,DNGO-Joint,45,234,0,699,0.1,17.884352352393122,0.4486302187290705,20,13,248,12.19999999999982
Branin-Fav,DNGO-Joint,45,235,1,427,1.0,7.535953005710589,0.4486302187290705,0,14,248,11.199999999999818
Branin-Fav,DNGO-Joint,45,236,0,495,0.1,19.287372225175382,0.5000261594765112,1,14,249,11.099999999999818
Branin-Fav,DNGO-Joint,45,237,0,630,0.1,18.99715908047139,0.5000261594765112,2,14,250,10.999999999999817
Branin-Fav,DNGO-Joint,45,238,0,292,0.1,19.340309787088515,0.5000261594765112,3,14,251,10.899999999999816
Branin-Fav,DNGO-Joint,45,239,0,871,0.1,19.1607318028681,0.5000261594765112,4,14,252,10.799999999999814
Branin-Fav,DNGO-Joint,45,240,0,23,0.1,19.95962141174937,0.5000261594765112,5,14,253,10.699999999999813
Branin-Fav,DNGO-Joint,45,241,0,875,0.1,18.431528617670832,0.5000261594765112,6,14,254,10.599999999999811
Branin-Fav,DNGO-Joint,45,242,0,444,0.1,19.317415934309064,0.5000261594765112,7,14,255,10.49999999999981
Branin-Fav,DNGO-Joint,45,243,0,597,0.1,18.830716128088945,0.5000261594765112,8,14,256,10.399999999999809
Branin-Fav,DNGO-Joint,45,244,0,922,0.1,17.574315086886465,0.5000261594765112,9,14,257,10.299999999999807
Branin-Fav,DNGO-Joint,45,245,0,393,0.1,17.669975433504714,0.5000261594765112,10,14,258,10.199999999999806
Branin-Fav,DNGO-Joint,45,246,0,91,0.1,17.778107724117316,0.5000261594765112,11,14,259,10.099999999999804
Branin-Fav,DNGO-Joint,45,247,0,721,0.1,17.937134625937276,0.5000261594765112,12,14,260,9.999999999999803
Branin-Fav,DNGO-Joint,45,248,0,481,0.1,17.528324373449536,0.5000261594765112,13,14,261,9.899999999999801
Branin-Fav,DNGO-Joint,45,249,0,422,0.1,17.25143597653311,0.5000261594765112,14,14,262,9.7999999999998
Branin-Fav,DNGO-Joint,45,250,0,648,0.1,17.958307849500585,0.5000261594765112,15,14,263,9.699999999999799
Branin-Fav,DNGO-Joint,45,251,0,173,0.1,17.69082819606058,0.5000261594765112,16,14,264,9.599999999999797
Branin-Fav,DNGO-Joint,45,252,0,729,0.1,17.502497414128275,0.5000261594765112,17,14,265,9.499999999999796
Branin-Fav,DNGO-Joint,45,253,0,671,0.1,17.015349972017038,0.5000261594765112,18,14,266,9.399999999999794
Branin-Fav,DNGO-Joint,45,254,0,2250,0.1,17.065847284662105,0.5000261594765112,19,14,267,9.299999999999793
Branin-Fav,DNGO-Joint,45,255,0,123,0.1,16.518827249875866,0.5000261594765112,20,14,268,9.199999999999791
Branin-Fav,DNGO-Joint,45,256,1,377,1.0,7.697309605227847,0.5000261594765112,0,15,268,8.19999999999979
Branin-Fav,DNGO-Joint,45,257,0,827,0.1,18.420873537708268,0.5398746276623522,1,15,269,8.09999999999979
Branin-Fav,DNGO-Joint,45,258,0,73,0.1,17.76998894735218,0.5398746276623522,2,15,270,7.999999999999789
Branin-Fav,DNGO-Joint,45,259,0,191,0.1,17.6595103006725,0.5398746276623522,3,15,271,7.899999999999787
Branin-Fav,DNGO-Joint,45,260,0,923,0.1,17.135206508036774,0.5398746276623522,4,15,272,7.799999999999786
Branin-Fav,DNGO-Joint,45,261,0,372,0.1,17.780293966696174,0.5398746276623522,5,15,273,7.699999999999784
Branin-Fav,DNGO-Joint,45,262,0,342,0.1,16.78237545584967,0.5398746276623522,6,15,274,7.599999999999783
Branin-Fav,DNGO-Joint,45,263,0,241,0.1,17.06225399661464,0.5398746276623522,7,15,275,7.4999999999997815
Branin-Fav,DNGO-Joint,45,264,0,621,0.1,17.083270931527796,0.5398746276623522,8,15,276,7.39999999999978
Branin-Fav,DNGO-Joint,45,265,0,232,0.1,17.092752921265152,0.5398746276623522,9,15,277,7.299999999999779
Branin-Fav,DNGO-Joint,45,266,0,531,0.1,17.04677293521256,0.5398746276623522,10,15,278,7.199999999999777
Branin-Fav,DNGO-Joint,45,267,0,680,0.1,15.828767094616731,0.5398746276623522,11,15,279,7.099999999999776
Branin-Fav,DNGO-Joint,45,268,0,921,0.1,16.39877908961916,0.5398746276623522,12,15,280,6.999999999999774
Branin-Fav,DNGO-Joint,45,269,0,182,0.1,16.279301813794945,0.5398746276623522,13,15,281,6.899999999999773
Branin-Fav,DNGO-Joint,45,270,0,545,0.1,16.825955923245896,0.5398746276623522,14,15,282,6.799999999999772
Branin-Fav,DNGO-Joint,45,271,0,924,0.1,15.914509900528243,0.5398746276623522,15,15,283,6.69999999999977
Branin-Fav,DNGO-Joint,45,272,0,40,0.1,15.426762223470948,0.5398746276623522,16,15,284,6.599999999999769
Branin-Fav,DNGO-Joint,45,273,0,876,0.1,16.15734105921082,0.5398746276623522,17,15,285,6.499999999999767
Branin-Fav,DNGO-Joint,45,274,0,972,0.1,15.444446094873344,0.5398746276623522,18,15,286,6.399999999999766
Branin-Fav,DNGO-Joint,45,275,0,596,0.1,15.8858633829758,0.5398746276623522,19,15,287,6.2999999999997645
Branin-Fav,DNGO-Joint,45,276,0,132,0.1,15.051465719843824,0.5398746276623522,20,15,288,6.199999999999763
Branin-Fav,DNGO-Joint,45,277,1,476,1.0,6.788467355195733,0.5398746276623522,0,16,288,5.199999999999761
Branin-Fav,DNGO-Joint,45,278,0,494,0.1,15.799816054217876,0.5603852130122674,1,16,289,5.099999999999762
Branin-Fav,DNGO-Joint,45,279,0,647,0.1,16.904237032172933,0.5603852130122674,2,16,290,4.99999999999976
Branin-Fav,DNGO-Joint,45,280,0,282,0.1,15.395760950073663,0.5603852130122674,3,16,291,4.899999999999759
Branin-Fav,DNGO-Joint,45,281,0,571,0.1,15.633439461189566,0.5603852130122674,4,16,292,4.799999999999757
Branin-Fav,DNGO-Joint,45,282,0,698,0.1,15.234119056589691,0.5603852130122674,5,16,293,4.699999999999756
Branin-Fav,DNGO-Joint,45,283,0,749,0.1,16.019021344756027,0.5603852130122674,6,16,294,4.5999999999997545
Branin-Fav,DNGO-Joint,45,284,0,443,0.1,15.397233248016304,0.5603852130122674,7,16,295,4.499999999999753
Branin-Fav,DNGO-Joint,45,285,0,90,0.1,15.695740454223968,0.5603852130122674,8,16,296,4.399999999999752
Branin-Fav,DNGO-Joint,45,286,0,291,0.1,15.300191969551468,0.5603852130122674,9,16,297,4.29999999999975
Branin-Fav,DNGO-Joint,45,287,0,828,0.1,15.185413896791019,0.5603852130122674,10,16,298,4.199999999999749
Branin-Fav,DNGO-Joint,45,288,0,973,0.1,14.725952600160573,0.5603852130122674,11,16,299,4.099999999999747
Branin-Fav,DNGO-Joint,45,289,0,322,0.1,14.776446418085518,0.5603852130122674,12,16,300,3.9999999999997455
Branin-Fav,DNGO-Joint,45,290,0,332,0.1,14.592255851066701,0.5603852130122674,13,16,301,3.899999999999744
Branin-Fav,DNGO-Joint,45,291,0,82,0.1,14.723939830985904,0.5603852130122674,14,16,302,3.7999999999997427
Branin-Fav,DNGO-Joint,45,292,0,870,0.1,14.810628269856455,0.5603852130122674,15,16,303,3.6999999999997413
Branin-Fav,DNGO-Joint,45,293,0,382,0.1,14.27637967395083,0.5603852130122674,16,16,304,3.59999999999974
Branin-Fav,DNGO-Joint,45,294,0,925,0.1,14.175268198632551,0.5603852130122674,17,16,305,3.4999999999997384
Branin-Fav,DNGO-Joint,45,295,0,140,0.1,14.014338963441215,0.5603852130122674,18,16,306,3.399999999999737
Branin-Fav,DNGO-Joint,45,296,0,521,0.1,13.79507669160259,0.5603852130122674,19,16,307,3.2999999999997356
Branin-Fav,DNGO-Joint,45,297,0,820,0.1,14.109219341445833,0.5603852130122674,20,16,308,3.199999999999734
Branin-Fav,DNGO-Joint,45,298,1,526,1.0,6.999831011246952,0.5603852130122674,0,17,308,2.199999999999733
Branin-Fav,DNGO-Joint,45,299,0,971,0.1,13.737963755721102,0.5669991073019718,1,17,309,2.0999999999997327
Branin-Fav,DNGO-Joint,45,300,0,392,0.1,13.667375573310382,0.5669991073019718,2,17,310,1.9999999999997313
Branin-Fav,DNGO-Joint,45,301,0,2400,0.1,13.828680260838475,0.5669991073019718,3,17,311,1.89999999999973
Branin-Fav,DNGO-Joint,45,302,0,581,0.1,13.303243688817016,0.5669991073019718,4,17,312,1.7999999999997285
Branin-Fav,DNGO-Joint,45,303,0,779,0.1,13.049164200461577,0.5669991073019718,5,17,313,1.699999999999727
Branin-Fav,DNGO-Joint,45,304,0,272,0.1,13.449517979493885,0.5669991073019718,6,17,314,1.5999999999997256
Branin-Fav,DNGO-Joint,45,305,0,190,0.1,13.790959375458113,0.5669991073019718,7,17,315,1.4999999999997242
Branin-Fav,DNGO-Joint,45,306,0,877,0.1,13.36478821477685,0.5669991073019718,8,17,316,1.3999999999997228
Branin-Fav,DNGO-Joint,45,307,0,595,0.1,13.644342592689178,0.5669991073019718,9,17,317,1.2999999999997214
Branin-Fav,DNGO-Joint,45,308,0,240,0.1,13.318754727566985,0.5669991073019718,10,17,318,1.19999999999972
Branin-Fav,DNGO-Joint,45,309,0,432,0.1,12.648354199079446,0.5669991073019718,11,17,319,1.0999999999997185
Branin-Fav,DNGO-Joint,45,310,0,920,0.1,13.287082254456204,0.5669991073019718,12,17,320,0.9999999999997172
Branin-Fav,DNGO-Joint,45,311,0,83,0.1,12.603589294474826,0.5669991073019718,13,17,321,0.8999999999997158
Branin-Fav,DNGO-Joint,45,312,0,770,0.1,12.722813433287058,0.5669991073019718,14,17,322,0.7999999999997144
Branin-Fav,DNGO-Joint,45,313,0,341,0.1,12.289515534045826,0.5669991073019718,15,17,323,0.699999999999713
Branin-Fav,DNGO-Joint,45,314,0,2200,0.1,11.891148915551803,0.5669991073019718,16,17,324,0.5999999999997115
Branin-Fav,DNGO-Joint,45,315,0,730,0.1,11.930711849808272,0.5669991073019718,17,17,325,0.4999999999997101
Branin-Fav,DNGO-Joint,45,316,0,544,0.1,12.327707708994673,0.5669991073019718,18,17,326,0.3999999999997087
Branin-Fav,DNGO-Joint,45,317,0,970,0.1,11.664420560225759,0.5669991073019718,19,17,327,0.2999999999997073
Branin-Fav,DNGO-Joint,45,318,0,646,0.1,11.752639030930373,0.5669991073019718,20,17,328,0.19999999999970583
Branin-Fav,DNGO-Joint,45,319,0,697,0.1,12.227373634410187,0.5669991073019718,21,17,329,0.09999999999970441
Branin-Fav,DNGO-Joint,46,1,0,49,0.1,145.92741870575958,0.5,1,2,26,45.4
Branin-Fav,DNGO-Joint,46,2,0,99,0.1,128.51365821205655,0.5,2,2,27,45.3
Branin-Fav,DNGO-Joint,46,3,0,149,0.1,128.24754273493852,0.5,3,2,28,45.199999999999996
Branin-Fav,DNGO-Joint,46,4,0,48,0.1,124.75459949013059,0.5,4,2,29,45.1
Branin-Fav,DNGO-Joint,46,5,0,33,0.1,126.42818361261682,0.5,5,2,30,45.0
Branin-Fav,DNGO-Joint,46,6,0,98,0.1,117.34369856169099,0.5,6,2,31,44.9
Branin-Fav,DNGO-Joint,46,7,0,199,0.1,117.16325094405848,0.5,7,2,32,44.800000000000004
Branin-Fav,DNGO-Joint,46,8,0,249,0.1,118.91307718322207,0.5,8,2,33,44.7
Branin-Fav,DNGO-Joint,46,9,0,47,0.1,114.24338124887598,0.5,9,2,34,44.6
Branin-Fav,DNGO-Joint,46,10,0,299,0.1,118.8742526128294,0.5,10,2,35,44.5
Branin-Fav,DNGO-Joint,46,11,0,349,0.1,113.92091963048345,0.5,11,2,36,44.4
Branin-Fav,DNGO-Joint,46,12,0,399,0.1,112.71062396678148,0.5,12,2,37,44.300000000000004
Branin-Fav,DNGO-Joint,46,13,0,575,0.1,114.94604306745416,0.5,13,2,38,44.2
Branin-Fav,DNGO-Joint,46,14,0,823,0.1,114.39773168023478,0.5,14,2,39,44.1
Branin-Fav,DNGO-Joint,46,15,0,475,0.1,110.33151373092211,0.5,15,2,40,44.00000000000001
Branin-Fav,DNGO-Joint,46,16,0,525,0.1,108.07232705670557,0.5,16,2,41,43.900000000000006
Branin-Fav,DNGO-Joint,46,17,0,148,0.1,108.15985055755078,0.5,17,2,42,43.800000000000004
Branin-Fav,DNGO-Joint,46,18,0,624,0.1,106.96063034778868,0.5,18,2,43,43.7
Branin-Fav,DNGO-Joint,46,19,0,198,0.1,105.85873668102285,0.5,19,2,44,43.6
Branin-Fav,DNGO-Joint,46,20,0,2250,0.1,106.92595580780612,0.5,20,2,45,43.50000000000001
Branin-Fav,DNGO-Joint,46,21,1,2100,1.0,24.54001292521664,0.5,0,3,45,42.50000000000001
Branin-Fav,DNGO-Joint,46,22,0,725,0.1,106.27668999094863,0.5,1,3,46,42.400000000000006
Branin-Fav,DNGO-Joint,46,23,0,248,0.1,101.52503563399243,0.5,2,3,47,42.300000000000004
Branin-Fav,DNGO-Joint,46,24,0,873,0.1,104.48013349267562,0.5,3,3,48,42.20000000000001
Branin-Fav,DNGO-Joint,46,25,0,449,0.1,102.64565940529891,0.5,4,3,49,42.10000000000001
Branin-Fav,DNGO-Joint,46,26,0,298,0.1,98.79199721649852,0.5,5,3,50,42.00000000000001
Branin-Fav,DNGO-Joint,46,27,0,97,0.1,99.3964252696788,0.5,6,3,51,41.900000000000006
Branin-Fav,DNGO-Joint,46,28,0,46,0.1,99.04751194387285,0.5,7,3,52,41.800000000000004
Branin-Fav,DNGO-Joint,46,29,0,147,0.1,97.1704414645981,0.5,8,3,53,41.70000000000001
Branin-Fav,DNGO-Joint,46,30,0,32,0.1,96.21714304906675,0.5,9,3,54,41.60000000000001
Branin-Fav,DNGO-Joint,46,31,0,773,0.1,96.1762970336794,0.5,10,3,55,41.50000000000001
Branin-Fav,DNGO-Joint,46,32,0,197,0.1,93.88589489874812,0.5,11,3,56,41.40000000000001
Branin-Fav,DNGO-Joint,46,33,0,576,0.1,97.8518998917074,0.5,12,3,57,41.30000000000001
Branin-Fav,DNGO-Joint,46,34,0,476,0.1,94.47343299381923,0.5,13,3,58,41.20000000000001
Branin-Fav,DNGO-Joint,46,35,0,625,0.1,93.77696476257456,0.5,14,3,59,41.10000000000001
Branin-Fav,DNGO-Joint,46,36,0,526,0.1,96.41535491444992,0.5,15,3,60,41.00000000000001
Branin-Fav,DNGO-Joint,46,37,0,426,0.1,94.26193693772329,0.5,16,3,61,40.90000000000001
Branin-Fav,DNGO-Joint,46,38,0,675,0.1,92.49057683296144,0.5,17,3,62,40.80000000000001
Branin-Fav,DNGO-Joint,46,39,0,626,0.1,94.78422568719154,0.5,18,3,63,40.70000000000001
Branin-Fav,DNGO-Joint,46,40,0,674,0.1,92.4210834626653,0.5,19,3,64,40.600000000000016
Branin-Fav,DNGO-Joint,46,41,0,676,0.1,92.96786032606512,0.5,20,3,65,40.500000000000014
Branin-Fav,DNGO-Joint,46,42,1,0,1.0,42.87835120856115,0.5,0,4,65,39.500000000000014
Branin-Fav,DNGO-Joint,46,43,0,724,0.1,111.6649336528753,0.5,1,4,66,39.40000000000001
Branin-Fav,DNGO-Joint,46,44,0,499,0.1,110.32650650166612,0.5,2,4,67,39.30000000000001
Branin-Fav,DNGO-Joint,46,45,0,45,0.1,111.871729361681,0.5,3,4,68,39.20000000000001
Branin-Fav,DNGO-Joint,46,46,0,348,0.1,110.03925331796354,0.5,4,4,69,39.100000000000016
Branin-Fav,DNGO-Joint,46,47,0,574,0.1,107.31204003535206,0.5,5,4,70,39.000000000000014
Branin-Fav,DNGO-Joint,46,48,0,723,0.1,106.90066307267703,0.5,6,4,71,38.90000000000001
Branin-Fav,DNGO-Joint,46,49,0,247,0.1,106.07769167429255,0.5,7,4,72,38.80000000000002
Branin-Fav,DNGO-Joint,46,50,0,377,0.1,110.65491400184528,0.5,8,4,73,38.70000000000002
Branin-Fav,DNGO-Joint,46,51,0,376,0.1,106.42598980405137,0.5,9,4,74,38.600000000000016
Branin-Fav,DNGO-Joint,46,52,0,477,0.1,107.64134564994376,0.5,10,4,75,38.500000000000014
Branin-Fav,DNGO-Joint,46,53,0,427,0.1,106.19702170964821,0.5,11,4,76,38.40000000000001
Branin-Fav,DNGO-Joint,46,54,0,425,0.1,103.8597006264234,0.5,12,4,77,38.30000000000002
Branin-Fav,DNGO-Joint,46,55,0,527,0.1,104.16317158501298,0.5,13,4,78,38.20000000000002
Branin-Fav,DNGO-Joint,46,56,0,327,0.1,104.68976452555782,0.5,14,4,79,38.100000000000016
Branin-Fav,DNGO-Joint,46,57,0,398,0.1,102.22357254964521,0.5,15,4,80,38.00000000000002
Branin-Fav,DNGO-Joint,46,58,0,277,0.1,105.23481488530282,0.5,16,4,81,37.90000000000002
Branin-Fav,DNGO-Joint,46,59,0,328,0.1,104.26677494555953,0.5,17,4,82,37.80000000000002
Branin-Fav,DNGO-Joint,46,60,0,577,0.1,104.32103571155248,0.5,18,4,83,37.70000000000002
Branin-Fav,DNGO-Joint,46,61,0,326,0.1,103.74896197578602,0.5,19,4,84,37.600000000000016
Branin-Fav,DNGO-Joint,46,62,0,297,0.1,100.74454967894306,0.5,20,4,85,37.50000000000002
Branin-Fav,DNGO-Joint,46,63,1,799,1.0,103.9100594763859,0.5,0,5,85,36.50000000000002
Branin-Fav,DNGO-Joint,46,64,0,378,0.1,101.61959650114703,0.5,1,5,86,36.40000000000002
Branin-Fav,DNGO-Joint,46,65,0,627,0.1,100.1528338448679,0.5,2,5,87,36.30000000000002
Branin-Fav,DNGO-Joint,46,66,0,428,0.1,100.49569099050849,0.5,3,5,88,36.200000000000024
Branin-Fav,DNGO-Joint,46,67,0,478,0.1,100.42381915606451,0.5,4,5,89,36.10000000000002
Branin-Fav,DNGO-Joint,46,68,0,29,0.1,99.71979604266453,0.5,5,5,90,36.00000000000002
Branin-Fav,DNGO-Joint,46,69,0,278,0.1,97.20348136891452,0.5,6,5,91,35.90000000000002
Branin-Fav,DNGO-Joint,46,70,0,227,0.1,97.63487749789242,0.5,7,5,92,35.80000000000002
Branin-Fav,DNGO-Joint,46,71,0,228,0.1,96.34404088308709,0.5,8,5,93,35.700000000000024
Branin-Fav,DNGO-Joint,46,72,0,177,0.1,97.27313363461079,0.5,9,5,94,35.60000000000002
Branin-Fav,DNGO-Joint,46,73,0,279,0.1,95.67718760020507,0.5,10,5,95,35.50000000000002
Branin-Fav,DNGO-Joint,46,74,0,178,0.1,97.29045565779992,0.5,11,5,96,35.40000000000003
Branin-Fav,DNGO-Joint,46,75,0,276,0.1,97.06616697922844,0.5,12,5,97,35.300000000000026
Branin-Fav,DNGO-Joint,46,76,0,127,0.1,96.76321209211041,0.5,13,5,98,35.200000000000024
Branin-Fav,DNGO-Joint,46,77,0,524,0.1,93.96616003769726,0.5,14,5,99,35.10000000000002
Branin-Fav,DNGO-Joint,46,78,0,375,0.1,94.46665109343792,0.5,15,5,100,35.00000000000002
Branin-Fav,DNGO-Joint,46,79,0,528,0.1,94.56232353258835,0.5,16,5,101,34.90000000000003
Branin-Fav,DNGO-Joint,46,80,0,28,0.1,94.61093013033094,0.5,17,5,102,34.800000000000026
Branin-Fav,DNGO-Joint,46,81,0,226,0.1,93.04849947869323,0.5,18,5,103,34.700000000000024
Branin-Fav,DNGO-Joint,46,82,0,128,0.1,91.97420947389712,0.5,19,5,104,34.60000000000003
Branin-Fav,DNGO-Joint,46,83,0,30,0.1,93.47803581744131,0.5,20,5,105,34.50000000000003
Branin-Fav,DNGO-Joint,46,84,1,1899,1.0,31.09327981986658,0.5,0,6,105,33.50000000000003
Branin-Fav,DNGO-Joint,46,85,0,329,0.1,93.76848993259857,0.5,1,6,106,33.40000000000003
Branin-Fav,DNGO-Joint,46,86,0,549,0.1,91.52147307730341,0.5,2,6,107,33.300000000000026
Branin-Fav,DNGO-Joint,46,87,0,96,0.1,89.5975252195504,0.5,3,6,108,33.200000000000024
Branin-Fav,DNGO-Joint,46,88,0,78,0.1,90.4628350174469,0.5,4,6,109,33.10000000000002
Branin-Fav,DNGO-Joint,46,89,0,77,0.1,90.1491111106299,0.5,5,6,110,33.00000000000002
Branin-Fav,DNGO-Joint,46,90,0,325,0.1,88.51206866655272,0.5,6,6,111,32.90000000000002
Branin-Fav,DNGO-Joint,46,91,0,27,0.1,88.5236806605729,0.5,7,6,112,32.80000000000002
Branin-Fav,DNGO-Joint,46,92,0,474,0.1,87.9245222758938,0.5,8,6,113,32.70000000000002
Branin-Fav,DNGO-Joint,46,93,0,726,0.1,87.91321359190165,0.5,9,6,114,32.600000000000016
Branin-Fav,DNGO-Joint,46,94,0,229,0.1,87.71089936501603,0.5,10,6,115,32.500000000000014
Branin-Fav,DNGO-Joint,46,95,0,179,0.1,86.82971353793737,0.5,11,6,116,32.40000000000001
Branin-Fav,DNGO-Joint,46,96,0,578,0.1,87.06108023974629,0.5,12,6,117,32.30000000000001
Branin-Fav,DNGO-Joint,46,97,0,129,0.1,86.68973557483191,0.5,13,6,118,32.20000000000001
Branin-Fav,DNGO-Joint,46,98,0,379,0.1,86.13717932742485,0.5,14,6,119,32.10000000000001
Branin-Fav,DNGO-Joint,46,99,0,176,0.1,86.1272966418921,0.5,15,6,120,32.00000000000001
Branin-Fav,DNGO-Joint,46,100,0,677,0.1,86.20414583611664,0.5,16,6,121,31.900000000000006
Branin-Fav,DNGO-Joint,46,101,0,429,0.1,84.37961126114426,0.5,17,6,122,31.800000000000004
Branin-Fav,DNGO-Joint,46,102,0,673,0.1,85.39943119136024,0.5,18,6,123,31.700000000000003
Branin-Fav,DNGO-Joint,46,103,0,275,0.1,83.6198734072205,0.5,19,6,124,31.6
Branin-Fav,DNGO-Joint,46,104,0,126,0.1,83.09868065834873,0.5,20,6,125,31.5
Branin-Fav,DNGO-Joint,46,105,1,949,1.0,17.620509799486292,0.5,0,7,125,30.5
Branin-Fav,DNGO-Joint,46,106,0,79,0.1,84.19207908760171,0.5,1,7,126,30.4
Branin-Fav,DNGO-Joint,46,107,0,774,0.1,84.69517733358235,0.5,2,7,127,30.299999999999997
Branin-Fav,DNGO-Joint,46,108,0,76,0.1,81.51267884710124,0.5,3,7,128,30.199999999999996
Branin-Fav,DNGO-Joint,46,109,0,146,0.1,82.82346628134152,0.5,4,7,129,30.099999999999994
Branin-Fav,DNGO-Joint,46,110,0,424,0.1,81.43553304603766,0.5,5,7,130,29.999999999999993
Branin-Fav,DNGO-Joint,46,111,0,80,0.1,79.93529260077196,0.5,6,7,131,29.89999999999999
Branin-Fav,DNGO-Joint,46,112,0,130,0.1,81.52443541976419,0.5,7,7,132,29.79999999999999
Branin-Fav,DNGO-Joint,46,113,0,623,0.1,79.86154869347833,0.5,8,7,133,29.69999999999999
Branin-Fav,DNGO-Joint,46,114,0,196,0.1,80.00754867956172,0.5,9,7,134,29.599999999999987
Branin-Fav,DNGO-Joint,46,115,0,230,0.1,79.83950250056355,0.5,10,7,135,29.499999999999986
Branin-Fav,DNGO-Joint,46,116,0,95,0.1,78.99143238741769,0.5,11,7,136,29.399999999999984
Branin-Fav,DNGO-Joint,46,117,0,26,0.1,78.54240678859752,0.5,12,7,137,29.299999999999983
Branin-Fav,DNGO-Joint,46,118,0,180,0.1,78.38485829673033,0.5,13,7,138,29.19999999999998
Branin-Fav,DNGO-Joint,46,119,0,448,0.1,78.46792257275911,0.5,14,7,139,29.09999999999998
Branin-Fav,DNGO-Joint,46,120,0,775,0.1,77.70048198583915,0.5,15,7,140,28.99999999999998
Branin-Fav,DNGO-Joint,46,121,0,44,0.1,77.32984949698637,0.5,16,7,141,28.899999999999977
Branin-Fav,DNGO-Joint,46,122,0,225,0.1,77.12043367332161,0.5,17,7,142,28.799999999999976
Branin-Fav,DNGO-Joint,46,123,0,31,0.1,77.71307607134378,0.5,18,7,143,28.699999999999974
Branin-Fav,DNGO-Joint,46,124,0,628,0.1,76.36504651222826,0.5,19,7,144,28.599999999999973
Branin-Fav,DNGO-Joint,46,125,0,145,0.1,77.16622239990959,0.5,20,7,145,28.49999999999997
Branin-Fav,DNGO-Joint,46,126,1,499,1.0,22.51372373891086,0.5,0,8,145,27.49999999999997
Branin-Fav,DNGO-Joint,46,127,0,727,0.1,76.16743958634385,0.5,1,8,146,27.39999999999997
Branin-Fav,DNGO-Joint,46,128,0,94,0.1,77.06666613260417,0.5,2,8,147,27.29999999999997
Branin-Fav,DNGO-Joint,46,129,0,347,0.1,74.74611153857228,0.5,3,8,148,27.199999999999967
Branin-Fav,DNGO-Joint,46,130,0,573,0.1,75.13550353844964,0.5,4,8,149,27.099999999999966
Branin-Fav,DNGO-Joint,46,131,0,246,0.1,76.42600540767222,0.5,5,8,150,26.999999999999964
Branin-Fav,DNGO-Joint,46,132,0,175,0.1,73.26829635452533,0.5,6,8,151,26.899999999999963
Branin-Fav,DNGO-Joint,46,133,0,43,0.1,75.3394724037182,0.5,7,8,152,26.79999999999996
Branin-Fav,DNGO-Joint,46,134,0,479,0.1,72.56415385855672,0.5,8,8,153,26.69999999999996
Branin-Fav,DNGO-Joint,46,135,0,374,0.1,74.47586781805043,0.5,9,8,154,26.59999999999996
Branin-Fav,DNGO-Joint,46,136,0,523,0.1,73.78209647723845,0.5,10,8,155,26.499999999999957
Branin-Fav,DNGO-Joint,46,137,0,722,0.1,74.26460229068529,0.5,11,8,156,26.399999999999956
Branin-Fav,DNGO-Joint,46,138,0,324,0.1,72.30755756988952,0.5,12,8,157,26.299999999999955
Branin-Fav,DNGO-Joint,46,139,0,280,0.1,71.96711087650883,0.5,13,8,158,26.199999999999953
Branin-Fav,DNGO-Joint,46,140,0,81,0.1,73.06254188083048,0.5,14,8,159,26.09999999999995
Branin-Fav,DNGO-Joint,46,141,0,599,0.1,74.83924473878216,0.5,15,8,160,25.99999999999995
Branin-Fav,DNGO-Joint,46,142,0,776,0.1,72.768633020362,0.5,16,8,161,25.89999999999995
Branin-Fav,DNGO-Joint,46,143,0,529,0.1,70.21682533617171,0.5,17,8,162,25.799999999999947
Branin-Fav,DNGO-Joint,46,144,0,195,0.1,69.20772626664754,0.5,18,8,163,25.699999999999946
Branin-Fav,DNGO-Joint,46,145,0,473,0.1,68.98047017390961,0.5,19,8,164,25.599999999999945
Branin-Fav,DNGO-Joint,46,146,0,125,0.1,69.21152293209343,0.5,20,8,165,25.499999999999943
Branin-Fav,DNGO-Joint,46,147,1,549,1.0,20.982682992411394,0.5,0,9,165,24.499999999999943
Branin-Fav,DNGO-Joint,46,148,0,296,0.1,68.8995527517935,0.5,1,9,166,24.39999999999994
Branin-Fav,DNGO-Joint,46,149,0,397,0.1,67.67169397388952,0.5,2,9,167,24.29999999999994
Branin-Fav,DNGO-Joint,46,150,0,330,0.1,67.93286994367358,0.5,3,9,168,24.19999999999994
Branin-Fav,DNGO-Joint,46,151,0,423,0.1,69.65336882782157,0.5,4,9,169,24.099999999999937
Branin-Fav,DNGO-Joint,46,152,0,498,0.1,66.90328040716165,0.5,5,9,170,23.999999999999936
Branin-Fav,DNGO-Joint,46,153,0,75,0.1,67.83119920742712,0.5,6,9,171,23.899999999999935
Branin-Fav,DNGO-Joint,46,154,0,144,0.1,67.90842247902111,0.5,7,9,172,23.799999999999933
Branin-Fav,DNGO-Joint,46,155,0,346,0.1,66.4997081157734,0.5,8,9,173,23.699999999999932
Branin-Fav,DNGO-Joint,46,156,0,25,0.1,67.14862428482553,0.5,9,9,174,23.59999999999993
Branin-Fav,DNGO-Joint,46,157,0,274,0.1,67.84950021497157,0.5,10,9,175,23.49999999999993
Branin-Fav,DNGO-Joint,46,158,0,672,0.1,66.7255327120944,0.5,11,9,176,23.399999999999928
Branin-Fav,DNGO-Joint,46,159,0,380,0.1,66.58157718044706,0.5,12,9,177,23.299999999999926
Branin-Fav,DNGO-Joint,46,160,0,824,0.1,66.70666105167768,0.5,13,9,178,23.199999999999925
Branin-Fav,DNGO-Joint,46,161,0,825,0.1,64.16465524788048,0.5,14,9,179,23.099999999999923
Branin-Fav,DNGO-Joint,46,162,0,678,0.1,64.8060343011665,0.5,15,9,180,22.999999999999922
Branin-Fav,DNGO-Joint,46,163,0,447,0.1,63.880579377793886,0.5,16,9,181,22.89999999999992
Branin-Fav,DNGO-Joint,46,164,0,245,0.1,64.66132122752968,0.5,17,9,182,22.79999999999992
Branin-Fav,DNGO-Joint,46,165,0,131,0.1,64.43839187912687,0.5,18,9,183,22.699999999999918
Branin-Fav,DNGO-Joint,46,166,0,772,0.1,64.91336651799872,0.5,19,9,184,22.599999999999916
Branin-Fav,DNGO-Joint,46,167,0,93,0.1,64.42516641158947,0.5,20,9,185,22.499999999999915
Branin-Fav,DNGO-Joint,46,168,1,449,1.0,18.33117622316625,0.5,0,10,185,21.499999999999915
Branin-Fav,DNGO-Joint,46,169,0,548,0.1,114.41250806343629,0.9238097854793785,1,10,186,21.399999999999913
Branin-Fav,DNGO-Joint,46,170,0,194,0.1,114.43668121322939,0.9238097854793785,2,10,187,21.299999999999912
Branin-Fav,DNGO-Joint,46,171,0,42,0.1,114.82381182716091,0.9238097854793785,3,10,188,21.19999999999991
Branin-Fav,DNGO-Joint,46,172,0,649,0.1,114.15223152741285,0.9238097854793785,4,10,189,21.09999999999991
Branin-Fav,DNGO-Joint,46,173,0,430,0.1,114.8898298689355,0.9238097854793785,5,10,190,20.999999999999908
Branin-Fav,DNGO-Joint,46,174,0,579,0.1,113.46498929028873,0.9238097854793785,6,10,191,20.899999999999906
Branin-Fav,DNGO-Joint,46,175,0,224,0.1,112.29173536723658,0.9238097854793785,7,10,192,20.799999999999905
Branin-Fav,DNGO-Joint,46,176,0,622,0.1,111.13845014269155,0.9238097854793785,8,10,193,20.699999999999903
Branin-Fav,DNGO-Joint,46,177,0,699,0.1,112.52988702316784,0.9238097854793785,9,10,194,20.599999999999902
Branin-Fav,DNGO-Joint,46,178,0,181,0.1,110.76622875009765,0.9238097854793785,10,10,195,20.4999999999999
Branin-Fav,DNGO-Joint,46,179,0,822,0.1,111.7364977395733,0.9238097854793785,11,10,196,20.3999999999999
Branin-Fav,DNGO-Joint,46,180,0,295,0.1,111.0602289194873,0.9238097854793785,12,10,197,20.299999999999898
Branin-Fav,DNGO-Joint,46,181,0,777,0.1,114.16507573433023,0.9238097854793785,13,10,198,20.199999999999896
Branin-Fav,DNGO-Joint,46,182,0,143,0.1,108.89299887415632,0.9238097854793785,14,10,199,20.099999999999895
Branin-Fav,DNGO-Joint,46,183,0,396,0.1,107.61813873866213,0.9238097854793785,15,10,200,19.999999999999893
Branin-Fav,DNGO-Joint,46,184,0,92,0.1,107.43759510171384,0.9238097854793785,16,10,201,19.899999999999892
Branin-Fav,DNGO-Joint,46,185,0,193,0.1,108.70040378026746,0.9238097854793785,17,10,202,19.79999999999989
Branin-Fav,DNGO-Joint,46,186,0,826,0.1,107.48836378206806,0.9238097854793785,18,10,203,19.69999999999989
Branin-Fav,DNGO-Joint,46,187,0,231,0.1,106.57274229147565,0.9238097854793785,19,10,204,19.599999999999888
Branin-Fav,DNGO-Joint,46,188,0,345,0.1,107.99883862109847,0.9238097854793785,20,10,205,19.499999999999886
Branin-Fav,DNGO-Joint,46,189,1,599,1.0,16.731763774649785,0.9238097854793785,0,11,205,18.499999999999886
Branin-Fav,DNGO-Joint,46,190,0,480,0.1,58.49420802733808,0.5088814636465028,1,11,206,18.399999999999885
Branin-Fav,DNGO-Joint,46,191,0,373,0.1,57.530367460291195,0.5088814636465028,2,11,207,18.299999999999883
Branin-Fav,DNGO-Joint,46,192,0,174,0.1,57.98104818173693,0.5088814636465028,3,11,208,18.199999999999882
Branin-Fav,DNGO-Joint,46,193,0,497,0.1,58.204961543328736,0.5088814636465028,4,11,209,18.09999999999988
Branin-Fav,DNGO-Joint,46,194,0,294,0.1,58.49775721534194,0.5088814636465028,5,11,210,17.99999999999988
Branin-Fav,DNGO-Joint,46,195,0,629,0.1,56.70960658723805,0.5088814636465028,6,11,211,17.899999999999878
Branin-Fav,DNGO-Joint,46,196,0,142,0.1,57.52950038957517,0.5088814636465028,7,11,212,17.799999999999876
Branin-Fav,DNGO-Joint,46,197,0,572,0.1,56.99907055309208,0.5088814636465028,8,11,213,17.699999999999875
Branin-Fav,DNGO-Joint,46,198,0,281,0.1,57.36994222877579,0.5088814636465028,9,11,214,17.599999999999874
Branin-Fav,DNGO-Joint,46,199,0,872,0.1,55.34694073512961,0.5088814636465028,10,11,215,17.499999999999872
Branin-Fav,DNGO-Joint,46,200,0,728,0.1,57.113275971846406,0.5088814636465028,11,11,216,17.39999999999987
Branin-Fav,DNGO-Joint,46,201,0,598,0.1,56.680517106972495,0.5088814636465028,12,11,217,17.29999999999987
Branin-Fav,DNGO-Joint,46,202,0,41,0.1,55.53923572864342,0.5088814636465028,13,11,218,17.199999999999868
Branin-Fav,DNGO-Joint,46,203,0,124,0.1,55.656614317305696,0.5088814636465028,14,11,219,17.099999999999866
Branin-Fav,DNGO-Joint,46,204,0,874,0.1,53.994521851606606,0.5088814636465028,15,11,220,16.999999999999865
Branin-Fav,DNGO-Joint,46,205,0,875,0.1,54.98336594230404,0.5088814636465028,16,11,221,16.899999999999864
Branin-Fav,DNGO-Joint,46,206,0,331,0.1,54.52484837866562,0.5088814636465028,17,11,222,16.799999999999862
Branin-Fav,DNGO-Joint,46,207,0,446,0.1,53.378646800619585,0.5088814636465028,18,11,223,16.69999999999986
Branin-Fav,DNGO-Joint,46,208,0,243,0.1,54.160095083229166,0.5088814636465028,19,11,224,16.59999999999986
Branin-Fav,DNGO-Joint,46,209,0,82,0.1,53.475448423155015,0.5088814636465028,20,11,225,16.499999999999858
Branin-Fav,DNGO-Joint,46,210,1,399,1.0,15.291038947392588,0.5088814636465028,0,12,225,15.499999999999858
Branin-Fav,DNGO-Joint,46,211,0,323,0.1,77.75766108581298,0.7424858469372938,1,12,226,15.399999999999858
Branin-Fav,DNGO-Joint,46,212,0,91,0.1,77.77049750340508,0.7424858469372938,2,12,227,15.299999999999857
Branin-Fav,DNGO-Joint,46,213,0,395,0.1,75.76833077775666,0.7424858469372938,3,12,228,15.199999999999855
Branin-Fav,DNGO-Joint,46,214,0,74,0.1,76.23333959183196,0.7424858469372938,4,12,229,15.099999999999854
Branin-Fav,DNGO-Joint,46,215,0,547,0.1,75.29580703678917,0.7424858469372938,5,12,230,14.999999999999853
Branin-Fav,DNGO-Joint,46,216,0,530,0.1,76.22130272475019,0.7424858469372938,6,12,231,14.899999999999851
Branin-Fav,DNGO-Joint,46,217,0,749,0.1,76.42634846805127,0.7424858469372938,7,12,232,14.79999999999985
Branin-Fav,DNGO-Joint,46,218,0,192,0.1,73.3522376888903,0.7424858469372938,8,12,233,14.699999999999848
Branin-Fav,DNGO-Joint,46,219,0,344,0.1,74.67036113930149,0.7424858469372938,9,12,234,14.599999999999847
Branin-Fav,DNGO-Joint,46,220,0,381,0.1,72.88644709679129,0.7424858469372938,10,12,235,14.499999999999845
Branin-Fav,DNGO-Joint,46,221,0,24,0.1,76.69251561891876,0.7424858469372938,11,12,236,14.399999999999844
Branin-Fav,DNGO-Joint,46,222,0,522,0.1,74.39998978087165,0.7424858469372938,12,12,237,14.299999999999843
Branin-Fav,DNGO-Joint,46,223,0,293,0.1,72.39433855161313,0.7424858469372938,13,12,238,14.199999999999841
Branin-Fav,DNGO-Joint,46,224,0,431,0.1,72.20313376961566,0.7424858469372938,14,12,239,14.09999999999984
Branin-Fav,DNGO-Joint,46,225,0,496,0.1,73.49914003376793,0.7424858469372938,15,12,240,13.999999999999838
Branin-Fav,DNGO-Joint,46,226,0,445,0.1,72.70405822521292,0.7424858469372938,16,12,241,13.899999999999837
Branin-Fav,DNGO-Joint,46,227,0,648,0.1,72.0916582192171,0.7424858469372938,17,12,242,13.799999999999836
Branin-Fav,DNGO-Joint,46,228,0,679,0.1,71.57974014044943,0.7424858469372938,18,12,243,13.699999999999834
Branin-Fav,DNGO-Joint,46,229,0,273,0.1,70.71696664464231,0.7424858469372938,19,12,244,13.599999999999833
Branin-Fav,DNGO-Joint,46,230,0,132,0.1,70.98428434274378,0.7424858469372938,20,12,245,13.499999999999831
Branin-Fav,DNGO-Joint,46,231,1,349,1.0,14.880085262676145,0.7424858469372938,0,13,245,12.49999999999983
Branin-Fav,DNGO-Joint,46,232,0,923,0.1,75.46707194766044,0.7975445142615429,1,13,246,12.39999999999983
Branin-Fav,DNGO-Joint,46,233,0,827,0.1,74.92953064219311,0.7975445142615429,2,13,247,12.299999999999828
Branin-Fav,DNGO-Joint,46,234,0,242,0.1,75.07225382516559,0.7975445142615429,3,13,248,12.199999999999827
Branin-Fav,DNGO-Joint,46,235,0,394,0.1,75.76996202640262,0.7975445142615429,4,13,249,12.099999999999826
Branin-Fav,DNGO-Joint,46,236,0,771,0.1,76.69840283453122,0.7975445142615429,5,13,250,11.999999999999824
Branin-Fav,DNGO-Joint,46,237,0,141,0.1,74.48821517363292,0.7975445142615429,6,13,251,11.899999999999823
Branin-Fav,DNGO-Joint,46,238,0,924,0.1,72.67592386368982,0.7975445142615429,7,13,252,11.799999999999821
Branin-Fav,DNGO-Joint,46,239,0,778,0.1,72.44571440020816,0.7975445142615429,8,13,253,11.69999999999982
Branin-Fav,DNGO-Joint,46,240,0,40,0.1,76.32094393540723,0.7975445142615429,9,13,254,11.599999999999818
Branin-Fav,DNGO-Joint,46,241,0,922,0.1,72.6938680237819,0.7975445142615429,10,13,255,11.499999999999817
Branin-Fav,DNGO-Joint,46,242,0,182,0.1,72.2751874841406,0.7975445142615429,11,13,256,11.399999999999816
Branin-Fav,DNGO-Joint,46,243,0,580,0.1,71.63966487635838,0.7975445142615429,12,13,257,11.299999999999814
Branin-Fav,DNGO-Joint,46,244,0,821,0.1,71.45798153570297,0.7975445142615429,13,13,258,11.199999999999813
Branin-Fav,DNGO-Joint,46,245,0,876,0.1,70.89534202303803,0.7975445142615429,14,13,259,11.099999999999811
Branin-Fav,DNGO-Joint,46,246,0,597,0.1,70.96699943316487,0.7975445142615429,15,13,260,10.99999999999981
Branin-Fav,DNGO-Joint,46,247,0,223,0.1,76.07439905582835,0.7975445142615429,16,13,261,10.899999999999809
Branin-Fav,DNGO-Joint,46,248,0,343,0.1,69.75995149835161,0.7975445142615429,17,13,262,10.799999999999807
Branin-Fav,DNGO-Joint,46,249,0,546,0.1,70.20976353046653,0.7975445142615429,18,13,263,10.699999999999806
Branin-Fav,DNGO-Joint,46,250,0,472,0.1,71.78582052558359,0.7975445142615429,19,13,264,10.599999999999804
Branin-Fav,DNGO-Joint,46,251,0,495,0.1,69.5005580058601,0.7975445142615429,20,13,265,10.499999999999803
Branin-Fav,DNGO-Joint,46,252,1,299,1.0,12.772929528671748,0.7975445142615429,0,14,265,9.499999999999801
Branin-Fav,DNGO-Joint,46,253,0,422,0.1,71.12214903549265,0.809397785237115,1,14,266,9.399999999999801
Branin-Fav,DNGO-Joint,46,254,0,232,0.1,69.81983386019728,0.809397785237115,2,14,267,9.2999999999998
Branin-Fav,DNGO-Joint,46,255,0,721,0.1,72.66931827579768,0.809397785237115,3,14,268,9.199999999999799
Branin-Fav,DNGO-Joint,46,256,0,871,0.1,68.01647376413204,0.809397785237115,4,14,269,9.099999999999797
Branin-Fav,DNGO-Joint,46,257,0,292,0.1,67.98150187960225,0.809397785237115,5,14,270,8.999999999999796
Branin-Fav,DNGO-Joint,46,258,0,191,0.1,68.47421190719434,0.809397785237115,6,14,271,8.899999999999794
Branin-Fav,DNGO-Joint,46,259,0,698,0.1,68.03967324867786,0.809397785237115,7,14,272,8.799999999999793
Branin-Fav,DNGO-Joint,46,260,0,282,0.1,66.9733587511487,0.809397785237115,8,14,273,8.699999999999791
Branin-Fav,DNGO-Joint,46,261,0,671,0.1,66.97309318984996,0.809397785237115,9,14,274,8.59999999999979
Branin-Fav,DNGO-Joint,46,262,0,332,0.1,68.0148042120355,0.809397785237115,10,14,275,8.499999999999789
Branin-Fav,DNGO-Joint,46,263,0,630,0.1,66.99840697128387,0.809397785237115,11,14,276,8.399999999999787
Branin-Fav,DNGO-Joint,46,264,0,481,0.1,66.54939147722263,0.809397785237115,12,14,277,8.299999999999786
Branin-Fav,DNGO-Joint,46,265,0,90,0.1,67.52003804241559,0.809397785237115,13,14,278,8.199999999999784
Branin-Fav,DNGO-Joint,46,266,0,444,0.1,64.9508654950337,0.809397785237115,14,14,279,8.099999999999783
Branin-Fav,DNGO-Joint,46,267,0,925,0.1,64.6125909972424,0.809397785237115,15,14,280,7.9999999999997815
Branin-Fav,DNGO-Joint,46,268,0,729,0.1,66.23445553602399,0.809397785237115,16,14,281,7.89999999999978
Branin-Fav,DNGO-Joint,46,269,0,241,0.1,64.86823312841851,0.809397785237115,17,14,282,7.799999999999779
Branin-Fav,DNGO-Joint,46,270,0,621,0.1,66.71849518246535,0.809397785237115,18,14,283,7.699999999999777
Branin-Fav,DNGO-Joint,46,271,0,921,0.1,64.26351976690076,0.809397785237115,19,14,284,7.599999999999776
Branin-Fav,DNGO-Joint,46,272,0,173,0.1,64.28354631801452,0.809397785237115,20,14,285,7.499999999999774
Branin-Fav,DNGO-Joint,46,273,1,649,1.0,12.674996626301752,0.809397785237115,0,15,285,6.499999999999773
Branin-Fav,DNGO-Joint,46,274,0,531,0.1,52.42723495286662,0.6665169316052203,1,15,286,6.399999999999773
Branin-Fav,DNGO-Joint,46,275,0,372,0.1,51.15121833475497,0.6665169316052203,2,15,287,6.299999999999772
Branin-Fav,DNGO-Joint,46,276,0,877,0.1,51.36283698240672,0.6665169316052203,3,15,288,6.19999999999977
Branin-Fav,DNGO-Joint,46,277,0,140,0.1,51.411645072935066,0.6665169316052203,4,15,289,6.099999999999769
Branin-Fav,DNGO-Joint,46,278,0,647,0.1,50.75630577093539,0.6665169316052203,5,15,290,5.999999999999767
Branin-Fav,DNGO-Joint,46,279,0,39,0.1,50.98319404413298,0.6665169316052203,6,15,291,5.899999999999766
Branin-Fav,DNGO-Joint,46,280,0,972,0.1,51.08471431860797,0.6665169316052203,7,15,292,5.7999999999997645
Branin-Fav,DNGO-Joint,46,281,0,596,0.1,50.795825211213426,0.6665169316052203,8,15,293,5.699999999999763
Branin-Fav,DNGO-Joint,46,282,0,382,0.1,52.38831464005591,0.6665169316052203,9,15,294,5.599999999999762
Branin-Fav,DNGO-Joint,46,283,0,973,0.1,49.97348248021035,0.6665169316052203,10,15,295,5.49999999999976
Branin-Fav,DNGO-Joint,46,284,0,342,0.1,50.086601308746914,0.6665169316052203,11,15,296,5.399999999999759
Branin-Fav,DNGO-Joint,46,285,0,123,0.1,50.63703151042859,0.6665169316052203,12,15,297,5.299999999999757
Branin-Fav,DNGO-Joint,46,286,0,828,0.1,48.18667779101803,0.6665169316052203,13,15,298,5.199999999999756
Branin-Fav,DNGO-Joint,46,287,0,89,0.1,48.95706395106642,0.6665169316052203,14,15,299,5.0999999999997545
Branin-Fav,DNGO-Joint,46,288,0,545,0.1,48.6749231531106,0.6665169316052203,15,15,300,4.999999999999753
Branin-Fav,DNGO-Joint,46,289,0,571,0.1,49.14091050811164,0.6665169316052203,16,15,301,4.899999999999752
Branin-Fav,DNGO-Joint,46,290,0,974,0.1,48.00983233272196,0.6665169316052203,17,15,302,4.79999999999975
Branin-Fav,DNGO-Joint,46,291,0,494,0.1,49.55927054827194,0.6665169316052203,18,15,303,4.699999999999749
Branin-Fav,DNGO-Joint,46,292,0,971,0.1,48.322299729696724,0.6665169316052203,19,15,304,4.599999999999747
Branin-Fav,DNGO-Joint,46,293,0,23,0.1,47.59272514955706,0.6665169316052203,20,15,305,4.499999999999746
Branin-Fav,DNGO-Joint,46,294,1,249,1.0,12.443498905194398,0.6665169316052203,0,16,305,3.499999999999744
Branin-Fav,DNGO-Joint,46,295,0,73,0.1,50.59461232872931,0.7005032297193459,1,16,306,3.399999999999744
Branin-Fav,DNGO-Joint,46,296,0,83,0.1,52.1697833269163,0.7005032297193459,2,16,307,3.2999999999997427
Branin-Fav,DNGO-Joint,46,297,0,748,0.1,49.1359016519408,0.7005032297193459,3,16,308,3.1999999999997413
Branin-Fav,DNGO-Joint,46,298,0,926,0.1,49.01906265989149,0.7005032297193459,4,16,309,3.09999999999974
Branin-Fav,DNGO-Joint,46,299,0,443,0.1,49.19359094231194,0.7005032297193459,5,16,310,2.9999999999997384
Branin-Fav,DNGO-Joint,46,300,0,291,0.1,48.814008837568856,0.7005032297193459,6,16,311,2.899999999999737
Branin-Fav,DNGO-Joint,46,301,0,392,0.1,48.217767067838345,0.7005032297193459,7,16,312,2.7999999999997356
Branin-Fav,DNGO-Joint,46,302,0,680,0.1,48.57442579778586,0.7005032297193459,8,16,313,2.699999999999734
Branin-Fav,DNGO-Joint,46,303,0,779,0.1,47.400918571111546,0.7005032297193459,9,16,314,2.5999999999997327
Branin-Fav,DNGO-Joint,46,304,0,190,0.1,47.180698381541724,0.7005032297193459,10,16,315,2.4999999999997313
Branin-Fav,DNGO-Joint,46,305,0,432,0.1,48.82977925036867,0.7005032297193459,11,16,316,2.39999999999973
Branin-Fav,DNGO-Joint,46,306,0,240,0.1,46.78677806495092,0.7005032297193459,12,16,317,2.2999999999997285
Branin-Fav,DNGO-Joint,46,307,0,870,0.1,47.60535363255055,0.7005032297193459,13,16,318,2.199999999999727
Branin-Fav,DNGO-Joint,46,308,0,133,0.1,46.09663518782227,0.7005032297193459,14,16,319,2.0999999999997256
Branin-Fav,DNGO-Joint,46,309,0,820,0.1,47.23914499324487,0.7005032297193459,15,16,320,1.9999999999997242
Branin-Fav,DNGO-Joint,46,310,0,697,0.1,46.74967437108373,0.7005032297193459,16,16,321,1.8999999999997228
Branin-Fav,DNGO-Joint,46,311,0,322,0.1,49.33657395111813,0.7005032297193459,17,16,322,1.7999999999997214
Branin-Fav,DNGO-Joint,46,312,0,2000,0.1,48.38908131052193,0.7005032297193459,18,16,323,1.69999999999972
Branin-Fav,DNGO-Joint,46,313,0,521,0.1,46.28711845404592,0.7005032297193459,19,16,324,1.5999999999997185
Branin-Fav,DNGO-Joint,46,314,0,581,0.1,46.466036885803845,0.7005032297193459,20,16,325,1.4999999999997171
Branin-Fav,DNGO-Joint,46,315,1,699,1.0,10.405942374385729,0.7005032297193459,0,17,325,0.4999999999997158
Branin-Fav,DNGO-Joint,46,316,0,38,0.1,34.77175116329565,0.5355849856870423,1,17,326,0.3999999999997158
Branin-Fav,DNGO-Joint,46,317,0,920,0.1,35.129395096584574,0.5355849856870423,2,17,327,0.2999999999997144
Branin-Fav,DNGO-Joint,46,318,0,770,0.1,34.0289304588764,0.5355849856870423,3,17,328,0.19999999999971294
Branin-Fav,DNGO-Joint,46,319,0,849,0.1,34.576110479272884,0.5355849856870423,4,17,329,0.09999999999971151
Branin-Fav,DNGO-Joint,47,1,1,49,1.0,152.63560654498175,0.5,0,3,25,44.5
Branin-Fav,DNGO-Joint,47,2,0,2450,0.1,156.3994646715387,0.5,1,3,26,44.4
Branin-Fav,DNGO-Joint,47,3,0,39,0.1,115.23943725888331,0.5,2,3,27,44.3
Branin-Fav,DNGO-Joint,47,4,0,99,0.1,106.50134337679081,0.5,3,3,28,44.199999999999996
Branin-Fav,DNGO-Joint,47,5,0,48,0.1,102.87075430440255,0.5,4,3,29,44.1
Branin-Fav,DNGO-Joint,47,6,0,47,0.1,100.80730341815979,0.5,5,3,30,44.0
Branin-Fav,DNGO-Joint,47,7,0,98,0.1,99.7289054337508,0.5,6,3,31,43.9
Branin-Fav,DNGO-Joint,47,8,0,149,0.1,103.95952946712889,0.5,7,3,32,43.800000000000004
Branin-Fav,DNGO-Joint,47,9,0,199,0.1,99.64235633278267,0.5,8,3,33,43.7
Branin-Fav,DNGO-Joint,47,10,0,870,0.1,97.2031338530801,0.5,9,3,34,43.6
Branin-Fav,DNGO-Joint,47,11,0,148,0.1,96.52927176152008,0.5,10,3,35,43.5
Branin-Fav,DNGO-Joint,47,12,0,97,0.1,94.91825708954728,0.5,11,3,36,43.4
Branin-Fav,DNGO-Joint,47,13,0,249,0.1,96.12754504044256,0.5,12,3,37,43.300000000000004
Branin-Fav,DNGO-Joint,47,14,0,46,0.1,95.74495314329151,0.5,13,3,38,43.2
Branin-Fav,DNGO-Joint,47,15,0,45,0.1,95.04362402673188,0.5,14,3,39,43.1
Branin-Fav,DNGO-Joint,47,16,0,96,0.1,92.74303073876081,0.5,15,3,40,43.00000000000001
Branin-Fav,DNGO-Joint,47,17,0,198,0.1,92.53074713843799,0.5,16,3,41,42.900000000000006
Branin-Fav,DNGO-Joint,47,18,0,147,0.1,91.56591376765351,0.5,17,3,42,42.800000000000004
Branin-Fav,DNGO-Joint,47,19,0,299,0.1,90.71317957365169,0.5,18,3,43,42.7
Branin-Fav,DNGO-Joint,47,20,0,146,0.1,88.94450713966293,0.5,19,3,44,42.6
Branin-Fav,DNGO-Joint,47,21,0,197,0.1,87.58844030588457,0.5,20,3,45,42.50000000000001
Branin-Fav,DNGO-Joint,47,22,1,99,1.0,27.424823652310668,0.5,0,4,45,41.50000000000001
Branin-Fav,DNGO-Joint,47,23,0,248,0.1,86.78003499851891,0.5,1,4,46,41.400000000000006
Branin-Fav,DNGO-Joint,47,24,0,628,0.1,92.84753215861522,0.5,2,4,47,41.300000000000004
Branin-Fav,DNGO-Joint,47,25,0,33,0.1,85.15562280364233,0.5,3,4,48,41.20000000000001
Branin-Fav,DNGO-Joint,47,26,0,577,0.1,88.04039895249768,0.5,4,4,49,41.10000000000001
Branin-Fav,DNGO-Joint,47,27,0,626,0.1,85.59696564524238,0.5,5,4,50,41.00000000000001
Branin-Fav,DNGO-Joint,47,28,0,574,0.1,83.80573959880239,0.5,6,4,51,40.900000000000006
Branin-Fav,DNGO-Joint,47,29,0,674,0.1,83.29519182155738,0.5,7,4,52,40.800000000000004
Branin-Fav,DNGO-Joint,47,30,0,475,0.1,85.08572133449984,0.5,8,4,53,40.70000000000001
Branin-Fav,DNGO-Joint,47,31,0,625,0.1,82.5031735716257,0.5,9,4,54,40.60000000000001
Branin-Fav,DNGO-Joint,47,32,0,349,0.1,82.83396954801432,0.5,10,4,55,40.50000000000001
Branin-Fav,DNGO-Joint,47,33,0,528,0.1,83.03600248275859,0.5,11,4,56,40.40000000000001
Branin-Fav,DNGO-Joint,47,34,0,624,0.1,82.00565005471933,0.5,12,4,57,40.30000000000001
Branin-Fav,DNGO-Joint,47,35,0,575,0.1,79.99020954295597,0.5,13,4,58,40.20000000000001
Branin-Fav,DNGO-Joint,47,36,0,426,0.1,81.77094395444823,0.5,14,4,59,40.10000000000001
Branin-Fav,DNGO-Joint,47,37,0,723,0.1,80.41304334130655,0.5,15,4,60,40.00000000000001
Branin-Fav,DNGO-Joint,47,38,0,675,0.1,79.09478843454083,0.5,16,4,61,39.90000000000001
Branin-Fav,DNGO-Joint,47,39,0,476,0.1,79.05593770157219,0.5,17,4,62,39.80000000000001
Branin-Fav,DNGO-Joint,47,40,0,2250,0.1,79.51625589295982,0.5,18,4,63,39.70000000000001
Branin-Fav,DNGO-Joint,47,41,0,525,0.1,77.54178793732578,0.5,19,4,64,39.600000000000016
Branin-Fav,DNGO-Joint,47,42,0,627,0.1,78.80322466389386,0.5,20,4,65,39.500000000000014
Branin-Fav,DNGO-Joint,47,43,1,5,1.0,41.61130353731045,0.5,0,5,65,38.500000000000014
Branin-Fav,DNGO-Joint,47,44,0,526,0.1,83.52676432497199,0.5,1,5,66,38.40000000000001
Branin-Fav,DNGO-Joint,47,45,0,676,0.1,84.77691060105117,0.5,2,5,67,38.30000000000001
Branin-Fav,DNGO-Joint,47,46,0,576,0.1,83.00208575414682,0.5,3,5,68,38.20000000000001
Branin-Fav,DNGO-Joint,47,47,0,527,0.1,83.67229254958262,0.5,4,5,69,38.100000000000016
Branin-Fav,DNGO-Joint,47,48,0,477,0.1,82.48597814610828,0.5,5,5,70,38.000000000000014
Branin-Fav,DNGO-Joint,47,49,0,427,0.1,81.11724336767062,0.5,6,5,71,37.90000000000001
Branin-Fav,DNGO-Joint,47,50,0,376,0.1,83.10249174863297,0.5,7,5,72,37.80000000000002
Branin-Fav,DNGO-Joint,47,51,0,425,0.1,83.1265182475067,0.5,8,5,73,37.70000000000002
Branin-Fav,DNGO-Joint,47,52,0,428,0.1,79.94616563650246,0.5,9,5,74,37.600000000000016
Branin-Fav,DNGO-Joint,47,53,0,673,0.1,80.86492338187307,0.5,10,5,75,37.500000000000014
Branin-Fav,DNGO-Joint,47,54,0,478,0.1,80.26718444459834,0.5,11,5,76,37.40000000000001
Branin-Fav,DNGO-Joint,47,55,0,429,0.1,78.91120658527518,0.5,12,5,77,37.30000000000002
Branin-Fav,DNGO-Joint,47,56,0,524,0.1,79.83630326574567,0.5,13,5,78,37.20000000000002
Branin-Fav,DNGO-Joint,47,57,0,375,0.1,79.16305645427383,0.5,14,5,79,37.100000000000016
Branin-Fav,DNGO-Joint,47,58,0,377,0.1,77.63955708436193,0.5,15,5,80,37.00000000000002
Branin-Fav,DNGO-Joint,47,59,0,327,0.1,78.1194877591011,0.5,16,5,81,36.90000000000002
Branin-Fav,DNGO-Joint,47,60,0,474,0.1,77.47155210665713,0.5,17,5,82,36.80000000000002
Branin-Fav,DNGO-Joint,47,61,0,326,0.1,76.70105978962556,0.5,18,5,83,36.70000000000002
Branin-Fav,DNGO-Joint,47,62,0,378,0.1,76.74007186513188,0.5,19,5,84,36.600000000000016
Branin-Fav,DNGO-Joint,47,63,0,623,0.1,76.46146396466341,0.5,20,5,85,36.50000000000002
Branin-Fav,DNGO-Joint,47,64,1,149,1.0,18.34013125107467,0.5,0,6,85,35.50000000000002
Branin-Fav,DNGO-Joint,47,65,0,328,0.1,75.24094679892141,0.5,1,6,86,35.40000000000002
Branin-Fav,DNGO-Joint,47,66,0,278,0.1,75.06278032741878,0.5,2,6,87,35.30000000000002
Branin-Fav,DNGO-Joint,47,67,0,578,0.1,77.19997277391354,0.5,3,6,88,35.200000000000024
Branin-Fav,DNGO-Joint,47,68,0,276,0.1,74.73019756640788,0.5,4,6,89,35.10000000000002
Branin-Fav,DNGO-Joint,47,69,0,724,0.1,73.79549364413361,0.5,5,6,90,35.00000000000002
Branin-Fav,DNGO-Joint,47,70,0,379,0.1,74.82507065724467,0.5,6,6,91,34.90000000000002
Branin-Fav,DNGO-Joint,47,71,0,479,0.1,74.88813969037292,0.5,7,6,92,34.80000000000002
Branin-Fav,DNGO-Joint,47,72,0,27,0.1,77.14780602068616,0.5,8,6,93,34.700000000000024
Branin-Fav,DNGO-Joint,47,73,0,227,0.1,74.91916773281999,0.5,9,6,94,34.60000000000002
Branin-Fav,DNGO-Joint,47,74,0,228,0.1,73.28369290159286,0.5,10,6,95,34.50000000000002
Branin-Fav,DNGO-Joint,47,75,0,325,0.1,71.83312410055622,0.5,11,6,96,34.40000000000003
Branin-Fav,DNGO-Joint,47,76,0,178,0.1,73.1817282105736,0.5,12,6,97,34.300000000000026
Branin-Fav,DNGO-Joint,47,77,0,177,0.1,71.6122549999942,0.5,13,6,98,34.200000000000024
Branin-Fav,DNGO-Joint,47,78,0,229,0.1,71.67299316917983,0.5,14,6,99,34.10000000000002
Branin-Fav,DNGO-Joint,47,79,0,424,0.1,72.25783703349667,0.5,15,6,100,34.00000000000002
Branin-Fav,DNGO-Joint,47,80,0,128,0.1,71.1216996808179,0.5,16,6,101,33.90000000000003
Branin-Fav,DNGO-Joint,47,81,0,573,0.1,71.35723641158404,0.5,17,6,102,33.800000000000026
Branin-Fav,DNGO-Joint,47,82,0,329,0.1,69.32020898959931,0.5,18,6,103,33.700000000000024
Branin-Fav,DNGO-Joint,47,83,0,226,0.1,70.39073561927462,0.5,19,6,104,33.60000000000002
Branin-Fav,DNGO-Joint,47,84,0,279,0.1,69.31145562111537,0.5,20,6,105,33.50000000000002
Branin-Fav,DNGO-Joint,47,85,1,699,1.0,16.809984480200143,0.5,0,7,105,32.50000000000002
Branin-Fav,DNGO-Joint,47,86,0,179,0.1,68.82742761031484,0.5,1,7,106,32.40000000000002
Branin-Fav,DNGO-Joint,47,87,0,399,0.1,71.56879716464422,0.5,2,7,107,32.30000000000002
Branin-Fav,DNGO-Joint,47,88,0,275,0.1,67.8484714019702,0.5,3,7,108,32.20000000000002
Branin-Fav,DNGO-Joint,47,89,0,127,0.1,68.6029947132198,0.5,4,7,109,32.100000000000016
Branin-Fav,DNGO-Joint,47,90,0,298,0.1,67.21519376592748,0.5,5,7,110,32.000000000000014
Branin-Fav,DNGO-Joint,47,91,0,129,0.1,65.85019025407071,0.5,6,7,111,31.900000000000013
Branin-Fav,DNGO-Joint,47,92,0,79,0.1,66.75424912620318,0.5,7,7,112,31.80000000000001
Branin-Fav,DNGO-Joint,47,93,0,176,0.1,67.38520498796612,0.5,8,7,113,31.70000000000001
Branin-Fav,DNGO-Joint,47,94,0,374,0.1,65.41127798471229,0.5,9,7,114,31.60000000000001
Branin-Fav,DNGO-Joint,47,95,0,523,0.1,66.71448380959919,0.5,10,7,115,31.500000000000007
Branin-Fav,DNGO-Joint,47,96,0,77,0.1,67.0447563890452,0.5,11,7,116,31.400000000000006
Branin-Fav,DNGO-Joint,47,97,0,247,0.1,64.82199762645322,0.5,12,7,117,31.300000000000004
Branin-Fav,DNGO-Joint,47,98,0,225,0.1,64.6119827150265,0.5,13,7,118,31.200000000000003
Branin-Fav,DNGO-Joint,47,99,0,348,0.1,62.5455019129364,0.5,14,7,119,31.1
Branin-Fav,DNGO-Joint,47,100,0,78,0.1,63.887826002145445,0.5,15,7,120,31.0
Branin-Fav,DNGO-Joint,47,101,0,28,0.1,64.12490007848291,0.5,16,7,121,30.9
Branin-Fav,DNGO-Joint,47,102,0,126,0.1,63.3632722318269,0.5,17,7,122,30.799999999999997
Branin-Fav,DNGO-Joint,47,103,0,449,0.1,62.762990340826235,0.5,18,7,123,30.699999999999996
Branin-Fav,DNGO-Joint,47,104,0,324,0.1,62.77320871188317,0.5,19,7,124,30.599999999999994
Branin-Fav,DNGO-Joint,47,105,0,76,0.1,61.77855003567921,0.5,20,7,125,30.499999999999993
Branin-Fav,DNGO-Joint,47,106,1,1049,1.0,17.116807716873527,0.5,0,8,125,29.499999999999993
Branin-Fav,DNGO-Joint,47,107,0,130,0.1,62.89343223801742,0.5,1,8,126,29.39999999999999
Branin-Fav,DNGO-Joint,47,108,0,230,0.1,62.98044119506277,0.5,2,8,127,29.29999999999999
Branin-Fav,DNGO-Joint,47,109,0,175,0.1,61.52529697746893,0.5,3,8,128,29.19999999999999
Branin-Fav,DNGO-Joint,47,110,0,26,0.1,60.03021069420038,0.5,4,8,129,29.099999999999987
Branin-Fav,DNGO-Joint,47,111,0,330,0.1,64.01708160457385,0.5,5,8,130,28.999999999999986
Branin-Fav,DNGO-Joint,47,112,0,423,0.1,60.42613836475825,0.5,6,8,131,28.899999999999984
Branin-Fav,DNGO-Joint,47,113,0,29,0.1,61.84674894238086,0.5,7,8,132,28.799999999999983
Branin-Fav,DNGO-Joint,47,114,0,622,0.1,59.60002006046462,0.5,8,8,133,28.69999999999998
Branin-Fav,DNGO-Joint,47,115,0,180,0.1,58.184514056709,0.5,9,8,134,28.59999999999998
Branin-Fav,DNGO-Joint,47,116,0,297,0.1,58.32398321035112,0.5,10,8,135,28.49999999999998
Branin-Fav,DNGO-Joint,47,117,0,725,0.1,58.40195411859842,0.5,11,8,136,28.399999999999977
Branin-Fav,DNGO-Joint,47,118,0,246,0.1,57.03691122516016,0.5,12,8,137,28.299999999999976
Branin-Fav,DNGO-Joint,47,119,0,398,0.1,58.07017949254079,0.5,13,8,138,28.199999999999974
Branin-Fav,DNGO-Joint,47,120,0,280,0.1,57.94610979739206,0.5,14,8,139,28.099999999999973
Branin-Fav,DNGO-Joint,47,121,0,80,0.1,56.98918982072172,0.5,15,8,140,27.99999999999997
Branin-Fav,DNGO-Joint,47,122,0,125,0.1,56.32515193935345,0.5,16,8,141,27.89999999999997
Branin-Fav,DNGO-Joint,47,123,0,347,0.1,56.032095274981245,0.5,17,8,142,27.79999999999997
Branin-Fav,DNGO-Joint,47,124,0,274,0.1,57.83267932229603,0.5,18,8,143,27.699999999999967
Branin-Fav,DNGO-Joint,47,125,0,30,0.1,56.53849822101563,0.5,19,8,144,27.599999999999966
Branin-Fav,DNGO-Joint,47,126,0,499,0.1,56.31940096848806,0.5,20,8,145,27.499999999999964
Branin-Fav,DNGO-Joint,47,127,1,499,1.0,13.385827502555516,0.5,0,9,145,26.499999999999964
Branin-Fav,DNGO-Joint,47,128,0,572,0.1,104.59293054383558,0.9519963016894816,1,9,146,26.399999999999963
Branin-Fav,DNGO-Joint,47,129,0,95,0.1,105.62990781679585,0.9519963016894816,2,9,147,26.29999999999996
Branin-Fav,DNGO-Joint,47,130,0,75,0.1,106.87939971846387,0.9519963016894816,3,9,148,26.19999999999996
Branin-Fav,DNGO-Joint,47,131,0,773,0.1,102.26514178954994,0.9519963016894816,4,9,149,26.09999999999996
Branin-Fav,DNGO-Joint,47,132,0,529,0.1,103.7078831237561,0.9519963016894816,5,9,150,25.999999999999957
Branin-Fav,DNGO-Joint,47,133,0,224,0.1,100.67433162392594,0.9519963016894816,6,9,151,25.899999999999956
Branin-Fav,DNGO-Joint,47,134,0,25,0.1,103.76766997927498,0.9519963016894816,7,9,152,25.799999999999955
Branin-Fav,DNGO-Joint,47,135,0,380,0.1,100.87645570567841,0.9519963016894816,8,9,153,25.699999999999953
Branin-Fav,DNGO-Joint,47,136,0,430,0.1,101.92114384099057,0.9519963016894816,9,9,154,25.59999999999995
Branin-Fav,DNGO-Joint,47,137,0,677,0.1,103.8916241746085,0.9519963016894816,10,9,155,25.49999999999995
Branin-Fav,DNGO-Joint,47,138,0,672,0.1,99.73751055252502,0.9519963016894816,11,9,156,25.39999999999995
Branin-Fav,DNGO-Joint,47,139,0,145,0.1,97.9346460950106,0.9519963016894816,12,9,157,25.299999999999947
Branin-Fav,DNGO-Joint,47,140,0,296,0.1,97.08968346871103,0.9519963016894816,13,9,158,25.199999999999946
Branin-Fav,DNGO-Joint,47,141,0,31,0.1,95.97328807859607,0.9519963016894816,14,9,159,25.099999999999945
Branin-Fav,DNGO-Joint,47,142,0,448,0.1,101.3446242839863,0.9519963016894816,15,9,160,24.999999999999943
Branin-Fav,DNGO-Joint,47,143,0,373,0.1,96.71804339564136,0.9519963016894816,16,9,161,24.89999999999994
Branin-Fav,DNGO-Joint,47,144,0,579,0.1,93.2627467222679,0.9519963016894816,17,9,162,24.79999999999994
Branin-Fav,DNGO-Joint,47,145,0,181,0.1,96.31919128418386,0.9519963016894816,18,9,163,24.69999999999994
Branin-Fav,DNGO-Joint,47,146,0,722,0.1,94.22241137093874,0.9519963016894816,19,9,164,24.599999999999937
Branin-Fav,DNGO-Joint,47,147,0,195,0.1,94.13225635444417,0.9519963016894816,20,9,165,24.499999999999936
Branin-Fav,DNGO-Joint,47,148,1,899,1.0,12.002401790180695,0.9519963016894816,0,10,165,23.499999999999936
Branin-Fav,DNGO-Joint,47,149,0,522,0.1,92.0413198915086,0.9519963016894816,1,10,166,23.399999999999935
Branin-Fav,DNGO-Joint,47,150,0,397,0.1,92.87236425779828,0.9519963016894816,2,10,167,23.299999999999933
Branin-Fav,DNGO-Joint,47,151,0,44,0.1,94.80405631561106,0.9519963016894816,3,10,168,23.199999999999932
Branin-Fav,DNGO-Joint,47,152,0,231,0.1,95.5702436808938,0.9519963016894816,4,10,169,23.09999999999993
Branin-Fav,DNGO-Joint,47,153,0,726,0.1,93.16078615201118,0.9519963016894816,5,10,170,22.99999999999993
Branin-Fav,DNGO-Joint,47,154,0,94,0.1,93.58007161499545,0.9519963016894816,6,10,171,22.899999999999928
Branin-Fav,DNGO-Joint,47,155,0,245,0.1,92.3809212427733,0.9519963016894816,7,10,172,22.799999999999926
Branin-Fav,DNGO-Joint,47,156,0,281,0.1,91.54988709863247,0.9519963016894816,8,10,173,22.699999999999925
Branin-Fav,DNGO-Joint,47,157,0,774,0.1,93.51690121332632,0.9519963016894816,9,10,174,22.599999999999923
Branin-Fav,DNGO-Joint,47,158,0,144,0.1,90.09825744390452,0.9519963016894816,10,10,175,22.499999999999922
Branin-Fav,DNGO-Joint,47,159,0,131,0.1,90.02124602215612,0.9519963016894816,11,10,176,22.39999999999992
Branin-Fav,DNGO-Joint,47,160,0,480,0.1,87.91572402051078,0.9519963016894816,12,10,177,22.29999999999992
Branin-Fav,DNGO-Joint,47,161,0,346,0.1,89.14837744767273,0.9519963016894816,13,10,178,22.199999999999918
Branin-Fav,DNGO-Joint,47,162,0,174,0.1,89.02252562675933,0.9519963016894816,14,10,179,22.099999999999916
Branin-Fav,DNGO-Joint,47,163,0,678,0.1,86.20767532026382,0.9519963016894816,15,10,180,21.999999999999915
Branin-Fav,DNGO-Joint,47,164,0,194,0.1,86.30144352685811,0.9519963016894816,16,10,181,21.899999999999913
Branin-Fav,DNGO-Joint,47,165,0,549,0.1,86.08961449049383,0.9519963016894816,17,10,182,21.799999999999912
Branin-Fav,DNGO-Joint,47,166,0,727,0.1,86.70863323082578,0.9519963016894816,18,10,183,21.69999999999991
Branin-Fav,DNGO-Joint,47,167,0,295,0.1,87.35973982449192,0.9519963016894816,19,10,184,21.59999999999991
Branin-Fav,DNGO-Joint,47,168,0,629,0.1,84.82391051006157,0.9519963016894816,20,10,185,21.499999999999908
Branin-Fav,DNGO-Joint,47,169,1,449,1.0,11.467447544791094,0.9519963016894816,0,11,185,20.499999999999908
Branin-Fav,DNGO-Joint,47,170,0,81,0.1,86.63801018683863,0.9278502251473236,1,11,186,20.399999999999906
Branin-Fav,DNGO-Joint,47,171,0,530,0.1,81.3566709129831,0.9278502251473236,2,11,187,20.299999999999905
Branin-Fav,DNGO-Joint,47,172,0,772,0.1,81.47051219796276,0.9278502251473236,3,11,188,20.199999999999903
Branin-Fav,DNGO-Joint,47,173,0,124,0.1,82.33323403204729,0.9278502251473236,4,11,189,20.099999999999902
Branin-Fav,DNGO-Joint,47,174,0,331,0.1,79.0742933594903,0.9278502251473236,5,11,190,19.9999999999999
Branin-Fav,DNGO-Joint,47,175,0,498,0.1,79.86751036440374,0.9278502251473236,6,11,191,19.8999999999999
Branin-Fav,DNGO-Joint,47,176,0,43,0.1,84.53504358560605,0.9278502251473236,7,11,192,19.799999999999898
Branin-Fav,DNGO-Joint,47,177,0,447,0.1,79.33257138473853,0.9278502251473236,8,11,193,19.699999999999896
Branin-Fav,DNGO-Joint,47,178,0,823,0.1,78.74701719714189,0.9278502251473236,9,11,194,19.599999999999895
Branin-Fav,DNGO-Joint,47,179,0,396,0.1,79.27105766528477,0.9278502251473236,10,11,195,19.499999999999893
Branin-Fav,DNGO-Joint,47,180,0,244,0.1,79.136670903479,0.9278502251473236,11,11,196,19.399999999999892
Branin-Fav,DNGO-Joint,47,181,0,323,0.1,80.03905828878787,0.9278502251473236,12,11,197,19.29999999999989
Branin-Fav,DNGO-Joint,47,182,0,93,0.1,76.26738344697242,0.9278502251473236,13,11,198,19.19999999999989
Branin-Fav,DNGO-Joint,47,183,0,74,0.1,77.20909628983131,0.9278502251473236,14,11,199,19.099999999999888
Branin-Fav,DNGO-Joint,47,184,0,721,0.1,79.86905866197709,0.9278502251473236,15,11,200,18.999999999999886
Branin-Fav,DNGO-Joint,47,185,0,381,0.1,75.4401304590234,0.9278502251473236,16,11,201,18.899999999999885
Branin-Fav,DNGO-Joint,47,186,0,345,0.1,76.83522685393919,0.9278502251473236,17,11,202,18.799999999999883
Branin-Fav,DNGO-Joint,47,187,0,472,0.1,77.35257327581574,0.9278502251473236,18,11,203,18.699999999999882
Branin-Fav,DNGO-Joint,47,188,0,294,0.1,75.40550525366534,0.9278502251473236,19,11,204,18.59999999999988
Branin-Fav,DNGO-Joint,47,189,0,599,0.1,77.55799334956205,0.9278502251473236,20,11,205,18.49999999999988
Branin-Fav,DNGO-Joint,47,190,1,549,1.0,10.568221927120234,0.9278502251473236,0,12,205,17.49999999999988
Branin-Fav,DNGO-Joint,47,191,0,24,0.1,73.00353909312659,0.8859535064829253,1,12,206,17.399999999999878
Branin-Fav,DNGO-Joint,47,192,0,822,0.1,68.82826733038769,0.8859535064829253,2,12,207,17.299999999999876
Branin-Fav,DNGO-Joint,47,193,0,431,0.1,73.48645790039747,0.8859535064829253,3,12,208,17.199999999999875
Branin-Fav,DNGO-Joint,47,194,0,776,0.1,69.47388709939514,0.8859535064829253,4,12,209,17.099999999999874
Branin-Fav,DNGO-Joint,47,195,0,824,0.1,67.8979746560346,0.8859535064829253,5,12,210,16.999999999999872
Branin-Fav,DNGO-Joint,47,196,0,143,0.1,68.11618010641581,0.8859535064829253,6,12,211,16.89999999999987
Branin-Fav,DNGO-Joint,47,197,0,193,0.1,68.85903726057529,0.8859535064829253,7,12,212,16.79999999999987
Branin-Fav,DNGO-Joint,47,198,0,580,0.1,67.14452606523221,0.8859535064829253,8,12,213,16.699999999999868
Branin-Fav,DNGO-Joint,47,199,0,825,0.1,67.04101242662678,0.8859535064829253,9,12,214,16.599999999999866
Branin-Fav,DNGO-Joint,47,200,0,42,0.1,71.31839345777512,0.8859535064829253,10,12,215,16.499999999999865
Branin-Fav,DNGO-Joint,47,201,0,446,0.1,65.46579705551228,0.8859535064829253,11,12,216,16.399999999999864
Branin-Fav,DNGO-Joint,47,202,0,232,0.1,67.43725981077004,0.8859535064829253,12,12,217,16.299999999999862
Branin-Fav,DNGO-Joint,47,203,0,548,0.1,67.3389112083466,0.8859535064829253,13,12,218,16.19999999999986
Branin-Fav,DNGO-Joint,47,204,0,497,0.1,65.67858999234723,0.8859535064829253,14,12,219,16.09999999999986
Branin-Fav,DNGO-Joint,47,205,0,728,0.1,65.7068953306851,0.8859535064829253,15,12,220,15.99999999999986
Branin-Fav,DNGO-Joint,47,206,0,92,0.1,65.83600786272525,0.8859535064829253,16,12,221,15.899999999999858
Branin-Fav,DNGO-Joint,47,207,0,777,0.1,67.38866179183277,0.8859535064829253,17,12,222,15.799999999999857
Branin-Fav,DNGO-Joint,47,208,0,649,0.1,64.26218971898815,0.8859535064829253,18,12,223,15.699999999999855
Branin-Fav,DNGO-Joint,47,209,0,671,0.1,68.59914829841213,0.8859535064829253,19,12,224,15.599999999999854
Branin-Fav,DNGO-Joint,47,210,0,771,0.1,67.00830998340298,0.8859535064829253,20,12,225,15.499999999999853
Branin-Fav,DNGO-Joint,47,211,1,849,1.0,10.15878172155329,0.8859535064829253,0,13,225,14.49999999999985
Branin-Fav,DNGO-Joint,47,212,0,2150,0.1,64.83551098578083,0.8859535064829253,1,13,226,14.399999999999851
Branin-Fav,DNGO-Joint,47,213,0,395,0.1,63.83564162557031,0.8859535064829253,2,13,227,14.29999999999985
Branin-Fav,DNGO-Joint,47,214,0,273,0.1,64.59391851887702,0.8859535064829253,3,13,228,14.199999999999848
Branin-Fav,DNGO-Joint,47,215,0,32,0.1,65.97329978197178,0.8859535064829253,4,13,229,14.099999999999847
Branin-Fav,DNGO-Joint,47,216,0,344,0.1,65.09187652616167,0.8859535064829253,5,13,230,13.999999999999845
Branin-Fav,DNGO-Joint,47,217,0,243,0.1,65.11378453929385,0.8859535064829253,6,13,231,13.899999999999844
Branin-Fav,DNGO-Joint,47,218,0,621,0.1,61.670212323211175,0.8859535064829253,7,13,232,13.799999999999843
Branin-Fav,DNGO-Joint,47,219,0,481,0.1,62.07865975506698,0.8859535064829253,8,13,233,13.699999999999841
Branin-Fav,DNGO-Joint,47,220,0,293,0.1,60.311208307696035,0.8859535064829253,9,13,234,13.59999999999984
Branin-Fav,DNGO-Joint,47,221,0,679,0.1,61.12167179292453,0.8859535064829253,10,13,235,13.499999999999838
Branin-Fav,DNGO-Joint,47,222,0,496,0.1,61.571010300192576,0.8859535064829253,11,13,236,13.399999999999837
Branin-Fav,DNGO-Joint,47,223,0,142,0.1,59.19368856137066,0.8859535064829253,12,13,237,13.299999999999836
Branin-Fav,DNGO-Joint,47,224,0,282,0.1,60.72130152435144,0.8859535064829253,13,13,238,13.199999999999834
Branin-Fav,DNGO-Joint,47,225,0,223,0.1,60.179221843360295,0.8859535064829253,14,13,239,13.099999999999833
Branin-Fav,DNGO-Joint,47,226,0,598,0.1,59.143648638844496,0.8859535064829253,15,13,240,12.999999999999831
Branin-Fav,DNGO-Joint,47,227,0,531,0.1,59.55736795134578,0.8859535064829253,16,13,241,12.89999999999983
Branin-Fav,DNGO-Joint,47,228,0,192,0.1,59.07501792088414,0.8859535064829253,17,13,242,12.799999999999828
Branin-Fav,DNGO-Joint,47,229,0,445,0.1,58.519948593812515,0.8859535064829253,18,13,243,12.699999999999827
Branin-Fav,DNGO-Joint,47,230,0,394,0.1,57.696748574344426,0.8859535064829253,19,13,244,12.599999999999826
Branin-Fav,DNGO-Joint,47,231,0,821,0.1,59.61204588480574,0.8859535064829253,20,13,245,12.499999999999824
Branin-Fav,DNGO-Joint,47,232,1,799,1.0,9.31823753123614,0.8859535064829253,0,14,245,11.499999999999822
Branin-Fav,DNGO-Joint,47,233,0,242,0.1,56.49265405070598,0.8859535064829253,1,14,246,11.399999999999823
Branin-Fav,DNGO-Joint,47,234,0,41,0.1,58.609673211266816,0.8859535064829253,2,14,247,11.299999999999821
Branin-Fav,DNGO-Joint,47,235,0,547,0.1,58.700281436575125,0.8859535064829253,3,14,248,11.19999999999982
Branin-Fav,DNGO-Joint,47,236,0,422,0.1,56.04348064440033,0.8859535064829253,4,14,249,11.099999999999818
Branin-Fav,DNGO-Joint,47,237,0,343,0.1,56.359552011606674,0.8859535064829253,5,14,250,10.999999999999817
Branin-Fav,DNGO-Joint,47,238,0,91,0.1,54.34205966278572,0.8859535064829253,6,14,251,10.899999999999816
Branin-Fav,DNGO-Joint,47,239,0,630,0.1,54.17640944539248,0.8859535064829253,7,14,252,10.799999999999814
Branin-Fav,DNGO-Joint,47,240,0,873,0.1,54.65345549961072,0.8859535064829253,8,14,253,10.699999999999813
Branin-Fav,DNGO-Joint,47,241,0,82,0.1,56.82980230891307,0.8859535064829253,9,14,254,10.599999999999811
Branin-Fav,DNGO-Joint,47,242,0,872,0.1,53.99754169898792,0.8859535064829253,10,14,255,10.49999999999981
Branin-Fav,DNGO-Joint,47,243,0,332,0.1,53.782354722014375,0.8859535064829253,11,14,256,10.399999999999809
Branin-Fav,DNGO-Joint,47,244,0,182,0.1,58.504518400603644,0.8859535064829253,12,14,257,10.299999999999807
Branin-Fav,DNGO-Joint,47,245,0,826,0.1,53.67249647209416,0.8859535064829253,13,14,258,10.199999999999806
Branin-Fav,DNGO-Joint,47,246,0,292,0.1,52.90799601735316,0.8859535064829253,14,14,259,10.099999999999804
Branin-Fav,DNGO-Joint,47,247,0,495,0.1,55.1731600856935,0.8859535064829253,15,14,260,9.999999999999803
Branin-Fav,DNGO-Joint,47,248,0,871,0.1,51.69224304654233,0.8859535064829253,16,14,261,9.899999999999801
Branin-Fav,DNGO-Joint,47,249,0,874,0.1,53.012475081981755,0.8859535064829253,17,14,262,9.7999999999998
Branin-Fav,DNGO-Joint,47,250,0,173,0.1,54.23928209243686,0.8859535064829253,18,14,263,9.699999999999799
Branin-Fav,DNGO-Joint,47,251,0,372,0.1,49.701214516959254,0.8859535064829253,19,14,264,9.599999999999797
Branin-Fav,DNGO-Joint,47,252,0,648,0.1,53.15242479977441,0.8859535064829253,20,14,265,9.499999999999796
Branin-Fav,DNGO-Joint,47,253,1,299,1.0,9.99030378850085,0.8859535064829253,0,15,265,8.499999999999794
Branin-Fav,DNGO-Joint,47,254,0,141,0.1,44.99376161620381,0.7766510184536709,1,15,266,8.399999999999794
Branin-Fav,DNGO-Joint,47,255,0,132,0.1,45.47021604250812,0.7766510184536709,2,15,267,8.299999999999793
Branin-Fav,DNGO-Joint,47,256,0,597,0.1,43.59560819790137,0.7766510184536709,3,15,268,8.199999999999791
Branin-Fav,DNGO-Joint,47,257,0,521,0.1,44.776652649526575,0.7766510184536709,4,15,269,8.09999999999979
Branin-Fav,DNGO-Joint,47,258,0,778,0.1,44.37521513503919,0.7766510184536709,5,15,270,7.999999999999789
Branin-Fav,DNGO-Joint,47,259,0,382,0.1,45.4020395880484,0.7766510184536709,6,15,271,7.899999999999787
Branin-Fav,DNGO-Joint,47,260,0,123,0.1,43.83678365683168,0.7766510184536709,7,15,272,7.799999999999786
Branin-Fav,DNGO-Joint,47,261,0,729,0.1,42.93320498876452,0.7766510184536709,8,15,273,7.699999999999784
Branin-Fav,DNGO-Joint,47,262,0,546,0.1,42.68452080455207,0.7766510184536709,9,15,274,7.599999999999783
Branin-Fav,DNGO-Joint,47,263,0,23,0.1,45.950596031417064,0.7766510184536709,10,15,275,7.4999999999997815
Branin-Fav,DNGO-Joint,47,264,0,444,0.1,45.06522315627202,0.7766510184536709,11,15,276,7.39999999999978
Branin-Fav,DNGO-Joint,47,265,0,875,0.1,42.40921852717937,0.7766510184536709,12,15,277,7.299999999999779
Branin-Fav,DNGO-Joint,47,266,0,432,0.1,43.43797626196041,0.7766510184536709,13,15,278,7.199999999999777
Branin-Fav,DNGO-Joint,47,267,0,827,0.1,42.91595864389362,0.7766510184536709,14,15,279,7.099999999999776
Branin-Fav,DNGO-Joint,47,268,0,393,0.1,40.819090392827775,0.7766510184536709,15,15,280,6.999999999999774
Branin-Fav,DNGO-Joint,47,269,0,820,0.1,42.138730379290344,0.7766510184536709,16,15,281,6.899999999999773
Branin-Fav,DNGO-Joint,47,270,0,191,0.1,40.55566408331243,0.7766510184536709,17,15,282,6.799999999999772
Branin-Fav,DNGO-Joint,47,271,0,922,0.1,39.99659409551829,0.7766510184536709,18,15,283,6.69999999999977
Branin-Fav,DNGO-Joint,47,272,0,342,0.1,40.68617239248341,0.7766510184536709,19,15,284,6.599999999999769
Branin-Fav,DNGO-Joint,47,273,0,680,0.1,41.41566552077702,0.7766510184536709,20,15,285,6.499999999999767
Branin-Fav,DNGO-Joint,47,274,1,399,1.0,9.617367573693079,0.7766510184536709,0,16,285,5.4999999999997655
Branin-Fav,DNGO-Joint,47,275,0,923,0.1,38.29676698429897,0.7270404106646445,1,16,286,5.399999999999766
Branin-Fav,DNGO-Joint,47,276,0,770,0.1,38.25083633385506,0.7270404106646445,2,16,287,5.2999999999997645
Branin-Fav,DNGO-Joint,47,277,0,40,0.1,37.51116258809287,0.7270404106646445,3,16,288,5.199999999999763
Branin-Fav,DNGO-Joint,47,278,0,720,0.1,36.313704425713524,0.7270404106646445,4,16,289,5.099999999999762
Branin-Fav,DNGO-Joint,47,279,0,241,0.1,36.430074102806145,0.7270404106646445,5,16,290,4.99999999999976
Branin-Fav,DNGO-Joint,47,280,0,921,0.1,36.505488368693506,0.7270404106646445,6,16,291,4.899999999999759
Branin-Fav,DNGO-Joint,47,281,0,581,0.1,35.05393964860384,0.7270404106646445,7,16,292,4.799999999999757
Branin-Fav,DNGO-Joint,47,282,0,322,0.1,34.89524909462317,0.7270404106646445,8,16,293,4.699999999999756
Branin-Fav,DNGO-Joint,47,283,0,73,0.1,34.81233977242056,0.7270404106646445,9,16,294,4.5999999999997545
Branin-Fav,DNGO-Joint,47,284,0,876,0.1,35.91176128878184,0.7270404106646445,10,16,295,4.499999999999753
Branin-Fav,DNGO-Joint,47,285,0,471,0.1,34.822476419938226,0.7270404106646445,11,16,296,4.399999999999752
Branin-Fav,DNGO-Joint,47,286,0,749,0.1,34.661054778920864,0.7270404106646445,12,16,297,4.29999999999975
Branin-Fav,DNGO-Joint,47,287,0,291,0.1,34.634578758201236,0.7270404106646445,13,16,298,4.199999999999749
Branin-Fav,DNGO-Joint,47,288,0,545,0.1,35.2475683017777,0.7270404106646445,14,16,299,4.099999999999747
Branin-Fav,DNGO-Joint,47,289,0,596,0.1,34.21182384854281,0.7270404106646445,15,16,300,3.9999999999997455
Branin-Fav,DNGO-Joint,47,290,0,779,0.1,33.851113108475445,0.7270404106646445,16,16,301,3.899999999999744
Branin-Fav,DNGO-Joint,47,291,0,2100,0.1,33.98998684143121,0.7270404106646445,17,16,302,3.7999999999997427
Branin-Fav,DNGO-Joint,47,292,0,494,0.1,33.6444258344962,0.7270404106646445,18,16,303,3.6999999999997413
Branin-Fav,DNGO-Joint,47,293,0,443,0.1,34.73682035585514,0.7270404106646445,19,16,304,3.59999999999974
Branin-Fav,DNGO-Joint,47,294,0,924,0.1,32.72984461603991,0.7270404106646445,20,16,305,3.4999999999997384
Branin-Fav,DNGO-Joint,47,295,1,749,1.0,9.286008038489683,0.7270404106646445,0,17,305,2.499999999999737
Branin-Fav,DNGO-Joint,47,296,0,90,0.1,17.38025492842412,0.374538743372401,1,17,306,2.399999999999737
Branin-Fav,DNGO-Joint,47,297,0,392,0.1,17.140320668965522,0.374538743372401,2,17,307,2.2999999999997356
Branin-Fav,DNGO-Joint,47,298,0,920,0.1,17.087109200475126,0.374538743372401,3,17,308,2.199999999999734
Branin-Fav,DNGO-Joint,47,299,0,647,0.1,16.594251693259324,0.374538743372401,4,17,309,2.0999999999997327
Branin-Fav,DNGO-Joint,47,300,0,140,0.1,16.245861202892712,0.374538743372401,5,17,310,1.9999999999997313
Branin-Fav,DNGO-Joint,47,301,0,670,0.1,16.22104127436792,0.374538743372401,6,17,311,1.89999999999973
Branin-Fav,DNGO-Joint,47,302,0,482,0.1,16.321880365477977,0.374538743372401,7,17,312,1.7999999999997285
Branin-Fav,DNGO-Joint,47,303,0,698,0.1,16.430692281882717,0.374538743372401,8,17,313,1.699999999999727
Branin-Fav,DNGO-Joint,47,304,0,828,0.1,16.15011285288823,0.374538743372401,9,17,314,1.5999999999997256
Branin-Fav,DNGO-Joint,47,305,0,190,0.1,16.016511104748265,0.374538743372401,10,17,315,1.4999999999997242
Branin-Fav,DNGO-Joint,47,306,0,971,0.1,15.912924225035942,0.374538743372401,11,17,316,1.3999999999997228
Branin-Fav,DNGO-Joint,47,307,0,83,0.1,15.779162666916351,0.374538743372401,12,17,317,1.2999999999997214
Branin-Fav,DNGO-Joint,47,308,0,631,0.1,15.649675973855894,0.374538743372401,13,17,318,1.19999999999972
Branin-Fav,DNGO-Joint,47,309,0,272,0.1,16.801474254916023,0.374538743372401,14,17,319,1.0999999999997185
Branin-Fav,DNGO-Joint,47,310,0,183,0.1,15.42934447578591,0.374538743372401,15,17,320,0.9999999999997172
Branin-Fav,DNGO-Joint,47,311,0,925,0.1,15.511168377276935,0.374538743372401,16,17,321,0.8999999999997158
Branin-Fav,DNGO-Joint,47,312,0,133,0.1,15.82169032015342,0.374538743372401,17,17,322,0.7999999999997144
Branin-Fav,DNGO-Joint,47,313,0,341,0.1,15.14691349745564,0.374538743372401,18,17,323,0.699999999999713
Branin-Fav,DNGO-Joint,47,314,0,877,0.1,15.23344081469861,0.374538743372401,19,17,324,0.5999999999997115
Branin-Fav,DNGO-Joint,47,315,0,240,0.1,15.090093734876456,0.374538743372401,20,17,325,0.4999999999997101
Branin-Fav,DNGO-Joint,47,316,0,544,0.1,15.514472832627758,0.374538743372401,21,17,326,0.3999999999997087
Branin-Fav,DNGO-Joint,47,317,0,972,0.1,15.211278920826334,0.374538743372401,22,17,327,0.2999999999997073
Branin-Fav,DNGO-Joint,47,318,0,730,0.1,15.796677748492103,0.374538743372401,23,17,328,0.19999999999970583
Branin-Fav,DNGO-Joint,47,319,0,973,0.1,14.708829314399178,0.374538743372401,24,17,329,0.09999999999970441
Branin-Fav,DNGO-Joint,48,1,0,49,0.1,124.59936389817138,0.5,1,2,26,45.4
Branin-Fav,DNGO-Joint,48,2,0,99,0.1,123.22478183091079,0.5,2,2,27,45.3
Branin-Fav,DNGO-Joint,48,3,0,199,0.1,122.0108587578239,0.5,3,2,28,45.199999999999996
Branin-Fav,DNGO-Joint,48,4,0,249,0.1,119.97185721667304,0.5,4,2,29,45.1
Branin-Fav,DNGO-Joint,48,5,0,149,0.1,118.1113937083559,0.5,5,2,30,45.0
Branin-Fav,DNGO-Joint,48,6,0,299,0.1,115.33201080942294,0.5,6,2,31,44.9
Branin-Fav,DNGO-Joint,48,7,0,98,0.1,115.21355663950037,0.5,7,2,32,44.800000000000004
Branin-Fav,DNGO-Joint,48,8,0,148,0.1,111.54699929018744,0.5,8,2,33,44.7
Branin-Fav,DNGO-Joint,48,9,0,349,0.1,111.22728906839917,0.5,9,2,34,44.6
Branin-Fav,DNGO-Joint,48,10,0,198,0.1,109.43427420923659,0.5,10,2,35,44.5
Branin-Fav,DNGO-Joint,48,11,0,399,0.1,107.93622006933293,0.5,11,2,36,44.4
Branin-Fav,DNGO-Joint,48,12,0,47,0.1,107.1467052251135,0.5,12,2,37,44.300000000000004
Branin-Fav,DNGO-Joint,48,13,0,248,0.1,105.70467390386625,0.5,13,2,38,44.2
Branin-Fav,DNGO-Joint,48,14,0,298,0.1,104.75161354530873,0.5,14,2,39,44.1
Branin-Fav,DNGO-Joint,48,15,0,97,0.1,103.65252483850966,0.5,15,2,40,44.00000000000001
Branin-Fav,DNGO-Joint,48,16,0,46,0.1,104.03304801110814,0.5,16,2,41,43.900000000000006
Branin-Fav,DNGO-Joint,48,17,0,348,0.1,102.26301093222925,0.5,17,2,42,43.800000000000004
Branin-Fav,DNGO-Joint,48,18,0,147,0.1,101.49998710521136,0.5,18,2,43,43.7
Branin-Fav,DNGO-Joint,48,19,0,96,0.1,100.1343388061598,0.5,19,2,44,43.6
Branin-Fav,DNGO-Joint,48,20,0,197,0.1,98.97374803557457,0.5,20,2,45,43.50000000000001
Branin-Fav,DNGO-Joint,48,21,1,49,1.0,38.85986360477338,0.5,0,3,45,42.50000000000001
Branin-Fav,DNGO-Joint,48,22,0,449,0.1,98.21885645355813,0.5,1,3,46,42.400000000000006
Branin-Fav,DNGO-Joint,48,23,0,398,0.1,95.82093457106225,0.5,2,3,47,42.300000000000004
Branin-Fav,DNGO-Joint,48,24,0,247,0.1,95.77342696921374,0.5,3,3,48,42.20000000000001
Branin-Fav,DNGO-Joint,48,25,0,297,0.1,93.74883072098812,0.5,4,3,49,42.10000000000001
Branin-Fav,DNGO-Joint,48,26,0,499,0.1,93.7368065898222,0.5,5,3,50,42.00000000000001
Branin-Fav,DNGO-Joint,48,27,0,448,0.1,91.35310522451363,0.5,6,3,51,41.900000000000006
Branin-Fav,DNGO-Joint,48,28,0,347,0.1,91.30606745844874,0.5,7,3,52,41.800000000000004
Branin-Fav,DNGO-Joint,48,29,0,146,0.1,91.05704447744226,0.5,8,3,53,41.70000000000001
Branin-Fav,DNGO-Joint,48,30,0,196,0.1,90.64263857871872,0.5,9,3,54,41.60000000000001
Branin-Fav,DNGO-Joint,48,31,0,45,0.1,90.12282811483178,0.5,10,3,55,41.50000000000001
Branin-Fav,DNGO-Joint,48,32,0,95,0.1,88.58169178094715,0.5,11,3,56,41.40000000000001
Branin-Fav,DNGO-Joint,48,33,0,246,0.1,87.0739577268646,0.5,12,3,57,41.30000000000001
Branin-Fav,DNGO-Joint,48,34,0,296,0.1,85.88235924066173,0.5,13,3,58,41.20000000000001
Branin-Fav,DNGO-Joint,48,35,0,549,0.1,87.24440619273389,0.5,14,3,59,41.10000000000001
Branin-Fav,DNGO-Joint,48,36,0,397,0.1,84.57816305548947,0.5,15,3,60,41.00000000000001
Branin-Fav,DNGO-Joint,48,37,0,44,0.1,86.08157047386857,0.5,16,3,61,40.90000000000001
Branin-Fav,DNGO-Joint,48,38,0,28,0.1,92.15829739222201,0.5,17,3,62,40.80000000000001
Branin-Fav,DNGO-Joint,48,39,0,498,0.1,82.1112872756635,0.5,18,3,63,40.70000000000001
Branin-Fav,DNGO-Joint,48,40,0,145,0.1,82.76368225972789,0.5,19,3,64,40.600000000000016
Branin-Fav,DNGO-Joint,48,41,0,195,0.1,81.12962658885785,0.5,20,3,65,40.500000000000014
Branin-Fav,DNGO-Joint,48,42,1,2494,1.0,36.908536334494016,0.5,0,4,65,39.500000000000014
Branin-Fav,DNGO-Joint,48,43,0,94,0.1,88.55248983856119,0.5,1,4,66,39.40000000000001
Branin-Fav,DNGO-Joint,48,44,0,43,0.1,86.61636820472779,0.5,2,4,67,39.30000000000001
Branin-Fav,DNGO-Joint,48,45,0,346,0.1,85.17916704722666,0.5,3,4,68,39.20000000000001
Branin-Fav,DNGO-Joint,48,46,0,144,0.1,86.02847869658522,0.5,4,4,69,39.100000000000016
Branin-Fav,DNGO-Joint,48,47,0,42,0.1,85.3746977763765,0.5,5,4,70,39.000000000000014
Branin-Fav,DNGO-Joint,48,48,0,245,0.1,83.73377018445748,0.5,6,4,71,38.90000000000001
Branin-Fav,DNGO-Joint,48,49,0,447,0.1,84.23407438260713,0.5,7,4,72,38.80000000000002
Branin-Fav,DNGO-Joint,48,50,0,29,0.1,86.70215876290276,0.5,8,4,73,38.70000000000002
Branin-Fav,DNGO-Joint,48,51,0,31,0.1,80.94889234331214,0.5,9,4,74,38.600000000000016
Branin-Fav,DNGO-Joint,48,52,0,295,0.1,81.17411627891197,0.5,10,4,75,38.500000000000014
Branin-Fav,DNGO-Joint,48,53,0,396,0.1,80.8047491429559,0.5,11,4,76,38.40000000000001
Branin-Fav,DNGO-Joint,48,54,0,599,0.1,80.53518353016032,0.5,12,4,77,38.30000000000002
Branin-Fav,DNGO-Joint,48,55,0,32,0.1,79.78978406928195,0.5,13,4,78,38.20000000000002
Branin-Fav,DNGO-Joint,48,56,0,194,0.1,77.29022542272342,0.5,14,4,79,38.100000000000016
Branin-Fav,DNGO-Joint,48,57,0,93,0.1,77.30859958849148,0.5,15,4,80,38.00000000000002
Branin-Fav,DNGO-Joint,48,58,0,548,0.1,75.99032233946008,0.5,16,4,81,37.90000000000002
Branin-Fav,DNGO-Joint,48,59,0,41,0.1,75.76515388126391,0.5,17,4,82,37.80000000000002
Branin-Fav,DNGO-Joint,48,60,0,497,0.1,74.9990907030516,0.5,18,4,83,37.70000000000002
Branin-Fav,DNGO-Joint,48,61,0,345,0.1,74.73954210675669,0.5,19,4,84,37.600000000000016
Branin-Fav,DNGO-Joint,48,62,0,143,0.1,73.86278920438225,0.5,20,4,85,37.50000000000002
Branin-Fav,DNGO-Joint,48,63,1,0,1.0,44.66294841290711,0.5,0,5,85,36.50000000000002
Branin-Fav,DNGO-Joint,48,64,0,446,0.1,92.61075013705688,0.5,1,5,86,36.40000000000002
Branin-Fav,DNGO-Joint,48,65,0,244,0.1,93.09883899712938,0.5,2,5,87,36.30000000000002
Branin-Fav,DNGO-Joint,48,66,0,294,0.1,91.17325649309134,0.5,3,5,88,36.200000000000024
Branin-Fav,DNGO-Joint,48,67,0,395,0.1,90.95084869100953,0.5,4,5,89,36.10000000000002
Branin-Fav,DNGO-Joint,48,68,0,27,0.1,90.751464597372,0.5,5,5,90,36.00000000000002
Branin-Fav,DNGO-Joint,48,69,0,598,0.1,88.28158206832629,0.5,6,5,91,35.90000000000002
Branin-Fav,DNGO-Joint,48,70,0,30,0.1,89.0757301514216,0.5,7,5,92,35.80000000000002
Branin-Fav,DNGO-Joint,48,71,0,78,0.1,91.16891726889283,0.5,8,5,93,35.700000000000024
Branin-Fav,DNGO-Joint,48,72,0,77,0.1,91.11320558273327,0.5,9,5,94,35.60000000000002
Branin-Fav,DNGO-Joint,48,73,0,26,0.1,87.61794982932146,0.5,10,5,95,35.50000000000002
Branin-Fav,DNGO-Joint,48,74,0,79,0.1,87.87755105409157,0.5,11,5,96,35.40000000000003
Branin-Fav,DNGO-Joint,48,75,0,80,0.1,87.81233686332118,0.5,12,5,97,35.300000000000026
Branin-Fav,DNGO-Joint,48,76,0,33,0.1,87.2293703542382,0.5,13,5,98,35.200000000000024
Branin-Fav,DNGO-Joint,48,77,0,76,0.1,86.40717633534905,0.5,14,5,99,35.10000000000002
Branin-Fav,DNGO-Joint,48,78,0,34,0.1,85.25945589733038,0.5,15,5,100,35.00000000000002
Branin-Fav,DNGO-Joint,48,79,0,25,0.1,86.97401974023248,0.5,16,5,101,34.90000000000003
Branin-Fav,DNGO-Joint,48,80,0,547,0.1,82.89319739993729,0.5,17,5,102,34.800000000000026
Branin-Fav,DNGO-Joint,48,81,0,649,0.1,87.16809981108476,0.5,18,5,103,34.700000000000024
Branin-Fav,DNGO-Joint,48,82,0,128,0.1,82.53950433296703,0.5,19,5,104,34.60000000000003
Branin-Fav,DNGO-Joint,48,83,0,377,0.1,87.98261553477539,0.5,20,5,105,34.50000000000003
Branin-Fav,DNGO-Joint,48,84,1,799,1.0,46.074527914730474,0.5,0,6,105,33.50000000000003
Branin-Fav,DNGO-Joint,48,85,0,24,0.1,82.78900638563046,0.5,1,6,106,33.40000000000003
Branin-Fav,DNGO-Joint,48,86,0,526,0.1,84.63944249270814,0.5,2,6,107,33.300000000000026
Branin-Fav,DNGO-Joint,48,87,0,127,0.1,83.20362845092869,0.5,3,6,108,33.200000000000024
Branin-Fav,DNGO-Joint,48,88,0,477,0.1,88.2639897615782,0.5,4,6,109,33.10000000000002
Branin-Fav,DNGO-Joint,48,89,0,527,0.1,84.67649274048689,0.5,5,6,110,33.00000000000002
Branin-Fav,DNGO-Joint,48,90,0,576,0.1,81.6769196145098,0.5,6,6,111,32.90000000000002
Branin-Fav,DNGO-Joint,48,91,0,427,0.1,87.36808798589554,0.5,7,6,112,32.80000000000002
Branin-Fav,DNGO-Joint,48,92,0,577,0.1,87.41093270951,0.5,8,6,113,32.70000000000002
Branin-Fav,DNGO-Joint,48,93,0,476,0.1,86.351453030303,0.5,9,6,114,32.600000000000016
Branin-Fav,DNGO-Joint,48,94,0,626,0.1,84.79103531787014,0.5,10,6,115,32.500000000000014
Branin-Fav,DNGO-Joint,48,95,0,478,0.1,86.52149317682624,0.5,11,6,116,32.40000000000001
Branin-Fav,DNGO-Joint,48,96,0,426,0.1,87.36920847358087,0.5,12,6,117,32.30000000000001
Branin-Fav,DNGO-Joint,48,97,0,428,0.1,89.01346872007956,0.5,13,6,118,32.20000000000001
Branin-Fav,DNGO-Joint,48,98,0,625,0.1,84.59792902661842,0.5,14,6,119,32.10000000000001
Branin-Fav,DNGO-Joint,48,99,0,528,0.1,85.80184933440948,0.5,15,6,120,32.00000000000001
Branin-Fav,DNGO-Joint,48,100,0,575,0.1,85.13392041016633,0.5,16,6,121,31.900000000000006
Branin-Fav,DNGO-Joint,48,101,0,627,0.1,82.29266152534002,0.5,17,6,122,31.800000000000004
Branin-Fav,DNGO-Joint,48,102,0,676,0.1,84.65614414266251,0.5,18,6,123,31.700000000000003
Branin-Fav,DNGO-Joint,48,103,0,578,0.1,84.41208235369584,0.5,19,6,124,31.6
Branin-Fav,DNGO-Joint,48,104,0,525,0.1,82.86854148855116,0.5,20,6,125,31.5
Branin-Fav,DNGO-Joint,48,105,1,99,1.0,23.56721091733204,0.5,0,7,125,30.5
Branin-Fav,DNGO-Joint,48,106,0,327,0.1,82.67523066342366,0.5,1,7,126,30.4
Branin-Fav,DNGO-Joint,48,107,0,378,0.1,83.22538656331083,0.5,2,7,127,30.299999999999997
Branin-Fav,DNGO-Joint,48,108,0,277,0.1,83.55603911849181,0.5,3,7,128,30.199999999999996
Branin-Fav,DNGO-Joint,48,109,0,675,0.1,82.9476199444214,0.5,4,7,129,30.099999999999994
Branin-Fav,DNGO-Joint,48,110,0,328,0.1,81.77949923791445,0.5,5,7,130,29.999999999999993
Branin-Fav,DNGO-Joint,48,111,0,479,0.1,81.36623442723113,0.5,6,7,131,29.89999999999999
Branin-Fav,DNGO-Joint,48,112,0,376,0.1,83.19490894059594,0.5,7,7,132,29.79999999999999
Branin-Fav,DNGO-Joint,48,113,0,278,0.1,81.55248039749424,0.5,8,7,133,29.69999999999999
Branin-Fav,DNGO-Joint,48,114,0,475,0.1,82.1036329658206,0.5,9,7,134,29.599999999999987
Branin-Fav,DNGO-Joint,48,115,0,624,0.1,79.32260390610975,0.5,10,7,135,29.499999999999986
Branin-Fav,DNGO-Joint,48,116,0,429,0.1,79.14486504375775,0.5,11,7,136,29.399999999999984
Branin-Fav,DNGO-Joint,48,117,0,677,0.1,79.7562099621841,0.5,12,7,137,29.299999999999983
Branin-Fav,DNGO-Joint,48,118,0,628,0.1,79.09390156683799,0.5,13,7,138,29.19999999999998
Branin-Fav,DNGO-Joint,48,119,0,529,0.1,78.28525289104955,0.5,14,7,139,29.09999999999998
Branin-Fav,DNGO-Joint,48,120,0,326,0.1,79.07115352308472,0.5,15,7,140,28.99999999999998
Branin-Fav,DNGO-Joint,48,121,0,227,0.1,78.57588764976195,0.5,16,7,141,28.899999999999977
Branin-Fav,DNGO-Joint,48,122,0,379,0.1,77.83691899469716,0.5,17,7,142,28.799999999999976
Branin-Fav,DNGO-Joint,48,123,0,425,0.1,78.74475386613955,0.5,18,7,143,28.699999999999974
Branin-Fav,DNGO-Joint,48,124,0,574,0.1,78.38241087308691,0.5,19,7,144,28.599999999999973
Branin-Fav,DNGO-Joint,48,125,0,228,0.1,78.4627165962406,0.5,20,7,145,28.49999999999997
Branin-Fav,DNGO-Joint,48,126,1,499,1.0,19.349199911890675,0.5,0,8,145,27.49999999999997
Branin-Fav,DNGO-Joint,48,127,0,726,0.1,140.9654925868772,0.9300320619912357,1,8,146,27.39999999999997
Branin-Fav,DNGO-Joint,48,128,0,276,0.1,142.6236275120104,0.9300320619912357,2,8,147,27.29999999999997
Branin-Fav,DNGO-Joint,48,129,0,178,0.1,142.65177731187853,0.9300320619912357,3,8,148,27.199999999999967
Branin-Fav,DNGO-Joint,48,130,0,375,0.1,139.85333277788595,0.9300320619912357,4,8,149,27.099999999999966
Branin-Fav,DNGO-Joint,48,131,0,177,0.1,139.91511260575007,0.9300320619912357,5,8,150,26.999999999999964
Branin-Fav,DNGO-Joint,48,132,0,524,0.1,139.2417520588746,0.9300320619912357,6,8,151,26.899999999999963
Branin-Fav,DNGO-Joint,48,133,0,725,0.1,138.04297741844795,0.9300320619912357,7,8,152,26.79999999999996
Branin-Fav,DNGO-Joint,48,134,0,329,0.1,139.00643674132607,0.9300320619912357,8,8,153,26.69999999999996
Branin-Fav,DNGO-Joint,48,135,0,474,0.1,138.91714579774893,0.9300320619912357,9,8,154,26.59999999999996
Branin-Fav,DNGO-Joint,48,136,0,226,0.1,136.44406659194544,0.9300320619912357,10,8,155,26.499999999999957
Branin-Fav,DNGO-Joint,48,137,0,674,0.1,139.84264718066166,0.9300320619912357,11,8,156,26.399999999999956
Branin-Fav,DNGO-Joint,48,138,0,325,0.1,137.2487089384105,0.9300320619912357,12,8,157,26.299999999999955
Branin-Fav,DNGO-Joint,48,139,0,724,0.1,137.1353935679518,0.9300320619912357,13,8,158,26.199999999999953
Branin-Fav,DNGO-Joint,48,140,0,275,0.1,134.91685809384654,0.9300320619912357,14,8,159,26.09999999999995
Branin-Fav,DNGO-Joint,48,141,0,579,0.1,134.0547064400517,0.9300320619912357,15,8,160,25.99999999999995
Branin-Fav,DNGO-Joint,48,142,0,424,0.1,135.0886448501585,0.9300320619912357,16,8,161,25.89999999999995
Branin-Fav,DNGO-Joint,48,143,0,176,0.1,134.04173510078886,0.9300320619912357,17,8,162,25.799999999999947
Branin-Fav,DNGO-Joint,48,144,0,126,0.1,134.01669460732393,0.9300320619912357,18,8,163,25.699999999999946
Branin-Fav,DNGO-Joint,48,145,0,75,0.1,131.3631869006,0.9300320619912357,19,8,164,25.599999999999945
Branin-Fav,DNGO-Joint,48,146,0,374,0.1,130.55839534872655,0.9300320619912357,20,8,165,25.499999999999943
Branin-Fav,DNGO-Joint,48,147,1,149,1.0,16.11376195374048,0.9300320619912357,0,9,165,24.499999999999943
Branin-Fav,DNGO-Joint,48,148,0,279,0.1,112.84059339316056,0.810356381614221,1,9,166,24.39999999999994
Branin-Fav,DNGO-Joint,48,149,0,727,0.1,112.26094927320351,0.810356381614221,2,9,167,24.29999999999994
Branin-Fav,DNGO-Joint,48,150,0,775,0.1,112.4290271755896,0.810356381614221,3,9,168,24.19999999999994
Branin-Fav,DNGO-Joint,48,151,0,225,0.1,111.77220676397435,0.810356381614221,4,9,169,24.099999999999937
Branin-Fav,DNGO-Joint,48,152,0,774,0.1,112.77447344986467,0.810356381614221,5,9,170,23.999999999999936
Branin-Fav,DNGO-Joint,48,153,0,623,0.1,109.80906176554932,0.810356381614221,6,9,171,23.899999999999935
Branin-Fav,DNGO-Joint,48,154,0,229,0.1,110.01614306225649,0.810356381614221,7,9,172,23.799999999999933
Branin-Fav,DNGO-Joint,48,155,0,678,0.1,112.00262872094726,0.810356381614221,8,9,173,23.699999999999932
Branin-Fav,DNGO-Joint,48,156,0,179,0.1,108.97120962560508,0.810356381614221,9,9,174,23.59999999999993
Branin-Fav,DNGO-Joint,48,157,0,175,0.1,108.28374206751612,0.810356381614221,10,9,175,23.49999999999993
Branin-Fav,DNGO-Joint,48,158,0,125,0.1,108.88330053758405,0.810356381614221,11,9,176,23.399999999999928
Branin-Fav,DNGO-Joint,48,159,0,629,0.1,107.4204227790884,0.810356381614221,12,9,177,23.299999999999926
Branin-Fav,DNGO-Joint,48,160,0,129,0.1,106.88990693727747,0.810356381614221,13,9,178,23.199999999999925
Branin-Fav,DNGO-Joint,48,161,0,324,0.1,107.01950711796218,0.810356381614221,14,9,179,23.099999999999923
Branin-Fav,DNGO-Joint,48,162,0,380,0.1,106.47172068503775,0.810356381614221,15,9,180,22.999999999999922
Branin-Fav,DNGO-Joint,48,163,0,673,0.1,112.01172774575257,0.810356381614221,16,9,181,22.89999999999992
Branin-Fav,DNGO-Joint,48,164,0,776,0.1,103.11034788400285,0.810356381614221,17,9,182,22.79999999999992
Branin-Fav,DNGO-Joint,48,165,0,723,0.1,103.77406454875037,0.810356381614221,18,9,183,22.699999999999918
Branin-Fav,DNGO-Joint,48,166,0,430,0.1,106.99422397858403,0.810356381614221,19,9,184,22.599999999999916
Branin-Fav,DNGO-Joint,48,167,0,573,0.1,105.59242394212487,0.810356381614221,20,9,185,22.499999999999915
Branin-Fav,DNGO-Joint,48,168,1,299,1.0,14.856003597109734,0.810356381614221,0,10,185,21.499999999999915
Branin-Fav,DNGO-Joint,48,169,0,330,0.1,69.16674229554403,0.5611904986040597,1,10,186,21.399999999999913
Branin-Fav,DNGO-Joint,48,170,0,728,0.1,70.68033902639682,0.5611904986040597,2,10,187,21.299999999999912
Branin-Fav,DNGO-Joint,48,171,0,523,0.1,71.33804189015635,0.5611904986040597,3,10,188,21.19999999999991
Branin-Fav,DNGO-Joint,48,172,0,274,0.1,70.48016869225525,0.5611904986040597,4,10,189,21.09999999999991
Branin-Fav,DNGO-Joint,48,173,0,773,0.1,68.99531648098242,0.5611904986040597,5,10,190,20.999999999999908
Branin-Fav,DNGO-Joint,48,174,0,74,0.1,68.27510423466265,0.5611904986040597,6,10,191,20.899999999999906
Branin-Fav,DNGO-Joint,48,175,0,473,0.1,72.82347529853888,0.5611904986040597,7,10,192,20.799999999999905
Branin-Fav,DNGO-Joint,48,176,0,224,0.1,69.13154161647964,0.5611904986040597,8,10,193,20.699999999999903
Branin-Fav,DNGO-Joint,48,177,0,280,0.1,67.69572414180541,0.5611904986040597,9,10,194,20.599999999999902
Branin-Fav,DNGO-Joint,48,178,0,423,0.1,68.06545517846155,0.5611904986040597,10,10,195,20.4999999999999
Branin-Fav,DNGO-Joint,48,179,0,480,0.1,69.18252154605999,0.5611904986040597,11,10,196,20.3999999999999
Branin-Fav,DNGO-Joint,48,180,0,230,0.1,66.35257837040575,0.5611904986040597,12,10,197,20.299999999999898
Branin-Fav,DNGO-Joint,48,181,0,174,0.1,66.78785077018543,0.5611904986040597,13,10,198,20.199999999999896
Branin-Fav,DNGO-Joint,48,182,0,180,0.1,66.46221338669953,0.5611904986040597,14,10,199,20.099999999999895
Branin-Fav,DNGO-Joint,48,183,0,124,0.1,67.64133636835872,0.5611904986040597,15,10,200,19.999999999999893
Branin-Fav,DNGO-Joint,48,184,0,530,0.1,65.2459061386423,0.5611904986040597,16,10,201,19.899999999999892
Branin-Fav,DNGO-Joint,48,185,0,825,0.1,65.26308477062315,0.5611904986040597,17,10,202,19.79999999999989
Branin-Fav,DNGO-Joint,48,186,0,824,0.1,64.1717956602292,0.5611904986040597,18,10,203,19.69999999999989
Branin-Fav,DNGO-Joint,48,187,0,130,0.1,65.12408863951566,0.5611904986040597,19,10,204,19.599999999999888
Branin-Fav,DNGO-Joint,48,188,0,777,0.1,65.68436776233466,0.5611904986040597,20,10,205,19.499999999999886
Branin-Fav,DNGO-Joint,48,189,1,249,1.0,14.221420778214497,0.5611904986040597,0,11,205,18.499999999999886
Branin-Fav,DNGO-Joint,48,190,0,672,0.1,52.74330817962892,0.4474742284097638,1,11,206,18.399999999999885
Branin-Fav,DNGO-Joint,48,191,0,373,0.1,50.07755163366843,0.4474742284097638,2,11,207,18.299999999999883
Branin-Fav,DNGO-Joint,48,192,0,193,0.1,50.24588177815616,0.4474742284097638,3,11,208,18.199999999999882
Branin-Fav,DNGO-Joint,48,193,0,580,0.1,50.48798345143788,0.4474742284097638,4,11,209,18.09999999999988
Branin-Fav,DNGO-Joint,48,194,0,823,0.1,50.42931496117583,0.4474742284097638,5,11,210,17.99999999999988
Branin-Fav,DNGO-Joint,48,195,0,679,0.1,50.218168268249585,0.4474742284097638,6,11,211,17.899999999999878
Branin-Fav,DNGO-Joint,48,196,0,496,0.1,48.27923979554278,0.4474742284097638,7,11,212,17.799999999999876
Branin-Fav,DNGO-Joint,48,197,0,344,0.1,48.38951941198214,0.4474742284097638,8,11,213,17.699999999999875
Branin-Fav,DNGO-Joint,48,198,0,622,0.1,51.71874498795578,0.4474742284097638,9,11,214,17.599999999999874
Branin-Fav,DNGO-Joint,48,199,0,699,0.1,49.59400497009729,0.4474742284097638,10,11,215,17.499999999999872
Branin-Fav,DNGO-Joint,48,200,0,323,0.1,47.694756540877115,0.4474742284097638,11,11,216,17.39999999999987
Branin-Fav,DNGO-Joint,48,201,0,826,0.1,48.30844711321608,0.4474742284097638,12,11,217,17.29999999999987
Branin-Fav,DNGO-Joint,48,202,0,722,0.1,51.196271249750026,0.4474742284097638,13,11,218,17.199999999999868
Branin-Fav,DNGO-Joint,48,203,0,572,0.1,47.488165217915665,0.4474742284097638,14,11,219,17.099999999999866
Branin-Fav,DNGO-Joint,48,204,0,273,0.1,48.99782520202692,0.4474742284097638,15,11,220,16.999999999999865
Branin-Fav,DNGO-Joint,48,205,0,92,0.1,46.59189161512028,0.4474742284097638,16,11,221,16.899999999999864
Branin-Fav,DNGO-Joint,48,206,0,394,0.1,48.353463601658554,0.4474742284097638,17,11,222,16.799999999999862
Branin-Fav,DNGO-Joint,48,207,0,243,0.1,46.6419319883411,0.4474742284097638,18,11,223,16.69999999999986
Branin-Fav,DNGO-Joint,48,208,0,630,0.1,47.155152362676404,0.4474742284097638,19,11,224,16.59999999999986
Branin-Fav,DNGO-Joint,48,209,0,81,0.1,47.95171971764438,0.4474742284097638,20,11,225,16.499999999999858
Branin-Fav,DNGO-Joint,48,210,1,349,1.0,13.50621742752681,0.4474742284097638,0,12,225,15.499999999999858
Branin-Fav,DNGO-Joint,48,211,0,772,0.1,42.462876516780135,0.39633923445614366,1,12,226,15.399999999999858
Branin-Fav,DNGO-Joint,48,212,0,822,0.1,41.50021497335396,0.39633923445614366,2,12,227,15.299999999999857
Branin-Fav,DNGO-Joint,48,213,0,293,0.1,39.36827418632898,0.39633923445614366,3,12,228,15.199999999999855
Branin-Fav,DNGO-Joint,48,214,0,597,0.1,40.87267111496658,0.39633923445614366,4,12,229,15.099999999999854
Branin-Fav,DNGO-Joint,48,215,0,778,0.1,39.95636797016134,0.39633923445614366,5,12,230,14.999999999999853
Branin-Fav,DNGO-Joint,48,216,0,522,0.1,39.97229527912458,0.39633923445614366,6,12,231,14.899999999999851
Branin-Fav,DNGO-Joint,48,217,0,343,0.1,39.96999117835022,0.39633923445614366,7,12,232,14.79999999999985
Branin-Fav,DNGO-Joint,48,218,0,331,0.1,39.12483446489447,0.39633923445614366,8,12,233,14.699999999999848
Branin-Fav,DNGO-Joint,48,219,0,381,0.1,39.724926143899346,0.39633923445614366,9,12,234,14.599999999999847
Branin-Fav,DNGO-Joint,48,220,0,873,0.1,38.61103415729927,0.39633923445614366,10,12,235,14.499999999999845
Branin-Fav,DNGO-Joint,48,221,0,431,0.1,40.30816606647908,0.39633923445614366,11,12,236,14.399999999999844
Branin-Fav,DNGO-Joint,48,222,0,231,0.1,39.80199286474445,0.39633923445614366,12,12,237,14.299999999999843
Branin-Fav,DNGO-Joint,48,223,0,874,0.1,39.00436564511313,0.39633923445614366,13,12,238,14.199999999999841
Branin-Fav,DNGO-Joint,48,224,0,181,0.1,38.262281274657184,0.39633923445614366,14,12,239,14.09999999999984
Branin-Fav,DNGO-Joint,48,225,0,142,0.1,38.1476941844007,0.39633923445614366,15,12,240,13.999999999999838
Branin-Fav,DNGO-Joint,48,226,0,875,0.1,38.71869058561046,0.39633923445614366,16,12,241,13.899999999999837
Branin-Fav,DNGO-Joint,48,227,0,546,0.1,38.589840970835766,0.39633923445614366,17,12,242,13.799999999999836
Branin-Fav,DNGO-Joint,48,228,0,23,0.1,39.80858426743398,0.39633923445614366,18,12,243,13.699999999999834
Branin-Fav,DNGO-Joint,48,229,0,495,0.1,36.638109066672385,0.39633923445614366,19,12,244,13.599999999999833
Branin-Fav,DNGO-Joint,48,230,0,648,0.1,37.43395420586594,0.39633923445614366,20,12,245,13.499999999999831
Branin-Fav,DNGO-Joint,48,231,1,199,1.0,12.847613330054301,0.39633923445614366,0,13,245,12.49999999999983
Branin-Fav,DNGO-Joint,48,232,0,827,0.1,36.62904564510842,0.3876265738801813,1,13,246,12.39999999999983
Branin-Fav,DNGO-Joint,48,233,0,472,0.1,37.39596153399345,0.3876265738801813,2,13,247,12.299999999999828
Branin-Fav,DNGO-Joint,48,234,0,876,0.1,35.512387101979655,0.3876265738801813,3,13,248,12.199999999999827
Branin-Fav,DNGO-Joint,48,235,0,192,0.1,35.75069068088143,0.3876265738801813,4,13,249,12.099999999999826
Branin-Fav,DNGO-Joint,48,236,0,131,0.1,35.107634824872065,0.3876265738801813,5,13,250,11.999999999999824
Branin-Fav,DNGO-Joint,48,237,0,73,0.1,35.33199736686125,0.3876265738801813,6,13,251,11.899999999999823
Branin-Fav,DNGO-Joint,48,238,0,444,0.1,34.27591429078668,0.3876265738801813,7,13,252,11.799999999999821
Branin-Fav,DNGO-Joint,48,239,0,872,0.1,34.890921310835864,0.3876265738801813,8,13,253,11.69999999999982
Branin-Fav,DNGO-Joint,48,240,0,481,0.1,35.263464300012444,0.3876265738801813,9,13,254,11.599999999999818
Branin-Fav,DNGO-Joint,48,241,0,393,0.1,34.946232333801504,0.3876265738801813,10,13,255,11.499999999999817
Branin-Fav,DNGO-Joint,48,242,0,242,0.1,34.30776195098127,0.3876265738801813,11,13,256,11.399999999999816
Branin-Fav,DNGO-Joint,48,243,0,721,0.1,35.678618805735,0.3876265738801813,12,13,257,11.299999999999814
Branin-Fav,DNGO-Joint,48,244,0,2450,0.1,37.46798263004404,0.3876265738801813,13,13,258,11.199999999999813
Branin-Fav,DNGO-Joint,48,245,0,729,0.1,34.933369093299255,0.3876265738801813,14,13,259,11.099999999999811
Branin-Fav,DNGO-Joint,48,246,0,292,0.1,33.40376197883683,0.3876265738801813,15,13,260,10.99999999999981
Branin-Fav,DNGO-Joint,48,247,0,698,0.1,32.77954360284631,0.3876265738801813,16,13,261,10.899999999999809
Branin-Fav,DNGO-Joint,48,248,0,924,0.1,34.00163916013844,0.3876265738801813,17,13,262,10.799999999999807
Branin-Fav,DNGO-Joint,48,249,0,596,0.1,33.190678471838005,0.3876265738801813,18,13,263,10.699999999999806
Branin-Fav,DNGO-Joint,48,250,0,771,0.1,32.62558481253274,0.3876265738801813,19,13,264,10.599999999999804
Branin-Fav,DNGO-Joint,48,251,0,545,0.1,33.4077093534144,0.3876265738801813,20,13,265,10.499999999999803
Branin-Fav,DNGO-Joint,48,252,1,399,1.0,11.580283463085419,0.3876265738801813,0,14,265,9.499999999999801
Branin-Fav,DNGO-Joint,48,253,0,531,0.1,38.944304057480664,0.4270650732233134,1,14,266,9.399999999999801
Branin-Fav,DNGO-Joint,48,254,0,223,0.1,35.245585924185804,0.4270650732233134,2,14,267,9.2999999999998
Branin-Fav,DNGO-Joint,48,255,0,749,0.1,36.03785619861727,0.4270650732233134,3,14,268,9.199999999999799
Branin-Fav,DNGO-Joint,48,256,0,923,0.1,35.25939617118878,0.4270650732233134,4,14,269,9.099999999999797
Branin-Fav,DNGO-Joint,48,257,0,422,0.1,37.04080748226387,0.4270650732233134,5,14,270,8.999999999999796
Branin-Fav,DNGO-Joint,48,258,0,173,0.1,35.09003725512971,0.4270650732233134,6,14,271,8.899999999999794
Branin-Fav,DNGO-Joint,48,259,0,821,0.1,35.14885785484516,0.4270650732233134,7,14,272,8.799999999999793
Branin-Fav,DNGO-Joint,48,260,0,123,0.1,36.101837444314256,0.4270650732233134,8,14,273,8.699999999999791
Branin-Fav,DNGO-Joint,48,261,0,671,0.1,33.94043459024392,0.4270650732233134,9,14,274,8.59999999999979
Branin-Fav,DNGO-Joint,48,262,0,91,0.1,35.42488485668571,0.4270650732233134,10,14,275,8.499999999999789
Branin-Fav,DNGO-Joint,48,263,0,282,0.1,34.74974704227645,0.4270650732233134,11,14,276,8.399999999999787
Branin-Fav,DNGO-Joint,48,264,0,494,0.1,34.33385931417975,0.4270650732233134,12,14,277,8.299999999999786
Branin-Fav,DNGO-Joint,48,265,0,382,0.1,37.44402059286347,0.4270650732233134,13,14,278,8.199999999999784
Branin-Fav,DNGO-Joint,48,266,0,680,0.1,33.98851302826038,0.4270650732233134,14,14,279,8.099999999999783
Branin-Fav,DNGO-Joint,48,267,0,342,0.1,33.7690232163497,0.4270650732233134,15,14,280,7.9999999999997815
Branin-Fav,DNGO-Joint,48,268,0,443,0.1,34.053402688536764,0.4270650732233134,16,14,281,7.89999999999978
Branin-Fav,DNGO-Joint,48,269,0,647,0.1,33.68918334927562,0.4270650732233134,17,14,282,7.799999999999779
Branin-Fav,DNGO-Joint,48,270,0,922,0.1,33.55454680081511,0.4270650732233134,18,14,283,7.699999999999777
Branin-Fav,DNGO-Joint,48,271,0,871,0.1,33.092767905773236,0.4270650732233134,19,14,284,7.599999999999776
Branin-Fav,DNGO-Joint,48,272,0,82,0.1,33.16980087360599,0.4270650732233134,20,14,285,7.499999999999774
Branin-Fav,DNGO-Joint,48,273,1,449,1.0,13.223126414234242,0.4270650732233134,0,15,285,6.499999999999773
Branin-Fav,DNGO-Joint,48,274,0,2350,0.1,39.61291369590024,0.5098070595850638,1,15,286,6.399999999999773
Branin-Fav,DNGO-Joint,48,275,0,141,0.1,39.266232434113014,0.5098070595850638,2,15,287,6.299999999999772
Branin-Fav,DNGO-Joint,48,276,0,925,0.1,38.77463781262208,0.5098070595850638,3,15,288,6.19999999999977
Branin-Fav,DNGO-Joint,48,277,0,372,0.1,38.99613029371191,0.5098070595850638,4,15,289,6.099999999999769
Branin-Fav,DNGO-Joint,48,278,0,621,0.1,39.13961514194348,0.5098070595850638,5,15,290,5.999999999999767
Branin-Fav,DNGO-Joint,48,279,0,132,0.1,37.59286371873505,0.5098070595850638,6,15,291,5.899999999999766
Branin-Fav,DNGO-Joint,48,280,0,322,0.1,40.49503187659148,0.5098070595850638,7,15,292,5.7999999999997645
Branin-Fav,DNGO-Joint,48,281,0,191,0.1,38.22074693824989,0.5098070595850638,8,15,293,5.699999999999763
Branin-Fav,DNGO-Joint,48,282,0,646,0.1,37.744705203149316,0.5098070595850638,9,15,294,5.599999999999762
Branin-Fav,DNGO-Joint,48,283,0,828,0.1,37.68121452143042,0.5098070595850638,10,15,295,5.49999999999976
Branin-Fav,DNGO-Joint,48,284,0,748,0.1,40.04384833056062,0.5098070595850638,11,15,296,5.399999999999759
Branin-Fav,DNGO-Joint,48,285,0,182,0.1,40.608637354742505,0.5098070595850638,12,15,297,5.299999999999757
Branin-Fav,DNGO-Joint,48,286,0,581,0.1,36.7990338917953,0.5098070595850638,13,15,298,5.199999999999756
Branin-Fav,DNGO-Joint,48,287,0,241,0.1,36.98907681445417,0.5098070595850638,14,15,299,5.0999999999997545
Branin-Fav,DNGO-Joint,48,288,0,544,0.1,36.651313054564646,0.5098070595850638,15,15,300,4.999999999999753
Branin-Fav,DNGO-Joint,48,289,0,779,0.1,35.67638445392156,0.5098070595850638,16,15,301,4.899999999999752
Branin-Fav,DNGO-Joint,48,290,0,571,0.1,37.22115494815368,0.5098070595850638,17,15,302,4.79999999999975
Branin-Fav,DNGO-Joint,48,291,0,232,0.1,35.85220315222825,0.5098070595850638,18,15,303,4.699999999999749
Branin-Fav,DNGO-Joint,48,292,0,40,0.1,35.518803511801835,0.5098070595850638,19,15,304,4.599999999999747
Branin-Fav,DNGO-Joint,48,293,0,392,0.1,35.730087490965126,0.5098070595850638,20,15,305,4.499999999999746
Branin-Fav,DNGO-Joint,48,294,1,1199,1.0,13.946225267135992,0.5098070595850638,0,16,305,3.499999999999744
Branin-Fav,DNGO-Joint,48,295,0,332,0.1,39.215039530305354,0.5098070595850638,1,16,306,3.399999999999744
Branin-Fav,DNGO-Joint,48,296,0,432,0.1,37.12918366322934,0.5098070595850638,2,16,307,3.2999999999997427
Branin-Fav,DNGO-Joint,48,297,0,521,0.1,34.613242541217204,0.5098070595850638,3,16,308,3.1999999999997413
Branin-Fav,DNGO-Joint,48,298,0,921,0.1,35.96845084549647,0.5098070595850638,4,16,309,3.09999999999974
Branin-Fav,DNGO-Joint,48,299,0,973,0.1,35.261325219592955,0.5098070595850638,5,16,310,2.9999999999997384
Branin-Fav,DNGO-Joint,48,300,0,926,0.1,34.03566294318343,0.5098070595850638,6,16,311,2.899999999999737
Branin-Fav,DNGO-Joint,48,301,0,595,0.1,34.31549784229955,0.5098070595850638,7,16,312,2.7999999999997356
Branin-Fav,DNGO-Joint,48,302,0,90,0.1,34.04104548959352,0.5098070595850638,8,16,313,2.699999999999734
Branin-Fav,DNGO-Joint,48,303,0,972,0.1,33.924719542047306,0.5098070595850638,9,16,314,2.5999999999997327
Branin-Fav,DNGO-Joint,48,304,0,22,0.1,34.601622948064566,0.5098070595850638,10,16,315,2.4999999999997313
Branin-Fav,DNGO-Joint,48,305,0,974,0.1,33.78121027324235,0.5098070595850638,11,16,316,2.39999999999973
Branin-Fav,DNGO-Joint,48,306,0,697,0.1,33.9855133358578,0.5098070595850638,12,16,317,2.2999999999997285
Branin-Fav,DNGO-Joint,48,307,0,820,0.1,33.98102429190076,0.5098070595850638,13,16,318,2.199999999999727
Branin-Fav,DNGO-Joint,48,308,0,493,0.1,33.40889453781918,0.5098070595850638,14,16,319,2.0999999999997256
Branin-Fav,DNGO-Joint,48,309,0,291,0.1,32.92946175753602,0.5098070595850638,15,16,320,1.9999999999997242
Branin-Fav,DNGO-Joint,48,310,0,971,0.1,32.148035349556956,0.5098070595850638,16,16,321,1.8999999999997228
Branin-Fav,DNGO-Joint,48,311,0,631,0.1,32.55679369411233,0.5098070595850638,17,16,322,1.7999999999997214
Branin-Fav,DNGO-Joint,48,312,0,140,0.1,32.062261305025835,0.5098070595850638,18,16,323,1.69999999999972
Branin-Fav,DNGO-Joint,48,313,0,2300,0.1,33.590966915760326,0.5098070595850638,19,16,324,1.5999999999997185
Branin-Fav,DNGO-Joint,48,314,0,442,0.1,32.030112861387565,0.5098070595850638,20,16,325,1.4999999999997171
Branin-Fav,DNGO-Joint,48,315,1,549,1.0,11.298872883454722,0.5098070595850638,0,17,325,0.4999999999997158
Branin-Fav,DNGO-Joint,48,316,0,594,0.1,36.88181382628507,0.5706787905949192,1,17,326,0.3999999999997158
Branin-Fav,DNGO-Joint,48,317,0,482,0.1,35.86101801259969,0.5706787905949192,2,17,327,0.2999999999997144
Branin-Fav,DNGO-Joint,48,318,0,272,0.1,37.9698321483211,0.5706787905949192,3,17,328,0.19999999999971294
Branin-Fav,DNGO-Joint,48,319,0,190,0.1,35.40324430193575,0.5706787905949192,4,17,329,0.09999999999971151
Branin-Fav,DNGO-Joint,49,1,0,199,0.1,134.577245633811,0.5,1,2,26,45.4
Branin-Fav,DNGO-Joint,49,2,0,99,0.1,122.88690797903601,0.5,2,2,27,45.3
Branin-Fav,DNGO-Joint,49,3,0,49,0.1,115.44345172488195,0.5,3,2,28,45.199999999999996
Branin-Fav,DNGO-Joint,49,4,0,349,0.1,117.25014622236863,0.5,4,2,29,45.1
Branin-Fav,DNGO-Joint,49,5,0,249,0.1,112.93758406631714,0.5,5,2,30,45.0
Branin-Fav,DNGO-Joint,49,6,0,299,0.1,111.63245057723827,0.5,6,2,31,44.9
Branin-Fav,DNGO-Joint,49,7,0,149,0.1,110.3226375068991,0.5,7,2,32,44.800000000000004
Branin-Fav,DNGO-Joint,49,8,0,399,0.1,105.83444733454189,0.5,8,2,33,44.7
Branin-Fav,DNGO-Joint,49,9,0,449,0.1,104.38600030035222,0.5,9,2,34,44.6
Branin-Fav,DNGO-Joint,49,10,0,499,0.1,103.66223412530874,0.5,10,2,35,44.5
Branin-Fav,DNGO-Joint,49,11,0,298,0.1,101.04871140400364,0.5,11,2,36,44.4
Branin-Fav,DNGO-Joint,49,12,0,48,0.1,101.15553422484592,0.5,12,2,37,44.300000000000004
Branin-Fav,DNGO-Joint,49,13,0,98,0.1,100.15811940446795,0.5,13,2,38,44.2
Branin-Fav,DNGO-Joint,49,14,0,198,0.1,99.64323197501433,0.5,14,2,39,44.1
Branin-Fav,DNGO-Joint,49,15,0,148,0.1,98.76919122720935,0.5,15,2,40,44.00000000000001
Branin-Fav,DNGO-Joint,49,16,0,248,0.1,97.05852900411138,0.5,16,2,41,43.900000000000006
Branin-Fav,DNGO-Joint,49,17,0,348,0.1,94.9453498280606,0.5,17,2,42,43.800000000000004
Branin-Fav,DNGO-Joint,49,18,0,47,0.1,94.13712822096393,0.5,18,2,43,43.7
Branin-Fav,DNGO-Joint,49,19,0,398,0.1,94.75080366904685,0.5,19,2,44,43.6
Branin-Fav,DNGO-Joint,49,20,0,549,0.1,93.12345210446048,0.5,20,2,45,43.50000000000001
Branin-Fav,DNGO-Joint,49,21,1,773,1.0,36.332303745320786,0.5,0,3,45,42.50000000000001
Branin-Fav,DNGO-Joint,49,22,0,97,0.1,91.94156455154729,0.5,1,3,46,42.400000000000006
Branin-Fav,DNGO-Joint,49,23,0,448,0.1,90.0664083412833,0.5,2,3,47,42.300000000000004
Branin-Fav,DNGO-Joint,49,24,0,197,0.1,89.59980689780477,0.5,3,3,48,42.20000000000001
Branin-Fav,DNGO-Joint,49,25,0,247,0.1,88.46715017263705,0.5,4,3,49,42.10000000000001
Branin-Fav,DNGO-Joint,49,26,0,297,0.1,89.35058473975758,0.5,5,3,50,42.00000000000001
Branin-Fav,DNGO-Joint,49,27,0,347,0.1,88.4451666308609,0.5,6,3,51,41.900000000000006
Branin-Fav,DNGO-Joint,49,28,0,397,0.1,90.83631770696174,0.5,7,3,52,41.800000000000004
Branin-Fav,DNGO-Joint,49,29,0,147,0.1,86.31891713375975,0.5,8,3,53,41.70000000000001
Branin-Fav,DNGO-Joint,49,30,0,498,0.1,85.26839717303064,0.5,9,3,54,41.60000000000001
Branin-Fav,DNGO-Joint,49,31,0,46,0.1,83.22039270085664,0.5,10,3,55,41.50000000000001
Branin-Fav,DNGO-Joint,49,32,0,96,0.1,81.66992579266477,0.5,11,3,56,41.40000000000001
Branin-Fav,DNGO-Joint,49,33,0,599,0.1,81.72856833254488,0.5,12,3,57,41.30000000000001
Branin-Fav,DNGO-Joint,49,34,0,146,0.1,81.29545089144231,0.5,13,3,58,41.20000000000001
Branin-Fav,DNGO-Joint,49,35,0,196,0.1,81.32226317102707,0.5,14,3,59,41.10000000000001
Branin-Fav,DNGO-Joint,49,36,0,246,0.1,80.92935535041372,0.5,15,3,60,41.00000000000001
Branin-Fav,DNGO-Joint,49,37,0,296,0.1,79.42816952269494,0.5,16,3,61,40.90000000000001
Branin-Fav,DNGO-Joint,49,38,0,447,0.1,78.43095660041772,0.5,17,3,62,40.80000000000001
Branin-Fav,DNGO-Joint,49,39,0,346,0.1,77.6186663997353,0.5,18,3,63,40.70000000000001
Branin-Fav,DNGO-Joint,49,40,0,45,0.1,77.22263517376459,0.5,19,3,64,40.600000000000016
Branin-Fav,DNGO-Joint,49,41,0,145,0.1,77.26202517953872,0.5,20,3,65,40.500000000000014
Branin-Fav,DNGO-Joint,49,42,1,0,1.0,38.637847813534115,0.5,0,4,65,39.500000000000014
Branin-Fav,DNGO-Joint,49,43,0,95,0.1,101.08771358349249,0.5,1,4,66,39.40000000000001
Branin-Fav,DNGO-Joint,49,44,0,726,0.1,107.06279148256385,0.5,2,4,67,39.30000000000001
Branin-Fav,DNGO-Joint,49,45,0,396,0.1,101.3769295162181,0.5,3,4,68,39.20000000000001
Branin-Fav,DNGO-Joint,49,46,0,195,0.1,98.46140131539224,0.5,4,4,69,39.100000000000016
Branin-Fav,DNGO-Joint,49,47,0,775,0.1,100.96298024737267,0.5,5,4,70,39.000000000000014
Branin-Fav,DNGO-Joint,49,48,0,780,0.1,99.56577492788459,0.5,6,4,71,38.90000000000001
Branin-Fav,DNGO-Joint,49,49,0,245,0.1,96.5845965786637,0.5,7,4,72,38.80000000000002
Branin-Fav,DNGO-Joint,49,50,0,44,0.1,93.78833810710634,0.5,8,4,73,38.70000000000002
Branin-Fav,DNGO-Joint,49,51,0,295,0.1,92.96359590298928,0.5,9,4,74,38.600000000000016
Branin-Fav,DNGO-Joint,49,52,0,345,0.1,95.28283856603986,0.5,10,4,75,38.500000000000014
Branin-Fav,DNGO-Joint,49,53,0,446,0.1,94.07408101116937,0.5,11,4,76,38.40000000000001
Branin-Fav,DNGO-Joint,49,54,0,144,0.1,91.55245072360168,0.5,12,4,77,38.30000000000002
Branin-Fav,DNGO-Joint,49,55,0,548,0.1,92.17364408234099,0.5,13,4,78,38.20000000000002
Branin-Fav,DNGO-Joint,49,56,0,497,0.1,91.37276444482646,0.5,14,4,79,38.100000000000016
Branin-Fav,DNGO-Joint,49,57,0,94,0.1,89.39547821285461,0.5,15,4,80,38.00000000000002
Branin-Fav,DNGO-Joint,49,58,0,395,0.1,92.4912477137825,0.5,16,4,81,37.90000000000002
Branin-Fav,DNGO-Joint,49,59,1,449,1.0,90.99762972333082,0.5,0,5,81,36.90000000000002
Branin-Fav,DNGO-Joint,49,60,0,194,0.1,88.33128571429039,0.5,1,5,82,36.80000000000002
Branin-Fav,DNGO-Joint,49,61,0,825,0.1,89.7656603703434,0.5,2,5,83,36.70000000000002
Branin-Fav,DNGO-Joint,49,62,0,294,0.1,86.29032698605822,0.5,3,5,84,36.600000000000016
Branin-Fav,DNGO-Joint,49,63,0,445,0.1,86.64040867752544,0.5,4,5,85,36.50000000000002
Branin-Fav,DNGO-Joint,49,64,0,649,0.1,87.1573889099302,0.5,5,5,86,36.40000000000002
Branin-Fav,DNGO-Joint,49,65,0,496,0.1,84.59471008991247,0.5,6,5,87,36.30000000000002
Branin-Fav,DNGO-Joint,49,66,0,344,0.1,82.93650638412122,0.5,7,5,88,36.200000000000024
Branin-Fav,DNGO-Joint,49,67,0,547,0.1,81.93642395939328,0.5,8,5,89,36.10000000000002
Branin-Fav,DNGO-Joint,49,68,0,874,0.1,88.02531876934736,0.5,9,5,90,36.00000000000002
Branin-Fav,DNGO-Joint,49,69,0,43,0.1,81.90640167856817,0.5,10,5,91,35.90000000000002
Branin-Fav,DNGO-Joint,49,70,0,394,0.1,81.91646351960816,0.5,11,5,92,35.80000000000002
Branin-Fav,DNGO-Joint,49,71,0,725,0.1,82.09569631329079,0.5,12,5,93,35.700000000000024
Branin-Fav,DNGO-Joint,49,72,0,824,0.1,82.49541315797624,0.5,13,5,94,35.60000000000002
Branin-Fav,DNGO-Joint,49,73,0,924,0.1,82.62159947137741,0.5,14,5,95,35.50000000000002
Branin-Fav,DNGO-Joint,49,74,0,875,0.1,80.09004649486403,0.5,15,5,96,35.40000000000003
Branin-Fav,DNGO-Joint,49,75,0,598,0.1,79.7827294812801,0.5,16,5,97,35.300000000000026
Branin-Fav,DNGO-Joint,49,76,0,774,0.1,79.35412898097842,0.5,17,5,98,35.200000000000024
Branin-Fav,DNGO-Joint,49,77,0,243,0.1,78.01289769373348,0.5,18,5,99,35.10000000000002
Branin-Fav,DNGO-Joint,49,78,0,776,0.1,78.13683163874987,0.5,19,5,100,35.00000000000002
Branin-Fav,DNGO-Joint,49,79,0,728,0.1,77.77357318196795,0.5,20,5,101,34.90000000000003
Branin-Fav,DNGO-Joint,49,80,1,1075,1.0,40.955789874690126,0.5,0,6,101,33.90000000000003
Branin-Fav,DNGO-Joint,49,81,0,923,0.1,76.14976481103845,0.5,1,6,102,33.800000000000026
Branin-Fav,DNGO-Joint,49,82,0,873,0.1,75.6710204168811,0.5,2,6,103,33.700000000000024
Branin-Fav,DNGO-Joint,49,83,0,93,0.1,75.95461207677371,0.5,3,6,104,33.60000000000002
Branin-Fav,DNGO-Joint,49,84,0,293,0.1,74.11424925637078,0.5,4,6,105,33.50000000000002
Branin-Fav,DNGO-Joint,49,85,0,143,0.1,76.27513969633569,0.5,5,6,106,33.40000000000002
Branin-Fav,DNGO-Joint,49,86,0,823,0.1,73.99301313875344,0.5,6,6,107,33.30000000000002
Branin-Fav,DNGO-Joint,49,87,0,828,0.1,75.05861609741982,0.5,7,6,108,33.20000000000002
Branin-Fav,DNGO-Joint,49,88,0,193,0.1,72.36290410340064,0.5,8,6,109,33.100000000000016
Branin-Fav,DNGO-Joint,49,89,0,495,0.1,72.11212220599279,0.5,9,6,110,33.000000000000014
Branin-Fav,DNGO-Joint,49,90,0,444,0.1,73.51542895253321,0.5,10,6,111,32.90000000000001
Branin-Fav,DNGO-Joint,49,91,0,546,0.1,71.73642125017008,0.5,11,6,112,32.80000000000001
Branin-Fav,DNGO-Joint,49,92,0,826,0.1,70.62541767657352,0.5,12,6,113,32.70000000000001
Branin-Fav,DNGO-Joint,49,93,0,343,0.1,70.25507718561967,0.5,13,6,114,32.60000000000001
Branin-Fav,DNGO-Joint,49,94,0,393,0.1,69.46922001556814,0.5,14,6,115,32.50000000000001
Branin-Fav,DNGO-Joint,49,95,0,727,0.1,68.69344278093999,0.5,15,6,116,32.400000000000006
Branin-Fav,DNGO-Joint,49,96,0,724,0.1,69.34952050793495,0.5,16,6,117,32.300000000000004
Branin-Fav,DNGO-Joint,49,97,0,729,0.1,71.72463080402916,0.5,17,6,118,32.2
Branin-Fav,DNGO-Joint,49,98,0,827,0.1,69.49681084382057,0.5,18,6,119,32.1
Branin-Fav,DNGO-Joint,49,99,0,777,0.1,69.2215711437039,0.5,19,6,120,32.0
Branin-Fav,DNGO-Joint,49,100,0,876,0.1,67.86245801943127,0.5,20,6,121,31.9
Branin-Fav,DNGO-Joint,49,101,1,749,1.0,38.1727552054767,0.5,0,7,121,30.9
Branin-Fav,DNGO-Joint,49,102,0,677,0.1,67.56779981575492,0.5,1,7,122,30.799999999999997
Branin-Fav,DNGO-Joint,49,103,0,973,0.1,67.05148843997183,0.5,2,7,123,30.699999999999996
Branin-Fav,DNGO-Joint,49,104,0,676,0.1,65.89211454658793,0.5,3,7,124,30.599999999999994
Branin-Fav,DNGO-Joint,49,105,0,675,0.1,66.00042257026568,0.5,4,7,125,30.499999999999993
Branin-Fav,DNGO-Joint,49,106,0,925,0.1,66.14664227369043,0.5,5,7,126,30.39999999999999
Branin-Fav,DNGO-Joint,49,107,0,25,0.1,70.55727881505268,0.5,6,7,127,30.29999999999999
Branin-Fav,DNGO-Joint,49,108,0,626,0.1,66.89008611729625,0.5,7,7,128,30.19999999999999
Branin-Fav,DNGO-Joint,49,109,0,26,0.1,67.07137899746503,0.5,8,7,129,30.099999999999987
Branin-Fav,DNGO-Joint,49,110,0,24,0.1,68.61149992278196,0.5,9,7,130,29.999999999999986
Branin-Fav,DNGO-Joint,49,111,0,28,0.1,69.65373339118874,0.5,10,7,131,29.899999999999984
Branin-Fav,DNGO-Joint,49,112,0,27,0.1,70.56835181010189,0.5,11,7,132,29.799999999999983
Branin-Fav,DNGO-Joint,49,113,0,576,0.1,67.99105938238999,0.5,12,7,133,29.69999999999998
Branin-Fav,DNGO-Joint,49,114,0,29,0.1,69.49544761387398,0.5,13,7,134,29.59999999999998
Branin-Fav,DNGO-Joint,49,115,0,627,0.1,68.41410024340674,0.5,14,7,135,29.49999999999998
Branin-Fav,DNGO-Joint,49,116,0,30,0.1,70.35103251654577,0.5,15,7,136,29.399999999999977
Branin-Fav,DNGO-Joint,49,117,0,78,0.1,68.07021125568302,0.5,16,7,137,29.299999999999976
Branin-Fav,DNGO-Joint,49,118,0,76,0.1,69.55651787375584,0.5,17,7,138,29.199999999999974
Branin-Fav,DNGO-Joint,49,119,0,77,0.1,68.66323857807365,0.5,18,7,139,29.099999999999973
Branin-Fav,DNGO-Joint,49,120,0,79,0.1,67.08436219950738,0.5,19,7,140,28.99999999999997
Branin-Fav,DNGO-Joint,49,121,0,527,0.1,68.29666632076804,0.5,20,7,141,28.89999999999997
Branin-Fav,DNGO-Joint,49,122,1,549,1.0,21.771559279835103,0.5,0,8,141,27.89999999999997
Branin-Fav,DNGO-Joint,49,123,0,31,0.1,67.05704018173333,0.5,1,8,142,27.79999999999997
Branin-Fav,DNGO-Joint,49,124,0,477,0.1,69.39859361396788,0.5,2,8,143,27.699999999999967
Branin-Fav,DNGO-Joint,49,125,0,577,0.1,67.41846726258106,0.5,3,8,144,27.599999999999966
Branin-Fav,DNGO-Joint,49,126,0,476,0.1,69.53767795100578,0.5,4,8,145,27.499999999999964
Branin-Fav,DNGO-Joint,49,127,0,526,0.1,66.95016737446814,0.5,5,8,146,27.399999999999963
Branin-Fav,DNGO-Joint,49,128,0,625,0.1,67.88906276266215,0.5,6,8,147,27.29999999999996
Branin-Fav,DNGO-Joint,49,129,0,427,0.1,69.21729582204577,0.5,7,8,148,27.19999999999996
Branin-Fav,DNGO-Joint,49,130,0,75,0.1,68.39549644582584,0.5,8,8,149,27.09999999999996
Branin-Fav,DNGO-Joint,49,131,0,529,0.1,69.52180924661776,0.5,9,8,150,26.999999999999957
Branin-Fav,DNGO-Joint,49,132,0,426,0.1,67.30095955000918,0.5,10,8,151,26.899999999999956
Branin-Fav,DNGO-Joint,49,133,0,376,0.1,68.00373242824746,0.5,11,8,152,26.799999999999955
Branin-Fav,DNGO-Joint,49,134,0,525,0.1,68.1463636126054,0.5,12,8,153,26.699999999999953
Branin-Fav,DNGO-Joint,49,135,0,575,0.1,66.01020403550905,0.5,13,8,154,26.59999999999995
Branin-Fav,DNGO-Joint,49,136,0,377,0.1,68.05194291168442,0.5,14,8,155,26.49999999999995
Branin-Fav,DNGO-Joint,49,137,0,126,0.1,67.36198843535371,0.5,15,8,156,26.39999999999995
Branin-Fav,DNGO-Joint,49,138,0,475,0.1,67.51892253610501,0.5,16,8,157,26.299999999999947
Branin-Fav,DNGO-Joint,49,139,0,327,0.1,67.27171117558558,0.5,17,8,158,26.199999999999946
Branin-Fav,DNGO-Joint,49,140,0,326,0.1,67.88376467981723,0.5,18,8,159,26.099999999999945
Branin-Fav,DNGO-Joint,49,141,0,277,0.1,66.01703534846645,0.5,19,8,160,25.999999999999943
Branin-Fav,DNGO-Joint,49,142,0,528,0.1,65.88070032031588,0.5,20,8,161,25.89999999999994
Branin-Fav,DNGO-Joint,49,143,1,2450,1.0,25.10814794319745,0.5,0,9,161,24.89999999999994
Branin-Fav,DNGO-Joint,49,144,0,276,0.1,66.8664124080951,0.5,1,9,162,24.79999999999994
Branin-Fav,DNGO-Joint,49,145,0,478,0.1,66.14461496253473,0.5,2,9,163,24.69999999999994
Branin-Fav,DNGO-Joint,49,146,0,425,0.1,66.27056820652501,0.5,3,9,164,24.599999999999937
Branin-Fav,DNGO-Joint,49,147,0,176,0.1,65.72795831292076,0.5,4,9,165,24.499999999999936
Branin-Fav,DNGO-Joint,49,148,0,378,0.1,66.27593429804033,0.5,5,9,166,24.399999999999935
Branin-Fav,DNGO-Joint,49,149,0,428,0.1,65.11631089305912,0.5,6,9,167,24.299999999999933
Branin-Fav,DNGO-Joint,49,150,0,375,0.1,66.31377132782316,0.5,7,9,168,24.199999999999932
Branin-Fav,DNGO-Joint,49,151,0,23,0.1,65.24049272993817,0.5,8,9,169,24.09999999999993
Branin-Fav,DNGO-Joint,49,152,0,578,0.1,64.21891309731602,0.5,9,9,170,23.99999999999993
Branin-Fav,DNGO-Joint,49,153,0,328,0.1,65.08358352110471,0.5,10,9,171,23.899999999999928
Branin-Fav,DNGO-Joint,49,154,0,278,0.1,64.21319735325905,0.5,11,9,172,23.799999999999926
Branin-Fav,DNGO-Joint,49,155,0,227,0.1,65.08670448409714,0.5,12,9,173,23.699999999999925
Branin-Fav,DNGO-Joint,49,156,0,177,0.1,64.40477968968412,0.5,13,9,174,23.599999999999923
Branin-Fav,DNGO-Joint,49,157,0,429,0.1,64.26648677215137,0.5,14,9,175,23.499999999999922
Branin-Fav,DNGO-Joint,49,158,0,574,0.1,64.54893416909366,0.5,15,9,176,23.39999999999992
Branin-Fav,DNGO-Joint,49,159,0,325,0.1,63.81686689780107,0.5,16,9,177,23.29999999999992
Branin-Fav,DNGO-Joint,49,160,0,228,0.1,63.720733724134305,0.5,17,9,178,23.199999999999918
Branin-Fav,DNGO-Joint,49,161,0,379,0.1,63.74752519410805,0.5,18,9,179,23.099999999999916
Branin-Fav,DNGO-Joint,49,162,0,479,0.1,64.24497430779154,0.5,19,9,180,22.999999999999915
Branin-Fav,DNGO-Joint,49,163,0,226,0.1,62.69698059425709,0.5,20,9,181,22.899999999999913
Branin-Fav,DNGO-Joint,49,164,1,499,1.0,18.08578329703106,0.5,0,10,181,21.899999999999913
Branin-Fav,DNGO-Joint,49,165,0,524,0.1,115.01393474871257,0.9238097854793785,1,10,182,21.799999999999912
Branin-Fav,DNGO-Joint,49,166,0,127,0.1,114.24067865643482,0.9238097854793785,2,10,183,21.69999999999991
Branin-Fav,DNGO-Joint,49,167,0,178,0.1,115.28556423753153,0.9238097854793785,3,10,184,21.59999999999991
Branin-Fav,DNGO-Joint,49,168,0,128,0.1,114.50200086271795,0.9238097854793785,4,10,185,21.499999999999908
Branin-Fav,DNGO-Joint,49,169,0,624,0.1,114.24754480234893,0.9238097854793785,5,10,186,21.399999999999906
Branin-Fav,DNGO-Joint,49,170,0,329,0.1,116.49368614709243,0.9238097854793785,6,10,187,21.299999999999905
Branin-Fav,DNGO-Joint,49,171,0,430,0.1,115.91813974712593,0.9238097854793785,7,10,188,21.199999999999903
Branin-Fav,DNGO-Joint,49,172,0,474,0.1,112.78415115156356,0.9238097854793785,8,10,189,21.099999999999902
Branin-Fav,DNGO-Joint,49,173,0,275,0.1,113.44454532994217,0.9238097854793785,9,10,190,20.9999999999999
Branin-Fav,DNGO-Joint,49,174,0,225,0.1,111.46285165646458,0.9238097854793785,10,10,191,20.8999999999999
Branin-Fav,DNGO-Joint,49,175,0,424,0.1,116.07896127656137,0.9238097854793785,11,10,192,20.799999999999898
Branin-Fav,DNGO-Joint,49,176,0,279,0.1,111.98795001040958,0.9238097854793785,12,10,193,20.699999999999896
Branin-Fav,DNGO-Joint,49,177,0,628,0.1,112.5085533257461,0.9238097854793785,13,10,194,20.599999999999895
Branin-Fav,DNGO-Joint,49,178,0,229,0.1,109.48542462623766,0.9238097854793785,14,10,195,20.499999999999893
Branin-Fav,DNGO-Joint,49,179,0,380,0.1,111.31839473362072,0.9238097854793785,15,10,196,20.399999999999892
Branin-Fav,DNGO-Joint,49,180,0,579,0.1,108.80023478362183,0.9238097854793785,16,10,197,20.29999999999989
Branin-Fav,DNGO-Joint,49,181,0,374,0.1,112.50891051364147,0.9238097854793785,17,10,198,20.19999999999989
Branin-Fav,DNGO-Joint,49,182,0,179,0.1,108.65416726513482,0.9238097854793785,18,10,199,20.099999999999888
Branin-Fav,DNGO-Joint,49,183,0,674,0.1,107.1090671548666,0.9238097854793785,19,10,200,19.999999999999886
Branin-Fav,DNGO-Joint,49,184,0,175,0.1,106.7837791786049,0.9238097854793785,20,10,201,19.899999999999885
Branin-Fav,DNGO-Joint,49,185,1,599,1.0,15.312806304663978,0.9238097854793785,0,11,201,18.899999999999885
Branin-Fav,DNGO-Joint,49,186,0,129,0.1,58.91253046823395,0.5088814636465028,1,11,202,18.799999999999883
Branin-Fav,DNGO-Joint,49,187,0,330,0.1,59.094027876889015,0.5088814636465028,2,11,203,18.699999999999882
Branin-Fav,DNGO-Joint,49,188,0,280,0.1,58.59648938617211,0.5088814636465028,3,11,204,18.59999999999988
Branin-Fav,DNGO-Joint,49,189,0,125,0.1,58.18894080549787,0.5088814636465028,4,11,205,18.49999999999988
Branin-Fav,DNGO-Joint,49,190,0,573,0.1,57.94343911282413,0.5088814636465028,5,11,206,18.399999999999878
Branin-Fav,DNGO-Joint,49,191,0,324,0.1,57.193625291796025,0.5088814636465028,6,11,207,18.299999999999876
Branin-Fav,DNGO-Joint,49,192,0,623,0.1,57.84052383298482,0.5088814636465028,7,11,208,18.199999999999875
Branin-Fav,DNGO-Joint,49,193,0,523,0.1,56.435795237383175,0.5088814636465028,8,11,209,18.099999999999874
Branin-Fav,DNGO-Joint,49,194,0,274,0.1,57.041680400951265,0.5088814636465028,9,11,210,17.999999999999872
Branin-Fav,DNGO-Joint,49,195,0,74,0.1,56.035193992275495,0.5088814636465028,10,11,211,17.89999999999987
Branin-Fav,DNGO-Joint,49,196,0,224,0.1,55.532343143178494,0.5088814636465028,11,11,212,17.79999999999987
Branin-Fav,DNGO-Joint,49,197,0,80,0.1,56.509835414888066,0.5088814636465028,12,11,213,17.699999999999868
Branin-Fav,DNGO-Joint,49,198,0,673,0.1,55.731036559323535,0.5088814636465028,13,11,214,17.599999999999866
Branin-Fav,DNGO-Joint,49,199,0,473,0.1,56.166315135289516,0.5088814636465028,14,11,215,17.499999999999865
Branin-Fav,DNGO-Joint,49,200,0,423,0.1,54.291098570216135,0.5088814636465028,15,11,216,17.399999999999864
Branin-Fav,DNGO-Joint,49,201,0,230,0.1,55.38449734360587,0.5088814636465028,16,11,217,17.299999999999862
Branin-Fav,DNGO-Joint,49,202,0,480,0.1,54.92830911852577,0.5088814636465028,17,11,218,17.19999999999986
Branin-Fav,DNGO-Joint,49,203,0,723,0.1,55.0395268102273,0.5088814636465028,18,11,219,17.09999999999986
Branin-Fav,DNGO-Joint,49,204,0,130,0.1,54.484109596373074,0.5088814636465028,19,11,220,16.999999999999858
Branin-Fav,DNGO-Joint,49,205,0,678,0.1,53.32294401710848,0.5088814636465028,20,11,221,16.899999999999856
Branin-Fav,DNGO-Joint,49,206,1,399,1.0,13.855479668179408,0.5088814636465028,0,12,221,15.899999999999856
Branin-Fav,DNGO-Joint,49,207,0,629,0.1,76.92785904954722,0.7424858469372938,1,12,222,15.799999999999857
Branin-Fav,DNGO-Joint,49,208,0,174,0.1,77.01693830670368,0.7424858469372938,2,12,223,15.699999999999855
Branin-Fav,DNGO-Joint,49,209,0,180,0.1,78.8673338281524,0.7424858469372938,3,12,224,15.599999999999854
Branin-Fav,DNGO-Joint,49,210,0,530,0.1,75.66945653330318,0.7424858469372938,4,12,225,15.499999999999853
Branin-Fav,DNGO-Joint,49,211,0,81,0.1,77.15840178038064,0.7424858469372938,5,12,226,15.399999999999851
Branin-Fav,DNGO-Joint,49,212,0,373,0.1,76.14005238604545,0.7424858469372938,6,12,227,15.29999999999985
Branin-Fav,DNGO-Joint,49,213,0,622,0.1,75.28916168898913,0.7424858469372938,7,12,228,15.199999999999848
Branin-Fav,DNGO-Joint,49,214,0,672,0.1,77.4663666430526,0.7424858469372938,8,12,229,15.099999999999847
Branin-Fav,DNGO-Joint,49,215,0,124,0.1,73.11891925240684,0.7424858469372938,9,12,230,14.999999999999845
Branin-Fav,DNGO-Joint,49,216,0,331,0.1,72.89830009169098,0.7424858469372938,10,12,231,14.899999999999844
Branin-Fav,DNGO-Joint,49,217,0,131,0.1,74.36565061271818,0.7424858469372938,11,12,232,14.799999999999843
Branin-Fav,DNGO-Joint,49,218,0,323,0.1,71.8418358593533,0.7424858469372938,12,12,233,14.699999999999841
Branin-Fav,DNGO-Joint,49,219,0,32,0.1,73.66803828837791,0.7424858469372938,13,12,234,14.59999999999984
Branin-Fav,DNGO-Joint,49,220,0,722,0.1,73.34184791080787,0.7424858469372938,14,12,235,14.499999999999838
Branin-Fav,DNGO-Joint,49,221,0,679,0.1,70.79675811784122,0.7424858469372938,15,12,236,14.399999999999837
Branin-Fav,DNGO-Joint,49,222,0,772,0.1,70.81836265594393,0.7424858469372938,16,12,237,14.299999999999836
Branin-Fav,DNGO-Joint,49,223,0,580,0.1,69.23207098151991,0.7424858469372938,17,12,238,14.199999999999834
Branin-Fav,DNGO-Joint,49,224,0,42,0.1,70.81742907281661,0.7424858469372938,18,12,239,14.099999999999833
Branin-Fav,DNGO-Joint,49,225,0,572,0.1,69.56886722694468,0.7424858469372938,19,12,240,13.999999999999831
Branin-Fav,DNGO-Joint,49,226,0,522,0.1,70.9504473999657,0.7424858469372938,20,12,241,13.89999999999983
Branin-Fav,DNGO-Joint,49,227,1,349,1.0,13.138387468798753,0.7424858469372938,0,13,241,12.899999999999828
Branin-Fav,DNGO-Joint,49,228,0,822,0.1,71.83510201120879,0.7975445142615429,1,13,242,12.799999999999828
Branin-Fav,DNGO-Joint,49,229,0,281,0.1,74.1644019690477,0.7975445142615429,2,13,243,12.699999999999827
Branin-Fav,DNGO-Joint,49,230,0,273,0.1,73.23707324062539,0.7975445142615429,3,13,244,12.599999999999826
Branin-Fav,DNGO-Joint,49,231,0,699,0.1,73.42492882088183,0.7975445142615429,4,13,245,12.499999999999824
Branin-Fav,DNGO-Joint,49,232,0,73,0.1,77.39838295745062,0.7975445142615429,5,13,246,12.399999999999823
Branin-Fav,DNGO-Joint,49,233,0,41,0.1,73.01888410504208,0.7975445142615429,6,13,247,12.299999999999821
Branin-Fav,DNGO-Joint,49,234,0,648,0.1,71.03635646152803,0.7975445142615429,7,13,248,12.19999999999982
Branin-Fav,DNGO-Joint,49,235,0,181,0.1,71.62236185268249,0.7975445142615429,8,13,249,12.099999999999818
Branin-Fav,DNGO-Joint,49,236,0,223,0.1,70.54435474605636,0.7975445142615429,9,13,250,11.999999999999817
Branin-Fav,DNGO-Joint,49,237,0,381,0.1,70.54398649683786,0.7975445142615429,10,13,251,11.899999999999816
Branin-Fav,DNGO-Joint,49,238,0,472,0.1,73.96867635156443,0.7975445142615429,11,13,252,11.799999999999814
Branin-Fav,DNGO-Joint,49,239,0,231,0.1,70.0206928085126,0.7975445142615429,12,13,253,11.699999999999813
Branin-Fav,DNGO-Joint,49,240,0,721,0.1,68.7164094954095,0.7975445142615429,13,13,254,11.599999999999811
Branin-Fav,DNGO-Joint,49,241,0,431,0.1,70.18427092253262,0.7975445142615429,14,13,255,11.49999999999981
Branin-Fav,DNGO-Joint,49,242,0,481,0.1,70.53157055601775,0.7975445142615429,15,13,256,11.399999999999809
Branin-Fav,DNGO-Joint,49,243,0,142,0.1,68.019534968742,0.7975445142615429,16,13,257,11.299999999999807
Branin-Fav,DNGO-Joint,49,244,0,771,0.1,68.67026903107573,0.7975445142615429,17,13,258,11.199999999999806
Branin-Fav,DNGO-Joint,49,245,0,778,0.1,70.991918450533,0.7975445142615429,18,13,259,11.099999999999804
Branin-Fav,DNGO-Joint,49,246,0,630,0.1,68.16446721469617,0.7975445142615429,19,13,260,10.999999999999803
Branin-Fav,DNGO-Joint,49,247,0,422,0.1,67.62250062390358,0.7975445142615429,20,13,261,10.899999999999801
Branin-Fav,DNGO-Joint,49,248,1,299,1.0,11.687452436996498,0.7975445142615429,0,14,261,9.8999999999998
Branin-Fav,DNGO-Joint,49,249,0,173,0.1,67.56130007460705,0.809397785237115,1,14,262,9.7999999999998
Branin-Fav,DNGO-Joint,49,250,0,123,0.1,66.96607851567778,0.809397785237115,2,14,263,9.699999999999799
Branin-Fav,DNGO-Joint,49,251,0,597,0.1,67.2742707210688,0.809397785237115,3,14,264,9.599999999999797
Branin-Fav,DNGO-Joint,49,252,0,531,0.1,67.27185505513191,0.809397785237115,4,14,265,9.499999999999796
Branin-Fav,DNGO-Joint,49,253,0,192,0.1,66.24697450647214,0.809397785237115,5,14,266,9.399999999999794
Branin-Fav,DNGO-Joint,49,254,0,671,0.1,67.14178257412289,0.809397785237115,6,14,267,9.299999999999793
Branin-Fav,DNGO-Joint,49,255,0,82,0.1,65.19696524384241,0.809397785237115,7,14,268,9.199999999999791
Branin-Fav,DNGO-Joint,49,256,0,872,0.1,66.0476086043494,0.809397785237115,8,14,269,9.09999999999979
Branin-Fav,DNGO-Joint,49,257,0,372,0.1,64.87736903168386,0.809397785237115,9,14,270,8.999999999999789
Branin-Fav,DNGO-Joint,49,258,0,621,0.1,62.95056588184425,0.809397785237115,10,14,271,8.899999999999787
Branin-Fav,DNGO-Joint,49,259,0,242,0.1,63.6483531232693,0.809397785237115,11,14,272,8.799999999999786
Branin-Fav,DNGO-Joint,49,260,0,581,0.1,65.95380059640404,0.809397785237115,12,14,273,8.699999999999784
Branin-Fav,DNGO-Joint,49,261,0,91,0.1,62.89206589881184,0.809397785237115,13,14,274,8.599999999999783
Branin-Fav,DNGO-Joint,49,262,0,545,0.1,62.58353784461354,0.809397785237115,14,14,275,8.499999999999782
Branin-Fav,DNGO-Joint,49,263,0,282,0.1,63.81016005317585,0.809397785237115,15,14,276,8.39999999999978
Branin-Fav,DNGO-Joint,49,264,0,292,0.1,61.55112835346764,0.809397785237115,16,14,277,8.299999999999779
Branin-Fav,DNGO-Joint,49,265,0,141,0.1,60.46498591863356,0.809397785237115,17,14,278,8.199999999999777
Branin-Fav,DNGO-Joint,49,266,0,132,0.1,60.822297151507215,0.809397785237115,18,14,279,8.099999999999776
Branin-Fav,DNGO-Joint,49,267,0,877,0.1,60.575235289053445,0.809397785237115,19,14,280,7.999999999999774
Branin-Fav,DNGO-Joint,49,268,0,871,0.1,62.15342113115099,0.809397785237115,20,14,281,7.899999999999773
Branin-Fav,DNGO-Joint,49,269,1,249,1.0,12.272191555867362,0.809397785237115,0,15,281,6.899999999999771
Branin-Fav,DNGO-Joint,49,270,0,922,0.1,59.607722252756055,0.8014520823246867,1,15,282,6.799999999999772
Branin-Fav,DNGO-Joint,49,271,0,232,0.1,62.01298458199082,0.8014520823246867,2,15,283,6.69999999999977
Branin-Fav,DNGO-Joint,49,272,0,33,0.1,59.23947067254188,0.8014520823246867,3,15,284,6.599999999999769
Branin-Fav,DNGO-Joint,49,273,0,182,0.1,59.223520236819404,0.8014520823246867,4,15,285,6.499999999999767
Branin-Fav,DNGO-Joint,49,274,0,596,0.1,58.19815744384355,0.8014520823246867,5,15,286,6.399999999999766
Branin-Fav,DNGO-Joint,49,275,0,342,0.1,56.66330690984837,0.8014520823246867,6,15,287,6.2999999999997645
Branin-Fav,DNGO-Joint,49,276,0,332,0.1,60.05004745180643,0.8014520823246867,7,15,288,6.199999999999763
Branin-Fav,DNGO-Joint,49,277,0,494,0.1,57.0322911083624,0.8014520823246867,8,15,289,6.099999999999762
Branin-Fav,DNGO-Joint,49,278,0,698,0.1,57.86751234641765,0.8014520823246867,9,15,290,5.99999999999976
Branin-Fav,DNGO-Joint,49,279,0,382,0.1,57.11606647370063,0.8014520823246867,10,15,291,5.899999999999759
Branin-Fav,DNGO-Joint,49,280,0,571,0.1,58.600570000344575,0.8014520823246867,11,15,292,5.799999999999757
Branin-Fav,DNGO-Joint,49,281,0,322,0.1,55.37703112571859,0.8014520823246867,12,15,293,5.699999999999756
Branin-Fav,DNGO-Joint,49,282,0,647,0.1,56.957563491507536,0.8014520823246867,13,15,294,5.5999999999997545
Branin-Fav,DNGO-Joint,49,283,0,443,0.1,57.46420430202461,0.8014520823246867,14,15,295,5.499999999999753
Branin-Fav,DNGO-Joint,49,284,0,432,0.1,59.3199139811569,0.8014520823246867,15,15,296,5.399999999999752
Branin-Fav,DNGO-Joint,49,285,0,921,0.1,55.26034181804187,0.8014520823246867,16,15,297,5.29999999999975
Branin-Fav,DNGO-Joint,49,286,0,680,0.1,56.47851615247866,0.8014520823246867,17,15,298,5.199999999999749
Branin-Fav,DNGO-Joint,49,287,0,521,0.1,56.78755955671744,0.8014520823246867,18,15,299,5.099999999999747
Branin-Fav,DNGO-Joint,49,288,0,191,0.1,53.636229670477114,0.8014520823246867,19,15,300,4.999999999999746
Branin-Fav,DNGO-Joint,49,289,0,272,0.1,58.424404571832035,0.8014520823246867,20,15,301,4.899999999999745
Branin-Fav,DNGO-Joint,49,290,1,149,1.0,12.949143496364986,0.8014520823246867,0,16,301,3.899999999999743
Branin-Fav,DNGO-Joint,49,291,0,544,0.1,47.58842557408291,0.7058200879960382,1,16,302,3.7999999999997427
Branin-Fav,DNGO-Joint,49,292,0,22,0.1,47.702760028242324,0.7058200879960382,2,16,303,3.6999999999997413
Branin-Fav,DNGO-Joint,49,293,0,40,0.1,46.240740625103406,0.7058200879960382,3,16,304,3.59999999999974
Branin-Fav,DNGO-Joint,49,294,0,90,0.1,46.442702366042624,0.7058200879960382,4,16,305,3.4999999999997384
Branin-Fav,DNGO-Joint,49,295,0,471,0.1,47.33450694040434,0.7058200879960382,5,16,306,3.399999999999737
Branin-Fav,DNGO-Joint,49,296,0,720,0.1,46.47756013009463,0.7058200879960382,6,16,307,3.2999999999997356
Branin-Fav,DNGO-Joint,49,297,0,482,0.1,46.745382591047154,0.7058200879960382,7,16,308,3.199999999999734
Branin-Fav,DNGO-Joint,49,298,0,392,0.1,44.60188755595984,0.7058200879960382,8,16,309,3.0999999999997327
Branin-Fav,DNGO-Joint,49,299,0,241,0.1,45.01371452050671,0.7058200879960382,9,16,310,2.9999999999997313
Branin-Fav,DNGO-Joint,49,300,0,493,0.1,49.581606503470695,0.7058200879960382,10,16,311,2.89999999999973
Branin-Fav,DNGO-Joint,49,301,0,972,0.1,46.02827199078918,0.7058200879960382,11,16,312,2.7999999999997285
Branin-Fav,DNGO-Joint,49,302,0,926,0.1,43.57747002311747,0.7058200879960382,12,16,313,2.699999999999727
Branin-Fav,DNGO-Joint,49,303,0,779,0.1,44.57203900975693,0.7058200879960382,13,16,314,2.5999999999997256
Branin-Fav,DNGO-Joint,49,304,0,595,0.1,45.14267840251872,0.7058200879960382,14,16,315,2.499999999999724
Branin-Fav,DNGO-Joint,49,305,0,421,0.1,42.605649647017295,0.7058200879960382,15,16,316,2.399999999999723
Branin-Fav,DNGO-Joint,49,306,0,697,0.1,43.622612672606316,0.7058200879960382,16,16,317,2.2999999999997214
Branin-Fav,DNGO-Joint,49,307,0,222,0.1,43.69219809583489,0.7058200879960382,17,16,318,2.19999999999972
Branin-Fav,DNGO-Joint,49,308,0,770,0.1,44.01133730179492,0.7058200879960382,18,16,319,2.0999999999997185
Branin-Fav,DNGO-Joint,49,309,0,730,0.1,42.45645431665462,0.7058200879960382,19,16,320,1.9999999999997171
Branin-Fav,DNGO-Joint,49,310,0,140,0.1,42.55890100718761,0.7058200879960382,20,16,321,1.8999999999997157
Branin-Fav,DNGO-Joint,49,311,1,199,1.0,11.055396848941173,0.7058200879960382,0,17,321,0.8999999999997144
Branin-Fav,DNGO-Joint,49,312,0,820,0.1,45.27054872956236,0.7391565938857247,1,17,322,0.7999999999997144
Branin-Fav,DNGO-Joint,49,313,0,974,0.1,43.52364813162634,0.7391565938857247,2,17,323,0.699999999999713
Branin-Fav,DNGO-Joint,49,314,0,291,0.1,44.5458849804513,0.7391565938857247,3,17,324,0.5999999999997115
Branin-Fav,DNGO-Joint,49,315,0,799,0.1,44.53265126429252,0.7391565938857247,4,17,325,0.4999999999997101
Branin-Fav,DNGO-Joint,49,316,0,442,0.1,44.29346760077263,0.7391565938857247,5,17,326,0.3999999999997087
Branin-Fav,DNGO-Joint,49,317,0,83,0.1,43.997735318921315,0.7391565938857247,6,17,327,0.2999999999997073
Branin-Fav,DNGO-Joint,49,318,0,971,0.1,44.63392302206785,0.7391565938857247,7,17,328,0.19999999999970583
Branin-Fav,DNGO-Joint,49,319,0,748,0.1,43.014331275402235,0.7391565938857247,8,17,329,0.09999999999970441
Branin-Fav,DNGO-Joint,50,1,0,49,0.1,131.33384896399028,0.5,1,2,26,45.4
Branin-Fav,DNGO-Joint,50,2,0,2050,0.1,123.92303561645072,0.5,2,2,27,45.3
Branin-Fav,DNGO-Joint,50,3,0,99,0.1,109.04613432345532,0.5,3,2,28,45.199999999999996
Branin-Fav,DNGO-Joint,50,4,0,30,0.1,112.63674977810108,0.5,4,2,29,45.1
Branin-Fav,DNGO-Joint,50,5,0,48,0.1,101.98675754827438,0.5,5,2,30,45.0
Branin-Fav,DNGO-Joint,50,6,0,149,0.1,98.84796891172105,0.5,6,2,31,44.9
Branin-Fav,DNGO-Joint,50,7,1,449,1.0,108.26119462746473,0.5,0,3,31,43.900000000000006
Branin-Fav,DNGO-Joint,50,8,0,199,0.1,98.92186658829469,0.5,1,3,32,43.800000000000004
Branin-Fav,DNGO-Joint,50,9,0,31,0.1,98.26808619658848,0.5,2,3,33,43.7
Branin-Fav,DNGO-Joint,50,10,0,98,0.1,92.6141857560961,0.5,3,3,34,43.6
Branin-Fav,DNGO-Joint,50,11,0,249,0.1,93.96731526418209,0.5,4,3,35,43.5
Branin-Fav,DNGO-Joint,50,12,0,148,0.1,92.0713672604798,0.5,5,3,36,43.4
Branin-Fav,DNGO-Joint,50,13,0,299,0.1,94.74261248617506,0.5,6,3,37,43.300000000000004
Branin-Fav,DNGO-Joint,50,14,0,47,0.1,94.05440615744043,0.5,7,3,38,43.2
Branin-Fav,DNGO-Joint,50,15,0,34,0.1,90.75833360581395,0.5,8,3,39,43.1
Branin-Fav,DNGO-Joint,50,16,0,97,0.1,88.16657894658456,0.5,9,3,40,43.00000000000001
Branin-Fav,DNGO-Joint,50,17,0,27,0.1,89.2928919489406,0.5,10,3,41,42.900000000000006
Branin-Fav,DNGO-Joint,50,18,0,427,0.1,90.19553522252643,0.5,11,3,42,42.800000000000004
Branin-Fav,DNGO-Joint,50,19,0,198,0.1,87.85002542423594,0.5,12,3,43,42.7
Branin-Fav,DNGO-Joint,50,20,0,526,0.1,92.02374137482082,0.5,13,3,44,42.6
Branin-Fav,DNGO-Joint,50,21,0,46,0.1,85.40552581773136,0.5,14,3,45,42.50000000000001
Branin-Fav,DNGO-Joint,50,22,0,476,0.1,88.57657296619786,0.5,15,3,46,42.400000000000006
Branin-Fav,DNGO-Joint,50,23,0,575,0.1,85.62836586782454,0.5,16,3,47,42.300000000000004
Branin-Fav,DNGO-Joint,50,24,0,477,0.1,86.02171131315106,0.5,17,3,48,42.20000000000001
Branin-Fav,DNGO-Joint,50,25,0,576,0.1,87.69829422420707,0.5,18,3,49,42.10000000000001
Branin-Fav,DNGO-Joint,50,26,0,625,0.1,86.63143831437452,0.5,19,3,50,42.00000000000001
Branin-Fav,DNGO-Joint,50,27,0,626,0.1,85.08135050035055,0.5,20,3,51,41.900000000000006
Branin-Fav,DNGO-Joint,50,28,1,49,1.0,23.766939779641937,0.5,0,4,51,40.900000000000006
Branin-Fav,DNGO-Joint,50,29,0,349,0.1,82.27208136916583,0.5,1,4,52,40.800000000000004
Branin-Fav,DNGO-Joint,50,30,0,525,0.1,82.3896197631309,0.5,2,4,53,40.70000000000001
Branin-Fav,DNGO-Joint,50,31,0,399,0.1,81.7816564927503,0.5,3,4,54,40.60000000000001
Branin-Fav,DNGO-Joint,50,32,0,527,0.1,81.32822322439581,0.5,4,4,55,40.50000000000001
Branin-Fav,DNGO-Joint,50,33,0,426,0.1,82.54390015761639,0.5,5,4,56,40.40000000000001
Branin-Fav,DNGO-Joint,50,34,0,675,0.1,79.38230628121526,0.5,6,4,57,40.30000000000001
Branin-Fav,DNGO-Joint,50,35,0,577,0.1,78.65624995740184,0.5,7,4,58,40.20000000000001
Branin-Fav,DNGO-Joint,50,36,0,627,0.1,78.79922037019476,0.5,8,4,59,40.10000000000001
Branin-Fav,DNGO-Joint,50,37,0,248,0.1,78.01778459919073,0.5,9,4,60,40.00000000000001
Branin-Fav,DNGO-Joint,50,38,0,475,0.1,77.06857864851685,0.5,10,4,61,39.90000000000001
Branin-Fav,DNGO-Joint,50,39,0,298,0.1,77.53341368368292,0.5,11,4,62,39.80000000000001
Branin-Fav,DNGO-Joint,50,40,0,377,0.1,76.8920470152922,0.5,12,4,63,39.70000000000001
Branin-Fav,DNGO-Joint,50,41,0,428,0.1,76.03960755630017,0.5,13,4,64,39.600000000000016
Branin-Fav,DNGO-Joint,50,42,0,376,0.1,75.38343149327613,0.5,14,4,65,39.500000000000014
Branin-Fav,DNGO-Joint,50,43,0,327,0.1,75.43758905530287,0.5,15,4,66,39.40000000000001
Branin-Fav,DNGO-Joint,50,44,0,676,0.1,74.94112940060693,0.5,16,4,67,39.30000000000001
Branin-Fav,DNGO-Joint,50,45,0,425,0.1,74.82314029060082,0.5,17,4,68,39.20000000000001
Branin-Fav,DNGO-Joint,50,46,0,147,0.1,73.96478682202724,0.5,18,4,69,39.100000000000016
Branin-Fav,DNGO-Joint,50,47,0,326,0.1,72.91171565427189,0.5,19,4,70,39.000000000000014
Branin-Fav,DNGO-Joint,50,48,0,277,0.1,73.85216360515032,0.5,20,4,71,38.90000000000001
Branin-Fav,DNGO-Joint,50,49,1,99,1.0,16.717157923121857,0.5,0,5,71,37.90000000000002
Branin-Fav,DNGO-Joint,50,50,0,725,0.1,72.46766140491856,0.5,1,5,72,37.80000000000002
Branin-Fav,DNGO-Joint,50,51,0,624,0.1,70.99870959090775,0.5,2,5,73,37.70000000000002
Branin-Fav,DNGO-Joint,50,52,0,378,0.1,71.9504632484665,0.5,3,5,74,37.600000000000016
Branin-Fav,DNGO-Joint,50,53,0,478,0.1,71.38738113175324,0.5,4,5,75,37.500000000000014
Branin-Fav,DNGO-Joint,50,54,0,674,0.1,69.72504950347745,0.5,5,5,76,37.40000000000001
Branin-Fav,DNGO-Joint,50,55,0,574,0.1,68.98982686968519,0.5,6,5,77,37.30000000000002
Branin-Fav,DNGO-Joint,50,56,0,328,0.1,69.66630545087544,0.5,7,5,78,37.20000000000002
Branin-Fav,DNGO-Joint,50,57,0,726,0.1,68.08649194065623,0.5,8,5,79,37.100000000000016
Branin-Fav,DNGO-Joint,50,58,0,528,0.1,68.71826408575636,0.5,9,5,80,37.00000000000002
Branin-Fav,DNGO-Joint,50,59,0,278,0.1,67.78879406391603,0.5,10,5,81,36.90000000000002
Branin-Fav,DNGO-Joint,50,60,0,227,0.1,68.46486417272908,0.5,11,5,82,36.80000000000002
Branin-Fav,DNGO-Joint,50,61,0,96,0.1,67.42416344766248,0.5,12,5,83,36.70000000000002
Branin-Fav,DNGO-Joint,50,62,0,375,0.1,67.60999551489438,0.5,13,5,84,36.600000000000016
Branin-Fav,DNGO-Joint,50,63,0,276,0.1,67.61254214143247,0.5,14,5,85,36.50000000000002
Branin-Fav,DNGO-Joint,50,64,0,228,0.1,66.02361586388028,0.5,15,5,86,36.40000000000002
Branin-Fav,DNGO-Joint,50,65,0,45,0.1,66.58522307306626,0.5,16,5,87,36.30000000000002
Branin-Fav,DNGO-Joint,50,66,0,177,0.1,66.18266951418516,0.5,17,5,88,36.200000000000024
Branin-Fav,DNGO-Joint,50,67,0,28,0.1,66.01875380454563,0.5,18,5,89,36.10000000000002
Branin-Fav,DNGO-Joint,50,68,0,127,0.1,66.4329155383041,0.5,19,5,90,36.00000000000002
Branin-Fav,DNGO-Joint,50,69,0,226,0.1,64.25528702053921,0.5,20,5,91,35.90000000000002
Branin-Fav,DNGO-Joint,50,70,1,48,1.0,13.827037887227219,0.5,0,6,91,34.90000000000002
Branin-Fav,DNGO-Joint,50,71,0,724,0.1,124.46254976462592,0.9543200844667854,1,6,92,34.80000000000002
Branin-Fav,DNGO-Joint,50,72,0,197,0.1,121.8005001226851,0.9543200844667854,2,6,93,34.700000000000024
Branin-Fav,DNGO-Joint,50,73,0,524,0.1,121.91518933537239,0.9543200844667854,3,6,94,34.60000000000002
Branin-Fav,DNGO-Joint,50,74,0,29,0.1,118.40795180642489,0.9543200844667854,4,6,95,34.50000000000002
Branin-Fav,DNGO-Joint,50,75,0,178,0.1,117.40347497534432,0.9543200844667854,5,6,96,34.40000000000003
Branin-Fav,DNGO-Joint,50,76,0,348,0.1,118.8602045989059,0.9543200844667854,6,6,97,34.300000000000026
Branin-Fav,DNGO-Joint,50,77,0,128,0.1,116.94583101978175,0.9543200844667854,7,6,98,34.200000000000024
Branin-Fav,DNGO-Joint,50,78,0,329,0.1,117.53666529369409,0.9543200844667854,8,6,99,34.10000000000002
Branin-Fav,DNGO-Joint,50,79,0,325,0.1,116.28323349835989,0.9543200844667854,9,6,100,34.00000000000002
Branin-Fav,DNGO-Joint,50,80,0,279,0.1,115.49685432353395,0.9543200844667854,10,6,101,33.90000000000003
Branin-Fav,DNGO-Joint,50,81,0,379,0.1,115.38849574823588,0.9543200844667854,11,6,102,33.800000000000026
Branin-Fav,DNGO-Joint,50,82,0,474,0.1,114.31608846764799,0.9543200844667854,12,6,103,33.700000000000024
Branin-Fav,DNGO-Joint,50,83,0,77,0.1,115.49592947988467,0.9543200844667854,13,6,104,33.60000000000002
Branin-Fav,DNGO-Joint,50,84,0,578,0.1,115.40929859762684,0.9543200844667854,14,6,105,33.50000000000002
Branin-Fav,DNGO-Joint,50,85,0,499,0.1,112.6793995145957,0.9543200844667854,15,6,106,33.40000000000002
Branin-Fav,DNGO-Joint,50,86,0,176,0.1,112.95140473452429,0.9543200844667854,16,6,107,33.30000000000002
Branin-Fav,DNGO-Joint,50,87,0,126,0.1,113.47859341925886,0.9543200844667854,17,6,108,33.20000000000002
Branin-Fav,DNGO-Joint,50,88,0,677,0.1,111.00521082070017,0.9543200844667854,18,6,109,33.100000000000016
Branin-Fav,DNGO-Joint,50,89,0,275,0.1,110.25153725306056,0.9543200844667854,19,6,110,33.000000000000014
Branin-Fav,DNGO-Joint,50,90,0,26,0.1,115.64421685464484,0.9543200844667854,20,6,111,32.90000000000001
Branin-Fav,DNGO-Joint,50,91,1,149,1.0,11.772061592698803,0.9543200844667854,0,7,111,31.900000000000013
Branin-Fav,DNGO-Joint,50,92,0,424,0.1,95.90286777269543,0.8395297911325729,1,7,112,31.80000000000001
Branin-Fav,DNGO-Joint,50,93,0,247,0.1,95.30318739565129,0.8395297911325729,2,7,113,31.70000000000001
Branin-Fav,DNGO-Joint,50,94,0,78,0.1,95.27877298336264,0.8395297911325729,3,7,114,31.60000000000001
Branin-Fav,DNGO-Joint,50,95,0,76,0.1,97.42195500003245,0.8395297911325729,4,7,115,31.500000000000007
Branin-Fav,DNGO-Joint,50,96,0,146,0.1,95.64196123946289,0.8395297911325729,5,7,116,31.400000000000006
Branin-Fav,DNGO-Joint,50,97,0,225,0.1,94.65495322244519,0.8395297911325729,6,7,117,31.300000000000004
Branin-Fav,DNGO-Joint,50,98,0,374,0.1,92.30057409837949,0.8395297911325729,7,7,118,31.200000000000003
Branin-Fav,DNGO-Joint,50,99,0,229,0.1,90.19149591034623,0.8395297911325729,8,7,119,31.1
Branin-Fav,DNGO-Joint,50,100,0,196,0.1,92.15363631605464,0.8395297911325729,9,7,120,31.0
Branin-Fav,DNGO-Joint,50,101,0,179,0.1,90.92485629355524,0.8395297911325729,10,7,121,30.9
Branin-Fav,DNGO-Joint,50,102,0,79,0.1,89.58645177886521,0.8395297911325729,11,7,122,30.799999999999997
Branin-Fav,DNGO-Joint,50,103,0,95,0.1,90.29132681561148,0.8395297911325729,12,7,123,30.699999999999996
Branin-Fav,DNGO-Joint,50,104,0,25,0.1,90.20795036766211,0.8395297911325729,13,7,124,30.599999999999994
Branin-Fav,DNGO-Joint,50,105,0,44,0.1,90.62356407007852,0.8395297911325729,14,7,125,30.499999999999993
Branin-Fav,DNGO-Joint,50,106,0,297,0.1,88.93416735103311,0.8395297911325729,15,7,126,30.39999999999999
Branin-Fav,DNGO-Joint,50,107,0,623,0.1,88.6326803049536,0.8395297911325729,16,7,127,30.29999999999999
Branin-Fav,DNGO-Joint,50,108,0,398,0.1,88.62021113239095,0.8395297911325729,17,7,128,30.19999999999999
Branin-Fav,DNGO-Joint,50,109,0,628,0.1,85.97984483318979,0.8395297911325729,18,7,129,30.099999999999987
Branin-Fav,DNGO-Joint,50,110,0,129,0.1,85.96265453840041,0.8395297911325729,19,7,130,29.999999999999986
Branin-Fav,DNGO-Joint,50,111,0,673,0.1,87.06209881252737,0.8395297911325729,20,7,131,29.899999999999984
Branin-Fav,DNGO-Joint,50,112,1,199,1.0,10.127949293268324,0.8395297911325729,0,8,131,28.899999999999984
Branin-Fav,DNGO-Joint,50,113,0,775,0.1,76.30511351782526,0.7465043643617153,1,8,132,28.799999999999983
Branin-Fav,DNGO-Joint,50,114,0,145,0.1,75.02820847209797,0.7465043643617153,2,8,133,28.69999999999998
Branin-Fav,DNGO-Joint,50,115,0,246,0.1,76.1456306881567,0.7465043643617153,3,8,134,28.59999999999998
Branin-Fav,DNGO-Joint,50,116,0,347,0.1,76.42729225586864,0.7465043643617153,4,8,135,28.49999999999998
Branin-Fav,DNGO-Joint,50,117,0,479,0.1,75.32723620393914,0.7465043643617153,5,8,136,28.399999999999977
Branin-Fav,DNGO-Joint,50,118,0,296,0.1,75.07389602236948,0.7465043643617153,6,8,137,28.299999999999976
Branin-Fav,DNGO-Joint,50,119,0,573,0.1,74.26983024931579,0.7465043643617153,7,8,138,28.199999999999974
Branin-Fav,DNGO-Joint,50,120,0,94,0.1,74.44269665754489,0.7465043643617153,8,8,139,28.099999999999973
Branin-Fav,DNGO-Joint,50,121,0,195,0.1,74.55543752647786,0.7465043643617153,9,8,140,27.99999999999997
Branin-Fav,DNGO-Joint,50,122,0,448,0.1,72.51768085534061,0.7465043643617153,10,8,141,27.89999999999997
Branin-Fav,DNGO-Joint,50,123,0,175,0.1,72.37811594131128,0.7465043643617153,11,8,142,27.79999999999997
Branin-Fav,DNGO-Joint,50,124,0,529,0.1,71.42053940193794,0.7465043643617153,12,8,143,27.699999999999967
Branin-Fav,DNGO-Joint,50,125,0,523,0.1,71.89307974117405,0.7465043643617153,13,8,144,27.599999999999966
Branin-Fav,DNGO-Joint,50,126,0,723,0.1,71.6868537255512,0.7465043643617153,14,8,145,27.499999999999964
Branin-Fav,DNGO-Joint,50,127,0,324,0.1,69.08726956705497,0.7465043643617153,15,8,146,27.399999999999963
Branin-Fav,DNGO-Joint,50,128,0,125,0.1,69.5929212287899,0.7465043643617153,16,8,147,27.29999999999996
Branin-Fav,DNGO-Joint,50,129,0,397,0.1,69.42085817322003,0.7465043643617153,17,8,148,27.19999999999996
Branin-Fav,DNGO-Joint,50,130,0,727,0.1,67.98956680571831,0.7465043643617153,18,8,149,27.09999999999996
Branin-Fav,DNGO-Joint,50,131,0,75,0.1,69.11329684607703,0.7465043643617153,19,8,150,26.999999999999957
Branin-Fav,DNGO-Joint,50,132,0,245,0.1,69.29953421411672,0.7465043643617153,20,8,151,26.899999999999956
Branin-Fav,DNGO-Joint,50,133,1,899,1.0,11.07095462212525,0.7465043643617153,0,9,151,25.899999999999956
Branin-Fav,DNGO-Joint,50,134,0,144,0.1,68.33102167661332,0.7465043643617153,1,9,152,25.799999999999955
Branin-Fav,DNGO-Joint,50,135,0,43,0.1,67.96475561241706,0.7465043643617153,2,9,153,25.699999999999953
Branin-Fav,DNGO-Joint,50,136,0,498,0.1,66.58162624741608,0.7465043643617153,3,9,154,25.59999999999995
Branin-Fav,DNGO-Joint,50,137,0,274,0.1,65.82218804693511,0.7465043643617153,4,9,155,25.49999999999995
Branin-Fav,DNGO-Joint,50,138,0,776,0.1,68.89977725116007,0.7465043643617153,5,9,156,25.39999999999995
Branin-Fav,DNGO-Joint,50,139,0,473,0.1,66.52011874300867,0.7465043643617153,6,9,157,25.299999999999947
Branin-Fav,DNGO-Joint,50,140,0,346,0.1,64.81835495872332,0.7465043643617153,7,9,158,25.199999999999946
Branin-Fav,DNGO-Joint,50,141,0,194,0.1,64.07841556071008,0.7465043643617153,8,9,159,25.099999999999945
Branin-Fav,DNGO-Joint,50,142,0,599,0.1,66.83345415252262,0.7465043643617153,9,9,160,24.999999999999943
Branin-Fav,DNGO-Joint,50,143,0,773,0.1,64.56503597697032,0.7465043643617153,10,9,161,24.89999999999994
Branin-Fav,DNGO-Joint,50,144,0,80,0.1,64.89188714814695,0.7465043643617153,11,9,162,24.79999999999994
Branin-Fav,DNGO-Joint,50,145,0,280,0.1,64.38876284084208,0.7465043643617153,12,9,163,24.69999999999994
Branin-Fav,DNGO-Joint,50,146,0,130,0.1,65.22494579931715,0.7465043643617153,13,9,164,24.599999999999937
Branin-Fav,DNGO-Joint,50,147,0,579,0.1,63.643608787437586,0.7465043643617153,14,9,165,24.499999999999936
Branin-Fav,DNGO-Joint,50,148,0,678,0.1,63.5335672697574,0.7465043643617153,15,9,166,24.399999999999935
Branin-Fav,DNGO-Joint,50,149,0,93,0.1,62.75078644438701,0.7465043643617153,16,9,167,24.299999999999933
Branin-Fav,DNGO-Joint,50,150,0,295,0.1,62.29249060334533,0.7465043643617153,17,9,168,24.199999999999932
Branin-Fav,DNGO-Joint,50,151,0,230,0.1,62.19407039990964,0.7465043643617153,18,9,169,24.09999999999993
Branin-Fav,DNGO-Joint,50,152,0,447,0.1,60.67038154272571,0.7465043643617153,19,9,170,23.99999999999993
Branin-Fav,DNGO-Joint,50,153,0,224,0.1,60.84067256627263,0.7465043643617153,20,9,171,23.899999999999928
Branin-Fav,DNGO-Joint,50,154,1,249,1.0,8.988642877729939,0.7465043643617153,0,10,171,22.899999999999928
Branin-Fav,DNGO-Joint,50,155,0,330,0.1,55.62774005873476,0.6523233984051651,1,10,172,22.799999999999926
Branin-Fav,DNGO-Joint,50,156,0,380,0.1,53.034487068159386,0.6523233984051651,2,10,173,22.699999999999925
Branin-Fav,DNGO-Joint,50,157,0,180,0.1,52.80458471691708,0.6523233984051651,3,10,174,22.599999999999923
Branin-Fav,DNGO-Joint,50,158,0,722,0.1,54.24680905750717,0.6523233984051651,4,10,175,22.499999999999922
Branin-Fav,DNGO-Joint,50,159,0,423,0.1,51.87187199446861,0.6523233984051651,5,10,176,22.39999999999992
Branin-Fav,DNGO-Joint,50,160,0,42,0.1,51.83980633565041,0.6523233984051651,6,10,177,22.29999999999992
Branin-Fav,DNGO-Joint,50,161,0,396,0.1,51.275199466582656,0.6523233984051651,7,10,178,22.199999999999918
Branin-Fav,DNGO-Joint,50,162,0,24,0.1,50.72977456038663,0.6523233984051651,8,10,179,22.099999999999916
Branin-Fav,DNGO-Joint,50,163,0,244,0.1,50.60351801667709,0.6523233984051651,9,10,180,21.999999999999915
Branin-Fav,DNGO-Joint,50,164,0,548,0.1,51.29009503291941,0.6523233984051651,10,10,181,21.899999999999913
Branin-Fav,DNGO-Joint,50,165,0,824,0.1,50.13354752199771,0.6523233984051651,11,10,182,21.799999999999912
Branin-Fav,DNGO-Joint,50,166,0,345,0.1,51.29028643538071,0.6523233984051651,12,10,183,21.69999999999991
Branin-Fav,DNGO-Joint,50,167,0,672,0.1,50.46040509624517,0.6523233984051651,13,10,184,21.59999999999991
Branin-Fav,DNGO-Joint,50,168,0,81,0.1,53.246258295266394,0.6523233984051651,14,10,185,21.499999999999908
Branin-Fav,DNGO-Joint,50,169,0,629,0.1,49.92002824327874,0.6523233984051651,15,10,186,21.399999999999906
Branin-Fav,DNGO-Joint,50,170,0,174,0.1,49.03702135124121,0.6523233984051651,16,10,187,21.299999999999905
Branin-Fav,DNGO-Joint,50,171,0,430,0.1,48.795238698522994,0.6523233984051651,17,10,188,21.199999999999903
Branin-Fav,DNGO-Joint,50,172,0,480,0.1,48.759991473670766,0.6523233984051651,18,10,189,21.099999999999902
Branin-Fav,DNGO-Joint,50,173,0,143,0.1,48.090392477834335,0.6523233984051651,19,10,190,20.9999999999999
Branin-Fav,DNGO-Joint,50,174,0,649,0.1,50.86185992411423,0.6523233984051651,20,10,191,20.8999999999999
Branin-Fav,DNGO-Joint,50,175,1,499,1.0,8.824335663509185,0.6523233984051651,0,11,191,19.8999999999999
Branin-Fav,DNGO-Joint,50,176,0,193,0.1,38.18938307770061,0.5327834043810671,1,11,192,19.799999999999898
Branin-Fav,DNGO-Joint,50,177,0,497,0.1,37.83381252374679,0.5327834043810671,2,11,193,19.699999999999896
Branin-Fav,DNGO-Joint,50,178,0,825,0.1,38.24413306488627,0.5327834043810671,3,11,194,19.599999999999895
Branin-Fav,DNGO-Joint,50,179,0,373,0.1,38.34809809109905,0.5327834043810671,4,11,195,19.499999999999893
Branin-Fav,DNGO-Joint,50,180,0,131,0.1,37.4366576067957,0.5327834043810671,5,11,196,19.399999999999892
Branin-Fav,DNGO-Joint,50,181,0,446,0.1,37.63704329176166,0.5327834043810671,6,11,197,19.29999999999989
Branin-Fav,DNGO-Joint,50,182,0,395,0.1,37.433966668378176,0.5327834043810671,7,11,198,19.19999999999989
Branin-Fav,DNGO-Joint,50,183,0,124,0.1,37.42054972724329,0.5327834043810671,8,11,199,19.099999999999888
Branin-Fav,DNGO-Joint,50,184,0,823,0.1,39.19437348902551,0.5327834043810671,9,11,200,18.999999999999886
Branin-Fav,DNGO-Joint,50,185,0,92,0.1,37.41828094053149,0.5327834043810671,10,11,201,18.899999999999885
Branin-Fav,DNGO-Joint,50,186,0,777,0.1,36.895352050424826,0.5327834043810671,11,11,202,18.799999999999883
Branin-Fav,DNGO-Joint,50,187,0,728,0.1,35.460420562594585,0.5327834043810671,12,11,203,18.699999999999882
Branin-Fav,DNGO-Joint,50,188,0,496,0.1,35.681875340558214,0.5327834043810671,13,11,204,18.59999999999988
Branin-Fav,DNGO-Joint,50,189,0,530,0.1,36.17335430946402,0.5327834043810671,14,11,205,18.49999999999988
Branin-Fav,DNGO-Joint,50,190,0,598,0.1,36.9650550936727,0.5327834043810671,15,11,206,18.399999999999878
Branin-Fav,DNGO-Joint,50,191,0,622,0.1,37.71735895812127,0.5327834043810671,16,11,207,18.299999999999876
Branin-Fav,DNGO-Joint,50,192,0,243,0.1,34.84509024886067,0.5327834043810671,17,11,208,18.199999999999875
Branin-Fav,DNGO-Joint,50,193,0,772,0.1,34.551547273077716,0.5327834043810671,18,11,209,18.099999999999874
Branin-Fav,DNGO-Joint,50,194,0,74,0.1,35.086739220403615,0.5327834043810671,19,11,210,17.999999999999872
Branin-Fav,DNGO-Joint,50,195,0,181,0.1,34.66876777047658,0.5327834043810671,20,11,211,17.89999999999987
Branin-Fav,DNGO-Joint,50,196,1,599,1.0,8.578268861726421,0.5327834043810671,0,12,211,16.89999999999987
Branin-Fav,DNGO-Joint,50,197,0,826,0.1,46.20772819319602,0.6984015316833688,1,12,212,16.79999999999987
Branin-Fav,DNGO-Joint,50,198,0,572,0.1,47.079837238566256,0.6984015316833688,2,12,213,16.699999999999868
Branin-Fav,DNGO-Joint,50,199,0,344,0.1,44.328259627245615,0.6984015316833688,3,12,214,16.599999999999866
Branin-Fav,DNGO-Joint,50,200,0,547,0.1,43.91926149086759,0.6984015316833688,4,12,215,16.499999999999865
Branin-Fav,DNGO-Joint,50,201,0,293,0.1,44.23779820371413,0.6984015316833688,5,12,216,16.399999999999864
Branin-Fav,DNGO-Joint,50,202,0,231,0.1,44.10197800159108,0.6984015316833688,6,12,217,16.299999999999862
Branin-Fav,DNGO-Joint,50,203,0,445,0.1,43.34462942756546,0.6984015316833688,7,12,218,16.19999999999986
Branin-Fav,DNGO-Joint,50,204,0,580,0.1,44.834103334222796,0.6984015316833688,8,12,219,16.09999999999986
Branin-Fav,DNGO-Joint,50,205,0,679,0.1,44.21260919532115,0.6984015316833688,9,12,220,15.99999999999986
Branin-Fav,DNGO-Joint,50,206,0,32,0.1,44.33915600590653,0.6984015316833688,10,12,221,15.899999999999858
Branin-Fav,DNGO-Joint,50,207,0,142,0.1,42.847412356959346,0.6984015316833688,11,12,222,15.799999999999857
Branin-Fav,DNGO-Joint,50,208,0,41,0.1,41.85723104983747,0.6984015316833688,12,12,223,15.699999999999855
Branin-Fav,DNGO-Joint,50,209,0,323,0.1,42.91487567371308,0.6984015316833688,13,12,224,15.599999999999854
Branin-Fav,DNGO-Joint,50,210,0,822,0.1,43.23445104436788,0.6984015316833688,14,12,225,15.499999999999853
Branin-Fav,DNGO-Joint,50,211,0,394,0.1,42.772185058649775,0.6984015316833688,15,12,226,15.399999999999851
Branin-Fav,DNGO-Joint,50,212,0,331,0.1,43.54836640414036,0.6984015316833688,16,12,227,15.29999999999985
Branin-Fav,DNGO-Joint,50,213,0,2450,0.1,41.00639545447223,0.6984015316833688,17,12,228,15.199999999999848
Branin-Fav,DNGO-Joint,50,214,0,874,0.1,40.60681414263694,0.6984015316833688,18,12,229,15.099999999999847
Branin-Fav,DNGO-Joint,50,215,0,281,0.1,41.81272076100267,0.6984015316833688,19,12,230,14.999999999999845
Branin-Fav,DNGO-Joint,50,216,0,343,0.1,39.91614849625787,0.6984015316833688,20,12,231,14.899999999999844
Branin-Fav,DNGO-Joint,50,217,1,399,1.0,8.131105960595734,0.6984015316833688,0,13,231,13.899999999999842
Branin-Fav,DNGO-Joint,50,218,0,778,0.1,36.95923647951117,0.6498448454494353,1,13,232,13.799999999999843
Branin-Fav,DNGO-Joint,50,219,0,875,0.1,37.13867557936403,0.6498448454494353,2,13,233,13.699999999999841
Branin-Fav,DNGO-Joint,50,220,0,522,0.1,36.67080467661174,0.6498448454494353,3,13,234,13.59999999999984
Branin-Fav,DNGO-Joint,50,221,0,273,0.1,36.65506224272298,0.6498448454494353,4,13,235,13.499999999999838
Branin-Fav,DNGO-Joint,50,222,0,827,0.1,37.06208694550827,0.6498448454494353,5,13,236,13.399999999999837
Branin-Fav,DNGO-Joint,50,223,0,873,0.1,36.83950551467179,0.6498448454494353,6,13,237,13.299999999999836
Branin-Fav,DNGO-Joint,50,224,0,192,0.1,35.36361356911083,0.6498448454494353,7,13,238,13.199999999999834
Branin-Fav,DNGO-Joint,50,225,0,223,0.1,36.170884930181295,0.6498448454494353,8,13,239,13.099999999999833
Branin-Fav,DNGO-Joint,50,226,0,381,0.1,36.2294941586941,0.6498448454494353,9,13,240,12.999999999999831
Branin-Fav,DNGO-Joint,50,227,0,699,0.1,37.66379851209573,0.6498448454494353,10,13,241,12.89999999999983
Branin-Fav,DNGO-Joint,50,228,0,431,0.1,34.521001655082166,0.6498448454494353,11,13,242,12.799999999999828
Branin-Fav,DNGO-Joint,50,229,0,472,0.1,34.39960566663539,0.6498448454494353,12,13,243,12.699999999999827
Branin-Fav,DNGO-Joint,50,230,0,91,0.1,33.92527437684015,0.6498448454494353,13,13,244,12.599999999999826
Branin-Fav,DNGO-Joint,50,231,0,630,0.1,34.94851054413671,0.6498448454494353,14,13,245,12.499999999999824
Branin-Fav,DNGO-Joint,50,232,0,495,0.1,34.874046647881194,0.6498448454494353,15,13,246,12.399999999999823
Branin-Fav,DNGO-Joint,50,233,0,546,0.1,33.780448776919854,0.6498448454494353,16,13,247,12.299999999999821
Branin-Fav,DNGO-Joint,50,234,0,242,0.1,33.39259730957133,0.6498448454494353,17,13,248,12.19999999999982
Branin-Fav,DNGO-Joint,50,235,0,648,0.1,33.758018061203956,0.6498448454494353,18,13,249,12.099999999999818
Branin-Fav,DNGO-Joint,50,236,0,597,0.1,33.48000395223597,0.6498448454494353,19,13,250,11.999999999999817
Branin-Fav,DNGO-Joint,50,237,0,481,0.1,33.730276153237064,0.6498448454494353,20,13,251,11.899999999999816
Branin-Fav,DNGO-Joint,50,238,1,549,1.0,8.501356547008982,0.6498448454494353,0,14,251,10.899999999999814
Branin-Fav,DNGO-Joint,50,239,0,444,0.1,35.829055203828034,0.709674727011245,1,14,252,10.799999999999814
Branin-Fav,DNGO-Joint,50,240,0,872,0.1,35.43807632666095,0.709674727011245,2,14,253,10.699999999999813
Branin-Fav,DNGO-Joint,50,241,0,729,0.1,34.494116922401815,0.709674727011245,3,14,254,10.599999999999811
Branin-Fav,DNGO-Joint,50,242,0,876,0.1,34.233784335421554,0.709674727011245,4,14,255,10.49999999999981
Branin-Fav,DNGO-Joint,50,243,0,292,0.1,33.7817204547462,0.709674727011245,5,14,256,10.399999999999809
Branin-Fav,DNGO-Joint,50,244,0,721,0.1,35.39971216925701,0.709674727011245,6,14,257,10.299999999999807
Branin-Fav,DNGO-Joint,50,245,0,393,0.1,33.50880710235678,0.709674727011245,7,14,258,10.199999999999806
Branin-Fav,DNGO-Joint,50,246,0,173,0.1,34.31997788596244,0.709674727011245,8,14,259,10.099999999999804
Branin-Fav,DNGO-Joint,50,247,0,531,0.1,33.79509651324655,0.709674727011245,9,14,260,9.999999999999803
Branin-Fav,DNGO-Joint,50,248,0,923,0.1,32.9620822465825,0.709674727011245,10,14,261,9.899999999999801
Branin-Fav,DNGO-Joint,50,249,0,596,0.1,32.928258636173325,0.709674727011245,11,14,262,9.7999999999998
Branin-Fav,DNGO-Joint,50,250,0,422,0.1,34.31680453359933,0.709674727011245,12,14,263,9.699999999999799
Branin-Fav,DNGO-Joint,50,251,0,141,0.1,32.34584974726729,0.709674727011245,13,14,264,9.599999999999797
Branin-Fav,DNGO-Joint,50,252,0,2250,0.1,32.02370861865847,0.709674727011245,14,14,265,9.499999999999796
Branin-Fav,DNGO-Joint,50,253,0,191,0.1,32.17702472371722,0.709674727011245,15,14,266,9.399999999999794
Branin-Fav,DNGO-Joint,50,254,0,545,0.1,34.06954966127935,0.709674727011245,16,14,267,9.299999999999793
Branin-Fav,DNGO-Joint,50,255,0,771,0.1,33.13571212758094,0.709674727011245,17,14,268,9.199999999999791
Branin-Fav,DNGO-Joint,50,256,0,749,0.1,32.04191461476334,0.709674727011245,18,14,269,9.09999999999979
Branin-Fav,DNGO-Joint,50,257,0,821,0.1,31.8356942501689,0.709674727011245,19,14,270,8.999999999999789
Branin-Fav,DNGO-Joint,50,258,0,23,0.1,32.417116633549035,0.709674727011245,20,14,271,8.899999999999787
Branin-Fav,DNGO-Joint,50,259,1,649,1.0,7.6450548571570165,0.709674727011245,0,15,271,7.899999999999785
Branin-Fav,DNGO-Joint,50,260,0,924,0.1,31.454042567287214,0.7048280704802119,1,15,272,7.799999999999786
Branin-Fav,DNGO-Joint,50,261,0,342,0.1,29.870402642702526,0.7048280704802119,2,15,273,7.699999999999784
Branin-Fav,DNGO-Joint,50,262,0,82,0.1,31.41159019549147,0.7048280704802119,3,15,274,7.599999999999783
Branin-Fav,DNGO-Joint,50,263,0,671,0.1,29.606506087727446,0.7048280704802119,4,15,275,7.4999999999997815
Branin-Fav,DNGO-Joint,50,264,0,494,0.1,30.999067383061462,0.7048280704802119,5,15,276,7.39999999999978
Branin-Fav,DNGO-Joint,50,265,0,925,0.1,29.031220702300228,0.7048280704802119,6,15,277,7.299999999999779
Branin-Fav,DNGO-Joint,50,266,0,40,0.1,30.33963039696796,0.7048280704802119,7,15,278,7.199999999999777
Branin-Fav,DNGO-Joint,50,267,0,871,0.1,30.955636047027618,0.7048280704802119,8,15,279,7.099999999999776
Branin-Fav,DNGO-Joint,50,268,0,372,0.1,29.97576059170706,0.7048280704802119,9,15,280,6.999999999999774
Branin-Fav,DNGO-Joint,50,269,0,132,0.1,31.89993485201424,0.7048280704802119,10,15,281,6.899999999999773
Branin-Fav,DNGO-Joint,50,270,0,621,0.1,28.883854627956158,0.7048280704802119,11,15,282,6.799999999999772
Branin-Fav,DNGO-Joint,50,271,0,182,0.1,28.974828976829187,0.7048280704802119,12,15,283,6.69999999999977
Branin-Fav,DNGO-Joint,50,272,0,123,0.1,29.76738086727049,0.7048280704802119,13,15,284,6.599999999999769
Branin-Fav,DNGO-Joint,50,273,0,922,0.1,28.846568949594165,0.7048280704802119,14,15,285,6.499999999999767
Branin-Fav,DNGO-Joint,50,274,0,232,0.1,29.980746502445065,0.7048280704802119,15,15,286,6.399999999999766
Branin-Fav,DNGO-Joint,50,275,0,680,0.1,28.654835895418195,0.7048280704802119,16,15,287,6.2999999999997645
Branin-Fav,DNGO-Joint,50,276,0,647,0.1,29.100528574042084,0.7048280704802119,17,15,288,6.199999999999763
Branin-Fav,DNGO-Joint,50,277,0,73,0.1,29.409736197426295,0.7048280704802119,18,15,289,6.099999999999762
Branin-Fav,DNGO-Joint,50,278,0,282,0.1,30.806989351178274,0.7048280704802119,19,15,290,5.99999999999976
Branin-Fav,DNGO-Joint,50,279,0,443,0.1,27.65071916880958,0.7048280704802119,20,15,291,5.899999999999759
Branin-Fav,DNGO-Joint,50,280,1,349,1.0,7.867092960311599,0.7048280704802119,0,16,291,4.899999999999757
Branin-Fav,DNGO-Joint,50,281,0,828,0.1,25.48558277845426,0.6563590019930471,1,16,292,4.799999999999757
Branin-Fav,DNGO-Joint,50,282,0,241,0.1,25.4134760870311,0.6563590019930471,2,16,293,4.699999999999756
Branin-Fav,DNGO-Joint,50,283,0,698,0.1,26.318269131281024,0.6563590019930471,3,16,294,4.5999999999997545
Branin-Fav,DNGO-Joint,50,284,0,921,0.1,23.99817695682444,0.6563590019930471,4,16,295,4.499999999999753
Branin-Fav,DNGO-Joint,50,285,0,90,0.1,25.307108837775065,0.6563590019930471,5,16,296,4.399999999999752
Branin-Fav,DNGO-Joint,50,286,0,544,0.1,25.052491939224044,0.6563590019930471,6,16,297,4.29999999999975
Branin-Fav,DNGO-Joint,50,287,0,332,0.1,24.581814923459373,0.6563590019930471,7,16,298,4.199999999999749
Branin-Fav,DNGO-Joint,50,288,0,877,0.1,24.221000172086526,0.6563590019930471,8,16,299,4.099999999999747
Branin-Fav,DNGO-Joint,50,289,0,392,0.1,23.365881997505955,0.6563590019930471,9,16,300,3.9999999999997455
Branin-Fav,DNGO-Joint,50,290,0,779,0.1,23.82099462420112,0.6563590019930471,10,16,301,3.899999999999744
Branin-Fav,DNGO-Joint,50,291,0,33,0.1,24.483385739272205,0.6563590019930471,11,16,302,3.7999999999997427
Branin-Fav,DNGO-Joint,50,292,0,926,0.1,23.34167563090168,0.6563590019930471,12,16,303,3.6999999999997413
Branin-Fav,DNGO-Joint,50,293,0,322,0.1,22.4844001225644,0.6563590019930471,13,16,304,3.59999999999974
Branin-Fav,DNGO-Joint,50,294,0,595,0.1,23.6961761307988,0.6563590019930471,14,16,305,3.4999999999997384
Branin-Fav,DNGO-Joint,50,295,0,581,0.1,22.825611643207573,0.6563590019930471,15,16,306,3.399999999999737
Branin-Fav,DNGO-Joint,50,296,0,2300,0.1,23.099918169000368,0.6563590019930471,16,16,307,3.2999999999997356
Branin-Fav,DNGO-Joint,50,297,0,973,0.1,22.785421928610145,0.6563590019930471,17,16,308,3.199999999999734
Branin-Fav,DNGO-Joint,50,298,0,571,0.1,22.770120143578385,0.6563590019930471,18,16,309,3.0999999999997327
Branin-Fav,DNGO-Joint,50,299,0,291,0.1,22.90997784493208,0.6563590019930471,19,16,310,2.9999999999997313
Branin-Fav,DNGO-Joint,50,300,0,646,0.1,21.95244634938119,0.6563590019930471,20,16,311,2.89999999999973
Branin-Fav,DNGO-Joint,50,301,1,299,1.0,7.202213396463445,0.6563590019930471,0,17,311,1.8999999999997286
Branin-Fav,DNGO-Joint,50,302,0,382,0.1,21.114242294820155,0.6241659630518638,1,17,312,1.7999999999997285
Branin-Fav,DNGO-Joint,50,303,0,83,0.1,20.278742505657473,0.6241659630518638,2,17,313,1.699999999999727
Branin-Fav,DNGO-Joint,50,304,0,974,0.1,21.006216015730107,0.6241659630518638,3,17,314,1.5999999999997256
Branin-Fav,DNGO-Joint,50,305,0,341,0.1,20.424709017887263,0.6241659630518638,4,17,315,1.4999999999997242
Branin-Fav,DNGO-Joint,50,306,0,799,0.1,20.70178821671592,0.6241659630518638,5,17,316,1.3999999999997228
Branin-Fav,DNGO-Joint,50,307,0,493,0.1,20.899422563191223,0.6241659630518638,6,17,317,1.2999999999997214
Branin-Fav,DNGO-Joint,50,308,0,972,0.1,20.733276705156726,0.6241659630518638,7,17,318,1.19999999999972
Branin-Fav,DNGO-Joint,50,309,0,432,0.1,20.153802531140325,0.6241659630518638,8,17,319,1.0999999999997185
Branin-Fav,DNGO-Joint,50,310,0,521,0.1,20.186976616886966,0.6241659630518638,9,17,320,0.9999999999997172
Branin-Fav,DNGO-Joint,50,311,0,140,0.1,19.588806467086343,0.6241659630518638,10,17,321,0.8999999999997158
Branin-Fav,DNGO-Joint,50,312,0,820,0.1,21.12770033774862,0.6241659630518638,11,17,322,0.7999999999997144
Branin-Fav,DNGO-Joint,50,313,0,975,0.1,19.040407381184995,0.6241659630518638,12,17,323,0.699999999999713
Branin-Fav,DNGO-Joint,50,314,0,697,0.1,20.562150875058222,0.6241659630518638,13,17,324,0.5999999999997115
Branin-Fav,DNGO-Joint,50,315,0,748,0.1,19.417312868667473,0.6241659630518638,14,17,325,0.4999999999997101
Branin-Fav,DNGO-Joint,50,316,0,39,0.1,20.43608508740187,0.6241659630518638,15,17,326,0.3999999999997087
Branin-Fav,DNGO-Joint,50,317,0,190,0.1,18.85286139702016,0.6241659630518638,16,17,327,0.2999999999997073
Branin-Fav,DNGO-Joint,50,318,0,730,0.1,18.749929378650496,0.6241659630518638,17,17,328,0.19999999999970583
Branin-Fav,DNGO-Joint,50,319,0,272,0.1,18.90040486972855,0.6241659630518638,18,17,329,0.09999999999970441
Branin-Fav,DNGO-Joint,51,1,0,49,0.1,156.0214566601231,0.5,1,2,26,45.4
Branin-Fav,DNGO-Joint,51,2,0,48,0.1,125.58900349234237,0.5,2,2,27,45.3
Branin-Fav,DNGO-Joint,51,3,0,99,0.1,117.3280424162899,0.5,3,2,28,45.199999999999996
Branin-Fav,DNGO-Joint,51,4,0,39,0.1,118.39367634155346,0.5,4,2,29,45.1
Branin-Fav,DNGO-Joint,51,5,0,149,0.1,111.93524684731544,0.5,5,2,30,45.0
Branin-Fav,DNGO-Joint,51,6,0,199,0.1,109.29580023190199,0.5,6,2,31,44.9
Branin-Fav,DNGO-Joint,51,7,0,249,0.1,110.04208068306892,0.5,7,2,32,44.800000000000004
Branin-Fav,DNGO-Joint,51,8,0,299,0.1,107.0332584010995,0.5,8,2,33,44.7
Branin-Fav,DNGO-Joint,51,9,0,349,0.1,106.83913620117774,0.5,9,2,34,44.6
Branin-Fav,DNGO-Joint,51,10,0,98,0.1,105.97218175190841,0.5,10,2,35,44.5
Branin-Fav,DNGO-Joint,51,11,0,148,0.1,103.70558267100802,0.5,11,2,36,44.4
Branin-Fav,DNGO-Joint,51,12,0,198,0.1,101.0303526991499,0.5,12,2,37,44.300000000000004
Branin-Fav,DNGO-Joint,51,13,0,248,0.1,101.10205088444559,0.5,13,2,38,44.2
Branin-Fav,DNGO-Joint,51,14,0,399,0.1,103.14802728774852,0.5,14,2,39,44.1
Branin-Fav,DNGO-Joint,51,15,0,298,0.1,100.47361378666587,0.5,15,2,40,44.00000000000001
Branin-Fav,DNGO-Joint,51,16,0,47,0.1,98.88364185103556,0.5,16,2,41,43.900000000000006
Branin-Fav,DNGO-Joint,51,17,0,97,0.1,100.20693045112375,0.5,17,2,42,43.800000000000004
Branin-Fav,DNGO-Joint,51,18,0,147,0.1,97.04127964482404,0.5,18,2,43,43.7
Branin-Fav,DNGO-Joint,51,19,0,449,0.1,95.860934133053,0.5,19,2,44,43.6
Branin-Fav,DNGO-Joint,51,20,0,348,0.1,96.1262567417566,0.5,20,2,45,43.50000000000001
Branin-Fav,DNGO-Joint,51,21,1,49,1.0,81.0085347962685,0.5,0,3,45,42.50000000000001
Branin-Fav,DNGO-Joint,51,22,0,398,0.1,94.034350518054,0.5,1,3,46,42.400000000000006
Branin-Fav,DNGO-Joint,51,23,0,197,0.1,93.0996331313978,0.5,2,3,47,42.300000000000004
Branin-Fav,DNGO-Joint,51,24,0,247,0.1,92.56154046895129,0.5,3,3,48,42.20000000000001
Branin-Fav,DNGO-Joint,51,25,0,46,0.1,92.48602073303736,0.5,4,3,49,42.10000000000001
Branin-Fav,DNGO-Joint,51,26,0,499,0.1,92.00589378650052,0.5,5,3,50,42.00000000000001
Branin-Fav,DNGO-Joint,51,27,0,96,0.1,90.2206048564721,0.5,6,3,51,41.900000000000006
Branin-Fav,DNGO-Joint,51,28,0,146,0.1,89.44732527361447,0.5,7,3,52,41.800000000000004
Branin-Fav,DNGO-Joint,51,29,0,196,0.1,89.05506069177954,0.5,8,3,53,41.70000000000001
Branin-Fav,DNGO-Joint,51,30,0,297,0.1,89.3458604998008,0.5,9,3,54,41.60000000000001
Branin-Fav,DNGO-Joint,51,31,0,45,0.1,88.4971511787594,0.5,10,3,55,41.50000000000001
Branin-Fav,DNGO-Joint,51,32,0,95,0.1,88.4688790896427,0.5,11,3,56,41.40000000000001
Branin-Fav,DNGO-Joint,51,33,0,246,0.1,88.886655303263,0.5,12,3,57,41.30000000000001
Branin-Fav,DNGO-Joint,51,34,0,44,0.1,84.94007770818321,0.5,13,3,58,41.20000000000001
Branin-Fav,DNGO-Joint,51,35,0,347,0.1,84.91197516007105,0.5,14,3,59,41.10000000000001
Branin-Fav,DNGO-Joint,51,36,0,145,0.1,84.85612829561167,0.5,15,3,60,41.00000000000001
Branin-Fav,DNGO-Joint,51,37,0,296,0.1,83.80808288314032,0.5,16,3,61,40.90000000000001
Branin-Fav,DNGO-Joint,51,38,0,195,0.1,84.08627534112642,0.5,17,3,62,40.80000000000001
Branin-Fav,DNGO-Joint,51,39,0,245,0.1,82.04845895420102,0.5,18,3,63,40.70000000000001
Branin-Fav,DNGO-Joint,51,40,0,448,0.1,82.81185484771856,0.5,19,3,64,40.600000000000016
Branin-Fav,DNGO-Joint,51,41,0,94,0.1,84.06604750824019,0.5,20,3,65,40.500000000000014
Branin-Fav,DNGO-Joint,51,42,1,2450,1.0,29.570662632262398,0.5,0,4,65,39.500000000000014
Branin-Fav,DNGO-Joint,51,43,0,144,0.1,78.99447052779219,0.5,1,4,66,39.40000000000001
Branin-Fav,DNGO-Joint,51,44,0,43,0.1,79.93734541270175,0.5,2,4,67,39.30000000000001
Branin-Fav,DNGO-Joint,51,45,0,93,0.1,79.63371252008567,0.5,3,4,68,39.20000000000001
Branin-Fav,DNGO-Joint,51,46,0,397,0.1,79.91519478738516,0.5,4,4,69,39.100000000000016
Branin-Fav,DNGO-Joint,51,47,0,346,0.1,79.19764416358561,0.5,5,4,70,39.000000000000014
Branin-Fav,DNGO-Joint,51,48,0,295,0.1,75.14841081360193,0.5,6,4,71,38.90000000000001
Branin-Fav,DNGO-Joint,51,49,0,447,0.1,76.79371988850943,0.5,7,4,72,38.80000000000002
Branin-Fav,DNGO-Joint,51,50,0,549,0.1,77.17169184220214,0.5,8,4,73,38.70000000000002
Branin-Fav,DNGO-Joint,51,51,0,498,0.1,75.29695786778667,0.5,9,4,74,38.600000000000016
Branin-Fav,DNGO-Joint,51,52,0,194,0.1,73.22194990338865,0.5,10,4,75,38.500000000000014
Branin-Fav,DNGO-Joint,51,53,0,396,0.1,74.19722856227162,0.5,11,4,76,38.40000000000001
Branin-Fav,DNGO-Joint,51,54,0,345,0.1,73.00320598185922,0.5,12,4,77,38.30000000000002
Branin-Fav,DNGO-Joint,51,55,0,244,0.1,72.79136755333558,0.5,13,4,78,38.20000000000002
Branin-Fav,DNGO-Joint,51,56,0,143,0.1,72.54404550230646,0.5,14,4,79,38.100000000000016
Branin-Fav,DNGO-Joint,51,57,0,32,0.1,73.80705392370065,0.5,15,4,80,38.00000000000002
Branin-Fav,DNGO-Joint,51,58,0,294,0.1,70.41376760074958,0.5,16,4,81,37.90000000000002
Branin-Fav,DNGO-Joint,51,59,0,599,0.1,70.10570203198672,0.5,17,4,82,37.80000000000002
Branin-Fav,DNGO-Joint,51,60,0,497,0.1,69.6648589952159,0.5,18,4,83,37.70000000000002
Branin-Fav,DNGO-Joint,51,61,0,548,0.1,68.27326395363728,0.5,19,4,84,37.600000000000016
Branin-Fav,DNGO-Joint,51,62,0,395,0.1,68.41369204357586,0.5,20,4,85,37.50000000000002
Branin-Fav,DNGO-Joint,51,63,1,0,1.0,30.349313864581994,0.5,0,5,85,36.50000000000002
Branin-Fav,DNGO-Joint,51,64,0,193,0.1,86.75253497341475,0.5,1,5,86,36.40000000000002
Branin-Fav,DNGO-Joint,51,65,0,42,0.1,85.7687648320483,0.5,2,5,87,36.30000000000002
Branin-Fav,DNGO-Joint,51,66,0,649,0.1,85.11588527666292,0.5,3,5,88,36.200000000000024
Branin-Fav,DNGO-Joint,51,67,0,598,0.1,84.88776792374865,0.5,4,5,89,36.10000000000002
Branin-Fav,DNGO-Joint,51,68,0,243,0.1,85.03482026964201,0.5,5,5,90,36.00000000000002
Branin-Fav,DNGO-Joint,51,69,0,92,0.1,83.41780538340316,0.5,6,5,91,35.90000000000002
Branin-Fav,DNGO-Joint,51,70,0,344,0.1,82.52456671294749,0.5,7,5,92,35.80000000000002
Branin-Fav,DNGO-Joint,51,71,0,41,0.1,83.02744926687006,0.5,8,5,93,35.700000000000024
Branin-Fav,DNGO-Joint,51,72,0,445,0.1,81.36779565307715,0.5,9,5,94,35.60000000000002
Branin-Fav,DNGO-Joint,51,73,0,142,0.1,80.26229505805567,0.5,10,5,95,35.50000000000002
Branin-Fav,DNGO-Joint,51,74,0,547,0.1,80.41013417306104,0.5,11,5,96,35.40000000000003
Branin-Fav,DNGO-Joint,51,75,0,627,0.1,81.66352167118082,0.5,12,5,97,35.300000000000026
Branin-Fav,DNGO-Joint,51,76,0,293,0.1,80.39481716662985,0.5,13,5,98,35.200000000000024
Branin-Fav,DNGO-Joint,51,77,0,677,0.1,81.5095289318196,0.5,14,5,99,35.10000000000002
Branin-Fav,DNGO-Joint,51,78,0,496,0.1,79.102325621842,0.5,15,5,100,35.00000000000002
Branin-Fav,DNGO-Joint,51,79,0,35,0.1,80.7642614449145,0.5,16,5,101,34.90000000000003
Branin-Fav,DNGO-Joint,51,80,0,394,0.1,76.85495860398402,0.5,17,5,102,34.800000000000026
Branin-Fav,DNGO-Joint,51,81,0,726,0.1,82.18282110843109,0.5,18,5,103,34.700000000000024
Branin-Fav,DNGO-Joint,51,82,0,628,0.1,77.14725227207353,0.5,19,5,104,34.60000000000003
Branin-Fav,DNGO-Joint,51,83,0,531,0.1,78.70122755375661,0.5,20,5,105,34.50000000000003
Branin-Fav,DNGO-Joint,51,84,1,599,1.0,40.8038841569847,0.5,0,6,105,33.50000000000003
Branin-Fav,DNGO-Joint,51,85,0,577,0.1,79.68242983613358,0.5,1,6,106,33.40000000000003
Branin-Fav,DNGO-Joint,51,86,0,578,0.1,81.69250575571382,0.5,2,6,107,33.300000000000026
Branin-Fav,DNGO-Joint,51,87,0,676,0.1,82.43420530269223,0.5,3,6,108,33.200000000000024
Branin-Fav,DNGO-Joint,51,88,0,528,0.1,77.11290336241427,0.5,4,6,109,33.10000000000002
Branin-Fav,DNGO-Joint,51,89,0,527,0.1,79.82078743484114,0.5,5,6,110,33.00000000000002
Branin-Fav,DNGO-Joint,51,90,0,579,0.1,77.3140909656784,0.5,6,6,111,32.90000000000002
Branin-Fav,DNGO-Joint,51,91,0,529,0.1,76.83532900746836,0.5,7,6,112,32.80000000000002
Branin-Fav,DNGO-Joint,51,92,0,629,0.1,75.90156415341902,0.5,8,6,113,32.70000000000002
Branin-Fav,DNGO-Joint,51,93,0,626,0.1,79.94371502272769,0.5,9,6,114,32.600000000000016
Branin-Fav,DNGO-Joint,51,94,0,678,0.1,75.87521459527902,0.5,10,6,115,32.500000000000014
Branin-Fav,DNGO-Joint,51,95,0,530,0.1,75.64399823306337,0.5,11,6,116,32.40000000000001
Branin-Fav,DNGO-Joint,51,96,0,725,0.1,78.77021210315876,0.5,12,6,117,32.30000000000001
Branin-Fav,DNGO-Joint,51,97,0,675,0.1,77.32582395229126,0.5,13,6,118,32.20000000000001
Branin-Fav,DNGO-Joint,51,98,0,576,0.1,75.98934566737096,0.5,14,6,119,32.10000000000001
Branin-Fav,DNGO-Joint,51,99,0,625,0.1,74.17371185319018,0.5,15,6,120,32.00000000000001
Branin-Fav,DNGO-Joint,51,100,0,526,0.1,75.14079986205009,0.5,16,6,121,31.900000000000006
Branin-Fav,DNGO-Joint,51,101,0,727,0.1,76.9830706497123,0.5,17,6,122,31.800000000000004
Branin-Fav,DNGO-Joint,51,102,0,580,0.1,75.30572310820524,0.5,18,6,123,31.700000000000003
Branin-Fav,DNGO-Joint,51,103,0,575,0.1,76.02044924829099,0.5,19,6,124,31.6
Branin-Fav,DNGO-Joint,51,104,0,775,0.1,75.56225639814112,0.5,20,6,125,31.5
Branin-Fav,DNGO-Joint,51,105,1,249,1.0,21.038157519748825,0.5,0,7,125,30.5
Branin-Fav,DNGO-Joint,51,106,0,776,0.1,97.70322768265555,0.6468422757190148,1,7,126,30.4
Branin-Fav,DNGO-Joint,51,107,0,724,0.1,97.96031384354322,0.6468422757190148,2,7,127,30.299999999999997
Branin-Fav,DNGO-Joint,51,108,0,774,0.1,93.56238862465304,0.6468422757190148,3,7,128,30.199999999999996
Branin-Fav,DNGO-Joint,51,109,0,674,0.1,95.56073996799267,0.6468422757190148,4,7,129,30.099999999999994
Branin-Fav,DNGO-Joint,51,110,0,728,0.1,91.88425708571941,0.6468422757190148,5,7,130,29.999999999999993
Branin-Fav,DNGO-Joint,51,111,0,824,0.1,94.97234319335753,0.6468422757190148,6,7,131,29.89999999999999
Branin-Fav,DNGO-Joint,51,112,0,479,0.1,93.05689610704016,0.6468422757190148,7,7,132,29.79999999999999
Branin-Fav,DNGO-Joint,51,113,0,477,0.1,97.00685814131216,0.6468422757190148,8,7,133,29.69999999999999
Branin-Fav,DNGO-Joint,51,114,0,624,0.1,91.96110145812365,0.6468422757190148,9,7,134,29.599999999999987
Branin-Fav,DNGO-Joint,51,115,0,478,0.1,90.6113775829002,0.6468422757190148,10,7,135,29.499999999999986
Branin-Fav,DNGO-Joint,51,116,0,525,0.1,92.9975709663708,0.6468422757190148,11,7,136,29.399999999999984
Branin-Fav,DNGO-Joint,51,117,0,825,0.1,90.89344771068615,0.6468422757190148,12,7,137,29.299999999999983
Branin-Fav,DNGO-Joint,51,118,0,476,0.1,95.37158782922037,0.6468422757190148,13,7,138,29.19999999999998
Branin-Fav,DNGO-Joint,51,119,0,427,0.1,92.50416653383554,0.6468422757190148,14,7,139,29.09999999999998
Branin-Fav,DNGO-Joint,51,120,0,773,0.1,90.62723346642922,0.6468422757190148,15,7,140,28.99999999999998
Branin-Fav,DNGO-Joint,51,121,0,426,0.1,92.43426251910266,0.6468422757190148,16,7,141,28.899999999999977
Branin-Fav,DNGO-Joint,51,122,0,777,0.1,90.97018304452587,0.6468422757190148,17,7,142,28.799999999999976
Branin-Fav,DNGO-Joint,51,123,0,428,0.1,90.61548853850915,0.6468422757190148,18,7,143,28.699999999999974
Branin-Fav,DNGO-Joint,51,124,0,475,0.1,89.66704615907135,0.6468422757190148,19,7,144,28.599999999999973
Branin-Fav,DNGO-Joint,51,125,0,377,0.1,94.415977516303,0.6468422757190148,20,7,145,28.49999999999997
Branin-Fav,DNGO-Joint,51,126,1,199,1.0,17.403937726928955,0.6468422757190148,0,8,145,27.49999999999997
Branin-Fav,DNGO-Joint,51,127,0,574,0.1,83.77114795669532,0.6016803606397384,1,8,146,27.39999999999997
Branin-Fav,DNGO-Joint,51,128,0,378,0.1,84.91250068332545,0.6016803606397384,2,8,147,27.29999999999997
Branin-Fav,DNGO-Joint,51,129,0,376,0.1,82.9161027603939,0.6016803606397384,3,8,148,27.199999999999967
Branin-Fav,DNGO-Joint,51,130,0,429,0.1,81.0374071942588,0.6016803606397384,4,8,149,27.099999999999966
Branin-Fav,DNGO-Joint,51,131,0,327,0.1,84.74877581448784,0.6016803606397384,5,8,150,26.999999999999964
Branin-Fav,DNGO-Joint,51,132,0,326,0.1,87.36615528933999,0.6016803606397384,6,8,151,26.899999999999963
Branin-Fav,DNGO-Joint,51,133,0,425,0.1,85.44656040539674,0.6016803606397384,7,8,152,26.79999999999996
Branin-Fav,DNGO-Joint,51,134,0,277,0.1,83.33336298655627,0.6016803606397384,8,8,153,26.69999999999996
Branin-Fav,DNGO-Joint,51,135,0,524,0.1,83.05664142753629,0.6016803606397384,9,8,154,26.59999999999996
Branin-Fav,DNGO-Joint,51,136,0,379,0.1,83.16000619393496,0.6016803606397384,10,8,155,26.499999999999957
Branin-Fav,DNGO-Joint,51,137,0,328,0.1,83.76014992162257,0.6016803606397384,11,8,156,26.399999999999956
Branin-Fav,DNGO-Joint,51,138,0,375,0.1,83.80197217770004,0.6016803606397384,12,8,157,26.299999999999955
Branin-Fav,DNGO-Joint,51,139,0,276,0.1,85.1929652828684,0.6016803606397384,13,8,158,26.199999999999953
Branin-Fav,DNGO-Joint,51,140,0,227,0.1,84.06743571663128,0.6016803606397384,14,8,159,26.09999999999995
Branin-Fav,DNGO-Joint,51,141,0,278,0.1,82.89105116969907,0.6016803606397384,15,8,160,25.99999999999995
Branin-Fav,DNGO-Joint,51,142,0,27,0.1,84.16916188360861,0.6016803606397384,16,8,161,25.89999999999995
Branin-Fav,DNGO-Joint,51,143,0,228,0.1,80.66430918237994,0.6016803606397384,17,8,162,25.799999999999947
Branin-Fav,DNGO-Joint,51,144,0,178,0.1,82.57700076460168,0.6016803606397384,18,8,163,25.699999999999946
Branin-Fav,DNGO-Joint,51,145,0,177,0.1,83.92130406548766,0.6016803606397384,19,8,164,25.599999999999945
Branin-Fav,DNGO-Joint,51,146,0,28,0.1,82.68215415862848,0.6016803606397384,20,8,165,25.499999999999943
Branin-Fav,DNGO-Joint,51,147,1,99,1.0,16.672849685713302,0.6016803606397384,0,9,165,24.499999999999943
Branin-Fav,DNGO-Joint,51,148,0,226,0.1,87.01287136219705,0.6267923604375474,1,9,166,24.39999999999994
Branin-Fav,DNGO-Joint,51,149,0,325,0.1,84.85447240503356,0.6267923604375474,2,9,167,24.29999999999994
Branin-Fav,DNGO-Joint,51,150,0,127,0.1,86.96189086630037,0.6267923604375474,3,9,168,24.19999999999994
Branin-Fav,DNGO-Joint,51,151,0,176,0.1,85.78489417080388,0.6267923604375474,4,9,169,24.099999999999937
Branin-Fav,DNGO-Joint,51,152,0,77,0.1,88.33550366013776,0.6267923604375474,5,9,170,23.999999999999936
Branin-Fav,DNGO-Joint,51,153,0,275,0.1,85.38633274101038,0.6267923604375474,6,9,171,23.899999999999935
Branin-Fav,DNGO-Joint,51,154,0,26,0.1,84.59621666441979,0.6267923604375474,7,9,172,23.799999999999933
Branin-Fav,DNGO-Joint,51,155,0,474,0.1,84.03094248758883,0.6267923604375474,8,9,173,23.699999999999932
Branin-Fav,DNGO-Joint,51,156,0,424,0.1,82.579567017821,0.6267923604375474,9,9,174,23.59999999999993
Branin-Fav,DNGO-Joint,51,157,0,126,0.1,82.79152533927575,0.6267923604375474,10,9,175,23.49999999999993
Branin-Fav,DNGO-Joint,51,158,0,128,0.1,83.30123818860856,0.6267923604375474,11,9,176,23.399999999999928
Branin-Fav,DNGO-Joint,51,159,0,329,0.1,81.96213502019904,0.6267923604375474,12,9,177,23.299999999999926
Branin-Fav,DNGO-Joint,51,160,0,76,0.1,80.71691398459829,0.6267923604375474,13,9,178,23.199999999999925
Branin-Fav,DNGO-Joint,51,161,0,225,0.1,80.50520048427019,0.6267923604375474,14,9,179,23.099999999999923
Branin-Fav,DNGO-Joint,51,162,0,78,0.1,81.14848730967886,0.6267923604375474,15,9,180,22.999999999999922
Branin-Fav,DNGO-Joint,51,163,0,29,0.1,80.71213388330857,0.6267923604375474,16,9,181,22.89999999999992
Branin-Fav,DNGO-Joint,51,164,0,279,0.1,79.40796206445756,0.6267923604375474,17,9,182,22.79999999999992
Branin-Fav,DNGO-Joint,51,165,0,229,0.1,78.36586950886878,0.6267923604375474,18,9,183,22.699999999999918
Branin-Fav,DNGO-Joint,51,166,0,179,0.1,80.90824177269158,0.6267923604375474,19,9,184,22.599999999999916
Branin-Fav,DNGO-Joint,51,167,0,129,0.1,77.20409368517197,0.6267923604375474,20,9,185,22.499999999999915
Branin-Fav,DNGO-Joint,51,168,1,549,1.0,15.302878424716074,0.6267923604375474,0,10,185,21.499999999999915
Branin-Fav,DNGO-Joint,51,169,0,79,0.1,88.69536851508485,0.7201023721288194,1,10,186,21.399999999999913
Branin-Fav,DNGO-Joint,51,170,0,175,0.1,88.95075091660703,0.7201023721288194,2,10,187,21.299999999999912
Branin-Fav,DNGO-Joint,51,171,0,125,0.1,88.78435433144219,0.7201023721288194,3,10,188,21.19999999999991
Branin-Fav,DNGO-Joint,51,172,0,25,0.1,86.79127765462171,0.7201023721288194,4,10,189,21.09999999999991
Branin-Fav,DNGO-Joint,51,173,0,374,0.1,87.63480429694653,0.7201023721288194,5,10,190,20.999999999999908
Branin-Fav,DNGO-Joint,51,174,0,324,0.1,85.18164245316578,0.7201023721288194,6,10,191,20.899999999999906
Branin-Fav,DNGO-Joint,51,175,0,673,0.1,87.73818755017696,0.7201023721288194,7,10,192,20.799999999999905
Branin-Fav,DNGO-Joint,51,176,0,75,0.1,83.93848447658691,0.7201023721288194,8,10,193,20.699999999999903
Branin-Fav,DNGO-Joint,51,177,0,623,0.1,83.51054020014399,0.7201023721288194,9,10,194,20.599999999999902
Branin-Fav,DNGO-Joint,51,178,0,573,0.1,83.85486927756776,0.7201023721288194,10,10,195,20.4999999999999
Branin-Fav,DNGO-Joint,51,179,0,380,0.1,85.90419162233864,0.7201023721288194,11,10,196,20.3999999999999
Branin-Fav,DNGO-Joint,51,180,0,274,0.1,81.1472692769163,0.7201023721288194,12,10,197,20.299999999999898
Branin-Fav,DNGO-Joint,51,181,0,523,0.1,84.57303784889262,0.7201023721288194,13,10,198,20.199999999999896
Branin-Fav,DNGO-Joint,51,182,0,224,0.1,81.34299020082832,0.7201023721288194,14,10,199,20.099999999999895
Branin-Fav,DNGO-Joint,51,183,0,723,0.1,84.12671798869802,0.7201023721288194,15,10,200,19.999999999999893
Branin-Fav,DNGO-Joint,51,184,0,30,0.1,85.45572955036393,0.7201023721288194,16,10,201,19.899999999999892
Branin-Fav,DNGO-Joint,51,185,0,280,0.1,80.07213196107452,0.7201023721288194,17,10,202,19.79999999999989
Branin-Fav,DNGO-Joint,51,186,0,473,0.1,79.65826313593251,0.7201023721288194,18,10,203,19.69999999999989
Branin-Fav,DNGO-Joint,51,187,0,80,0.1,78.92477343808196,0.7201023721288194,19,10,204,19.599999999999888
Branin-Fav,DNGO-Joint,51,188,0,230,0.1,81.25011891950635,0.7201023721288194,20,10,205,19.499999999999886
Branin-Fav,DNGO-Joint,51,189,1,399,1.0,15.419156943751004,0.7201023721288194,0,11,205,18.499999999999886
Branin-Fav,DNGO-Joint,51,190,0,330,0.1,71.26787972476758,0.6376284469419481,1,11,206,18.399999999999885
Branin-Fav,DNGO-Joint,51,191,0,180,0.1,68.50310149799985,0.6376284469419481,2,11,207,18.299999999999883
Branin-Fav,DNGO-Joint,51,192,0,130,0.1,71.97251256630422,0.6376284469419481,3,11,208,18.199999999999882
Branin-Fav,DNGO-Joint,51,193,0,430,0.1,71.24366891011476,0.6376284469419481,4,11,209,18.09999999999988
Branin-Fav,DNGO-Joint,51,194,0,823,0.1,67.30859264926046,0.6376284469419481,5,11,210,17.99999999999988
Branin-Fav,DNGO-Joint,51,195,0,480,0.1,66.61727608238029,0.6376284469419481,6,11,211,17.899999999999878
Branin-Fav,DNGO-Joint,51,196,0,826,0.1,66.44837342608493,0.6376284469419481,7,11,212,17.799999999999876
Branin-Fav,DNGO-Joint,51,197,0,423,0.1,68.92289383963467,0.6376284469419481,8,11,213,17.699999999999875
Branin-Fav,DNGO-Joint,51,198,0,174,0.1,65.95000023790443,0.6376284469419481,9,11,214,17.599999999999874
Branin-Fav,DNGO-Joint,51,199,0,124,0.1,65.18863968806701,0.6376284469419481,10,11,215,17.499999999999872
Branin-Fav,DNGO-Joint,51,200,0,31,0.1,65.6210135322339,0.6376284469419481,11,11,216,17.39999999999987
Branin-Fav,DNGO-Joint,51,201,0,672,0.1,63.70463081076776,0.6376284469419481,12,11,217,17.29999999999987
Branin-Fav,DNGO-Joint,51,202,0,373,0.1,64.85431873129625,0.6376284469419481,13,11,218,17.199999999999868
Branin-Fav,DNGO-Joint,51,203,0,24,0.1,66.21808654089642,0.6376284469419481,14,11,219,17.099999999999866
Branin-Fav,DNGO-Joint,51,204,0,699,0.1,63.34312512992864,0.6376284469419481,15,11,220,16.999999999999865
Branin-Fav,DNGO-Joint,51,205,0,722,0.1,68.66098876745991,0.6376284469419481,16,11,221,16.899999999999864
Branin-Fav,DNGO-Joint,51,206,0,874,0.1,62.12913453583608,0.6376284469419481,17,11,222,16.799999999999862
Branin-Fav,DNGO-Joint,51,207,0,74,0.1,62.28279605951696,0.6376284469419481,18,11,223,16.69999999999986
Branin-Fav,DNGO-Joint,51,208,0,875,0.1,61.0236100760506,0.6376284469419481,19,11,224,16.59999999999986
Branin-Fav,DNGO-Joint,51,209,0,192,0.1,61.45081315423017,0.6376284469419481,20,11,225,16.499999999999858
Branin-Fav,DNGO-Joint,51,210,1,349,1.0,13.246903352447386,0.6376284469419481,0,12,225,15.499999999999858
Branin-Fav,DNGO-Joint,51,211,0,81,0.1,56.41296442971035,0.567245906728068,1,12,226,15.399999999999858
Branin-Fav,DNGO-Joint,51,212,0,622,0.1,57.092447994261285,0.567245906728068,2,12,227,15.299999999999857
Branin-Fav,DNGO-Joint,51,213,0,131,0.1,55.12766581978919,0.567245906728068,3,12,228,15.199999999999855
Branin-Fav,DNGO-Joint,51,214,0,772,0.1,54.113726685924185,0.567245906728068,4,12,229,15.099999999999854
Branin-Fav,DNGO-Joint,51,215,0,281,0.1,54.02469329650034,0.567245906728068,5,12,230,14.999999999999853
Branin-Fav,DNGO-Joint,51,216,0,343,0.1,53.488058017995336,0.567245906728068,6,12,231,14.899999999999851
Branin-Fav,DNGO-Joint,51,217,0,679,0.1,53.217089678659384,0.567245906728068,7,12,232,14.79999999999985
Branin-Fav,DNGO-Joint,51,218,0,648,0.1,53.217881650657525,0.567245906728068,8,12,233,14.699999999999848
Branin-Fav,DNGO-Joint,51,219,0,331,0.1,53.39341583443856,0.567245906728068,9,12,234,14.599999999999847
Branin-Fav,DNGO-Joint,51,220,0,822,0.1,56.014584410919355,0.567245906728068,10,12,235,14.499999999999845
Branin-Fav,DNGO-Joint,51,221,0,242,0.1,52.042899479705085,0.567245906728068,11,12,236,14.399999999999844
Branin-Fav,DNGO-Joint,51,222,0,495,0.1,52.2747035830019,0.567245906728068,12,12,237,14.299999999999843
Branin-Fav,DNGO-Joint,51,223,0,231,0.1,52.13550509981966,0.567245906728068,13,12,238,14.199999999999841
Branin-Fav,DNGO-Joint,51,224,0,323,0.1,52.14936081859041,0.567245906728068,14,12,239,14.09999999999984
Branin-Fav,DNGO-Joint,51,225,0,572,0.1,53.34923048394543,0.567245906728068,15,12,240,13.999999999999838
Branin-Fav,DNGO-Joint,51,226,0,873,0.1,51.2066276587732,0.567245906728068,16,12,241,13.899999999999837
Branin-Fav,DNGO-Joint,51,227,0,381,0.1,50.908699727092895,0.567245906728068,17,12,242,13.799999999999836
Branin-Fav,DNGO-Joint,51,228,0,181,0.1,51.426161294054694,0.567245906728068,18,12,243,13.699999999999834
Branin-Fav,DNGO-Joint,51,229,0,431,0.1,50.5116630166228,0.567245906728068,19,12,244,13.599999999999833
Branin-Fav,DNGO-Joint,51,230,0,827,0.1,50.639776316755544,0.567245906728068,20,12,245,13.499999999999831
Branin-Fav,DNGO-Joint,51,231,1,449,1.0,13.179745140632026,0.567245906728068,0,13,245,12.49999999999983
Branin-Fav,DNGO-Joint,51,232,0,546,0.1,49.7708120132012,0.5617320057848261,1,13,246,12.39999999999983
Branin-Fav,DNGO-Joint,51,233,0,481,0.1,50.07962278428833,0.5617320057848261,2,13,247,12.299999999999828
Branin-Fav,DNGO-Joint,51,234,0,444,0.1,51.330756381408456,0.5617320057848261,3,13,248,12.199999999999827
Branin-Fav,DNGO-Joint,51,235,0,597,0.1,48.44252589538019,0.5617320057848261,4,13,249,12.099999999999826
Branin-Fav,DNGO-Joint,51,236,0,393,0.1,48.609152822157256,0.5617320057848261,5,13,250,11.999999999999824
Branin-Fav,DNGO-Joint,51,237,0,292,0.1,48.092367472818914,0.5617320057848261,6,13,251,11.899999999999823
Branin-Fav,DNGO-Joint,51,238,0,778,0.1,48.87939948919159,0.5617320057848261,7,13,252,11.799999999999821
Branin-Fav,DNGO-Joint,51,239,0,522,0.1,48.60636890641421,0.5617320057848261,8,13,253,11.69999999999982
Branin-Fav,DNGO-Joint,51,240,0,273,0.1,47.348601342800144,0.5617320057848261,9,13,254,11.599999999999818
Branin-Fav,DNGO-Joint,51,241,0,872,0.1,48.64861970831527,0.5617320057848261,10,13,255,11.499999999999817
Branin-Fav,DNGO-Joint,51,242,0,749,0.1,48.4584403010779,0.5617320057848261,11,13,256,11.399999999999816
Branin-Fav,DNGO-Joint,51,243,0,91,0.1,47.88672003544544,0.5617320057848261,12,13,257,11.299999999999814
Branin-Fav,DNGO-Joint,51,244,0,876,0.1,46.335004041222874,0.5617320057848261,13,13,258,11.199999999999813
Branin-Fav,DNGO-Joint,51,245,0,924,0.1,46.395769546022905,0.5617320057848261,14,13,259,11.099999999999811
Branin-Fav,DNGO-Joint,51,246,0,141,0.1,45.49166848631509,0.5617320057848261,15,13,260,10.99999999999981
Branin-Fav,DNGO-Joint,51,247,0,630,0.1,45.842816730608575,0.5617320057848261,16,13,261,10.899999999999809
Branin-Fav,DNGO-Joint,51,248,0,472,0.1,46.15633291495565,0.5617320057848261,17,13,262,10.799999999999807
Branin-Fav,DNGO-Joint,51,249,0,223,0.1,46.092882749356576,0.5617320057848261,18,13,263,10.699999999999806
Branin-Fav,DNGO-Joint,51,250,0,82,0.1,51.05629623188273,0.5617320057848261,19,13,264,10.599999999999804
Branin-Fav,DNGO-Joint,51,251,0,422,0.1,45.531098979899035,0.5617320057848261,20,13,265,10.499999999999803
Branin-Fav,DNGO-Joint,51,252,1,299,1.0,12.19712094302542,0.5617320057848261,0,14,265,9.499999999999801
Branin-Fav,DNGO-Joint,51,253,0,923,0.1,41.930687021399144,0.5253501835884599,1,14,266,9.399999999999801
Branin-Fav,DNGO-Joint,51,254,0,771,0.1,41.51423218277397,0.5253501835884599,2,14,267,9.2999999999998
Branin-Fav,DNGO-Joint,51,255,0,729,0.1,41.72053574693696,0.5253501835884599,3,14,268,9.199999999999799
Branin-Fav,DNGO-Joint,51,256,0,342,0.1,41.171375390331214,0.5253501835884599,4,14,269,9.099999999999797
Branin-Fav,DNGO-Joint,51,257,0,232,0.1,41.456317294233536,0.5253501835884599,5,14,270,8.999999999999796
Branin-Fav,DNGO-Joint,51,258,0,494,0.1,41.21295559661288,0.5253501835884599,6,14,271,8.899999999999794
Branin-Fav,DNGO-Joint,51,259,0,545,0.1,40.083741646266496,0.5253501835884599,7,14,272,8.799999999999793
Branin-Fav,DNGO-Joint,51,260,0,191,0.1,40.50227624442841,0.5253501835884599,8,14,273,8.699999999999791
Branin-Fav,DNGO-Joint,51,261,0,596,0.1,40.56102481912061,0.5253501835884599,9,14,274,8.59999999999979
Branin-Fav,DNGO-Joint,51,262,0,173,0.1,40.019578150782436,0.5253501835884599,10,14,275,8.499999999999789
Branin-Fav,DNGO-Joint,51,263,0,721,0.1,39.04689462149522,0.5253501835884599,11,14,276,8.399999999999787
Branin-Fav,DNGO-Joint,51,264,0,647,0.1,39.142316337591936,0.5253501835884599,12,14,277,8.299999999999786
Branin-Fav,DNGO-Joint,51,265,0,698,0.1,38.758267462984165,0.5253501835884599,13,14,278,8.199999999999784
Branin-Fav,DNGO-Joint,51,266,0,821,0.1,39.0911798590108,0.5253501835884599,14,14,279,8.099999999999783
Branin-Fav,DNGO-Joint,51,267,0,443,0.1,39.87831150993502,0.5253501835884599,15,14,280,7.9999999999997815
Branin-Fav,DNGO-Joint,51,268,0,123,0.1,38.84806686514553,0.5253501835884599,16,14,281,7.89999999999978
Branin-Fav,DNGO-Joint,51,269,0,40,0.1,39.65427482702546,0.5253501835884599,17,14,282,7.799999999999779
Branin-Fav,DNGO-Joint,51,270,0,282,0.1,40.247999546754414,0.5253501835884599,18,14,283,7.699999999999777
Branin-Fav,DNGO-Joint,51,271,0,241,0.1,38.99107427686613,0.5253501835884599,19,14,284,7.599999999999776
Branin-Fav,DNGO-Joint,51,272,0,925,0.1,37.53756858907341,0.5253501835884599,20,14,285,7.499999999999774
Branin-Fav,DNGO-Joint,51,273,1,149,1.0,11.28107306001404,0.5253501835884599,0,15,285,6.499999999999773
Branin-Fav,DNGO-Joint,51,274,0,922,0.1,39.52007551854546,0.5553603098444762,1,15,286,6.399999999999773
Branin-Fav,DNGO-Joint,51,275,0,182,0.1,40.427946617389104,0.5553603098444762,2,15,287,6.299999999999772
Branin-Fav,DNGO-Joint,51,276,0,671,0.1,41.632888273754006,0.5553603098444762,3,15,288,6.19999999999977
Branin-Fav,DNGO-Joint,51,277,0,372,0.1,38.84039320200852,0.5553603098444762,4,15,289,6.099999999999769
Branin-Fav,DNGO-Joint,51,278,0,90,0.1,39.138728237831394,0.5553603098444762,5,15,290,5.999999999999767
Branin-Fav,DNGO-Joint,51,279,0,392,0.1,39.12169425953144,0.5553603098444762,6,15,291,5.899999999999766
Branin-Fav,DNGO-Joint,51,280,0,877,0.1,38.34099614200614,0.5553603098444762,7,15,292,5.7999999999997645
Branin-Fav,DNGO-Joint,51,281,0,132,0.1,40.10130495550154,0.5553603098444762,8,15,293,5.699999999999763
Branin-Fav,DNGO-Joint,51,282,0,291,0.1,37.80324844490052,0.5553603098444762,9,15,294,5.599999999999762
Branin-Fav,DNGO-Joint,51,283,0,23,0.1,38.630088791480674,0.5553603098444762,10,15,295,5.49999999999976
Branin-Fav,DNGO-Joint,51,284,0,544,0.1,39.07931987755755,0.5553603098444762,11,15,296,5.399999999999759
Branin-Fav,DNGO-Joint,51,285,0,799,0.1,38.03752229823732,0.5553603098444762,12,15,297,5.299999999999757
Branin-Fav,DNGO-Joint,51,286,0,621,0.1,38.21792531189428,0.5553603098444762,13,15,298,5.199999999999756
Branin-Fav,DNGO-Joint,51,287,0,871,0.1,37.78624288490752,0.5553603098444762,14,15,299,5.0999999999997545
Branin-Fav,DNGO-Joint,51,288,0,73,0.1,38.38667153925458,0.5553603098444762,15,15,300,4.999999999999753
Branin-Fav,DNGO-Joint,51,289,0,332,0.1,37.1168848492086,0.5553603098444762,16,15,301,4.899999999999752
Branin-Fav,DNGO-Joint,51,290,0,2350,0.1,38.28266874687467,0.5553603098444762,17,15,302,4.79999999999975
Branin-Fav,DNGO-Joint,51,291,0,828,0.1,37.36138367896716,0.5553603098444762,18,15,303,4.699999999999749
Branin-Fav,DNGO-Joint,51,292,0,595,0.1,37.13025339210969,0.5553603098444762,19,15,304,4.599999999999747
Branin-Fav,DNGO-Joint,51,293,0,973,0.1,36.29076626205266,0.5553603098444762,20,15,305,4.499999999999746
Branin-Fav,DNGO-Joint,51,294,1,499,1.0,10.964062405850571,0.5553603098444762,0,16,305,3.499999999999744
Branin-Fav,DNGO-Joint,51,295,0,926,0.1,37.98933490794037,0.5877414414879403,1,16,306,3.399999999999744
Branin-Fav,DNGO-Joint,51,296,0,921,0.1,39.239652440012115,0.5877414414879403,2,16,307,3.2999999999997427
Branin-Fav,DNGO-Joint,51,297,0,33,0.1,39.543050774608645,0.5877414414879403,3,16,308,3.1999999999997413
Branin-Fav,DNGO-Joint,51,298,0,680,0.1,37.93041679417372,0.5877414414879403,4,16,309,3.09999999999974
Branin-Fav,DNGO-Joint,51,299,0,571,0.1,38.08252938050382,0.5877414414879403,5,16,310,2.9999999999997384
Branin-Fav,DNGO-Joint,51,300,0,382,0.1,37.97150812371487,0.5877414414879403,6,16,311,2.899999999999737
Branin-Fav,DNGO-Joint,51,301,0,779,0.1,37.37018833217797,0.5877414414879403,7,16,312,2.7999999999997356
Branin-Fav,DNGO-Joint,51,302,0,646,0.1,36.079519632552405,0.5877414414879403,8,16,313,2.699999999999734
Branin-Fav,DNGO-Joint,51,303,0,432,0.1,38.21318242002174,0.5877414414879403,9,16,314,2.5999999999997327
Branin-Fav,DNGO-Joint,51,304,0,974,0.1,37.12756934956145,0.5877414414879403,10,16,315,2.4999999999997313
Branin-Fav,DNGO-Joint,51,305,0,140,0.1,36.400960024540794,0.5877414414879403,11,16,316,2.39999999999973
Branin-Fav,DNGO-Joint,51,306,0,521,0.1,36.621703285469934,0.5877414414879403,12,16,317,2.2999999999997285
Branin-Fav,DNGO-Joint,51,307,0,341,0.1,36.4938454250364,0.5877414414879403,13,16,318,2.199999999999727
Branin-Fav,DNGO-Joint,51,308,0,322,0.1,35.95778468454266,0.5877414414879403,14,16,319,2.0999999999997256
Branin-Fav,DNGO-Joint,51,309,0,972,0.1,36.483422983933735,0.5877414414879403,15,16,320,1.9999999999997242
Branin-Fav,DNGO-Joint,51,310,0,482,0.1,35.833554999803454,0.5877414414879403,16,16,321,1.8999999999997228
Branin-Fav,DNGO-Joint,51,311,0,190,0.1,35.02274808696736,0.5877414414879403,17,16,322,1.7999999999997214
Branin-Fav,DNGO-Joint,51,312,0,697,0.1,36.19124992413422,0.5877414414879403,18,16,323,1.69999999999972
Branin-Fav,DNGO-Joint,51,313,0,240,0.1,34.64427247586287,0.5877414414879403,19,16,324,1.5999999999997185
Branin-Fav,DNGO-Joint,51,314,0,493,0.1,35.698292632810364,0.5877414414879403,20,16,325,1.4999999999997171
Branin-Fav,DNGO-Joint,51,315,1,649,1.0,9.210083599976459,0.5877414414879403,0,17,325,0.4999999999997158
Branin-Fav,DNGO-Joint,51,316,0,748,0.1,33.43855514470976,0.5756008627448557,1,17,326,0.3999999999997158
Branin-Fav,DNGO-Joint,51,317,0,442,0.1,33.48861807288523,0.5756008627448557,2,17,327,0.2999999999997144
Branin-Fav,DNGO-Joint,51,318,0,975,0.1,33.208723453323486,0.5756008627448557,3,17,328,0.19999999999971294
Branin-Fav,DNGO-Joint,51,319,0,594,0.1,33.078273187664024,0.5756008627448557,4,17,329,0.09999999999971151
Branin-Fav,DNGO-Joint,52,1,0,31,0.1,147.30171121074514,0.5,1,2,26,45.4
Branin-Fav,DNGO-Joint,52,2,0,49,0.1,128.18579755259364,0.5,2,2,27,45.3
Branin-Fav,DNGO-Joint,52,3,0,28,0.1,122.54919153129842,0.5,3,2,28,45.199999999999996
Branin-Fav,DNGO-Joint,52,4,0,99,0.1,127.08735731883218,0.5,4,2,29,45.1
Branin-Fav,DNGO-Joint,52,5,0,48,0.1,126.54497419016424,0.5,5,2,30,45.0
Branin-Fav,DNGO-Joint,52,6,0,249,0.1,125.23616826560212,0.5,6,2,31,44.9
Branin-Fav,DNGO-Joint,52,7,0,199,0.1,125.30106812776751,0.5,7,2,32,44.800000000000004
Branin-Fav,DNGO-Joint,52,8,0,149,0.1,122.23494656143049,0.5,8,2,33,44.7
Branin-Fav,DNGO-Joint,52,9,0,299,0.1,117.86704436675494,0.5,9,2,34,44.6
Branin-Fav,DNGO-Joint,52,10,0,499,0.1,123.36454992388364,0.5,10,2,35,44.5
Branin-Fav,DNGO-Joint,52,11,0,349,0.1,114.82273000114888,0.5,11,2,36,44.4
Branin-Fav,DNGO-Joint,52,12,0,33,0.1,116.99063301998281,0.5,12,2,37,44.300000000000004
Branin-Fav,DNGO-Joint,52,13,0,98,0.1,111.72915572002051,0.5,13,2,38,44.2
Branin-Fav,DNGO-Joint,52,14,0,399,0.1,111.08301126162758,0.5,14,2,39,44.1
Branin-Fav,DNGO-Joint,52,15,0,148,0.1,110.0045529412012,0.5,15,2,40,44.00000000000001
Branin-Fav,DNGO-Joint,52,16,0,198,0.1,107.07039965933903,0.5,16,2,41,43.900000000000006
Branin-Fav,DNGO-Joint,52,17,0,376,0.1,108.76230774751508,0.5,17,2,42,43.800000000000004
Branin-Fav,DNGO-Joint,52,18,0,525,0.1,108.93578815804072,0.5,18,2,43,43.7
Branin-Fav,DNGO-Joint,52,19,0,426,0.1,105.00610567388878,0.5,19,2,44,43.6
Branin-Fav,DNGO-Joint,52,20,0,476,0.1,107.07748319058362,0.5,20,2,45,43.50000000000001
Branin-Fav,DNGO-Joint,52,21,1,49,1.0,82.58123121586551,0.5,0,3,45,42.50000000000001
Branin-Fav,DNGO-Joint,52,22,0,449,0.1,104.06119451587261,0.5,1,3,46,42.400000000000006
Branin-Fav,DNGO-Joint,52,23,0,47,0.1,102.1649681897154,0.5,2,3,47,42.300000000000004
Branin-Fav,DNGO-Joint,52,24,0,526,0.1,104.28493949226393,0.5,3,3,48,42.20000000000001
Branin-Fav,DNGO-Joint,52,25,0,475,0.1,104.07515093782027,0.5,4,3,49,42.10000000000001
Branin-Fav,DNGO-Joint,52,26,0,425,0.1,101.19146493523687,0.5,5,3,50,42.00000000000001
Branin-Fav,DNGO-Joint,52,27,0,575,0.1,101.32344539692369,0.5,6,3,51,41.900000000000006
Branin-Fav,DNGO-Joint,52,28,0,576,0.1,103.63289732398778,0.5,7,3,52,41.800000000000004
Branin-Fav,DNGO-Joint,52,29,0,625,0.1,100.09364113256399,0.5,8,3,53,41.70000000000001
Branin-Fav,DNGO-Joint,52,30,0,723,0.1,100.03472268392558,0.5,9,3,54,41.60000000000001
Branin-Fav,DNGO-Joint,52,31,0,624,0.1,98.1543970354701,0.5,10,3,55,41.50000000000001
Branin-Fav,DNGO-Joint,52,32,0,377,0.1,97.78401250923177,0.5,11,3,56,41.40000000000001
Branin-Fav,DNGO-Joint,52,33,0,97,0.1,95.22538261406436,0.5,12,3,57,41.30000000000001
Branin-Fav,DNGO-Joint,52,34,0,427,0.1,96.24484756486542,0.5,13,3,58,41.20000000000001
Branin-Fav,DNGO-Joint,52,35,0,326,0.1,95.38275892591693,0.5,14,3,59,41.10000000000001
Branin-Fav,DNGO-Joint,52,36,0,574,0.1,94.20648514172943,0.5,15,3,60,41.00000000000001
Branin-Fav,DNGO-Joint,52,37,0,477,0.1,94.6242350050601,0.5,16,3,61,40.90000000000001
Branin-Fav,DNGO-Joint,52,38,0,527,0.1,95.43372615862644,0.5,17,3,62,40.80000000000001
Branin-Fav,DNGO-Joint,52,39,0,327,0.1,93.35120305919581,0.5,18,3,63,40.70000000000001
Branin-Fav,DNGO-Joint,52,40,0,277,0.1,93.22440119765902,0.5,19,3,64,40.600000000000016
Branin-Fav,DNGO-Joint,52,41,0,674,0.1,92.7930957299267,0.5,20,3,65,40.500000000000014
Branin-Fav,DNGO-Joint,52,42,1,2450,1.0,50.79341434073089,0.5,0,4,65,39.500000000000014
Branin-Fav,DNGO-Joint,52,43,0,549,0.1,90.67066673679676,0.5,1,4,66,39.40000000000001
Branin-Fav,DNGO-Joint,52,44,0,227,0.1,89.72164654497074,0.5,2,4,67,39.30000000000001
Branin-Fav,DNGO-Joint,52,45,0,328,0.1,88.90122326492953,0.5,3,4,68,39.20000000000001
Branin-Fav,DNGO-Joint,52,46,0,378,0.1,88.86175864718861,0.5,4,4,69,39.100000000000016
Branin-Fav,DNGO-Joint,52,47,0,524,0.1,88.08737639551595,0.5,5,4,70,39.000000000000014
Branin-Fav,DNGO-Joint,52,48,0,276,0.1,88.53012403158509,0.5,6,4,71,38.90000000000001
Branin-Fav,DNGO-Joint,52,49,0,27,0.1,91.63179426793629,0.5,7,4,72,38.80000000000002
Branin-Fav,DNGO-Joint,52,50,0,278,0.1,86.21371269282024,0.5,8,4,73,38.70000000000002
Branin-Fav,DNGO-Joint,52,51,0,228,0.1,87.29127502310223,0.5,9,4,74,38.600000000000016
Branin-Fav,DNGO-Joint,52,52,0,279,0.1,85.40645540272116,0.5,10,4,75,38.500000000000014
Branin-Fav,DNGO-Joint,52,53,0,478,0.1,85.42913485271474,0.5,11,4,76,38.40000000000001
Branin-Fav,DNGO-Joint,52,54,0,178,0.1,84.45631417022707,0.5,12,4,77,38.30000000000002
Branin-Fav,DNGO-Joint,52,55,0,177,0.1,85.2053519333575,0.5,13,4,78,38.20000000000002
Branin-Fav,DNGO-Joint,52,56,0,375,0.1,84.9117571558591,0.5,14,4,79,38.100000000000016
Branin-Fav,DNGO-Joint,52,57,0,325,0.1,83.38541723509255,0.5,15,4,80,38.00000000000002
Branin-Fav,DNGO-Joint,52,58,0,229,0.1,83.0211134320647,0.5,16,4,81,37.90000000000002
Branin-Fav,DNGO-Joint,52,59,0,77,0.1,84.68047861502171,0.5,17,4,82,37.80000000000002
Branin-Fav,DNGO-Joint,52,60,0,29,0.1,81.46457047537996,0.5,18,4,83,37.70000000000002
Branin-Fav,DNGO-Joint,52,61,0,226,0.1,81.82951309909875,0.5,19,4,84,37.600000000000016
Branin-Fav,DNGO-Joint,52,62,0,626,0.1,82.10417479194241,0.5,20,4,85,37.50000000000002
Branin-Fav,DNGO-Joint,52,63,1,573,1.0,44.48553769329561,0.5,0,5,85,36.50000000000002
Branin-Fav,DNGO-Joint,52,64,0,474,0.1,80.90175483230685,0.5,1,5,86,36.40000000000002
Branin-Fav,DNGO-Joint,52,65,0,577,0.1,80.87948682438454,0.5,2,5,87,36.30000000000002
Branin-Fav,DNGO-Joint,52,66,0,329,0.1,80.20883097046439,0.5,3,5,88,36.200000000000024
Branin-Fav,DNGO-Joint,52,67,0,127,0.1,79.09363495675746,0.5,4,5,89,36.10000000000002
Branin-Fav,DNGO-Joint,52,68,0,128,0.1,78.67595983595692,0.5,5,5,90,36.00000000000002
Branin-Fav,DNGO-Joint,52,69,0,675,0.1,77.80419435143006,0.5,6,5,91,35.90000000000002
Branin-Fav,DNGO-Joint,52,70,0,78,0.1,77.44058627320001,0.5,7,5,92,35.80000000000002
Branin-Fav,DNGO-Joint,52,71,0,176,0.1,77.64326033068355,0.5,8,5,93,35.700000000000024
Branin-Fav,DNGO-Joint,52,72,0,179,0.1,77.10424691063783,0.5,9,5,94,35.60000000000002
Branin-Fav,DNGO-Joint,52,73,0,126,0.1,77.63934315016517,0.5,10,5,95,35.50000000000002
Branin-Fav,DNGO-Joint,52,74,0,424,0.1,75.87903132136134,0.5,11,5,96,35.40000000000003
Branin-Fav,DNGO-Joint,52,75,0,275,0.1,75.89713715560299,0.5,12,5,97,35.300000000000026
Branin-Fav,DNGO-Joint,52,76,0,623,0.1,75.68976357150184,0.5,13,5,98,35.200000000000024
Branin-Fav,DNGO-Joint,52,77,0,528,0.1,74.60087873726663,0.5,14,5,99,35.10000000000002
Branin-Fav,DNGO-Joint,52,78,0,248,0.1,75.00861121976507,0.5,15,5,100,35.00000000000002
Branin-Fav,DNGO-Joint,52,79,0,225,0.1,73.50819056694758,0.5,16,5,101,34.90000000000003
Branin-Fav,DNGO-Joint,52,80,0,298,0.1,73.44286268789091,0.5,17,5,102,34.800000000000026
Branin-Fav,DNGO-Joint,52,81,0,76,0.1,73.31330955155036,0.5,18,5,103,34.700000000000024
Branin-Fav,DNGO-Joint,52,82,0,129,0.1,72.76674754249761,0.5,19,5,104,34.60000000000003
Branin-Fav,DNGO-Joint,52,83,0,79,0.1,72.82390508245628,0.5,20,5,105,34.50000000000003
Branin-Fav,DNGO-Joint,52,84,1,28,1.0,22.017776656412916,0.5,0,6,105,33.50000000000003
Branin-Fav,DNGO-Joint,52,85,0,673,0.1,71.68513621755079,0.5,1,6,106,33.40000000000003
Branin-Fav,DNGO-Joint,52,86,0,379,0.1,71.84987863702754,0.5,2,6,107,33.300000000000026
Branin-Fav,DNGO-Joint,52,87,0,180,0.1,71.0598904830655,0.5,3,6,108,33.200000000000024
Branin-Fav,DNGO-Joint,52,88,0,324,0.1,70.68004111807537,0.5,4,6,109,33.10000000000002
Branin-Fav,DNGO-Joint,52,89,0,175,0.1,69.23316357660842,0.5,5,6,110,33.00000000000002
Branin-Fav,DNGO-Joint,52,90,0,46,0.1,68.98169810011815,0.5,6,6,111,32.90000000000002
Branin-Fav,DNGO-Joint,52,91,0,147,0.1,69.46729360104143,0.5,7,6,112,32.80000000000002
Branin-Fav,DNGO-Joint,52,92,0,280,0.1,69.79103691729065,0.5,8,6,113,32.70000000000002
Branin-Fav,DNGO-Joint,52,93,0,348,0.1,69.1066164110378,0.5,9,6,114,32.600000000000016
Branin-Fav,DNGO-Joint,52,94,0,230,0.1,69.44454958084752,0.5,10,6,115,32.500000000000014
Branin-Fav,DNGO-Joint,52,95,0,274,0.1,68.00555444134503,0.5,11,6,116,32.40000000000001
Branin-Fav,DNGO-Joint,52,96,0,130,0.1,67.3926710992335,0.5,12,6,117,32.30000000000001
Branin-Fav,DNGO-Joint,52,97,0,627,0.1,66.63238110497332,0.5,13,6,118,32.20000000000001
Branin-Fav,DNGO-Joint,52,98,0,676,0.1,67.45088311013404,0.5,14,6,119,32.10000000000001
Branin-Fav,DNGO-Joint,52,99,0,30,0.1,66.60756263638355,0.5,15,6,120,32.00000000000001
Branin-Fav,DNGO-Joint,52,100,0,523,0.1,66.34346000981331,0.5,16,6,121,31.900000000000006
Branin-Fav,DNGO-Joint,52,101,0,429,0.1,65.38521884901171,0.5,17,6,122,31.800000000000004
Branin-Fav,DNGO-Joint,52,102,0,578,0.1,65.41949504356128,0.5,18,6,123,31.700000000000003
Branin-Fav,DNGO-Joint,52,103,0,26,0.1,66.77881008724387,0.5,19,6,124,31.6
Branin-Fav,DNGO-Joint,52,104,0,125,0.1,64.39083552535483,0.5,20,6,125,31.5
Branin-Fav,DNGO-Joint,52,105,1,425,1.0,17.18485312500316,0.5,0,7,125,30.5
Branin-Fav,DNGO-Joint,52,106,0,197,0.1,53.43827721096611,0.4099476127427559,1,7,126,30.4
Branin-Fav,DNGO-Joint,52,107,0,724,0.1,52.772357911287465,0.4099476127427559,2,7,127,30.299999999999997
Branin-Fav,DNGO-Joint,52,108,0,247,0.1,51.82102275766365,0.4099476127427559,3,7,128,30.199999999999996
Branin-Fav,DNGO-Joint,52,109,0,96,0.1,51.30802048036949,0.4099476127427559,4,7,129,30.099999999999994
Branin-Fav,DNGO-Joint,52,110,0,725,0.1,53.30930347415867,0.4099476127427559,5,7,130,29.999999999999993
Branin-Fav,DNGO-Joint,52,111,0,80,0.1,51.97815003139249,0.4099476127427559,6,7,131,29.89999999999999
Branin-Fav,DNGO-Joint,52,112,0,45,0.1,52.40128397895345,0.4099476127427559,7,7,132,29.79999999999999
Branin-Fav,DNGO-Joint,52,113,0,473,0.1,50.87573426674222,0.4099476127427559,8,7,133,29.69999999999999
Branin-Fav,DNGO-Joint,52,114,0,398,0.1,49.999879172198014,0.4099476127427559,9,7,134,29.599999999999987
Branin-Fav,DNGO-Joint,52,115,0,423,0.1,49.1935977532969,0.4099476127427559,10,7,135,29.499999999999986
Branin-Fav,DNGO-Joint,52,116,0,146,0.1,50.816241049166834,0.4099476127427559,11,7,136,29.399999999999984
Branin-Fav,DNGO-Joint,52,117,0,448,0.1,49.896636376901355,0.4099476127427559,12,7,137,29.299999999999983
Branin-Fav,DNGO-Joint,52,118,0,95,0.1,50.01168837242383,0.4099476127427559,13,7,138,29.19999999999998
Branin-Fav,DNGO-Joint,52,119,0,297,0.1,49.509664223118506,0.4099476127427559,14,7,139,29.09999999999998
Branin-Fav,DNGO-Joint,52,120,0,330,0.1,48.85688850690845,0.4099476127427559,15,7,140,28.99999999999998
Branin-Fav,DNGO-Joint,52,121,0,479,0.1,49.545603446633315,0.4099476127427559,16,7,141,28.899999999999977
Branin-Fav,DNGO-Joint,52,122,0,380,0.1,47.71635189133216,0.4099476127427559,17,7,142,28.799999999999976
Branin-Fav,DNGO-Joint,52,123,0,81,0.1,47.788325025995995,0.4099476127427559,18,7,143,28.699999999999974
Branin-Fav,DNGO-Joint,52,124,0,347,0.1,47.13690561375499,0.4099476127427559,19,7,144,28.599999999999973
Branin-Fav,DNGO-Joint,52,125,0,196,0.1,48.14558947826894,0.4099476127427559,20,7,145,28.49999999999997
Branin-Fav,DNGO-Joint,52,126,1,27,1.0,14.20478665367713,0.4099476127427559,0,8,145,27.49999999999997
Branin-Fav,DNGO-Joint,52,127,0,246,0.1,33.366440762366985,0.29228345022467883,1,8,146,27.39999999999997
Branin-Fav,DNGO-Joint,52,128,0,397,0.1,33.96132272107993,0.29228345022467883,2,8,147,27.29999999999997
Branin-Fav,DNGO-Joint,52,129,0,529,0.1,33.50913491308161,0.29228345022467883,3,8,148,27.199999999999967
Branin-Fav,DNGO-Joint,52,130,0,75,0.1,32.71948656156202,0.29228345022467883,4,8,149,27.099999999999966
Branin-Fav,DNGO-Joint,52,131,0,599,0.1,35.494848216463794,0.29228345022467883,5,8,150,26.999999999999964
Branin-Fav,DNGO-Joint,52,132,0,44,0.1,33.32496992791517,0.29228345022467883,6,8,151,26.899999999999963
Branin-Fav,DNGO-Joint,52,133,0,145,0.1,32.90118351776258,0.29228345022467883,7,8,152,26.79999999999996
Branin-Fav,DNGO-Joint,52,134,0,43,0.1,33.015507640477246,0.29228345022467883,8,8,153,26.69999999999996
Branin-Fav,DNGO-Joint,52,135,0,677,0.1,33.086359739800756,0.29228345022467883,9,8,154,26.59999999999996
Branin-Fav,DNGO-Joint,52,136,0,774,0.1,33.710026642049776,0.29228345022467883,10,8,155,26.499999999999957
Branin-Fav,DNGO-Joint,52,137,0,224,0.1,33.00886776544607,0.29228345022467883,11,8,156,26.399999999999956
Branin-Fav,DNGO-Joint,52,138,0,726,0.1,33.834571910283564,0.29228345022467883,12,8,157,26.299999999999955
Branin-Fav,DNGO-Joint,52,139,0,628,0.1,31.63440706829966,0.29228345022467883,13,8,158,26.199999999999953
Branin-Fav,DNGO-Joint,52,140,0,94,0.1,31.997055172660378,0.29228345022467883,14,8,159,26.09999999999995
Branin-Fav,DNGO-Joint,52,141,0,195,0.1,31.770502317647626,0.29228345022467883,15,8,160,25.99999999999995
Branin-Fav,DNGO-Joint,52,142,0,430,0.1,30.70489921321379,0.29228345022467883,16,8,161,25.89999999999995
Branin-Fav,DNGO-Joint,52,143,0,296,0.1,31.37158619143701,0.29228345022467883,17,8,162,25.799999999999947
Branin-Fav,DNGO-Joint,52,144,0,498,0.1,31.605590318470245,0.29228345022467883,18,8,163,25.699999999999946
Branin-Fav,DNGO-Joint,52,145,0,773,0.1,30.546393765782607,0.29228345022467883,19,8,164,25.599999999999945
Branin-Fav,DNGO-Joint,52,146,0,373,0.1,30.68976597073931,0.29228345022467883,20,8,165,25.499999999999943
Branin-Fav,DNGO-Joint,52,147,1,99,1.0,13.373032107508386,0.29228345022467883,0,9,165,24.499999999999943
Branin-Fav,DNGO-Joint,52,148,1,476,1.0,13.23059348020551,0.12155729756413022,0,10,165,23.499999999999943
Branin-Fav,DNGO-Joint,52,149,0,144,0.1,47.183765431689345,0.4544906878400359,1,10,166,23.39999999999994
Branin-Fav,DNGO-Joint,52,150,0,181,0.1,48.3607580231239,0.4544906878400359,2,10,167,23.29999999999994
Branin-Fav,DNGO-Joint,52,151,0,622,0.1,45.87304392448021,0.4544906878400359,3,10,168,23.19999999999994
Branin-Fav,DNGO-Joint,52,152,0,42,0.1,46.235122072481616,0.4544906878400359,4,10,169,23.099999999999937
Branin-Fav,DNGO-Joint,52,153,0,245,0.1,46.452049990225426,0.4544906878400359,5,10,170,22.999999999999936
Branin-Fav,DNGO-Joint,52,154,0,93,0.1,45.08889775109905,0.4544906878400359,6,10,171,22.899999999999935
Branin-Fav,DNGO-Joint,52,155,0,25,0.1,46.94455726332201,0.4544906878400359,7,10,172,22.799999999999933
Branin-Fav,DNGO-Joint,52,156,0,131,0.1,46.70087925690206,0.4544906878400359,8,10,173,22.699999999999932
Branin-Fav,DNGO-Joint,52,157,0,672,0.1,45.74562326764064,0.4544906878400359,9,10,174,22.59999999999993
Branin-Fav,DNGO-Joint,52,158,0,346,0.1,45.09007892515063,0.4544906878400359,10,10,175,22.49999999999993
Branin-Fav,DNGO-Joint,52,159,0,194,0.1,44.4018640081574,0.4544906878400359,11,10,176,22.399999999999928
Branin-Fav,DNGO-Joint,52,160,0,722,0.1,44.48834113015186,0.4544906878400359,12,10,177,22.299999999999926
Branin-Fav,DNGO-Joint,52,161,0,143,0.1,44.69583965430766,0.4544906878400359,13,10,178,22.199999999999925
Branin-Fav,DNGO-Joint,52,162,0,41,0.1,44.39799516383484,0.4544906878400359,14,10,179,22.099999999999923
Branin-Fav,DNGO-Joint,52,163,0,649,0.1,44.515876205064,0.4544906878400359,15,10,180,21.999999999999922
Branin-Fav,DNGO-Joint,52,164,0,572,0.1,44.25568682990415,0.4544906878400359,16,10,181,21.89999999999992
Branin-Fav,DNGO-Joint,52,165,0,231,0.1,43.365716288666434,0.4544906878400359,17,10,182,21.79999999999992
Branin-Fav,DNGO-Joint,52,166,0,174,0.1,43.59069369451906,0.4544906878400359,18,10,183,21.699999999999918
Branin-Fav,DNGO-Joint,52,167,0,579,0.1,43.857756898244105,0.4544906878400359,19,10,184,21.599999999999916
Branin-Fav,DNGO-Joint,52,168,0,775,0.1,44.64679125035064,0.4544906878400359,20,10,185,21.499999999999915
Branin-Fav,DNGO-Joint,52,169,1,77,1.0,13.145157274710025,0.4544906878400359,0,11,185,20.499999999999915
Branin-Fav,DNGO-Joint,52,170,0,447,0.1,39.228822674032365,0.42175860794212133,1,11,186,20.399999999999913
Branin-Fav,DNGO-Joint,52,171,0,727,0.1,38.7388857821038,0.42175860794212133,2,11,187,20.299999999999912
Branin-Fav,DNGO-Joint,52,172,0,323,0.1,39.534758902982986,0.42175860794212133,3,11,188,20.19999999999991
Branin-Fav,DNGO-Joint,52,173,0,548,0.1,38.68905227679309,0.42175860794212133,4,11,189,20.09999999999991
Branin-Fav,DNGO-Joint,52,174,0,678,0.1,39.690761341779684,0.42175860794212133,5,11,190,19.999999999999908
Branin-Fav,DNGO-Joint,52,175,0,281,0.1,38.781798555671266,0.42175860794212133,6,11,191,19.899999999999906
Branin-Fav,DNGO-Joint,52,176,0,295,0.1,39.47293510482387,0.42175860794212133,7,11,192,19.799999999999905
Branin-Fav,DNGO-Joint,52,177,0,480,0.1,38.04661077616847,0.42175860794212133,8,11,193,19.699999999999903
Branin-Fav,DNGO-Joint,52,178,0,396,0.1,37.76054653865132,0.42175860794212133,9,11,194,19.599999999999902
Branin-Fav,DNGO-Joint,52,179,0,497,0.1,38.14203622179202,0.42175860794212133,10,11,195,19.4999999999999
Branin-Fav,DNGO-Joint,52,180,0,244,0.1,37.344113495981546,0.42175860794212133,11,11,196,19.3999999999999
Branin-Fav,DNGO-Joint,52,181,0,522,0.1,39.255334850210694,0.42175860794212133,12,11,197,19.299999999999898
Branin-Fav,DNGO-Joint,52,182,0,472,0.1,37.19488541546371,0.42175860794212133,13,11,198,19.199999999999896
Branin-Fav,DNGO-Joint,52,183,0,345,0.1,37.29962719649862,0.42175860794212133,14,11,199,19.099999999999895
Branin-Fav,DNGO-Joint,52,184,0,598,0.1,36.71826163037853,0.42175860794212133,15,11,200,18.999999999999893
Branin-Fav,DNGO-Joint,52,185,0,776,0.1,36.47292220742074,0.42175860794212133,16,11,201,18.899999999999892
Branin-Fav,DNGO-Joint,52,186,0,92,0.1,37.722134216194604,0.42175860794212133,17,11,202,18.79999999999989
Branin-Fav,DNGO-Joint,52,187,0,331,0.1,38.59876235317401,0.42175860794212133,18,11,203,18.69999999999989
Branin-Fav,DNGO-Joint,52,188,0,273,0.1,35.61675535143595,0.42175860794212133,19,11,204,18.599999999999888
Branin-Fav,DNGO-Joint,52,189,0,824,0.1,36.66107968822852,0.42175860794212133,20,11,205,18.499999999999886
Branin-Fav,DNGO-Joint,52,190,1,26,1.0,11.31673925568859,0.42175860794212133,0,12,205,17.499999999999886
Branin-Fav,DNGO-Joint,52,191,0,699,0.1,33.67447628631417,0.398199979646557,1,12,206,17.399999999999885
Branin-Fav,DNGO-Joint,52,192,0,193,0.1,33.600702103744524,0.398199979646557,2,12,207,17.299999999999883
Branin-Fav,DNGO-Joint,52,193,0,294,0.1,34.43069786002721,0.398199979646557,3,12,208,17.199999999999882
Branin-Fav,DNGO-Joint,52,194,0,381,0.1,32.93464362126148,0.398199979646557,4,12,209,17.09999999999988
Branin-Fav,DNGO-Joint,52,195,0,446,0.1,33.42586882290201,0.398199979646557,5,12,210,16.99999999999988
Branin-Fav,DNGO-Joint,52,196,0,629,0.1,33.952470687854884,0.398199979646557,6,12,211,16.899999999999878
Branin-Fav,DNGO-Joint,52,197,0,243,0.1,32.21770228633746,0.398199979646557,7,12,212,16.799999999999876
Branin-Fav,DNGO-Joint,52,198,0,142,0.1,33.092285103850124,0.398199979646557,8,12,213,16.699999999999875
Branin-Fav,DNGO-Joint,52,199,0,823,0.1,32.98778738672131,0.398199979646557,9,12,214,16.599999999999874
Branin-Fav,DNGO-Joint,52,200,0,530,0.1,33.27579480857094,0.398199979646557,10,12,215,16.499999999999872
Branin-Fav,DNGO-Joint,52,201,0,124,0.1,31.721994072820223,0.398199979646557,11,12,216,16.39999999999987
Branin-Fav,DNGO-Joint,52,202,0,395,0.1,31.325350814313804,0.398199979646557,12,12,217,16.29999999999987
Branin-Fav,DNGO-Joint,52,203,0,431,0.1,30.86236227615567,0.398199979646557,13,12,218,16.199999999999868
Branin-Fav,DNGO-Joint,52,204,0,825,0.1,31.87172893015547,0.398199979646557,14,12,219,16.099999999999866
Branin-Fav,DNGO-Joint,52,205,0,547,0.1,31.420025559981617,0.398199979646557,15,12,220,15.999999999999867
Branin-Fav,DNGO-Joint,52,206,0,772,0.1,31.111104803338623,0.398199979646557,16,12,221,15.899999999999865
Branin-Fav,DNGO-Joint,52,207,0,822,0.1,30.698500882490375,0.398199979646557,17,12,222,15.799999999999864
Branin-Fav,DNGO-Joint,52,208,0,344,0.1,31.11128846754759,0.398199979646557,18,12,223,15.699999999999863
Branin-Fav,DNGO-Joint,52,209,0,91,0.1,31.23876666267562,0.398199979646557,19,12,224,15.599999999999861
Branin-Fav,DNGO-Joint,52,210,0,293,0.1,31.08029676672143,0.398199979646557,20,12,225,15.49999999999986
Branin-Fav,DNGO-Joint,52,211,1,326,1.0,11.197627887187638,0.398199979646557,0,13,225,14.499999999999858
Branin-Fav,DNGO-Joint,52,212,0,728,0.1,39.32410591845574,0.5177997499400334,1,13,226,14.399999999999858
Branin-Fav,DNGO-Joint,52,213,0,777,0.1,39.74821190785468,0.5177997499400334,2,13,227,14.299999999999857
Branin-Fav,DNGO-Joint,52,214,0,40,0.1,38.02579146787137,0.5177997499400334,3,13,228,14.199999999999855
Branin-Fav,DNGO-Joint,52,215,0,141,0.1,37.75689761303551,0.5177997499400334,4,13,229,14.099999999999854
Branin-Fav,DNGO-Joint,52,216,0,648,0.1,39.09745402580534,0.5177997499400334,5,13,230,13.999999999999853
Branin-Fav,DNGO-Joint,52,217,0,74,0.1,38.886098679057746,0.5177997499400334,6,13,231,13.899999999999851
Branin-Fav,DNGO-Joint,52,218,0,422,0.1,37.727384783804624,0.5177997499400334,7,13,232,13.79999999999985
Branin-Fav,DNGO-Joint,52,219,0,496,0.1,38.6983608691991,0.5177997499400334,8,13,233,13.699999999999848
Branin-Fav,DNGO-Joint,52,220,0,32,0.1,40.24301690609684,0.5177997499400334,9,13,234,13.599999999999847
Branin-Fav,DNGO-Joint,52,221,0,826,0.1,37.53507213846282,0.5177997499400334,10,13,235,13.499999999999845
Branin-Fav,DNGO-Joint,52,222,0,242,0.1,37.44487221570401,0.5177997499400334,11,13,236,13.399999999999844
Branin-Fav,DNGO-Joint,52,223,0,445,0.1,36.62616695435114,0.5177997499400334,12,13,237,13.299999999999843
Branin-Fav,DNGO-Joint,52,224,0,132,0.1,36.93461632680047,0.5177997499400334,13,13,238,13.199999999999841
Branin-Fav,DNGO-Joint,52,225,0,679,0.1,36.025621578995555,0.5177997499400334,14,13,239,13.09999999999984
Branin-Fav,DNGO-Joint,52,226,0,223,0.1,37.59309707140032,0.5177997499400334,15,13,240,12.999999999999838
Branin-Fav,DNGO-Joint,52,227,0,580,0.1,36.448198087848795,0.5177997499400334,16,13,241,12.899999999999837
Branin-Fav,DNGO-Joint,52,228,0,721,0.1,35.73005813370622,0.5177997499400334,17,13,242,12.799999999999836
Branin-Fav,DNGO-Joint,52,229,0,481,0.1,37.20535885218464,0.5177997499400334,18,13,243,12.699999999999834
Branin-Fav,DNGO-Joint,52,230,0,82,0.1,35.32054238676616,0.5177997499400334,19,13,244,12.599999999999833
Branin-Fav,DNGO-Joint,52,231,0,671,0.1,34.60351135914107,0.5177997499400334,20,13,245,12.499999999999831
Branin-Fav,DNGO-Joint,52,232,1,376,1.0,12.439439188006048,0.5177997499400334,0,14,245,11.49999999999983
Branin-Fav,DNGO-Joint,52,233,0,394,0.1,40.80632349268241,0.5916845936178755,1,14,246,11.39999999999983
Branin-Fav,DNGO-Joint,52,234,0,343,0.1,40.950061277961005,0.5916845936178755,2,14,247,11.299999999999828
Branin-Fav,DNGO-Joint,52,235,0,372,0.1,39.172630683197696,0.5916845936178755,3,14,248,11.199999999999827
Branin-Fav,DNGO-Joint,52,236,0,873,0.1,40.044546256192426,0.5916845936178755,4,14,249,11.099999999999826
Branin-Fav,DNGO-Joint,52,237,0,2000,0.1,40.967462266679796,0.5916845936178755,5,14,250,10.999999999999824
Branin-Fav,DNGO-Joint,52,238,0,182,0.1,39.82999171044987,0.5916845936178755,6,14,251,10.899999999999823
Branin-Fav,DNGO-Joint,52,239,0,621,0.1,38.366868863935366,0.5916845936178755,7,14,252,10.799999999999821
Branin-Fav,DNGO-Joint,52,240,0,771,0.1,38.19526473072353,0.5916845936178755,8,14,253,10.69999999999982
Branin-Fav,DNGO-Joint,52,241,0,597,0.1,38.487928370177066,0.5916845936178755,9,14,254,10.599999999999818
Branin-Fav,DNGO-Joint,52,242,0,232,0.1,39.00092097001486,0.5916845936178755,10,14,255,10.499999999999817
Branin-Fav,DNGO-Joint,52,243,0,24,0.1,37.71196704657801,0.5916845936178755,11,14,256,10.399999999999816
Branin-Fav,DNGO-Joint,52,244,0,749,0.1,37.944176792004875,0.5916845936178755,12,14,257,10.299999999999814
Branin-Fav,DNGO-Joint,52,245,0,292,0.1,38.17515930104781,0.5916845936178755,13,14,258,10.199999999999813
Branin-Fav,DNGO-Joint,52,246,0,874,0.1,37.47985756533398,0.5916845936178755,14,14,259,10.099999999999811
Branin-Fav,DNGO-Joint,52,247,0,191,0.1,37.30970775089337,0.5916845936178755,15,14,260,9.99999999999981
Branin-Fav,DNGO-Joint,52,248,0,282,0.1,37.61737302289877,0.5916845936178755,16,14,261,9.899999999999809
Branin-Fav,DNGO-Joint,52,249,0,875,0.1,37.08670194842787,0.5916845936178755,17,14,262,9.799999999999807
Branin-Fav,DNGO-Joint,52,250,0,778,0.1,37.33306459000261,0.5916845936178755,18,14,263,9.699999999999806
Branin-Fav,DNGO-Joint,52,251,0,90,0.1,37.03475924252489,0.5916845936178755,19,14,264,9.599999999999804
Branin-Fav,DNGO-Joint,52,252,0,827,0.1,36.10099123460758,0.5916845936178755,20,14,265,9.499999999999803
Branin-Fav,DNGO-Joint,52,253,1,377,1.0,11.384242707945093,0.5916845936178755,0,15,265,8.499999999999801
Branin-Fav,DNGO-Joint,52,254,0,821,0.1,38.52844780819388,0.6401737720929828,1,15,266,8.399999999999801
Branin-Fav,DNGO-Joint,52,255,0,332,0.1,39.238671402232164,0.6401737720929828,2,15,267,8.2999999999998
Branin-Fav,DNGO-Joint,52,256,0,630,0.1,39.71563306592872,0.6401737720929828,3,15,268,8.199999999999799
Branin-Fav,DNGO-Joint,52,257,0,872,0.1,39.322705785543015,0.6401737720929828,4,15,269,8.099999999999797
Branin-Fav,DNGO-Joint,52,258,0,729,0.1,38.53612424755385,0.6401737720929828,5,15,270,7.999999999999796
Branin-Fav,DNGO-Joint,52,259,0,546,0.1,38.10054369010732,0.6401737720929828,6,15,271,7.899999999999794
Branin-Fav,DNGO-Joint,52,260,0,241,0.1,37.39109227820704,0.6401737720929828,7,15,272,7.799999999999793
Branin-Fav,DNGO-Joint,52,261,0,698,0.1,38.02964052034184,0.6401737720929828,8,15,273,7.6999999999997915
Branin-Fav,DNGO-Joint,52,262,0,571,0.1,36.837163056331256,0.6401737720929828,9,15,274,7.59999999999979
Branin-Fav,DNGO-Joint,52,263,0,495,0.1,37.82325497698453,0.6401737720929828,10,15,275,7.499999999999789
Branin-Fav,DNGO-Joint,52,264,0,140,0.1,36.66712371679721,0.6401737720929828,11,15,276,7.399999999999787
Branin-Fav,DNGO-Joint,52,265,0,444,0.1,36.28551035968844,0.6401737720929828,12,15,277,7.299999999999786
Branin-Fav,DNGO-Joint,52,266,0,876,0.1,35.91471452126887,0.6401737720929828,13,15,278,7.199999999999784
Branin-Fav,DNGO-Joint,52,267,0,173,0.1,35.972161199107795,0.6401737720929828,14,15,279,7.099999999999783
Branin-Fav,DNGO-Joint,52,268,0,521,0.1,35.58112338073414,0.6401737720929828,15,15,280,6.9999999999997815
Branin-Fav,DNGO-Joint,52,269,0,322,0.1,37.473753908785554,0.6401737720929828,16,15,281,6.89999999999978
Branin-Fav,DNGO-Joint,52,270,0,393,0.1,34.99589197709544,0.6401737720929828,17,15,282,6.799999999999779
Branin-Fav,DNGO-Joint,52,271,0,272,0.1,35.67715147030353,0.6401737720929828,18,15,283,6.699999999999777
Branin-Fav,DNGO-Joint,52,272,0,531,0.1,36.27469442913936,0.6401737720929828,19,15,284,6.599999999999776
Branin-Fav,DNGO-Joint,52,273,0,647,0.1,34.69883388489848,0.6401737720929828,20,15,285,6.499999999999774
Branin-Fav,DNGO-Joint,52,274,1,327,1.0,10.160029582831035,0.6401737720929828,0,16,285,5.499999999999773
Branin-Fav,DNGO-Joint,52,275,0,923,0.1,38.400464531503644,0.671531258999824,1,16,286,5.399999999999773
Branin-Fav,DNGO-Joint,52,276,0,382,0.1,36.7260694025431,0.671531258999824,2,16,287,5.299999999999772
Branin-Fav,DNGO-Joint,52,277,0,871,0.1,35.40379100106695,0.671531258999824,3,16,288,5.19999999999977
Branin-Fav,DNGO-Joint,52,278,0,924,0.1,36.02402526785484,0.671531258999824,4,16,289,5.099999999999769
Branin-Fav,DNGO-Joint,52,279,0,39,0.1,36.545630723422825,0.671531258999824,5,16,290,4.999999999999767
Branin-Fav,DNGO-Joint,52,280,0,133,0.1,35.67435752091642,0.671531258999824,6,16,291,4.899999999999766
Branin-Fav,DNGO-Joint,52,281,0,596,0.1,36.363983322482916,0.671531258999824,7,16,292,4.7999999999997645
Branin-Fav,DNGO-Joint,52,282,0,342,0.1,34.038281785933684,0.671531258999824,8,16,293,4.699999999999763
Branin-Fav,DNGO-Joint,52,283,0,190,0.1,34.37409303425106,0.671531258999824,9,16,294,4.599999999999762
Branin-Fav,DNGO-Joint,52,284,0,471,0.1,34.589036116238994,0.671531258999824,10,16,295,4.49999999999976
Branin-Fav,DNGO-Joint,52,285,0,922,0.1,34.661724287869404,0.671531258999824,11,16,296,4.399999999999759
Branin-Fav,DNGO-Joint,52,286,0,291,0.1,33.85370054897721,0.671531258999824,12,16,297,4.299999999999757
Branin-Fav,DNGO-Joint,52,287,0,799,0.1,34.834551230396315,0.671531258999824,13,16,298,4.199999999999756
Branin-Fav,DNGO-Joint,52,288,0,83,0.1,33.19141651083619,0.671531258999824,14,16,299,4.0999999999997545
Branin-Fav,DNGO-Joint,52,289,0,680,0.1,33.59319264155644,0.671531258999824,15,16,300,3.9999999999997526
Branin-Fav,DNGO-Joint,52,290,0,183,0.1,33.08838238409521,0.671531258999824,16,16,301,3.899999999999751
Branin-Fav,DNGO-Joint,52,291,0,89,0.1,33.72556245851328,0.671531258999824,17,16,302,3.79999999999975
Branin-Fav,DNGO-Joint,52,292,0,921,0.1,33.93520853864357,0.671531258999824,18,16,303,3.6999999999997484
Branin-Fav,DNGO-Joint,52,293,0,123,0.1,33.33845183270153,0.671531258999824,19,16,304,3.599999999999747
Branin-Fav,DNGO-Joint,52,294,0,925,0.1,32.61745159642499,0.671531258999824,20,16,305,3.4999999999997455
Branin-Fav,DNGO-Joint,52,295,1,426,1.0,10.10444183793829,0.671531258999824,0,17,305,2.499999999999744
Branin-Fav,DNGO-Joint,52,296,0,770,0.1,32.93434750692682,0.6932566384001974,1,17,306,2.399999999999744
Branin-Fav,DNGO-Joint,52,297,0,545,0.1,33.66766207821768,0.6932566384001974,2,17,307,2.2999999999997427
Branin-Fav,DNGO-Joint,52,298,0,820,0.1,32.95429151556315,0.6932566384001974,3,17,308,2.1999999999997413
Branin-Fav,DNGO-Joint,52,299,0,828,0.1,32.4867289640509,0.6932566384001974,4,17,309,2.09999999999974
Branin-Fav,DNGO-Joint,52,300,0,494,0.1,33.94733040940716,0.6932566384001974,5,17,310,1.9999999999997384
Branin-Fav,DNGO-Joint,52,301,0,432,0.1,33.122669388815524,0.6932566384001974,6,17,311,1.899999999999737
Branin-Fav,DNGO-Joint,52,302,0,779,0.1,32.13678202792742,0.6932566384001974,7,17,312,1.7999999999997356
Branin-Fav,DNGO-Joint,52,303,0,233,0.1,32.809399021300365,0.6932566384001974,8,17,313,1.6999999999997342
Branin-Fav,DNGO-Joint,52,304,0,443,0.1,33.988453575795226,0.6932566384001974,9,17,314,1.5999999999997327
Branin-Fav,DNGO-Joint,52,305,0,720,0.1,32.595064491271735,0.6932566384001974,10,17,315,1.4999999999997313
Branin-Fav,DNGO-Joint,52,306,0,240,0.1,32.05986149275113,0.6932566384001974,11,17,316,1.39999999999973
Branin-Fav,DNGO-Joint,52,307,0,283,0.1,32.877687123998065,0.6932566384001974,12,17,317,1.2999999999997285
Branin-Fav,DNGO-Joint,52,308,0,877,0.1,31.975822122231616,0.6932566384001974,13,17,318,1.199999999999727
Branin-Fav,DNGO-Joint,52,309,0,392,0.1,31.289606812706207,0.6932566384001974,14,17,319,1.0999999999997256
Branin-Fav,DNGO-Joint,52,310,0,870,0.1,31.73118247517011,0.6932566384001974,15,17,320,0.9999999999997243
Branin-Fav,DNGO-Joint,52,311,0,670,0.1,32.156167644183306,0.6932566384001974,16,17,321,0.8999999999997229
Branin-Fav,DNGO-Joint,52,312,0,581,0.1,30.711458392878914,0.6932566384001974,17,17,322,0.7999999999997215
Branin-Fav,DNGO-Joint,52,313,0,421,0.1,31.182284167516485,0.6932566384001974,18,17,323,0.6999999999997201
Branin-Fav,DNGO-Joint,52,314,0,38,0.1,31.408744184522206,0.6932566384001974,19,17,324,0.5999999999997186
Branin-Fav,DNGO-Joint,52,315,0,926,0.1,30.370211558603042,0.6932566384001974,20,17,325,0.4999999999997172
Branin-Fav,DNGO-Joint,52,316,0,748,0.1,29.743465793717547,0.6932566384001974,21,17,326,0.3999999999997158
Branin-Fav,DNGO-Joint,52,317,0,620,0.1,30.263306704361554,0.6932566384001974,22,17,327,0.2999999999997144
Branin-Fav,DNGO-Joint,52,318,0,973,0.1,28.794666122191046,0.6932566384001974,23,17,328,0.19999999999971294
Branin-Fav,DNGO-Joint,52,319,0,544,0.1,29.564761225280954,0.6932566384001974,24,17,329,0.09999999999971151
Branin-Fav,DNGO-Joint,53,1,0,49,0.1,171.2793534544779,0.5,1,2,26,45.4
Branin-Fav,DNGO-Joint,53,2,0,36,0.1,141.37571451927093,0.5,2,2,27,45.3
Branin-Fav,DNGO-Joint,53,3,0,2300,0.1,149.43918658311608,0.5,3,2,28,45.199999999999996
Branin-Fav,DNGO-Joint,53,4,0,199,0.1,122.87293684053824,0.5,4,2,29,45.1
Branin-Fav,DNGO-Joint,53,5,0,99,0.1,127.85120505583033,0.5,5,2,30,45.0
Branin-Fav,DNGO-Joint,53,6,0,149,0.1,124.58560731404192,0.5,6,2,31,44.9
Branin-Fav,DNGO-Joint,53,7,0,249,0.1,121.10945862812287,0.5,7,2,32,44.800000000000004
Branin-Fav,DNGO-Joint,53,8,0,299,0.1,120.75355682035313,0.5,8,2,33,44.7
Branin-Fav,DNGO-Joint,53,9,0,821,0.1,128.65087130971867,0.5,9,2,34,44.6
Branin-Fav,DNGO-Joint,53,10,0,349,0.1,116.56149163584382,0.5,10,2,35,44.5
Branin-Fav,DNGO-Joint,53,11,0,48,0.1,114.5386040345588,0.5,11,2,36,44.4
Branin-Fav,DNGO-Joint,53,12,0,98,0.1,113.58546411114997,0.5,12,2,37,44.300000000000004
Branin-Fav,DNGO-Joint,53,13,0,399,0.1,110.38915012496275,0.5,13,2,38,44.2
Branin-Fav,DNGO-Joint,53,14,0,26,0.1,109.59749202099803,0.5,14,2,39,44.1
Branin-Fav,DNGO-Joint,53,15,0,148,0.1,107.83365853389896,0.5,15,2,40,44.00000000000001
Branin-Fav,DNGO-Joint,53,16,0,970,0.1,108.01433423749587,0.5,16,2,41,43.900000000000006
Branin-Fav,DNGO-Joint,53,17,0,198,0.1,105.02653860032,0.5,17,2,42,43.800000000000004
Branin-Fav,DNGO-Joint,53,18,0,449,0.1,104.96101904312778,0.5,18,2,43,43.7
Branin-Fav,DNGO-Joint,53,19,0,248,0.1,104.13851663478908,0.5,19,2,44,43.6
Branin-Fav,DNGO-Joint,53,20,0,499,0.1,102.2496807858352,0.5,20,2,45,43.50000000000001
Branin-Fav,DNGO-Joint,53,21,1,49,1.0,40.37726292170747,0.5,0,3,45,42.50000000000001
Branin-Fav,DNGO-Joint,53,22,0,298,0.1,99.36484288503749,0.5,1,3,46,42.400000000000006
Branin-Fav,DNGO-Joint,53,23,0,27,0.1,102.75910200051757,0.5,2,3,47,42.300000000000004
Branin-Fav,DNGO-Joint,53,24,0,348,0.1,98.45233625515594,0.5,3,3,48,42.20000000000001
Branin-Fav,DNGO-Joint,53,25,0,28,0.1,99.12496141468739,0.5,4,3,49,42.10000000000001
Branin-Fav,DNGO-Joint,53,26,0,2250,0.1,97.19031624412972,0.5,5,3,50,42.00000000000001
Branin-Fav,DNGO-Joint,53,27,0,47,0.1,95.05203964721886,0.5,6,3,51,41.900000000000006
Branin-Fav,DNGO-Joint,53,28,0,97,0.1,98.23165777769877,0.5,7,3,52,41.800000000000004
Branin-Fav,DNGO-Joint,53,29,0,147,0.1,95.67850330410779,0.5,8,3,53,41.70000000000001
Branin-Fav,DNGO-Joint,53,30,0,197,0.1,92.9734112863635,0.5,9,3,54,41.60000000000001
Branin-Fav,DNGO-Joint,53,31,0,25,0.1,98.30716055453281,0.5,10,3,55,41.50000000000001
Branin-Fav,DNGO-Joint,53,32,0,46,0.1,95.66411082212244,0.5,11,3,56,41.40000000000001
Branin-Fav,DNGO-Joint,53,33,0,476,0.1,91.21983039943255,0.5,12,3,57,41.30000000000001
Branin-Fav,DNGO-Joint,53,34,0,96,0.1,89.98497074863586,0.5,13,3,58,41.20000000000001
Branin-Fav,DNGO-Joint,53,35,0,45,0.1,91.3071750006591,0.5,14,3,59,41.10000000000001
Branin-Fav,DNGO-Joint,53,36,0,247,0.1,89.70751589640155,0.5,15,3,60,41.00000000000001
Branin-Fav,DNGO-Joint,53,37,0,146,0.1,88.26395855959434,0.5,16,3,61,40.90000000000001
Branin-Fav,DNGO-Joint,53,38,0,1414,0.1,87.92684220977023,0.5,17,3,62,40.80000000000001
Branin-Fav,DNGO-Joint,53,39,0,29,0.1,86.22682244703452,0.5,18,3,63,40.70000000000001
Branin-Fav,DNGO-Joint,53,40,0,398,0.1,86.04527620380541,0.5,19,3,64,40.600000000000016
Branin-Fav,DNGO-Joint,53,41,0,297,0.1,85.81338066827122,0.5,20,3,65,40.500000000000014
Branin-Fav,DNGO-Joint,53,42,1,2400,1.0,33.358780759883864,0.5,0,4,65,39.500000000000014
Branin-Fav,DNGO-Joint,53,43,0,196,0.1,84.58416543446558,0.5,1,4,66,39.40000000000001
Branin-Fav,DNGO-Joint,53,44,0,246,0.1,83.61992842201674,0.5,2,4,67,39.30000000000001
Branin-Fav,DNGO-Joint,53,45,0,347,0.1,84.04122225720366,0.5,3,4,68,39.20000000000001
Branin-Fav,DNGO-Joint,53,46,0,448,0.1,83.58788859611967,0.5,4,4,69,39.100000000000016
Branin-Fav,DNGO-Joint,53,47,0,549,0.1,83.30891939186014,0.5,5,4,70,39.000000000000014
Branin-Fav,DNGO-Joint,53,48,0,95,0.1,83.58885812272113,0.5,6,4,71,38.90000000000001
Branin-Fav,DNGO-Joint,53,49,0,625,0.1,82.01567105298795,0.5,7,4,72,38.80000000000002
Branin-Fav,DNGO-Joint,53,50,0,44,0.1,81.43426036154169,0.5,8,4,73,38.70000000000002
Branin-Fav,DNGO-Joint,53,51,0,31,0.1,79.68985522303947,0.5,9,4,74,38.600000000000016
Branin-Fav,DNGO-Joint,53,52,0,575,0.1,79.7607995709167,0.5,10,4,75,38.500000000000014
Branin-Fav,DNGO-Joint,53,53,0,77,0.1,79.42502672733234,0.5,11,4,76,38.40000000000001
Branin-Fav,DNGO-Joint,53,54,0,525,0.1,81.07498624550814,0.5,12,4,77,38.30000000000002
Branin-Fav,DNGO-Joint,53,55,0,674,0.1,78.47254318584042,0.5,13,4,78,38.20000000000002
Branin-Fav,DNGO-Joint,53,56,0,426,0.1,82.67631993709453,0.5,14,4,79,38.100000000000016
Branin-Fav,DNGO-Joint,53,57,0,30,0.1,77.59389212228736,0.5,15,4,80,38.00000000000002
Branin-Fav,DNGO-Joint,53,58,0,526,0.1,82.47836416297243,0.5,16,4,81,37.90000000000002
Branin-Fav,DNGO-Joint,53,59,0,428,0.1,80.43993131118806,0.5,17,4,82,37.80000000000002
Branin-Fav,DNGO-Joint,53,60,0,624,0.1,78.56480919941731,0.5,18,4,83,37.70000000000002
Branin-Fav,DNGO-Joint,53,61,0,723,0.1,76.84937700602848,0.5,19,4,84,37.600000000000016
Branin-Fav,DNGO-Joint,53,62,0,145,0.1,75.00375415073333,0.5,20,4,85,37.50000000000002
Branin-Fav,DNGO-Joint,53,63,1,28,1.0,23.456974385919228,0.5,0,5,85,36.50000000000002
Branin-Fav,DNGO-Joint,53,64,0,576,0.1,76.73180728308236,0.5,1,5,86,36.40000000000002
Branin-Fav,DNGO-Joint,53,65,0,475,0.1,75.69628534350696,0.5,2,5,87,36.30000000000002
Branin-Fav,DNGO-Joint,53,66,0,675,0.1,74.63228975295665,0.5,3,5,88,36.200000000000024
Branin-Fav,DNGO-Joint,53,67,0,195,0.1,73.9933497436149,0.5,4,5,89,36.10000000000002
Branin-Fav,DNGO-Joint,53,68,0,326,0.1,74.81511842126545,0.5,5,5,90,36.00000000000002
Branin-Fav,DNGO-Joint,53,69,0,427,0.1,77.38403569796333,0.5,6,5,91,35.90000000000002
Branin-Fav,DNGO-Joint,53,70,0,376,0.1,74.39427677931681,0.5,7,5,92,35.80000000000002
Branin-Fav,DNGO-Joint,53,71,0,477,0.1,75.88368455253296,0.5,8,5,93,35.700000000000024
Branin-Fav,DNGO-Joint,53,72,0,574,0.1,73.0407334361807,0.5,9,5,94,35.60000000000002
Branin-Fav,DNGO-Joint,53,73,0,377,0.1,74.61133649244204,0.5,10,5,95,35.50000000000002
Branin-Fav,DNGO-Joint,53,74,0,327,0.1,73.76761472547429,0.5,11,5,96,35.40000000000003
Branin-Fav,DNGO-Joint,53,75,0,527,0.1,73.90955711668303,0.5,12,5,97,35.300000000000026
Branin-Fav,DNGO-Joint,53,76,0,277,0.1,73.32963372251963,0.5,13,5,98,35.200000000000024
Branin-Fav,DNGO-Joint,53,77,0,276,0.1,73.98450348793045,0.5,14,5,99,35.10000000000002
Branin-Fav,DNGO-Joint,53,78,0,626,0.1,73.14712476222279,0.5,15,5,100,35.00000000000002
Branin-Fav,DNGO-Joint,53,79,0,724,0.1,71.37063072367035,0.5,16,5,101,34.90000000000003
Branin-Fav,DNGO-Joint,53,80,0,524,0.1,72.796418959674,0.5,17,5,102,34.800000000000026
Branin-Fav,DNGO-Joint,53,81,0,725,0.1,71.56032913340938,0.5,18,5,103,34.700000000000024
Branin-Fav,DNGO-Joint,53,82,0,425,0.1,71.29980552726002,0.5,19,5,104,34.60000000000003
Branin-Fav,DNGO-Joint,53,83,0,227,0.1,70.69419875738873,0.5,20,5,105,34.50000000000003
Branin-Fav,DNGO-Joint,53,84,1,27,1.0,16.832746443316957,0.5,0,6,105,33.50000000000003
Branin-Fav,DNGO-Joint,53,85,0,226,0.1,140.9153865566106,0.9935504988370181,1,6,106,33.40000000000003
Branin-Fav,DNGO-Joint,53,86,0,577,0.1,140.60688815008533,0.9935504988370181,2,6,107,33.300000000000026
Branin-Fav,DNGO-Joint,53,87,0,328,0.1,137.6643534321516,0.9935504988370181,3,6,108,33.200000000000024
Branin-Fav,DNGO-Joint,53,88,0,378,0.1,142.49022280560447,0.9935504988370181,4,6,109,33.10000000000002
Branin-Fav,DNGO-Joint,53,89,0,78,0.1,135.99311676860586,0.9935504988370181,5,6,110,33.00000000000002
Branin-Fav,DNGO-Joint,53,90,0,278,0.1,135.3635985354089,0.9935504988370181,6,6,111,32.90000000000002
Branin-Fav,DNGO-Joint,53,91,0,478,0.1,135.90941094391818,0.9935504988370181,7,6,112,32.80000000000002
Branin-Fav,DNGO-Joint,53,92,0,127,0.1,137.59060745709698,0.9935504988370181,8,6,113,32.70000000000002
Branin-Fav,DNGO-Joint,53,93,0,773,0.1,135.1291431560343,0.9935504988370181,9,6,114,32.600000000000016
Branin-Fav,DNGO-Joint,53,94,0,177,0.1,134.74166901378578,0.9935504988370181,10,6,115,32.500000000000014
Branin-Fav,DNGO-Joint,53,95,0,228,0.1,133.89197825281897,0.9935504988370181,11,6,116,32.40000000000001
Branin-Fav,DNGO-Joint,53,96,0,178,0.1,132.71214094553324,0.9935504988370181,12,6,117,32.30000000000001
Branin-Fav,DNGO-Joint,53,97,0,375,0.1,138.20850369910778,0.9935504988370181,13,6,118,32.20000000000001
Branin-Fav,DNGO-Joint,53,98,0,474,0.1,132.35453309242075,0.9935504988370181,14,6,119,32.10000000000001
Branin-Fav,DNGO-Joint,53,99,0,279,0.1,133.724362811753,0.9935504988370181,15,6,120,32.00000000000001
Branin-Fav,DNGO-Joint,53,100,0,325,0.1,130.03686618045728,0.9935504988370181,16,6,121,31.900000000000006
Branin-Fav,DNGO-Joint,53,101,0,229,0.1,130.09920076841274,0.9935504988370181,17,6,122,31.800000000000004
Branin-Fav,DNGO-Joint,53,102,0,329,0.1,129.0888652193585,0.9935504988370181,18,6,123,31.700000000000003
Branin-Fav,DNGO-Joint,53,103,0,379,0.1,128.01910599071718,0.9935504988370181,19,6,124,31.6
Branin-Fav,DNGO-Joint,53,104,0,179,0.1,128.43740234222548,0.9935504988370181,20,6,125,31.5
Branin-Fav,DNGO-Joint,53,105,1,249,1.0,16.73866714698401,0.9935504988370181,0,7,125,30.5
Branin-Fav,DNGO-Joint,53,106,0,676,0.1,30.66926364532044,0.2400622087704324,1,7,126,30.4
Branin-Fav,DNGO-Joint,53,107,0,528,0.1,31.51302720302914,0.2400622087704324,2,7,127,30.299999999999997
Branin-Fav,DNGO-Joint,53,108,0,76,0.1,30.53567688747517,0.2400622087704324,3,7,128,30.199999999999996
Branin-Fav,DNGO-Joint,53,109,0,129,0.1,30.551025525237336,0.2400622087704324,4,7,129,30.099999999999994
Branin-Fav,DNGO-Joint,53,110,0,79,0.1,30.135310423006455,0.2400622087704324,5,7,130,29.999999999999993
Branin-Fav,DNGO-Joint,53,111,0,623,0.1,30.296248603033504,0.2400622087704324,6,7,131,29.89999999999999
Branin-Fav,DNGO-Joint,53,112,0,429,0.1,30.18325989502263,0.2400622087704324,7,7,132,29.79999999999999
Branin-Fav,DNGO-Joint,53,113,0,176,0.1,30.40737476801833,0.2400622087704324,8,7,133,29.69999999999999
Branin-Fav,DNGO-Joint,53,114,0,627,0.1,29.88728051959227,0.2400622087704324,9,7,134,29.599999999999987
Branin-Fav,DNGO-Joint,53,115,0,479,0.1,29.19397054382488,0.2400622087704324,10,7,135,29.499999999999986
Branin-Fav,DNGO-Joint,53,116,0,578,0.1,29.530364760835347,0.2400622087704324,11,7,136,29.399999999999984
Branin-Fav,DNGO-Joint,53,117,0,126,0.1,29.38501276273689,0.2400622087704324,12,7,137,29.299999999999983
Branin-Fav,DNGO-Joint,53,118,0,673,0.1,29.395200890024896,0.2400622087704324,13,7,138,29.19999999999998
Branin-Fav,DNGO-Joint,53,119,0,275,0.1,28.925910205741715,0.2400622087704324,14,7,139,29.09999999999998
Branin-Fav,DNGO-Joint,53,120,0,80,0.1,29.11187069661109,0.2400622087704324,15,7,140,28.99999999999998
Branin-Fav,DNGO-Joint,53,121,0,424,0.1,28.670583943970435,0.2400622087704324,16,7,141,28.899999999999977
Branin-Fav,DNGO-Joint,53,122,0,225,0.1,28.79055141434604,0.2400622087704324,17,7,142,28.799999999999976
Branin-Fav,DNGO-Joint,53,123,0,573,0.1,28.11549320857865,0.2400622087704324,18,7,143,28.699999999999974
Branin-Fav,DNGO-Joint,53,124,0,374,0.1,28.554808641001898,0.2400622087704324,19,7,144,28.599999999999973
Branin-Fav,DNGO-Joint,53,125,0,180,0.1,28.773780681119458,0.2400622087704324,20,7,145,28.49999999999997
Branin-Fav,DNGO-Joint,53,126,1,26,1.0,15.698638131247792,0.2400622087704324,0,8,145,27.49999999999997
Branin-Fav,DNGO-Joint,53,127,0,75,0.1,22.047064332456387,0.18982580956850495,1,8,146,27.39999999999997
Branin-Fav,DNGO-Joint,53,128,0,230,0.1,21.894243383924902,0.18982580956850495,2,8,147,27.29999999999997
Branin-Fav,DNGO-Joint,53,129,0,81,0.1,21.93356624593275,0.18982580956850495,3,8,148,27.199999999999967
Branin-Fav,DNGO-Joint,53,130,0,175,0.1,21.522679937740456,0.18982580956850495,4,8,149,27.099999999999966
Branin-Fav,DNGO-Joint,53,131,0,296,0.1,21.415952220490723,0.18982580956850495,5,8,150,26.999999999999964
Branin-Fav,DNGO-Joint,53,132,0,523,0.1,21.282507555124727,0.18982580956850495,6,8,151,26.899999999999963
Branin-Fav,DNGO-Joint,53,133,0,473,0.1,21.803073973979473,0.18982580956850495,7,8,152,26.79999999999996
Branin-Fav,DNGO-Joint,53,134,0,677,0.1,21.2609575171908,0.18982580956850495,8,8,153,26.69999999999996
Branin-Fav,DNGO-Joint,53,135,0,774,0.1,21.583174341578694,0.18982580956850495,9,8,154,26.59999999999996
Branin-Fav,DNGO-Joint,53,136,0,280,0.1,21.225767111536832,0.18982580956850495,10,8,155,26.499999999999957
Branin-Fav,DNGO-Joint,53,137,0,722,0.1,21.378153124291934,0.18982580956850495,11,8,156,26.399999999999956
Branin-Fav,DNGO-Joint,53,138,0,125,0.1,20.845224513733974,0.18982580956850495,12,8,157,26.299999999999955
Branin-Fav,DNGO-Joint,53,139,0,726,0.1,20.797103464613897,0.18982580956850495,13,8,158,26.199999999999953
Branin-Fav,DNGO-Joint,53,140,0,397,0.1,20.534054917580793,0.18982580956850495,14,8,159,26.09999999999995
Branin-Fav,DNGO-Joint,53,141,0,24,0.1,20.22782876210255,0.18982580956850495,15,8,160,25.99999999999995
Branin-Fav,DNGO-Joint,53,142,0,772,0.1,20.667233136080338,0.18982580956850495,16,8,161,25.89999999999995
Branin-Fav,DNGO-Joint,53,143,0,330,0.1,20.47886606070873,0.18982580956850495,17,8,162,25.799999999999947
Branin-Fav,DNGO-Joint,53,144,0,380,0.1,20.40930293967126,0.18982580956850495,18,8,163,25.699999999999946
Branin-Fav,DNGO-Joint,53,145,0,498,0.1,19.808568586318145,0.18982580956850495,19,8,164,25.599999999999945
Branin-Fav,DNGO-Joint,53,146,0,324,0.1,19.716335720253795,0.18982580956850495,20,8,165,25.499999999999943
Branin-Fav,DNGO-Joint,53,147,1,625,1.0,15.834108907223508,0.18982580956850495,0,9,165,24.499999999999943
Branin-Fav,DNGO-Joint,53,148,1,29,1.0,12.33298305316242,0.1,0,10,165,23.499999999999943
Branin-Fav,DNGO-Joint,53,149,1,476,1.0,12.775136172288997,0.1,0,11,165,22.499999999999943
Branin-Fav,DNGO-Joint,53,150,0,628,0.1,45.99233491278902,0.437512023801296,1,11,166,22.39999999999994
Branin-Fav,DNGO-Joint,53,151,0,94,0.1,44.563871166097485,0.437512023801296,2,11,167,22.29999999999994
Branin-Fav,DNGO-Joint,53,152,0,529,0.1,45.28614570875131,0.437512023801296,3,11,168,22.19999999999994
Branin-Fav,DNGO-Joint,53,153,0,775,0.1,44.969467530045634,0.437512023801296,4,11,169,22.099999999999937
Branin-Fav,DNGO-Joint,53,154,0,823,0.1,43.99922432036549,0.437512023801296,5,11,170,21.999999999999936
Branin-Fav,DNGO-Joint,53,155,0,131,0.1,44.385813098969905,0.437512023801296,6,11,171,21.899999999999935
Branin-Fav,DNGO-Joint,53,156,0,274,0.1,43.616303989374344,0.437512023801296,7,11,172,21.799999999999933
Branin-Fav,DNGO-Joint,53,157,0,430,0.1,43.110379213505645,0.437512023801296,8,11,173,21.699999999999932
Branin-Fav,DNGO-Joint,53,158,0,579,0.1,43.03114913303313,0.437512023801296,9,11,174,21.59999999999993
Branin-Fav,DNGO-Joint,53,159,0,144,0.1,42.9598178760352,0.437512023801296,10,11,175,21.49999999999993
Branin-Fav,DNGO-Joint,53,160,0,43,0.1,43.918306270014504,0.437512023801296,11,11,176,21.399999999999928
Branin-Fav,DNGO-Joint,53,161,0,346,0.1,42.71920924683441,0.437512023801296,12,11,177,21.299999999999926
Branin-Fav,DNGO-Joint,53,162,0,245,0.1,43.02270066207104,0.437512023801296,13,11,178,21.199999999999925
Branin-Fav,DNGO-Joint,53,163,0,727,0.1,44.56954084482753,0.437512023801296,14,11,179,21.099999999999923
Branin-Fav,DNGO-Joint,53,164,0,295,0.1,44.56498185741271,0.437512023801296,15,11,180,20.999999999999922
Branin-Fav,DNGO-Joint,53,165,0,194,0.1,42.982069594645274,0.437512023801296,16,11,181,20.89999999999992
Branin-Fav,DNGO-Joint,53,166,0,447,0.1,42.51380148394546,0.437512023801296,17,11,182,20.79999999999992
Branin-Fav,DNGO-Joint,53,167,0,672,0.1,42.25687249470596,0.437512023801296,18,11,183,20.699999999999918
Branin-Fav,DNGO-Joint,53,168,0,396,0.1,41.86836147428919,0.437512023801296,19,11,184,20.599999999999916
Branin-Fav,DNGO-Joint,53,169,0,231,0.1,43.276333530841825,0.437512023801296,20,11,185,20.499999999999915
Branin-Fav,DNGO-Joint,53,170,1,25,1.0,11.438334181479988,0.437512023801296,0,12,185,19.499999999999915
Branin-Fav,DNGO-Joint,53,171,0,74,0.1,52.83026619715963,0.5561131427925045,1,12,186,19.399999999999913
Branin-Fav,DNGO-Joint,53,172,0,599,0.1,54.73943308636554,0.5561131427925045,2,12,187,19.299999999999912
Branin-Fav,DNGO-Joint,53,173,0,548,0.1,53.114586037034265,0.5561131427925045,3,12,188,19.19999999999991
Branin-Fav,DNGO-Joint,53,174,0,93,0.1,52.523838714781505,0.5561131427925045,4,12,189,19.09999999999991
Branin-Fav,DNGO-Joint,53,175,0,480,0.1,51.53584165316351,0.5561131427925045,5,12,190,18.999999999999908
Branin-Fav,DNGO-Joint,53,176,0,224,0.1,50.78568364066223,0.5561131427925045,6,12,191,18.899999999999906
Branin-Fav,DNGO-Joint,53,177,0,281,0.1,53.97464332428292,0.5561131427925045,7,12,192,18.799999999999905
Branin-Fav,DNGO-Joint,53,178,0,244,0.1,51.054265318633924,0.5561131427925045,8,12,193,18.699999999999903
Branin-Fav,DNGO-Joint,53,179,0,776,0.1,50.576227189615075,0.5561131427925045,9,12,194,18.599999999999902
Branin-Fav,DNGO-Joint,53,180,0,824,0.1,50.717561050605035,0.5561131427925045,10,12,195,18.4999999999999
Branin-Fav,DNGO-Joint,53,181,0,822,0.1,49.87584159213439,0.5561131427925045,11,12,196,18.3999999999999
Branin-Fav,DNGO-Joint,53,182,0,678,0.1,50.26907364464217,0.5561131427925045,12,12,197,18.299999999999898
Branin-Fav,DNGO-Joint,53,183,0,331,0.1,50.513849348004754,0.5561131427925045,13,12,198,18.199999999999896
Branin-Fav,DNGO-Joint,53,184,0,423,0.1,48.57541341656977,0.5561131427925045,14,12,199,18.099999999999895
Branin-Fav,DNGO-Joint,53,185,0,622,0.1,50.15094067825243,0.5561131427925045,15,12,200,17.999999999999893
Branin-Fav,DNGO-Joint,53,186,0,181,0.1,50.32021891229226,0.5561131427925045,16,12,201,17.899999999999892
Branin-Fav,DNGO-Joint,53,187,0,345,0.1,49.39551885805892,0.5561131427925045,17,12,202,17.79999999999989
Branin-Fav,DNGO-Joint,53,188,0,572,0.1,48.27640155422543,0.5561131427925045,18,12,203,17.69999999999989
Branin-Fav,DNGO-Joint,53,189,0,381,0.1,48.356021801548614,0.5561131427925045,19,12,204,17.599999999999888
Branin-Fav,DNGO-Joint,53,190,0,42,0.1,49.45382120645075,0.5561131427925045,20,12,205,17.499999999999886
Branin-Fav,DNGO-Joint,53,191,1,426,1.0,10.063706499059915,0.5561131427925045,0,13,205,16.499999999999886
Branin-Fav,DNGO-Joint,53,192,0,174,0.1,57.04494818857319,0.6574356497656499,1,13,206,16.399999999999885
Branin-Fav,DNGO-Joint,53,193,0,232,0.1,57.04710060533051,0.6574356497656499,2,13,207,16.299999999999883
Branin-Fav,DNGO-Joint,53,194,0,497,0.1,55.56863071457213,0.6574356497656499,3,13,208,16.199999999999882
Branin-Fav,DNGO-Joint,53,195,0,124,0.1,54.791631184811514,0.6574356497656499,4,13,209,16.09999999999988
Branin-Fav,DNGO-Joint,53,196,0,373,0.1,57.597709383811576,0.6574356497656499,5,13,210,15.999999999999881
Branin-Fav,DNGO-Joint,53,197,0,825,0.1,54.0419291491671,0.6574356497656499,6,13,211,15.89999999999988
Branin-Fav,DNGO-Joint,53,198,0,294,0.1,53.97720197457529,0.6574356497656499,7,13,212,15.799999999999878
Branin-Fav,DNGO-Joint,53,199,0,872,0.1,55.35919642445714,0.6574356497656499,8,13,213,15.699999999999877
Branin-Fav,DNGO-Joint,53,200,0,446,0.1,54.530822098899705,0.6574356497656499,9,13,214,15.599999999999875
Branin-Fav,DNGO-Joint,53,201,0,629,0.1,54.292330381772814,0.6574356497656499,10,13,215,15.499999999999874
Branin-Fav,DNGO-Joint,53,202,0,23,0.1,56.92572334237437,0.6574356497656499,11,13,216,15.399999999999872
Branin-Fav,DNGO-Joint,53,203,0,282,0.1,54.55644514475733,0.6574356497656499,12,13,217,15.299999999999871
Branin-Fav,DNGO-Joint,53,204,0,649,0.1,53.28933683904707,0.6574356497656499,13,13,218,15.19999999999987
Branin-Fav,DNGO-Joint,53,205,0,143,0.1,52.96640639086746,0.6574356497656499,14,13,219,15.099999999999868
Branin-Fav,DNGO-Joint,53,206,0,193,0.1,53.3595433080475,0.6574356497656499,15,13,220,14.999999999999867
Branin-Fav,DNGO-Joint,53,207,0,771,0.1,51.70008467884725,0.6574356497656499,16,13,221,14.899999999999865
Branin-Fav,DNGO-Joint,53,208,0,243,0.1,51.064079404110856,0.6574356497656499,17,13,222,14.799999999999864
Branin-Fav,DNGO-Joint,53,209,0,522,0.1,51.75129649398736,0.6574356497656499,18,13,223,14.699999999999863
Branin-Fav,DNGO-Joint,53,210,0,92,0.1,51.79512010084381,0.6574356497656499,19,13,224,14.599999999999861
Branin-Fav,DNGO-Joint,53,211,0,530,0.1,51.80817143360056,0.6574356497656499,20,13,225,14.49999999999986
Branin-Fav,DNGO-Joint,53,212,1,525,1.0,9.81616541352581,0.6574356497656499,0,14,225,13.499999999999858
Branin-Fav,DNGO-Joint,53,213,0,873,0.1,55.47542365434598,0.682901571335112,1,14,226,13.399999999999858
Branin-Fav,DNGO-Joint,53,214,0,598,0.1,53.19723467818456,0.682901571335112,2,14,227,13.299999999999857
Branin-Fav,DNGO-Joint,53,215,0,344,0.1,52.51140587543082,0.682901571335112,3,14,228,13.199999999999855
Branin-Fav,DNGO-Joint,53,216,0,2050,0.1,54.403673723319784,0.682901571335112,4,14,229,13.099999999999854
Branin-Fav,DNGO-Joint,53,217,0,32,0.1,53.63293933697206,0.682901571335112,5,14,230,12.999999999999853
Branin-Fav,DNGO-Joint,53,218,0,323,0.1,53.675326897344945,0.682901571335112,6,14,231,12.899999999999851
Branin-Fav,DNGO-Joint,53,219,0,874,0.1,52.29788881780413,0.682901571335112,7,14,232,12.79999999999985
Branin-Fav,DNGO-Joint,53,220,0,777,0.1,50.92793209459794,0.682901571335112,8,14,233,12.699999999999848
Branin-Fav,DNGO-Joint,53,221,0,547,0.1,50.73425887171112,0.682901571335112,9,14,234,12.599999999999847
Branin-Fav,DNGO-Joint,53,222,0,721,0.1,52.47091326703165,0.682901571335112,10,14,235,12.499999999999845
Branin-Fav,DNGO-Joint,53,223,0,431,0.1,53.23893998900002,0.682901571335112,11,14,236,12.399999999999844
Branin-Fav,DNGO-Joint,53,224,0,472,0.1,49.695328053713865,0.682901571335112,12,14,237,12.299999999999843
Branin-Fav,DNGO-Joint,53,225,0,728,0.1,53.06725359946037,0.682901571335112,13,14,238,12.199999999999841
Branin-Fav,DNGO-Joint,53,226,0,182,0.1,49.882611791420935,0.682901571335112,14,14,239,12.09999999999984
Branin-Fav,DNGO-Joint,53,227,0,273,0.1,48.63929852484862,0.682901571335112,15,14,240,11.999999999999838
Branin-Fav,DNGO-Joint,53,228,0,293,0.1,50.98554801876881,0.682901571335112,16,14,241,11.899999999999837
Branin-Fav,DNGO-Joint,53,229,0,496,0.1,48.79405979199575,0.682901571335112,17,14,242,11.799999999999836
Branin-Fav,DNGO-Joint,53,230,0,41,0.1,51.03339992502763,0.682901571335112,18,14,243,11.699999999999834
Branin-Fav,DNGO-Joint,53,231,0,142,0.1,50.83450870007138,0.682901571335112,19,14,244,11.599999999999833
Branin-Fav,DNGO-Joint,53,232,0,445,0.1,49.18852047995461,0.682901571335112,20,14,245,11.499999999999831
Branin-Fav,DNGO-Joint,53,233,1,475,1.0,9.756691224238546,0.682901571335112,0,15,245,10.49999999999983
Branin-Fav,DNGO-Joint,53,234,0,580,0.1,48.56749596817417,0.7052274252837917,1,15,246,10.39999999999983
Branin-Fav,DNGO-Joint,53,235,0,826,0.1,50.270454151506335,0.7052274252837917,2,15,247,10.299999999999828
Branin-Fav,DNGO-Joint,53,236,0,481,0.1,49.76944671054069,0.7052274252837917,3,15,248,10.199999999999827
Branin-Fav,DNGO-Joint,53,237,0,394,0.1,50.12807649959006,0.7052274252837917,4,15,249,10.099999999999826
Branin-Fav,DNGO-Joint,53,238,0,679,0.1,48.167844989043545,0.7052274252837917,5,15,250,9.999999999999824
Branin-Fav,DNGO-Joint,53,239,0,192,0.1,48.78592163947079,0.7052274252837917,6,15,251,9.899999999999823
Branin-Fav,DNGO-Joint,53,240,0,343,0.1,47.12983642090143,0.7052274252837917,7,15,252,9.799999999999821
Branin-Fav,DNGO-Joint,53,241,0,871,0.1,47.54505486577021,0.7052274252837917,8,15,253,9.69999999999982
Branin-Fav,DNGO-Joint,53,242,0,91,0.1,47.654852582926296,0.7052274252837917,9,15,254,9.599999999999818
Branin-Fav,DNGO-Joint,53,243,0,242,0.1,46.90713623546739,0.7052274252837917,10,15,255,9.499999999999817
Branin-Fav,DNGO-Joint,53,244,0,699,0.1,47.61810846121517,0.7052274252837917,11,15,256,9.399999999999816
Branin-Fav,DNGO-Joint,53,245,0,875,0.1,46.71545086024722,0.7052274252837917,12,15,257,9.299999999999814
Branin-Fav,DNGO-Joint,53,246,0,292,0.1,46.542032748875656,0.7052274252837917,13,15,258,9.199999999999813
Branin-Fav,DNGO-Joint,53,247,0,132,0.1,47.783090348886304,0.7052274252837917,14,15,259,9.099999999999811
Branin-Fav,DNGO-Joint,53,248,0,671,0.1,46.801035981228104,0.7052274252837917,15,15,260,8.99999999999981
Branin-Fav,DNGO-Joint,53,249,0,621,0.1,47.16953367618208,0.7052274252837917,16,15,261,8.899999999999809
Branin-Fav,DNGO-Joint,53,250,0,223,0.1,44.51337913749768,0.7052274252837917,17,15,262,8.799999999999807
Branin-Fav,DNGO-Joint,53,251,0,173,0.1,44.829618241553966,0.7052274252837917,18,15,263,8.699999999999806
Branin-Fav,DNGO-Joint,53,252,0,141,0.1,44.09237482892647,0.7052274252837917,19,15,264,8.599999999999804
Branin-Fav,DNGO-Joint,53,253,0,82,0.1,46.95381647018801,0.7052274252837917,20,15,265,8.499999999999803
Branin-Fav,DNGO-Joint,53,254,1,376,1.0,9.215263622354204,0.7052274252837917,0,16,265,7.499999999999801
Branin-Fav,DNGO-Joint,53,255,0,422,0.1,45.72146782595884,0.7378192948518365,1,16,266,7.399999999999801
Branin-Fav,DNGO-Joint,53,256,0,778,0.1,45.43938056424363,0.7378192948518365,2,16,267,7.2999999999998
Branin-Fav,DNGO-Joint,53,257,0,922,0.1,46.34648822447563,0.7378192948518365,3,16,268,7.199999999999799
Branin-Fav,DNGO-Joint,53,258,0,923,0.1,46.26976100292913,0.7378192948518365,4,16,269,7.099999999999797
Branin-Fav,DNGO-Joint,53,259,0,73,0.1,47.411210328586066,0.7378192948518365,5,16,270,6.999999999999796
Branin-Fav,DNGO-Joint,53,260,0,921,0.1,45.71940951644265,0.7378192948518365,6,16,271,6.899999999999794
Branin-Fav,DNGO-Joint,53,261,0,630,0.1,43.93552703661355,0.7378192948518365,7,16,272,6.799999999999793
Branin-Fav,DNGO-Joint,53,262,0,827,0.1,42.955703418617375,0.7378192948518365,8,16,273,6.6999999999997915
Branin-Fav,DNGO-Joint,53,263,0,648,0.1,45.259955678085795,0.7378192948518365,9,16,274,6.59999999999979
Branin-Fav,DNGO-Joint,53,264,0,191,0.1,43.27325663256559,0.7378192948518365,10,16,275,6.499999999999789
Branin-Fav,DNGO-Joint,53,265,0,571,0.1,44.36405336375696,0.7378192948518365,11,16,276,6.399999999999787
Branin-Fav,DNGO-Joint,53,266,0,546,0.1,43.81800685295358,0.7378192948518365,12,16,277,6.299999999999786
Branin-Fav,DNGO-Joint,53,267,0,332,0.1,46.476534600790664,0.7378192948518365,13,16,278,6.199999999999784
Branin-Fav,DNGO-Joint,53,268,0,495,0.1,43.37383416069202,0.7378192948518365,14,16,279,6.099999999999783
Branin-Fav,DNGO-Joint,53,269,0,382,0.1,44.32240446810161,0.7378192948518365,15,16,280,5.9999999999997815
Branin-Fav,DNGO-Joint,53,270,0,597,0.1,43.293855942204175,0.7378192948518365,16,16,281,5.89999999999978
Branin-Fav,DNGO-Joint,53,271,0,749,0.1,44.58471059581088,0.7378192948518365,17,16,282,5.799999999999779
Branin-Fav,DNGO-Joint,53,272,0,870,0.1,41.68641482678607,0.7378192948518365,18,16,283,5.699999999999777
Branin-Fav,DNGO-Joint,53,273,0,876,0.1,42.81683150973581,0.7378192948518365,19,16,284,5.599999999999776
Branin-Fav,DNGO-Joint,53,274,0,820,0.1,42.585228787086656,0.7378192948518365,20,16,285,5.499999999999774
Branin-Fav,DNGO-Joint,53,275,1,77,1.0,8.727902365360077,0.7378192948518365,0,17,285,4.499999999999773
Branin-Fav,DNGO-Joint,53,276,0,133,0.1,40.96751489515594,0.7371850063016401,1,17,286,4.399999999999773
Branin-Fav,DNGO-Joint,53,277,0,444,0.1,41.38993371307775,0.7371850063016401,2,17,287,4.299999999999772
Branin-Fav,DNGO-Joint,53,278,0,924,0.1,41.12468521591603,0.7371850063016401,3,17,288,4.19999999999977
Branin-Fav,DNGO-Joint,53,279,0,393,0.1,42.84962817321778,0.7371850063016401,4,17,289,4.099999999999769
Branin-Fav,DNGO-Joint,53,280,0,123,0.1,41.999508717410286,0.7371850063016401,5,17,290,3.999999999999767
Branin-Fav,DNGO-Joint,53,281,0,531,0.1,40.09607847867779,0.7371850063016401,6,17,291,3.8999999999997654
Branin-Fav,DNGO-Joint,53,282,0,432,0.1,42.00319574424432,0.7371850063016401,7,17,292,3.799999999999764
Branin-Fav,DNGO-Joint,53,283,0,729,0.1,40.20905025604655,0.7371850063016401,8,17,293,3.6999999999997626
Branin-Fav,DNGO-Joint,53,284,0,372,0.1,40.700395776882544,0.7371850063016401,9,17,294,3.599999999999761
Branin-Fav,DNGO-Joint,53,285,0,971,0.1,39.27443304200439,0.7371850063016401,10,17,295,3.4999999999997597
Branin-Fav,DNGO-Joint,53,286,0,241,0.1,37.858182828800125,0.7371850063016401,11,17,296,3.3999999999997583
Branin-Fav,DNGO-Joint,53,287,0,322,0.1,39.3877218540732,0.7371850063016401,12,17,297,3.299999999999757
Branin-Fav,DNGO-Joint,53,288,0,342,0.1,38.55011224139355,0.7371850063016401,13,17,298,3.1999999999997555
Branin-Fav,DNGO-Joint,53,289,0,972,0.1,38.889757677233646,0.7371850063016401,14,17,299,3.099999999999754
Branin-Fav,DNGO-Joint,53,290,0,33,0.1,38.07425137894603,0.7371850063016401,15,17,300,2.9999999999997526
Branin-Fav,DNGO-Joint,53,291,0,521,0.1,36.876597494266385,0.7371850063016401,16,17,301,2.899999999999751
Branin-Fav,DNGO-Joint,53,292,0,828,0.1,37.534506476456535,0.7371850063016401,17,17,302,2.79999999999975
Branin-Fav,DNGO-Joint,53,293,0,283,0.1,37.15850644177267,0.7371850063016401,18,17,303,2.6999999999997484
Branin-Fav,DNGO-Joint,53,294,0,494,0.1,37.406592629505525,0.7371850063016401,19,17,304,2.599999999999747
Branin-Fav,DNGO-Joint,53,295,0,545,0.1,39.52234436471571,0.7371850063016401,20,17,305,2.4999999999997455
Branin-Fav,DNGO-Joint,53,296,1,326,1.0,8.628659115962261,0.7371850063016401,0,18,305,1.4999999999997442
Branin-Fav,DNGO-Joint,53,297,0,925,0.1,37.281224290261974,0.7571859620321569,1,18,306,1.3999999999997441
Branin-Fav,DNGO-Joint,53,298,0,40,0.1,37.74185690625695,0.7571859620321569,2,18,307,1.2999999999997427
Branin-Fav,DNGO-Joint,53,299,0,877,0.1,37.438943765246464,0.7571859620321569,3,18,308,1.1999999999997413
Branin-Fav,DNGO-Joint,53,300,0,291,0.1,37.429137045271524,0.7571859620321569,4,18,309,1.0999999999997399
Branin-Fav,DNGO-Joint,53,301,0,22,0.1,37.32431990394426,0.7571859620321569,5,18,310,0.9999999999997385
Branin-Fav,DNGO-Joint,53,302,0,698,0.1,36.65171048285538,0.7571859620321569,6,18,311,0.8999999999997371
Branin-Fav,DNGO-Joint,53,303,0,596,0.1,38.411411977967255,0.7571859620321569,7,18,312,0.7999999999997357
Branin-Fav,DNGO-Joint,53,304,0,233,0.1,35.87646767962404,0.7571859620321569,8,18,313,0.6999999999997343
Branin-Fav,DNGO-Joint,53,305,0,647,0.1,38.371563260884955,0.7571859620321569,9,18,314,0.5999999999997329
Branin-Fav,DNGO-Joint,53,306,0,443,0.1,35.526025975455354,0.7571859620321569,10,18,315,0.49999999999973144
Branin-Fav,DNGO-Joint,53,307,0,973,0.1,36.38871419664063,0.7571859620321569,11,18,316,0.39999999999973
Branin-Fav,DNGO-Joint,53,308,0,392,0.1,37.365672074573624,0.7571859620321569,12,18,317,0.2999999999997286
Branin-Fav,DNGO-Joint,53,309,0,920,0.1,35.62802676157388,0.7571859620321569,13,18,318,0.19999999999972715
Branin-Fav,DNGO-Joint,53,310,0,770,0.1,34.81857447103074,0.7571859620321569,14,18,319,0.09999999999972572
Branin-Fav,DNGO-Joint,54,1,0,27,0.1,168.0645072149371,0.5,1,2,26,45.4
Branin-Fav,DNGO-Joint,54,2,0,28,0.1,130.76638270043543,0.5,2,2,27,45.3
Branin-Fav,DNGO-Joint,54,3,0,31,0.1,128.06546821916925,0.5,3,2,28,45.199999999999996
Branin-Fav,DNGO-Joint,54,4,0,26,0.1,119.76612997490896,0.5,4,2,29,45.1
Branin-Fav,DNGO-Joint,54,5,0,2200,0.1,130.96124569390307,0.5,5,2,30,45.0
Branin-Fav,DNGO-Joint,54,6,0,49,0.1,122.84415222820468,0.5,6,2,31,44.9
Branin-Fav,DNGO-Joint,54,7,0,249,0.1,121.78214566987296,0.5,7,2,32,44.800000000000004
Branin-Fav,DNGO-Joint,54,8,0,99,0.1,123.23252424429401,0.5,8,2,33,44.7
Branin-Fav,DNGO-Joint,54,9,0,349,0.1,121.90426296888931,0.5,9,2,34,44.6
Branin-Fav,DNGO-Joint,54,10,0,149,0.1,116.14534179591911,0.5,10,2,35,44.5
Branin-Fav,DNGO-Joint,54,11,0,48,0.1,116.7703385777055,0.5,11,2,36,44.4
Branin-Fav,DNGO-Joint,54,12,0,449,0.1,115.72554953708897,0.5,12,2,37,44.300000000000004
Branin-Fav,DNGO-Joint,54,13,0,24,0.1,115.29290376898687,0.5,13,2,38,44.2
Branin-Fav,DNGO-Joint,54,14,0,299,0.1,111.23509823639509,0.5,14,2,39,44.1
Branin-Fav,DNGO-Joint,54,15,0,399,0.1,110.86492746531147,0.5,15,2,40,44.00000000000001
Branin-Fav,DNGO-Joint,54,16,0,199,0.1,108.66910490380779,0.5,16,2,41,43.900000000000006
Branin-Fav,DNGO-Joint,54,17,0,30,0.1,107.45917096387423,0.5,17,2,42,43.800000000000004
Branin-Fav,DNGO-Joint,54,18,0,98,0.1,106.60793713771719,0.5,18,2,43,43.7
Branin-Fav,DNGO-Joint,54,19,0,376,0.1,104.72234478262361,0.5,19,2,44,43.6
Branin-Fav,DNGO-Joint,54,20,0,625,0.1,103.04718896686263,0.5,20,2,45,43.50000000000001
Branin-Fav,DNGO-Joint,54,21,1,49,1.0,28.58221823111562,0.5,0,3,45,42.50000000000001
Branin-Fav,DNGO-Joint,54,22,0,327,0.1,101.26678018146062,0.5,1,3,46,42.400000000000006
Branin-Fav,DNGO-Joint,54,23,0,326,0.1,100.58913282511342,0.5,2,3,47,42.300000000000004
Branin-Fav,DNGO-Joint,54,24,0,499,0.1,99.05262526967974,0.5,3,3,48,42.20000000000001
Branin-Fav,DNGO-Joint,54,25,0,476,0.1,102.53765322543028,0.5,4,3,49,42.10000000000001
Branin-Fav,DNGO-Joint,54,26,0,426,0.1,99.53260333696785,0.5,5,3,50,42.00000000000001
Branin-Fav,DNGO-Joint,54,27,0,575,0.1,100.14361835325502,0.5,6,3,51,41.900000000000006
Branin-Fav,DNGO-Joint,54,28,0,377,0.1,100.66648980872912,0.5,7,3,52,41.800000000000004
Branin-Fav,DNGO-Joint,54,29,0,675,0.1,99.30128629902434,0.5,8,3,53,41.70000000000001
Branin-Fav,DNGO-Joint,54,30,0,427,0.1,96.95234459935463,0.5,9,3,54,41.60000000000001
Branin-Fav,DNGO-Joint,54,31,0,526,0.1,95.57199996156726,0.5,10,3,55,41.50000000000001
Branin-Fav,DNGO-Joint,54,32,0,475,0.1,95.65985333632682,0.5,11,3,56,41.40000000000001
Branin-Fav,DNGO-Joint,54,33,0,29,0.1,94.01588738534139,0.5,12,3,57,41.30000000000001
Branin-Fav,DNGO-Joint,54,34,0,477,0.1,95.06004000901075,0.5,13,3,58,41.20000000000001
Branin-Fav,DNGO-Joint,54,35,0,32,0.1,94.12823919691479,0.5,14,3,59,41.10000000000001
Branin-Fav,DNGO-Joint,54,36,0,576,0.1,91.99103861475658,0.5,15,3,60,41.00000000000001
Branin-Fav,DNGO-Joint,54,37,0,525,0.1,92.71788446837195,0.5,16,3,61,40.90000000000001
Branin-Fav,DNGO-Joint,54,38,0,277,0.1,91.3798670019042,0.5,17,3,62,40.80000000000001
Branin-Fav,DNGO-Joint,54,39,0,375,0.1,90.12461404643389,0.5,18,3,63,40.70000000000001
Branin-Fav,DNGO-Joint,54,40,0,276,0.1,88.77792290275856,0.5,19,3,64,40.600000000000016
Branin-Fav,DNGO-Joint,54,41,0,626,0.1,93.5147317381713,0.5,20,3,65,40.500000000000014
Branin-Fav,DNGO-Joint,54,42,1,17,1.0,33.284205693096006,0.5,0,4,65,39.500000000000014
Branin-Fav,DNGO-Joint,54,43,0,527,0.1,88.78948575446589,0.5,1,4,66,39.40000000000001
Branin-Fav,DNGO-Joint,54,44,0,378,0.1,87.88008348131935,0.5,2,4,67,39.30000000000001
Branin-Fav,DNGO-Joint,54,45,0,227,0.1,86.50050464763017,0.5,3,4,68,39.20000000000001
Branin-Fav,DNGO-Joint,54,46,0,574,0.1,87.6236728963168,0.5,4,4,69,39.100000000000016
Branin-Fav,DNGO-Joint,54,47,0,524,0.1,86.37337590635866,0.5,5,4,70,39.000000000000014
Branin-Fav,DNGO-Joint,54,48,0,328,0.1,86.15015139041584,0.5,6,4,71,38.90000000000001
Branin-Fav,DNGO-Joint,54,49,0,226,0.1,86.17347001255249,0.5,7,4,72,38.80000000000002
Branin-Fav,DNGO-Joint,54,50,0,624,0.1,83.90820737710635,0.5,8,4,73,38.70000000000002
Branin-Fav,DNGO-Joint,54,51,0,676,0.1,86.14840792966608,0.5,9,4,74,38.600000000000016
Branin-Fav,DNGO-Joint,54,52,0,549,0.1,83.93555016290598,0.5,10,4,75,38.500000000000014
Branin-Fav,DNGO-Joint,54,53,0,674,0.1,82.94387584454408,0.5,11,4,76,38.40000000000001
Branin-Fav,DNGO-Joint,54,54,0,148,0.1,82.71874374652235,0.5,12,4,77,38.30000000000002
Branin-Fav,DNGO-Joint,54,55,0,278,0.1,84.39337839134467,0.5,13,4,78,38.20000000000002
Branin-Fav,DNGO-Joint,54,56,0,325,0.1,81.23852792923863,0.5,14,4,79,38.100000000000016
Branin-Fav,DNGO-Joint,54,57,0,198,0.1,80.23653349219617,0.5,15,4,80,38.00000000000002
Branin-Fav,DNGO-Joint,54,58,0,228,0.1,81.03723975803499,0.5,16,4,81,37.90000000000002
Branin-Fav,DNGO-Joint,54,59,0,177,0.1,81.16887316968025,0.5,17,4,82,37.80000000000002
Branin-Fav,DNGO-Joint,54,60,0,428,0.1,81.22333193489676,0.5,18,4,83,37.70000000000002
Branin-Fav,DNGO-Joint,54,61,0,176,0.1,80.07278506831743,0.5,19,4,84,37.600000000000016
Branin-Fav,DNGO-Joint,54,62,0,248,0.1,79.0472197818403,0.5,20,4,85,37.50000000000002
Branin-Fav,DNGO-Joint,54,63,1,28,1.0,23.110893921212096,0.5,0,5,85,36.50000000000002
Branin-Fav,DNGO-Joint,54,64,0,474,0.1,78.18010827742387,0.5,1,5,86,36.40000000000002
Branin-Fav,DNGO-Joint,54,65,0,275,0.1,79.01364924142673,0.5,2,5,87,36.30000000000002
Branin-Fav,DNGO-Joint,54,66,0,77,0.1,78.1220959051501,0.5,3,5,88,36.200000000000024
Branin-Fav,DNGO-Joint,54,67,0,298,0.1,76.73713575224143,0.5,4,5,89,36.10000000000002
Branin-Fav,DNGO-Joint,54,68,0,478,0.1,78.76502210237182,0.5,5,5,90,36.00000000000002
Branin-Fav,DNGO-Joint,54,69,0,178,0.1,76.78294305427507,0.5,6,5,91,35.90000000000002
Branin-Fav,DNGO-Joint,54,70,0,127,0.1,76.49351420804476,0.5,7,5,92,35.80000000000002
Branin-Fav,DNGO-Joint,54,71,0,577,0.1,78.41785802822291,0.5,8,5,93,35.700000000000024
Branin-Fav,DNGO-Joint,54,72,0,225,0.1,74.72824784247776,0.5,9,5,94,35.60000000000002
Branin-Fav,DNGO-Joint,54,73,0,329,0.1,74.98014643655523,0.5,10,5,95,35.50000000000002
Branin-Fav,DNGO-Joint,54,74,0,627,0.1,79.1875040857854,0.5,11,5,96,35.40000000000003
Branin-Fav,DNGO-Joint,54,75,0,78,0.1,73.58246198208984,0.5,12,5,97,35.300000000000026
Branin-Fav,DNGO-Joint,54,76,0,279,0.1,73.85581446536658,0.5,13,5,98,35.200000000000024
Branin-Fav,DNGO-Joint,54,77,0,424,0.1,73.3766070142009,0.5,14,5,99,35.10000000000002
Branin-Fav,DNGO-Joint,54,78,0,128,0.1,72.75748771982362,0.5,15,5,100,35.00000000000002
Branin-Fav,DNGO-Joint,54,79,0,229,0.1,71.99731385576365,0.5,16,5,101,34.90000000000003
Branin-Fav,DNGO-Joint,54,80,0,126,0.1,72.03069176205173,0.5,17,5,102,34.800000000000026
Branin-Fav,DNGO-Joint,54,81,0,76,0.1,72.01192742969742,0.5,18,5,103,34.700000000000024
Branin-Fav,DNGO-Joint,54,82,0,379,0.1,70.98831183578366,0.5,19,5,104,34.60000000000003
Branin-Fav,DNGO-Joint,54,83,0,528,0.1,70.30626471057876,0.5,20,5,105,34.50000000000003
Branin-Fav,DNGO-Joint,54,84,1,499,1.0,22.46630795515764,0.5,0,6,105,33.50000000000003
Branin-Fav,DNGO-Joint,54,85,0,179,0.1,139.41253292346957,0.9984104679617826,1,6,106,33.40000000000003
Branin-Fav,DNGO-Joint,54,86,0,25,0.1,139.57808543832456,0.9984104679617826,2,6,107,33.300000000000026
Branin-Fav,DNGO-Joint,54,87,0,348,0.1,139.48668524330276,0.9984104679617826,3,6,108,33.200000000000024
Branin-Fav,DNGO-Joint,54,88,0,374,0.1,144.2353368680193,0.9984104679617826,4,6,109,33.10000000000002
Branin-Fav,DNGO-Joint,54,89,0,724,0.1,139.66451307946937,0.9984104679617826,5,6,110,33.00000000000002
Branin-Fav,DNGO-Joint,54,90,0,725,0.1,134.84355159649292,0.9984104679617826,6,6,111,32.90000000000002
Branin-Fav,DNGO-Joint,54,91,0,429,0.1,135.08344572840946,0.9984104679617826,7,6,112,32.80000000000002
Branin-Fav,DNGO-Joint,54,92,0,79,0.1,134.82276454464355,0.9984104679617826,8,6,113,32.70000000000002
Branin-Fav,DNGO-Joint,54,93,0,47,0.1,138.1777472359908,0.9984104679617826,9,6,114,32.600000000000016
Branin-Fav,DNGO-Joint,54,94,0,398,0.1,133.11462705479397,0.9984104679617826,10,6,115,32.500000000000014
Branin-Fav,DNGO-Joint,54,95,0,97,0.1,133.83154052403341,0.9984104679617826,11,6,116,32.40000000000001
Branin-Fav,DNGO-Joint,54,96,0,75,0.1,131.83947022423362,0.9984104679617826,12,6,117,32.30000000000001
Branin-Fav,DNGO-Joint,54,97,0,129,0.1,133.37273132181815,0.9984104679617826,13,6,118,32.20000000000001
Branin-Fav,DNGO-Joint,54,98,0,147,0.1,131.40859847276857,0.9984104679617826,14,6,119,32.10000000000001
Branin-Fav,DNGO-Joint,54,99,0,230,0.1,130.33691978747655,0.9984104679617826,15,6,120,32.00000000000001
Branin-Fav,DNGO-Joint,54,100,0,197,0.1,127.96425537025567,0.9984104679617826,16,6,121,31.900000000000006
Branin-Fav,DNGO-Joint,54,101,0,726,0.1,131.2300405220747,0.9984104679617826,17,6,122,31.800000000000004
Branin-Fav,DNGO-Joint,54,102,0,623,0.1,128.88032877720826,0.9984104679617826,18,6,123,31.700000000000003
Branin-Fav,DNGO-Joint,54,103,0,46,0.1,128.12629784943945,0.9984104679617826,19,6,124,31.6
Branin-Fav,DNGO-Joint,54,104,0,247,0.1,126.89499854670424,0.9984104679617826,20,6,125,31.5
Branin-Fav,DNGO-Joint,54,105,1,822,1.0,18.59500068706493,0.9984104679617826,0,7,125,30.5
Branin-Fav,DNGO-Joint,54,106,0,280,0.1,125.89289760133053,0.9984104679617826,1,7,126,30.4
Branin-Fav,DNGO-Joint,54,107,0,96,0.1,125.62449459988694,0.9984104679617826,2,7,127,30.299999999999997
Branin-Fav,DNGO-Joint,54,108,0,324,0.1,127.37448083118021,0.9984104679617826,3,7,128,30.199999999999996
Branin-Fav,DNGO-Joint,54,109,0,673,0.1,123.97143290573328,0.9984104679617826,4,7,129,30.099999999999994
Branin-Fav,DNGO-Joint,54,110,0,573,0.1,124.2568294225655,0.9984104679617826,5,7,130,29.999999999999993
Branin-Fav,DNGO-Joint,54,111,0,723,0.1,122.45700836596598,0.9984104679617826,6,7,131,29.89999999999999
Branin-Fav,DNGO-Joint,54,112,0,146,0.1,121.9867861978878,0.9984104679617826,7,7,132,29.79999999999999
Branin-Fav,DNGO-Joint,54,113,0,45,0.1,130.04728355680868,0.9984104679617826,8,7,133,29.69999999999999
Branin-Fav,DNGO-Joint,54,114,0,80,0.1,124.38432387424194,0.9984104679617826,9,7,134,29.599999999999987
Branin-Fav,DNGO-Joint,54,115,0,297,0.1,121.273998863851,0.9984104679617826,10,7,135,29.499999999999986
Branin-Fav,DNGO-Joint,54,116,0,774,0.1,124.97244691954914,0.9984104679617826,11,7,136,29.399999999999984
Branin-Fav,DNGO-Joint,54,117,0,175,0.1,122.38691909494216,0.9984104679617826,12,7,137,29.299999999999983
Branin-Fav,DNGO-Joint,54,118,0,330,0.1,120.41227608548476,0.9984104679617826,13,7,138,29.19999999999998
Branin-Fav,DNGO-Joint,54,119,0,125,0.1,120.56207478696774,0.9984104679617826,14,7,139,29.09999999999998
Branin-Fav,DNGO-Joint,54,120,0,523,0.1,118.61651395863878,0.9984104679617826,15,7,140,28.99999999999998
Branin-Fav,DNGO-Joint,54,121,0,773,0.1,118.88828822489518,0.9984104679617826,16,7,141,28.899999999999977
Branin-Fav,DNGO-Joint,54,122,0,448,0.1,117.69943567924453,0.9984104679617826,17,7,142,28.799999999999976
Branin-Fav,DNGO-Joint,54,123,0,578,0.1,115.34535503945808,0.9984104679617826,18,7,143,28.699999999999974
Branin-Fav,DNGO-Joint,54,124,0,44,0.1,120.75731060620883,0.9984104679617826,19,7,144,28.599999999999973
Branin-Fav,DNGO-Joint,54,125,0,130,0.1,115.49183311711951,0.9984104679617826,20,7,145,28.49999999999997
Branin-Fav,DNGO-Joint,54,126,1,2450,1.0,16.627967529908773,0.9984104679617826,0,8,145,27.49999999999997
Branin-Fav,DNGO-Joint,54,127,0,180,0.1,115.02978964921184,0.9984104679617826,1,8,146,27.39999999999997
Branin-Fav,DNGO-Joint,54,128,0,196,0.1,114.56772015729969,0.9984104679617826,2,8,147,27.29999999999997
Branin-Fav,DNGO-Joint,54,129,0,599,0.1,118.57982239626901,0.9984104679617826,3,8,148,27.199999999999967
Branin-Fav,DNGO-Joint,54,130,0,95,0.1,112.76856656443982,0.9984104679617826,4,8,149,27.099999999999966
Branin-Fav,DNGO-Joint,54,131,0,274,0.1,114.9318303555329,0.9984104679617826,5,8,150,26.999999999999964
Branin-Fav,DNGO-Joint,54,132,0,145,0.1,110.53655931070644,0.9984104679617826,6,8,151,26.899999999999963
Branin-Fav,DNGO-Joint,54,133,0,347,0.1,111.09773768920118,0.9984104679617826,7,8,152,26.79999999999996
Branin-Fav,DNGO-Joint,54,134,0,94,0.1,113.3995509736124,0.9984104679617826,8,8,153,26.69999999999996
Branin-Fav,DNGO-Joint,54,135,0,246,0.1,110.76174250845831,0.9984104679617826,9,8,154,26.59999999999996
Branin-Fav,DNGO-Joint,54,136,0,677,0.1,110.99046185207742,0.9984104679617826,10,8,155,26.499999999999957
Branin-Fav,DNGO-Joint,54,137,0,81,0.1,111.52788297371049,0.9984104679617826,11,8,156,26.399999999999956
Branin-Fav,DNGO-Joint,54,138,0,43,0.1,110.45626454024998,0.9984104679617826,12,8,157,26.299999999999955
Branin-Fav,DNGO-Joint,54,139,0,498,0.1,107.07985970689582,0.9984104679617826,13,8,158,26.199999999999953
Branin-Fav,DNGO-Joint,54,140,0,479,0.1,107.26179959845766,0.9984104679617826,14,8,159,26.09999999999995
Branin-Fav,DNGO-Joint,54,141,0,224,0.1,109.15107280474477,0.9984104679617826,15,8,160,25.99999999999995
Branin-Fav,DNGO-Joint,54,142,0,473,0.1,105.53932234307567,0.9984104679617826,16,8,161,25.89999999999995
Branin-Fav,DNGO-Joint,54,143,0,775,0.1,107.53454636639326,0.9984104679617826,17,8,162,25.799999999999947
Branin-Fav,DNGO-Joint,54,144,0,628,0.1,111.41157657217612,0.9984104679617826,18,8,163,25.699999999999946
Branin-Fav,DNGO-Joint,54,145,0,195,0.1,106.94268817368456,0.9984104679617826,19,8,164,25.599999999999945
Branin-Fav,DNGO-Joint,54,146,0,529,0.1,102.95302619726145,0.9984104679617826,20,8,165,25.499999999999943
Branin-Fav,DNGO-Joint,54,147,1,299,1.0,15.266516377934247,0.9984104679617826,0,9,165,24.499999999999943
Branin-Fav,DNGO-Joint,54,148,0,423,0.1,49.74493019697656,0.47376884945713077,1,9,166,24.39999999999994
Branin-Fav,DNGO-Joint,54,149,0,380,0.1,50.062790145438086,0.47376884945713077,2,9,167,24.29999999999994
Branin-Fav,DNGO-Joint,54,150,0,296,0.1,49.402390261628405,0.47376884945713077,3,9,168,24.19999999999994
Branin-Fav,DNGO-Joint,54,151,0,397,0.1,48.49678181067208,0.47376884945713077,4,9,169,24.099999999999937
Branin-Fav,DNGO-Joint,54,152,0,245,0.1,48.36260199342597,0.47376884945713077,5,9,170,23.999999999999936
Branin-Fav,DNGO-Joint,54,153,0,144,0.1,47.149096461872944,0.47376884945713077,6,9,171,23.899999999999935
Branin-Fav,DNGO-Joint,54,154,0,373,0.1,49.05910973926816,0.47376884945713077,7,9,172,23.799999999999933
Branin-Fav,DNGO-Joint,54,155,0,346,0.1,46.58839351199472,0.47376884945713077,8,9,173,23.699999999999932
Branin-Fav,DNGO-Joint,54,156,0,447,0.1,46.209876943639934,0.47376884945713077,9,9,174,23.59999999999993
Branin-Fav,DNGO-Joint,54,157,0,131,0.1,48.31890303135135,0.47376884945713077,10,9,175,23.49999999999993
Branin-Fav,DNGO-Joint,54,158,0,93,0.1,48.653130042347215,0.47376884945713077,11,9,176,23.399999999999928
Branin-Fav,DNGO-Joint,54,159,0,295,0.1,46.40286363935446,0.47376884945713077,12,9,177,23.299999999999926
Branin-Fav,DNGO-Joint,54,160,0,579,0.1,46.243408312403496,0.47376884945713077,13,9,178,23.199999999999925
Branin-Fav,DNGO-Joint,54,161,0,231,0.1,47.79925048287847,0.47376884945713077,14,9,179,23.099999999999923
Branin-Fav,DNGO-Joint,54,162,0,430,0.1,47.113086110340674,0.47376884945713077,15,9,180,22.999999999999922
Branin-Fav,DNGO-Joint,54,163,0,42,0.1,47.77819951260998,0.47376884945713077,16,9,181,22.89999999999992
Branin-Fav,DNGO-Joint,54,164,0,672,0.1,45.29156081446882,0.47376884945713077,17,9,182,22.79999999999992
Branin-Fav,DNGO-Joint,54,165,0,174,0.1,45.420353443999716,0.47376884945713077,18,9,183,22.699999999999918
Branin-Fav,DNGO-Joint,54,166,0,181,0.1,46.51096811158343,0.47376884945713077,19,9,184,22.599999999999916
Branin-Fav,DNGO-Joint,54,167,0,281,0.1,44.81333144391497,0.47376884945713077,20,9,185,22.499999999999915
Branin-Fav,DNGO-Joint,54,168,1,249,1.0,13.35481974815476,0.47376884945713077,0,10,185,21.499999999999915
Branin-Fav,DNGO-Joint,54,169,0,124,0.1,33.536048443934554,0.36114649553225564,1,10,186,21.399999999999913
Branin-Fav,DNGO-Joint,54,170,0,622,0.1,33.17492248989526,0.36114649553225564,2,10,187,21.299999999999912
Branin-Fav,DNGO-Joint,54,171,0,143,0.1,33.47040636992951,0.36114649553225564,3,10,188,21.19999999999991
Branin-Fav,DNGO-Joint,54,172,0,74,0.1,33.35329357920609,0.36114649553225564,4,10,189,21.09999999999991
Branin-Fav,DNGO-Joint,54,173,0,244,0.1,33.42502261896624,0.36114649553225564,5,10,190,20.999999999999908
Branin-Fav,DNGO-Joint,54,174,0,331,0.1,34.82844069117007,0.36114649553225564,6,10,191,20.899999999999906
Branin-Fav,DNGO-Joint,54,175,0,480,0.1,32.95958441954561,0.36114649553225564,7,10,192,20.799999999999905
Branin-Fav,DNGO-Joint,54,176,0,548,0.1,32.95189590690134,0.36114649553225564,8,10,193,20.699999999999903
Branin-Fav,DNGO-Joint,54,177,0,727,0.1,32.523321686586655,0.36114649553225564,9,10,194,20.599999999999902
Branin-Fav,DNGO-Joint,54,178,0,323,0.1,32.89700726576964,0.36114649553225564,10,10,195,20.4999999999999
Branin-Fav,DNGO-Joint,54,179,0,396,0.1,32.771765701178,0.36114649553225564,11,10,196,20.3999999999999
Branin-Fav,DNGO-Joint,54,180,0,722,0.1,33.68779354909695,0.36114649553225564,12,10,197,20.299999999999898
Branin-Fav,DNGO-Joint,54,181,0,345,0.1,32.42878176950599,0.36114649553225564,13,10,198,20.199999999999896
Branin-Fav,DNGO-Joint,54,182,0,629,0.1,30.87451879078551,0.36114649553225564,14,10,199,20.099999999999895
Branin-Fav,DNGO-Joint,54,183,0,776,0.1,31.57031503343673,0.36114649553225564,15,10,200,19.999999999999893
Branin-Fav,DNGO-Joint,54,184,0,497,0.1,31.124837347556184,0.36114649553225564,16,10,201,19.899999999999892
Branin-Fav,DNGO-Joint,54,185,0,649,0.1,32.186588639879766,0.36114649553225564,17,10,202,19.79999999999989
Branin-Fav,DNGO-Joint,54,186,0,193,0.1,31.328780494410086,0.36114649553225564,18,10,203,19.69999999999989
Branin-Fav,DNGO-Joint,54,187,0,824,0.1,31.382291082203757,0.36114649553225564,19,10,204,19.599999999999888
Branin-Fav,DNGO-Joint,54,188,0,381,0.1,31.813123226809065,0.36114649553225564,20,10,205,19.499999999999886
Branin-Fav,DNGO-Joint,54,189,1,349,1.0,11.362022360797205,0.36114649553225564,0,11,205,18.499999999999886
Branin-Fav,DNGO-Joint,54,190,0,92,0.1,23.29024405692975,0.27595317801936015,1,11,206,18.399999999999885
Branin-Fav,DNGO-Joint,54,191,0,572,0.1,23.90456876465822,0.27595317801936015,2,11,207,18.299999999999883
Branin-Fav,DNGO-Joint,54,192,0,294,0.1,23.899349328307895,0.27595317801936015,3,11,208,18.199999999999882
Branin-Fav,DNGO-Joint,54,193,0,142,0.1,22.95878440989807,0.27595317801936015,4,11,209,18.09999999999988
Branin-Fav,DNGO-Joint,54,194,0,823,0.1,23.003207504036205,0.27595317801936015,5,11,210,17.99999999999988
Branin-Fav,DNGO-Joint,54,195,0,825,0.1,21.99964305881614,0.27595317801936015,6,11,211,17.899999999999878
Branin-Fav,DNGO-Joint,54,196,0,530,0.1,23.233259890732686,0.27595317801936015,7,11,212,17.799999999999876
Branin-Fav,DNGO-Joint,54,197,0,273,0.1,21.977675510571835,0.27595317801936015,8,11,213,17.699999999999875
Branin-Fav,DNGO-Joint,54,198,0,522,0.1,22.774155767604256,0.27595317801936015,9,11,214,17.599999999999874
Branin-Fav,DNGO-Joint,54,199,0,446,0.1,22.288098879239197,0.27595317801936015,10,11,215,17.499999999999872
Branin-Fav,DNGO-Joint,54,200,0,598,0.1,22.783307748774895,0.27595317801936015,11,11,216,17.39999999999987
Branin-Fav,DNGO-Joint,54,201,0,777,0.1,21.934702396787344,0.27595317801936015,12,11,217,17.29999999999987
Branin-Fav,DNGO-Joint,54,202,0,395,0.1,21.823224196677117,0.27595317801936015,13,11,218,17.199999999999868
Branin-Fav,DNGO-Joint,54,203,0,243,0.1,21.849737202484853,0.27595317801936015,14,11,219,17.099999999999866
Branin-Fav,DNGO-Joint,54,204,0,772,0.1,21.847491221609147,0.27595317801936015,15,11,220,16.999999999999865
Branin-Fav,DNGO-Joint,54,205,0,728,0.1,21.445109709111055,0.27595317801936015,16,11,221,16.899999999999864
Branin-Fav,DNGO-Joint,54,206,0,41,0.1,22.523626546412835,0.27595317801936015,17,11,222,16.799999999999862
Branin-Fav,DNGO-Joint,54,207,0,223,0.1,20.9120691757042,0.27595317801936015,18,11,223,16.69999999999986
Branin-Fav,DNGO-Joint,54,208,0,826,0.1,21.066356271332086,0.27595317801936015,19,11,224,16.59999999999986
Branin-Fav,DNGO-Joint,54,209,0,431,0.1,22.557957599661002,0.27595317801936015,20,11,225,16.499999999999858
Branin-Fav,DNGO-Joint,54,210,1,99,1.0,11.232389007377135,0.27595317801936015,0,12,225,15.499999999999858
Branin-Fav,DNGO-Joint,54,211,0,344,0.1,26.694229141551073,0.3542447955281783,1,12,226,15.399999999999858
Branin-Fav,DNGO-Joint,54,212,0,699,0.1,27.115701841259682,0.3542447955281783,2,12,227,15.299999999999857
Branin-Fav,DNGO-Joint,54,213,0,192,0.1,26.119227261598493,0.3542447955281783,3,12,228,15.199999999999855
Branin-Fav,DNGO-Joint,54,214,0,679,0.1,26.43281633882528,0.3542447955281783,4,12,229,15.099999999999854
Branin-Fav,DNGO-Joint,54,215,0,91,0.1,25.821669151596492,0.3542447955281783,5,12,230,14.999999999999853
Branin-Fav,DNGO-Joint,54,216,0,232,0.1,27.7654568531712,0.3542447955281783,6,12,231,14.899999999999851
Branin-Fav,DNGO-Joint,54,217,0,82,0.1,25.83369195551168,0.3542447955281783,7,12,232,14.79999999999985
Branin-Fav,DNGO-Joint,54,218,0,472,0.1,26.249422508549447,0.3542447955281783,8,12,233,14.699999999999848
Branin-Fav,DNGO-Joint,54,219,0,547,0.1,25.608464364724668,0.3542447955281783,9,12,234,14.599999999999847
Branin-Fav,DNGO-Joint,54,220,0,580,0.1,24.995679209970273,0.3542447955281783,10,12,235,14.499999999999845
Branin-Fav,DNGO-Joint,54,221,0,873,0.1,26.45824475306331,0.3542447955281783,11,12,236,14.399999999999844
Branin-Fav,DNGO-Joint,54,222,0,173,0.1,25.057887985907,0.3542447955281783,12,12,237,14.299999999999843
Branin-Fav,DNGO-Joint,54,223,0,496,0.1,25.872946122892746,0.3542447955281783,13,12,238,14.199999999999841
Branin-Fav,DNGO-Joint,54,224,0,481,0.1,25.23395147218814,0.3542447955281783,14,12,239,14.09999999999984
Branin-Fav,DNGO-Joint,54,225,0,445,0.1,24.597301548273055,0.3542447955281783,15,12,240,13.999999999999838
Branin-Fav,DNGO-Joint,54,226,0,422,0.1,25.150948727446938,0.3542447955281783,16,12,241,13.899999999999837
Branin-Fav,DNGO-Joint,54,227,0,293,0.1,25.228666083186948,0.3542447955281783,17,12,242,13.799999999999836
Branin-Fav,DNGO-Joint,54,228,0,242,0.1,24.60019379161815,0.3542447955281783,18,12,243,13.699999999999834
Branin-Fav,DNGO-Joint,54,229,0,874,0.1,25.461237209764803,0.3542447955281783,19,12,244,13.599999999999833
Branin-Fav,DNGO-Joint,54,230,0,132,0.1,24.677638281295717,0.3542447955281783,20,12,245,13.499999999999831
Branin-Fav,DNGO-Joint,54,231,1,476,1.0,10.788424535930117,0.3542447955281783,0,13,245,12.49999999999983
Branin-Fav,DNGO-Joint,54,232,1,426,1.0,10.907593063106797,0.1,0,14,245,11.49999999999983
Branin-Fav,DNGO-Joint,54,233,0,23,0.1,17.864221990011295,0.26780869067455476,1,14,246,11.39999999999983
Branin-Fav,DNGO-Joint,54,234,0,721,0.1,17.824189439458454,0.26780869067455476,2,14,247,11.299999999999828
Branin-Fav,DNGO-Joint,54,235,0,872,0.1,17.897747208761785,0.26780869067455476,3,14,248,11.199999999999827
Branin-Fav,DNGO-Joint,54,236,0,182,0.1,17.41800719028732,0.26780869067455476,4,14,249,11.099999999999826
Branin-Fav,DNGO-Joint,54,237,0,123,0.1,18.227883297014284,0.26780869067455476,5,14,250,10.999999999999824
Branin-Fav,DNGO-Joint,54,238,0,648,0.1,18.213403682583504,0.26780869067455476,6,14,251,10.899999999999823
Branin-Fav,DNGO-Joint,54,239,0,394,0.1,17.941650881841593,0.26780869067455476,7,14,252,10.799999999999821
Branin-Fav,DNGO-Joint,54,240,0,771,0.1,19.21815239237459,0.26780869067455476,8,14,253,10.69999999999982
Branin-Fav,DNGO-Joint,54,241,0,141,0.1,17.522150978380246,0.26780869067455476,9,14,254,10.599999999999818
Branin-Fav,DNGO-Joint,54,242,0,597,0.1,16.99299688289002,0.26780869067455476,10,14,255,10.499999999999817
Branin-Fav,DNGO-Joint,54,243,0,778,0.1,17.36388085428538,0.26780869067455476,11,14,256,10.399999999999816
Branin-Fav,DNGO-Joint,54,244,0,282,0.1,17.722569885671373,0.26780869067455476,12,14,257,10.299999999999814
Branin-Fav,DNGO-Joint,54,245,0,630,0.1,16.83531687495349,0.26780869067455476,13,14,258,10.199999999999813
Branin-Fav,DNGO-Joint,54,246,0,749,0.1,16.534852315287445,0.26780869067455476,14,14,259,10.099999999999811
Branin-Fav,DNGO-Joint,54,247,0,372,0.1,16.840393456755727,0.26780869067455476,15,14,260,9.99999999999981
Branin-Fav,DNGO-Joint,54,248,0,875,0.1,16.719148258849632,0.26780869067455476,16,14,261,9.899999999999809
Branin-Fav,DNGO-Joint,54,249,0,343,0.1,16.548397553048694,0.26780869067455476,17,14,262,9.799999999999807
Branin-Fav,DNGO-Joint,54,250,0,40,0.1,16.677489096191007,0.26780869067455476,18,14,263,9.699999999999806
Branin-Fav,DNGO-Joint,54,251,0,671,0.1,17.035449631738036,0.26780869067455476,19,14,264,9.599999999999804
Branin-Fav,DNGO-Joint,54,252,0,827,0.1,17.028382944292986,0.26780869067455476,20,14,265,9.499999999999803
Branin-Fav,DNGO-Joint,54,253,1,427,1.0,9.767392824091445,0.26780869067455476,0,15,265,8.499999999999801
Branin-Fav,DNGO-Joint,54,254,0,546,0.1,22.602205374873975,0.3698904196371034,1,15,266,8.399999999999801
Branin-Fav,DNGO-Joint,54,255,0,332,0.1,24.228487863064938,0.3698904196371034,2,15,267,8.2999999999998
Branin-Fav,DNGO-Joint,54,256,0,33,0.1,23.21315222779641,0.3698904196371034,3,15,268,8.199999999999799
Branin-Fav,DNGO-Joint,54,257,0,821,0.1,22.107092628687177,0.3698904196371034,4,15,269,8.099999999999797
Branin-Fav,DNGO-Joint,54,258,0,531,0.1,22.001469052600424,0.3698904196371034,5,15,270,7.999999999999796
Branin-Fav,DNGO-Joint,54,259,0,621,0.1,21.302509881485577,0.3698904196371034,6,15,271,7.899999999999794
Branin-Fav,DNGO-Joint,54,260,0,382,0.1,21.709570424127904,0.3698904196371034,7,15,272,7.799999999999793
Branin-Fav,DNGO-Joint,54,261,0,191,0.1,21.421581006631815,0.3698904196371034,8,15,273,7.6999999999997915
Branin-Fav,DNGO-Joint,54,262,0,73,0.1,21.612655922709624,0.3698904196371034,9,15,274,7.59999999999979
Branin-Fav,DNGO-Joint,54,263,0,322,0.1,21.053969671205408,0.3698904196371034,10,15,275,7.499999999999789
Branin-Fav,DNGO-Joint,54,264,0,444,0.1,21.99780466567634,0.3698904196371034,11,15,276,7.399999999999787
Branin-Fav,DNGO-Joint,54,265,0,495,0.1,20.743963830186498,0.3698904196371034,12,15,277,7.299999999999786
Branin-Fav,DNGO-Joint,54,266,0,871,0.1,20.844932590656054,0.3698904196371034,13,15,278,7.199999999999784
Branin-Fav,DNGO-Joint,54,267,0,729,0.1,21.21026656443019,0.3698904196371034,14,15,279,7.099999999999783
Branin-Fav,DNGO-Joint,54,268,0,571,0.1,20.44695519236925,0.3698904196371034,15,15,280,6.9999999999997815
Branin-Fav,DNGO-Joint,54,269,0,90,0.1,20.423631780175164,0.3698904196371034,16,15,281,6.89999999999978
Branin-Fav,DNGO-Joint,54,270,0,923,0.1,21.598665055612596,0.3698904196371034,17,15,282,6.799999999999779
Branin-Fav,DNGO-Joint,54,271,0,876,0.1,20.259200958228238,0.3698904196371034,18,15,283,6.699999999999777
Branin-Fav,DNGO-Joint,54,272,0,924,0.1,20.486641036854945,0.3698904196371034,19,15,284,6.599999999999776
Branin-Fav,DNGO-Joint,54,273,0,233,0.1,21.09827019007265,0.3698904196371034,20,15,285,6.499999999999774
Branin-Fav,DNGO-Joint,54,274,1,526,1.0,9.151490846745483,0.3698904196371034,0,16,285,5.499999999999773
Branin-Fav,DNGO-Joint,54,275,0,922,0.1,22.4333025434899,0.41055248366764724,1,16,286,5.399999999999773
Branin-Fav,DNGO-Joint,54,276,0,393,0.1,22.887716908753923,0.41055248366764724,2,16,287,5.299999999999772
Branin-Fav,DNGO-Joint,54,277,0,342,0.1,21.791080503844714,0.41055248366764724,3,16,288,5.19999999999977
Branin-Fav,DNGO-Joint,54,278,0,241,0.1,21.980094312667962,0.41055248366764724,4,16,289,5.099999999999769
Branin-Fav,DNGO-Joint,54,279,0,680,0.1,22.24562989153461,0.41055248366764724,5,16,290,4.999999999999767
Branin-Fav,DNGO-Joint,54,280,0,779,0.1,21.81010735237262,0.41055248366764724,6,16,291,4.899999999999766
Branin-Fav,DNGO-Joint,54,281,0,921,0.1,21.80474810735622,0.41055248366764724,7,16,292,4.7999999999997645
Branin-Fav,DNGO-Joint,54,282,0,291,0.1,21.18643276756602,0.41055248366764724,8,16,293,4.699999999999763
Branin-Fav,DNGO-Joint,54,283,0,2050,0.1,20.726986102379524,0.41055248366764724,9,16,294,4.599999999999762
Branin-Fav,DNGO-Joint,54,284,0,432,0.1,20.801263048158816,0.41055248366764724,10,16,295,4.49999999999976
Branin-Fav,DNGO-Joint,54,285,0,820,0.1,20.531368031362458,0.41055248366764724,11,16,296,4.399999999999759
Branin-Fav,DNGO-Joint,54,286,0,521,0.1,20.38542828171439,0.41055248366764724,12,16,297,4.299999999999757
Branin-Fav,DNGO-Joint,54,287,0,39,0.1,21.320916279025504,0.41055248366764724,13,16,298,4.199999999999756
Branin-Fav,DNGO-Joint,54,288,0,272,0.1,20.771745702230067,0.41055248366764724,14,16,299,4.0999999999997545
Branin-Fav,DNGO-Joint,54,289,0,925,0.1,19.640327011627804,0.41055248366764724,15,16,300,3.9999999999997526
Branin-Fav,DNGO-Joint,54,290,0,828,0.1,20.109304373571057,0.41055248366764724,16,16,301,3.899999999999751
Branin-Fav,DNGO-Joint,54,291,0,283,0.1,20.5220453415906,0.41055248366764724,17,16,302,3.79999999999975
Branin-Fav,DNGO-Joint,54,292,0,770,0.1,19.430084229296167,0.41055248366764724,18,16,303,3.6999999999997484
Branin-Fav,DNGO-Joint,54,293,0,972,0.1,20.012814977063694,0.41055248366764724,19,16,304,3.599999999999747
Branin-Fav,DNGO-Joint,54,294,0,698,0.1,19.74745415473051,0.41055248366764724,20,16,305,3.4999999999997455
Branin-Fav,DNGO-Joint,54,295,1,477,1.0,9.316129150261336,0.41055248366764724,0,17,305,2.499999999999744
Branin-Fav,DNGO-Joint,54,296,0,647,0.1,21.982824720676696,0.4460940782805808,1,17,306,2.399999999999744
Branin-Fav,DNGO-Joint,54,297,0,190,0.1,21.694154108530757,0.4460940782805808,2,17,307,2.2999999999997427
Branin-Fav,DNGO-Joint,54,298,0,596,0.1,21.03544643135506,0.4460940782805808,3,17,308,2.1999999999997413
Branin-Fav,DNGO-Joint,54,299,0,545,0.1,21.23762708868851,0.4460940782805808,4,17,309,2.09999999999974
Branin-Fav,DNGO-Joint,54,300,0,83,0.1,21.2447212198944,0.4460940782805808,5,17,310,1.9999999999997384
Branin-Fav,DNGO-Joint,54,301,0,140,0.1,21.288488614279544,0.4460940782805808,6,17,311,1.899999999999737
Branin-Fav,DNGO-Joint,54,302,0,183,0.1,20.413320311208512,0.4460940782805808,7,17,312,1.7999999999997356
Branin-Fav,DNGO-Joint,54,303,0,333,0.1,22.18190872052828,0.4460940782805808,8,17,313,1.6999999999997342
Branin-Fav,DNGO-Joint,54,304,0,799,0.1,21.169153586995204,0.4460940782805808,9,17,314,1.5999999999997327
Branin-Fav,DNGO-Joint,54,305,0,494,0.1,21.48786577200595,0.4460940782805808,10,17,315,1.4999999999997313
Branin-Fav,DNGO-Joint,54,306,0,443,0.1,20.340883152679226,0.4460940782805808,11,17,316,1.39999999999973
Branin-Fav,DNGO-Joint,54,307,0,471,0.1,19.93339721532255,0.4460940782805808,12,17,317,1.2999999999997285
Branin-Fav,DNGO-Joint,54,308,0,544,0.1,20.54983412605714,0.4460940782805808,13,17,318,1.199999999999727
Branin-Fav,DNGO-Joint,54,309,0,133,0.1,20.196498855250187,0.4460940782805808,14,17,319,1.0999999999997256
Branin-Fav,DNGO-Joint,54,310,0,870,0.1,19.665263841517692,0.4460940782805808,15,17,320,0.9999999999997243
Branin-Fav,DNGO-Joint,54,311,0,392,0.1,19.727842047365105,0.4460940782805808,16,17,321,0.8999999999997229
Branin-Fav,DNGO-Joint,54,312,0,877,0.1,19.876775497753485,0.4460940782805808,17,17,322,0.7999999999997215
Branin-Fav,DNGO-Joint,54,313,0,973,0.1,20.29543750639606,0.4460940782805808,18,17,323,0.6999999999997201
Branin-Fav,DNGO-Joint,54,314,0,971,0.1,19.267314515285776,0.4460940782805808,19,17,324,0.5999999999997186
Branin-Fav,DNGO-Joint,54,315,0,926,0.1,19.42921780325955,0.4460940782805808,20,17,325,0.4999999999997172
Branin-Fav,DNGO-Joint,54,316,0,730,0.1,20.113661274345535,0.4460940782805808,21,17,326,0.3999999999997158
Branin-Fav,DNGO-Joint,54,317,0,240,0.1,18.940572218094996,0.4460940782805808,22,17,327,0.2999999999997144
Branin-Fav,DNGO-Joint,54,318,0,631,0.1,19.47289787741539,0.4460940782805808,23,17,328,0.19999999999971294
Branin-Fav,DNGO-Joint,54,319,0,493,0.1,18.549867240326943,0.4460940782805808,24,17,329,0.09999999999971151
Branin-Fav,DNGO-Joint,55,1,0,33,0.1,136.42375470724252,0.5,1,2,26,45.4
Branin-Fav,DNGO-Joint,55,2,0,36,0.1,107.08547686574462,0.5,2,2,27,45.3
Branin-Fav,DNGO-Joint,55,3,0,49,0.1,111.69303175963461,0.5,3,2,28,45.199999999999996
Branin-Fav,DNGO-Joint,55,4,0,1950,0.1,108.1241576794966,0.5,4,2,29,45.1
Branin-Fav,DNGO-Joint,55,5,0,99,0.1,100.44768260591638,0.5,5,2,30,45.0
Branin-Fav,DNGO-Joint,55,6,0,48,0.1,95.6354116210964,0.5,6,2,31,44.9
Branin-Fav,DNGO-Joint,55,7,0,149,0.1,102.49180805637363,0.5,7,2,32,44.800000000000004
Branin-Fav,DNGO-Joint,55,8,0,98,0.1,95.01280228942395,0.5,8,2,33,44.7
Branin-Fav,DNGO-Joint,55,9,0,199,0.1,96.68651588180198,0.5,9,2,34,44.6
Branin-Fav,DNGO-Joint,55,10,0,47,0.1,91.88320796749495,0.5,10,2,35,44.5
Branin-Fav,DNGO-Joint,55,11,0,249,0.1,96.33320328710035,0.5,11,2,36,44.4
Branin-Fav,DNGO-Joint,55,12,0,148,0.1,92.48172508551396,0.5,12,2,37,44.300000000000004
Branin-Fav,DNGO-Joint,55,13,0,299,0.1,93.53969853894245,0.5,13,2,38,44.2
Branin-Fav,DNGO-Joint,55,14,0,198,0.1,89.98552975132749,0.5,14,2,39,44.1
Branin-Fav,DNGO-Joint,55,15,0,97,0.1,89.6124266922362,0.5,15,2,40,44.00000000000001
Branin-Fav,DNGO-Joint,55,16,0,28,0.1,86.80717538403361,0.5,16,2,41,43.900000000000006
Branin-Fav,DNGO-Joint,55,17,0,147,0.1,85.6411690357537,0.5,17,2,42,43.800000000000004
Branin-Fav,DNGO-Joint,55,18,0,349,0.1,88.78294699671814,0.5,18,2,43,43.7
Branin-Fav,DNGO-Joint,55,19,0,248,0.1,85.42416782637214,0.5,19,2,44,43.6
Branin-Fav,DNGO-Joint,55,20,0,399,0.1,86.76077235641823,0.5,20,2,45,43.50000000000001
Branin-Fav,DNGO-Joint,55,21,1,1150,1.0,26.995200703559963,0.5,0,3,45,42.50000000000001
Branin-Fav,DNGO-Joint,55,22,0,96,0.1,86.29681753458847,0.5,1,3,46,42.400000000000006
Branin-Fav,DNGO-Joint,55,23,0,45,0.1,88.710681574726,0.5,2,3,47,42.300000000000004
Branin-Fav,DNGO-Joint,55,24,0,298,0.1,85.26852397826794,0.5,3,3,48,42.20000000000001
Branin-Fav,DNGO-Joint,55,25,0,197,0.1,84.37489810209856,0.5,4,3,49,42.10000000000001
Branin-Fav,DNGO-Joint,55,26,0,348,0.1,82.27844084294546,0.5,5,3,50,42.00000000000001
Branin-Fav,DNGO-Joint,55,27,0,449,0.1,85.53136550310053,0.5,6,3,51,41.900000000000006
Branin-Fav,DNGO-Joint,55,28,0,247,0.1,80.87358246179855,0.5,7,3,52,41.800000000000004
Branin-Fav,DNGO-Joint,55,29,0,398,0.1,80.90401376583661,0.5,8,3,53,41.70000000000001
Branin-Fav,DNGO-Joint,55,30,0,44,0.1,84.77574914418557,0.5,9,3,54,41.60000000000001
Branin-Fav,DNGO-Joint,55,31,0,499,0.1,79.59729580153054,0.5,10,3,55,41.50000000000001
Branin-Fav,DNGO-Joint,55,32,0,146,0.1,79.80158569867586,0.5,11,3,56,41.40000000000001
Branin-Fav,DNGO-Joint,55,33,0,34,0.1,77.37761664036563,0.5,12,3,57,41.30000000000001
Branin-Fav,DNGO-Joint,55,34,0,297,0.1,77.38814115964094,0.5,13,3,58,41.20000000000001
Branin-Fav,DNGO-Joint,55,35,0,196,0.1,75.92054314443196,0.5,14,3,59,41.10000000000001
Branin-Fav,DNGO-Joint,55,36,0,95,0.1,75.31621762991,0.5,15,3,60,41.00000000000001
Branin-Fav,DNGO-Joint,55,37,0,478,0.1,79.33482449527592,0.5,16,3,61,40.90000000000001
Branin-Fav,DNGO-Joint,55,38,0,528,0.1,79.45806396197132,0.5,17,3,62,40.80000000000001
Branin-Fav,DNGO-Joint,55,39,0,477,0.1,78.71105597268911,0.5,18,3,63,40.70000000000001
Branin-Fav,DNGO-Joint,55,40,0,246,0.1,76.00215128935176,0.5,19,3,64,40.600000000000016
Branin-Fav,DNGO-Joint,55,41,0,347,0.1,75.50812042377686,0.5,20,3,65,40.500000000000014
Branin-Fav,DNGO-Joint,55,42,1,2456,1.0,32.700712731359985,0.5,0,4,65,39.500000000000014
Branin-Fav,DNGO-Joint,55,43,0,527,0.1,77.51574692081667,0.5,1,4,66,39.40000000000001
Branin-Fav,DNGO-Joint,55,44,0,145,0.1,73.05749389842116,0.5,2,4,67,39.30000000000001
Branin-Fav,DNGO-Joint,55,45,0,577,0.1,75.56368689656911,0.5,3,4,68,39.20000000000001
Branin-Fav,DNGO-Joint,55,46,0,448,0.1,72.63297684288591,0.5,4,4,69,39.100000000000016
Branin-Fav,DNGO-Joint,55,47,0,428,0.1,79.46810659050742,0.5,5,4,70,39.000000000000014
Branin-Fav,DNGO-Joint,55,48,0,578,0.1,75.99715929110127,0.5,6,4,71,38.90000000000001
Branin-Fav,DNGO-Joint,55,49,0,427,0.1,72.76936212847887,0.5,7,4,72,38.80000000000002
Branin-Fav,DNGO-Joint,55,50,0,627,0.1,73.37337137859565,0.5,8,4,73,38.70000000000002
Branin-Fav,DNGO-Joint,55,51,0,626,0.1,72.19561917701499,0.5,9,4,74,38.600000000000016
Branin-Fav,DNGO-Joint,55,52,0,576,0.1,70.21037132278182,0.5,10,4,75,38.500000000000014
Branin-Fav,DNGO-Joint,55,53,0,378,0.1,74.48634956099302,0.5,11,4,76,38.40000000000001
Branin-Fav,DNGO-Joint,55,54,0,479,0.1,74.24176277429342,0.5,12,4,77,38.30000000000002
Branin-Fav,DNGO-Joint,55,55,0,676,0.1,71.24455157905872,0.5,13,4,78,38.20000000000002
Branin-Fav,DNGO-Joint,55,56,0,526,0.1,70.81460677275227,0.5,14,4,79,38.100000000000016
Branin-Fav,DNGO-Joint,55,57,0,677,0.1,70.55220872264942,0.5,15,4,80,38.00000000000002
Branin-Fav,DNGO-Joint,55,58,0,429,0.1,72.8283078861072,0.5,16,4,81,37.90000000000002
Branin-Fav,DNGO-Joint,55,59,0,476,0.1,70.36951320493874,0.5,17,4,82,37.80000000000002
Branin-Fav,DNGO-Joint,55,60,0,377,0.1,69.89568389042961,0.5,18,4,83,37.70000000000002
Branin-Fav,DNGO-Joint,55,61,0,625,0.1,69.51795352098873,0.5,19,4,84,37.600000000000016
Branin-Fav,DNGO-Joint,55,62,0,628,0.1,68.32964397821388,0.5,20,4,85,37.50000000000002
Branin-Fav,DNGO-Joint,55,63,1,2450,1.0,17.592381895627717,0.5,0,5,85,36.50000000000002
Branin-Fav,DNGO-Joint,55,64,0,327,0.1,69.30664485926033,0.5,1,5,86,36.40000000000002
Branin-Fav,DNGO-Joint,55,65,0,529,0.1,66.33809551327577,0.5,2,5,87,36.30000000000002
Branin-Fav,DNGO-Joint,55,66,0,575,0.1,68.17748325391737,0.5,3,5,88,36.200000000000024
Branin-Fav,DNGO-Joint,55,67,0,675,0.1,66.66060499824702,0.5,4,5,89,36.10000000000002
Branin-Fav,DNGO-Joint,55,68,0,579,0.1,66.89964149613738,0.5,5,5,90,36.00000000000002
Branin-Fav,DNGO-Joint,55,69,0,379,0.1,65.79281605522607,0.5,6,5,91,35.90000000000002
Branin-Fav,DNGO-Joint,55,70,0,426,0.1,64.37528594585523,0.5,7,5,92,35.80000000000002
Branin-Fav,DNGO-Joint,55,71,0,525,0.1,64.49509362112192,0.5,8,5,93,35.700000000000024
Branin-Fav,DNGO-Joint,55,72,0,376,0.1,63.617856074457805,0.5,9,5,94,35.60000000000002
Branin-Fav,DNGO-Joint,55,73,0,475,0.1,64.96272531882956,0.5,10,5,95,35.50000000000002
Branin-Fav,DNGO-Joint,55,74,0,425,0.1,64.09483041358261,0.5,11,5,96,35.40000000000003
Branin-Fav,DNGO-Joint,55,75,0,726,0.1,64.0149583777446,0.5,12,5,97,35.300000000000026
Branin-Fav,DNGO-Joint,55,76,0,326,0.1,62.373074667810265,0.5,13,5,98,35.200000000000024
Branin-Fav,DNGO-Joint,55,77,0,277,0.1,62.76245800704736,0.5,14,5,99,35.10000000000002
Branin-Fav,DNGO-Joint,55,78,0,678,0.1,63.14211951806738,0.5,15,5,100,35.00000000000002
Branin-Fav,DNGO-Joint,55,79,0,278,0.1,62.495862782582144,0.5,16,5,101,34.90000000000003
Branin-Fav,DNGO-Joint,55,80,0,329,0.1,61.966445529329,0.5,17,5,102,34.800000000000026
Branin-Fav,DNGO-Joint,55,81,0,629,0.1,62.02151304451517,0.5,18,5,103,34.700000000000024
Branin-Fav,DNGO-Joint,55,82,1,599,1.0,63.982345334550956,0.5,0,6,103,33.70000000000003
Branin-Fav,DNGO-Joint,55,83,0,227,0.1,62.868465237607865,0.5,1,6,104,33.60000000000003
Branin-Fav,DNGO-Joint,55,84,0,276,0.1,60.53830053580019,0.5,2,6,105,33.50000000000002
Branin-Fav,DNGO-Joint,55,85,0,279,0.1,59.19982932247912,0.5,3,6,106,33.40000000000003
Branin-Fav,DNGO-Joint,55,86,0,228,0.1,61.60505752761271,0.5,4,6,107,33.30000000000002
Branin-Fav,DNGO-Joint,55,87,0,177,0.1,61.16310397687658,0.5,5,6,108,33.200000000000024
Branin-Fav,DNGO-Joint,55,88,0,375,0.1,60.455958899469685,0.5,6,6,109,33.100000000000016
Branin-Fav,DNGO-Joint,55,89,0,127,0.1,60.68153066308488,0.5,7,6,110,33.00000000000002
Branin-Fav,DNGO-Joint,55,90,0,296,0.1,58.752424839650764,0.5,8,6,111,32.90000000000001
Branin-Fav,DNGO-Joint,55,91,0,624,0.1,59.03278036774354,0.5,9,6,112,32.80000000000002
Branin-Fav,DNGO-Joint,55,92,0,725,0.1,58.95735626903104,0.5,10,6,113,32.70000000000001
Branin-Fav,DNGO-Joint,55,93,0,574,0.1,57.766705266861855,0.5,11,6,114,32.600000000000016
Branin-Fav,DNGO-Joint,55,94,0,226,0.1,57.88864978794665,0.5,12,6,115,32.50000000000001
Branin-Fav,DNGO-Joint,55,95,0,178,0.1,56.86377138685775,0.5,13,6,116,32.40000000000001
Branin-Fav,DNGO-Joint,55,96,0,325,0.1,58.25020154340252,0.5,14,6,117,32.300000000000004
Branin-Fav,DNGO-Joint,55,97,0,524,0.1,58.617477146547984,0.5,15,6,118,32.20000000000001
Branin-Fav,DNGO-Joint,55,98,0,176,0.1,58.31315494055471,0.5,16,6,119,32.1
Branin-Fav,DNGO-Joint,55,99,0,229,0.1,56.89671486214068,0.5,17,6,120,32.00000000000001
Branin-Fav,DNGO-Joint,55,100,0,128,0.1,56.41855085846059,0.5,18,6,121,31.9
Branin-Fav,DNGO-Joint,55,101,0,275,0.1,55.60912429465504,0.5,19,6,122,31.8
Branin-Fav,DNGO-Joint,55,102,0,430,0.1,54.93849098089658,0.5,20,6,123,31.7
Branin-Fav,DNGO-Joint,55,103,1,699,1.0,13.626023032948009,0.5,0,7,123,30.7
Branin-Fav,DNGO-Joint,55,104,0,126,0.1,54.77339602802552,0.5,1,7,124,30.599999999999998
Branin-Fav,DNGO-Joint,55,105,0,77,0.1,56.072890719946855,0.5,2,7,125,30.499999999999996
Branin-Fav,DNGO-Joint,55,106,0,27,0.1,55.803037316318616,0.5,3,7,126,30.399999999999995
Branin-Fav,DNGO-Joint,55,107,0,674,0.1,57.030397123193595,0.5,4,7,127,30.299999999999994
Branin-Fav,DNGO-Joint,55,108,0,76,0.1,54.82406339509188,0.5,5,7,128,30.199999999999992
Branin-Fav,DNGO-Joint,55,109,0,474,0.1,56.72387581945701,0.5,6,7,129,30.09999999999999
Branin-Fav,DNGO-Joint,55,110,0,424,0.1,52.63271407114291,0.5,7,7,130,29.99999999999999
Branin-Fav,DNGO-Joint,55,111,0,727,0.1,53.18789508062707,0.5,8,7,131,29.899999999999988
Branin-Fav,DNGO-Joint,55,112,0,26,0.1,52.300974257831086,0.5,9,7,132,29.799999999999986
Branin-Fav,DNGO-Joint,55,113,0,179,0.1,52.277237611748944,0.5,10,7,133,29.699999999999985
Branin-Fav,DNGO-Joint,55,114,0,78,0.1,52.91594363040781,0.5,11,7,134,29.599999999999984
Branin-Fav,DNGO-Joint,55,115,0,380,0.1,50.50726443154553,0.5,12,7,135,29.499999999999982
Branin-Fav,DNGO-Joint,55,116,0,25,0.1,52.72481324760688,0.5,13,7,136,29.39999999999998
Branin-Fav,DNGO-Joint,55,117,0,724,0.1,51.40522003525003,0.5,14,7,137,29.29999999999998
Branin-Fav,DNGO-Joint,55,118,0,549,0.1,50.451836901594,0.5,15,7,138,29.199999999999978
Branin-Fav,DNGO-Joint,55,119,0,480,0.1,50.76679545501255,0.5,16,7,139,29.099999999999977
Branin-Fav,DNGO-Joint,55,120,0,94,0.1,49.974707993265014,0.5,17,7,140,28.999999999999975
Branin-Fav,DNGO-Joint,55,121,0,775,0.1,49.980847275628406,0.5,18,7,141,28.899999999999974
Branin-Fav,DNGO-Joint,55,122,0,195,0.1,51.39945846537319,0.5,19,7,142,28.799999999999972
Branin-Fav,DNGO-Joint,55,123,0,129,0.1,49.866284209016904,0.5,20,7,143,28.69999999999997
Branin-Fav,DNGO-Joint,55,124,1,749,1.0,13.026718799317198,0.5,0,8,143,27.69999999999997
Branin-Fav,DNGO-Joint,55,125,0,374,0.1,49.66133401543518,0.5,1,8,144,27.59999999999997
Branin-Fav,DNGO-Joint,55,126,0,175,0.1,48.38218510331458,0.5,2,8,145,27.499999999999968
Branin-Fav,DNGO-Joint,55,127,0,397,0.1,47.682021072201664,0.5,3,8,146,27.399999999999967
Branin-Fav,DNGO-Joint,55,128,0,125,0.1,48.80376596255035,0.5,4,8,147,27.299999999999965
Branin-Fav,DNGO-Joint,55,129,0,330,0.1,47.85749545809967,0.5,5,8,148,27.199999999999964
Branin-Fav,DNGO-Joint,55,130,0,324,0.1,47.164058893307676,0.5,6,8,149,27.099999999999962
Branin-Fav,DNGO-Joint,55,131,0,776,0.1,47.40248454208464,0.5,7,8,150,26.99999999999996
Branin-Fav,DNGO-Joint,55,132,0,144,0.1,48.345797347008535,0.5,8,8,151,26.89999999999996
Branin-Fav,DNGO-Joint,55,133,0,623,0.1,47.19627011991431,0.5,9,8,152,26.799999999999958
Branin-Fav,DNGO-Joint,55,134,0,573,0.1,47.05068651280756,0.5,10,8,153,26.699999999999957
Branin-Fav,DNGO-Joint,55,135,0,673,0.1,46.44695527558122,0.5,11,8,154,26.599999999999955
Branin-Fav,DNGO-Joint,55,136,0,75,0.1,47.06551361929478,0.5,12,8,155,26.499999999999954
Branin-Fav,DNGO-Joint,55,137,0,728,0.1,45.52029896771483,0.5,13,8,156,26.399999999999952
Branin-Fav,DNGO-Joint,55,138,0,245,0.1,45.373363067030944,0.5,14,8,157,26.29999999999995
Branin-Fav,DNGO-Joint,55,139,0,43,0.1,45.97168802484825,0.5,15,8,158,26.19999999999995
Branin-Fav,DNGO-Joint,55,140,0,346,0.1,45.47046289844847,0.5,16,8,159,26.099999999999948
Branin-Fav,DNGO-Joint,55,141,0,498,0.1,45.28545635538102,0.5,17,8,160,25.999999999999947
Branin-Fav,DNGO-Joint,55,142,0,79,0.1,43.72868698419493,0.5,18,8,161,25.899999999999945
Branin-Fav,DNGO-Joint,55,143,0,447,0.1,44.51919584730046,0.5,19,8,162,25.799999999999944
Branin-Fav,DNGO-Joint,55,144,0,774,0.1,44.52419753955558,0.5,20,8,163,25.699999999999942
Branin-Fav,DNGO-Joint,55,145,1,299,1.0,15.54292560999037,0.5,0,9,163,24.699999999999942
Branin-Fav,DNGO-Joint,55,146,0,280,0.1,46.11898504588807,0.5,1,9,164,24.59999999999994
Branin-Fav,DNGO-Joint,55,147,0,29,0.1,43.77433627575254,0.5,2,9,165,24.49999999999994
Branin-Fav,DNGO-Joint,55,148,0,723,0.1,43.88450684633913,0.5,3,9,166,24.399999999999938
Branin-Fav,DNGO-Joint,55,149,0,530,0.1,43.66929377049171,0.5,4,9,167,24.299999999999937
Branin-Fav,DNGO-Joint,55,150,0,194,0.1,44.52176067278632,0.5,5,9,168,24.199999999999935
Branin-Fav,DNGO-Joint,55,151,0,523,0.1,43.169368827935735,0.5,6,9,169,24.099999999999934
Branin-Fav,DNGO-Joint,55,152,0,679,0.1,42.65663486377672,0.5,7,9,170,23.999999999999932
Branin-Fav,DNGO-Joint,55,153,0,295,0.1,44.239157560940306,0.5,8,9,171,23.89999999999993
Branin-Fav,DNGO-Joint,55,154,0,274,0.1,41.612957750023945,0.5,9,9,172,23.79999999999993
Branin-Fav,DNGO-Joint,55,155,0,230,0.1,43.712473758943155,0.5,10,9,173,23.69999999999993
Branin-Fav,DNGO-Joint,55,156,0,777,0.1,42.14462991276695,0.5,11,9,174,23.599999999999927
Branin-Fav,DNGO-Joint,55,157,0,548,0.1,40.842191060605316,0.5,12,9,175,23.499999999999925
Branin-Fav,DNGO-Joint,55,158,0,396,0.1,42.091691392099285,0.5,13,9,176,23.399999999999924
Branin-Fav,DNGO-Joint,55,159,0,773,0.1,42.249326296700325,0.5,14,9,177,23.299999999999923
Branin-Fav,DNGO-Joint,55,160,0,244,0.1,41.61886898108365,0.5,15,9,178,23.19999999999992
Branin-Fav,DNGO-Joint,55,161,0,224,0.1,39.938015925482944,0.5,16,9,179,23.09999999999992
Branin-Fav,DNGO-Joint,55,162,0,180,0.1,39.67980380487706,0.5,17,9,180,22.99999999999992
Branin-Fav,DNGO-Joint,55,163,0,345,0.1,40.10910526235191,0.5,18,9,181,22.899999999999917
Branin-Fav,DNGO-Joint,55,164,0,93,0.1,41.684184016278756,0.5,19,9,182,22.799999999999915
Branin-Fav,DNGO-Joint,55,165,0,473,0.1,39.76481876265871,0.5,20,9,183,22.699999999999914
Branin-Fav,DNGO-Joint,55,166,1,399,1.0,13.856291467611074,0.5,0,10,183,21.699999999999914
Branin-Fav,DNGO-Joint,55,167,0,423,0.1,40.17329095200394,0.5,1,10,184,21.599999999999913
Branin-Fav,DNGO-Joint,55,168,0,130,0.1,41.36964266377879,0.5,2,10,185,21.49999999999991
Branin-Fav,DNGO-Joint,55,169,0,824,0.1,39.444742828471654,0.5,3,10,186,21.39999999999991
Branin-Fav,DNGO-Joint,55,170,0,174,0.1,38.22736678387558,0.5,4,10,187,21.29999999999991
Branin-Fav,DNGO-Joint,55,171,0,825,0.1,38.72456042562771,0.5,5,10,188,21.199999999999907
Branin-Fav,DNGO-Joint,55,172,0,497,0.1,38.974710475390786,0.5,6,10,189,21.099999999999905
Branin-Fav,DNGO-Joint,55,173,0,143,0.1,39.096181096766344,0.5,7,10,190,20.999999999999904
Branin-Fav,DNGO-Joint,55,174,0,446,0.1,38.134670471572,0.5,8,10,191,20.899999999999903
Branin-Fav,DNGO-Joint,55,175,0,649,0.1,39.04312042042433,0.5,9,10,192,20.7999999999999
Branin-Fav,DNGO-Joint,55,176,0,722,0.1,38.34499602192192,0.5,10,10,193,20.6999999999999
Branin-Fav,DNGO-Joint,55,177,0,42,0.1,38.53513237258365,0.5,11,10,194,20.5999999999999
Branin-Fav,DNGO-Joint,55,178,0,124,0.1,36.92835164105292,0.5,12,10,195,20.499999999999897
Branin-Fav,DNGO-Joint,55,179,0,580,0.1,38.48558341849201,0.5,13,10,196,20.399999999999896
Branin-Fav,DNGO-Joint,55,180,0,778,0.1,36.92783970715364,0.5,14,10,197,20.299999999999894
Branin-Fav,DNGO-Joint,55,181,0,826,0.1,36.40790710683587,0.5,15,10,198,20.199999999999893
Branin-Fav,DNGO-Joint,55,182,0,24,0.1,37.50082261454761,0.5,16,10,199,20.09999999999989
Branin-Fav,DNGO-Joint,55,183,0,74,0.1,35.672421154020526,0.5,17,10,200,19.99999999999989
Branin-Fav,DNGO-Joint,55,184,0,729,0.1,35.38169713119734,0.5,18,10,201,19.89999999999989
Branin-Fav,DNGO-Joint,55,185,0,80,0.1,37.707137585430644,0.5,19,10,202,19.799999999999887
Branin-Fav,DNGO-Joint,55,186,0,30,0.1,35.493447406082176,0.5,20,10,203,19.699999999999886
Branin-Fav,DNGO-Joint,55,187,1,349,1.0,12.598459587242765,0.5,0,11,203,18.699999999999886
Branin-Fav,DNGO-Joint,55,188,0,598,0.1,69.34248051211019,0.9836239731575654,1,11,204,18.599999999999884
Branin-Fav,DNGO-Joint,55,189,0,331,0.1,71.27798692372725,0.9836239731575654,2,11,205,18.499999999999883
Branin-Fav,DNGO-Joint,55,190,0,672,0.1,70.07360425165069,0.9836239731575654,3,11,206,18.39999999999988
Branin-Fav,DNGO-Joint,55,191,0,622,0.1,69.03066958322403,0.9836239731575654,4,11,207,18.29999999999988
Branin-Fav,DNGO-Joint,55,192,0,373,0.1,70.37339149262161,0.9836239731575654,5,11,208,18.19999999999988
Branin-Fav,DNGO-Joint,55,193,0,823,0.1,69.56327581457242,0.9836239731575654,6,11,209,18.099999999999877
Branin-Fav,DNGO-Joint,55,194,0,772,0.1,67.94814519437313,0.9836239731575654,7,11,210,17.999999999999876
Branin-Fav,DNGO-Joint,55,195,0,294,0.1,65.67867688619249,0.9836239731575654,8,11,211,17.899999999999878
Branin-Fav,DNGO-Joint,55,196,0,395,0.1,67.77894765094403,0.9836239731575654,9,11,212,17.799999999999876
Branin-Fav,DNGO-Joint,55,197,0,193,0.1,66.1128530236554,0.9836239731575654,10,11,213,17.699999999999875
Branin-Fav,DNGO-Joint,55,198,0,344,0.1,66.07908005595041,0.9836239731575654,11,11,214,17.599999999999874
Branin-Fav,DNGO-Joint,55,199,0,92,0.1,66.03254070145756,0.9836239731575654,12,11,215,17.499999999999872
Branin-Fav,DNGO-Joint,55,200,0,572,0.1,65.74313447093363,0.9836239731575654,13,11,216,17.39999999999987
Branin-Fav,DNGO-Joint,55,201,0,547,0.1,65.19010821054326,0.9836239731575654,14,11,217,17.29999999999987
Branin-Fav,DNGO-Joint,55,202,0,381,0.1,62.58635706886982,0.9836239731575654,15,11,218,17.199999999999868
Branin-Fav,DNGO-Joint,55,203,0,822,0.1,62.43472040941214,0.9836239731575654,16,11,219,17.099999999999866
Branin-Fav,DNGO-Joint,55,204,0,630,0.1,65.58086284702405,0.9836239731575654,17,11,220,16.999999999999865
Branin-Fav,DNGO-Joint,55,205,0,231,0.1,66.21590806769395,0.9836239731575654,18,11,221,16.899999999999864
Branin-Fav,DNGO-Joint,55,206,0,243,0.1,65.18367074915882,0.9836239731575654,19,11,222,16.799999999999862
Branin-Fav,DNGO-Joint,55,207,0,496,0.1,64.40226713005946,0.9836239731575654,20,11,223,16.69999999999986
Branin-Fav,DNGO-Joint,55,208,1,449,1.0,10.68063366606866,0.9836239731575654,0,12,223,15.69999999999986
Branin-Fav,DNGO-Joint,55,209,0,874,0.1,61.112154628790435,0.9631929487093597,1,12,224,15.599999999999861
Branin-Fav,DNGO-Joint,55,210,0,445,0.1,61.2142381351543,0.9631929487093597,2,12,225,15.49999999999986
Branin-Fav,DNGO-Joint,55,211,0,648,0.1,59.370493398981566,0.9631929487093597,3,12,226,15.399999999999858
Branin-Fav,DNGO-Joint,55,212,0,281,0.1,61.650663010375965,0.9631929487093597,4,12,227,15.299999999999857
Branin-Fav,DNGO-Joint,55,213,0,872,0.1,59.12875242153573,0.9631929487093597,5,12,228,15.199999999999855
Branin-Fav,DNGO-Joint,55,214,0,771,0.1,58.752173930285,0.9631929487093597,6,12,229,15.099999999999854
Branin-Fav,DNGO-Joint,55,215,0,431,0.1,59.70699248124832,0.9631929487093597,7,12,230,14.999999999999853
Branin-Fav,DNGO-Joint,55,216,0,293,0.1,60.16253187584491,0.9631929487093597,8,12,231,14.899999999999851
Branin-Fav,DNGO-Joint,55,217,0,31,0.1,58.581370301698946,0.9631929487093597,9,12,232,14.79999999999985
Branin-Fav,DNGO-Joint,55,218,0,323,0.1,61.06364421868045,0.9631929487093597,10,12,233,14.699999999999848
Branin-Fav,DNGO-Joint,55,219,0,142,0.1,57.047272539891175,0.9631929487093597,11,12,234,14.599999999999847
Branin-Fav,DNGO-Joint,55,220,0,192,0.1,56.21642533776081,0.9631929487093597,12,12,235,14.499999999999845
Branin-Fav,DNGO-Joint,55,221,0,481,0.1,56.65488630187959,0.9631929487093597,13,12,236,14.399999999999844
Branin-Fav,DNGO-Joint,55,222,0,597,0.1,56.432054654787194,0.9631929487093597,14,12,237,14.299999999999843
Branin-Fav,DNGO-Joint,55,223,0,41,0.1,56.40738489713106,0.9631929487093597,15,12,238,14.199999999999841
Branin-Fav,DNGO-Joint,55,224,0,522,0.1,56.056512873114,0.9631929487093597,16,12,239,14.09999999999984
Branin-Fav,DNGO-Joint,55,225,0,394,0.1,57.47643987241038,0.9631929487093597,17,12,240,13.999999999999838
Branin-Fav,DNGO-Joint,55,226,0,23,0.1,54.98375925685499,0.9631929487093597,18,12,241,13.899999999999837
Branin-Fav,DNGO-Joint,55,227,0,546,0.1,54.98232525748507,0.9631929487093597,19,12,242,13.799999999999836
Branin-Fav,DNGO-Joint,55,228,0,343,0.1,54.915884730280574,0.9631929487093597,20,12,243,13.699999999999834
Branin-Fav,DNGO-Joint,55,229,1,499,1.0,10.043042139073671,0.9631929487093597,0,13,243,12.699999999999832
Branin-Fav,DNGO-Joint,55,230,0,827,0.1,54.054529927526254,0.9340912122499633,1,13,244,12.599999999999833
Branin-Fav,DNGO-Joint,55,231,0,181,0.1,52.580671291215175,0.9340912122499633,2,13,245,12.499999999999831
Branin-Fav,DNGO-Joint,55,232,0,875,0.1,53.45375468152029,0.9340912122499633,3,13,246,12.39999999999983
Branin-Fav,DNGO-Joint,55,233,0,242,0.1,52.048208786750905,0.9340912122499633,4,13,247,12.299999999999828
Branin-Fav,DNGO-Joint,55,234,0,821,0.1,51.134125475744916,0.9340912122499633,5,13,248,12.199999999999827
Branin-Fav,DNGO-Joint,55,235,0,495,0.1,53.38471861973088,0.9340912122499633,6,13,249,12.099999999999826
Branin-Fav,DNGO-Joint,55,236,0,680,0.1,49.48035006544947,0.9340912122499633,7,13,250,11.999999999999824
Branin-Fav,DNGO-Joint,55,237,0,131,0.1,52.71100194848067,0.9340912122499633,8,13,251,11.899999999999823
Branin-Fav,DNGO-Joint,55,238,0,81,0.1,49.25634231406261,0.9340912122499633,9,13,252,11.799999999999821
Branin-Fav,DNGO-Joint,55,239,0,444,0.1,50.0582269153245,0.9340912122499633,10,13,253,11.69999999999982
Branin-Fav,DNGO-Joint,55,240,0,876,0.1,48.34080185307284,0.9340912122499633,11,13,254,11.599999999999818
Branin-Fav,DNGO-Joint,55,241,0,273,0.1,52.41646037618239,0.9340912122499633,12,13,255,11.499999999999817
Branin-Fav,DNGO-Joint,55,242,0,721,0.1,49.47866163398333,0.9340912122499633,13,13,256,11.399999999999816
Branin-Fav,DNGO-Joint,55,243,0,698,0.1,49.13269228230013,0.9340912122499633,14,13,257,11.299999999999814
Branin-Fav,DNGO-Joint,55,244,0,923,0.1,46.63728910595991,0.9340912122499633,15,13,258,11.199999999999813
Branin-Fav,DNGO-Joint,55,245,0,91,0.1,47.78193968207177,0.9340912122499633,16,13,259,11.099999999999811
Branin-Fav,DNGO-Joint,55,246,0,647,0.1,46.307445519910594,0.9340912122499633,17,13,260,10.99999999999981
Branin-Fav,DNGO-Joint,55,247,0,871,0.1,46.906761485494755,0.9340912122499633,18,13,261,10.899999999999809
Branin-Fav,DNGO-Joint,55,248,0,1900,0.1,47.268995413059244,0.9340912122499633,19,13,262,10.799999999999807
Branin-Fav,DNGO-Joint,55,249,0,922,0.1,45.93399342769268,0.9340912122499633,20,13,263,10.699999999999806
Branin-Fav,DNGO-Joint,55,250,1,249,1.0,9.580354454528386,0.9340912122499633,0,14,263,9.699999999999804
Branin-Fav,DNGO-Joint,55,251,0,921,0.1,45.438252289350146,0.9047697626807657,1,14,264,9.599999999999804
Branin-Fav,DNGO-Joint,55,252,0,141,0.1,44.72320172026774,0.9047697626807657,2,14,265,9.499999999999803
Branin-Fav,DNGO-Joint,55,253,0,472,0.1,43.58801659961174,0.9047697626807657,3,14,266,9.399999999999801
Branin-Fav,DNGO-Joint,55,254,0,671,0.1,43.03796200583129,0.9047697626807657,4,14,267,9.2999999999998
Branin-Fav,DNGO-Joint,55,255,0,223,0.1,43.34741327118131,0.9047697626807657,5,14,268,9.199999999999799
Branin-Fav,DNGO-Joint,55,256,0,292,0.1,43.62029458993362,0.9047697626807657,6,14,269,9.099999999999797
Branin-Fav,DNGO-Joint,55,257,0,531,0.1,45.56576629621358,0.9047697626807657,7,14,270,8.999999999999796
Branin-Fav,DNGO-Joint,55,258,0,173,0.1,43.82444983993191,0.9047697626807657,8,14,271,8.899999999999794
Branin-Fav,DNGO-Joint,55,259,0,596,0.1,44.87174193865819,0.9047697626807657,9,14,272,8.799999999999793
Branin-Fav,DNGO-Joint,55,260,0,422,0.1,43.24011228590591,0.9047697626807657,10,14,273,8.699999999999791
Branin-Fav,DNGO-Joint,55,261,0,621,0.1,41.7665345897721,0.9047697626807657,11,14,274,8.59999999999979
Branin-Fav,DNGO-Joint,55,262,0,393,0.1,43.218061084207875,0.9047697626807657,12,14,275,8.499999999999789
Branin-Fav,DNGO-Joint,55,263,0,545,0.1,43.154262149663055,0.9047697626807657,13,14,276,8.399999999999787
Branin-Fav,DNGO-Joint,55,264,0,73,0.1,41.98285215401866,0.9047697626807657,14,14,277,8.299999999999786
Branin-Fav,DNGO-Joint,55,265,0,123,0.1,40.56231885082404,0.9047697626807657,15,14,278,8.199999999999784
Branin-Fav,DNGO-Joint,55,266,0,232,0.1,43.09452377074252,0.9047697626807657,16,14,279,8.099999999999783
Branin-Fav,DNGO-Joint,55,267,0,581,0.1,40.22030319453415,0.9047697626807657,17,14,280,7.9999999999997815
Branin-Fav,DNGO-Joint,55,268,0,32,0.1,38.98849468583615,0.9047697626807657,18,14,281,7.89999999999978
Branin-Fav,DNGO-Joint,55,269,0,191,0.1,38.87365295716998,0.9047697626807657,19,14,282,7.799999999999779
Branin-Fav,DNGO-Joint,55,270,0,828,0.1,42.68142588524887,0.9047697626807657,20,14,283,7.699999999999777
Branin-Fav,DNGO-Joint,55,271,1,199,1.0,9.202620642370853,0.9047697626807657,0,15,283,6.6999999999997755
Branin-Fav,DNGO-Joint,55,272,0,924,0.1,39.048952075944655,0.8621094986784752,1,15,284,6.599999999999776
Branin-Fav,DNGO-Joint,55,273,0,494,0.1,36.88104652803156,0.8621094986784752,2,15,285,6.499999999999774
Branin-Fav,DNGO-Joint,55,274,0,40,0.1,37.368080635833635,0.8621094986784752,3,15,286,6.399999999999773
Branin-Fav,DNGO-Joint,55,275,0,779,0.1,36.35909831607002,0.8621094986784752,4,15,287,6.299999999999772
Branin-Fav,DNGO-Joint,55,276,0,925,0.1,36.67506573229799,0.8621094986784752,5,15,288,6.19999999999977
Branin-Fav,DNGO-Joint,55,277,0,443,0.1,36.7621027397772,0.8621094986784752,6,15,289,6.099999999999769
Branin-Fav,DNGO-Joint,55,278,0,182,0.1,42.45556427393716,0.8621094986784752,7,15,290,5.999999999999767
Branin-Fav,DNGO-Joint,55,279,0,877,0.1,36.109528219306796,0.8621094986784752,8,15,291,5.899999999999766
Branin-Fav,DNGO-Joint,55,280,0,971,0.1,37.15396812350722,0.8621094986784752,9,15,292,5.7999999999997645
Branin-Fav,DNGO-Joint,55,281,0,342,0.1,35.380283161448354,0.8621094986784752,10,15,293,5.699999999999763
Branin-Fav,DNGO-Joint,55,282,0,571,0.1,35.29273545583248,0.8621094986784752,11,15,294,5.599999999999762
Branin-Fav,DNGO-Joint,55,283,0,241,0.1,34.6487653028881,0.8621094986784752,12,15,295,5.49999999999976
Branin-Fav,DNGO-Joint,55,284,0,595,0.1,34.73786778108288,0.8621094986784752,13,15,296,5.399999999999759
Branin-Fav,DNGO-Joint,55,285,0,870,0.1,34.408482221199066,0.8621094986784752,14,15,297,5.299999999999757
Branin-Fav,DNGO-Joint,55,286,0,972,0.1,34.478359250725894,0.8621094986784752,15,15,298,5.199999999999756
Branin-Fav,DNGO-Joint,55,287,0,820,0.1,34.32202515181293,0.8621094986784752,16,15,299,5.0999999999997545
Branin-Fav,DNGO-Joint,55,288,0,920,0.1,33.25351488343396,0.8621094986784752,17,15,300,4.999999999999753
Branin-Fav,DNGO-Joint,55,289,0,372,0.1,35.73094935671814,0.8621094986784752,18,15,301,4.899999999999752
Branin-Fav,DNGO-Joint,55,290,0,799,0.1,32.502914389379676,0.8621094986784752,19,15,302,4.79999999999975
Branin-Fav,DNGO-Joint,55,291,0,646,0.1,32.32082060538491,0.8621094986784752,20,15,303,4.699999999999749
Branin-Fav,DNGO-Joint,55,292,1,549,1.0,7.975327013587309,0.8621094986784752,0,16,303,3.699999999999747
Branin-Fav,DNGO-Joint,55,293,0,770,0.1,32.03644753753031,0.8285870751403586,1,16,304,3.599999999999747
Branin-Fav,DNGO-Joint,55,294,0,82,0.1,32.08564085325257,0.8285870751403586,2,16,305,3.4999999999997455
Branin-Fav,DNGO-Joint,55,295,0,282,0.1,33.891707321337925,0.8285870751403586,3,16,306,3.399999999999744
Branin-Fav,DNGO-Joint,55,296,0,973,0.1,30.442885284688423,0.8285870751403586,4,16,307,3.2999999999997427
Branin-Fav,DNGO-Joint,55,297,0,970,0.1,30.86730259937467,0.8285870751403586,5,16,308,3.1999999999997413
Branin-Fav,DNGO-Joint,55,298,0,291,0.1,31.643059723223182,0.8285870751403586,6,16,309,3.09999999999974
Branin-Fav,DNGO-Joint,55,299,0,544,0.1,31.596780124472506,0.8285870751403586,7,16,310,2.9999999999997384
Branin-Fav,DNGO-Joint,55,300,0,392,0.1,30.442151725845143,0.8285870751403586,8,16,311,2.899999999999737
Branin-Fav,DNGO-Joint,55,301,0,332,0.1,31.1122843554203,0.8285870751403586,9,16,312,2.7999999999997356
Branin-Fav,DNGO-Joint,55,302,0,132,0.1,31.202078303256474,0.8285870751403586,10,16,313,2.699999999999734
Branin-Fav,DNGO-Joint,55,303,0,697,0.1,30.385217408158034,0.8285870751403586,11,16,314,2.5999999999997327
Branin-Fav,DNGO-Joint,55,304,0,748,0.1,29.139304087213464,0.8285870751403586,12,16,315,2.4999999999997313
Branin-Fav,DNGO-Joint,55,305,0,730,0.1,30.463393281234517,0.8285870751403586,13,16,316,2.39999999999973
Branin-Fav,DNGO-Joint,55,306,0,926,0.1,29.45810186102113,0.8285870751403586,14,16,317,2.2999999999997285
Branin-Fav,DNGO-Joint,55,307,0,974,0.1,28.612285983503998,0.8285870751403586,15,16,318,2.199999999999727
Branin-Fav,DNGO-Joint,55,308,0,90,0.1,29.52654838050856,0.8285870751403586,16,16,319,2.0999999999997256
Branin-Fav,DNGO-Joint,55,309,0,322,0.1,28.384820078520132,0.8285870751403586,17,16,320,1.9999999999997242
Branin-Fav,DNGO-Joint,55,310,0,720,0.1,28.95907297576392,0.8285870751403586,18,16,321,1.8999999999997228
Branin-Fav,DNGO-Joint,55,311,0,631,0.1,27.95602666199785,0.8285870751403586,19,16,322,1.7999999999997214
Branin-Fav,DNGO-Joint,55,312,0,140,0.1,27.023663962739324,0.8285870751403586,20,16,323,1.69999999999972
Branin-Fav,DNGO-Joint,55,313,1,149,1.0,6.9845931573084385,0.8285870751403586,0,17,323,0.6999999999997186
Branin-Fav,DNGO-Joint,55,314,0,382,0.1,26.817760025928727,0.7755614778256456,1,17,324,0.5999999999997186
Branin-Fav,DNGO-Joint,55,315,0,521,0.1,26.568898145046962,0.7755614778256456,2,17,325,0.4999999999997172
Branin-Fav,DNGO-Joint,55,316,0,432,0.1,25.123965648987514,0.7755614778256456,3,17,326,0.3999999999997158
Branin-Fav,DNGO-Joint,55,317,0,975,0.1,26.035663115313426,0.7755614778256456,4,17,327,0.2999999999997144
Branin-Fav,DNGO-Joint,55,318,0,878,0.1,24.23389885200715,0.7755614778256456,5,17,328,0.19999999999971294
Branin-Fav,DNGO-Joint,55,319,0,272,0.1,25.06476880963289,0.7755614778256456,6,17,329,0.09999999999971151
Branin-Fav,DNGO-Joint,56,1,0,36,0.1,163.82269072578598,0.5,1,2,26,45.4
Branin-Fav,DNGO-Joint,56,2,0,2450,0.1,137.94108562681387,0.5,2,2,27,45.3
Branin-Fav,DNGO-Joint,56,3,0,49,0.1,146.91394521392886,0.5,3,2,28,45.199999999999996
Branin-Fav,DNGO-Joint,56,4,0,99,0.1,129.45671822680737,0.5,4,2,29,45.1
Branin-Fav,DNGO-Joint,56,5,0,149,0.1,134.2933794353117,0.5,5,2,30,45.0
Branin-Fav,DNGO-Joint,56,6,0,199,0.1,125.66323747210271,0.5,6,2,31,44.9
Branin-Fav,DNGO-Joint,56,7,0,48,0.1,125.81507106713848,0.5,7,2,32,44.800000000000004
Branin-Fav,DNGO-Joint,56,8,0,98,0.1,124.15400358135237,0.5,8,2,33,44.7
Branin-Fav,DNGO-Joint,56,9,0,249,0.1,124.49795702868765,0.5,9,2,34,44.6
Branin-Fav,DNGO-Joint,56,10,0,47,0.1,121.85777790122877,0.5,10,2,35,44.5
Branin-Fav,DNGO-Joint,56,11,0,148,0.1,120.31449310959574,0.5,11,2,36,44.4
Branin-Fav,DNGO-Joint,56,12,0,299,0.1,118.17637157549564,0.5,12,2,37,44.300000000000004
Branin-Fav,DNGO-Joint,56,13,0,97,0.1,117.15409038955968,0.5,13,2,38,44.2
Branin-Fav,DNGO-Joint,56,14,0,198,0.1,116.85366146956632,0.5,14,2,39,44.1
Branin-Fav,DNGO-Joint,56,15,0,349,0.1,116.54995520343611,0.5,15,2,40,44.00000000000001
Branin-Fav,DNGO-Joint,56,16,0,399,0.1,113.93568369231244,0.5,16,2,41,43.900000000000006
Branin-Fav,DNGO-Joint,56,17,0,248,0.1,113.58013091448429,0.5,17,2,42,43.800000000000004
Branin-Fav,DNGO-Joint,56,18,0,387,0.1,121.99242135675065,0.5,18,2,43,43.7
Branin-Fav,DNGO-Joint,56,19,0,449,0.1,112.39679231524437,0.5,19,2,44,43.6
Branin-Fav,DNGO-Joint,56,20,0,298,0.1,109.47739174208765,0.5,20,2,45,43.50000000000001
Branin-Fav,DNGO-Joint,56,21,1,49,1.0,32.643163552399315,0.5,0,3,45,42.50000000000001
Branin-Fav,DNGO-Joint,56,22,0,348,0.1,108.73449032768626,0.5,1,3,46,42.400000000000006
Branin-Fav,DNGO-Joint,56,23,0,147,0.1,107.30292112229479,0.5,2,3,47,42.300000000000004
Branin-Fav,DNGO-Joint,56,24,0,197,0.1,103.95956438913005,0.5,3,3,48,42.20000000000001
Branin-Fav,DNGO-Joint,56,25,0,247,0.1,102.16042187237349,0.5,4,3,49,42.10000000000001
Branin-Fav,DNGO-Joint,56,26,0,46,0.1,104.1091625999487,0.5,5,3,50,42.00000000000001
Branin-Fav,DNGO-Joint,56,27,0,96,0.1,102.58124381723002,0.5,6,3,51,41.900000000000006
Branin-Fav,DNGO-Joint,56,28,0,398,0.1,100.59727772621162,0.5,7,3,52,41.800000000000004
Branin-Fav,DNGO-Joint,56,29,0,45,0.1,100.04505395103551,0.5,8,3,53,41.70000000000001
Branin-Fav,DNGO-Joint,56,30,0,297,0.1,101.14868225662343,0.5,9,3,54,41.60000000000001
Branin-Fav,DNGO-Joint,56,31,0,146,0.1,98.49809224314727,0.5,10,3,55,41.50000000000001
Branin-Fav,DNGO-Joint,56,32,0,196,0.1,96.90031541968567,0.5,11,3,56,41.40000000000001
Branin-Fav,DNGO-Joint,56,33,0,95,0.1,96.6819384294155,0.5,12,3,57,41.30000000000001
Branin-Fav,DNGO-Joint,56,34,0,499,0.1,94.76858470221157,0.5,13,3,58,41.20000000000001
Branin-Fav,DNGO-Joint,56,35,0,347,0.1,95.66573157680746,0.5,14,3,59,41.10000000000001
Branin-Fav,DNGO-Joint,56,36,0,577,0.1,94.33675277238561,0.5,15,3,60,41.00000000000001
Branin-Fav,DNGO-Joint,56,37,0,448,0.1,94.43739206373913,0.5,16,3,61,40.90000000000001
Branin-Fav,DNGO-Joint,56,38,0,44,0.1,92.52304406431158,0.5,17,3,62,40.80000000000001
Branin-Fav,DNGO-Joint,56,39,0,246,0.1,91.98458062303291,0.5,18,3,63,40.70000000000001
Branin-Fav,DNGO-Joint,56,40,0,528,0.1,89.5196579297889,0.5,19,3,64,40.600000000000016
Branin-Fav,DNGO-Joint,56,41,0,676,0.1,92.24471429433557,0.5,20,3,65,40.500000000000014
Branin-Fav,DNGO-Joint,56,42,1,2491,1.0,52.497128383674095,0.5,0,4,65,39.500000000000014
Branin-Fav,DNGO-Joint,56,43,0,627,0.1,103.72825484149878,0.5,1,4,66,39.40000000000001
Branin-Fav,DNGO-Joint,56,44,0,626,0.1,99.23269400720812,0.5,2,4,67,39.30000000000001
Branin-Fav,DNGO-Joint,56,45,0,726,0.1,99.9795230135601,0.5,3,4,68,39.20000000000001
Branin-Fav,DNGO-Joint,56,46,0,530,0.1,96.35251302524271,0.5,4,4,69,39.100000000000016
Branin-Fav,DNGO-Joint,56,47,0,145,0.1,97.7678511591519,0.5,5,4,70,39.000000000000014
Branin-Fav,DNGO-Joint,56,48,0,677,0.1,96.84876438451579,0.5,6,4,71,38.90000000000001
Branin-Fav,DNGO-Joint,56,49,0,296,0.1,96.31031610957588,0.5,7,4,72,38.80000000000002
Branin-Fav,DNGO-Joint,56,50,0,776,0.1,96.21514175167906,0.5,8,4,73,38.70000000000002
Branin-Fav,DNGO-Joint,56,51,0,578,0.1,94.79649783782166,0.5,9,4,74,38.600000000000016
Branin-Fav,DNGO-Joint,56,52,0,476,0.1,96.93710556253109,0.5,10,4,75,38.500000000000014
Branin-Fav,DNGO-Joint,56,53,0,195,0.1,95.80338221117611,0.5,11,4,76,38.40000000000001
Branin-Fav,DNGO-Joint,56,54,0,2200,0.1,95.907234091674,0.5,12,4,77,38.30000000000002
Branin-Fav,DNGO-Joint,56,55,0,725,0.1,93.12936107504494,0.5,13,4,78,38.20000000000002
Branin-Fav,DNGO-Joint,56,56,0,675,0.1,92.03867985406755,0.5,14,4,79,38.100000000000016
Branin-Fav,DNGO-Joint,56,57,0,774,0.1,93.70920315403606,0.5,15,4,80,38.00000000000002
Branin-Fav,DNGO-Joint,56,58,0,628,0.1,89.94807954432535,0.5,16,4,81,37.90000000000002
Branin-Fav,DNGO-Joint,56,59,0,775,0.1,89.0410606364853,0.5,17,4,82,37.80000000000002
Branin-Fav,DNGO-Joint,56,60,0,576,0.1,89.33972931125547,0.5,18,4,83,37.70000000000002
Branin-Fav,DNGO-Joint,56,61,0,527,0.1,88.64919513554776,0.5,19,4,84,37.600000000000016
Branin-Fav,DNGO-Joint,56,62,0,625,0.1,89.63540158746146,0.5,20,4,85,37.50000000000002
Branin-Fav,DNGO-Joint,56,63,1,2050,1.0,36.88374678992654,0.5,0,5,85,36.50000000000002
Branin-Fav,DNGO-Joint,56,64,0,724,0.1,87.44300682256902,0.5,1,5,86,36.40000000000002
Branin-Fav,DNGO-Joint,56,65,0,526,0.1,88.28506608894791,0.5,2,5,87,36.30000000000002
Branin-Fav,DNGO-Joint,56,66,0,824,0.1,87.3279589025112,0.5,3,5,88,36.200000000000024
Branin-Fav,DNGO-Joint,56,67,0,477,0.1,87.31455926410854,0.5,4,5,89,36.10000000000002
Branin-Fav,DNGO-Joint,56,68,0,478,0.1,86.72882692135434,0.5,5,5,90,36.00000000000002
Branin-Fav,DNGO-Joint,56,69,0,825,0.1,85.4996905918938,0.5,6,5,91,35.90000000000002
Branin-Fav,DNGO-Joint,56,70,0,549,0.1,84.80867199768277,0.5,7,5,92,35.80000000000002
Branin-Fav,DNGO-Joint,56,71,0,428,0.1,85.5762103143347,0.5,8,5,93,35.700000000000024
Branin-Fav,DNGO-Joint,56,72,0,727,0.1,85.8025245752907,0.5,9,5,94,35.60000000000002
Branin-Fav,DNGO-Joint,56,73,0,575,0.1,85.07124080540892,0.5,10,5,95,35.50000000000002
Branin-Fav,DNGO-Joint,56,74,0,427,0.1,83.6246457758077,0.5,11,5,96,35.40000000000003
Branin-Fav,DNGO-Joint,56,75,0,678,0.1,83.78372198325224,0.5,12,5,97,35.300000000000026
Branin-Fav,DNGO-Joint,56,76,0,378,0.1,81.6969662994364,0.5,13,5,98,35.200000000000024
Branin-Fav,DNGO-Joint,56,77,0,674,0.1,82.83331273533685,0.5,14,5,99,35.10000000000002
Branin-Fav,DNGO-Joint,56,78,0,377,0.1,81.93161789165609,0.5,15,5,100,35.00000000000002
Branin-Fav,DNGO-Joint,56,79,0,479,0.1,80.74824469105465,0.5,16,5,101,34.90000000000003
Branin-Fav,DNGO-Joint,56,80,0,328,0.1,81.71457202416542,0.5,17,5,102,34.800000000000026
Branin-Fav,DNGO-Joint,56,81,0,426,0.1,81.83654776854172,0.5,18,5,103,34.700000000000024
Branin-Fav,DNGO-Joint,56,82,0,30,0.1,81.68679576522099,0.5,19,5,104,34.60000000000003
Branin-Fav,DNGO-Joint,56,83,0,327,0.1,83.56642622811927,0.5,20,5,105,34.50000000000003
Branin-Fav,DNGO-Joint,56,84,1,28,1.0,28.22312551814093,0.5,0,6,105,33.50000000000003
Branin-Fav,DNGO-Joint,56,85,0,278,0.1,82.37427021490093,0.5,1,6,106,33.40000000000003
Branin-Fav,DNGO-Joint,56,86,0,27,0.1,83.43147784103795,0.5,2,6,107,33.300000000000026
Branin-Fav,DNGO-Joint,56,87,0,228,0.1,80.6536164837136,0.5,3,6,108,33.200000000000024
Branin-Fav,DNGO-Joint,56,88,0,529,0.1,81.76837591502257,0.5,4,6,109,33.10000000000002
Branin-Fav,DNGO-Joint,56,89,0,29,0.1,86.20096272225905,0.5,5,6,110,33.00000000000002
Branin-Fav,DNGO-Joint,56,90,0,379,0.1,79.30354199999978,0.5,6,6,111,32.90000000000002
Branin-Fav,DNGO-Joint,56,91,0,277,0.1,78.37404417662815,0.5,7,6,112,32.80000000000002
Branin-Fav,DNGO-Joint,56,92,0,429,0.1,79.66307233199221,0.5,8,6,113,32.70000000000002
Branin-Fav,DNGO-Joint,56,93,0,376,0.1,78.9326294194141,0.5,9,6,114,32.600000000000016
Branin-Fav,DNGO-Joint,56,94,0,777,0.1,77.22300268407825,0.5,10,6,115,32.500000000000014
Branin-Fav,DNGO-Joint,56,95,0,78,0.1,81.51631823122493,0.5,11,6,116,32.40000000000001
Branin-Fav,DNGO-Joint,56,96,0,279,0.1,78.098557115987,0.5,12,6,117,32.30000000000001
Branin-Fav,DNGO-Joint,56,97,0,525,0.1,79.20949923270048,0.5,13,6,118,32.20000000000001
Branin-Fav,DNGO-Joint,56,98,0,329,0.1,77.32982001576663,0.5,14,6,119,32.10000000000001
Branin-Fav,DNGO-Joint,56,99,0,79,0.1,81.0930786566315,0.5,15,6,120,32.00000000000001
Branin-Fav,DNGO-Joint,56,100,0,178,0.1,78.02622425794908,0.5,16,6,121,31.900000000000006
Branin-Fav,DNGO-Joint,56,101,0,128,0.1,77.55488390982154,0.5,17,6,122,31.800000000000004
Branin-Fav,DNGO-Joint,56,102,0,227,0.1,77.55880592870652,0.5,18,6,123,31.700000000000003
Branin-Fav,DNGO-Joint,56,103,0,129,0.1,77.71910104385475,0.5,19,6,124,31.6
Branin-Fav,DNGO-Joint,56,104,0,475,0.1,74.66446265501496,0.5,20,6,125,31.5
Branin-Fav,DNGO-Joint,56,105,1,99,1.0,23.359020671047844,0.5,0,7,125,30.5
Branin-Fav,DNGO-Joint,56,106,0,31,0.1,76.91827522252687,0.5,1,7,126,30.4
Branin-Fav,DNGO-Joint,56,107,0,624,0.1,74.32456092420419,0.5,2,7,127,30.299999999999997
Branin-Fav,DNGO-Joint,56,108,0,425,0.1,77.64733377927278,0.5,3,7,128,30.199999999999996
Branin-Fav,DNGO-Joint,56,109,0,229,0.1,73.19143175514216,0.5,4,7,129,30.099999999999994
Branin-Fav,DNGO-Joint,56,110,0,177,0.1,72.90716032231853,0.5,5,7,130,29.999999999999993
Branin-Fav,DNGO-Joint,56,111,0,127,0.1,75.55715866540321,0.5,6,7,131,29.89999999999999
Branin-Fav,DNGO-Joint,56,112,0,179,0.1,73.2539248074167,0.5,7,7,132,29.79999999999999
Branin-Fav,DNGO-Joint,56,113,0,77,0.1,72.8482828323331,0.5,8,7,133,29.69999999999999
Branin-Fav,DNGO-Joint,56,114,0,276,0.1,72.6641512065572,0.5,9,7,134,29.599999999999987
Branin-Fav,DNGO-Joint,56,115,0,574,0.1,72.95092044742013,0.5,10,7,135,29.499999999999986
Branin-Fav,DNGO-Joint,56,116,0,226,0.1,74.64444227059046,0.5,11,7,136,29.399999999999984
Branin-Fav,DNGO-Joint,56,117,0,375,0.1,70.5241344063596,0.5,12,7,137,29.299999999999983
Branin-Fav,DNGO-Joint,56,118,0,773,0.1,70.10861176529203,0.5,13,7,138,29.19999999999998
Branin-Fav,DNGO-Joint,56,119,0,176,0.1,70.148758749921,0.5,14,7,139,29.09999999999998
Branin-Fav,DNGO-Joint,56,120,0,524,0.1,69.8903851437319,0.5,15,7,140,28.99999999999998
Branin-Fav,DNGO-Joint,56,121,0,26,0.1,70.85854994842639,0.5,16,7,141,28.899999999999977
Branin-Fav,DNGO-Joint,56,122,0,325,0.1,69.12641012575172,0.5,17,7,142,28.799999999999976
Branin-Fav,DNGO-Joint,56,123,0,126,0.1,69.51394971876105,0.5,18,7,143,28.699999999999974
Branin-Fav,DNGO-Joint,56,124,0,76,0.1,69.21595214316824,0.5,19,7,144,28.599999999999973
Branin-Fav,DNGO-Joint,56,125,0,474,0.1,72.12071316841921,0.5,20,7,145,28.49999999999997
Branin-Fav,DNGO-Joint,56,126,1,27,1.0,23.291792296718416,0.5,0,8,145,27.49999999999997
Branin-Fav,DNGO-Joint,56,127,0,80,0.1,116.05118935220298,0.8432368519603071,1,8,146,27.39999999999997
Branin-Fav,DNGO-Joint,56,128,0,275,0.1,116.9502143753104,0.8432368519603071,2,8,147,27.29999999999997
Branin-Fav,DNGO-Joint,56,129,0,424,0.1,113.53782529214361,0.8432368519603071,3,8,148,27.199999999999967
Branin-Fav,DNGO-Joint,56,130,0,130,0.1,111.49639464035488,0.8432368519603071,4,8,149,27.099999999999966
Branin-Fav,DNGO-Joint,56,131,0,723,0.1,110.80286120700553,0.8432368519603071,5,8,150,26.999999999999964
Branin-Fav,DNGO-Joint,56,132,0,25,0.1,113.71844488235257,0.8432368519603071,6,8,151,26.899999999999963
Branin-Fav,DNGO-Joint,56,133,0,230,0.1,111.44643463259564,0.8432368519603071,7,8,152,26.79999999999996
Branin-Fav,DNGO-Joint,56,134,0,225,0.1,113.1816757042364,0.8432368519603071,8,8,153,26.69999999999996
Branin-Fav,DNGO-Joint,56,135,0,75,0.1,108.86342981958407,0.8432368519603071,9,8,154,26.59999999999996
Branin-Fav,DNGO-Joint,56,136,0,397,0.1,112.4181845702905,0.8432368519603071,10,8,155,26.499999999999957
Branin-Fav,DNGO-Joint,56,137,0,673,0.1,109.76158834097426,0.8432368519603071,11,8,156,26.399999999999956
Branin-Fav,DNGO-Joint,56,138,0,180,0.1,109.76577369531047,0.8432368519603071,12,8,157,26.299999999999955
Branin-Fav,DNGO-Joint,56,139,0,280,0.1,110.59817560221313,0.8432368519603071,13,8,158,26.199999999999953
Branin-Fav,DNGO-Joint,56,140,0,498,0.1,107.21478428044226,0.8432368519603071,14,8,159,26.09999999999995
Branin-Fav,DNGO-Joint,56,141,0,175,0.1,107.00182643426488,0.8432368519603071,15,8,160,25.99999999999995
Branin-Fav,DNGO-Joint,56,142,0,374,0.1,108.42608412291649,0.8432368519603071,16,8,161,25.89999999999995
Branin-Fav,DNGO-Joint,56,143,0,623,0.1,107.8014328473558,0.8432368519603071,17,8,162,25.799999999999947
Branin-Fav,DNGO-Joint,56,144,0,94,0.1,106.9526332251403,0.8432368519603071,18,8,163,25.699999999999946
Branin-Fav,DNGO-Joint,56,145,0,125,0.1,107.9394497000662,0.8432368519603071,19,8,164,25.599999999999945
Branin-Fav,DNGO-Joint,56,146,0,579,0.1,104.8314027084064,0.8432368519603071,20,8,165,25.499999999999943
Branin-Fav,DNGO-Joint,56,147,1,149,1.0,18.927522394790113,0.8432368519603071,0,9,165,24.499999999999943
Branin-Fav,DNGO-Joint,56,148,0,330,0.1,71.73350669246763,0.582475962036983,1,9,166,24.39999999999994
Branin-Fav,DNGO-Joint,56,149,0,245,0.1,70.85359047304536,0.582475962036983,2,9,167,24.29999999999994
Branin-Fav,DNGO-Joint,56,150,0,380,0.1,72.13812935795428,0.582475962036983,3,9,168,24.19999999999994
Branin-Fav,DNGO-Joint,56,151,0,346,0.1,69.44493394948803,0.582475962036983,4,9,169,24.099999999999937
Branin-Fav,DNGO-Joint,56,152,0,430,0.1,69.22208620443769,0.582475962036983,5,9,170,23.999999999999936
Branin-Fav,DNGO-Joint,56,153,0,599,0.1,71.32552123880342,0.582475962036983,6,9,171,23.899999999999935
Branin-Fav,DNGO-Joint,56,154,0,324,0.1,69.26142482037007,0.582475962036983,7,9,172,23.799999999999933
Branin-Fav,DNGO-Joint,56,155,0,573,0.1,70.09801550871057,0.582475962036983,8,9,173,23.699999999999932
Branin-Fav,DNGO-Joint,56,156,0,826,0.1,69.27483854401774,0.582475962036983,9,9,174,23.59999999999993
Branin-Fav,DNGO-Joint,56,157,0,43,0.1,67.53253513424008,0.582475962036983,10,9,175,23.49999999999993
Branin-Fav,DNGO-Joint,56,158,0,447,0.1,67.81945444380018,0.582475962036983,11,9,176,23.399999999999928
Branin-Fav,DNGO-Joint,56,159,0,144,0.1,69.74968949144329,0.582475962036983,12,9,177,23.299999999999926
Branin-Fav,DNGO-Joint,56,160,0,480,0.1,66.98366605178765,0.582475962036983,13,9,178,23.199999999999925
Branin-Fav,DNGO-Joint,56,161,0,523,0.1,68.49361103866762,0.582475962036983,14,9,179,23.099999999999923
Branin-Fav,DNGO-Joint,56,162,0,473,0.1,69.48160638329043,0.582475962036983,15,9,180,22.999999999999922
Branin-Fav,DNGO-Joint,56,163,0,722,0.1,69.89291878240502,0.582475962036983,16,9,181,22.89999999999992
Branin-Fav,DNGO-Joint,56,164,0,649,0.1,67.38965775287849,0.582475962036983,17,9,182,22.79999999999992
Branin-Fav,DNGO-Joint,56,165,0,629,0.1,65.27662857283644,0.582475962036983,18,9,183,22.699999999999918
Branin-Fav,DNGO-Joint,56,166,0,823,0.1,67.0547604919067,0.582475962036983,19,9,184,22.599999999999916
Branin-Fav,DNGO-Joint,56,167,0,24,0.1,67.25226018938073,0.582475962036983,20,9,185,22.499999999999915
Branin-Fav,DNGO-Joint,56,168,1,526,1.0,20.85767569141199,0.582475962036983,0,10,185,21.499999999999915
Branin-Fav,DNGO-Joint,56,169,0,772,0.1,37.47215968753121,0.32902557860372766,1,10,186,21.399999999999913
Branin-Fav,DNGO-Joint,56,170,0,93,0.1,36.09231597301452,0.32902557860372766,2,10,187,21.299999999999912
Branin-Fav,DNGO-Joint,56,171,0,194,0.1,35.29428112380625,0.32902557860372766,3,10,188,21.19999999999991
Branin-Fav,DNGO-Joint,56,172,0,274,0.1,35.54297714345195,0.32902557860372766,4,10,189,21.09999999999991
Branin-Fav,DNGO-Joint,56,173,0,295,0.1,36.61672279642788,0.32902557860372766,5,10,190,20.999999999999908
Branin-Fav,DNGO-Joint,56,174,0,81,0.1,36.5798207822539,0.32902557860372766,6,10,191,20.899999999999906
Branin-Fav,DNGO-Joint,56,175,0,131,0.1,35.41617972118013,0.32902557860372766,7,10,192,20.799999999999905
Branin-Fav,DNGO-Joint,56,176,0,143,0.1,34.90071633560269,0.32902557860372766,8,10,193,20.699999999999903
Branin-Fav,DNGO-Joint,56,177,0,181,0.1,37.049180487872064,0.32902557860372766,9,10,194,20.599999999999902
Branin-Fav,DNGO-Joint,56,178,0,396,0.1,35.10554387196211,0.32902557860372766,10,10,195,20.4999999999999
Branin-Fav,DNGO-Joint,56,179,0,345,0.1,33.995753455156496,0.32902557860372766,11,10,196,20.3999999999999
Branin-Fav,DNGO-Joint,56,180,0,548,0.1,34.94816990731673,0.32902557860372766,12,10,197,20.299999999999898
Branin-Fav,DNGO-Joint,56,181,0,497,0.1,34.3231024500665,0.32902557860372766,13,10,198,20.199999999999896
Branin-Fav,DNGO-Joint,56,182,0,875,0.1,36.02637245273095,0.32902557860372766,14,10,199,20.099999999999895
Branin-Fav,DNGO-Joint,56,183,0,874,0.1,34.48748255806993,0.32902557860372766,15,10,200,19.999999999999893
Branin-Fav,DNGO-Joint,56,184,0,446,0.1,34.66264281548193,0.32902557860372766,16,10,201,19.899999999999892
Branin-Fav,DNGO-Joint,56,185,0,224,0.1,34.163947514611266,0.32902557860372766,17,10,202,19.79999999999989
Branin-Fav,DNGO-Joint,56,186,0,174,0.1,33.445236456803144,0.32902557860372766,18,10,203,19.69999999999989
Branin-Fav,DNGO-Joint,56,187,0,193,0.1,33.67081171858415,0.32902557860372766,19,10,204,19.599999999999888
Branin-Fav,DNGO-Joint,56,188,0,294,0.1,33.51280319725457,0.32902557860372766,20,10,205,19.499999999999886
Branin-Fav,DNGO-Joint,56,189,1,427,1.0,15.672747064121767,0.32902557860372766,0,11,205,18.499999999999886
Branin-Fav,DNGO-Joint,56,190,0,42,0.1,59.40515066493564,0.5679983657615617,1,11,206,18.399999999999885
Branin-Fav,DNGO-Joint,56,191,0,423,0.1,56.270333849206764,0.5679983657615617,2,11,207,18.299999999999883
Branin-Fav,DNGO-Joint,56,192,0,32,0.1,58.63247177719115,0.5679983657615617,3,11,208,18.199999999999882
Branin-Fav,DNGO-Joint,56,193,0,395,0.1,55.55265575232,0.5679983657615617,4,11,209,18.09999999999988
Branin-Fav,DNGO-Joint,56,194,0,124,0.1,55.847834740486654,0.5679983657615617,5,11,210,17.99999999999988
Branin-Fav,DNGO-Joint,56,195,0,873,0.1,57.153923605169865,0.5679983657615617,6,11,211,17.899999999999878
Branin-Fav,DNGO-Joint,56,196,0,231,0.1,55.86986354747951,0.5679983657615617,7,11,212,17.799999999999876
Branin-Fav,DNGO-Joint,56,197,0,344,0.1,55.61447047205243,0.5679983657615617,8,11,213,17.699999999999875
Branin-Fav,DNGO-Joint,56,198,0,74,0.1,55.82833412546393,0.5679983657615617,9,11,214,17.599999999999874
Branin-Fav,DNGO-Joint,56,199,0,822,0.1,55.205846740659375,0.5679983657615617,10,11,215,17.499999999999872
Branin-Fav,DNGO-Joint,56,200,0,679,0.1,53.753918073510235,0.5679983657615617,11,11,216,17.39999999999987
Branin-Fav,DNGO-Joint,56,201,0,672,0.1,53.65916499293474,0.5679983657615617,12,11,217,17.29999999999987
Branin-Fav,DNGO-Joint,56,202,0,92,0.1,55.92892387572816,0.5679983657615617,13,11,218,17.199999999999868
Branin-Fav,DNGO-Joint,56,203,0,243,0.1,54.76329069639477,0.5679983657615617,14,11,219,17.099999999999866
Branin-Fav,DNGO-Joint,56,204,0,827,0.1,53.56080242748875,0.5679983657615617,15,11,220,16.999999999999865
Branin-Fav,DNGO-Joint,56,205,0,598,0.1,55.20117053101554,0.5679983657615617,16,11,221,16.899999999999864
Branin-Fav,DNGO-Joint,56,206,0,281,0.1,52.730076108090365,0.5679983657615617,17,11,222,16.799999999999862
Branin-Fav,DNGO-Joint,56,207,0,547,0.1,52.65823118047797,0.5679983657615617,18,11,223,16.69999999999986
Branin-Fav,DNGO-Joint,56,208,0,142,0.1,52.12244847792318,0.5679983657615617,19,11,224,16.59999999999986
Branin-Fav,DNGO-Joint,56,209,0,580,0.1,53.150816461193536,0.5679983657615617,20,11,225,16.499999999999858
Branin-Fav,DNGO-Joint,56,210,1,527,1.0,15.299876527488834,0.5679983657615617,0,12,225,15.499999999999858
Branin-Fav,DNGO-Joint,56,211,0,331,0.1,53.016062472997305,0.5887862461935526,1,12,226,15.399999999999858
Branin-Fav,DNGO-Joint,56,212,0,699,0.1,55.13388436249672,0.5887862461935526,2,12,227,15.299999999999857
Branin-Fav,DNGO-Joint,56,213,0,496,0.1,52.84411588097806,0.5887862461935526,3,12,228,15.199999999999855
Branin-Fav,DNGO-Joint,56,214,0,622,0.1,54.49396102867036,0.5887862461935526,4,12,229,15.099999999999854
Branin-Fav,DNGO-Joint,56,215,0,872,0.1,52.63290675041991,0.5887862461935526,5,12,230,14.999999999999853
Branin-Fav,DNGO-Joint,56,216,0,923,0.1,52.131571710182726,0.5887862461935526,6,12,231,14.899999999999851
Branin-Fav,DNGO-Joint,56,217,0,373,0.1,52.598800973725915,0.5887862461935526,7,12,232,14.79999999999985
Branin-Fav,DNGO-Joint,56,218,0,572,0.1,55.19650067566561,0.5887862461935526,8,12,233,14.699999999999848
Branin-Fav,DNGO-Joint,56,219,0,381,0.1,51.45780020002915,0.5887862461935526,9,12,234,14.599999999999847
Branin-Fav,DNGO-Joint,56,220,0,431,0.1,51.84117191684294,0.5887862461935526,10,12,235,14.499999999999845
Branin-Fav,DNGO-Joint,56,221,0,41,0.1,53.55684271696042,0.5887862461935526,11,12,236,14.399999999999844
Branin-Fav,DNGO-Joint,56,222,0,293,0.1,51.06287390026929,0.5887862461935526,12,12,237,14.299999999999843
Branin-Fav,DNGO-Joint,56,223,0,445,0.1,50.357923499094056,0.5887862461935526,13,12,238,14.199999999999841
Branin-Fav,DNGO-Joint,56,224,0,82,0.1,50.29618845304175,0.5887862461935526,14,12,239,14.09999999999984
Branin-Fav,DNGO-Joint,56,225,0,922,0.1,49.837200056780816,0.5887862461935526,15,12,240,13.999999999999838
Branin-Fav,DNGO-Joint,56,226,0,778,0.1,50.57701052943863,0.5887862461935526,16,12,241,13.899999999999837
Branin-Fav,DNGO-Joint,56,227,0,630,0.1,49.67630618473969,0.5887862461935526,17,12,242,13.799999999999836
Branin-Fav,DNGO-Joint,56,228,0,394,0.1,52.13158849972165,0.5887862461935526,18,12,243,13.699999999999834
Branin-Fav,DNGO-Joint,56,229,0,648,0.1,48.89585426591316,0.5887862461935526,19,12,244,13.599999999999833
Branin-Fav,DNGO-Joint,56,230,0,192,0.1,48.524831031890095,0.5887862461935526,20,12,245,13.499999999999831
Branin-Fav,DNGO-Joint,56,231,1,477,1.0,13.568304739336156,0.5887862461935526,0,13,245,12.49999999999983
Branin-Fav,DNGO-Joint,56,232,0,924,0.1,53.16124759036453,0.6374786383187674,1,13,246,12.39999999999983
Branin-Fav,DNGO-Joint,56,233,0,597,0.1,50.93678849502389,0.6374786383187674,2,13,247,12.299999999999828
Branin-Fav,DNGO-Joint,56,234,0,323,0.1,52.05645683439754,0.6374786383187674,3,13,248,12.199999999999827
Branin-Fav,DNGO-Joint,56,235,0,876,0.1,50.77160292864862,0.6374786383187674,4,13,249,12.099999999999826
Branin-Fav,DNGO-Joint,56,236,0,91,0.1,50.778212840310395,0.6374786383187674,5,13,250,11.999999999999824
Branin-Fav,DNGO-Joint,56,237,0,821,0.1,50.47174958083026,0.6374786383187674,6,13,251,11.899999999999823
Branin-Fav,DNGO-Joint,56,238,0,2100,0.1,52.19647104004495,0.6374786383187674,7,13,252,11.799999999999821
Branin-Fav,DNGO-Joint,56,239,0,771,0.1,50.44237884723309,0.6374786383187674,8,13,253,11.69999999999982
Branin-Fav,DNGO-Joint,56,240,0,729,0.1,50.94945147597144,0.6374786383187674,9,13,254,11.599999999999818
Branin-Fav,DNGO-Joint,56,241,0,481,0.1,50.70056677651332,0.6374786383187674,10,13,255,11.499999999999817
Branin-Fav,DNGO-Joint,56,242,0,522,0.1,49.322897137687654,0.6374786383187674,11,13,256,11.399999999999816
Branin-Fav,DNGO-Joint,56,243,0,273,0.1,49.44844161715027,0.6374786383187674,12,13,257,11.299999999999814
Branin-Fav,DNGO-Joint,56,244,0,871,0.1,50.15202441704269,0.6374786383187674,13,13,258,11.199999999999813
Branin-Fav,DNGO-Joint,56,245,0,343,0.1,50.75858122829457,0.6374786383187674,14,13,259,11.099999999999811
Branin-Fav,DNGO-Joint,56,246,0,721,0.1,49.75681239154618,0.6374786383187674,15,13,260,10.99999999999981
Branin-Fav,DNGO-Joint,56,247,0,141,0.1,47.6993042227336,0.6374786383187674,16,13,261,10.899999999999809
Branin-Fav,DNGO-Joint,56,248,0,242,0.1,48.35550072782032,0.6374786383187674,17,13,262,10.799999999999807
Branin-Fav,DNGO-Joint,56,249,0,546,0.1,47.42726255445973,0.6374786383187674,18,13,263,10.699999999999806
Branin-Fav,DNGO-Joint,56,250,0,132,0.1,47.17980027061689,0.6374786383187674,19,13,264,10.599999999999804
Branin-Fav,DNGO-Joint,56,251,0,232,0.1,48.15907342872278,0.6374786383187674,20,13,265,10.499999999999803
Branin-Fav,DNGO-Joint,56,252,1,199,1.0,11.896828029660039,0.6374786383187674,0,14,265,9.499999999999801
Branin-Fav,DNGO-Joint,56,253,0,223,0.1,46.423090663881446,0.6258823266314356,1,14,266,9.399999999999801
Branin-Fav,DNGO-Joint,56,254,0,495,0.1,47.37097733487904,0.6258823266314356,2,14,267,9.2999999999998
Branin-Fav,DNGO-Joint,56,255,0,444,0.1,46.83419036498092,0.6258823266314356,3,14,268,9.199999999999799
Branin-Fav,DNGO-Joint,56,256,0,393,0.1,46.346177688948664,0.6258823266314356,4,14,269,9.099999999999797
Branin-Fav,DNGO-Joint,56,257,0,925,0.1,46.05540849208379,0.6258823266314356,5,14,270,8.999999999999796
Branin-Fav,DNGO-Joint,56,258,0,671,0.1,48.10724148825275,0.6258823266314356,6,14,271,8.899999999999794
Branin-Fav,DNGO-Joint,56,259,0,972,0.1,44.226386474518584,0.6258823266314356,7,14,272,8.799999999999793
Branin-Fav,DNGO-Joint,56,260,0,292,0.1,47.024815744881714,0.6258823266314356,8,14,273,8.699999999999791
Branin-Fav,DNGO-Joint,56,261,0,749,0.1,44.34560355359374,0.6258823266314356,9,14,274,8.59999999999979
Branin-Fav,DNGO-Joint,56,262,0,23,0.1,44.35248540655506,0.6258823266314356,10,14,275,8.499999999999789
Branin-Fav,DNGO-Joint,56,263,0,282,0.1,46.24648923252579,0.6258823266314356,11,14,276,8.399999999999787
Branin-Fav,DNGO-Joint,56,264,0,33,0.1,45.10113139627293,0.6258823266314356,12,14,277,8.299999999999786
Branin-Fav,DNGO-Joint,56,265,0,921,0.1,45.0123491073809,0.6258823266314356,13,14,278,8.199999999999784
Branin-Fav,DNGO-Joint,56,266,0,182,0.1,45.08526767537653,0.6258823266314356,14,14,279,8.099999999999783
Branin-Fav,DNGO-Joint,56,267,0,531,0.1,44.16083749322045,0.6258823266314356,15,14,280,7.9999999999997815
Branin-Fav,DNGO-Joint,56,268,0,472,0.1,43.058519628190844,0.6258823266314356,16,14,281,7.89999999999978
Branin-Fav,DNGO-Joint,56,269,0,173,0.1,42.00247157195844,0.6258823266314356,17,14,282,7.799999999999779
Branin-Fav,DNGO-Joint,56,270,0,40,0.1,42.56145503210322,0.6258823266314356,18,14,283,7.699999999999777
Branin-Fav,DNGO-Joint,56,271,0,698,0.1,43.5053839619354,0.6258823266314356,19,14,284,7.599999999999776
Branin-Fav,DNGO-Joint,56,272,0,877,0.1,44.29032645585091,0.6258823266314356,20,14,285,7.499999999999774
Branin-Fav,DNGO-Joint,56,273,1,476,1.0,13.2296447328468,0.6258823266314356,0,15,285,6.499999999999773
Branin-Fav,DNGO-Joint,56,274,0,680,0.1,45.36740002368868,0.6680452360278286,1,15,286,6.399999999999773
Branin-Fav,DNGO-Joint,56,275,0,647,0.1,44.43970150179833,0.6680452360278286,2,15,287,6.299999999999772
Branin-Fav,DNGO-Joint,56,276,0,342,0.1,46.54315836549332,0.6680452360278286,3,15,288,6.19999999999977
Branin-Fav,DNGO-Joint,56,277,0,971,0.1,43.394984887198746,0.6680452360278286,4,15,289,6.099999999999769
Branin-Fav,DNGO-Joint,56,278,0,191,0.1,43.708961400032614,0.6680452360278286,5,15,290,5.999999999999767
Branin-Fav,DNGO-Joint,56,279,0,545,0.1,43.142075425635106,0.6680452360278286,6,15,291,5.899999999999766
Branin-Fav,DNGO-Joint,56,280,0,828,0.1,45.14280178202449,0.6680452360278286,7,15,292,5.7999999999997645
Branin-Fav,DNGO-Joint,56,281,0,494,0.1,44.50493389407464,0.6680452360278286,8,15,293,5.699999999999763
Branin-Fav,DNGO-Joint,56,282,0,73,0.1,44.56020134709971,0.6680452360278286,9,15,294,5.599999999999762
Branin-Fav,DNGO-Joint,56,283,0,332,0.1,43.71918577622543,0.6680452360278286,10,15,295,5.49999999999976
Branin-Fav,DNGO-Joint,56,284,0,596,0.1,42.83510055951705,0.6680452360278286,11,15,296,5.399999999999759
Branin-Fav,DNGO-Joint,56,285,0,241,0.1,42.9281484058533,0.6680452360278286,12,15,297,5.299999999999757
Branin-Fav,DNGO-Joint,56,286,0,973,0.1,43.41265845204065,0.6680452360278286,13,15,298,5.199999999999756
Branin-Fav,DNGO-Joint,56,287,0,90,0.1,42.110196428405025,0.6680452360278286,14,15,299,5.0999999999997545
Branin-Fav,DNGO-Joint,56,288,0,422,0.1,44.74590068245428,0.6680452360278286,15,15,300,4.999999999999753
Branin-Fav,DNGO-Joint,56,289,0,382,0.1,41.47131438675123,0.6680452360278286,16,15,301,4.899999999999752
Branin-Fav,DNGO-Joint,56,290,0,974,0.1,43.16647343722965,0.6680452360278286,17,15,302,4.79999999999975
Branin-Fav,DNGO-Joint,56,291,0,581,0.1,40.91818103498621,0.6680452360278286,18,15,303,4.699999999999749
Branin-Fav,DNGO-Joint,56,292,0,621,0.1,41.96489666615943,0.6680452360278286,19,15,304,4.599999999999747
Branin-Fav,DNGO-Joint,56,293,0,779,0.1,41.99586772976329,0.6680452360278286,20,15,305,4.499999999999746
Branin-Fav,DNGO-Joint,56,294,1,576,1.0,11.500942176328188,0.6680452360278286,0,16,305,3.499999999999744
Branin-Fav,DNGO-Joint,56,295,0,123,0.1,39.8098921303543,0.6578815334400839,1,16,306,3.399999999999744
Branin-Fav,DNGO-Joint,56,296,0,432,0.1,39.20383288932299,0.6578815334400839,2,16,307,3.2999999999997427
Branin-Fav,DNGO-Joint,56,297,0,571,0.1,40.40122771725651,0.6578815334400839,3,16,308,3.1999999999997413
Branin-Fav,DNGO-Joint,56,298,0,870,0.1,39.68350941456644,0.6578815334400839,4,16,309,3.09999999999974
Branin-Fav,DNGO-Joint,56,299,0,443,0.1,39.35550002462289,0.6578815334400839,5,16,310,2.9999999999997384
Branin-Fav,DNGO-Joint,56,300,0,820,0.1,39.44588153669803,0.6578815334400839,6,16,311,2.899999999999737
Branin-Fav,DNGO-Joint,56,301,0,291,0.1,39.389001961133665,0.6578815334400839,7,16,312,2.7999999999997356
Branin-Fav,DNGO-Joint,56,302,0,730,0.1,38.317676911522305,0.6578815334400839,8,16,313,2.699999999999734
Branin-Fav,DNGO-Joint,56,303,0,372,0.1,38.103009009068494,0.6578815334400839,9,16,314,2.5999999999997327
Branin-Fav,DNGO-Joint,56,304,0,926,0.1,39.19509374716159,0.6578815334400839,10,16,315,2.4999999999997313
Branin-Fav,DNGO-Joint,56,305,0,920,0.1,38.31528232420406,0.6578815334400839,11,16,316,2.39999999999973
Branin-Fav,DNGO-Joint,56,306,0,799,0.1,37.27778166008107,0.6578815334400839,12,16,317,2.2999999999997285
Branin-Fav,DNGO-Joint,56,307,0,140,0.1,37.68903623050864,0.6578815334400839,13,16,318,2.199999999999727
Branin-Fav,DNGO-Joint,56,308,0,392,0.1,39.26882355075848,0.6578815334400839,14,16,319,2.0999999999997256
Branin-Fav,DNGO-Joint,56,309,0,322,0.1,37.69094278549947,0.6578815334400839,15,16,320,1.9999999999997242
Branin-Fav,DNGO-Joint,56,310,0,970,0.1,36.717003402809034,0.6578815334400839,16,16,321,1.8999999999997228
Branin-Fav,DNGO-Joint,56,311,0,1021,0.1,35.477315940206765,0.6578815334400839,17,16,322,1.7999999999997214
Branin-Fav,DNGO-Joint,56,312,0,83,0.1,36.23410006993519,0.6578815334400839,18,16,323,1.69999999999972
Branin-Fav,DNGO-Joint,56,313,0,770,0.1,36.50092365556276,0.6578815334400839,19,16,324,1.5999999999997185
Branin-Fav,DNGO-Joint,56,314,0,39,0.1,36.786988102878546,0.6578815334400839,20,16,325,1.4999999999997171
Branin-Fav,DNGO-Joint,56,315,1,577,1.0,12.206743757850067,0.6578815334400839,0,17,325,0.4999999999997158
Branin-Fav,DNGO-Joint,56,316,0,482,0.1,33.404566615172406,0.6167023699922562,1,17,326,0.3999999999997158
Branin-Fav,DNGO-Joint,56,317,0,631,0.1,33.648145736141245,0.6167023699922562,2,17,327,0.2999999999997144
Branin-Fav,DNGO-Joint,56,318,0,595,0.1,33.05068077919254,0.6167023699922562,3,17,328,0.19999999999971294
Branin-Fav,DNGO-Joint,56,319,0,748,0.1,33.83651672583721,0.6167023699922562,4,17,329,0.09999999999971151
Branin-Fav,DNGO-Joint,57,1,0,29,0.1,142.8910681096722,0.5,1,2,26,45.4
Branin-Fav,DNGO-Joint,57,2,0,2400,0.1,139.6038645202402,0.5,2,2,27,45.3
Branin-Fav,DNGO-Joint,57,3,0,30,0.1,123.86045683379265,0.5,3,2,28,45.199999999999996
Branin-Fav,DNGO-Joint,57,4,0,31,0.1,109.89186293269792,0.5,4,2,29,45.1
Branin-Fav,DNGO-Joint,57,5,0,349,0.1,125.0628849034994,0.5,5,2,30,45.0
Branin-Fav,DNGO-Joint,57,6,0,49,0.1,108.63945203689264,0.5,6,2,31,44.9
Branin-Fav,DNGO-Joint,57,7,0,99,0.1,105.39052397710599,0.5,7,2,32,44.800000000000004
Branin-Fav,DNGO-Joint,57,8,0,149,0.1,110.12621688236943,0.5,8,2,33,44.7
Branin-Fav,DNGO-Joint,57,9,0,199,0.1,107.91253254729259,0.5,9,2,34,44.6
Branin-Fav,DNGO-Joint,57,10,0,249,0.1,106.44544217446378,0.5,10,2,35,44.5
Branin-Fav,DNGO-Joint,57,11,0,399,0.1,106.93191540244631,0.5,11,2,36,44.4
Branin-Fav,DNGO-Joint,57,12,0,299,0.1,104.09077368597161,0.5,12,2,37,44.300000000000004
Branin-Fav,DNGO-Joint,57,13,0,28,0.1,101.21168402162617,0.5,13,2,38,44.2
Branin-Fav,DNGO-Joint,57,14,0,48,0.1,100.0020384599762,0.5,14,2,39,44.1
Branin-Fav,DNGO-Joint,57,15,0,27,0.1,100.98887510986053,0.5,15,2,40,44.00000000000001
Branin-Fav,DNGO-Joint,57,16,0,576,0.1,101.22822622933957,0.5,16,2,41,43.900000000000006
Branin-Fav,DNGO-Joint,57,17,0,78,0.1,98.04132929015823,0.5,17,2,42,43.800000000000004
Branin-Fav,DNGO-Joint,57,18,0,98,0.1,97.82248008085824,0.5,18,2,43,43.7
Branin-Fav,DNGO-Joint,57,19,0,148,0.1,96.12337932175913,0.5,19,2,44,43.6
Branin-Fav,DNGO-Joint,57,20,0,449,0.1,100.66592223671722,0.5,20,2,45,43.50000000000001
Branin-Fav,DNGO-Joint,57,21,1,2451,1.0,30.859807396819463,0.5,0,3,45,42.50000000000001
Branin-Fav,DNGO-Joint,57,22,0,499,0.1,92.67155262211428,0.5,1,3,46,42.400000000000006
Branin-Fav,DNGO-Joint,57,23,0,476,0.1,92.09355416993611,0.5,2,3,47,42.300000000000004
Branin-Fav,DNGO-Joint,57,24,0,198,0.1,91.74631426890218,0.5,3,3,48,42.20000000000001
Branin-Fav,DNGO-Joint,57,25,0,626,0.1,91.7574406214618,0.5,4,3,49,42.10000000000001
Branin-Fav,DNGO-Joint,57,26,0,248,0.1,90.50897491826717,0.5,5,3,50,42.00000000000001
Branin-Fav,DNGO-Joint,57,27,0,2450,0.1,91.1368752268029,0.5,6,3,51,41.900000000000006
Branin-Fav,DNGO-Joint,57,28,0,526,0.1,90.42432751450751,0.5,7,3,52,41.800000000000004
Branin-Fav,DNGO-Joint,57,29,0,427,0.1,89.93393248940173,0.5,8,3,53,41.70000000000001
Branin-Fav,DNGO-Joint,57,30,0,426,0.1,89.35748468915556,0.5,9,3,54,41.60000000000001
Branin-Fav,DNGO-Joint,57,31,0,79,0.1,88.09747411901199,0.5,10,3,55,41.50000000000001
Branin-Fav,DNGO-Joint,57,32,0,625,0.1,86.40114026529257,0.5,11,3,56,41.40000000000001
Branin-Fav,DNGO-Joint,57,33,0,477,0.1,87.32235651658601,0.5,12,3,57,41.30000000000001
Branin-Fav,DNGO-Joint,57,34,0,378,0.1,86.34586847876045,0.5,13,3,58,41.20000000000001
Branin-Fav,DNGO-Joint,57,35,0,47,0.1,86.42545151467966,0.5,14,3,59,41.10000000000001
Branin-Fav,DNGO-Joint,57,36,0,527,0.1,85.78204091731538,0.5,15,3,60,41.00000000000001
Branin-Fav,DNGO-Joint,57,37,0,298,0.1,83.5428463367093,0.5,16,3,61,40.90000000000001
Branin-Fav,DNGO-Joint,57,38,0,428,0.1,85.18452708531841,0.5,17,3,62,40.80000000000001
Branin-Fav,DNGO-Joint,57,39,0,675,0.1,83.63270975193993,0.5,18,3,63,40.70000000000001
Branin-Fav,DNGO-Joint,57,40,0,377,0.1,84.01992542822059,0.5,19,3,64,40.600000000000016
Branin-Fav,DNGO-Joint,57,41,0,725,0.1,82.82931994576292,0.5,20,3,65,40.500000000000014
Branin-Fav,DNGO-Joint,57,42,1,0,1.0,43.734333725834134,0.5,0,4,65,39.500000000000014
Branin-Fav,DNGO-Joint,57,43,0,676,0.1,106.85030706040276,0.5,1,4,66,39.40000000000001
Branin-Fav,DNGO-Joint,57,44,0,128,0.1,105.16723684715468,0.5,2,4,67,39.30000000000001
Branin-Fav,DNGO-Joint,57,45,0,77,0.1,104.87970127792221,0.5,3,4,68,39.20000000000001
Branin-Fav,DNGO-Joint,57,46,0,327,0.1,103.13476934290281,0.5,4,4,69,39.100000000000016
Branin-Fav,DNGO-Joint,57,47,0,127,0.1,102.63868705920909,0.5,5,4,70,39.000000000000014
Branin-Fav,DNGO-Joint,57,48,0,26,0.1,103.33354415693847,0.5,6,4,71,38.90000000000001
Branin-Fav,DNGO-Joint,57,49,0,328,0.1,101.73865450371163,0.5,7,4,72,38.80000000000002
Branin-Fav,DNGO-Joint,57,50,0,376,0.1,102.14586108929255,0.5,8,4,73,38.70000000000002
Branin-Fav,DNGO-Joint,57,51,0,277,0.1,101.81411317696042,0.5,9,4,74,38.600000000000016
Branin-Fav,DNGO-Joint,57,52,0,575,0.1,100.92847354273289,0.5,10,4,75,38.500000000000014
Branin-Fav,DNGO-Joint,57,53,0,478,0.1,99.21213090646738,0.5,11,4,76,38.40000000000001
Branin-Fav,DNGO-Joint,57,54,0,577,0.1,98.57599896747662,0.5,12,4,77,38.30000000000002
Branin-Fav,DNGO-Joint,57,55,0,329,0.1,98.87344754954437,0.5,13,4,78,38.20000000000002
Branin-Fav,DNGO-Joint,57,56,0,528,0.1,99.11081365995864,0.5,14,4,79,38.100000000000016
Branin-Fav,DNGO-Joint,57,57,0,278,0.1,96.7562309285939,0.5,15,4,80,38.00000000000002
Branin-Fav,DNGO-Joint,57,58,0,129,0.1,96.54476094492318,0.5,16,4,81,37.90000000000002
Branin-Fav,DNGO-Joint,57,59,0,326,0.1,96.30450296450002,0.5,17,4,82,37.80000000000002
Branin-Fav,DNGO-Joint,57,60,0,228,0.1,95.13697801101218,0.5,18,4,83,37.70000000000002
Branin-Fav,DNGO-Joint,57,61,0,178,0.1,94.81955423390953,0.5,19,4,84,37.600000000000016
Branin-Fav,DNGO-Joint,57,62,0,525,0.1,94.33630594099193,0.5,20,4,85,37.50000000000002
Branin-Fav,DNGO-Joint,57,63,1,549,1.0,84.26203236128805,0.5,0,5,85,36.50000000000002
Branin-Fav,DNGO-Joint,57,64,0,379,0.1,94.42010058656277,0.5,1,5,86,36.40000000000002
Branin-Fav,DNGO-Joint,57,65,0,76,0.1,93.26098712734655,0.5,2,5,87,36.30000000000002
Branin-Fav,DNGO-Joint,57,66,0,279,0.1,92.74620701031562,0.5,3,5,88,36.200000000000024
Branin-Fav,DNGO-Joint,57,67,0,177,0.1,91.90527360139178,0.5,4,5,89,36.10000000000002
Branin-Fav,DNGO-Joint,57,68,0,475,0.1,91.43650923757673,0.5,5,5,90,36.00000000000002
Branin-Fav,DNGO-Joint,57,69,0,429,0.1,91.00438671214133,0.5,6,5,91,35.90000000000002
Branin-Fav,DNGO-Joint,57,70,0,348,0.1,90.14830122529287,0.5,7,5,92,35.80000000000002
Branin-Fav,DNGO-Joint,57,71,0,276,0.1,89.58180932026586,0.5,8,5,93,35.700000000000024
Branin-Fav,DNGO-Joint,57,72,0,229,0.1,90.04371811737407,0.5,9,5,94,35.60000000000002
Branin-Fav,DNGO-Joint,57,73,0,179,0.1,88.69515693947427,0.5,10,5,95,35.50000000000002
Branin-Fav,DNGO-Joint,57,74,0,80,0.1,88.41706847757162,0.5,11,5,96,35.40000000000003
Branin-Fav,DNGO-Joint,57,75,0,398,0.1,89.65406005417225,0.5,12,5,97,35.300000000000026
Branin-Fav,DNGO-Joint,57,76,0,627,0.1,88.90810752832448,0.5,13,5,98,35.200000000000024
Branin-Fav,DNGO-Joint,57,77,0,425,0.1,86.26583611010946,0.5,14,5,99,35.10000000000002
Branin-Fav,DNGO-Joint,57,78,0,226,0.1,87.15825888601067,0.5,15,5,100,35.00000000000002
Branin-Fav,DNGO-Joint,57,79,0,724,0.1,86.88479274204171,0.5,16,5,101,34.90000000000003
Branin-Fav,DNGO-Joint,57,80,0,130,0.1,85.05526627093968,0.5,17,5,102,34.800000000000026
Branin-Fav,DNGO-Joint,57,81,0,126,0.1,85.4598510943827,0.5,18,5,103,34.700000000000024
Branin-Fav,DNGO-Joint,57,82,0,479,0.1,85.37499590162729,0.5,19,5,104,34.60000000000003
Branin-Fav,DNGO-Joint,57,83,0,375,0.1,85.00649778151441,0.5,20,5,105,34.50000000000003
Branin-Fav,DNGO-Joint,57,84,1,876,1.0,35.40187799950812,0.5,0,6,105,33.50000000000003
Branin-Fav,DNGO-Joint,57,85,0,578,0.1,83.4170083769678,0.5,1,6,106,33.40000000000003
Branin-Fav,DNGO-Joint,57,86,0,574,0.1,82.82002328327334,0.5,2,6,107,33.300000000000026
Branin-Fav,DNGO-Joint,57,87,0,176,0.1,82.73607849618176,0.5,3,6,108,33.200000000000024
Branin-Fav,DNGO-Joint,57,88,0,524,0.1,82.18787543554124,0.5,4,6,109,33.10000000000002
Branin-Fav,DNGO-Joint,57,89,0,674,0.1,82.65761655786808,0.5,5,6,110,33.00000000000002
Branin-Fav,DNGO-Joint,57,90,0,325,0.1,81.46788305316606,0.5,6,6,111,32.90000000000002
Branin-Fav,DNGO-Joint,57,91,0,97,0.1,81.00390979273602,0.5,7,6,112,32.80000000000002
Branin-Fav,DNGO-Joint,57,92,0,25,0.1,83.93333567476776,0.5,8,6,113,32.70000000000002
Branin-Fav,DNGO-Joint,57,93,0,230,0.1,79.74540392268315,0.5,9,6,114,32.600000000000016
Branin-Fav,DNGO-Joint,57,94,0,147,0.1,79.27908565472818,0.5,10,6,115,32.500000000000014
Branin-Fav,DNGO-Joint,57,95,0,197,0.1,79.7509243777327,0.5,11,6,116,32.40000000000001
Branin-Fav,DNGO-Joint,57,96,0,247,0.1,78.44618281060224,0.5,12,6,117,32.30000000000001
Branin-Fav,DNGO-Joint,57,97,0,46,0.1,78.68326550990659,0.5,13,6,118,32.20000000000001
Branin-Fav,DNGO-Joint,57,98,0,448,0.1,80.7207158667641,0.5,14,6,119,32.10000000000001
Branin-Fav,DNGO-Joint,57,99,0,774,0.1,77.82601773755668,0.5,15,6,120,32.00000000000001
Branin-Fav,DNGO-Joint,57,100,0,275,0.1,79.15701688342693,0.5,16,6,121,31.900000000000006
Branin-Fav,DNGO-Joint,57,101,0,726,0.1,79.65096751498464,0.5,17,6,122,31.800000000000004
Branin-Fav,DNGO-Joint,57,102,0,297,0.1,77.63063625498819,0.5,18,6,123,31.700000000000003
Branin-Fav,DNGO-Joint,57,103,0,280,0.1,76.9641980393569,0.5,19,6,124,31.6
Branin-Fav,DNGO-Joint,57,104,0,677,0.1,77.79127819345027,0.5,20,6,125,31.5
Branin-Fav,DNGO-Joint,57,105,1,2462,1.0,24.286290406408618,0.5,0,7,125,30.5
Branin-Fav,DNGO-Joint,57,106,0,330,0.1,76.82317509947683,0.5,1,7,126,30.4
Branin-Fav,DNGO-Joint,57,107,0,225,0.1,74.67296197532569,0.5,2,7,127,30.299999999999997
Branin-Fav,DNGO-Joint,57,108,0,775,0.1,75.50823861653402,0.5,3,7,128,30.199999999999996
Branin-Fav,DNGO-Joint,57,109,0,347,0.1,74.9808878508152,0.5,4,7,129,30.099999999999994
Branin-Fav,DNGO-Joint,57,110,0,380,0.1,74.43757749273355,0.5,5,7,130,29.999999999999993
Branin-Fav,DNGO-Joint,57,111,0,180,0.1,73.9353915688027,0.5,6,7,131,29.89999999999999
Branin-Fav,DNGO-Joint,57,112,0,75,0.1,73.4146280737259,0.5,7,7,132,29.79999999999999
Branin-Fav,DNGO-Joint,57,113,0,474,0.1,73.20147400042957,0.5,8,7,133,29.69999999999999
Branin-Fav,DNGO-Joint,57,114,0,599,0.1,73.2751549944259,0.5,9,7,134,29.599999999999987
Branin-Fav,DNGO-Joint,57,115,0,628,0.1,72.62226821461284,0.5,10,7,135,29.499999999999986
Branin-Fav,DNGO-Joint,57,116,0,529,0.1,71.53220055239147,0.5,11,7,136,29.399999999999984
Branin-Fav,DNGO-Joint,57,117,0,424,0.1,71.9843108178571,0.5,12,7,137,29.299999999999983
Branin-Fav,DNGO-Joint,57,118,0,146,0.1,71.2181406643101,0.5,13,7,138,29.19999999999998
Branin-Fav,DNGO-Joint,57,119,0,125,0.1,70.81842156532112,0.5,14,7,139,29.09999999999998
Branin-Fav,DNGO-Joint,57,120,0,175,0.1,70.81588900255288,0.5,15,7,140,28.99999999999998
Branin-Fav,DNGO-Joint,57,121,0,498,0.1,72.34408448948841,0.5,16,7,141,28.899999999999977
Branin-Fav,DNGO-Joint,57,122,0,96,0.1,70.39183172181278,0.5,17,7,142,28.799999999999976
Branin-Fav,DNGO-Joint,57,123,0,673,0.1,69.23310183566782,0.5,18,7,143,28.699999999999974
Branin-Fav,DNGO-Joint,57,124,0,196,0.1,69.50650825739349,0.5,19,7,144,28.599999999999973
Branin-Fav,DNGO-Joint,57,125,0,374,0.1,69.00345932858895,0.5,20,7,145,28.49999999999997
Branin-Fav,DNGO-Joint,57,126,1,676,1.0,18.072816128387586,0.5,0,8,145,27.49999999999997
Branin-Fav,DNGO-Joint,57,127,0,776,0.1,68.46414539688301,0.5,1,8,146,27.39999999999997
Branin-Fav,DNGO-Joint,57,128,0,723,0.1,69.06640565720619,0.5,2,8,147,27.29999999999997
Branin-Fav,DNGO-Joint,57,129,0,246,0.1,67.91094025333788,0.5,3,8,148,27.199999999999967
Branin-Fav,DNGO-Joint,57,130,0,45,0.1,68.61408961402692,0.5,4,8,149,27.099999999999966
Branin-Fav,DNGO-Joint,57,131,0,95,0.1,69.14308521383373,0.5,5,8,150,26.999999999999964
Branin-Fav,DNGO-Joint,57,132,0,824,0.1,67.23553743986955,0.5,6,8,151,26.899999999999963
Branin-Fav,DNGO-Joint,57,133,0,81,0.1,67.0228007186931,0.5,7,8,152,26.79999999999996
Branin-Fav,DNGO-Joint,57,134,0,623,0.1,67.36836187264444,0.5,8,8,153,26.69999999999996
Branin-Fav,DNGO-Joint,57,135,0,2300,0.1,67.25599833748181,0.5,9,8,154,26.59999999999996
Branin-Fav,DNGO-Joint,57,136,0,773,0.1,66.0488668485986,0.5,10,8,155,26.499999999999957
Branin-Fav,DNGO-Joint,57,137,0,296,0.1,65.84224874973597,0.5,11,8,156,26.399999999999956
Branin-Fav,DNGO-Joint,57,138,0,397,0.1,65.84082309772937,0.5,12,8,157,26.299999999999955
Branin-Fav,DNGO-Joint,57,139,0,346,0.1,65.02701598753578,0.5,13,8,158,26.199999999999953
Branin-Fav,DNGO-Joint,57,140,0,430,0.1,65.6970893001552,0.5,14,8,159,26.09999999999995
Branin-Fav,DNGO-Joint,57,141,0,145,0.1,65.77176042569481,0.5,15,8,160,25.99999999999995
Branin-Fav,DNGO-Joint,57,142,0,573,0.1,64.7718807075542,0.5,16,8,161,25.89999999999995
Branin-Fav,DNGO-Joint,57,143,0,324,0.1,63.44782771101846,0.5,17,8,162,25.799999999999947
Branin-Fav,DNGO-Joint,57,144,0,195,0.1,64.03163264000108,0.5,18,8,163,25.699999999999946
Branin-Fav,DNGO-Joint,57,145,0,480,0.1,63.40959688111207,0.5,19,8,164,25.599999999999945
Branin-Fav,DNGO-Joint,57,146,0,523,0.1,63.40521027388412,0.5,20,8,165,25.499999999999943
Branin-Fav,DNGO-Joint,57,147,1,799,1.0,19.167050262397755,0.5,0,9,165,24.499999999999943
Branin-Fav,DNGO-Joint,57,148,0,245,0.1,62.73671044962974,0.5,1,9,166,24.39999999999994
Branin-Fav,DNGO-Joint,57,149,0,295,0.1,63.97502505528902,0.5,2,9,167,24.29999999999994
Branin-Fav,DNGO-Joint,57,150,0,274,0.1,62.28337539107362,0.5,3,9,168,24.19999999999994
Branin-Fav,DNGO-Joint,57,151,0,447,0.1,62.967819128010134,0.5,4,9,169,24.099999999999937
Branin-Fav,DNGO-Joint,57,152,0,44,0.1,65.21126280864047,0.5,5,9,170,23.999999999999936
Branin-Fav,DNGO-Joint,57,153,0,94,0.1,62.177698734895074,0.5,6,9,171,23.899999999999935
Branin-Fav,DNGO-Joint,57,154,0,24,0.1,62.902375778855166,0.5,7,9,172,23.799999999999933
Branin-Fav,DNGO-Joint,57,155,0,579,0.1,61.547843156626534,0.5,8,9,173,23.699999999999932
Branin-Fav,DNGO-Joint,57,156,0,396,0.1,61.076078166385024,0.5,9,9,174,23.59999999999993
Branin-Fav,DNGO-Joint,57,157,0,144,0.1,60.63431443819731,0.5,10,9,175,23.49999999999993
Branin-Fav,DNGO-Joint,57,158,0,823,0.1,60.41007778487032,0.5,11,9,176,23.399999999999928
Branin-Fav,DNGO-Joint,57,159,0,281,0.1,61.888786769051094,0.5,12,9,177,23.299999999999926
Branin-Fav,DNGO-Joint,57,160,0,194,0.1,60.7851785635791,0.5,13,9,178,23.199999999999925
Branin-Fav,DNGO-Joint,57,161,0,825,0.1,59.386461899566655,0.5,14,9,179,23.099999999999923
Branin-Fav,DNGO-Joint,57,162,0,43,0.1,60.03129904323221,0.5,15,9,180,22.999999999999922
Branin-Fav,DNGO-Joint,57,163,0,548,0.1,60.89506980849699,0.5,16,9,181,22.89999999999992
Branin-Fav,DNGO-Joint,57,164,0,131,0.1,58.92391255749212,0.5,17,9,182,22.79999999999992
Branin-Fav,DNGO-Joint,57,165,0,727,0.1,59.530447448615256,0.5,18,9,183,22.699999999999918
Branin-Fav,DNGO-Joint,57,166,0,244,0.1,58.7169957045847,0.5,19,9,184,22.599999999999916
Branin-Fav,DNGO-Joint,57,167,0,231,0.1,59.1412518667995,0.5,20,9,185,22.499999999999915
Branin-Fav,DNGO-Joint,57,168,1,677,1.0,16.519691770886297,0.5,0,10,185,21.499999999999915
Branin-Fav,DNGO-Joint,57,169,0,473,0.1,57.513651056494886,0.5,1,10,186,21.399999999999913
Branin-Fav,DNGO-Joint,57,170,0,345,0.1,57.5502949335298,0.5,2,10,187,21.299999999999912
Branin-Fav,DNGO-Joint,57,171,0,224,0.1,56.785728080659545,0.5,3,10,188,21.19999999999991
Branin-Fav,DNGO-Joint,57,172,0,181,0.1,56.6816645799744,0.5,4,10,189,21.09999999999991
Branin-Fav,DNGO-Joint,57,173,0,74,0.1,57.589525422677006,0.5,5,10,190,20.999999999999908
Branin-Fav,DNGO-Joint,57,174,0,32,0.1,56.29319705911495,0.5,6,10,191,20.899999999999906
Branin-Fav,DNGO-Joint,57,175,0,678,0.1,56.2823762584303,0.5,7,10,192,20.799999999999905
Branin-Fav,DNGO-Joint,57,176,0,649,0.1,56.420840586092325,0.5,8,10,193,20.699999999999903
Branin-Fav,DNGO-Joint,57,177,0,331,0.1,55.33316770768814,0.5,9,10,194,20.599999999999902
Branin-Fav,DNGO-Joint,57,178,0,93,0.1,55.827688972792636,0.5,10,10,195,20.4999999999999
Branin-Fav,DNGO-Joint,57,179,0,873,0.1,54.901561606224284,0.5,11,10,196,20.3999999999999
Branin-Fav,DNGO-Joint,57,180,0,174,0.1,54.71761923137775,0.5,12,10,197,20.299999999999898
Branin-Fav,DNGO-Joint,57,181,0,497,0.1,54.17677394831512,0.5,13,10,198,20.199999999999896
Branin-Fav,DNGO-Joint,57,182,0,124,0.1,54.08582843723627,0.5,14,10,199,20.099999999999895
Branin-Fav,DNGO-Joint,57,183,0,143,0.1,55.442404001603656,0.5,15,10,200,19.999999999999893
Branin-Fav,DNGO-Joint,57,184,0,294,0.1,53.54907459285451,0.5,16,10,201,19.899999999999892
Branin-Fav,DNGO-Joint,57,185,0,874,0.1,53.63657486752396,0.5,17,10,202,19.79999999999989
Branin-Fav,DNGO-Joint,57,186,0,446,0.1,53.716050916806786,0.5,18,10,203,19.69999999999989
Branin-Fav,DNGO-Joint,57,187,0,395,0.1,54.23602541095082,0.5,19,10,204,19.599999999999888
Branin-Fav,DNGO-Joint,57,188,0,381,0.1,53.301776728561144,0.5,20,10,205,19.499999999999886
Branin-Fav,DNGO-Joint,57,189,1,2499,1.0,20.44364984312263,0.5,0,11,205,18.499999999999886
Branin-Fav,DNGO-Joint,57,190,0,772,0.1,55.690768106560974,0.5,1,11,206,18.399999999999885
Branin-Fav,DNGO-Joint,57,191,0,193,0.1,54.53893724321394,0.5,2,11,207,18.299999999999883
Branin-Fav,DNGO-Joint,57,192,0,598,0.1,54.903715544014666,0.5,3,11,208,18.199999999999882
Branin-Fav,DNGO-Joint,57,193,0,530,0.1,54.39047656474594,0.5,4,11,209,18.09999999999988
Branin-Fav,DNGO-Joint,57,194,0,822,0.1,54.45977288479936,0.5,5,11,210,17.99999999999988
Branin-Fav,DNGO-Joint,57,195,0,431,0.1,54.019193118729696,0.5,6,11,211,17.899999999999878
Branin-Fav,DNGO-Joint,57,196,0,423,0.1,54.05570139060995,0.5,7,11,212,17.799999999999876
Branin-Fav,DNGO-Joint,57,197,0,344,0.1,54.94276373602448,0.5,8,11,213,17.699999999999875
Branin-Fav,DNGO-Joint,57,198,0,629,0.1,53.55081005744964,0.5,9,11,214,17.599999999999874
Branin-Fav,DNGO-Joint,57,199,0,243,0.1,52.597920357719325,0.5,10,11,215,17.499999999999872
Branin-Fav,DNGO-Joint,57,200,0,42,0.1,52.9277816445992,0.5,11,11,216,17.39999999999987
Branin-Fav,DNGO-Joint,57,201,0,722,0.1,52.7182185345241,0.5,12,11,217,17.29999999999987
Branin-Fav,DNGO-Joint,57,202,0,373,0.1,51.252005480024096,0.5,13,11,218,17.199999999999868
Branin-Fav,DNGO-Joint,57,203,0,142,0.1,51.73837647577625,0.5,14,11,219,17.099999999999866
Branin-Fav,DNGO-Joint,57,204,0,826,0.1,51.09858991661948,0.5,15,11,220,16.999999999999865
Branin-Fav,DNGO-Joint,57,205,0,547,0.1,51.355110054167646,0.5,16,11,221,16.899999999999864
Branin-Fav,DNGO-Joint,57,206,0,82,0.1,51.18780099627861,0.5,17,11,222,16.799999999999862
Branin-Fav,DNGO-Joint,57,207,0,872,0.1,51.689010006408914,0.5,18,11,223,16.69999999999986
Branin-Fav,DNGO-Joint,57,208,0,496,0.1,51.22661289889019,0.5,19,11,224,16.59999999999986
Branin-Fav,DNGO-Joint,57,209,0,282,0.1,50.594547427573566,0.5,20,11,225,16.499999999999858
Branin-Fav,DNGO-Joint,57,210,1,399,1.0,19.472865774532174,0.5,0,12,225,15.499999999999858
Branin-Fav,DNGO-Joint,57,211,0,672,0.1,100.95904388602344,0.9988120611877214,1,12,226,15.399999999999858
Branin-Fav,DNGO-Joint,57,212,0,923,0.1,100.56887326842731,0.9988120611877214,2,12,227,15.299999999999857
Branin-Fav,DNGO-Joint,57,213,0,293,0.1,99.78929920787326,0.9988120611877214,3,12,228,15.199999999999855
Branin-Fav,DNGO-Joint,57,214,0,777,0.1,99.23402964390199,0.9988120611877214,4,12,229,15.099999999999854
Branin-Fav,DNGO-Joint,57,215,0,445,0.1,98.47626707343227,0.9988120611877214,5,12,230,14.999999999999853
Branin-Fav,DNGO-Joint,57,216,0,2350,0.1,97.38104265559507,0.9988120611877214,6,12,231,14.899999999999851
Branin-Fav,DNGO-Joint,57,217,0,323,0.1,97.07333690383196,0.9988120611877214,7,12,232,14.79999999999985
Branin-Fav,DNGO-Joint,57,218,0,394,0.1,99.02855762798987,0.9988120611877214,8,12,233,14.699999999999848
Branin-Fav,DNGO-Joint,57,219,0,699,0.1,101.48969372380695,0.9988120611877214,9,12,234,14.599999999999847
Branin-Fav,DNGO-Joint,57,220,0,580,0.1,98.60262709507784,0.9988120611877214,10,12,235,14.499999999999845
Branin-Fav,DNGO-Joint,57,221,0,622,0.1,97.29982434054229,0.9988120611877214,11,12,236,14.399999999999844
Branin-Fav,DNGO-Joint,57,222,0,728,0.1,98.08259074299787,0.9988120611877214,12,12,237,14.299999999999843
Branin-Fav,DNGO-Joint,57,223,0,23,0.1,98.54702694173004,0.9988120611877214,13,12,238,14.199999999999841
Branin-Fav,DNGO-Joint,57,224,0,481,0.1,95.24432257456179,0.9988120611877214,14,12,239,14.09999999999984
Branin-Fav,DNGO-Joint,57,225,0,232,0.1,93.64087592008232,0.9988120611877214,15,12,240,13.999999999999838
Branin-Fav,DNGO-Joint,57,226,0,273,0.1,92.85673792738814,0.9988120611877214,16,12,241,13.899999999999837
Branin-Fav,DNGO-Joint,57,227,0,182,0.1,93.65828782148886,0.9988120611877214,17,12,242,13.799999999999836
Branin-Fav,DNGO-Joint,57,228,0,192,0.1,91.65169142701728,0.9988120611877214,18,12,243,13.699999999999834
Branin-Fav,DNGO-Joint,57,229,0,679,0.1,94.37194189647843,0.9988120611877214,19,12,244,13.599999999999833
Branin-Fav,DNGO-Joint,57,230,0,343,0.1,92.95208181260577,0.9988120611877214,20,12,245,13.499999999999831
Branin-Fav,DNGO-Joint,57,231,1,149,1.0,21.28347453206024,0.9988120611877214,0,13,245,12.49999999999983
Branin-Fav,DNGO-Joint,57,232,0,875,0.1,66.07043565105357,0.7236435806594939,1,13,246,12.39999999999983
Branin-Fav,DNGO-Joint,57,233,0,41,0.1,66.95000403222564,0.7236435806594939,2,13,247,12.299999999999828
Branin-Fav,DNGO-Joint,57,234,0,924,0.1,66.27028735512492,0.7236435806594939,3,13,248,12.199999999999827
Branin-Fav,DNGO-Joint,57,235,0,332,0.1,65.48189631588336,0.7236435806594939,4,13,249,12.099999999999826
Branin-Fav,DNGO-Joint,57,236,0,648,0.1,65.81806048380052,0.7236435806594939,5,13,250,11.999999999999824
Branin-Fav,DNGO-Joint,57,237,0,572,0.1,66.25403527312575,0.7236435806594939,6,13,251,11.899999999999823
Branin-Fav,DNGO-Joint,57,238,0,597,0.1,63.98753979412615,0.7236435806594939,7,13,252,11.799999999999821
Branin-Fav,DNGO-Joint,57,239,0,546,0.1,64.22242873759967,0.7236435806594939,8,13,253,11.69999999999982
Branin-Fav,DNGO-Joint,57,240,0,444,0.1,65.31900135237889,0.7236435806594939,9,13,254,11.599999999999818
Branin-Fav,DNGO-Joint,57,241,0,522,0.1,63.79785981718291,0.7236435806594939,10,13,255,11.499999999999817
Branin-Fav,DNGO-Joint,57,242,0,922,0.1,63.642002025985285,0.7236435806594939,11,13,256,11.399999999999816
Branin-Fav,DNGO-Joint,57,243,0,495,0.1,64.4059219688102,0.7236435806594939,12,13,257,11.299999999999814
Branin-Fav,DNGO-Joint,57,244,0,630,0.1,62.93261640086911,0.7236435806594939,13,13,258,11.199999999999813
Branin-Fav,DNGO-Joint,57,245,0,242,0.1,62.609726499068955,0.7236435806594939,14,13,259,11.099999999999811
Branin-Fav,DNGO-Joint,57,246,0,292,0.1,61.933782354916936,0.7236435806594939,15,13,260,10.99999999999981
Branin-Fav,DNGO-Joint,57,247,0,393,0.1,62.029269773313004,0.7236435806594939,16,13,261,10.899999999999809
Branin-Fav,DNGO-Joint,57,248,0,132,0.1,61.975958690632254,0.7236435806594939,17,13,262,10.799999999999807
Branin-Fav,DNGO-Joint,57,249,0,223,0.1,60.925919001095785,0.7236435806594939,18,13,263,10.699999999999806
Branin-Fav,DNGO-Joint,57,250,0,382,0.1,60.386942289028276,0.7236435806594939,19,13,264,10.599999999999804
Branin-Fav,DNGO-Joint,57,251,0,472,0.1,59.178337754003124,0.7236435806594939,20,13,265,10.499999999999803
Branin-Fav,DNGO-Joint,57,252,1,577,1.0,16.60641974721226,0.7236435806594939,0,14,265,9.499999999999801
Branin-Fav,DNGO-Joint,57,253,0,40,0.1,32.6325381401937,0.37424672605324877,1,14,266,9.399999999999801
Branin-Fav,DNGO-Joint,57,254,0,173,0.1,30.742436962800852,0.37424672605324877,2,14,267,9.2999999999998
Branin-Fav,DNGO-Joint,57,255,0,73,0.1,30.5945155802621,0.37424672605324877,3,14,268,9.199999999999799
Branin-Fav,DNGO-Joint,57,256,0,973,0.1,30.732161499204064,0.37424672605324877,4,14,269,9.099999999999797
Branin-Fav,DNGO-Joint,57,257,0,2401,0.1,29.8073207583597,0.37424672605324877,5,14,270,8.999999999999796
Branin-Fav,DNGO-Joint,57,258,0,827,0.1,30.023757544475497,0.37424672605324877,6,14,271,8.899999999999794
Branin-Fav,DNGO-Joint,57,259,0,494,0.1,30.298172527374636,0.37424672605324877,7,14,272,8.799999999999793
Branin-Fav,DNGO-Joint,57,260,0,821,0.1,30.320683585987922,0.37424672605324877,8,14,273,8.699999999999791
Branin-Fav,DNGO-Joint,57,261,0,749,0.1,29.768151998797183,0.37424672605324877,9,14,274,8.59999999999979
Branin-Fav,DNGO-Joint,57,262,0,778,0.1,30.220503953211015,0.37424672605324877,10,14,275,8.499999999999789
Branin-Fav,DNGO-Joint,57,263,0,545,0.1,29.574458324827404,0.37424672605324877,11,14,276,8.399999999999787
Branin-Fav,DNGO-Joint,57,264,0,531,0.1,29.63711371098744,0.37424672605324877,12,14,277,8.299999999999786
Branin-Fav,DNGO-Joint,57,265,0,91,0.1,29.028625514756765,0.37424672605324877,13,14,278,8.199999999999784
Branin-Fav,DNGO-Joint,57,266,0,2250,0.1,29.026837420751857,0.37424672605324877,14,14,279,8.099999999999783
Branin-Fav,DNGO-Joint,57,267,0,123,0.1,29.694189072055032,0.37424672605324877,15,14,280,7.9999999999997815
Branin-Fav,DNGO-Joint,57,268,0,972,0.1,28.86100152368144,0.37424672605324877,16,14,281,7.89999999999978
Branin-Fav,DNGO-Joint,57,269,0,342,0.1,29.233069008331267,0.37424672605324877,17,14,282,7.799999999999779
Branin-Fav,DNGO-Joint,57,270,0,729,0.1,28.527908960746576,0.37424672605324877,18,14,283,7.699999999999777
Branin-Fav,DNGO-Joint,57,271,0,2452,0.1,29.386979115538885,0.37424672605324877,19,14,284,7.599999999999776
Branin-Fav,DNGO-Joint,57,272,0,925,0.1,28.739556025046323,0.37424672605324877,20,14,285,7.499999999999774
Branin-Fav,DNGO-Joint,57,273,1,527,1.0,16.51312615381565,0.37424672605324877,0,15,285,6.499999999999773
Branin-Fav,DNGO-Joint,57,274,1,626,1.0,13.90843517888076,0.1,0,16,285,5.499999999999773
Branin-Fav,DNGO-Joint,57,275,1,627,1.0,14.629645537038833,0.1,0,17,285,4.499999999999773
Branin-Fav,DNGO-Joint,57,276,1,576,1.0,13.832164808803107,0.1,0,18,285,3.4999999999997726
Branin-Fav,DNGO-Joint,57,277,1,478,1.0,14.610044044761343,0.11916043472154537,0,19,285,2.4999999999997726
Branin-Fav,DNGO-Joint,57,278,1,726,1.0,13.136994348399679,0.14382130079513475,0,20,285,1.4999999999997726
Branin-Fav,DNGO-Joint,57,279,0,771,0.1,17.891874473678836,0.23064801211155425,1,20,286,1.3999999999997725
Branin-Fav,DNGO-Joint,57,280,0,871,0.1,17.58229495405193,0.23064801211155425,2,20,287,1.2999999999997711
Branin-Fav,DNGO-Joint,57,281,0,2403,0.1,17.30256053198255,0.23064801211155425,3,20,288,1.1999999999997697
Branin-Fav,DNGO-Joint,57,282,0,2351,0.1,17.353572485675862,0.23064801211155425,4,20,289,1.0999999999997683
Branin-Fav,DNGO-Joint,57,283,0,921,0.1,16.907814569020392,0.23064801211155425,5,20,290,0.999999999999767
Branin-Fav,DNGO-Joint,57,284,0,698,0.1,17.544918312327688,0.23064801211155425,6,20,291,0.8999999999997655
Branin-Fav,DNGO-Joint,57,285,0,2454,0.1,18.084217214114418,0.23064801211155425,7,20,292,0.7999999999997641
Branin-Fav,DNGO-Joint,57,286,0,2402,0.1,17.63508435637402,0.23064801211155425,8,20,293,0.6999999999997627
Branin-Fav,DNGO-Joint,57,287,0,2352,0.1,16.998277988371644,0.23064801211155425,9,20,294,0.5999999999997613
Branin-Fav,DNGO-Joint,57,288,0,2404,0.1,17.497147437526646,0.23064801211155425,10,20,295,0.49999999999975986
Branin-Fav,DNGO-Joint,57,289,0,2302,0.1,17.139185004670825,0.23064801211155425,11,20,296,0.39999999999975844
Branin-Fav,DNGO-Joint,57,290,0,2353,0.1,17.502655075566107,0.23064801211155425,12,20,297,0.299999999999757
Branin-Fav,DNGO-Joint,57,291,0,2354,0.1,17.915943657334637,0.23064801211155425,13,20,298,0.19999999999975557
Branin-Fav,DNGO-Joint,57,292,0,2455,0.1,19.996894162677044,0.23064801211155425,14,20,299,0.09999999999975415
Branin-Fav,DNGO-Joint,58,1,0,2450,0.1,139.2599286684095,0.5,1,2,26,45.4
Branin-Fav,DNGO-Joint,58,2,0,336,0.1,119.30916187808216,0.5,2,2,27,45.3
Branin-Fav,DNGO-Joint,58,3,0,199,0.1,124.38569906039018,0.5,3,2,28,45.199999999999996
Branin-Fav,DNGO-Joint,58,4,0,249,0.1,117.77082450211044,0.5,4,2,29,45.1
Branin-Fav,DNGO-Joint,58,5,0,99,0.1,114.03469541785728,0.5,5,2,30,45.0
Branin-Fav,DNGO-Joint,58,6,0,299,0.1,116.05321485438694,0.5,6,2,31,44.9
Branin-Fav,DNGO-Joint,58,7,0,49,0.1,117.08088558659159,0.5,7,2,32,44.800000000000004
Branin-Fav,DNGO-Joint,58,8,0,349,0.1,112.9366848336938,0.5,8,2,33,44.7
Branin-Fav,DNGO-Joint,58,9,0,149,0.1,109.9859886846711,0.5,9,2,34,44.6
Branin-Fav,DNGO-Joint,58,10,0,1068,0.1,110.24318682717312,0.5,10,2,35,44.5
Branin-Fav,DNGO-Joint,58,11,0,48,0.1,109.03604789910604,0.5,11,2,36,44.4
Branin-Fav,DNGO-Joint,58,12,0,98,0.1,106.80612500546094,0.5,12,2,37,44.300000000000004
Branin-Fav,DNGO-Joint,58,13,0,148,0.1,103.96413378818198,0.5,13,2,38,44.2
Branin-Fav,DNGO-Joint,58,14,0,399,0.1,103.08856137125684,0.5,14,2,39,44.1
Branin-Fav,DNGO-Joint,58,15,0,198,0.1,102.51540139266696,0.5,15,2,40,44.00000000000001
Branin-Fav,DNGO-Joint,58,16,0,248,0.1,100.8028818433116,0.5,16,2,41,43.900000000000006
Branin-Fav,DNGO-Joint,58,17,0,47,0.1,103.18095056004667,0.5,17,2,42,43.800000000000004
Branin-Fav,DNGO-Joint,58,18,0,298,0.1,100.12471895572463,0.5,18,2,43,43.7
Branin-Fav,DNGO-Joint,58,19,0,97,0.1,100.73319803723173,0.5,19,2,44,43.6
Branin-Fav,DNGO-Joint,58,20,0,147,0.1,98.25553814463797,0.5,20,2,45,43.50000000000001
Branin-Fav,DNGO-Joint,58,21,1,2300,1.0,47.85421276608777,0.5,0,3,45,42.50000000000001
Branin-Fav,DNGO-Joint,58,22,0,197,0.1,96.6995827249854,0.5,1,3,46,42.400000000000006
Branin-Fav,DNGO-Joint,58,23,0,348,0.1,96.0771203148473,0.5,2,3,47,42.300000000000004
Branin-Fav,DNGO-Joint,58,24,0,675,0.1,97.70446676540101,0.5,3,3,48,42.20000000000001
Branin-Fav,DNGO-Joint,58,25,0,449,0.1,94.44684866028254,0.5,4,3,49,42.10000000000001
Branin-Fav,DNGO-Joint,58,26,0,46,0.1,92.53397231989979,0.5,5,3,50,42.00000000000001
Branin-Fav,DNGO-Joint,58,27,0,247,0.1,92.7186281248691,0.5,6,3,51,41.900000000000006
Branin-Fav,DNGO-Joint,58,28,0,297,0.1,91.41475996061153,0.5,7,3,52,41.800000000000004
Branin-Fav,DNGO-Joint,58,29,0,45,0.1,93.1329580047426,0.5,8,3,53,41.70000000000001
Branin-Fav,DNGO-Joint,58,30,0,96,0.1,90.92116929793782,0.5,9,3,54,41.60000000000001
Branin-Fav,DNGO-Joint,58,31,0,246,0.1,92.20566544905466,0.5,10,3,55,41.50000000000001
Branin-Fav,DNGO-Joint,58,32,0,776,0.1,99.08675489692186,0.5,11,3,56,41.40000000000001
Branin-Fav,DNGO-Joint,58,33,0,146,0.1,89.98677507484491,0.5,12,3,57,41.30000000000001
Branin-Fav,DNGO-Joint,58,34,0,196,0.1,88.87023515083125,0.5,13,3,58,41.20000000000001
Branin-Fav,DNGO-Joint,58,35,0,296,0.1,87.89901672435016,0.5,14,3,59,41.10000000000001
Branin-Fav,DNGO-Joint,58,36,0,674,0.1,88.51852014707883,0.5,15,3,60,41.00000000000001
Branin-Fav,DNGO-Joint,58,37,0,624,0.1,85.83768503384165,0.5,16,3,61,40.90000000000001
Branin-Fav,DNGO-Joint,58,38,0,145,0.1,86.46947953837163,0.5,17,3,62,40.80000000000001
Branin-Fav,DNGO-Joint,58,39,0,95,0.1,86.30030726397374,0.5,18,3,63,40.70000000000001
Branin-Fav,DNGO-Joint,58,40,0,44,0.1,87.98599967558496,0.5,19,3,64,40.600000000000016
Branin-Fav,DNGO-Joint,58,41,0,676,0.1,84.7594105716148,0.5,20,3,65,40.500000000000014
Branin-Fav,DNGO-Joint,58,42,1,0,1.0,49.28319830751507,0.5,0,4,65,39.500000000000014
Branin-Fav,DNGO-Joint,58,43,0,43,0.1,107.59514535283402,0.5,1,4,66,39.40000000000001
Branin-Fav,DNGO-Joint,58,44,1,2499,1.0,117.34478589157146,0.5,0,5,66,38.40000000000001
Branin-Fav,DNGO-Joint,58,45,0,398,0.1,109.62082659540046,0.5,1,5,67,38.30000000000001
Branin-Fav,DNGO-Joint,58,46,0,582,0.1,114.93826453892703,0.5,2,5,68,38.20000000000001
Branin-Fav,DNGO-Joint,58,47,0,195,0.1,106.18267396840167,0.5,3,5,69,38.100000000000016
Branin-Fav,DNGO-Joint,58,48,0,347,0.1,105.48939788503598,0.5,4,5,70,38.000000000000014
Branin-Fav,DNGO-Joint,58,49,0,245,0.1,104.21643627027075,0.5,5,5,71,37.90000000000001
Branin-Fav,DNGO-Joint,58,50,0,29,0.1,103.42423358290107,0.5,6,5,72,37.80000000000002
Branin-Fav,DNGO-Joint,58,51,0,32,0.1,106.65671718576165,0.5,7,5,73,37.70000000000002
Branin-Fav,DNGO-Joint,58,52,0,499,0.1,103.1516180348078,0.5,8,5,74,37.600000000000016
Branin-Fav,DNGO-Joint,58,53,0,28,0.1,100.53816622446902,0.5,9,5,75,37.500000000000014
Branin-Fav,DNGO-Joint,58,54,0,448,0.1,100.52878469707309,0.5,10,5,76,37.40000000000001
Branin-Fav,DNGO-Joint,58,55,0,526,0.1,101.13058511426892,0.5,11,5,77,37.30000000000002
Branin-Fav,DNGO-Joint,58,56,0,27,0.1,103.42036998050621,0.5,12,5,78,37.20000000000002
Branin-Fav,DNGO-Joint,58,57,0,26,0.1,101.31231809201559,0.5,13,5,79,37.100000000000016
Branin-Fav,DNGO-Joint,58,58,0,25,0.1,101.99794037819113,0.5,14,5,80,37.00000000000002
Branin-Fav,DNGO-Joint,58,59,0,129,0.1,98.35189098217718,0.5,15,5,81,36.90000000000002
Branin-Fav,DNGO-Joint,58,60,0,475,0.1,98.69794805003694,0.5,16,5,82,36.80000000000002
Branin-Fav,DNGO-Joint,58,61,0,30,0.1,96.79076528170874,0.5,17,5,83,36.70000000000002
Branin-Fav,DNGO-Joint,58,62,0,78,0.1,96.30163362124027,0.5,18,5,84,36.600000000000016
Branin-Fav,DNGO-Joint,58,63,0,574,0.1,97.69359081632057,0.5,19,5,85,36.50000000000002
Branin-Fav,DNGO-Joint,58,64,0,94,0.1,95.33339148195374,0.5,20,5,86,36.40000000000002
Branin-Fav,DNGO-Joint,58,65,1,649,1.0,58.689551500862436,0.5,0,6,86,35.40000000000002
Branin-Fav,DNGO-Joint,58,66,0,722,0.1,95.96838385561082,0.5,1,6,87,35.30000000000002
Branin-Fav,DNGO-Joint,58,67,0,549,0.1,94.44153405163819,0.5,2,6,88,35.200000000000024
Branin-Fav,DNGO-Joint,58,68,0,397,0.1,94.65589107801522,0.5,3,6,89,35.10000000000002
Branin-Fav,DNGO-Joint,58,69,0,476,0.1,97.3484953477477,0.5,4,6,90,35.00000000000002
Branin-Fav,DNGO-Joint,58,70,0,76,0.1,93.90556262393673,0.5,5,6,91,34.90000000000002
Branin-Fav,DNGO-Joint,58,71,0,376,0.1,92.65272766006947,0.5,6,6,92,34.80000000000002
Branin-Fav,DNGO-Joint,58,72,0,426,0.1,94.84944950905893,0.5,7,6,93,34.700000000000024
Branin-Fav,DNGO-Joint,58,73,0,377,0.1,93.40802035874233,0.5,8,6,94,34.60000000000002
Branin-Fav,DNGO-Joint,58,74,0,525,0.1,96.05404294420798,0.5,9,6,95,34.50000000000002
Branin-Fav,DNGO-Joint,58,75,0,575,0.1,94.37180891413898,0.5,10,6,96,34.40000000000003
Branin-Fav,DNGO-Joint,58,76,0,474,0.1,92.68346690443795,0.5,11,6,97,34.300000000000026
Branin-Fav,DNGO-Joint,58,77,0,2350,0.1,94.41835843424288,0.5,12,6,98,34.200000000000024
Branin-Fav,DNGO-Joint,58,78,0,625,0.1,92.95792458163186,0.5,13,6,99,34.10000000000002
Branin-Fav,DNGO-Joint,58,79,0,79,0.1,90.42370074437073,0.5,14,6,100,34.00000000000002
Branin-Fav,DNGO-Joint,58,80,0,424,0.1,90.69947825293856,0.5,15,6,101,33.90000000000003
Branin-Fav,DNGO-Joint,58,81,0,77,0.1,89.09624643426052,0.5,16,6,102,33.800000000000026
Branin-Fav,DNGO-Joint,58,82,0,425,0.1,91.57642336630734,0.5,17,6,103,33.700000000000024
Branin-Fav,DNGO-Joint,58,83,0,623,0.1,88.62825971235546,0.5,18,6,104,33.60000000000002
Branin-Fav,DNGO-Joint,58,84,0,524,0.1,88.78407543058614,0.5,19,6,105,33.50000000000002
Branin-Fav,DNGO-Joint,58,85,0,724,0.1,89.38012579610682,0.5,20,6,106,33.40000000000002
Branin-Fav,DNGO-Joint,58,86,1,799,1.0,25.69592699150055,0.5,0,7,106,32.40000000000002
Branin-Fav,DNGO-Joint,58,87,0,626,0.1,89.55940385082567,0.5,1,7,107,32.30000000000002
Branin-Fav,DNGO-Joint,58,88,0,75,0.1,90.0817341416982,0.5,2,7,108,32.20000000000002
Branin-Fav,DNGO-Joint,58,89,0,375,0.1,86.44639930690498,0.5,3,7,109,32.100000000000016
Branin-Fav,DNGO-Joint,58,90,0,127,0.1,86.76606743210613,0.5,4,7,110,32.000000000000014
Branin-Fav,DNGO-Joint,58,91,0,326,0.1,88.40637697230505,0.5,5,7,111,31.900000000000013
Branin-Fav,DNGO-Joint,58,92,0,128,0.1,85.79863485362615,0.5,6,7,112,31.80000000000001
Branin-Fav,DNGO-Joint,58,93,0,427,0.1,85.78142565268219,0.5,7,7,113,31.70000000000001
Branin-Fav,DNGO-Joint,58,94,0,276,0.1,86.51259349829007,0.5,8,7,114,31.60000000000001
Branin-Fav,DNGO-Joint,58,95,0,325,0.1,87.0140285429017,0.5,9,7,115,31.500000000000007
Branin-Fav,DNGO-Joint,58,96,0,327,0.1,85.59488428401548,0.5,10,7,116,31.400000000000006
Branin-Fav,DNGO-Joint,58,97,0,277,0.1,85.56677491421824,0.5,11,7,117,31.300000000000004
Branin-Fav,DNGO-Joint,58,98,0,227,0.1,84.49923286042299,0.5,12,7,118,31.200000000000003
Branin-Fav,DNGO-Joint,58,99,0,477,0.1,87.04930093359837,0.5,13,7,119,31.1
Branin-Fav,DNGO-Joint,58,100,0,177,0.1,83.52488428072577,0.5,14,7,120,31.0
Branin-Fav,DNGO-Joint,58,101,0,374,0.1,84.54662713379685,0.5,15,7,121,30.9
Branin-Fav,DNGO-Joint,58,102,0,527,0.1,85.64422997576176,0.5,16,7,122,30.799999999999997
Branin-Fav,DNGO-Joint,58,103,0,723,0.1,83.21479286426823,0.5,17,7,123,30.699999999999996
Branin-Fav,DNGO-Joint,58,104,0,125,0.1,84.84684893080458,0.5,18,7,124,30.599999999999994
Branin-Fav,DNGO-Joint,58,105,0,328,0.1,84.39208143627553,0.5,19,7,125,30.499999999999993
Branin-Fav,DNGO-Joint,58,106,0,378,0.1,83.22798102746115,0.5,20,7,126,30.39999999999999
Branin-Fav,DNGO-Joint,58,107,1,749,1.0,20.574781913421987,0.5,0,8,126,29.39999999999999
Branin-Fav,DNGO-Joint,58,108,0,278,0.1,80.78310324294411,0.5,1,8,127,29.29999999999999
Branin-Fav,DNGO-Joint,58,109,0,226,0.1,81.54345401699545,0.5,2,8,128,29.19999999999999
Branin-Fav,DNGO-Joint,58,110,0,176,0.1,83.1756935682552,0.5,3,8,129,29.099999999999987
Branin-Fav,DNGO-Joint,58,111,0,673,0.1,80.49652461116887,0.5,4,8,130,28.999999999999986
Branin-Fav,DNGO-Joint,58,112,0,275,0.1,80.25796300818051,0.5,5,8,131,28.899999999999984
Branin-Fav,DNGO-Joint,58,113,0,126,0.1,81.40158535961629,0.5,6,8,132,28.799999999999983
Branin-Fav,DNGO-Joint,58,114,0,228,0.1,80.55318105691649,0.5,7,8,133,28.69999999999998
Branin-Fav,DNGO-Joint,58,115,0,225,0.1,79.04574998155734,0.5,8,8,134,28.59999999999998
Branin-Fav,DNGO-Joint,58,116,0,523,0.1,78.90827908550155,0.5,9,8,135,28.49999999999998
Branin-Fav,DNGO-Joint,58,117,0,577,0.1,79.12494184869122,0.5,10,8,136,28.399999999999977
Branin-Fav,DNGO-Joint,58,118,0,428,0.1,79.92412997457389,0.5,11,8,137,28.299999999999976
Branin-Fav,DNGO-Joint,58,119,0,178,0.1,79.57367897893116,0.5,12,8,138,28.199999999999974
Branin-Fav,DNGO-Joint,58,120,0,175,0.1,77.69083141158139,0.5,13,8,139,28.099999999999973
Branin-Fav,DNGO-Joint,58,121,0,478,0.1,76.96908920431224,0.5,14,8,140,27.99999999999997
Branin-Fav,DNGO-Joint,58,122,0,324,0.1,77.09620448860875,0.5,15,8,141,27.89999999999997
Branin-Fav,DNGO-Joint,58,123,0,179,0.1,77.28130490796165,0.5,16,8,142,27.79999999999997
Branin-Fav,DNGO-Joint,58,124,0,725,0.1,75.30913514330793,0.5,17,8,143,27.699999999999967
Branin-Fav,DNGO-Joint,58,125,0,473,0.1,76.36352070527676,0.5,18,8,144,27.599999999999966
Branin-Fav,DNGO-Joint,58,126,0,229,0.1,77.07427080433423,0.5,19,8,145,27.499999999999964
Branin-Fav,DNGO-Joint,58,127,0,274,0.1,75.54686922166174,0.5,20,8,146,27.399999999999963
Branin-Fav,DNGO-Joint,58,128,1,549,1.0,18.90268124724118,0.5,0,9,146,26.399999999999963
Branin-Fav,DNGO-Joint,58,129,0,773,0.1,74.15760000412878,0.5,1,9,147,26.29999999999996
Branin-Fav,DNGO-Joint,58,130,0,498,0.1,73.29866888354786,0.5,2,9,148,26.19999999999996
Branin-Fav,DNGO-Joint,58,131,0,224,0.1,74.15283251161108,0.5,3,9,149,26.09999999999996
Branin-Fav,DNGO-Joint,58,132,0,627,0.1,75.95033775191465,0.5,4,9,150,25.999999999999957
Branin-Fav,DNGO-Joint,58,133,0,599,0.1,72.56147155018184,0.5,5,9,151,25.899999999999956
Branin-Fav,DNGO-Joint,58,134,0,24,0.1,73.91808842637394,0.5,6,9,152,25.799999999999955
Branin-Fav,DNGO-Joint,58,135,0,279,0.1,73.03489990365541,0.5,7,9,153,25.699999999999953
Branin-Fav,DNGO-Joint,58,136,0,528,0.1,72.78053480451042,0.5,8,9,154,25.59999999999995
Branin-Fav,DNGO-Joint,58,137,0,329,0.1,72.94179440462545,0.5,9,9,155,25.49999999999995
Branin-Fav,DNGO-Joint,58,138,0,379,0.1,72.99279190594379,0.5,10,9,156,25.39999999999995
Branin-Fav,DNGO-Joint,58,139,0,80,0.1,73.64224603503621,0.5,11,9,157,25.299999999999947
Branin-Fav,DNGO-Joint,58,140,0,423,0.1,71.10994815094784,0.5,12,9,158,25.199999999999946
Branin-Fav,DNGO-Joint,58,141,0,774,0.1,70.7694996773664,0.5,13,9,159,25.099999999999945
Branin-Fav,DNGO-Joint,58,142,0,578,0.1,70.1776077419443,0.5,14,9,160,24.999999999999943
Branin-Fav,DNGO-Joint,58,143,0,429,0.1,70.24766566650459,0.5,15,9,161,24.89999999999994
Branin-Fav,DNGO-Joint,58,144,0,130,0.1,70.92193587862681,0.5,16,9,162,24.79999999999994
Branin-Fav,DNGO-Joint,58,145,0,346,0.1,68.95263709359575,0.5,17,9,163,24.69999999999994
Branin-Fav,DNGO-Joint,58,146,0,42,0.1,72.12184643766446,0.5,18,9,164,24.599999999999937
Branin-Fav,DNGO-Joint,58,147,0,180,0.1,68.48706107914563,0.5,19,9,165,24.499999999999936
Branin-Fav,DNGO-Joint,58,148,0,726,0.1,68.01775380323413,0.5,20,9,166,24.399999999999935
Branin-Fav,DNGO-Joint,58,149,1,449,1.0,21.15527191964273,0.5,0,10,166,23.399999999999935
Branin-Fav,DNGO-Joint,58,150,0,230,0.1,70.50646867754487,0.5,1,10,167,23.299999999999933
Branin-Fav,DNGO-Joint,58,151,0,572,0.1,69.26027368111389,0.5,2,10,168,23.199999999999932
Branin-Fav,DNGO-Joint,58,152,0,479,0.1,67.1924194619804,0.5,3,10,169,23.09999999999993
Branin-Fav,DNGO-Joint,58,153,0,373,0.1,67.31121684674447,0.5,4,10,170,22.99999999999993
Branin-Fav,DNGO-Joint,58,154,0,677,0.1,68.75102040716793,0.5,5,10,171,22.899999999999928
Branin-Fav,DNGO-Joint,58,155,0,144,0.1,67.79641505319304,0.5,6,10,172,22.799999999999926
Branin-Fav,DNGO-Joint,58,156,0,628,0.1,66.70608407951886,0.5,7,10,173,22.699999999999925
Branin-Fav,DNGO-Joint,58,157,0,174,0.1,65.44505384847267,0.5,8,10,174,22.599999999999923
Branin-Fav,DNGO-Joint,58,158,0,529,0.1,64.9838570388669,0.5,9,10,175,22.499999999999922
Branin-Fav,DNGO-Joint,58,159,0,280,0.1,67.98812575643623,0.5,10,10,176,22.39999999999992
Branin-Fav,DNGO-Joint,58,160,0,775,0.1,65.38779806560949,0.5,11,10,177,22.29999999999992
Branin-Fav,DNGO-Joint,58,161,0,93,0.1,64.44971441219555,0.5,12,10,178,22.199999999999918
Branin-Fav,DNGO-Joint,58,162,0,330,0.1,65.80645930473452,0.5,13,10,179,22.099999999999916
Branin-Fav,DNGO-Joint,58,163,0,81,0.1,68.55958716232117,0.5,14,10,180,21.999999999999915
Branin-Fav,DNGO-Joint,58,164,0,622,0.1,67.16360750679375,0.5,15,10,181,21.899999999999913
Branin-Fav,DNGO-Joint,58,165,0,824,0.1,64.34697444698183,0.5,16,10,182,21.799999999999912
Branin-Fav,DNGO-Joint,58,166,0,672,0.1,64.18066163954177,0.5,17,10,183,21.69999999999991
Branin-Fav,DNGO-Joint,58,167,0,380,0.1,63.37106371396638,0.5,18,10,184,21.59999999999991
Branin-Fav,DNGO-Joint,58,168,0,522,0.1,63.276025592254804,0.5,19,10,185,21.499999999999908
Branin-Fav,DNGO-Joint,58,169,0,131,0.1,65.17443370149157,0.5,20,10,186,21.399999999999906
Branin-Fav,DNGO-Joint,58,170,1,399,1.0,19.45039548062452,0.5,0,11,186,20.399999999999906
Branin-Fav,DNGO-Joint,58,171,0,823,0.1,116.90781631185104,0.9354725095128313,1,11,187,20.299999999999905
Branin-Fav,DNGO-Joint,58,172,0,727,0.1,116.48402122299589,0.9354725095128313,2,11,188,20.199999999999903
Branin-Fav,DNGO-Joint,58,173,0,772,0.1,115.88690938250689,0.9354725095128313,3,11,189,20.099999999999902
Branin-Fav,DNGO-Joint,58,174,0,295,0.1,117.31912859323276,0.9354725095128313,4,11,190,19.9999999999999
Branin-Fav,DNGO-Joint,58,175,0,447,0.1,114.86055808123265,0.9354725095128313,5,11,191,19.8999999999999
Branin-Fav,DNGO-Joint,58,176,0,430,0.1,113.19973003653698,0.9354725095128313,6,11,192,19.799999999999898
Branin-Fav,DNGO-Joint,58,177,0,181,0.1,113.34400354774108,0.9354725095128313,7,11,193,19.699999999999896
Branin-Fav,DNGO-Joint,58,178,0,74,0.1,113.31535962697055,0.9354725095128313,8,11,194,19.599999999999895
Branin-Fav,DNGO-Joint,58,179,0,194,0.1,111.91977222892721,0.9354725095128313,9,11,195,19.499999999999893
Branin-Fav,DNGO-Joint,58,180,0,825,0.1,116.23939888998866,0.9354725095128313,10,11,196,19.399999999999892
Branin-Fav,DNGO-Joint,58,181,0,678,0.1,113.51995117954843,0.9354725095128313,11,11,197,19.29999999999989
Branin-Fav,DNGO-Joint,58,182,0,396,0.1,111.74620382742725,0.9354725095128313,12,11,198,19.19999999999989
Branin-Fav,DNGO-Joint,58,183,0,548,0.1,110.81285167929248,0.9354725095128313,13,11,199,19.099999999999888
Branin-Fav,DNGO-Joint,58,184,0,82,0.1,113.81822782970399,0.9354725095128313,14,11,200,18.999999999999886
Branin-Fav,DNGO-Joint,58,185,0,822,0.1,108.50951710757947,0.9354725095128313,15,11,201,18.899999999999885
Branin-Fav,DNGO-Joint,58,186,0,579,0.1,107.72790523274666,0.9354725095128313,16,11,202,18.799999999999883
Branin-Fav,DNGO-Joint,58,187,0,124,0.1,107.45220855523188,0.9354725095128313,17,11,203,18.699999999999882
Branin-Fav,DNGO-Joint,58,188,0,323,0.1,108.48135138493187,0.9354725095128313,18,11,204,18.59999999999988
Branin-Fav,DNGO-Joint,58,189,0,143,0.1,104.51588054696708,0.9354725095128313,19,11,205,18.49999999999988
Branin-Fav,DNGO-Joint,58,190,0,231,0.1,113.0340003225508,0.9354725095128313,20,11,206,18.399999999999878
Branin-Fav,DNGO-Joint,58,191,1,2458,1.0,17.765502503013185,0.9354725095128313,0,12,206,17.399999999999878
Branin-Fav,DNGO-Joint,58,192,0,281,0.1,107.2567948642304,0.9354725095128313,1,12,207,17.299999999999876
Branin-Fav,DNGO-Joint,58,193,0,873,0.1,105.9136386743378,0.9354725095128313,2,12,208,17.199999999999875
Branin-Fav,DNGO-Joint,58,194,0,629,0.1,103.40499176777844,0.9354725095128313,3,12,209,17.099999999999874
Branin-Fav,DNGO-Joint,58,195,0,244,0.1,104.55289858771988,0.9354725095128313,4,12,210,16.999999999999872
Branin-Fav,DNGO-Joint,58,196,0,480,0.1,103.2675186106574,0.9354725095128313,5,12,211,16.89999999999987
Branin-Fav,DNGO-Joint,58,197,0,872,0.1,102.66058017806274,0.9354725095128313,6,12,212,16.79999999999987
Branin-Fav,DNGO-Joint,58,198,0,345,0.1,105.71772619343508,0.9354725095128313,7,12,213,16.699999999999868
Branin-Fav,DNGO-Joint,58,199,0,331,0.1,105.45721089529445,0.9354725095128313,8,12,214,16.599999999999866
Branin-Fav,DNGO-Joint,58,200,0,497,0.1,101.95163652090514,0.9354725095128313,9,12,215,16.499999999999865
Branin-Fav,DNGO-Joint,58,201,0,132,0.1,103.3923384705545,0.9354725095128313,10,12,216,16.399999999999864
Branin-Fav,DNGO-Joint,58,202,0,446,0.1,101.66702277069338,0.9354725095128313,11,12,217,16.299999999999862
Branin-Fav,DNGO-Joint,58,203,0,381,0.1,104.114997937279,0.9354725095128313,12,12,218,16.19999999999986
Branin-Fav,DNGO-Joint,58,204,0,92,0.1,104.29310634391167,0.9354725095128313,13,12,219,16.09999999999986
Branin-Fav,DNGO-Joint,58,205,0,598,0.1,101.10345659658353,0.9354725095128313,14,12,220,15.99999999999986
Branin-Fav,DNGO-Joint,58,206,0,193,0.1,101.27240685612709,0.9354725095128313,15,12,221,15.899999999999858
Branin-Fav,DNGO-Joint,58,207,0,771,0.1,103.43485310230494,0.9354725095128313,16,12,222,15.799999999999857
Branin-Fav,DNGO-Joint,58,208,0,530,0.1,102.29717502379387,0.9354725095128313,17,12,223,15.699999999999855
Branin-Fav,DNGO-Joint,58,209,0,273,0.1,97.99424126229931,0.9354725095128313,18,12,224,15.599999999999854
Branin-Fav,DNGO-Joint,58,210,0,294,0.1,100.60442335169515,0.9354725095128313,19,12,225,15.499999999999853
Branin-Fav,DNGO-Joint,58,211,0,41,0.1,97.30921708455153,0.9354725095128313,20,12,226,15.399999999999851
Branin-Fav,DNGO-Joint,58,212,1,349,1.0,18.37247918986282,0.9354725095128313,0,13,226,14.39999999999985
Branin-Fav,DNGO-Joint,58,213,0,699,0.1,98.38534198878381,0.8976606436887313,1,13,227,14.29999999999985
Branin-Fav,DNGO-Joint,58,214,0,23,0.1,93.43443039179009,0.8976606436887313,2,13,228,14.199999999999848
Branin-Fav,DNGO-Joint,58,215,0,395,0.1,92.85757261566793,0.8976606436887313,3,13,229,14.099999999999847
Branin-Fav,DNGO-Joint,58,216,0,33,0.1,96.83392934362978,0.8976606436887313,4,13,230,13.999999999999845
Branin-Fav,DNGO-Joint,58,217,0,728,0.1,92.12044927316516,0.8976606436887313,5,13,231,13.899999999999844
Branin-Fav,DNGO-Joint,58,218,0,777,0.1,91.52272962575468,0.8976606436887313,6,13,232,13.799999999999843
Branin-Fav,DNGO-Joint,58,219,0,243,0.1,90.20329633365371,0.8976606436887313,7,13,233,13.699999999999841
Branin-Fav,DNGO-Joint,58,220,0,472,0.1,89.91606382313596,0.8976606436887313,8,13,234,13.59999999999984
Branin-Fav,DNGO-Joint,58,221,0,547,0.1,89.36740711165736,0.8976606436887313,9,13,235,13.499999999999838
Branin-Fav,DNGO-Joint,58,222,0,344,0.1,89.39427694336712,0.8976606436887313,10,13,236,13.399999999999837
Branin-Fav,DNGO-Joint,58,223,0,671,0.1,88.9987378850256,0.8976606436887313,11,13,237,13.299999999999836
Branin-Fav,DNGO-Joint,58,224,0,431,0.1,90.04939420176996,0.8976606436887313,12,13,238,13.199999999999834
Branin-Fav,DNGO-Joint,58,225,0,874,0.1,88.05234279850966,0.8976606436887313,13,13,239,13.099999999999833
Branin-Fav,DNGO-Joint,58,226,0,826,0.1,88.36067558146398,0.8976606436887313,14,13,240,12.999999999999831
Branin-Fav,DNGO-Joint,58,227,0,496,0.1,89.18493202807123,0.8976606436887313,15,13,241,12.89999999999983
Branin-Fav,DNGO-Joint,58,228,0,821,0.1,89.03554815327432,0.8976606436887313,16,13,242,12.799999999999828
Branin-Fav,DNGO-Joint,58,229,0,293,0.1,87.97240655425556,0.8976606436887313,17,13,243,12.699999999999827
Branin-Fav,DNGO-Joint,58,230,0,580,0.1,86.6942181808793,0.8976606436887313,18,13,244,12.599999999999826
Branin-Fav,DNGO-Joint,58,231,0,445,0.1,85.59248405197313,0.8976606436887313,19,13,245,12.499999999999824
Branin-Fav,DNGO-Joint,58,232,0,182,0.1,89.43166459467955,0.8976606436887313,20,13,246,12.399999999999823
Branin-Fav,DNGO-Joint,58,233,1,499,1.0,15.615380049299324,0.8976606436887313,0,14,246,11.399999999999821
Branin-Fav,DNGO-Joint,58,234,0,223,0.1,87.7645723494489,0.9045133569155607,1,14,247,11.299999999999821
Branin-Fav,DNGO-Joint,58,235,0,142,0.1,86.13863582278753,0.9045133569155607,2,14,248,11.19999999999982
Branin-Fav,DNGO-Joint,58,236,0,192,0.1,85.08370248464745,0.9045133569155607,3,14,249,11.099999999999818
Branin-Fav,DNGO-Joint,58,237,0,232,0.1,89.22950553257799,0.9045133569155607,4,14,250,10.999999999999817
Branin-Fav,DNGO-Joint,58,238,0,173,0.1,84.45784873186038,0.9045133569155607,5,14,251,10.899999999999816
Branin-Fav,DNGO-Joint,58,239,0,679,0.1,84.86870284247605,0.9045133569155607,6,14,252,10.799999999999814
Branin-Fav,DNGO-Joint,58,240,0,422,0.1,84.98501256603137,0.9045133569155607,7,14,253,10.699999999999813
Branin-Fav,DNGO-Joint,58,241,0,875,0.1,81.90623603249507,0.9045133569155607,8,14,254,10.599999999999811
Branin-Fav,DNGO-Joint,58,242,0,91,0.1,83.81156689000514,0.9045133569155607,9,14,255,10.49999999999981
Branin-Fav,DNGO-Joint,58,243,0,827,0.1,83.62257638792433,0.9045133569155607,10,14,256,10.399999999999809
Branin-Fav,DNGO-Joint,58,244,0,282,0.1,82.68160305471785,0.9045133569155607,11,14,257,10.299999999999807
Branin-Fav,DNGO-Joint,58,245,0,372,0.1,81.2399736636632,0.9045133569155607,12,14,258,10.199999999999806
Branin-Fav,DNGO-Joint,58,246,0,648,0.1,82.69556482029955,0.9045133569155607,13,14,259,10.099999999999804
Branin-Fav,DNGO-Joint,58,247,0,923,0.1,79.64068060411823,0.9045133569155607,14,14,260,9.999999999999803
Branin-Fav,DNGO-Joint,58,248,0,394,0.1,83.91097125029262,0.9045133569155607,15,14,261,9.899999999999801
Branin-Fav,DNGO-Joint,58,249,0,871,0.1,79.7789479160291,0.9045133569155607,16,14,262,9.7999999999998
Branin-Fav,DNGO-Joint,58,250,0,778,0.1,79.39040516909778,0.9045133569155607,17,14,263,9.699999999999799
Branin-Fav,DNGO-Joint,58,251,0,922,0.1,80.44169728588767,0.9045133569155607,18,14,264,9.599999999999797
Branin-Fav,DNGO-Joint,58,252,0,83,0.1,80.36368700499776,0.9045133569155607,19,14,265,9.499999999999796
Branin-Fav,DNGO-Joint,58,253,0,141,0.1,77.522448895815,0.9045133569155607,20,14,266,9.399999999999794
Branin-Fav,DNGO-Joint,58,254,1,299,1.0,13.566597168121536,0.9045133569155607,0,15,266,8.399999999999793
Branin-Fav,DNGO-Joint,58,255,0,597,0.1,76.25550157777414,0.8881658687073509,1,15,267,8.299999999999793
Branin-Fav,DNGO-Joint,58,256,0,729,0.1,75.95273796500396,0.8881658687073509,2,15,268,8.199999999999791
Branin-Fav,DNGO-Joint,58,257,0,481,0.1,77.25083458222991,0.8881658687073509,3,15,269,8.09999999999979
Branin-Fav,DNGO-Joint,58,258,0,630,0.1,74.56224698163878,0.8881658687073509,4,15,270,7.999999999999789
Branin-Fav,DNGO-Joint,58,259,0,621,0.1,79.17586387057035,0.8881658687073509,5,15,271,7.899999999999787
Branin-Fav,DNGO-Joint,58,260,0,343,0.1,74.89135506982468,0.8881658687073509,6,15,272,7.799999999999786
Branin-Fav,DNGO-Joint,58,261,0,242,0.1,73.70567050902989,0.8881658687073509,7,15,273,7.699999999999784
Branin-Fav,DNGO-Joint,58,262,0,123,0.1,75.21126280095544,0.8881658687073509,8,15,274,7.599999999999783
Branin-Fav,DNGO-Joint,58,263,0,924,0.1,75.0329282754077,0.8881658687073509,9,15,275,7.4999999999997815
Branin-Fav,DNGO-Joint,58,264,0,546,0.1,73.79850474171126,0.8881658687073509,10,15,276,7.39999999999978
Branin-Fav,DNGO-Joint,58,265,0,531,0.1,75.1625302293809,0.8881658687073509,11,15,277,7.299999999999779
Branin-Fav,DNGO-Joint,58,266,0,2400,0.1,73.39554866742533,0.8881658687073509,12,15,278,7.199999999999777
Branin-Fav,DNGO-Joint,58,267,0,876,0.1,72.29675277666466,0.8881658687073509,13,15,279,7.099999999999776
Branin-Fav,DNGO-Joint,58,268,0,73,0.1,71.85368454171497,0.8881658687073509,14,15,280,6.999999999999774
Branin-Fav,DNGO-Joint,58,269,0,921,0.1,71.9642724029728,0.8881658687073509,15,15,281,6.899999999999773
Branin-Fav,DNGO-Joint,58,270,0,332,0.1,73.48338669722004,0.8881658687073509,16,15,282,6.799999999999772
Branin-Fav,DNGO-Joint,58,271,0,292,0.1,70.72735032456161,0.8881658687073509,17,15,283,6.69999999999977
Branin-Fav,DNGO-Joint,58,272,0,322,0.1,69.56416733398714,0.8881658687073509,18,15,284,6.599999999999769
Branin-Fav,DNGO-Joint,58,273,0,444,0.1,71.52908074592153,0.8881658687073509,19,15,285,6.499999999999767
Branin-Fav,DNGO-Joint,58,274,0,393,0.1,70.91442500951497,0.8881658687073509,20,15,286,6.399999999999766
Branin-Fav,DNGO-Joint,58,275,1,249,1.0,12.553203518958412,0.8881658687073509,0,16,286,5.399999999999764
Branin-Fav,DNGO-Joint,58,276,0,925,0.1,66.61548026001313,0.8640671979831309,1,16,287,5.2999999999997645
Branin-Fav,DNGO-Joint,58,277,0,40,0.1,66.81488347081367,0.8640671979831309,2,16,288,5.199999999999763
Branin-Fav,DNGO-Joint,58,278,0,698,0.1,67.0611469454154,0.8640671979831309,3,16,289,5.099999999999762
Branin-Fav,DNGO-Joint,58,279,0,571,0.1,66.29587889047485,0.8640671979831309,4,16,290,4.99999999999976
Branin-Fav,DNGO-Joint,58,280,0,382,0.1,73.12711220563261,0.8640671979831309,5,16,291,4.899999999999759
Branin-Fav,DNGO-Joint,58,281,0,191,0.1,65.4717405483618,0.8640671979831309,6,16,292,4.799999999999757
Branin-Fav,DNGO-Joint,58,282,0,432,0.1,65.29228593610571,0.8640671979831309,7,16,293,4.699999999999756
Branin-Fav,DNGO-Joint,58,283,0,133,0.1,67.73575045084993,0.8640671979831309,8,16,294,4.5999999999997545
Branin-Fav,DNGO-Joint,58,284,0,342,0.1,65.5081894157043,0.8640671979831309,9,16,295,4.499999999999753
Branin-Fav,DNGO-Joint,58,285,0,647,0.1,66.84526099587129,0.8640671979831309,10,16,296,4.399999999999752
Branin-Fav,DNGO-Joint,58,286,0,680,0.1,64.95031621995516,0.8640671979831309,11,16,297,4.29999999999975
Branin-Fav,DNGO-Joint,58,287,0,90,0.1,65.25970008280702,0.8640671979831309,12,16,298,4.199999999999749
Branin-Fav,DNGO-Joint,58,288,0,972,0.1,64.49774174093297,0.8640671979831309,13,16,299,4.099999999999747
Branin-Fav,DNGO-Joint,58,289,0,521,0.1,65.18120989597122,0.8640671979831309,14,16,300,3.9999999999997455
Branin-Fav,DNGO-Joint,58,290,0,973,0.1,63.29355247412719,0.8640671979831309,15,16,301,3.899999999999744
Branin-Fav,DNGO-Joint,58,291,0,596,0.1,62.950881608789096,0.8640671979831309,16,16,302,3.7999999999997427
Branin-Fav,DNGO-Joint,58,292,0,545,0.1,62.27198476358415,0.8640671979831309,17,16,303,3.6999999999997413
Branin-Fav,DNGO-Joint,58,293,0,877,0.1,62.26524977966129,0.8640671979831309,18,16,304,3.59999999999974
Branin-Fav,DNGO-Joint,58,294,0,870,0.1,64.30986984229914,0.8640671979831309,19,16,305,3.4999999999997384
Branin-Fav,DNGO-Joint,58,295,0,183,0.1,62.28504477245281,0.8640671979831309,20,16,306,3.399999999999737
Branin-Fav,DNGO-Joint,58,296,1,599,1.0,11.74653808664884,0.8640671979831309,0,17,306,2.3999999999997357
Branin-Fav,DNGO-Joint,58,297,0,494,0.1,58.938495269636334,0.8014520823246867,1,17,307,2.2999999999997356
Branin-Fav,DNGO-Joint,58,298,0,272,0.1,56.85875191991586,0.8014520823246867,2,17,308,2.199999999999734
Branin-Fav,DNGO-Joint,58,299,0,828,0.1,57.40627075072195,0.8014520823246867,3,17,309,2.0999999999997327
Branin-Fav,DNGO-Joint,58,300,0,971,0.1,57.963674055402855,0.8014520823246867,4,17,310,1.9999999999997313
Branin-Fav,DNGO-Joint,58,301,0,443,0.1,56.74267817777789,0.8014520823246867,5,17,311,1.89999999999973
Branin-Fav,DNGO-Joint,58,302,0,241,0.1,55.4994075579144,0.8014520823246867,6,17,312,1.7999999999997285
Branin-Fav,DNGO-Joint,58,303,0,233,0.1,57.069335999170654,0.8014520823246867,7,17,313,1.699999999999727
Branin-Fav,DNGO-Joint,58,304,0,920,0.1,55.03476817646893,0.8014520823246867,8,17,314,1.5999999999997256
Branin-Fav,DNGO-Joint,58,305,0,283,0.1,56.38658940182485,0.8014520823246867,9,17,315,1.4999999999997242
Branin-Fav,DNGO-Joint,58,306,0,974,0.1,54.63376251903373,0.8014520823246867,10,17,316,1.3999999999997228
Branin-Fav,DNGO-Joint,58,307,0,779,0.1,53.888133784052776,0.8014520823246867,11,17,317,1.2999999999997214
Branin-Fav,DNGO-Joint,58,308,0,581,0.1,54.64447446723281,0.8014520823246867,12,17,318,1.19999999999972
Branin-Fav,DNGO-Joint,58,309,0,748,0.1,55.512676659632206,0.8014520823246867,13,17,319,1.0999999999997185
Branin-Fav,DNGO-Joint,58,310,0,392,0.1,54.154698704289004,0.8014520823246867,14,17,320,0.9999999999997172
Branin-Fav,DNGO-Joint,58,311,0,820,0.1,54.09792802726887,0.8014520823246867,15,17,321,0.8999999999997158
Branin-Fav,DNGO-Joint,58,312,0,2250,0.1,55.00558426310008,0.8014520823246867,16,17,322,0.7999999999997144
Branin-Fav,DNGO-Joint,58,313,0,926,0.1,54.64244215743919,0.8014520823246867,17,17,323,0.699999999999713
Branin-Fav,DNGO-Joint,58,314,0,970,0.1,53.72107359131868,0.8014520823246867,18,17,324,0.5999999999997115
Branin-Fav,DNGO-Joint,58,315,0,140,0.1,52.034362341981875,0.8014520823246867,19,17,325,0.4999999999997101
Branin-Fav,DNGO-Joint,58,316,0,222,0.1,52.203508858270986,0.8014520823246867,20,17,326,0.3999999999997087
Branin-Fav,DNGO-Joint,58,317,0,34,0.1,55.49936190464083,0.8014520823246867,21,17,327,0.2999999999997073
Branin-Fav,DNGO-Joint,58,318,0,770,0.1,50.812041191839086,0.8014520823246867,22,17,328,0.19999999999970583
Branin-Fav,DNGO-Joint,58,319,0,291,0.1,51.07483834871076,0.8014520823246867,23,17,329,0.09999999999970441
Branin-Fav,DNGO-Joint,59,1,0,1950,0.1,93.82394166613359,0.5,1,2,26,45.4
Branin-Fav,DNGO-Joint,59,2,0,49,0.1,93.85042098238723,0.5,2,2,27,45.3
Branin-Fav,DNGO-Joint,59,3,0,99,0.1,83.07196898221463,0.5,3,2,28,45.199999999999996
Branin-Fav,DNGO-Joint,59,4,0,48,0.1,73.69733704735445,0.5,4,2,29,45.1
Branin-Fav,DNGO-Joint,59,5,0,26,0.1,83.48191528229255,0.5,5,2,30,45.0
Branin-Fav,DNGO-Joint,59,6,0,29,0.1,79.54207209575846,0.5,6,2,31,44.9
Branin-Fav,DNGO-Joint,59,7,0,149,0.1,77.15304063806808,0.5,7,2,32,44.800000000000004
Branin-Fav,DNGO-Joint,59,8,0,98,0.1,72.46023316424697,0.5,8,2,33,44.7
Branin-Fav,DNGO-Joint,59,9,0,199,0.1,72.81790978670084,0.5,9,2,34,44.6
Branin-Fav,DNGO-Joint,59,10,0,30,0.1,70.14178737614724,0.5,10,2,35,44.5
Branin-Fav,DNGO-Joint,59,11,0,249,0.1,70.76009320078704,0.5,11,2,36,44.4
Branin-Fav,DNGO-Joint,59,12,0,299,0.1,69.1148871197136,0.5,12,2,37,44.300000000000004
Branin-Fav,DNGO-Joint,59,13,0,148,0.1,69.32295135630002,0.5,13,2,38,44.2
Branin-Fav,DNGO-Joint,59,14,0,198,0.1,68.37257996737355,0.5,14,2,39,44.1
Branin-Fav,DNGO-Joint,59,15,0,47,0.1,67.67622667702217,0.5,15,2,40,44.00000000000001
Branin-Fav,DNGO-Joint,59,16,0,97,0.1,67.10283462098178,0.5,16,2,41,43.900000000000006
Branin-Fav,DNGO-Joint,59,17,0,46,0.1,66.3564939348043,0.5,17,2,42,43.800000000000004
Branin-Fav,DNGO-Joint,59,18,0,27,0.1,66.61769594536575,0.5,18,2,43,43.7
Branin-Fav,DNGO-Joint,59,19,0,28,0.1,63.66427357201375,0.5,19,2,44,43.6
Branin-Fav,DNGO-Joint,59,20,0,147,0.1,63.82235475113724,0.5,20,2,45,43.50000000000001
Branin-Fav,DNGO-Joint,59,21,1,2450,1.0,36.075951239878805,0.5,0,3,45,42.50000000000001
Branin-Fav,DNGO-Joint,59,22,1,2499,1.0,74.09470231917915,0.5,0,4,45,41.50000000000001
Branin-Fav,DNGO-Joint,59,23,0,25,0.1,72.84984026216502,0.5,1,4,46,41.400000000000006
Branin-Fav,DNGO-Joint,59,24,0,248,0.1,71.08602524684585,0.5,2,4,47,41.300000000000004
Branin-Fav,DNGO-Joint,59,25,0,349,0.1,71.3023935248696,0.5,3,4,48,41.20000000000001
Branin-Fav,DNGO-Joint,59,26,0,96,0.1,68.0763460302863,0.5,4,4,49,41.10000000000001
Branin-Fav,DNGO-Joint,59,27,0,377,0.1,72.70287556414071,0.5,5,4,50,41.00000000000001
Branin-Fav,DNGO-Joint,59,28,0,426,0.1,70.89769753522705,0.5,6,4,51,40.900000000000006
Branin-Fav,DNGO-Joint,59,29,0,476,0.1,68.50843482770433,0.5,7,4,52,40.800000000000004
Branin-Fav,DNGO-Joint,59,30,0,477,0.1,74.0772307528951,0.5,8,4,53,40.70000000000001
Branin-Fav,DNGO-Joint,59,31,0,526,0.1,74.13514650718132,0.5,9,4,54,40.60000000000001
Branin-Fav,DNGO-Joint,59,32,0,376,0.1,68.72157731124894,0.5,10,4,55,40.50000000000001
Branin-Fav,DNGO-Joint,59,33,0,427,0.1,70.46347958447554,0.5,11,4,56,40.40000000000001
Branin-Fav,DNGO-Joint,59,34,0,527,0.1,71.2281159382118,0.5,12,4,57,40.30000000000001
Branin-Fav,DNGO-Joint,59,35,0,328,0.1,69.14564961460724,0.5,13,4,58,40.20000000000001
Branin-Fav,DNGO-Joint,59,36,0,327,0.1,68.01790865199898,0.5,14,4,59,40.10000000000001
Branin-Fav,DNGO-Joint,59,37,0,326,0.1,68.11010054126199,0.5,15,4,60,40.00000000000001
Branin-Fav,DNGO-Joint,59,38,0,575,0.1,67.98774964371724,0.5,16,4,61,39.90000000000001
Branin-Fav,DNGO-Joint,59,39,0,576,0.1,68.24344280805255,0.5,17,4,62,39.80000000000001
Branin-Fav,DNGO-Joint,59,40,0,625,0.1,67.60063392183844,0.5,18,4,63,39.70000000000001
Branin-Fav,DNGO-Joint,59,41,0,525,0.1,67.18462980725178,0.5,19,4,64,39.600000000000016
Branin-Fav,DNGO-Joint,59,42,0,278,0.1,65.22148867632899,0.5,20,4,65,39.500000000000014
Branin-Fav,DNGO-Joint,59,43,1,0,1.0,33.17500877989267,0.5,0,5,65,38.500000000000014
Branin-Fav,DNGO-Joint,59,44,0,277,0.1,93.44586942635057,0.5,1,5,66,38.40000000000001
Branin-Fav,DNGO-Joint,59,45,0,378,0.1,94.57341433691099,0.5,2,5,67,38.30000000000001
Branin-Fav,DNGO-Joint,59,46,0,229,0.1,93.39497063550908,0.5,3,5,68,38.20000000000001
Branin-Fav,DNGO-Joint,59,47,0,428,0.1,92.73716315262526,0.5,4,5,69,38.100000000000016
Branin-Fav,DNGO-Joint,59,48,0,279,0.1,93.36088122960838,0.5,5,5,70,38.000000000000014
Branin-Fav,DNGO-Joint,59,49,0,475,0.1,90.92226698754104,0.5,6,5,71,37.90000000000001
Branin-Fav,DNGO-Joint,59,50,0,626,0.1,89.74938939588075,0.5,7,5,72,37.80000000000002
Branin-Fav,DNGO-Joint,59,51,0,227,0.1,90.33510469700099,0.5,8,5,73,37.70000000000002
Branin-Fav,DNGO-Joint,59,52,0,33,0.1,91.58554797381072,0.5,9,5,74,37.600000000000016
Branin-Fav,DNGO-Joint,59,53,0,624,0.1,90.56912520441274,0.5,10,5,75,37.500000000000014
Branin-Fav,DNGO-Joint,59,54,0,574,0.1,89.20024755635713,0.5,11,5,76,37.40000000000001
Branin-Fav,DNGO-Joint,59,55,0,675,0.1,86.43862593209303,0.5,12,5,77,37.30000000000002
Branin-Fav,DNGO-Joint,59,56,0,577,0.1,88.01831435551158,0.5,13,5,78,37.20000000000002
Branin-Fav,DNGO-Joint,59,57,0,425,0.1,87.40848065683299,0.5,14,5,79,37.100000000000016
Branin-Fav,DNGO-Joint,59,58,0,478,0.1,86.38743838191874,0.5,15,5,80,37.00000000000002
Branin-Fav,DNGO-Joint,59,59,0,228,0.1,84.71336806129884,0.5,16,5,81,36.90000000000002
Branin-Fav,DNGO-Joint,59,60,0,674,0.1,84.87213422621852,0.5,17,5,82,36.80000000000002
Branin-Fav,DNGO-Joint,59,61,0,276,0.1,84.74868815744432,0.5,18,5,83,36.70000000000002
Branin-Fav,DNGO-Joint,59,62,0,375,0.1,83.79869073903544,0.5,19,5,84,36.600000000000016
Branin-Fav,DNGO-Joint,59,63,0,528,0.1,82.76386531729263,0.5,20,5,85,36.50000000000002
Branin-Fav,DNGO-Joint,59,64,1,2460,1.0,24.567758010744598,0.5,0,6,85,35.50000000000002
Branin-Fav,DNGO-Joint,59,65,0,524,0.1,82.77782711697434,0.5,1,6,86,35.40000000000002
Branin-Fav,DNGO-Joint,59,66,0,474,0.1,81.60149973435914,0.5,2,6,87,35.30000000000002
Branin-Fav,DNGO-Joint,59,67,0,676,0.1,80.17363777471418,0.5,3,6,88,35.200000000000024
Branin-Fav,DNGO-Joint,59,68,0,45,0.1,79.8428562188073,0.5,4,6,89,35.10000000000002
Branin-Fav,DNGO-Joint,59,69,0,329,0.1,82.23586028063868,0.5,5,6,90,35.00000000000002
Branin-Fav,DNGO-Joint,59,70,0,178,0.1,79.46855775244498,0.5,6,6,91,34.90000000000002
Branin-Fav,DNGO-Joint,59,71,0,673,0.1,79.06131324108938,0.5,7,6,92,34.80000000000002
Branin-Fav,DNGO-Joint,59,72,0,179,0.1,78.77420389981104,0.5,8,6,93,34.700000000000024
Branin-Fav,DNGO-Joint,59,73,0,197,0.1,78.21562885004367,0.5,9,6,94,34.60000000000002
Branin-Fav,DNGO-Joint,59,74,0,177,0.1,78.14185187634796,0.5,10,6,95,34.50000000000002
Branin-Fav,DNGO-Joint,59,75,0,226,0.1,78.85633931864557,0.5,11,6,96,34.40000000000003
Branin-Fav,DNGO-Joint,59,76,0,128,0.1,76.82153340642344,0.5,12,6,97,34.300000000000026
Branin-Fav,DNGO-Joint,59,77,0,78,0.1,77.00478651283613,0.5,13,6,98,34.200000000000024
Branin-Fav,DNGO-Joint,59,78,0,627,0.1,77.07478320308378,0.5,14,6,99,34.10000000000002
Branin-Fav,DNGO-Joint,59,79,0,379,0.1,75.6665673365256,0.5,15,6,100,34.00000000000002
Branin-Fav,DNGO-Joint,59,80,0,623,0.1,76.0613874047813,0.5,16,6,101,33.90000000000003
Branin-Fav,DNGO-Joint,59,81,0,129,0.1,75.25286587605606,0.5,17,6,102,33.800000000000026
Branin-Fav,DNGO-Joint,59,82,0,325,0.1,75.3890617844759,0.5,18,6,103,33.700000000000024
Branin-Fav,DNGO-Joint,59,83,0,127,0.1,75.80496835836318,0.5,19,6,104,33.60000000000002
Branin-Fav,DNGO-Joint,59,84,0,77,0.1,75.10358824892026,0.5,20,6,105,33.50000000000002
Branin-Fav,DNGO-Joint,59,85,1,599,1.0,52.705805449418875,0.5,0,7,105,32.50000000000002
Branin-Fav,DNGO-Joint,59,86,0,429,0.1,73.38004836807268,0.5,1,7,106,32.40000000000002
Branin-Fav,DNGO-Joint,59,87,0,298,0.1,73.89250731815184,0.5,2,7,107,32.30000000000002
Branin-Fav,DNGO-Joint,59,88,0,176,0.1,72.0498744325707,0.5,3,7,108,32.20000000000002
Branin-Fav,DNGO-Joint,59,89,0,399,0.1,74.12489629719663,0.5,4,7,109,32.100000000000016
Branin-Fav,DNGO-Joint,59,90,0,79,0.1,71.7295935469324,0.5,5,7,110,32.000000000000014
Branin-Fav,DNGO-Joint,59,91,0,424,0.1,71.63536537437044,0.5,6,7,111,31.900000000000013
Branin-Fav,DNGO-Joint,59,92,0,126,0.1,70.83674035132478,0.5,7,7,112,31.80000000000001
Branin-Fav,DNGO-Joint,59,93,0,725,0.1,70.35138185035285,0.5,8,7,113,31.70000000000001
Branin-Fav,DNGO-Joint,59,94,0,723,0.1,71.71039422163062,0.5,9,7,114,31.60000000000001
Branin-Fav,DNGO-Joint,59,95,0,230,0.1,69.70210601667014,0.5,10,7,115,31.500000000000007
Branin-Fav,DNGO-Joint,59,96,0,76,0.1,70.32201982069527,0.5,11,7,116,31.400000000000006
Branin-Fav,DNGO-Joint,59,97,0,578,0.1,70.08142658261943,0.5,12,7,117,31.300000000000004
Branin-Fav,DNGO-Joint,59,98,0,275,0.1,69.06566961470529,0.5,13,7,118,31.200000000000003
Branin-Fav,DNGO-Joint,59,99,0,180,0.1,69.58113120986337,0.5,14,7,119,31.1
Branin-Fav,DNGO-Joint,59,100,0,247,0.1,67.92994022414811,0.5,15,7,120,31.0
Branin-Fav,DNGO-Joint,59,101,0,280,0.1,67.78841837208137,0.5,16,7,121,30.9
Branin-Fav,DNGO-Joint,59,102,0,146,0.1,67.27841152305501,0.5,17,7,122,30.799999999999997
Branin-Fav,DNGO-Joint,59,103,0,724,0.1,66.91459353745594,0.5,18,7,123,30.699999999999996
Branin-Fav,DNGO-Joint,59,104,0,225,0.1,67.47227596825662,0.5,19,7,124,30.599999999999994
Branin-Fav,DNGO-Joint,59,105,0,479,0.1,65.83405100494805,0.5,20,7,125,30.499999999999993
Branin-Fav,DNGO-Joint,59,106,1,649,1.0,13.839447269602015,0.5,0,8,125,29.499999999999993
Branin-Fav,DNGO-Joint,59,107,0,573,0.1,67.21631657450722,0.5,1,8,126,29.39999999999999
Branin-Fav,DNGO-Joint,59,108,0,374,0.1,65.61602461505582,0.5,2,8,127,29.29999999999999
Branin-Fav,DNGO-Joint,59,109,0,175,0.1,66.13102494078046,0.5,3,8,128,29.19999999999999
Branin-Fav,DNGO-Joint,59,110,0,196,0.1,64.14078668018479,0.5,4,8,129,29.099999999999987
Branin-Fav,DNGO-Joint,59,111,0,80,0.1,64.9925204443537,0.5,5,8,130,28.999999999999986
Branin-Fav,DNGO-Joint,59,112,0,449,0.1,64.45137890871304,0.5,6,8,131,28.899999999999984
Branin-Fav,DNGO-Joint,59,113,0,125,0.1,62.91368322419794,0.5,7,8,132,28.799999999999983
Branin-Fav,DNGO-Joint,59,114,0,774,0.1,63.51067352629965,0.5,8,8,133,28.69999999999998
Branin-Fav,DNGO-Joint,59,115,0,130,0.1,63.43232348740642,0.5,9,8,134,28.59999999999998
Branin-Fav,DNGO-Joint,59,116,0,95,0.1,62.80973156170092,0.5,10,8,135,28.49999999999998
Branin-Fav,DNGO-Joint,59,117,0,297,0.1,62.017122084813145,0.5,11,8,136,28.399999999999977
Branin-Fav,DNGO-Joint,59,118,0,44,0.1,63.98645894093304,0.5,12,8,137,28.299999999999976
Branin-Fav,DNGO-Joint,59,119,0,75,0.1,62.23133351447715,0.5,13,8,138,28.199999999999974
Branin-Fav,DNGO-Joint,59,120,0,145,0.1,62.268344388644294,0.5,14,8,139,28.099999999999973
Branin-Fav,DNGO-Joint,59,121,0,324,0.1,60.80141308526521,0.5,15,8,140,27.99999999999997
Branin-Fav,DNGO-Joint,59,122,0,677,0.1,60.39452836246035,0.5,16,8,141,27.89999999999997
Branin-Fav,DNGO-Joint,59,123,0,398,0.1,61.0714247356721,0.5,17,8,142,27.79999999999997
Branin-Fav,DNGO-Joint,59,124,0,499,0.1,61.14922538700194,0.5,18,8,143,27.699999999999967
Branin-Fav,DNGO-Joint,59,125,0,94,0.1,61.961386729898024,0.5,19,8,144,27.599999999999966
Branin-Fav,DNGO-Joint,59,126,0,330,0.1,60.28948369467729,0.5,20,8,145,27.499999999999964
Branin-Fav,DNGO-Joint,59,127,1,699,1.0,14.085457984174589,0.5,0,9,145,26.499999999999964
Branin-Fav,DNGO-Joint,59,128,0,31,0.1,60.32094377860485,0.5,1,9,146,26.399999999999963
Branin-Fav,DNGO-Joint,59,129,0,246,0.1,59.4944499321536,0.5,2,9,147,26.29999999999996
Branin-Fav,DNGO-Joint,59,130,0,43,0.1,60.2375689984141,0.5,3,9,148,26.19999999999996
Branin-Fav,DNGO-Joint,59,131,0,628,0.1,59.9674087564001,0.5,4,9,149,26.09999999999996
Branin-Fav,DNGO-Joint,59,132,0,523,0.1,58.696581871592535,0.5,5,9,150,25.999999999999957
Branin-Fav,DNGO-Joint,59,133,0,726,0.1,59.73158115837972,0.5,6,9,151,25.899999999999956
Branin-Fav,DNGO-Joint,59,134,0,380,0.1,58.21256890321557,0.5,7,9,152,25.799999999999955
Branin-Fav,DNGO-Joint,59,135,0,347,0.1,57.07194317685549,0.5,8,9,153,25.699999999999953
Branin-Fav,DNGO-Joint,59,136,0,773,0.1,57.99539434574252,0.5,9,9,154,25.59999999999995
Branin-Fav,DNGO-Joint,59,137,0,775,0.1,57.451056703748804,0.5,10,9,155,25.49999999999995
Branin-Fav,DNGO-Joint,59,138,0,529,0.1,57.50060711096033,0.5,11,9,156,25.39999999999995
Branin-Fav,DNGO-Joint,59,139,0,195,0.1,56.3981526408706,0.5,12,9,157,25.299999999999947
Branin-Fav,DNGO-Joint,59,140,0,296,0.1,56.57048433036093,0.5,13,9,158,25.199999999999946
Branin-Fav,DNGO-Joint,59,141,0,448,0.1,56.1702010325307,0.5,14,9,159,25.099999999999945
Branin-Fav,DNGO-Joint,59,142,0,274,0.1,56.07240709754043,0.5,15,9,160,24.999999999999943
Branin-Fav,DNGO-Joint,59,143,0,579,0.1,54.5751635454133,0.5,16,9,161,24.89999999999994
Branin-Fav,DNGO-Joint,59,144,0,224,0.1,54.30493957377814,0.5,17,9,162,24.79999999999994
Branin-Fav,DNGO-Joint,59,145,0,430,0.1,54.201906053236705,0.5,18,9,163,24.69999999999994
Branin-Fav,DNGO-Joint,59,146,0,678,0.1,54.99416359412832,0.5,19,9,164,24.599999999999937
Branin-Fav,DNGO-Joint,59,147,0,473,0.1,54.70186648286465,0.5,20,9,165,24.499999999999936
Branin-Fav,DNGO-Joint,59,148,1,549,1.0,13.84260016231715,0.5,0,10,165,23.499999999999936
Branin-Fav,DNGO-Joint,59,149,0,823,0.1,53.40921523682764,0.5,1,10,166,23.399999999999935
Branin-Fav,DNGO-Joint,59,150,0,245,0.1,52.83236668729153,0.5,2,10,167,23.299999999999933
Branin-Fav,DNGO-Joint,59,151,0,722,0.1,53.2974833287865,0.5,3,10,168,23.199999999999932
Branin-Fav,DNGO-Joint,59,152,0,231,0.1,52.91690498612971,0.5,4,10,169,23.09999999999993
Branin-Fav,DNGO-Joint,59,153,0,24,0.1,53.11675825047083,0.5,5,10,170,22.99999999999993
Branin-Fav,DNGO-Joint,59,154,0,423,0.1,52.17910125108981,0.5,6,10,171,22.899999999999928
Branin-Fav,DNGO-Joint,59,155,0,194,0.1,53.1471480443229,0.5,7,10,172,22.799999999999926
Branin-Fav,DNGO-Joint,59,156,0,373,0.1,51.56412090857147,0.5,8,10,173,22.699999999999925
Branin-Fav,DNGO-Joint,59,157,0,397,0.1,51.989987526246466,0.5,9,10,174,22.599999999999923
Branin-Fav,DNGO-Joint,59,158,0,281,0.1,53.370034799961665,0.5,10,10,175,22.499999999999922
Branin-Fav,DNGO-Joint,59,159,0,346,0.1,52.05921074129667,0.5,11,10,176,22.39999999999992
Branin-Fav,DNGO-Joint,59,160,0,672,0.1,51.617738679064665,0.5,12,10,177,22.29999999999992
Branin-Fav,DNGO-Joint,59,161,0,295,0.1,51.50802538409736,0.5,13,10,178,22.199999999999918
Branin-Fav,DNGO-Joint,59,162,0,727,0.1,50.08472670355205,0.5,14,10,179,22.099999999999916
Branin-Fav,DNGO-Joint,59,163,0,244,0.1,50.63137281305654,0.5,15,10,180,21.999999999999915
Branin-Fav,DNGO-Joint,59,164,0,143,0.1,49.03441768526054,0.5,16,10,181,21.899999999999913
Branin-Fav,DNGO-Joint,59,165,0,181,0.1,49.34949858795811,0.5,17,10,182,21.799999999999912
Branin-Fav,DNGO-Joint,59,166,0,498,0.1,49.117890221861664,0.5,18,10,183,21.69999999999991
Branin-Fav,DNGO-Joint,59,167,0,776,0.1,49.49498959449781,0.5,19,10,184,21.59999999999991
Branin-Fav,DNGO-Joint,59,168,0,447,0.1,48.52438273276367,0.5,20,10,185,21.499999999999908
Branin-Fav,DNGO-Joint,59,169,1,499,1.0,13.94335233293911,0.5,0,11,185,20.499999999999908
Branin-Fav,DNGO-Joint,59,170,0,174,0.1,48.93742154087265,0.5,1,11,186,20.399999999999906
Branin-Fav,DNGO-Joint,59,171,0,74,0.1,49.245004091439256,0.5,2,11,187,20.299999999999905
Branin-Fav,DNGO-Joint,59,172,0,331,0.1,48.82787055566405,0.5,3,11,188,20.199999999999903
Branin-Fav,DNGO-Joint,59,173,0,396,0.1,47.96436035873713,0.5,4,11,189,20.099999999999902
Branin-Fav,DNGO-Joint,59,174,0,42,0.1,47.43304550651353,0.5,5,11,190,19.9999999999999
Branin-Fav,DNGO-Joint,59,175,0,345,0.1,46.84666099925075,0.5,6,11,191,19.8999999999999
Branin-Fav,DNGO-Joint,59,176,0,480,0.1,47.52284165055427,0.5,7,11,192,19.799999999999898
Branin-Fav,DNGO-Joint,59,177,0,131,0.1,48.34385908929036,0.5,8,11,193,19.699999999999896
Branin-Fav,DNGO-Joint,59,178,0,124,0.1,45.85270771610794,0.5,9,11,194,19.599999999999895
Branin-Fav,DNGO-Joint,59,179,0,824,0.1,47.09012006255375,0.5,10,11,195,19.499999999999893
Branin-Fav,DNGO-Joint,59,180,0,294,0.1,46.16571418421771,0.5,11,11,196,19.399999999999892
Branin-Fav,DNGO-Joint,59,181,0,629,0.1,45.546501198978234,0.5,12,11,197,19.29999999999989
Branin-Fav,DNGO-Joint,59,182,0,193,0.1,45.5759390749558,0.5,13,11,198,19.19999999999989
Branin-Fav,DNGO-Joint,59,183,0,622,0.1,46.04963349749184,0.5,14,11,199,19.099999999999888
Branin-Fav,DNGO-Joint,59,184,0,825,0.1,45.39654055968839,0.5,15,11,200,18.999999999999886
Branin-Fav,DNGO-Joint,59,185,0,243,0.1,45.470502510318354,0.5,16,11,201,18.899999999999885
Branin-Fav,DNGO-Joint,59,186,0,772,0.1,46.41962699394551,0.5,17,11,202,18.799999999999883
Branin-Fav,DNGO-Joint,59,187,0,81,0.1,47.24146500885251,0.5,18,11,203,18.699999999999882
Branin-Fav,DNGO-Joint,59,188,0,381,0.1,44.4682984637301,0.5,19,11,204,18.59999999999988
Branin-Fav,DNGO-Joint,59,189,0,548,0.1,46.49761927930971,0.5,20,11,205,18.49999999999988
Branin-Fav,DNGO-Joint,59,190,1,449,1.0,13.28137639323732,0.5,0,12,205,17.49999999999988
Branin-Fav,DNGO-Joint,59,191,0,497,0.1,43.276139911908174,0.5,1,12,206,17.399999999999878
Branin-Fav,DNGO-Joint,59,192,0,530,0.1,42.51565613683702,0.5,2,12,207,17.299999999999876
Branin-Fav,DNGO-Joint,59,193,0,446,0.1,43.01899846299212,0.5,3,12,208,17.199999999999875
Branin-Fav,DNGO-Joint,59,194,0,395,0.1,44.16053999438359,0.5,4,12,209,17.099999999999874
Branin-Fav,DNGO-Joint,59,195,0,92,0.1,43.7546663471273,0.5,5,12,210,16.999999999999872
Branin-Fav,DNGO-Joint,59,196,0,344,0.1,42.20332622051669,0.5,6,12,211,16.89999999999987
Branin-Fav,DNGO-Joint,59,197,0,822,0.1,42.24614181885056,0.5,7,12,212,16.79999999999987
Branin-Fav,DNGO-Joint,59,198,0,323,0.1,43.38119268677772,0.5,8,12,213,16.699999999999868
Branin-Fav,DNGO-Joint,59,199,0,598,0.1,42.407130510575975,0.5,9,12,214,16.599999999999866
Branin-Fav,DNGO-Joint,59,200,0,2400,0.1,43.2707011729894,0.5,10,12,215,16.499999999999865
Branin-Fav,DNGO-Joint,59,201,0,728,0.1,42.15074392060302,0.5,11,12,216,16.399999999999864
Branin-Fav,DNGO-Joint,59,202,0,572,0.1,40.99121834437757,0.5,12,12,217,16.299999999999862
Branin-Fav,DNGO-Joint,59,203,0,547,0.1,42.15798441241651,0.5,13,12,218,16.19999999999986
Branin-Fav,DNGO-Joint,59,204,0,873,0.1,41.31096989985719,0.5,14,12,219,16.09999999999986
Branin-Fav,DNGO-Joint,59,205,0,431,0.1,41.373150705769724,0.5,15,12,220,15.99999999999986
Branin-Fav,DNGO-Joint,59,206,0,142,0.1,40.493240056545815,0.5,16,12,221,15.899999999999858
Branin-Fav,DNGO-Joint,59,207,0,293,0.1,39.40755693316824,0.5,17,12,222,15.799999999999857
Branin-Fav,DNGO-Joint,59,208,0,874,0.1,40.19816851466578,0.5,18,12,223,15.699999999999855
Branin-Fav,DNGO-Joint,59,209,0,872,0.1,39.72607028033991,0.5,19,12,224,15.599999999999854
Branin-Fav,DNGO-Joint,59,210,0,648,0.1,40.94822811148555,0.5,20,12,225,15.499999999999853
Branin-Fav,DNGO-Joint,59,211,1,399,1.0,13.03629943890446,0.5,0,13,225,14.49999999999985
Branin-Fav,DNGO-Joint,59,212,0,192,0.1,76.22855131684297,0.9760667479641507,1,13,226,14.399999999999851
Branin-Fav,DNGO-Joint,59,213,0,496,0.1,76.88852707824744,0.9760667479641507,2,13,227,14.29999999999985
Branin-Fav,DNGO-Joint,59,214,0,522,0.1,75.69647286537389,0.9760667479641507,3,13,228,14.199999999999848
Branin-Fav,DNGO-Joint,59,215,0,679,0.1,75.0983570618876,0.9760667479641507,4,13,229,14.099999999999847
Branin-Fav,DNGO-Joint,59,216,0,273,0.1,76.3878602697473,0.9760667479641507,5,13,230,13.999999999999845
Branin-Fav,DNGO-Joint,59,217,0,32,0.1,76.1953860693287,0.9760667479641507,6,13,231,13.899999999999844
Branin-Fav,DNGO-Joint,59,218,0,826,0.1,75.8236749497913,0.9760667479641507,7,13,232,13.799999999999843
Branin-Fav,DNGO-Joint,59,219,0,445,0.1,74.84535623946341,0.9760667479641507,8,13,233,13.699999999999841
Branin-Fav,DNGO-Joint,59,220,0,282,0.1,75.84969821443474,0.9760667479641507,9,13,234,13.59999999999984
Branin-Fav,DNGO-Joint,59,221,0,580,0.1,73.47411080491962,0.9760667479641507,10,13,235,13.499999999999838
Branin-Fav,DNGO-Joint,59,222,0,41,0.1,73.04233454927311,0.9760667479641507,11,13,236,13.399999999999837
Branin-Fav,DNGO-Joint,59,223,0,394,0.1,72.54322609096842,0.9760667479641507,12,13,237,13.299999999999836
Branin-Fav,DNGO-Joint,59,224,0,82,0.1,74.19548314068112,0.9760667479641507,13,13,238,13.199999999999834
Branin-Fav,DNGO-Joint,59,225,0,23,0.1,74.78466528897347,0.9760667479641507,14,13,239,13.099999999999833
Branin-Fav,DNGO-Joint,59,226,0,875,0.1,71.14138302622298,0.9760667479641507,15,13,240,12.999999999999831
Branin-Fav,DNGO-Joint,59,227,0,223,0.1,69.96281224496092,0.9760667479641507,16,13,241,12.89999999999983
Branin-Fav,DNGO-Joint,59,228,0,173,0.1,69.13385614055262,0.9760667479641507,17,13,242,12.799999999999828
Branin-Fav,DNGO-Joint,59,229,0,481,0.1,70.89474783198933,0.9760667479641507,18,13,243,12.699999999999827
Branin-Fav,DNGO-Joint,59,230,0,343,0.1,69.07856831370057,0.9760667479641507,19,13,244,12.599999999999826
Branin-Fav,DNGO-Joint,59,231,0,91,0.1,68.19541286047115,0.9760667479641507,20,13,245,12.499999999999824
Branin-Fav,DNGO-Joint,59,232,1,349,1.0,12.041963261674539,0.9760667479641507,0,14,245,11.499999999999822
Branin-Fav,DNGO-Joint,59,233,0,923,0.1,67.34830901698712,0.9562917818866019,1,14,246,11.399999999999823
Branin-Fav,DNGO-Joint,59,234,0,546,0.1,65.82818364497459,0.9562917818866019,2,14,247,11.299999999999821
Branin-Fav,DNGO-Joint,59,235,0,597,0.1,65.98762840673982,0.9562917818866019,3,14,248,11.19999999999982
Branin-Fav,DNGO-Joint,59,236,0,778,0.1,65.39664395653861,0.9562917818866019,4,14,249,11.099999999999818
Branin-Fav,DNGO-Joint,59,237,0,232,0.1,65.23111363731272,0.9562917818866019,5,14,250,10.999999999999817
Branin-Fav,DNGO-Joint,59,238,0,827,0.1,66.27351241981395,0.9562917818866019,6,14,251,10.899999999999816
Branin-Fav,DNGO-Joint,59,239,0,141,0.1,64.51185082862166,0.9562917818866019,7,14,252,10.799999999999814
Branin-Fav,DNGO-Joint,59,240,0,472,0.1,67.67553053139714,0.9562917818866019,8,14,253,10.699999999999813
Branin-Fav,DNGO-Joint,59,241,0,495,0.1,64.77105069852055,0.9562917818866019,9,14,254,10.599999999999811
Branin-Fav,DNGO-Joint,59,242,0,444,0.1,63.87608025385744,0.9562917818866019,10,14,255,10.49999999999981
Branin-Fav,DNGO-Joint,59,243,0,182,0.1,65.2379413026826,0.9562917818866019,11,14,256,10.399999999999809
Branin-Fav,DNGO-Joint,59,244,0,292,0.1,63.02628596051705,0.9562917818866019,12,14,257,10.299999999999807
Branin-Fav,DNGO-Joint,59,245,0,749,0.1,64.8949537873554,0.9562917818866019,13,14,258,10.199999999999806
Branin-Fav,DNGO-Joint,59,246,0,123,0.1,62.207486805546,0.9562917818866019,14,14,259,10.099999999999804
Branin-Fav,DNGO-Joint,59,247,0,393,0.1,61.83457086172497,0.9562917818866019,15,14,260,9.999999999999803
Branin-Fav,DNGO-Joint,59,248,0,73,0.1,63.3310292212503,0.9562917818866019,16,14,261,9.899999999999801
Branin-Fav,DNGO-Joint,59,249,0,630,0.1,61.407345261611724,0.9562917818866019,17,14,262,9.7999999999998
Branin-Fav,DNGO-Joint,59,250,0,821,0.1,61.9297065763281,0.9562917818866019,18,14,263,9.699999999999799
Branin-Fav,DNGO-Joint,59,251,0,191,0.1,60.92571043188273,0.9562917818866019,19,14,264,9.599999999999797
Branin-Fav,DNGO-Joint,59,252,0,924,0.1,60.8776205064124,0.9562917818866019,20,14,265,9.499999999999796
Branin-Fav,DNGO-Joint,59,253,1,299,1.0,11.395774233003543,0.9562917818866019,0,15,265,8.499999999999794
Branin-Fav,DNGO-Joint,59,254,0,876,0.1,59.79329331578868,0.9340912122499633,1,15,266,8.399999999999794
Branin-Fav,DNGO-Joint,59,255,0,422,0.1,59.97265078910382,0.9340912122499633,2,15,267,8.299999999999793
Branin-Fav,DNGO-Joint,59,256,0,922,0.1,58.51870957431595,0.9340912122499633,3,15,268,8.199999999999791
Branin-Fav,DNGO-Joint,59,257,0,729,0.1,57.29610718280427,0.9340912122499633,4,15,269,8.09999999999979
Branin-Fav,DNGO-Joint,59,258,0,771,0.1,57.610333957470274,0.9340912122499633,5,15,270,7.999999999999789
Branin-Fav,DNGO-Joint,59,259,0,132,0.1,60.17465960433006,0.9340912122499633,6,15,271,7.899999999999787
Branin-Fav,DNGO-Joint,59,260,0,871,0.1,56.29329308523003,0.9340912122499633,7,15,272,7.799999999999786
Branin-Fav,DNGO-Joint,59,261,0,698,0.1,55.28313014166992,0.9340912122499633,8,15,273,7.699999999999784
Branin-Fav,DNGO-Joint,59,262,0,342,0.1,56.38395764664176,0.9340912122499633,9,15,274,7.599999999999783
Branin-Fav,DNGO-Joint,59,263,0,545,0.1,56.369108614766844,0.9340912122499633,10,15,275,7.4999999999997815
Branin-Fav,DNGO-Joint,59,264,0,2300,0.1,57.750390326524304,0.9340912122499633,11,15,276,7.39999999999978
Branin-Fav,DNGO-Joint,59,265,0,531,0.1,55.140026339718666,0.9340912122499633,12,15,277,7.299999999999779
Branin-Fav,DNGO-Joint,59,266,0,925,0.1,56.43803916382308,0.9340912122499633,13,15,278,7.199999999999777
Branin-Fav,DNGO-Joint,59,267,0,241,0.1,55.06081245094221,0.9340912122499633,14,15,279,7.099999999999776
Branin-Fav,DNGO-Joint,59,268,0,721,0.1,55.311188717875716,0.9340912122499633,15,15,280,6.999999999999774
Branin-Fav,DNGO-Joint,59,269,0,596,0.1,54.07386459922476,0.9340912122499633,16,15,281,6.899999999999773
Branin-Fav,DNGO-Joint,59,270,0,291,0.1,53.1660201845874,0.9340912122499633,17,15,282,6.799999999999772
Branin-Fav,DNGO-Joint,59,271,0,647,0.1,53.14898231462586,0.9340912122499633,18,15,283,6.69999999999977
Branin-Fav,DNGO-Joint,59,272,0,921,0.1,53.839455866082986,0.9340912122499633,19,15,284,6.599999999999769
Branin-Fav,DNGO-Joint,59,273,0,494,0.1,55.394201319866745,0.9340912122499633,20,15,285,6.499999999999767
Branin-Fav,DNGO-Joint,59,274,1,249,1.0,7.752416448560929,0.9340912122499633,0,16,285,5.4999999999997655
Branin-Fav,DNGO-Joint,59,275,0,332,0.1,52.06408925863428,0.9047697626807657,1,16,286,5.399999999999766
Branin-Fav,DNGO-Joint,59,276,0,443,0.1,50.65682197086792,0.9047697626807657,2,16,287,5.2999999999997645
Branin-Fav,DNGO-Joint,59,277,0,372,0.1,51.61254732153328,0.9047697626807657,3,16,288,5.199999999999763
Branin-Fav,DNGO-Joint,59,278,0,382,0.1,52.6727718765108,0.9047697626807657,4,16,289,5.099999999999762
Branin-Fav,DNGO-Joint,59,279,0,671,0.1,49.51299947141572,0.9047697626807657,5,16,290,4.99999999999976
Branin-Fav,DNGO-Joint,59,280,0,90,0.1,48.72363639250634,0.9047697626807657,6,16,291,4.899999999999759
Branin-Fav,DNGO-Joint,59,281,0,392,0.1,47.43928644070254,0.9047697626807657,7,16,292,4.799999999999757
Branin-Fav,DNGO-Joint,59,282,0,828,0.1,50.78863859419439,0.9047697626807657,8,16,293,4.699999999999756
Branin-Fav,DNGO-Joint,59,283,0,322,0.1,48.442616011138256,0.9047697626807657,9,16,294,4.5999999999997545
Branin-Fav,DNGO-Joint,59,284,0,621,0.1,48.05244033985476,0.9047697626807657,10,16,295,4.499999999999753
Branin-Fav,DNGO-Joint,59,285,0,680,0.1,47.6115766967343,0.9047697626807657,11,16,296,4.399999999999752
Branin-Fav,DNGO-Joint,59,286,0,973,0.1,47.11212413517669,0.9047697626807657,12,16,297,4.29999999999975
Branin-Fav,DNGO-Joint,59,287,0,595,0.1,48.48657351143027,0.9047697626807657,13,16,298,4.199999999999749
Branin-Fav,DNGO-Joint,59,288,0,972,0.1,46.71448746182899,0.9047697626807657,14,16,299,4.099999999999747
Branin-Fav,DNGO-Joint,59,289,0,581,0.1,46.91164581941102,0.9047697626807657,15,16,300,3.9999999999997455
Branin-Fav,DNGO-Joint,59,290,0,40,0.1,47.30679526652688,0.9047697626807657,16,16,301,3.899999999999744
Branin-Fav,DNGO-Joint,59,291,0,877,0.1,46.165638702651556,0.9047697626807657,17,16,302,3.7999999999997427
Branin-Fav,DNGO-Joint,59,292,0,432,0.1,46.32099772783093,0.9047697626807657,18,16,303,3.6999999999997413
Branin-Fav,DNGO-Joint,59,293,0,83,0.1,47.014598890220256,0.9047697626807657,19,16,304,3.59999999999974
Branin-Fav,DNGO-Joint,59,294,0,341,0.1,44.50469747800909,0.9047697626807657,20,16,305,3.4999999999997384
Branin-Fav,DNGO-Joint,59,295,1,749,1.0,6.699089958829807,0.9047697626807657,0,17,305,2.499999999999737
Branin-Fav,DNGO-Joint,59,296,1,199,1.0,9.285997266990515,0.13845395741434757,0,18,305,1.499999999999737
Branin-Fav,DNGO-Joint,59,297,0,571,0.1,13.657760901819229,0.27745397622960216,1,18,306,1.399999999999737
Branin-Fav,DNGO-Joint,59,298,0,799,0.1,13.59033294785058,0.27745397622960216,2,18,307,1.2999999999997356
Branin-Fav,DNGO-Joint,59,299,0,272,0.1,14.014451534786048,0.27745397622960216,3,18,308,1.1999999999997342
Branin-Fav,DNGO-Joint,59,300,0,544,0.1,13.996011354777682,0.27745397622960216,4,18,309,1.0999999999997327
Branin-Fav,DNGO-Joint,59,301,0,974,0.1,13.625946193155626,0.27745397622960216,5,18,310,0.9999999999997314
Branin-Fav,DNGO-Joint,59,302,0,183,0.1,13.9789619098982,0.27745397622960216,6,18,311,0.89999999999973
Branin-Fav,DNGO-Joint,59,303,0,926,0.1,13.169921212601437,0.27745397622960216,7,18,312,0.7999999999997286
Branin-Fav,DNGO-Joint,59,304,0,779,0.1,13.43373039843092,0.27745397622960216,8,18,313,0.6999999999997272
Branin-Fav,DNGO-Joint,59,305,0,971,0.1,13.65375765082458,0.27745397622960216,9,18,314,0.5999999999997258
Branin-Fav,DNGO-Joint,59,306,0,646,0.1,12.985859393964997,0.27745397622960216,10,18,315,0.49999999999972433
Branin-Fav,DNGO-Joint,59,307,0,22,0.1,13.743288609800326,0.27745397622960216,11,18,316,0.3999999999997229
Branin-Fav,DNGO-Joint,59,308,0,140,0.1,13.148116875681678,0.27745397622960216,12,18,317,0.2999999999997215
Branin-Fav,DNGO-Joint,59,309,0,133,0.1,12.67552499655813,0.27745397622960216,13,18,318,0.19999999999972004
Branin-Fav,DNGO-Joint,59,310,0,482,0.1,12.81220904351882,0.27745397622960216,14,18,319,0.09999999999971862
Branin-Fav,DNGO-Joint,60,1,0,49,0.1,156.93662719379495,0.5,1,2,26,45.4
Branin-Fav,DNGO-Joint,60,2,0,1315,0.1,149.35178233406447,0.5,2,2,27,45.3
Branin-Fav,DNGO-Joint,60,3,0,299,0.1,136.92959289782908,0.5,3,2,28,45.199999999999996
Branin-Fav,DNGO-Joint,60,4,0,2100,0.1,136.28168590053397,0.5,4,2,29,45.1
Branin-Fav,DNGO-Joint,60,5,0,99,0.1,124.54348972960108,0.5,5,2,30,45.0
Branin-Fav,DNGO-Joint,60,6,0,249,0.1,124.10786485613883,0.5,6,2,31,44.9
Branin-Fav,DNGO-Joint,60,7,0,35,0.1,123.45029289664755,0.5,7,2,32,44.800000000000004
Branin-Fav,DNGO-Joint,60,8,0,199,0.1,121.43003532702406,0.5,8,2,33,44.7
Branin-Fav,DNGO-Joint,60,9,0,349,0.1,120.45869744677084,0.5,9,2,34,44.6
Branin-Fav,DNGO-Joint,60,10,0,871,0.1,120.43908127088365,0.5,10,2,35,44.5
Branin-Fav,DNGO-Joint,60,11,0,399,0.1,118.97023431776717,0.5,11,2,36,44.4
Branin-Fav,DNGO-Joint,60,12,0,149,0.1,116.218583976277,0.5,12,2,37,44.300000000000004
Branin-Fav,DNGO-Joint,60,13,0,148,0.1,114.3268015307085,0.5,13,2,38,44.2
Branin-Fav,DNGO-Joint,60,14,0,198,0.1,109.53022294625664,0.5,14,2,39,44.1
Branin-Fav,DNGO-Joint,60,15,0,575,0.1,113.24745260684139,0.5,15,2,40,44.00000000000001
Branin-Fav,DNGO-Joint,60,16,0,449,0.1,111.22260695942978,0.5,16,2,41,43.900000000000006
Branin-Fav,DNGO-Joint,60,17,0,248,0.1,110.04699635514912,0.5,17,2,42,43.800000000000004
Branin-Fav,DNGO-Joint,60,18,0,298,0.1,108.44009930036914,0.5,18,2,43,43.7
Branin-Fav,DNGO-Joint,60,19,0,98,0.1,105.56552311132565,0.5,19,2,44,43.6
Branin-Fav,DNGO-Joint,60,20,0,920,0.1,107.8411774495472,0.5,20,2,45,43.50000000000001
Branin-Fav,DNGO-Joint,60,21,1,25,1.0,78.3992825575948,0.5,0,3,45,42.50000000000001
Branin-Fav,DNGO-Joint,60,22,0,48,0.1,105.96583419683947,0.5,1,3,46,42.400000000000006
Branin-Fav,DNGO-Joint,60,23,0,197,0.1,103.32286731401108,0.5,2,3,47,42.300000000000004
Branin-Fav,DNGO-Joint,60,24,0,528,0.1,104.35769494515714,0.5,3,3,48,42.20000000000001
Branin-Fav,DNGO-Joint,60,25,0,348,0.1,102.08093432408819,0.5,4,3,49,42.10000000000001
Branin-Fav,DNGO-Joint,60,26,0,147,0.1,102.37166773827192,0.5,5,3,50,42.00000000000001
Branin-Fav,DNGO-Joint,60,27,0,247,0.1,102.41197820159388,0.5,6,3,51,41.900000000000006
Branin-Fav,DNGO-Joint,60,28,0,297,0.1,102.6616271974175,0.5,7,3,52,41.800000000000004
Branin-Fav,DNGO-Joint,60,29,0,398,0.1,100.00885389312515,0.5,8,3,53,41.70000000000001
Branin-Fav,DNGO-Joint,60,30,0,724,0.1,98.97863821498706,0.5,9,3,54,41.60000000000001
Branin-Fav,DNGO-Joint,60,31,0,347,0.1,98.88993008211396,0.5,10,3,55,41.50000000000001
Branin-Fav,DNGO-Joint,60,32,0,499,0.1,102.24817822585533,0.5,11,3,56,41.40000000000001
Branin-Fav,DNGO-Joint,60,33,0,97,0.1,99.39718090654964,0.5,12,3,57,41.30000000000001
Branin-Fav,DNGO-Joint,60,34,0,47,0.1,96.86731797610211,0.5,13,3,58,41.20000000000001
Branin-Fav,DNGO-Joint,60,35,0,448,0.1,96.15493528898419,0.5,14,3,59,41.10000000000001
Branin-Fav,DNGO-Joint,60,36,0,246,0.1,98.1047204010394,0.5,15,3,60,41.00000000000001
Branin-Fav,DNGO-Joint,60,37,0,196,0.1,96.2181899375792,0.5,16,3,61,40.90000000000001
Branin-Fav,DNGO-Joint,60,38,0,146,0.1,93.60994159883813,0.5,17,3,62,40.80000000000001
Branin-Fav,DNGO-Joint,60,39,0,296,0.1,94.58595187936234,0.5,18,3,63,40.70000000000001
Branin-Fav,DNGO-Joint,60,40,0,346,0.1,94.44177663968865,0.5,19,3,64,40.600000000000016
Branin-Fav,DNGO-Joint,60,41,0,33,0.1,95.29831069703778,0.5,20,3,65,40.500000000000014
Branin-Fav,DNGO-Joint,60,42,1,299,1.0,55.66232216598992,0.5,0,4,65,39.500000000000014
Branin-Fav,DNGO-Joint,60,43,0,96,0.1,92.77367789774466,0.5,1,4,66,39.40000000000001
Branin-Fav,DNGO-Joint,60,44,0,625,0.1,93.77902488411799,0.5,2,4,67,39.30000000000001
Branin-Fav,DNGO-Joint,60,45,0,397,0.1,90.19666751379799,0.5,3,4,68,39.20000000000001
Branin-Fav,DNGO-Joint,60,46,0,531,0.1,97.31240505030381,0.5,4,4,69,39.100000000000016
Branin-Fav,DNGO-Joint,60,47,0,873,0.1,91.74753367585168,0.5,5,4,70,39.000000000000014
Branin-Fav,DNGO-Joint,60,48,0,447,0.1,86.48743173468576,0.5,6,4,71,38.90000000000001
Branin-Fav,DNGO-Joint,60,49,0,549,0.1,88.60962913062504,0.5,7,4,72,38.80000000000002
Branin-Fav,DNGO-Joint,60,50,0,725,0.1,88.93109960728894,0.5,8,4,73,38.70000000000002
Branin-Fav,DNGO-Joint,60,51,0,46,0.1,87.86675122183989,0.5,9,4,74,38.600000000000016
Branin-Fav,DNGO-Joint,60,52,0,195,0.1,86.06436148222224,0.5,10,4,75,38.500000000000014
Branin-Fav,DNGO-Joint,60,53,0,45,0.1,87.14607527344288,0.5,11,4,76,38.40000000000001
Branin-Fav,DNGO-Joint,60,54,0,532,0.1,91.17933241448235,0.5,12,4,77,38.30000000000002
Branin-Fav,DNGO-Joint,60,55,0,145,0.1,82.76430487075875,0.5,13,4,78,38.20000000000002
Branin-Fav,DNGO-Joint,60,56,0,95,0.1,84.13273700814763,0.5,14,4,79,38.100000000000016
Branin-Fav,DNGO-Joint,60,57,0,245,0.1,83.00374681244388,0.5,15,4,80,38.00000000000002
Branin-Fav,DNGO-Joint,60,58,0,498,0.1,82.32504094619922,0.5,16,4,81,37.90000000000002
Branin-Fav,DNGO-Joint,60,59,0,774,0.1,82.65469107970812,0.5,17,4,82,37.80000000000002
Branin-Fav,DNGO-Joint,60,60,0,674,0.1,82.060530863831,0.5,18,4,83,37.70000000000002
Branin-Fav,DNGO-Joint,60,61,0,44,0.1,79.4813108993679,0.5,19,4,84,37.600000000000016
Branin-Fav,DNGO-Joint,60,62,0,295,0.1,80.62531755040041,0.5,20,4,85,37.50000000000002
Branin-Fav,DNGO-Joint,60,63,1,2100,1.0,39.27016816075765,0.5,0,5,85,36.50000000000002
Branin-Fav,DNGO-Joint,60,64,0,94,0.1,79.58202532791451,0.5,1,5,86,36.40000000000002
Branin-Fav,DNGO-Joint,60,65,0,144,0.1,75.84747465400316,0.5,2,5,87,36.30000000000002
Branin-Fav,DNGO-Joint,60,66,0,396,0.1,80.0120234952934,0.5,3,5,88,36.200000000000024
Branin-Fav,DNGO-Joint,60,67,0,773,0.1,78.573543741778,0.5,4,5,89,36.10000000000002
Branin-Fav,DNGO-Joint,60,68,0,194,0.1,78.4192180645506,0.5,5,5,90,36.00000000000002
Branin-Fav,DNGO-Joint,60,69,0,822,0.1,75.74205417382129,0.5,6,5,91,35.90000000000002
Branin-Fav,DNGO-Joint,60,70,0,576,0.1,74.67970195606397,0.5,7,5,92,35.80000000000002
Branin-Fav,DNGO-Joint,60,71,0,675,0.1,75.46704755626,0.5,8,5,93,35.700000000000024
Branin-Fav,DNGO-Joint,60,72,0,526,0.1,77.10580147383747,0.5,9,5,94,35.60000000000002
Branin-Fav,DNGO-Joint,60,73,0,723,0.1,74.76192267069635,0.5,10,5,95,35.50000000000002
Branin-Fav,DNGO-Joint,60,74,0,43,0.1,76.53634588229434,0.5,11,5,96,35.40000000000003
Branin-Fav,DNGO-Joint,60,75,0,775,0.1,75.61438242444491,0.5,12,5,97,35.300000000000026
Branin-Fav,DNGO-Joint,60,76,0,624,0.1,74.8672702690062,0.5,13,5,98,35.200000000000024
Branin-Fav,DNGO-Joint,60,77,0,823,0.1,73.51799996179263,0.5,14,5,99,35.10000000000002
Branin-Fav,DNGO-Joint,60,78,0,626,0.1,72.22332138053208,0.5,15,5,100,35.00000000000002
Branin-Fav,DNGO-Joint,60,79,0,673,0.1,72.02169366432716,0.5,16,5,101,34.90000000000003
Branin-Fav,DNGO-Joint,60,80,0,772,0.1,71.02877235287207,0.5,17,5,102,34.800000000000026
Branin-Fav,DNGO-Joint,60,81,0,824,0.1,73.85237942009725,0.5,18,5,103,34.700000000000024
Branin-Fav,DNGO-Joint,60,82,0,244,0.1,71.04567945108951,0.5,19,5,104,34.60000000000003
Branin-Fav,DNGO-Joint,60,83,0,628,0.1,72.07041672148408,0.5,20,5,105,34.50000000000003
Branin-Fav,DNGO-Joint,60,84,1,626,1.0,25.766235802641535,0.5,0,6,105,33.50000000000003
Branin-Fav,DNGO-Joint,60,85,0,345,0.1,137.63080268002403,0.997300906158405,1,6,106,33.40000000000003
Branin-Fav,DNGO-Joint,60,86,0,294,0.1,141.20389945577523,0.997300906158405,2,6,107,33.300000000000026
Branin-Fav,DNGO-Joint,60,87,0,193,0.1,135.0753562047717,0.997300906158405,3,6,108,33.200000000000024
Branin-Fav,DNGO-Joint,60,88,0,872,0.1,137.79891970420528,0.997300906158405,4,6,109,33.10000000000002
Branin-Fav,DNGO-Joint,60,89,0,574,0.1,135.74879934588162,0.997300906158405,5,6,110,33.00000000000002
Branin-Fav,DNGO-Joint,60,90,0,93,0.1,133.81492810482592,0.997300906158405,6,6,111,32.90000000000002
Branin-Fav,DNGO-Joint,60,91,0,525,0.1,138.88167455057518,0.997300906158405,7,6,112,32.80000000000002
Branin-Fav,DNGO-Joint,60,92,0,476,0.1,136.9375300523896,0.997300906158405,8,6,113,32.70000000000002
Branin-Fav,DNGO-Joint,60,93,0,921,0.1,132.52064581897662,0.997300906158405,9,6,114,32.600000000000016
Branin-Fav,DNGO-Joint,60,94,0,475,0.1,137.73767338671334,0.997300906158405,10,6,115,32.500000000000014
Branin-Fav,DNGO-Joint,60,95,0,426,0.1,140.31436953494506,0.997300906158405,11,6,116,32.40000000000001
Branin-Fav,DNGO-Joint,60,96,0,427,0.1,137.1081832920361,0.997300906158405,12,6,117,32.30000000000001
Branin-Fav,DNGO-Joint,60,97,0,477,0.1,137.72846033505851,0.997300906158405,13,6,118,32.20000000000001
Branin-Fav,DNGO-Joint,60,98,0,376,0.1,139.87575278058893,0.997300906158405,14,6,119,32.10000000000001
Branin-Fav,DNGO-Joint,60,99,0,527,0.1,135.93897525301168,0.997300906158405,15,6,120,32.00000000000001
Branin-Fav,DNGO-Joint,60,100,0,276,0.1,144.88366509331206,0.997300906158405,16,6,121,31.900000000000006
Branin-Fav,DNGO-Joint,60,101,0,377,0.1,137.68258217533807,0.997300906158405,17,6,122,31.800000000000004
Branin-Fav,DNGO-Joint,60,102,0,425,0.1,139.10037963103915,0.997300906158405,18,6,123,31.700000000000003
Branin-Fav,DNGO-Joint,60,103,0,327,0.1,140.03389031218057,0.997300906158405,19,6,124,31.6
Branin-Fav,DNGO-Joint,60,104,0,326,0.1,141.39885344816722,0.997300906158405,20,6,125,31.5
Branin-Fav,DNGO-Joint,60,105,1,49,1.0,19.54886043230645,0.997300906158405,0,7,125,30.5
Branin-Fav,DNGO-Joint,60,106,0,378,0.1,134.67880241251436,0.9640290063211359,1,7,126,30.4
Branin-Fav,DNGO-Joint,60,107,0,375,0.1,133.54277892354182,0.9640290063211359,2,7,127,30.299999999999997
Branin-Fav,DNGO-Joint,60,108,0,328,0.1,130.62720021551164,0.9640290063211359,3,7,128,30.199999999999996
Branin-Fav,DNGO-Joint,60,109,0,277,0.1,135.22034112562775,0.9640290063211359,4,7,129,30.099999999999994
Branin-Fav,DNGO-Joint,60,110,0,325,0.1,135.31196194789416,0.9640290063211359,5,7,130,29.999999999999993
Branin-Fav,DNGO-Joint,60,111,0,27,0.1,133.63261282733808,0.9640290063211359,6,7,131,29.89999999999999
Branin-Fav,DNGO-Joint,60,112,0,227,0.1,131.5242485785868,0.9640290063211359,7,7,132,29.79999999999999
Branin-Fav,DNGO-Joint,60,113,0,577,0.1,133.32986329227325,0.9640290063211359,8,7,133,29.69999999999999
Branin-Fav,DNGO-Joint,60,114,0,28,0.1,139.10101286280315,0.9640290063211359,9,7,134,29.599999999999987
Branin-Fav,DNGO-Joint,60,115,0,278,0.1,133.04591840286633,0.9640290063211359,10,7,135,29.499999999999986
Branin-Fav,DNGO-Joint,60,116,0,29,0.1,137.0144892765898,0.9640290063211359,11,7,136,29.399999999999984
Branin-Fav,DNGO-Joint,60,117,0,228,0.1,127.31323096079682,0.9640290063211359,12,7,137,29.299999999999983
Branin-Fav,DNGO-Joint,60,118,0,428,0.1,129.65103502163961,0.9640290063211359,13,7,138,29.19999999999998
Branin-Fav,DNGO-Joint,60,119,0,178,0.1,129.5292945350122,0.9640290063211359,14,7,139,29.09999999999998
Branin-Fav,DNGO-Joint,60,120,0,478,0.1,130.92798123315168,0.9640290063211359,15,7,140,28.99999999999998
Branin-Fav,DNGO-Joint,60,121,0,226,0.1,132.4578089738397,0.9640290063211359,16,7,141,28.899999999999977
Branin-Fav,DNGO-Joint,60,122,0,77,0.1,128.89138859414948,0.9640290063211359,17,7,142,28.799999999999976
Branin-Fav,DNGO-Joint,60,123,0,128,0.1,128.8211355919139,0.9640290063211359,18,7,143,28.699999999999974
Branin-Fav,DNGO-Joint,60,124,0,78,0.1,127.53449351693665,0.9640290063211359,19,7,144,28.599999999999973
Branin-Fav,DNGO-Joint,60,125,0,177,0.1,127.25732031179557,0.9640290063211359,20,7,145,28.49999999999997
Branin-Fav,DNGO-Joint,60,126,1,27,1.0,18.156982341163285,0.9640290063211359,0,8,145,27.49999999999997
Branin-Fav,DNGO-Joint,60,127,0,127,0.1,127.68176201357616,0.9627869113773203,1,8,146,27.39999999999997
Branin-Fav,DNGO-Joint,60,128,0,599,0.1,122.13750359085476,0.9627869113773203,2,8,147,27.29999999999997
Branin-Fav,DNGO-Joint,60,129,0,176,0.1,121.82149757389578,0.9627869113773203,3,8,148,27.199999999999967
Branin-Fav,DNGO-Joint,60,130,0,275,0.1,127.96060690596785,0.9627869113773203,4,8,149,27.099999999999966
Branin-Fav,DNGO-Joint,60,131,0,279,0.1,123.80227207211365,0.9627869113773203,5,8,150,26.999999999999964
Branin-Fav,DNGO-Joint,60,132,0,229,0.1,124.03129495189653,0.9627869113773203,6,8,151,26.899999999999963
Branin-Fav,DNGO-Joint,60,133,0,126,0.1,124.19313259905842,0.9627869113773203,7,8,152,26.79999999999996
Branin-Fav,DNGO-Joint,60,134,0,26,0.1,123.20713997675831,0.9627869113773203,8,8,153,26.69999999999996
Branin-Fav,DNGO-Joint,60,135,0,79,0.1,122.66758194642473,0.9627869113773203,9,8,154,26.59999999999996
Branin-Fav,DNGO-Joint,60,136,0,76,0.1,120.97604768063586,0.9627869113773203,10,8,155,26.499999999999957
Branin-Fav,DNGO-Joint,60,137,0,225,0.1,121.21012520799692,0.9627869113773203,11,8,156,26.399999999999956
Branin-Fav,DNGO-Joint,60,138,0,474,0.1,121.332689757424,0.9627869113773203,12,8,157,26.299999999999955
Branin-Fav,DNGO-Joint,60,139,0,524,0.1,119.9824731567162,0.9627869113773203,13,8,158,26.199999999999953
Branin-Fav,DNGO-Joint,60,140,0,329,0.1,123.22500296875837,0.9627869113773203,14,8,159,26.09999999999995
Branin-Fav,DNGO-Joint,60,141,0,424,0.1,119.46318412638188,0.9627869113773203,15,8,160,25.99999999999995
Branin-Fav,DNGO-Joint,60,142,0,129,0.1,121.66718356910998,0.9627869113773203,16,8,161,25.89999999999995
Branin-Fav,DNGO-Joint,60,143,0,379,0.1,116.89521553459467,0.9627869113773203,17,8,162,25.799999999999947
Branin-Fav,DNGO-Joint,60,144,0,627,0.1,116.56434726883604,0.9627869113773203,18,8,163,25.699999999999946
Branin-Fav,DNGO-Joint,60,145,0,179,0.1,114.35914693776166,0.9627869113773203,19,8,164,25.599999999999945
Branin-Fav,DNGO-Joint,60,146,0,429,0.1,113.88632318549841,0.9627869113773203,20,8,165,25.499999999999943
Branin-Fav,DNGO-Joint,60,147,1,28,1.0,15.043582473900592,0.9627869113773203,0,9,165,24.499999999999943
Branin-Fav,DNGO-Joint,60,148,0,280,0.1,115.48397848396706,0.9623863320520257,1,9,166,24.39999999999994
Branin-Fav,DNGO-Joint,60,149,0,175,0.1,114.32093155285398,0.9623863320520257,2,9,167,24.29999999999994
Branin-Fav,DNGO-Joint,60,150,0,374,0.1,117.72581909913332,0.9623863320520257,3,9,168,24.19999999999994
Branin-Fav,DNGO-Joint,60,151,0,180,0.1,112.6376766533708,0.9623863320520257,4,9,169,24.099999999999937
Branin-Fav,DNGO-Joint,60,152,0,75,0.1,114.97708091660834,0.9623863320520257,5,9,170,23.999999999999936
Branin-Fav,DNGO-Joint,60,153,0,125,0.1,109.5698410922377,0.9623863320520257,6,9,171,23.899999999999935
Branin-Fav,DNGO-Joint,60,154,0,324,0.1,113.24783910623091,0.9623863320520257,7,9,172,23.799999999999933
Branin-Fav,DNGO-Joint,60,155,0,30,0.1,114.1747483863109,0.9623863320520257,8,9,173,23.699999999999932
Branin-Fav,DNGO-Joint,60,156,0,573,0.1,108.29516363587575,0.9623863320520257,9,9,174,23.59999999999993
Branin-Fav,DNGO-Joint,60,157,0,330,0.1,111.87258965015481,0.9623863320520257,10,9,175,23.49999999999993
Branin-Fav,DNGO-Joint,60,158,0,230,0.1,112.24640120112697,0.9623863320520257,11,9,176,23.399999999999928
Branin-Fav,DNGO-Joint,60,159,0,274,0.1,108.24495675696187,0.9623863320520257,12,9,177,23.299999999999926
Branin-Fav,DNGO-Joint,60,160,0,473,0.1,111.4354629256322,0.9623863320520257,13,9,178,23.199999999999925
Branin-Fav,DNGO-Joint,60,161,0,523,0.1,109.43806971175725,0.9623863320520257,14,9,179,23.099999999999923
Branin-Fav,DNGO-Joint,60,162,0,578,0.1,104.87520173177575,0.9623863320520257,15,9,180,22.999999999999922
Branin-Fav,DNGO-Joint,60,163,0,80,0.1,106.41612430562219,0.9623863320520257,16,9,181,22.89999999999992
Branin-Fav,DNGO-Joint,60,164,0,677,0.1,109.54358054679251,0.9623863320520257,17,9,182,22.79999999999992
Branin-Fav,DNGO-Joint,60,165,0,623,0.1,106.33879417196832,0.9623863320520257,18,9,183,22.699999999999918
Branin-Fav,DNGO-Joint,60,166,0,479,0.1,104.16780059378162,0.9623863320520257,19,9,184,22.599999999999916
Branin-Fav,DNGO-Joint,60,167,0,130,0.1,104.55133112170282,0.9623863320520257,20,9,185,22.499999999999915
Branin-Fav,DNGO-Joint,60,168,1,477,1.0,15.36320890179274,0.9623863320520257,0,10,185,21.499999999999915
Branin-Fav,DNGO-Joint,60,169,0,726,0.1,100.38972439974779,0.9627727116760387,1,10,186,21.399999999999913
Branin-Fav,DNGO-Joint,60,170,0,423,0.1,106.15642676378161,0.9627727116760387,2,10,187,21.299999999999912
Branin-Fav,DNGO-Joint,60,171,0,380,0.1,102.99731201708511,0.9627727116760387,3,10,188,21.19999999999991
Branin-Fav,DNGO-Joint,60,172,0,430,0.1,100.70174990793629,0.9627727116760387,4,10,189,21.09999999999991
Branin-Fav,DNGO-Joint,60,173,0,224,0.1,100.71147283687121,0.9627727116760387,5,10,190,20.999999999999908
Branin-Fav,DNGO-Joint,60,174,0,548,0.1,100.37550041700196,0.9627727116760387,6,10,191,20.899999999999906
Branin-Fav,DNGO-Joint,60,175,0,174,0.1,98.27176865644036,0.9627727116760387,7,10,192,20.799999999999905
Branin-Fav,DNGO-Joint,60,176,0,373,0.1,98.83995452020855,0.9627727116760387,8,10,193,20.699999999999903
Branin-Fav,DNGO-Joint,60,177,0,572,0.1,103.35535998000036,0.9627727116760387,9,10,194,20.599999999999902
Branin-Fav,DNGO-Joint,60,178,0,281,0.1,99.89614607581849,0.9627727116760387,10,10,195,20.4999999999999
Branin-Fav,DNGO-Joint,60,179,0,529,0.1,96.49844681621668,0.9627727116760387,11,10,196,20.3999999999999
Branin-Fav,DNGO-Joint,60,180,0,722,0.1,94.70695531360104,0.9627727116760387,12,10,197,20.299999999999898
Branin-Fav,DNGO-Joint,60,181,0,24,0.1,102.3158326707165,0.9627727116760387,13,10,198,20.199999999999896
Branin-Fav,DNGO-Joint,60,182,0,31,0.1,97.36755747564894,0.9627727116760387,14,10,199,20.099999999999895
Branin-Fav,DNGO-Joint,60,183,0,323,0.1,94.81897259418137,0.9627727116760387,15,10,200,19.999999999999893
Branin-Fav,DNGO-Joint,60,184,0,480,0.1,94.44620266062725,0.9627727116760387,16,10,201,19.899999999999892
Branin-Fav,DNGO-Joint,60,185,0,622,0.1,95.30871337468648,0.9627727116760387,17,10,202,19.79999999999989
Branin-Fav,DNGO-Joint,60,186,0,579,0.1,93.89404705190063,0.9627727116760387,18,10,203,19.69999999999989
Branin-Fav,DNGO-Joint,60,187,0,672,0.1,97.18065299750138,0.9627727116760387,19,10,204,19.599999999999888
Branin-Fav,DNGO-Joint,60,188,0,181,0.1,90.84666512057034,0.9627727116760387,20,10,205,19.499999999999886
Branin-Fav,DNGO-Joint,60,189,1,476,1.0,12.763118256837002,0.9627727116760387,0,11,205,18.499999999999886
Branin-Fav,DNGO-Joint,60,190,0,143,0.1,91.81642159619199,0.9637505845555384,1,11,206,18.399999999999885
Branin-Fav,DNGO-Joint,60,191,0,727,0.1,91.87309031539264,0.9637505845555384,2,11,207,18.299999999999883
Branin-Fav,DNGO-Joint,60,192,0,649,0.1,93.73705933372358,0.9637505845555384,3,11,208,18.199999999999882
Branin-Fav,DNGO-Joint,60,193,0,74,0.1,96.29841735232404,0.9637505845555384,4,11,209,18.09999999999988
Branin-Fav,DNGO-Joint,60,194,0,344,0.1,95.9407256824251,0.9637505845555384,5,11,210,17.99999999999988
Branin-Fav,DNGO-Joint,60,195,0,678,0.1,92.22635931393245,0.9637505845555384,6,11,211,17.899999999999878
Branin-Fav,DNGO-Joint,60,196,0,776,0.1,93.82456242317592,0.9637505845555384,7,11,212,17.799999999999876
Branin-Fav,DNGO-Joint,60,197,0,331,0.1,91.92683199490905,0.9637505845555384,8,11,213,17.699999999999875
Branin-Fav,DNGO-Joint,60,198,0,497,0.1,87.01130378025657,0.9637505845555384,9,11,214,17.599999999999874
Branin-Fav,DNGO-Joint,60,199,0,446,0.1,88.5087026727052,0.9637505845555384,10,11,215,17.499999999999872
Branin-Fav,DNGO-Joint,60,200,0,124,0.1,88.75805982192094,0.9637505845555384,11,11,216,17.39999999999987
Branin-Fav,DNGO-Joint,60,201,0,131,0.1,88.63144568979956,0.9637505845555384,12,11,217,17.29999999999987
Branin-Fav,DNGO-Joint,60,202,0,395,0.1,88.16019647618982,0.9637505845555384,13,11,218,17.199999999999868
Branin-Fav,DNGO-Joint,60,203,0,381,0.1,91.74536025794767,0.9637505845555384,14,11,219,17.099999999999866
Branin-Fav,DNGO-Joint,60,204,0,243,0.1,85.344624946365,0.9637505845555384,15,11,220,16.999999999999865
Branin-Fav,DNGO-Joint,60,205,0,81,0.1,88.43164413018975,0.9637505845555384,16,11,221,16.899999999999864
Branin-Fav,DNGO-Joint,60,206,0,522,0.1,88.61640546085428,0.9637505845555384,17,11,222,16.799999999999862
Branin-Fav,DNGO-Joint,60,207,0,42,0.1,86.4686534322357,0.9637505845555384,18,11,223,16.69999999999986
Branin-Fav,DNGO-Joint,60,208,0,530,0.1,87.40629258404915,0.9637505845555384,19,11,224,16.59999999999986
Branin-Fav,DNGO-Joint,60,209,0,598,0.1,85.26643856278156,0.9637505845555384,20,11,225,16.499999999999858
Branin-Fav,DNGO-Joint,60,210,1,26,1.0,12.04077195999311,0.9637505845555384,0,12,225,15.499999999999858
Branin-Fav,DNGO-Joint,60,211,0,431,0.1,85.95720601906396,0.9631343238245187,1,12,226,15.399999999999858
Branin-Fav,DNGO-Joint,60,212,0,293,0.1,84.63889641952176,0.9631343238245187,2,12,227,15.299999999999857
Branin-Fav,DNGO-Joint,60,213,0,771,0.1,81.92810773412,0.9631343238245187,3,12,228,15.199999999999855
Branin-Fav,DNGO-Joint,60,214,0,232,0.1,83.09859000947726,0.9631343238245187,4,12,229,15.099999999999854
Branin-Fav,DNGO-Joint,60,215,0,825,0.1,80.81380158044497,0.9631343238245187,5,12,230,14.999999999999853
Branin-Fav,DNGO-Joint,60,216,0,629,0.1,81.99068929032482,0.9631343238245187,6,12,231,14.899999999999851
Branin-Fav,DNGO-Joint,60,217,0,182,0.1,81.26789436594912,0.9631343238245187,7,12,232,14.79999999999985
Branin-Fav,DNGO-Joint,60,218,0,273,0.1,79.8003033016307,0.9631343238245187,8,12,233,14.699999999999848
Branin-Fav,DNGO-Joint,60,219,0,32,0.1,79.40163796456538,0.9631343238245187,9,12,234,14.599999999999847
Branin-Fav,DNGO-Joint,60,220,0,92,0.1,80.63229190570136,0.9631343238245187,10,12,235,14.499999999999845
Branin-Fav,DNGO-Joint,60,221,0,728,0.1,78.95690398707625,0.9631343238245187,11,12,236,14.399999999999844
Branin-Fav,DNGO-Joint,60,222,0,777,0.1,78.2073629781382,0.9631343238245187,12,12,237,14.299999999999843
Branin-Fav,DNGO-Joint,60,223,0,547,0.1,75.6893033747404,0.9631343238245187,13,12,238,14.199999999999841
Branin-Fav,DNGO-Joint,60,224,0,445,0.1,77.11318887010201,0.9631343238245187,14,12,239,14.09999999999984
Branin-Fav,DNGO-Joint,60,225,0,496,0.1,76.74215414695219,0.9631343238245187,15,12,240,13.999999999999838
Branin-Fav,DNGO-Joint,60,226,0,721,0.1,75.4483194708568,0.9631343238245187,16,12,241,13.899999999999837
Branin-Fav,DNGO-Joint,60,227,0,699,0.1,78.38210692756836,0.9631343238245187,17,12,242,13.799999999999836
Branin-Fav,DNGO-Joint,60,228,0,142,0.1,78.33422755421502,0.9631343238245187,18,12,243,13.699999999999834
Branin-Fav,DNGO-Joint,60,229,0,472,0.1,78.87498821388365,0.9631343238245187,19,12,244,13.599999999999833
Branin-Fav,DNGO-Joint,60,230,0,580,0.1,76.92405483622157,0.9631343238245187,20,12,245,13.499999999999831
Branin-Fav,DNGO-Joint,60,231,1,426,1.0,12.196555168037348,0.9631343238245187,0,13,245,12.49999999999983
Branin-Fav,DNGO-Joint,60,232,0,821,0.1,76.22583302815694,0.96433682895241,1,13,246,12.39999999999983
Branin-Fav,DNGO-Joint,60,233,0,192,0.1,75.70725299157733,0.96433682895241,2,13,247,12.299999999999828
Branin-Fav,DNGO-Joint,60,234,0,394,0.1,77.38802420535639,0.96433682895241,3,13,248,12.199999999999827
Branin-Fav,DNGO-Joint,60,235,0,242,0.1,73.02465948219395,0.96433682895241,4,13,249,12.099999999999826
Branin-Fav,DNGO-Joint,60,236,0,826,0.1,71.13942213195695,0.96433682895241,5,13,250,11.999999999999824
Branin-Fav,DNGO-Joint,60,237,0,874,0.1,73.57235456106093,0.96433682895241,6,13,251,11.899999999999823
Branin-Fav,DNGO-Joint,60,238,0,23,0.1,75.79830880282448,0.96433682895241,7,13,252,11.799999999999821
Branin-Fav,DNGO-Joint,60,239,0,679,0.1,72.67699143671493,0.96433682895241,8,13,253,11.69999999999982
Branin-Fav,DNGO-Joint,60,240,0,481,0.1,76.04989331320515,0.96433682895241,9,13,254,11.599999999999818
Branin-Fav,DNGO-Joint,60,241,0,875,0.1,73.22484322826813,0.96433682895241,10,13,255,11.499999999999817
Branin-Fav,DNGO-Joint,60,242,0,343,0.1,74.0729785424984,0.96433682895241,11,13,256,11.399999999999816
Branin-Fav,DNGO-Joint,60,243,0,282,0.1,74.69772868616062,0.96433682895241,12,13,257,11.299999999999814
Branin-Fav,DNGO-Joint,60,244,0,923,0.1,70.79189639577623,0.96433682895241,13,13,258,11.199999999999813
Branin-Fav,DNGO-Joint,60,245,0,671,0.1,70.57075222003714,0.96433682895241,14,13,259,11.099999999999811
Branin-Fav,DNGO-Joint,60,246,0,82,0.1,71.75887301486068,0.96433682895241,15,13,260,10.99999999999981
Branin-Fav,DNGO-Joint,60,247,0,422,0.1,71.97753018860799,0.96433682895241,16,13,261,10.899999999999809
Branin-Fav,DNGO-Joint,60,248,0,223,0.1,68.38103321415237,0.96433682895241,17,13,262,10.799999999999807
Branin-Fav,DNGO-Joint,60,249,0,332,0.1,70.52958316146596,0.96433682895241,18,13,263,10.699999999999806
Branin-Fav,DNGO-Joint,60,250,0,621,0.1,68.18818981274221,0.96433682895241,19,13,264,10.599999999999804
Branin-Fav,DNGO-Joint,60,251,0,778,0.1,68.81493044749074,0.96433682895241,20,13,265,10.499999999999803
Branin-Fav,DNGO-Joint,60,252,1,376,1.0,10.277466064579784,0.96433682895241,0,14,265,9.499999999999801
Branin-Fav,DNGO-Joint,60,253,0,292,0.1,67.92094656904023,0.9653615951769235,1,14,266,9.399999999999801
Branin-Fav,DNGO-Joint,60,254,0,571,0.1,66.55032718926887,0.9653615951769235,2,14,267,9.2999999999998
Branin-Fav,DNGO-Joint,60,255,0,173,0.1,65.62741275304653,0.9653615951769235,3,14,268,9.199999999999799
Branin-Fav,DNGO-Joint,60,256,0,393,0.1,65.89910312088723,0.9653615951769235,4,14,269,9.099999999999797
Branin-Fav,DNGO-Joint,60,257,0,444,0.1,66.43889623613678,0.9653615951769235,5,14,270,8.999999999999796
Branin-Fav,DNGO-Joint,60,258,0,132,0.1,64.75966501892574,0.9653615951769235,6,14,271,8.899999999999794
Branin-Fav,DNGO-Joint,60,259,0,141,0.1,65.13254335192303,0.9653615951769235,7,14,272,8.799999999999793
Branin-Fav,DNGO-Joint,60,260,0,191,0.1,63.83477054765867,0.9653615951769235,8,14,273,8.699999999999791
Branin-Fav,DNGO-Joint,60,261,0,382,0.1,70.70811446284179,0.9653615951769235,9,14,274,8.59999999999979
Branin-Fav,DNGO-Joint,60,262,0,432,0.1,68.58343696888515,0.9653615951769235,10,14,275,8.499999999999789
Branin-Fav,DNGO-Joint,60,263,0,495,0.1,63.72309312584129,0.9653615951769235,11,14,276,8.399999999999787
Branin-Fav,DNGO-Joint,60,264,0,546,0.1,62.661457110429545,0.9653615951769235,12,14,277,8.299999999999786
Branin-Fav,DNGO-Joint,60,265,0,922,0.1,62.45720233020401,0.9653615951769235,13,14,278,8.199999999999784
Branin-Fav,DNGO-Joint,60,266,0,91,0.1,63.62795987922249,0.9653615951769235,14,14,279,8.099999999999783
Branin-Fav,DNGO-Joint,60,267,0,630,0.1,62.048073931684804,0.9653615951769235,15,14,280,7.9999999999997815
Branin-Fav,DNGO-Joint,60,268,0,597,0.1,61.6714651021767,0.9653615951769235,16,14,281,7.89999999999978
Branin-Fav,DNGO-Joint,60,269,0,827,0.1,64.08428100178566,0.9653615951769235,17,14,282,7.799999999999779
Branin-Fav,DNGO-Joint,60,270,0,73,0.1,62.800846881843526,0.9653615951769235,18,14,283,7.699999999999777
Branin-Fav,DNGO-Joint,60,271,0,342,0.1,60.53085437392026,0.9653615951769235,19,14,284,7.599999999999776
Branin-Fav,DNGO-Joint,60,272,0,876,0.1,63.41948984662255,0.9653615951769235,20,14,285,7.499999999999774
Branin-Fav,DNGO-Joint,60,273,1,249,1.0,10.883282486514615,0.9653615951769235,0,15,285,6.499999999999773
Branin-Fav,DNGO-Joint,60,274,0,372,0.1,60.60694078322966,0.963000307333411,1,15,286,6.399999999999773
Branin-Fav,DNGO-Joint,60,275,0,123,0.1,61.10318611874654,0.963000307333411,2,15,287,6.299999999999772
Branin-Fav,DNGO-Joint,60,276,0,870,0.1,61.50382212087317,0.963000307333411,3,15,288,6.19999999999977
Branin-Fav,DNGO-Joint,60,277,0,41,0.1,64.58528283370933,0.963000307333411,4,15,289,6.099999999999769
Branin-Fav,DNGO-Joint,60,278,0,648,0.1,62.19952198043057,0.963000307333411,5,15,290,5.999999999999767
Branin-Fav,DNGO-Joint,60,279,0,1167,0.1,59.24550676436426,0.963000307333411,6,15,291,5.899999999999766
Branin-Fav,DNGO-Joint,60,280,0,241,0.1,59.30809256014446,0.963000307333411,7,15,292,5.7999999999997645
Branin-Fav,DNGO-Joint,60,281,0,729,0.1,56.87585314106024,0.963000307333411,8,15,293,5.699999999999763
Branin-Fav,DNGO-Joint,60,282,0,770,0.1,57.78690682789954,0.963000307333411,9,15,294,5.599999999999762
Branin-Fav,DNGO-Joint,60,283,0,924,0.1,60.31644673600761,0.963000307333411,10,15,295,5.49999999999976
Branin-Fav,DNGO-Joint,60,284,0,581,0.1,55.91851015044324,0.963000307333411,11,15,296,5.399999999999759
Branin-Fav,DNGO-Joint,60,285,0,291,0.1,56.977569703684665,0.963000307333411,12,15,297,5.299999999999757
Branin-Fav,DNGO-Joint,60,286,0,925,0.1,54.817592455318916,0.963000307333411,13,15,298,5.199999999999756
Branin-Fav,DNGO-Joint,60,287,0,443,0.1,56.189786347174206,0.963000307333411,14,15,299,5.0999999999997545
Branin-Fav,DNGO-Joint,60,288,0,521,0.1,57.54425827208435,0.963000307333411,15,15,300,4.999999999999753
Branin-Fav,DNGO-Joint,60,289,0,83,0.1,55.94119256156085,0.963000307333411,16,15,301,4.899999999999752
Branin-Fav,DNGO-Joint,60,290,0,322,0.1,55.19525438761858,0.963000307333411,17,15,302,4.79999999999975
Branin-Fav,DNGO-Joint,60,291,0,482,0.1,55.52501394170603,0.963000307333411,18,15,303,4.699999999999749
Branin-Fav,DNGO-Joint,60,292,0,545,0.1,54.00515526742531,0.963000307333411,19,15,304,4.599999999999747
Branin-Fav,DNGO-Joint,60,293,0,972,0.1,57.27997172853218,0.963000307333411,20,15,305,4.499999999999746
Branin-Fav,DNGO-Joint,60,294,1,427,1.0,10.3960755841751,0.963000307333411,0,16,305,3.499999999999744
Branin-Fav,DNGO-Joint,60,295,0,749,0.1,56.08815000832067,0.9633721619863468,1,16,306,3.399999999999744
Branin-Fav,DNGO-Joint,60,296,0,494,0.1,53.289578046997455,0.9633721619863468,2,16,307,3.2999999999997427
Branin-Fav,DNGO-Joint,60,297,0,133,0.1,52.34794224171137,0.9633721619863468,3,16,308,3.1999999999997413
Branin-Fav,DNGO-Joint,60,298,0,90,0.1,53.064612118608515,0.9633721619863468,4,16,309,3.09999999999974
Branin-Fav,DNGO-Joint,60,299,0,596,0.1,54.840909493506494,0.9633721619863468,5,16,310,2.9999999999997384
Branin-Fav,DNGO-Joint,60,300,0,680,0.1,52.16548578831049,0.9633721619863468,6,16,311,2.899999999999737
Branin-Fav,DNGO-Joint,60,301,0,233,0.1,51.78365977443157,0.9633721619863468,7,16,312,2.7999999999997356
Branin-Fav,DNGO-Joint,60,302,0,140,0.1,52.71950887354834,0.9633721619863468,8,16,313,2.699999999999734
Branin-Fav,DNGO-Joint,60,303,0,720,0.1,52.07817382862174,0.9633721619863468,9,16,314,2.5999999999997327
Branin-Fav,DNGO-Joint,60,304,0,828,0.1,52.0333107168364,0.9633721619863468,10,16,315,2.4999999999997313
Branin-Fav,DNGO-Joint,60,305,0,283,0.1,54.01030199257344,0.9633721619863468,11,16,316,2.39999999999973
Branin-Fav,DNGO-Joint,60,306,0,392,0.1,51.22178897839145,0.9633721619863468,12,16,317,2.2999999999997285
Branin-Fav,DNGO-Joint,60,307,0,341,0.1,51.19154626154355,0.9633721619863468,13,16,318,2.199999999999727
Branin-Fav,DNGO-Joint,60,308,0,647,0.1,52.06584836214864,0.9633721619863468,14,16,319,2.0999999999997256
Branin-Fav,DNGO-Joint,60,309,0,971,0.1,49.38635832930706,0.9633721619863468,15,16,320,1.9999999999997242
Branin-Fav,DNGO-Joint,60,310,0,973,0.1,51.17401584959906,0.9633721619863468,16,16,321,1.8999999999997228
Branin-Fav,DNGO-Joint,60,311,0,877,0.1,52.56621061924827,0.9633721619863468,17,16,322,1.7999999999997214
Branin-Fav,DNGO-Joint,60,312,0,183,0.1,49.008908003091015,0.9633721619863468,18,16,323,1.69999999999972
Branin-Fav,DNGO-Joint,60,313,0,190,0.1,48.8477882579133,0.9633721619863468,19,16,324,1.5999999999997185
Branin-Fav,DNGO-Joint,60,314,0,333,0.1,50.67937690233074,0.9633721619863468,20,16,325,1.4999999999997171
Branin-Fav,DNGO-Joint,60,315,1,377,1.0,9.332363834468106,0.9633721619863468,0,17,325,0.4999999999997158
Branin-Fav,DNGO-Joint,60,316,0,670,0.1,49.03299345475866,0.9639158668168274,1,17,326,0.3999999999997158
Branin-Fav,DNGO-Joint,60,317,0,272,0.1,47.99460217398583,0.9639158668168274,2,17,327,0.2999999999997144
Branin-Fav,DNGO-Joint,60,318,0,471,0.1,47.83746291185389,0.9639158668168274,3,17,328,0.19999999999971294
Branin-Fav,DNGO-Joint,60,319,0,779,0.1,49.32071524353649,0.9639158668168274,4,17,329,0.09999999999971151
Branin-Fav,DNGO-Joint,61,1,0,49,0.1,108.16241313991543,0.5,1,2,26,45.4
Branin-Fav,DNGO-Joint,61,2,0,99,0.1,103.22012031959954,0.5,2,2,27,45.3
Branin-Fav,DNGO-Joint,61,3,0,48,0.1,101.82656236194526,0.5,3,2,28,45.199999999999996
Branin-Fav,DNGO-Joint,61,4,0,26,0.1,99.39291234428406,0.5,4,2,29,45.1
Branin-Fav,DNGO-Joint,61,5,0,98,0.1,95.31361485704461,0.5,5,2,30,45.0
Branin-Fav,DNGO-Joint,61,6,0,199,0.1,92.87028158004001,0.5,6,2,31,44.9
Branin-Fav,DNGO-Joint,61,7,0,47,0.1,90.82938265228051,0.5,7,2,32,44.800000000000004
Branin-Fav,DNGO-Joint,61,8,0,148,0.1,90.1411403116079,0.5,8,2,33,44.7
Branin-Fav,DNGO-Joint,61,9,0,249,0.1,90.05479287498062,0.5,9,2,34,44.6
Branin-Fav,DNGO-Joint,61,10,0,27,0.1,90.14457227056492,0.5,10,2,35,44.5
Branin-Fav,DNGO-Joint,61,11,0,46,0.1,88.0390487880547,0.5,11,2,36,44.4
Branin-Fav,DNGO-Joint,61,12,0,36,0.1,90.477801630218,0.5,12,2,37,44.300000000000004
Branin-Fav,DNGO-Joint,61,13,0,476,0.1,90.6523122038746,0.5,13,2,38,44.2
Branin-Fav,DNGO-Joint,61,14,0,299,0.1,93.33373401824632,0.5,14,2,39,44.1
Branin-Fav,DNGO-Joint,61,15,0,575,0.1,85.80169092609846,0.5,15,2,40,44.00000000000001
Branin-Fav,DNGO-Joint,61,16,0,526,0.1,85.73375234320584,0.5,16,2,41,43.900000000000006
Branin-Fav,DNGO-Joint,61,17,0,97,0.1,81.50915083468053,0.5,17,2,42,43.800000000000004
Branin-Fav,DNGO-Joint,61,18,0,576,0.1,83.17816048482003,0.5,18,2,43,43.7
Branin-Fav,DNGO-Joint,61,19,0,349,0.1,87.835785255469,0.5,19,2,44,43.6
Branin-Fav,DNGO-Joint,61,20,0,477,0.1,83.35781270934328,0.5,20,2,45,43.50000000000001
Branin-Fav,DNGO-Joint,61,21,1,299,1.0,21.417118096450046,0.5,0,3,45,42.50000000000001
Branin-Fav,DNGO-Joint,61,22,0,198,0.1,79.36817918328029,0.5,1,3,46,42.400000000000006
Branin-Fav,DNGO-Joint,61,23,0,399,0.1,80.90002736222222,0.5,2,3,47,42.300000000000004
Branin-Fav,DNGO-Joint,61,24,0,426,0.1,79.27921733289841,0.5,3,3,48,42.20000000000001
Branin-Fav,DNGO-Joint,61,25,0,376,0.1,78.97686497347249,0.5,4,3,49,42.10000000000001
Branin-Fav,DNGO-Joint,61,26,0,25,0.1,77.75972375637654,0.5,5,3,50,42.00000000000001
Branin-Fav,DNGO-Joint,61,27,0,449,0.1,80.52880489792672,0.5,6,3,51,41.900000000000006
Branin-Fav,DNGO-Joint,61,28,0,525,0.1,77.84862979902307,0.5,7,3,52,41.800000000000004
Branin-Fav,DNGO-Joint,61,29,0,626,0.1,78.43488254615285,0.5,8,3,53,41.70000000000001
Branin-Fav,DNGO-Joint,61,30,0,527,0.1,77.0118941990411,0.5,9,3,54,41.60000000000001
Branin-Fav,DNGO-Joint,61,31,0,427,0.1,75.69864972392837,0.5,10,3,55,41.50000000000001
Branin-Fav,DNGO-Joint,61,32,0,625,0.1,75.07390250048805,0.5,11,3,56,41.40000000000001
Branin-Fav,DNGO-Joint,61,33,0,475,0.1,75.05565008036864,0.5,12,3,57,41.30000000000001
Branin-Fav,DNGO-Joint,61,34,0,425,0.1,73.12966860863487,0.5,13,3,58,41.20000000000001
Branin-Fav,DNGO-Joint,61,35,0,377,0.1,72.91339346098111,0.5,14,3,59,41.10000000000001
Branin-Fav,DNGO-Joint,61,36,0,326,0.1,72.07440282349322,0.5,15,3,60,41.00000000000001
Branin-Fav,DNGO-Joint,61,37,0,248,0.1,72.3939741747475,0.5,16,3,61,40.90000000000001
Branin-Fav,DNGO-Joint,61,38,0,574,0.1,71.1742112944132,0.5,17,3,62,40.80000000000001
Branin-Fav,DNGO-Joint,61,39,0,577,0.1,72.05702709081146,0.5,18,3,63,40.70000000000001
Branin-Fav,DNGO-Joint,61,40,0,676,0.1,72.18830092958656,0.5,19,3,64,40.600000000000016
Branin-Fav,DNGO-Joint,61,41,0,624,0.1,68.79437842312308,0.5,20,3,65,40.500000000000014
Branin-Fav,DNGO-Joint,61,42,1,2495,1.0,40.95069811968013,0.5,0,4,65,39.500000000000014
Branin-Fav,DNGO-Joint,61,43,0,276,0.1,77.7060046590353,0.5,1,4,66,39.40000000000001
Branin-Fav,DNGO-Joint,61,44,0,375,0.1,77.97076158032843,0.5,2,4,67,39.30000000000001
Branin-Fav,DNGO-Joint,61,45,0,675,0.1,77.74670525544794,0.5,3,4,68,39.20000000000001
Branin-Fav,DNGO-Joint,61,46,0,298,0.1,76.45953585160193,0.5,4,4,69,39.100000000000016
Branin-Fav,DNGO-Joint,61,47,0,327,0.1,76.81970879191826,0.5,5,4,70,39.000000000000014
Branin-Fav,DNGO-Joint,61,48,0,325,0.1,74.90048468288862,0.5,6,4,71,38.90000000000001
Branin-Fav,DNGO-Joint,61,49,0,627,0.1,75.2049437957535,0.5,7,4,72,38.80000000000002
Branin-Fav,DNGO-Joint,61,50,0,428,0.1,73.90174691759444,0.5,8,4,73,38.70000000000002
Branin-Fav,DNGO-Joint,61,51,0,277,0.1,74.10266468045742,0.5,9,4,74,38.600000000000016
Branin-Fav,DNGO-Joint,61,52,0,478,0.1,73.5047732356318,0.5,10,4,75,38.500000000000014
Branin-Fav,DNGO-Joint,61,53,0,348,0.1,73.46327682558761,0.5,11,4,76,38.40000000000001
Branin-Fav,DNGO-Joint,61,54,0,378,0.1,72.10710959435843,0.5,12,4,77,38.30000000000002
Branin-Fav,DNGO-Joint,61,55,0,226,0.1,72.57416466582602,0.5,13,4,78,38.20000000000002
Branin-Fav,DNGO-Joint,61,56,0,725,0.1,71.12809929518623,0.5,14,4,79,38.100000000000016
Branin-Fav,DNGO-Joint,61,57,0,528,0.1,71.7690687791995,0.5,15,4,80,38.00000000000002
Branin-Fav,DNGO-Joint,61,58,0,524,0.1,70.77555296611047,0.5,16,4,81,37.90000000000002
Branin-Fav,DNGO-Joint,61,59,0,578,0.1,69.29154338639017,0.5,17,4,82,37.80000000000002
Branin-Fav,DNGO-Joint,61,60,0,499,0.1,70.15489411055277,0.5,18,4,83,37.70000000000002
Branin-Fav,DNGO-Joint,61,61,0,227,0.1,70.12294381346082,0.5,19,4,84,37.600000000000016
Branin-Fav,DNGO-Joint,61,62,0,176,0.1,68.79576130882678,0.5,20,4,85,37.50000000000002
Branin-Fav,DNGO-Joint,61,63,1,26,1.0,30.147303817938784,0.5,0,5,85,36.50000000000002
Branin-Fav,DNGO-Joint,61,64,0,328,0.1,68.32897819474698,0.5,1,5,86,36.40000000000002
Branin-Fav,DNGO-Joint,61,65,0,275,0.1,67.70420021471583,0.5,2,5,87,36.30000000000002
Branin-Fav,DNGO-Joint,61,66,0,177,0.1,66.90809926897519,0.5,3,5,88,36.200000000000024
Branin-Fav,DNGO-Joint,61,67,0,126,0.1,67.09183359074034,0.5,4,5,89,36.10000000000002
Branin-Fav,DNGO-Joint,61,68,0,278,0.1,66.62850180882062,0.5,5,5,90,36.00000000000002
Branin-Fav,DNGO-Joint,61,69,0,677,0.1,66.21323703421776,0.5,6,5,91,35.90000000000002
Branin-Fav,DNGO-Joint,61,70,0,147,0.1,66.72247239689703,0.5,7,5,92,35.80000000000002
Branin-Fav,DNGO-Joint,61,71,0,197,0.1,65.35693920804324,0.5,8,5,93,35.700000000000024
Branin-Fav,DNGO-Joint,61,72,0,398,0.1,64.55450275305917,0.5,9,5,94,35.60000000000002
Branin-Fav,DNGO-Joint,61,73,0,127,0.1,65.29458540434338,0.5,10,5,95,35.50000000000002
Branin-Fav,DNGO-Joint,61,74,0,228,0.1,64.14233919370527,0.5,11,5,96,35.40000000000003
Branin-Fav,DNGO-Joint,61,75,0,77,0.1,63.64267170083128,0.5,12,5,97,35.300000000000026
Branin-Fav,DNGO-Joint,61,76,0,247,0.1,63.41905667133102,0.5,13,5,98,35.200000000000024
Branin-Fav,DNGO-Joint,61,77,0,225,0.1,63.193524147215335,0.5,14,5,99,35.10000000000002
Branin-Fav,DNGO-Joint,61,78,0,474,0.1,64.17998062338326,0.5,15,5,100,35.00000000000002
Branin-Fav,DNGO-Joint,61,79,0,76,0.1,62.78092514045493,0.5,16,5,101,34.90000000000003
Branin-Fav,DNGO-Joint,61,80,0,424,0.1,61.95674899864289,0.5,17,5,102,34.800000000000026
Branin-Fav,DNGO-Joint,61,81,0,96,0.1,61.4596048640635,0.5,18,5,103,34.700000000000024
Branin-Fav,DNGO-Joint,61,82,0,178,0.1,60.9174955655198,0.5,19,5,104,34.60000000000003
Branin-Fav,DNGO-Joint,61,83,0,628,0.1,61.105478158105626,0.5,20,5,105,34.50000000000003
Branin-Fav,DNGO-Joint,61,84,1,427,1.0,25.18748264729875,0.5,0,6,105,33.50000000000003
Branin-Fav,DNGO-Joint,61,85,0,175,0.1,113.23559453806845,0.9430706125328039,1,6,106,33.40000000000003
Branin-Fav,DNGO-Joint,61,86,0,125,0.1,113.71175898582509,0.9430706125328039,2,6,107,33.300000000000026
Branin-Fav,DNGO-Joint,61,87,0,379,0.1,112.64023903322534,0.9430706125328039,3,6,108,33.200000000000024
Branin-Fav,DNGO-Joint,61,88,0,429,0.1,111.80032388765734,0.9430706125328039,4,6,109,33.10000000000002
Branin-Fav,DNGO-Joint,61,89,0,128,0.1,110.07936506161829,0.9430706125328039,5,6,110,33.00000000000002
Branin-Fav,DNGO-Joint,61,90,0,724,0.1,110.93051991934695,0.9430706125328039,6,6,111,32.90000000000002
Branin-Fav,DNGO-Joint,61,91,0,374,0.1,109.28625941345686,0.9430706125328039,7,6,112,32.80000000000002
Branin-Fav,DNGO-Joint,61,92,0,28,0.1,110.35465922905811,0.9430706125328039,8,6,113,32.70000000000002
Branin-Fav,DNGO-Joint,61,93,0,479,0.1,109.35715338799768,0.9430706125328039,9,6,114,32.600000000000016
Branin-Fav,DNGO-Joint,61,94,0,75,0.1,107.5179043949164,0.9430706125328039,10,6,115,32.500000000000014
Branin-Fav,DNGO-Joint,61,95,0,297,0.1,109.26691150405813,0.9430706125328039,11,6,116,32.40000000000001
Branin-Fav,DNGO-Joint,61,96,0,329,0.1,106.80928418778971,0.9430706125328039,12,6,117,32.30000000000001
Branin-Fav,DNGO-Joint,61,97,0,549,0.1,106.67537285483513,0.9430706125328039,13,6,118,32.20000000000001
Branin-Fav,DNGO-Joint,61,98,0,146,0.1,109.8281111467584,0.9430706125328039,14,6,119,32.10000000000001
Branin-Fav,DNGO-Joint,61,99,0,726,0.1,105.62140657275805,0.9430706125328039,15,6,120,32.00000000000001
Branin-Fav,DNGO-Joint,61,100,0,196,0.1,104.95664375972143,0.9430706125328039,16,6,121,31.900000000000006
Branin-Fav,DNGO-Joint,61,101,0,347,0.1,103.6809540765712,0.9430706125328039,17,6,122,31.800000000000004
Branin-Fav,DNGO-Joint,61,102,0,78,0.1,102.49951635939074,0.9430706125328039,18,6,123,31.700000000000003
Branin-Fav,DNGO-Joint,61,103,0,279,0.1,105.10848529460539,0.9430706125328039,19,6,124,31.6
Branin-Fav,DNGO-Joint,61,104,0,448,0.1,103.54163029859573,0.9430706125328039,20,6,125,31.5
Branin-Fav,DNGO-Joint,61,105,1,527,1.0,17.423636135975798,0.9430706125328039,0,7,125,30.5
Branin-Fav,DNGO-Joint,61,106,0,45,0.1,104.87362453242598,0.9333899407255852,1,7,126,30.4
Branin-Fav,DNGO-Joint,61,107,0,246,0.1,101.35769588946249,0.9333899407255852,2,7,127,30.299999999999997
Branin-Fav,DNGO-Joint,61,108,0,229,0.1,98.99646549141228,0.9333899407255852,3,7,128,30.199999999999996
Branin-Fav,DNGO-Joint,61,109,0,324,0.1,98.90505918798172,0.9333899407255852,4,7,129,30.099999999999994
Branin-Fav,DNGO-Joint,61,110,0,95,0.1,98.97356645025364,0.9333899407255852,5,7,130,29.999999999999993
Branin-Fav,DNGO-Joint,61,111,0,145,0.1,96.88371520226102,0.9333899407255852,6,7,131,29.89999999999999
Branin-Fav,DNGO-Joint,61,112,0,529,0.1,96.11151113285483,0.9333899407255852,7,7,132,29.79999999999999
Branin-Fav,DNGO-Joint,61,113,0,573,0.1,96.56711928314365,0.9333899407255852,8,7,133,29.69999999999999
Branin-Fav,DNGO-Joint,61,114,0,296,0.1,97.54814546950212,0.9333899407255852,9,7,134,29.599999999999987
Branin-Fav,DNGO-Joint,61,115,0,397,0.1,96.06887814805093,0.9333899407255852,10,7,135,29.499999999999986
Branin-Fav,DNGO-Joint,61,116,0,44,0.1,97.90046823611355,0.9333899407255852,11,7,136,29.399999999999984
Branin-Fav,DNGO-Joint,61,117,0,623,0.1,94.30995261909747,0.9333899407255852,12,7,137,29.299999999999983
Branin-Fav,DNGO-Joint,61,118,0,195,0.1,93.15370997016028,0.9333899407255852,13,7,138,29.19999999999998
Branin-Fav,DNGO-Joint,61,119,0,94,0.1,93.80459994731717,0.9333899407255852,14,7,139,29.09999999999998
Branin-Fav,DNGO-Joint,61,120,0,274,0.1,92.43233476590733,0.9333899407255852,15,7,140,28.99999999999998
Branin-Fav,DNGO-Joint,61,121,0,523,0.1,95.2984525270593,0.9333899407255852,16,7,141,28.899999999999977
Branin-Fav,DNGO-Joint,61,122,0,179,0.1,91.77032652424117,0.9333899407255852,17,7,142,28.799999999999976
Branin-Fav,DNGO-Joint,61,123,0,330,0.1,94.08870217541315,0.9333899407255852,18,7,143,28.699999999999974
Branin-Fav,DNGO-Joint,61,124,0,224,0.1,91.5213180793154,0.9333899407255852,19,7,144,28.599999999999973
Branin-Fav,DNGO-Joint,61,125,0,727,0.1,92.20848593369385,0.9333899407255852,20,7,145,28.49999999999997
Branin-Fav,DNGO-Joint,61,126,1,2450,1.0,14.565085285306752,0.9333899407255852,0,8,145,27.49999999999997
Branin-Fav,DNGO-Joint,61,127,0,775,0.1,92.71217757687594,0.9333899407255852,1,8,146,27.39999999999997
Branin-Fav,DNGO-Joint,61,128,0,678,0.1,90.69753825645813,0.9333899407255852,2,8,147,27.29999999999997
Branin-Fav,DNGO-Joint,61,129,0,24,0.1,89.67674967690418,0.9333899407255852,3,8,148,27.199999999999967
Branin-Fav,DNGO-Joint,61,130,0,346,0.1,93.05892729858897,0.9333899407255852,4,8,149,27.099999999999966
Branin-Fav,DNGO-Joint,61,131,0,245,0.1,88.64678300231897,0.9333899407255852,5,8,150,26.999999999999964
Branin-Fav,DNGO-Joint,61,132,0,129,0.1,88.79139271014449,0.9333899407255852,6,8,151,26.899999999999963
Branin-Fav,DNGO-Joint,61,133,0,144,0.1,92.72602861508744,0.9333899407255852,7,8,152,26.79999999999996
Branin-Fav,DNGO-Joint,61,134,0,673,0.1,87.65675697305988,0.9333899407255852,8,8,153,26.69999999999996
Branin-Fav,DNGO-Joint,61,135,0,774,0.1,85.54256428597476,0.9333899407255852,9,8,154,26.59999999999996
Branin-Fav,DNGO-Joint,61,136,0,498,0.1,87.15513735070239,0.9333899407255852,10,8,155,26.499999999999957
Branin-Fav,DNGO-Joint,61,137,0,295,0.1,85.19963105666811,0.9333899407255852,11,8,156,26.399999999999956
Branin-Fav,DNGO-Joint,61,138,0,79,0.1,85.26790436534004,0.9333899407255852,12,8,157,26.299999999999955
Branin-Fav,DNGO-Joint,61,139,0,29,0.1,84.50431588327788,0.9333899407255852,13,8,158,26.199999999999953
Branin-Fav,DNGO-Joint,61,140,0,43,0.1,87.50568907986599,0.9333899407255852,14,8,159,26.09999999999995
Branin-Fav,DNGO-Joint,61,141,0,723,0.1,83.94404952074287,0.9333899407255852,15,8,160,25.99999999999995
Branin-Fav,DNGO-Joint,61,142,0,194,0.1,88.63650538706851,0.9333899407255852,16,8,161,25.89999999999995
Branin-Fav,DNGO-Joint,61,143,0,473,0.1,83.01868549723335,0.9333899407255852,17,8,162,25.799999999999947
Branin-Fav,DNGO-Joint,61,144,0,447,0.1,84.7114730130772,0.9333899407255852,18,8,163,25.699999999999946
Branin-Fav,DNGO-Joint,61,145,0,579,0.1,84.58932200171861,0.9333899407255852,19,8,164,25.599999999999945
Branin-Fav,DNGO-Joint,61,146,0,599,0.1,82.61900151239992,0.9333899407255852,20,8,165,25.499999999999943
Branin-Fav,DNGO-Joint,61,147,1,477,1.0,12.017060600707996,0.9333899407255852,0,9,165,24.499999999999943
Branin-Fav,DNGO-Joint,61,148,0,380,0.1,81.20073696795524,0.9399195265794353,1,9,166,24.39999999999994
Branin-Fav,DNGO-Joint,61,149,0,280,0.1,82.5274827791084,0.9399195265794353,2,9,167,24.29999999999994
Branin-Fav,DNGO-Joint,61,150,0,430,0.1,82.47504467503245,0.9399195265794353,3,9,168,24.19999999999994
Branin-Fav,DNGO-Joint,61,151,0,93,0.1,81.15835855990402,0.9399195265794353,4,9,169,24.099999999999937
Branin-Fav,DNGO-Joint,61,152,0,776,0.1,79.43687969053144,0.9399195265794353,5,9,170,23.999999999999936
Branin-Fav,DNGO-Joint,61,153,0,396,0.1,82.58170096565145,0.9399195265794353,6,9,171,23.899999999999935
Branin-Fav,DNGO-Joint,61,154,0,244,0.1,81.03109707947876,0.9399195265794353,7,9,172,23.799999999999933
Branin-Fav,DNGO-Joint,61,155,0,777,0.1,79.54895163457135,0.9399195265794353,8,9,173,23.699999999999932
Branin-Fav,DNGO-Joint,61,156,0,74,0.1,80.3356662748869,0.9399195265794353,9,9,174,23.59999999999993
Branin-Fav,DNGO-Joint,61,157,0,345,0.1,76.90692590915639,0.9399195265794353,10,9,175,23.49999999999993
Branin-Fav,DNGO-Joint,61,158,0,824,0.1,78.94883189599757,0.9399195265794353,11,9,176,23.399999999999928
Branin-Fav,DNGO-Joint,61,159,0,548,0.1,75.24906602052535,0.9399195265794353,12,9,177,23.299999999999926
Branin-Fav,DNGO-Joint,61,160,0,825,0.1,77.06797564695344,0.9399195265794353,13,9,178,23.199999999999925
Branin-Fav,DNGO-Joint,61,161,0,629,0.1,76.05339001883014,0.9399195265794353,14,9,179,23.099999999999923
Branin-Fav,DNGO-Joint,61,162,0,174,0.1,75.76134054348529,0.9399195265794353,15,9,180,22.999999999999922
Branin-Fav,DNGO-Joint,61,163,0,497,0.1,75.26233225779197,0.9399195265794353,16,9,181,22.89999999999992
Branin-Fav,DNGO-Joint,61,164,0,143,0.1,74.35442046353955,0.9399195265794353,17,9,182,22.79999999999992
Branin-Fav,DNGO-Joint,61,165,0,294,0.1,75.84050609976195,0.9399195265794353,18,9,183,22.699999999999918
Branin-Fav,DNGO-Joint,61,166,0,773,0.1,75.57571153570412,0.9399195265794353,19,9,184,22.599999999999916
Branin-Fav,DNGO-Joint,61,167,0,230,0.1,74.68359242664542,0.9399195265794353,20,9,185,22.499999999999915
Branin-Fav,DNGO-Joint,61,168,1,577,1.0,12.8758571512395,0.9399195265794353,0,10,185,21.499999999999915
Branin-Fav,DNGO-Joint,61,169,0,446,0.1,72.80600898509324,0.9256245451050371,1,10,186,21.399999999999913
Branin-Fav,DNGO-Joint,61,170,0,180,0.1,72.8506991386141,0.9256245451050371,2,10,187,21.299999999999912
Branin-Fav,DNGO-Joint,61,171,0,480,0.1,70.97595414885718,0.9256245451050371,3,10,188,21.19999999999991
Branin-Fav,DNGO-Joint,61,172,0,728,0.1,71.11647458352238,0.9256245451050371,4,10,189,21.09999999999991
Branin-Fav,DNGO-Joint,61,173,0,124,0.1,71.67437534692718,0.9256245451050371,5,10,190,20.999999999999908
Branin-Fav,DNGO-Joint,61,174,0,130,0.1,72.81686190052459,0.9256245451050371,6,10,191,20.899999999999906
Branin-Fav,DNGO-Joint,61,175,0,193,0.1,74.86442399684528,0.9256245451050371,7,10,192,20.799999999999905
Branin-Fav,DNGO-Joint,61,176,0,395,0.1,68.3354361708419,0.9256245451050371,8,10,193,20.699999999999903
Branin-Fav,DNGO-Joint,61,177,0,42,0.1,71.71465581608405,0.9256245451050371,9,10,194,20.599999999999902
Branin-Fav,DNGO-Joint,61,178,0,826,0.1,70.34220961558431,0.9256245451050371,10,10,195,20.4999999999999
Branin-Fav,DNGO-Joint,61,179,0,423,0.1,71.98633939683897,0.9256245451050371,11,10,196,20.3999999999999
Branin-Fav,DNGO-Joint,61,180,0,30,0.1,71.29797107827899,0.9256245451050371,12,10,197,20.299999999999898
Branin-Fav,DNGO-Joint,61,181,0,823,0.1,69.09315194286893,0.9256245451050371,13,10,198,20.199999999999896
Branin-Fav,DNGO-Joint,61,182,0,672,0.1,67.64804641293257,0.9256245451050371,14,10,199,20.099999999999895
Branin-Fav,DNGO-Joint,61,183,0,373,0.1,66.86435519559531,0.9256245451050371,15,10,200,19.999999999999893
Branin-Fav,DNGO-Joint,61,184,0,344,0.1,67.5941402544537,0.9256245451050371,16,10,201,19.899999999999892
Branin-Fav,DNGO-Joint,61,185,0,649,0.1,67.64246248417439,0.9256245451050371,17,10,202,19.79999999999989
Branin-Fav,DNGO-Joint,61,186,0,243,0.1,66.68340239374314,0.9256245451050371,18,10,203,19.69999999999989
Branin-Fav,DNGO-Joint,61,187,0,323,0.1,64.82435025927604,0.9256245451050371,19,10,204,19.599999999999888
Branin-Fav,DNGO-Joint,61,188,0,722,0.1,65.64442992686575,0.9256245451050371,20,10,205,19.499999999999886
Branin-Fav,DNGO-Joint,61,189,1,27,1.0,11.192542600514864,0.9256245451050371,0,11,205,18.499999999999886
Branin-Fav,DNGO-Joint,61,190,0,530,0.1,65.46861626811788,0.9398905324278501,1,11,206,18.399999999999885
Branin-Fav,DNGO-Joint,61,191,0,598,0.1,63.07862952382852,0.9398905324278501,2,11,207,18.299999999999883
Branin-Fav,DNGO-Joint,61,192,0,92,0.1,65.09830588498374,0.9398905324278501,3,11,208,18.199999999999882
Branin-Fav,DNGO-Joint,61,193,0,2250,0.1,64.46333845691731,0.9398905324278501,4,11,209,18.09999999999988
Branin-Fav,DNGO-Joint,61,194,0,496,0.1,64.62115930023873,0.9398905324278501,5,11,210,17.99999999999988
Branin-Fav,DNGO-Joint,61,195,0,772,0.1,63.425833168129635,0.9398905324278501,6,11,211,17.899999999999878
Branin-Fav,DNGO-Joint,61,196,0,547,0.1,62.69563763858281,0.9398905324278501,7,11,212,17.799999999999876
Branin-Fav,DNGO-Joint,61,197,0,445,0.1,61.33542253052395,0.9398905324278501,8,11,213,17.699999999999875
Branin-Fav,DNGO-Joint,61,198,0,281,0.1,66.66651546626926,0.9398905324278501,9,11,214,17.599999999999874
Branin-Fav,DNGO-Joint,61,199,0,23,0.1,64.01842899396402,0.9398905324278501,10,11,215,17.499999999999872
Branin-Fav,DNGO-Joint,61,200,0,293,0.1,63.581003129937294,0.9398905324278501,11,11,216,17.39999999999987
Branin-Fav,DNGO-Joint,61,201,0,580,0.1,64.94132242761007,0.9398905324278501,12,11,217,17.29999999999987
Branin-Fav,DNGO-Joint,61,202,0,622,0.1,61.80459560178058,0.9398905324278501,13,11,218,17.199999999999868
Branin-Fav,DNGO-Joint,61,203,0,231,0.1,58.52335960617804,0.9398905324278501,14,11,219,17.099999999999866
Branin-Fav,DNGO-Joint,61,204,0,331,0.1,60.8440198578858,0.9398905324278501,15,11,220,16.999999999999865
Branin-Fav,DNGO-Joint,61,205,0,874,0.1,59.001698296753716,0.9398905324278501,16,11,221,16.899999999999864
Branin-Fav,DNGO-Joint,61,206,0,142,0.1,58.316640840127754,0.9398905324278501,17,11,222,16.799999999999862
Branin-Fav,DNGO-Joint,61,207,0,394,0.1,58.88718337587336,0.9398905324278501,18,11,223,16.69999999999986
Branin-Fav,DNGO-Joint,61,208,0,699,0.1,58.35367353173569,0.9398905324278501,19,11,224,16.59999999999986
Branin-Fav,DNGO-Joint,61,209,0,181,0.1,58.427930304839364,0.9398905324278501,20,11,225,16.499999999999858
Branin-Fav,DNGO-Joint,61,210,1,476,1.0,10.137947935306709,0.9398905324278501,0,12,225,15.499999999999858
Branin-Fav,DNGO-Joint,61,211,0,572,0.1,60.02811849585769,0.9470278464359876,1,12,226,15.399999999999858
Branin-Fav,DNGO-Joint,61,212,0,192,0.1,56.87685127061507,0.9470278464359876,2,12,227,15.299999999999857
Branin-Fav,DNGO-Joint,61,213,0,873,0.1,57.617650936075265,0.9470278464359876,3,12,228,15.199999999999855
Branin-Fav,DNGO-Joint,61,214,0,822,0.1,57.333208686406266,0.9470278464359876,4,12,229,15.099999999999854
Branin-Fav,DNGO-Joint,61,215,0,679,0.1,56.978181724875846,0.9470278464359876,5,12,230,14.999999999999853
Branin-Fav,DNGO-Joint,61,216,0,31,0.1,56.421050539638635,0.9470278464359876,6,12,231,14.899999999999851
Branin-Fav,DNGO-Joint,61,217,0,131,0.1,55.28288395679876,0.9470278464359876,7,12,232,14.79999999999985
Branin-Fav,DNGO-Joint,61,218,0,81,0.1,56.92633917580679,0.9470278464359876,8,12,233,14.699999999999848
Branin-Fav,DNGO-Joint,61,219,0,242,0.1,54.792293675798554,0.9470278464359876,9,12,234,14.599999999999847
Branin-Fav,DNGO-Joint,61,220,0,343,0.1,53.961068544724604,0.9470278464359876,10,12,235,14.499999999999845
Branin-Fav,DNGO-Joint,61,221,0,875,0.1,56.70186749723373,0.9470278464359876,11,12,236,14.399999999999844
Branin-Fav,DNGO-Joint,61,222,0,431,0.1,57.13591811997724,0.9470278464359876,12,12,237,14.299999999999843
Branin-Fav,DNGO-Joint,61,223,0,827,0.1,52.69830896193558,0.9470278464359876,13,12,238,14.199999999999841
Branin-Fav,DNGO-Joint,61,224,0,546,0.1,54.23996166243172,0.9470278464359876,14,12,239,14.09999999999984
Branin-Fav,DNGO-Joint,61,225,0,522,0.1,52.415582007347766,0.9470278464359876,15,12,240,13.999999999999838
Branin-Fav,DNGO-Joint,61,226,0,597,0.1,51.84928328255891,0.9470278464359876,16,12,241,13.899999999999837
Branin-Fav,DNGO-Joint,61,227,0,872,0.1,52.28336985814055,0.9470278464359876,17,12,242,13.799999999999836
Branin-Fav,DNGO-Joint,61,228,0,495,0.1,52.80603489541333,0.9470278464359876,18,12,243,13.699999999999834
Branin-Fav,DNGO-Joint,61,229,0,648,0.1,53.839351648244445,0.9470278464359876,19,12,244,13.599999999999833
Branin-Fav,DNGO-Joint,61,230,0,73,0.1,54.59833102204461,0.9470278464359876,20,12,245,13.499999999999831
Branin-Fav,DNGO-Joint,61,231,1,77,1.0,10.17902315171345,0.9470278464359876,0,13,245,12.49999999999983
Branin-Fav,DNGO-Joint,61,232,0,41,0.1,51.5140356102939,0.9483811838138547,1,13,246,12.39999999999983
Branin-Fav,DNGO-Joint,61,233,0,91,0.1,49.87791242095991,0.9483811838138547,2,13,247,12.299999999999828
Branin-Fav,DNGO-Joint,61,234,0,444,0.1,50.62907686126398,0.9483811838138547,3,13,248,12.199999999999827
Branin-Fav,DNGO-Joint,61,235,0,223,0.1,50.68257808097376,0.9483811838138547,4,13,249,12.099999999999826
Branin-Fav,DNGO-Joint,61,236,0,472,0.1,50.42962830157713,0.9483811838138547,5,13,250,11.999999999999824
Branin-Fav,DNGO-Joint,61,237,0,876,0.1,51.340833937198916,0.9483811838138547,6,13,251,11.899999999999823
Branin-Fav,DNGO-Joint,61,238,0,393,0.1,49.99687020130107,0.9483811838138547,7,13,252,11.799999999999821
Branin-Fav,DNGO-Joint,61,239,0,173,0.1,49.73650741798745,0.9483811838138547,8,13,253,11.69999999999982
Branin-Fav,DNGO-Joint,61,240,0,481,0.1,50.341752971250195,0.9483811838138547,9,13,254,11.599999999999818
Branin-Fav,DNGO-Joint,61,241,0,923,0.1,50.32410316623894,0.9483811838138547,10,13,255,11.499999999999817
Branin-Fav,DNGO-Joint,61,242,0,630,0.1,50.86575621228605,0.9483811838138547,11,13,256,11.399999999999816
Branin-Fav,DNGO-Joint,61,243,0,292,0.1,48.42039270930621,0.9483811838138547,12,13,257,11.299999999999814
Branin-Fav,DNGO-Joint,61,244,0,749,0.1,47.78325373235843,0.9483811838138547,13,13,258,11.199999999999813
Branin-Fav,DNGO-Joint,61,245,0,141,0.1,45.81562495556284,0.9483811838138547,14,13,259,11.099999999999811
Branin-Fav,DNGO-Joint,61,246,0,123,0.1,46.272709894711895,0.9483811838138547,15,13,260,10.99999999999981
Branin-Fav,DNGO-Joint,61,247,0,922,0.1,47.28449677772252,0.9483811838138547,16,13,261,10.899999999999809
Branin-Fav,DNGO-Joint,61,248,0,771,0.1,46.46348539419941,0.9483811838138547,17,13,262,10.799999999999807
Branin-Fav,DNGO-Joint,61,249,0,729,0.1,46.385964596994256,0.9483811838138547,18,13,263,10.699999999999806
Branin-Fav,DNGO-Joint,61,250,0,191,0.1,45.181536221908644,0.9483811838138547,19,13,264,10.599999999999804
Branin-Fav,DNGO-Joint,61,251,0,422,0.1,45.808224775772366,0.9483811838138547,20,13,265,10.499999999999803
Branin-Fav,DNGO-Joint,61,252,1,526,1.0,10.861249485057431,0.9483811838138547,0,14,265,9.499999999999801
Branin-Fav,DNGO-Joint,61,253,0,821,0.1,45.76002021096621,0.9513862146130688,1,14,266,9.399999999999801
Branin-Fav,DNGO-Joint,61,254,0,924,0.1,43.45179677029236,0.9513862146130688,2,14,267,9.2999999999998
Branin-Fav,DNGO-Joint,61,255,0,545,0.1,47.40187034015572,0.9513862146130688,3,14,268,9.199999999999799
Branin-Fav,DNGO-Joint,61,256,0,342,0.1,44.93608569617796,0.9513862146130688,4,14,269,9.099999999999797
Branin-Fav,DNGO-Joint,61,257,0,698,0.1,43.60187487581237,0.9513862146130688,5,14,270,8.999999999999796
Branin-Fav,DNGO-Joint,61,258,0,721,0.1,43.72053744120199,0.9513862146130688,6,14,271,8.899999999999794
Branin-Fav,DNGO-Joint,61,259,0,494,0.1,43.2008190384915,0.9513862146130688,7,14,272,8.799999999999793
Branin-Fav,DNGO-Joint,61,260,0,32,0.1,44.20575869511339,0.9513862146130688,8,14,273,8.699999999999791
Branin-Fav,DNGO-Joint,61,261,0,871,0.1,42.26728980111309,0.9513862146130688,9,14,274,8.59999999999979
Branin-Fav,DNGO-Joint,61,262,0,925,0.1,42.49241190820272,0.9513862146130688,10,14,275,8.499999999999789
Branin-Fav,DNGO-Joint,61,263,0,282,0.1,43.94634829111949,0.9513862146130688,11,14,276,8.399999999999787
Branin-Fav,DNGO-Joint,61,264,0,596,0.1,44.65463457658277,0.9513862146130688,12,14,277,8.299999999999786
Branin-Fav,DNGO-Joint,61,265,0,647,0.1,42.58696370053961,0.9513862146130688,13,14,278,8.199999999999784
Branin-Fav,DNGO-Joint,61,266,0,531,0.1,41.78355630686793,0.9513862146130688,14,14,279,8.099999999999783
Branin-Fav,DNGO-Joint,61,267,0,671,0.1,41.59403963393754,0.9513862146130688,15,14,280,7.9999999999997815
Branin-Fav,DNGO-Joint,61,268,0,241,0.1,41.081198535475366,0.9513862146130688,16,14,281,7.89999999999978
Branin-Fav,DNGO-Joint,61,269,0,82,0.1,40.919264097234674,0.9513862146130688,17,14,282,7.799999999999779
Branin-Fav,DNGO-Joint,61,270,0,232,0.1,41.342440548197686,0.9513862146130688,18,14,283,7.699999999999777
Branin-Fav,DNGO-Joint,61,271,0,443,0.1,40.79531592190772,0.9513862146130688,19,14,284,7.599999999999776
Branin-Fav,DNGO-Joint,61,272,0,921,0.1,38.80477786185278,0.9513862146130688,20,14,285,7.499999999999774
Branin-Fav,DNGO-Joint,61,273,1,377,1.0,9.418347510098004,0.9513862146130688,0,15,285,6.499999999999773
Branin-Fav,DNGO-Joint,61,274,0,392,0.1,39.38115228838527,0.9554000812589145,1,15,286,6.399999999999773
Branin-Fav,DNGO-Joint,61,275,0,372,0.1,40.24637436419024,0.9554000812589145,2,15,287,6.299999999999772
Branin-Fav,DNGO-Joint,61,276,0,332,0.1,42.094590089104145,0.9554000812589145,3,15,288,6.19999999999977
Branin-Fav,DNGO-Joint,61,277,0,877,0.1,39.84418089597393,0.9554000812589145,4,15,289,6.099999999999769
Branin-Fav,DNGO-Joint,61,278,0,621,0.1,38.67374847008325,0.9554000812589145,5,15,290,5.999999999999767
Branin-Fav,DNGO-Joint,61,279,0,680,0.1,38.38177200467518,0.9554000812589145,6,15,291,5.899999999999766
Branin-Fav,DNGO-Joint,61,280,0,40,0.1,38.475118200826635,0.9554000812589145,7,15,292,5.7999999999997645
Branin-Fav,DNGO-Joint,61,281,0,132,0.1,37.78090124800705,0.9554000812589145,8,15,293,5.699999999999763
Branin-Fav,DNGO-Joint,61,282,0,291,0.1,37.87824863378449,0.9554000812589145,9,15,294,5.599999999999762
Branin-Fav,DNGO-Joint,61,283,0,828,0.1,36.9604210465455,0.9554000812589145,10,15,295,5.49999999999976
Branin-Fav,DNGO-Joint,61,284,0,2300,0.1,36.99139814702904,0.9554000812589145,11,15,296,5.399999999999759
Branin-Fav,DNGO-Joint,61,285,0,182,0.1,38.383760657862226,0.9554000812589145,12,15,297,5.299999999999757
Branin-Fav,DNGO-Joint,61,286,0,870,0.1,36.53463669121699,0.9554000812589145,13,15,298,5.199999999999756
Branin-Fav,DNGO-Joint,61,287,0,581,0.1,37.55013907774884,0.9554000812589145,14,15,299,5.0999999999997545
Branin-Fav,DNGO-Joint,61,288,0,926,0.1,38.521729970475675,0.9554000812589145,15,15,300,4.999999999999753
Branin-Fav,DNGO-Joint,61,289,0,646,0.1,36.124934316620774,0.9554000812589145,16,15,301,4.899999999999752
Branin-Fav,DNGO-Joint,61,290,0,571,0.1,35.35528364590238,0.9554000812589145,17,15,302,4.79999999999975
Branin-Fav,DNGO-Joint,61,291,0,322,0.1,34.64502365066616,0.9554000812589145,18,15,303,4.699999999999749
Branin-Fav,DNGO-Joint,61,292,0,972,0.1,35.38655550157615,0.9554000812589145,19,15,304,4.599999999999747
Branin-Fav,DNGO-Joint,61,293,0,382,0.1,34.178264574332324,0.9554000812589145,20,15,305,4.499999999999746
Branin-Fav,DNGO-Joint,61,294,1,478,1.0,9.063855914315816,0.9554000812589145,0,16,305,3.499999999999744
Branin-Fav,DNGO-Joint,61,295,0,341,0.1,34.25613859198494,0.9498392180856136,1,16,306,3.399999999999744
Branin-Fav,DNGO-Joint,61,296,0,973,0.1,34.3841292165346,0.9498392180856136,2,16,307,3.2999999999997427
Branin-Fav,DNGO-Joint,61,297,0,971,0.1,34.144124864008326,0.9498392180856136,3,16,308,3.1999999999997413
Branin-Fav,DNGO-Joint,61,298,0,22,0.1,36.07435577419712,0.9498392180856136,4,16,309,3.09999999999974
Branin-Fav,DNGO-Joint,61,299,0,90,0.1,33.87516651331653,0.9498392180856136,5,16,310,2.9999999999997384
Branin-Fav,DNGO-Joint,61,300,0,140,0.1,32.99979565415562,0.9498392180856136,6,16,311,2.899999999999737
Branin-Fav,DNGO-Joint,61,301,0,779,0.1,32.54792243587811,0.9498392180856136,7,16,312,2.7999999999997356
Branin-Fav,DNGO-Joint,61,302,0,595,0.1,32.99401119084802,0.9498392180856136,8,16,313,2.699999999999734
Branin-Fav,DNGO-Joint,61,303,0,544,0.1,33.53771609022112,0.9498392180856136,9,16,314,2.5999999999997327
Branin-Fav,DNGO-Joint,61,304,0,493,0.1,32.82188945419279,0.9498392180856136,10,16,315,2.4999999999997313
Branin-Fav,DNGO-Joint,61,305,0,974,0.1,32.265265159707326,0.9498392180856136,11,16,316,2.39999999999973
Branin-Fav,DNGO-Joint,61,306,0,697,0.1,32.445525374174764,0.9498392180856136,12,16,317,2.2999999999997285
Branin-Fav,DNGO-Joint,61,307,0,190,0.1,32.08611485978846,0.9498392180856136,13,16,318,2.199999999999727
Branin-Fav,DNGO-Joint,61,308,0,748,0.1,32.13698369847277,0.9498392180856136,14,16,319,2.0999999999997256
Branin-Fav,DNGO-Joint,61,309,0,799,0.1,31.98692783324172,0.9498392180856136,15,16,320,1.9999999999997242
Branin-Fav,DNGO-Joint,61,310,0,272,0.1,31.96489163825606,0.9498392180856136,16,16,321,1.8999999999997228
Branin-Fav,DNGO-Joint,61,311,0,432,0.1,31.15732966460419,0.9498392180856136,17,16,322,1.7999999999997214
Branin-Fav,DNGO-Joint,61,312,0,820,0.1,30.54182144839798,0.9498392180856136,18,16,323,1.69999999999972
Branin-Fav,DNGO-Joint,61,313,0,975,0.1,31.373107592954206,0.9498392180856136,19,16,324,1.5999999999997185
Branin-Fav,DNGO-Joint,61,314,0,521,0.1,29.8528179721891,0.9498392180856136,20,16,325,1.4999999999997171
Branin-Fav,DNGO-Joint,61,315,1,576,1.0,8.811644747588415,0.9498392180856136,0,17,325,0.4999999999997158
Branin-Fav,DNGO-Joint,61,316,0,770,0.1,29.944257078918238,0.9486695941478305,1,17,326,0.3999999999997158
Branin-Fav,DNGO-Joint,61,317,0,594,0.1,30.22892796528395,0.9486695941478305,2,17,327,0.2999999999997144
Branin-Fav,DNGO-Joint,61,318,0,33,0.1,29.74730266322223,0.9486695941478305,3,17,328,0.19999999999971294
Branin-Fav,DNGO-Joint,61,319,0,442,0.1,30.30898345139683,0.9486695941478305,4,17,329,0.09999999999971151
