benchmark,model,seed,budget,regret
COFs,Sequential,42,3.5,15.411634978620436
COFs,Sequential,42,3.56,15.411634978620436
COFs,Sequential,42,3.62,15.411634978620436
COFs,Sequential,42,3.69,15.411634978620436
COFs,Sequential,42,3.75,15.411634978620436
COFs,Sequential,42,3.82,15.411634978620436
COFs,Sequential,42,3.88,15.411634978620436
COFs,Sequential,42,3.95,15.411634978620436
COFs,Sequential,42,4.01,15.411634978620436
COFs,Sequential,42,4.08,15.411634978620436
COFs,Sequential,42,4.15,15.411634978620436
COFs,Sequential,42,4.21,15.411634978620436
COFs,Sequential,42,4.28,15.411634978620436
COFs,Sequential,42,4.34,15.411634978620436
COFs,Sequential,42,4.41,15.411634978620436
COFs,Sequential,42,4.47,15.411634978620436
COFs,Sequential,42,5.47,3.542139991253217
COFs,Sequential,42,5.54,3.542139991253217
COFs,Sequential,42,5.6,3.542139991253217
COFs,Sequential,42,5.67,3.542139991253217
COFs,Sequential,42,5.73,3.542139991253217
COFs,Sequential,42,5.8,3.542139991253217
COFs,Sequential,42,5.86,3.542139991253217
COFs,Sequential,42,5.93,3.542139991253217
COFs,Sequential,42,5.99,3.542139991253217
COFs,Sequential,42,6.06,3.542139991253217
COFs,Sequential,42,6.12,3.542139991253217
COFs,Sequential,42,6.19,3.542139991253217
COFs,Sequential,42,6.25,3.542139991253217
COFs,Sequential,42,6.32,3.542139991253217
COFs,Sequential,42,6.38,3.542139991253217
COFs,Sequential,42,6.45,3.542139991253217
COFs,Sequential,42,7.45,0.0
COFs,Sequential,42,7.51,0.0
COFs,Sequential,42,7.58,0.0
COFs,Sequential,42,7.64,0.0
COFs,Sequential,42,7.71,0.0
COFs,Sequential,42,7.77,0.0
COFs,Sequential,42,7.84,0.0
COFs,Sequential,42,7.9,0.0
COFs,Sequential,42,7.97,0.0
COFs,Sequential,42,8.03,0.0
COFs,Sequential,42,8.1,0.0
COFs,Sequential,42,8.16,0.0
COFs,Sequential,42,8.23,0.0
COFs,Sequential,42,8.29,0.0
COFs,Sequential,42,8.36,0.0
COFs,Sequential,42,8.42,0.0
COFs,Sequential,42,9.42,0.0
COFs,Sequential,42,9.49,0.0
COFs,Sequential,42,9.55,0.0
COFs,Sequential,42,9.62,0.0
COFs,Sequential,42,9.68,0.0
COFs,Sequential,42,9.75,0.0
COFs,Sequential,42,9.81,0.0
COFs,Sequential,42,9.88,0.0
COFs,Sequential,42,9.94,0.0
COFs,Sequential,42,10.01,0.0
COFs,Sequential,42,10.07,0.0
COFs,Sequential,42,10.14,0.0
COFs,Sequential,42,10.2,0.0
COFs,Sequential,42,10.27,0.0
COFs,Sequential,42,10.33,0.0
COFs,Sequential,42,10.4,0.0
COFs,Sequential,42,11.4,0.0
COFs,Sequential,42,11.46,0.0
COFs,Sequential,42,11.53,0.0
COFs,Sequential,42,11.59,0.0
COFs,Sequential,42,11.65,0.0
COFs,Sequential,42,11.72,0.0
COFs,Sequential,42,11.78,0.0
COFs,Sequential,42,11.85,0.0
COFs,Sequential,42,11.91,0.0
COFs,Sequential,42,11.98,0.0
COFs,Sequential,42,12.04,0.0
COFs,Sequential,42,12.11,0.0
COFs,Sequential,42,12.17,0.0
COFs,Sequential,42,12.24,0.0
COFs,Sequential,42,12.3,0.0
COFs,Sequential,42,12.37,0.0
COFs,Sequential,42,13.37,0.0
COFs,Sequential,42,13.43,0.0
COFs,Sequential,42,13.5,0.0
COFs,Sequential,42,13.56,0.0
COFs,Sequential,42,13.63,0.0
COFs,Sequential,42,13.69,0.0
COFs,Sequential,42,13.76,0.0
COFs,Sequential,42,13.82,0.0
COFs,Sequential,42,13.89,0.0
COFs,Sequential,42,13.95,0.0
COFs,Sequential,42,14.02,0.0
COFs,Sequential,42,14.08,0.0
COFs,Sequential,42,14.15,0.0
COFs,Sequential,42,14.21,0.0
COFs,Sequential,42,14.28,0.0
COFs,Sequential,42,14.34,0.0
COFs,Sequential,42,15.34,0.0
COFs,Sequential,42,15.41,0.0
COFs,Sequential,42,15.47,0.0
COFs,Sequential,42,15.54,0.0
COFs,Sequential,42,15.6,0.0
COFs,Sequential,42,15.67,0.0
COFs,Sequential,42,15.73,0.0
COFs,Sequential,42,15.8,0.0
COFs,Sequential,42,15.86,0.0
COFs,Sequential,42,15.93,0.0
COFs,Sequential,42,15.99,0.0
COFs,Sequential,42,16.06,0.0
COFs,Sequential,42,16.12,0.0
COFs,Sequential,42,16.19,0.0
COFs,Sequential,42,16.25,0.0
COFs,Sequential,42,16.32,0.0
COFs,Sequential,42,17.32,0.0
COFs,Sequential,42,17.38,0.0
COFs,Sequential,42,17.45,0.0
COFs,Sequential,42,17.51,0.0
COFs,Sequential,42,17.58,0.0
COFs,Sequential,42,17.64,0.0
COFs,Sequential,42,17.71,0.0
COFs,Sequential,42,17.77,0.0
COFs,Sequential,42,17.84,0.0
COFs,Sequential,42,17.9,0.0
COFs,Sequential,42,17.97,0.0
COFs,Sequential,42,18.04,0.0
COFs,Sequential,42,18.1,0.0
COFs,Sequential,42,18.17,0.0
COFs,Sequential,42,18.23,0.0
COFs,Sequential,42,18.3,0.0
COFs,Sequential,42,19.3,0.0
COFs,Sequential,42,19.36,0.0
COFs,Sequential,42,19.43,0.0
COFs,Sequential,42,19.49,0.0
COFs,Sequential,42,19.56,0.0
COFs,Sequential,42,19.62,0.0
COFs,Sequential,42,19.69,0.0
COFs,Sequential,42,19.75,0.0
COFs,Sequential,42,19.82,0.0
COFs,Sequential,42,19.88,0.0
COFs,Sequential,42,19.95,0.0
COFs,Sequential,42,20.01,0.0
COFs,Sequential,42,20.08,0.0
COFs,Sequential,42,20.14,0.0
COFs,Sequential,42,20.21,0.0
COFs,Sequential,42,20.27,0.0
COFs,Sequential,42,21.27,0.0
COFs,Sequential,42,21.34,0.0
COFs,Sequential,42,21.4,0.0
COFs,Sequential,42,21.47,0.0
COFs,Sequential,42,21.53,0.0
COFs,Sequential,42,21.6,0.0
COFs,Sequential,42,21.66,0.0
COFs,Sequential,42,21.73,0.0
COFs,Sequential,42,21.79,0.0
COFs,Sequential,42,21.86,0.0
COFs,Sequential,42,21.92,0.0
COFs,Sequential,42,21.99,0.0
COFs,Sequential,42,22.05,0.0
COFs,Sequential,42,22.12,0.0
COFs,Sequential,42,22.18,0.0
COFs,Sequential,42,22.25,0.0
COFs,Sequential,42,23.25,0.0
COFs,Sequential,42,23.31,0.0
COFs,Sequential,42,23.38,0.0
COFs,Sequential,42,23.44,0.0
COFs,Sequential,42,23.51,0.0
COFs,Sequential,42,23.57,0.0
COFs,Sequential,42,23.64,0.0
COFs,Sequential,42,23.7,0.0
COFs,Sequential,42,23.77,0.0
COFs,Sequential,42,23.83,0.0
COFs,Sequential,42,23.9,0.0
COFs,Sequential,42,23.96,0.0
COFs,Sequential,42,24.03,0.0
COFs,Sequential,42,24.09,0.0
COFs,Sequential,42,24.16,0.0
COFs,Sequential,42,24.22,0.0
COFs,Sequential,42,25.22,0.0
COFs,Sequential,42,25.29,0.0
COFs,Sequential,42,25.35,0.0
COFs,Sequential,42,25.42,0.0
COFs,Sequential,42,25.48,0.0
COFs,Sequential,42,25.55,0.0
COFs,Sequential,42,25.61,0.0
COFs,Sequential,42,25.68,0.0
COFs,Sequential,42,25.74,0.0
COFs,Sequential,42,25.81,0.0
COFs,Sequential,42,25.87,0.0
COFs,Sequential,42,25.94,0.0
COFs,Sequential,42,26.0,0.0
COFs,Sequential,42,26.07,0.0
COFs,Sequential,42,26.13,0.0
COFs,Sequential,42,26.2,0.0
COFs,Sequential,42,27.2,0.0
COFs,Sequential,42,27.26,0.0
COFs,Sequential,42,27.33,0.0
COFs,Sequential,42,27.39,0.0
COFs,Sequential,42,27.46,0.0
COFs,Sequential,42,27.52,0.0
COFs,Sequential,42,27.59,0.0
COFs,Sequential,42,27.65,0.0
COFs,Sequential,42,27.72,0.0
COFs,Sequential,42,27.78,0.0
COFs,Sequential,42,27.85,0.0
COFs,Sequential,42,27.91,0.0
COFs,Sequential,42,27.98,0.0
COFs,Sequential,42,28.04,0.0
COFs,Sequential,42,28.11,0.0
COFs,Sequential,42,28.17,0.0
COFs,Sequential,42,29.17,0.0
COFs,Sequential,42,29.24,0.0
COFs,Sequential,42,29.3,0.0
COFs,Sequential,42,29.37,0.0
COFs,Sequential,42,29.43,0.0
COFs,Sequential,42,29.5,0.0
COFs,Sequential,42,29.56,0.0
COFs,Sequential,42,29.63,0.0
COFs,Sequential,42,29.69,0.0
COFs,Sequential,42,29.76,0.0
COFs,Sequential,42,29.82,0.0
COFs,Sequential,42,29.89,0.0
COFs,Sequential,42,29.95,0.0
COFs,Sequential,43,3.5,2.768421691579954
COFs,Sequential,43,3.56,2.768421691579954
COFs,Sequential,43,3.62,2.768421691579954
COFs,Sequential,43,3.69,2.768421691579954
COFs,Sequential,43,3.75,2.768421691579954
COFs,Sequential,43,3.82,2.768421691579954
COFs,Sequential,43,3.88,2.768421691579954
COFs,Sequential,43,3.95,2.768421691579954
COFs,Sequential,43,4.01,2.768421691579954
COFs,Sequential,43,4.08,2.768421691579954
COFs,Sequential,43,4.15,2.768421691579954
COFs,Sequential,43,4.21,2.768421691579954
COFs,Sequential,43,4.28,2.768421691579954
COFs,Sequential,43,4.34,2.768421691579954
COFs,Sequential,43,4.41,2.768421691579954
COFs,Sequential,43,4.47,2.768421691579954
COFs,Sequential,43,5.47,2.768421691579954
COFs,Sequential,43,5.54,2.768421691579954
COFs,Sequential,43,5.6,2.768421691579954
COFs,Sequential,43,5.67,2.768421691579954
COFs,Sequential,43,5.73,2.768421691579954
COFs,Sequential,43,5.8,2.768421691579954
COFs,Sequential,43,5.86,2.768421691579954
COFs,Sequential,43,5.93,2.768421691579954
COFs,Sequential,43,5.99,2.768421691579954
COFs,Sequential,43,6.06,2.768421691579954
COFs,Sequential,43,6.12,2.768421691579954
COFs,Sequential,43,6.19,2.768421691579954
COFs,Sequential,43,6.25,2.768421691579954
COFs,Sequential,43,6.32,2.768421691579954
COFs,Sequential,43,6.38,2.768421691579954
COFs,Sequential,43,6.45,2.768421691579954
COFs,Sequential,43,7.45,2.768421691579954
COFs,Sequential,43,7.51,2.768421691579954
COFs,Sequential,43,7.58,2.768421691579954
COFs,Sequential,43,7.64,2.768421691579954
COFs,Sequential,43,7.71,2.768421691579954
COFs,Sequential,43,7.77,2.768421691579954
COFs,Sequential,43,7.84,2.768421691579954
COFs,Sequential,43,7.9,2.768421691579954
COFs,Sequential,43,7.97,2.768421691579954
COFs,Sequential,43,8.03,2.768421691579954
COFs,Sequential,43,8.1,2.768421691579954
COFs,Sequential,43,8.16,2.768421691579954
COFs,Sequential,43,8.23,2.768421691579954
COFs,Sequential,43,8.29,2.768421691579954
COFs,Sequential,43,8.36,2.768421691579954
COFs,Sequential,43,8.42,2.768421691579954
COFs,Sequential,43,9.42,1.6834527522225677
COFs,Sequential,43,9.49,1.6834527522225677
COFs,Sequential,43,9.55,1.6834527522225677
COFs,Sequential,43,9.62,1.6834527522225677
COFs,Sequential,43,9.68,1.6834527522225677
COFs,Sequential,43,9.75,1.6834527522225677
COFs,Sequential,43,9.81,1.6834527522225677
COFs,Sequential,43,9.88,1.6834527522225677
COFs,Sequential,43,9.94,1.6834527522225677
COFs,Sequential,43,10.01,1.6834527522225677
COFs,Sequential,43,10.07,1.6834527522225677
COFs,Sequential,43,10.14,1.6834527522225677
COFs,Sequential,43,10.2,1.6834527522225677
COFs,Sequential,43,10.27,1.6834527522225677
COFs,Sequential,43,10.33,1.6834527522225677
COFs,Sequential,43,10.4,1.6834527522225677
COFs,Sequential,43,11.4,1.6834527522225677
COFs,Sequential,43,11.46,1.6834527522225677
COFs,Sequential,43,11.53,1.6834527522225677
COFs,Sequential,43,11.59,1.6834527522225677
COFs,Sequential,43,11.65,1.6834527522225677
COFs,Sequential,43,11.72,1.6834527522225677
COFs,Sequential,43,11.78,1.6834527522225677
COFs,Sequential,43,11.85,1.6834527522225677
COFs,Sequential,43,11.91,1.6834527522225677
COFs,Sequential,43,11.98,1.6834527522225677
COFs,Sequential,43,12.04,1.6834527522225677
COFs,Sequential,43,12.11,1.6834527522225677
COFs,Sequential,43,12.17,1.6834527522225677
COFs,Sequential,43,12.24,1.6834527522225677
COFs,Sequential,43,12.3,1.6834527522225677
COFs,Sequential,43,12.37,1.6834527522225677
COFs,Sequential,43,13.37,1.6834527522225677
COFs,Sequential,43,13.43,1.6834527522225677
COFs,Sequential,43,13.5,1.6834527522225677
COFs,Sequential,43,13.56,1.6834527522225677
COFs,Sequential,43,13.63,1.6834527522225677
COFs,Sequential,43,13.69,1.6834527522225677
COFs,Sequential,43,13.76,1.6834527522225677
COFs,Sequential,43,13.82,1.6834527522225677
COFs,Sequential,43,13.89,1.6834527522225677
COFs,Sequential,43,13.95,1.6834527522225677
COFs,Sequential,43,14.02,1.6834527522225677
COFs,Sequential,43,14.08,1.6834527522225677
COFs,Sequential,43,14.15,1.6834527522225677
COFs,Sequential,43,14.21,1.6834527522225677
COFs,Sequential,43,14.28,1.6834527522225677
COFs,Sequential,43,14.34,1.6834527522225677
COFs,Sequential,43,15.34,1.6834527522225677
COFs,Sequential,43,15.41,1.6834527522225677
COFs,Sequential,43,15.47,1.6834527522225677
COFs,Sequential,43,15.54,1.6834527522225677
COFs,Sequential,43,15.6,1.6834527522225677
COFs,Sequential,43,15.67,1.6834527522225677
COFs,Sequential,43,15.73,1.6834527522225677
COFs,Sequential,43,15.8,1.6834527522225677
COFs,Sequential,43,15.86,1.6834527522225677
COFs,Sequential,43,15.93,1.6834527522225677
COFs,Sequential,43,15.99,1.6834527522225677
COFs,Sequential,43,16.06,1.6834527522225677
COFs,Sequential,43,16.12,1.6834527522225677
COFs,Sequential,43,16.19,1.6834527522225677
COFs,Sequential,43,16.25,1.6834527522225677
COFs,Sequential,43,16.32,1.6834527522225677
COFs,Sequential,43,17.32,0.0
COFs,Sequential,43,17.38,0.0
COFs,Sequential,43,17.45,0.0
COFs,Sequential,43,17.51,0.0
COFs,Sequential,43,17.58,0.0
COFs,Sequential,43,17.64,0.0
COFs,Sequential,43,17.71,0.0
COFs,Sequential,43,17.77,0.0
COFs,Sequential,43,17.84,0.0
COFs,Sequential,43,17.9,0.0
COFs,Sequential,43,17.97,0.0
COFs,Sequential,43,18.04,0.0
COFs,Sequential,43,18.1,0.0
COFs,Sequential,43,18.17,0.0
COFs,Sequential,43,18.23,0.0
COFs,Sequential,43,18.3,0.0
COFs,Sequential,43,19.3,0.0
COFs,Sequential,43,19.36,0.0
COFs,Sequential,43,19.43,0.0
COFs,Sequential,43,19.49,0.0
COFs,Sequential,43,19.56,0.0
COFs,Sequential,43,19.62,0.0
COFs,Sequential,43,19.69,0.0
COFs,Sequential,43,19.75,0.0
COFs,Sequential,43,19.82,0.0
COFs,Sequential,43,19.88,0.0
COFs,Sequential,43,19.95,0.0
COFs,Sequential,43,20.01,0.0
COFs,Sequential,43,20.08,0.0
COFs,Sequential,43,20.14,0.0
COFs,Sequential,43,20.21,0.0
COFs,Sequential,43,20.27,0.0
COFs,Sequential,43,21.27,0.0
COFs,Sequential,43,21.34,0.0
COFs,Sequential,43,21.4,0.0
COFs,Sequential,43,21.47,0.0
COFs,Sequential,43,21.53,0.0
COFs,Sequential,43,21.6,0.0
COFs,Sequential,43,21.66,0.0
COFs,Sequential,43,21.73,0.0
COFs,Sequential,43,21.79,0.0
COFs,Sequential,43,21.86,0.0
COFs,Sequential,43,21.92,0.0
COFs,Sequential,43,21.99,0.0
COFs,Sequential,43,22.05,0.0
COFs,Sequential,43,22.12,0.0
COFs,Sequential,43,22.18,0.0
COFs,Sequential,43,22.25,0.0
COFs,Sequential,43,23.25,0.0
COFs,Sequential,43,23.31,0.0
COFs,Sequential,43,23.38,0.0
COFs,Sequential,43,23.44,0.0
COFs,Sequential,43,23.51,0.0
COFs,Sequential,43,23.57,0.0
COFs,Sequential,43,23.64,0.0
COFs,Sequential,43,23.7,0.0
COFs,Sequential,43,23.77,0.0
COFs,Sequential,43,23.83,0.0
COFs,Sequential,43,23.9,0.0
COFs,Sequential,43,23.96,0.0
COFs,Sequential,43,24.03,0.0
COFs,Sequential,43,24.09,0.0
COFs,Sequential,43,24.16,0.0
COFs,Sequential,43,24.22,0.0
COFs,Sequential,43,25.22,0.0
COFs,Sequential,43,25.29,0.0
COFs,Sequential,43,25.35,0.0
COFs,Sequential,43,25.42,0.0
COFs,Sequential,43,25.48,0.0
COFs,Sequential,43,25.55,0.0
COFs,Sequential,43,25.61,0.0
COFs,Sequential,43,25.68,0.0
COFs,Sequential,43,25.74,0.0
COFs,Sequential,43,25.81,0.0
COFs,Sequential,43,25.87,0.0
COFs,Sequential,43,25.94,0.0
COFs,Sequential,43,26.0,0.0
COFs,Sequential,43,26.07,0.0
COFs,Sequential,43,26.13,0.0
COFs,Sequential,43,26.2,0.0
COFs,Sequential,43,27.2,0.0
COFs,Sequential,43,27.26,0.0
COFs,Sequential,43,27.33,0.0
COFs,Sequential,43,27.39,0.0
COFs,Sequential,43,27.46,0.0
COFs,Sequential,43,27.52,0.0
COFs,Sequential,43,27.59,0.0
COFs,Sequential,43,27.65,0.0
COFs,Sequential,43,27.72,0.0
COFs,Sequential,43,27.78,0.0
COFs,Sequential,43,27.85,0.0
COFs,Sequential,43,27.91,0.0
COFs,Sequential,43,27.98,0.0
COFs,Sequential,43,28.04,0.0
COFs,Sequential,43,28.11,0.0
COFs,Sequential,43,28.17,0.0
COFs,Sequential,43,29.17,0.0
COFs,Sequential,43,29.24,0.0
COFs,Sequential,43,29.3,0.0
COFs,Sequential,43,29.37,0.0
COFs,Sequential,43,29.43,0.0
COFs,Sequential,43,29.5,0.0
COFs,Sequential,43,29.56,0.0
COFs,Sequential,43,29.63,0.0
COFs,Sequential,43,29.69,0.0
COFs,Sequential,43,29.76,0.0
COFs,Sequential,43,29.82,0.0
COFs,Sequential,43,29.89,0.0
COFs,Sequential,43,29.95,0.0
COFs,Sequential,44,3.5,14.985327132158876
COFs,Sequential,44,3.56,14.985327132158876
COFs,Sequential,44,3.62,14.985327132158876
COFs,Sequential,44,3.69,14.985327132158876
COFs,Sequential,44,3.75,14.985327132158876
COFs,Sequential,44,3.82,14.985327132158876
COFs,Sequential,44,3.88,14.985327132158876
COFs,Sequential,44,3.95,14.985327132158876
COFs,Sequential,44,4.01,14.985327132158876
COFs,Sequential,44,4.08,14.985327132158876
COFs,Sequential,44,4.15,14.985327132158876
COFs,Sequential,44,4.21,14.985327132158876
COFs,Sequential,44,4.28,14.985327132158876
COFs,Sequential,44,4.34,14.985327132158876
COFs,Sequential,44,4.41,14.985327132158876
COFs,Sequential,44,4.47,14.985327132158876
COFs,Sequential,44,5.47,4.516970590908455
COFs,Sequential,44,5.54,4.516970590908455
COFs,Sequential,44,5.6,4.516970590908455
COFs,Sequential,44,5.67,4.516970590908455
COFs,Sequential,44,5.73,4.516970590908455
COFs,Sequential,44,5.8,4.516970590908455
COFs,Sequential,44,5.86,4.516970590908455
COFs,Sequential,44,5.93,4.516970590908455
COFs,Sequential,44,5.99,4.516970590908455
COFs,Sequential,44,6.06,4.516970590908455
COFs,Sequential,44,6.12,4.516970590908455
COFs,Sequential,44,6.19,4.516970590908455
COFs,Sequential,44,6.25,4.516970590908455
COFs,Sequential,44,6.32,4.516970590908455
COFs,Sequential,44,6.38,4.516970590908455
COFs,Sequential,44,6.45,4.516970590908455
COFs,Sequential,44,7.45,4.516970590908455
COFs,Sequential,44,7.51,4.516970590908455
COFs,Sequential,44,7.58,4.516970590908455
COFs,Sequential,44,7.64,4.516970590908455
COFs,Sequential,44,7.71,4.516970590908455
COFs,Sequential,44,7.77,4.516970590908455
COFs,Sequential,44,7.84,4.516970590908455
COFs,Sequential,44,7.9,4.516970590908455
COFs,Sequential,44,7.97,4.516970590908455
COFs,Sequential,44,8.03,4.516970590908455
COFs,Sequential,44,8.1,4.516970590908455
COFs,Sequential,44,8.16,4.516970590908455
COFs,Sequential,44,8.23,4.516970590908455
COFs,Sequential,44,8.29,4.516970590908455
COFs,Sequential,44,8.36,4.516970590908455
COFs,Sequential,44,8.42,4.516970590908455
COFs,Sequential,44,9.42,4.516970590908455
COFs,Sequential,44,9.49,4.516970590908455
COFs,Sequential,44,9.55,4.516970590908455
COFs,Sequential,44,9.62,4.516970590908455
COFs,Sequential,44,9.68,4.516970590908455
COFs,Sequential,44,9.75,4.516970590908455
COFs,Sequential,44,9.81,4.516970590908455
COFs,Sequential,44,9.88,4.516970590908455
COFs,Sequential,44,9.94,4.516970590908455
COFs,Sequential,44,10.01,4.516970590908455
COFs,Sequential,44,10.07,4.516970590908455
COFs,Sequential,44,10.14,4.516970590908455
COFs,Sequential,44,10.2,4.516970590908455
COFs,Sequential,44,10.27,4.516970590908455
COFs,Sequential,44,10.33,4.516970590908455
COFs,Sequential,44,10.4,4.516970590908455
COFs,Sequential,44,11.4,4.516970590908455
COFs,Sequential,44,11.46,4.516970590908455
COFs,Sequential,44,11.53,4.516970590908455
COFs,Sequential,44,11.59,4.516970590908455
COFs,Sequential,44,11.65,4.516970590908455
COFs,Sequential,44,11.72,4.516970590908455
COFs,Sequential,44,11.78,4.516970590908455
COFs,Sequential,44,11.85,4.516970590908455
COFs,Sequential,44,11.91,4.516970590908455
COFs,Sequential,44,11.98,4.516970590908455
COFs,Sequential,44,12.04,4.516970590908455
COFs,Sequential,44,12.11,4.516970590908455
COFs,Sequential,44,12.17,4.516970590908455
COFs,Sequential,44,12.24,4.516970590908455
COFs,Sequential,44,12.3,4.516970590908455
COFs,Sequential,44,12.37,4.516970590908455
COFs,Sequential,44,13.37,3.542139991253217
COFs,Sequential,44,13.43,3.542139991253217
COFs,Sequential,44,13.5,3.542139991253217
COFs,Sequential,44,13.56,3.542139991253217
COFs,Sequential,44,13.63,3.542139991253217
COFs,Sequential,44,13.69,3.542139991253217
COFs,Sequential,44,13.76,3.542139991253217
COFs,Sequential,44,13.82,3.542139991253217
COFs,Sequential,44,13.89,3.542139991253217
COFs,Sequential,44,13.95,3.542139991253217
COFs,Sequential,44,14.02,3.542139991253217
COFs,Sequential,44,14.08,3.542139991253217
COFs,Sequential,44,14.15,3.542139991253217
COFs,Sequential,44,14.21,3.542139991253217
COFs,Sequential,44,14.28,3.542139991253217
COFs,Sequential,44,14.34,3.542139991253217
COFs,Sequential,44,15.34,3.542139991253217
COFs,Sequential,44,15.41,3.542139991253217
COFs,Sequential,44,15.47,3.542139991253217
COFs,Sequential,44,15.54,3.542139991253217
COFs,Sequential,44,15.6,3.542139991253217
COFs,Sequential,44,15.67,3.542139991253217
COFs,Sequential,44,15.73,3.542139991253217
COFs,Sequential,44,15.8,3.542139991253217
COFs,Sequential,44,15.86,3.542139991253217
COFs,Sequential,44,15.93,3.542139991253217
COFs,Sequential,44,15.99,3.542139991253217
COFs,Sequential,44,16.06,3.542139991253217
COFs,Sequential,44,16.12,3.542139991253217
COFs,Sequential,44,16.19,3.542139991253217
COFs,Sequential,44,16.25,3.542139991253217
COFs,Sequential,44,16.32,3.542139991253217
COFs,Sequential,44,17.32,3.542139991253217
COFs,Sequential,44,17.38,3.542139991253217
COFs,Sequential,44,17.45,3.542139991253217
COFs,Sequential,44,17.51,3.542139991253217
COFs,Sequential,44,17.58,3.542139991253217
COFs,Sequential,44,17.64,3.542139991253217
COFs,Sequential,44,17.71,3.542139991253217
COFs,Sequential,44,17.77,3.542139991253217
COFs,Sequential,44,17.84,3.542139991253217
COFs,Sequential,44,17.9,3.542139991253217
COFs,Sequential,44,17.97,3.542139991253217
COFs,Sequential,44,18.04,3.542139991253217
COFs,Sequential,44,18.1,3.542139991253217
COFs,Sequential,44,18.17,3.542139991253217
COFs,Sequential,44,18.23,3.542139991253217
COFs,Sequential,44,18.3,3.542139991253217
COFs,Sequential,44,19.3,3.542139991253217
COFs,Sequential,44,19.36,3.542139991253217
COFs,Sequential,44,19.43,3.542139991253217
COFs,Sequential,44,19.49,3.542139991253217
COFs,Sequential,44,19.56,3.542139991253217
COFs,Sequential,44,19.62,3.542139991253217
COFs,Sequential,44,19.69,3.542139991253217
COFs,Sequential,44,19.75,3.542139991253217
COFs,Sequential,44,19.82,3.542139991253217
COFs,Sequential,44,19.88,3.542139991253217
COFs,Sequential,44,19.95,3.542139991253217
COFs,Sequential,44,20.01,3.542139991253217
COFs,Sequential,44,20.08,3.542139991253217
COFs,Sequential,44,20.14,3.542139991253217
COFs,Sequential,44,20.21,3.542139991253217
COFs,Sequential,44,20.27,3.542139991253217
COFs,Sequential,44,21.27,3.542139991253217
COFs,Sequential,44,21.34,3.542139991253217
COFs,Sequential,44,21.4,3.542139991253217
COFs,Sequential,44,21.47,3.542139991253217
COFs,Sequential,44,21.53,3.542139991253217
COFs,Sequential,44,21.6,3.542139991253217
COFs,Sequential,44,21.66,3.542139991253217
COFs,Sequential,44,21.73,3.542139991253217
COFs,Sequential,44,21.79,3.542139991253217
COFs,Sequential,44,21.86,3.542139991253217
COFs,Sequential,44,21.92,3.542139991253217
COFs,Sequential,44,21.99,3.542139991253217
COFs,Sequential,44,22.05,3.542139991253217
COFs,Sequential,44,22.12,3.542139991253217
COFs,Sequential,44,22.18,3.542139991253217
COFs,Sequential,44,22.25,3.542139991253217
COFs,Sequential,44,23.25,3.542139991253217
COFs,Sequential,44,23.31,3.542139991253217
COFs,Sequential,44,23.38,3.542139991253217
COFs,Sequential,44,23.44,3.542139991253217
COFs,Sequential,44,23.51,3.542139991253217
COFs,Sequential,44,23.57,3.542139991253217
COFs,Sequential,44,23.64,3.542139991253217
COFs,Sequential,44,23.7,3.542139991253217
COFs,Sequential,44,23.77,3.542139991253217
COFs,Sequential,44,23.83,3.542139991253217
COFs,Sequential,44,23.9,3.542139991253217
COFs,Sequential,44,23.96,3.542139991253217
COFs,Sequential,44,24.03,3.542139991253217
COFs,Sequential,44,24.09,3.542139991253217
COFs,Sequential,44,24.16,3.542139991253217
COFs,Sequential,44,24.22,3.542139991253217
COFs,Sequential,44,25.22,0.0
COFs,Sequential,44,25.29,0.0
COFs,Sequential,44,25.35,0.0
COFs,Sequential,44,25.42,0.0
COFs,Sequential,44,25.48,0.0
COFs,Sequential,44,25.55,0.0
COFs,Sequential,44,25.61,0.0
COFs,Sequential,44,25.68,0.0
COFs,Sequential,44,25.74,0.0
COFs,Sequential,44,25.81,0.0
COFs,Sequential,44,25.87,0.0
COFs,Sequential,44,25.94,0.0
COFs,Sequential,44,26.0,0.0
COFs,Sequential,44,26.07,0.0
COFs,Sequential,44,26.13,0.0
COFs,Sequential,44,26.2,0.0
COFs,Sequential,44,27.2,0.0
COFs,Sequential,44,27.26,0.0
COFs,Sequential,44,27.33,0.0
COFs,Sequential,44,27.39,0.0
COFs,Sequential,44,27.46,0.0
COFs,Sequential,44,27.52,0.0
COFs,Sequential,44,27.59,0.0
COFs,Sequential,44,27.65,0.0
COFs,Sequential,44,27.72,0.0
COFs,Sequential,44,27.78,0.0
COFs,Sequential,44,27.85,0.0
COFs,Sequential,44,27.91,0.0
COFs,Sequential,44,27.98,0.0
COFs,Sequential,44,28.04,0.0
COFs,Sequential,44,28.11,0.0
COFs,Sequential,44,28.17,0.0
COFs,Sequential,44,29.17,0.0
COFs,Sequential,44,29.24,0.0
COFs,Sequential,44,29.3,0.0
COFs,Sequential,44,29.37,0.0
COFs,Sequential,44,29.43,0.0
COFs,Sequential,44,29.5,0.0
COFs,Sequential,44,29.56,0.0
COFs,Sequential,44,29.63,0.0
COFs,Sequential,44,29.69,0.0
COFs,Sequential,44,29.76,0.0
COFs,Sequential,44,29.82,0.0
COFs,Sequential,44,29.89,0.0
COFs,Sequential,44,29.95,0.0
COFs,Sequential,45,3.5,2.768421691579954
COFs,Sequential,45,3.56,2.768421691579954
COFs,Sequential,45,3.62,2.768421691579954
COFs,Sequential,45,3.69,2.768421691579954
COFs,Sequential,45,3.75,2.768421691579954
COFs,Sequential,45,3.82,2.768421691579954
COFs,Sequential,45,3.88,2.768421691579954
COFs,Sequential,45,3.95,2.768421691579954
COFs,Sequential,45,4.01,2.768421691579954
COFs,Sequential,45,4.08,2.768421691579954
COFs,Sequential,45,4.15,2.768421691579954
COFs,Sequential,45,4.21,2.768421691579954
COFs,Sequential,45,4.28,2.768421691579954
COFs,Sequential,45,4.34,2.768421691579954
COFs,Sequential,45,4.41,2.768421691579954
COFs,Sequential,45,4.47,2.768421691579954
COFs,Sequential,45,5.47,2.768421691579954
COFs,Sequential,45,5.54,2.768421691579954
COFs,Sequential,45,5.6,2.768421691579954
COFs,Sequential,45,5.67,2.768421691579954
COFs,Sequential,45,5.73,2.768421691579954
COFs,Sequential,45,5.8,2.768421691579954
COFs,Sequential,45,5.86,2.768421691579954
COFs,Sequential,45,5.93,2.768421691579954
COFs,Sequential,45,5.99,2.768421691579954
COFs,Sequential,45,6.06,2.768421691579954
COFs,Sequential,45,6.12,2.768421691579954
COFs,Sequential,45,6.19,2.768421691579954
COFs,Sequential,45,6.25,2.768421691579954
COFs,Sequential,45,6.32,2.768421691579954
COFs,Sequential,45,6.38,2.768421691579954
COFs,Sequential,45,6.45,2.768421691579954
COFs,Sequential,45,7.45,2.768421691579954
COFs,Sequential,45,7.51,2.768421691579954
COFs,Sequential,45,7.58,2.768421691579954
COFs,Sequential,45,7.64,2.768421691579954
COFs,Sequential,45,7.71,2.768421691579954
COFs,Sequential,45,7.77,2.768421691579954
COFs,Sequential,45,7.84,2.768421691579954
COFs,Sequential,45,7.9,2.768421691579954
COFs,Sequential,45,7.97,2.768421691579954
COFs,Sequential,45,8.03,2.768421691579954
COFs,Sequential,45,8.1,2.768421691579954
COFs,Sequential,45,8.16,2.768421691579954
COFs,Sequential,45,8.23,2.768421691579954
COFs,Sequential,45,8.29,2.768421691579954
COFs,Sequential,45,8.36,2.768421691579954
COFs,Sequential,45,8.42,2.768421691579954
COFs,Sequential,45,9.42,2.768421691579954
COFs,Sequential,45,9.49,2.768421691579954
COFs,Sequential,45,9.55,2.768421691579954
COFs,Sequential,45,9.62,2.768421691579954
COFs,Sequential,45,9.68,2.768421691579954
COFs,Sequential,45,9.75,2.768421691579954
COFs,Sequential,45,9.81,2.768421691579954
COFs,Sequential,45,9.88,2.768421691579954
COFs,Sequential,45,9.94,2.768421691579954
COFs,Sequential,45,10.01,2.768421691579954
COFs,Sequential,45,10.07,2.768421691579954
COFs,Sequential,45,10.14,2.768421691579954
COFs,Sequential,45,10.2,2.768421691579954
COFs,Sequential,45,10.27,2.768421691579954
COFs,Sequential,45,10.33,2.768421691579954
COFs,Sequential,45,10.4,2.768421691579954
COFs,Sequential,45,11.4,2.768421691579954
COFs,Sequential,45,11.46,2.768421691579954
COFs,Sequential,45,11.53,2.768421691579954
COFs,Sequential,45,11.59,2.768421691579954
COFs,Sequential,45,11.65,2.768421691579954
COFs,Sequential,45,11.72,2.768421691579954
COFs,Sequential,45,11.78,2.768421691579954
COFs,Sequential,45,11.85,2.768421691579954
COFs,Sequential,45,11.91,2.768421691579954
COFs,Sequential,45,11.98,2.768421691579954
COFs,Sequential,45,12.04,2.768421691579954
COFs,Sequential,45,12.11,2.768421691579954
COFs,Sequential,45,12.17,2.768421691579954
COFs,Sequential,45,12.24,2.768421691579954
COFs,Sequential,45,12.3,2.768421691579954
COFs,Sequential,45,12.37,2.768421691579954
COFs,Sequential,45,13.37,2.768421691579954
COFs,Sequential,45,13.43,2.768421691579954
COFs,Sequential,45,13.5,2.768421691579954
COFs,Sequential,45,13.56,2.768421691579954
COFs,Sequential,45,13.63,2.768421691579954
COFs,Sequential,45,13.69,2.768421691579954
COFs,Sequential,45,13.76,2.768421691579954
COFs,Sequential,45,13.82,2.768421691579954
COFs,Sequential,45,13.89,2.768421691579954
COFs,Sequential,45,13.95,2.768421691579954
COFs,Sequential,45,14.02,2.768421691579954
COFs,Sequential,45,14.08,2.768421691579954
COFs,Sequential,45,14.15,2.768421691579954
COFs,Sequential,45,14.21,2.768421691579954
COFs,Sequential,45,14.28,2.768421691579954
COFs,Sequential,45,14.34,2.768421691579954
COFs,Sequential,45,15.34,2.768421691579954
COFs,Sequential,45,15.41,2.768421691579954
COFs,Sequential,45,15.47,2.768421691579954
COFs,Sequential,45,15.54,2.768421691579954
COFs,Sequential,45,15.6,2.768421691579954
COFs,Sequential,45,15.67,2.768421691579954
COFs,Sequential,45,15.73,2.768421691579954
COFs,Sequential,45,15.8,2.768421691579954
COFs,Sequential,45,15.86,2.768421691579954
COFs,Sequential,45,15.93,2.768421691579954
COFs,Sequential,45,15.99,2.768421691579954
COFs,Sequential,45,16.06,2.768421691579954
COFs,Sequential,45,16.12,2.768421691579954
COFs,Sequential,45,16.19,2.768421691579954
COFs,Sequential,45,16.25,2.768421691579954
COFs,Sequential,45,16.32,2.768421691579954
COFs,Sequential,45,17.32,2.768421691579954
COFs,Sequential,45,17.38,2.768421691579954
COFs,Sequential,45,17.45,2.768421691579954
COFs,Sequential,45,17.51,2.768421691579954
COFs,Sequential,45,17.58,2.768421691579954
COFs,Sequential,45,17.64,2.768421691579954
COFs,Sequential,45,17.71,2.768421691579954
COFs,Sequential,45,17.77,2.768421691579954
COFs,Sequential,45,17.84,2.768421691579954
COFs,Sequential,45,17.9,2.768421691579954
COFs,Sequential,45,17.97,2.768421691579954
COFs,Sequential,45,18.04,2.768421691579954
COFs,Sequential,45,18.1,2.768421691579954
COFs,Sequential,45,18.17,2.768421691579954
COFs,Sequential,45,18.23,2.768421691579954
COFs,Sequential,45,18.3,2.768421691579954
COFs,Sequential,45,19.3,2.768421691579954
COFs,Sequential,45,19.36,2.768421691579954
COFs,Sequential,45,19.43,2.768421691579954
COFs,Sequential,45,19.49,2.768421691579954
COFs,Sequential,45,19.56,2.768421691579954
COFs,Sequential,45,19.62,2.768421691579954
COFs,Sequential,45,19.69,2.768421691579954
COFs,Sequential,45,19.75,2.768421691579954
COFs,Sequential,45,19.82,2.768421691579954
COFs,Sequential,45,19.88,2.768421691579954
COFs,Sequential,45,19.95,2.768421691579954
COFs,Sequential,45,20.01,2.768421691579954
COFs,Sequential,45,20.08,2.768421691579954
COFs,Sequential,45,20.14,2.768421691579954
COFs,Sequential,45,20.21,2.768421691579954
COFs,Sequential,45,20.27,2.768421691579954
COFs,Sequential,45,21.27,2.768421691579954
COFs,Sequential,45,21.34,2.768421691579954
COFs,Sequential,45,21.4,2.768421691579954
COFs,Sequential,45,21.47,2.768421691579954
COFs,Sequential,45,21.53,2.768421691579954
COFs,Sequential,45,21.6,2.768421691579954
COFs,Sequential,45,21.66,2.768421691579954
COFs,Sequential,45,21.73,2.768421691579954
COFs,Sequential,45,21.79,2.768421691579954
COFs,Sequential,45,21.86,2.768421691579954
COFs,Sequential,45,21.92,2.768421691579954
COFs,Sequential,45,21.99,2.768421691579954
COFs,Sequential,45,22.05,2.768421691579954
COFs,Sequential,45,22.12,2.768421691579954
COFs,Sequential,45,22.18,2.768421691579954
COFs,Sequential,45,22.25,2.768421691579954
COFs,Sequential,45,23.25,1.6834527522225677
COFs,Sequential,45,23.31,1.6834527522225677
COFs,Sequential,45,23.38,1.6834527522225677
COFs,Sequential,45,23.44,1.6834527522225677
COFs,Sequential,45,23.51,1.6834527522225677
COFs,Sequential,45,23.57,1.6834527522225677
COFs,Sequential,45,23.64,1.6834527522225677
COFs,Sequential,45,23.7,1.6834527522225677
COFs,Sequential,45,23.77,1.6834527522225677
COFs,Sequential,45,23.83,1.6834527522225677
COFs,Sequential,45,23.9,1.6834527522225677
COFs,Sequential,45,23.96,1.6834527522225677
COFs,Sequential,45,24.03,1.6834527522225677
COFs,Sequential,45,24.09,1.6834527522225677
COFs,Sequential,45,24.16,1.6834527522225677
COFs,Sequential,45,24.22,1.6834527522225677
COFs,Sequential,45,25.22,1.6834527522225677
COFs,Sequential,45,25.29,1.6834527522225677
COFs,Sequential,45,25.35,1.6834527522225677
COFs,Sequential,45,25.42,1.6834527522225677
COFs,Sequential,45,25.48,1.6834527522225677
COFs,Sequential,45,25.55,1.6834527522225677
COFs,Sequential,45,25.61,1.6834527522225677
COFs,Sequential,45,25.68,1.6834527522225677
COFs,Sequential,45,25.74,1.6834527522225677
COFs,Sequential,45,25.81,1.6834527522225677
COFs,Sequential,45,25.87,1.6834527522225677
COFs,Sequential,45,25.94,1.6834527522225677
COFs,Sequential,45,26.0,1.6834527522225677
COFs,Sequential,45,26.07,1.6834527522225677
COFs,Sequential,45,26.13,1.6834527522225677
COFs,Sequential,45,26.2,1.6834527522225677
COFs,Sequential,45,27.2,1.6834527522225677
COFs,Sequential,45,27.26,1.6834527522225677
COFs,Sequential,45,27.33,1.6834527522225677
COFs,Sequential,45,27.39,1.6834527522225677
COFs,Sequential,45,27.46,1.6834527522225677
COFs,Sequential,45,27.52,1.6834527522225677
COFs,Sequential,45,27.59,1.6834527522225677
COFs,Sequential,45,27.65,1.6834527522225677
COFs,Sequential,45,27.72,1.6834527522225677
COFs,Sequential,45,27.78,1.6834527522225677
COFs,Sequential,45,27.85,1.6834527522225677
COFs,Sequential,45,27.91,1.6834527522225677
COFs,Sequential,45,27.98,1.6834527522225677
COFs,Sequential,45,28.04,1.6834527522225677
COFs,Sequential,45,28.11,1.6834527522225677
COFs,Sequential,45,28.17,1.6834527522225677
COFs,Sequential,45,29.17,1.6834527522225677
COFs,Sequential,45,29.24,1.6834527522225677
COFs,Sequential,45,29.3,1.6834527522225677
COFs,Sequential,45,29.37,1.6834527522225677
COFs,Sequential,45,29.43,1.6834527522225677
COFs,Sequential,45,29.5,1.6834527522225677
COFs,Sequential,45,29.56,1.6834527522225677
COFs,Sequential,45,29.63,1.6834527522225677
COFs,Sequential,45,29.69,1.6834527522225677
COFs,Sequential,45,29.76,1.6834527522225677
COFs,Sequential,45,29.82,1.6834527522225677
COFs,Sequential,45,29.89,1.6834527522225677
COFs,Sequential,45,29.95,1.6834527522225677
COFs,Sequential,46,3.5,2.768421691579954
COFs,Sequential,46,3.56,2.768421691579954
COFs,Sequential,46,3.62,2.768421691579954
COFs,Sequential,46,3.69,2.768421691579954
COFs,Sequential,46,3.75,2.768421691579954
COFs,Sequential,46,3.82,2.768421691579954
COFs,Sequential,46,3.88,2.768421691579954
COFs,Sequential,46,3.95,2.768421691579954
COFs,Sequential,46,4.01,2.768421691579954
COFs,Sequential,46,4.08,2.768421691579954
COFs,Sequential,46,4.15,2.768421691579954
COFs,Sequential,46,4.21,2.768421691579954
COFs,Sequential,46,4.28,2.768421691579954
COFs,Sequential,46,4.34,2.768421691579954
COFs,Sequential,46,4.41,2.768421691579954
COFs,Sequential,46,4.47,2.768421691579954
COFs,Sequential,46,5.47,2.768421691579954
COFs,Sequential,46,5.54,2.768421691579954
COFs,Sequential,46,5.6,2.768421691579954
COFs,Sequential,46,5.67,2.768421691579954
COFs,Sequential,46,5.73,2.768421691579954
COFs,Sequential,46,5.8,2.768421691579954
COFs,Sequential,46,5.86,2.768421691579954
COFs,Sequential,46,5.93,2.768421691579954
COFs,Sequential,46,5.99,2.768421691579954
COFs,Sequential,46,6.06,2.768421691579954
COFs,Sequential,46,6.12,2.768421691579954
COFs,Sequential,46,6.19,2.768421691579954
COFs,Sequential,46,6.25,2.768421691579954
COFs,Sequential,46,6.32,2.768421691579954
COFs,Sequential,46,6.38,2.768421691579954
COFs,Sequential,46,6.45,2.768421691579954
COFs,Sequential,46,7.45,2.768421691579954
COFs,Sequential,46,7.51,2.768421691579954
COFs,Sequential,46,7.58,2.768421691579954
COFs,Sequential,46,7.64,2.768421691579954
COFs,Sequential,46,7.71,2.768421691579954
COFs,Sequential,46,7.77,2.768421691579954
COFs,Sequential,46,7.84,2.768421691579954
COFs,Sequential,46,7.9,2.768421691579954
COFs,Sequential,46,7.97,2.768421691579954
COFs,Sequential,46,8.03,2.768421691579954
COFs,Sequential,46,8.1,2.768421691579954
COFs,Sequential,46,8.16,2.768421691579954
COFs,Sequential,46,8.23,2.768421691579954
COFs,Sequential,46,8.29,2.768421691579954
COFs,Sequential,46,8.36,2.768421691579954
COFs,Sequential,46,8.42,2.768421691579954
COFs,Sequential,46,9.42,2.768421691579954
COFs,Sequential,46,9.49,2.768421691579954
COFs,Sequential,46,9.55,2.768421691579954
COFs,Sequential,46,9.62,2.768421691579954
COFs,Sequential,46,9.68,2.768421691579954
COFs,Sequential,46,9.75,2.768421691579954
COFs,Sequential,46,9.81,2.768421691579954
COFs,Sequential,46,9.88,2.768421691579954
COFs,Sequential,46,9.94,2.768421691579954
COFs,Sequential,46,10.01,2.768421691579954
COFs,Sequential,46,10.07,2.768421691579954
COFs,Sequential,46,10.14,2.768421691579954
COFs,Sequential,46,10.2,2.768421691579954
COFs,Sequential,46,10.27,2.768421691579954
COFs,Sequential,46,10.33,2.768421691579954
COFs,Sequential,46,10.4,2.768421691579954
COFs,Sequential,46,11.4,1.6834527522225677
COFs,Sequential,46,11.46,1.6834527522225677
COFs,Sequential,46,11.53,1.6834527522225677
COFs,Sequential,46,11.59,1.6834527522225677
COFs,Sequential,46,11.65,1.6834527522225677
COFs,Sequential,46,11.72,1.6834527522225677
COFs,Sequential,46,11.78,1.6834527522225677
COFs,Sequential,46,11.85,1.6834527522225677
COFs,Sequential,46,11.91,1.6834527522225677
COFs,Sequential,46,11.98,1.6834527522225677
COFs,Sequential,46,12.04,1.6834527522225677
COFs,Sequential,46,12.11,1.6834527522225677
COFs,Sequential,46,12.17,1.6834527522225677
COFs,Sequential,46,12.24,1.6834527522225677
COFs,Sequential,46,12.3,1.6834527522225677
COFs,Sequential,46,12.37,1.6834527522225677
COFs,Sequential,46,13.37,1.6834527522225677
COFs,Sequential,46,13.43,1.6834527522225677
COFs,Sequential,46,13.5,1.6834527522225677
COFs,Sequential,46,13.56,1.6834527522225677
COFs,Sequential,46,13.63,1.6834527522225677
COFs,Sequential,46,13.69,1.6834527522225677
COFs,Sequential,46,13.76,1.6834527522225677
COFs,Sequential,46,13.82,1.6834527522225677
COFs,Sequential,46,13.89,1.6834527522225677
COFs,Sequential,46,13.95,1.6834527522225677
COFs,Sequential,46,14.02,1.6834527522225677
COFs,Sequential,46,14.08,1.6834527522225677
COFs,Sequential,46,14.15,1.6834527522225677
COFs,Sequential,46,14.21,1.6834527522225677
COFs,Sequential,46,14.28,1.6834527522225677
COFs,Sequential,46,14.34,1.6834527522225677
COFs,Sequential,46,15.34,1.6834527522225677
COFs,Sequential,46,15.41,1.6834527522225677
COFs,Sequential,46,15.47,1.6834527522225677
COFs,Sequential,46,15.54,1.6834527522225677
COFs,Sequential,46,15.6,1.6834527522225677
COFs,Sequential,46,15.67,1.6834527522225677
COFs,Sequential,46,15.73,1.6834527522225677
COFs,Sequential,46,15.8,1.6834527522225677
COFs,Sequential,46,15.86,1.6834527522225677
COFs,Sequential,46,15.93,1.6834527522225677
COFs,Sequential,46,15.99,1.6834527522225677
COFs,Sequential,46,16.06,1.6834527522225677
COFs,Sequential,46,16.12,1.6834527522225677
COFs,Sequential,46,16.19,1.6834527522225677
COFs,Sequential,46,16.25,1.6834527522225677
COFs,Sequential,46,16.32,1.6834527522225677
COFs,Sequential,46,17.32,1.6834527522225677
COFs,Sequential,46,17.38,1.6834527522225677
COFs,Sequential,46,17.45,1.6834527522225677
COFs,Sequential,46,17.51,1.6834527522225677
COFs,Sequential,46,17.58,1.6834527522225677
COFs,Sequential,46,17.64,1.6834527522225677
COFs,Sequential,46,17.71,1.6834527522225677
COFs,Sequential,46,17.77,1.6834527522225677
COFs,Sequential,46,17.84,1.6834527522225677
COFs,Sequential,46,17.9,1.6834527522225677
COFs,Sequential,46,17.97,1.6834527522225677
COFs,Sequential,46,18.04,1.6834527522225677
COFs,Sequential,46,18.1,1.6834527522225677
COFs,Sequential,46,18.17,1.6834527522225677
COFs,Sequential,46,18.23,1.6834527522225677
COFs,Sequential,46,18.3,1.6834527522225677
COFs,Sequential,46,19.3,1.6834527522225677
COFs,Sequential,46,19.36,1.6834527522225677
COFs,Sequential,46,19.43,1.6834527522225677
COFs,Sequential,46,19.49,1.6834527522225677
COFs,Sequential,46,19.56,1.6834527522225677
COFs,Sequential,46,19.62,1.6834527522225677
COFs,Sequential,46,19.69,1.6834527522225677
COFs,Sequential,46,19.75,1.6834527522225677
COFs,Sequential,46,19.82,1.6834527522225677
COFs,Sequential,46,19.88,1.6834527522225677
COFs,Sequential,46,19.95,1.6834527522225677
COFs,Sequential,46,20.01,1.6834527522225677
COFs,Sequential,46,20.08,1.6834527522225677
COFs,Sequential,46,20.14,1.6834527522225677
COFs,Sequential,46,20.21,1.6834527522225677
COFs,Sequential,46,20.27,1.6834527522225677
COFs,Sequential,46,21.27,1.6834527522225677
COFs,Sequential,46,21.34,1.6834527522225677
COFs,Sequential,46,21.4,1.6834527522225677
COFs,Sequential,46,21.47,1.6834527522225677
COFs,Sequential,46,21.53,1.6834527522225677
COFs,Sequential,46,21.6,1.6834527522225677
COFs,Sequential,46,21.66,1.6834527522225677
COFs,Sequential,46,21.73,1.6834527522225677
COFs,Sequential,46,21.79,1.6834527522225677
COFs,Sequential,46,21.86,1.6834527522225677
COFs,Sequential,46,21.92,1.6834527522225677
COFs,Sequential,46,21.99,1.6834527522225677
COFs,Sequential,46,22.05,1.6834527522225677
COFs,Sequential,46,22.12,1.6834527522225677
COFs,Sequential,46,22.18,1.6834527522225677
COFs,Sequential,46,22.25,1.6834527522225677
COFs,Sequential,46,23.25,0.0
COFs,Sequential,46,23.31,0.0
COFs,Sequential,46,23.38,0.0
COFs,Sequential,46,23.44,0.0
COFs,Sequential,46,23.51,0.0
COFs,Sequential,46,23.57,0.0
COFs,Sequential,46,23.64,0.0
COFs,Sequential,46,23.7,0.0
COFs,Sequential,46,23.77,0.0
COFs,Sequential,46,23.83,0.0
COFs,Sequential,46,23.9,0.0
COFs,Sequential,46,23.96,0.0
COFs,Sequential,46,24.03,0.0
COFs,Sequential,46,24.09,0.0
COFs,Sequential,46,24.16,0.0
COFs,Sequential,46,24.22,0.0
COFs,Sequential,46,25.22,0.0
COFs,Sequential,46,25.29,0.0
COFs,Sequential,46,25.35,0.0
COFs,Sequential,46,25.42,0.0
COFs,Sequential,46,25.48,0.0
COFs,Sequential,46,25.55,0.0
COFs,Sequential,46,25.61,0.0
COFs,Sequential,46,25.68,0.0
COFs,Sequential,46,25.74,0.0
COFs,Sequential,46,25.81,0.0
COFs,Sequential,46,25.87,0.0
COFs,Sequential,46,25.94,0.0
COFs,Sequential,46,26.0,0.0
COFs,Sequential,46,26.07,0.0
COFs,Sequential,46,26.13,0.0
COFs,Sequential,46,26.2,0.0
COFs,Sequential,46,27.2,0.0
COFs,Sequential,46,27.26,0.0
COFs,Sequential,46,27.33,0.0
COFs,Sequential,46,27.39,0.0
COFs,Sequential,46,27.46,0.0
COFs,Sequential,46,27.52,0.0
COFs,Sequential,46,27.59,0.0
COFs,Sequential,46,27.65,0.0
COFs,Sequential,46,27.72,0.0
COFs,Sequential,46,27.78,0.0
COFs,Sequential,46,27.85,0.0
COFs,Sequential,46,27.91,0.0
COFs,Sequential,46,27.98,0.0
COFs,Sequential,46,28.04,0.0
COFs,Sequential,46,28.11,0.0
COFs,Sequential,46,28.17,0.0
COFs,Sequential,46,29.17,0.0
COFs,Sequential,46,29.24,0.0
COFs,Sequential,46,29.3,0.0
COFs,Sequential,46,29.37,0.0
COFs,Sequential,46,29.43,0.0
COFs,Sequential,46,29.5,0.0
COFs,Sequential,46,29.56,0.0
COFs,Sequential,46,29.63,0.0
COFs,Sequential,46,29.69,0.0
COFs,Sequential,46,29.76,0.0
COFs,Sequential,46,29.82,0.0
COFs,Sequential,46,29.89,0.0
COFs,Sequential,46,29.95,0.0
COFs,Sequential,47,3.5,12.286313844166017
COFs,Sequential,47,3.56,12.286313844166017
COFs,Sequential,47,3.62,12.286313844166017
COFs,Sequential,47,3.69,12.286313844166017
COFs,Sequential,47,3.75,12.286313844166017
COFs,Sequential,47,3.82,12.286313844166017
COFs,Sequential,47,3.88,12.286313844166017
COFs,Sequential,47,3.95,12.286313844166017
COFs,Sequential,47,4.01,12.286313844166017
COFs,Sequential,47,4.08,12.286313844166017
COFs,Sequential,47,4.15,12.286313844166017
COFs,Sequential,47,4.21,12.286313844166017
COFs,Sequential,47,4.28,12.286313844166017
COFs,Sequential,47,4.34,12.286313844166017
COFs,Sequential,47,4.41,12.286313844166017
COFs,Sequential,47,4.47,12.286313844166017
COFs,Sequential,47,5.47,4.516970590908455
COFs,Sequential,47,5.54,4.516970590908455
COFs,Sequential,47,5.6,4.516970590908455
COFs,Sequential,47,5.67,4.516970590908455
COFs,Sequential,47,5.73,4.516970590908455
COFs,Sequential,47,5.8,4.516970590908455
COFs,Sequential,47,5.86,4.516970590908455
COFs,Sequential,47,5.93,4.516970590908455
COFs,Sequential,47,5.99,4.516970590908455
COFs,Sequential,47,6.06,4.516970590908455
COFs,Sequential,47,6.12,4.516970590908455
COFs,Sequential,47,6.19,4.516970590908455
COFs,Sequential,47,6.25,4.516970590908455
COFs,Sequential,47,6.32,4.516970590908455
COFs,Sequential,47,6.38,4.516970590908455
COFs,Sequential,47,6.45,4.516970590908455
COFs,Sequential,47,7.45,4.516970590908455
COFs,Sequential,47,7.51,4.516970590908455
COFs,Sequential,47,7.58,4.516970590908455
COFs,Sequential,47,7.64,4.516970590908455
COFs,Sequential,47,7.71,4.516970590908455
COFs,Sequential,47,7.77,4.516970590908455
COFs,Sequential,47,7.84,4.516970590908455
COFs,Sequential,47,7.9,4.516970590908455
COFs,Sequential,47,7.97,4.516970590908455
COFs,Sequential,47,8.03,4.516970590908455
COFs,Sequential,47,8.1,4.516970590908455
COFs,Sequential,47,8.16,4.516970590908455
COFs,Sequential,47,8.23,4.516970590908455
COFs,Sequential,47,8.29,4.516970590908455
COFs,Sequential,47,8.36,4.516970590908455
COFs,Sequential,47,8.42,4.516970590908455
COFs,Sequential,47,9.42,4.516970590908455
COFs,Sequential,47,9.49,4.516970590908455
COFs,Sequential,47,9.55,4.516970590908455
COFs,Sequential,47,9.62,4.516970590908455
COFs,Sequential,47,9.68,4.516970590908455
COFs,Sequential,47,9.75,4.516970590908455
COFs,Sequential,47,9.81,4.516970590908455
COFs,Sequential,47,9.88,4.516970590908455
COFs,Sequential,47,9.94,4.516970590908455
COFs,Sequential,47,10.01,4.516970590908455
COFs,Sequential,47,10.07,4.516970590908455
COFs,Sequential,47,10.14,4.516970590908455
COFs,Sequential,47,10.2,4.516970590908455
COFs,Sequential,47,10.27,4.516970590908455
COFs,Sequential,47,10.33,4.516970590908455
COFs,Sequential,47,10.4,4.516970590908455
COFs,Sequential,47,11.4,4.516970590908455
COFs,Sequential,47,11.46,4.516970590908455
COFs,Sequential,47,11.53,4.516970590908455
COFs,Sequential,47,11.59,4.516970590908455
COFs,Sequential,47,11.65,4.516970590908455
COFs,Sequential,47,11.72,4.516970590908455
COFs,Sequential,47,11.78,4.516970590908455
COFs,Sequential,47,11.85,4.516970590908455
COFs,Sequential,47,11.91,4.516970590908455
COFs,Sequential,47,11.98,4.516970590908455
COFs,Sequential,47,12.04,4.516970590908455
COFs,Sequential,47,12.11,4.516970590908455
COFs,Sequential,47,12.17,4.516970590908455
COFs,Sequential,47,12.24,4.516970590908455
COFs,Sequential,47,12.3,4.516970590908455
COFs,Sequential,47,12.37,4.516970590908455
COFs,Sequential,47,13.37,1.6834527522225677
COFs,Sequential,47,13.43,1.6834527522225677
COFs,Sequential,47,13.5,1.6834527522225677
COFs,Sequential,47,13.56,1.6834527522225677
COFs,Sequential,47,13.63,1.6834527522225677
COFs,Sequential,47,13.69,1.6834527522225677
COFs,Sequential,47,13.76,1.6834527522225677
COFs,Sequential,47,13.82,1.6834527522225677
COFs,Sequential,47,13.89,1.6834527522225677
COFs,Sequential,47,13.95,1.6834527522225677
COFs,Sequential,47,14.02,1.6834527522225677
COFs,Sequential,47,14.08,1.6834527522225677
COFs,Sequential,47,14.15,1.6834527522225677
COFs,Sequential,47,14.21,1.6834527522225677
COFs,Sequential,47,14.28,1.6834527522225677
COFs,Sequential,47,14.34,1.6834527522225677
COFs,Sequential,47,15.34,1.6834527522225677
COFs,Sequential,47,15.41,1.6834527522225677
COFs,Sequential,47,15.47,1.6834527522225677
COFs,Sequential,47,15.54,1.6834527522225677
COFs,Sequential,47,15.6,1.6834527522225677
COFs,Sequential,47,15.67,1.6834527522225677
COFs,Sequential,47,15.73,1.6834527522225677
COFs,Sequential,47,15.8,1.6834527522225677
COFs,Sequential,47,15.86,1.6834527522225677
COFs,Sequential,47,15.93,1.6834527522225677
COFs,Sequential,47,15.99,1.6834527522225677
COFs,Sequential,47,16.06,1.6834527522225677
COFs,Sequential,47,16.12,1.6834527522225677
COFs,Sequential,47,16.19,1.6834527522225677
COFs,Sequential,47,16.25,1.6834527522225677
COFs,Sequential,47,16.32,1.6834527522225677
COFs,Sequential,47,17.32,1.6834527522225677
COFs,Sequential,47,17.38,1.6834527522225677
COFs,Sequential,47,17.45,1.6834527522225677
COFs,Sequential,47,17.51,1.6834527522225677
COFs,Sequential,47,17.58,1.6834527522225677
COFs,Sequential,47,17.64,1.6834527522225677
COFs,Sequential,47,17.71,1.6834527522225677
COFs,Sequential,47,17.77,1.6834527522225677
COFs,Sequential,47,17.84,1.6834527522225677
COFs,Sequential,47,17.9,1.6834527522225677
COFs,Sequential,47,17.97,1.6834527522225677
COFs,Sequential,47,18.04,1.6834527522225677
COFs,Sequential,47,18.1,1.6834527522225677
COFs,Sequential,47,18.17,1.6834527522225677
COFs,Sequential,47,18.23,1.6834527522225677
COFs,Sequential,47,18.3,1.6834527522225677
COFs,Sequential,47,19.3,0.0
COFs,Sequential,47,19.36,0.0
COFs,Sequential,47,19.43,0.0
COFs,Sequential,47,19.49,0.0
COFs,Sequential,47,19.56,0.0
COFs,Sequential,47,19.62,0.0
COFs,Sequential,47,19.69,0.0
COFs,Sequential,47,19.75,0.0
COFs,Sequential,47,19.82,0.0
COFs,Sequential,47,19.88,0.0
COFs,Sequential,47,19.95,0.0
COFs,Sequential,47,20.01,0.0
COFs,Sequential,47,20.08,0.0
COFs,Sequential,47,20.14,0.0
COFs,Sequential,47,20.21,0.0
COFs,Sequential,47,20.27,0.0
COFs,Sequential,47,21.27,0.0
COFs,Sequential,47,21.34,0.0
COFs,Sequential,47,21.4,0.0
COFs,Sequential,47,21.47,0.0
COFs,Sequential,47,21.53,0.0
COFs,Sequential,47,21.6,0.0
COFs,Sequential,47,21.66,0.0
COFs,Sequential,47,21.73,0.0
COFs,Sequential,47,21.79,0.0
COFs,Sequential,47,21.86,0.0
COFs,Sequential,47,21.92,0.0
COFs,Sequential,47,21.99,0.0
COFs,Sequential,47,22.05,0.0
COFs,Sequential,47,22.12,0.0
COFs,Sequential,47,22.18,0.0
COFs,Sequential,47,22.25,0.0
COFs,Sequential,47,23.25,0.0
COFs,Sequential,47,23.31,0.0
COFs,Sequential,47,23.38,0.0
COFs,Sequential,47,23.44,0.0
COFs,Sequential,47,23.51,0.0
COFs,Sequential,47,23.57,0.0
COFs,Sequential,47,23.64,0.0
COFs,Sequential,47,23.7,0.0
COFs,Sequential,47,23.77,0.0
COFs,Sequential,47,23.83,0.0
COFs,Sequential,47,23.9,0.0
COFs,Sequential,47,23.96,0.0
COFs,Sequential,47,24.03,0.0
COFs,Sequential,47,24.09,0.0
COFs,Sequential,47,24.16,0.0
COFs,Sequential,47,24.22,0.0
COFs,Sequential,47,25.22,0.0
COFs,Sequential,47,25.29,0.0
COFs,Sequential,47,25.35,0.0
COFs,Sequential,47,25.42,0.0
COFs,Sequential,47,25.48,0.0
COFs,Sequential,47,25.55,0.0
COFs,Sequential,47,25.61,0.0
COFs,Sequential,47,25.68,0.0
COFs,Sequential,47,25.74,0.0
COFs,Sequential,47,25.81,0.0
COFs,Sequential,47,25.87,0.0
COFs,Sequential,47,25.94,0.0
COFs,Sequential,47,26.0,0.0
COFs,Sequential,47,26.07,0.0
COFs,Sequential,47,26.13,0.0
COFs,Sequential,47,26.2,0.0
COFs,Sequential,47,27.2,0.0
COFs,Sequential,47,27.26,0.0
COFs,Sequential,47,27.33,0.0
COFs,Sequential,47,27.39,0.0
COFs,Sequential,47,27.46,0.0
COFs,Sequential,47,27.52,0.0
COFs,Sequential,47,27.59,0.0
COFs,Sequential,47,27.65,0.0
COFs,Sequential,47,27.72,0.0
COFs,Sequential,47,27.78,0.0
COFs,Sequential,47,27.85,0.0
COFs,Sequential,47,27.91,0.0
COFs,Sequential,47,27.98,0.0
COFs,Sequential,47,28.04,0.0
COFs,Sequential,47,28.11,0.0
COFs,Sequential,47,28.17,0.0
COFs,Sequential,47,29.17,0.0
COFs,Sequential,47,29.24,0.0
COFs,Sequential,47,29.3,0.0
COFs,Sequential,47,29.37,0.0
COFs,Sequential,47,29.43,0.0
COFs,Sequential,47,29.5,0.0
COFs,Sequential,47,29.56,0.0
COFs,Sequential,47,29.63,0.0
COFs,Sequential,47,29.69,0.0
COFs,Sequential,47,29.76,0.0
COFs,Sequential,47,29.82,0.0
COFs,Sequential,47,29.89,0.0
COFs,Sequential,47,29.95,0.0
COFs,Sequential,48,3.5,14.284141411021764
COFs,Sequential,48,3.56,14.284141411021764
COFs,Sequential,48,3.62,14.284141411021764
COFs,Sequential,48,3.69,14.284141411021764
COFs,Sequential,48,3.75,14.284141411021764
COFs,Sequential,48,3.82,14.284141411021764
COFs,Sequential,48,3.88,14.284141411021764
COFs,Sequential,48,3.95,14.284141411021764
COFs,Sequential,48,4.01,14.284141411021764
COFs,Sequential,48,4.08,14.284141411021764
COFs,Sequential,48,4.15,14.284141411021764
COFs,Sequential,48,4.21,14.284141411021764
COFs,Sequential,48,4.28,14.284141411021764
COFs,Sequential,48,4.34,14.284141411021764
COFs,Sequential,48,4.41,14.284141411021764
COFs,Sequential,48,4.47,14.284141411021764
COFs,Sequential,48,5.47,4.516970590908455
COFs,Sequential,48,5.54,4.516970590908455
COFs,Sequential,48,5.6,4.516970590908455
COFs,Sequential,48,5.67,4.516970590908455
COFs,Sequential,48,5.73,4.516970590908455
COFs,Sequential,48,5.8,4.516970590908455
COFs,Sequential,48,5.86,4.516970590908455
COFs,Sequential,48,5.93,4.516970590908455
COFs,Sequential,48,5.99,4.516970590908455
COFs,Sequential,48,6.06,4.516970590908455
COFs,Sequential,48,6.12,4.516970590908455
COFs,Sequential,48,6.19,4.516970590908455
COFs,Sequential,48,6.25,4.516970590908455
COFs,Sequential,48,6.32,4.516970590908455
COFs,Sequential,48,6.38,4.516970590908455
COFs,Sequential,48,6.45,4.516970590908455
COFs,Sequential,48,7.45,4.516970590908455
COFs,Sequential,48,7.51,4.516970590908455
COFs,Sequential,48,7.58,4.516970590908455
COFs,Sequential,48,7.64,4.516970590908455
COFs,Sequential,48,7.71,4.516970590908455
COFs,Sequential,48,7.77,4.516970590908455
COFs,Sequential,48,7.84,4.516970590908455
COFs,Sequential,48,7.9,4.516970590908455
COFs,Sequential,48,7.97,4.516970590908455
COFs,Sequential,48,8.03,4.516970590908455
COFs,Sequential,48,8.1,4.516970590908455
COFs,Sequential,48,8.16,4.516970590908455
COFs,Sequential,48,8.23,4.516970590908455
COFs,Sequential,48,8.29,4.516970590908455
COFs,Sequential,48,8.36,4.516970590908455
COFs,Sequential,48,8.42,4.516970590908455
COFs,Sequential,48,9.42,4.516970590908455
COFs,Sequential,48,9.49,4.516970590908455
COFs,Sequential,48,9.55,4.516970590908455
COFs,Sequential,48,9.62,4.516970590908455
COFs,Sequential,48,9.68,4.516970590908455
COFs,Sequential,48,9.75,4.516970590908455
COFs,Sequential,48,9.81,4.516970590908455
COFs,Sequential,48,9.88,4.516970590908455
COFs,Sequential,48,9.94,4.516970590908455
COFs,Sequential,48,10.01,4.516970590908455
COFs,Sequential,48,10.07,4.516970590908455
COFs,Sequential,48,10.14,4.516970590908455
COFs,Sequential,48,10.2,4.516970590908455
COFs,Sequential,48,10.27,4.516970590908455
COFs,Sequential,48,10.33,4.516970590908455
COFs,Sequential,48,10.4,4.516970590908455
COFs,Sequential,48,11.4,4.516970590908455
COFs,Sequential,48,11.46,4.516970590908455
COFs,Sequential,48,11.53,4.516970590908455
COFs,Sequential,48,11.59,4.516970590908455
COFs,Sequential,48,11.65,4.516970590908455
COFs,Sequential,48,11.72,4.516970590908455
COFs,Sequential,48,11.78,4.516970590908455
COFs,Sequential,48,11.85,4.516970590908455
COFs,Sequential,48,11.91,4.516970590908455
COFs,Sequential,48,11.98,4.516970590908455
COFs,Sequential,48,12.04,4.516970590908455
COFs,Sequential,48,12.11,4.516970590908455
COFs,Sequential,48,12.17,4.516970590908455
COFs,Sequential,48,12.24,4.516970590908455
COFs,Sequential,48,12.3,4.516970590908455
COFs,Sequential,48,12.37,4.516970590908455
COFs,Sequential,48,13.37,3.542139991253217
COFs,Sequential,48,13.43,3.542139991253217
COFs,Sequential,48,13.5,3.542139991253217
COFs,Sequential,48,13.56,3.542139991253217
COFs,Sequential,48,13.63,3.542139991253217
COFs,Sequential,48,13.69,3.542139991253217
COFs,Sequential,48,13.76,3.542139991253217
COFs,Sequential,48,13.82,3.542139991253217
COFs,Sequential,48,13.89,3.542139991253217
COFs,Sequential,48,13.95,3.542139991253217
COFs,Sequential,48,14.02,3.542139991253217
COFs,Sequential,48,14.08,3.542139991253217
COFs,Sequential,48,14.15,3.542139991253217
COFs,Sequential,48,14.21,3.542139991253217
COFs,Sequential,48,14.28,3.542139991253217
COFs,Sequential,48,14.34,3.542139991253217
COFs,Sequential,48,15.34,3.542139991253217
COFs,Sequential,48,15.41,3.542139991253217
COFs,Sequential,48,15.47,3.542139991253217
COFs,Sequential,48,15.54,3.542139991253217
COFs,Sequential,48,15.6,3.542139991253217
COFs,Sequential,48,15.67,3.542139991253217
COFs,Sequential,48,15.73,3.542139991253217
COFs,Sequential,48,15.8,3.542139991253217
COFs,Sequential,48,15.86,3.542139991253217
COFs,Sequential,48,15.93,3.542139991253217
COFs,Sequential,48,15.99,3.542139991253217
COFs,Sequential,48,16.06,3.542139991253217
COFs,Sequential,48,16.12,3.542139991253217
COFs,Sequential,48,16.19,3.542139991253217
COFs,Sequential,48,16.25,3.542139991253217
COFs,Sequential,48,16.32,3.542139991253217
COFs,Sequential,48,17.32,0.0
COFs,Sequential,48,17.38,0.0
COFs,Sequential,48,17.45,0.0
COFs,Sequential,48,17.51,0.0
COFs,Sequential,48,17.58,0.0
COFs,Sequential,48,17.64,0.0
COFs,Sequential,48,17.71,0.0
COFs,Sequential,48,17.77,0.0
COFs,Sequential,48,17.84,0.0
COFs,Sequential,48,17.9,0.0
COFs,Sequential,48,17.97,0.0
COFs,Sequential,48,18.04,0.0
COFs,Sequential,48,18.1,0.0
COFs,Sequential,48,18.17,0.0
COFs,Sequential,48,18.23,0.0
COFs,Sequential,48,18.3,0.0
COFs,Sequential,48,19.3,0.0
COFs,Sequential,48,19.36,0.0
COFs,Sequential,48,19.43,0.0
COFs,Sequential,48,19.49,0.0
COFs,Sequential,48,19.56,0.0
COFs,Sequential,48,19.62,0.0
COFs,Sequential,48,19.69,0.0
COFs,Sequential,48,19.75,0.0
COFs,Sequential,48,19.82,0.0
COFs,Sequential,48,19.88,0.0
COFs,Sequential,48,19.95,0.0
COFs,Sequential,48,20.01,0.0
COFs,Sequential,48,20.08,0.0
COFs,Sequential,48,20.14,0.0
COFs,Sequential,48,20.21,0.0
COFs,Sequential,48,20.27,0.0
COFs,Sequential,48,21.27,0.0
COFs,Sequential,48,21.34,0.0
COFs,Sequential,48,21.4,0.0
COFs,Sequential,48,21.47,0.0
COFs,Sequential,48,21.53,0.0
COFs,Sequential,48,21.6,0.0
COFs,Sequential,48,21.66,0.0
COFs,Sequential,48,21.73,0.0
COFs,Sequential,48,21.79,0.0
COFs,Sequential,48,21.86,0.0
COFs,Sequential,48,21.92,0.0
COFs,Sequential,48,21.99,0.0
COFs,Sequential,48,22.05,0.0
COFs,Sequential,48,22.12,0.0
COFs,Sequential,48,22.18,0.0
COFs,Sequential,48,22.25,0.0
COFs,Sequential,48,23.25,0.0
COFs,Sequential,48,23.31,0.0
COFs,Sequential,48,23.38,0.0
COFs,Sequential,48,23.44,0.0
COFs,Sequential,48,23.51,0.0
COFs,Sequential,48,23.57,0.0
COFs,Sequential,48,23.64,0.0
COFs,Sequential,48,23.7,0.0
COFs,Sequential,48,23.77,0.0
COFs,Sequential,48,23.83,0.0
COFs,Sequential,48,23.9,0.0
COFs,Sequential,48,23.96,0.0
COFs,Sequential,48,24.03,0.0
COFs,Sequential,48,24.09,0.0
COFs,Sequential,48,24.16,0.0
COFs,Sequential,48,24.22,0.0
COFs,Sequential,48,25.22,0.0
COFs,Sequential,48,25.29,0.0
COFs,Sequential,48,25.35,0.0
COFs,Sequential,48,25.42,0.0
COFs,Sequential,48,25.48,0.0
COFs,Sequential,48,25.55,0.0
COFs,Sequential,48,25.61,0.0
COFs,Sequential,48,25.68,0.0
COFs,Sequential,48,25.74,0.0
COFs,Sequential,48,25.81,0.0
COFs,Sequential,48,25.87,0.0
COFs,Sequential,48,25.94,0.0
COFs,Sequential,48,26.0,0.0
COFs,Sequential,48,26.07,0.0
COFs,Sequential,48,26.13,0.0
COFs,Sequential,48,26.2,0.0
COFs,Sequential,48,27.2,0.0
COFs,Sequential,48,27.26,0.0
COFs,Sequential,48,27.33,0.0
COFs,Sequential,48,27.39,0.0
COFs,Sequential,48,27.46,0.0
COFs,Sequential,48,27.52,0.0
COFs,Sequential,48,27.59,0.0
COFs,Sequential,48,27.65,0.0
COFs,Sequential,48,27.72,0.0
COFs,Sequential,48,27.78,0.0
COFs,Sequential,48,27.85,0.0
COFs,Sequential,48,27.91,0.0
COFs,Sequential,48,27.98,0.0
COFs,Sequential,48,28.04,0.0
COFs,Sequential,48,28.11,0.0
COFs,Sequential,48,28.17,0.0
COFs,Sequential,48,29.17,0.0
COFs,Sequential,48,29.24,0.0
COFs,Sequential,48,29.3,0.0
COFs,Sequential,48,29.37,0.0
COFs,Sequential,48,29.43,0.0
COFs,Sequential,48,29.5,0.0
COFs,Sequential,48,29.56,0.0
COFs,Sequential,48,29.63,0.0
COFs,Sequential,48,29.69,0.0
COFs,Sequential,48,29.76,0.0
COFs,Sequential,48,29.82,0.0
COFs,Sequential,48,29.89,0.0
COFs,Sequential,48,29.95,0.0
COFs,Sequential,49,3.5,12.286313844166017
COFs,Sequential,49,3.56,12.286313844166017
COFs,Sequential,49,3.62,12.286313844166017
COFs,Sequential,49,3.69,12.286313844166017
COFs,Sequential,49,3.75,12.286313844166017
COFs,Sequential,49,3.82,12.286313844166017
COFs,Sequential,49,3.88,12.286313844166017
COFs,Sequential,49,3.95,12.286313844166017
COFs,Sequential,49,4.01,12.286313844166017
COFs,Sequential,49,4.08,12.286313844166017
COFs,Sequential,49,4.15,12.286313844166017
COFs,Sequential,49,4.21,12.286313844166017
COFs,Sequential,49,4.28,12.286313844166017
COFs,Sequential,49,4.34,12.286313844166017
COFs,Sequential,49,4.41,12.286313844166017
COFs,Sequential,49,4.47,12.286313844166017
COFs,Sequential,49,5.47,12.286313844166017
COFs,Sequential,49,5.54,12.286313844166017
COFs,Sequential,49,5.6,12.286313844166017
COFs,Sequential,49,5.67,12.286313844166017
COFs,Sequential,49,5.73,12.286313844166017
COFs,Sequential,49,5.8,12.286313844166017
COFs,Sequential,49,5.86,12.286313844166017
COFs,Sequential,49,5.93,12.286313844166017
COFs,Sequential,49,5.99,12.286313844166017
COFs,Sequential,49,6.06,12.286313844166017
COFs,Sequential,49,6.12,12.286313844166017
COFs,Sequential,49,6.19,12.286313844166017
COFs,Sequential,49,6.25,12.286313844166017
COFs,Sequential,49,6.32,12.286313844166017
COFs,Sequential,49,6.38,12.286313844166017
COFs,Sequential,49,6.45,12.286313844166017
COFs,Sequential,49,7.45,2.768421691579954
COFs,Sequential,49,7.51,2.768421691579954
COFs,Sequential,49,7.58,2.768421691579954
COFs,Sequential,49,7.64,2.768421691579954
COFs,Sequential,49,7.71,2.768421691579954
COFs,Sequential,49,7.77,2.768421691579954
COFs,Sequential,49,7.84,2.768421691579954
COFs,Sequential,49,7.9,2.768421691579954
COFs,Sequential,49,7.97,2.768421691579954
COFs,Sequential,49,8.03,2.768421691579954
COFs,Sequential,49,8.1,2.768421691579954
COFs,Sequential,49,8.16,2.768421691579954
COFs,Sequential,49,8.23,2.768421691579954
COFs,Sequential,49,8.29,2.768421691579954
COFs,Sequential,49,8.36,2.768421691579954
COFs,Sequential,49,8.42,2.768421691579954
COFs,Sequential,49,9.42,2.768421691579954
COFs,Sequential,49,9.49,2.768421691579954
COFs,Sequential,49,9.55,2.768421691579954
COFs,Sequential,49,9.62,2.768421691579954
COFs,Sequential,49,9.68,2.768421691579954
COFs,Sequential,49,9.75,2.768421691579954
COFs,Sequential,49,9.81,2.768421691579954
COFs,Sequential,49,9.88,2.768421691579954
COFs,Sequential,49,9.94,2.768421691579954
COFs,Sequential,49,10.01,2.768421691579954
COFs,Sequential,49,10.07,2.768421691579954
COFs,Sequential,49,10.14,2.768421691579954
COFs,Sequential,49,10.2,2.768421691579954
COFs,Sequential,49,10.27,2.768421691579954
COFs,Sequential,49,10.33,2.768421691579954
COFs,Sequential,49,10.4,2.768421691579954
COFs,Sequential,49,11.4,1.6834527522225677
COFs,Sequential,49,11.46,1.6834527522225677
COFs,Sequential,49,11.53,1.6834527522225677
COFs,Sequential,49,11.59,1.6834527522225677
COFs,Sequential,49,11.65,1.6834527522225677
COFs,Sequential,49,11.72,1.6834527522225677
COFs,Sequential,49,11.78,1.6834527522225677
COFs,Sequential,49,11.85,1.6834527522225677
COFs,Sequential,49,11.91,1.6834527522225677
COFs,Sequential,49,11.98,1.6834527522225677
COFs,Sequential,49,12.04,1.6834527522225677
COFs,Sequential,49,12.11,1.6834527522225677
COFs,Sequential,49,12.17,1.6834527522225677
COFs,Sequential,49,12.24,1.6834527522225677
COFs,Sequential,49,12.3,1.6834527522225677
COFs,Sequential,49,12.37,1.6834527522225677
COFs,Sequential,49,13.37,1.6834527522225677
COFs,Sequential,49,13.43,1.6834527522225677
COFs,Sequential,49,13.5,1.6834527522225677
COFs,Sequential,49,13.56,1.6834527522225677
COFs,Sequential,49,13.63,1.6834527522225677
COFs,Sequential,49,13.69,1.6834527522225677
COFs,Sequential,49,13.76,1.6834527522225677
COFs,Sequential,49,13.82,1.6834527522225677
COFs,Sequential,49,13.89,1.6834527522225677
COFs,Sequential,49,13.95,1.6834527522225677
COFs,Sequential,49,14.02,1.6834527522225677
COFs,Sequential,49,14.08,1.6834527522225677
COFs,Sequential,49,14.15,1.6834527522225677
COFs,Sequential,49,14.21,1.6834527522225677
COFs,Sequential,49,14.28,1.6834527522225677
COFs,Sequential,49,14.34,1.6834527522225677
COFs,Sequential,49,15.34,1.6834527522225677
COFs,Sequential,49,15.41,1.6834527522225677
COFs,Sequential,49,15.47,1.6834527522225677
COFs,Sequential,49,15.54,1.6834527522225677
COFs,Sequential,49,15.6,1.6834527522225677
COFs,Sequential,49,15.67,1.6834527522225677
COFs,Sequential,49,15.73,1.6834527522225677
COFs,Sequential,49,15.8,1.6834527522225677
COFs,Sequential,49,15.86,1.6834527522225677
COFs,Sequential,49,15.93,1.6834527522225677
COFs,Sequential,49,15.99,1.6834527522225677
COFs,Sequential,49,16.06,1.6834527522225677
COFs,Sequential,49,16.12,1.6834527522225677
COFs,Sequential,49,16.19,1.6834527522225677
COFs,Sequential,49,16.25,1.6834527522225677
COFs,Sequential,49,16.32,1.6834527522225677
COFs,Sequential,49,17.32,1.6834527522225677
COFs,Sequential,49,17.38,1.6834527522225677
COFs,Sequential,49,17.45,1.6834527522225677
COFs,Sequential,49,17.51,1.6834527522225677
COFs,Sequential,49,17.58,1.6834527522225677
COFs,Sequential,49,17.64,1.6834527522225677
COFs,Sequential,49,17.71,1.6834527522225677
COFs,Sequential,49,17.77,1.6834527522225677
COFs,Sequential,49,17.84,1.6834527522225677
COFs,Sequential,49,17.9,1.6834527522225677
COFs,Sequential,49,17.97,1.6834527522225677
COFs,Sequential,49,18.04,1.6834527522225677
COFs,Sequential,49,18.1,1.6834527522225677
COFs,Sequential,49,18.17,1.6834527522225677
COFs,Sequential,49,18.23,1.6834527522225677
COFs,Sequential,49,18.3,1.6834527522225677
COFs,Sequential,49,19.3,1.6834527522225677
COFs,Sequential,49,19.36,1.6834527522225677
COFs,Sequential,49,19.43,1.6834527522225677
COFs,Sequential,49,19.49,1.6834527522225677
COFs,Sequential,49,19.56,1.6834527522225677
COFs,Sequential,49,19.62,1.6834527522225677
COFs,Sequential,49,19.69,1.6834527522225677
COFs,Sequential,49,19.75,1.6834527522225677
COFs,Sequential,49,19.82,1.6834527522225677
COFs,Sequential,49,19.88,1.6834527522225677
COFs,Sequential,49,19.95,1.6834527522225677
COFs,Sequential,49,20.01,1.6834527522225677
COFs,Sequential,49,20.08,1.6834527522225677
COFs,Sequential,49,20.14,1.6834527522225677
COFs,Sequential,49,20.21,1.6834527522225677
COFs,Sequential,49,20.27,1.6834527522225677
COFs,Sequential,49,21.27,1.6834527522225677
COFs,Sequential,49,21.34,1.6834527522225677
COFs,Sequential,49,21.4,1.6834527522225677
COFs,Sequential,49,21.47,1.6834527522225677
COFs,Sequential,49,21.53,1.6834527522225677
COFs,Sequential,49,21.6,1.6834527522225677
COFs,Sequential,49,21.66,1.6834527522225677
COFs,Sequential,49,21.73,1.6834527522225677
COFs,Sequential,49,21.79,1.6834527522225677
COFs,Sequential,49,21.86,1.6834527522225677
COFs,Sequential,49,21.92,1.6834527522225677
COFs,Sequential,49,21.99,1.6834527522225677
COFs,Sequential,49,22.05,1.6834527522225677
COFs,Sequential,49,22.12,1.6834527522225677
COFs,Sequential,49,22.18,1.6834527522225677
COFs,Sequential,49,22.25,1.6834527522225677
COFs,Sequential,49,23.25,1.6834527522225677
COFs,Sequential,49,23.31,1.6834527522225677
COFs,Sequential,49,23.38,1.6834527522225677
COFs,Sequential,49,23.44,1.6834527522225677
COFs,Sequential,49,23.51,1.6834527522225677
COFs,Sequential,49,23.57,1.6834527522225677
COFs,Sequential,49,23.64,1.6834527522225677
COFs,Sequential,49,23.7,1.6834527522225677
COFs,Sequential,49,23.77,1.6834527522225677
COFs,Sequential,49,23.83,1.6834527522225677
COFs,Sequential,49,23.9,1.6834527522225677
COFs,Sequential,49,23.96,1.6834527522225677
COFs,Sequential,49,24.03,1.6834527522225677
COFs,Sequential,49,24.09,1.6834527522225677
COFs,Sequential,49,24.16,1.6834527522225677
COFs,Sequential,49,24.22,1.6834527522225677
COFs,Sequential,49,25.22,1.6834527522225677
COFs,Sequential,49,25.29,1.6834527522225677
COFs,Sequential,49,25.35,1.6834527522225677
COFs,Sequential,49,25.42,1.6834527522225677
COFs,Sequential,49,25.48,1.6834527522225677
COFs,Sequential,49,25.55,1.6834527522225677
COFs,Sequential,49,25.61,1.6834527522225677
COFs,Sequential,49,25.68,1.6834527522225677
COFs,Sequential,49,25.74,1.6834527522225677
COFs,Sequential,49,25.81,1.6834527522225677
COFs,Sequential,49,25.87,1.6834527522225677
COFs,Sequential,49,25.94,1.6834527522225677
COFs,Sequential,49,26.0,1.6834527522225677
COFs,Sequential,49,26.07,1.6834527522225677
COFs,Sequential,49,26.13,1.6834527522225677
COFs,Sequential,49,26.2,1.6834527522225677
COFs,Sequential,49,27.2,1.6834527522225677
COFs,Sequential,49,27.26,1.6834527522225677
COFs,Sequential,49,27.33,1.6834527522225677
COFs,Sequential,49,27.39,1.6834527522225677
COFs,Sequential,49,27.46,1.6834527522225677
COFs,Sequential,49,27.52,1.6834527522225677
COFs,Sequential,49,27.59,1.6834527522225677
COFs,Sequential,49,27.65,1.6834527522225677
COFs,Sequential,49,27.72,1.6834527522225677
COFs,Sequential,49,27.78,1.6834527522225677
COFs,Sequential,49,27.85,1.6834527522225677
COFs,Sequential,49,27.91,1.6834527522225677
COFs,Sequential,49,27.98,1.6834527522225677
COFs,Sequential,49,28.04,1.6834527522225677
COFs,Sequential,49,28.11,1.6834527522225677
COFs,Sequential,49,28.17,1.6834527522225677
COFs,Sequential,49,29.17,1.6834527522225677
COFs,Sequential,49,29.24,1.6834527522225677
COFs,Sequential,49,29.3,1.6834527522225677
COFs,Sequential,49,29.37,1.6834527522225677
COFs,Sequential,49,29.43,1.6834527522225677
COFs,Sequential,49,29.5,1.6834527522225677
COFs,Sequential,49,29.56,1.6834527522225677
COFs,Sequential,49,29.63,1.6834527522225677
COFs,Sequential,49,29.69,1.6834527522225677
COFs,Sequential,49,29.76,1.6834527522225677
COFs,Sequential,49,29.82,1.6834527522225677
COFs,Sequential,49,29.89,1.6834527522225677
COFs,Sequential,49,29.95,1.6834527522225677
COFs,Sequential,50,3.5,2.768421691579954
COFs,Sequential,50,3.56,2.768421691579954
COFs,Sequential,50,3.62,2.768421691579954
COFs,Sequential,50,3.69,2.768421691579954
COFs,Sequential,50,3.75,2.768421691579954
COFs,Sequential,50,3.82,2.768421691579954
COFs,Sequential,50,3.88,2.768421691579954
COFs,Sequential,50,3.95,2.768421691579954
COFs,Sequential,50,4.01,2.768421691579954
COFs,Sequential,50,4.08,2.768421691579954
COFs,Sequential,50,4.15,2.768421691579954
COFs,Sequential,50,4.21,2.768421691579954
COFs,Sequential,50,4.28,2.768421691579954
COFs,Sequential,50,4.34,2.768421691579954
COFs,Sequential,50,4.41,2.768421691579954
COFs,Sequential,50,4.47,2.768421691579954
COFs,Sequential,50,5.47,2.768421691579954
COFs,Sequential,50,5.54,2.768421691579954
COFs,Sequential,50,5.6,2.768421691579954
COFs,Sequential,50,5.67,2.768421691579954
COFs,Sequential,50,5.73,2.768421691579954
COFs,Sequential,50,5.8,2.768421691579954
COFs,Sequential,50,5.86,2.768421691579954
COFs,Sequential,50,5.93,2.768421691579954
COFs,Sequential,50,5.99,2.768421691579954
COFs,Sequential,50,6.06,2.768421691579954
COFs,Sequential,50,6.12,2.768421691579954
COFs,Sequential,50,6.19,2.768421691579954
COFs,Sequential,50,6.25,2.768421691579954
COFs,Sequential,50,6.32,2.768421691579954
COFs,Sequential,50,6.38,2.768421691579954
COFs,Sequential,50,6.45,2.768421691579954
COFs,Sequential,50,7.45,2.768421691579954
COFs,Sequential,50,7.51,2.768421691579954
COFs,Sequential,50,7.58,2.768421691579954
COFs,Sequential,50,7.64,2.768421691579954
COFs,Sequential,50,7.71,2.768421691579954
COFs,Sequential,50,7.77,2.768421691579954
COFs,Sequential,50,7.84,2.768421691579954
COFs,Sequential,50,7.9,2.768421691579954
COFs,Sequential,50,7.97,2.768421691579954
COFs,Sequential,50,8.03,2.768421691579954
COFs,Sequential,50,8.1,2.768421691579954
COFs,Sequential,50,8.16,2.768421691579954
COFs,Sequential,50,8.23,2.768421691579954
COFs,Sequential,50,8.29,2.768421691579954
COFs,Sequential,50,8.36,2.768421691579954
COFs,Sequential,50,8.42,2.768421691579954
COFs,Sequential,50,9.42,1.6834527522225677
COFs,Sequential,50,9.49,1.6834527522225677
COFs,Sequential,50,9.55,1.6834527522225677
COFs,Sequential,50,9.62,1.6834527522225677
COFs,Sequential,50,9.68,1.6834527522225677
COFs,Sequential,50,9.75,1.6834527522225677
COFs,Sequential,50,9.81,1.6834527522225677
COFs,Sequential,50,9.88,1.6834527522225677
COFs,Sequential,50,9.94,1.6834527522225677
COFs,Sequential,50,10.01,1.6834527522225677
COFs,Sequential,50,10.07,1.6834527522225677
COFs,Sequential,50,10.14,1.6834527522225677
COFs,Sequential,50,10.2,1.6834527522225677
COFs,Sequential,50,10.27,1.6834527522225677
COFs,Sequential,50,10.33,1.6834527522225677
COFs,Sequential,50,10.4,1.6834527522225677
COFs,Sequential,50,11.4,1.6834527522225677
COFs,Sequential,50,11.46,1.6834527522225677
COFs,Sequential,50,11.53,1.6834527522225677
COFs,Sequential,50,11.59,1.6834527522225677
COFs,Sequential,50,11.65,1.6834527522225677
COFs,Sequential,50,11.72,1.6834527522225677
COFs,Sequential,50,11.78,1.6834527522225677
COFs,Sequential,50,11.85,1.6834527522225677
COFs,Sequential,50,11.91,1.6834527522225677
COFs,Sequential,50,11.98,1.6834527522225677
COFs,Sequential,50,12.04,1.6834527522225677
COFs,Sequential,50,12.11,1.6834527522225677
COFs,Sequential,50,12.17,1.6834527522225677
COFs,Sequential,50,12.24,1.6834527522225677
COFs,Sequential,50,12.3,1.6834527522225677
COFs,Sequential,50,12.37,1.6834527522225677
COFs,Sequential,50,13.37,1.6834527522225677
COFs,Sequential,50,13.43,1.6834527522225677
COFs,Sequential,50,13.5,1.6834527522225677
COFs,Sequential,50,13.56,1.6834527522225677
COFs,Sequential,50,13.63,1.6834527522225677
COFs,Sequential,50,13.69,1.6834527522225677
COFs,Sequential,50,13.76,1.6834527522225677
COFs,Sequential,50,13.82,1.6834527522225677
COFs,Sequential,50,13.89,1.6834527522225677
COFs,Sequential,50,13.95,1.6834527522225677
COFs,Sequential,50,14.02,1.6834527522225677
COFs,Sequential,50,14.08,1.6834527522225677
COFs,Sequential,50,14.15,1.6834527522225677
COFs,Sequential,50,14.21,1.6834527522225677
COFs,Sequential,50,14.28,1.6834527522225677
COFs,Sequential,50,14.34,1.6834527522225677
COFs,Sequential,50,15.34,1.6834527522225677
COFs,Sequential,50,15.41,1.6834527522225677
COFs,Sequential,50,15.47,1.6834527522225677
COFs,Sequential,50,15.54,1.6834527522225677
COFs,Sequential,50,15.6,1.6834527522225677
COFs,Sequential,50,15.67,1.6834527522225677
COFs,Sequential,50,15.73,1.6834527522225677
COFs,Sequential,50,15.8,1.6834527522225677
COFs,Sequential,50,15.86,1.6834527522225677
COFs,Sequential,50,15.93,1.6834527522225677
COFs,Sequential,50,15.99,1.6834527522225677
COFs,Sequential,50,16.06,1.6834527522225677
COFs,Sequential,50,16.12,1.6834527522225677
COFs,Sequential,50,16.19,1.6834527522225677
COFs,Sequential,50,16.25,1.6834527522225677
COFs,Sequential,50,16.32,1.6834527522225677
COFs,Sequential,50,17.32,1.6834527522225677
COFs,Sequential,50,17.38,1.6834527522225677
COFs,Sequential,50,17.45,1.6834527522225677
COFs,Sequential,50,17.51,1.6834527522225677
COFs,Sequential,50,17.58,1.6834527522225677
COFs,Sequential,50,17.64,1.6834527522225677
COFs,Sequential,50,17.71,1.6834527522225677
COFs,Sequential,50,17.77,1.6834527522225677
COFs,Sequential,50,17.84,1.6834527522225677
COFs,Sequential,50,17.9,1.6834527522225677
COFs,Sequential,50,17.97,1.6834527522225677
COFs,Sequential,50,18.04,1.6834527522225677
COFs,Sequential,50,18.1,1.6834527522225677
COFs,Sequential,50,18.17,1.6834527522225677
COFs,Sequential,50,18.23,1.6834527522225677
COFs,Sequential,50,18.3,1.6834527522225677
COFs,Sequential,50,19.3,0.0
COFs,Sequential,50,19.36,0.0
COFs,Sequential,50,19.43,0.0
COFs,Sequential,50,19.49,0.0
COFs,Sequential,50,19.56,0.0
COFs,Sequential,50,19.62,0.0
COFs,Sequential,50,19.69,0.0
COFs,Sequential,50,19.75,0.0
COFs,Sequential,50,19.82,0.0
COFs,Sequential,50,19.88,0.0
COFs,Sequential,50,19.95,0.0
COFs,Sequential,50,20.01,0.0
COFs,Sequential,50,20.08,0.0
COFs,Sequential,50,20.14,0.0
COFs,Sequential,50,20.21,0.0
COFs,Sequential,50,20.27,0.0
COFs,Sequential,50,21.27,0.0
COFs,Sequential,50,21.34,0.0
COFs,Sequential,50,21.4,0.0
COFs,Sequential,50,21.47,0.0
COFs,Sequential,50,21.53,0.0
COFs,Sequential,50,21.6,0.0
COFs,Sequential,50,21.66,0.0
COFs,Sequential,50,21.73,0.0
COFs,Sequential,50,21.79,0.0
COFs,Sequential,50,21.86,0.0
COFs,Sequential,50,21.92,0.0
COFs,Sequential,50,21.99,0.0
COFs,Sequential,50,22.05,0.0
COFs,Sequential,50,22.12,0.0
COFs,Sequential,50,22.18,0.0
COFs,Sequential,50,22.25,0.0
COFs,Sequential,50,23.25,0.0
COFs,Sequential,50,23.31,0.0
COFs,Sequential,50,23.38,0.0
COFs,Sequential,50,23.44,0.0
COFs,Sequential,50,23.51,0.0
COFs,Sequential,50,23.57,0.0
COFs,Sequential,50,23.64,0.0
COFs,Sequential,50,23.7,0.0
COFs,Sequential,50,23.77,0.0
COFs,Sequential,50,23.83,0.0
COFs,Sequential,50,23.9,0.0
COFs,Sequential,50,23.96,0.0
COFs,Sequential,50,24.03,0.0
COFs,Sequential,50,24.09,0.0
COFs,Sequential,50,24.16,0.0
COFs,Sequential,50,24.22,0.0
COFs,Sequential,50,25.22,0.0
COFs,Sequential,50,25.29,0.0
COFs,Sequential,50,25.35,0.0
COFs,Sequential,50,25.42,0.0
COFs,Sequential,50,25.48,0.0
COFs,Sequential,50,25.55,0.0
COFs,Sequential,50,25.61,0.0
COFs,Sequential,50,25.68,0.0
COFs,Sequential,50,25.74,0.0
COFs,Sequential,50,25.81,0.0
COFs,Sequential,50,25.87,0.0
COFs,Sequential,50,25.94,0.0
COFs,Sequential,50,26.0,0.0
COFs,Sequential,50,26.07,0.0
COFs,Sequential,50,26.13,0.0
COFs,Sequential,50,26.2,0.0
COFs,Sequential,50,27.2,0.0
COFs,Sequential,50,27.26,0.0
COFs,Sequential,50,27.33,0.0
COFs,Sequential,50,27.39,0.0
COFs,Sequential,50,27.46,0.0
COFs,Sequential,50,27.52,0.0
COFs,Sequential,50,27.59,0.0
COFs,Sequential,50,27.65,0.0
COFs,Sequential,50,27.72,0.0
COFs,Sequential,50,27.78,0.0
COFs,Sequential,50,27.85,0.0
COFs,Sequential,50,27.91,0.0
COFs,Sequential,50,27.98,0.0
COFs,Sequential,50,28.04,0.0
COFs,Sequential,50,28.11,0.0
COFs,Sequential,50,28.17,0.0
COFs,Sequential,50,29.17,0.0
COFs,Sequential,50,29.24,0.0
COFs,Sequential,50,29.3,0.0
COFs,Sequential,50,29.37,0.0
COFs,Sequential,50,29.43,0.0
COFs,Sequential,50,29.5,0.0
COFs,Sequential,50,29.56,0.0
COFs,Sequential,50,29.63,0.0
COFs,Sequential,50,29.69,0.0
COFs,Sequential,50,29.76,0.0
COFs,Sequential,50,29.82,0.0
COFs,Sequential,50,29.89,0.0
COFs,Sequential,50,29.95,0.0
COFs,Sequential,51,3.5,15.631027496035157
COFs,Sequential,51,3.56,15.631027496035157
COFs,Sequential,51,3.62,15.631027496035157
COFs,Sequential,51,3.69,15.631027496035157
COFs,Sequential,51,3.75,15.631027496035157
COFs,Sequential,51,3.82,15.631027496035157
COFs,Sequential,51,3.88,15.631027496035157
COFs,Sequential,51,3.95,15.631027496035157
COFs,Sequential,51,4.01,15.631027496035157
COFs,Sequential,51,4.08,15.631027496035157
COFs,Sequential,51,4.15,15.631027496035157
COFs,Sequential,51,4.21,15.631027496035157
COFs,Sequential,51,4.28,15.631027496035157
COFs,Sequential,51,4.34,15.631027496035157
COFs,Sequential,51,4.41,15.631027496035157
COFs,Sequential,51,4.47,15.631027496035157
COFs,Sequential,51,5.47,12.899217099264915
COFs,Sequential,51,5.54,12.899217099264915
COFs,Sequential,51,5.6,12.899217099264915
COFs,Sequential,51,5.67,12.899217099264915
COFs,Sequential,51,5.73,12.899217099264915
COFs,Sequential,51,5.8,12.899217099264915
COFs,Sequential,51,5.86,12.899217099264915
COFs,Sequential,51,5.93,12.899217099264915
COFs,Sequential,51,5.99,12.899217099264915
COFs,Sequential,51,6.06,12.899217099264915
COFs,Sequential,51,6.12,12.899217099264915
COFs,Sequential,51,6.19,12.899217099264915
COFs,Sequential,51,6.25,12.899217099264915
COFs,Sequential,51,6.32,12.899217099264915
COFs,Sequential,51,6.38,12.899217099264915
COFs,Sequential,51,6.45,12.899217099264915
COFs,Sequential,51,7.45,12.899217099264915
COFs,Sequential,51,7.51,12.899217099264915
COFs,Sequential,51,7.58,12.899217099264915
COFs,Sequential,51,7.64,12.899217099264915
COFs,Sequential,51,7.71,12.899217099264915
COFs,Sequential,51,7.77,12.899217099264915
COFs,Sequential,51,7.84,12.899217099264915
COFs,Sequential,51,7.9,12.899217099264915
COFs,Sequential,51,7.97,12.899217099264915
COFs,Sequential,51,8.03,12.899217099264915
COFs,Sequential,51,8.1,12.899217099264915
COFs,Sequential,51,8.16,12.899217099264915
COFs,Sequential,51,8.23,12.899217099264915
COFs,Sequential,51,8.29,12.899217099264915
COFs,Sequential,51,8.36,12.899217099264915
COFs,Sequential,51,8.42,12.899217099264915
COFs,Sequential,51,9.42,0.36350643408100325
COFs,Sequential,51,9.49,0.36350643408100325
COFs,Sequential,51,9.55,0.36350643408100325
COFs,Sequential,51,9.62,0.36350643408100325
COFs,Sequential,51,9.68,0.36350643408100325
COFs,Sequential,51,9.75,0.36350643408100325
COFs,Sequential,51,9.81,0.36350643408100325
COFs,Sequential,51,9.88,0.36350643408100325
COFs,Sequential,51,9.94,0.36350643408100325
COFs,Sequential,51,10.01,0.36350643408100325
COFs,Sequential,51,10.07,0.36350643408100325
COFs,Sequential,51,10.14,0.36350643408100325
COFs,Sequential,51,10.2,0.36350643408100325
COFs,Sequential,51,10.27,0.36350643408100325
COFs,Sequential,51,10.33,0.36350643408100325
COFs,Sequential,51,10.4,0.36350643408100325
COFs,Sequential,51,11.4,0.36350643408100325
COFs,Sequential,51,11.46,0.36350643408100325
COFs,Sequential,51,11.53,0.36350643408100325
COFs,Sequential,51,11.59,0.36350643408100325
COFs,Sequential,51,11.65,0.36350643408100325
COFs,Sequential,51,11.72,0.36350643408100325
COFs,Sequential,51,11.78,0.36350643408100325
COFs,Sequential,51,11.85,0.36350643408100325
COFs,Sequential,51,11.91,0.36350643408100325
COFs,Sequential,51,11.98,0.36350643408100325
COFs,Sequential,51,12.04,0.36350643408100325
COFs,Sequential,51,12.11,0.36350643408100325
COFs,Sequential,51,12.17,0.36350643408100325
COFs,Sequential,51,12.24,0.36350643408100325
COFs,Sequential,51,12.3,0.36350643408100325
COFs,Sequential,51,12.37,0.36350643408100325
COFs,Sequential,51,13.37,0.36350643408100325
COFs,Sequential,51,13.43,0.36350643408100325
COFs,Sequential,51,13.5,0.36350643408100325
COFs,Sequential,51,13.56,0.36350643408100325
COFs,Sequential,51,13.63,0.36350643408100325
COFs,Sequential,51,13.69,0.36350643408100325
COFs,Sequential,51,13.76,0.36350643408100325
COFs,Sequential,51,13.82,0.36350643408100325
COFs,Sequential,51,13.89,0.36350643408100325
COFs,Sequential,51,13.95,0.36350643408100325
COFs,Sequential,51,14.02,0.36350643408100325
COFs,Sequential,51,14.08,0.36350643408100325
COFs,Sequential,51,14.15,0.36350643408100325
COFs,Sequential,51,14.21,0.36350643408100325
COFs,Sequential,51,14.28,0.36350643408100325
COFs,Sequential,51,14.34,0.36350643408100325
COFs,Sequential,51,15.34,0.36350643408100325
COFs,Sequential,51,15.41,0.36350643408100325
COFs,Sequential,51,15.47,0.36350643408100325
COFs,Sequential,51,15.54,0.36350643408100325
COFs,Sequential,51,15.6,0.36350643408100325
COFs,Sequential,51,15.67,0.36350643408100325
COFs,Sequential,51,15.73,0.36350643408100325
COFs,Sequential,51,15.8,0.36350643408100325
COFs,Sequential,51,15.86,0.36350643408100325
COFs,Sequential,51,15.93,0.36350643408100325
COFs,Sequential,51,15.99,0.36350643408100325
COFs,Sequential,51,16.06,0.36350643408100325
COFs,Sequential,51,16.12,0.36350643408100325
COFs,Sequential,51,16.19,0.36350643408100325
COFs,Sequential,51,16.25,0.36350643408100325
COFs,Sequential,51,16.32,0.36350643408100325
COFs,Sequential,51,17.32,0.36350643408100325
COFs,Sequential,51,17.38,0.36350643408100325
COFs,Sequential,51,17.45,0.36350643408100325
COFs,Sequential,51,17.51,0.36350643408100325
COFs,Sequential,51,17.58,0.36350643408100325
COFs,Sequential,51,17.64,0.36350643408100325
COFs,Sequential,51,17.71,0.36350643408100325
COFs,Sequential,51,17.77,0.36350643408100325
COFs,Sequential,51,17.84,0.36350643408100325
COFs,Sequential,51,17.9,0.36350643408100325
COFs,Sequential,51,17.97,0.36350643408100325
COFs,Sequential,51,18.04,0.36350643408100325
COFs,Sequential,51,18.1,0.36350643408100325
COFs,Sequential,51,18.17,0.36350643408100325
COFs,Sequential,51,18.23,0.36350643408100325
COFs,Sequential,51,18.3,0.36350643408100325
COFs,Sequential,51,19.3,0.36350643408100325
COFs,Sequential,51,19.36,0.36350643408100325
COFs,Sequential,51,19.43,0.36350643408100325
COFs,Sequential,51,19.49,0.36350643408100325
COFs,Sequential,51,19.56,0.36350643408100325
COFs,Sequential,51,19.62,0.36350643408100325
COFs,Sequential,51,19.69,0.36350643408100325
COFs,Sequential,51,19.75,0.36350643408100325
COFs,Sequential,51,19.82,0.36350643408100325
COFs,Sequential,51,19.88,0.36350643408100325
COFs,Sequential,51,19.95,0.36350643408100325
COFs,Sequential,51,20.01,0.36350643408100325
COFs,Sequential,51,20.08,0.36350643408100325
COFs,Sequential,51,20.14,0.36350643408100325
COFs,Sequential,51,20.21,0.36350643408100325
COFs,Sequential,51,20.27,0.36350643408100325
COFs,Sequential,51,21.27,0.36350643408100325
COFs,Sequential,51,21.34,0.36350643408100325
COFs,Sequential,51,21.4,0.36350643408100325
COFs,Sequential,51,21.47,0.36350643408100325
COFs,Sequential,51,21.53,0.36350643408100325
COFs,Sequential,51,21.6,0.36350643408100325
COFs,Sequential,51,21.66,0.36350643408100325
COFs,Sequential,51,21.73,0.36350643408100325
COFs,Sequential,51,21.79,0.36350643408100325
COFs,Sequential,51,21.86,0.36350643408100325
COFs,Sequential,51,21.92,0.36350643408100325
COFs,Sequential,51,21.99,0.36350643408100325
COFs,Sequential,51,22.05,0.36350643408100325
COFs,Sequential,51,22.12,0.36350643408100325
COFs,Sequential,51,22.18,0.36350643408100325
COFs,Sequential,51,22.25,0.36350643408100325
COFs,Sequential,51,23.25,0.36350643408100325
COFs,Sequential,51,23.31,0.36350643408100325
COFs,Sequential,51,23.38,0.36350643408100325
COFs,Sequential,51,23.44,0.36350643408100325
COFs,Sequential,51,23.51,0.36350643408100325
COFs,Sequential,51,23.57,0.36350643408100325
COFs,Sequential,51,23.64,0.36350643408100325
COFs,Sequential,51,23.7,0.36350643408100325
COFs,Sequential,51,23.77,0.36350643408100325
COFs,Sequential,51,23.83,0.36350643408100325
COFs,Sequential,51,23.9,0.36350643408100325
COFs,Sequential,51,23.96,0.36350643408100325
COFs,Sequential,51,24.03,0.36350643408100325
COFs,Sequential,51,24.09,0.36350643408100325
COFs,Sequential,51,24.16,0.36350643408100325
COFs,Sequential,51,24.22,0.36350643408100325
COFs,Sequential,51,25.22,0.36350643408100325
COFs,Sequential,51,25.29,0.36350643408100325
COFs,Sequential,51,25.35,0.36350643408100325
COFs,Sequential,51,25.42,0.36350643408100325
COFs,Sequential,51,25.48,0.36350643408100325
COFs,Sequential,51,25.55,0.36350643408100325
COFs,Sequential,51,25.61,0.36350643408100325
COFs,Sequential,51,25.68,0.36350643408100325
COFs,Sequential,51,25.74,0.36350643408100325
COFs,Sequential,51,25.81,0.36350643408100325
COFs,Sequential,51,25.87,0.36350643408100325
COFs,Sequential,51,25.94,0.36350643408100325
COFs,Sequential,51,26.0,0.36350643408100325
COFs,Sequential,51,26.07,0.36350643408100325
COFs,Sequential,51,26.13,0.36350643408100325
COFs,Sequential,51,26.2,0.36350643408100325
COFs,Sequential,51,27.2,0.36350643408100325
COFs,Sequential,51,27.26,0.36350643408100325
COFs,Sequential,51,27.33,0.36350643408100325
COFs,Sequential,51,27.39,0.36350643408100325
COFs,Sequential,51,27.46,0.36350643408100325
COFs,Sequential,51,27.52,0.36350643408100325
COFs,Sequential,51,27.59,0.36350643408100325
COFs,Sequential,51,27.65,0.36350643408100325
COFs,Sequential,51,27.72,0.36350643408100325
COFs,Sequential,51,27.78,0.36350643408100325
COFs,Sequential,51,27.85,0.36350643408100325
COFs,Sequential,51,27.91,0.36350643408100325
COFs,Sequential,51,27.98,0.36350643408100325
COFs,Sequential,51,28.04,0.36350643408100325
COFs,Sequential,51,28.11,0.36350643408100325
COFs,Sequential,51,28.17,0.36350643408100325
COFs,Sequential,51,29.17,0.0
COFs,Sequential,51,29.24,0.0
COFs,Sequential,51,29.3,0.0
COFs,Sequential,51,29.37,0.0
COFs,Sequential,51,29.43,0.0
COFs,Sequential,51,29.5,0.0
COFs,Sequential,51,29.56,0.0
COFs,Sequential,51,29.63,0.0
COFs,Sequential,51,29.69,0.0
COFs,Sequential,51,29.76,0.0
COFs,Sequential,51,29.82,0.0
COFs,Sequential,51,29.89,0.0
COFs,Sequential,51,29.95,0.0
COFs,Sequential,52,3.5,14.284141411021764
COFs,Sequential,52,3.56,14.284141411021764
COFs,Sequential,52,3.62,14.284141411021764
COFs,Sequential,52,3.69,14.284141411021764
COFs,Sequential,52,3.75,14.284141411021764
COFs,Sequential,52,3.82,14.284141411021764
COFs,Sequential,52,3.88,14.284141411021764
COFs,Sequential,52,3.95,14.284141411021764
COFs,Sequential,52,4.01,14.284141411021764
COFs,Sequential,52,4.08,14.284141411021764
COFs,Sequential,52,4.15,14.284141411021764
COFs,Sequential,52,4.21,14.284141411021764
COFs,Sequential,52,4.28,14.284141411021764
COFs,Sequential,52,4.34,14.284141411021764
COFs,Sequential,52,4.41,14.284141411021764
COFs,Sequential,52,4.47,14.284141411021764
COFs,Sequential,52,5.47,4.516970590908455
COFs,Sequential,52,5.54,4.516970590908455
COFs,Sequential,52,5.6,4.516970590908455
COFs,Sequential,52,5.67,4.516970590908455
COFs,Sequential,52,5.73,4.516970590908455
COFs,Sequential,52,5.8,4.516970590908455
COFs,Sequential,52,5.86,4.516970590908455
COFs,Sequential,52,5.93,4.516970590908455
COFs,Sequential,52,5.99,4.516970590908455
COFs,Sequential,52,6.06,4.516970590908455
COFs,Sequential,52,6.12,4.516970590908455
COFs,Sequential,52,6.19,4.516970590908455
COFs,Sequential,52,6.25,4.516970590908455
COFs,Sequential,52,6.32,4.516970590908455
COFs,Sequential,52,6.38,4.516970590908455
COFs,Sequential,52,6.45,4.516970590908455
COFs,Sequential,52,7.45,4.516970590908455
COFs,Sequential,52,7.51,4.516970590908455
COFs,Sequential,52,7.58,4.516970590908455
COFs,Sequential,52,7.64,4.516970590908455
COFs,Sequential,52,7.71,4.516970590908455
COFs,Sequential,52,7.77,4.516970590908455
COFs,Sequential,52,7.84,4.516970590908455
COFs,Sequential,52,7.9,4.516970590908455
COFs,Sequential,52,7.97,4.516970590908455
COFs,Sequential,52,8.03,4.516970590908455
COFs,Sequential,52,8.1,4.516970590908455
COFs,Sequential,52,8.16,4.516970590908455
COFs,Sequential,52,8.23,4.516970590908455
COFs,Sequential,52,8.29,4.516970590908455
COFs,Sequential,52,8.36,4.516970590908455
COFs,Sequential,52,8.42,4.516970590908455
COFs,Sequential,52,9.42,4.516970590908455
COFs,Sequential,52,9.49,4.516970590908455
COFs,Sequential,52,9.55,4.516970590908455
COFs,Sequential,52,9.62,4.516970590908455
COFs,Sequential,52,9.68,4.516970590908455
COFs,Sequential,52,9.75,4.516970590908455
COFs,Sequential,52,9.81,4.516970590908455
COFs,Sequential,52,9.88,4.516970590908455
COFs,Sequential,52,9.94,4.516970590908455
COFs,Sequential,52,10.01,4.516970590908455
COFs,Sequential,52,10.07,4.516970590908455
COFs,Sequential,52,10.14,4.516970590908455
COFs,Sequential,52,10.2,4.516970590908455
COFs,Sequential,52,10.27,4.516970590908455
COFs,Sequential,52,10.33,4.516970590908455
COFs,Sequential,52,10.4,4.516970590908455
COFs,Sequential,52,11.4,1.6834527522225677
COFs,Sequential,52,11.46,1.6834527522225677
COFs,Sequential,52,11.53,1.6834527522225677
COFs,Sequential,52,11.59,1.6834527522225677
COFs,Sequential,52,11.65,1.6834527522225677
COFs,Sequential,52,11.72,1.6834527522225677
COFs,Sequential,52,11.78,1.6834527522225677
COFs,Sequential,52,11.85,1.6834527522225677
COFs,Sequential,52,11.91,1.6834527522225677
COFs,Sequential,52,11.98,1.6834527522225677
COFs,Sequential,52,12.04,1.6834527522225677
COFs,Sequential,52,12.11,1.6834527522225677
COFs,Sequential,52,12.17,1.6834527522225677
COFs,Sequential,52,12.24,1.6834527522225677
COFs,Sequential,52,12.3,1.6834527522225677
COFs,Sequential,52,12.37,1.6834527522225677
COFs,Sequential,52,13.37,1.6834527522225677
COFs,Sequential,52,13.43,1.6834527522225677
COFs,Sequential,52,13.5,1.6834527522225677
COFs,Sequential,52,13.56,1.6834527522225677
COFs,Sequential,52,13.63,1.6834527522225677
COFs,Sequential,52,13.69,1.6834527522225677
COFs,Sequential,52,13.76,1.6834527522225677
COFs,Sequential,52,13.82,1.6834527522225677
COFs,Sequential,52,13.89,1.6834527522225677
COFs,Sequential,52,13.95,1.6834527522225677
COFs,Sequential,52,14.02,1.6834527522225677
COFs,Sequential,52,14.08,1.6834527522225677
COFs,Sequential,52,14.15,1.6834527522225677
COFs,Sequential,52,14.21,1.6834527522225677
COFs,Sequential,52,14.28,1.6834527522225677
COFs,Sequential,52,14.34,1.6834527522225677
COFs,Sequential,52,15.34,0.13847037361159664
COFs,Sequential,52,15.41,0.13847037361159664
COFs,Sequential,52,15.47,0.13847037361159664
COFs,Sequential,52,15.54,0.13847037361159664
COFs,Sequential,52,15.6,0.13847037361159664
COFs,Sequential,52,15.67,0.13847037361159664
COFs,Sequential,52,15.73,0.13847037361159664
COFs,Sequential,52,15.8,0.13847037361159664
COFs,Sequential,52,15.86,0.13847037361159664
COFs,Sequential,52,15.93,0.13847037361159664
COFs,Sequential,52,15.99,0.13847037361159664
COFs,Sequential,52,16.06,0.13847037361159664
COFs,Sequential,52,16.12,0.13847037361159664
COFs,Sequential,52,16.19,0.13847037361159664
COFs,Sequential,52,16.25,0.13847037361159664
COFs,Sequential,52,16.32,0.13847037361159664
COFs,Sequential,52,17.32,0.0
COFs,Sequential,52,17.38,0.0
COFs,Sequential,52,17.45,0.0
COFs,Sequential,52,17.51,0.0
COFs,Sequential,52,17.58,0.0
COFs,Sequential,52,17.64,0.0
COFs,Sequential,52,17.71,0.0
COFs,Sequential,52,17.77,0.0
COFs,Sequential,52,17.84,0.0
COFs,Sequential,52,17.9,0.0
COFs,Sequential,52,17.97,0.0
COFs,Sequential,52,18.04,0.0
COFs,Sequential,52,18.1,0.0
COFs,Sequential,52,18.17,0.0
COFs,Sequential,52,18.23,0.0
COFs,Sequential,52,18.3,0.0
COFs,Sequential,52,19.3,0.0
COFs,Sequential,52,19.36,0.0
COFs,Sequential,52,19.43,0.0
COFs,Sequential,52,19.49,0.0
COFs,Sequential,52,19.56,0.0
COFs,Sequential,52,19.62,0.0
COFs,Sequential,52,19.69,0.0
COFs,Sequential,52,19.75,0.0
COFs,Sequential,52,19.82,0.0
COFs,Sequential,52,19.88,0.0
COFs,Sequential,52,19.95,0.0
COFs,Sequential,52,20.01,0.0
COFs,Sequential,52,20.08,0.0
COFs,Sequential,52,20.14,0.0
COFs,Sequential,52,20.21,0.0
COFs,Sequential,52,20.27,0.0
COFs,Sequential,52,21.27,0.0
COFs,Sequential,52,21.34,0.0
COFs,Sequential,52,21.4,0.0
COFs,Sequential,52,21.47,0.0
COFs,Sequential,52,21.53,0.0
COFs,Sequential,52,21.6,0.0
COFs,Sequential,52,21.66,0.0
COFs,Sequential,52,21.73,0.0
COFs,Sequential,52,21.79,0.0
COFs,Sequential,52,21.86,0.0
COFs,Sequential,52,21.92,0.0
COFs,Sequential,52,21.99,0.0
COFs,Sequential,52,22.05,0.0
COFs,Sequential,52,22.12,0.0
COFs,Sequential,52,22.18,0.0
COFs,Sequential,52,22.25,0.0
COFs,Sequential,52,23.25,0.0
COFs,Sequential,52,23.31,0.0
COFs,Sequential,52,23.38,0.0
COFs,Sequential,52,23.44,0.0
COFs,Sequential,52,23.51,0.0
COFs,Sequential,52,23.57,0.0
COFs,Sequential,52,23.64,0.0
COFs,Sequential,52,23.7,0.0
COFs,Sequential,52,23.77,0.0
COFs,Sequential,52,23.83,0.0
COFs,Sequential,52,23.9,0.0
COFs,Sequential,52,23.96,0.0
COFs,Sequential,52,24.03,0.0
COFs,Sequential,52,24.09,0.0
COFs,Sequential,52,24.16,0.0
COFs,Sequential,52,24.22,0.0
COFs,Sequential,52,25.22,0.0
COFs,Sequential,52,25.29,0.0
COFs,Sequential,52,25.35,0.0
COFs,Sequential,52,25.42,0.0
COFs,Sequential,52,25.48,0.0
COFs,Sequential,52,25.55,0.0
COFs,Sequential,52,25.61,0.0
COFs,Sequential,52,25.68,0.0
COFs,Sequential,52,25.74,0.0
COFs,Sequential,52,25.81,0.0
COFs,Sequential,52,25.87,0.0
COFs,Sequential,52,25.94,0.0
COFs,Sequential,52,26.0,0.0
COFs,Sequential,52,26.07,0.0
COFs,Sequential,52,26.13,0.0
COFs,Sequential,52,26.2,0.0
COFs,Sequential,52,27.2,0.0
COFs,Sequential,52,27.26,0.0
COFs,Sequential,52,27.33,0.0
COFs,Sequential,52,27.39,0.0
COFs,Sequential,52,27.46,0.0
COFs,Sequential,52,27.52,0.0
COFs,Sequential,52,27.59,0.0
COFs,Sequential,52,27.65,0.0
COFs,Sequential,52,27.72,0.0
COFs,Sequential,52,27.78,0.0
COFs,Sequential,52,27.85,0.0
COFs,Sequential,52,27.91,0.0
COFs,Sequential,52,27.98,0.0
COFs,Sequential,52,28.04,0.0
COFs,Sequential,52,28.11,0.0
COFs,Sequential,52,28.17,0.0
COFs,Sequential,52,29.17,0.0
COFs,Sequential,52,29.24,0.0
COFs,Sequential,52,29.3,0.0
COFs,Sequential,52,29.37,0.0
COFs,Sequential,52,29.43,0.0
COFs,Sequential,52,29.5,0.0
COFs,Sequential,52,29.56,0.0
COFs,Sequential,52,29.63,0.0
COFs,Sequential,52,29.69,0.0
COFs,Sequential,52,29.76,0.0
COFs,Sequential,52,29.82,0.0
COFs,Sequential,52,29.89,0.0
COFs,Sequential,52,29.95,0.0
COFs,Sequential,53,3.5,14.985327132158876
COFs,Sequential,53,3.56,14.985327132158876
COFs,Sequential,53,3.62,14.985327132158876
COFs,Sequential,53,3.69,14.985327132158876
COFs,Sequential,53,3.75,14.985327132158876
COFs,Sequential,53,3.82,14.985327132158876
COFs,Sequential,53,3.88,14.985327132158876
COFs,Sequential,53,3.95,14.985327132158876
COFs,Sequential,53,4.01,14.985327132158876
COFs,Sequential,53,4.08,14.985327132158876
COFs,Sequential,53,4.15,14.985327132158876
COFs,Sequential,53,4.21,14.985327132158876
COFs,Sequential,53,4.28,14.985327132158876
COFs,Sequential,53,4.34,14.985327132158876
COFs,Sequential,53,4.41,14.985327132158876
COFs,Sequential,53,4.47,14.985327132158876
COFs,Sequential,53,5.47,4.516970590908455
COFs,Sequential,53,5.54,4.516970590908455
COFs,Sequential,53,5.6,4.516970590908455
COFs,Sequential,53,5.67,4.516970590908455
COFs,Sequential,53,5.73,4.516970590908455
COFs,Sequential,53,5.8,4.516970590908455
COFs,Sequential,53,5.86,4.516970590908455
COFs,Sequential,53,5.93,4.516970590908455
COFs,Sequential,53,5.99,4.516970590908455
COFs,Sequential,53,6.06,4.516970590908455
COFs,Sequential,53,6.12,4.516970590908455
COFs,Sequential,53,6.19,4.516970590908455
COFs,Sequential,53,6.25,4.516970590908455
COFs,Sequential,53,6.32,4.516970590908455
COFs,Sequential,53,6.38,4.516970590908455
COFs,Sequential,53,6.45,4.516970590908455
COFs,Sequential,53,7.45,4.516970590908455
COFs,Sequential,53,7.51,4.516970590908455
COFs,Sequential,53,7.58,4.516970590908455
COFs,Sequential,53,7.64,4.516970590908455
COFs,Sequential,53,7.71,4.516970590908455
COFs,Sequential,53,7.77,4.516970590908455
COFs,Sequential,53,7.84,4.516970590908455
COFs,Sequential,53,7.9,4.516970590908455
COFs,Sequential,53,7.97,4.516970590908455
COFs,Sequential,53,8.03,4.516970590908455
COFs,Sequential,53,8.1,4.516970590908455
COFs,Sequential,53,8.16,4.516970590908455
COFs,Sequential,53,8.23,4.516970590908455
COFs,Sequential,53,8.29,4.516970590908455
COFs,Sequential,53,8.36,4.516970590908455
COFs,Sequential,53,8.42,4.516970590908455
COFs,Sequential,53,9.42,4.516970590908455
COFs,Sequential,53,9.49,4.516970590908455
COFs,Sequential,53,9.55,4.516970590908455
COFs,Sequential,53,9.62,4.516970590908455
COFs,Sequential,53,9.68,4.516970590908455
COFs,Sequential,53,9.75,4.516970590908455
COFs,Sequential,53,9.81,4.516970590908455
COFs,Sequential,53,9.88,4.516970590908455
COFs,Sequential,53,9.94,4.516970590908455
COFs,Sequential,53,10.01,4.516970590908455
COFs,Sequential,53,10.07,4.516970590908455
COFs,Sequential,53,10.14,4.516970590908455
COFs,Sequential,53,10.2,4.516970590908455
COFs,Sequential,53,10.27,4.516970590908455
COFs,Sequential,53,10.33,4.516970590908455
COFs,Sequential,53,10.4,4.516970590908455
COFs,Sequential,53,11.4,4.516970590908455
COFs,Sequential,53,11.46,4.516970590908455
COFs,Sequential,53,11.53,4.516970590908455
COFs,Sequential,53,11.59,4.516970590908455
COFs,Sequential,53,11.65,4.516970590908455
COFs,Sequential,53,11.72,4.516970590908455
COFs,Sequential,53,11.78,4.516970590908455
COFs,Sequential,53,11.85,4.516970590908455
COFs,Sequential,53,11.91,4.516970590908455
COFs,Sequential,53,11.98,4.516970590908455
COFs,Sequential,53,12.04,4.516970590908455
COFs,Sequential,53,12.11,4.516970590908455
COFs,Sequential,53,12.17,4.516970590908455
COFs,Sequential,53,12.24,4.516970590908455
COFs,Sequential,53,12.3,4.516970590908455
COFs,Sequential,53,12.37,4.516970590908455
COFs,Sequential,53,13.37,1.6834527522225677
COFs,Sequential,53,13.43,1.6834527522225677
COFs,Sequential,53,13.5,1.6834527522225677
COFs,Sequential,53,13.56,1.6834527522225677
COFs,Sequential,53,13.63,1.6834527522225677
COFs,Sequential,53,13.69,1.6834527522225677
COFs,Sequential,53,13.76,1.6834527522225677
COFs,Sequential,53,13.82,1.6834527522225677
COFs,Sequential,53,13.89,1.6834527522225677
COFs,Sequential,53,13.95,1.6834527522225677
COFs,Sequential,53,14.02,1.6834527522225677
COFs,Sequential,53,14.08,1.6834527522225677
COFs,Sequential,53,14.15,1.6834527522225677
COFs,Sequential,53,14.21,1.6834527522225677
COFs,Sequential,53,14.28,1.6834527522225677
COFs,Sequential,53,14.34,1.6834527522225677
COFs,Sequential,53,15.34,0.0
COFs,Sequential,53,15.41,0.0
COFs,Sequential,53,15.47,0.0
COFs,Sequential,53,15.54,0.0
COFs,Sequential,53,15.6,0.0
COFs,Sequential,53,15.67,0.0
COFs,Sequential,53,15.73,0.0
COFs,Sequential,53,15.8,0.0
COFs,Sequential,53,15.86,0.0
COFs,Sequential,53,15.93,0.0
COFs,Sequential,53,15.99,0.0
COFs,Sequential,53,16.06,0.0
COFs,Sequential,53,16.12,0.0
COFs,Sequential,53,16.19,0.0
COFs,Sequential,53,16.25,0.0
COFs,Sequential,53,16.32,0.0
COFs,Sequential,53,17.32,0.0
COFs,Sequential,53,17.38,0.0
COFs,Sequential,53,17.45,0.0
COFs,Sequential,53,17.51,0.0
COFs,Sequential,53,17.58,0.0
COFs,Sequential,53,17.64,0.0
COFs,Sequential,53,17.71,0.0
COFs,Sequential,53,17.77,0.0
COFs,Sequential,53,17.84,0.0
COFs,Sequential,53,17.9,0.0
COFs,Sequential,53,17.97,0.0
COFs,Sequential,53,18.04,0.0
COFs,Sequential,53,18.1,0.0
COFs,Sequential,53,18.17,0.0
COFs,Sequential,53,18.23,0.0
COFs,Sequential,53,18.3,0.0
COFs,Sequential,53,19.3,0.0
COFs,Sequential,53,19.36,0.0
COFs,Sequential,53,19.43,0.0
COFs,Sequential,53,19.49,0.0
COFs,Sequential,53,19.56,0.0
COFs,Sequential,53,19.62,0.0
COFs,Sequential,53,19.69,0.0
COFs,Sequential,53,19.75,0.0
COFs,Sequential,53,19.82,0.0
COFs,Sequential,53,19.88,0.0
COFs,Sequential,53,19.95,0.0
COFs,Sequential,53,20.01,0.0
COFs,Sequential,53,20.08,0.0
COFs,Sequential,53,20.14,0.0
COFs,Sequential,53,20.21,0.0
COFs,Sequential,53,20.27,0.0
COFs,Sequential,53,21.27,0.0
COFs,Sequential,53,21.34,0.0
COFs,Sequential,53,21.4,0.0
COFs,Sequential,53,21.47,0.0
COFs,Sequential,53,21.53,0.0
COFs,Sequential,53,21.6,0.0
COFs,Sequential,53,21.66,0.0
COFs,Sequential,53,21.73,0.0
COFs,Sequential,53,21.79,0.0
COFs,Sequential,53,21.86,0.0
COFs,Sequential,53,21.92,0.0
COFs,Sequential,53,21.99,0.0
COFs,Sequential,53,22.05,0.0
COFs,Sequential,53,22.12,0.0
COFs,Sequential,53,22.18,0.0
COFs,Sequential,53,22.25,0.0
COFs,Sequential,53,23.25,0.0
COFs,Sequential,53,23.31,0.0
COFs,Sequential,53,23.38,0.0
COFs,Sequential,53,23.44,0.0
COFs,Sequential,53,23.51,0.0
COFs,Sequential,53,23.57,0.0
COFs,Sequential,53,23.64,0.0
COFs,Sequential,53,23.7,0.0
COFs,Sequential,53,23.77,0.0
COFs,Sequential,53,23.83,0.0
COFs,Sequential,53,23.9,0.0
COFs,Sequential,53,23.96,0.0
COFs,Sequential,53,24.03,0.0
COFs,Sequential,53,24.09,0.0
COFs,Sequential,53,24.16,0.0
COFs,Sequential,53,24.22,0.0
COFs,Sequential,53,25.22,0.0
COFs,Sequential,53,25.29,0.0
COFs,Sequential,53,25.35,0.0
COFs,Sequential,53,25.42,0.0
COFs,Sequential,53,25.48,0.0
COFs,Sequential,53,25.55,0.0
COFs,Sequential,53,25.61,0.0
COFs,Sequential,53,25.68,0.0
COFs,Sequential,53,25.74,0.0
COFs,Sequential,53,25.81,0.0
COFs,Sequential,53,25.87,0.0
COFs,Sequential,53,25.94,0.0
COFs,Sequential,53,26.0,0.0
COFs,Sequential,53,26.07,0.0
COFs,Sequential,53,26.13,0.0
COFs,Sequential,53,26.2,0.0
COFs,Sequential,53,27.2,0.0
COFs,Sequential,53,27.26,0.0
COFs,Sequential,53,27.33,0.0
COFs,Sequential,53,27.39,0.0
COFs,Sequential,53,27.46,0.0
COFs,Sequential,53,27.52,0.0
COFs,Sequential,53,27.59,0.0
COFs,Sequential,53,27.65,0.0
COFs,Sequential,53,27.72,0.0
COFs,Sequential,53,27.78,0.0
COFs,Sequential,53,27.85,0.0
COFs,Sequential,53,27.91,0.0
COFs,Sequential,53,27.98,0.0
COFs,Sequential,53,28.04,0.0
COFs,Sequential,53,28.11,0.0
COFs,Sequential,53,28.17,0.0
COFs,Sequential,53,29.17,0.0
COFs,Sequential,53,29.24,0.0
COFs,Sequential,53,29.3,0.0
COFs,Sequential,53,29.37,0.0
COFs,Sequential,53,29.43,0.0
COFs,Sequential,53,29.5,0.0
COFs,Sequential,53,29.56,0.0
COFs,Sequential,53,29.63,0.0
COFs,Sequential,53,29.69,0.0
COFs,Sequential,53,29.76,0.0
COFs,Sequential,53,29.82,0.0
COFs,Sequential,53,29.89,0.0
COFs,Sequential,53,29.95,0.0
COFs,Sequential,54,3.5,12.286313844166017
COFs,Sequential,54,3.56,12.286313844166017
COFs,Sequential,54,3.62,12.286313844166017
COFs,Sequential,54,3.69,12.286313844166017
COFs,Sequential,54,3.75,12.286313844166017
COFs,Sequential,54,3.82,12.286313844166017
COFs,Sequential,54,3.88,12.286313844166017
COFs,Sequential,54,3.95,12.286313844166017
COFs,Sequential,54,4.01,12.286313844166017
COFs,Sequential,54,4.08,12.286313844166017
COFs,Sequential,54,4.15,12.286313844166017
COFs,Sequential,54,4.21,12.286313844166017
COFs,Sequential,54,4.28,12.286313844166017
COFs,Sequential,54,4.34,12.286313844166017
COFs,Sequential,54,4.41,12.286313844166017
COFs,Sequential,54,4.47,12.286313844166017
COFs,Sequential,54,5.47,12.286313844166017
COFs,Sequential,54,5.54,12.286313844166017
COFs,Sequential,54,5.6,12.286313844166017
COFs,Sequential,54,5.67,12.286313844166017
COFs,Sequential,54,5.73,12.286313844166017
COFs,Sequential,54,5.8,12.286313844166017
COFs,Sequential,54,5.86,12.286313844166017
COFs,Sequential,54,5.93,12.286313844166017
COFs,Sequential,54,5.99,12.286313844166017
COFs,Sequential,54,6.06,12.286313844166017
COFs,Sequential,54,6.12,12.286313844166017
COFs,Sequential,54,6.19,12.286313844166017
COFs,Sequential,54,6.25,12.286313844166017
COFs,Sequential,54,6.32,12.286313844166017
COFs,Sequential,54,6.38,12.286313844166017
COFs,Sequential,54,6.45,12.286313844166017
COFs,Sequential,54,7.45,7.848507289350307
COFs,Sequential,54,7.51,7.848507289350307
COFs,Sequential,54,7.58,7.848507289350307
COFs,Sequential,54,7.64,7.848507289350307
COFs,Sequential,54,7.71,7.848507289350307
COFs,Sequential,54,7.77,7.848507289350307
COFs,Sequential,54,7.84,7.848507289350307
COFs,Sequential,54,7.9,7.848507289350307
COFs,Sequential,54,7.97,7.848507289350307
COFs,Sequential,54,8.03,7.848507289350307
COFs,Sequential,54,8.1,7.848507289350307
COFs,Sequential,54,8.16,7.848507289350307
COFs,Sequential,54,8.23,7.848507289350307
COFs,Sequential,54,8.29,7.848507289350307
COFs,Sequential,54,8.36,7.848507289350307
COFs,Sequential,54,8.42,7.848507289350307
COFs,Sequential,54,9.42,7.848507289350307
COFs,Sequential,54,9.49,7.848507289350307
COFs,Sequential,54,9.55,7.848507289350307
COFs,Sequential,54,9.62,7.848507289350307
COFs,Sequential,54,9.68,7.848507289350307
COFs,Sequential,54,9.75,7.848507289350307
COFs,Sequential,54,9.81,7.848507289350307
COFs,Sequential,54,9.88,7.848507289350307
COFs,Sequential,54,9.94,7.848507289350307
COFs,Sequential,54,10.01,7.848507289350307
COFs,Sequential,54,10.07,7.848507289350307
COFs,Sequential,54,10.14,7.848507289350307
COFs,Sequential,54,10.2,7.848507289350307
COFs,Sequential,54,10.27,7.848507289350307
COFs,Sequential,54,10.33,7.848507289350307
COFs,Sequential,54,10.4,7.848507289350307
COFs,Sequential,54,11.4,7.848507289350307
COFs,Sequential,54,11.46,7.848507289350307
COFs,Sequential,54,11.53,7.848507289350307
COFs,Sequential,54,11.59,7.848507289350307
COFs,Sequential,54,11.65,7.848507289350307
COFs,Sequential,54,11.72,7.848507289350307
COFs,Sequential,54,11.78,7.848507289350307
COFs,Sequential,54,11.85,7.848507289350307
COFs,Sequential,54,11.91,7.848507289350307
COFs,Sequential,54,11.98,7.848507289350307
COFs,Sequential,54,12.04,7.848507289350307
COFs,Sequential,54,12.11,7.848507289350307
COFs,Sequential,54,12.17,7.848507289350307
COFs,Sequential,54,12.24,7.848507289350307
COFs,Sequential,54,12.3,7.848507289350307
COFs,Sequential,54,12.37,7.848507289350307
COFs,Sequential,54,13.37,7.848507289350307
COFs,Sequential,54,13.43,7.848507289350307
COFs,Sequential,54,13.5,7.848507289350307
COFs,Sequential,54,13.56,7.848507289350307
COFs,Sequential,54,13.63,7.848507289350307
COFs,Sequential,54,13.69,7.848507289350307
COFs,Sequential,54,13.76,7.848507289350307
COFs,Sequential,54,13.82,7.848507289350307
COFs,Sequential,54,13.89,7.848507289350307
COFs,Sequential,54,13.95,7.848507289350307
COFs,Sequential,54,14.02,7.848507289350307
COFs,Sequential,54,14.08,7.848507289350307
COFs,Sequential,54,14.15,7.848507289350307
COFs,Sequential,54,14.21,7.848507289350307
COFs,Sequential,54,14.28,7.848507289350307
COFs,Sequential,54,14.34,7.848507289350307
COFs,Sequential,54,15.34,7.848507289350307
COFs,Sequential,54,15.41,7.848507289350307
COFs,Sequential,54,15.47,7.848507289350307
COFs,Sequential,54,15.54,7.848507289350307
COFs,Sequential,54,15.6,7.848507289350307
COFs,Sequential,54,15.67,7.848507289350307
COFs,Sequential,54,15.73,7.848507289350307
COFs,Sequential,54,15.8,7.848507289350307
COFs,Sequential,54,15.86,7.848507289350307
COFs,Sequential,54,15.93,7.848507289350307
COFs,Sequential,54,15.99,7.848507289350307
COFs,Sequential,54,16.06,7.848507289350307
COFs,Sequential,54,16.12,7.848507289350307
COFs,Sequential,54,16.19,7.848507289350307
COFs,Sequential,54,16.25,7.848507289350307
COFs,Sequential,54,16.32,7.848507289350307
COFs,Sequential,54,17.32,7.848507289350307
COFs,Sequential,54,17.38,7.848507289350307
COFs,Sequential,54,17.45,7.848507289350307
COFs,Sequential,54,17.51,7.848507289350307
COFs,Sequential,54,17.58,7.848507289350307
COFs,Sequential,54,17.64,7.848507289350307
COFs,Sequential,54,17.71,7.848507289350307
COFs,Sequential,54,17.77,7.848507289350307
COFs,Sequential,54,17.84,7.848507289350307
COFs,Sequential,54,17.9,7.848507289350307
COFs,Sequential,54,17.97,7.848507289350307
COFs,Sequential,54,18.04,7.848507289350307
COFs,Sequential,54,18.1,7.848507289350307
COFs,Sequential,54,18.17,7.848507289350307
COFs,Sequential,54,18.23,7.848507289350307
COFs,Sequential,54,18.3,7.848507289350307
COFs,Sequential,54,19.3,7.848507289350307
COFs,Sequential,54,19.36,7.848507289350307
COFs,Sequential,54,19.43,7.848507289350307
COFs,Sequential,54,19.49,7.848507289350307
COFs,Sequential,54,19.56,7.848507289350307
COFs,Sequential,54,19.62,7.848507289350307
COFs,Sequential,54,19.69,7.848507289350307
COFs,Sequential,54,19.75,7.848507289350307
COFs,Sequential,54,19.82,7.848507289350307
COFs,Sequential,54,19.88,7.848507289350307
COFs,Sequential,54,19.95,7.848507289350307
COFs,Sequential,54,20.01,7.848507289350307
COFs,Sequential,54,20.08,7.848507289350307
COFs,Sequential,54,20.14,7.848507289350307
COFs,Sequential,54,20.21,7.848507289350307
COFs,Sequential,54,20.27,7.848507289350307
COFs,Sequential,54,21.27,7.848507289350307
COFs,Sequential,54,21.34,7.848507289350307
COFs,Sequential,54,21.4,7.848507289350307
COFs,Sequential,54,21.47,7.848507289350307
COFs,Sequential,54,21.53,7.848507289350307
COFs,Sequential,54,21.6,7.848507289350307
COFs,Sequential,54,21.66,7.848507289350307
COFs,Sequential,54,21.73,7.848507289350307
COFs,Sequential,54,21.79,7.848507289350307
COFs,Sequential,54,21.86,7.848507289350307
COFs,Sequential,54,21.92,7.848507289350307
COFs,Sequential,54,21.99,7.848507289350307
COFs,Sequential,54,22.05,7.848507289350307
COFs,Sequential,54,22.12,7.848507289350307
COFs,Sequential,54,22.18,7.848507289350307
COFs,Sequential,54,22.25,7.848507289350307
COFs,Sequential,54,23.25,7.848507289350307
COFs,Sequential,54,23.31,7.848507289350307
COFs,Sequential,54,23.38,7.848507289350307
COFs,Sequential,54,23.44,7.848507289350307
COFs,Sequential,54,23.51,7.848507289350307
COFs,Sequential,54,23.57,7.848507289350307
COFs,Sequential,54,23.64,7.848507289350307
COFs,Sequential,54,23.7,7.848507289350307
COFs,Sequential,54,23.77,7.848507289350307
COFs,Sequential,54,23.83,7.848507289350307
COFs,Sequential,54,23.9,7.848507289350307
COFs,Sequential,54,23.96,7.848507289350307
COFs,Sequential,54,24.03,7.848507289350307
COFs,Sequential,54,24.09,7.848507289350307
COFs,Sequential,54,24.16,7.848507289350307
COFs,Sequential,54,24.22,7.848507289350307
COFs,Sequential,54,25.22,2.768421691579954
COFs,Sequential,54,25.29,2.768421691579954
COFs,Sequential,54,25.35,2.768421691579954
COFs,Sequential,54,25.42,2.768421691579954
COFs,Sequential,54,25.48,2.768421691579954
COFs,Sequential,54,25.55,2.768421691579954
COFs,Sequential,54,25.61,2.768421691579954
COFs,Sequential,54,25.68,2.768421691579954
COFs,Sequential,54,25.74,2.768421691579954
COFs,Sequential,54,25.81,2.768421691579954
COFs,Sequential,54,25.87,2.768421691579954
COFs,Sequential,54,25.94,2.768421691579954
COFs,Sequential,54,26.0,2.768421691579954
COFs,Sequential,54,26.07,2.768421691579954
COFs,Sequential,54,26.13,2.768421691579954
COFs,Sequential,54,26.2,2.768421691579954
COFs,Sequential,54,27.2,2.768421691579954
COFs,Sequential,54,27.26,2.768421691579954
COFs,Sequential,54,27.33,2.768421691579954
COFs,Sequential,54,27.39,2.768421691579954
COFs,Sequential,54,27.46,2.768421691579954
COFs,Sequential,54,27.52,2.768421691579954
COFs,Sequential,54,27.59,2.768421691579954
COFs,Sequential,54,27.65,2.768421691579954
COFs,Sequential,54,27.72,2.768421691579954
COFs,Sequential,54,27.78,2.768421691579954
COFs,Sequential,54,27.85,2.768421691579954
COFs,Sequential,54,27.91,2.768421691579954
COFs,Sequential,54,27.98,2.768421691579954
COFs,Sequential,54,28.04,2.768421691579954
COFs,Sequential,54,28.11,2.768421691579954
COFs,Sequential,54,28.17,2.768421691579954
COFs,Sequential,54,29.17,2.768421691579954
COFs,Sequential,54,29.24,2.768421691579954
COFs,Sequential,54,29.3,2.768421691579954
COFs,Sequential,54,29.37,2.768421691579954
COFs,Sequential,54,29.43,2.768421691579954
COFs,Sequential,54,29.5,2.768421691579954
COFs,Sequential,54,29.56,2.768421691579954
COFs,Sequential,54,29.63,2.768421691579954
COFs,Sequential,54,29.69,2.768421691579954
COFs,Sequential,54,29.76,2.768421691579954
COFs,Sequential,54,29.82,2.768421691579954
COFs,Sequential,54,29.89,2.768421691579954
COFs,Sequential,54,29.95,2.768421691579954
COFs,Sequential,55,3.5,15.734422241958349
COFs,Sequential,55,3.56,15.734422241958349
COFs,Sequential,55,3.62,15.734422241958349
COFs,Sequential,55,3.69,15.734422241958349
COFs,Sequential,55,3.75,15.734422241958349
COFs,Sequential,55,3.82,15.734422241958349
COFs,Sequential,55,3.88,15.734422241958349
COFs,Sequential,55,3.95,15.734422241958349
COFs,Sequential,55,4.01,15.734422241958349
COFs,Sequential,55,4.08,15.734422241958349
COFs,Sequential,55,4.15,15.734422241958349
COFs,Sequential,55,4.21,15.734422241958349
COFs,Sequential,55,4.28,15.734422241958349
COFs,Sequential,55,4.34,15.734422241958349
COFs,Sequential,55,4.41,15.734422241958349
COFs,Sequential,55,4.47,15.734422241958349
COFs,Sequential,55,5.47,11.638826705472724
COFs,Sequential,55,5.54,11.638826705472724
COFs,Sequential,55,5.6,11.638826705472724
COFs,Sequential,55,5.67,11.638826705472724
COFs,Sequential,55,5.73,11.638826705472724
COFs,Sequential,55,5.8,11.638826705472724
COFs,Sequential,55,5.86,11.638826705472724
COFs,Sequential,55,5.93,11.638826705472724
COFs,Sequential,55,5.99,11.638826705472724
COFs,Sequential,55,6.06,11.638826705472724
COFs,Sequential,55,6.12,11.638826705472724
COFs,Sequential,55,6.19,11.638826705472724
COFs,Sequential,55,6.25,11.638826705472724
COFs,Sequential,55,6.32,11.638826705472724
COFs,Sequential,55,6.38,11.638826705472724
COFs,Sequential,55,6.45,11.638826705472724
COFs,Sequential,55,7.45,0.36350643408100325
COFs,Sequential,55,7.51,0.36350643408100325
COFs,Sequential,55,7.58,0.36350643408100325
COFs,Sequential,55,7.64,0.36350643408100325
COFs,Sequential,55,7.71,0.36350643408100325
COFs,Sequential,55,7.77,0.36350643408100325
COFs,Sequential,55,7.84,0.36350643408100325
COFs,Sequential,55,7.9,0.36350643408100325
COFs,Sequential,55,7.97,0.36350643408100325
COFs,Sequential,55,8.03,0.36350643408100325
COFs,Sequential,55,8.1,0.36350643408100325
COFs,Sequential,55,8.16,0.36350643408100325
COFs,Sequential,55,8.23,0.36350643408100325
COFs,Sequential,55,8.29,0.36350643408100325
COFs,Sequential,55,8.36,0.36350643408100325
COFs,Sequential,55,8.42,0.36350643408100325
COFs,Sequential,55,9.42,0.36350643408100325
COFs,Sequential,55,9.49,0.36350643408100325
COFs,Sequential,55,9.55,0.36350643408100325
COFs,Sequential,55,9.62,0.36350643408100325
COFs,Sequential,55,9.68,0.36350643408100325
COFs,Sequential,55,9.75,0.36350643408100325
COFs,Sequential,55,9.81,0.36350643408100325
COFs,Sequential,55,9.88,0.36350643408100325
COFs,Sequential,55,9.94,0.36350643408100325
COFs,Sequential,55,10.01,0.36350643408100325
COFs,Sequential,55,10.07,0.36350643408100325
COFs,Sequential,55,10.14,0.36350643408100325
COFs,Sequential,55,10.2,0.36350643408100325
COFs,Sequential,55,10.27,0.36350643408100325
COFs,Sequential,55,10.33,0.36350643408100325
COFs,Sequential,55,10.4,0.36350643408100325
COFs,Sequential,55,11.4,0.36350643408100325
COFs,Sequential,55,11.46,0.36350643408100325
COFs,Sequential,55,11.53,0.36350643408100325
COFs,Sequential,55,11.59,0.36350643408100325
COFs,Sequential,55,11.65,0.36350643408100325
COFs,Sequential,55,11.72,0.36350643408100325
COFs,Sequential,55,11.78,0.36350643408100325
COFs,Sequential,55,11.85,0.36350643408100325
COFs,Sequential,55,11.91,0.36350643408100325
COFs,Sequential,55,11.98,0.36350643408100325
COFs,Sequential,55,12.04,0.36350643408100325
COFs,Sequential,55,12.11,0.36350643408100325
COFs,Sequential,55,12.17,0.36350643408100325
COFs,Sequential,55,12.24,0.36350643408100325
COFs,Sequential,55,12.3,0.36350643408100325
COFs,Sequential,55,12.37,0.36350643408100325
COFs,Sequential,55,13.37,0.13847037361159664
COFs,Sequential,55,13.43,0.13847037361159664
COFs,Sequential,55,13.5,0.13847037361159664
COFs,Sequential,55,13.56,0.13847037361159664
COFs,Sequential,55,13.63,0.13847037361159664
COFs,Sequential,55,13.69,0.13847037361159664
COFs,Sequential,55,13.76,0.13847037361159664
COFs,Sequential,55,13.82,0.13847037361159664
COFs,Sequential,55,13.89,0.13847037361159664
COFs,Sequential,55,13.95,0.13847037361159664
COFs,Sequential,55,14.02,0.13847037361159664
COFs,Sequential,55,14.08,0.13847037361159664
COFs,Sequential,55,14.15,0.13847037361159664
COFs,Sequential,55,14.21,0.13847037361159664
COFs,Sequential,55,14.28,0.13847037361159664
COFs,Sequential,55,14.34,0.13847037361159664
COFs,Sequential,55,15.34,0.13847037361159664
COFs,Sequential,55,15.41,0.13847037361159664
COFs,Sequential,55,15.47,0.13847037361159664
COFs,Sequential,55,15.54,0.13847037361159664
COFs,Sequential,55,15.6,0.13847037361159664
COFs,Sequential,55,15.67,0.13847037361159664
COFs,Sequential,55,15.73,0.13847037361159664
COFs,Sequential,55,15.8,0.13847037361159664
COFs,Sequential,55,15.86,0.13847037361159664
COFs,Sequential,55,15.93,0.13847037361159664
COFs,Sequential,55,15.99,0.13847037361159664
COFs,Sequential,55,16.06,0.13847037361159664
COFs,Sequential,55,16.12,0.13847037361159664
COFs,Sequential,55,16.19,0.13847037361159664
COFs,Sequential,55,16.25,0.13847037361159664
COFs,Sequential,55,16.32,0.13847037361159664
COFs,Sequential,55,17.32,0.13847037361159664
COFs,Sequential,55,17.38,0.13847037361159664
COFs,Sequential,55,17.45,0.13847037361159664
COFs,Sequential,55,17.51,0.13847037361159664
COFs,Sequential,55,17.58,0.13847037361159664
COFs,Sequential,55,17.64,0.13847037361159664
COFs,Sequential,55,17.71,0.13847037361159664
COFs,Sequential,55,17.77,0.13847037361159664
COFs,Sequential,55,17.84,0.13847037361159664
COFs,Sequential,55,17.9,0.13847037361159664
COFs,Sequential,55,17.97,0.13847037361159664
COFs,Sequential,55,18.04,0.13847037361159664
COFs,Sequential,55,18.1,0.13847037361159664
COFs,Sequential,55,18.17,0.13847037361159664
COFs,Sequential,55,18.23,0.13847037361159664
COFs,Sequential,55,18.3,0.13847037361159664
COFs,Sequential,55,19.3,0.13847037361159664
COFs,Sequential,55,19.36,0.13847037361159664
COFs,Sequential,55,19.43,0.13847037361159664
COFs,Sequential,55,19.49,0.13847037361159664
COFs,Sequential,55,19.56,0.13847037361159664
COFs,Sequential,55,19.62,0.13847037361159664
COFs,Sequential,55,19.69,0.13847037361159664
COFs,Sequential,55,19.75,0.13847037361159664
COFs,Sequential,55,19.82,0.13847037361159664
COFs,Sequential,55,19.88,0.13847037361159664
COFs,Sequential,55,19.95,0.13847037361159664
COFs,Sequential,55,20.01,0.13847037361159664
COFs,Sequential,55,20.08,0.13847037361159664
COFs,Sequential,55,20.14,0.13847037361159664
COFs,Sequential,55,20.21,0.13847037361159664
COFs,Sequential,55,20.27,0.13847037361159664
COFs,Sequential,55,21.27,0.13847037361159664
COFs,Sequential,55,21.34,0.13847037361159664
COFs,Sequential,55,21.4,0.13847037361159664
COFs,Sequential,55,21.47,0.13847037361159664
COFs,Sequential,55,21.53,0.13847037361159664
COFs,Sequential,55,21.6,0.13847037361159664
COFs,Sequential,55,21.66,0.13847037361159664
COFs,Sequential,55,21.73,0.13847037361159664
COFs,Sequential,55,21.79,0.13847037361159664
COFs,Sequential,55,21.86,0.13847037361159664
COFs,Sequential,55,21.92,0.13847037361159664
COFs,Sequential,55,21.99,0.13847037361159664
COFs,Sequential,55,22.05,0.13847037361159664
COFs,Sequential,55,22.12,0.13847037361159664
COFs,Sequential,55,22.18,0.13847037361159664
COFs,Sequential,55,22.25,0.13847037361159664
COFs,Sequential,55,23.25,0.13847037361159664
COFs,Sequential,55,23.31,0.13847037361159664
COFs,Sequential,55,23.38,0.13847037361159664
COFs,Sequential,55,23.44,0.13847037361159664
COFs,Sequential,55,23.51,0.13847037361159664
COFs,Sequential,55,23.57,0.13847037361159664
COFs,Sequential,55,23.64,0.13847037361159664
COFs,Sequential,55,23.7,0.13847037361159664
COFs,Sequential,55,23.77,0.13847037361159664
COFs,Sequential,55,23.83,0.13847037361159664
COFs,Sequential,55,23.9,0.13847037361159664
COFs,Sequential,55,23.96,0.13847037361159664
COFs,Sequential,55,24.03,0.13847037361159664
COFs,Sequential,55,24.09,0.13847037361159664
COFs,Sequential,55,24.16,0.13847037361159664
COFs,Sequential,55,24.22,0.13847037361159664
COFs,Sequential,55,25.22,0.13847037361159664
COFs,Sequential,55,25.29,0.13847037361159664
COFs,Sequential,55,25.35,0.13847037361159664
COFs,Sequential,55,25.42,0.13847037361159664
COFs,Sequential,55,25.48,0.13847037361159664
COFs,Sequential,55,25.55,0.13847037361159664
COFs,Sequential,55,25.61,0.13847037361159664
COFs,Sequential,55,25.68,0.13847037361159664
COFs,Sequential,55,25.74,0.13847037361159664
COFs,Sequential,55,25.81,0.13847037361159664
COFs,Sequential,55,25.87,0.13847037361159664
COFs,Sequential,55,25.94,0.13847037361159664
COFs,Sequential,55,26.0,0.13847037361159664
COFs,Sequential,55,26.07,0.13847037361159664
COFs,Sequential,55,26.13,0.13847037361159664
COFs,Sequential,55,26.2,0.13847037361159664
COFs,Sequential,55,27.2,0.13847037361159664
COFs,Sequential,55,27.26,0.13847037361159664
COFs,Sequential,55,27.33,0.13847037361159664
COFs,Sequential,55,27.39,0.13847037361159664
COFs,Sequential,55,27.46,0.13847037361159664
COFs,Sequential,55,27.52,0.13847037361159664
COFs,Sequential,55,27.59,0.13847037361159664
COFs,Sequential,55,27.65,0.13847037361159664
COFs,Sequential,55,27.72,0.13847037361159664
COFs,Sequential,55,27.78,0.13847037361159664
COFs,Sequential,55,27.85,0.13847037361159664
COFs,Sequential,55,27.91,0.13847037361159664
COFs,Sequential,55,27.98,0.13847037361159664
COFs,Sequential,55,28.04,0.13847037361159664
COFs,Sequential,55,28.11,0.13847037361159664
COFs,Sequential,55,28.17,0.13847037361159664
COFs,Sequential,55,29.17,0.13847037361159664
COFs,Sequential,55,29.24,0.13847037361159664
COFs,Sequential,55,29.3,0.13847037361159664
COFs,Sequential,55,29.37,0.13847037361159664
COFs,Sequential,55,29.43,0.13847037361159664
COFs,Sequential,55,29.5,0.13847037361159664
COFs,Sequential,55,29.56,0.13847037361159664
COFs,Sequential,55,29.63,0.13847037361159664
COFs,Sequential,55,29.69,0.13847037361159664
COFs,Sequential,55,29.76,0.13847037361159664
COFs,Sequential,55,29.82,0.13847037361159664
COFs,Sequential,55,29.89,0.13847037361159664
COFs,Sequential,55,29.95,0.13847037361159664
COFs,Sequential,56,3.5,2.768421691579954
COFs,Sequential,56,3.56,2.768421691579954
COFs,Sequential,56,3.62,2.768421691579954
COFs,Sequential,56,3.69,2.768421691579954
COFs,Sequential,56,3.75,2.768421691579954
COFs,Sequential,56,3.82,2.768421691579954
COFs,Sequential,56,3.88,2.768421691579954
COFs,Sequential,56,3.95,2.768421691579954
COFs,Sequential,56,4.01,2.768421691579954
COFs,Sequential,56,4.08,2.768421691579954
COFs,Sequential,56,4.15,2.768421691579954
COFs,Sequential,56,4.21,2.768421691579954
COFs,Sequential,56,4.28,2.768421691579954
COFs,Sequential,56,4.34,2.768421691579954
COFs,Sequential,56,4.41,2.768421691579954
COFs,Sequential,56,4.47,2.768421691579954
COFs,Sequential,56,5.47,2.768421691579954
COFs,Sequential,56,5.54,2.768421691579954
COFs,Sequential,56,5.6,2.768421691579954
COFs,Sequential,56,5.67,2.768421691579954
COFs,Sequential,56,5.73,2.768421691579954
COFs,Sequential,56,5.8,2.768421691579954
COFs,Sequential,56,5.86,2.768421691579954
COFs,Sequential,56,5.93,2.768421691579954
COFs,Sequential,56,5.99,2.768421691579954
COFs,Sequential,56,6.06,2.768421691579954
COFs,Sequential,56,6.12,2.768421691579954
COFs,Sequential,56,6.19,2.768421691579954
COFs,Sequential,56,6.25,2.768421691579954
COFs,Sequential,56,6.32,2.768421691579954
COFs,Sequential,56,6.38,2.768421691579954
COFs,Sequential,56,6.45,2.768421691579954
COFs,Sequential,56,7.45,2.768421691579954
COFs,Sequential,56,7.51,2.768421691579954
COFs,Sequential,56,7.58,2.768421691579954
COFs,Sequential,56,7.64,2.768421691579954
COFs,Sequential,56,7.71,2.768421691579954
COFs,Sequential,56,7.77,2.768421691579954
COFs,Sequential,56,7.84,2.768421691579954
COFs,Sequential,56,7.9,2.768421691579954
COFs,Sequential,56,7.97,2.768421691579954
COFs,Sequential,56,8.03,2.768421691579954
COFs,Sequential,56,8.1,2.768421691579954
COFs,Sequential,56,8.16,2.768421691579954
COFs,Sequential,56,8.23,2.768421691579954
COFs,Sequential,56,8.29,2.768421691579954
COFs,Sequential,56,8.36,2.768421691579954
COFs,Sequential,56,8.42,2.768421691579954
COFs,Sequential,56,9.42,2.768421691579954
COFs,Sequential,56,9.49,2.768421691579954
COFs,Sequential,56,9.55,2.768421691579954
COFs,Sequential,56,9.62,2.768421691579954
COFs,Sequential,56,9.68,2.768421691579954
COFs,Sequential,56,9.75,2.768421691579954
COFs,Sequential,56,9.81,2.768421691579954
COFs,Sequential,56,9.88,2.768421691579954
COFs,Sequential,56,9.94,2.768421691579954
COFs,Sequential,56,10.01,2.768421691579954
COFs,Sequential,56,10.07,2.768421691579954
COFs,Sequential,56,10.14,2.768421691579954
COFs,Sequential,56,10.2,2.768421691579954
COFs,Sequential,56,10.27,2.768421691579954
COFs,Sequential,56,10.33,2.768421691579954
COFs,Sequential,56,10.4,2.768421691579954
COFs,Sequential,56,11.4,2.768421691579954
COFs,Sequential,56,11.46,2.768421691579954
COFs,Sequential,56,11.53,2.768421691579954
COFs,Sequential,56,11.59,2.768421691579954
COFs,Sequential,56,11.65,2.768421691579954
COFs,Sequential,56,11.72,2.768421691579954
COFs,Sequential,56,11.78,2.768421691579954
COFs,Sequential,56,11.85,2.768421691579954
COFs,Sequential,56,11.91,2.768421691579954
COFs,Sequential,56,11.98,2.768421691579954
COFs,Sequential,56,12.04,2.768421691579954
COFs,Sequential,56,12.11,2.768421691579954
COFs,Sequential,56,12.17,2.768421691579954
COFs,Sequential,56,12.24,2.768421691579954
COFs,Sequential,56,12.3,2.768421691579954
COFs,Sequential,56,12.37,2.768421691579954
COFs,Sequential,56,13.37,2.768421691579954
COFs,Sequential,56,13.43,2.768421691579954
COFs,Sequential,56,13.5,2.768421691579954
COFs,Sequential,56,13.56,2.768421691579954
COFs,Sequential,56,13.63,2.768421691579954
COFs,Sequential,56,13.69,2.768421691579954
COFs,Sequential,56,13.76,2.768421691579954
COFs,Sequential,56,13.82,2.768421691579954
COFs,Sequential,56,13.89,2.768421691579954
COFs,Sequential,56,13.95,2.768421691579954
COFs,Sequential,56,14.02,2.768421691579954
COFs,Sequential,56,14.08,2.768421691579954
COFs,Sequential,56,14.15,2.768421691579954
COFs,Sequential,56,14.21,2.768421691579954
COFs,Sequential,56,14.28,2.768421691579954
COFs,Sequential,56,14.34,2.768421691579954
COFs,Sequential,56,15.34,2.768421691579954
COFs,Sequential,56,15.41,2.768421691579954
COFs,Sequential,56,15.47,2.768421691579954
COFs,Sequential,56,15.54,2.768421691579954
COFs,Sequential,56,15.6,2.768421691579954
COFs,Sequential,56,15.67,2.768421691579954
COFs,Sequential,56,15.73,2.768421691579954
COFs,Sequential,56,15.8,2.768421691579954
COFs,Sequential,56,15.86,2.768421691579954
COFs,Sequential,56,15.93,2.768421691579954
COFs,Sequential,56,15.99,2.768421691579954
COFs,Sequential,56,16.06,2.768421691579954
COFs,Sequential,56,16.12,2.768421691579954
COFs,Sequential,56,16.19,2.768421691579954
COFs,Sequential,56,16.25,2.768421691579954
COFs,Sequential,56,16.32,2.768421691579954
COFs,Sequential,56,17.32,2.768421691579954
COFs,Sequential,56,17.38,2.768421691579954
COFs,Sequential,56,17.45,2.768421691579954
COFs,Sequential,56,17.51,2.768421691579954
COFs,Sequential,56,17.58,2.768421691579954
COFs,Sequential,56,17.64,2.768421691579954
COFs,Sequential,56,17.71,2.768421691579954
COFs,Sequential,56,17.77,2.768421691579954
COFs,Sequential,56,17.84,2.768421691579954
COFs,Sequential,56,17.9,2.768421691579954
COFs,Sequential,56,17.97,2.768421691579954
COFs,Sequential,56,18.04,2.768421691579954
COFs,Sequential,56,18.1,2.768421691579954
COFs,Sequential,56,18.17,2.768421691579954
COFs,Sequential,56,18.23,2.768421691579954
COFs,Sequential,56,18.3,2.768421691579954
COFs,Sequential,56,19.3,0.0
COFs,Sequential,56,19.36,0.0
COFs,Sequential,56,19.43,0.0
COFs,Sequential,56,19.49,0.0
COFs,Sequential,56,19.56,0.0
COFs,Sequential,56,19.62,0.0
COFs,Sequential,56,19.69,0.0
COFs,Sequential,56,19.75,0.0
COFs,Sequential,56,19.82,0.0
COFs,Sequential,56,19.88,0.0
COFs,Sequential,56,19.95,0.0
COFs,Sequential,56,20.01,0.0
COFs,Sequential,56,20.08,0.0
COFs,Sequential,56,20.14,0.0
COFs,Sequential,56,20.21,0.0
COFs,Sequential,56,20.27,0.0
COFs,Sequential,56,21.27,0.0
COFs,Sequential,56,21.34,0.0
COFs,Sequential,56,21.4,0.0
COFs,Sequential,56,21.47,0.0
COFs,Sequential,56,21.53,0.0
COFs,Sequential,56,21.6,0.0
COFs,Sequential,56,21.66,0.0
COFs,Sequential,56,21.73,0.0
COFs,Sequential,56,21.79,0.0
COFs,Sequential,56,21.86,0.0
COFs,Sequential,56,21.92,0.0
COFs,Sequential,56,21.99,0.0
COFs,Sequential,56,22.05,0.0
COFs,Sequential,56,22.12,0.0
COFs,Sequential,56,22.18,0.0
COFs,Sequential,56,22.25,0.0
COFs,Sequential,56,23.25,0.0
COFs,Sequential,56,23.31,0.0
COFs,Sequential,56,23.38,0.0
COFs,Sequential,56,23.44,0.0
COFs,Sequential,56,23.51,0.0
COFs,Sequential,56,23.57,0.0
COFs,Sequential,56,23.64,0.0
COFs,Sequential,56,23.7,0.0
COFs,Sequential,56,23.77,0.0
COFs,Sequential,56,23.83,0.0
COFs,Sequential,56,23.9,0.0
COFs,Sequential,56,23.96,0.0
COFs,Sequential,56,24.03,0.0
COFs,Sequential,56,24.09,0.0
COFs,Sequential,56,24.16,0.0
COFs,Sequential,56,24.22,0.0
COFs,Sequential,56,25.22,0.0
COFs,Sequential,56,25.29,0.0
COFs,Sequential,56,25.35,0.0
COFs,Sequential,56,25.42,0.0
COFs,Sequential,56,25.48,0.0
COFs,Sequential,56,25.55,0.0
COFs,Sequential,56,25.61,0.0
COFs,Sequential,56,25.68,0.0
COFs,Sequential,56,25.74,0.0
COFs,Sequential,56,25.81,0.0
COFs,Sequential,56,25.87,0.0
COFs,Sequential,56,25.94,0.0
COFs,Sequential,56,26.0,0.0
COFs,Sequential,56,26.07,0.0
COFs,Sequential,56,26.13,0.0
COFs,Sequential,56,26.2,0.0
COFs,Sequential,56,27.2,0.0
COFs,Sequential,56,27.26,0.0
COFs,Sequential,56,27.33,0.0
COFs,Sequential,56,27.39,0.0
COFs,Sequential,56,27.46,0.0
COFs,Sequential,56,27.52,0.0
COFs,Sequential,56,27.59,0.0
COFs,Sequential,56,27.65,0.0
COFs,Sequential,56,27.72,0.0
COFs,Sequential,56,27.78,0.0
COFs,Sequential,56,27.85,0.0
COFs,Sequential,56,27.91,0.0
COFs,Sequential,56,27.98,0.0
COFs,Sequential,56,28.04,0.0
COFs,Sequential,56,28.11,0.0
COFs,Sequential,56,28.17,0.0
COFs,Sequential,56,29.17,0.0
COFs,Sequential,56,29.24,0.0
COFs,Sequential,56,29.3,0.0
COFs,Sequential,56,29.37,0.0
COFs,Sequential,56,29.43,0.0
COFs,Sequential,56,29.5,0.0
COFs,Sequential,56,29.56,0.0
COFs,Sequential,56,29.63,0.0
COFs,Sequential,56,29.69,0.0
COFs,Sequential,56,29.76,0.0
COFs,Sequential,56,29.82,0.0
COFs,Sequential,56,29.89,0.0
COFs,Sequential,56,29.95,0.0
COFs,Sequential,57,3.5,16.312287703873416
COFs,Sequential,57,3.56,16.312287703873416
COFs,Sequential,57,3.62,16.312287703873416
COFs,Sequential,57,3.69,16.312287703873416
COFs,Sequential,57,3.75,16.312287703873416
COFs,Sequential,57,3.82,16.312287703873416
COFs,Sequential,57,3.88,16.312287703873416
COFs,Sequential,57,3.95,16.312287703873416
COFs,Sequential,57,4.01,16.312287703873416
COFs,Sequential,57,4.08,16.312287703873416
COFs,Sequential,57,4.15,16.312287703873416
COFs,Sequential,57,4.21,16.312287703873416
COFs,Sequential,57,4.28,16.312287703873416
COFs,Sequential,57,4.34,16.312287703873416
COFs,Sequential,57,4.41,16.312287703873416
COFs,Sequential,57,4.47,16.312287703873416
COFs,Sequential,57,5.47,2.768421691579954
COFs,Sequential,57,5.54,2.768421691579954
COFs,Sequential,57,5.6,2.768421691579954
COFs,Sequential,57,5.67,2.768421691579954
COFs,Sequential,57,5.73,2.768421691579954
COFs,Sequential,57,5.8,2.768421691579954
COFs,Sequential,57,5.86,2.768421691579954
COFs,Sequential,57,5.93,2.768421691579954
COFs,Sequential,57,5.99,2.768421691579954
COFs,Sequential,57,6.06,2.768421691579954
COFs,Sequential,57,6.12,2.768421691579954
COFs,Sequential,57,6.19,2.768421691579954
COFs,Sequential,57,6.25,2.768421691579954
COFs,Sequential,57,6.32,2.768421691579954
COFs,Sequential,57,6.38,2.768421691579954
COFs,Sequential,57,6.45,2.768421691579954
COFs,Sequential,57,7.45,2.768421691579954
COFs,Sequential,57,7.51,2.768421691579954
COFs,Sequential,57,7.58,2.768421691579954
COFs,Sequential,57,7.64,2.768421691579954
COFs,Sequential,57,7.71,2.768421691579954
COFs,Sequential,57,7.77,2.768421691579954
COFs,Sequential,57,7.84,2.768421691579954
COFs,Sequential,57,7.9,2.768421691579954
COFs,Sequential,57,7.97,2.768421691579954
COFs,Sequential,57,8.03,2.768421691579954
COFs,Sequential,57,8.1,2.768421691579954
COFs,Sequential,57,8.16,2.768421691579954
COFs,Sequential,57,8.23,2.768421691579954
COFs,Sequential,57,8.29,2.768421691579954
COFs,Sequential,57,8.36,2.768421691579954
COFs,Sequential,57,8.42,2.768421691579954
COFs,Sequential,57,9.42,0.13847037361159664
COFs,Sequential,57,9.49,0.13847037361159664
COFs,Sequential,57,9.55,0.13847037361159664
COFs,Sequential,57,9.62,0.13847037361159664
COFs,Sequential,57,9.68,0.13847037361159664
COFs,Sequential,57,9.75,0.13847037361159664
COFs,Sequential,57,9.81,0.13847037361159664
COFs,Sequential,57,9.88,0.13847037361159664
COFs,Sequential,57,9.94,0.13847037361159664
COFs,Sequential,57,10.01,0.13847037361159664
COFs,Sequential,57,10.07,0.13847037361159664
COFs,Sequential,57,10.14,0.13847037361159664
COFs,Sequential,57,10.2,0.13847037361159664
COFs,Sequential,57,10.27,0.13847037361159664
COFs,Sequential,57,10.33,0.13847037361159664
COFs,Sequential,57,10.4,0.13847037361159664
COFs,Sequential,57,11.4,0.13847037361159664
COFs,Sequential,57,11.46,0.13847037361159664
COFs,Sequential,57,11.53,0.13847037361159664
COFs,Sequential,57,11.59,0.13847037361159664
COFs,Sequential,57,11.65,0.13847037361159664
COFs,Sequential,57,11.72,0.13847037361159664
COFs,Sequential,57,11.78,0.13847037361159664
COFs,Sequential,57,11.85,0.13847037361159664
COFs,Sequential,57,11.91,0.13847037361159664
COFs,Sequential,57,11.98,0.13847037361159664
COFs,Sequential,57,12.04,0.13847037361159664
COFs,Sequential,57,12.11,0.13847037361159664
COFs,Sequential,57,12.17,0.13847037361159664
COFs,Sequential,57,12.24,0.13847037361159664
COFs,Sequential,57,12.3,0.13847037361159664
COFs,Sequential,57,12.37,0.13847037361159664
COFs,Sequential,57,13.37,0.13847037361159664
COFs,Sequential,57,13.43,0.13847037361159664
COFs,Sequential,57,13.5,0.13847037361159664
COFs,Sequential,57,13.56,0.13847037361159664
COFs,Sequential,57,13.63,0.13847037361159664
COFs,Sequential,57,13.69,0.13847037361159664
COFs,Sequential,57,13.76,0.13847037361159664
COFs,Sequential,57,13.82,0.13847037361159664
COFs,Sequential,57,13.89,0.13847037361159664
COFs,Sequential,57,13.95,0.13847037361159664
COFs,Sequential,57,14.02,0.13847037361159664
COFs,Sequential,57,14.08,0.13847037361159664
COFs,Sequential,57,14.15,0.13847037361159664
COFs,Sequential,57,14.21,0.13847037361159664
COFs,Sequential,57,14.28,0.13847037361159664
COFs,Sequential,57,14.34,0.13847037361159664
COFs,Sequential,57,15.34,0.13847037361159664
COFs,Sequential,57,15.41,0.13847037361159664
COFs,Sequential,57,15.47,0.13847037361159664
COFs,Sequential,57,15.54,0.13847037361159664
COFs,Sequential,57,15.6,0.13847037361159664
COFs,Sequential,57,15.67,0.13847037361159664
COFs,Sequential,57,15.73,0.13847037361159664
COFs,Sequential,57,15.8,0.13847037361159664
COFs,Sequential,57,15.86,0.13847037361159664
COFs,Sequential,57,15.93,0.13847037361159664
COFs,Sequential,57,15.99,0.13847037361159664
COFs,Sequential,57,16.06,0.13847037361159664
COFs,Sequential,57,16.12,0.13847037361159664
COFs,Sequential,57,16.19,0.13847037361159664
COFs,Sequential,57,16.25,0.13847037361159664
COFs,Sequential,57,16.32,0.13847037361159664
COFs,Sequential,57,17.32,0.13847037361159664
COFs,Sequential,57,17.38,0.13847037361159664
COFs,Sequential,57,17.45,0.13847037361159664
COFs,Sequential,57,17.51,0.13847037361159664
COFs,Sequential,57,17.58,0.13847037361159664
COFs,Sequential,57,17.64,0.13847037361159664
COFs,Sequential,57,17.71,0.13847037361159664
COFs,Sequential,57,17.77,0.13847037361159664
COFs,Sequential,57,17.84,0.13847037361159664
COFs,Sequential,57,17.9,0.13847037361159664
COFs,Sequential,57,17.97,0.13847037361159664
COFs,Sequential,57,18.04,0.13847037361159664
COFs,Sequential,57,18.1,0.13847037361159664
COFs,Sequential,57,18.17,0.13847037361159664
COFs,Sequential,57,18.23,0.13847037361159664
COFs,Sequential,57,18.3,0.13847037361159664
COFs,Sequential,57,19.3,0.13847037361159664
COFs,Sequential,57,19.36,0.13847037361159664
COFs,Sequential,57,19.43,0.13847037361159664
COFs,Sequential,57,19.49,0.13847037361159664
COFs,Sequential,57,19.56,0.13847037361159664
COFs,Sequential,57,19.62,0.13847037361159664
COFs,Sequential,57,19.69,0.13847037361159664
COFs,Sequential,57,19.75,0.13847037361159664
COFs,Sequential,57,19.82,0.13847037361159664
COFs,Sequential,57,19.88,0.13847037361159664
COFs,Sequential,57,19.95,0.13847037361159664
COFs,Sequential,57,20.01,0.13847037361159664
COFs,Sequential,57,20.08,0.13847037361159664
COFs,Sequential,57,20.14,0.13847037361159664
COFs,Sequential,57,20.21,0.13847037361159664
COFs,Sequential,57,20.27,0.13847037361159664
COFs,Sequential,57,21.27,0.13847037361159664
COFs,Sequential,57,21.34,0.13847037361159664
COFs,Sequential,57,21.4,0.13847037361159664
COFs,Sequential,57,21.47,0.13847037361159664
COFs,Sequential,57,21.53,0.13847037361159664
COFs,Sequential,57,21.6,0.13847037361159664
COFs,Sequential,57,21.66,0.13847037361159664
COFs,Sequential,57,21.73,0.13847037361159664
COFs,Sequential,57,21.79,0.13847037361159664
COFs,Sequential,57,21.86,0.13847037361159664
COFs,Sequential,57,21.92,0.13847037361159664
COFs,Sequential,57,21.99,0.13847037361159664
COFs,Sequential,57,22.05,0.13847037361159664
COFs,Sequential,57,22.12,0.13847037361159664
COFs,Sequential,57,22.18,0.13847037361159664
COFs,Sequential,57,22.25,0.13847037361159664
COFs,Sequential,57,23.25,0.13847037361159664
COFs,Sequential,57,23.31,0.13847037361159664
COFs,Sequential,57,23.38,0.13847037361159664
COFs,Sequential,57,23.44,0.13847037361159664
COFs,Sequential,57,23.51,0.13847037361159664
COFs,Sequential,57,23.57,0.13847037361159664
COFs,Sequential,57,23.64,0.13847037361159664
COFs,Sequential,57,23.7,0.13847037361159664
COFs,Sequential,57,23.77,0.13847037361159664
COFs,Sequential,57,23.83,0.13847037361159664
COFs,Sequential,57,23.9,0.13847037361159664
COFs,Sequential,57,23.96,0.13847037361159664
COFs,Sequential,57,24.03,0.13847037361159664
COFs,Sequential,57,24.09,0.13847037361159664
COFs,Sequential,57,24.16,0.13847037361159664
COFs,Sequential,57,24.22,0.13847037361159664
COFs,Sequential,57,25.22,0.13847037361159664
COFs,Sequential,57,25.29,0.13847037361159664
COFs,Sequential,57,25.35,0.13847037361159664
COFs,Sequential,57,25.42,0.13847037361159664
COFs,Sequential,57,25.48,0.13847037361159664
COFs,Sequential,57,25.55,0.13847037361159664
COFs,Sequential,57,25.61,0.13847037361159664
COFs,Sequential,57,25.68,0.13847037361159664
COFs,Sequential,57,25.74,0.13847037361159664
COFs,Sequential,57,25.81,0.13847037361159664
COFs,Sequential,57,25.87,0.13847037361159664
COFs,Sequential,57,25.94,0.13847037361159664
COFs,Sequential,57,26.0,0.13847037361159664
COFs,Sequential,57,26.07,0.13847037361159664
COFs,Sequential,57,26.13,0.13847037361159664
COFs,Sequential,57,26.2,0.13847037361159664
COFs,Sequential,57,27.2,0.13847037361159664
COFs,Sequential,57,27.26,0.13847037361159664
COFs,Sequential,57,27.33,0.13847037361159664
COFs,Sequential,57,27.39,0.13847037361159664
COFs,Sequential,57,27.46,0.13847037361159664
COFs,Sequential,57,27.52,0.13847037361159664
COFs,Sequential,57,27.59,0.13847037361159664
COFs,Sequential,57,27.65,0.13847037361159664
COFs,Sequential,57,27.72,0.13847037361159664
COFs,Sequential,57,27.78,0.13847037361159664
COFs,Sequential,57,27.85,0.13847037361159664
COFs,Sequential,57,27.91,0.13847037361159664
COFs,Sequential,57,27.98,0.13847037361159664
COFs,Sequential,57,28.04,0.13847037361159664
COFs,Sequential,57,28.11,0.13847037361159664
COFs,Sequential,57,28.17,0.13847037361159664
COFs,Sequential,57,29.17,0.13847037361159664
COFs,Sequential,57,29.24,0.13847037361159664
COFs,Sequential,57,29.3,0.13847037361159664
COFs,Sequential,57,29.37,0.13847037361159664
COFs,Sequential,57,29.43,0.13847037361159664
COFs,Sequential,57,29.5,0.13847037361159664
COFs,Sequential,57,29.56,0.13847037361159664
COFs,Sequential,57,29.63,0.13847037361159664
COFs,Sequential,57,29.69,0.13847037361159664
COFs,Sequential,57,29.76,0.13847037361159664
COFs,Sequential,57,29.82,0.13847037361159664
COFs,Sequential,57,29.89,0.13847037361159664
COFs,Sequential,57,29.95,0.13847037361159664
COFs,Sequential,58,3.5,14.284141411021764
COFs,Sequential,58,3.56,14.284141411021764
COFs,Sequential,58,3.62,14.284141411021764
COFs,Sequential,58,3.69,14.284141411021764
COFs,Sequential,58,3.75,14.284141411021764
COFs,Sequential,58,3.82,14.284141411021764
COFs,Sequential,58,3.88,14.284141411021764
COFs,Sequential,58,3.95,14.284141411021764
COFs,Sequential,58,4.01,14.284141411021764
COFs,Sequential,58,4.08,14.284141411021764
COFs,Sequential,58,4.15,14.284141411021764
COFs,Sequential,58,4.21,14.284141411021764
COFs,Sequential,58,4.28,14.284141411021764
COFs,Sequential,58,4.34,14.284141411021764
COFs,Sequential,58,4.41,14.284141411021764
COFs,Sequential,58,4.47,14.284141411021764
COFs,Sequential,58,5.47,4.516970590908455
COFs,Sequential,58,5.54,4.516970590908455
COFs,Sequential,58,5.6,4.516970590908455
COFs,Sequential,58,5.67,4.516970590908455
COFs,Sequential,58,5.73,4.516970590908455
COFs,Sequential,58,5.8,4.516970590908455
COFs,Sequential,58,5.86,4.516970590908455
COFs,Sequential,58,5.93,4.516970590908455
COFs,Sequential,58,5.99,4.516970590908455
COFs,Sequential,58,6.06,4.516970590908455
COFs,Sequential,58,6.12,4.516970590908455
COFs,Sequential,58,6.19,4.516970590908455
COFs,Sequential,58,6.25,4.516970590908455
COFs,Sequential,58,6.32,4.516970590908455
COFs,Sequential,58,6.38,4.516970590908455
COFs,Sequential,58,6.45,4.516970590908455
COFs,Sequential,58,7.45,4.516970590908455
COFs,Sequential,58,7.51,4.516970590908455
COFs,Sequential,58,7.58,4.516970590908455
COFs,Sequential,58,7.64,4.516970590908455
COFs,Sequential,58,7.71,4.516970590908455
COFs,Sequential,58,7.77,4.516970590908455
COFs,Sequential,58,7.84,4.516970590908455
COFs,Sequential,58,7.9,4.516970590908455
COFs,Sequential,58,7.97,4.516970590908455
COFs,Sequential,58,8.03,4.516970590908455
COFs,Sequential,58,8.1,4.516970590908455
COFs,Sequential,58,8.16,4.516970590908455
COFs,Sequential,58,8.23,4.516970590908455
COFs,Sequential,58,8.29,4.516970590908455
COFs,Sequential,58,8.36,4.516970590908455
COFs,Sequential,58,8.42,4.516970590908455
COFs,Sequential,58,9.42,4.516970590908455
COFs,Sequential,58,9.49,4.516970590908455
COFs,Sequential,58,9.55,4.516970590908455
COFs,Sequential,58,9.62,4.516970590908455
COFs,Sequential,58,9.68,4.516970590908455
COFs,Sequential,58,9.75,4.516970590908455
COFs,Sequential,58,9.81,4.516970590908455
COFs,Sequential,58,9.88,4.516970590908455
COFs,Sequential,58,9.94,4.516970590908455
COFs,Sequential,58,10.01,4.516970590908455
COFs,Sequential,58,10.07,4.516970590908455
COFs,Sequential,58,10.14,4.516970590908455
COFs,Sequential,58,10.2,4.516970590908455
COFs,Sequential,58,10.27,4.516970590908455
COFs,Sequential,58,10.33,4.516970590908455
COFs,Sequential,58,10.4,4.516970590908455
COFs,Sequential,58,11.4,4.516970590908455
COFs,Sequential,58,11.46,4.516970590908455
COFs,Sequential,58,11.53,4.516970590908455
COFs,Sequential,58,11.59,4.516970590908455
COFs,Sequential,58,11.65,4.516970590908455
COFs,Sequential,58,11.72,4.516970590908455
COFs,Sequential,58,11.78,4.516970590908455
COFs,Sequential,58,11.85,4.516970590908455
COFs,Sequential,58,11.91,4.516970590908455
COFs,Sequential,58,11.98,4.516970590908455
COFs,Sequential,58,12.04,4.516970590908455
COFs,Sequential,58,12.11,4.516970590908455
COFs,Sequential,58,12.17,4.516970590908455
COFs,Sequential,58,12.24,4.516970590908455
COFs,Sequential,58,12.3,4.516970590908455
COFs,Sequential,58,12.37,4.516970590908455
COFs,Sequential,58,13.37,4.516970590908455
COFs,Sequential,58,13.43,4.516970590908455
COFs,Sequential,58,13.5,4.516970590908455
COFs,Sequential,58,13.56,4.516970590908455
COFs,Sequential,58,13.63,4.516970590908455
COFs,Sequential,58,13.69,4.516970590908455
COFs,Sequential,58,13.76,4.516970590908455
COFs,Sequential,58,13.82,4.516970590908455
COFs,Sequential,58,13.89,4.516970590908455
COFs,Sequential,58,13.95,4.516970590908455
COFs,Sequential,58,14.02,4.516970590908455
COFs,Sequential,58,14.08,4.516970590908455
COFs,Sequential,58,14.15,4.516970590908455
COFs,Sequential,58,14.21,4.516970590908455
COFs,Sequential,58,14.28,4.516970590908455
COFs,Sequential,58,14.34,4.516970590908455
COFs,Sequential,58,15.34,4.516970590908455
COFs,Sequential,58,15.41,4.516970590908455
COFs,Sequential,58,15.47,4.516970590908455
COFs,Sequential,58,15.54,4.516970590908455
COFs,Sequential,58,15.6,4.516970590908455
COFs,Sequential,58,15.67,4.516970590908455
COFs,Sequential,58,15.73,4.516970590908455
COFs,Sequential,58,15.8,4.516970590908455
COFs,Sequential,58,15.86,4.516970590908455
COFs,Sequential,58,15.93,4.516970590908455
COFs,Sequential,58,15.99,4.516970590908455
COFs,Sequential,58,16.06,4.516970590908455
COFs,Sequential,58,16.12,4.516970590908455
COFs,Sequential,58,16.19,4.516970590908455
COFs,Sequential,58,16.25,4.516970590908455
COFs,Sequential,58,16.32,4.516970590908455
COFs,Sequential,58,17.32,0.13847037361159664
COFs,Sequential,58,17.38,0.13847037361159664
COFs,Sequential,58,17.45,0.13847037361159664
COFs,Sequential,58,17.51,0.13847037361159664
COFs,Sequential,58,17.58,0.13847037361159664
COFs,Sequential,58,17.64,0.13847037361159664
COFs,Sequential,58,17.71,0.13847037361159664
COFs,Sequential,58,17.77,0.13847037361159664
COFs,Sequential,58,17.84,0.13847037361159664
COFs,Sequential,58,17.9,0.13847037361159664
COFs,Sequential,58,17.97,0.13847037361159664
COFs,Sequential,58,18.04,0.13847037361159664
COFs,Sequential,58,18.1,0.13847037361159664
COFs,Sequential,58,18.17,0.13847037361159664
COFs,Sequential,58,18.23,0.13847037361159664
COFs,Sequential,58,18.3,0.13847037361159664
COFs,Sequential,58,19.3,0.0
COFs,Sequential,58,19.36,0.0
COFs,Sequential,58,19.43,0.0
COFs,Sequential,58,19.49,0.0
COFs,Sequential,58,19.56,0.0
COFs,Sequential,58,19.62,0.0
COFs,Sequential,58,19.69,0.0
COFs,Sequential,58,19.75,0.0
COFs,Sequential,58,19.82,0.0
COFs,Sequential,58,19.88,0.0
COFs,Sequential,58,19.95,0.0
COFs,Sequential,58,20.01,0.0
COFs,Sequential,58,20.08,0.0
COFs,Sequential,58,20.14,0.0
COFs,Sequential,58,20.21,0.0
COFs,Sequential,58,20.27,0.0
COFs,Sequential,58,21.27,0.0
COFs,Sequential,58,21.34,0.0
COFs,Sequential,58,21.4,0.0
COFs,Sequential,58,21.47,0.0
COFs,Sequential,58,21.53,0.0
COFs,Sequential,58,21.6,0.0
COFs,Sequential,58,21.66,0.0
COFs,Sequential,58,21.73,0.0
COFs,Sequential,58,21.79,0.0
COFs,Sequential,58,21.86,0.0
COFs,Sequential,58,21.92,0.0
COFs,Sequential,58,21.99,0.0
COFs,Sequential,58,22.05,0.0
COFs,Sequential,58,22.12,0.0
COFs,Sequential,58,22.18,0.0
COFs,Sequential,58,22.25,0.0
COFs,Sequential,58,23.25,0.0
COFs,Sequential,58,23.31,0.0
COFs,Sequential,58,23.38,0.0
COFs,Sequential,58,23.44,0.0
COFs,Sequential,58,23.51,0.0
COFs,Sequential,58,23.57,0.0
COFs,Sequential,58,23.64,0.0
COFs,Sequential,58,23.7,0.0
COFs,Sequential,58,23.77,0.0
COFs,Sequential,58,23.83,0.0
COFs,Sequential,58,23.9,0.0
COFs,Sequential,58,23.96,0.0
COFs,Sequential,58,24.03,0.0
COFs,Sequential,58,24.09,0.0
COFs,Sequential,58,24.16,0.0
COFs,Sequential,58,24.22,0.0
COFs,Sequential,58,25.22,0.0
COFs,Sequential,58,25.29,0.0
COFs,Sequential,58,25.35,0.0
COFs,Sequential,58,25.42,0.0
COFs,Sequential,58,25.48,0.0
COFs,Sequential,58,25.55,0.0
COFs,Sequential,58,25.61,0.0
COFs,Sequential,58,25.68,0.0
COFs,Sequential,58,25.74,0.0
COFs,Sequential,58,25.81,0.0
COFs,Sequential,58,25.87,0.0
COFs,Sequential,58,25.94,0.0
COFs,Sequential,58,26.0,0.0
COFs,Sequential,58,26.07,0.0
COFs,Sequential,58,26.13,0.0
COFs,Sequential,58,26.2,0.0
COFs,Sequential,58,27.2,0.0
COFs,Sequential,58,27.26,0.0
COFs,Sequential,58,27.33,0.0
COFs,Sequential,58,27.39,0.0
COFs,Sequential,58,27.46,0.0
COFs,Sequential,58,27.52,0.0
COFs,Sequential,58,27.59,0.0
COFs,Sequential,58,27.65,0.0
COFs,Sequential,58,27.72,0.0
COFs,Sequential,58,27.78,0.0
COFs,Sequential,58,27.85,0.0
COFs,Sequential,58,27.91,0.0
COFs,Sequential,58,27.98,0.0
COFs,Sequential,58,28.04,0.0
COFs,Sequential,58,28.11,0.0
COFs,Sequential,58,28.17,0.0
COFs,Sequential,58,29.17,0.0
COFs,Sequential,58,29.24,0.0
COFs,Sequential,58,29.3,0.0
COFs,Sequential,58,29.37,0.0
COFs,Sequential,58,29.43,0.0
COFs,Sequential,58,29.5,0.0
COFs,Sequential,58,29.56,0.0
COFs,Sequential,58,29.63,0.0
COFs,Sequential,58,29.69,0.0
COFs,Sequential,58,29.76,0.0
COFs,Sequential,58,29.82,0.0
COFs,Sequential,58,29.89,0.0
COFs,Sequential,58,29.95,0.0
COFs,Sequential,59,3.5,2.768421691579954
COFs,Sequential,59,3.56,2.768421691579954
COFs,Sequential,59,3.62,2.768421691579954
COFs,Sequential,59,3.69,2.768421691579954
COFs,Sequential,59,3.75,2.768421691579954
COFs,Sequential,59,3.82,2.768421691579954
COFs,Sequential,59,3.88,2.768421691579954
COFs,Sequential,59,3.95,2.768421691579954
COFs,Sequential,59,4.01,2.768421691579954
COFs,Sequential,59,4.08,2.768421691579954
COFs,Sequential,59,4.15,2.768421691579954
COFs,Sequential,59,4.21,2.768421691579954
COFs,Sequential,59,4.28,2.768421691579954
COFs,Sequential,59,4.34,2.768421691579954
COFs,Sequential,59,4.41,2.768421691579954
COFs,Sequential,59,4.47,2.768421691579954
COFs,Sequential,59,5.47,2.768421691579954
COFs,Sequential,59,5.54,2.768421691579954
COFs,Sequential,59,5.6,2.768421691579954
COFs,Sequential,59,5.67,2.768421691579954
COFs,Sequential,59,5.73,2.768421691579954
COFs,Sequential,59,5.8,2.768421691579954
COFs,Sequential,59,5.86,2.768421691579954
COFs,Sequential,59,5.93,2.768421691579954
COFs,Sequential,59,5.99,2.768421691579954
COFs,Sequential,59,6.06,2.768421691579954
COFs,Sequential,59,6.12,2.768421691579954
COFs,Sequential,59,6.19,2.768421691579954
COFs,Sequential,59,6.25,2.768421691579954
COFs,Sequential,59,6.32,2.768421691579954
COFs,Sequential,59,6.38,2.768421691579954
COFs,Sequential,59,6.45,2.768421691579954
COFs,Sequential,59,7.45,2.768421691579954
COFs,Sequential,59,7.51,2.768421691579954
COFs,Sequential,59,7.58,2.768421691579954
COFs,Sequential,59,7.64,2.768421691579954
COFs,Sequential,59,7.71,2.768421691579954
COFs,Sequential,59,7.77,2.768421691579954
COFs,Sequential,59,7.84,2.768421691579954
COFs,Sequential,59,7.9,2.768421691579954
COFs,Sequential,59,7.97,2.768421691579954
COFs,Sequential,59,8.03,2.768421691579954
COFs,Sequential,59,8.1,2.768421691579954
COFs,Sequential,59,8.16,2.768421691579954
COFs,Sequential,59,8.23,2.768421691579954
COFs,Sequential,59,8.29,2.768421691579954
COFs,Sequential,59,8.36,2.768421691579954
COFs,Sequential,59,8.42,2.768421691579954
COFs,Sequential,59,9.42,2.768421691579954
COFs,Sequential,59,9.49,2.768421691579954
COFs,Sequential,59,9.55,2.768421691579954
COFs,Sequential,59,9.62,2.768421691579954
COFs,Sequential,59,9.68,2.768421691579954
COFs,Sequential,59,9.75,2.768421691579954
COFs,Sequential,59,9.81,2.768421691579954
COFs,Sequential,59,9.88,2.768421691579954
COFs,Sequential,59,9.94,2.768421691579954
COFs,Sequential,59,10.01,2.768421691579954
COFs,Sequential,59,10.07,2.768421691579954
COFs,Sequential,59,10.14,2.768421691579954
COFs,Sequential,59,10.2,2.768421691579954
COFs,Sequential,59,10.27,2.768421691579954
COFs,Sequential,59,10.33,2.768421691579954
COFs,Sequential,59,10.4,2.768421691579954
COFs,Sequential,59,11.4,2.768421691579954
COFs,Sequential,59,11.46,2.768421691579954
COFs,Sequential,59,11.53,2.768421691579954
COFs,Sequential,59,11.59,2.768421691579954
COFs,Sequential,59,11.65,2.768421691579954
COFs,Sequential,59,11.72,2.768421691579954
COFs,Sequential,59,11.78,2.768421691579954
COFs,Sequential,59,11.85,2.768421691579954
COFs,Sequential,59,11.91,2.768421691579954
COFs,Sequential,59,11.98,2.768421691579954
COFs,Sequential,59,12.04,2.768421691579954
COFs,Sequential,59,12.11,2.768421691579954
COFs,Sequential,59,12.17,2.768421691579954
COFs,Sequential,59,12.24,2.768421691579954
COFs,Sequential,59,12.3,2.768421691579954
COFs,Sequential,59,12.37,2.768421691579954
COFs,Sequential,59,13.37,2.768421691579954
COFs,Sequential,59,13.43,2.768421691579954
COFs,Sequential,59,13.5,2.768421691579954
COFs,Sequential,59,13.56,2.768421691579954
COFs,Sequential,59,13.63,2.768421691579954
COFs,Sequential,59,13.69,2.768421691579954
COFs,Sequential,59,13.76,2.768421691579954
COFs,Sequential,59,13.82,2.768421691579954
COFs,Sequential,59,13.89,2.768421691579954
COFs,Sequential,59,13.95,2.768421691579954
COFs,Sequential,59,14.02,2.768421691579954
COFs,Sequential,59,14.08,2.768421691579954
COFs,Sequential,59,14.15,2.768421691579954
COFs,Sequential,59,14.21,2.768421691579954
COFs,Sequential,59,14.28,2.768421691579954
COFs,Sequential,59,14.34,2.768421691579954
COFs,Sequential,59,15.34,2.768421691579954
COFs,Sequential,59,15.41,2.768421691579954
COFs,Sequential,59,15.47,2.768421691579954
COFs,Sequential,59,15.54,2.768421691579954
COFs,Sequential,59,15.6,2.768421691579954
COFs,Sequential,59,15.67,2.768421691579954
COFs,Sequential,59,15.73,2.768421691579954
COFs,Sequential,59,15.8,2.768421691579954
COFs,Sequential,59,15.86,2.768421691579954
COFs,Sequential,59,15.93,2.768421691579954
COFs,Sequential,59,15.99,2.768421691579954
COFs,Sequential,59,16.06,2.768421691579954
COFs,Sequential,59,16.12,2.768421691579954
COFs,Sequential,59,16.19,2.768421691579954
COFs,Sequential,59,16.25,2.768421691579954
COFs,Sequential,59,16.32,2.768421691579954
COFs,Sequential,59,17.32,2.768421691579954
COFs,Sequential,59,17.38,2.768421691579954
COFs,Sequential,59,17.45,2.768421691579954
COFs,Sequential,59,17.51,2.768421691579954
COFs,Sequential,59,17.58,2.768421691579954
COFs,Sequential,59,17.64,2.768421691579954
COFs,Sequential,59,17.71,2.768421691579954
COFs,Sequential,59,17.77,2.768421691579954
COFs,Sequential,59,17.84,2.768421691579954
COFs,Sequential,59,17.9,2.768421691579954
COFs,Sequential,59,17.97,2.768421691579954
COFs,Sequential,59,18.04,2.768421691579954
COFs,Sequential,59,18.1,2.768421691579954
COFs,Sequential,59,18.17,2.768421691579954
COFs,Sequential,59,18.23,2.768421691579954
COFs,Sequential,59,18.3,2.768421691579954
COFs,Sequential,59,19.3,2.768421691579954
COFs,Sequential,59,19.36,2.768421691579954
COFs,Sequential,59,19.43,2.768421691579954
COFs,Sequential,59,19.49,2.768421691579954
COFs,Sequential,59,19.56,2.768421691579954
COFs,Sequential,59,19.62,2.768421691579954
COFs,Sequential,59,19.69,2.768421691579954
COFs,Sequential,59,19.75,2.768421691579954
COFs,Sequential,59,19.82,2.768421691579954
COFs,Sequential,59,19.88,2.768421691579954
COFs,Sequential,59,19.95,2.768421691579954
COFs,Sequential,59,20.01,2.768421691579954
COFs,Sequential,59,20.08,2.768421691579954
COFs,Sequential,59,20.14,2.768421691579954
COFs,Sequential,59,20.21,2.768421691579954
COFs,Sequential,59,20.27,2.768421691579954
COFs,Sequential,59,21.27,2.768421691579954
COFs,Sequential,59,21.34,2.768421691579954
COFs,Sequential,59,21.4,2.768421691579954
COFs,Sequential,59,21.47,2.768421691579954
COFs,Sequential,59,21.53,2.768421691579954
COFs,Sequential,59,21.6,2.768421691579954
COFs,Sequential,59,21.66,2.768421691579954
COFs,Sequential,59,21.73,2.768421691579954
COFs,Sequential,59,21.79,2.768421691579954
COFs,Sequential,59,21.86,2.768421691579954
COFs,Sequential,59,21.92,2.768421691579954
COFs,Sequential,59,21.99,2.768421691579954
COFs,Sequential,59,22.05,2.768421691579954
COFs,Sequential,59,22.12,2.768421691579954
COFs,Sequential,59,22.18,2.768421691579954
COFs,Sequential,59,22.25,2.768421691579954
COFs,Sequential,59,23.25,2.768421691579954
COFs,Sequential,59,23.31,2.768421691579954
COFs,Sequential,59,23.38,2.768421691579954
COFs,Sequential,59,23.44,2.768421691579954
COFs,Sequential,59,23.51,2.768421691579954
COFs,Sequential,59,23.57,2.768421691579954
COFs,Sequential,59,23.64,2.768421691579954
COFs,Sequential,59,23.7,2.768421691579954
COFs,Sequential,59,23.77,2.768421691579954
COFs,Sequential,59,23.83,2.768421691579954
COFs,Sequential,59,23.9,2.768421691579954
COFs,Sequential,59,23.96,2.768421691579954
COFs,Sequential,59,24.03,2.768421691579954
COFs,Sequential,59,24.09,2.768421691579954
COFs,Sequential,59,24.16,2.768421691579954
COFs,Sequential,59,24.22,2.768421691579954
COFs,Sequential,59,25.22,2.768421691579954
COFs,Sequential,59,25.29,2.768421691579954
COFs,Sequential,59,25.35,2.768421691579954
COFs,Sequential,59,25.42,2.768421691579954
COFs,Sequential,59,25.48,2.768421691579954
COFs,Sequential,59,25.55,2.768421691579954
COFs,Sequential,59,25.61,2.768421691579954
COFs,Sequential,59,25.68,2.768421691579954
COFs,Sequential,59,25.74,2.768421691579954
COFs,Sequential,59,25.81,2.768421691579954
COFs,Sequential,59,25.87,2.768421691579954
COFs,Sequential,59,25.94,2.768421691579954
COFs,Sequential,59,26.0,2.768421691579954
COFs,Sequential,59,26.07,2.768421691579954
COFs,Sequential,59,26.13,2.768421691579954
COFs,Sequential,59,26.2,2.768421691579954
COFs,Sequential,59,27.2,1.6834527522225677
COFs,Sequential,59,27.26,1.6834527522225677
COFs,Sequential,59,27.33,1.6834527522225677
COFs,Sequential,59,27.39,1.6834527522225677
COFs,Sequential,59,27.46,1.6834527522225677
COFs,Sequential,59,27.52,1.6834527522225677
COFs,Sequential,59,27.59,1.6834527522225677
COFs,Sequential,59,27.65,1.6834527522225677
COFs,Sequential,59,27.72,1.6834527522225677
COFs,Sequential,59,27.78,1.6834527522225677
COFs,Sequential,59,27.85,1.6834527522225677
COFs,Sequential,59,27.91,1.6834527522225677
COFs,Sequential,59,27.98,1.6834527522225677
COFs,Sequential,59,28.04,1.6834527522225677
COFs,Sequential,59,28.11,1.6834527522225677
COFs,Sequential,59,28.17,1.6834527522225677
COFs,Sequential,59,29.17,1.6834527522225677
COFs,Sequential,59,29.24,1.6834527522225677
COFs,Sequential,59,29.3,1.6834527522225677
COFs,Sequential,59,29.37,1.6834527522225677
COFs,Sequential,59,29.43,1.6834527522225677
COFs,Sequential,59,29.5,1.6834527522225677
COFs,Sequential,59,29.56,1.6834527522225677
COFs,Sequential,59,29.63,1.6834527522225677
COFs,Sequential,59,29.69,1.6834527522225677
COFs,Sequential,59,29.76,1.6834527522225677
COFs,Sequential,59,29.82,1.6834527522225677
COFs,Sequential,59,29.89,1.6834527522225677
COFs,Sequential,59,29.95,1.6834527522225677
COFs,Sequential,60,3.5,2.768421691579954
COFs,Sequential,60,3.56,2.768421691579954
COFs,Sequential,60,3.62,2.768421691579954
COFs,Sequential,60,3.69,2.768421691579954
COFs,Sequential,60,3.75,2.768421691579954
COFs,Sequential,60,3.82,2.768421691579954
COFs,Sequential,60,3.88,2.768421691579954
COFs,Sequential,60,3.95,2.768421691579954
COFs,Sequential,60,4.01,2.768421691579954
COFs,Sequential,60,4.08,2.768421691579954
COFs,Sequential,60,4.15,2.768421691579954
COFs,Sequential,60,4.21,2.768421691579954
COFs,Sequential,60,4.28,2.768421691579954
COFs,Sequential,60,4.34,2.768421691579954
COFs,Sequential,60,4.41,2.768421691579954
COFs,Sequential,60,4.47,2.768421691579954
COFs,Sequential,60,5.47,2.768421691579954
COFs,Sequential,60,5.54,2.768421691579954
COFs,Sequential,60,5.6,2.768421691579954
COFs,Sequential,60,5.67,2.768421691579954
COFs,Sequential,60,5.73,2.768421691579954
COFs,Sequential,60,5.8,2.768421691579954
COFs,Sequential,60,5.86,2.768421691579954
COFs,Sequential,60,5.93,2.768421691579954
COFs,Sequential,60,5.99,2.768421691579954
COFs,Sequential,60,6.06,2.768421691579954
COFs,Sequential,60,6.12,2.768421691579954
COFs,Sequential,60,6.19,2.768421691579954
COFs,Sequential,60,6.25,2.768421691579954
COFs,Sequential,60,6.32,2.768421691579954
COFs,Sequential,60,6.38,2.768421691579954
COFs,Sequential,60,6.45,2.768421691579954
COFs,Sequential,60,7.45,2.768421691579954
COFs,Sequential,60,7.51,2.768421691579954
COFs,Sequential,60,7.58,2.768421691579954
COFs,Sequential,60,7.64,2.768421691579954
COFs,Sequential,60,7.71,2.768421691579954
COFs,Sequential,60,7.77,2.768421691579954
COFs,Sequential,60,7.84,2.768421691579954
COFs,Sequential,60,7.9,2.768421691579954
COFs,Sequential,60,7.97,2.768421691579954
COFs,Sequential,60,8.03,2.768421691579954
COFs,Sequential,60,8.1,2.768421691579954
COFs,Sequential,60,8.16,2.768421691579954
COFs,Sequential,60,8.23,2.768421691579954
COFs,Sequential,60,8.29,2.768421691579954
COFs,Sequential,60,8.36,2.768421691579954
COFs,Sequential,60,8.42,2.768421691579954
COFs,Sequential,60,9.42,2.768421691579954
COFs,Sequential,60,9.49,2.768421691579954
COFs,Sequential,60,9.55,2.768421691579954
COFs,Sequential,60,9.62,2.768421691579954
COFs,Sequential,60,9.68,2.768421691579954
COFs,Sequential,60,9.75,2.768421691579954
COFs,Sequential,60,9.81,2.768421691579954
COFs,Sequential,60,9.88,2.768421691579954
COFs,Sequential,60,9.94,2.768421691579954
COFs,Sequential,60,10.01,2.768421691579954
COFs,Sequential,60,10.07,2.768421691579954
COFs,Sequential,60,10.14,2.768421691579954
COFs,Sequential,60,10.2,2.768421691579954
COFs,Sequential,60,10.27,2.768421691579954
COFs,Sequential,60,10.33,2.768421691579954
COFs,Sequential,60,10.4,2.768421691579954
COFs,Sequential,60,11.4,2.768421691579954
COFs,Sequential,60,11.46,2.768421691579954
COFs,Sequential,60,11.53,2.768421691579954
COFs,Sequential,60,11.59,2.768421691579954
COFs,Sequential,60,11.65,2.768421691579954
COFs,Sequential,60,11.72,2.768421691579954
COFs,Sequential,60,11.78,2.768421691579954
COFs,Sequential,60,11.85,2.768421691579954
COFs,Sequential,60,11.91,2.768421691579954
COFs,Sequential,60,11.98,2.768421691579954
COFs,Sequential,60,12.04,2.768421691579954
COFs,Sequential,60,12.11,2.768421691579954
COFs,Sequential,60,12.17,2.768421691579954
COFs,Sequential,60,12.24,2.768421691579954
COFs,Sequential,60,12.3,2.768421691579954
COFs,Sequential,60,12.37,2.768421691579954
COFs,Sequential,60,13.37,2.768421691579954
COFs,Sequential,60,13.43,2.768421691579954
COFs,Sequential,60,13.5,2.768421691579954
COFs,Sequential,60,13.56,2.768421691579954
COFs,Sequential,60,13.63,2.768421691579954
COFs,Sequential,60,13.69,2.768421691579954
COFs,Sequential,60,13.76,2.768421691579954
COFs,Sequential,60,13.82,2.768421691579954
COFs,Sequential,60,13.89,2.768421691579954
COFs,Sequential,60,13.95,2.768421691579954
COFs,Sequential,60,14.02,2.768421691579954
COFs,Sequential,60,14.08,2.768421691579954
COFs,Sequential,60,14.15,2.768421691579954
COFs,Sequential,60,14.21,2.768421691579954
COFs,Sequential,60,14.28,2.768421691579954
COFs,Sequential,60,14.34,2.768421691579954
COFs,Sequential,60,15.34,2.768421691579954
COFs,Sequential,60,15.41,2.768421691579954
COFs,Sequential,60,15.47,2.768421691579954
COFs,Sequential,60,15.54,2.768421691579954
COFs,Sequential,60,15.6,2.768421691579954
COFs,Sequential,60,15.67,2.768421691579954
COFs,Sequential,60,15.73,2.768421691579954
COFs,Sequential,60,15.8,2.768421691579954
COFs,Sequential,60,15.86,2.768421691579954
COFs,Sequential,60,15.93,2.768421691579954
COFs,Sequential,60,15.99,2.768421691579954
COFs,Sequential,60,16.06,2.768421691579954
COFs,Sequential,60,16.12,2.768421691579954
COFs,Sequential,60,16.19,2.768421691579954
COFs,Sequential,60,16.25,2.768421691579954
COFs,Sequential,60,16.32,2.768421691579954
COFs,Sequential,60,17.32,0.13847037361159664
COFs,Sequential,60,17.38,0.13847037361159664
COFs,Sequential,60,17.45,0.13847037361159664
COFs,Sequential,60,17.51,0.13847037361159664
COFs,Sequential,60,17.58,0.13847037361159664
COFs,Sequential,60,17.64,0.13847037361159664
COFs,Sequential,60,17.71,0.13847037361159664
COFs,Sequential,60,17.77,0.13847037361159664
COFs,Sequential,60,17.84,0.13847037361159664
COFs,Sequential,60,17.9,0.13847037361159664
COFs,Sequential,60,17.97,0.13847037361159664
COFs,Sequential,60,18.04,0.13847037361159664
COFs,Sequential,60,18.1,0.13847037361159664
COFs,Sequential,60,18.17,0.13847037361159664
COFs,Sequential,60,18.23,0.13847037361159664
COFs,Sequential,60,18.3,0.13847037361159664
COFs,Sequential,60,19.3,0.13847037361159664
COFs,Sequential,60,19.36,0.13847037361159664
COFs,Sequential,60,19.43,0.13847037361159664
COFs,Sequential,60,19.49,0.13847037361159664
COFs,Sequential,60,19.56,0.13847037361159664
COFs,Sequential,60,19.62,0.13847037361159664
COFs,Sequential,60,19.69,0.13847037361159664
COFs,Sequential,60,19.75,0.13847037361159664
COFs,Sequential,60,19.82,0.13847037361159664
COFs,Sequential,60,19.88,0.13847037361159664
COFs,Sequential,60,19.95,0.13847037361159664
COFs,Sequential,60,20.01,0.13847037361159664
COFs,Sequential,60,20.08,0.13847037361159664
COFs,Sequential,60,20.14,0.13847037361159664
COFs,Sequential,60,20.21,0.13847037361159664
COFs,Sequential,60,20.27,0.13847037361159664
COFs,Sequential,60,21.27,0.13847037361159664
COFs,Sequential,60,21.34,0.13847037361159664
COFs,Sequential,60,21.4,0.13847037361159664
COFs,Sequential,60,21.47,0.13847037361159664
COFs,Sequential,60,21.53,0.13847037361159664
COFs,Sequential,60,21.6,0.13847037361159664
COFs,Sequential,60,21.66,0.13847037361159664
COFs,Sequential,60,21.73,0.13847037361159664
COFs,Sequential,60,21.79,0.13847037361159664
COFs,Sequential,60,21.86,0.13847037361159664
COFs,Sequential,60,21.92,0.13847037361159664
COFs,Sequential,60,21.99,0.13847037361159664
COFs,Sequential,60,22.05,0.13847037361159664
COFs,Sequential,60,22.12,0.13847037361159664
COFs,Sequential,60,22.18,0.13847037361159664
COFs,Sequential,60,22.25,0.13847037361159664
COFs,Sequential,60,23.25,0.13847037361159664
COFs,Sequential,60,23.31,0.13847037361159664
COFs,Sequential,60,23.38,0.13847037361159664
COFs,Sequential,60,23.44,0.13847037361159664
COFs,Sequential,60,23.51,0.13847037361159664
COFs,Sequential,60,23.57,0.13847037361159664
COFs,Sequential,60,23.64,0.13847037361159664
COFs,Sequential,60,23.7,0.13847037361159664
COFs,Sequential,60,23.77,0.13847037361159664
COFs,Sequential,60,23.83,0.13847037361159664
COFs,Sequential,60,23.9,0.13847037361159664
COFs,Sequential,60,23.96,0.13847037361159664
COFs,Sequential,60,24.03,0.13847037361159664
COFs,Sequential,60,24.09,0.13847037361159664
COFs,Sequential,60,24.16,0.13847037361159664
COFs,Sequential,60,24.22,0.13847037361159664
COFs,Sequential,60,25.22,0.13847037361159664
COFs,Sequential,60,25.29,0.13847037361159664
COFs,Sequential,60,25.35,0.13847037361159664
COFs,Sequential,60,25.42,0.13847037361159664
COFs,Sequential,60,25.48,0.13847037361159664
COFs,Sequential,60,25.55,0.13847037361159664
COFs,Sequential,60,25.61,0.13847037361159664
COFs,Sequential,60,25.68,0.13847037361159664
COFs,Sequential,60,25.74,0.13847037361159664
COFs,Sequential,60,25.81,0.13847037361159664
COFs,Sequential,60,25.87,0.13847037361159664
COFs,Sequential,60,25.94,0.13847037361159664
COFs,Sequential,60,26.0,0.13847037361159664
COFs,Sequential,60,26.07,0.13847037361159664
COFs,Sequential,60,26.13,0.13847037361159664
COFs,Sequential,60,26.2,0.13847037361159664
COFs,Sequential,60,27.2,0.13847037361159664
COFs,Sequential,60,27.26,0.13847037361159664
COFs,Sequential,60,27.33,0.13847037361159664
COFs,Sequential,60,27.39,0.13847037361159664
COFs,Sequential,60,27.46,0.13847037361159664
COFs,Sequential,60,27.52,0.13847037361159664
COFs,Sequential,60,27.59,0.13847037361159664
COFs,Sequential,60,27.65,0.13847037361159664
COFs,Sequential,60,27.72,0.13847037361159664
COFs,Sequential,60,27.78,0.13847037361159664
COFs,Sequential,60,27.85,0.13847037361159664
COFs,Sequential,60,27.91,0.13847037361159664
COFs,Sequential,60,27.98,0.13847037361159664
COFs,Sequential,60,28.04,0.13847037361159664
COFs,Sequential,60,28.11,0.13847037361159664
COFs,Sequential,60,28.17,0.13847037361159664
COFs,Sequential,60,29.17,0.13847037361159664
COFs,Sequential,60,29.24,0.13847037361159664
COFs,Sequential,60,29.3,0.13847037361159664
COFs,Sequential,60,29.37,0.13847037361159664
COFs,Sequential,60,29.43,0.13847037361159664
COFs,Sequential,60,29.5,0.13847037361159664
COFs,Sequential,60,29.56,0.13847037361159664
COFs,Sequential,60,29.63,0.13847037361159664
COFs,Sequential,60,29.69,0.13847037361159664
COFs,Sequential,60,29.76,0.13847037361159664
COFs,Sequential,60,29.82,0.13847037361159664
COFs,Sequential,60,29.89,0.13847037361159664
COFs,Sequential,60,29.95,0.13847037361159664
COFs,Sequential,61,3.5,12.286313844166017
COFs,Sequential,61,3.56,12.286313844166017
COFs,Sequential,61,3.62,12.286313844166017
COFs,Sequential,61,3.69,12.286313844166017
COFs,Sequential,61,3.75,12.286313844166017
COFs,Sequential,61,3.82,12.286313844166017
COFs,Sequential,61,3.88,12.286313844166017
COFs,Sequential,61,3.95,12.286313844166017
COFs,Sequential,61,4.01,12.286313844166017
COFs,Sequential,61,4.08,12.286313844166017
COFs,Sequential,61,4.15,12.286313844166017
COFs,Sequential,61,4.21,12.286313844166017
COFs,Sequential,61,4.28,12.286313844166017
COFs,Sequential,61,4.34,12.286313844166017
COFs,Sequential,61,4.41,12.286313844166017
COFs,Sequential,61,4.47,12.286313844166017
COFs,Sequential,61,5.47,11.638826705472724
COFs,Sequential,61,5.54,11.638826705472724
COFs,Sequential,61,5.6,11.638826705472724
COFs,Sequential,61,5.67,11.638826705472724
COFs,Sequential,61,5.73,11.638826705472724
COFs,Sequential,61,5.8,11.638826705472724
COFs,Sequential,61,5.86,11.638826705472724
COFs,Sequential,61,5.93,11.638826705472724
COFs,Sequential,61,5.99,11.638826705472724
COFs,Sequential,61,6.06,11.638826705472724
COFs,Sequential,61,6.12,11.638826705472724
COFs,Sequential,61,6.19,11.638826705472724
COFs,Sequential,61,6.25,11.638826705472724
COFs,Sequential,61,6.32,11.638826705472724
COFs,Sequential,61,6.38,11.638826705472724
COFs,Sequential,61,6.45,11.638826705472724
COFs,Sequential,61,7.45,11.638826705472724
COFs,Sequential,61,7.51,11.638826705472724
COFs,Sequential,61,7.58,11.638826705472724
COFs,Sequential,61,7.64,11.638826705472724
COFs,Sequential,61,7.71,11.638826705472724
COFs,Sequential,61,7.77,11.638826705472724
COFs,Sequential,61,7.84,11.638826705472724
COFs,Sequential,61,7.9,11.638826705472724
COFs,Sequential,61,7.97,11.638826705472724
COFs,Sequential,61,8.03,11.638826705472724
COFs,Sequential,61,8.1,11.638826705472724
COFs,Sequential,61,8.16,11.638826705472724
COFs,Sequential,61,8.23,11.638826705472724
COFs,Sequential,61,8.29,11.638826705472724
COFs,Sequential,61,8.36,11.638826705472724
COFs,Sequential,61,8.42,11.638826705472724
COFs,Sequential,61,9.42,11.638826705472724
COFs,Sequential,61,9.49,11.638826705472724
COFs,Sequential,61,9.55,11.638826705472724
COFs,Sequential,61,9.62,11.638826705472724
COFs,Sequential,61,9.68,11.638826705472724
COFs,Sequential,61,9.75,11.638826705472724
COFs,Sequential,61,9.81,11.638826705472724
COFs,Sequential,61,9.88,11.638826705472724
COFs,Sequential,61,9.94,11.638826705472724
COFs,Sequential,61,10.01,11.638826705472724
COFs,Sequential,61,10.07,11.638826705472724
COFs,Sequential,61,10.14,11.638826705472724
COFs,Sequential,61,10.2,11.638826705472724
COFs,Sequential,61,10.27,11.638826705472724
COFs,Sequential,61,10.33,11.638826705472724
COFs,Sequential,61,10.4,11.638826705472724
COFs,Sequential,61,11.4,11.638826705472724
COFs,Sequential,61,11.46,11.638826705472724
COFs,Sequential,61,11.53,11.638826705472724
COFs,Sequential,61,11.59,11.638826705472724
COFs,Sequential,61,11.65,11.638826705472724
COFs,Sequential,61,11.72,11.638826705472724
COFs,Sequential,61,11.78,11.638826705472724
COFs,Sequential,61,11.85,11.638826705472724
COFs,Sequential,61,11.91,11.638826705472724
COFs,Sequential,61,11.98,11.638826705472724
COFs,Sequential,61,12.04,11.638826705472724
COFs,Sequential,61,12.11,11.638826705472724
COFs,Sequential,61,12.17,11.638826705472724
COFs,Sequential,61,12.24,11.638826705472724
COFs,Sequential,61,12.3,11.638826705472724
COFs,Sequential,61,12.37,11.638826705472724
COFs,Sequential,61,13.37,11.638826705472724
COFs,Sequential,61,13.43,11.638826705472724
COFs,Sequential,61,13.5,11.638826705472724
COFs,Sequential,61,13.56,11.638826705472724
COFs,Sequential,61,13.63,11.638826705472724
COFs,Sequential,61,13.69,11.638826705472724
COFs,Sequential,61,13.76,11.638826705472724
COFs,Sequential,61,13.82,11.638826705472724
COFs,Sequential,61,13.89,11.638826705472724
COFs,Sequential,61,13.95,11.638826705472724
COFs,Sequential,61,14.02,11.638826705472724
COFs,Sequential,61,14.08,11.638826705472724
COFs,Sequential,61,14.15,11.638826705472724
COFs,Sequential,61,14.21,11.638826705472724
COFs,Sequential,61,14.28,11.638826705472724
COFs,Sequential,61,14.34,11.638826705472724
COFs,Sequential,61,15.34,4.516970590908455
COFs,Sequential,61,15.41,4.516970590908455
COFs,Sequential,61,15.47,4.516970590908455
COFs,Sequential,61,15.54,4.516970590908455
COFs,Sequential,61,15.6,4.516970590908455
COFs,Sequential,61,15.67,4.516970590908455
COFs,Sequential,61,15.73,4.516970590908455
COFs,Sequential,61,15.8,4.516970590908455
COFs,Sequential,61,15.86,4.516970590908455
COFs,Sequential,61,15.93,4.516970590908455
COFs,Sequential,61,15.99,4.516970590908455
COFs,Sequential,61,16.06,4.516970590908455
COFs,Sequential,61,16.12,4.516970590908455
COFs,Sequential,61,16.19,4.516970590908455
COFs,Sequential,61,16.25,4.516970590908455
COFs,Sequential,61,16.32,4.516970590908455
COFs,Sequential,61,17.32,4.516970590908455
COFs,Sequential,61,17.38,4.516970590908455
COFs,Sequential,61,17.45,4.516970590908455
COFs,Sequential,61,17.51,4.516970590908455
COFs,Sequential,61,17.58,4.516970590908455
COFs,Sequential,61,17.64,4.516970590908455
COFs,Sequential,61,17.71,4.516970590908455
COFs,Sequential,61,17.77,4.516970590908455
COFs,Sequential,61,17.84,4.516970590908455
COFs,Sequential,61,17.9,4.516970590908455
COFs,Sequential,61,17.97,4.516970590908455
COFs,Sequential,61,18.04,4.516970590908455
COFs,Sequential,61,18.1,4.516970590908455
COFs,Sequential,61,18.17,4.516970590908455
COFs,Sequential,61,18.23,4.516970590908455
COFs,Sequential,61,18.3,4.516970590908455
COFs,Sequential,61,19.3,4.516970590908455
COFs,Sequential,61,19.36,4.516970590908455
COFs,Sequential,61,19.43,4.516970590908455
COFs,Sequential,61,19.49,4.516970590908455
COFs,Sequential,61,19.56,4.516970590908455
COFs,Sequential,61,19.62,4.516970590908455
COFs,Sequential,61,19.69,4.516970590908455
COFs,Sequential,61,19.75,4.516970590908455
COFs,Sequential,61,19.82,4.516970590908455
COFs,Sequential,61,19.88,4.516970590908455
COFs,Sequential,61,19.95,4.516970590908455
COFs,Sequential,61,20.01,4.516970590908455
COFs,Sequential,61,20.08,4.516970590908455
COFs,Sequential,61,20.14,4.516970590908455
COFs,Sequential,61,20.21,4.516970590908455
COFs,Sequential,61,20.27,4.516970590908455
COFs,Sequential,61,21.27,4.516970590908455
COFs,Sequential,61,21.34,4.516970590908455
COFs,Sequential,61,21.4,4.516970590908455
COFs,Sequential,61,21.47,4.516970590908455
COFs,Sequential,61,21.53,4.516970590908455
COFs,Sequential,61,21.6,4.516970590908455
COFs,Sequential,61,21.66,4.516970590908455
COFs,Sequential,61,21.73,4.516970590908455
COFs,Sequential,61,21.79,4.516970590908455
COFs,Sequential,61,21.86,4.516970590908455
COFs,Sequential,61,21.92,4.516970590908455
COFs,Sequential,61,21.99,4.516970590908455
COFs,Sequential,61,22.05,4.516970590908455
COFs,Sequential,61,22.12,4.516970590908455
COFs,Sequential,61,22.18,4.516970590908455
COFs,Sequential,61,22.25,4.516970590908455
COFs,Sequential,61,23.25,4.516970590908455
COFs,Sequential,61,23.31,4.516970590908455
COFs,Sequential,61,23.38,4.516970590908455
COFs,Sequential,61,23.44,4.516970590908455
COFs,Sequential,61,23.51,4.516970590908455
COFs,Sequential,61,23.57,4.516970590908455
COFs,Sequential,61,23.64,4.516970590908455
COFs,Sequential,61,23.7,4.516970590908455
COFs,Sequential,61,23.77,4.516970590908455
COFs,Sequential,61,23.83,4.516970590908455
COFs,Sequential,61,23.9,4.516970590908455
COFs,Sequential,61,23.96,4.516970590908455
COFs,Sequential,61,24.03,4.516970590908455
COFs,Sequential,61,24.09,4.516970590908455
COFs,Sequential,61,24.16,4.516970590908455
COFs,Sequential,61,24.22,4.516970590908455
COFs,Sequential,61,25.22,4.516970590908455
COFs,Sequential,61,25.29,4.516970590908455
COFs,Sequential,61,25.35,4.516970590908455
COFs,Sequential,61,25.42,4.516970590908455
COFs,Sequential,61,25.48,4.516970590908455
COFs,Sequential,61,25.55,4.516970590908455
COFs,Sequential,61,25.61,4.516970590908455
COFs,Sequential,61,25.68,4.516970590908455
COFs,Sequential,61,25.74,4.516970590908455
COFs,Sequential,61,25.81,4.516970590908455
COFs,Sequential,61,25.87,4.516970590908455
COFs,Sequential,61,25.94,4.516970590908455
COFs,Sequential,61,26.0,4.516970590908455
COFs,Sequential,61,26.07,4.516970590908455
COFs,Sequential,61,26.13,4.516970590908455
COFs,Sequential,61,26.2,4.516970590908455
COFs,Sequential,61,27.2,4.516970590908455
COFs,Sequential,61,27.26,4.516970590908455
COFs,Sequential,61,27.33,4.516970590908455
COFs,Sequential,61,27.39,4.516970590908455
COFs,Sequential,61,27.46,4.516970590908455
COFs,Sequential,61,27.52,4.516970590908455
COFs,Sequential,61,27.59,4.516970590908455
COFs,Sequential,61,27.65,4.516970590908455
COFs,Sequential,61,27.72,4.516970590908455
COFs,Sequential,61,27.78,4.516970590908455
COFs,Sequential,61,27.85,4.516970590908455
COFs,Sequential,61,27.91,4.516970590908455
COFs,Sequential,61,27.98,4.516970590908455
COFs,Sequential,61,28.04,4.516970590908455
COFs,Sequential,61,28.11,4.516970590908455
COFs,Sequential,61,28.17,4.516970590908455
COFs,Sequential,61,29.17,4.516970590908455
COFs,Sequential,61,29.24,4.516970590908455
COFs,Sequential,61,29.3,4.516970590908455
COFs,Sequential,61,29.37,4.516970590908455
COFs,Sequential,61,29.43,4.516970590908455
COFs,Sequential,61,29.5,4.516970590908455
COFs,Sequential,61,29.56,4.516970590908455
COFs,Sequential,61,29.63,4.516970590908455
COFs,Sequential,61,29.69,4.516970590908455
COFs,Sequential,61,29.76,4.516970590908455
COFs,Sequential,61,29.82,4.516970590908455
COFs,Sequential,61,29.89,4.516970590908455
COFs,Sequential,61,29.95,4.516970590908455
