benchmark,model,seed,budget,regret
Park-Fav,Successive Halving,42,0.1,inf
Park-Fav,Successive Halving,42,1.1,9.15776078336808
Park-Fav,Successive Halving,42,1.2,9.15776078336808
Park-Fav,Successive Halving,42,2.2,2.5136870033572953
Park-Fav,Successive Halving,42,2.3,2.5136870033572953
Park-Fav,Successive Halving,42,3.3,2.1019936537670456
Park-Fav,Successive Halving,42,3.4,2.1019936537670456
Park-Fav,Successive Halving,42,4.4,2.1019936537670456
Park-Fav,Successive Halving,42,4.5,2.1019936537670456
Park-Fav,Successive Halving,42,5.5,2.1019936537670456
Park-Fav,Successive Halving,42,5.6,2.1019936537670456
Park-Fav,Successive Halving,42,6.6,1.6816533163423857
Park-Fav,Successive Halving,42,6.7,1.6816533163423857
Park-Fav,Successive Halving,42,7.7,1.6816533163423857
Park-Fav,Successive Halving,42,7.8,1.6816533163423857
Park-Fav,Successive Halving,42,8.8,1.6816533163423857
Park-Fav,Successive Halving,42,8.9,1.6816533163423857
Park-Fav,Successive Halving,42,9.9,1.6816533163423857
Park-Fav,Successive Halving,42,10.0,1.6816533163423857
Park-Fav,Successive Halving,42,11.0,1.6816533163423857
Park-Fav,Successive Halving,42,11.1,1.6816533163423857
Park-Fav,Successive Halving,42,12.1,1.6816533163423857
Park-Fav,Successive Halving,42,12.2,1.6816533163423857
Park-Fav,Successive Halving,42,13.2,1.6816533163423857
Park-Fav,Successive Halving,42,13.3,1.6816533163423857
Park-Fav,Successive Halving,42,14.3,1.6816533163423857
Park-Fav,Successive Halving,42,14.4,1.6816533163423857
Park-Fav,Successive Halving,42,15.4,1.6816533163423857
Park-Fav,Successive Halving,42,15.5,1.6816533163423857
Park-Fav,Successive Halving,42,16.5,1.6816533163423857
Park-Fav,Successive Halving,42,16.6,1.6816533163423857
Park-Fav,Successive Halving,42,17.6,1.6816533163423857
Park-Fav,Successive Halving,42,17.7,1.6816533163423857
Park-Fav,Successive Halving,42,18.7,1.6816533163423857
Park-Fav,Successive Halving,42,18.8,1.6816533163423857
Park-Fav,Successive Halving,42,19.8,1.6816533163423857
Park-Fav,Successive Halving,42,19.9,1.6816533163423857
Park-Fav,Successive Halving,42,20.9,1.6816533163423857
Park-Fav,Successive Halving,42,21.0,1.6816533163423857
Park-Fav,Successive Halving,42,22.0,1.6816533163423857
Park-Fav,Successive Halving,42,22.1,1.6816533163423857
Park-Fav,Successive Halving,42,23.1,1.6816533163423857
Park-Fav,Successive Halving,42,23.2,1.6816533163423857
Park-Fav,Successive Halving,42,24.2,1.6816533163423857
Park-Fav,Successive Halving,42,24.3,1.6816533163423857
Park-Fav,Successive Halving,42,25.3,1.6816533163423857
Park-Fav,Successive Halving,42,25.4,1.6816533163423857
Park-Fav,Successive Halving,42,26.4,1.6816533163423857
Park-Fav,Successive Halving,42,26.5,1.6816533163423857
Park-Fav,Successive Halving,42,27.5,1.6816533163423857
Park-Fav,Successive Halving,42,27.6,1.6816533163423857
Park-Fav,Successive Halving,42,28.6,2.070648425403671e-07
Park-Fav,Successive Halving,42,28.7,2.070648425403671e-07
Park-Fav,Successive Halving,42,29.7,2.070648425403671e-07
Park-Fav,Successive Halving,42,29.8,2.070648425403671e-07
Park-Fav,Successive Halving,42,30.8,2.070648425403671e-07
Park-Fav,Successive Halving,42,30.9,2.070648425403671e-07
Park-Fav,Successive Halving,42,31.9,2.070648425403671e-07
Park-Fav,Successive Halving,42,32.0,2.070648425403671e-07
Park-Fav,Successive Halving,42,33.0,2.070648425403671e-07
Park-Fav,Successive Halving,42,33.1,2.070648425403671e-07
Park-Fav,Successive Halving,42,34.1,2.070648425403671e-07
Park-Fav,Successive Halving,42,34.2,2.070648425403671e-07
Park-Fav,Successive Halving,42,35.2,2.070648425403671e-07
Park-Fav,Successive Halving,42,35.3,2.070648425403671e-07
Park-Fav,Successive Halving,42,36.3,2.070648425403671e-07
Park-Fav,Successive Halving,42,36.4,2.070648425403671e-07
Park-Fav,Successive Halving,42,37.4,2.070648425403671e-07
Park-Fav,Successive Halving,42,37.5,2.070648425403671e-07
Park-Fav,Successive Halving,42,38.5,2.070648425403671e-07
Park-Fav,Successive Halving,42,38.6,2.070648425403671e-07
Park-Fav,Successive Halving,42,39.6,2.070648425403671e-07
Park-Fav,Successive Halving,42,39.7,2.070648425403671e-07
Park-Fav,Successive Halving,42,40.7,2.070648425403671e-07
Park-Fav,Successive Halving,42,40.8,2.070648425403671e-07
Park-Fav,Successive Halving,42,41.8,2.070648425403671e-07
Park-Fav,Successive Halving,42,41.9,2.070648425403671e-07
Park-Fav,Successive Halving,42,42.9,2.070648425403671e-07
Park-Fav,Successive Halving,42,43.0,2.070648425403671e-07
Park-Fav,Successive Halving,42,44.0,2.070648425403671e-07
Park-Fav,Successive Halving,42,44.1,2.070648425403671e-07
Park-Fav,Successive Halving,42,45.1,2.070648425403671e-07
Park-Fav,Successive Halving,42,45.2,2.070648425403671e-07
Park-Fav,Successive Halving,42,46.2,1.1161802446987618e-07
Park-Fav,Successive Halving,42,46.3,1.1161802446987618e-07
Park-Fav,Successive Halving,42,47.3,1.1161802446987618e-07
Park-Fav,Successive Halving,42,47.4,1.1161802446987618e-07
Park-Fav,Successive Halving,42,48.4,1.1161802446987618e-07
Park-Fav,Successive Halving,42,48.5,1.1161802446987618e-07
Park-Fav,Successive Halving,42,49.5,1.1161802446987618e-07
Park-Fav,Successive Halving,42,49.6,1.1161802446987618e-07
Park-Fav,Successive Halving,43,0.1,inf
Park-Fav,Successive Halving,43,1.1,1.2568338725877952
Park-Fav,Successive Halving,43,1.2,1.2568338725877952
Park-Fav,Successive Halving,43,2.2,0.9060940243681365
Park-Fav,Successive Halving,43,2.3,0.9060940243681365
Park-Fav,Successive Halving,43,3.3,0.9060940243681365
Park-Fav,Successive Halving,43,3.4,0.9060940243681365
Park-Fav,Successive Halving,43,4.4,0.9060940243681365
Park-Fav,Successive Halving,43,4.5,0.9060940243681365
Park-Fav,Successive Halving,43,5.5,2.5930335532473125e-07
Park-Fav,Successive Halving,43,5.6,2.5930335532473125e-07
Park-Fav,Successive Halving,43,6.6,1.1161802446987618e-07
Park-Fav,Successive Halving,43,6.7,1.1161802446987618e-07
Park-Fav,Successive Halving,43,7.7,1.1161802446987618e-07
Park-Fav,Successive Halving,43,7.8,1.1161802446987618e-07
Park-Fav,Successive Halving,43,8.8,1.1161802446987618e-07
Park-Fav,Successive Halving,43,8.9,1.1161802446987618e-07
Park-Fav,Successive Halving,43,9.9,1.1161802446987618e-07
Park-Fav,Successive Halving,43,10.0,1.1161802446987618e-07
Park-Fav,Successive Halving,43,11.0,1.1161802446987618e-07
Park-Fav,Successive Halving,43,11.1,1.1161802446987618e-07
Park-Fav,Successive Halving,43,12.1,1.1161802446987618e-07
Park-Fav,Successive Halving,43,12.2,1.1161802446987618e-07
Park-Fav,Successive Halving,43,13.2,1.1161802446987618e-07
Park-Fav,Successive Halving,43,13.3,1.1161802446987618e-07
Park-Fav,Successive Halving,43,14.3,1.1161802446987618e-07
Park-Fav,Successive Halving,43,14.4,1.1161802446987618e-07
Park-Fav,Successive Halving,43,15.4,1.1161802446987618e-07
Park-Fav,Successive Halving,43,15.5,1.1161802446987618e-07
Park-Fav,Successive Halving,43,16.5,1.1161802446987618e-07
Park-Fav,Successive Halving,43,16.6,1.1161802446987618e-07
Park-Fav,Successive Halving,43,17.6,1.1161802446987618e-07
Park-Fav,Successive Halving,43,17.7,1.1161802446987618e-07
Park-Fav,Successive Halving,43,18.7,1.1161802446987618e-07
Park-Fav,Successive Halving,43,18.8,1.1161802446987618e-07
Park-Fav,Successive Halving,43,19.8,1.1161802446987618e-07
Park-Fav,Successive Halving,43,19.9,1.1161802446987618e-07
Park-Fav,Successive Halving,43,20.9,1.1161802446987618e-07
Park-Fav,Successive Halving,43,21.0,1.1161802446987618e-07
Park-Fav,Successive Halving,43,22.0,1.1161802446987618e-07
Park-Fav,Successive Halving,43,22.1,1.1161802446987618e-07
Park-Fav,Successive Halving,43,23.1,1.1161802446987618e-07
Park-Fav,Successive Halving,43,23.2,1.1161802446987618e-07
Park-Fav,Successive Halving,43,24.2,1.1161802446987618e-07
Park-Fav,Successive Halving,43,24.3,1.1161802446987618e-07
Park-Fav,Successive Halving,43,25.3,1.1161802446987618e-07
Park-Fav,Successive Halving,43,25.4,1.1161802446987618e-07
Park-Fav,Successive Halving,43,26.4,1.1161802446987618e-07
Park-Fav,Successive Halving,43,26.5,1.1161802446987618e-07
Park-Fav,Successive Halving,43,27.5,1.1161802446987618e-07
Park-Fav,Successive Halving,43,27.6,1.1161802446987618e-07
Park-Fav,Successive Halving,43,28.6,1.1161802446987618e-07
Park-Fav,Successive Halving,43,28.7,1.1161802446987618e-07
Park-Fav,Successive Halving,43,29.7,1.1161802446987618e-07
Park-Fav,Successive Halving,43,29.8,1.1161802446987618e-07
Park-Fav,Successive Halving,43,30.8,1.1161802446987618e-07
Park-Fav,Successive Halving,43,30.9,1.1161802446987618e-07
Park-Fav,Successive Halving,43,31.9,1.1161802446987618e-07
Park-Fav,Successive Halving,43,32.0,1.1161802446987618e-07
Park-Fav,Successive Halving,43,33.0,1.1161802446987618e-07
Park-Fav,Successive Halving,43,33.1,1.1161802446987618e-07
Park-Fav,Successive Halving,43,34.1,1.1161802446987618e-07
Park-Fav,Successive Halving,43,34.2,1.1161802446987618e-07
Park-Fav,Successive Halving,43,35.2,1.1161802446987618e-07
Park-Fav,Successive Halving,43,35.3,1.1161802446987618e-07
Park-Fav,Successive Halving,43,36.3,1.1161802446987618e-07
Park-Fav,Successive Halving,43,36.4,1.1161802446987618e-07
Park-Fav,Successive Halving,43,37.4,1.1161802446987618e-07
Park-Fav,Successive Halving,43,37.5,1.1161802446987618e-07
Park-Fav,Successive Halving,43,38.5,1.1161802446987618e-07
Park-Fav,Successive Halving,43,38.6,1.1161802446987618e-07
Park-Fav,Successive Halving,43,39.6,1.1161802446987618e-07
Park-Fav,Successive Halving,43,39.7,1.1161802446987618e-07
Park-Fav,Successive Halving,43,40.7,1.1161802446987618e-07
Park-Fav,Successive Halving,43,40.8,1.1161802446987618e-07
Park-Fav,Successive Halving,43,41.8,1.1161802446987618e-07
Park-Fav,Successive Halving,43,41.9,1.1161802446987618e-07
Park-Fav,Successive Halving,43,42.9,1.1161802446987618e-07
Park-Fav,Successive Halving,43,43.0,1.1161802446987618e-07
Park-Fav,Successive Halving,43,44.0,1.1161802446987618e-07
Park-Fav,Successive Halving,43,44.1,1.1161802446987618e-07
Park-Fav,Successive Halving,43,45.1,1.1161802446987618e-07
Park-Fav,Successive Halving,43,45.2,1.1161802446987618e-07
Park-Fav,Successive Halving,43,46.2,1.1161802446987618e-07
Park-Fav,Successive Halving,43,46.3,1.1161802446987618e-07
Park-Fav,Successive Halving,43,47.3,1.1161802446987618e-07
Park-Fav,Successive Halving,43,47.4,1.1161802446987618e-07
Park-Fav,Successive Halving,43,48.4,1.1161802446987618e-07
Park-Fav,Successive Halving,43,48.5,1.1161802446987618e-07
Park-Fav,Successive Halving,43,49.5,1.1161802446987618e-07
Park-Fav,Successive Halving,43,49.6,1.1161802446987618e-07
Park-Fav,Successive Halving,44,0.1,inf
Park-Fav,Successive Halving,44,1.1,1.541513844536675e-07
Park-Fav,Successive Halving,44,1.2,1.541513844536675e-07
Park-Fav,Successive Halving,44,2.2,1.541513844536675e-07
Park-Fav,Successive Halving,44,2.3,1.541513844536675e-07
Park-Fav,Successive Halving,44,3.3,1.541513844536675e-07
Park-Fav,Successive Halving,44,3.4,1.541513844536675e-07
Park-Fav,Successive Halving,44,4.4,1.541513844536675e-07
Park-Fav,Successive Halving,44,4.5,1.541513844536675e-07
Park-Fav,Successive Halving,44,5.5,1.541513844536675e-07
Park-Fav,Successive Halving,44,5.6,1.541513844536675e-07
Park-Fav,Successive Halving,44,6.6,1.541513844536675e-07
Park-Fav,Successive Halving,44,6.7,1.541513844536675e-07
Park-Fav,Successive Halving,44,7.7,1.541513844536675e-07
Park-Fav,Successive Halving,44,7.8,1.541513844536675e-07
Park-Fav,Successive Halving,44,8.8,1.541513844536675e-07
Park-Fav,Successive Halving,44,8.9,1.541513844536675e-07
Park-Fav,Successive Halving,44,9.9,1.541513844536675e-07
Park-Fav,Successive Halving,44,10.0,1.541513844536675e-07
Park-Fav,Successive Halving,44,11.0,1.541513844536675e-07
Park-Fav,Successive Halving,44,11.1,1.541513844536675e-07
Park-Fav,Successive Halving,44,12.1,1.541513844536675e-07
Park-Fav,Successive Halving,44,12.2,1.541513844536675e-07
Park-Fav,Successive Halving,44,13.2,1.541513844536675e-07
Park-Fav,Successive Halving,44,13.3,1.541513844536675e-07
Park-Fav,Successive Halving,44,14.3,1.541513844536675e-07
Park-Fav,Successive Halving,44,14.4,1.541513844536675e-07
Park-Fav,Successive Halving,44,15.4,1.541513844536675e-07
Park-Fav,Successive Halving,44,15.5,1.541513844536675e-07
Park-Fav,Successive Halving,44,16.5,1.541513844536675e-07
Park-Fav,Successive Halving,44,16.6,1.541513844536675e-07
Park-Fav,Successive Halving,44,17.6,1.541513844536675e-07
Park-Fav,Successive Halving,44,17.7,1.541513844536675e-07
Park-Fav,Successive Halving,44,18.7,1.541513844536675e-07
Park-Fav,Successive Halving,44,18.8,1.541513844536675e-07
Park-Fav,Successive Halving,44,19.8,1.541513844536675e-07
Park-Fav,Successive Halving,44,19.9,1.541513844536675e-07
Park-Fav,Successive Halving,44,20.9,1.541513844536675e-07
Park-Fav,Successive Halving,44,21.0,1.541513844536675e-07
Park-Fav,Successive Halving,44,22.0,1.541513844536675e-07
Park-Fav,Successive Halving,44,22.1,1.541513844536675e-07
Park-Fav,Successive Halving,44,23.1,1.541513844536675e-07
Park-Fav,Successive Halving,44,23.2,1.541513844536675e-07
Park-Fav,Successive Halving,44,24.2,1.541513844536675e-07
Park-Fav,Successive Halving,44,24.3,1.541513844536675e-07
Park-Fav,Successive Halving,44,25.3,1.541513844536675e-07
Park-Fav,Successive Halving,44,25.4,1.541513844536675e-07
Park-Fav,Successive Halving,44,26.4,1.541513844536675e-07
Park-Fav,Successive Halving,44,26.5,1.541513844536675e-07
Park-Fav,Successive Halving,44,27.5,1.541513844536675e-07
Park-Fav,Successive Halving,44,27.6,1.541513844536675e-07
Park-Fav,Successive Halving,44,28.6,1.541513844536675e-07
Park-Fav,Successive Halving,44,28.7,1.541513844536675e-07
Park-Fav,Successive Halving,44,29.7,1.541513844536675e-07
Park-Fav,Successive Halving,44,29.8,1.541513844536675e-07
Park-Fav,Successive Halving,44,30.8,1.541513844536675e-07
Park-Fav,Successive Halving,44,30.9,1.541513844536675e-07
Park-Fav,Successive Halving,44,31.9,1.541513844536675e-07
Park-Fav,Successive Halving,44,32.0,1.541513844536675e-07
Park-Fav,Successive Halving,44,33.0,1.541513844536675e-07
Park-Fav,Successive Halving,44,33.1,1.541513844536675e-07
Park-Fav,Successive Halving,44,34.1,1.541513844536675e-07
Park-Fav,Successive Halving,44,34.2,1.541513844536675e-07
Park-Fav,Successive Halving,44,35.2,1.541513844536675e-07
Park-Fav,Successive Halving,44,35.3,1.541513844536675e-07
Park-Fav,Successive Halving,44,36.3,1.541513844536675e-07
Park-Fav,Successive Halving,44,36.4,1.541513844536675e-07
Park-Fav,Successive Halving,44,37.4,1.541513844536675e-07
Park-Fav,Successive Halving,44,37.5,1.541513844536675e-07
Park-Fav,Successive Halving,44,38.5,1.541513844536675e-07
Park-Fav,Successive Halving,44,38.6,1.541513844536675e-07
Park-Fav,Successive Halving,44,39.6,1.541513844536675e-07
Park-Fav,Successive Halving,44,39.7,1.541513844536675e-07
Park-Fav,Successive Halving,44,40.7,1.541513844536675e-07
Park-Fav,Successive Halving,44,40.8,1.541513844536675e-07
Park-Fav,Successive Halving,44,41.8,1.541513844536675e-07
Park-Fav,Successive Halving,44,41.9,1.541513844536675e-07
Park-Fav,Successive Halving,44,42.9,1.541513844536675e-07
Park-Fav,Successive Halving,44,43.0,1.541513844536675e-07
Park-Fav,Successive Halving,44,44.0,1.541513844536675e-07
Park-Fav,Successive Halving,44,44.1,1.541513844536675e-07
Park-Fav,Successive Halving,44,45.1,1.541513844536675e-07
Park-Fav,Successive Halving,44,45.2,1.541513844536675e-07
Park-Fav,Successive Halving,44,46.2,1.541513844536675e-07
Park-Fav,Successive Halving,44,46.3,1.541513844536675e-07
Park-Fav,Successive Halving,44,47.3,1.541513844536675e-07
Park-Fav,Successive Halving,44,47.4,1.541513844536675e-07
Park-Fav,Successive Halving,44,48.4,1.541513844536675e-07
Park-Fav,Successive Halving,44,48.5,1.541513844536675e-07
Park-Fav,Successive Halving,44,49.5,1.541513844536675e-07
Park-Fav,Successive Halving,44,49.6,1.541513844536675e-07
Park-Fav,Successive Halving,45,0.1,inf
Park-Fav,Successive Halving,45,1.1,20.512771311643878
Park-Fav,Successive Halving,45,1.2,20.512771311643878
Park-Fav,Successive Halving,45,2.2,17.2868903520358
Park-Fav,Successive Halving,45,2.3,17.2868903520358
Park-Fav,Successive Halving,45,3.3,9.967033371016498
Park-Fav,Successive Halving,45,3.4,9.967033371016498
Park-Fav,Successive Halving,45,4.4,2.1020066294176614
Park-Fav,Successive Halving,45,4.5,2.1020066294176614
Park-Fav,Successive Halving,45,5.5,1.1281375602258802e-07
Park-Fav,Successive Halving,45,5.6,1.1281375602258802e-07
Park-Fav,Successive Halving,45,6.6,1.1281375602258802e-07
Park-Fav,Successive Halving,45,6.7,1.1281375602258802e-07
Park-Fav,Successive Halving,45,7.7,1.1281375602258802e-07
Park-Fav,Successive Halving,45,7.8,1.1281375602258802e-07
Park-Fav,Successive Halving,45,8.8,1.1281375602258802e-07
Park-Fav,Successive Halving,45,8.9,1.1281375602258802e-07
Park-Fav,Successive Halving,45,9.9,1.1281375602258802e-07
Park-Fav,Successive Halving,45,10.0,1.1281375602258802e-07
Park-Fav,Successive Halving,45,11.0,1.1281375602258802e-07
Park-Fav,Successive Halving,45,11.1,1.1281375602258802e-07
Park-Fav,Successive Halving,45,12.1,1.1281375602258802e-07
Park-Fav,Successive Halving,45,12.2,1.1281375602258802e-07
Park-Fav,Successive Halving,45,13.2,1.1281375602258802e-07
Park-Fav,Successive Halving,45,13.3,1.1281375602258802e-07
Park-Fav,Successive Halving,45,14.3,1.1281375602258802e-07
Park-Fav,Successive Halving,45,14.4,1.1281375602258802e-07
Park-Fav,Successive Halving,45,15.4,1.1281375602258802e-07
Park-Fav,Successive Halving,45,15.5,1.1281375602258802e-07
Park-Fav,Successive Halving,45,16.5,1.1281375602258802e-07
Park-Fav,Successive Halving,45,16.6,1.1281375602258802e-07
Park-Fav,Successive Halving,45,17.6,1.1281375602258802e-07
Park-Fav,Successive Halving,45,17.7,1.1281375602258802e-07
Park-Fav,Successive Halving,45,18.7,1.1281375602258802e-07
Park-Fav,Successive Halving,45,18.8,1.1281375602258802e-07
Park-Fav,Successive Halving,45,19.8,1.1281375602258802e-07
Park-Fav,Successive Halving,45,19.9,1.1281375602258802e-07
Park-Fav,Successive Halving,45,20.9,1.1281375602258802e-07
Park-Fav,Successive Halving,45,21.0,1.1281375602258802e-07
Park-Fav,Successive Halving,45,22.0,1.1281375602258802e-07
Park-Fav,Successive Halving,45,22.1,1.1281375602258802e-07
Park-Fav,Successive Halving,45,23.1,1.1281375602258802e-07
Park-Fav,Successive Halving,45,23.2,1.1281375602258802e-07
Park-Fav,Successive Halving,45,24.2,1.1281375602258802e-07
Park-Fav,Successive Halving,45,24.3,1.1281375602258802e-07
Park-Fav,Successive Halving,45,25.3,1.1281375602258802e-07
Park-Fav,Successive Halving,45,25.4,1.1281375602258802e-07
Park-Fav,Successive Halving,45,26.4,1.1281375602258802e-07
Park-Fav,Successive Halving,45,26.5,1.1281375602258802e-07
Park-Fav,Successive Halving,45,27.5,1.1281375602258802e-07
Park-Fav,Successive Halving,45,27.6,1.1281375602258802e-07
Park-Fav,Successive Halving,45,28.6,1.1281375602258802e-07
Park-Fav,Successive Halving,45,28.7,1.1281375602258802e-07
Park-Fav,Successive Halving,45,29.7,1.1281375602258802e-07
Park-Fav,Successive Halving,45,29.8,1.1281375602258802e-07
Park-Fav,Successive Halving,45,30.8,1.1281375602258802e-07
Park-Fav,Successive Halving,45,30.9,1.1281375602258802e-07
Park-Fav,Successive Halving,45,31.9,1.1281375602258802e-07
Park-Fav,Successive Halving,45,32.0,1.1281375602258802e-07
Park-Fav,Successive Halving,45,33.0,1.1281375602258802e-07
Park-Fav,Successive Halving,45,33.1,1.1281375602258802e-07
Park-Fav,Successive Halving,45,34.1,1.1281375602258802e-07
Park-Fav,Successive Halving,45,34.2,1.1281375602258802e-07
Park-Fav,Successive Halving,45,35.2,1.1281375602258802e-07
Park-Fav,Successive Halving,45,35.3,1.1281375602258802e-07
Park-Fav,Successive Halving,45,36.3,1.1281375602258802e-07
Park-Fav,Successive Halving,45,36.4,1.1281375602258802e-07
Park-Fav,Successive Halving,45,37.4,1.1281375602258802e-07
Park-Fav,Successive Halving,45,37.5,1.1281375602258802e-07
Park-Fav,Successive Halving,45,38.5,1.1281375602258802e-07
Park-Fav,Successive Halving,45,38.6,1.1281375602258802e-07
Park-Fav,Successive Halving,45,39.6,1.1281375602258802e-07
Park-Fav,Successive Halving,45,39.7,1.1281375602258802e-07
Park-Fav,Successive Halving,45,40.7,1.1281375602258802e-07
Park-Fav,Successive Halving,45,40.8,1.1281375602258802e-07
Park-Fav,Successive Halving,45,41.8,1.1281375602258802e-07
Park-Fav,Successive Halving,45,41.9,1.1281375602258802e-07
Park-Fav,Successive Halving,45,42.9,1.1281375602258802e-07
Park-Fav,Successive Halving,45,43.0,1.1281375602258802e-07
Park-Fav,Successive Halving,45,44.0,1.1281375602258802e-07
Park-Fav,Successive Halving,45,44.1,1.1281375602258802e-07
Park-Fav,Successive Halving,45,45.1,1.1281375602258802e-07
Park-Fav,Successive Halving,45,45.2,1.1281375602258802e-07
Park-Fav,Successive Halving,45,46.2,1.1281375602258802e-07
Park-Fav,Successive Halving,45,46.3,1.1281375602258802e-07
Park-Fav,Successive Halving,45,47.3,1.1281375602258802e-07
Park-Fav,Successive Halving,45,47.4,1.1281375602258802e-07
Park-Fav,Successive Halving,45,48.4,1.1281375602258802e-07
Park-Fav,Successive Halving,45,48.5,1.1281375602258802e-07
Park-Fav,Successive Halving,45,49.5,1.1281375602258802e-07
Park-Fav,Successive Halving,45,49.6,1.1281375602258802e-07
Park-Fav,Successive Halving,46,0.1,inf
Park-Fav,Successive Halving,46,1.1,10.917926933713614
Park-Fav,Successive Halving,46,1.2,10.917926933713614
Park-Fav,Successive Halving,46,2.2,5.123493411768171
Park-Fav,Successive Halving,46,2.3,5.123493411768171
Park-Fav,Successive Halving,46,3.3,2.070648425403671e-07
Park-Fav,Successive Halving,46,3.4,2.070648425403671e-07
Park-Fav,Successive Halving,46,4.4,2.070648425403671e-07
Park-Fav,Successive Halving,46,4.5,2.070648425403671e-07
Park-Fav,Successive Halving,46,5.5,2.070648425403671e-07
Park-Fav,Successive Halving,46,5.6,2.070648425403671e-07
Park-Fav,Successive Halving,46,6.6,2.070648425403671e-07
Park-Fav,Successive Halving,46,6.7,2.070648425403671e-07
Park-Fav,Successive Halving,46,7.7,2.070648425403671e-07
Park-Fav,Successive Halving,46,7.8,2.070648425403671e-07
Park-Fav,Successive Halving,46,8.8,2.070648425403671e-07
Park-Fav,Successive Halving,46,8.9,2.070648425403671e-07
Park-Fav,Successive Halving,46,9.9,2.070648425403671e-07
Park-Fav,Successive Halving,46,10.0,2.070648425403671e-07
Park-Fav,Successive Halving,46,11.0,2.070648425403671e-07
Park-Fav,Successive Halving,46,11.1,2.070648425403671e-07
Park-Fav,Successive Halving,46,12.1,2.070648425403671e-07
Park-Fav,Successive Halving,46,12.2,2.070648425403671e-07
Park-Fav,Successive Halving,46,13.2,2.070648425403671e-07
Park-Fav,Successive Halving,46,13.3,2.070648425403671e-07
Park-Fav,Successive Halving,46,14.3,2.070648425403671e-07
Park-Fav,Successive Halving,46,14.4,2.070648425403671e-07
Park-Fav,Successive Halving,46,15.4,2.070648425403671e-07
Park-Fav,Successive Halving,46,15.5,2.070648425403671e-07
Park-Fav,Successive Halving,46,16.5,2.070648425403671e-07
Park-Fav,Successive Halving,46,16.6,2.070648425403671e-07
Park-Fav,Successive Halving,46,17.6,1.1281375602258802e-07
Park-Fav,Successive Halving,46,17.7,1.1281375602258802e-07
Park-Fav,Successive Halving,46,18.7,1.1281375602258802e-07
Park-Fav,Successive Halving,46,18.8,1.1281375602258802e-07
Park-Fav,Successive Halving,46,19.8,1.1281375602258802e-07
Park-Fav,Successive Halving,46,19.9,1.1281375602258802e-07
Park-Fav,Successive Halving,46,20.9,1.1281375602258802e-07
Park-Fav,Successive Halving,46,21.0,1.1281375602258802e-07
Park-Fav,Successive Halving,46,22.0,1.1281375602258802e-07
Park-Fav,Successive Halving,46,22.1,1.1281375602258802e-07
Park-Fav,Successive Halving,46,23.1,1.1281375602258802e-07
Park-Fav,Successive Halving,46,23.2,1.1281375602258802e-07
Park-Fav,Successive Halving,46,24.2,1.1281375602258802e-07
Park-Fav,Successive Halving,46,24.3,1.1281375602258802e-07
Park-Fav,Successive Halving,46,25.3,1.1281375602258802e-07
Park-Fav,Successive Halving,46,25.4,1.1281375602258802e-07
Park-Fav,Successive Halving,46,26.4,1.1281375602258802e-07
Park-Fav,Successive Halving,46,26.5,1.1281375602258802e-07
Park-Fav,Successive Halving,46,27.5,1.1281375602258802e-07
Park-Fav,Successive Halving,46,27.6,1.1281375602258802e-07
Park-Fav,Successive Halving,46,28.6,1.1281375602258802e-07
Park-Fav,Successive Halving,46,28.7,1.1281375602258802e-07
Park-Fav,Successive Halving,46,29.7,1.1281375602258802e-07
Park-Fav,Successive Halving,46,29.8,1.1281375602258802e-07
Park-Fav,Successive Halving,46,30.8,1.1281375602258802e-07
Park-Fav,Successive Halving,46,30.9,1.1281375602258802e-07
Park-Fav,Successive Halving,46,31.9,1.1281375602258802e-07
Park-Fav,Successive Halving,46,32.0,1.1281375602258802e-07
Park-Fav,Successive Halving,46,33.0,1.1281375602258802e-07
Park-Fav,Successive Halving,46,33.1,1.1281375602258802e-07
Park-Fav,Successive Halving,46,34.1,1.1281375602258802e-07
Park-Fav,Successive Halving,46,34.2,1.1281375602258802e-07
Park-Fav,Successive Halving,46,35.2,1.1281375602258802e-07
Park-Fav,Successive Halving,46,35.3,1.1281375602258802e-07
Park-Fav,Successive Halving,46,36.3,1.1281375602258802e-07
Park-Fav,Successive Halving,46,36.4,1.1281375602258802e-07
Park-Fav,Successive Halving,46,37.4,1.1281375602258802e-07
Park-Fav,Successive Halving,46,37.5,1.1281375602258802e-07
Park-Fav,Successive Halving,46,38.5,1.1281375602258802e-07
Park-Fav,Successive Halving,46,38.6,1.1281375602258802e-07
Park-Fav,Successive Halving,46,39.6,1.1281375602258802e-07
Park-Fav,Successive Halving,46,39.7,1.1281375602258802e-07
Park-Fav,Successive Halving,46,40.7,1.1281375602258802e-07
Park-Fav,Successive Halving,46,40.8,1.1281375602258802e-07
Park-Fav,Successive Halving,46,41.8,1.1281375602258802e-07
Park-Fav,Successive Halving,46,41.9,1.1281375602258802e-07
Park-Fav,Successive Halving,46,42.9,1.1281375602258802e-07
Park-Fav,Successive Halving,46,43.0,1.1281375602258802e-07
Park-Fav,Successive Halving,46,44.0,1.1281375602258802e-07
Park-Fav,Successive Halving,46,44.1,1.1281375602258802e-07
Park-Fav,Successive Halving,46,45.1,1.1281375602258802e-07
Park-Fav,Successive Halving,46,45.2,1.1281375602258802e-07
Park-Fav,Successive Halving,46,46.2,1.1281375602258802e-07
Park-Fav,Successive Halving,46,46.3,1.1281375602258802e-07
Park-Fav,Successive Halving,46,47.3,1.1281375602258802e-07
Park-Fav,Successive Halving,46,47.4,1.1281375602258802e-07
Park-Fav,Successive Halving,46,48.4,1.1281375602258802e-07
Park-Fav,Successive Halving,46,48.5,1.1281375602258802e-07
Park-Fav,Successive Halving,46,49.5,1.1281375602258802e-07
Park-Fav,Successive Halving,46,49.6,1.1281375602258802e-07
Park-Fav,Successive Halving,47,0.1,inf
Park-Fav,Successive Halving,47,1.1,13.99165468568341
Park-Fav,Successive Halving,47,1.2,13.99165468568341
Park-Fav,Successive Halving,47,2.2,10.190619504423745
Park-Fav,Successive Halving,47,2.3,10.190619504423745
Park-Fav,Successive Halving,47,3.3,10.190619504423745
Park-Fav,Successive Halving,47,3.4,10.190619504423745
Park-Fav,Successive Halving,47,4.4,2.051277131164388e-07
Park-Fav,Successive Halving,47,4.5,2.051277131164388e-07
Park-Fav,Successive Halving,47,5.5,2.051277131164388e-07
Park-Fav,Successive Halving,47,5.6,2.051277131164388e-07
Park-Fav,Successive Halving,47,6.6,2.051277131164388e-07
Park-Fav,Successive Halving,47,6.7,2.051277131164388e-07
Park-Fav,Successive Halving,47,7.7,2.051277131164388e-07
Park-Fav,Successive Halving,47,7.8,2.051277131164388e-07
Park-Fav,Successive Halving,47,8.8,2.051277131164388e-07
Park-Fav,Successive Halving,47,8.9,2.051277131164388e-07
Park-Fav,Successive Halving,47,9.9,2.051277131164388e-07
Park-Fav,Successive Halving,47,10.0,2.051277131164388e-07
Park-Fav,Successive Halving,47,11.0,2.051277131164388e-07
Park-Fav,Successive Halving,47,11.1,2.051277131164388e-07
Park-Fav,Successive Halving,47,12.1,2.051277131164388e-07
Park-Fav,Successive Halving,47,12.2,2.051277131164388e-07
Park-Fav,Successive Halving,47,13.2,2.051277131164388e-07
Park-Fav,Successive Halving,47,13.3,2.051277131164388e-07
Park-Fav,Successive Halving,47,14.3,2.051277131164388e-07
Park-Fav,Successive Halving,47,14.4,2.051277131164388e-07
Park-Fav,Successive Halving,47,15.4,2.051277131164388e-07
Park-Fav,Successive Halving,47,15.5,2.051277131164388e-07
Park-Fav,Successive Halving,47,16.5,2.051277131164388e-07
Park-Fav,Successive Halving,47,16.6,2.051277131164388e-07
Park-Fav,Successive Halving,47,17.6,2.051277131164388e-07
Park-Fav,Successive Halving,47,17.7,2.051277131164388e-07
Park-Fav,Successive Halving,47,18.7,2.051277131164388e-07
Park-Fav,Successive Halving,47,18.8,2.051277131164388e-07
Park-Fav,Successive Halving,47,19.8,2.051277131164388e-07
Park-Fav,Successive Halving,47,19.9,2.051277131164388e-07
Park-Fav,Successive Halving,47,20.9,2.051277131164388e-07
Park-Fav,Successive Halving,47,21.0,2.051277131164388e-07
Park-Fav,Successive Halving,47,22.0,2.051277131164388e-07
Park-Fav,Successive Halving,47,22.1,2.051277131164388e-07
Park-Fav,Successive Halving,47,23.1,2.051277131164388e-07
Park-Fav,Successive Halving,47,23.2,2.051277131164388e-07
Park-Fav,Successive Halving,47,24.2,2.051277131164388e-07
Park-Fav,Successive Halving,47,24.3,2.051277131164388e-07
Park-Fav,Successive Halving,47,25.3,2.051277131164388e-07
Park-Fav,Successive Halving,47,25.4,2.051277131164388e-07
Park-Fav,Successive Halving,47,26.4,2.051277131164388e-07
Park-Fav,Successive Halving,47,26.5,2.051277131164388e-07
Park-Fav,Successive Halving,47,27.5,2.051277131164388e-07
Park-Fav,Successive Halving,47,27.6,2.051277131164388e-07
Park-Fav,Successive Halving,47,28.6,2.051277131164388e-07
Park-Fav,Successive Halving,47,28.7,2.051277131164388e-07
Park-Fav,Successive Halving,47,29.7,2.051277131164388e-07
Park-Fav,Successive Halving,47,29.8,2.051277131164388e-07
Park-Fav,Successive Halving,47,30.8,2.051277131164388e-07
Park-Fav,Successive Halving,47,30.9,2.051277131164388e-07
Park-Fav,Successive Halving,47,31.9,2.051277131164388e-07
Park-Fav,Successive Halving,47,32.0,2.051277131164388e-07
Park-Fav,Successive Halving,47,33.0,2.051277131164388e-07
Park-Fav,Successive Halving,47,33.1,2.051277131164388e-07
Park-Fav,Successive Halving,47,34.1,2.051277131164388e-07
Park-Fav,Successive Halving,47,34.2,2.051277131164388e-07
Park-Fav,Successive Halving,47,35.2,2.051277131164388e-07
Park-Fav,Successive Halving,47,35.3,2.051277131164388e-07
Park-Fav,Successive Halving,47,36.3,2.051277131164388e-07
Park-Fav,Successive Halving,47,36.4,2.051277131164388e-07
Park-Fav,Successive Halving,47,37.4,2.051277131164388e-07
Park-Fav,Successive Halving,47,37.5,2.051277131164388e-07
Park-Fav,Successive Halving,47,38.5,1.5248471779533417e-07
Park-Fav,Successive Halving,47,38.6,1.5248471779533417e-07
Park-Fav,Successive Halving,47,39.6,1.5248471779533417e-07
Park-Fav,Successive Halving,47,39.7,1.5248471779533417e-07
Park-Fav,Successive Halving,47,40.7,1.5248471779533417e-07
Park-Fav,Successive Halving,47,40.8,1.5248471779533417e-07
Park-Fav,Successive Halving,47,41.8,1.5248471779533417e-07
Park-Fav,Successive Halving,47,41.9,1.5248471779533417e-07
Park-Fav,Successive Halving,47,42.9,1.5248471779533417e-07
Park-Fav,Successive Halving,47,43.0,1.5248471779533417e-07
Park-Fav,Successive Halving,47,44.0,1.5248471779533417e-07
Park-Fav,Successive Halving,47,44.1,1.5248471779533417e-07
Park-Fav,Successive Halving,47,45.1,1.5248471779533417e-07
Park-Fav,Successive Halving,47,45.2,1.5248471779533417e-07
Park-Fav,Successive Halving,47,46.2,1.5248471779533417e-07
Park-Fav,Successive Halving,47,46.3,1.5248471779533417e-07
Park-Fav,Successive Halving,47,47.3,1.5248471779533417e-07
Park-Fav,Successive Halving,47,47.4,1.5248471779533417e-07
Park-Fav,Successive Halving,47,48.4,1.5248471779533417e-07
Park-Fav,Successive Halving,47,48.5,1.5248471779533417e-07
Park-Fav,Successive Halving,47,49.5,1.5248471779533417e-07
Park-Fav,Successive Halving,47,49.6,1.5248471779533417e-07
Park-Fav,Successive Halving,48,0.1,inf
Park-Fav,Successive Halving,48,1.1,1.087312731383618e-07
Park-Fav,Successive Halving,48,1.2,1.087312731383618e-07
Park-Fav,Successive Halving,48,2.2,1.087312731383618e-07
Park-Fav,Successive Halving,48,2.3,1.087312731383618e-07
Park-Fav,Successive Halving,48,3.3,1.087312731383618e-07
Park-Fav,Successive Halving,48,3.4,1.087312731383618e-07
Park-Fav,Successive Halving,48,4.4,1.087312731383618e-07
Park-Fav,Successive Halving,48,4.5,1.087312731383618e-07
Park-Fav,Successive Halving,48,5.5,1.087312731383618e-07
Park-Fav,Successive Halving,48,5.6,1.087312731383618e-07
Park-Fav,Successive Halving,48,6.6,1.087312731383618e-07
Park-Fav,Successive Halving,48,6.7,1.087312731383618e-07
Park-Fav,Successive Halving,48,7.7,1.087312731383618e-07
Park-Fav,Successive Halving,48,7.8,1.087312731383618e-07
Park-Fav,Successive Halving,48,8.8,1.087312731383618e-07
Park-Fav,Successive Halving,48,8.9,1.087312731383618e-07
Park-Fav,Successive Halving,48,9.9,1.087312731383618e-07
Park-Fav,Successive Halving,48,10.0,1.087312731383618e-07
Park-Fav,Successive Halving,48,11.0,1.087312731383618e-07
Park-Fav,Successive Halving,48,11.1,1.087312731383618e-07
Park-Fav,Successive Halving,48,12.1,1.087312731383618e-07
Park-Fav,Successive Halving,48,12.2,1.087312731383618e-07
Park-Fav,Successive Halving,48,13.2,1.087312731383618e-07
Park-Fav,Successive Halving,48,13.3,1.087312731383618e-07
Park-Fav,Successive Halving,48,14.3,1.087312731383618e-07
Park-Fav,Successive Halving,48,14.4,1.087312731383618e-07
Park-Fav,Successive Halving,48,15.4,1.087312731383618e-07
Park-Fav,Successive Halving,48,15.5,1.087312731383618e-07
Park-Fav,Successive Halving,48,16.5,1.087312731383618e-07
Park-Fav,Successive Halving,48,16.6,1.087312731383618e-07
Park-Fav,Successive Halving,48,17.6,1.087312731383618e-07
Park-Fav,Successive Halving,48,17.7,1.087312731383618e-07
Park-Fav,Successive Halving,48,18.7,1.087312731383618e-07
Park-Fav,Successive Halving,48,18.8,1.087312731383618e-07
Park-Fav,Successive Halving,48,19.8,1.087312731383618e-07
Park-Fav,Successive Halving,48,19.9,1.087312731383618e-07
Park-Fav,Successive Halving,48,20.9,1.087312731383618e-07
Park-Fav,Successive Halving,48,21.0,1.087312731383618e-07
Park-Fav,Successive Halving,48,22.0,1.087312731383618e-07
Park-Fav,Successive Halving,48,22.1,1.087312731383618e-07
Park-Fav,Successive Halving,48,23.1,1.087312731383618e-07
Park-Fav,Successive Halving,48,23.2,1.087312731383618e-07
Park-Fav,Successive Halving,48,24.2,1.087312731383618e-07
Park-Fav,Successive Halving,48,24.3,1.087312731383618e-07
Park-Fav,Successive Halving,48,25.3,1.087312731383618e-07
Park-Fav,Successive Halving,48,25.4,1.087312731383618e-07
Park-Fav,Successive Halving,48,26.4,1.087312731383618e-07
Park-Fav,Successive Halving,48,26.5,1.087312731383618e-07
Park-Fav,Successive Halving,48,27.5,1.087312731383618e-07
Park-Fav,Successive Halving,48,27.6,1.087312731383618e-07
Park-Fav,Successive Halving,48,28.6,1.087312731383618e-07
Park-Fav,Successive Halving,48,28.7,1.087312731383618e-07
Park-Fav,Successive Halving,48,29.7,1.087312731383618e-07
Park-Fav,Successive Halving,48,29.8,1.087312731383618e-07
Park-Fav,Successive Halving,48,30.8,1.087312731383618e-07
Park-Fav,Successive Halving,48,30.9,1.087312731383618e-07
Park-Fav,Successive Halving,48,31.9,1.087312731383618e-07
Park-Fav,Successive Halving,48,32.0,1.087312731383618e-07
Park-Fav,Successive Halving,48,33.0,1.087312731383618e-07
Park-Fav,Successive Halving,48,33.1,1.087312731383618e-07
Park-Fav,Successive Halving,48,34.1,1.087312731383618e-07
Park-Fav,Successive Halving,48,34.2,1.087312731383618e-07
Park-Fav,Successive Halving,48,35.2,1.087312731383618e-07
Park-Fav,Successive Halving,48,35.3,1.087312731383618e-07
Park-Fav,Successive Halving,48,36.3,1.087312731383618e-07
Park-Fav,Successive Halving,48,36.4,1.087312731383618e-07
Park-Fav,Successive Halving,48,37.4,1.087312731383618e-07
Park-Fav,Successive Halving,48,37.5,1.087312731383618e-07
Park-Fav,Successive Halving,48,38.5,1.087312731383618e-07
Park-Fav,Successive Halving,48,38.6,1.087312731383618e-07
Park-Fav,Successive Halving,48,39.6,1.087312731383618e-07
Park-Fav,Successive Halving,48,39.7,1.087312731383618e-07
Park-Fav,Successive Halving,48,40.7,1.087312731383618e-07
Park-Fav,Successive Halving,48,40.8,1.087312731383618e-07
Park-Fav,Successive Halving,48,41.8,1.087312731383618e-07
Park-Fav,Successive Halving,48,41.9,1.087312731383618e-07
Park-Fav,Successive Halving,48,42.9,1.087312731383618e-07
Park-Fav,Successive Halving,48,43.0,1.087312731383618e-07
Park-Fav,Successive Halving,48,44.0,1.087312731383618e-07
Park-Fav,Successive Halving,48,44.1,1.087312731383618e-07
Park-Fav,Successive Halving,48,45.1,1.087312731383618e-07
Park-Fav,Successive Halving,48,45.2,1.087312731383618e-07
Park-Fav,Successive Halving,48,46.2,1.087312731383618e-07
Park-Fav,Successive Halving,48,46.3,1.087312731383618e-07
Park-Fav,Successive Halving,48,47.3,1.087312731383618e-07
Park-Fav,Successive Halving,48,47.4,1.087312731383618e-07
Park-Fav,Successive Halving,48,48.4,1.087312731383618e-07
Park-Fav,Successive Halving,48,48.5,1.087312731383618e-07
Park-Fav,Successive Halving,48,49.5,1.087312731383618e-07
Park-Fav,Successive Halving,48,49.6,1.087312731383618e-07
Park-Fav,Successive Halving,49,0.1,inf
Park-Fav,Successive Halving,49,1.1,13.883290131388847
Park-Fav,Successive Halving,49,1.2,13.883290131388847
Park-Fav,Successive Halving,49,2.2,13.883290131388847
Park-Fav,Successive Halving,49,2.3,13.883290131388847
Park-Fav,Successive Halving,49,3.3,3.3632925193023966
Park-Fav,Successive Halving,49,3.4,3.3632925193023966
Park-Fav,Successive Halving,49,4.4,3.3632925193023966
Park-Fav,Successive Halving,49,4.5,3.3632925193023966
Park-Fav,Successive Halving,49,5.5,3.3632925193023966
Park-Fav,Successive Halving,49,5.6,3.3632925193023966
Park-Fav,Successive Halving,49,6.6,3.3632925193023966
Park-Fav,Successive Halving,49,6.7,3.3632925193023966
Park-Fav,Successive Halving,49,7.7,3.3632925193023966
Park-Fav,Successive Halving,49,7.8,3.3632925193023966
Park-Fav,Successive Halving,49,8.8,3.3632925193023966
Park-Fav,Successive Halving,49,8.9,3.3632925193023966
Park-Fav,Successive Halving,49,9.9,3.3632925193023966
Park-Fav,Successive Halving,49,10.0,3.3632925193023966
Park-Fav,Successive Halving,49,11.0,3.3632925193023966
Park-Fav,Successive Halving,49,11.1,3.3632925193023966
Park-Fav,Successive Halving,49,12.1,3.3632925193023966
Park-Fav,Successive Halving,49,12.2,3.3632925193023966
Park-Fav,Successive Halving,49,13.2,3.3632925193023966
Park-Fav,Successive Halving,49,13.3,3.3632925193023966
Park-Fav,Successive Halving,49,14.3,3.3632925193023966
Park-Fav,Successive Halving,49,14.4,3.3632925193023966
Park-Fav,Successive Halving,49,15.4,3.3632925193023966
Park-Fav,Successive Halving,49,15.5,3.3632925193023966
Park-Fav,Successive Halving,49,16.5,1.5522763663339387e-07
Park-Fav,Successive Halving,49,16.6,1.5522763663339387e-07
Park-Fav,Successive Halving,49,17.6,1.5522763663339387e-07
Park-Fav,Successive Halving,49,17.7,1.5522763663339387e-07
Park-Fav,Successive Halving,49,18.7,1.5522763663339387e-07
Park-Fav,Successive Halving,49,18.8,1.5522763663339387e-07
Park-Fav,Successive Halving,49,19.8,1.5522763663339387e-07
Park-Fav,Successive Halving,49,19.9,1.5522763663339387e-07
Park-Fav,Successive Halving,49,20.9,1.5522763663339387e-07
Park-Fav,Successive Halving,49,21.0,1.5522763663339387e-07
Park-Fav,Successive Halving,49,22.0,1.5522763663339387e-07
Park-Fav,Successive Halving,49,22.1,1.5522763663339387e-07
Park-Fav,Successive Halving,49,23.1,1.5522763663339387e-07
Park-Fav,Successive Halving,49,23.2,1.5522763663339387e-07
Park-Fav,Successive Halving,49,24.2,1.5522763663339387e-07
Park-Fav,Successive Halving,49,24.3,1.5522763663339387e-07
Park-Fav,Successive Halving,49,25.3,1.5522763663339387e-07
Park-Fav,Successive Halving,49,25.4,1.5522763663339387e-07
Park-Fav,Successive Halving,49,26.4,1.5522763663339387e-07
Park-Fav,Successive Halving,49,26.5,1.5522763663339387e-07
Park-Fav,Successive Halving,49,27.5,1.5522763663339387e-07
Park-Fav,Successive Halving,49,27.6,1.5522763663339387e-07
Park-Fav,Successive Halving,49,28.6,1.5522763663339387e-07
Park-Fav,Successive Halving,49,28.7,1.5522763663339387e-07
Park-Fav,Successive Halving,49,29.7,1.5522763663339387e-07
Park-Fav,Successive Halving,49,29.8,1.5522763663339387e-07
Park-Fav,Successive Halving,49,30.8,1.5522763663339387e-07
Park-Fav,Successive Halving,49,30.9,1.5522763663339387e-07
Park-Fav,Successive Halving,49,31.9,1.5522763663339387e-07
Park-Fav,Successive Halving,49,32.0,1.5522763663339387e-07
Park-Fav,Successive Halving,49,33.0,1.5522763663339387e-07
Park-Fav,Successive Halving,49,33.1,1.5522763663339387e-07
Park-Fav,Successive Halving,49,34.1,1.5522763663339387e-07
Park-Fav,Successive Halving,49,34.2,1.5522763663339387e-07
Park-Fav,Successive Halving,49,35.2,1.5522763663339387e-07
Park-Fav,Successive Halving,49,35.3,1.5522763663339387e-07
Park-Fav,Successive Halving,49,36.3,1.5522763663339387e-07
Park-Fav,Successive Halving,49,36.4,1.5522763663339387e-07
Park-Fav,Successive Halving,49,37.4,1.5522763663339387e-07
Park-Fav,Successive Halving,49,37.5,1.5522763663339387e-07
Park-Fav,Successive Halving,49,38.5,1.5522763663339387e-07
Park-Fav,Successive Halving,49,38.6,1.5522763663339387e-07
Park-Fav,Successive Halving,49,39.6,1.5522763663339387e-07
Park-Fav,Successive Halving,49,39.7,1.5522763663339387e-07
Park-Fav,Successive Halving,49,40.7,1.5248471779533417e-07
Park-Fav,Successive Halving,49,40.8,1.5248471779533417e-07
Park-Fav,Successive Halving,49,41.8,1.5248471779533417e-07
Park-Fav,Successive Halving,49,41.9,1.5248471779533417e-07
Park-Fav,Successive Halving,49,42.9,1.5248471779533417e-07
Park-Fav,Successive Halving,49,43.0,1.5248471779533417e-07
Park-Fav,Successive Halving,49,44.0,1.1281375602258802e-07
Park-Fav,Successive Halving,49,44.1,1.1281375602258802e-07
Park-Fav,Successive Halving,49,45.1,1.1281375602258802e-07
Park-Fav,Successive Halving,49,45.2,1.1281375602258802e-07
Park-Fav,Successive Halving,49,46.2,1.1281375602258802e-07
Park-Fav,Successive Halving,49,46.3,1.1281375602258802e-07
Park-Fav,Successive Halving,49,47.3,1.1281375602258802e-07
Park-Fav,Successive Halving,49,47.4,1.1281375602258802e-07
Park-Fav,Successive Halving,49,48.4,1.1281375602258802e-07
Park-Fav,Successive Halving,49,48.5,1.1281375602258802e-07
Park-Fav,Successive Halving,49,49.5,1.1281375602258802e-07
Park-Fav,Successive Halving,49,49.6,1.1281375602258802e-07
Park-Fav,Successive Halving,50,0.1,inf
Park-Fav,Successive Halving,50,1.1,1.8122379671872557
Park-Fav,Successive Halving,50,1.2,1.8122379671872557
Park-Fav,Successive Halving,50,2.2,1.8122379671872557
Park-Fav,Successive Halving,50,2.3,1.8122379671872557
Park-Fav,Successive Halving,50,3.3,1.8122379671872557
Park-Fav,Successive Halving,50,3.4,1.8122379671872557
Park-Fav,Successive Halving,50,4.4,1.8122379671872557
Park-Fav,Successive Halving,50,4.5,1.8122379671872557
Park-Fav,Successive Halving,50,5.5,1.8122379671872557
Park-Fav,Successive Halving,50,5.6,1.8122379671872557
Park-Fav,Successive Halving,50,6.6,1.8122379671872557
Park-Fav,Successive Halving,50,6.7,1.8122379671872557
Park-Fav,Successive Halving,50,7.7,1.8122379671872557
Park-Fav,Successive Halving,50,7.8,1.8122379671872557
Park-Fav,Successive Halving,50,8.8,1.8122379671872557
Park-Fav,Successive Halving,50,8.9,1.8122379671872557
Park-Fav,Successive Halving,50,9.9,1.8122379671872557
Park-Fav,Successive Halving,50,10.0,1.8122379671872557
Park-Fav,Successive Halving,50,11.0,1.6816533163423857
Park-Fav,Successive Halving,50,11.1,1.6816533163423857
Park-Fav,Successive Halving,50,12.1,1.6816533163423857
Park-Fav,Successive Halving,50,12.2,1.6816533163423857
Park-Fav,Successive Halving,50,13.2,1.6816533163423857
Park-Fav,Successive Halving,50,13.3,1.6816533163423857
Park-Fav,Successive Halving,50,14.3,1.6816533163423857
Park-Fav,Successive Halving,50,14.4,1.6816533163423857
Park-Fav,Successive Halving,50,15.4,1.6816533163423857
Park-Fav,Successive Halving,50,15.5,1.6816533163423857
Park-Fav,Successive Halving,50,16.5,1.2568613017750787
Park-Fav,Successive Halving,50,16.6,1.2568613017750787
Park-Fav,Successive Halving,50,17.6,1.2568613017750787
Park-Fav,Successive Halving,50,17.7,1.2568613017750787
Park-Fav,Successive Halving,50,18.7,1.2568613017750787
Park-Fav,Successive Halving,50,18.8,1.2568613017750787
Park-Fav,Successive Halving,50,19.8,1.2568613017750787
Park-Fav,Successive Halving,50,19.9,1.2568613017750787
Park-Fav,Successive Halving,50,20.9,1.2568613017750787
Park-Fav,Successive Halving,50,21.0,1.2568613017750787
Park-Fav,Successive Halving,50,22.0,1.2568613017750787
Park-Fav,Successive Halving,50,22.1,1.2568613017750787
Park-Fav,Successive Halving,50,23.1,1.2568613017750787
Park-Fav,Successive Halving,50,23.2,1.2568613017750787
Park-Fav,Successive Halving,50,24.2,1.2568613017750787
Park-Fav,Successive Halving,50,24.3,1.2568613017750787
Park-Fav,Successive Halving,50,25.3,1.2568613017750787
Park-Fav,Successive Halving,50,25.4,1.2568613017750787
Park-Fav,Successive Halving,50,26.4,1.2568613017750787
Park-Fav,Successive Halving,50,26.5,1.2568613017750787
Park-Fav,Successive Halving,50,27.5,1.2568613017750787
Park-Fav,Successive Halving,50,27.6,1.2568613017750787
Park-Fav,Successive Halving,50,28.6,1.2568613017750787
Park-Fav,Successive Halving,50,28.7,1.2568613017750787
Park-Fav,Successive Halving,50,29.7,1.2568613017750787
Park-Fav,Successive Halving,50,29.8,1.2568613017750787
Park-Fav,Successive Halving,50,30.8,1.2568613017750787
Park-Fav,Successive Halving,50,30.9,1.2568613017750787
Park-Fav,Successive Halving,50,31.9,1.2568613017750787
Park-Fav,Successive Halving,50,32.0,1.2568613017750787
Park-Fav,Successive Halving,50,33.0,1.2568613017750787
Park-Fav,Successive Halving,50,33.1,1.2568613017750787
Park-Fav,Successive Halving,50,34.1,1.2568613017750787
Park-Fav,Successive Halving,50,34.2,1.2568613017750787
Park-Fav,Successive Halving,50,35.2,1.2568613017750787
Park-Fav,Successive Halving,50,35.3,1.2568613017750787
Park-Fav,Successive Halving,50,36.3,1.2568613017750787
Park-Fav,Successive Halving,50,36.4,1.2568613017750787
Park-Fav,Successive Halving,50,37.4,1.2568613017750787
Park-Fav,Successive Halving,50,37.5,1.2568613017750787
Park-Fav,Successive Halving,50,38.5,1.2568613017750787
Park-Fav,Successive Halving,50,38.6,1.2568613017750787
Park-Fav,Successive Halving,50,39.6,1.2568613017750787
Park-Fav,Successive Halving,50,39.7,1.2568613017750787
Park-Fav,Successive Halving,50,40.7,1.2568613017750787
Park-Fav,Successive Halving,50,40.8,1.2568613017750787
Park-Fav,Successive Halving,50,41.8,1.2568613017750787
Park-Fav,Successive Halving,50,41.9,1.2568613017750787
Park-Fav,Successive Halving,50,42.9,1.2568613017750787
Park-Fav,Successive Halving,50,43.0,1.2568613017750787
Park-Fav,Successive Halving,50,44.0,1.2568613017750787
Park-Fav,Successive Halving,50,44.1,1.2568613017750787
Park-Fav,Successive Halving,50,45.1,1.2568613017750787
Park-Fav,Successive Halving,50,45.2,1.2568613017750787
Park-Fav,Successive Halving,50,46.2,1.2568338725877952
Park-Fav,Successive Halving,50,46.3,1.2568338725877952
Park-Fav,Successive Halving,50,47.3,1.2568338725877952
Park-Fav,Successive Halving,50,47.4,1.2568338725877952
Park-Fav,Successive Halving,50,48.4,1.2568338725877952
Park-Fav,Successive Halving,50,48.5,1.2568338725877952
Park-Fav,Successive Halving,50,49.5,1.2568338725877952
Park-Fav,Successive Halving,50,49.6,1.2568338725877952
Park-Fav,Successive Halving,51,0.1,inf
Park-Fav,Successive Halving,51,1.1,19.494771832419456
Park-Fav,Successive Halving,51,1.2,19.494771832419456
Park-Fav,Successive Halving,51,2.2,5.044894239876049
Park-Fav,Successive Halving,51,2.3,5.044894239876049
Park-Fav,Successive Halving,51,3.3,5.044894239876049
Park-Fav,Successive Halving,51,3.4,5.044894239876049
Park-Fav,Successive Halving,51,4.4,5.044894239876049
Park-Fav,Successive Halving,51,4.5,5.044894239876049
Park-Fav,Successive Halving,51,5.5,5.044894239876049
Park-Fav,Successive Halving,51,5.6,5.044894239876049
Park-Fav,Successive Halving,51,6.6,5.044894239876049
Park-Fav,Successive Halving,51,6.7,5.044894239876049
Park-Fav,Successive Halving,51,7.7,1.1161802446987618e-07
Park-Fav,Successive Halving,51,7.8,1.1161802446987618e-07
Park-Fav,Successive Halving,51,8.8,1.1161802446987618e-07
Park-Fav,Successive Halving,51,8.9,1.1161802446987618e-07
Park-Fav,Successive Halving,51,9.9,1.1161802446987618e-07
Park-Fav,Successive Halving,51,10.0,1.1161802446987618e-07
Park-Fav,Successive Halving,51,11.0,1.1161802446987618e-07
Park-Fav,Successive Halving,51,11.1,1.1161802446987618e-07
Park-Fav,Successive Halving,51,12.1,1.1161802446987618e-07
Park-Fav,Successive Halving,51,12.2,1.1161802446987618e-07
Park-Fav,Successive Halving,51,13.2,1.1161802446987618e-07
Park-Fav,Successive Halving,51,13.3,1.1161802446987618e-07
Park-Fav,Successive Halving,51,14.3,1.1161802446987618e-07
Park-Fav,Successive Halving,51,14.4,1.1161802446987618e-07
Park-Fav,Successive Halving,51,15.4,1.1161802446987618e-07
Park-Fav,Successive Halving,51,15.5,1.1161802446987618e-07
Park-Fav,Successive Halving,51,16.5,1.1161802446987618e-07
Park-Fav,Successive Halving,51,16.6,1.1161802446987618e-07
Park-Fav,Successive Halving,51,17.6,1.1161802446987618e-07
Park-Fav,Successive Halving,51,17.7,1.1161802446987618e-07
Park-Fav,Successive Halving,51,18.7,1.1161802446987618e-07
Park-Fav,Successive Halving,51,18.8,1.1161802446987618e-07
Park-Fav,Successive Halving,51,19.8,1.1161802446987618e-07
Park-Fav,Successive Halving,51,19.9,1.1161802446987618e-07
Park-Fav,Successive Halving,51,20.9,1.1161802446987618e-07
Park-Fav,Successive Halving,51,21.0,1.1161802446987618e-07
Park-Fav,Successive Halving,51,22.0,1.1161802446987618e-07
Park-Fav,Successive Halving,51,22.1,1.1161802446987618e-07
Park-Fav,Successive Halving,51,23.1,1.1161802446987618e-07
Park-Fav,Successive Halving,51,23.2,1.1161802446987618e-07
Park-Fav,Successive Halving,51,24.2,1.1161802446987618e-07
Park-Fav,Successive Halving,51,24.3,1.1161802446987618e-07
Park-Fav,Successive Halving,51,25.3,1.1161802446987618e-07
Park-Fav,Successive Halving,51,25.4,1.1161802446987618e-07
Park-Fav,Successive Halving,51,26.4,1.1161802446987618e-07
Park-Fav,Successive Halving,51,26.5,1.1161802446987618e-07
Park-Fav,Successive Halving,51,27.5,1.1161802446987618e-07
Park-Fav,Successive Halving,51,27.6,1.1161802446987618e-07
Park-Fav,Successive Halving,51,28.6,1.1161802446987618e-07
Park-Fav,Successive Halving,51,28.7,1.1161802446987618e-07
Park-Fav,Successive Halving,51,29.7,1.1161802446987618e-07
Park-Fav,Successive Halving,51,29.8,1.1161802446987618e-07
Park-Fav,Successive Halving,51,30.8,1.1161802446987618e-07
Park-Fav,Successive Halving,51,30.9,1.1161802446987618e-07
Park-Fav,Successive Halving,51,31.9,1.1161802446987618e-07
Park-Fav,Successive Halving,51,32.0,1.1161802446987618e-07
Park-Fav,Successive Halving,51,33.0,1.1161802446987618e-07
Park-Fav,Successive Halving,51,33.1,1.1161802446987618e-07
Park-Fav,Successive Halving,51,34.1,1.1161802446987618e-07
Park-Fav,Successive Halving,51,34.2,1.1161802446987618e-07
Park-Fav,Successive Halving,51,35.2,1.1161802446987618e-07
Park-Fav,Successive Halving,51,35.3,1.1161802446987618e-07
Park-Fav,Successive Halving,51,36.3,1.1161802446987618e-07
Park-Fav,Successive Halving,51,36.4,1.1161802446987618e-07
Park-Fav,Successive Halving,51,37.4,1.1161802446987618e-07
Park-Fav,Successive Halving,51,37.5,1.1161802446987618e-07
Park-Fav,Successive Halving,51,38.5,1.1161802446987618e-07
Park-Fav,Successive Halving,51,38.6,1.1161802446987618e-07
Park-Fav,Successive Halving,51,39.6,1.1161802446987618e-07
Park-Fav,Successive Halving,51,39.7,1.1161802446987618e-07
Park-Fav,Successive Halving,51,40.7,1.1161802446987618e-07
Park-Fav,Successive Halving,51,40.8,1.1161802446987618e-07
Park-Fav,Successive Halving,51,41.8,1.1161802446987618e-07
Park-Fav,Successive Halving,51,41.9,1.1161802446987618e-07
Park-Fav,Successive Halving,51,42.9,1.1161802446987618e-07
Park-Fav,Successive Halving,51,43.0,1.1161802446987618e-07
Park-Fav,Successive Halving,51,44.0,1.1161802446987618e-07
Park-Fav,Successive Halving,51,44.1,1.1161802446987618e-07
Park-Fav,Successive Halving,51,45.1,1.1161802446987618e-07
Park-Fav,Successive Halving,51,45.2,1.1161802446987618e-07
Park-Fav,Successive Halving,51,46.2,1.1161802446987618e-07
Park-Fav,Successive Halving,51,46.3,1.1161802446987618e-07
Park-Fav,Successive Halving,51,47.3,1.1161802446987618e-07
Park-Fav,Successive Halving,51,47.4,1.1161802446987618e-07
Park-Fav,Successive Halving,51,48.4,1.1161802446987618e-07
Park-Fav,Successive Halving,51,48.5,1.1161802446987618e-07
Park-Fav,Successive Halving,51,49.5,1.1161802446987618e-07
Park-Fav,Successive Halving,51,49.6,1.1161802446987618e-07
Park-Fav,Successive Halving,52,0.1,inf
Park-Fav,Successive Halving,52,1.1,7.845192865053683
Park-Fav,Successive Halving,52,1.2,7.845192865053683
Park-Fav,Successive Halving,52,2.2,4.203929383337503
Park-Fav,Successive Halving,52,2.3,4.203929383337503
Park-Fav,Successive Halving,52,3.3,4.203929383337503
Park-Fav,Successive Halving,52,3.4,4.203929383337503
Park-Fav,Successive Halving,52,4.4,4.203929383337503
Park-Fav,Successive Halving,52,4.5,4.203929383337503
Park-Fav,Successive Halving,52,5.5,4.203929383337503
Park-Fav,Successive Halving,52,5.6,4.203929383337503
Park-Fav,Successive Halving,52,6.6,1.6816640788637525
Park-Fav,Successive Halving,52,6.7,1.6816640788637525
Park-Fav,Successive Halving,52,7.7,1.6816640788637525
Park-Fav,Successive Halving,52,7.8,1.6816640788637525
Park-Fav,Successive Halving,52,8.8,1.6816640788637525
Park-Fav,Successive Halving,52,8.9,1.6816640788637525
Park-Fav,Successive Halving,52,9.9,1.6816640788637525
Park-Fav,Successive Halving,52,10.0,1.6816640788637525
Park-Fav,Successive Halving,52,11.0,1.6816640788637525
Park-Fav,Successive Halving,52,11.1,1.6816640788637525
Park-Fav,Successive Halving,52,12.1,1.6816640788637525
Park-Fav,Successive Halving,52,12.2,1.6816640788637525
Park-Fav,Successive Halving,52,13.2,1.6816640788637525
Park-Fav,Successive Halving,52,13.3,1.6816640788637525
Park-Fav,Successive Halving,52,14.3,1.6816640788637525
Park-Fav,Successive Halving,52,14.4,1.6816640788637525
Park-Fav,Successive Halving,52,15.4,1.6816640788637525
Park-Fav,Successive Halving,52,15.5,1.6816640788637525
Park-Fav,Successive Halving,52,16.5,1.6816640788637525
Park-Fav,Successive Halving,52,16.6,1.6816640788637525
Park-Fav,Successive Halving,52,17.6,1.2568613017750787
Park-Fav,Successive Halving,52,17.7,1.2568613017750787
Park-Fav,Successive Halving,52,18.7,1.2568613017750787
Park-Fav,Successive Halving,52,18.8,1.2568613017750787
Park-Fav,Successive Halving,52,19.8,1.2568613017750787
Park-Fav,Successive Halving,52,19.9,1.2568613017750787
Park-Fav,Successive Halving,52,20.9,1.2568613017750787
Park-Fav,Successive Halving,52,21.0,1.2568613017750787
Park-Fav,Successive Halving,52,22.0,1.2568613017750787
Park-Fav,Successive Halving,52,22.1,1.2568613017750787
Park-Fav,Successive Halving,52,23.1,1.2568613017750787
Park-Fav,Successive Halving,52,23.2,1.2568613017750787
Park-Fav,Successive Halving,52,24.2,1.2568613017750787
Park-Fav,Successive Halving,52,24.3,1.2568613017750787
Park-Fav,Successive Halving,52,25.3,1.2568613017750787
Park-Fav,Successive Halving,52,25.4,1.2568613017750787
Park-Fav,Successive Halving,52,26.4,1.2568613017750787
Park-Fav,Successive Halving,52,26.5,1.2568613017750787
Park-Fav,Successive Halving,52,27.5,1.2568613017750787
Park-Fav,Successive Halving,52,27.6,1.2568613017750787
Park-Fav,Successive Halving,52,28.6,1.2568613017750787
Park-Fav,Successive Halving,52,28.7,1.2568613017750787
Park-Fav,Successive Halving,52,29.7,1.2568613017750787
Park-Fav,Successive Halving,52,29.8,1.2568613017750787
Park-Fav,Successive Halving,52,30.8,1.2568613017750787
Park-Fav,Successive Halving,52,30.9,1.2568613017750787
Park-Fav,Successive Halving,52,31.9,1.2568613017750787
Park-Fav,Successive Halving,52,32.0,1.2568613017750787
Park-Fav,Successive Halving,52,33.0,1.2568613017750787
Park-Fav,Successive Halving,52,33.1,1.2568613017750787
Park-Fav,Successive Halving,52,34.1,2.586872597596253e-07
Park-Fav,Successive Halving,52,34.2,2.586872597596253e-07
Park-Fav,Successive Halving,52,35.2,2.586872597596253e-07
Park-Fav,Successive Halving,52,35.3,2.586872597596253e-07
Park-Fav,Successive Halving,52,36.3,2.586872597596253e-07
Park-Fav,Successive Halving,52,36.4,2.586872597596253e-07
Park-Fav,Successive Halving,52,37.4,2.586872597596253e-07
Park-Fav,Successive Halving,52,37.5,2.586872597596253e-07
Park-Fav,Successive Halving,52,38.5,2.586872597596253e-07
Park-Fav,Successive Halving,52,38.6,2.586872597596253e-07
Park-Fav,Successive Halving,52,39.6,2.586872597596253e-07
Park-Fav,Successive Halving,52,39.7,2.586872597596253e-07
Park-Fav,Successive Halving,52,40.7,2.0620396529616517e-07
Park-Fav,Successive Halving,52,40.8,2.0620396529616517e-07
Park-Fav,Successive Halving,52,41.8,2.0620396529616517e-07
Park-Fav,Successive Halving,52,41.9,2.0620396529616517e-07
Park-Fav,Successive Halving,52,42.9,2.0620396529616517e-07
Park-Fav,Successive Halving,52,43.0,2.0620396529616517e-07
Park-Fav,Successive Halving,52,44.0,2.0620396529616517e-07
Park-Fav,Successive Halving,52,44.1,2.0620396529616517e-07
Park-Fav,Successive Halving,52,45.1,2.0620396529616517e-07
Park-Fav,Successive Halving,52,45.2,2.0620396529616517e-07
Park-Fav,Successive Halving,52,46.2,2.0620396529616517e-07
Park-Fav,Successive Halving,52,46.3,2.0620396529616517e-07
Park-Fav,Successive Halving,52,47.3,2.0620396529616517e-07
Park-Fav,Successive Halving,52,47.4,2.0620396529616517e-07
Park-Fav,Successive Halving,52,48.4,2.0620396529616517e-07
Park-Fav,Successive Halving,52,48.5,2.0620396529616517e-07
Park-Fav,Successive Halving,52,49.5,2.0620396529616517e-07
Park-Fav,Successive Halving,52,49.6,2.0620396529616517e-07
Park-Fav,Successive Halving,53,0.1,inf
Park-Fav,Successive Halving,53,1.1,5.044885004196631
Park-Fav,Successive Halving,53,1.2,5.044885004196631
Park-Fav,Successive Halving,53,2.2,5.044885004196631
Park-Fav,Successive Halving,53,2.3,5.044885004196631
Park-Fav,Successive Halving,53,3.3,5.044885004196631
Park-Fav,Successive Halving,53,3.4,5.044885004196631
Park-Fav,Successive Halving,53,4.4,3.3632925193023966
Park-Fav,Successive Halving,53,4.5,3.3632925193023966
Park-Fav,Successive Halving,53,5.5,3.3632925193023966
Park-Fav,Successive Halving,53,5.6,3.3632925193023966
Park-Fav,Successive Halving,53,6.6,3.3632925193023966
Park-Fav,Successive Halving,53,6.7,3.3632925193023966
Park-Fav,Successive Halving,53,7.7,3.3632925193023966
Park-Fav,Successive Halving,53,7.8,3.3632925193023966
Park-Fav,Successive Halving,53,8.8,3.3632925193023966
Park-Fav,Successive Halving,53,8.9,3.3632925193023966
Park-Fav,Successive Halving,53,9.9,3.3632925193023966
Park-Fav,Successive Halving,53,10.0,3.3632925193023966
Park-Fav,Successive Halving,53,11.0,3.3632925193023966
Park-Fav,Successive Halving,53,11.1,3.3632925193023966
Park-Fav,Successive Halving,53,12.1,3.3632925193023966
Park-Fav,Successive Halving,53,12.2,3.3632925193023966
Park-Fav,Successive Halving,53,13.2,2.1019936537670456
Park-Fav,Successive Halving,53,13.3,2.1019936537670456
Park-Fav,Successive Halving,53,14.3,2.1019936537670456
Park-Fav,Successive Halving,53,14.4,2.1019936537670456
Park-Fav,Successive Halving,53,15.4,2.1019936537670456
Park-Fav,Successive Halving,53,15.5,2.1019936537670456
Park-Fav,Successive Halving,53,16.5,1.812216834700953
Park-Fav,Successive Halving,53,16.6,1.812216834700953
Park-Fav,Successive Halving,53,17.6,1.812216834700953
Park-Fav,Successive Halving,53,17.7,1.812216834700953
Park-Fav,Successive Halving,53,18.7,1.812216834700953
Park-Fav,Successive Halving,53,18.8,1.812216834700953
Park-Fav,Successive Halving,53,19.8,1.812216834700953
Park-Fav,Successive Halving,53,19.9,1.812216834700953
Park-Fav,Successive Halving,53,20.9,1.812216834700953
Park-Fav,Successive Halving,53,21.0,1.812216834700953
Park-Fav,Successive Halving,53,22.0,0.9061348491953457
Park-Fav,Successive Halving,53,22.1,0.9061348491953457
Park-Fav,Successive Halving,53,23.1,0.9061348491953457
Park-Fav,Successive Halving,53,23.2,0.9061348491953457
Park-Fav,Successive Halving,53,24.2,0.9061348491953457
Park-Fav,Successive Halving,53,24.3,0.9061348491953457
Park-Fav,Successive Halving,53,25.3,0.9061348491953457
Park-Fav,Successive Halving,53,25.4,0.9061348491953457
Park-Fav,Successive Halving,53,26.4,0.9061348491953457
Park-Fav,Successive Halving,53,26.5,0.9061348491953457
Park-Fav,Successive Halving,53,27.5,0.9061348491953457
Park-Fav,Successive Halving,53,27.6,0.9061348491953457
Park-Fav,Successive Halving,53,28.6,0.9061348491953457
Park-Fav,Successive Halving,53,28.7,0.9061348491953457
Park-Fav,Successive Halving,53,29.7,0.9061348491953457
Park-Fav,Successive Halving,53,29.8,0.9061348491953457
Park-Fav,Successive Halving,53,30.8,0.9061348491953457
Park-Fav,Successive Halving,53,30.9,0.9061348491953457
Park-Fav,Successive Halving,53,31.9,0.9061348491953457
Park-Fav,Successive Halving,53,32.0,0.9061348491953457
Park-Fav,Successive Halving,53,33.0,0.9061348491953457
Park-Fav,Successive Halving,53,33.1,0.9061348491953457
Park-Fav,Successive Halving,53,34.1,0.9061348491953457
Park-Fav,Successive Halving,53,34.2,0.9061348491953457
Park-Fav,Successive Halving,53,35.2,0.9061348491953457
Park-Fav,Successive Halving,53,35.3,0.9061348491953457
Park-Fav,Successive Halving,53,36.3,2.572322875232211e-07
Park-Fav,Successive Halving,53,36.4,2.572322875232211e-07
Park-Fav,Successive Halving,53,37.4,2.572322875232211e-07
Park-Fav,Successive Halving,53,37.5,2.572322875232211e-07
Park-Fav,Successive Halving,53,38.5,2.572322875232211e-07
Park-Fav,Successive Halving,53,38.6,2.572322875232211e-07
Park-Fav,Successive Halving,53,39.6,2.572322875232211e-07
Park-Fav,Successive Halving,53,39.7,2.572322875232211e-07
Park-Fav,Successive Halving,53,40.7,2.572322875232211e-07
Park-Fav,Successive Halving,53,40.8,2.572322875232211e-07
Park-Fav,Successive Halving,53,41.8,2.572322875232211e-07
Park-Fav,Successive Halving,53,41.9,2.572322875232211e-07
Park-Fav,Successive Halving,53,42.9,2.572322875232211e-07
Park-Fav,Successive Halving,53,43.0,2.572322875232211e-07
Park-Fav,Successive Halving,53,44.0,2.572322875232211e-07
Park-Fav,Successive Halving,53,44.1,2.572322875232211e-07
Park-Fav,Successive Halving,53,45.1,2.572322875232211e-07
Park-Fav,Successive Halving,53,45.2,2.572322875232211e-07
Park-Fav,Successive Halving,53,46.2,2.572322875232211e-07
Park-Fav,Successive Halving,53,46.3,2.572322875232211e-07
Park-Fav,Successive Halving,53,47.3,2.572322875232211e-07
Park-Fav,Successive Halving,53,47.4,2.572322875232211e-07
Park-Fav,Successive Halving,53,48.4,2.572322875232211e-07
Park-Fav,Successive Halving,53,48.5,2.572322875232211e-07
Park-Fav,Successive Halving,53,49.5,2.572322875232211e-07
Park-Fav,Successive Halving,53,49.6,2.572322875232211e-07
Park-Fav,Successive Halving,54,0.1,inf
Park-Fav,Successive Halving,54,1.1,21.664854491005624
Park-Fav,Successive Halving,54,1.2,21.664854491005624
Park-Fav,Successive Halving,54,2.2,5.123493411768171
Park-Fav,Successive Halving,54,2.3,5.123493411768171
Park-Fav,Successive Halving,54,3.3,2.5136509653966983
Park-Fav,Successive Halving,54,3.4,2.5136509653966983
Park-Fav,Successive Halving,54,4.4,2.5136509653966983
Park-Fav,Successive Halving,54,4.5,2.5136509653966983
Park-Fav,Successive Halving,54,5.5,2.0620396529616517e-07
Park-Fav,Successive Halving,54,5.6,2.0620396529616517e-07
Park-Fav,Successive Halving,54,6.6,2.0620396529616517e-07
Park-Fav,Successive Halving,54,6.7,2.0620396529616517e-07
Park-Fav,Successive Halving,54,7.7,2.0620396529616517e-07
Park-Fav,Successive Halving,54,7.8,2.0620396529616517e-07
Park-Fav,Successive Halving,54,8.8,2.0620396529616517e-07
Park-Fav,Successive Halving,54,8.9,2.0620396529616517e-07
Park-Fav,Successive Halving,54,9.9,2.0620396529616517e-07
Park-Fav,Successive Halving,54,10.0,2.0620396529616517e-07
Park-Fav,Successive Halving,54,11.0,2.0620396529616517e-07
Park-Fav,Successive Halving,54,11.1,2.0620396529616517e-07
Park-Fav,Successive Halving,54,12.1,2.0620396529616517e-07
Park-Fav,Successive Halving,54,12.2,2.0620396529616517e-07
Park-Fav,Successive Halving,54,13.2,2.0620396529616517e-07
Park-Fav,Successive Halving,54,13.3,2.0620396529616517e-07
Park-Fav,Successive Halving,54,14.3,2.0620396529616517e-07
Park-Fav,Successive Halving,54,14.4,2.0620396529616517e-07
Park-Fav,Successive Halving,54,15.4,2.0620396529616517e-07
Park-Fav,Successive Halving,54,15.5,2.0620396529616517e-07
Park-Fav,Successive Halving,54,16.5,2.0620396529616517e-07
Park-Fav,Successive Halving,54,16.6,2.0620396529616517e-07
Park-Fav,Successive Halving,54,17.6,1.1161802446987618e-07
Park-Fav,Successive Halving,54,17.7,1.1161802446987618e-07
Park-Fav,Successive Halving,54,18.7,1.1161802446987618e-07
Park-Fav,Successive Halving,54,18.8,1.1161802446987618e-07
Park-Fav,Successive Halving,54,19.8,1.1161802446987618e-07
Park-Fav,Successive Halving,54,19.9,1.1161802446987618e-07
Park-Fav,Successive Halving,54,20.9,1.1161802446987618e-07
Park-Fav,Successive Halving,54,21.0,1.1161802446987618e-07
Park-Fav,Successive Halving,54,22.0,1.1161802446987618e-07
Park-Fav,Successive Halving,54,22.1,1.1161802446987618e-07
Park-Fav,Successive Halving,54,23.1,1.1161802446987618e-07
Park-Fav,Successive Halving,54,23.2,1.1161802446987618e-07
Park-Fav,Successive Halving,54,24.2,1.1161802446987618e-07
Park-Fav,Successive Halving,54,24.3,1.1161802446987618e-07
Park-Fav,Successive Halving,54,25.3,1.1161802446987618e-07
Park-Fav,Successive Halving,54,25.4,1.1161802446987618e-07
Park-Fav,Successive Halving,54,26.4,1.1161802446987618e-07
Park-Fav,Successive Halving,54,26.5,1.1161802446987618e-07
Park-Fav,Successive Halving,54,27.5,1.1161802446987618e-07
Park-Fav,Successive Halving,54,27.6,1.1161802446987618e-07
Park-Fav,Successive Halving,54,28.6,1.1161802446987618e-07
Park-Fav,Successive Halving,54,28.7,1.1161802446987618e-07
Park-Fav,Successive Halving,54,29.7,1.1161802446987618e-07
Park-Fav,Successive Halving,54,29.8,1.1161802446987618e-07
Park-Fav,Successive Halving,54,30.8,1.1161802446987618e-07
Park-Fav,Successive Halving,54,30.9,1.1161802446987618e-07
Park-Fav,Successive Halving,54,31.9,1.1161802446987618e-07
Park-Fav,Successive Halving,54,32.0,1.1161802446987618e-07
Park-Fav,Successive Halving,54,33.0,1.1161802446987618e-07
Park-Fav,Successive Halving,54,33.1,1.1161802446987618e-07
Park-Fav,Successive Halving,54,34.1,1.1161802446987618e-07
Park-Fav,Successive Halving,54,34.2,1.1161802446987618e-07
Park-Fav,Successive Halving,54,35.2,1.1161802446987618e-07
Park-Fav,Successive Halving,54,35.3,1.1161802446987618e-07
Park-Fav,Successive Halving,54,36.3,1.1161802446987618e-07
Park-Fav,Successive Halving,54,36.4,1.1161802446987618e-07
Park-Fav,Successive Halving,54,37.4,1.1161802446987618e-07
Park-Fav,Successive Halving,54,37.5,1.1161802446987618e-07
Park-Fav,Successive Halving,54,38.5,1.1161802446987618e-07
Park-Fav,Successive Halving,54,38.6,1.1161802446987618e-07
Park-Fav,Successive Halving,54,39.6,1.1161802446987618e-07
Park-Fav,Successive Halving,54,39.7,1.1161802446987618e-07
Park-Fav,Successive Halving,54,40.7,1.1161802446987618e-07
Park-Fav,Successive Halving,54,40.8,1.1161802446987618e-07
Park-Fav,Successive Halving,54,41.8,1.1161802446987618e-07
Park-Fav,Successive Halving,54,41.9,1.1161802446987618e-07
Park-Fav,Successive Halving,54,42.9,1.1161802446987618e-07
Park-Fav,Successive Halving,54,43.0,1.1161802446987618e-07
Park-Fav,Successive Halving,54,44.0,1.1161802446987618e-07
Park-Fav,Successive Halving,54,44.1,1.1161802446987618e-07
Park-Fav,Successive Halving,54,45.1,1.1161802446987618e-07
Park-Fav,Successive Halving,54,45.2,1.1161802446987618e-07
Park-Fav,Successive Halving,54,46.2,1.1161802446987618e-07
Park-Fav,Successive Halving,54,46.3,1.1161802446987618e-07
Park-Fav,Successive Halving,54,47.3,1.1161802446987618e-07
Park-Fav,Successive Halving,54,47.4,1.1161802446987618e-07
Park-Fav,Successive Halving,54,48.4,1.1161802446987618e-07
Park-Fav,Successive Halving,54,48.5,1.1161802446987618e-07
Park-Fav,Successive Halving,54,49.5,1.1161802446987618e-07
Park-Fav,Successive Halving,54,49.6,1.1161802446987618e-07
Park-Fav,Successive Halving,55,0.1,inf
Park-Fav,Successive Halving,55,1.1,12.900289510562493
Park-Fav,Successive Halving,55,1.2,12.900289510562493
Park-Fav,Successive Halving,55,2.2,12.900289510562493
Park-Fav,Successive Halving,55,2.3,12.900289510562493
Park-Fav,Successive Halving,55,3.3,11.31139796883454
Park-Fav,Successive Halving,55,3.4,11.31139796883454
Park-Fav,Successive Halving,55,4.4,11.31139796883454
Park-Fav,Successive Halving,55,4.5,11.31139796883454
Park-Fav,Successive Halving,55,5.5,11.31139796883454
Park-Fav,Successive Halving,55,5.6,11.31139796883454
Park-Fav,Successive Halving,55,6.6,6.305840585096766
Park-Fav,Successive Halving,55,6.7,6.305840585096766
Park-Fav,Successive Halving,55,7.7,5.43656365691809
Park-Fav,Successive Halving,55,7.8,5.43656365691809
Park-Fav,Successive Halving,55,8.8,5.43656365691809
Park-Fav,Successive Halving,55,8.9,5.43656365691809
Park-Fav,Successive Halving,55,9.9,5.044894239876049
Park-Fav,Successive Halving,55,10.0,5.044894239876049
Park-Fav,Successive Halving,55,11.0,5.044894239876049
Park-Fav,Successive Halving,55,11.1,5.044894239876049
Park-Fav,Successive Halving,55,12.1,5.044894239876049
Park-Fav,Successive Halving,55,12.2,5.044894239876049
Park-Fav,Successive Halving,55,13.2,3.3632925193023966
Park-Fav,Successive Halving,55,13.3,3.3632925193023966
Park-Fav,Successive Halving,55,14.3,3.3632925193023966
Park-Fav,Successive Halving,55,14.4,3.3632925193023966
Park-Fav,Successive Halving,55,15.4,3.3632925193023966
Park-Fav,Successive Halving,55,15.5,3.3632925193023966
Park-Fav,Successive Halving,55,16.5,1.5522763663339387e-07
Park-Fav,Successive Halving,55,16.6,1.5522763663339387e-07
Park-Fav,Successive Halving,55,17.6,1.5522763663339387e-07
Park-Fav,Successive Halving,55,17.7,1.5522763663339387e-07
Park-Fav,Successive Halving,55,18.7,1.5522763663339387e-07
Park-Fav,Successive Halving,55,18.8,1.5522763663339387e-07
Park-Fav,Successive Halving,55,19.8,1.5522763663339387e-07
Park-Fav,Successive Halving,55,19.9,1.5522763663339387e-07
Park-Fav,Successive Halving,55,20.9,1.5522763663339387e-07
Park-Fav,Successive Halving,55,21.0,1.5522763663339387e-07
Park-Fav,Successive Halving,55,22.0,1.5522763663339387e-07
Park-Fav,Successive Halving,55,22.1,1.5522763663339387e-07
Park-Fav,Successive Halving,55,23.1,1.5522763663339387e-07
Park-Fav,Successive Halving,55,23.2,1.5522763663339387e-07
Park-Fav,Successive Halving,55,24.2,1.5522763663339387e-07
Park-Fav,Successive Halving,55,24.3,1.5522763663339387e-07
Park-Fav,Successive Halving,55,25.3,1.5522763663339387e-07
Park-Fav,Successive Halving,55,25.4,1.5522763663339387e-07
Park-Fav,Successive Halving,55,26.4,1.1281375602258802e-07
Park-Fav,Successive Halving,55,26.5,1.1281375602258802e-07
Park-Fav,Successive Halving,55,27.5,1.1281375602258802e-07
Park-Fav,Successive Halving,55,27.6,1.1281375602258802e-07
Park-Fav,Successive Halving,55,28.6,1.1281375602258802e-07
Park-Fav,Successive Halving,55,28.7,1.1281375602258802e-07
Park-Fav,Successive Halving,55,29.7,1.1281375602258802e-07
Park-Fav,Successive Halving,55,29.8,1.1281375602258802e-07
Park-Fav,Successive Halving,55,30.8,1.1281375602258802e-07
Park-Fav,Successive Halving,55,30.9,1.1281375602258802e-07
Park-Fav,Successive Halving,55,31.9,1.1281375602258802e-07
Park-Fav,Successive Halving,55,32.0,1.1281375602258802e-07
Park-Fav,Successive Halving,55,33.0,1.1281375602258802e-07
Park-Fav,Successive Halving,55,33.1,1.1281375602258802e-07
Park-Fav,Successive Halving,55,34.1,1.1281375602258802e-07
Park-Fav,Successive Halving,55,34.2,1.1281375602258802e-07
Park-Fav,Successive Halving,55,35.2,1.1281375602258802e-07
Park-Fav,Successive Halving,55,35.3,1.1281375602258802e-07
Park-Fav,Successive Halving,55,36.3,1.1281375602258802e-07
Park-Fav,Successive Halving,55,36.4,1.1281375602258802e-07
Park-Fav,Successive Halving,55,37.4,1.1281375602258802e-07
Park-Fav,Successive Halving,55,37.5,1.1281375602258802e-07
Park-Fav,Successive Halving,55,38.5,1.1281375602258802e-07
Park-Fav,Successive Halving,55,38.6,1.1281375602258802e-07
Park-Fav,Successive Halving,55,39.6,1.1281375602258802e-07
Park-Fav,Successive Halving,55,39.7,1.1281375602258802e-07
Park-Fav,Successive Halving,55,40.7,1.1281375602258802e-07
Park-Fav,Successive Halving,55,40.8,1.1281375602258802e-07
Park-Fav,Successive Halving,55,41.8,1.1281375602258802e-07
Park-Fav,Successive Halving,55,41.9,1.1281375602258802e-07
Park-Fav,Successive Halving,55,42.9,1.1281375602258802e-07
Park-Fav,Successive Halving,55,43.0,1.1281375602258802e-07
Park-Fav,Successive Halving,55,44.0,1.1281375602258802e-07
Park-Fav,Successive Halving,55,44.1,1.1281375602258802e-07
Park-Fav,Successive Halving,55,45.1,1.1281375602258802e-07
Park-Fav,Successive Halving,55,45.2,1.1281375602258802e-07
Park-Fav,Successive Halving,55,46.2,1.1281375602258802e-07
Park-Fav,Successive Halving,55,46.3,1.1281375602258802e-07
Park-Fav,Successive Halving,55,47.3,1.1281375602258802e-07
Park-Fav,Successive Halving,55,47.4,1.1281375602258802e-07
Park-Fav,Successive Halving,55,48.4,1.1281375602258802e-07
Park-Fav,Successive Halving,55,48.5,1.1281375602258802e-07
Park-Fav,Successive Halving,55,49.5,1.1281375602258802e-07
Park-Fav,Successive Halving,55,49.6,1.1281375602258802e-07
Park-Fav,Successive Halving,56,0.1,inf
Park-Fav,Successive Halving,56,1.1,5.219718452302983
Park-Fav,Successive Halving,56,1.2,5.219718452302983
Park-Fav,Successive Halving,56,2.2,5.219718452302983
Park-Fav,Successive Halving,56,2.3,5.219718452302983
Park-Fav,Successive Halving,56,3.3,1.812216834700953
Park-Fav,Successive Halving,56,3.4,1.812216834700953
Park-Fav,Successive Halving,56,4.4,1.812216834700953
Park-Fav,Successive Halving,56,4.5,1.812216834700953
Park-Fav,Successive Halving,56,5.5,1.812216834700953
Park-Fav,Successive Halving,56,5.6,1.812216834700953
Park-Fav,Successive Halving,56,6.6,1.812216834700953
Park-Fav,Successive Halving,56,6.7,1.812216834700953
Park-Fav,Successive Halving,56,7.7,1.812216834700953
Park-Fav,Successive Halving,56,7.8,1.812216834700953
Park-Fav,Successive Halving,56,8.8,1.812216834700953
Park-Fav,Successive Halving,56,8.9,1.812216834700953
Park-Fav,Successive Halving,56,9.9,1.812216834700953
Park-Fav,Successive Halving,56,10.0,1.812216834700953
Park-Fav,Successive Halving,56,11.0,1.6816640788637525
Park-Fav,Successive Halving,56,11.1,1.6816640788637525
Park-Fav,Successive Halving,56,12.1,1.6816640788637525
Park-Fav,Successive Halving,56,12.2,1.6816640788637525
Park-Fav,Successive Halving,56,13.2,1.6816640788637525
Park-Fav,Successive Halving,56,13.3,1.6816640788637525
Park-Fav,Successive Halving,56,14.3,1.6816640788637525
Park-Fav,Successive Halving,56,14.4,1.6816640788637525
Park-Fav,Successive Halving,56,15.4,1.6816640788637525
Park-Fav,Successive Halving,56,15.5,1.6816640788637525
Park-Fav,Successive Halving,56,16.5,2.0780363189549918e-07
Park-Fav,Successive Halving,56,16.6,2.0780363189549918e-07
Park-Fav,Successive Halving,56,17.6,2.0780363189549918e-07
Park-Fav,Successive Halving,56,17.7,2.0780363189549918e-07
Park-Fav,Successive Halving,56,18.7,2.0780363189549918e-07
Park-Fav,Successive Halving,56,18.8,2.0780363189549918e-07
Park-Fav,Successive Halving,56,19.8,2.0780363189549918e-07
Park-Fav,Successive Halving,56,19.9,2.0780363189549918e-07
Park-Fav,Successive Halving,56,20.9,2.0780363189549918e-07
Park-Fav,Successive Halving,56,21.0,2.0780363189549918e-07
Park-Fav,Successive Halving,56,22.0,2.0780363189549918e-07
Park-Fav,Successive Halving,56,22.1,2.0780363189549918e-07
Park-Fav,Successive Halving,56,23.1,2.0780363189549918e-07
Park-Fav,Successive Halving,56,23.2,2.0780363189549918e-07
Park-Fav,Successive Halving,56,24.2,2.0780363189549918e-07
Park-Fav,Successive Halving,56,24.3,2.0780363189549918e-07
Park-Fav,Successive Halving,56,25.3,2.0780363189549918e-07
Park-Fav,Successive Halving,56,25.4,2.0780363189549918e-07
Park-Fav,Successive Halving,56,26.4,2.0780363189549918e-07
Park-Fav,Successive Halving,56,26.5,2.0780363189549918e-07
Park-Fav,Successive Halving,56,27.5,2.0780363189549918e-07
Park-Fav,Successive Halving,56,27.6,2.0780363189549918e-07
Park-Fav,Successive Halving,56,28.6,2.0780363189549918e-07
Park-Fav,Successive Halving,56,28.7,2.0780363189549918e-07
Park-Fav,Successive Halving,56,29.7,2.0780363189549918e-07
Park-Fav,Successive Halving,56,29.8,2.0780363189549918e-07
Park-Fav,Successive Halving,56,30.8,2.0780363189549918e-07
Park-Fav,Successive Halving,56,30.9,2.0780363189549918e-07
Park-Fav,Successive Halving,56,31.9,2.0780363189549918e-07
Park-Fav,Successive Halving,56,32.0,2.0780363189549918e-07
Park-Fav,Successive Halving,56,33.0,2.0780363189549918e-07
Park-Fav,Successive Halving,56,33.1,2.0780363189549918e-07
Park-Fav,Successive Halving,56,34.1,2.0780363189549918e-07
Park-Fav,Successive Halving,56,34.2,2.0780363189549918e-07
Park-Fav,Successive Halving,56,35.2,2.0780363189549918e-07
Park-Fav,Successive Halving,56,35.3,2.0780363189549918e-07
Park-Fav,Successive Halving,56,36.3,2.0780363189549918e-07
Park-Fav,Successive Halving,56,36.4,2.0780363189549918e-07
Park-Fav,Successive Halving,56,37.4,2.0780363189549918e-07
Park-Fav,Successive Halving,56,37.5,2.0780363189549918e-07
Park-Fav,Successive Halving,56,38.5,2.0780363189549918e-07
Park-Fav,Successive Halving,56,38.6,2.0780363189549918e-07
Park-Fav,Successive Halving,56,39.6,2.0780363189549918e-07
Park-Fav,Successive Halving,56,39.7,2.0780363189549918e-07
Park-Fav,Successive Halving,56,40.7,2.0780363189549918e-07
Park-Fav,Successive Halving,56,40.8,2.0780363189549918e-07
Park-Fav,Successive Halving,56,41.8,2.0780363189549918e-07
Park-Fav,Successive Halving,56,41.9,2.0780363189549918e-07
Park-Fav,Successive Halving,56,42.9,2.0780363189549918e-07
Park-Fav,Successive Halving,56,43.0,2.0780363189549918e-07
Park-Fav,Successive Halving,56,44.0,2.0780363189549918e-07
Park-Fav,Successive Halving,56,44.1,2.0780363189549918e-07
Park-Fav,Successive Halving,56,45.1,2.0780363189549918e-07
Park-Fav,Successive Halving,56,45.2,2.0780363189549918e-07
Park-Fav,Successive Halving,56,46.2,2.0780363189549918e-07
Park-Fav,Successive Halving,56,46.3,2.0780363189549918e-07
Park-Fav,Successive Halving,56,47.3,2.0780363189549918e-07
Park-Fav,Successive Halving,56,47.4,2.0780363189549918e-07
Park-Fav,Successive Halving,56,48.4,2.0780363189549918e-07
Park-Fav,Successive Halving,56,48.5,2.0780363189549918e-07
Park-Fav,Successive Halving,56,49.5,2.0780363189549918e-07
Park-Fav,Successive Halving,56,49.6,2.0780363189549918e-07
Park-Fav,Successive Halving,57,0.1,inf
Park-Fav,Successive Halving,57,1.1,25.72322875232211
Park-Fav,Successive Halving,57,1.2,25.72322875232211
Park-Fav,Successive Halving,57,2.2,15.41513844536675
Park-Fav,Successive Halving,57,2.3,15.41513844536675
Park-Fav,Successive Halving,57,3.3,3.770460938633972
Park-Fav,Successive Halving,57,3.4,3.770460938633972
Park-Fav,Successive Halving,57,4.4,3.770460938633972
Park-Fav,Successive Halving,57,4.5,3.770460938633972
Park-Fav,Successive Halving,57,5.5,0.9061228918802969
Park-Fav,Successive Halving,57,5.6,0.9061228918802969
Park-Fav,Successive Halving,57,6.6,0.9061228918802969
Park-Fav,Successive Halving,57,6.7,0.9061228918802969
Park-Fav,Successive Halving,57,7.7,0.9061228918802969
Park-Fav,Successive Halving,57,7.8,0.9061228918802969
Park-Fav,Successive Halving,57,8.8,0.9061228918802969
Park-Fav,Successive Halving,57,8.9,0.9061228918802969
Park-Fav,Successive Halving,57,9.9,0.9061228918802969
Park-Fav,Successive Halving,57,10.0,0.9061228918802969
Park-Fav,Successive Halving,57,11.0,0.9061228918802969
Park-Fav,Successive Halving,57,11.1,0.9061228918802969
Park-Fav,Successive Halving,57,12.1,0.9061228918802969
Park-Fav,Successive Halving,57,12.2,0.9061228918802969
Park-Fav,Successive Halving,57,13.2,0.9061228918802969
Park-Fav,Successive Halving,57,13.3,0.9061228918802969
Park-Fav,Successive Halving,57,14.3,0.9061228918802969
Park-Fav,Successive Halving,57,14.4,0.9061228918802969
Park-Fav,Successive Halving,57,15.4,0.9061228918802969
Park-Fav,Successive Halving,57,15.5,0.9061228918802969
Park-Fav,Successive Halving,57,16.5,0.9061228918802969
Park-Fav,Successive Halving,57,16.6,0.9061228918802969
Park-Fav,Successive Halving,57,17.6,0.9061228918802969
Park-Fav,Successive Halving,57,17.7,0.9061228918802969
Park-Fav,Successive Halving,57,18.7,2.5930335532473125e-07
Park-Fav,Successive Halving,57,18.8,2.5930335532473125e-07
Park-Fav,Successive Halving,57,19.8,2.5930335532473125e-07
Park-Fav,Successive Halving,57,19.9,2.5930335532473125e-07
Park-Fav,Successive Halving,57,20.9,2.5930335532473125e-07
Park-Fav,Successive Halving,57,21.0,2.5930335532473125e-07
Park-Fav,Successive Halving,57,22.0,2.5930335532473125e-07
Park-Fav,Successive Halving,57,22.1,2.5930335532473125e-07
Park-Fav,Successive Halving,57,23.1,2.5930335532473125e-07
Park-Fav,Successive Halving,57,23.2,2.5930335532473125e-07
Park-Fav,Successive Halving,57,24.2,2.5930335532473125e-07
Park-Fav,Successive Halving,57,24.3,2.5930335532473125e-07
Park-Fav,Successive Halving,57,25.3,2.5930335532473125e-07
Park-Fav,Successive Halving,57,25.4,2.5930335532473125e-07
Park-Fav,Successive Halving,57,26.4,2.5930335532473125e-07
Park-Fav,Successive Halving,57,26.5,2.5930335532473125e-07
Park-Fav,Successive Halving,57,27.5,2.5930335532473125e-07
Park-Fav,Successive Halving,57,27.6,2.5930335532473125e-07
Park-Fav,Successive Halving,57,28.6,2.5930335532473125e-07
Park-Fav,Successive Halving,57,28.7,2.5930335532473125e-07
Park-Fav,Successive Halving,57,29.7,2.5930335532473125e-07
Park-Fav,Successive Halving,57,29.8,2.5930335532473125e-07
Park-Fav,Successive Halving,57,30.8,2.5930335532473125e-07
Park-Fav,Successive Halving,57,30.9,2.5930335532473125e-07
Park-Fav,Successive Halving,57,31.9,2.5930335532473125e-07
Park-Fav,Successive Halving,57,32.0,2.5930335532473125e-07
Park-Fav,Successive Halving,57,33.0,2.5800579021124985e-07
Park-Fav,Successive Halving,57,33.1,2.5800579021124985e-07
Park-Fav,Successive Halving,57,34.1,2.5800579021124985e-07
Park-Fav,Successive Halving,57,34.2,2.5800579021124985e-07
Park-Fav,Successive Halving,57,35.2,2.5800579021124985e-07
Park-Fav,Successive Halving,57,35.3,2.5800579021124985e-07
Park-Fav,Successive Halving,57,36.3,2.5800579021124985e-07
Park-Fav,Successive Halving,57,36.4,2.5800579021124985e-07
Park-Fav,Successive Halving,57,37.4,2.5800579021124985e-07
Park-Fav,Successive Halving,57,37.5,2.5800579021124985e-07
Park-Fav,Successive Halving,57,38.5,2.5800579021124985e-07
Park-Fav,Successive Halving,57,38.6,2.5800579021124985e-07
Park-Fav,Successive Halving,57,39.6,2.5800579021124985e-07
Park-Fav,Successive Halving,57,39.7,2.5800579021124985e-07
Park-Fav,Successive Halving,57,40.7,1.1161802446987618e-07
Park-Fav,Successive Halving,57,40.8,1.1161802446987618e-07
Park-Fav,Successive Halving,57,41.8,1.1161802446987618e-07
Park-Fav,Successive Halving,57,41.9,1.1161802446987618e-07
Park-Fav,Successive Halving,57,42.9,1.1161802446987618e-07
Park-Fav,Successive Halving,57,43.0,1.1161802446987618e-07
Park-Fav,Successive Halving,57,44.0,1.1161802446987618e-07
Park-Fav,Successive Halving,57,44.1,1.1161802446987618e-07
Park-Fav,Successive Halving,57,45.1,1.1161802446987618e-07
Park-Fav,Successive Halving,57,45.2,1.1161802446987618e-07
Park-Fav,Successive Halving,57,46.2,1.1161802446987618e-07
Park-Fav,Successive Halving,57,46.3,1.1161802446987618e-07
Park-Fav,Successive Halving,57,47.3,1.1161802446987618e-07
Park-Fav,Successive Halving,57,47.4,1.1161802446987618e-07
Park-Fav,Successive Halving,57,48.4,1.1161802446987618e-07
Park-Fav,Successive Halving,57,48.5,1.1161802446987618e-07
Park-Fav,Successive Halving,57,49.5,1.1161802446987618e-07
Park-Fav,Successive Halving,57,49.6,1.1161802446987618e-07
Park-Fav,Successive Halving,58,0.1,inf
Park-Fav,Successive Halving,58,1.1,8.154886337388795
Park-Fav,Successive Halving,58,1.2,8.154886337388795
Park-Fav,Successive Halving,58,2.2,1.1281375602258802e-07
Park-Fav,Successive Halving,58,2.3,1.1281375602258802e-07
Park-Fav,Successive Halving,58,3.3,1.1281375602258802e-07
Park-Fav,Successive Halving,58,3.4,1.1281375602258802e-07
Park-Fav,Successive Halving,58,4.4,1.1281375602258802e-07
Park-Fav,Successive Halving,58,4.5,1.1281375602258802e-07
Park-Fav,Successive Halving,58,5.5,1.1281375602258802e-07
Park-Fav,Successive Halving,58,5.6,1.1281375602258802e-07
Park-Fav,Successive Halving,58,6.6,1.1281375602258802e-07
Park-Fav,Successive Halving,58,6.7,1.1281375602258802e-07
Park-Fav,Successive Halving,58,7.7,1.1281375602258802e-07
Park-Fav,Successive Halving,58,7.8,1.1281375602258802e-07
Park-Fav,Successive Halving,58,8.8,1.1281375602258802e-07
Park-Fav,Successive Halving,58,8.9,1.1281375602258802e-07
Park-Fav,Successive Halving,58,9.9,1.1281375602258802e-07
Park-Fav,Successive Halving,58,10.0,1.1281375602258802e-07
Park-Fav,Successive Halving,58,11.0,1.1281375602258802e-07
Park-Fav,Successive Halving,58,11.1,1.1281375602258802e-07
Park-Fav,Successive Halving,58,12.1,1.1281375602258802e-07
Park-Fav,Successive Halving,58,12.2,1.1281375602258802e-07
Park-Fav,Successive Halving,58,13.2,1.1281375602258802e-07
Park-Fav,Successive Halving,58,13.3,1.1281375602258802e-07
Park-Fav,Successive Halving,58,14.3,1.087312731383618e-07
Park-Fav,Successive Halving,58,14.4,1.087312731383618e-07
Park-Fav,Successive Halving,58,15.4,1.087312731383618e-07
Park-Fav,Successive Halving,58,15.5,1.087312731383618e-07
Park-Fav,Successive Halving,58,16.5,1.087312731383618e-07
Park-Fav,Successive Halving,58,16.6,1.087312731383618e-07
Park-Fav,Successive Halving,58,17.6,1.087312731383618e-07
Park-Fav,Successive Halving,58,17.7,1.087312731383618e-07
Park-Fav,Successive Halving,58,18.7,1.087312731383618e-07
Park-Fav,Successive Halving,58,18.8,1.087312731383618e-07
Park-Fav,Successive Halving,58,19.8,1.087312731383618e-07
Park-Fav,Successive Halving,58,19.9,1.087312731383618e-07
Park-Fav,Successive Halving,58,20.9,1.087312731383618e-07
Park-Fav,Successive Halving,58,21.0,1.087312731383618e-07
Park-Fav,Successive Halving,58,22.0,1.087312731383618e-07
Park-Fav,Successive Halving,58,22.1,1.087312731383618e-07
Park-Fav,Successive Halving,58,23.1,1.087312731383618e-07
Park-Fav,Successive Halving,58,23.2,1.087312731383618e-07
Park-Fav,Successive Halving,58,24.2,1.087312731383618e-07
Park-Fav,Successive Halving,58,24.3,1.087312731383618e-07
Park-Fav,Successive Halving,58,25.3,1.087312731383618e-07
Park-Fav,Successive Halving,58,25.4,1.087312731383618e-07
Park-Fav,Successive Halving,58,26.4,1.087312731383618e-07
Park-Fav,Successive Halving,58,26.5,1.087312731383618e-07
Park-Fav,Successive Halving,58,27.5,1.087312731383618e-07
Park-Fav,Successive Halving,58,27.6,1.087312731383618e-07
Park-Fav,Successive Halving,58,28.6,1.087312731383618e-07
Park-Fav,Successive Halving,58,28.7,1.087312731383618e-07
Park-Fav,Successive Halving,58,29.7,1.087312731383618e-07
Park-Fav,Successive Halving,58,29.8,1.087312731383618e-07
Park-Fav,Successive Halving,58,30.8,1.087312731383618e-07
Park-Fav,Successive Halving,58,30.9,1.087312731383618e-07
Park-Fav,Successive Halving,58,31.9,1.087312731383618e-07
Park-Fav,Successive Halving,58,32.0,1.087312731383618e-07
Park-Fav,Successive Halving,58,33.0,1.087312731383618e-07
Park-Fav,Successive Halving,58,33.1,1.087312731383618e-07
Park-Fav,Successive Halving,58,34.1,1.087312731383618e-07
Park-Fav,Successive Halving,58,34.2,1.087312731383618e-07
Park-Fav,Successive Halving,58,35.2,1.087312731383618e-07
Park-Fav,Successive Halving,58,35.3,1.087312731383618e-07
Park-Fav,Successive Halving,58,36.3,1.087312731383618e-07
Park-Fav,Successive Halving,58,36.4,1.087312731383618e-07
Park-Fav,Successive Halving,58,37.4,1.087312731383618e-07
Park-Fav,Successive Halving,58,37.5,1.087312731383618e-07
Park-Fav,Successive Halving,58,38.5,1.087312731383618e-07
Park-Fav,Successive Halving,58,38.6,1.087312731383618e-07
Park-Fav,Successive Halving,58,39.6,1.087312731383618e-07
Park-Fav,Successive Halving,58,39.7,1.087312731383618e-07
Park-Fav,Successive Halving,58,40.7,1.087312731383618e-07
Park-Fav,Successive Halving,58,40.8,1.087312731383618e-07
Park-Fav,Successive Halving,58,41.8,1.087312731383618e-07
Park-Fav,Successive Halving,58,41.9,1.087312731383618e-07
Park-Fav,Successive Halving,58,42.9,1.087312731383618e-07
Park-Fav,Successive Halving,58,43.0,1.087312731383618e-07
Park-Fav,Successive Halving,58,44.0,1.087312731383618e-07
Park-Fav,Successive Halving,58,44.1,1.087312731383618e-07
Park-Fav,Successive Halving,58,45.1,1.087312731383618e-07
Park-Fav,Successive Halving,58,45.2,1.087312731383618e-07
Park-Fav,Successive Halving,58,46.2,1.087312731383618e-07
Park-Fav,Successive Halving,58,46.3,1.087312731383618e-07
Park-Fav,Successive Halving,58,47.3,1.087312731383618e-07
Park-Fav,Successive Halving,58,47.4,1.087312731383618e-07
Park-Fav,Successive Halving,58,48.4,1.087312731383618e-07
Park-Fav,Successive Halving,58,48.5,1.087312731383618e-07
Park-Fav,Successive Halving,58,49.5,1.087312731383618e-07
Park-Fav,Successive Halving,58,49.6,1.087312731383618e-07
Park-Fav,Successive Halving,59,0.1,inf
Park-Fav,Successive Halving,59,1.1,4.819144845445626
Park-Fav,Successive Halving,59,1.2,4.819144845445626
Park-Fav,Successive Halving,59,2.2,4.203936198032944
Park-Fav,Successive Halving,59,2.3,4.203936198032944
Park-Fav,Successive Halving,59,3.3,4.203936198032944
Park-Fav,Successive Halving,59,3.4,4.203936198032944
Park-Fav,Successive Halving,59,4.4,4.203936198032944
Park-Fav,Successive Halving,59,4.5,4.203936198032944
Park-Fav,Successive Halving,59,5.5,4.203936198032944
Park-Fav,Successive Halving,59,5.6,4.203936198032944
Park-Fav,Successive Halving,59,6.6,3.770484724871726
Park-Fav,Successive Halving,59,6.7,3.770484724871726
Park-Fav,Successive Halving,59,7.7,3.7704817451603536
Park-Fav,Successive Halving,59,7.8,3.7704817451603536
Park-Fav,Successive Halving,59,8.8,3.7704817451603536
Park-Fav,Successive Halving,59,8.9,3.7704817451603536
Park-Fav,Successive Halving,59,9.9,3.7704817451603536
Park-Fav,Successive Halving,59,10.0,3.7704817451603536
Park-Fav,Successive Halving,59,11.0,3.7704817451603536
Park-Fav,Successive Halving,59,11.1,3.7704817451603536
Park-Fav,Successive Halving,59,12.1,3.7704817451603536
Park-Fav,Successive Halving,59,12.2,3.7704817451603536
Park-Fav,Successive Halving,59,13.2,3.7704817451603536
Park-Fav,Successive Halving,59,13.3,3.7704817451603536
Park-Fav,Successive Halving,59,14.3,3.7704817451603536
Park-Fav,Successive Halving,59,14.4,3.7704817451603536
Park-Fav,Successive Halving,59,15.4,3.7704817451603536
Park-Fav,Successive Halving,59,15.5,3.7704817451603536
Park-Fav,Successive Halving,59,16.5,3.7704817451603536
Park-Fav,Successive Halving,59,16.6,3.7704817451603536
Park-Fav,Successive Halving,59,17.6,3.7704817451603536
Park-Fav,Successive Halving,59,17.7,3.7704817451603536
Park-Fav,Successive Halving,59,18.7,3.7704817451603536
Park-Fav,Successive Halving,59,18.8,3.7704817451603536
Park-Fav,Successive Halving,59,19.8,3.7704817451603536
Park-Fav,Successive Halving,59,19.9,3.7704817451603536
Park-Fav,Successive Halving,59,20.9,3.7704817451603536
Park-Fav,Successive Halving,59,21.0,3.7704817451603536
Park-Fav,Successive Halving,59,22.0,3.7704817451603536
Park-Fav,Successive Halving,59,22.1,3.7704817451603536
Park-Fav,Successive Halving,59,23.1,3.7704817451603536
Park-Fav,Successive Halving,59,23.2,3.7704817451603536
Park-Fav,Successive Halving,59,24.2,1.8121879671878183
Park-Fav,Successive Halving,59,24.3,1.8121879671878183
Park-Fav,Successive Halving,59,25.3,1.8121879671878183
Park-Fav,Successive Halving,59,25.4,1.8121879671878183
Park-Fav,Successive Halving,59,26.4,1.8121879671878183
Park-Fav,Successive Halving,59,26.5,1.8121879671878183
Park-Fav,Successive Halving,59,27.5,1.8121879671878183
Park-Fav,Successive Halving,59,27.6,1.8121879671878183
Park-Fav,Successive Halving,59,28.6,1.2568613017750787
Park-Fav,Successive Halving,59,28.7,1.2568613017750787
Park-Fav,Successive Halving,59,29.7,1.2568613017750787
Park-Fav,Successive Halving,59,29.8,1.2568613017750787
Park-Fav,Successive Halving,59,30.8,1.560885138775958e-07
Park-Fav,Successive Halving,59,30.9,1.560885138775958e-07
Park-Fav,Successive Halving,59,31.9,1.560885138775958e-07
Park-Fav,Successive Halving,59,32.0,1.560885138775958e-07
Park-Fav,Successive Halving,59,33.0,1.560885138775958e-07
Park-Fav,Successive Halving,59,33.1,1.560885138775958e-07
Park-Fav,Successive Halving,59,34.1,1.560885138775958e-07
Park-Fav,Successive Halving,59,34.2,1.560885138775958e-07
Park-Fav,Successive Halving,59,35.2,1.560885138775958e-07
Park-Fav,Successive Halving,59,35.3,1.560885138775958e-07
Park-Fav,Successive Halving,59,36.3,1.560885138775958e-07
Park-Fav,Successive Halving,59,36.4,1.560885138775958e-07
Park-Fav,Successive Halving,59,37.4,1.560885138775958e-07
Park-Fav,Successive Halving,59,37.5,1.560885138775958e-07
Park-Fav,Successive Halving,59,38.5,1.560885138775958e-07
Park-Fav,Successive Halving,59,38.6,1.560885138775958e-07
Park-Fav,Successive Halving,59,39.6,1.560885138775958e-07
Park-Fav,Successive Halving,59,39.7,1.560885138775958e-07
Park-Fav,Successive Halving,59,40.7,1.5248471779533417e-07
Park-Fav,Successive Halving,59,40.8,1.5248471779533417e-07
Park-Fav,Successive Halving,59,41.8,1.5248471779533417e-07
Park-Fav,Successive Halving,59,41.9,1.5248471779533417e-07
Park-Fav,Successive Halving,59,42.9,1.5248471779533417e-07
Park-Fav,Successive Halving,59,43.0,1.5248471779533417e-07
Park-Fav,Successive Halving,59,44.0,1.5248471779533417e-07
Park-Fav,Successive Halving,59,44.1,1.5248471779533417e-07
Park-Fav,Successive Halving,59,45.1,1.5248471779533417e-07
Park-Fav,Successive Halving,59,45.2,1.5248471779533417e-07
Park-Fav,Successive Halving,59,46.2,1.5248471779533417e-07
Park-Fav,Successive Halving,59,46.3,1.5248471779533417e-07
Park-Fav,Successive Halving,59,47.3,1.5248471779533417e-07
Park-Fav,Successive Halving,59,47.4,1.5248471779533417e-07
Park-Fav,Successive Halving,59,48.4,1.5248471779533417e-07
Park-Fav,Successive Halving,59,48.5,1.5248471779533417e-07
Park-Fav,Successive Halving,59,49.5,1.5248471779533417e-07
Park-Fav,Successive Halving,59,49.6,1.5248471779533417e-07
Park-Fav,Successive Halving,60,0.1,inf
Park-Fav,Successive Halving,60,1.1,12.900289510562493
Park-Fav,Successive Halving,60,1.2,12.900289510562493
Park-Fav,Successive Halving,60,2.2,3.624375771278727
Park-Fav,Successive Halving,60,2.3,3.624375771278727
Park-Fav,Successive Halving,60,3.3,3.624375771278727
Park-Fav,Successive Halving,60,3.4,3.624375771278727
Park-Fav,Successive Halving,60,4.4,3.624375771278727
Park-Fav,Successive Halving,60,4.5,3.624375771278727
Park-Fav,Successive Halving,60,5.5,3.624375771278727
Park-Fav,Successive Halving,60,5.6,3.624375771278727
Park-Fav,Successive Halving,60,6.6,3.624375771278727
Park-Fav,Successive Halving,60,6.7,3.624375771278727
Park-Fav,Successive Halving,60,7.7,3.624375771278727
Park-Fav,Successive Halving,60,7.8,3.624375771278727
Park-Fav,Successive Halving,60,8.8,3.624375771278727
Park-Fav,Successive Halving,60,8.9,3.624375771278727
Park-Fav,Successive Halving,60,9.9,3.3632839105300083
Park-Fav,Successive Halving,60,10.0,3.3632839105300083
Park-Fav,Successive Halving,60,11.0,3.3632839105300083
Park-Fav,Successive Halving,60,11.1,3.3632839105300083
Park-Fav,Successive Halving,60,12.1,3.3632839105300083
Park-Fav,Successive Halving,60,12.2,3.3632839105300083
Park-Fav,Successive Halving,60,13.2,3.3632839105300083
Park-Fav,Successive Halving,60,13.3,3.3632839105300083
Park-Fav,Successive Halving,60,14.3,3.3632839105300083
Park-Fav,Successive Halving,60,14.4,3.3632839105300083
Park-Fav,Successive Halving,60,15.4,3.3632839105300083
Park-Fav,Successive Halving,60,15.5,3.3632839105300083
Park-Fav,Successive Halving,60,16.5,2.586872597596253e-07
Park-Fav,Successive Halving,60,16.6,2.586872597596253e-07
Park-Fav,Successive Halving,60,17.6,2.586872597596253e-07
Park-Fav,Successive Halving,60,17.7,2.586872597596253e-07
Park-Fav,Successive Halving,60,18.7,2.586872597596253e-07
Park-Fav,Successive Halving,60,18.8,2.586872597596253e-07
Park-Fav,Successive Halving,60,19.8,2.070648425403671e-07
Park-Fav,Successive Halving,60,19.9,2.070648425403671e-07
Park-Fav,Successive Halving,60,20.9,2.070648425403671e-07
Park-Fav,Successive Halving,60,21.0,2.070648425403671e-07
Park-Fav,Successive Halving,60,22.0,2.070648425403671e-07
Park-Fav,Successive Halving,60,22.1,2.070648425403671e-07
Park-Fav,Successive Halving,60,23.1,2.070648425403671e-07
Park-Fav,Successive Halving,60,23.2,2.070648425403671e-07
Park-Fav,Successive Halving,60,24.2,2.070648425403671e-07
Park-Fav,Successive Halving,60,24.3,2.070648425403671e-07
Park-Fav,Successive Halving,60,25.3,2.070648425403671e-07
Park-Fav,Successive Halving,60,25.4,2.070648425403671e-07
Park-Fav,Successive Halving,60,26.4,2.070648425403671e-07
Park-Fav,Successive Halving,60,26.5,2.070648425403671e-07
Park-Fav,Successive Halving,60,27.5,2.070648425403671e-07
Park-Fav,Successive Halving,60,27.6,2.070648425403671e-07
Park-Fav,Successive Halving,60,28.6,2.070648425403671e-07
Park-Fav,Successive Halving,60,28.7,2.070648425403671e-07
Park-Fav,Successive Halving,60,29.7,2.070648425403671e-07
Park-Fav,Successive Halving,60,29.8,2.070648425403671e-07
Park-Fav,Successive Halving,60,30.8,2.070648425403671e-07
Park-Fav,Successive Halving,60,30.9,2.070648425403671e-07
Park-Fav,Successive Halving,60,31.9,2.070648425403671e-07
Park-Fav,Successive Halving,60,32.0,2.070648425403671e-07
Park-Fav,Successive Halving,60,33.0,2.070648425403671e-07
Park-Fav,Successive Halving,60,33.1,2.070648425403671e-07
Park-Fav,Successive Halving,60,34.1,2.070648425403671e-07
Park-Fav,Successive Halving,60,34.2,2.070648425403671e-07
Park-Fav,Successive Halving,60,35.2,2.070648425403671e-07
Park-Fav,Successive Halving,60,35.3,2.070648425403671e-07
Park-Fav,Successive Halving,60,36.3,2.070648425403671e-07
Park-Fav,Successive Halving,60,36.4,2.070648425403671e-07
Park-Fav,Successive Halving,60,37.4,2.070648425403671e-07
Park-Fav,Successive Halving,60,37.5,2.070648425403671e-07
Park-Fav,Successive Halving,60,38.5,2.070648425403671e-07
Park-Fav,Successive Halving,60,38.6,2.070648425403671e-07
Park-Fav,Successive Halving,60,39.6,2.070648425403671e-07
Park-Fav,Successive Halving,60,39.7,2.070648425403671e-07
Park-Fav,Successive Halving,60,40.7,2.070648425403671e-07
Park-Fav,Successive Halving,60,40.8,2.070648425403671e-07
Park-Fav,Successive Halving,60,41.8,2.070648425403671e-07
Park-Fav,Successive Halving,60,41.9,2.070648425403671e-07
Park-Fav,Successive Halving,60,42.9,2.070648425403671e-07
Park-Fav,Successive Halving,60,43.0,2.070648425403671e-07
Park-Fav,Successive Halving,60,44.0,1.1281375602258802e-07
Park-Fav,Successive Halving,60,44.1,1.1281375602258802e-07
Park-Fav,Successive Halving,60,45.1,1.1281375602258802e-07
Park-Fav,Successive Halving,60,45.2,1.1281375602258802e-07
Park-Fav,Successive Halving,60,46.2,1.1281375602258802e-07
Park-Fav,Successive Halving,60,46.3,1.1281375602258802e-07
Park-Fav,Successive Halving,60,47.3,1.1281375602258802e-07
Park-Fav,Successive Halving,60,47.4,1.1281375602258802e-07
Park-Fav,Successive Halving,60,48.4,1.1281375602258802e-07
Park-Fav,Successive Halving,60,48.5,1.1281375602258802e-07
Park-Fav,Successive Halving,60,49.5,1.1281375602258802e-07
Park-Fav,Successive Halving,60,49.6,1.1281375602258802e-07
Park-Fav,Successive Halving,61,0.1,inf
Park-Fav,Successive Halving,61,1.1,9.46918770028951
Park-Fav,Successive Halving,61,1.2,9.46918770028951
Park-Fav,Successive Halving,61,2.2,5.43658725432683
Park-Fav,Successive Halving,61,2.3,5.43658725432683
Park-Fav,Successive Halving,61,3.3,2.513678394584907
Park-Fav,Successive Halving,61,3.4,2.513678394584907
Park-Fav,Successive Halving,61,4.4,1.1161802446987618e-07
Park-Fav,Successive Halving,61,4.5,1.1161802446987618e-07
Park-Fav,Successive Halving,61,5.5,1.1161802446987618e-07
Park-Fav,Successive Halving,61,5.6,1.1161802446987618e-07
Park-Fav,Successive Halving,61,6.6,1.1161802446987618e-07
Park-Fav,Successive Halving,61,6.7,1.1161802446987618e-07
Park-Fav,Successive Halving,61,7.7,1.1161802446987618e-07
Park-Fav,Successive Halving,61,7.8,1.1161802446987618e-07
Park-Fav,Successive Halving,61,8.8,1.1161802446987618e-07
Park-Fav,Successive Halving,61,8.9,1.1161802446987618e-07
Park-Fav,Successive Halving,61,9.9,1.1161802446987618e-07
Park-Fav,Successive Halving,61,10.0,1.1161802446987618e-07
Park-Fav,Successive Halving,61,11.0,1.1161802446987618e-07
Park-Fav,Successive Halving,61,11.1,1.1161802446987618e-07
Park-Fav,Successive Halving,61,12.1,1.1161802446987618e-07
Park-Fav,Successive Halving,61,12.2,1.1161802446987618e-07
Park-Fav,Successive Halving,61,13.2,1.1161802446987618e-07
Park-Fav,Successive Halving,61,13.3,1.1161802446987618e-07
Park-Fav,Successive Halving,61,14.3,1.1161802446987618e-07
Park-Fav,Successive Halving,61,14.4,1.1161802446987618e-07
Park-Fav,Successive Halving,61,15.4,1.1161802446987618e-07
Park-Fav,Successive Halving,61,15.5,1.1161802446987618e-07
Park-Fav,Successive Halving,61,16.5,1.1161802446987618e-07
Park-Fav,Successive Halving,61,16.6,1.1161802446987618e-07
Park-Fav,Successive Halving,61,17.6,1.1161802446987618e-07
Park-Fav,Successive Halving,61,17.7,1.1161802446987618e-07
Park-Fav,Successive Halving,61,18.7,1.1161802446987618e-07
Park-Fav,Successive Halving,61,18.8,1.1161802446987618e-07
Park-Fav,Successive Halving,61,19.8,1.1161802446987618e-07
Park-Fav,Successive Halving,61,19.9,1.1161802446987618e-07
Park-Fav,Successive Halving,61,20.9,1.1161802446987618e-07
Park-Fav,Successive Halving,61,21.0,1.1161802446987618e-07
Park-Fav,Successive Halving,61,22.0,1.1161802446987618e-07
Park-Fav,Successive Halving,61,22.1,1.1161802446987618e-07
Park-Fav,Successive Halving,61,23.1,1.1161802446987618e-07
Park-Fav,Successive Halving,61,23.2,1.1161802446987618e-07
Park-Fav,Successive Halving,61,24.2,1.1161802446987618e-07
Park-Fav,Successive Halving,61,24.3,1.1161802446987618e-07
Park-Fav,Successive Halving,61,25.3,1.1161802446987618e-07
Park-Fav,Successive Halving,61,25.4,1.1161802446987618e-07
Park-Fav,Successive Halving,61,26.4,1.1161802446987618e-07
Park-Fav,Successive Halving,61,26.5,1.1161802446987618e-07
Park-Fav,Successive Halving,61,27.5,1.1161802446987618e-07
Park-Fav,Successive Halving,61,27.6,1.1161802446987618e-07
Park-Fav,Successive Halving,61,28.6,1.1161802446987618e-07
Park-Fav,Successive Halving,61,28.7,1.1161802446987618e-07
Park-Fav,Successive Halving,61,29.7,1.1161802446987618e-07
Park-Fav,Successive Halving,61,29.8,1.1161802446987618e-07
Park-Fav,Successive Halving,61,30.8,1.1161802446987618e-07
Park-Fav,Successive Halving,61,30.9,1.1161802446987618e-07
Park-Fav,Successive Halving,61,31.9,1.1161802446987618e-07
Park-Fav,Successive Halving,61,32.0,1.1161802446987618e-07
Park-Fav,Successive Halving,61,33.0,1.1161802446987618e-07
Park-Fav,Successive Halving,61,33.1,1.1161802446987618e-07
Park-Fav,Successive Halving,61,34.1,1.1161802446987618e-07
Park-Fav,Successive Halving,61,34.2,1.1161802446987618e-07
Park-Fav,Successive Halving,61,35.2,1.1161802446987618e-07
Park-Fav,Successive Halving,61,35.3,1.1161802446987618e-07
Park-Fav,Successive Halving,61,36.3,1.1161802446987618e-07
Park-Fav,Successive Halving,61,36.4,1.1161802446987618e-07
Park-Fav,Successive Halving,61,37.4,1.1161802446987618e-07
Park-Fav,Successive Halving,61,37.5,1.1161802446987618e-07
Park-Fav,Successive Halving,61,38.5,1.1161802446987618e-07
Park-Fav,Successive Halving,61,38.6,1.1161802446987618e-07
Park-Fav,Successive Halving,61,39.6,1.1161802446987618e-07
Park-Fav,Successive Halving,61,39.7,1.1161802446987618e-07
Park-Fav,Successive Halving,61,40.7,1.1161802446987618e-07
Park-Fav,Successive Halving,61,40.8,1.1161802446987618e-07
Park-Fav,Successive Halving,61,41.8,1.1161802446987618e-07
Park-Fav,Successive Halving,61,41.9,1.1161802446987618e-07
Park-Fav,Successive Halving,61,42.9,1.1161802446987618e-07
Park-Fav,Successive Halving,61,43.0,1.1161802446987618e-07
Park-Fav,Successive Halving,61,44.0,1.1161802446987618e-07
Park-Fav,Successive Halving,61,44.1,1.1161802446987618e-07
Park-Fav,Successive Halving,61,45.1,1.1161802446987618e-07
Park-Fav,Successive Halving,61,45.2,1.1161802446987618e-07
Park-Fav,Successive Halving,61,46.2,1.1161802446987618e-07
Park-Fav,Successive Halving,61,46.3,1.1161802446987618e-07
Park-Fav,Successive Halving,61,47.3,1.1161802446987618e-07
Park-Fav,Successive Halving,61,47.4,1.1161802446987618e-07
Park-Fav,Successive Halving,61,48.4,1.1161802446987618e-07
Park-Fav,Successive Halving,61,48.5,1.1161802446987618e-07
Park-Fav,Successive Halving,61,49.5,1.1161802446987618e-07
Park-Fav,Successive Halving,61,49.6,1.1161802446987618e-07
