Params,Error
"[44, 0.18267517857183813, 0.21969781889283144, 0.3670281157750505, 0.2747484948515432, 316.471503981571, 0.6362835635754234, 0.16686161745711625]",'HXutility' object has no attribute '_inlet_cost'
Params,Error
"[12, 0.14157421124829825, 0.419138314674348, 0.8225017513507228, 0.59622950529424, 288.3882638529736, 0.3133188764990661, 0.9634977940762389]",'MESHDistillation' object has no attribute '_inlet_cost'
